case_id,energy_ev,grazing_angle_deg,order,efficiency,diffraction_angle_deg
mono-00000000,50.0,4.882210444916382,-15,1.2056598617554735e-06,39.35717589304749
mono-00000000,50.0,4.882210444916382,-14,1.223542492033295e-06,37.99305547589054
mono-00000000,50.0,4.882210444916382,-13,6.41246804165153e-07,36.58601610094391
mono-00000000,50.0,4.882210444916382,-12,1.7529946206870398e-07,35.13079299479552
mono-00000000,50.0,4.882210444916382,-11,1.310831023011889e-06,33.62101937342901
mono-00000000,50.0,4.882210444916382,-10,6.088091310391984e-06,32.048873041242494
mono-00000000,50.0,4.882210444916382,-9,1.5225882859663374e-05,30.40456269536064
mono-00000000,50.0,4.882210444916382,-8,2.686862469995334e-05,28.67555502672584
mono-00000000,50.0,4.882210444916382,-7,3.2943113746797666e-05,26.845362344785208
mono-00000000,50.0,4.882210444916382,-6,2.312435814893587e-05,24.891540467525004
mono-00000000,50.0,4.882210444916382,-5,3.269533974316027e-06,22.782159617209814
mono-00000000,50.0,4.882210444916382,-4,6.608827256018857e-05,20.4690268073318
mono-00000000,50.0,4.882210444916382,-3,0.0006827801641234297,17.873031299663296
mono-00000000,50.0,4.882210444916382,-2,0.0043707755367261006,14.84631822360413
mono-00000000,50.0,4.882210444916382,-1,0.03735856909028048,11.039869990023348
mono-00000000,50.0,4.882210444916382,0,0.7094168910361439,4.8822104449164385
mono-00000000,50.0,4.882210444916382,1,0.0,0.0
mono-00000000,50.0,4.882210444916382,2,0.0,0.0
mono-00000000,50.0,4.882210444916382,3,0.0,0.0
mono-00000000,50.0,4.882210444916382,4,0.0,0.0
mono-00000000,50.0,4.882210444916382,5,0.0,0.0
mono-00000000,50.0,4.882210444916382,6,0.0,0.0
mono-00000000,50.0,4.882210444916382,7,0.0,0.0
mono-00000000,50.0,4.882210444916382,8,0.0,0.0
mono-00000000,50.0,4.882210444916382,9,0.0,0.0
mono-00000000,50.0,4.882210444916382,10,0.0,0.0
mono-00000000,50.0,4.882210444916382,11,0.0,0.0
mono-00000000,50.0,4.882210444916382,12,0.0,0.0
mono-00000000,50.0,4.882210444916382,13,0.0,0.0
mono-00000000,50.0,4.882210444916382,14,0.0,0.0
mono-00000000,50.0,4.882210444916382,15,0.0,0.0
mono-00000001,60.0,4.460078275584507,-15,1.36460619199841e-06,35.80607820915521
mono-00000001,60.0,4.460078275584507,-14,1.782572048321495e-06,34.573414766794244
mono-00000001,60.0,4.460078275584507,-13,1.3405660537324206e-06,33.30100205118334
mono-00000001,60.0,4.460078275584507,-12,3.969111826506799e-07,31.98403084289265
mono-00000001,60.0,4.460078275584507,-11,6.346857598457171e-07,30.616684342192045
mono-00000001,60.0,4.460078275584507,-10,4.8598695519781655e-06,29.191815272729364
mono-00000001,60.0,4.460078275584507,-9,1.533192364252988e-05,27.700476566327488
mono-00000001,60.0,4.460078275584507,-8,3.1740945746777466e-05,26.131215301714974
mono-00000001,60.0,4.460078275584507,-7,4.541024328146888e-05,24.468965277133137
mono-00000001,60.0,4.460078275584507,-6,4.053175385968299e-05,22.69321839783123
mono-00000001,60.0,4.460078275584507,-5,1.1462746635952396e-05,20.774801751430644
mono-00000001,60.0,4.460078275584507,-4,4.074556973456441e-05,18.66968876896746
mono-00000001,60.0,4.460078275584507,-3,0.0006464081029413352,16.305619618678378
mono-00000001,60.0,4.460078275584507,-2,0.004842475055621293,13.547571763561336
mono-00000001,60.0,4.460078275584507,-1,0.04614055181294129,10.076914217451701
mono-00000001,60.0,4.460078275584507,0,0.7078173779082457,4.460078275584621
mono-00000001,60.0,4.460078275584507,1,0.0,0.0
mono-00000001,60.0,4.460078275584507,2,0.0,0.0
mono-00000001,60.0,4.460078275584507,3,0.0,0.0
mono-00000001,60.0,4.460078275584507,4,0.0,0.0
mono-00000001,60.0,4.460078275584507,5,0.0,0.0
mono-00000001,60.0,4.460078275584507,6,0.0,0.0
mono-00000001,60.0,4.460078275584507,7,0.0,0.0
mono-00000001,60.0,4.460078275584507,8,0.0,0.0
mono-00000001,60.0,4.460078275584507,9,0.0,0.0
mono-00000001,60.0,4.460078275584507,10,0.0,0.0
mono-00000001,60.0,4.460078275584507,11,0.0,0.0
mono-00000001,60.0,4.460078275584507,12,0.0,0.0
mono-00000001,60.0,4.460078275584507,13,0.0,0.0
mono-00000001,60.0,4.460078275584507,14,0.0,0.0
mono-00000001,60.0,4.460078275584507,15,0.0,0.0
mono-00000002,70.0,4.131377466515062,-15,1.63361858306598e-06,33.0706214750243
mono-00000002,70.0,4.131377466515062,-14,2.6514973335038947e-06,31.937517897512507
mono-00000002,70.0,4.131377466515062,-13,2.586945046089549e-06,30.76726145439183
mono-00000002,70.0,4.131377466515062,-12,1.1878259042732698e-06,29.55539604242768
mono-00000002,70.0,4.131377466515062,-11,3.1126622632772105e-07,28.296531709120067
mono-00000002,70.0,4.131377466515062,-10,3.883923753101671e-06,26.9840455146446
mono-00000002,70.0,4.131377466515062,-9,1.6534011123390106e-05,25.609646775962744
mono-00000002,70.0,4.131377466515062,-8,4.044345639065814e-05,24.162723042048484
mono-00000002,70.0,4.131377466515062,-7,6.619305993312878e-05,22.629314355717582
mono-00000002,70.0,4.131377466515062,-6,7.016485717738002e-05,20.990419654871076
mono-00000002,70.0,4.131377466515062,-5,3.1423788024328646e-05,19.2190120489702
mono-00000002,70.0,4.131377466515062,-4,2.380949409743231e-05,17.274307894406206
mono-00000002,70.0,4.131377466515062,-3,0.000653062013639698,15.0893784092614
mono-00000002,70.0,4.131377466515062,-2,0.00571125507643584,12.539182354894109
mono-00000002,70.0,4.131377466515062,-1,0.05948157204456168,9.328707904956914
mono-00000002,70.0,4.131377466515062,0,0.7381137820192801,4.13137746651509
mono-00000002,70.0,4.131377466515062,1,0.0,0.0
mono-00000002,70.0,4.131377466515062,2,0.0,0.0
mono-00000002,70.0,4.131377466515062,3,0.0,0.0
mono-00000002,70.0,4.131377466515062,4,0.0,0.0
mono-00000002,70.0,4.131377466515062,5,0.0,0.0
mono-00000002,70.0,4.131377466515062,6,0.0,0.0
mono-00000002,70.0,4.131377466515062,7,0.0,0.0
mono-00000002,70.0,4.131377466515062,8,0.0,0.0
mono-00000002,70.0,4.131377466515062,9,0.0,0.0
mono-00000002,70.0,4.131377466515062,10,0.0,0.0
mono-00000002,70.0,4.131377466515062,11,0.0,0.0
mono-00000002,70.0,4.131377466515062,12,0.0,0.0
mono-00000002,70.0,4.131377466515062,13,0.0,0.0
mono-00000002,70.0,4.131377466515062,14,0.0,0.0
mono-00000002,70.0,4.131377466515062,15,0.0,0.0
mono-00000008,130.0,3.0359591967962984,-15,7.397522215977196e-07,24.10981937092268
mono-00000008,130.0,3.0359591967962984,-14,2.0077360816996054e-06,23.294211517840708
mono-00000008,130.0,3.0359591967962984,-13,4.796338441826872e-06,22.45069665383106
mono-00000008,130.0,3.0359591967962984,-12,7.297371780669045e-06,21.57599352135054
mono-00000008,130.0,3.0359591967962984,-11,8.100118647338093e-06,20.66613359826208
mono-00000008,130.0,3.0359591967962984,-10,5.487513877527383e-06,19.716241185272168
mono-00000008,130.0,3.0359591967962984,-9,1.569332292625e-06,18.720213852893707
mono-00000008,130.0,3.0359591967962984,-8,1.3543142670398884e-05,17.670241814744543
mono-00000008,130.0,3.0359591967962984,-7,7.676787091509192e-05,16.55605428943106
mono-00000008,130.0,3.0359591967962984,-6,0.00019931409451463076,15.363675430467808
mono-00000008,130.0,3.0359591967962984,-5,0.00029251963227246315,14.073232329200707
mono-00000008,130.0,3.0359591967962984,-4,0.00016543950284357575,12.654747239280852
mono-00000008,130.0,3.0359591967962984,-3,0.00012497589705179433,11.059044328222129
mono-00000008,130.0,3.0359591967962984,-2,0.006382556092925843,9.194293459983172
mono-00000008,130.0,3.0359591967962984,-1,0.1322260139077992,6.843975836835142
mono-00000008,130.0,3.0359591967962984,0,0.7569600790395904,3.0359591967962842
mono-00000008,130.0,3.0359591967962984,1,0.0,0.0
mono-00000008,130.0,3.0359591967962984,2,0.0,0.0
mono-00000008,130.0,3.0359591967962984,3,0.0,0.0
mono-00000008,130.0,3.0359591967962984,4,0.0,0.0
mono-00000008,130.0,3.0359591967962984,5,0.0,0.0
mono-00000008,130.0,3.0359591967962984,6,0.0,0.0
mono-00000008,130.0,3.0359591967962984,7,0.0,0.0
mono-00000008,130.0,3.0359591967962984,8,0.0,0.0
mono-00000008,130.0,3.0359591967962984,9,0.0,0.0
mono-00000008,130.0,3.0359591967962984,10,0.0,0.0
mono-00000008,130.0,3.0359591967962984,11,0.0,0.0
mono-00000008,130.0,3.0359591967962984,12,0.0,0.0
mono-00000008,130.0,3.0359591967962984,13,0.0,0.0
mono-00000008,130.0,3.0359591967962984,14,0.0,0.0
mono-00000008,130.0,3.0359591967962984,15,0.0,0.0
mono-00000006,110.0,3.299431776020711,-15,1.1500264681990857e-06,26.24592372554025
mono-00000006,110.0,3.299431776020711,-14,3.0914590351013497e-06,25.355688783801895
mono-00000006,110.0,3.299431776020711,-13,5.932902517476036e-06,24.435255303234143
mono-00000006,110.0,3.299431776020711,-12,7.469075695968673e-06,23.481059268431665
mono-00000006,110.0,3.299431776020711,-11,5.9216107832445545e-06,22.4887899897504
mono-00000006,110.0,3.299431776020711,-10,1.4618598186621645e-06,21.453151127851555
mono-00000006,110.0,3.299431776020711,-9,3.761220768578774e-06,20.36751342650922
mono-00000006,110.0,3.299431776020711,-8,3.2702242378248656e-05,19.223392380404917
mono-00000006,110.0,3.299431776020711,-7,0.00010290452194322202,18.00962916595745
mono-00000006,110.0,3.299431776020711,-6,0.00019000140276160583,16.711038499230995
mono-00000006,110.0,3.299431776020711,-5,0.00020544292016754125,15.306026104981413
mono-00000006,110.0,3.299431776020711,-4,6.185610134983655e-05,13.762014947609217
mono-00000006,110.0,3.299431776020711,-3,0.0003119736007965923,12.025560449633545
mono-00000006,110.0,3.299431776020711,-2,0.006883472033043925,9.996850591108881
mono-00000006,110.0,3.299431776020711,-1,0.11026697652316476,7.440514339748816
mono-00000006,110.0,3.299431776020711,0,0.7680473077465475,3.299431776020697
mono-00000006,110.0,3.299431776020711,1,0.0,0.0
mono-00000006,110.0,3.299431776020711,2,0.0,0.0
mono-00000006,110.0,3.299431776020711,3,0.0,0.0
mono-00000006,110.0,3.299431776020711,4,0.0,0.0
mono-00000006,110.0,3.299431776020711,5,0.0,0.0
mono-00000006,110.0,3.299431776020711,6,0.0,0.0
mono-00000006,110.0,3.299431776020711,7,0.0,0.0
mono-00000006,110.0,3.299431776020711,8,0.0,0.0
mono-00000006,110.0,3.299431776020711,9,0.0,0.0
mono-00000006,110.0,3.299431776020711,10,0.0,0.0
mono-00000006,110.0,3.299431776020711,11,0.0,0.0
mono-00000006,110.0,3.299431776020711,12,0.0,0.0
mono-00000006,110.0,3.299431776020711,13,0.0,0.0
mono-00000006,110.0,3.299431776020711,14,0.0,0.0
mono-00000006,110.0,3.299431776020711,15,0.0,0.0
mono-00000005,100.0,3.4597886358489376,-15,1.3968434012140561e-06,27.55150457761767
mono-00000005,100.0,3.4597886358489376,-14,3.580318147850344e-06,26.615356236291404
mono-00000005,100.0,3.4597886358489376,-13,6.069896039364601e-06,25.64763318799531
mono-00000005,100.0,3.4597886358489376,-12,6.303230576287549e-06,24.644599436632348
mono-00000005,100.0,3.4597886358489376,-11,3.523329525333334e-06,23.601736181685467
mono-00000005,100.0,3.4597886358489376,-10,5.39050061939161e-07,22.513491242846484
mono-00000005,100.0,3.4597886358489376,-9,7.890090873068631e-06,21.37291492692644
mono-00000005,100.0,3.4597886358489376,-8,4.114283594296907e-05,20.171112312553987
mono-00000005,100.0,3.4597886358489376,-7,0.0001047246666769811,18.896384353734845
mono-00000005,100.0,3.4597886358489376,-6,0.00016744602516482123,17.532809948076263
mono-00000005,100.0,3.4597886358489376,-5,0.00015387660806771413,16.057747403112614
mono-00000005,100.0,3.4597886358489376,-4,2.959103187100329e-05,14.437037810470486
mono-00000005,100.0,3.4597886358489376,-3,0.0004156526619357277,12.614638220790383
mono-00000005,100.0,3.4597886358489376,-2,0.006849630026955354,10.485876910763949
mono-00000005,100.0,3.4597886358489376,-1,0.09770335355906509,7.803901088629232
mono-00000005,100.0,3.4597886358489376,0,0.7663393943765385,3.4597886358487813
mono-00000005,100.0,3.4597886358489376,1,0.0,0.0
mono-00000005,100.0,3.4597886358489376,2,0.0,0.0
mono-00000005,100.0,3.4597886358489376,3,0.0,0.0
mono-00000005,100.0,3.4597886358489376,4,0.0,0.0
mono-00000005,100.0,3.4597886358489376,5,0.0,0.0
mono-00000005,100.0,3.4597886358489376,6,0.0,0.0
mono-00000005,100.0,3.4597886358489376,7,0.0,0.0
mono-00000005,100.0,3.4597886358489376,8,0.0,0.0
mono-00000005,100.0,3.4597886358489376,9,0.0,0.0
mono-00000005,100.0,3.4597886358489376,10,0.0,0.0
mono-00000005,100.0,3.4597886358489376,11,0.0,0.0
mono-00000005,100.0,3.4597886358489376,12,0.0,0.0
mono-00000005,100.0,3.4597886358489376,13,0.0,0.0
mono-00000005,100.0,3.4597886358489376,14,0.0,0.0
mono-00000005,100.0,3.4597886358489376,15,0.0,0.0
mono-00000004,90.0,3.646055135674729,-15,1.6005593225586936e-06,29.073633415454815
mono-00000004,90.0,3.646055135674729,-14,3.6451850505884254e-06,28.083646496570992
mono-00000004,90.0,3.646055135674729,-13,5.1910188309430965e-06,27.06050594476207
mono-00000004,90.0,3.646055135674729,-12,4.282251022702e-06,26.000276062423573
mono-00000004,90.0,3.646055135674729,-11,1.5329826840542506e-06,24.89819640867198
mono-00000004,90.0,3.646055135674729,-10,1.077186281491846e-06,23.748417752004258
mono-00000004,90.0,3.646055135674729,-9,1.195835836608922e-05,22.543618347797306
mono-00000004,90.0,3.646055135674729,-8,4.4422497035193604e-05,21.274426738509348
mono-00000004,90.0,3.646055135674729,-7,9.555215114088312e-05,19.928516590524197
mono-00000004,90.0,3.646055135674729,-6,0.00013380879202631564,18.489112328263687
mono-00000004,90.0,3.646055135674729,-5,0.0001025024390331803,16.932355815385222
mono-00000004,90.0,3.646055135674729,-4,1.3099603950267563e-05,15.222250759499545
mono-00000004,90.0,3.646055135674729,-3,0.0005052842584476277,13.299735658833981
mono-00000004,90.0,3.646055135674729,-2,0.006541925933687838,11.054492100755184
mono-00000004,90.0,3.646055135674729,-1,0.08385877839426589,8.226322456475728
mono-00000004,90.0,3.646055135674729,0,0.755495855238881,3.6460551356747573
mono-00000004,90.0,3.646055135674729,1,0.0,0.0
mono-00000004,90.0,3.646055135674729,2,0.0,0.0
mono-00000004,90.0,3.646055135674729,3,0.0,0.0
mono-00000004,90.0,3.646055135674729,4,0.0,0.0
mono-00000004,90.0,3.646055135674729,5,0.0,0.0
mono-00000004,90.0,3.646055135674729,6,0.0,0.0
mono-00000004,90.0,3.646055135674729,7,0.0,0.0
mono-00000004,90.0,3.646055135674729,8,0.0,0.0
mono-00000004,90.0,3.646055135674729,9,0.0,0.0
mono-00000004,90.0,3.646055135674729,10,0.0,0.0
mono-00000004,90.0,3.646055135674729,11,0.0,0.0
mono-00000004,90.0,3.646055135674729,12,0.0,0.0
mono-00000004,90.0,3.646055135674729,13,0.0,0.0
mono-00000004,90.0,3.646055135674729,14,0.0,0.0
mono-00000004,90.0,3.646055135674729,15,0.0,0.0
mono-00000007,120.0,3.1594860723062226,-15,9.017291798397747e-07,25.10996792171862
mono-00000007,120.0,3.1594860723062226,-14,2.569004992077811e-06,24.25949236392441
mono-00000007,120.0,3.1594860723062226,-13,5.374611893716836e-06,23.380030969924377
mono-00000007,120.0,3.1594860723062226,-12,7.4808961875747886e-06,22.468169880160104
mono-00000007,120.0,3.1594860723062226,-11,7.4762255411337845e-06,21.519780109867853
mono-00000007,120.0,3.1594860723062226,-10,3.5151170696822545e-06,20.529788698459924
mono-00000007,120.0,3.1594860723062226,-9,1.511272793197037e-06,19.491846162500963
mono-00000007,120.0,3.1594860723062226,-8,2.2341240781048527e-05,18.397826315701977
mono-00000007,120.0,3.1594860723062226,-7,9.172835199830625e-05,17.237041954990033
mono-00000007,120.0,3.1594860723062226,-6,0.00019885477156324444,15.994950125198528
mono-00000007,120.0,3.1594860723062226,-5,0.0002509740865893136,14.6508708012161
mono-00000007,120.0,3.1594860723062226,-4,0.00010748317421589392,13.173607544754105
mono-00000007,120.0,3.1594860723062226,-3,0.00021021178835962218,11.511983224674594
mono-00000007,120.0,3.1594860723062226,-2,0.006681071409149663,9.570425879454817
mono-00000007,120.0,3.1594860723062226,-1,0.12132777119249923,7.123579904103991
mono-00000007,120.0,3.1594860723062226,0,0.7627501752783963,3.15948607230618
mono-00000007,120.0,3.1594860723062226,1,0.0,0.0
mono-00000007,120.0,3.1594860723062226,2,0.0,0.0
mono-00000007,120.0,3.1594860723062226,3,0.0,0.0
mono-00000007,120.0,3.1594860723062226,4,0.0,0.0
mono-00000007,120.0,3.1594860723062226,5,0.0,0.0
mono-00000007,120.0,3.1594860723062226,6,0.0,0.0
mono-00000007,120.0,3.1594860723062226,7,0.0,0.0
mono-00000007,120.0,3.1594860723062226,8,0.0,0.0
mono-00000007,120.0,3.1594860723062226,9,0.0,0.0
mono-00000007,120.0,3.1594860723062226,10,0.0,0.0
mono-00000007,120.0,3.1594860723062226,11,0.0,0.0
mono-00000007,120.0,3.1594860723062226,12,0.0,0.0
mono-00000007,120.0,3.1594860723062226,13,0.0,0.0
mono-00000007,120.0,3.1594860723062226,14,0.0,0.0
mono-00000007,120.0,3.1594860723062226,15,0.0,0.0
mono-00000003,80.0,3.866055194813839,-15,1.6146581036639755e-06,30.87968896660049
mono-00000003,80.0,3.866055194813839,-14,3.121687087519146e-06,29.825360079569926
mono-00000003,80.0,3.866055194813839,-13,3.731486438935824e-06,28.736042658833014
mono-00000003,80.0,3.866055194813839,-12,2.4154426165970767e-06,27.60756516051228
mono-00000003,80.0,3.866055194813839,-11,5.314115770072255e-07,26.43488180701815
mono-00000003,80.0,3.866055194813839,-10,2.2184749193011204e-06,25.211792630934383
mono-00000003,80.0,3.866055194813839,-9,1.4169568040069734e-05,23.930536617486297
mono-00000003,80.0,3.866055194813839,-8,4.2119835842505257e-05,22.581179680023908
mono-00000003,80.0,3.866055194813839,-7,7.923863379788393e-05,21.150654844349972
mono-00000003,80.0,3.866055194813839,-6,9.776227366637598e-05,19.621177584596325
mono-00000003,80.0,3.866055194813839,-5,6.003815394704824e-05,17.967453251104274
mono-00000003,80.0,3.866055194813839,-4,1.18376463706696e-05,16.15131545139141
mono-00000003,80.0,3.866055194813839,-3,0.0005765842806905739,14.110136870739566
mono-00000003,80.0,3.866055194813839,-2,0.00608549473594971,11.72692708100648
mono-00000003,80.0,3.866055194813839,-1,0.07051039272951803,8.725715137544142
mono-00000003,80.0,3.866055194813839,0,0.7423662723236645,3.8660551948138817
mono-00000003,80.0,3.866055194813839,1,0.0,0.0
mono-00000003,80.0,3.866055194813839,2,0.0,0.0
mono-00000003,80.0,3.866055194813839,3,0.0,0.0
mono-00000003,80.0,3.866055194813839,4,0.0,0.0
mono-00000003,80.0,3.866055194813839,5,0.0,0.0
mono-00000003,80.0,3.866055194813839,6,0.0,0.0
mono-00000003,80.0,3.866055194813839,7,0.0,0.0
mono-00000003,80.0,3.866055194813839,8,0.0,0.0
mono-00000003,80.0,3.866055194813839,9,0.0,0.0
mono-00000003,80.0,3.866055194813839,10,0.0,0.0
mono-00000003,80.0,3.866055194813839,11,0.0,0.0
mono-00000003,80.0,3.866055194813839,12,0.0,0.0
mono-00000003,80.0,3.866055194813839,13,0.0,0.0
mono-00000003,80.0,3.866055194813839,14,0.0,0.0
mono-00000003,80.0,3.866055194813839,15,0.0,0.0
mono-00000014,190.0,2.5125806938829527,-15,4.603265929580959e-07,19.896107132150604
mono-00000014,190.0,2.5125806938829527,-14,5.748334155283173e-07,19.2261094066629
mono-00000014,190.0,2.5125806938829527,-13,1.543473748098153e-06,18.53285153739826
mono-00000014,190.0,2.5125806938829527,-12,3.197798257460094e-06,17.813614902046297
mono-00000014,190.0,2.5125806938829527,-11,5.362480974166276e-06,17.065111781196592
mono-00000014,190.0,2.5125806938829527,-10,6.521440051854897e-06,16.28330332693814
mono-00000014,190.0,2.5125806938829527,-9,5.648168724085154e-06,15.463135073417504
mono-00000014,190.0,2.5125806938829527,-8,3.976379501490798e-06,14.598139158177688
mono-00000014,190.0,2.5125806938829527,-7,1.3362630737111166e-05,13.67981063982728
mono-00000014,190.0,2.5125806938829527,-6,6.216658356695702e-05,12.696578034862839
mono-00000014,190.0,2.5125806938829527,-5,0.0001885722763395109,11.631989602646215
mono-00000014,190.0,2.5125806938829527,-4,0.00035093965159615104,10.461232046430993
mono-00000014,190.0,2.5125806938829527,-3,0.000171256366028375,9.143608019228097
mono-00000014,190.0,2.5125806938829527,-2,0.0016529750480727542,7.6031342270988205
mono-00000014,190.0,2.5125806938829527,-1,0.1257281617175814,5.660699319646909
mono-00000014,190.0,2.5125806938829527,0,0.5777700806010568,2.5125806938829527
mono-00000014,190.0,2.5125806938829527,1,0.0,0.0
mono-00000014,190.0,2.5125806938829527,2,0.0,0.0
mono-00000014,190.0,2.5125806938829527,3,0.0,0.0
mono-00000014,190.0,2.5125806938829527,4,0.0,0.0
mono-00000014,190.0,2.5125806938829527,5,0.0,0.0
mono-00000014,190.0,2.5125806938829527,6,0.0,0.0
mono-00000014,190.0,2.5125806938829527,7,0.0,0.0
mono-00000014,190.0,2.5125806938829527,8,0.0,0.0
mono-00000014,190.0,2.5125806938829527,9,0.0,0.0
mono-00000014,190.0,2.5125806938829527,10,0.0,0.0
mono-00000014,190.0,2.5125806938829527,11,0.0,0.0
mono-00000014,190.0,2.5125806938829527,12,0.0,0.0
mono-00000014,190.0,2.5125806938829527,13,0.0,0.0
mono-00000014,190.0,2.5125806938829527,14,0.0,0.0
mono-00000014,190.0,2.5125806938829527,15,0.0,0.0
mono-00000010,150.0,2.8269543357290416,-15,6.008250947659441e-07,22.422690843736405
mono-00000010,150.0,2.8269543357290416,-14,1.3003720346116462e-06,21.665623540036606
mono-00000010,150.0,2.8269543357290416,-13,3.1558136285142128e-06,20.882491051262335
mono-00000010,150.0,2.8269543357290416,-12,5.661295293049102e-06,20.07023663547733
mono-00000010,150.0,2.8269543357290416,-11,7.92088861610728e-06,19.225163451937192
mono-00000010,150.0,2.8269543357290416,-10,7.075482919219999e-06,18.342729773820338
mono-00000010,150.0,2.8269543357290416,-9,3.859405331629206e-06,17.417251422516074
mono-00000010,150.0,2.8269543357290416,-8,5.277915495357046e-06,16.44145422494428
mono-00000010,150.0,2.8269543357290416,-7,3.789955030520547e-05,15.405772274683528
mono-00000010,150.0,2.8269543357290416,-6,0.00015423762986442198,14.297189573566072
mono-00000010,150.0,2.8269543357290416,-5,0.0003266616224824825,13.097199127842131
mono-00000010,150.0,2.8269543357290416,-4,0.0003018335028602641,11.77788536573621
mono-00000010,150.0,2.8269543357290416,-3,1.6112480635985046e-05,10.293458390871294
mono-00000010,150.0,2.8269543357290416,-2,0.005098920395980105,8.558417618727077
mono-00000010,150.0,2.8269543357290416,-1,0.146020258719113,6.37118873046245
mono-00000010,150.0,2.8269543357290416,0,0.7264012472858989,2.8269543357290274
mono-00000010,150.0,2.8269543357290416,1,0.0,0.0
mono-00000010,150.0,2.8269543357290416,2,0.0,0.0
mono-00000010,150.0,2.8269543357290416,3,0.0,0.0
mono-00000010,150.0,2.8269543357290416,4,0.0,0.0
mono-00000010,150.0,2.8269543357290416,5,0.0,0.0
mono-00000010,150.0,2.8269543357290416,6,0.0,0.0
mono-00000010,150.0,2.8269543357290416,7,0.0,0.0
mono-00000010,150.0,2.8269543357290416,8,0.0,0.0
mono-00000010,150.0,2.8269543357290416,9,0.0,0.0
mono-00000010,150.0,2.8269543357290416,10,0.0,0.0
mono-00000010,150.0,2.8269543357290416,11,0.0,0.0
mono-00000010,150.0,2.8269543357290416,12,0.0,0.0
mono-00000010,150.0,2.8269543357290416,13,0.0,0.0
mono-00000010,150.0,2.8269543357290416,14,0.0,0.0
mono-00000010,150.0,2.8269543357290416,15,0.0,0.0
mono-00000013,180.0,2.581267375185277,-15,4.677981764210219e-07,20.447064165102887
mono-00000013,180.0,2.581267375185277,-14,6.832986581323505e-07,19.75813723485865
mono-00000013,180.0,2.581267375185277,-13,1.8174048066963945e-06,19.04533403220387
mono-00000013,180.0,2.581267375185277,-12,3.579967440701583e-06,18.305862015031266
mono-00000013,180.0,2.581267375185277,-11,5.734644290554733e-06,17.53634402556665
mono-00000013,180.0,2.581267375185277,-10,6.724242502040139e-06,16.732631286577785
mono-00000013,180.0,2.581267375185277,-9,5.488260272299578e-06,15.88953168476607
mono-00000013,180.0,2.581267375185277,-8,4.024672261081823e-06,15.000401119191267
mono-00000013,180.0,2.581267375185277,-7,1.6332964837431554e-05,14.056502765264227
mono-00000013,180.0,2.581267375185277,-6,7.223256939874931e-05,13.045949452220128
mono-00000013,180.0,2.581267375185277,-5,0.00021356816699923941,11.951840317641356
mono-00000013,180.0,2.581267375185277,-4,0.00037185300162469247,10.74868420621037
mono-00000013,180.0,2.581267375185277,-3,0.00012299851440527153,9.39467114491923
mono-00000013,180.0,2.581267375185277,-2,0.002274442172760079,7.811738742233601
mono-00000013,180.0,2.581267375185277,-1,0.13432485151889811,5.815869284471532
mono-00000013,180.0,2.581267375185277,0,0.6212497549451189,2.581267375185263
mono-00000013,180.0,2.581267375185277,1,0.0,0.0
mono-00000013,180.0,2.581267375185277,2,0.0,0.0
mono-00000013,180.0,2.581267375185277,3,0.0,0.0
mono-00000013,180.0,2.581267375185277,4,0.0,0.0
mono-00000013,180.0,2.581267375185277,5,0.0,0.0
mono-00000013,180.0,2.581267375185277,6,0.0,0.0
mono-00000013,180.0,2.581267375185277,7,0.0,0.0
mono-00000013,180.0,2.581267375185277,8,0.0,0.0
mono-00000013,180.0,2.581267375185277,9,0.0,0.0
mono-00000013,180.0,2.581267375185277,10,0.0,0.0
mono-00000013,180.0,2.581267375185277,11,0.0,0.0
mono-00000013,180.0,2.581267375185277,12,0.0,0.0
mono-00000013,180.0,2.581267375185277,13,0.0,0.0
mono-00000013,180.0,2.581267375185277,14,0.0,0.0
mono-00000013,180.0,2.581267375185277,15,0.0,0.0
mono-00000011,160.0,2.7374345693012003,-15,5.241146146729506e-07,21.701927161791033
mono-00000011,160.0,2.7374345693012003,-14,1.0462780173500766e-06,20.96976866919728
mono-00000011,160.0,2.7374345693012003,-13,2.6561837605163556e-06,20.21233973611902
mono-00000011,160.0,2.7374345693012003,-12,4.843427758623894e-06,19.426679849349767
mono-00000011,160.0,2.7374345693012003,-11,7.215639507354888e-06,18.60920860824386
mono-00000011,160.0,2.7374345693012003,-10,7.368751750506687e-06,17.755527416688892
mono-00000011,160.0,2.7374345693012003,-9,4.620907734622356e-06,16.8601313355568
mono-00000011,160.0,2.7374345693012003,-8,4.704879373059889e-06,15.915975710507297
mono-00000011,160.0,2.7374345693012003,-7,2.618807228968966e-05,14.913796661037068
mono-00000011,160.0,2.7374345693012003,-6,0.00011756158173427186,13.840989428978673
mono-00000011,160.0,2.7374345693012003,-5,0.0003064441315007023,12.679632177106086
mono-00000011,160.0,2.7374345693012003,-4,0.00036434334856149753,11.402692665582066
mono-00000011,160.0,2.7374345693012003,-3,1.9096112934170823e-05,9.965831172911308
mono-00000011,160.0,2.7374345693012003,-2,0.004174346933008254,8.286257600196535
mono-00000011,160.0,2.7374345693012003,-1,0.14718028237641503,6.168795936169289
mono-00000011,160.0,2.7374345693012003,0,0.7006400413745371,2.7374345693011435
mono-00000011,160.0,2.7374345693012003,1,0.0,0.0
mono-00000011,160.0,2.7374345693012003,2,0.0,0.0
mono-00000011,160.0,2.7374345693012003,3,0.0,0.0
mono-00000011,160.0,2.7374345693012003,4,0.0,0.0
mono-00000011,160.0,2.7374345693012003,5,0.0,0.0
mono-00000011,160.0,2.7374345693012003,6,0.0,0.0
mono-00000011,160.0,2.7374345693012003,7,0.0,0.0
mono-00000011,160.0,2.7374345693012003,8,0.0,0.0
mono-00000011,160.0,2.7374345693012003,9,0.0,0.0
mono-00000011,160.0,2.7374345693012003,10,0.0,0.0
mono-00000011,160.0,2.7374345693012003,11,0.0,0.0
mono-00000011,160.0,2.7374345693012003,12,0.0,0.0
mono-00000011,160.0,2.7374345693012003,13,0.0,0.0
mono-00000011,160.0,2.7374345693012003,14,0.0,0.0
mono-00000011,160.0,2.7374345693012003,15,0.0,0.0
mono-00000012,170.0,2.655913710755783,-15,4.965519651075719e-07,21.046487351584304
mono-00000012,170.0,2.655913710755783,-14,8.344220610744766e-07,20.336930481739046
mono-00000012,170.0,2.655913710755783,-13,2.1928986249882303e-06,19.6028297533382
mono-00000012,170.0,2.655913710755783,-12,4.150542882964938e-06,18.84131231963974
mono-00000012,170.0,2.655913710755783,-11,6.418338115911977e-06,18.04890385665756
mono-00000012,170.0,2.655913710755783,-10,7.186119969217036e-06,17.221336155871498
mono-00000012,170.0,2.655913710755783,-9,5.258761369467449e-06,16.353267553644912
mono-00000012,170.0,2.655913710755783,-8,4.225443372723921e-06,15.437862463406333
mono-00000012,170.0,2.655913710755783,-7,2.0497870574440923e-05,14.466132105865725
mono-00000012,170.0,2.655913710755783,-6,8.865355248769171e-05,13.425846282244748
mono-00000012,170.0,2.655913710755783,-5,0.00025886337189122134,12.29961608751887
mono-00000012,170.0,2.655913710755783,-4,0.00039053320062696197,11.061213725431585
mono-00000012,170.0,2.655913710755783,-3,6.400855073032923e-05,9.66762004062845
mono-00000012,170.0,2.655913710755783,-2,0.0031749895882520435,8.038512958369168
mono-00000012,170.0,2.655913710755783,-1,0.14323143955199902,5.98454176128287
mono-00000012,170.0,2.655913710755783,0,0.6659075844252287,2.6559137107557547
mono-00000012,170.0,2.655913710755783,1,0.0,0.0
mono-00000012,170.0,2.655913710755783,2,0.0,0.0
mono-00000012,170.0,2.655913710755783,3,0.0,0.0
mono-00000012,170.0,2.655913710755783,4,0.0,0.0
mono-00000012,170.0,2.655913710755783,5,0.0,0.0
mono-00000012,170.0,2.655913710755783,6,0.0,0.0
mono-00000012,170.0,2.655913710755783,7,0.0,0.0
mono-00000012,170.0,2.655913710755783,8,0.0,0.0
mono-00000012,170.0,2.655913710755783,9,0.0,0.0
mono-00000012,170.0,2.655913710755783,10,0.0,0.0
mono-00000012,170.0,2.655913710755783,11,0.0,0.0
mono-00000012,170.0,2.655913710755783,12,0.0,0.0
mono-00000012,170.0,2.655913710755783,13,0.0,0.0
mono-00000012,170.0,2.655913710755783,14,0.0,0.0
mono-00000012,170.0,2.655913710755783,15,0.0,0.0
mono-00000009,140.0,2.9258729336479092,-15,6.906172550041953e-07,23.22040558867012
mono-00000009,140.0,2.9258729336479092,-14,1.5464621347889858e-06,22.435700997949297
mono-00000009,140.0,2.9258729336479092,-13,3.860901461660142e-06,21.624057042913904
mono-00000009,140.0,2.9258729336479092,-12,6.6569757782144365e-06,20.78231069624782
mono-00000009,140.0,2.9258729336479092,-11,8.225340374551632e-06,19.90663650503349
mono-00000009,140.0,2.9258729336479092,-10,6.410899310236567e-06,18.992334644572523
mono-00000009,140.0,2.9258729336479092,-9,2.8866757832045468e-06,18.03352294615351
mono-00000009,140.0,2.9258729336479092,-8,7.455524213974156e-06,17.02267369619733
mono-00000009,140.0,2.9258729336479092,-7,5.658402152105917e-05,15.9498873348536
mono-00000009,140.0,2.9258729336479092,-6,0.00018369148176087548,14.801693533596037
mono-00000009,140.0,2.9258729336479092,-5,0.0003194516451618149,13.558938786826971
mono-00000009,140.0,2.9258729336479092,-4,0.00023126523480085056,12.192731500359187
mono-00000009,140.0,2.9258729336479092,-3,5.603026404180808e-05,10.655679300328742
mono-00000009,140.0,2.9258729336479092,-2,0.005866777542562432,8.859286160410065
mono-00000009,140.0,2.9258729336479092,-1,0.1410058411123607,6.594905879866857
mono-00000009,140.0,2.9258729336479092,0,0.7457654459132483,2.9258729336479234
mono-00000009,140.0,2.9258729336479092,1,0.0,0.0
mono-00000009,140.0,2.9258729336479092,2,0.0,0.0
mono-00000009,140.0,2.9258729336479092,3,0.0,0.0
mono-00000009,140.0,2.9258729336479092,4,0.0,0.0
mono-00000009,140.0,2.9258729336479092,5,0.0,0.0
mono-00000009,140.0,2.9258729336479092,6,0.0,0.0
mono-00000009,140.0,2.9258729336479092,7,0.0,0.0
mono-00000009,140.0,2.9258729336479092,8,0.0,0.0
mono-00000009,140.0,2.9258729336479092,9,0.0,0.0
mono-00000009,140.0,2.9258729336479092,10,0.0,0.0
mono-00000009,140.0,2.9258729336479092,11,0.0,0.0
mono-00000009,140.0,2.9258729336479092,12,0.0,0.0
mono-00000009,140.0,2.9258729336479092,13,0.0,0.0
mono-00000009,140.0,2.9258729336479092,14,0.0,0.0
mono-00000009,140.0,2.9258729336479092,15,0.0,0.0
mono-00000016,210.0,2.3902010387676,-15,5.470957708037499e-07,18.91585429738619
mono-00000016,210.0,2.3902010387676,-14,4.772456867869623e-07,18.279460502317733
mono-00000016,210.0,2.3902010387676,-13,1.1782072394599778e-06,17.6209084817458
mono-00000016,210.0,2.3902010387676,-12,2.748834842202513e-06,16.937611380803602
mono-00000016,210.0,2.3902010387676,-11,5.243792675241347e-06,16.226440904431698
mono-00000016,210.0,2.3902010387676,-10,7.068953578306699e-06,15.483554146025398
mono-00000016,210.0,2.3902010387676,-9,6.73436549789524e-06,14.704141975262445
mono-00000016,210.0,2.3902010387676,-8,4.273404355336723e-06,13.88205063196709
mono-00000016,210.0,2.3902010387676,-7,9.611729004586367e-06,13.009188427583794
mono-00000016,210.0,2.3902010387676,-6,5.12849571984198e-05,12.074546450355584
mono-00000016,210.0,2.3902010387676,-5,0.0001726212276095018,11.062473267641892
mono-00000016,210.0,2.3902010387676,-4,0.0003541912720663352,9.949363401552546
mono-00000016,210.0,2.3902010387676,-3,0.000255596520605949,8.696501845572186
mono-00000016,210.0,2.3902010387676,-2,0.0009788583405873725,7.231609253457108
mono-00000016,210.0,2.3902010387676,-1,0.11647504981979807,5.384314016435766
mono-00000016,210.0,2.3902010387676,0,0.5112057547668043,2.3902010387674864
mono-00000016,210.0,2.3902010387676,1,0.0,0.0
mono-00000016,210.0,2.3902010387676,2,0.0,0.0
mono-00000016,210.0,2.3902010387676,3,0.0,0.0
mono-00000016,210.0,2.3902010387676,4,0.0,0.0
mono-00000016,210.0,2.3902010387676,5,0.0,0.0
mono-00000016,210.0,2.3902010387676,6,0.0,0.0
mono-00000016,210.0,2.3902010387676,7,0.0,0.0
mono-00000016,210.0,2.3902010387676,8,0.0,0.0
mono-00000016,210.0,2.3902010387676,9,0.0,0.0
mono-00000016,210.0,2.3902010387676,10,0.0,0.0
mono-00000016,210.0,2.3902010387676,11,0.0,0.0
mono-00000016,210.0,2.3902010387676,12,0.0,0.0
mono-00000016,210.0,2.3902010387676,13,0.0,0.0
mono-00000016,210.0,2.3902010387676,14,0.0,0.0
mono-00000016,210.0,2.3902010387676,15,0.0,0.0
mono-00000020,250.0,2.1910176833228263,-15,1.0550877843404988e-06,17.324005661402623
mono-00000020,250.0,2.1910176833228263,-14,7.84850947236977e-07,16.741989862907218
mono-00000020,250.0,2.1910176833228263,-13,8.827714390793463e-07,16.139619857333685
mono-00000020,250.0,2.1910176833228263,-12,2.027063621959193e-06,15.514523428829932
mono-00000020,250.0,2.1910176833228263,-11,5.332948010642345e-06,14.863831954487779
mono-00000020,250.0,2.1910176833228263,-10,9.543233512963784e-06,14.184021655312606
mono-00000020,250.0,2.1910176833228263,-9,1.2014751243309258e-05,13.470682944415955
mono-00000020,250.0,2.1910176833228263,-8,9.046431584376235e-06,12.718173551784503
mono-00000020,250.0,2.1910176833228263,-7,6.265260476962475e-06,11.919074675787229
mono-00000020,250.0,2.1910176833228263,-6,3.732009057381837e-05,11.063293332910163
mono-00000020,250.0,2.1910176833228263,-5,0.00017963230331976765,10.136480941912836
mono-00000020,250.0,2.1910176833228263,-4,0.0004814210236175556,9.116998054186197
mono-00000020,250.0,2.1910176833228263,-3,0.0005643492233698304,7.969356015392478
mono-00000020,250.0,2.1910176833228263,-2,0.00033811136082209913,6.627302953207703
mono-00000020,250.0,2.1910176833228263,-1,0.12610927644669348,4.934686850028498
mono-00000020,250.0,2.1910176833228263,0,0.4619796359736083,2.191017683322883
mono-00000020,250.0,2.1910176833228263,1,0.0,0.0
mono-00000020,250.0,2.1910176833228263,2,0.0,0.0
mono-00000020,250.0,2.1910176833228263,3,0.0,0.0
mono-00000020,250.0,2.1910176833228263,4,0.0,0.0
mono-00000020,250.0,2.1910176833228263,5,0.0,0.0
mono-00000020,250.0,2.1910176833228263,6,0.0,0.0
mono-00000020,250.0,2.1910176833228263,7,0.0,0.0
mono-00000020,250.0,2.1910176833228263,8,0.0,0.0
mono-00000020,250.0,2.1910176833228263,9,0.0,0.0
mono-00000020,250.0,2.1910176833228263,10,0.0,0.0
mono-00000020,250.0,2.1910176833228263,11,0.0,0.0
mono-00000020,250.0,2.1910176833228263,12,0.0,0.0
mono-00000020,250.0,2.1910176833228263,13,0.0,0.0
mono-00000020,250.0,2.1910176833228263,14,0.0,0.0
mono-00000020,250.0,2.1910176833228263,15,0.0,0.0
mono-00000017,220.0,2.335356256009078,-15,6.49763056807232e-07,18.47710914691784
mono-00000017,220.0,2.335356256009078,-14,4.96580207766063e-07,17.855726091902426
mono-00000017,220.0,2.335356256009078,-13,1.0605518167981286e-06,17.21268028607456
mono-00000017,220.0,2.335356256009078,-12,2.599261167457272e-06,16.545443953247613
mono-00000017,220.0,2.335356256009078,-11,5.360733988392595e-06,15.850960274522507
mono-00000017,220.0,2.335356256009078,-10,7.722936823946462e-06,15.125474187873209
mono-00000017,220.0,2.335356256009078,-9,7.859351759858806e-06,14.364286547189494
mono-00000017,220.0,2.335356256009078,-8,4.972799386042609e-06,13.561384398061293
mono-00000017,220.0,2.335356256009078,-7,8.295908106035945e-06,12.70886129549325
mono-00000017,220.0,2.335356256009078,-6,4.810168490155703e-05,11.795960490813243
mono-00000017,220.0,2.335356256009078,-5,0.0001749724489850663,10.807389254596657
mono-00000017,220.0,2.335356256009078,-4,0.0003813393636967347,9.720083426722994
mono-00000017,220.0,2.335356256009078,-3,0.0003154779553344925,8.49621637945549
mono-00000017,220.0,2.335356256009078,-2,0.0007817327455766388,7.065168542499151
mono-00000017,220.0,2.335356256009078,-1,0.11747587015061313,5.260484257748672
mono-00000017,220.0,2.335356256009078,0,0.4937193938531603,2.3353562560092627
mono-00000017,220.0,2.335356256009078,1,0.0,0.0
mono-00000017,220.0,2.335356256009078,2,0.0,0.0
mono-00000017,220.0,2.335356256009078,3,0.0,0.0
mono-00000017,220.0,2.335356256009078,4,0.0,0.0
mono-00000017,220.0,2.335356256009078,5,0.0,0.0
mono-00000017,220.0,2.335356256009078,6,0.0,0.0
mono-00000017,220.0,2.335356256009078,7,0.0,0.0
mono-00000017,220.0,2.335356256009078,8,0.0,0.0
mono-00000017,220.0,2.335356256009078,9,0.0,0.0
mono-00000017,220.0,2.335356256009078,10,0.0,0.0
mono-00000017,220.0,2.335356256009078,11,0.0,0.0
mono-00000017,220.0,2.335356256009078,12,0.0,0.0
mono-00000017,220.0,2.335356256009078,13,0.0,0.0
mono-00000017,220.0,2.335356256009078,14,0.0,0.0
mono-00000017,220.0,2.335356256009078,15,0.0,0.0
mono-00000018,230.0,2.2841214407637835,-15,7.693963451838833e-07,18.06754411069616
mono-00000018,230.0,2.2841214407637835,-14,5.516940291259425e-07,17.460157379015556
mono-00000018,230.0,2.2841214407637835,-13,9.63066170815711e-07,16.8315716384773
mono-00000018,230.0,2.2841214407637835,-12,2.418445886455893e-06,16.17931431790099
mono-00000018,230.0,2.2841214407637835,-11,5.406920595576704e-06,15.50039538646108
mono-00000018,230.0,2.2841214407637835,-10,8.343286925363763e-06,14.791141862991097
mono-00000018,230.0,2.2841214407637835,-9,9.093515781334007e-06,14.046957366499058
mono-00000018,230.0,2.2841214407637835,-8,5.9733089961781455e-06,13.261960502454144
mono-00000018,230.0,2.2841214407637835,-7,7.24825822381775e-06,12.42841790031683
mono-00000018,230.0,2.2841214407637835,-6,4.458546141506569e-05,11.535808401665477
mono-00000018,230.0,2.2841214407637835,-5,0.00017659348092449818,10.569174393748952
mono-00000018,230.0,2.2841214407637835,-4,0.00041065504151398377,9.505957420937634
mono-00000018,230.0,2.2841214407637835,-3,0.0003850990365429555,8.309160753683955
mono-00000018,230.0,2.2841214407637835,-2,0.0006100448998409382,6.90971526363947
mono-00000018,230.0,2.2841214407637835,-1,0.11927352505121347,5.144823063539064
mono-00000018,230.0,2.2841214407637835,0,0.4796490892283819,2.284121440763812
mono-00000018,230.0,2.2841214407637835,1,0.0,0.0
mono-00000018,230.0,2.2841214407637835,2,0.0,0.0
mono-00000018,230.0,2.2841214407637835,3,0.0,0.0
mono-00000018,230.0,2.2841214407637835,4,0.0,0.0
mono-00000018,230.0,2.2841214407637835,5,0.0,0.0
mono-00000018,230.0,2.2841214407637835,6,0.0,0.0
mono-00000018,230.0,2.2841214407637835,7,0.0,0.0
mono-00000018,230.0,2.2841214407637835,8,0.0,0.0
mono-00000018,230.0,2.2841214407637835,9,0.0,0.0
mono-00000018,230.0,2.2841214407637835,10,0.0,0.0
mono-00000018,230.0,2.2841214407637835,11,0.0,0.0
mono-00000018,230.0,2.2841214407637835,12,0.0,0.0
mono-00000018,230.0,2.2841214407637835,13,0.0,0.0
mono-00000018,230.0,2.2841214407637835,14,0.0,0.0
mono-00000018,230.0,2.2841214407637835,15,0.0,0.0
mono-00000015,200.0,2.4491006514667504,-15,4.850670028761442e-07,19.38741796019383
mono-00000015,200.0,2.4491006514667504,-14,5.056495672681538e-07,18.734870236362397
mono-00000015,200.0,2.4491006514667504,-13,1.3356855477743228e-06,18.059633301478115
mono-00000015,200.0,2.4491006514667504,-12,2.9341746396168753e-06,17.359056872587416
mono-00000015,200.0,2.4491006514667504,-11,5.221875963454938e-06,16.62993591450713
mono-00000015,200.0,2.4491006514667504,-10,6.648575899347719e-06,15.86833320414513
mono-00000015,200.0,2.4491006514667504,-9,6.010709326403562e-06,15.069321520588858
mono-00000015,200.0,2.4491006514667504,-8,4.001125928653265e-06,14.226595915218667
mono-00000015,200.0,2.4491006514667504,-7,1.1260407673446198e-05,13.33186579001854
mono-00000015,200.0,2.4491006514667504,-6,5.558385923573937e-05,12.37385145796
mono-00000015,200.0,2.4491006514667504,-5,0.00017626192732085098,11.33651629280871
mono-00000015,200.0,2.4491006514667504,-4,0.00034402235405424895,10.195673498741769
mono-00000015,200.0,2.4491006514667504,-3,0.00021134134306681143,8.911654001740388
mono-00000015,200.0,2.4491006514667504,-2,0.0012486833711079857,7.410395859682652
mono-00000015,200.0,2.4491006514667504,-1,0.11937443677219414,5.517321457305073
mono-00000015,200.0,2.4491006514667504,0,0.5398548882595441,2.449100651466537
mono-00000015,200.0,2.4491006514667504,1,0.0,0.0
mono-00000015,200.0,2.4491006514667504,2,0.0,0.0
mono-00000015,200.0,2.4491006514667504,3,0.0,0.0
mono-00000015,200.0,2.4491006514667504,4,0.0,0.0
mono-00000015,200.0,2.4491006514667504,5,0.0,0.0
mono-00000015,200.0,2.4491006514667504,6,0.0,0.0
mono-00000015,200.0,2.4491006514667504,7,0.0,0.0
mono-00000015,200.0,2.4491006514667504,8,0.0,0.0
mono-00000015,200.0,2.4491006514667504,9,0.0,0.0
mono-00000015,200.0,2.4491006514667504,10,0.0,0.0
mono-00000015,200.0,2.4491006514667504,11,0.0,0.0
mono-00000015,200.0,2.4491006514667504,12,0.0,0.0
mono-00000015,200.0,2.4491006514667504,13,0.0,0.0
mono-00000015,200.0,2.4491006514667504,14,0.0,0.0
mono-00000015,200.0,2.4491006514667504,15,0.0,0.0
mono-00000019,240.0,2.2361171918087877,-15,9.083997138648354e-07,17.684061595705117
mono-00000019,240.0,2.2361171918087877,-14,6.501126321258941e-07,17.089766109368313
mono-00000019,240.0,2.2361171918087877,-13,9.029124431284396e-07,16.474706863350107
mono-00000019,240.0,2.2361171918087877,-12,2.227602256252564e-06,15.836463023683464
mono-00000019,240.0,2.2361171918087877,-11,5.4097392445111815e-06,15.172107150844226
mono-00000019,240.0,2.2361171918087877,-10,8.978974573159613e-06,14.47804318499523
mono-00000019,240.0,2.2361171918087877,-9,1.0514506791024959e-05,13.749771048129148
mono-00000019,240.0,2.2361171918087877,-8,7.351686059695187e-06,12.981532629492932
mono-00000019,240.0,2.2361171918087877,-7,6.562644940246118e-06,12.165756740740648
mono-00000019,240.0,2.2361171918087877,-6,4.104674286815456e-05,11.292142980441852
mono-00000019,240.0,2.2361171918087877,-5,0.0001786884063929654,10.34604774280345
mono-00000019,240.0,2.2361171918087877,-4,0.000445567661834534,9.305386404927333
mono-00000019,240.0,2.2361171918087877,-3,0.00046913867213388145,8.133939802075005
mono-00000019,240.0,2.2361171918087877,-2,0.0004639595268665952,6.764091413671693
mono-00000019,240.0,2.2361171918087877,-1,0.12247727511108925,5.036470121277347
mono-00000019,240.0,2.2361171918087877,0,0.46995682317942933,2.2361171918088303
mono-00000019,240.0,2.2361171918087877,1,0.0,0.0
mono-00000019,240.0,2.2361171918087877,2,0.0,0.0
mono-00000019,240.0,2.2361171918087877,3,0.0,0.0
mono-00000019,240.0,2.2361171918087877,4,0.0,0.0
mono-00000019,240.0,2.2361171918087877,5,0.0,0.0
mono-00000019,240.0,2.2361171918087877,6,0.0,0.0
mono-00000019,240.0,2.2361171918087877,7,0.0,0.0
mono-00000019,240.0,2.2361171918087877,8,0.0,0.0
mono-00000019,240.0,2.2361171918087877,9,0.0,0.0
mono-00000019,240.0,2.2361171918087877,10,0.0,0.0
mono-00000019,240.0,2.2361171918087877,11,0.0,0.0
mono-00000019,240.0,2.2361171918087877,12,0.0,0.0
mono-00000019,240.0,2.2361171918087877,13,0.0,0.0
mono-00000019,240.0,2.2361171918087877,14,0.0,0.0
mono-00000019,240.0,2.2361171918087877,15,0.0,0.0
mono-00000021,260.0,2.1485413146169066,-15,1.203827073495973e-06,16.98508421827829
mono-00000021,260.0,2.1485413146169066,-14,9.537340578850527e-07,16.414617078059564
mono-00000021,260.0,2.1485413146169066,-13,9.116954944598991e-07,15.824182014236612
mono-00000021,260.0,2.1485413146169066,-12,1.8336684943185538e-06,15.21145261144838
mono-00000021,260.0,2.1485413146169066,-11,5.178192942305149e-06,14.5736156536381
mono-00000021,260.0,2.1485413146169066,-10,1.000681525402516e-05,13.907215450904488
mono-00000021,260.0,2.1485413146169066,-9,1.3566084206865224e-05,13.207927657780743
mono-00000021,260.0,2.1485413146169066,-8,1.1083556800769181e-05,12.470219122129222
mono-00000021,260.0,2.1485413146169066,-7,6.437856930874522e-06,11.686814581669893
mono-00000021,260.0,2.1485413146169066,-6,3.347042287792039e-05,10.84781642331619
mono-00000021,260.0,2.1485413146169066,-5,0.0001793383653087628,9.939153946735544
mono-00000021,260.0,2.1485413146169066,-4,0.0005184416606616887,8.939606996449385
mono-00000021,260.0,2.1485413146169066,-3,0.0006729955216812719,7.814374936415902
mono-00000021,260.0,2.1485413146169066,-2,0.00023327848447370197,6.498491116370417
mono-00000021,260.0,2.1485413146169066,-1,0.13038832819275833,4.838835113659584
mono-00000021,260.0,2.1485413146169066,0,0.4561518546647716,2.148541314616949
mono-00000021,260.0,2.1485413146169066,1,0.0,0.0
mono-00000021,260.0,2.1485413146169066,2,0.0,0.0
mono-00000021,260.0,2.1485413146169066,3,0.0,0.0
mono-00000021,260.0,2.1485413146169066,4,0.0,0.0
mono-00000021,260.0,2.1485413146169066,5,0.0,0.0
mono-00000021,260.0,2.1485413146169066,6,0.0,0.0
mono-00000021,260.0,2.1485413146169066,7,0.0,0.0
mono-00000021,260.0,2.1485413146169066,8,0.0,0.0
mono-00000021,260.0,2.1485413146169066,9,0.0,0.0
mono-00000021,260.0,2.1485413146169066,10,0.0,0.0
mono-00000021,260.0,2.1485413146169066,11,0.0,0.0
mono-00000021,260.0,2.1485413146169066,12,0.0,0.0
mono-00000021,260.0,2.1485413146169066,13,0.0,0.0
mono-00000021,260.0,2.1485413146169066,14,0.0,0.0
mono-00000021,260.0,2.1485413146169066,15,0.0,0.0
mono-00000025,300.0,2.00040562669615,-15,1.7000678740641604e-06,15.804505427292739
mono-00000025,300.0,2.00040562669615,-14,1.8233000789882033e-06,15.274191614166341
mono-00000025,300.0,2.00040562669615,-13,1.5079862717007896e-06,14.725261024947429
mono-00000025,300.0,2.00040562669615,-12,1.3863999454220984e-06,14.155547049210014
mono-00000025,300.0,2.00040562669615,-11,4.0071265222995816e-06,13.562429785498722
mono-00000025,300.0,2.00040562669615,-10,1.041624512599555e-05,12.942691096015224
mono-00000025,300.0,2.00040562669615,-9,1.8991060195245745e-05,12.29230401487851
mono-00000025,300.0,2.00040562669615,-8,2.1543996193751433e-05,11.606116047522292
mono-00000025,300.0,2.00040562669615,-7,1.2561251950946648e-05,10.877352642007537
mono-00000025,300.0,2.00040562669615,-6,1.923870057350476e-05,10.096797660704652
mono-00000025,300.0,2.00040562669615,-5,0.00016132354635434252,9.25134962809237
mono-00000025,300.0,2.00040562669615,-4,0.000648322211611588,8.321250755195251
mono-00000025,300.0,2.00040562669615,-3,0.0012096946690980973,7.274099839118961
mono-00000025,300.0,2.00040562669615,-2,7.407058438975302e-05,6.049412032848537
mono-00000025,300.0,2.00040562669615,-1,0.14895815327204714,4.504637568588748
mono-00000025,300.0,2.00040562669615,0,0.4401046057455816,2.000405626696164
mono-00000025,300.0,2.00040562669615,1,0.0,0.0
mono-00000025,300.0,2.00040562669615,2,0.0,0.0
mono-00000025,300.0,2.00040562669615,3,0.0,0.0
mono-00000025,300.0,2.00040562669615,4,0.0,0.0
mono-00000025,300.0,2.00040562669615,5,0.0,0.0
mono-00000025,300.0,2.00040562669615,6,0.0,0.0
mono-00000025,300.0,2.00040562669615,7,0.0,0.0
mono-00000025,300.0,2.00040562669615,8,0.0,0.0
mono-00000025,300.0,2.00040562669615,9,0.0,0.0
mono-00000025,300.0,2.00040562669615,10,0.0,0.0
mono-00000025,300.0,2.00040562669615,11,0.0,0.0
mono-00000025,300.0,2.00040562669615,12,0.0,0.0
mono-00000025,300.0,2.00040562669615,13,0.0,0.0
mono-00000025,300.0,2.00040562669615,14,0.0,0.0
mono-00000025,300.0,2.00040562669615,15,0.0,0.0
mono-00000024,290.0,2.0345523483994583,-15,1.6031793277011718e-06,16.076451843834263
mono-00000024,290.0,2.0345523483994583,-14,1.5958894094708386e-06,15.536898713177223
mono-00000024,290.0,2.0345523483994583,-13,1.2963807242573942e-06,14.978416821616591
mono-00000024,290.0,2.0345523483994583,-12,1.4306964671841707e-06,14.398802711681299
mono-00000024,290.0,2.0345523483994583,-11,4.354506120510353e-06,13.795391909537358
mono-00000024,290.0,2.0345523483994583,-10,1.0563312642347231e-05,13.164911506702438
mono-00000024,290.0,2.0345523483994583,-9,1.7903306966340812e-05,12.503265974579307
mono-00000024,290.0,2.0345523483994583,-8,1.8770602377793037e-05,11.805215058252799
mono-00000024,290.0,2.0345523483994583,-7,1.0212763402199304e-05,11.06386877096476
mono-00000024,290.0,2.0345523483994583,-6,2.2347443670606857e-05,10.269853871459134
mono-00000024,290.0,2.0345523483994583,-5,0.0001687394213408767,9.409845452173158
mono-00000024,290.0,2.0345523483994583,-4,0.0006221980309808231,8.463748622306667
mono-00000024,290.0,2.0345523483994583,-3,0.0010659827530671332,7.398609088664998
mono-00000024,290.0,2.0345523483994583,-2,6.853150852379848e-05,6.152908956850851
mono-00000024,290.0,2.0345523483994583,-1,0.14460814434502173,4.5816620865625595
mono-00000024,290.0,2.0345523483994583,0,0.44413049886124767,2.0345523483993873
mono-00000024,290.0,2.0345523483994583,1,0.0,0.0
mono-00000024,290.0,2.0345523483994583,2,0.0,0.0
mono-00000024,290.0,2.0345523483994583,3,0.0,0.0
mono-00000024,290.0,2.0345523483994583,4,0.0,0.0
mono-00000024,290.0,2.0345523483994583,5,0.0,0.0
mono-00000024,290.0,2.0345523483994583,6,0.0,0.0
mono-00000024,290.0,2.0345523483994583,7,0.0,0.0
mono-00000024,290.0,2.0345523483994583,8,0.0,0.0
mono-00000024,290.0,2.0345523483994583,9,0.0,0.0
mono-00000024,290.0,2.0345523483994583,10,0.0,0.0
mono-00000024,290.0,2.0345523483994583,11,0.0,0.0
mono-00000024,290.0,2.0345523483994583,12,0.0,0.0
mono-00000024,290.0,2.0345523483994583,13,0.0,0.0
mono-00000024,290.0,2.0345523483994583,14,0.0,0.0
mono-00000024,290.0,2.0345523483994583,15,0.0,0.0
mono-00000023,280.0,2.0705096095147155,-15,1.4894033294535982e-06,16.362937941057197
mono-00000023,280.0,2.0705096095147155,-14,1.3731153263659612e-06,15.813645119777206
mono-00000023,280.0,2.0705096095147155,-13,1.1244191961458768e-06,15.245095349522941
mono-00000023,280.0,2.0705096095147155,-12,1.526975595703194e-06,14.655046378796811
mono-00000023,280.0,2.0705096095147155,-11,4.6886159556218304e-06,14.040786805447752
mono-00000023,280.0,2.0705096095147155,-10,1.0573209909586388e-05,13.398986054356385
mono-00000023,280.0,2.0705096095147155,-9,1.6647779171964513e-05,12.725476407747394
mono-00000023,280.0,2.0705096095147155,-8,1.6080928797364928e-05,12.014925206788547
mono-00000023,280.0,2.0705096095147155,-7,8.39720158760486e-06,11.26032091969698
mono-00000023,280.0,2.0705096095147155,-6,2.591116147361048e-05,10.452124882446256
mono-00000023,280.0,2.0705096095147155,-5,0.00017470137096623544,9.576776919007557
mono-00000023,280.0,2.0705096095147155,-4,0.0005922601117463015,8.613827170618649
mono-00000023,280.0,2.0705096095147155,-3,0.000927885426622516,7.529738926147459
mono-00000023,280.0,2.0705096095147155,-2,9.561130469349014e-05,6.2619064360582115
mono-00000023,280.0,2.0705096095147155,-1,0.1400537422300928,4.662777835018545
mono-00000023,280.0,2.0705096095147155,0,0.44799756518803496,2.0705096095147297
mono-00000023,280.0,2.0705096095147155,1,0.0,0.0
mono-00000023,280.0,2.0705096095147155,2,0.0,0.0
mono-00000023,280.0,2.0705096095147155,3,0.0,0.0
mono-00000023,280.0,2.0705096095147155,4,0.0,0.0
mono-00000023,280.0,2.0705096095147155,5,0.0,0.0
mono-00000023,280.0,2.0705096095147155,6,0.0,0.0
mono-00000023,280.0,2.0705096095147155,7,0.0,0.0
mono-00000023,280.0,2.0705096095147155,8,0.0,0.0
mono-00000023,280.0,2.0705096095147155,9,0.0,0.0
mono-00000023,280.0,2.0705096095147155,10,0.0,0.0
mono-00000023,280.0,2.0705096095147155,11,0.0,0.0
mono-00000023,280.0,2.0705096095147155,12,0.0,0.0
mono-00000023,280.0,2.0705096095147155,13,0.0,0.0
mono-00000023,280.0,2.0705096095147155,14,0.0,0.0
mono-00000023,280.0,2.0705096095147155,15,0.0,0.0
mono-00000026,310.0,1.967922431094621,-15,1.7824985505631388e-06,15.545908993391024
mono-00000026,310.0,1.967922431094621,-14,2.0564425604677847e-06,15.024375551889591
mono-00000026,310.0,1.967922431094621,-13,1.761398570829385e-06,14.484522404800643
mono-00000026,310.0,1.967922431094621,-12,1.4030130489576464e-06,13.924217999408768
mono-00000026,310.0,1.967922431094621,-11,3.6716081411092223e-06,13.34088484150476
mono-00000026,310.0,1.967922431094621,-10,1.0168920982287956e-05,12.731356902622409
mono-00000026,310.0,1.967922431094621,-9,1.994715150816491e-05,12.091672446996313
mono-00000026,310.0,1.967922431094621,-8,2.443621109094351e-05,11.41676247323177
mono-00000026,310.0,1.967922431094621,-7,1.548772219873129e-05,10.699962249430769
mono-00000026,310.0,1.967922431094621,-6,1.671793244251816e-05,9.932205097207003
mono-00000026,310.0,1.967922431094621,-5,0.00015305148379787938,9.100602097047783
mono-00000026,310.0,1.967922431094621,-4,0.0006725509919217066,8.185716145866465
mono-00000026,310.0,1.967922431094621,-3,0.0013623039498189308,7.1556721849925395
mono-00000026,310.0,1.967922431094621,-2,0.00011466749880180909,5.950968059928741
mono-00000026,310.0,1.967922431094621,-1,0.1534546852154471,4.431371538970637
mono-00000026,310.0,1.967922431094621,0,0.43652793147656654,1.967922431094621
mono-00000026,310.0,1.967922431094621,1,0.0,0.0
mono-00000026,310.0,1.967922431094621,2,0.0,0.0
mono-00000026,310.0,1.967922431094621,3,0.0,0.0
mono-00000026,310.0,1.967922431094621,4,0.0,0.0
mono-00000026,310.0,1.967922431094621,5,0.0,0.0
mono-00000026,310.0,1.967922431094621,6,0.0,0.0
mono-00000026,310.0,1.967922431094621,7,0.0,0.0
mono-00000026,310.0,1.967922431094621,8,0.0,0.0
mono-00000026,310.0,1.967922431094621,9,0.0,0.0
mono-00000026,310.0,1.967922431094621,10,0.0,0.0
mono-00000026,310.0,1.967922431094621,11,0.0,0.0
mono-00000026,310.0,1.967922431094621,12,0.0,0.0
mono-00000026,310.0,1.967922431094621,13,0.0,0.0
mono-00000026,310.0,1.967922431094621,14,0.0,0.0
mono-00000026,310.0,1.967922431094621,15,0.0,0.0
mono-00000022,270.0,2.1084432799983546,-15,1.349390754688548e-06,16.665307348143145
mono-00000022,270.0,2.1084432799983546,-14,1.14995058039318e-06,16.105727604294543
mono-00000022,270.0,2.1084432799983546,-13,9.896392788945134e-07,15.526545069972997
mono-00000022,270.0,2.1084432799983546,-12,1.660786724725615e-06,14.925476574859275
mono-00000022,270.0,2.1084432799983546,-11,4.95706315946516e-06,14.299761217328609
mono-00000022,270.0,2.1084432799983546,-10,1.035054438043991e-05,13.646007595047323
mono-00000022,270.0,2.1084432799983546,-9,1.5112002264933228e-05,12.959971843123753
mono-00000022,270.0,2.1084432799983546,-8,1.3409901447578909e-05,12.236223830656257
mono-00000022,270.0,2.1084432799983546,-7,7.108001451391741e-06,11.46762381174976
mono-00000022,270.0,2.1084432799983546,-6,2.9629612349705926e-05,10.644458619251068
mono-00000022,270.0,2.1084432799983546,-5,0.00017759037223577816,9.752919888754562
mono-00000022,270.0,2.1084432799983546,-4,0.0005547292763614359,8.772183291247472
mono-00000022,270.0,2.1084432799983546,-3,0.0007923770549276533,7.668097682948954
mono-00000022,270.0,2.1084432799983546,-2,0.00015169999036025654,6.376909626996962
mono-00000022,270.0,2.1084432799983546,-1,0.1348361383606753,4.748360313661024
mono-00000022,270.0,2.1084432799983546,0,0.4510601279943641,2.1084432799983546
mono-00000022,270.0,2.1084432799983546,1,0.0,0.0
mono-00000022,270.0,2.1084432799983546,2,0.0,0.0
mono-00000022,270.0,2.1084432799983546,3,0.0,0.0
mono-00000022,270.0,2.1084432799983546,4,0.0,0.0
mono-00000022,270.0,2.1084432799983546,5,0.0,0.0
mono-00000022,270.0,2.1084432799983546,6,0.0,0.0
mono-00000022,270.0,2.1084432799983546,7,0.0,0.0
mono-00000022,270.0,2.1084432799983546,8,0.0,0.0
mono-00000022,270.0,2.1084432799983546,9,0.0,0.0
mono-00000022,270.0,2.1084432799983546,10,0.0,0.0
mono-00000022,270.0,2.1084432799983546,11,0.0,0.0
mono-00000022,270.0,2.1084432799983546,12,0.0,0.0
mono-00000022,270.0,2.1084432799983546,13,0.0,0.0
mono-00000022,270.0,2.1084432799983546,14,0.0,0.0
mono-00000022,270.0,2.1084432799983546,15,0.0,0.0
mono-00000031,360.0,1.8263321589623018,-15,1.8924983796025793e-06,14.419832965124357
mono-00000031,360.0,1.8263321589623018,-14,3.037322663157292e-06,13.936475307796854
mono-00000031,360.0,1.8263321589623018,-13,3.3970033353889365e-06,13.436095937335637
mono-00000031,360.0,1.8263321589623018,-12,2.445952798550887e-06,12.916716177641163
mono-00000031,360.0,1.8263321589623018,-11,2.616913123207179e-06,12.375943452988224
mono-00000031,360.0,1.8263321589623018,-10,7.67411098179652e-06,11.810838950349165
mono-00000031,360.0,1.8263321589623018,-9,2.1485039843368264e-05,11.21772534854567
mono-00000031,360.0,1.8263321589623018,-8,3.783546446958618e-05,10.59189767464943
mono-00000031,360.0,1.8263321589623018,-7,3.7462638989070635e-05,9.927169987654509
mono-00000031,360.0,1.8263321589623018,-6,1.643767266392749e-05,9.215127186671282
mono-00000031,360.0,1.8263321589623018,-5,9.954316328913255e-05,8.443806957238053
mono-00000031,360.0,1.8263321589623018,-4,0.0007352334848651264,7.595170101593993
mono-00000031,360.0,1.8263321589623018,-3,0.0022040384617071024,6.639634948258589
mono-00000031,360.0,1.8263321589623018,-2,0.000939429224972169,5.521982474730336
mono-00000031,360.0,1.8263321589623018,-1,0.17581239803492035,4.112080729644461
mono-00000031,360.0,1.8263321589623018,0,0.4220834187048786,1.8263321589622592
mono-00000031,360.0,1.8263321589623018,1,0.0,0.0
mono-00000031,360.0,1.8263321589623018,2,0.0,0.0
mono-00000031,360.0,1.8263321589623018,3,0.0,0.0
mono-00000031,360.0,1.8263321589623018,4,0.0,0.0
mono-00000031,360.0,1.8263321589623018,5,0.0,0.0
mono-00000031,360.0,1.8263321589623018,6,0.0,0.0
mono-00000031,360.0,1.8263321589623018,7,0.0,0.0
mono-00000031,360.0,1.8263321589623018,8,0.0,0.0
mono-00000031,360.0,1.8263321589623018,9,0.0,0.0
mono-00000031,360.0,1.8263321589623018,10,0.0,0.0
mono-00000031,360.0,1.8263321589623018,11,0.0,0.0
mono-00000031,360.0,1.8263321589623018,12,0.0,0.0
mono-00000031,360.0,1.8263321589623018,13,0.0,0.0
mono-00000031,360.0,1.8263321589623018,14,0.0,0.0
mono-00000031,360.0,1.8263321589623018,15,0.0,0.0
mono-00000027,320.0,1.9369719353685895,-15,1.842857471064075e-06,15.299604818832364
mono-00000027,320.0,1.9369719353685895,-14,2.2820181410321288e-06,14.7864295821567
mono-00000027,320.0,1.9369719353685895,-13,2.0472491899396993e-06,14.255217946128184
mono-00000027,320.0,1.9369719353685895,-12,1.4837971014258886e-06,13.703871766738104
mono-00000027,320.0,1.9369719353685895,-11,3.356144923739446e-06,13.129853961733701
mono-00000027,320.0,1.9369719353685895,-10,9.799486268797805e-06,12.530048159451056
mono-00000027,320.0,1.9369719353685895,-9,2.0674574636498052e-05,11.90055478320231
mono-00000027,320.0,1.9369719353685895,-8,2.731210447475044e-05,11.236384392598723
mono-00000027,320.0,1.9369719353685895,-7,1.896828928080809e-05,10.530976901952243
mono-00000027,320.0,1.9369719353685895,-6,1.488670333410477e-05,9.775408048273547
mono-00000027,320.0,1.9369719353685895,-5,0.0001435219669001318,8.956991446740474
mono-00000027,320.0,1.9369719353685895,-4,0.0006928504116922088,8.056595554789482
mono-00000027,320.0,1.9369719353685895,-3,0.0015217066162262918,7.04284663120356
mono-00000027,320.0,1.9369719353685895,-2,0.00019346187563319458,5.857178821453076
mono-00000027,320.0,1.9369719353685895,-1,0.15800784057963296,4.361567950340728
mono-00000027,320.0,1.9369719353685895,0,0.43340217746651993,1.9369719353686605
mono-00000027,320.0,1.9369719353685895,1,0.0,0.0
mono-00000027,320.0,1.9369719353685895,2,0.0,0.0
mono-00000027,320.0,1.9369719353685895,3,0.0,0.0
mono-00000027,320.0,1.9369719353685895,4,0.0,0.0
mono-00000027,320.0,1.9369719353685895,5,0.0,0.0
mono-00000027,320.0,1.9369719353685895,6,0.0,0.0
mono-00000027,320.0,1.9369719353685895,7,0.0,0.0
mono-00000027,320.0,1.9369719353685895,8,0.0,0.0
mono-00000027,320.0,1.9369719353685895,9,0.0,0.0
mono-00000027,320.0,1.9369719353685895,10,0.0,0.0
mono-00000027,320.0,1.9369719353685895,11,0.0,0.0
mono-00000027,320.0,1.9369719353685895,12,0.0,0.0
mono-00000027,320.0,1.9369719353685895,13,0.0,0.0
mono-00000027,320.0,1.9369719353685895,14,0.0,0.0
mono-00000027,320.0,1.9369719353685895,15,0.0,0.0
mono-00000028,330.0,1.9074372786551237,-15,1.8808840871447813e-06,15.064648909083758
mono-00000028,330.0,1.9074372786551237,-14,2.493190527271754e-06,14.559442491171112
mono-00000028,330.0,1.9074372786551237,-13,2.3548742486475807e-06,14.036470245634902
mono-00000028,330.0,1.9074372786551237,-12,1.6253759585740473e-06,13.49366591355475
mono-00000028,330.0,1.9074372786551237,-11,3.0765116579369403e-06,12.928530981096841
mono-00000028,330.0,1.9074372786551237,-10,9.332898826509457e-06,12.337996467444597
mono-00000028,330.0,1.9074372786551237,-9,2.1159571040408558e-05,11.718222117640266
mono-00000028,330.0,1.9074372786551237,-8,3.007448001989234e-05,11.064294419439292
mono-00000028,330.0,1.9074372786551237,-7,2.2889172291288123e-05,10.369753153468352
mono-00000028,330.0,1.9074372786551237,-6,1.3848353354450502e-05,9.625809964780927
mono-00000028,330.0,1.9074372786551237,-5,0.00013300813749247782,8.81997174546126
mono-00000028,330.0,1.9074372786551237,-4,0.0007079786457328466,7.93339854094819
mono-00000028,330.0,1.9074372786551237,-3,0.0016828175675186843,6.935194993759183
mono-00000028,330.0,1.9074372786551237,-2,0.00031239939853528647,5.767688695892062
mono-00000028,330.0,1.9074372786551237,-1,0.16227304737472983,4.294962405928246
mono-00000028,330.0,1.9074372786551237,0,0.4300069935385277,1.9074372786550953
mono-00000028,330.0,1.9074372786551237,1,0.0,0.0
mono-00000028,330.0,1.9074372786551237,2,0.0,0.0
mono-00000028,330.0,1.9074372786551237,3,0.0,0.0
mono-00000028,330.0,1.9074372786551237,4,0.0,0.0
mono-00000028,330.0,1.9074372786551237,5,0.0,0.0
mono-00000028,330.0,1.9074372786551237,6,0.0,0.0
mono-00000028,330.0,1.9074372786551237,7,0.0,0.0
mono-00000028,330.0,1.9074372786551237,8,0.0,0.0
mono-00000028,330.0,1.9074372786551237,9,0.0,0.0
mono-00000028,330.0,1.9074372786551237,10,0.0,0.0
mono-00000028,330.0,1.9074372786551237,11,0.0,0.0
mono-00000028,330.0,1.9074372786551237,12,0.0,0.0
mono-00000028,330.0,1.9074372786551237,13,0.0,0.0
mono-00000028,330.0,1.9074372786551237,14,0.0,0.0
mono-00000028,330.0,1.9074372786551237,15,0.0,0.0
mono-00000032,370.0,1.8015122686891232,-15,1.8580054578965954e-06,14.222618817548721
mono-00000032,370.0,1.8015122686891232,-14,3.155667364117216e-06,13.745937524895268
mono-00000032,370.0,1.8015122686891232,-13,3.7338477914044646e-06,13.252462545871964
mono-00000032,370.0,1.8015122686891232,-12,2.8253036116459456e-06,12.740242013288707
mono-00000032,370.0,1.8015122686891232,-11,2.615744164354699e-06,12.206915778066545
mono-00000032,370.0,1.8015122686891232,-10,7.069317096514129e-06,11.649584869312164
mono-00000032,370.0,1.8015122686891232,-9,2.1089437992686862e-05,11.064621835814805
mono-00000032,370.0,1.8015122686891232,-8,3.981671083149866e-05,10.447385531641444
mono-00000032,370.0,1.8015122686891232,-7,4.280941057288708e-05,9.791773961029818
mono-00000032,370.0,1.8015122686891232,-6,1.9406663100056716e-05,9.089486257431403
mono-00000032,370.0,1.8015122686891232,-5,8.788784829433756e-05,8.328722550781166
mono-00000032,370.0,1.8015122686891232,-4,0.000733206834501873,7.4916886997408625
mono-00000032,370.0,1.8015122686891232,-3,0.0023768773938140425,6.549205047764531
mono-00000032,370.0,1.8015122686891232,-2,0.001245678061082415,5.446803329713731
mono-00000032,370.0,1.8015122686891232,-1,0.18000329048367456,4.056121855782109
mono-00000032,370.0,1.8015122686891232,0,0.4195102342920332,1.8015122686890948
mono-00000032,370.0,1.8015122686891232,1,0.0,0.0
mono-00000032,370.0,1.8015122686891232,2,0.0,0.0
mono-00000032,370.0,1.8015122686891232,3,0.0,0.0
mono-00000032,370.0,1.8015122686891232,4,0.0,0.0
mono-00000032,370.0,1.8015122686891232,5,0.0,0.0
mono-00000032,370.0,1.8015122686891232,6,0.0,0.0
mono-00000032,370.0,1.8015122686891232,7,0.0,0.0
mono-00000032,370.0,1.8015122686891232,8,0.0,0.0
mono-00000032,370.0,1.8015122686891232,9,0.0,0.0
mono-00000032,370.0,1.8015122686891232,10,0.0,0.0
mono-00000032,370.0,1.8015122686891232,11,0.0,0.0
mono-00000032,370.0,1.8015122686891232,12,0.0,0.0
mono-00000032,370.0,1.8015122686891232,13,0.0,0.0
mono-00000032,370.0,1.8015122686891232,14,0.0,0.0
mono-00000032,370.0,1.8015122686891232,15,0.0,0.0
mono-00000030,350.0,1.8522069995336068,-15,1.9067023999675789e-06,14.625485450974267
mono-00000030,350.0,1.8522069995336068,-14,2.8796673474446046e-06,14.135162808616187
mono-00000030,350.0,1.8522069995336068,-13,3.0401695615585074e-06,13.627580887940866
mono-00000030,350.0,1.8522069995336068,-12,2.107266727453098e-06,13.100733067774414
mono-00000030,350.0,1.8522069995336068,-11,2.695130433340915e-06,12.552192971113698
mono-00000030,350.0,1.8522069995336068,-10,8.262088295151121e-06,11.978980253316976
mono-00000030,350.0,1.8522069995336068,-9,2.1601036165892393e-05,11.377365607901325
mono-00000030,350.0,1.8522069995336068,-8,3.542760065614077e-05,10.742577526751177
mono-00000030,350.0,1.8522069995336068,-7,3.218053046281307e-05,10.068342560661705
mono-00000030,350.0,1.8522069995336068,-6,1.4513370808030043e-05,9.346126524246856
mono-00000030,350.0,1.8522069995336068,-5,0.00011103362338279213,8.563797759190976
mono-00000030,350.0,1.8522069995336068,-4,0.0007298920309206897,7.703061599261687
mono-00000030,350.0,1.8522069995336068,-3,0.0020239945246335427,6.7339172702875345
mono-00000030,350.0,1.8522069995336068,-2,0.0006812390953520272,5.60036306688518
mono-00000030,350.0,1.8522069995336068,-1,0.1711011530237468,4.1704214534654085
mono-00000030,350.0,1.8522069995336068,0,0.4241410609175486,1.8522069995335357
mono-00000030,350.0,1.8522069995336068,1,0.0,0.0
mono-00000030,350.0,1.8522069995336068,2,0.0,0.0
mono-00000030,350.0,1.8522069995336068,3,0.0,0.0
mono-00000030,350.0,1.8522069995336068,4,0.0,0.0
mono-00000030,350.0,1.8522069995336068,5,0.0,0.0
mono-00000030,350.0,1.8522069995336068,6,0.0,0.0
mono-00000030,350.0,1.8522069995336068,7,0.0,0.0
mono-00000030,350.0,1.8522069995336068,8,0.0,0.0
mono-00000030,350.0,1.8522069995336068,9,0.0,0.0
mono-00000030,350.0,1.8522069995336068,10,0.0,0.0
mono-00000030,350.0,1.8522069995336068,11,0.0,0.0
mono-00000030,350.0,1.8522069995336068,12,0.0,0.0
mono-00000030,350.0,1.8522069995336068,13,0.0,0.0
mono-00000030,350.0,1.8522069995336068,14,0.0,0.0
mono-00000030,350.0,1.8522069995336068,15,0.0,0.0
mono-00000029,340.0,1.879213705424192,-15,1.9007854197926314e-06,14.84019574382829
mono-00000029,340.0,1.879213705424192,-14,2.6916859461964376e-06,14.342598083034403
mono-00000029,340.0,1.879213705424192,-13,2.6849571020189915e-06,13.827493357015555
mono-00000029,340.0,1.879213705424192,-12,1.8313054945866745e-06,13.292845780748749
mono-00000029,340.0,1.879213705424192,-11,2.8511164308955936e-06,12.736193701348071
mono-00000029,340.0,1.879213705424192,-10,8.809941271974533e-06,12.154513430174973
mono-00000029,340.0,1.879213705424192,-9,2.145335129502387e-05,11.544021406179766
mono-00000029,340.0,1.879213705424192,-8,3.276185760990322e-05,10.899876680746416
mono-00000029,340.0,1.879213705424192,-7,2.727144731847287e-05,10.215714474099684
mono-00000029,340.0,1.879213705424192,-6,1.3692803402766906e-05,9.482876312952513
mono-00000029,340.0,1.879213705424192,-5,0.00012205666131588114,8.689053793002287
mono-00000029,340.0,1.879213705424192,-4,0.0007197496342780371,7.81568560862749
mono-00000029,340.0,1.879213705424192,-3,0.0018487370887570011,6.832333549296692
mono-00000029,340.0,1.879213705424192,-2,0.0004737849528292785,5.682178972398816
mono-00000029,340.0,1.879213705424192,-1,0.16653573080028283,4.231317937781753
mono-00000029,340.0,1.879213705424192,0,0.4267779756411581,1.8792137054242772
mono-00000029,340.0,1.879213705424192,1,0.0,0.0
mono-00000029,340.0,1.879213705424192,2,0.0,0.0
mono-00000029,340.0,1.879213705424192,3,0.0,0.0
mono-00000029,340.0,1.879213705424192,4,0.0,0.0
mono-00000029,340.0,1.879213705424192,5,0.0,0.0
mono-00000029,340.0,1.879213705424192,6,0.0,0.0
mono-00000029,340.0,1.879213705424192,7,0.0,0.0
mono-00000029,340.0,1.879213705424192,8,0.0,0.0
mono-00000029,340.0,1.879213705424192,9,0.0,0.0
mono-00000029,340.0,1.879213705424192,10,0.0,0.0
mono-00000029,340.0,1.879213705424192,11,0.0,0.0
mono-00000029,340.0,1.879213705424192,12,0.0,0.0
mono-00000029,340.0,1.879213705424192,13,0.0,0.0
mono-00000029,340.0,1.879213705424192,14,0.0,0.0
mono-00000029,340.0,1.879213705424192,15,0.0,0.0
mono-00000038,430.0,1.6712420901885991,-15,1.5230169664935079e-06,13.18834787831392
mono-00000038,430.0,1.6712420901885991,-14,3.2521647117663687e-06,12.746636297587443
mono-00000038,430.0,1.6712420901885991,-13,5.239761042112001e-06,12.28933012735827
mono-00000038,430.0,1.6712420901885991,-12,5.671912432091332e-06,11.81461826046052
mono-00000038,430.0,1.6712420901885991,-11,4.411636398093542e-06,11.320310797850354
mono-00000038,430.0,1.6712420901885991,-10,4.688402903885762e-06,10.803717944856743
mono-00000038,430.0,1.6712420901885991,-9,1.5810272606990424e-05,10.261474064276285
mono-00000038,430.0,1.6712420901885991,-8,4.4723239166982224e-05,9.689273084977003
mono-00000038,430.0,1.6712420901885991,-7,7.476743394168342e-05,9.081453684242561
mono-00000038,430.0,1.6712420901885991,-6,5.870998855473753e-05,8.43031464777782
mono-00000038,430.0,1.6712420901885991,-5,3.530969494973528e-05,7.724908791547648
mono-00000038,430.0,1.6712420901885991,-4,0.000632990390281531,6.948728241136337
mono-00000038,430.0,1.6712420901885991,-3,0.0033492070616733967,6.074703358508543
mono-00000038,430.0,1.6712420901885991,-2,0.004193101518261974,5.052306094381109
mono-00000038,430.0,1.6712420901885991,-1,0.20250246729850294,3.762465013967116
mono-00000038,430.0,1.6712420901885991,0,0.40426353391512343,1.6712420901886276
mono-00000038,430.0,1.6712420901885991,1,0.0,0.0
mono-00000038,430.0,1.6712420901885991,2,0.0,0.0
mono-00000038,430.0,1.6712420901885991,3,0.0,0.0
mono-00000038,430.0,1.6712420901885991,4,0.0,0.0
mono-00000038,430.0,1.6712420901885991,5,0.0,0.0
mono-00000038,430.0,1.6712420901885991,6,0.0,0.0
mono-00000038,430.0,1.6712420901885991,7,0.0,0.0
mono-00000038,430.0,1.6712420901885991,8,0.0,0.0
mono-00000038,430.0,1.6712420901885991,9,0.0,0.0
mono-00000038,430.0,1.6712420901885991,10,0.0,0.0
mono-00000038,430.0,1.6712420901885991,11,0.0,0.0
mono-00000038,430.0,1.6712420901885991,12,0.0,0.0
mono-00000038,430.0,1.6712420901885991,13,0.0,0.0
mono-00000038,430.0,1.6712420901885991,14,0.0,0.0
mono-00000038,430.0,1.6712420901885991,15,0.0,0.0
mono-00000033,380.0,1.7776775376310638,-15,1.8109749117550876e-06,14.033281275217348
mono-00000033,380.0,1.7776775376310638,-14,3.242647159046008e-06,13.563007125027951
mono-00000033,380.0,1.7776775376310638,-13,4.054248534152185e-06,13.076158397895497
mono-00000033,380.0,1.7776775376310638,-12,3.2435033640096903e-06,12.570808974349788
mono-00000033,380.0,1.7776775376310638,-11,2.69862257168668e-06,12.044629848058932
mono-00000033,380.0,1.7776775376310638,-10,6.490554516220087e-06,11.494760312325141
mono-00000033,380.0,1.7776775376310638,-9,2.050544085418088e-05,10.917620810259692
mono-00000033,380.0,1.7776775376310638,-8,4.146808553421259e-05,10.308631493622627
mono-00000033,380.0,1.7776775376310638,-7,4.823789503108206e-05,9.66177098435638
mono-00000033,380.0,1.7776775376310638,-6,2.3412027795543206e-05,8.96884812065818
mono-00000033,380.0,1.7776775376310638,-5,7.665781016338527e-05,8.218219033547001
mono-00000033,380.0,1.7776775376310638,-4,0.0007261600650461938,7.392324914659454
mono-00000033,380.0,1.7776775376310638,-3,0.0025458789797970253,6.46237216513444
mono-00000033,380.0,1.7776775376310638,-2,0.0016011364751573611,5.374613464704467
mono-00000033,380.0,1.7776775376310638,-1,0.1839233788826346,4.002387050419202
mono-00000033,380.0,1.7776775376310638,0,0.4167181780609304,1.7776775376310496
mono-00000033,380.0,1.7776775376310638,1,0.0,0.0
mono-00000033,380.0,1.7776775376310638,2,0.0,0.0
mono-00000033,380.0,1.7776775376310638,3,0.0,0.0
mono-00000033,380.0,1.7776775376310638,4,0.0,0.0
mono-00000033,380.0,1.7776775376310638,5,0.0,0.0
mono-00000033,380.0,1.7776775376310638,6,0.0,0.0
mono-00000033,380.0,1.7776775376310638,7,0.0,0.0
mono-00000033,380.0,1.7776775376310638,8,0.0,0.0
mono-00000033,380.0,1.7776775376310638,9,0.0,0.0
mono-00000033,380.0,1.7776775376310638,10,0.0,0.0
mono-00000033,380.0,1.7776775376310638,11,0.0,0.0
mono-00000033,380.0,1.7776775376310638,12,0.0,0.0
mono-00000033,380.0,1.7776775376310638,13,0.0,0.0
mono-00000033,380.0,1.7776775376310638,14,0.0,0.0
mono-00000033,380.0,1.7776775376310638,15,0.0,0.0
mono-00000034,390.0,1.754764472145439,-15,1.7561841532388032e-06,13.851309601403074
mono-00000034,390.0,1.754764472145439,-14,3.3009080317313728e-06,13.38719099210347
mono-00000034,390.0,1.754764472145439,-13,4.356347596872495e-06,12.906708563903749
mono-00000034,390.0,1.754764472145439,-12,3.6971826682337114e-06,12.40796095208934
mono-00000034,390.0,1.754764472145439,-11,2.8697476473889367e-06,11.888649091738387
mono-00000034,390.0,1.754764472145439,-10,5.962367284877497e-06,11.34594906390467
mono-00000034,390.0,1.754764472145439,-9,1.9775846839314296e-05,10.776327357482884
mono-00000034,390.0,1.754764472145439,-8,4.281867593386161e-05,10.17526305539414
mono-00000034,390.0,1.754764472145439,-7,5.3737946558297615e-05,9.536812283945025
mono-00000034,390.0,1.754764472145439,-6,2.846373006044937e-05,8.852889348142938
mono-00000034,390.0,1.754764472145439,-5,6.614842119811082e-05,8.112000351787827
mono-00000034,390.0,1.754764472145439,-4,0.0007151633342363522,7.296812722526951
mono-00000034,390.0,1.754764472145439,-3,0.0027130450048008237,6.378903990425485
mono-00000034,390.0,1.754764472145439,-2,0.0020081336876213956,5.305219889869349
mono-00000034,390.0,1.754764472145439,-1,0.18773920721224205,3.950732787510418
mono-00000034,390.0,1.754764472145439,0,0.4139441854407393,1.7547644721453395
mono-00000034,390.0,1.754764472145439,1,0.0,0.0
mono-00000034,390.0,1.754764472145439,2,0.0,0.0
mono-00000034,390.0,1.754764472145439,3,0.0,0.0
mono-00000034,390.0,1.754764472145439,4,0.0,0.0
mono-00000034,390.0,1.754764472145439,5,0.0,0.0
mono-00000034,390.0,1.754764472145439,6,0.0,0.0
mono-00000034,390.0,1.754764472145439,7,0.0,0.0
mono-00000034,390.0,1.754764472145439,8,0.0,0.0
mono-00000034,390.0,1.754764472145439,9,0.0,0.0
mono-00000034,390.0,1.754764472145439,10,0.0,0.0
mono-00000034,390.0,1.754764472145439,11,0.0,0.0
mono-00000034,390.0,1.754764472145439,12,0.0,0.0
mono-00000034,390.0,1.754764472145439,13,0.0,0.0
mono-00000034,390.0,1.754764472145439,14,0.0,0.0
mono-00000034,390.0,1.754764472145439,15,0.0,0.0
mono-00000037,420.0,1.6910004945584376,-15,1.5795934886528997e-06,13.34513090859096
mono-00000037,420.0,1.6910004945584376,-14,3.30722960959102e-06,12.898122950774493
mono-00000037,420.0,1.6910004945584376,-13,5.087166965830176e-06,12.435338295651675
mono-00000037,420.0,1.6910004945584376,-12,5.18790184309844e-06,11.954944481287
mono-00000037,420.0,1.6910004945584376,-11,3.918512083564598e-06,11.454725780552863
mono-00000037,420.0,1.6910004945584376,-10,4.857680720609269e-06,10.931960666123047
mono-00000037,420.0,1.6910004945584376,-9,1.6920694774239267e-05,10.383243783853814
mono-00000037,420.0,1.6910004945584376,-8,4.48684965641677e-05,9.804218233427122
mono-00000037,420.0,1.6910004945584376,-7,7.000187665176803e-05,9.189155846040407
mono-00000037,420.0,1.6910004945584376,-6,4.990731153365145e-05,8.530264448193492
mono-00000037,420.0,1.6910004945584376,-5,4.090561347706415e-05,7.816467518638447
mono-00000037,420.0,1.6910004945584376,-4,0.0006602015276010668,7.031062085363686
mono-00000037,420.0,1.6910004945584376,-3,0.0032044953058357026,6.146658479005737
mono-00000037,420.0,1.6910004945584376,-2,0.003567804865044926,5.11213105140682
mono-00000037,420.0,1.6910004945584376,-1,0.19922334165997463,3.8069994151871214
mono-00000037,420.0,1.6910004945584376,0,0.40688138083986075,1.6910004945585086
mono-00000037,420.0,1.6910004945584376,1,0.0,0.0
mono-00000037,420.0,1.6910004945584376,2,0.0,0.0
mono-00000037,420.0,1.6910004945584376,3,0.0,0.0
mono-00000037,420.0,1.6910004945584376,4,0.0,0.0
mono-00000037,420.0,1.6910004945584376,5,0.0,0.0
mono-00000037,420.0,1.6910004945584376,6,0.0,0.0
mono-00000037,420.0,1.6910004945584376,7,0.0,0.0
mono-00000037,420.0,1.6910004945584376,8,0.0,0.0
mono-00000037,420.0,1.6910004945584376,9,0.0,0.0
mono-00000037,420.0,1.6910004945584376,10,0.0,0.0
mono-00000037,420.0,1.6910004945584376,11,0.0,0.0
mono-00000037,420.0,1.6910004945584376,12,0.0,0.0
mono-00000037,420.0,1.6910004945584376,13,0.0,0.0
mono-00000037,420.0,1.6910004945584376,14,0.0,0.0
mono-00000037,420.0,1.6910004945584376,15,0.0,0.0
mono-00000035,400.0,1.7327151637866223,-15,1.6985886224220811e-06,13.676238253514171
mono-00000035,400.0,1.7327151637866223,-14,3.33436641616917e-06,13.21803963073269
mono-00000035,400.0,1.7327151637866223,-13,4.640158968342883e-06,12.74368011266462
mono-00000035,400.0,1.7327151637866223,-12,4.184994366252878e-06,12.251282158623653
mono-00000035,400.0,1.7327151637866223,-11,3.1334244059866475e-06,11.738575519075042
mono-00000035,400.0,1.7327151637866223,-10,5.505832478959143e-06,11.202771678962904
mono-00000035,400.0,1.7327151637866223,-9,1.8942314864565162e-05,10.64038144037093
mono-00000035,400.0,1.7327151637866223,-8,4.3910713667945254e-05,10.04694059932099
mono-00000035,400.0,1.7327151637866223,-7,5.9332350932912586e-05,9.416579868520316
mono-00000035,400.0,1.7327151637866223,-6,3.4593841656785986e-05,8.741315047877166
mono-00000035,400.0,1.7327151637866223,-5,5.659600029456938e-05,8.009796564193834
mono-00000035,400.0,1.7327151637866223,-4,0.0007012932627058615,7.204909555553925
mono-00000035,400.0,1.7327151637866223,-3,0.002881275641987404,6.298588690204639
mono-00000035,400.0,1.7327151637866223,-2,0.002470479886869339,5.238446620074598
mono-00000035,400.0,1.7327151637866223,-1,0.1916260335550018,3.901028182099381
mono-00000035,400.0,1.7327151637866223,0,0.41140043377995855,1.7327151637866933
mono-00000035,400.0,1.7327151637866223,1,0.0,0.0
mono-00000035,400.0,1.7327151637866223,2,0.0,0.0
mono-00000035,400.0,1.7327151637866223,3,0.0,0.0
mono-00000035,400.0,1.7327151637866223,4,0.0,0.0
mono-00000035,400.0,1.7327151637866223,5,0.0,0.0
mono-00000035,400.0,1.7327151637866223,6,0.0,0.0
mono-00000035,400.0,1.7327151637866223,7,0.0,0.0
mono-00000035,400.0,1.7327151637866223,8,0.0,0.0
mono-00000035,400.0,1.7327151637866223,9,0.0,0.0
mono-00000035,400.0,1.7327151637866223,10,0.0,0.0
mono-00000035,400.0,1.7327151637866223,11,0.0,0.0
mono-00000035,400.0,1.7327151637866223,12,0.0,0.0
mono-00000035,400.0,1.7327151637866223,13,0.0,0.0
mono-00000035,400.0,1.7327151637866223,14,0.0,0.0
mono-00000035,400.0,1.7327151637866223,15,0.0,0.0
mono-00000036,410.0,1.7114766731061337,-15,1.6398509585399906e-06,13.507641867911431
mono-00000036,410.0,1.7114766731061337,-14,3.3378155272199433e-06,13.05514232719905
mono-00000036,410.0,1.7114766731061337,-13,4.8896580443865585e-06,12.586677453657344
mono-00000036,410.0,1.7114766731061337,-12,4.691772017316388e-06,12.100392656808992
mono-00000036,410.0,1.7114766731061337,-11,3.4904808813819003e-06,11.594045445348044
mono-00000036,410.0,1.7114766731061337,-10,5.134888111771701e-06,11.06488140890032
mono-00000036,410.0,1.7114766731061337,-9,1.7987700675182546e-05,10.509454036154821
mono-00000036,410.0,1.7114766731061337,-8,4.4633374472791607e-05,9.923353753922257
mono-00000036,410.0,1.7114766731061337,-7,6.487007436434997e-05,9.300783121978284
mono-00000036,410.0,1.7114766731061337,-6,4.183883216172063e-05,8.633855706440443
mono-00000036,410.0,1.7114766731061337,-5,4.808988807448477e-05,7.911360953396937
mono-00000036,410.0,1.7114766731061337,-4,0.0006835464210203775,7.1163937081672515
mono-00000036,410.0,1.7114766731061337,-3,0.0030492684342871093,6.221232643957023
mono-00000036,410.0,1.7114766731061337,-2,0.0029935186283073798,5.174132795737435
mono-00000036,410.0,1.7114766731061337,-1,0.19563817763893243,3.8531535939495285
mono-00000036,410.0,1.7114766731061337,0,0.40929069062048773,1.711476673106219
mono-00000036,410.0,1.7114766731061337,1,0.0,0.0
mono-00000036,410.0,1.7114766731061337,2,0.0,0.0
mono-00000036,410.0,1.7114766731061337,3,0.0,0.0
mono-00000036,410.0,1.7114766731061337,4,0.0,0.0
mono-00000036,410.0,1.7114766731061337,5,0.0,0.0
mono-00000036,410.0,1.7114766731061337,6,0.0,0.0
mono-00000036,410.0,1.7114766731061337,7,0.0,0.0
mono-00000036,410.0,1.7114766731061337,8,0.0,0.0
mono-00000036,410.0,1.7114766731061337,9,0.0,0.0
mono-00000036,410.0,1.7114766731061337,10,0.0,0.0
mono-00000036,410.0,1.7114766731061337,11,0.0,0.0
mono-00000036,410.0,1.7114766731061337,12,0.0,0.0
mono-00000036,410.0,1.7114766731061337,13,0.0,0.0
mono-00000036,410.0,1.7114766731061337,14,0.0,0.0
mono-00000036,410.0,1.7114766731061337,15,0.0,0.0
mono-00000044,490.0,1.56567767364794,-15,1.3939482190933731e-06,12.351198262675766
mono-00000044,490.0,1.56567767364794,-14,2.686314456713319e-06,11.937740348292962
mono-00000044,490.0,1.56567767364794,-13,5.268000832110834e-06,11.5096621641961
mono-00000044,490.0,1.56567767364794,-12,7.952909217868623e-06,11.065266728038722
mono-00000044,490.0,1.56567767364794,-11,8.275017368906348e-06,10.602502168286136
mono-00000044,490.0,1.56567767364794,-10,6.199142592775686e-06,10.118848267615135
mono-00000044,490.0,1.56567767364794,-9,1.002416759019636e-05,9.61115162766437
mono-00000044,490.0,1.56567767364794,-8,3.776897150668879e-05,9.075377789680147
mono-00000044,490.0,1.56567767364794,-7,9.40487957167997e-05,8.506222620985383
mono-00000044,490.0,1.56567767364794,-6,0.00012222574526495883,7.896470929951278
mono-00000044,490.0,1.56567767364794,-5,4.207111834985283e-05,7.235866598245281
mono-00000044,490.0,1.56567767364794,-4,0.00042297799734068606,6.508944148078527
mono-00000044,490.0,1.56567767364794,-3,0.00402005874731506,5.690343790162174
mono-00000044,490.0,1.56567767364794,-2,0.009073044392621889,4.732730167573052
mono-00000044,490.0,1.56567767364794,-1,0.21919566774785668,3.524558827779856
mono-00000044,490.0,1.56567767364794,0,0.3888902012266176,1.5656776736479685
mono-00000044,490.0,1.56567767364794,1,0.0,0.0
mono-00000044,490.0,1.56567767364794,2,0.0,0.0
mono-00000044,490.0,1.56567767364794,3,0.0,0.0
mono-00000044,490.0,1.56567767364794,4,0.0,0.0
mono-00000044,490.0,1.56567767364794,5,0.0,0.0
mono-00000044,490.0,1.56567767364794,6,0.0,0.0
mono-00000044,490.0,1.56567767364794,7,0.0,0.0
mono-00000044,490.0,1.56567767364794,8,0.0,0.0
mono-00000044,490.0,1.56567767364794,9,0.0,0.0
mono-00000044,490.0,1.56567767364794,10,0.0,0.0
mono-00000044,490.0,1.56567767364794,11,0.0,0.0
mono-00000044,490.0,1.56567767364794,12,0.0,0.0
mono-00000044,490.0,1.56567767364794,13,0.0,0.0
mono-00000044,490.0,1.56567767364794,14,0.0,0.0
mono-00000044,490.0,1.56567767364794,15,0.0,0.0
mono-00000043,480.0,1.5818881689370983,-15,1.385789671564594e-06,12.479697178391191
mono-00000043,480.0,1.5818881689370983,-14,2.7878562087340713e-06,12.061905286380124
mono-00000043,480.0,1.5818881689370983,-13,5.362617679659033e-06,11.629343362769703
mono-00000043,480.0,1.5818881689370983,-12,7.685839970104971e-06,11.180296896794502
mono-00000043,480.0,1.5818881689370983,-11,7.585092099172371e-06,10.71269281769338
mono-00000043,480.0,1.5818881689370983,-10,5.657277311584891e-06,10.223984863780572
mono-00000043,480.0,1.5818881689370983,-9,1.0758763867041546e-05,9.710987040861923
mono-00000043,480.0,1.5818881689370983,-8,3.951588155027506e-05,9.169623176564613
mono-00000043,480.0,1.5818881689370983,-7,9.220490927728164e-05,8.59453428292393
mono-00000043,480.0,1.5818881689370983,-6,0.00011106107358964616,7.978430529238992
mono-00000043,480.0,1.5818881689370983,-5,3.576232660897202e-05,7.310949671805247
mono-00000043,480.0,1.5818881689370983,-4,0.0004615598543523921,6.576466158185383
mono-00000043,480.0,1.5818881689370983,-3,0.003937779099000293,5.749357634501678
mono-00000043,480.0,1.5818881689370983,-2,0.008132855043877556,4.781798487702545
mono-00000043,480.0,1.5818881689370983,-1,0.21686278212907767,3.5610884965157084
mono-00000043,480.0,1.5818881689370983,0,0.39150263820673326,1.581888168936942
mono-00000043,480.0,1.5818881689370983,1,0.0,0.0
mono-00000043,480.0,1.5818881689370983,2,0.0,0.0
mono-00000043,480.0,1.5818881689370983,3,0.0,0.0
mono-00000043,480.0,1.5818881689370983,4,0.0,0.0
mono-00000043,480.0,1.5818881689370983,5,0.0,0.0
mono-00000043,480.0,1.5818881689370983,6,0.0,0.0
mono-00000043,480.0,1.5818881689370983,7,0.0,0.0
mono-00000043,480.0,1.5818881689370983,8,0.0,0.0
mono-00000043,480.0,1.5818881689370983,9,0.0,0.0
mono-00000043,480.0,1.5818881689370983,10,0.0,0.0
mono-00000043,480.0,1.5818881689370983,11,0.0,0.0
mono-00000043,480.0,1.5818881689370983,12,0.0,0.0
mono-00000043,480.0,1.5818881689370983,13,0.0,0.0
mono-00000043,480.0,1.5818881689370983,14,0.0,0.0
mono-00000043,480.0,1.5818881689370983,15,0.0,0.0
mono-00000041,460.0,1.615879437324594,-15,1.4071246867052113e-06,12.749205255449098
mono-00000041,460.0,1.615879437324594,-14,2.9966018120237636e-06,12.322320159923365
mono-00000041,460.0,1.615879437324594,-13,5.444721287049968e-06,11.880351170521834
mono-00000041,460.0,1.615879437324594,-12,7.002327967954197e-06,11.421547025656324
mono-00000041,460.0,1.615879437324594,-11,6.2266466649545965e-06,10.943790206899891
mono-00000041,460.0,1.615879437324594,-10,4.9072519062575194e-06,10.444479845681826
mono-00000041,460.0,1.615879437324594,-9,1.2578987135172449e-05,9.920361603776612
mono-00000041,460.0,1.615879437324594,-8,4.244007529626772e-05,9.367271846420834
mono-00000041,460.0,1.615879437324594,-7,8.682568149287802e-05,8.779736567316107
mono-00000041,460.0,1.615879437324594,-6,8.903619105882796e-05,8.150309433698553
mono-00000041,460.0,1.615879437324594,-5,2.9480634594247904e-05,7.468405677007937
mono-00000041,460.0,1.615879437324594,-4,0.0005362033600595658,6.7180640940703995
mono-00000041,460.0,1.615879437324594,-3,0.0037363601121831328,5.8731117675616105
mono-00000041,460.0,1.615879437324594,-2,0.006399944682561557,4.884695065289407
mono-00000041,460.0,1.615879437324594,-1,0.21165349726494417,3.637690182677872
mono-00000041,460.0,1.615879437324594,0,0.3966327254110503,1.6158794373246508
mono-00000041,460.0,1.615879437324594,1,0.0,0.0
mono-00000041,460.0,1.615879437324594,2,0.0,0.0
mono-00000041,460.0,1.615879437324594,3,0.0,0.0
mono-00000041,460.0,1.615879437324594,4,0.0,0.0
mono-00000041,460.0,1.615879437324594,5,0.0,0.0
mono-00000041,460.0,1.615879437324594,6,0.0,0.0
mono-00000041,460.0,1.615879437324594,7,0.0,0.0
mono-00000041,460.0,1.615879437324594,8,0.0,0.0
mono-00000041,460.0,1.615879437324594,9,0.0,0.0
mono-00000041,460.0,1.615879437324594,10,0.0,0.0
mono-00000041,460.0,1.615879437324594,11,0.0,0.0
mono-00000041,460.0,1.615879437324594,12,0.0,0.0
mono-00000041,460.0,1.615879437324594,13,0.0,0.0
mono-00000041,460.0,1.615879437324594,14,0.0,0.0
mono-00000041,460.0,1.615879437324594,15,0.0,0.0
mono-00000039,440.0,1.6521604818932047,-15,1.4737472229322146e-06,13.036964008233497
mono-00000039,440.0,1.6521604818932047,-14,3.1786127494832636e-06,12.600364896086063
mono-00000039,440.0,1.6521604818932047,-13,5.3493952067631e-06,12.148347142272144
mono-00000039,440.0,1.6521604818932047,-12,6.139489011856951e-06,11.679120264698568
mono-00000039,440.0,1.6521604818932047,-11,4.965089085787493e-06,11.190519309643008
mono-00000039,440.0,1.6521604818932047,-10,4.636369262467881e-06,10.679885130252785
mono-00000039,440.0,1.6521604818932047,-9,1.4695980731037231e-05,10.143890448129838
mono-00000039,440.0,1.6521604818932047,-8,4.424770338202706e-05,9.578278282756287
mono-00000039,440.0,1.6521604818932047,-7,7.917121802812274e-05,8.977451870476457
mono-00000039,440.0,1.6521604818932047,-6,6.820127017459532e-05,8.333797843327915
mono-00000039,440.0,1.6521604818932047,-5,3.145691803835605e-05,7.636493926948461
mono-00000039,440.0,1.6521604818932047,-4,0.0006028621833152629,6.869220663819448
mono-00000039,440.0,1.6521604818932047,-3,0.0034854156402193298,6.005217484891219
mono-00000039,440.0,1.6521604818932047,-2,0.0048718050370127565,4.994533462132665
mono-00000039,440.0,1.6521604818932047,-1,0.20561309808701272,3.719457810973992
mono-00000039,440.0,1.6521604818932047,0,0.4016156138957613,1.6521604818931763
mono-00000039,440.0,1.6521604818932047,1,0.0,0.0
mono-00000039,440.0,1.6521604818932047,2,0.0,0.0
mono-00000039,440.0,1.6521604818932047,3,0.0,0.0
mono-00000039,440.0,1.6521604818932047,4,0.0,0.0
mono-00000039,440.0,1.6521604818932047,5,0.0,0.0
mono-00000039,440.0,1.6521604818932047,6,0.0,0.0
mono-00000039,440.0,1.6521604818932047,7,0.0,0.0
mono-00000039,440.0,1.6521604818932047,8,0.0,0.0
mono-00000039,440.0,1.6521604818932047,9,0.0,0.0
mono-00000039,440.0,1.6521604818932047,10,0.0,0.0
mono-00000039,440.0,1.6521604818932047,11,0.0,0.0
mono-00000039,440.0,1.6521604818932047,12,0.0,0.0
mono-00000039,440.0,1.6521604818932047,13,0.0,0.0
mono-00000039,440.0,1.6521604818932047,14,0.0,0.0
mono-00000039,440.0,1.6521604818932047,15,0.0,0.0
mono-00000040,450.0,1.6337178937523333,-15,1.4348473507510618e-06,12.890676356203812
mono-00000040,450.0,1.6337178937523333,-14,3.092846512101488e-06,12.459016206767089
mono-00000040,450.0,1.6337178937523333,-13,5.419574144367392e-06,12.012107542937926
mono-00000040,450.0,1.6337178937523333,-12,6.588116452199271e-06,11.548179818636328
mono-00000040,450.0,1.6337178937523333,-11,5.5749123945075985e-06,11.065092191872012
mono-00000040,450.0,1.6337178937523333,-10,4.708499104203936e-06,10.560215139215885
mono-00000040,450.0,1.6337178937523333,-9,1.3613361262188157e-05,10.030258458626065
mono-00000040,450.0,1.6337178937523333,-8,4.3495856764047115e-05,9.471012618537031
mono-00000040,450.0,1.6337178937523333,-7,8.323712944453985e-05,8.876943254840427
mono-00000040,450.0,1.6337178937523333,-6,7.835649378690002e-05,8.240521906636701
mono-00000040,450.0,1.6337178937523333,-5,2.9470838547045126e-05,7.551047028682788
mono-00000040,450.0,1.6337178937523333,-4,0.0005706817392551859,6.792381272442057
mono-00000040,450.0,1.6337178937523333,-3,0.0036153183358425024,5.938062787396504
mono-00000040,450.0,1.6337178937523333,-2,0.0056072840631700965,4.9386984325531245
mono-00000040,450.0,1.6337178937523333,-1,0.20867448899991195,3.6778924694595645
mono-00000040,450.0,1.6337178937523333,0,0.39906531933889355,1.633717893752248
mono-00000040,450.0,1.6337178937523333,1,0.0,0.0
mono-00000040,450.0,1.6337178937523333,2,0.0,0.0
mono-00000040,450.0,1.6337178937523333,3,0.0,0.0
mono-00000040,450.0,1.6337178937523333,4,0.0,0.0
mono-00000040,450.0,1.6337178937523333,5,0.0,0.0
mono-00000040,450.0,1.6337178937523333,6,0.0,0.0
mono-00000040,450.0,1.6337178937523333,7,0.0,0.0
mono-00000040,450.0,1.6337178937523333,8,0.0,0.0
mono-00000040,450.0,1.6337178937523333,9,0.0,0.0
mono-00000040,450.0,1.6337178937523333,10,0.0,0.0
mono-00000040,450.0,1.6337178937523333,11,0.0,0.0
mono-00000040,450.0,1.6337178937523333,12,0.0,0.0
mono-00000040,450.0,1.6337178937523333,13,0.0,0.0
mono-00000040,450.0,1.6337178937523333,14,0.0,0.0
mono-00000040,450.0,1.6337178937523333,15,0.0,0.0
mono-00000042,470.0,1.5986128339370964,-15,1.39036040510019e-06,12.612292064671621
mono-00000042,470.0,1.5986128339370964,-14,2.8927776441336867e-06,12.190026984223834
mono-00000042,470.0,1.5986128339370964,-13,5.423123283173922e-06,11.752837414292884
mono-00000042,470.0,1.5986128339370964,-12,7.368031798268714e-06,11.298990760996631
mono-00000042,470.0,1.5986128339370964,-11,6.899246329096495e-06,10.82639208333218
mono-00000042,470.0,1.5986128339370964,-10,5.225071950869428e-06,10.332468250682368
mono-00000042,470.0,1.5986128339370964,-9,1.1617242192974254e-05,9.813999640785468
mono-00000042,470.0,1.5986128339370964,-8,4.1087727438051e-05,9.266867046353724
mono-00000042,470.0,1.5986128339370964,-7,8.979886763171709e-05,8.685654886136291
mono-00000042,470.0,1.5986128339370964,-6,9.996844842533043e-05,8.062996324935298
mono-00000042,470.0,1.5986128339370964,-5,3.157104901304978e-05,7.388419629499225
mono-00000042,470.0,1.5986128339370964,-4,0.0004994961753157325,6.646134096945971
mono-00000042,470.0,1.5986128339370964,-3,0.003843451614453514,5.810246480648459
mono-00000042,470.0,1.5986128339370964,-2,0.007242108357685446,4.832425355934944
mono-00000042,470.0,1.5986128339370964,-1,0.21436744533375238,3.5987780451753792
mono-00000042,470.0,1.5986128339370964,0,0.39410657360821183,1.5986128339369117
mono-00000042,470.0,1.5986128339370964,1,0.0,0.0
mono-00000042,470.0,1.5986128339370964,2,0.0,0.0
mono-00000042,470.0,1.5986128339370964,3,0.0,0.0
mono-00000042,470.0,1.5986128339370964,4,0.0,0.0
mono-00000042,470.0,1.5986128339370964,5,0.0,0.0
mono-00000042,470.0,1.5986128339370964,6,0.0,0.0
mono-00000042,470.0,1.5986128339370964,7,0.0,0.0
mono-00000042,470.0,1.5986128339370964,8,0.0,0.0
mono-00000042,470.0,1.5986128339370964,9,0.0,0.0
mono-00000042,470.0,1.5986128339370964,10,0.0,0.0
mono-00000042,470.0,1.5986128339370964,11,0.0,0.0
mono-00000042,470.0,1.5986128339370964,12,0.0,0.0
mono-00000042,470.0,1.5986128339370964,13,0.0,0.0
mono-00000042,470.0,1.5986128339370964,14,0.0,0.0
mono-00000042,470.0,1.5986128339370964,15,0.0,0.0
mono-00000045,500.0,1.5499555314121665,-15,1.4148468972680675e-06,12.226588686696871
mono-00000045,500.0,1.5499555314121665,-14,2.5918488904084994e-06,11.81733261315695
mono-00000045,500.0,1.5499555314121665,-13,5.1442884683137725e-06,11.393601568900394
mono-00000045,500.0,1.5499555314121665,-12,8.166831975020314e-06,10.95371557309609
mono-00000045,500.0,1.5499555314121665,-11,8.958948626591814e-06,10.495643316049964
mono-00000045,500.0,1.5499555314121665,-10,6.843313902135483e-06,10.016889841565714
mono-00000045,500.0,1.5499555314121665,-9,9.430080654222729e-06,9.514333366633949
mono-00000045,500.0,1.5499555314121665,-8,3.588914180299322e-05,8.983979891085454
mono-00000045,500.0,1.5499555314121665,-7,9.533182853661028e-05,8.420578486710511
mono-00000045,500.0,1.5499555314121665,-6,0.00013335687419147754,7.816986354205056
mono-00000045,500.0,1.5499555314121665,-5,5.0487936839195284e-05,7.163050305261734
mono-00000045,500.0,1.5499555314121665,-4,0.0003842618513909739,6.443460115734936
mono-00000045,500.0,1.5499555314121665,-3,0.00409036501321291,5.63311065093221
mono-00000045,500.0,1.5499555314121665,-2,0.010062253213099021,4.6851420358783
mono-00000045,500.0,1.5499555314121665,-1,0.22138666522564024,3.489130742637286
mono-00000045,500.0,1.5499555314121665,0,0.38629089787404347,1.5499555314121096
mono-00000045,500.0,1.5499555314121665,1,0.0,0.0
mono-00000045,500.0,1.5499555314121665,2,0.0,0.0
mono-00000045,500.0,1.5499555314121665,3,0.0,0.0
mono-00000045,500.0,1.5499555314121665,4,0.0,0.0
mono-00000045,500.0,1.5499555314121665,5,0.0,0.0
mono-00000045,500.0,1.5499555314121665,6,0.0,0.0
mono-00000045,500.0,1.5499555314121665,7,0.0,0.0
mono-00000045,500.0,1.5499555314121665,8,0.0,0.0
mono-00000045,500.0,1.5499555314121665,9,0.0,0.0
mono-00000045,500.0,1.5499555314121665,10,0.0,0.0
mono-00000045,500.0,1.5499555314121665,11,0.0,0.0
mono-00000045,500.0,1.5499555314121665,12,0.0,0.0
mono-00000045,500.0,1.5499555314121665,13,0.0,0.0
mono-00000045,500.0,1.5499555314121665,14,0.0,0.0
mono-00000045,500.0,1.5499555314121665,15,0.0,0.0
mono-00000048,530.0,1.5054868310379987,-15,1.5514475704306884e-06,11.874236907095536
mono-00000048,530.0,1.5054868310379987,-14,2.3791245679590057e-06,11.47685713259645
mono-00000048,530.0,1.5054868310379987,-13,4.652801076595441e-06,11.065413608036863
mono-00000048,530.0,1.5054868310379987,-12,8.482639185978685e-06,10.638274445955119
mono-00000048,530.0,1.5054868310379987,-11,1.0879950225222069e-05,10.193466500636646
mono-00000048,530.0,1.5054868310379987,-10,9.299503087831793e-06,9.728566271981038
mono-00000048,530.0,1.5054868310379987,-9,8.608594255750791e-06,9.240541406086578
mono-00000048,530.0,1.5054868310379987,-8,2.9859273135678452e-05,8.72551234486248
mono-00000048,530.0,1.5054868310379987,-7,9.591818819258536e-05,8.178378653402802
mono-00000048,530.0,1.5054868310379987,-6,0.0001655732524439211,7.592202297268187
mono-00000048,530.0,1.5054868310379987,-5,8.802432723429805e-05,6.95712122595674
mono-00000048,530.0,1.5054868310379987,-4,0.0002719696052507771,6.258264343811845
mono-00000048,530.0,1.5054868310379987,-3,0.004230637268937079,5.471246784157458
mono-00000048,530.0,1.5054868310379987,-2,0.013320810358921213,4.550553505593911
mono-00000048,530.0,1.5054868310379987,-1,0.22727891850271212,3.38893128204505
mono-00000048,530.0,1.5054868310379987,0,0.378729320447788,1.5054868310379987
mono-00000048,530.0,1.5054868310379987,1,0.0,0.0
mono-00000048,530.0,1.5054868310379987,2,0.0,0.0
mono-00000048,530.0,1.5054868310379987,3,0.0,0.0
mono-00000048,530.0,1.5054868310379987,4,0.0,0.0
mono-00000048,530.0,1.5054868310379987,5,0.0,0.0
mono-00000048,530.0,1.5054868310379987,6,0.0,0.0
mono-00000048,530.0,1.5054868310379987,7,0.0,0.0
mono-00000048,530.0,1.5054868310379987,8,0.0,0.0
mono-00000048,530.0,1.5054868310379987,9,0.0,0.0
mono-00000048,530.0,1.5054868310379987,10,0.0,0.0
mono-00000048,530.0,1.5054868310379987,11,0.0,0.0
mono-00000048,530.0,1.5054868310379987,12,0.0,0.0
mono-00000048,530.0,1.5054868310379987,13,0.0,0.0
mono-00000048,530.0,1.5054868310379987,14,0.0,0.0
mono-00000048,530.0,1.5054868310379987,15,0.0,0.0
mono-00000047,520.0,1.5198817802161102,-15,1.4942769740868843e-06,11.988281308479628
mono-00000047,520.0,1.5198817802161102,-14,2.4363696209102496e-06,11.587058379528173
mono-00000047,520.0,1.5198817802161102,-13,4.832015057588798e-06,11.171638543612417
mono-00000047,520.0,1.5198817802161102,-12,8.433065551082182e-06,10.74037434400573
mono-00000047,520.0,1.5198817802161102,-11,1.0272970319551375e-05,10.291273805687482
mono-00000047,520.0,1.5198817802161102,-10,8.405552633227606e-06,9.821890296368721
mono-00000047,520.0,1.5198817802161102,-9,8.714400063548161e-06,9.329162511817927
mono-00000047,520.0,1.5198817802161102,-8,3.189974894007365e-05,8.809173846567248
mono-00000047,520.0,1.5198817802161102,-7,9.627302862473971e-05,8.256775148104325
mono-00000047,520.0,1.5198817802161102,-6,0.00015516362616548377,7.664962096090775
mono-00000047,520.0,1.5198817802161102,-5,7.352890638787168e-05,7.023778394410456
mono-00000047,520.0,1.5198817802161102,-4,0.0003083755778080354,6.318210796107081
mono-00000047,520.0,1.5198817802161102,-3,0.004196387942333795,5.523641276792574
mono-00000047,520.0,1.5198817802161102,-2,0.012188312351997103,4.594119463472424
mono-00000047,520.0,1.5198817802161102,-1,0.22544246480606855,3.421365894258713
mono-00000047,520.0,1.5198817802161102,0,0.38122142810465715,1.5198817802163234
mono-00000047,520.0,1.5198817802161102,1,0.0,0.0
mono-00000047,520.0,1.5198817802161102,2,0.0,0.0
mono-00000047,520.0,1.5198817802161102,3,0.0,0.0
mono-00000047,520.0,1.5198817802161102,4,0.0,0.0
mono-00000047,520.0,1.5198817802161102,5,0.0,0.0
mono-00000047,520.0,1.5198817802161102,6,0.0,0.0
mono-00000047,520.0,1.5198817802161102,7,0.0,0.0
mono-00000047,520.0,1.5198817802161102,8,0.0,0.0
mono-00000047,520.0,1.5198817802161102,9,0.0,0.0
mono-00000047,520.0,1.5198817802161102,10,0.0,0.0
mono-00000047,520.0,1.5198817802161102,11,0.0,0.0
mono-00000047,520.0,1.5198817802161102,12,0.0,0.0
mono-00000047,520.0,1.5198817802161102,13,0.0,0.0
mono-00000047,520.0,1.5198817802161102,14,0.0,0.0
mono-00000047,520.0,1.5198817802161102,15,0.0,0.0
mono-00000046,510.0,1.5346977046382477,-15,1.4484667382272308e-06,12.105676124929374
mono-00000046,510.0,1.5346977046382477,-14,2.5078042422027474e-06,11.70049633623249
mono-00000046,510.0,1.5346977046382477,-13,4.997440679140843e-06,11.280982630162242
mono-00000046,510.0,1.5346977046382477,-12,8.327532958176793e-06,10.845471526381942
mono-00000046,510.0,1.5346977046382477,-11,9.62871447736924e-06,10.391951670967856
mono-00000046,510.0,1.5346977046382477,-10,7.582276088277471e-06,9.917952624104316
mono-00000046,510.0,1.5346977046382477,-9,8.990220926543319e-06,9.420383285845404
mono-00000046,510.0,1.5346977046382477,-8,3.3921583477968153e-05,8.895288921271984
mono-00000046,510.0,1.5346977046382477,-7,9.607625331953522e-05,8.337470236997575
mono-00000046,510.0,1.5346977046382477,-6,0.0001443767037250589,7.739854689800694
mono-00000046,510.0,1.5346977046382477,-5,6.098730273731759e-05,7.0923889832524765
mono-00000046,510.0,1.5346977046382477,-4,0.00034593832170827727,6.37991356308207
mono-00000046,510.0,1.5346977046382477,-3,0.00414930434625882,5.577570428551553
mono-00000046,510.0,1.5346977046382477,-2,0.011100996873758078,4.638961139904197
mono-00000046,510.0,1.5346977046382477,-1,0.22346887771671778,3.4547499659962995
mono-00000046,510.0,1.5346977046382477,0,0.38373229677477283,1.5346977046379067
mono-00000046,510.0,1.5346977046382477,1,0.0,0.0
mono-00000046,510.0,1.5346977046382477,2,0.0,0.0
mono-00000046,510.0,1.5346977046382477,3,0.0,0.0
mono-00000046,510.0,1.5346977046382477,4,0.0,0.0
mono-00000046,510.0,1.5346977046382477,5,0.0,0.0
mono-00000046,510.0,1.5346977046382477,6,0.0,0.0
mono-00000046,510.0,1.5346977046382477,7,0.0,0.0
mono-00000046,510.0,1.5346977046382477,8,0.0,0.0
mono-00000046,510.0,1.5346977046382477,9,0.0,0.0
mono-00000046,510.0,1.5346977046382477,10,0.0,0.0
mono-00000046,510.0,1.5346977046382477,11,0.0,0.0
mono-00000046,510.0,1.5346977046382477,12,0.0,0.0
mono-00000046,510.0,1.5346977046382477,13,0.0,0.0
mono-00000046,510.0,1.5346977046382477,14,0.0,0.0
mono-00000046,510.0,1.5346977046382477,15,0.0,0.0
mono-00000049,540.0,1.4914932916797738,-15,1.6196150014816702e-06,11.763386525997987
mono-00000049,540.0,1.4914932916797738,-14,2.3377848636030876e-06,11.36974154414078
mono-00000049,540.0,1.4914932916797738,-13,4.465725594819114e-06,10.962162292858736
mono-00000049,540.0,1.4914932916797738,-12,8.47936414446006e-06,10.539032020685553
mono-00000049,540.0,1.4914932916797738,-11,1.1442582998755949e-05,10.098395887114194
mono-00000049,540.0,1.4914932916797738,-10,1.025300066286465e-05,9.637852880233254
mono-00000049,540.0,1.4914932916797738,-9,8.676999524920108e-06,9.1543987903231
mono-00000049,540.0,1.4914932916797738,-8,2.7841732871233074e-05,8.644190074829012
mono-00000049,540.0,1.4914932916797738,-7,9.504811324294835e-05,8.102173659269724
mono-00000049,540.0,1.4914932916797738,-6,0.00017553104431624722,7.521475948080393
mono-00000049,540.0,1.4914932916797738,-5,0.00010438423360129943,6.892326509640512
mono-00000049,540.0,1.4914932916797738,-4,0.00023718517078646708,6.199992436687197
mono-00000049,540.0,1.4914932916797738,-3,0.004252524477394117,5.420315518529051
mono-00000049,540.0,1.4914932916797738,-2,0.014497969534729389,4.508203902262423
mono-00000049,540.0,1.4914932916797738,-1,0.2289969052101961,3.357401960987403
mono-00000049,540.0,1.4914932916797738,0,0.37626725536003774,1.4914932916797028
mono-00000049,540.0,1.4914932916797738,1,0.0,0.0
mono-00000049,540.0,1.4914932916797738,2,0.0,0.0
mono-00000049,540.0,1.4914932916797738,3,0.0,0.0
mono-00000049,540.0,1.4914932916797738,4,0.0,0.0
mono-00000049,540.0,1.4914932916797738,5,0.0,0.0
mono-00000049,540.0,1.4914932916797738,6,0.0,0.0
mono-00000049,540.0,1.4914932916797738,7,0.0,0.0
mono-00000049,540.0,1.4914932916797738,8,0.0,0.0
mono-00000049,540.0,1.4914932916797738,9,0.0,0.0
mono-00000049,540.0,1.4914932916797738,10,0.0,0.0
mono-00000049,540.0,1.4914932916797738,11,0.0,0.0
mono-00000049,540.0,1.4914932916797738,12,0.0,0.0
mono-00000049,540.0,1.4914932916797738,13,0.0,0.0
mono-00000049,540.0,1.4914932916797738,14,0.0,0.0
mono-00000049,540.0,1.4914932916797738,15,0.0,0.0
mono-00000050,550.0,1.477882846561556,-15,1.6983334111615064e-06,11.655583803850348
mono-00000050,550.0,1.477882846561556,-14,2.313619866383313e-06,11.265570251231551
mono-00000050,550.0,1.477882846561556,-13,4.276073095659823e-06,10.861748399590994
mono-00000050,550.0,1.477882846561556,-12,8.42679422696739e-06,10.442516219919668
mono-00000050,550.0,1.477882846561556,-11,1.1954140010603134e-05,10.005936676692073
mono-00000050,550.0,1.477882846561556,-10,1.1254414882917158e-05,9.549630631525503
mono-00000050,550.0,1.477882846561556,-9,8.92115967656269e-06,9.070621249468687
mono-00000050,550.0,1.477882846561556,-8,2.5884014832966962e-05,8.56510001868942
mono-00000050,550.0,1.477882846561556,-7,9.369688878406003e-05,8.028059929818014
mono-00000050,550.0,1.477882846561556,-6,0.00018496479655973226,7.4526900633556465
mono-00000050,550.0,1.477882846561556,-5,0.00012251148874398775,6.829309099625831
mono-00000050,550.0,1.477882846561556,-4,0.00020442815725463316,6.143318537629099
mono-00000050,550.0,1.477882846561556,-3,0.0042624213845471855,5.370780617597092
mono-00000050,550.0,1.477882846561556,-2,0.01571934470112653,4.467015086258712
mono-00000050,550.0,1.477882846561556,-1,0.23061189635177462,3.3267365867737624
mono-00000050,550.0,1.477882846561556,0,0.37384618873841524,1.4778828465614424
mono-00000050,550.0,1.477882846561556,1,0.0,0.0
mono-00000050,550.0,1.477882846561556,2,0.0,0.0
mono-00000050,550.0,1.477882846561556,3,0.0,0.0
mono-00000050,550.0,1.477882846561556,4,0.0,0.0
mono-00000050,550.0,1.477882846561556,5,0.0,0.0
mono-00000050,550.0,1.477882846561556,6,0.0,0.0
mono-00000050,550.0,1.477882846561556,7,0.0,0.0
mono-00000050,550.0,1.477882846561556,8,0.0,0.0
mono-00000050,550.0,1.477882846561556,9,0.0,0.0
mono-00000050,550.0,1.477882846561556,10,0.0,0.0
mono-00000050,550.0,1.477882846561556,11,0.0,0.0
mono-00000050,550.0,1.477882846561556,12,0.0,0.0
mono-00000050,550.0,1.477882846561556,13,0.0,0.0
mono-00000050,550.0,1.477882846561556,14,0.0,0.0
mono-00000050,550.0,1.477882846561556,15,0.0,0.0
mono-00000051,560.0,1.4646383291350276,-15,1.7871071198203297e-06,11.550691600033915
mono-00000051,560.0,1.4646383291350276,-14,2.3076665234716908e-06,11.164210794714393
mono-00000051,560.0,1.4646383291350276,-13,4.0887017102018556e-06,10.764044306271217
mono-00000051,560.0,1.4646383291350276,-12,8.329376920827723e-06,10.348604433110737
mono-00000051,560.0,1.4646383291350276,-11,1.2409048609865896e-05,9.915971466839821
mono-00000051,560.0,1.4646383291350276,-10,1.229210181340172e-05,9.463787555445975
mono-00000051,560.0,1.4646383291350276,-9,9.340422402349911e-06,8.989102503764656
mono-00000051,560.0,1.4646383291350276,-8,2.4020242620782796e-05,8.48814188995317
mono-00000051,560.0,1.4646383291350276,-7,9.190266579759691e-05,7.9559435324302825
mono-00000051,560.0,1.4646383291350276,-6,0.00019381351247364534,7.385757503892137
mono-00000051,560.0,1.4646383291350276,-5,0.00014230317429378333,6.7679892019513375
mono-00000051,560.0,1.4646383291350276,-4,0.000174072044424966,6.088170919179419
mono-00000051,560.0,1.4646383291350276,-3,0.004260772349564603,5.322579419722842
mono-00000051,560.0,1.4646383291350276,-2,0.01698477521246879,4.426934980534696
mono-00000051,560.0,1.4646383291350276,-1,0.23213972687387083,3.2968964111543926
mono-00000051,560.0,1.4646383291350276,0,0.37147652920909063,1.4646383291350844
mono-00000051,560.0,1.4646383291350276,1,0.0,0.0
mono-00000051,560.0,1.4646383291350276,2,0.0,0.0
mono-00000051,560.0,1.4646383291350276,3,0.0,0.0
mono-00000051,560.0,1.4646383291350276,4,0.0,0.0
mono-00000051,560.0,1.4646383291350276,5,0.0,0.0
mono-00000051,560.0,1.4646383291350276,6,0.0,0.0
mono-00000051,560.0,1.4646383291350276,7,0.0,0.0
mono-00000051,560.0,1.4646383291350276,8,0.0,0.0
mono-00000051,560.0,1.4646383291350276,9,0.0,0.0
mono-00000051,560.0,1.4646383291350276,10,0.0,0.0
mono-00000051,560.0,1.4646383291350276,11,0.0,0.0
mono-00000051,560.0,1.4646383291350276,12,0.0,0.0
mono-00000051,560.0,1.4646383291350276,13,0.0,0.0
mono-00000051,560.0,1.4646383291350276,14,0.0,0.0
mono-00000051,560.0,1.4646383291350276,15,0.0,0.0
mono-00000056,610.0,1.4033734826197417,-15,2.3449468298226097e-06,11.065647058256289
mono-00000056,610.0,1.4033734826197417,-14,2.5709447182129026e-06,10.695494427922597
mono-00000056,610.0,1.4033734826197417,-13,3.317731094889546e-06,10.312223701023527
mono-00000056,610.0,1.4033734826197417,-12,7.340395522555978e-06,9.914313459840443
mono-00000056,610.0,1.4033734826197417,-11,1.367374710112985e-05,9.499924156450064
mono-00000056,610.0,1.4033734826197417,-10,1.7558289243465547e-05,9.066796414421916
mono-00000056,610.0,1.4033734826197417,-9,1.388612148992525e-05,8.61210327838181
mono-00000056,610.0,1.4033734826197417,-8,1.709025030479616e-05,8.132228029571323
mono-00000056,610.0,1.4033734826197417,-7,7.751907203977122e-05,7.622415860064876
mono-00000056,610.0,1.4033734826197417,-6,0.00022689823409645208,7.076198988154033
mono-00000056,610.0,1.4033734826197417,-5,0.0002617437458404783,6.484383952583528
mono-00000056,610.0,1.4033734826197417,-4,6.930977262505342e-05,5.833108066335882
mono-00000056,610.0,1.4033734826197417,-3,0.004084611265667977,5.099640411651407
mono-00000056,610.0,1.4033734826197417,-2,0.02394437905612494,4.241553948076643
mono-00000056,610.0,1.4033734826197417,-1,0.238660620736456,3.1588746767774865
mono-00000056,610.0,1.4033734826197417,0,0.3605552163155952,1.4033734826198128
mono-00000056,610.0,1.4033734826197417,1,0.0,0.0
mono-00000056,610.0,1.4033734826197417,2,0.0,0.0
mono-00000056,610.0,1.4033734826197417,3,0.0,0.0
mono-00000056,610.0,1.4033734826197417,4,0.0,0.0
mono-00000056,610.0,1.4033734826197417,5,0.0,0.0
mono-00000056,610.0,1.4033734826197417,6,0.0,0.0
mono-00000056,610.0,1.4033734826197417,7,0.0,0.0
mono-00000056,610.0,1.4033734826197417,8,0.0,0.0
mono-00000056,610.0,1.4033734826197417,9,0.0,0.0
mono-00000056,610.0,1.4033734826197417,10,0.0,0.0
mono-00000056,610.0,1.4033734826197417,11,0.0,0.0
mono-00000056,610.0,1.4033734826197417,12,0.0,0.0
mono-00000056,610.0,1.4033734826197417,13,0.0,0.0
mono-00000056,610.0,1.4033734826197417,14,0.0,0.0
mono-00000056,610.0,1.4033734826197417,15,0.0,0.0
mono-00000053,580.0,1.4391836186881903,-15,1.992015541312313e-06,11.349131956513972
mono-00000053,580.0,1.4391836186881903,-14,2.354014921293707e-06,10.969437890955192
mono-00000053,580.0,1.4391836186881903,-13,3.7376168777013455e-06,10.576293886698664
mono-00000053,580.0,1.4391836186881903,-12,8.019365056387077e-06,10.168139780236956
mono-00000053,580.0,1.4391836186881903,-11,1.313012322857595e-05,9.743089166626504
mono-00000053,580.0,1.4391836186881903,-10,1.4429184831655283e-05,9.298825106793913
mono-00000053,580.0,1.4391836186881903,-9,1.0695670778702433e-05,8.832448607499913
mono-00000053,580.0,1.4391836186881903,-8,2.0694900473343337e-05,8.34025076764506
mono-00000053,580.0,1.4391836186881903,-7,8.712928888355418e-05,7.817355563641911
mono-00000053,580.0,1.4391836186881903,-6,0.00020954125047900754,7.257130292778456
mono-00000053,580.0,1.4391836186881903,-5,0.00018651224172894665,6.6501470183682585
mono-00000053,580.0,1.4391836186881903,-4,0.00012184142356462974,5.982189408407379
mono-00000053,580.0,1.4391836186881903,-3,0.0042248782028792425,5.229946521713529
mono-00000053,580.0,1.4391836186881903,-2,0.019652494105970118,4.349908407656841
mono-00000053,580.0,1.4391836186881903,-1,0.23502929004142323,3.2395484272629034
mono-00000053,580.0,1.4391836186881903,0,0.36698461329785276,1.4391836186882045
mono-00000053,580.0,1.4391836186881903,1,0.0,0.0
mono-00000053,580.0,1.4391836186881903,2,0.0,0.0
mono-00000053,580.0,1.4391836186881903,3,0.0,0.0
mono-00000053,580.0,1.4391836186881903,4,0.0,0.0
mono-00000053,580.0,1.4391836186881903,5,0.0,0.0
mono-00000053,580.0,1.4391836186881903,6,0.0,0.0
mono-00000053,580.0,1.4391836186881903,7,0.0,0.0
mono-00000053,580.0,1.4391836186881903,8,0.0,0.0
mono-00000053,580.0,1.4391836186881903,9,0.0,0.0
mono-00000053,580.0,1.4391836186881903,10,0.0,0.0
mono-00000053,580.0,1.4391836186881903,11,0.0,0.0
mono-00000053,580.0,1.4391836186881903,12,0.0,0.0
mono-00000053,580.0,1.4391836186881903,13,0.0,0.0
mono-00000053,580.0,1.4391836186881903,14,0.0,0.0
mono-00000053,580.0,1.4391836186881903,15,0.0,0.0
mono-00000054,590.0,1.4269440606519765,-15,2.1048941222273733e-06,11.252230078784137
mono-00000054,590.0,1.4269440606519765,-14,2.4062778534636935e-06,10.875798000387135
mono-00000054,590.0,1.4269440606519765,-13,3.580093532162803e-06,10.48602937863707
mono-00000054,590.0,1.4269440606519765,-12,7.814759442882116e-06,10.081377292345266
mono-00000054,590.0,1.4269440606519765,-11,1.3383024669939543e-05,9.659971351173326
mono-00000054,590.0,1.4269440606519765,-10,1.549389566049841e-05,9.219514289671181
mono-00000054,590.0,1.4269440606519765,-9,1.1613747357403252e-05,8.75713173564938
mono-00000054,590.0,1.4269440606519765,-8,1.9284660192693425e-05,8.269146294178839
mono-00000054,590.0,1.4269440606519765,-7,8.419638375536403e-05,7.750723371088711
mono-00000054,590.0,1.4269440606519765,-6,0.00021618117011729546,7.1952866311071375
mono-00000054,590.0,1.4269440606519765,-5,0.00021054580915978111,6.593488278043978
mono-00000054,590.0,1.4269440606519765,-4,0.000100593412052034,5.931232851598054
mono-00000054,590.0,1.4269440606519765,-3,0.004188959325656982,5.185407656979109
mono-00000054,590.0,1.4269440606519765,-2,0.021044878305839402,4.312872874284963
mono-00000054,590.0,1.4269440606519765,-1,0.2363203032828981,3.2119743456561594
mono-00000054,590.0,1.4269440606519765,0,0.3647962428924097,1.4269440606517776
mono-00000054,590.0,1.4269440606519765,1,0.0,0.0
mono-00000054,590.0,1.4269440606519765,2,0.0,0.0
mono-00000054,590.0,1.4269440606519765,3,0.0,0.0
mono-00000054,590.0,1.4269440606519765,4,0.0,0.0
mono-00000054,590.0,1.4269440606519765,5,0.0,0.0
mono-00000054,590.0,1.4269440606519765,6,0.0,0.0
mono-00000054,590.0,1.4269440606519765,7,0.0,0.0
mono-00000054,590.0,1.4269440606519765,8,0.0,0.0
mono-00000054,590.0,1.4269440606519765,9,0.0,0.0
mono-00000054,590.0,1.4269440606519765,10,0.0,0.0
mono-00000054,590.0,1.4269440606519765,11,0.0,0.0
mono-00000054,590.0,1.4269440606519765,12,0.0,0.0
mono-00000054,590.0,1.4269440606519765,13,0.0,0.0
mono-00000054,590.0,1.4269440606519765,14,0.0,0.0
mono-00000054,590.0,1.4269440606519765,15,0.0,0.0
mono-00000052,570.0,1.4517436308334766,-15,1.8856744529264083e-06,11.448581260962982
mono-00000052,570.0,1.4517436308334766,-14,2.321218897301729e-06,11.065538910904507
mono-00000052,570.0,1.4517436308334766,-13,3.908404109126564e-06,10.668930285343734
mono-00000052,570.0,1.4517436308334766,-12,8.19321602456852e-06,10.25718163241784
mono-00000052,570.0,1.4517436308334766,-11,1.2804944306523179e-05,9.82839011401775
mono-00000052,570.0,1.4517436308334766,-10,1.3357344111724048e-05,9.38021860315122
mono-00000052,570.0,1.4517436308334766,-9,9.934445452955254e-06,8.909742841771745
mono-00000052,570.0,1.4517436308334766,-8,2.228300201445992e-05,8.41322159865949
mono-00000052,570.0,1.4517436308334766,-7,8.971764382887656e-05,7.8857363371186295
mono-00000052,570.0,1.4517436308334766,-6,0.00020206769360408376,7.3205965122434975
mono-00000052,570.0,1.4517436308334766,-5,0.00016369811203910387,6.708291949647787
mono-00000052,570.0,1.4517436308334766,-4,0.0001464569224254867,6.034482281777983
mono-00000052,570.0,1.4517436308334766,-3,0.004248858906136268,5.275653130604653
mono-00000052,570.0,1.4517436308334766,-2,0.01829767293822824,4.387914721327448
mono-00000052,570.0,1.4517436308334766,-1,0.23362870889514722,3.267845076048161
mono-00000052,570.0,1.4517436308334766,0,0.3691983879747855,1.4517436308334766
mono-00000052,570.0,1.4517436308334766,1,0.0,0.0
mono-00000052,570.0,1.4517436308334766,2,0.0,0.0
mono-00000052,570.0,1.4517436308334766,3,0.0,0.0
mono-00000052,570.0,1.4517436308334766,4,0.0,0.0
mono-00000052,570.0,1.4517436308334766,5,0.0,0.0
mono-00000052,570.0,1.4517436308334766,6,0.0,0.0
mono-00000052,570.0,1.4517436308334766,7,0.0,0.0
mono-00000052,570.0,1.4517436308334766,8,0.0,0.0
mono-00000052,570.0,1.4517436308334766,9,0.0,0.0
mono-00000052,570.0,1.4517436308334766,10,0.0,0.0
mono-00000052,570.0,1.4517436308334766,11,0.0,0.0
mono-00000052,570.0,1.4517436308334766,12,0.0,0.0
mono-00000052,570.0,1.4517436308334766,13,0.0,0.0
mono-00000052,570.0,1.4517436308334766,14,0.0,0.0
mono-00000052,570.0,1.4517436308334766,15,0.0,0.0
mono-00000055,600.0,1.4150115577924396,-15,2.223063295237672e-06,11.157768696377374
mono-00000055,600.0,1.4150115577924396,-14,2.4785127173194593e-06,10.784515952215727
mono-00000055,600.0,1.4150115577924396,-13,3.43918098076934e-06,10.398037240442704
mono-00000055,600.0,1.4150115577924396,-12,7.586261573820613e-06,9.996798550595145
mono-00000055,600.0,1.4150115577924396,-11,1.3563886290719965e-05,9.578945105851773
mono-00000055,600.0,1.4150115577924396,-10,1.6540573458364776e-05,9.142198821564023
mono-00000055,600.0,1.4150115577924396,-9,1.26804666876996e-05,8.683709329718297
mono-00000055,600.0,1.4150115577924396,-8,1.807636189068163e-05,8.199829952020636
mono-00000055,600.0,1.4150115577924396,-7,8.097520463702804e-05,7.685766485298146
mono-00000055,600.0,1.4150115577924396,-6,0.00022197214265750443,7.134997548587862
mono-00000055,600.0,1.4150115577924396,-5,0.00023566850249157967,6.538253476641501
mono-00000055,600.0,1.4150115577924396,-4,8.29987340421264e-05,5.881556649272099
mono-00000055,600.0,1.4150115577924396,-3,0.004141971514764575,5.141987644652929
mono-00000055,600.0,1.4150115577924396,-2,0.022475450598015437,4.276767485584173
mono-00000055,600.0,1.4150115577924396,-1,0.23752551397887212,3.1850925938417447
mono-00000055,600.0,1.4150115577924396,0,0.36265010526936897,1.4150115577921412
mono-00000055,600.0,1.4150115577924396,1,0.0,0.0
mono-00000055,600.0,1.4150115577924396,2,0.0,0.0
mono-00000055,600.0,1.4150115577924396,3,0.0,0.0
mono-00000055,600.0,1.4150115577924396,4,0.0,0.0
mono-00000055,600.0,1.4150115577924396,5,0.0,0.0
mono-00000055,600.0,1.4150115577924396,6,0.0,0.0
mono-00000055,600.0,1.4150115577924396,7,0.0,0.0
mono-00000055,600.0,1.4150115577924396,8,0.0,0.0
mono-00000055,600.0,1.4150115577924396,9,0.0,0.0
mono-00000055,600.0,1.4150115577924396,10,0.0,0.0
mono-00000055,600.0,1.4150115577924396,11,0.0,0.0
mono-00000055,600.0,1.4150115577924396,12,0.0,0.0
mono-00000055,600.0,1.4150115577924396,13,0.0,0.0
mono-00000055,600.0,1.4150115577924396,14,0.0,0.0
mono-00000055,600.0,1.4150115577924396,15,0.0,0.0
mono-00000061,660.0,1.349204877776458,-15,2.9515961937343266e-06,10.636987636783502
mono-00000061,660.0,1.349204877776458,-14,3.3315035019948437e-06,10.281254427611074
mono-00000061,660.0,1.349204877776458,-13,3.0928430313022148e-06,9.91290550158483
mono-00000061,660.0,1.349204877776458,-12,6.067245522743079e-06,9.530478060511058
mono-00000061,660.0,1.349204877776458,-11,1.3290862788416078e-05,9.132203446439405
mono-00000061,660.0,1.349204877776458,-10,2.1938207327624262e-05,8.715909367885828
mono-00000061,660.0,1.349204877776458,-9,2.1690561291258745e-05,8.278877851601337
mono-00000061,660.0,1.349204877776458,-8,1.6044625018588715e-05,7.817631633826437
mono-00000061,660.0,1.349204877776458,-7,5.8556872205265714e-05,7.327599280238218
mono-00000061,660.0,1.349204877776458,-6,0.00023905576092120282,6.8025624947662635
mono-00000061,660.0,1.349204877776458,-5,0.00040370276655973445,6.233682513657783
mono-00000061,660.0,1.349204877776458,-4,6.66313484797356e-05,5.607631607157586
mono-00000061,660.0,1.349204877776458,-3,0.0036763633984994637,4.902556236556549
mono-00000061,660.0,1.349204877776458,-2,0.03199027215207507,4.077667396151696
mono-00000061,660.0,1.349204877776458,-1,0.24437046897925874,3.036852144556491
mono-00000061,660.0,1.349204877776458,0,0.35163481939029395,1.3492048777763301
mono-00000061,660.0,1.349204877776458,1,0.0,0.0
mono-00000061,660.0,1.349204877776458,2,0.0,0.0
mono-00000061,660.0,1.349204877776458,3,0.0,0.0
mono-00000061,660.0,1.349204877776458,4,0.0,0.0
mono-00000061,660.0,1.349204877776458,5,0.0,0.0
mono-00000061,660.0,1.349204877776458,6,0.0,0.0
mono-00000061,660.0,1.349204877776458,7,0.0,0.0
mono-00000061,660.0,1.349204877776458,8,0.0,0.0
mono-00000061,660.0,1.349204877776458,9,0.0,0.0
mono-00000061,660.0,1.349204877776458,10,0.0,0.0
mono-00000061,660.0,1.349204877776458,11,0.0,0.0
mono-00000061,660.0,1.349204877776458,12,0.0,0.0
mono-00000061,660.0,1.349204877776458,13,0.0,0.0
mono-00000061,660.0,1.349204877776458,14,0.0,0.0
mono-00000061,660.0,1.349204877776458,15,0.0,0.0
mono-00000058,630.0,1.3809336304162514,-15,2.592719157754631e-06,10.888048241344421
mono-00000058,630.0,1.3809336304162514,-14,2.8161145708739967e-06,10.5238709401673
mono-00000058,630.0,1.3809336304162514,-13,3.1432804460154855e-06,10.146783598272705
mono-00000058,630.0,1.3809336304162514,-12,6.821637129053508e-06,9.755289080145474
mono-00000058,630.0,1.3809336304162514,-11,1.3691181784344938e-05,9.347577203083858
mono-00000058,630.0,1.3809336304162514,-10,1.9468091266976633e-05,8.921424664655149
mono-00000058,630.0,1.3809336304162514,-9,1.6672740664859698e-05,8.474049654440009
mono-00000058,630.0,1.3809336304162514,-8,1.5850164468262518e-05,8.001893222149064
mono-00000058,630.0,1.3809336304162514,-7,7.011450989563372e-05,7.5002765218708305
mono-00000058,630.0,1.3809336304162514,-6,0.00023414631673571377,6.962835121346288
mono-00000058,630.0,1.3809336304162514,-5,0.00031625476999530024,6.380522493830725
mono-00000058,630.0,1.3809336304162514,-4,5.451424804071853e-05,5.739697561602426
mono-00000058,630.0,1.3809336304162514,-3,0.003941787990746554,5.01799286937424
mono-00000058,630.0,1.3809336304162514,-2,0.027000617326971114,4.173659953908114
mono-00000058,630.0,1.3809336304162514,-1,0.240788086943806,3.10832432761849
mono-00000058,630.0,1.3809336304162514,0,0.3565559551907549,1.3809336304162514
mono-00000058,630.0,1.3809336304162514,1,0.0,0.0
mono-00000058,630.0,1.3809336304162514,2,0.0,0.0
mono-00000058,630.0,1.3809336304162514,3,0.0,0.0
mono-00000058,630.0,1.3809336304162514,4,0.0,0.0
mono-00000058,630.0,1.3809336304162514,5,0.0,0.0
mono-00000058,630.0,1.3809336304162514,6,0.0,0.0
mono-00000058,630.0,1.3809336304162514,7,0.0,0.0
mono-00000058,630.0,1.3809336304162514,8,0.0,0.0
mono-00000058,630.0,1.3809336304162514,9,0.0,0.0
mono-00000058,630.0,1.3809336304162514,10,0.0,0.0
mono-00000058,630.0,1.3809336304162514,11,0.0,0.0
mono-00000058,630.0,1.3809336304162514,12,0.0,0.0
mono-00000058,630.0,1.3809336304162514,13,0.0,0.0
mono-00000058,630.0,1.3809336304162514,14,0.0,0.0
mono-00000058,630.0,1.3809336304162514,15,0.0,0.0
mono-00000057,620.0,1.3920179229044862,-15,2.468772019786979e-06,10.975770141926077
mono-00000057,620.0,1.3920179229044862,-14,2.683560284210794e-06,10.608641641220657
mono-00000057,620.0,1.3920179229044862,-13,3.2182993012648237e-06,10.22850031875862
mono-00000057,620.0,1.3920179229044862,-12,7.083476656914471e-06,9.83383704442791
mono-00000057,620.0,1.3920179229044862,-11,1.3714915697350171e-05,9.422827130121064
mono-00000057,620.0,1.3920179229044862,-10,1.8536964646494204e-05,8.993229454135871
mono-00000057,620.0,1.3920179229044862,-9,1.5220316143525468e-05,8.542239906105209
mono-00000057,620.0,1.3920179229044862,-8,1.6343394199714242e-05,8.066271000306884
mono-00000057,620.0,1.3920179229044862,-7,7.388098027872277e-05,7.56060636856526
mono-00000057,620.0,1.3920179229044862,-6,0.00023095309349911554,7.018830528160933
mono-00000057,620.0,1.3920179229044862,-5,0.0002886422408138156,6.4318243728110644
mono-00000057,620.0,1.3920179229044862,-4,5.974949901659733e-05,5.785837359309042
mono-00000057,620.0,1.3920179229044862,-3,0.004017600608923217,5.058322498011421
mono-00000057,620.0,1.3920179229044862,-2,0.0254522360756737,4.207196139676611
mono-00000057,620.0,1.3920179229044862,-1,0.23974146623513654,3.1332937147704314
mono-00000057,620.0,1.3920179229044862,0,0.3585201745682496,1.3920179229044294
mono-00000057,620.0,1.3920179229044862,1,0.0,0.0
mono-00000057,620.0,1.3920179229044862,2,0.0,0.0
mono-00000057,620.0,1.3920179229044862,3,0.0,0.0
mono-00000057,620.0,1.3920179229044862,4,0.0,0.0
mono-00000057,620.0,1.3920179229044862,5,0.0,0.0
mono-00000057,620.0,1.3920179229044862,6,0.0,0.0
mono-00000057,620.0,1.3920179229044862,7,0.0,0.0
mono-00000057,620.0,1.3920179229044862,8,0.0,0.0
mono-00000057,620.0,1.3920179229044862,9,0.0,0.0
mono-00000057,620.0,1.3920179229044862,10,0.0,0.0
mono-00000057,620.0,1.3920179229044862,11,0.0,0.0
mono-00000057,620.0,1.3920179229044862,12,0.0,0.0
mono-00000057,620.0,1.3920179229044862,13,0.0,0.0
mono-00000057,620.0,1.3920179229044862,14,0.0,0.0
mono-00000057,620.0,1.3920179229044862,15,0.0,0.0
mono-00000060,650.0,1.3595368971255795,-15,2.835845878829523e-06,10.718735019022134
mono-00000060,650.0,1.3595368971255795,-14,3.140908774453241e-06,10.360252709151894
mono-00000060,650.0,1.3595368971255795,-13,3.0774708552694404e-06,9.989058821727127
mono-00000060,650.0,1.3595368971255795,-12,6.308657113359265e-06,9.60367937663436
mono-00000060,650.0,1.3595368971255795,-11,1.3476618965567055e-05,9.202332193478583
mono-00000060,650.0,1.3595368971255795,-10,2.1176377278090827e-05,8.782828369241187
mono-00000060,650.0,1.3595368971255795,-9,1.9911685084351654e-05,8.34242914241348
mono-00000060,650.0,1.3595368971255795,-8,1.5679709673195247e-05,7.877630648535998
mono-00000060,650.0,1.3595368971255795,-7,6.242453778134628e-05,7.383826475538839
mono-00000060,650.0,1.3595368971255795,-6,0.00023821259075047102,6.854750739457316
mono-00000060,650.0,1.3595368971255795,-5,0.0003736771085073608,6.281497020766366
mono-00000060,650.0,1.3595368971255795,-4,5.769444403235437e-05,5.650635551836018
mono-00000060,650.0,1.3595368971255795,-3,0.0037701963582626855,4.94014544428687
mono-00000060,650.0,1.3595368971255795,-2,0.03025174865959865,4.1089252604773066
mono-00000060,650.0,1.3595368971255795,-1,0.24300408847733262,3.0601256283336085
mono-00000060,650.0,1.3595368971255795,0,0.35299933282728146,1.359536897125622
mono-00000060,650.0,1.3595368971255795,1,0.0,0.0
mono-00000060,650.0,1.3595368971255795,2,0.0,0.0
mono-00000060,650.0,1.3595368971255795,3,0.0,0.0
mono-00000060,650.0,1.3595368971255795,4,0.0,0.0
mono-00000060,650.0,1.3595368971255795,5,0.0,0.0
mono-00000060,650.0,1.3595368971255795,6,0.0,0.0
mono-00000060,650.0,1.3595368971255795,7,0.0,0.0
mono-00000060,650.0,1.3595368971255795,8,0.0,0.0
mono-00000060,650.0,1.3595368971255795,9,0.0,0.0
mono-00000060,650.0,1.3595368971255795,10,0.0,0.0
mono-00000060,650.0,1.3595368971255795,11,0.0,0.0
mono-00000060,650.0,1.3595368971255795,12,0.0,0.0
mono-00000060,650.0,1.3595368971255795,13,0.0,0.0
mono-00000060,650.0,1.3595368971255795,14,0.0,0.0
mono-00000060,650.0,1.3595368971255795,15,0.0,0.0
mono-00000062,670.0,1.3391048932334257,-15,3.0547353258512976e-06,10.557082544437122
mono-00000062,670.0,1.3391048932334257,-14,3.529620375091225e-06,10.204036144510951
mono-00000062,670.0,1.3391048932334257,-13,3.1366081347710154e-06,9.838467752490715
mono-00000062,670.0,1.3391048932334257,-12,5.834819655277244e-06,9.458925501403684
mono-00000062,670.0,1.3391048932334257,-11,1.3033932306966903e-05,9.063653952519246
mono-00000062,670.0,1.3391048932334257,-10,2.2572801398146147e-05,8.650497053329573
mono-00000062,670.0,1.3391048932334257,-9,2.3492276546778317e-05,8.216757152530462
mono-00000062,670.0,1.3391048932334257,-8,1.6702923185484415e-05,7.758982990258346
mono-00000062,670.0,1.3391048932334257,-7,5.466916026789555e-05,7.272637325044528
mono-00000062,670.0,1.3391048932334257,-6,0.00023848389048382006,6.751548380650959
mono-00000062,670.0,1.3391048932334257,-5,0.0004332627469487373,6.186943530336876
mono-00000062,670.0,1.3391048932334257,-4,8.092590373309078e-05,5.565594791175087
mono-00000062,670.0,1.3391048932334257,-3,0.0035688728445861274,4.865812215824107
mono-00000062,670.0,1.3391048932334257,-2,0.03375094629071287,4.047112212283395
mono-00000062,670.0,1.3391048932334257,-1,0.24557874713564842,3.014101722131656
mono-00000062,670.0,1.3391048932334257,0,0.3503236452674622,1.3391048932332552
mono-00000062,670.0,1.3391048932334257,1,0.0,0.0
mono-00000062,670.0,1.3391048932334257,2,0.0,0.0
mono-00000062,670.0,1.3391048932334257,3,0.0,0.0
mono-00000062,670.0,1.3391048932334257,4,0.0,0.0
mono-00000062,670.0,1.3391048932334257,5,0.0,0.0
mono-00000062,670.0,1.3391048932334257,6,0.0,0.0
mono-00000062,670.0,1.3391048932334257,7,0.0,0.0
mono-00000062,670.0,1.3391048932334257,8,0.0,0.0
mono-00000062,670.0,1.3391048932334257,9,0.0,0.0
mono-00000062,670.0,1.3391048932334257,10,0.0,0.0
mono-00000062,670.0,1.3391048932334257,11,0.0,0.0
mono-00000062,670.0,1.3391048932334257,12,0.0,0.0
mono-00000062,670.0,1.3391048932334257,13,0.0,0.0
mono-00000062,670.0,1.3391048932334257,14,0.0,0.0
mono-00000062,670.0,1.3391048932334257,15,0.0,0.0
mono-00000059,640.0,1.370109974082979,-15,2.715338046600026e-06,10.802396590493188
mono-00000059,640.0,1.370109974082979,-14,2.9684475909003446e-06,10.441100443703135
mono-00000059,640.0,1.370109974082979,-13,3.095231858910336e-06,10.06699464036069
mono-00000059,640.0,1.370109974082979,-12,6.561214661196659e-06,9.678593758001668
mono-00000059,640.0,1.370109974082979,-11,1.3608974255639616e-05,9.274101778788406
mono-00000059,640.0,1.370109974082979,-10,2.034744893016553e-05,8.851312801141617
mono-00000059,640.0,1.370109974082979,-9,1.8236159855371842e-05,8.407466790866522
mono-00000059,640.0,1.370109974082979,-8,1.562343927076066e-05,7.939032662815237
mono-00000059,640.0,1.370109974082979,-7,6.627768512365538e-05,7.4413682117822475
mono-00000059,640.0,1.370109974082979,-6,0.0002365321101733992,6.908158856340094
mono-00000059,640.0,1.370109974082979,-5,0.00034454773769277384,6.330428943398374
mono-00000059,640.0,1.370109974082979,-4,5.377279848619228e-05,5.694644287336217
mono-00000059,640.0,1.370109974082979,-3,0.0038585712613584604,4.97861274565696
mono-00000059,640.0,1.370109974082979,-2,0.028594937664483785,4.140913157566615
mono-00000059,640.0,1.370109974082979,-1,0.24184176912917557,3.083942528745524
mono-00000059,640.0,1.370109974082979,0,0.35468757917222066,1.3701099740830216
mono-00000059,640.0,1.370109974082979,1,0.0,0.0
mono-00000059,640.0,1.370109974082979,2,0.0,0.0
mono-00000059,640.0,1.370109974082979,3,0.0,0.0
mono-00000059,640.0,1.370109974082979,4,0.0,0.0
mono-00000059,640.0,1.370109974082979,5,0.0,0.0
mono-00000059,640.0,1.370109974082979,6,0.0,0.0
mono-00000059,640.0,1.370109974082979,7,0.0,0.0
mono-00000059,640.0,1.370109974082979,8,0.0,0.0
mono-00000059,640.0,1.370109974082979,9,0.0,0.0
mono-00000059,640.0,1.370109974082979,10,0.0,0.0
mono-00000059,640.0,1.370109974082979,11,0.0,0.0
mono-00000059,640.0,1.370109974082979,12,0.0,0.0
mono-00000059,640.0,1.370109974082979,13,0.0,0.0
mono-00000059,640.0,1.370109974082979,14,0.0,0.0
mono-00000059,640.0,1.370109974082979,15,0.0,0.0
mono-00000063,680.0,1.3292283865373804,-15,3.1439050741520713e-06,10.478951567615837
mono-00000063,680.0,1.3292283865373804,-14,3.7311045052541843e-06,10.128532002919457
mono-00000063,680.0,1.3292283865373804,-13,3.2071247217328296e-06,9.765682113087053
mono-00000063,680.0,1.3292283865373804,-12,5.617189698663645e-06,9.388960720898694
mono-00000063,680.0,1.3292283865373804,-11,1.2719697605303979e-05,8.996625314784936
mono-00000063,680.0,1.3292283865373804,-10,2.3076411538953466e-05,8.586535722377079
mono-00000063,680.0,1.3292283865373804,-9,2.5281096733762782e-05,8.156014165178675
mono-00000063,680.0,1.3292283865373804,-8,1.7629422845700555e-05,7.7016348124058425
mono-00000063,680.0,1.3292283865373804,-7,5.086664411258075e-05,7.218893859474676
mono-00000063,680.0,1.3292283865373804,-6,0.0002365890863338557,6.701665021281826
mono-00000063,680.0,1.3292283865373804,-5,0.00046176119268076824,6.1412403453246895
mono-00000063,680.0,1.3292283865373804,-4,0.00010052220961779393,5.524489388928828
mono-00000063,680.0,1.3292283865373804,-3,0.0034482308529155503,4.829882176416959
mono-00000063,680.0,1.3292283865373804,-2,0.03550516523611652,4.0172337701352205
mono-00000063,680.0,1.3292283865373804,-1,0.24650155302575025,2.991855057482425
mono-00000063,680.0,1.3292283865373804,0,0.34889691839701137,1.3292283865370251
mono-00000063,680.0,1.3292283865373804,1,0.0,0.0
mono-00000063,680.0,1.3292283865373804,2,0.0,0.0
mono-00000063,680.0,1.3292283865373804,3,0.0,0.0
mono-00000063,680.0,1.3292283865373804,4,0.0,0.0
mono-00000063,680.0,1.3292283865373804,5,0.0,0.0
mono-00000063,680.0,1.3292283865373804,6,0.0,0.0
mono-00000063,680.0,1.3292283865373804,7,0.0,0.0
mono-00000063,680.0,1.3292283865373804,8,0.0,0.0
mono-00000063,680.0,1.3292283865373804,9,0.0,0.0
mono-00000063,680.0,1.3292283865373804,10,0.0,0.0
mono-00000063,680.0,1.3292283865373804,11,0.0,0.0
mono-00000063,680.0,1.3292283865373804,12,0.0,0.0
mono-00000063,680.0,1.3292283865373804,13,0.0,0.0
mono-00000063,680.0,1.3292283865373804,14,0.0,0.0
mono-00000063,680.0,1.3292283865373804,15,0.0,0.0
mono-00000065,700.0,1.3101137276235448,-15,3.285300519123923e-06,10.327756440240123
mono-00000065,700.0,1.3101137276235448,-14,4.140460121796623e-06,9.982419306761926
mono-00000065,700.0,1.3101137276235448,-13,3.434709028848487e-06,9.624829301752342
mono-00000065,700.0,1.3101137276235448,-12,5.2518919797420156e-06,9.253565937699605
mono-00000065,700.0,1.3101137276235448,-11,1.1986292820196572e-05,8.866911723044822
mono-00000065,700.0,1.3101137276235448,-10,2.3746465833828095e-05,8.46275722063217
mono-00000065,700.0,1.3101137276235448,-9,2.881626569636382e-05,8.038463114570234
mono-00000065,700.0,1.3101137276235448,-8,2.0270269371180405e-05,7.590652790222123
mono-00000065,700.0,1.3101137276235448,-7,4.383540144852041e-05,7.114887157298341
mono-00000065,700.0,1.3101137276235448,-6,0.00022978214678132916,6.605127974452344
mono-00000065,700.0,1.3101137276235448,-5,0.000516126516797771,6.052792459226623
mono-00000065,700.0,1.3101137276235448,-4,0.00015554060881187384,5.4449389464050455
mono-00000065,700.0,1.3101137276235448,-3,0.0031818107763404153,4.760347064119571
mono-00000065,700.0,1.3101137276235448,-2,0.039053012753495285,3.959409875840336
mono-00000065,700.0,1.3101137276235448,-1,0.24793320771447452,2.9488006380741894
mono-00000065,700.0,1.3101137276235448,0,0.3459886265390238,1.3101137276235306
mono-00000065,700.0,1.3101137276235448,1,0.0,0.0
mono-00000065,700.0,1.3101137276235448,2,0.0,0.0
mono-00000065,700.0,1.3101137276235448,3,0.0,0.0
mono-00000065,700.0,1.3101137276235448,4,0.0,0.0
mono-00000065,700.0,1.3101137276235448,5,0.0,0.0
mono-00000065,700.0,1.3101137276235448,6,0.0,0.0
mono-00000065,700.0,1.3101137276235448,7,0.0,0.0
mono-00000065,700.0,1.3101137276235448,8,0.0,0.0
mono-00000065,700.0,1.3101137276235448,9,0.0,0.0
mono-00000065,700.0,1.3101137276235448,10,0.0,0.0
mono-00000065,700.0,1.3101137276235448,11,0.0,0.0
mono-00000065,700.0,1.3101137276235448,12,0.0,0.0
mono-00000065,700.0,1.3101137276235448,13,0.0,0.0
mono-00000065,700.0,1.3101137276235448,14,0.0,0.0
mono-00000065,700.0,1.3101137276235448,15,0.0,0.0
mono-00000068,730.0,1.2829274905092944,-15,3.4086326431936777e-06,10.112753815416639
mono-00000068,730.0,1.2829274905092944,-14,4.721212981958678e-06,9.774642018113454
mono-00000068,730.0,1.2829274905092944,-13,3.980316240256463e-06,9.42452983588015
mono-00000068,730.0,1.2829274905092944,-12,4.9243705844329e-06,9.061026210104828
mono-00000068,730.0,1.2829274905092944,-11,1.0756169812603327e-05,8.682449237213774
mono-00000068,730.0,1.2829274905092944,-10,2.393288747354797e-05,8.28673319684735
mono-00000068,730.0,1.2829274905092944,-9,3.37701327432028e-05,7.871293480621148
mono-00000068,730.0,1.2829274905092944,-8,2.5994014638376474e-05,7.432823476131418
mono-00000068,730.0,1.2829274905092944,-7,3.5430736745256936e-05,6.966976138146748
mono-00000068,730.0,1.2829274905092944,-6,0.00021319095470011246,6.46783845137243
mono-00000068,730.0,1.2829274905092944,-5,0.0005888382542491251,5.927005662970288
mono-00000068,730.0,1.2829274905092944,-4,0.0002768605552286286,5.331804603543361
mono-00000068,730.0,1.2829274905092944,-3,0.0027364034619566193,4.661455242016572
mono-00000068,730.0,1.2829274905092944,-2,0.044465281670697056,3.877172706499138
mono-00000068,730.0,1.2829274905092944,-1,0.24928489685598595,2.8875678587987323
mono-00000068,730.0,1.2829274905092944,0,0.34165574136934745,1.2829274905094934
mono-00000068,730.0,1.2829274905092944,1,0.0,0.0
mono-00000068,730.0,1.2829274905092944,2,0.0,0.0
mono-00000068,730.0,1.2829274905092944,3,0.0,0.0
mono-00000068,730.0,1.2829274905092944,4,0.0,0.0
mono-00000068,730.0,1.2829274905092944,5,0.0,0.0
mono-00000068,730.0,1.2829274905092944,6,0.0,0.0
mono-00000068,730.0,1.2829274905092944,7,0.0,0.0
mono-00000068,730.0,1.2829274905092944,8,0.0,0.0
mono-00000068,730.0,1.2829274905092944,9,0.0,0.0
mono-00000068,730.0,1.2829274905092944,10,0.0,0.0
mono-00000068,730.0,1.2829274905092944,11,0.0,0.0
mono-00000068,730.0,1.2829274905092944,12,0.0,0.0
mono-00000068,730.0,1.2829274905092944,13,0.0,0.0
mono-00000068,730.0,1.2829274905092944,14,0.0,0.0
mono-00000068,730.0,1.2829274905092944,15,0.0,0.0
mono-00000066,710.0,1.300860528226437,-15,3.3377021403113947e-06,10.25457246014632
mono-00000066,710.0,1.300860528226437,-14,4.341875402712954e-06,9.911694993191801
mono-00000066,710.0,1.300860528226437,-13,3.590844614652118e-06,9.556650578904083
mono-00000066,710.0,1.300860528226437,-12,5.1108852239849264e-06,9.188028745961432
mono-00000066,710.0,1.300860528226437,-11,1.1585503303552425e-05,8.804124115293462
mono-00000066,710.0,1.300860528226437,-10,2.3915479701012505e-05,8.402842128950795
mono-00000066,710.0,1.300860528226437,-9,3.0530989622055324e-05,7.981562091049966
mono-00000066,710.0,1.300860528226437,-8,2.196048652697628e-05,7.536931212691158
mono-00000066,710.0,1.300860528226437,-7,4.07067916722343e-05,7.064541731859819
mono-00000066,710.0,1.300860528226437,-6,0.0002250289923375586,6.558398029058139
mono-00000066,710.0,1.300860528226437,-5,0.0005417117380246218,6.009977916090776
mono-00000066,710.0,1.300860528226437,-4,0.00019090315800805962,5.406431113491735
mono-00000066,710.0,1.300860528226437,-3,0.0030384752461970767,4.726687125260213
mono-00000066,710.0,1.300860528226437,-2,0.04084748239629226,3.931418816863683
mono-00000066,710.0,1.300860528226437,-1,0.24848502563074065,2.927958941705114
mono-00000066,710.0,1.300860528226437,0,0.3445391079862688,1.3008605282264512
mono-00000066,710.0,1.300860528226437,1,0.0,0.0
mono-00000066,710.0,1.300860528226437,2,0.0,0.0
mono-00000066,710.0,1.300860528226437,3,0.0,0.0
mono-00000066,710.0,1.300860528226437,4,0.0,0.0
mono-00000066,710.0,1.300860528226437,5,0.0,0.0
mono-00000066,710.0,1.300860528226437,6,0.0,0.0
mono-00000066,710.0,1.300860528226437,7,0.0,0.0
mono-00000066,710.0,1.300860528226437,8,0.0,0.0
mono-00000066,710.0,1.300860528226437,9,0.0,0.0
mono-00000066,710.0,1.300860528226437,10,0.0,0.0
mono-00000066,710.0,1.300860528226437,11,0.0,0.0
mono-00000066,710.0,1.300860528226437,12,0.0,0.0
mono-00000066,710.0,1.300860528226437,13,0.0,0.0
mono-00000066,710.0,1.300860528226437,14,0.0,0.0
mono-00000066,710.0,1.300860528226437,15,0.0,0.0
mono-00000064,690.0,1.3195672360983224,-15,3.2207922350808773e-06,10.40253001241912
mono-00000064,690.0,1.3195672360983224,-14,3.935758407770478e-06,10.054679507437768
mono-00000064,690.0,1.3195672360983224,-13,3.3065399627051074e-06,9.69448836067292
mono-00000064,690.0,1.3195672360983224,-12,5.42165991488602e-06,9.32052585195082
mono-00000064,690.0,1.3195672360983224,-11,1.2367320075756866e-05,8.931062115403066
mono-00000064,690.0,1.3195672360983224,-10,2.3467337059909935e-05,8.523972512987811
mono-00000064,690.0,1.3195672360983224,-9,2.7060921334593414e-05,8.096598706183542
mono-00000064,690.0,1.3195672360983224,-8,1.882195526338513e-05,7.645539739340478
mono-00000064,690.0,1.3195672360983224,-7,4.7237760137204464e-05,7.166324516242099
mono-00000064,690.0,1.3195672360983224,-6,0.00023366144447463104,6.652871251585466
mono-00000064,690.0,1.3195672360983224,-5,0.0004894263548786105,6.09653525747089
mono-00000064,690.0,1.3195672360983224,-4,0.0001253971041209749,5.4842815050759555
mono-00000064,690.0,1.3195672360983224,-3,0.003318770161259259,4.794736502231373
mono-00000064,690.0,1.3195672360983224,-2,0.03727204603570978,3.988007451979726
mono-00000064,690.0,1.3195672360983224,-1,0.24727695975970237,2.970093829890118
mono-00000064,690.0,1.3195672360983224,0,0.34744431949034094,1.3195672360982513
mono-00000064,690.0,1.3195672360983224,1,0.0,0.0
mono-00000064,690.0,1.3195672360983224,2,0.0,0.0
mono-00000064,690.0,1.3195672360983224,3,0.0,0.0
mono-00000064,690.0,1.3195672360983224,4,0.0,0.0
mono-00000064,690.0,1.3195672360983224,5,0.0,0.0
mono-00000064,690.0,1.3195672360983224,6,0.0,0.0
mono-00000064,690.0,1.3195672360983224,7,0.0,0.0
mono-00000064,690.0,1.3195672360983224,8,0.0,0.0
mono-00000064,690.0,1.3195672360983224,9,0.0,0.0
mono-00000064,690.0,1.3195672360983224,10,0.0,0.0
mono-00000064,690.0,1.3195672360983224,11,0.0,0.0
mono-00000064,690.0,1.3195672360983224,12,0.0,0.0
mono-00000064,690.0,1.3195672360983224,13,0.0,0.0
mono-00000064,690.0,1.3195672360983224,14,0.0,0.0
mono-00000064,690.0,1.3195672360983224,15,0.0,0.0
mono-00000067,720.0,1.2918006625185967,-15,3.3784154040340716e-06,10.182922537218104
mono-00000067,720.0,1.2918006625185967,-14,4.536377545401976e-06,9.842452917547476
mono-00000067,720.0,1.2918006625185967,-13,3.7733145048126545e-06,9.489900492491074
mono-00000067,720.0,1.2918006625185967,-12,5.000949704748704e-06,9.123864597972087
mono-00000067,720.0,1.2918006625185967,-11,1.1172657630130908e-05,8.742651714692585
mono-00000067,720.0,1.2918006625185967,-10,2.3975524335209477e-05,8.344181853418291
mono-00000067,720.0,1.2918006625185967,-9,3.218655748893596e-05,7.925852549657051
mono-00000067,720.0,1.2918006625185967,-8,2.387460298477227e-05,7.484334342898023
mono-00000067,720.0,1.2918006625185967,-7,3.789282029108011e-05,7.015250145330242
mono-00000067,720.0,1.2918006625185967,-6,0.00021946424238080434,6.512646069289673
mono-00000067,720.0,1.2918006625185967,-5,0.0005659842383780708,5.968059255304567
mono-00000067,720.0,1.2918006625185967,-4,0.00023139207260727064,5.368728900665161
mono-00000067,720.0,1.2918006625185967,-3,0.0028895875980090315,4.693731253785117
mono-00000067,720.0,1.2918006625185967,-2,0.04265199231835295,3.9040131347208273
mono-00000067,720.0,1.2918006625185967,-1,0.24893240146874082,2.907553007399187
mono-00000067,720.0,1.2918006625185967,0,0.343095351871563,1.2918006625186536
mono-00000067,720.0,1.2918006625185967,1,0.0,0.0
mono-00000067,720.0,1.2918006625185967,2,0.0,0.0
mono-00000067,720.0,1.2918006625185967,3,0.0,0.0
mono-00000067,720.0,1.2918006625185967,4,0.0,0.0
mono-00000067,720.0,1.2918006625185967,5,0.0,0.0
mono-00000067,720.0,1.2918006625185967,6,0.0,0.0
mono-00000067,720.0,1.2918006625185967,7,0.0,0.0
mono-00000067,720.0,1.2918006625185967,8,0.0,0.0
mono-00000067,720.0,1.2918006625185967,9,0.0,0.0
mono-00000067,720.0,1.2918006625185967,10,0.0,0.0
mono-00000067,720.0,1.2918006625185967,11,0.0,0.0
mono-00000067,720.0,1.2918006625185967,12,0.0,0.0
mono-00000067,720.0,1.2918006625185967,13,0.0,0.0
mono-00000067,720.0,1.2918006625185967,14,0.0,0.0
mono-00000067,720.0,1.2918006625185967,15,0.0,0.0
mono-00000070,750.0,1.2657162233926442,-15,3.4432501057505935e-06,9.976660974205842
mono-00000070,750.0,1.2657162233926442,-14,5.0536530038608644e-06,9.643121500404817
mono-00000070,750.0,1.2657162233926442,-13,4.458984386484e-06,9.297741547014368
mono-00000070,750.0,1.2657162233926442,-12,4.880220031829196e-06,8.939148687997857
mono-00000070,750.0,1.2657162233926442,-11,9.941224358020249e-06,8.565683551727616
mono-00000070,750.0,1.2657162233926442,-10,2.356995730441454e-05,8.175308096182917
mono-00000070,750.0,1.2657162233926442,-9,3.668039199600207e-05,7.765472349555495
mono-00000070,750.0,1.2657162233926442,-8,3.0782900878487895e-05,7.332914019078217
mono-00000070,750.0,1.2657162233926442,-7,3.16800311957245e-05,6.873344334342747
mono-00000070,750.0,1.2657162233926442,-6,0.00019890762486380486,6.380929561446848
mono-00000070,750.0,1.2657162233926442,-5,0.0006300968588522354,5.84737765816476
mono-00000070,750.0,1.2657162233926442,-4,0.0003822544585556288,5.260185438244136
mono-00000070,750.0,1.2657162233926442,-3,0.0024220003447869283,4.598851644919392
mono-00000070,750.0,1.2657162233926442,-2,0.04812702956875616,3.8251118392126386
mono-00000070,750.0,1.2657162233926442,-1,0.24979273385128173,2.8488035246260353
mono-00000070,750.0,1.2657162233926442,0,0.33884110320600985,1.2657162233926584
mono-00000070,750.0,1.2657162233926442,1,0.0,0.0
mono-00000070,750.0,1.2657162233926442,2,0.0,0.0
mono-00000070,750.0,1.2657162233926442,3,0.0,0.0
mono-00000070,750.0,1.2657162233926442,4,0.0,0.0
mono-00000070,750.0,1.2657162233926442,5,0.0,0.0
mono-00000070,750.0,1.2657162233926442,6,0.0,0.0
mono-00000070,750.0,1.2657162233926442,7,0.0,0.0
mono-00000070,750.0,1.2657162233926442,8,0.0,0.0
mono-00000070,750.0,1.2657162233926442,9,0.0,0.0
mono-00000070,750.0,1.2657162233926442,10,0.0,0.0
mono-00000070,750.0,1.2657162233926442,11,0.0,0.0
mono-00000070,750.0,1.2657162233926442,12,0.0,0.0
mono-00000070,750.0,1.2657162233926442,13,0.0,0.0
mono-00000070,750.0,1.2657162233926442,14,0.0,0.0
mono-00000070,750.0,1.2657162233926442,15,0.0,0.0
mono-00000074,790.0,1.23327459331189,-15,3.439937549835567e-06,9.720185427957603
mono-00000074,790.0,1.23327459331189,-14,5.536349258352014e-06,9.395260338216687
mono-00000074,790.0,1.23327459331189,-13,5.581573091747373e-06,9.058796297579136
mono-00000074,790.0,1.23327459331189,-12,5.272543266661579e-06,8.709456003794003
mono-00000074,790.0,1.23327459331189,-11,8.540115362017925e-06,8.345622559239857
mono-00000074,790.0,1.23327459331189,-10,2.1955489014354806e-05,7.965310096669683
mono-00000074,790.0,1.23327459331189,-9,4.1192531917932404e-05,7.566033934997378
mono-00000074,790.0,1.23327459331189,-8,4.2039596426273565e-05,7.144615324174723
mono-00000074,790.0,1.23327459331189,-7,2.9433305147133704e-05,6.696875341043253
mono-00000074,790.0,1.23327459331189,-6,0.00016573159122080063,6.21712969457073
mono-00000074,790.0,1.23327459331189,-5,0.000693090256019139,5.697298796236751
mono-00000074,790.0,1.23327459331189,-4,0.0006467492337978981,5.1251998658563735
mono-00000074,790.0,1.23327459331189,-3,0.0017876285574626644,4.480857110314602
mono-00000074,790.0,1.23327459331189,-2,0.05560878306541615,3.726987045785677
mono-00000074,790.0,1.23327459331189,-1,0.2503268733601092,2.7757392146148874
mono-00000074,790.0,1.23327459331189,0,0.3336208166340627,1.23327459331189
mono-00000074,790.0,1.23327459331189,1,0.0,0.0
mono-00000074,790.0,1.23327459331189,2,0.0,0.0
mono-00000074,790.0,1.23327459331189,3,0.0,0.0
mono-00000074,790.0,1.23327459331189,4,0.0,0.0
mono-00000074,790.0,1.23327459331189,5,0.0,0.0
mono-00000074,790.0,1.23327459331189,6,0.0,0.0
mono-00000074,790.0,1.23327459331189,7,0.0,0.0
mono-00000074,790.0,1.23327459331189,8,0.0,0.0
mono-00000074,790.0,1.23327459331189,9,0.0,0.0
mono-00000074,790.0,1.23327459331189,10,0.0,0.0
mono-00000074,790.0,1.23327459331189,11,0.0,0.0
mono-00000074,790.0,1.23327459331189,12,0.0,0.0
mono-00000074,790.0,1.23327459331189,13,0.0,0.0
mono-00000074,790.0,1.23327459331189,14,0.0,0.0
mono-00000074,790.0,1.23327459331189,15,0.0,0.0
mono-00000071,760.0,1.2573663485976567,-15,3.4501325575589944e-06,9.9106431215437
mono-00000071,760.0,1.2573663485976567,-14,5.198051959538129e-06,9.579321328976675
mono-00000071,760.0,1.2573663485976567,-13,4.7245520847359165e-06,9.23623664959274
mono-00000071,760.0,1.2573663485976567,-12,4.916292713870156e-06,8.880025697179363
mono-00000071,760.0,1.2573663485976567,-11,9.55474918496227e-06,8.5090400317102
mono-00000071,760.0,1.2573663485976567,-10,2.3264676587024914e-05,8.121255039526716
mono-00000071,760.0,1.2573663485976567,-9,3.798546306164739e-05,7.71413755294509
mono-00000071,760.0,1.2573663485976567,-8,3.3415863888157635e-05,7.284446781007446
mono-00000071,760.0,1.2573663485976567,-7,3.0437631815931557e-05,6.827922225375559
mono-00000071,760.0,1.2573663485976567,-6,0.00019106672325112678,6.338768615371535
mono-00000071,760.0,1.2573663485976567,-5,0.0006483654088873745,5.808748589831282
mono-00000071,760.0,1.2573663485976567,-4,0.0004419005228048369,5.225441428627761
mono-00000071,760.0,1.2573663485976567,-3,0.0022627535655441984,4.5684811195912545
mono-00000071,760.0,1.2573663485976567,-2,0.04997686519133242,3.799855704952833
mono-00000071,760.0,1.2573663485976567,-1,0.24997276475939675,2.829997772395572
mono-00000071,760.0,1.2573663485976567,0,0.3374792433441445,1.2573663485975857
mono-00000071,760.0,1.2573663485976567,1,0.0,0.0
mono-00000071,760.0,1.2573663485976567,2,0.0,0.0
mono-00000071,760.0,1.2573663485976567,3,0.0,0.0
mono-00000071,760.0,1.2573663485976567,4,0.0,0.0
mono-00000071,760.0,1.2573663485976567,5,0.0,0.0
mono-00000071,760.0,1.2573663485976567,6,0.0,0.0
mono-00000071,760.0,1.2573663485976567,7,0.0,0.0
mono-00000071,760.0,1.2573663485976567,8,0.0,0.0
mono-00000071,760.0,1.2573663485976567,9,0.0,0.0
mono-00000071,760.0,1.2573663485976567,10,0.0,0.0
mono-00000071,760.0,1.2573663485976567,11,0.0,0.0
mono-00000071,760.0,1.2573663485976567,12,0.0,0.0
mono-00000071,760.0,1.2573663485976567,13,0.0,0.0
mono-00000071,760.0,1.2573663485976567,14,0.0,0.0
mono-00000071,760.0,1.2573663485976567,15,0.0,0.0
mono-00000072,770.0,1.2491795742378713,-15,3.451457452847923e-06,9.845918732119813
mono-00000072,770.0,1.2491795742378713,-14,5.3267337059353556e-06,9.516770965366575
mono-00000072,770.0,1.2491795742378713,-13,5.002791391832783e-06,9.175936399157436
mono-00000072,770.0,1.2491795742378713,-12,4.993016444897572e-06,8.822060510788717
mono-00000072,770.0,1.2491795742378713,-11,9.189290677399292e-06,8.453505578589827
mono-00000072,770.0,1.2491795742378713,-10,2.2888169266638532e-05,8.068260155274032
mono-00000072,770.0,1.2491795742378713,-9,3.917788285624753e-05,7.663807549378987
mono-00000072,770.0,1.2491795742378713,-8,3.6181839944932934e-05,7.236928052119552
mono-00000072,770.0,1.2491795742378713,-7,2.964018966722956e-05,6.783388885371622
mono-00000072,770.0,1.2491795742378713,-6,0.00018287367907696294,6.297432490775947
mono-00000072,770.0,1.2491795742378713,-5,0.0006649804412138647,5.770875120526554
mono-00000072,770.0,1.2491795742378713,-4,0.0005059460308796122,5.191376910100544
mono-00000072,770.0,1.2491795742378713,-3,0.002103396088040823,4.538704450164502
mono-00000072,770.0,1.2491795742378713,-2,0.05183887482033094,3.7750933313453032
mono-00000072,770.0,1.2491795742378713,-1,0.2501119510327693,2.8115595960197766
mono-00000072,770.0,1.2491795742378713,0,0.3361472728326338,1.2491795742379281
mono-00000072,770.0,1.2491795742378713,1,0.0,0.0
mono-00000072,770.0,1.2491795742378713,2,0.0,0.0
mono-00000072,770.0,1.2491795742378713,3,0.0,0.0
mono-00000072,770.0,1.2491795742378713,4,0.0,0.0
mono-00000072,770.0,1.2491795742378713,5,0.0,0.0
mono-00000072,770.0,1.2491795742378713,6,0.0,0.0
mono-00000072,770.0,1.2491795742378713,7,0.0,0.0
mono-00000072,770.0,1.2491795742378713,8,0.0,0.0
mono-00000072,770.0,1.2491795742378713,9,0.0,0.0
mono-00000072,770.0,1.2491795742378713,10,0.0,0.0
mono-00000072,770.0,1.2491795742378713,11,0.0,0.0
mono-00000072,770.0,1.2491795742378713,12,0.0,0.0
mono-00000072,770.0,1.2491795742378713,13,0.0,0.0
mono-00000072,770.0,1.2491795742378713,14,0.0,0.0
mono-00000072,770.0,1.2491795742378713,15,0.0,0.0
mono-00000069,740.0,1.2742346871513206,-15,3.4298182400342407e-06,10.044015953695947
mono-00000069,740.0,1.2742346871513206,-14,4.8942607715178175e-06,9.708213662371094
mono-00000069,740.0,1.2742346871513206,-13,4.209770637538506e-06,9.36049174297851
mono-00000069,740.0,1.2742346871513206,-12,4.883416768637095e-06,8.999468547417365
mono-00000069,740.0,1.2742346871513206,-11,1.0343610818323996e-05,8.623473552046946
mono-00000069,740.0,1.2742346871513206,-10,2.3795439218548628e-05,8.230455015688122
mono-00000069,740.0,1.2742346871513206,-9,3.527176926026097e-05,7.817845823482088
mono-00000069,740.0,1.2742346871513206,-8,2.8302122560625265e-05,7.382361747107041
mono-00000069,740.0,1.2742346871513206,-7,3.335118657257382e-05,6.919685173671354
mono-00000069,740.0,1.2742346871513206,-6,0.00020631235540087006,6.423943129887277
mono-00000069,740.0,1.2742346871513206,-5,0.0006102278878016425,5.886787788847954
mono-00000069,740.0,1.2742346871513206,-4,0.00032717706983018303,5.295631833468661
mono-00000069,740.0,1.2742346871513206,-3,0.0025802077673753444,4.6298360317299085
mono-00000069,740.0,1.2742346871513206,-2,0.046289220757818134,3.85087836460076
mono-00000069,740.0,1.2742346871513206,-1,0.24956369837408904,2.867989230373823
mono-00000069,740.0,1.2742346871513206,0,0.34023073824802263,1.2742346871512353
mono-00000069,740.0,1.2742346871513206,1,0.0,0.0
mono-00000069,740.0,1.2742346871513206,2,0.0,0.0
mono-00000069,740.0,1.2742346871513206,3,0.0,0.0
mono-00000069,740.0,1.2742346871513206,4,0.0,0.0
mono-00000069,740.0,1.2742346871513206,5,0.0,0.0
mono-00000069,740.0,1.2742346871513206,6,0.0,0.0
mono-00000069,740.0,1.2742346871513206,7,0.0,0.0
mono-00000069,740.0,1.2742346871513206,8,0.0,0.0
mono-00000069,740.0,1.2742346871513206,9,0.0,0.0
mono-00000069,740.0,1.2742346871513206,10,0.0,0.0
mono-00000069,740.0,1.2742346871513206,11,0.0,0.0
mono-00000069,740.0,1.2742346871513206,12,0.0,0.0
mono-00000069,740.0,1.2742346871513206,13,0.0,0.0
mono-00000069,740.0,1.2742346871513206,14,0.0,0.0
mono-00000069,740.0,1.2742346871513206,15,0.0,0.0
mono-00000073,780.0,1.241150658725772,-15,3.447656722074976e-06,9.782446112785138
mono-00000073,780.0,1.241150658725772,-14,5.438945254979853e-06,9.455430130155662
mono-00000073,780.0,1.241150658725772,-13,5.289326700670803e-06,9.11680197806767
mono-00000073,780.0,1.241150658725772,-12,5.111180348557635e-06,8.765215826668921
mono-00000073,780.0,1.241150658725772,-11,8.849125077429082e-06,8.399044466243595
mono-00000073,780.0,1.241150658725772,-10,2.24470435142105e-05,8.016289362296433
mono-00000073,780.0,1.241150658725772,-9,4.024532638337612e-05,7.614449982210871
mono-00000073,780.0,1.241150658725772,-8,3.905874068909392e-05,7.190327293212903
mono-00000073,780.0,1.241150658725772,-7,2.9301496261122554e-05,6.739715703259449
mono-00000073,780.0,1.241150658725772,-6,0.00017438961914264433,6.256894639523779
mono-00000073,780.0,1.241150658725772,-5,0.0006798265931295797,5.733732934155242
mono-00000073,780.0,1.241150658725772,-4,0.0005742297814298493,5.157970019461601
mono-00000073,780.0,1.241150658725772,-3,0.001944560834436266,4.509502532085321
mono-00000073,780.0,1.241150658725772,-2,0.053712140460898096,3.7508088367960966
mono-00000073,780.0,1.241150658725772,-1,0.2502143508633441,2.7934771750920504
mono-00000073,780.0,1.241150658725772,0,0.3348529714639172,1.2411506587257861
mono-00000073,780.0,1.241150658725772,1,0.0,0.0
mono-00000073,780.0,1.241150658725772,2,0.0,0.0
mono-00000073,780.0,1.241150658725772,3,0.0,0.0
mono-00000073,780.0,1.241150658725772,4,0.0,0.0
mono-00000073,780.0,1.241150658725772,5,0.0,0.0
mono-00000073,780.0,1.241150658725772,6,0.0,0.0
mono-00000073,780.0,1.241150658725772,7,0.0,0.0
mono-00000073,780.0,1.241150658725772,8,0.0,0.0
mono-00000073,780.0,1.241150658725772,9,0.0,0.0
mono-00000073,780.0,1.241150658725772,10,0.0,0.0
mono-00000073,780.0,1.241150658725772,11,0.0,0.0
mono-00000073,780.0,1.241150658725772,12,0.0,0.0
mono-00000073,780.0,1.241150658725772,13,0.0,0.0
mono-00000073,780.0,1.241150658725772,14,0.0,0.0
mono-00000073,780.0,1.241150658725772,15,0.0,0.0
mono-00000077,820.0,1.2105166331602675,-15,3.3901310064622513e-06,9.540302331373113
mono-00000077,820.0,1.2105166331602675,-14,5.7349224277225505e-06,9.221417202094472
mono-00000077,820.0,1.2105166331602675,-13,6.444323979013737e-06,8.891204738918432
mono-00000077,820.0,1.2105166331602675,-12,6.007455217887523e-06,8.548352281495553
mono-00000077,820.0,1.2105166331602675,-11,7.83864305495798e-06,8.191272730528311
mono-00000077,820.0,1.2105166331602675,-10,2.0231424336378088e-05,7.818016822456968
mono-00000077,820.0,1.2105166331602675,-9,4.3178444282725124e-05,7.4261456810304765
mono-00000077,820.0,1.2105166331602675,-8,5.134451226514129e-05,7.0125391651537115
mono-00000077,820.0,1.2105166331602675,-7,3.275795736046554e-05,6.573095413613373
mono-00000077,820.0,1.2105166331602675,-6,0.00013914529935185163,6.10223497399528
mono-00000077,820.0,1.2105166331602675,-5,0.000721639987150671,5.592027298710505
mono-00000077,820.0,1.2105166331602675,-4,0.0008887094289518326,5.030514376838013
mono-00000077,820.0,1.2105166331602675,-3,0.0013313287473201447,4.398089030662362
mono-00000077,820.0,1.2105166331602675,-2,0.061436747701305985,3.6581559117761486
mono-00000077,820.0,1.2105166331602675,-1,0.25074899386622446,2.724486418384629
mono-00000077,820.0,1.2105166331602675,0,0.3304500940494155,1.2105166331604948
mono-00000077,820.0,1.2105166331602675,1,0.0,0.0
mono-00000077,820.0,1.2105166331602675,2,0.0,0.0
mono-00000077,820.0,1.2105166331602675,3,0.0,0.0
mono-00000077,820.0,1.2105166331602675,4,0.0,0.0
mono-00000077,820.0,1.2105166331602675,5,0.0,0.0
mono-00000077,820.0,1.2105166331602675,6,0.0,0.0
mono-00000077,820.0,1.2105166331602675,7,0.0,0.0
mono-00000077,820.0,1.2105166331602675,8,0.0,0.0
mono-00000077,820.0,1.2105166331602675,9,0.0,0.0
mono-00000077,820.0,1.2105166331602675,10,0.0,0.0
mono-00000077,820.0,1.2105166331602675,11,0.0,0.0
mono-00000077,820.0,1.2105166331602675,12,0.0,0.0
mono-00000077,820.0,1.2105166331602675,13,0.0,0.0
mono-00000077,820.0,1.2105166331602675,14,0.0,0.0
mono-00000077,820.0,1.2105166331602675,15,0.0,0.0
mono-00000078,830.0,1.2032060960851538,-15,3.3626047960918677e-06,9.482524649333712
mono-00000078,830.0,1.2032060960851538,-14,5.7682367899593805e-06,9.165579207831428
mono-00000078,830.0,1.2032060960851538,-13,6.70848994612806e-06,8.837374426134204
mono-00000078,830.0,1.2032060960851538,-12,6.324385911824663e-06,8.496605560021266
mono-00000078,830.0,1.2032060960851538,-11,7.688475460178613e-06,8.141695082756499
mono-00000078,830.0,1.2032060960851538,-10,1.9596471749136713e-05,7.770705489466863
mono-00000078,830.0,1.2032060960851538,-9,4.350953530217668e-05,7.381212618314208
mono-00000078,830.0,1.2032060960851538,-8,5.443071458829431e-05,6.97011515572575
mono-00000078,830.0,1.2032060960851538,-7,3.481236133599506e-05,6.533335995703837
mono-00000078,830.0,1.2032060960851538,-6,0.00013032566887181862,6.065329363773884
mono-00000078,830.0,1.2032060960851538,-5,0.0007265414431794084,5.558212589375472
mono-00000078,830.0,1.2032060960851538,-4,0.0009755635709265065,5.000099864687627
mono-00000078,830.0,1.2032060960851538,-3,0.0011859461497380405,4.371502422300665
mono-00000078,830.0,1.2032060960851538,-2,0.0633705577910786,3.6360459618658467
mono-00000078,830.0,1.2032060960851538,-1,0.25075886316933976,2.7080228614770334
mono-00000078,830.0,1.2032060960851538,0,0.32943941373142716,1.2032060960852533
mono-00000078,830.0,1.2032060960851538,1,0.0,0.0
mono-00000078,830.0,1.2032060960851538,2,0.0,0.0
mono-00000078,830.0,1.2032060960851538,3,0.0,0.0
mono-00000078,830.0,1.2032060960851538,4,0.0,0.0
mono-00000078,830.0,1.2032060960851538,5,0.0,0.0
mono-00000078,830.0,1.2032060960851538,6,0.0,0.0
mono-00000078,830.0,1.2032060960851538,7,0.0,0.0
mono-00000078,830.0,1.2032060960851538,8,0.0,0.0
mono-00000078,830.0,1.2032060960851538,9,0.0,0.0
mono-00000078,830.0,1.2032060960851538,10,0.0,0.0
mono-00000078,830.0,1.2032060960851538,11,0.0,0.0
mono-00000078,830.0,1.2032060960851538,12,0.0,0.0
mono-00000078,830.0,1.2032060960851538,13,0.0,0.0
mono-00000078,830.0,1.2032060960851538,14,0.0,0.0
mono-00000078,830.0,1.2032060960851538,15,0.0,0.0
mono-00000080,850.0,1.1889737708658998,-15,3.2933095100141017e-06,9.370050166946683
mono-00000080,850.0,1.1889737708658998,-14,5.793806851349389e-06,9.056880227859054
mono-00000080,850.0,1.1889737708658998,-13,7.186272797610265e-06,8.732583342324887
mono-00000080,850.0,1.1889737708658998,-12,7.048537335440593e-06,8.39587017799903
mono-00000080,850.0,1.1889737708658998,-11,7.535346659425009e-06,8.045181844852266
mono-00000080,850.0,1.1889737708658998,-10,1.8306192516756985e-05,7.67860373077319
mono-00000080,850.0,1.1889737708658998,-9,4.370565736572237e-05,7.293740321020451
mono-00000080,850.0,1.1889737708658998,-8,6.046391223035237e-05,6.887526956676496
mono-00000080,850.0,1.1889737708658998,-7,4.0264306761174926e-05,6.4559347266276745
mono-00000080,850.0,1.1889737708658998,-6,0.00011336032035941959,5.993483422288989
mono-00000080,850.0,1.1889737708658998,-5,0.0007298928235221383,5.492383582087271
mono-00000080,850.0,1.1889737708658998,-4,0.0011567425982410102,4.94088996557376
mono-00000080,850.0,1.1889737708658998,-3,0.0009119461445453703,4.319744329333048
mono-00000080,850.0,1.1889737708658998,-2,0.06723149530714617,3.593002712353396
mono-00000080,850.0,1.1889737708658998,-1,0.2506467365273661,2.6759717366333433
mono-00000080,850.0,1.1889737708658998,0,0.3274837752039183,1.1889737708655872
mono-00000080,850.0,1.1889737708658998,1,0.0,0.0
mono-00000080,850.0,1.1889737708658998,2,0.0,0.0
mono-00000080,850.0,1.1889737708658998,3,0.0,0.0
mono-00000080,850.0,1.1889737708658998,4,0.0,0.0
mono-00000080,850.0,1.1889737708658998,5,0.0,0.0
mono-00000080,850.0,1.1889737708658998,6,0.0,0.0
mono-00000080,850.0,1.1889737708658998,7,0.0,0.0
mono-00000080,850.0,1.1889737708658998,8,0.0,0.0
mono-00000080,850.0,1.1889737708658998,9,0.0,0.0
mono-00000080,850.0,1.1889737708658998,10,0.0,0.0
mono-00000080,850.0,1.1889737708658998,11,0.0,0.0
mono-00000080,850.0,1.1889737708658998,12,0.0,0.0
mono-00000080,850.0,1.1889737708658998,13,0.0,0.0
mono-00000080,850.0,1.1889737708658998,14,0.0,0.0
mono-00000080,850.0,1.1889737708658998,15,0.0,0.0
mono-00000076,810.0,1.2179620640758202,-15,3.4123688209107147e-06,9.5991491840838
mono-00000076,810.0,1.2179620640758202,-14,5.686156658741734e-06,9.27828831318034
mono-00000076,810.0,1.2179620640758202,-13,6.166217096076209e-06,8.94603086801682
mono-00000076,810.0,1.2179620640758202,-12,5.724864244196367e-06,8.601056126252871
mono-00000076,810.0,1.2179620640758202,-11,8.033155611488138e-06,8.241767239620515
mono-00000076,810.0,1.2179620640758202,-10,2.084479945959388e-05,7.8662029691453625
mono-00000076,810.0,1.2179620640758202,-9,4.268393421882255e-05,7.471909452917757
mono-00000076,810.0,1.2179620640758202,-8,4.823525828102862e-05,7.055747375201591
mono-00000076,810.0,1.2179620640758202,-7,3.11689196899984e-05,6.613589663091659
mono-00000076,810.0,1.2179620640758202,-6,0.00014806295353700513,6.139822565129251
mono-00000076,810.0,1.2179620640758202,-5,0.0007144642293599119,5.626466773583076
mono-00000076,810.0,1.2179620640758202,-4,0.0008046950936080204,5.061490742388287
mono-00000076,810.0,1.2179620640758202,-3,0.0014808916114939146,4.425166698630278
mono-00000076,810.0,1.2179620640758202,-2,0.05949717748189344,3.6806741662705065
mono-00000076,810.0,1.2179620640758202,-1,0.2506750456012332,2.7412539461914633
mono-00000076,810.0,1.2179620640758202,0,0.33147642023089174,1.217962064075465
mono-00000076,810.0,1.2179620640758202,1,0.0,0.0
mono-00000076,810.0,1.2179620640758202,2,0.0,0.0
mono-00000076,810.0,1.2179620640758202,3,0.0,0.0
mono-00000076,810.0,1.2179620640758202,4,0.0,0.0
mono-00000076,810.0,1.2179620640758202,5,0.0,0.0
mono-00000076,810.0,1.2179620640758202,6,0.0,0.0
mono-00000076,810.0,1.2179620640758202,7,0.0,0.0
mono-00000076,810.0,1.2179620640758202,8,0.0,0.0
mono-00000076,810.0,1.2179620640758202,9,0.0,0.0
mono-00000076,810.0,1.2179620640758202,10,0.0,0.0
mono-00000076,810.0,1.2179620640758202,11,0.0,0.0
mono-00000076,810.0,1.2179620640758202,12,0.0,0.0
mono-00000076,810.0,1.2179620640758202,13,0.0,0.0
mono-00000076,810.0,1.2179620640758202,14,0.0,0.0
mono-00000076,810.0,1.2179620640758202,15,0.0,0.0
mono-00000079,840.0,1.1960264281703985,-15,3.3301164477656006e-06,9.425784149369022
mono-00000079,840.0,1.1960264281703985,-14,5.787383172895189e-06,9.110743425154823
mono-00000079,840.0,1.1960264281703985,-13,6.95625214301686e-06,8.784510144747983
mono-00000079,840.0,1.1960264281703985,-12,6.672598303453584e-06,8.445787338540114
mono-00000079,840.0,1.1960264281703985,-11,7.58628153382931e-06,8.093006881204332
mono-00000079,840.0,1.1960264281703985,-10,1.8951031463699598e-05,7.7242428162862495
mono-00000079,840.0,1.1960264281703985,-9,4.368200633349111e-05,7.337085433200187
mono-00000079,840.0,1.1960264281703985,-8,5.747518602515155e-05,6.928451909125258
mono-00000079,840.0,1.1960264281703985,-7,3.732032536128015e-05,6.494289450414001
mono-00000079,840.0,1.1960264281703985,-6,0.00012169870363572836,6.029085357948958
mono-00000079,840.0,1.1960264281703985,-5,0.0007292439774837019,5.525003981423879
mono-00000079,840.0,1.1960264281703985,-4,0.0010650029844965281,4.970230423810065
mono-00000079,840.0,1.1960264281703985,-3,0.0010457809731751607,4.345392208298662
mono-00000079,840.0,1.1960264281703985,-2,0.06530150773257622,3.614332124767543
mono-00000079,840.0,1.1960264281703985,-1,0.2507213025540531,2.691854200836815
mono-00000079,840.0,1.1960264281703985,0,0.3284526153690557,1.1960264281700574
mono-00000079,840.0,1.1960264281703985,1,0.0,0.0
mono-00000079,840.0,1.1960264281703985,2,0.0,0.0
mono-00000079,840.0,1.1960264281703985,3,0.0,0.0
mono-00000079,840.0,1.1960264281703985,4,0.0,0.0
mono-00000079,840.0,1.1960264281703985,5,0.0,0.0
mono-00000079,840.0,1.1960264281703985,6,0.0,0.0
mono-00000079,840.0,1.1960264281703985,7,0.0,0.0
mono-00000079,840.0,1.1960264281703985,8,0.0,0.0
mono-00000079,840.0,1.1960264281703985,9,0.0,0.0
mono-00000079,840.0,1.1960264281703985,10,0.0,0.0
mono-00000079,840.0,1.1960264281703985,11,0.0,0.0
mono-00000079,840.0,1.1960264281703985,12,0.0,0.0
mono-00000079,840.0,1.1960264281703985,13,0.0,0.0
mono-00000079,840.0,1.1960264281703985,14,0.0,0.0
mono-00000079,840.0,1.1960264281703985,15,0.0,0.0
mono-00000075,800.0,1.2255465889532076,-15,3.428659217322784e-06,9.659098594552177
mono-00000075,800.0,1.2255465889532076,-14,5.61975451834351e-06,9.336224797239026
mono-00000075,800.0,1.2255465889532076,-13,5.876205328963752e-06,9.001883900082902
mono-00000075,800.0,1.2255465889532076,-12,5.477876673442237e-06,8.654746968354658
mono-00000075,800.0,1.2255465889532076,-11,8.267091186109198e-06,8.293207222920984
mono-00000075,800.0,1.2255465889532076,-10,2.1422598482349856e-05,7.915291225924321
mono-00000075,800.0,1.2255465889532076,-9,4.2016546149238334e-05,7.518529850113339
mono-00000075,800.0,1.2255465889532076,-8,4.51126349767266e-05,7.099764247192567
mono-00000075,800.0,1.2255465889532076,-7,3.0048613153013884e-05,6.654841661885229
mono-00000075,800.0,1.2255465889532076,-6,0.00015696767522036507,6.178113403253917
mono-00000075,800.0,1.2255465889532076,-5,0.0007048112148558589,5.661550492823778
mono-00000075,800.0,1.2255465889532076,-4,0.0007235676636698505,5.093046475874431
mono-00000075,800.0,1.2255465889532076,-3,0.0016333261453834015,4.4527507313691075
mono-00000075,800.0,1.2255465889532076,-2,0.0575382145887695,3.7036134490159753
mono-00000075,800.0,1.2255465889532076,-1,0.2504823648955766,2.758334915351199
mono-00000075,800.0,1.2255465889532076,0,0.33247871820302016,1.225546588953378
mono-00000075,800.0,1.2255465889532076,1,0.0,0.0
mono-00000075,800.0,1.2255465889532076,2,0.0,0.0
mono-00000075,800.0,1.2255465889532076,3,0.0,0.0
mono-00000075,800.0,1.2255465889532076,4,0.0,0.0
mono-00000075,800.0,1.2255465889532076,5,0.0,0.0
mono-00000075,800.0,1.2255465889532076,6,0.0,0.0
mono-00000075,800.0,1.2255465889532076,7,0.0,0.0
mono-00000075,800.0,1.2255465889532076,8,0.0,0.0
mono-00000075,800.0,1.2255465889532076,9,0.0,0.0
mono-00000075,800.0,1.2255465889532076,10,0.0,0.0
mono-00000075,800.0,1.2255465889532076,11,0.0,0.0
mono-00000075,800.0,1.2255465889532076,12,0.0,0.0
mono-00000075,800.0,1.2255465889532076,13,0.0,0.0
mono-00000075,800.0,1.2255465889532076,14,0.0,0.0
mono-00000075,800.0,1.2255465889532076,15,0.0,0.0
mono-00000082,870.0,1.1752348328071491,-15,3.2117353338997657e-06,9.26148530349856
mono-00000082,870.0,1.1752348328071491,-14,5.773105606939488e-06,8.9519590804382
mono-00000082,870.0,1.1752348328071491,-13,7.593227751001933e-06,8.63143374232159
mono-00000082,870.0,1.1752348328071491,-12,7.869950698023315e-06,8.298634835110093
mono-00000082,870.0,1.1752348328071491,-11,7.602351579646954e-06,7.952021460179225
mono-00000082,870.0,1.1752348328071491,-10,1.7056989677541613e-05,7.5897011054011045
mono-00000082,870.0,1.1752348328071491,-9,4.335666808628074e-05,7.20930591094222
mono-00000082,870.0,1.1752348328071491,-8,6.62496969244614e-05,6.807806602830965
mono-00000082,870.0,1.1752348328071491,-7,4.742113397530182e-05,6.381220795137253
mono-00000082,870.0,1.1752348328071491,-6,9.785580840702983e-05,5.924131573315748
mono-00000082,870.0,1.1752348328071491,-5,0.0007257958778732728,5.428839454610397
mono-00000082,870.0,1.1752348328071491,-4,0.001347100796398282,4.883734893791228
mono-00000082,870.0,1.1752348328071491,-3,0.0006668898172377417,4.2697821799804245
mono-00000082,870.0,1.1752348328071491,-2,0.0711291730484569,3.5514527703320056
mono-00000082,870.0,1.1752348328071491,-1,0.2505113700011053,2.6450323554424813
mono-00000082,870.0,1.1752348328071491,0,0.32566219120662226,1.1752348328070639
mono-00000082,870.0,1.1752348328071491,1,0.0,0.0
mono-00000082,870.0,1.1752348328071491,2,0.0,0.0
mono-00000082,870.0,1.1752348328071491,3,0.0,0.0
mono-00000082,870.0,1.1752348328071491,4,0.0,0.0
mono-00000082,870.0,1.1752348328071491,5,0.0,0.0
mono-00000082,870.0,1.1752348328071491,6,0.0,0.0
mono-00000082,870.0,1.1752348328071491,7,0.0,0.0
mono-00000082,870.0,1.1752348328071491,8,0.0,0.0
mono-00000082,870.0,1.1752348328071491,9,0.0,0.0
mono-00000082,870.0,1.1752348328071491,10,0.0,0.0
mono-00000082,870.0,1.1752348328071491,11,0.0,0.0
mono-00000082,870.0,1.1752348328071491,12,0.0,0.0
mono-00000082,870.0,1.1752348328071491,13,0.0,0.0
mono-00000082,870.0,1.1752348328071491,14,0.0,0.0
mono-00000082,870.0,1.1752348328071491,15,0.0,0.0
mono-00000083,880.0,1.168541589897842,-15,3.171156564479602e-06,9.208599108756218
mono-00000083,880.0,1.168541589897842,-14,5.748234507404025e-06,8.900847688742076
mono-00000083,880.0,1.168541589897842,-13,7.773157448819155e-06,8.582159439311326
mono-00000083,880.0,1.168541589897842,-12,8.310589983198296e-06,8.25126715498834
mono-00000083,880.0,1.168541589897842,-11,7.729856699816114e-06,7.906638702351259
mono-00000083,880.0,1.168541589897842,-10,1.6471292892576314e-05,7.546392336088189
mono-00000083,880.0,1.168541589897842,-9,4.301555401505941e-05,7.168173669417598
mono-00000083,880.0,1.168541589897842,-8,6.905630711037924e-05,6.768970667314164
mono-00000083,880.0,1.168541589897842,-7,5.164689110697004e-05,6.344823610044216
mono-00000083,880.0,1.168541589897842,-6,9.081374314859724e-05,5.890346418612737
mono-00000083,880.0,1.168541589897842,-5,0.0007215451403159576,5.397883445914218
mono-00000083,880.0,1.168541589897842,-4,0.0014466328118096909,4.85589125409679
mono-00000083,880.0,1.168541589897842,-3,0.0005570380930021721,4.245442544193395
mono-00000083,880.0,1.168541589897842,-2,0.07314306665409331,3.5312111530039374
mono-00000083,880.0,1.168541589897842,-1,0.2505724263113006,2.6299597419060348
mono-00000083,880.0,1.168541589897842,0,0.3248956478542776,1.1685415898978846
mono-00000083,880.0,1.168541589897842,1,0.0,0.0
mono-00000083,880.0,1.168541589897842,2,0.0,0.0
mono-00000083,880.0,1.168541589897842,3,0.0,0.0
mono-00000083,880.0,1.168541589897842,4,0.0,0.0
mono-00000083,880.0,1.168541589897842,5,0.0,0.0
mono-00000083,880.0,1.168541589897842,6,0.0,0.0
mono-00000083,880.0,1.168541589897842,7,0.0,0.0
mono-00000083,880.0,1.168541589897842,8,0.0,0.0
mono-00000083,880.0,1.168541589897842,9,0.0,0.0
mono-00000083,880.0,1.168541589897842,10,0.0,0.0
mono-00000083,880.0,1.168541589897842,11,0.0,0.0
mono-00000083,880.0,1.168541589897842,12,0.0,0.0
mono-00000083,880.0,1.168541589897842,13,0.0,0.0
mono-00000083,880.0,1.168541589897842,14,0.0,0.0
mono-00000083,880.0,1.168541589897842,15,0.0,0.0
mono-00000084,890.0,1.1619614184615301,-15,3.131264983360509e-06,9.156608685680311
mono-00000084,890.0,1.1619614184615301,-14,5.708683426814556e-06,8.850601884884497
mono-00000084,890.0,1.1619614184615301,-13,7.928760491861284e-06,8.53371949418117
mono-00000084,890.0,1.1619614184615301,-12,8.758762426825787e-06,8.204701434363727
mono-00000084,890.0,1.1619614184615301,-11,7.921699397309508e-06,7.862024189311626
mono-00000084,890.0,1.1619614184615301,-10,1.591349035827229e-05,7.503816598828408
mono-00000084,890.0,1.1619614184615301,-9,4.252387558941087e-05,7.127737521783061
mono-00000084,890.0,1.1619614184615301,-8,7.171227013665963e-05,6.730791871092848
mono-00000084,890.0,1.1619614184615301,-7,5.6301400147447724e-05,6.3090422105480854
mono-00000084,890.0,1.1619614184615301,-6,8.428019900713469e-05,5.857132776033922
mono-00000084,890.0,1.1619614184615301,-5,0.0007148738684800564,5.367451015803454
mono-00000084,890.0,1.1619614184615301,-4,0.0015489344539456724,4.828518482796113
mono-00000084,890.0,1.1619614184615301,-3,0.00045499570660918553,4.2215144585219235
mono-00000084,890.0,1.1619614184615301,-2,0.07520341300039361,3.5113117399388187
mono-00000084,890.0,1.1619614184615301,-1,0.2507402013443139,2.615141898241319
mono-00000084,890.0,1.1619614184615301,0,0.3243521896195903,1.1619614184617717
mono-00000084,890.0,1.1619614184615301,1,0.0,0.0
mono-00000084,890.0,1.1619614184615301,2,0.0,0.0
mono-00000084,890.0,1.1619614184615301,3,0.0,0.0
mono-00000084,890.0,1.1619614184615301,4,0.0,0.0
mono-00000084,890.0,1.1619614184615301,5,0.0,0.0
mono-00000084,890.0,1.1619614184615301,6,0.0,0.0
mono-00000084,890.0,1.1619614184615301,7,0.0,0.0
mono-00000084,890.0,1.1619614184615301,8,0.0,0.0
mono-00000084,890.0,1.1619614184615301,9,0.0,0.0
mono-00000084,890.0,1.1619614184615301,10,0.0,0.0
mono-00000084,890.0,1.1619614184615301,11,0.0,0.0
mono-00000084,890.0,1.1619614184615301,12,0.0,0.0
mono-00000084,890.0,1.1619614184615301,13,0.0,0.0
mono-00000084,890.0,1.1619614184615301,14,0.0,0.0
mono-00000084,890.0,1.1619614184615301,15,0.0,0.0
mono-00000086,910.0,1.1491278187361473,-15,3.0556971957952774e-06,9.055216100601598
mono-00000086,910.0,1.1491278187361473,-14,5.582115264748918e-06,8.752611337798186
mono-00000086,910.0,1.1491278187361473,-13,8.158272781641597e-06,8.439250440427244
mono-00000086,910.0,1.1491278187361473,-12,9.628058064154205e-06,8.113887228409993
mono-00000086,910.0,1.1491278187361473,-11,8.471529912265402e-06,7.775014992818868
mono-00000086,910.0,1.1491278187361473,-10,1.4897666978284807e-05,7.420783218608108
mono-00000086,910.0,1.1491278187361473,-9,4.111915319130323e-05,7.04887659880265
mono-00000086,910.0,1.1491278187361473,-8,7.6346535018336e-05,6.656333101267549
mono-00000086,910.0,1.1491278187361473,-7,6.642391448959596e-05,6.239258751005593
mono-00000086,910.0,1.1491278187361473,-6,7.3170328483281e-05,5.792356909052927
mono-00000086,910.0,1.1491278187361473,-5,0.0006939378534685783,5.308099075130357
mono-00000086,910.0,1.1491278187361473,-4,0.0017516914537938544,4.775133557133515
mono-00000086,910.0,1.1491278187361473,-3,0.0002812352309491173,4.174847505224648
mono-00000086,910.0,1.1491278187361473,-2,0.07919098082747371,3.4725017554352036
mono-00000086,910.0,1.1491278187361473,-1,0.25069468023818564,2.586242405147445
mono-00000086,910.0,1.1491278187361473,0,0.32319377733618876,1.1491278187359768
mono-00000086,910.0,1.1491278187361473,1,0.0,0.0
mono-00000086,910.0,1.1491278187361473,2,0.0,0.0
mono-00000086,910.0,1.1491278187361473,3,0.0,0.0
mono-00000086,910.0,1.1491278187361473,4,0.0,0.0
mono-00000086,910.0,1.1491278187361473,5,0.0,0.0
mono-00000086,910.0,1.1491278187361473,6,0.0,0.0
mono-00000086,910.0,1.1491278187361473,7,0.0,0.0
mono-00000086,910.0,1.1491278187361473,8,0.0,0.0
mono-00000086,910.0,1.1491278187361473,9,0.0,0.0
mono-00000086,910.0,1.1491278187361473,10,0.0,0.0
mono-00000086,910.0,1.1491278187361473,11,0.0,0.0
mono-00000086,910.0,1.1491278187361473,12,0.0,0.0
mono-00000086,910.0,1.1491278187361473,13,0.0,0.0
mono-00000086,910.0,1.1491278187361473,14,0.0,0.0
mono-00000086,910.0,1.1491278187361473,15,0.0,0.0
mono-00000081,860.0,1.1820444230379934,-15,3.2530305781667526e-06,9.315293291957275
mono-00000081,860.0,1.1820444230379934,-14,5.788289466698631e-06,9.0039612015064
mono-00000081,860.0,1.1820444230379934,-13,7.397626268433759e-06,8.681566634106261
mono-00000081,860.0,1.1820444230379934,-12,7.4479381921782e-06,8.346827761322942
mono-00000081,860.0,1.1820444230379934,-11,7.538670555712428e-06,7.998194767148007
mono-00000081,860.0,1.1820444230379934,-10,1.7670866914061284e-05,7.633764185678345
mono-00000081,860.0,1.1820444230379934,-9,4.358898930122987e-05,7.251154450044595
mono-00000081,860.0,1.1820444230379934,-8,6.338217201194346e-05,6.847318747901042
mono-00000081,860.0,1.1820444230379934,-7,4.3626946056189e-05,6.418251633369039
mono-00000081,860.0,1.1820444230379934,-6,0.0001053883023981553,5.958504820605029
mono-00000081,860.0,1.1820444230379934,-5,0.0007285967523844089,5.46033422947049
mono-00000081,860.0,1.1820444230379934,-4,0.00125053536156428,4.912063058426867
mono-00000081,860.0,1.1820444230379934,-3,0.0007853463957775658,4.2945453001921265
mono-00000081,860.0,1.1820444230379934,-2,0.0691624582466309,3.5720465137009825
mono-00000081,860.0,1.1820444230379934,-1,0.25054488746639464,2.6603671241664557
mono-00000081,860.0,1.1820444230379934,0,0.3265323536727004,1.1820444230380502
mono-00000081,860.0,1.1820444230379934,1,0.0,0.0
mono-00000081,860.0,1.1820444230379934,2,0.0,0.0
mono-00000081,860.0,1.1820444230379934,3,0.0,0.0
mono-00000081,860.0,1.1820444230379934,4,0.0,0.0
mono-00000081,860.0,1.1820444230379934,5,0.0,0.0
mono-00000081,860.0,1.1820444230379934,6,0.0,0.0
mono-00000081,860.0,1.1820444230379934,7,0.0,0.0
mono-00000081,860.0,1.1820444230379934,8,0.0,0.0
mono-00000081,860.0,1.1820444230379934,9,0.0,0.0
mono-00000081,860.0,1.1820444230379934,10,0.0,0.0
mono-00000081,860.0,1.1820444230379934,11,0.0,0.0
mono-00000081,860.0,1.1820444230379934,12,0.0,0.0
mono-00000081,860.0,1.1820444230379934,13,0.0,0.0
mono-00000081,860.0,1.1820444230379934,14,0.0,0.0
mono-00000081,860.0,1.1820444230379934,15,0.0,0.0
mono-00000085,900.0,1.1554911703399,-15,3.0918220111662405e-06,9.10548902918265
mono-00000085,900.0,1.1554911703399,-14,5.652913803338733e-06,8.801197509743616
mono-00000085,900.0,1.1554911703399,-13,8.056321310699883e-06,8.486090622731453
mono-00000085,900.0,1.1554911703399,-12,9.199567525468858e-06,8.158915296315172
mono-00000085,900.0,1.1554911703399,-11,8.168693134581949e-06,7.818156487887407
mono-00000085,900.0,1.1554911703399,-10,1.538610186006368e-05,7.461953445720624
mono-00000085,900.0,1.1554911703399,-9,4.1884196766456475e-05,7.08797805325861
mono-00000085,900.0,1.1554911703399,-8,7.414317117298616e-05,6.693251888453958
mono-00000085,900.0,1.1554911703399,-7,6.123749698546446e-05,6.273859426596502
mono-00000085,900.0,1.1554911703399,-6,7.837454658047965e-05,5.82447471227124
mono-00000085,900.0,1.1554911703399,-5,0.0007055760628081179,5.337527569403036
mono-00000085,900.0,1.1554911703399,-4,0.0016506689128854251,4.801603456218913
mono-00000085,900.0,1.1554911703399,-3,0.00036270628030895435,4.197986454263486
mono-00000085,900.0,1.1554911703399,-2,0.07721541355763119,3.4917449963880074
mono-00000085,900.0,1.1554911703399,-1,0.2507669422346081,2.6005717271657574
mono-00000085,900.0,1.1554911703399,0,0.32377552994557923,1.1554911703399853
mono-00000085,900.0,1.1554911703399,1,0.0,0.0
mono-00000085,900.0,1.1554911703399,2,0.0,0.0
mono-00000085,900.0,1.1554911703399,3,0.0,0.0
mono-00000085,900.0,1.1554911703399,4,0.0,0.0
mono-00000085,900.0,1.1554911703399,5,0.0,0.0
mono-00000085,900.0,1.1554911703399,6,0.0,0.0
mono-00000085,900.0,1.1554911703399,7,0.0,0.0
mono-00000085,900.0,1.1554911703399,8,0.0,0.0
mono-00000085,900.0,1.1554911703399,9,0.0,0.0
mono-00000085,900.0,1.1554911703399,10,0.0,0.0
mono-00000085,900.0,1.1554911703399,11,0.0,0.0
mono-00000085,900.0,1.1554911703399,12,0.0,0.0
mono-00000085,900.0,1.1554911703399,13,0.0,0.0
mono-00000085,900.0,1.1554911703399,14,0.0,0.0
mono-00000085,900.0,1.1554911703399,15,0.0,0.0
mono-00000088,930.0,1.1367102693553761,-15,3.005328956951538e-06,8.9571188225014
mono-00000088,930.0,1.1367102693553761,-14,5.401610673260188e-06,8.657805096857714
mono-00000088,930.0,1.1367102693553761,-13,8.299038565329203e-06,8.34785084082911
mono-00000088,930.0,1.1367102693553761,-12,1.0433876565362555e-05,8.026023323433165
mono-00000088,930.0,1.1367102693553761,-11,9.243136174837002e-06,7.690832098675571
mono-00000088,930.0,1.1367102693553761,-10,1.406434329492713e-05,7.340446628032993
mono-00000088,930.0,1.1367102693553761,-9,3.9318537996707255e-05,6.972576601893408
mono-00000088,930.0,1.1367102693553761,-8,8.00989850851711e-05,6.584291972246888
mono-00000088,930.0,1.1367102693553761,-7,7.742134125656954e-05,6.171740817181927
mono-00000088,930.0,1.1367102693553761,-6,6.508232254080346e-05,5.729683706988496
mono-00000088,930.0,1.1367102693553761,-5,0.0006651403336853798,5.250673468854828
mono-00000088,930.0,1.1367102693553761,-4,0.0019508971404952296,4.723481057057526
mono-00000088,930.0,1.1367102693553761,-3,0.00015483180889062296,4.129694751587081
mono-00000088,930.0,1.1367102693553761,-2,0.08306098019007319,3.434950845615859
mono-00000088,930.0,1.1367102693553761,-1,0.25034164906374257,2.5582803031310988
mono-00000088,930.0,1.1367102693553761,0,0.3219967226343468,1.1367102693552482
mono-00000088,930.0,1.1367102693553761,1,0.0,0.0
mono-00000088,930.0,1.1367102693553761,2,0.0,0.0
mono-00000088,930.0,1.1367102693553761,3,0.0,0.0
mono-00000088,930.0,1.1367102693553761,4,0.0,0.0
mono-00000088,930.0,1.1367102693553761,5,0.0,0.0
mono-00000088,930.0,1.1367102693553761,6,0.0,0.0
mono-00000088,930.0,1.1367102693553761,7,0.0,0.0
mono-00000088,930.0,1.1367102693553761,8,0.0,0.0
mono-00000088,930.0,1.1367102693553761,9,0.0,0.0
mono-00000088,930.0,1.1367102693553761,10,0.0,0.0
mono-00000088,930.0,1.1367102693553761,11,0.0,0.0
mono-00000088,930.0,1.1367102693553761,12,0.0,0.0
mono-00000088,930.0,1.1367102693553761,13,0.0,0.0
mono-00000088,930.0,1.1367102693553761,14,0.0,0.0
mono-00000088,930.0,1.1367102693553761,15,0.0,0.0
mono-00000089,940.0,1.1306505729824892,-15,2.9958273105336633e-06,8.909250814213749
mono-00000089,940.0,1.1306505729824892,-14,5.294048231329882e-06,8.611542845345056
mono-00000089,940.0,1.1306505729824892,-13,8.340840649033217e-06,8.303250767883625
mono-00000089,940.0,1.1306505729824892,-12,1.0803559352425946e-05,7.98314841413179
mono-00000089,940.0,1.1306505729824892,-11,9.708333674669745e-06,7.6497532745339925
mono-00000089,940.0,1.1306505729824892,-10,1.3729821642726934e-05,7.301244559235826
mono-00000089,940.0,1.1306505729824892,-9,3.8315727098552816e-05,6.935344157457379
mono-00000089,940.0,1.1306505729824892,-8,8.163530146432678e-05,6.549137629543608
mono-00000089,940.0,1.1306505729824892,-7,8.317743639171892e-05,6.138793575555127
mono-00000089,940.0,1.1306505729824892,-6,6.227975289962297e-05,5.699100483894455
mono-00000089,940.0,1.1306505729824892,-5,0.0006483023527054032,5.222650869411538
mono-00000089,940.0,1.1306505729824892,-4,0.002048839963434271,4.6982755373863085
mono-00000089,940.0,1.1306505729824892,-3,0.00011124981401950364,4.107660918081564
mono-00000089,940.0,1.1306505729824892,-2,0.08497177406167275,3.416626524943524
mono-00000089,940.0,1.1306505729824892,-1,0.25011315834576175,2.5446351278938977
mono-00000089,940.0,1.1306505729824892,0,0.32142783430152033,1.1306505729821197
mono-00000089,940.0,1.1306505729824892,1,0.0,0.0
mono-00000089,940.0,1.1306505729824892,2,0.0,0.0
mono-00000089,940.0,1.1306505729824892,3,0.0,0.0
mono-00000089,940.0,1.1306505729824892,4,0.0,0.0
mono-00000089,940.0,1.1306505729824892,5,0.0,0.0
mono-00000089,940.0,1.1306505729824892,6,0.0,0.0
mono-00000089,940.0,1.1306505729824892,7,0.0,0.0
mono-00000089,940.0,1.1306505729824892,8,0.0,0.0
mono-00000089,940.0,1.1306505729824892,9,0.0,0.0
mono-00000089,940.0,1.1306505729824892,10,0.0,0.0
mono-00000089,940.0,1.1306505729824892,11,0.0,0.0
mono-00000089,940.0,1.1306505729824892,12,0.0,0.0
mono-00000089,940.0,1.1306505729824892,13,0.0,0.0
mono-00000089,940.0,1.1306505729824892,14,0.0,0.0
mono-00000089,940.0,1.1306505729824892,15,0.0,0.0
mono-00000087,920.0,1.1428684522649775,-15,3.0259725239446635e-06,9.00576678020262
mono-00000087,920.0,1.1428684522649775,-14,5.4979672636825655e-06,8.70482103124749
mono-00000087,920.0,1.1428684522649775,-13,8.238434002785267e-06,8.393177418192238
mono-00000087,920.0,1.1428684522649775,-12,1.0040682290850614e-05,8.069596540232112
mono-00000087,920.0,1.1428684522649775,-11,8.830009065156105e-06,7.732579886090122
mono-00000087,920.0,1.1428684522649775,-10,1.4455238124625397e-05,7.380287010289408
mono-00000087,920.0,1.1428684522649775,-9,4.025744096720073e-05,7.010415206292819
mono-00000087,920.0,1.1428684522649775,-8,7.833205031877952e-05,6.620018564242798
mono-00000087,920.0,1.1428684522649775,-7,7.182697474294733e-05,6.205224306916222
mono-00000087,920.0,1.1428684522649775,-6,6.87257173026785e-05,5.76076463295243
mono-00000087,920.0,1.1428684522649775,-5,0.0006803812101174256,5.279152037047481
mono-00000087,920.0,1.1428684522649775,-4,0.0018517908919673356,4.749096649893275
mono-00000087,920.0,1.1428684522649775,-3,0.000211698684515193,4.15208700600796
mono-00000087,920.0,1.1428684522649775,-2,0.08113637692434877,3.4535731999508386
mono-00000087,920.0,1.1428684522649775,-1,0.2505433522301551,2.572147368975891
mono-00000087,920.0,1.1428684522649775,0,0.32259487889583355,1.142868452265148
mono-00000087,920.0,1.1428684522649775,1,0.0,0.0
mono-00000087,920.0,1.1428684522649775,2,0.0,0.0
mono-00000087,920.0,1.1428684522649775,3,0.0,0.0
mono-00000087,920.0,1.1428684522649775,4,0.0,0.0
mono-00000087,920.0,1.1428684522649775,5,0.0,0.0
mono-00000087,920.0,1.1428684522649775,6,0.0,0.0
mono-00000087,920.0,1.1428684522649775,7,0.0,0.0
mono-00000087,920.0,1.1428684522649775,8,0.0,0.0
mono-00000087,920.0,1.1428684522649775,9,0.0,0.0
mono-00000087,920.0,1.1428684522649775,10,0.0,0.0
mono-00000087,920.0,1.1428684522649775,11,0.0,0.0
mono-00000087,920.0,1.1428684522649775,12,0.0,0.0
mono-00000087,920.0,1.1428684522649775,13,0.0,0.0
mono-00000087,920.0,1.1428684522649775,14,0.0,0.0
mono-00000087,920.0,1.1428684522649775,15,0.0,0.0
mono-00000092,970.0,1.1130368987729895,-15,3.049483776266544e-06,8.770124020098464
mono-00000092,970.0,1.1130368987729895,-14,4.926410325435033e-06,8.47708256638893
mono-00000092,970.0,1.1130368987729895,-13,8.36757325998306e-06,8.173621032796603
mono-00000092,970.0,1.1130368987729895,-12,1.175598648768563e-05,7.85853232980871
mono-00000092,970.0,1.1130368987729895,-11,1.1379900678428724e-05,7.5303570174548184
mono-00000092,970.0,1.1130368987729895,-10,1.311188127901613e-05,7.187302643130266
mono-00000092,970.0,1.1130368987729895,-9,3.510311453927002e-05,6.827126555251041
mono-00000092,970.0,1.1130368987729895,-8,8.487122708699356e-05,6.446959683869309
mono-00000092,970.0,1.1130368987729895,-7,0.0001011575604155601,6.043030281200586
mono-00000092,970.0,1.1130368987729895,-6,5.9195784721438517e-05,5.610207986154521
mono-00000092,970.0,1.1130368987729895,-5,0.0005902987346389589,5.141200674522992
mono-00000092,970.0,1.1130368987729895,-4,0.0023346993124171186,4.625013120929893
mono-00000092,970.0,1.1130368987729895,-3,6.684243255806031e-05,4.043617048351962
mono-00000092,970.0,1.1130368987729895,-2,0.09068354739252754,3.363364532426303
mono-00000092,970.0,1.1130368987729895,-1,0.2494226664090806,2.5049734549008917
mono-00000092,970.0,1.1130368987729895,0,0.3199466653076163,1.1130368987730463
mono-00000092,970.0,1.1130368987729895,1,0.0,0.0
mono-00000092,970.0,1.1130368987729895,2,0.0,0.0
mono-00000092,970.0,1.1130368987729895,3,0.0,0.0
mono-00000092,970.0,1.1130368987729895,4,0.0,0.0
mono-00000092,970.0,1.1130368987729895,5,0.0,0.0
mono-00000092,970.0,1.1130368987729895,6,0.0,0.0
mono-00000092,970.0,1.1130368987729895,7,0.0,0.0
mono-00000092,970.0,1.1130368987729895,8,0.0,0.0
mono-00000092,970.0,1.1130368987729895,9,0.0,0.0
mono-00000092,970.0,1.1130368987729895,10,0.0,0.0
mono-00000092,970.0,1.1130368987729895,11,0.0,0.0
mono-00000092,970.0,1.1130368987729895,12,0.0,0.0
mono-00000092,970.0,1.1130368987729895,13,0.0,0.0
mono-00000092,970.0,1.1130368987729895,14,0.0,0.0
mono-00000092,970.0,1.1130368987729895,15,0.0,0.0
mono-00000091,960.0,1.1188163449818092,-15,3.01747490902086e-06,8.8157729183945
mono-00000091,960.0,1.1188163449818092,-14,5.054535150004781e-06,8.521200426237044
mono-00000091,960.0,1.1188163449818092,-13,8.37595040567533e-06,8.21615402810366
mono-00000091,960.0,1.1188163449818092,-12,1.1467844780091011e-05,7.899420374376348
mono-00000091,960.0,1.1188163449818092,-11,1.07825877575809e-05,7.569532455300077
mono-00000091,960.0,1.1188163449818092,-10,1.3249419363879236e-05,7.224688520033922
mono-00000091,960.0,1.1188163449818092,-9,3.6198805815340956e-05,6.862634281873397
mono-00000091,960.0,1.1188163449818092,-8,8.403996703361341e-05,6.480485783873803
mono-00000091,960.0,1.1188163449818092,-7,9.508494727737264e-05,6.074451704846837
mono-00000091,960.0,1.1188163449818092,-6,5.930209024278088e-05,5.639375056193302
mono-00000091,960.0,1.1188163449818092,-5,0.0006108888608045951,5.167925860980958
mono-00000091,960.0,1.1188163449818092,-4,0.002241110003159964,4.64905181040028
mono-00000091,960.0,1.1188163449818092,-3,6.66285695827931e-05,4.064631016406196
mono-00000091,960.0,1.1188163449818092,-2,0.0887810133626879,3.3808408093542113
mono-00000091,960.0,1.1188163449818092,-1,0.2496430432617482,2.517987242809923
mono-00000091,960.0,1.1188163449818092,0,0.3203766799166538,1.1188163449815534
mono-00000091,960.0,1.1188163449818092,1,0.0,0.0
mono-00000091,960.0,1.1188163449818092,2,0.0,0.0
mono-00000091,960.0,1.1188163449818092,3,0.0,0.0
mono-00000091,960.0,1.1188163449818092,4,0.0,0.0
mono-00000091,960.0,1.1188163449818092,5,0.0,0.0
mono-00000091,960.0,1.1188163449818092,6,0.0,0.0
mono-00000091,960.0,1.1188163449818092,7,0.0,0.0
mono-00000091,960.0,1.1188163449818092,8,0.0,0.0
mono-00000091,960.0,1.1188163449818092,9,0.0,0.0
mono-00000091,960.0,1.1188163449818092,10,0.0,0.0
mono-00000091,960.0,1.1188163449818092,11,0.0,0.0
mono-00000091,960.0,1.1188163449818092,12,0.0,0.0
mono-00000091,960.0,1.1188163449818092,13,0.0,0.0
mono-00000091,960.0,1.1188163449818092,14,0.0,0.0
mono-00000091,960.0,1.1188163449818092,15,0.0,0.0
mono-00000090,950.0,1.1246867657042117,-15,2.9995080213239973e-06,8.862142134650966
mono-00000090,950.0,1.1246867657042117,-14,5.177639012545497e-06,8.566014353120678
mono-00000090,950.0,1.1246867657042117,-13,8.366525785874096e-06,8.25935799678453
mono-00000090,950.0,1.1246867657042117,-12,1.114886288978498e-05,7.9409533574981594
mono-00000090,950.0,1.1246867657042117,-11,1.0222638404146153e-05,7.609325736695652
mono-00000090,950.0,1.1246867657042117,-10,1.3456156623407387e-05,7.26266393907737
mono-00000090,950.0,1.1246867657042117,-9,3.727234498123499e-05,6.89870185982268
mono-00000090,950.0,1.1246867657042117,-8,8.2952187579896e-05,6.514540420819159
mono-00000090,950.0,1.1246867657042117,-7,8.907049479654869e-05,6.106368419546953
mono-00000090,950.0,1.1246867657042117,-6,6.033999244229274e-05,5.669001820938703
mono-00000090,950.0,1.1246867657042117,-5,0.0006302128831941446,5.195072199677654
mono-00000090,950.0,1.1246867657042117,-4,0.002145505489810368,4.673469265111706
mono-00000090,950.0,1.1246867657042117,-3,8.168277796520736e-05,4.085976044647225
mono-00000090,950.0,1.1246867657042117,-2,0.0868723066928697,3.398592372227455
mono-00000090,950.0,1.1246867657042117,-1,0.24986446126079587,2.531205988145615
mono-00000090,950.0,1.1246867657042117,0,0.3208678868528301,1.1246867657042117
mono-00000090,950.0,1.1246867657042117,1,0.0,0.0
mono-00000090,950.0,1.1246867657042117,2,0.0,0.0
mono-00000090,950.0,1.1246867657042117,3,0.0,0.0
mono-00000090,950.0,1.1246867657042117,4,0.0,0.0
mono-00000090,950.0,1.1246867657042117,5,0.0,0.0
mono-00000090,950.0,1.1246867657042117,6,0.0,0.0
mono-00000090,950.0,1.1246867657042117,7,0.0,0.0
mono-00000090,950.0,1.1246867657042117,8,0.0,0.0
mono-00000090,950.0,1.1246867657042117,9,0.0,0.0
mono-00000090,950.0,1.1246867657042117,10,0.0,0.0
mono-00000090,950.0,1.1246867657042117,11,0.0,0.0
mono-00000090,950.0,1.1246867657042117,12,0.0,0.0
mono-00000090,950.0,1.1246867657042117,13,0.0,0.0
mono-00000090,950.0,1.1246867657042117,14,0.0,0.0
mono-00000090,950.0,1.1246867657042117,15,0.0,0.0
mono-00000094,990.0,1.1017417094144548,-15,3.1523662539360747e-06,8.680913998925789
mono-00000094,990.0,1.1017417094144548,-14,4.6663330743684365e-06,8.390864342073172
mono-00000094,990.0,1.1017417094144548,-13,8.295963303117757e-06,8.09049981427377
mono-00000094,990.0,1.1017417094144548,-12,1.2234504529672366e-05,7.778625560926514
mono-00000094,990.0,1.1017417094144548,-11,1.264981742470574e-05,7.4537969366021315
mono-00000094,990.0,1.1017417094144548,-10,1.3049730458947882e-05,7.1142396613068115
mono-00000094,990.0,1.1017417094144548,-9,3.290256021188823e-05,6.757733823243626
mono-00000094,990.0,1.1017417094144548,-8,8.573386651755182e-05,6.38143944766388
mono-00000094,990.0,1.1017417094144548,-7,0.000113243306865164,5.98162304099894
mono-00000094,990.0,1.1017417094144548,-6,6.177168034836054e-05,5.55320628274292
mono-00000094,990.0,1.1017417094144548,-5,0.000546073238882324,5.0889710275100555
mono-00000094,990.0,1.1017417094144548,-4,0.0025120576521274096,4.5780336126045285
mono-00000094,990.0,1.1017417094144548,-3,0.00011575113692948805,4.002548711811315
mono-00000094,990.0,1.1017417094144548,-2,0.0943985641650597,3.32920991681803
mono-00000094,990.0,1.1017417094144548,-1,0.24884166421520787,2.479539967989467
mono-00000094,990.0,1.1017417094144548,0,0.3191119568036584,1.1017417094144832
mono-00000094,990.0,1.1017417094144548,1,0.0,0.0
mono-00000094,990.0,1.1017417094144548,2,0.0,0.0
mono-00000094,990.0,1.1017417094144548,3,0.0,0.0
mono-00000094,990.0,1.1017417094144548,4,0.0,0.0
mono-00000094,990.0,1.1017417094144548,5,0.0,0.0
mono-00000094,990.0,1.1017417094144548,6,0.0,0.0
mono-00000094,990.0,1.1017417094144548,7,0.0,0.0
mono-00000094,990.0,1.1017417094144548,8,0.0,0.0
mono-00000094,990.0,1.1017417094144548,9,0.0,0.0
mono-00000094,990.0,1.1017417094144548,10,0.0,0.0
mono-00000094,990.0,1.1017417094144548,11,0.0,0.0
mono-00000094,990.0,1.1017417094144548,12,0.0,0.0
mono-00000094,990.0,1.1017417094144548,13,0.0,0.0
mono-00000094,990.0,1.1017417094144548,14,0.0,0.0
mono-00000094,990.0,1.1017417094144548,15,0.0,0.0
mono-00000098,1030.0,1.0801460113075478,-15,3.472466238420057e-06,8.51036790219861
mono-00000098,1030.0,1.0801460113075478,-14,4.239328764884661e-06,8.226036838052252
mono-00000098,1030.0,1.0801460113075478,-13,7.937446245315945e-06,7.931592102115715
mono-00000098,1030.0,1.0801460113075478,-12,1.2863737845062027e-05,7.625862233399872
mono-00000098,1030.0,1.0801460113075478,-11,1.5285921864770718e-05,7.30743087404413
mono-00000098,1030.0,1.0801460113075478,-10,1.3881781742091756e-05,6.974558490397186
mono-00000098,1030.0,1.0801460113075478,-9,2.883825400786451e-05,6.625068649285325
mono-00000098,1030.0,1.0801460113075478,-8,8.454217200762228e-05,6.256177005864075
mono-00000098,1030.0,1.0801460113075478,-7,0.0001365414153074989,5.864223208057666
mono-00000098,1030.0,1.0801460113075478,-6,7.787577283850876e-05,5.444228435609233
mono-00000098,1030.0,1.0801460113075478,-5,0.0004514758365860391,4.989115987881505
mono-00000098,1030.0,1.0801460113075478,-4,0.0028247481945183777,4.488215504536981
mono-00000098,1030.0,1.0801460113075478,-3,0.0004201521251295635,3.9240314499930804
mono-00000098,1030.0,1.0801460113075478,-2,0.10159275306557722,3.2639103686837387
mono-00000098,1030.0,1.0801460113075478,-1,0.2474352830831049,2.430913815161091
mono-00000098,1030.0,1.0801460113075478,0,0.31761956727714896,1.0801460113076473
mono-00000098,1030.0,1.0801460113075478,1,0.0,0.0
mono-00000098,1030.0,1.0801460113075478,2,0.0,0.0
mono-00000098,1030.0,1.0801460113075478,3,0.0,0.0
mono-00000098,1030.0,1.0801460113075478,4,0.0,0.0
mono-00000098,1030.0,1.0801460113075478,5,0.0,0.0
mono-00000098,1030.0,1.0801460113075478,6,0.0,0.0
mono-00000098,1030.0,1.0801460113075478,7,0.0,0.0
mono-00000098,1030.0,1.0801460113075478,8,0.0,0.0
mono-00000098,1030.0,1.0801460113075478,9,0.0,0.0
mono-00000098,1030.0,1.0801460113075478,10,0.0,0.0
mono-00000098,1030.0,1.0801460113075478,11,0.0,0.0
mono-00000098,1030.0,1.0801460113075478,12,0.0,0.0
mono-00000098,1030.0,1.0801460113075478,13,0.0,0.0
mono-00000098,1030.0,1.0801460113075478,14,0.0,0.0
mono-00000098,1030.0,1.0801460113075478,15,0.0,0.0
mono-00000095,1000.0,1.0962215583043076,-15,3.220480010215158e-06,8.637317895931787
mono-00000095,1000.0,1.0962215583043076,-14,4.5414707346126144e-06,8.348730179286221
mono-00000095,1000.0,1.0962215583043076,-13,8.23174377690873e-06,8.049879015163128
mono-00000095,1000.0,1.0962215583043076,-12,1.2425832370185968e-05,7.7395755285314465
mono-00000095,1000.0,1.0962215583043076,-11,1.3305542030584532e-05,7.416382304480095
mono-00000095,1000.0,1.0962215583043076,-10,1.3131680288286691e-05,7.078533944468575
mono-00000095,1000.0,1.0962215583043076,-9,3.182315105799852e-05,6.723821650226228
mono-00000095,1000.0,1.0962215583043076,-8,8.576273295622404e-05,6.349419666545884
mono-00000095,1000.0,1.0962215583043076,-7,0.00011917896180617017,5.951613195582951
mono-00000095,1000.0,1.0962215583043076,-6,6.445775558742276e-05,5.525349350198752
mono-00000095,1000.0,1.0962215583043076,-5,0.000522746675295955,5.063446139958927
mono-00000095,1000.0,1.0962215583043076,-4,0.0025950376067813796,4.555074424939178
mono-00000095,1000.0,1.0962215583043076,-3,0.0001655842890929337,3.982478290106741
mono-00000095,1000.0,1.0962215583043076,-2,0.09621133969364296,3.312518231238869
mono-00000095,1000.0,1.0962215583043076,-1,0.24849369601490448,2.4671103334665787
mono-00000095,1000.0,1.0962215583043076,0,0.3187249556751164,1.0962215583042934
mono-00000095,1000.0,1.0962215583043076,1,0.0,0.0
mono-00000095,1000.0,1.0962215583043076,2,0.0,0.0
mono-00000095,1000.0,1.0962215583043076,3,0.0,0.0
mono-00000095,1000.0,1.0962215583043076,4,0.0,0.0
mono-00000095,1000.0,1.0962215583043076,5,0.0,0.0
mono-00000095,1000.0,1.0962215583043076,6,0.0,0.0
mono-00000095,1000.0,1.0962215583043076,7,0.0,0.0
mono-00000095,1000.0,1.0962215583043076,8,0.0,0.0
mono-00000095,1000.0,1.0962215583043076,9,0.0,0.0
mono-00000095,1000.0,1.0962215583043076,10,0.0,0.0
mono-00000095,1000.0,1.0962215583043076,11,0.0,0.0
mono-00000095,1000.0,1.0962215583043076,12,0.0,0.0
mono-00000095,1000.0,1.0962215583043076,13,0.0,0.0
mono-00000095,1000.0,1.0962215583043076,14,0.0,0.0
mono-00000095,1000.0,1.0962215583043076,15,0.0,0.0
mono-00000093,980.0,1.1073461013566117,-15,3.094816744926715e-06,8.725176981273009
mono-00000093,980.0,1.1073461013566117,-14,4.795866237543892e-06,8.433642938828243
mono-00000093,980.0,1.1073461013566117,-13,8.34101020021574e-06,8.131741821285814
mono-00000093,980.0,1.1073461013566117,-12,1.2011424949309339e-05,7.8182727033305355
mono-00000093,980.0,1.1073461013566117,-11,1.2005122353574244e-05,7.49178359878978
mono-00000093,980.0,1.1073461013566117,-10,1.3044395163169855e-05,7.150491210807104
mono-00000093,980.0,1.1073461013566117,-9,3.3999740005494244e-05,6.792164344597978
mono-00000093,980.0,1.1073461013566117,-8,8.54360374501607e-05,6.413948589023207
mono-00000093,980.0,1.1073461013566117,-7,0.00010722417929753384,6.012091469641788
mono-00000093,980.0,1.1073461013566117,-6,6.0019864075163975e-05,5.581488844618647
mono-00000093,980.0,1.1073461013566117,-5,0.0005686301480982424,5.114885862033461
mono-00000093,980.0,1.1073461013566117,-4,0.002425183909663992,4.601343504497592
mono-00000093,980.0,1.1073461013566117,-3,8.303359708265302e-05,4.022925670152716
mono-00000093,980.0,1.1073461013566117,-2,0.09255763669338775,3.346156499129961
mono-00000093,980.0,1.1073461013566117,-1,0.2491572715117756,2.492159382119553
mono-00000093,980.0,1.1073461013566117,0,0.31952765852371556,1.1073461013563275
mono-00000093,980.0,1.1073461013566117,1,0.0,0.0
mono-00000093,980.0,1.1073461013566117,2,0.0,0.0
mono-00000093,980.0,1.1073461013566117,3,0.0,0.0
mono-00000093,980.0,1.1073461013566117,4,0.0,0.0
mono-00000093,980.0,1.1073461013566117,5,0.0,0.0
mono-00000093,980.0,1.1073461013566117,6,0.0,0.0
mono-00000093,980.0,1.1073461013566117,7,0.0,0.0
mono-00000093,980.0,1.1073461013566117,8,0.0,0.0
mono-00000093,980.0,1.1073461013566117,9,0.0,0.0
mono-00000093,980.0,1.1073461013566117,10,0.0,0.0
mono-00000093,980.0,1.1073461013566117,11,0.0,0.0
mono-00000093,980.0,1.1073461013566117,12,0.0,0.0
mono-00000093,980.0,1.1073461013566117,13,0.0,0.0
mono-00000093,980.0,1.1073461013566117,14,0.0,0.0
mono-00000093,980.0,1.1073461013566117,15,0.0,0.0
mono-00000097,1020.0,1.0854256925304497,-15,3.3821493245475072e-06,8.55206058231424
mono-00000097,1020.0,1.0854256925304497,-14,4.324081343805432e-06,8.266331630630148
mono-00000097,1020.0,1.0854256925304497,-13,8.051542355236166e-06,7.970439812757377
mono-00000097,1020.0,1.0854256925304497,-12,1.2736476330462632e-05,7.66320794832734
mono-00000097,1020.0,1.0854256925304497,-11,1.4627689213673746e-05,7.343212763620613
mono-00000097,1020.0,1.0854256925304497,-10,1.3541942944661693e-05,7.00870623008295
mono-00000097,1020.0,1.0854256925304497,-9,2.978099618897591e-05,6.6575012847685
mono-00000097,1020.0,1.0854256925304497,-8,8.514507847447316e-05,6.28679998232009
mono-00000097,1020.0,1.0854256925304497,-7,0.00013081748594593362,5.892924088929732
mono-00000097,1020.0,1.0854256925304497,-6,7.25050564010348e-05,5.470870458453135
mono-00000097,1020.0,1.0854256925304497,-5,0.00047528505519816287,5.013527809847773
mono-00000097,1020.0,1.0854256925304497,-4,0.002750703059897558,4.510173634785119
mono-00000097,1020.0,1.0854256925304497,-3,0.0003173648580356141,3.943226881425616
mono-00000097,1020.0,1.0854256925304497,-2,0.09978516211363365,3.2798744619353357
mono-00000097,1020.0,1.0854256925304497,-1,0.2477462055020077,2.4428017271170006
mono-00000097,1020.0,1.0854256925304497,0,0.31794642914727683,1.085425692530194
mono-00000097,1020.0,1.0854256925304497,1,0.0,0.0
mono-00000097,1020.0,1.0854256925304497,2,0.0,0.0
mono-00000097,1020.0,1.0854256925304497,3,0.0,0.0
mono-00000097,1020.0,1.0854256925304497,4,0.0,0.0
mono-00000097,1020.0,1.0854256925304497,5,0.0,0.0
mono-00000097,1020.0,1.0854256925304497,6,0.0,0.0
mono-00000097,1020.0,1.0854256925304497,7,0.0,0.0
mono-00000097,1020.0,1.0854256925304497,8,0.0,0.0
mono-00000097,1020.0,1.0854256925304497,9,0.0,0.0
mono-00000097,1020.0,1.0854256925304497,10,0.0,0.0
mono-00000097,1020.0,1.0854256925304497,11,0.0,0.0
mono-00000097,1020.0,1.0854256925304497,12,0.0,0.0
mono-00000097,1020.0,1.0854256925304497,13,0.0,0.0
mono-00000097,1020.0,1.0854256925304497,14,0.0,0.0
mono-00000097,1020.0,1.0854256925304497,15,0.0,0.0
mono-00000096,1010.0,1.0907835585527152,-15,3.2976100940445306e-06,8.594372093026465
mono-00000096,1010.0,1.0907835585527152,-14,4.426038651566151e-06,8.30722443122059
mono-00000096,1010.0,1.0907835585527152,-13,8.150151512558545e-06,8.009863983988382
mono-00000096,1010.0,1.0907835585527152,-12,1.2592179001001849e-05,7.701107766982759
mono-00000096,1010.0,1.0907835585527152,-11,1.396622780400877e-05,7.379525488316702
mono-00000096,1010.0,1.0907835585527152,-10,1.3293320072996776e-05,7.043360498849495
mono-00000096,1010.0,1.0907835585527152,-9,3.077949223837718e-05,6.69041494857575
mono-00000096,1010.0,1.0907835585527152,-8,8.556212693492858e-05,6.3178770903550685
mono-00000096,1010.0,1.0907835585527152,-7,0.00012503433713434425,5.922050543987936
mono-00000096,1010.0,1.0907835585527152,-6,6.802556100802262e-05,5.4979074773601155
mono-00000096,1010.0,1.0907835585527152,-5,0.0004991302722573576,5.0383015170826155
mono-00000096,1010.0,1.0907835585527152,-4,0.0026743120356487525,4.532457234712595
mono-00000096,1010.0,1.0907835585527152,-3,0.00023258287538301803,3.962706795782836
mono-00000096,1010.0,1.0907835585527152,-2,0.09799527068950922,3.2960751158888257
mono-00000096,1010.0,1.0907835585527152,-1,0.24810382327837668,2.4548657690166777
mono-00000096,1010.0,1.0907835585527152,0,0.31831016988368466,1.0907835585531132
mono-00000096,1010.0,1.0907835585527152,1,0.0,0.0
mono-00000096,1010.0,1.0907835585527152,2,0.0,0.0
mono-00000096,1010.0,1.0907835585527152,3,0.0,0.0
mono-00000096,1010.0,1.0907835585527152,4,0.0,0.0
mono-00000096,1010.0,1.0907835585527152,5,0.0,0.0
mono-00000096,1010.0,1.0907835585527152,6,0.0,0.0
mono-00000096,1010.0,1.0907835585527152,7,0.0,0.0
mono-00000096,1010.0,1.0907835585527152,8,0.0,0.0
mono-00000096,1010.0,1.0907835585527152,9,0.0,0.0
mono-00000096,1010.0,1.0907835585527152,10,0.0,0.0
mono-00000096,1010.0,1.0907835585527152,11,0.0,0.0
mono-00000096,1010.0,1.0907835585527152,12,0.0,0.0
mono-00000096,1010.0,1.0907835585527152,13,0.0,0.0
mono-00000096,1010.0,1.0907835585527152,14,0.0,0.0
mono-00000096,1010.0,1.0907835585527152,15,0.0,0.0
mono-00000103,1080.0,1.054856611081675,-15,3.922979552960234e-06,8.310681156681838
mono-00000103,1080.0,1.054856611081675,-14,4.110643386145778e-06,8.03304426830205
mono-00000103,1080.0,1.054856611081675,-13,7.126080343138465e-06,7.745529395834879
mono-00000103,1080.0,1.054856611081675,-12,1.3145780718207641e-05,7.446992475128226
mono-00000103,1080.0,1.054856611081675,-11,1.8149151852413987e-05,7.136050276343454
mono-00000103,1080.0,1.054856611081675,-10,1.6890940418565485e-05,6.811003957515396
mono-00000103,1080.0,1.054856611081675,-9,2.509599526182779e-05,6.469728003200089
mono-00000103,1080.0,1.054856611081675,-8,7.826454024871113e-05,6.109503216115371
mono-00000103,1080.0,1.054856611081675,-7,0.00016178046288252976,5.726754898694381
mono-00000103,1080.0,1.054856611081675,-6,0.00011777676653802146,5.316620752444663
mono-00000103,1080.0,1.054856611081675,-5,0.00033283160039221756,4.872189717056841
mono-00000103,1080.0,1.054856611081675,-4,0.0031216331722264856,4.38304121994004
mono-00000103,1080.0,1.054856611081675,-3,0.0012382492325512153,3.832089344065224
mono-00000103,1080.0,1.054856611081675,-2,0.11056512326141554,3.187445259230998
mono-00000103,1080.0,1.054856611081675,-1,0.2462590652853778,2.373972489578236
mono-00000103,1080.0,1.054856611081675,0,0.31733333438717737,1.0548566110813482
mono-00000103,1080.0,1.054856611081675,1,0.0,0.0
mono-00000103,1080.0,1.054856611081675,2,0.0,0.0
mono-00000103,1080.0,1.054856611081675,3,0.0,0.0
mono-00000103,1080.0,1.054856611081675,4,0.0,0.0
mono-00000103,1080.0,1.054856611081675,5,0.0,0.0
mono-00000103,1080.0,1.054856611081675,6,0.0,0.0
mono-00000103,1080.0,1.054856611081675,7,0.0,0.0
mono-00000103,1080.0,1.054856611081675,8,0.0,0.0
mono-00000103,1080.0,1.054856611081675,9,0.0,0.0
mono-00000103,1080.0,1.054856611081675,10,0.0,0.0
mono-00000103,1080.0,1.054856611081675,11,0.0,0.0
mono-00000103,1080.0,1.054856611081675,12,0.0,0.0
mono-00000103,1080.0,1.054856611081675,13,0.0,0.0
mono-00000103,1080.0,1.054856611081675,14,0.0,0.0
mono-00000103,1080.0,1.054856611081675,15,0.0,0.0
mono-00000099,1040.0,1.0749426316750288,-15,3.566931863171608e-06,8.469279113642813
mono-00000099,1040.0,1.0749426316750288,-14,4.174116523497943e-06,8.186325618875856
mono-00000099,1040.0,1.0749426316750288,-13,7.807998073391205e-06,7.893306939249342
mono-00000099,1040.0,1.0749426316750288,-12,1.2971681362320357e-05,7.58905725059023
mono-00000099,1040.0,1.0749426316750288,-11,1.593536327772763e-05,7.272167011049433
mono-00000099,1040.0,1.0749426316750288,-10,1.431889026110606e-05,6.940905059220427
mono-00000099,1040.0,1.0749426316750288,-9,2.7958599634764106e-05,6.5931054381992595
mono-00000099,1040.0,1.0749426316750288,-8,8.373867981244301e-05,6.2259972072289
mono-00000099,1040.0,1.0749426316750288,-7,0.0001421770407033641,5.835937637677503
mono-00000099,1040.0,1.0749426316750288,-6,8.422722924438639e-05,5.417971883763045
mono-00000099,1040.0,1.0749426316750288,-5,0.0004275128956535054,4.96505732563989
mono-00000099,1040.0,1.0749426316750288,-4,0.002896787907788497,4.466574997433398
mono-00000099,1040.0,1.0749426316750288,-3,0.0005427117967283565,3.905113643949946
mono-00000099,1040.0,1.0749426316750288,-2,0.10345794739481246,3.2481771345451875
mono-00000099,1040.0,1.0749426316750288,-1,0.24725818943531555,2.4191977887379466
mono-00000099,1040.0,1.0749426316750288,0,0.3174599705780489,1.0749426316751851
mono-00000099,1040.0,1.0749426316750288,1,0.0,0.0
mono-00000099,1040.0,1.0749426316750288,2,0.0,0.0
mono-00000099,1040.0,1.0749426316750288,3,0.0,0.0
mono-00000099,1040.0,1.0749426316750288,4,0.0,0.0
mono-00000099,1040.0,1.0749426316750288,5,0.0,0.0
mono-00000099,1040.0,1.0749426316750288,6,0.0,0.0
mono-00000099,1040.0,1.0749426316750288,7,0.0,0.0
mono-00000099,1040.0,1.0749426316750288,8,0.0,0.0
mono-00000099,1040.0,1.0749426316750288,9,0.0,0.0
mono-00000099,1040.0,1.0749426316750288,10,0.0,0.0
mono-00000099,1040.0,1.0749426316750288,11,0.0,0.0
mono-00000099,1040.0,1.0749426316750288,12,0.0,0.0
mono-00000099,1040.0,1.0749426316750288,13,0.0,0.0
mono-00000099,1040.0,1.0749426316750288,14,0.0,0.0
mono-00000099,1040.0,1.0749426316750288,15,0.0,0.0
mono-00000102,1070.0,1.0597723977892741,-15,3.840292656211948e-06,8.349494081206316
mono-00000102,1070.0,1.0597723977892741,-14,4.096768551703852e-06,8.070556180043809
mono-00000102,1070.0,1.0597723977892741,-13,7.316428916833405e-06,7.781694475206905
mono-00000102,1070.0,1.0597723977892741,-12,1.3140052216809416e-05,7.481759576942721
mono-00000102,1070.0,1.0597723977892741,-11,1.7669342441617475e-05,7.169361815762144
mono-00000102,1070.0,1.0597723977892741,-10,1.613531633808047e-05,6.842794439798993
mono-00000102,1070.0,1.0597723977892741,-9,2.5707582242903992e-05,6.499922035939221
mono-00000102,1070.0,1.0597723977892741,-8,7.99317200005835e-05,6.138012743199781
mono-00000102,1070.0,1.0597723977892741,-7,0.00015740563553179662,5.753475214129111
mono-00000102,1070.0,1.0597723977892741,-6,0.00010835634526268327,5.341424500321978
mono-00000102,1070.0,1.0597723977892741,-5,0.0003558137642038367,4.894917343831523
mono-00000102,1070.0,1.0597723977892741,-4,0.003076682971710796,4.403484617796337
mono-00000102,1070.0,1.0597723977892741,-3,0.00103373589038052,3.8499607829839135
mono-00000102,1070.0,1.0597723977892741,-2,0.10888180824625748,3.2023083809493613
mono-00000102,1070.0,1.0597723977892741,-1,0.24661937068351136,2.3850406700879887
mono-00000102,1070.0,1.0597723977892741,0,0.31736006453037613,1.0597723977892315
mono-00000102,1070.0,1.0597723977892741,1,0.0,0.0
mono-00000102,1070.0,1.0597723977892741,2,0.0,0.0
mono-00000102,1070.0,1.0597723977892741,3,0.0,0.0
mono-00000102,1070.0,1.0597723977892741,4,0.0,0.0
mono-00000102,1070.0,1.0597723977892741,5,0.0,0.0
mono-00000102,1070.0,1.0597723977892741,6,0.0,0.0
mono-00000102,1070.0,1.0597723977892741,7,0.0,0.0
mono-00000102,1070.0,1.0597723977892741,8,0.0,0.0
mono-00000102,1070.0,1.0597723977892741,9,0.0,0.0
mono-00000102,1070.0,1.0597723977892741,10,0.0,0.0
mono-00000102,1070.0,1.0597723977892741,11,0.0,0.0
mono-00000102,1070.0,1.0597723977892741,12,0.0,0.0
mono-00000102,1070.0,1.0597723977892741,13,0.0,0.0
mono-00000102,1070.0,1.0597723977892741,14,0.0,0.0
mono-00000102,1070.0,1.0597723977892741,15,0.0,0.0
mono-00000101,1060.0,1.0647575561609557,-15,3.75299833966415e-06,8.388855934095062
mono-00000101,1060.0,1.0647575561609557,-14,4.102483283657476e-06,8.108598557322154
mono-00000101,1060.0,1.0647575561609557,-13,7.49597980948685e-06,7.8183709137711475
mono-00000101,1060.0,1.0647575561609557,-12,1.3109942195298069e-05,7.517018213015604
mono-00000101,1060.0,1.0647575561609557,-11,1.7137414376503863e-05,7.203144255129018
mono-00000101,1060.0,1.0647575561609557,-10,1.5451369701541308e-05,6.875034266816456
mono-00000101,1060.0,1.0647575561609557,-9,2.639007811803179e-05,6.530542797723456
mono-00000101,1060.0,1.0647575561609557,-8,8.142102924254032e-05,6.166925144569603
mono-00000101,1060.0,1.0647575561609557,-7,0.0001526682072237035,5.7805730751776
mono-00000101,1060.0,1.0647575561609557,-6,9.956051006181256e-05,5.36657867172093
mono-00000101,1060.0,1.0647575561609557,-5,0.000379436485372502,4.917966024366038
mono-00000101,1060.0,1.0647575561609557,-4,0.0030239926856973753,4.424216766881429
mono-00000101,1060.0,1.0647575561609557,-3,0.0008494315225251499,3.8680846142074614
mono-00000101,1060.0,1.0647575561609557,-2,0.10712934255704225,3.217381381900239
mono-00000101,1060.0,1.0647575561609557,-1,0.24689529299626195,2.3962651179555934
mono-00000101,1060.0,1.0647575561609557,0,0.3173717262575119,1.0647575561609557
mono-00000101,1060.0,1.0647575561609557,1,0.0,0.0
mono-00000101,1060.0,1.0647575561609557,2,0.0,0.0
mono-00000101,1060.0,1.0647575561609557,3,0.0,0.0
mono-00000101,1060.0,1.0647575561609557,4,0.0,0.0
mono-00000101,1060.0,1.0647575561609557,5,0.0,0.0
mono-00000101,1060.0,1.0647575561609557,6,0.0,0.0
mono-00000101,1060.0,1.0647575561609557,7,0.0,0.0
mono-00000101,1060.0,1.0647575561609557,8,0.0,0.0
mono-00000101,1060.0,1.0647575561609557,9,0.0,0.0
mono-00000101,1060.0,1.0647575561609557,10,0.0,0.0
mono-00000101,1060.0,1.0647575561609557,11,0.0,0.0
mono-00000101,1060.0,1.0647575561609557,12,0.0,0.0
mono-00000101,1060.0,1.0647575561609557,13,0.0,0.0
mono-00000101,1060.0,1.0647575561609557,14,0.0,0.0
mono-00000101,1060.0,1.0647575561609557,15,0.0,0.0
mono-00000100,1050.0,1.0698137333221496,-15,3.6619758328889723e-06,8.428779777680006
mono-00000100,1050.0,1.0698137333221496,-14,4.128847562599207e-06,8.147184021616326
mono-00000100,1050.0,1.0698137333221496,-13,7.661694976474991e-06,7.855570876950097
mono-00000100,1050.0,1.0698137333221496,-12,1.305608273085269e-05,7.552780075728123
mono-00000100,1050.0,1.0698137333221496,-11,1.6559924829946452e-05,7.237408794645859
mono-00000100,1050.0,1.0698137333221496,-10,1.4846457189511423e-05,6.907734124806524
mono-00000100,1050.0,1.0698137333221496,-9,2.7143767422806964e-05,6.5616004357329984
mono-00000100,1050.0,1.0698137333221496,-8,8.271060723219951e-05,6.196249999013631
mono-00000100,1050.0,1.0698137333221496,-7,0.00014760893881904063,5.808057457331046
mono-00000100,1050.0,1.0698137333221496,-6,9.14982206948499e-05,5.392091596345594
mono-00000100,1050.0,1.0698137333221496,-5,0.0004034703558307646,4.9413433893057
mono-00000100,1050.0,1.0698137333221496,-4,0.0029644385895451803,4.4452445292452865
mono-00000100,1050.0,1.0698137333221496,-3,0.0006857404045546229,3.886466834975792
mono-00000100,1050.0,1.0698137333221496,-2,0.10533029642814128,3.2326692484828072
mono-00000100,1050.0,1.0698137333221496,-1,0.24712271931348148,2.407649545265542
mono-00000100,1050.0,1.0698137333221496,0,0.31740435691159974,1.069813733321979
mono-00000100,1050.0,1.0698137333221496,1,0.0,0.0
mono-00000100,1050.0,1.0698137333221496,2,0.0,0.0
mono-00000100,1050.0,1.0698137333221496,3,0.0,0.0
mono-00000100,1050.0,1.0698137333221496,4,0.0,0.0
mono-00000100,1050.0,1.0698137333221496,5,0.0,0.0
mono-00000100,1050.0,1.0698137333221496,6,0.0,0.0
mono-00000100,1050.0,1.0698137333221496,7,0.0,0.0
mono-00000100,1050.0,1.0698137333221496,8,0.0,0.0
mono-00000100,1050.0,1.0698137333221496,9,0.0,0.0
mono-00000100,1050.0,1.0698137333221496,10,0.0,0.0
mono-00000100,1050.0,1.0698137333221496,11,0.0,0.0
mono-00000100,1050.0,1.0698137333221496,12,0.0,0.0
mono-00000100,1050.0,1.0698137333221496,13,0.0,0.0
mono-00000100,1050.0,1.0698137333221496,14,0.0,0.0
mono-00000100,1050.0,1.0698137333221496,15,0.0,0.0
mono-00000104,1090.0,1.0500086019034,-15,4.002272380004218e-06,8.272404519327125
mono-00000104,1090.0,1.0500086019034,-14,4.142960824086581e-06,7.996050607494567
mono-00000104,1090.0,1.0500086019034,-13,6.93060284329826e-06,7.70986390236213
mono-00000104,1090.0,1.0500086019034,-12,1.3128459853464549e-05,7.412705592029141
mono-00000104,1090.0,1.0500086019034,-11,1.8578579643166873e-05,7.103198797604705
mono-00000104,1090.0,1.0500086019034,-10,1.7714090576833706e-05,6.779652478058068
mono-00000104,1090.0,1.0500086019034,-9,2.455835522004753e-05,6.439950879249324
mono-00000104,1090.0,1.0500086019034,-8,7.646203030882794e-05,6.081387293102779
mono-00000104,1090.0,1.0500086019034,-7,0.00016580991787845878,5.700403442488749
mono-00000104,1090.0,1.0500086019034,-6,0.0001277534600027022,5.2921593666586375
mono-00000104,1090.0,1.0500086019034,-5,0.00031071574125837785,4.849775759127155
mono-00000104,1090.0,1.0500086019034,-4,0.003159388964891759,4.362879932215193
mono-00000104,1090.0,1.0500086019034,-3,0.001462682417256814,3.8144644932945795
mono-00000104,1090.0,1.0500086019034,-2,0.11218949633575079,3.1727871908637724
mono-00000104,1090.0,1.0500086019034,-1,0.2458324731031843,2.363056983821153
mono-00000104,1090.0,1.0500086019034,0,0.317289378285832,1.050008601903798
mono-00000104,1090.0,1.0500086019034,1,0.0,0.0
mono-00000104,1090.0,1.0500086019034,2,0.0,0.0
mono-00000104,1090.0,1.0500086019034,3,0.0,0.0
mono-00000104,1090.0,1.0500086019034,4,0.0,0.0
mono-00000104,1090.0,1.0500086019034,5,0.0,0.0
mono-00000104,1090.0,1.0500086019034,6,0.0,0.0
mono-00000104,1090.0,1.0500086019034,7,0.0,0.0
mono-00000104,1090.0,1.0500086019034,8,0.0,0.0
mono-00000104,1090.0,1.0500086019034,9,0.0,0.0
mono-00000104,1090.0,1.0500086019034,10,0.0,0.0
mono-00000104,1090.0,1.0500086019034,11,0.0,0.0
mono-00000104,1090.0,1.0500086019034,12,0.0,0.0
mono-00000104,1090.0,1.0500086019034,13,0.0,0.0
mono-00000104,1090.0,1.0500086019034,14,0.0,0.0
mono-00000104,1090.0,1.0500086019034,15,0.0,0.0
mono-00000106,1110.0,1.0405097916253112,-15,4.156779196861822e-06,8.1974115441094
mono-00000106,1110.0,1.0405097916253112,-14,4.253520786513276e-06,7.9235711152270625
mono-00000106,1110.0,1.0405097916253112,-13,6.546627563804389e-06,7.639986444774479
mono-00000106,1110.0,1.0405097916253112,-12,1.3018083725892823e-05,7.345529011927468
mono-00000106,1110.0,1.0405097916253112,-11,1.929009170607555e-05,7.038834381590007
mono-00000106,1110.0,1.0405097916253112,-10,1.9533043913468325e-05,6.718226797537767
mono-00000106,1110.0,1.0405097916253112,-9,2.3716203800671253e-05,6.3816096314562
mono-00000106,1110.0,1.0405097916253112,-8,7.256360727614073e-05,6.02630064595634
mono-00000106,1110.0,1.0405097916253112,-7,0.00017279108214291087,5.648773737163879
mono-00000106,1110.0,1.0405097916253112,-6,0.0001491450783351114,5.244232711508133
mono-00000106,1110.0,1.0405097916253112,-5,0.00026960038349397355,4.805860478805798
mono-00000106,1110.0,1.0405097916253112,-4,0.003213554585385244,4.323378173601554
mono-00000106,1110.0,1.0405097916253112,-3,0.001972013089099827,3.779932257859201
mono-00000106,1110.0,1.0405097916253112,-2,0.11529012951682163,3.144067674075245
mono-00000106,1110.0,1.0405097916253112,-1,0.24485027684019797,2.341670194378409
mono-00000106,1110.0,1.0405097916253112,0,0.31722535614381103,1.0405097916253112
mono-00000106,1110.0,1.0405097916253112,1,0.0,0.0
mono-00000106,1110.0,1.0405097916253112,2,0.0,0.0
mono-00000106,1110.0,1.0405097916253112,3,0.0,0.0
mono-00000106,1110.0,1.0405097916253112,4,0.0,0.0
mono-00000106,1110.0,1.0405097916253112,5,0.0,0.0
mono-00000106,1110.0,1.0405097916253112,6,0.0,0.0
mono-00000106,1110.0,1.0405097916253112,7,0.0,0.0
mono-00000106,1110.0,1.0405097916253112,8,0.0,0.0
mono-00000106,1110.0,1.0405097916253112,9,0.0,0.0
mono-00000106,1110.0,1.0405097916253112,10,0.0,0.0
mono-00000106,1110.0,1.0405097916253112,11,0.0,0.0
mono-00000106,1110.0,1.0405097916253112,12,0.0,0.0
mono-00000106,1110.0,1.0405097916253112,13,0.0,0.0
mono-00000106,1110.0,1.0405097916253112,14,0.0,0.0
mono-00000106,1110.0,1.0405097916253112,15,0.0,0.0
mono-00000108,1130.0,1.0312641938027411,-15,4.319547309288665e-06,8.124421812543858
mono-00000108,1130.0,1.0312641938027411,-14,4.4047736915624054e-06,7.853027509368857
mono-00000108,1130.0,1.0312641938027411,-13,6.211512240786129e-06,7.571975166441661
mono-00000108,1130.0,1.0312641938027411,-12,1.2793470943105838e-05,7.280146279966985
mono-00000108,1130.0,1.0312641938027411,-11,1.9826682862767823e-05,6.976188527234655
mono-00000108,1130.0,1.0312641938027411,-10,2.150990971052975e-05,6.658441029711071
mono-00000108,1130.0,1.0312641938027411,-9,2.3199939644315985e-05,6.3248257754284225
mono-00000108,1130.0,1.0312641938027411,-8,6.847787586150235e-05,5.972684345756932
mono-00000108,1130.0,1.0312641938027411,-7,0.00017828155820199233,5.598521952848046
mono-00000108,1130.0,1.0312641938027411,-6,0.00017194865382908986,5.197585004035304
mono-00000108,1130.0,1.0312641938027411,-5,0.00023351112741131673,4.763116967350086
mono-00000108,1130.0,1.0312641938027411,-4,0.0032396495916165494,4.28493029885702
mono-00000108,1130.0,1.0312641938027411,-3,0.0025602185825866126,3.746321213790324
mono-00000108,1130.0,1.0312641938027411,-2,0.11819467026107101,3.1161141917603175
mono-00000108,1130.0,1.0312641938027411,-1,0.24371306980867188,2.3208537702758463
mono-00000108,1130.0,1.0312641938027411,0,0.31718215533105737,1.031264193802329
mono-00000108,1130.0,1.0312641938027411,1,0.0,0.0
mono-00000108,1130.0,1.0312641938027411,2,0.0,0.0
mono-00000108,1130.0,1.0312641938027411,3,0.0,0.0
mono-00000108,1130.0,1.0312641938027411,4,0.0,0.0
mono-00000108,1130.0,1.0312641938027411,5,0.0,0.0
mono-00000108,1130.0,1.0312641938027411,6,0.0,0.0
mono-00000108,1130.0,1.0312641938027411,7,0.0,0.0
mono-00000108,1130.0,1.0312641938027411,8,0.0,0.0
mono-00000108,1130.0,1.0312641938027411,9,0.0,0.0
mono-00000108,1130.0,1.0312641938027411,10,0.0,0.0
mono-00000108,1130.0,1.0312641938027411,11,0.0,0.0
mono-00000108,1130.0,1.0312641938027411,12,0.0,0.0
mono-00000108,1130.0,1.0312641938027411,13,0.0,0.0
mono-00000108,1130.0,1.0312641938027411,14,0.0,0.0
mono-00000108,1130.0,1.0312641938027411,15,0.0,0.0
mono-00000109,1140.0,1.0267328687536832,-15,4.408962401200765e-06,8.088650568894636
mono-00000109,1140.0,1.0267328687536832,-14,4.487933308085515e-06,7.818455000391779
mono-00000109,1140.0,1.0267328687536832,-13,6.076120203971293e-06,7.538643643985267
mono-00000109,1140.0,1.0267328687536832,-12,1.2633381540699966e-05,7.248102905389686
mono-00000109,1140.0,1.0267328687536832,-11,2.0040309616533022e-05,6.9454863983610124
mono-00000109,1140.0,1.0267328687536832,-10,2.2525380653826604e-05,6.629140536134486
mono-00000109,1140.0,1.0267328687536832,-9,2.3073459727301343e-05,6.296996430860261
mono-00000109,1140.0,1.0267328687536832,-8,6.643331861130563e-05,5.946407337771504
mono-00000109,1140.0,1.0267328687536832,-7,0.00018044191659341222,5.573893817349898
mono-00000109,1140.0,1.0267328687536832,-6,0.0001837012407377993,5.174723156054739
mono-00000109,1140.0,1.0267328687536832,-5,0.00021759991237392756,4.7421685020295286
mono-00000109,1140.0,1.0267328687536832,-4,0.003242331962982061,4.266087068706469
mono-00000109,1140.0,1.0267328687536832,-3,0.0028834392033288605,3.7298484663385523
mono-00000109,1140.0,1.0267328687536832,-2,0.11957696350773035,3.1024141770318323
mono-00000109,1140.0,1.0267328687536832,-1,0.24309963961375505,2.3106516012183675
mono-00000109,1140.0,1.0267328687536832,0,0.3171799918274058,1.0267328687541948
mono-00000109,1140.0,1.0267328687536832,1,0.0,0.0
mono-00000109,1140.0,1.0267328687536832,2,0.0,0.0
mono-00000109,1140.0,1.0267328687536832,3,0.0,0.0
mono-00000109,1140.0,1.0267328687536832,4,0.0,0.0
mono-00000109,1140.0,1.0267328687536832,5,0.0,0.0
mono-00000109,1140.0,1.0267328687536832,6,0.0,0.0
mono-00000109,1140.0,1.0267328687536832,7,0.0,0.0
mono-00000109,1140.0,1.0267328687536832,8,0.0,0.0
mono-00000109,1140.0,1.0267328687536832,9,0.0,0.0
mono-00000109,1140.0,1.0267328687536832,10,0.0,0.0
mono-00000109,1140.0,1.0267328687536832,11,0.0,0.0
mono-00000109,1140.0,1.0267328687536832,12,0.0,0.0
mono-00000109,1140.0,1.0267328687536832,13,0.0,0.0
mono-00000109,1140.0,1.0267328687536832,14,0.0,0.0
mono-00000109,1140.0,1.0267328687536832,15,0.0,0.0
mono-00000107,1120.0,1.0358560481948587,-15,4.235920330704359e-06,8.160671878116702
mono-00000107,1120.0,1.0358560481948587,-14,4.325800058778427e-06,7.888062742662669
mono-00000107,1120.0,1.0358560481948587,-13,6.369954732901615e-06,7.6057527537551834
mono-00000107,1120.0,1.0358560481948587,-12,1.2920878491954605e-05,7.312618432575974
mono-00000107,1120.0,1.0358560481948587,-11,1.9577208983230612e-05,7.007301440723495
mono-00000107,1120.0,1.0358560481948587,-10,2.0508474662419593e-05,6.688133510572413
mono-00000107,1120.0,1.0358560481948587,-9,2.3417136725994766e-05,6.353027384244811
mono-00000107,1120.0,1.0358560481948587,-8,7.05257802300889e-05,5.99931281340298
mono-00000107,1120.0,1.0358560481948587,-7,0.00017572082675435996,5.623479456946711
mono-00000107,1120.0,1.0358560481948587,-6,0.0001604227681729345,5.2207525642863
mono-00000107,1120.0,1.0358560481948587,-5,0.00025085533685712045,4.784345526978157
mono-00000107,1120.0,1.0358560481948587,-4,0.003229980992003575,4.30402544593305
mono-00000107,1120.0,1.0358560481948587,-3,0.0022569614593093324,3.763014160963337
mono-00000107,1120.0,1.0358560481948587,-2,0.11677260496332295,3.129997318849803
mono-00000107,1120.0,1.0358560481948587,-1,0.24431229103619076,2.3311922799813516
mono-00000107,1120.0,1.0358560481948587,0,0.3172226794560656,1.035856048194816
mono-00000107,1120.0,1.0358560481948587,1,0.0,0.0
mono-00000107,1120.0,1.0358560481948587,2,0.0,0.0
mono-00000107,1120.0,1.0358560481948587,3,0.0,0.0
mono-00000107,1120.0,1.0358560481948587,4,0.0,0.0
mono-00000107,1120.0,1.0358560481948587,5,0.0,0.0
mono-00000107,1120.0,1.0358560481948587,6,0.0,0.0
mono-00000107,1120.0,1.0358560481948587,7,0.0,0.0
mono-00000107,1120.0,1.0358560481948587,8,0.0,0.0
mono-00000107,1120.0,1.0358560481948587,9,0.0,0.0
mono-00000107,1120.0,1.0358560481948587,10,0.0,0.0
mono-00000107,1120.0,1.0358560481948587,11,0.0,0.0
mono-00000107,1120.0,1.0358560481948587,12,0.0,0.0
mono-00000107,1120.0,1.0358560481948587,13,0.0,0.0
mono-00000107,1120.0,1.0358560481948587,14,0.0,0.0
mono-00000107,1120.0,1.0358560481948587,15,0.0,0.0
mono-00000105,1100.0,1.045226826938304,-15,4.079502869924097e-06,8.234651931787099
mono-00000105,1100.0,1.045226826938304,-14,4.191719060471825e-06,7.9595633731855315
mono-00000105,1100.0,1.045226826938304,-13,6.735419281409945e-06,7.674686597522268
mono-00000105,1100.0,1.045226826938304,-12,1.3086124412698108e-05,7.378887973467528
mono-00000105,1100.0,1.045226826938304,-11,1.8957482028422208e-05,7.070796886393055
mono-00000105,1100.0,1.045226826938304,-10,1.859887226453658e-05,6.748729989714789
mono-00000105,1100.0,1.045226826938304,-9,2.4099677347094203e-05,6.410581157334406
mono-00000105,1100.0,1.045226826938304,-8,7.454637908127569e-05,6.0536559998586625
mono-00000105,1100.0,1.045226826938304,-7,0.00016947727265264186,5.674412436369806
mono-00000105,1100.0,1.045226826938304,-6,0.0001382581739626068,5.268032538799247
mono-00000105,1100.0,1.045226826938304,-5,0.0002895562675918558,4.827668320775999
mono-00000105,1100.0,1.045226826938304,-4,0.003189997490389431,4.342994325413301
mono-00000105,1100.0,1.045226826938304,-3,0.0017079670262954286,3.797080611677856
mono-00000105,1100.0,1.045226826938304,-2,0.11377316814549782,3.1583295039009016
mono-00000105,1100.0,1.045226826938304,-1,0.2453804334927047,2.3522906747890175
mono-00000105,1100.0,1.045226826938304,0,0.3172827970412722,1.0452268269384888
mono-00000105,1100.0,1.045226826938304,1,0.0,0.0
mono-00000105,1100.0,1.045226826938304,2,0.0,0.0
mono-00000105,1100.0,1.045226826938304,3,0.0,0.0
mono-00000105,1100.0,1.045226826938304,4,0.0,0.0
mono-00000105,1100.0,1.045226826938304,5,0.0,0.0
mono-00000105,1100.0,1.045226826938304,6,0.0,0.0
mono-00000105,1100.0,1.045226826938304,7,0.0,0.0
mono-00000105,1100.0,1.045226826938304,8,0.0,0.0
mono-00000105,1100.0,1.045226826938304,9,0.0,0.0
mono-00000105,1100.0,1.045226826938304,10,0.0,0.0
mono-00000105,1100.0,1.045226826938304,11,0.0,0.0
mono-00000105,1100.0,1.045226826938304,12,0.0,0.0
mono-00000105,1100.0,1.045226826938304,13,0.0,0.0
mono-00000105,1100.0,1.045226826938304,14,0.0,0.0
mono-00000105,1100.0,1.045226826938304,15,0.0,0.0
mono-00000110,1150.0,1.0222607548089826,-15,4.505736729247515e-06,8.053347697976491
mono-00000110,1150.0,1.0222607548089826,-14,4.572592613352216e-06,7.784335118939751
mono-00000110,1150.0,1.0222607548089826,-13,5.968226112838312e-06,7.505748454176057
mono-00000110,1150.0,1.0222607548089826,-12,1.24403008818964e-05,7.216478954822435
mono-00000110,1150.0,1.0222607548089826,-11,2.0225500575532834e-05,6.9151860935998
mono-00000110,1150.0,1.0222607548089826,-10,2.353943753311557e-05,6.600223480307193
mono-00000110,1150.0,1.0222607548089826,-9,2.3040169319475693e-05,6.269531232070719
mono-00000110,1150.0,1.0222607548089826,-8,6.44244829137674e-05,5.920474125534142
mono-00000110,1150.0,1.0222607548089826,-7,0.00018220804547024029,5.549587869048551
mono-00000110,1150.0,1.0222607548089826,-6,0.000195579099141628,5.152160355471253
mono-00000110,1150.0,1.0222607548089826,-5,0.00020322601151306295,4.721494025324617
mono-00000110,1150.0,1.0222607548089826,-4,0.003238433311535654,4.247490264639637
mono-00000110,1150.0,1.0222607548089826,-3,0.0032248824405759664,3.713591119636135
mono-00000110,1150.0,1.0222607548089826,-2,0.12090695737531779,3.088893284450549
mono-00000110,1150.0,1.0222607548089826,-1,0.24244686712142247,2.300582802227325
mono-00000110,1150.0,1.0222607548089826,0,0.31716860988844814,1.0222607548089542
mono-00000110,1150.0,1.0222607548089826,1,0.0,0.0
mono-00000110,1150.0,1.0222607548089826,2,0.0,0.0
mono-00000110,1150.0,1.0222607548089826,3,0.0,0.0
mono-00000110,1150.0,1.0222607548089826,4,0.0,0.0
mono-00000110,1150.0,1.0222607548089826,5,0.0,0.0
mono-00000110,1150.0,1.0222607548089826,6,0.0,0.0
mono-00000110,1150.0,1.0222607548089826,7,0.0,0.0
mono-00000110,1150.0,1.0222607548089826,8,0.0,0.0
mono-00000110,1150.0,1.0222607548089826,9,0.0,0.0
mono-00000110,1150.0,1.0222607548089826,10,0.0,0.0
mono-00000110,1150.0,1.0222607548089826,11,0.0,0.0
mono-00000110,1150.0,1.0222607548089826,12,0.0,0.0
mono-00000110,1150.0,1.0222607548089826,13,0.0,0.0
mono-00000110,1150.0,1.0222607548089826,14,0.0,0.0
mono-00000110,1150.0,1.0222607548089826,15,0.0,0.0
mono-00000114,1190.0,1.0049394081734135,-15,4.956888280225669e-06,7.916621781977497
mono-00000114,1190.0,1.0049394081734135,-14,4.9065040752817655e-06,7.652190390595877
mono-00000114,1190.0,1.0049394081734135,-13,5.8486069648999645e-06,7.378346456563904
mono-00000114,1190.0,1.0049394081734135,-12,1.1365588772521411e-05,7.093999998867503
mono-00000114,1190.0,1.0049394081734135,-11,2.074933846643711e-05,6.797833183770393
mono-00000114,1190.0,1.0049394081734135,-10,2.7309223232232618e-05,6.488227495446367
mono-00000114,1190.0,1.0049394081734135,-9,2.3974591730697964e-05,6.163157929781875
mono-00000114,1190.0,1.0049394081734135,-8,5.7084273978361636e-05,5.8200338888728
mono-00000114,1190.0,1.0049394081734135,-7,0.00018509943012462034,5.455449752546272
mono-00000114,1190.0,1.0049394081734135,-6,0.00024313113419765445,5.06477322709263
mono-00000114,1190.0,1.0049394081734135,-5,0.0001621222223957985,4.641420208899277
mono-00000114,1190.0,1.0049394081734135,-4,0.003159127904636947,4.1754631735912255
mono-00000114,1190.0,1.0049394081734135,-3,0.004769470319094041,3.650624725698023
mono-00000114,1190.0,1.0049394081734135,-2,0.1257477910088003,3.0365252589433283
mono-00000114,1190.0,1.0049394081734135,-1,0.23959249764740112,2.2615849677528956
mono-00000114,1190.0,1.0049394081734135,0,0.31724800602387104,1.0049394081736978
mono-00000114,1190.0,1.0049394081734135,1,0.0,0.0
mono-00000114,1190.0,1.0049394081734135,2,0.0,0.0
mono-00000114,1190.0,1.0049394081734135,3,0.0,0.0
mono-00000114,1190.0,1.0049394081734135,4,0.0,0.0
mono-00000114,1190.0,1.0049394081734135,5,0.0,0.0
mono-00000114,1190.0,1.0049394081734135,6,0.0,0.0
mono-00000114,1190.0,1.0049394081734135,7,0.0,0.0
mono-00000114,1190.0,1.0049394081734135,8,0.0,0.0
mono-00000114,1190.0,1.0049394081734135,9,0.0,0.0
mono-00000114,1190.0,1.0049394081734135,10,0.0,0.0
mono-00000114,1190.0,1.0049394081734135,11,0.0,0.0
mono-00000114,1190.0,1.0049394081734135,12,0.0,0.0
mono-00000114,1190.0,1.0049394081734135,13,0.0,0.0
mono-00000114,1190.0,1.0049394081734135,14,0.0,0.0
mono-00000114,1190.0,1.0049394081734135,15,0.0,0.0
mono-00000113,1180.0,1.009187085767806,-15,4.8378351811720435e-06,7.950149504158034
mono-00000113,1180.0,1.009187085767806,-14,4.823686384718778e-06,7.684594788157824
mono-00000113,1180.0,1.009187085767806,-13,5.831644434344067e-06,7.409587911328728
mono-00000113,1180.0,1.009187085767806,-12,1.1673046042630585e-05,7.124034290167259
mono-00000113,1180.0,1.009187085767806,-11,2.0646237861473585e-05,6.826610525750823
mono-00000113,1180.0,1.009187085767806,-10,2.643511603241603e-05,6.515691266573697
mono-00000113,1180.0,1.009187085767806,-9,2.3568062414908713e-05,6.18924295516301
mono-00000113,1180.0,1.009187085767806,-8,5.8787083750228464e-05,5.84466405008547
mono-00000113,1180.0,1.009187085767806,-7,0.0001850186225039504,5.4785345431528185
mono-00000113,1180.0,1.009187085767806,-6,0.000231362785667007,5.0862025680369385
mono-00000113,1180.0,1.009187085767806,-5,0.0001698496347777799,4.661056198446261
mono-00000113,1180.0,1.009187085767806,-4,0.0031881915077151563,4.193125953955757
mono-00000113,1180.0,1.009187085767806,-3,0.004357383819471473,3.666065638359953
mono-00000113,1180.0,1.009187085767806,-2,0.1246103484967791,3.0493672199624484
mono-00000113,1180.0,1.009187085767806,-1,0.2403380657548699,2.271148246674798
mono-00000113,1180.0,1.009187085767806,0,0.3172038257947433,1.0091870857679055
mono-00000113,1180.0,1.009187085767806,1,0.0,0.0
mono-00000113,1180.0,1.009187085767806,2,0.0,0.0
mono-00000113,1180.0,1.009187085767806,3,0.0,0.0
mono-00000113,1180.0,1.009187085767806,4,0.0,0.0
mono-00000113,1180.0,1.009187085767806,5,0.0,0.0
mono-00000113,1180.0,1.009187085767806,6,0.0,0.0
mono-00000113,1180.0,1.009187085767806,7,0.0,0.0
mono-00000113,1180.0,1.009187085767806,8,0.0,0.0
mono-00000113,1180.0,1.009187085767806,9,0.0,0.0
mono-00000113,1180.0,1.009187085767806,10,0.0,0.0
mono-00000113,1180.0,1.009187085767806,11,0.0,0.0
mono-00000113,1180.0,1.009187085767806,12,0.0,0.0
mono-00000113,1180.0,1.009187085767806,13,0.0,0.0
mono-00000113,1180.0,1.009187085767806,14,0.0,0.0
mono-00000113,1180.0,1.009187085767806,15,0.0,0.0
mono-00000112,1170.0,1.0134890849741964,-15,4.721208078375383e-06,7.9841068477498
mono-00000112,1170.0,1.0134890849741964,-14,4.740835874524283e-06,7.717414368510873
mono-00000112,1170.0,1.0134890849741964,-13,5.845166044911043e-06,7.441229605789729
mono-00000112,1170.0,1.0134890849741964,-12,1.1957411274276284e-05,7.154453314793301
mono-00000112,1170.0,1.0134890849741964,-11,2.0524626306737398e-05,6.8557564603054715
mono-00000112,1170.0,1.0134890849741964,-10,2.5507475836746448e-05,6.5435067677920244
mono-00000112,1170.0,1.0134890849741964,-9,2.3281261665668638e-05,6.2156620171111
mono-00000112,1170.0,1.0134890849741964,-8,6.0584229957012004e-05,5.869609583429366
mono-00000112,1170.0,1.0134890849741964,-7,0.00018449898014626586,5.501914886628967
mono-00000112,1170.0,1.0134890849741964,-6,0.00021947558211964172,5.107906237548377
mono-00000112,1170.0,1.0134890849741964,-5,0.0001793048772032236,4.680943531494677
mono-00000112,1170.0,1.0134890849741964,-4,0.0032110532370091148,4.211014795506401
mono-00000112,1170.0,1.0134890849741964,-3,0.003962694458977545,3.681704152787134
mono-00000112,1170.0,1.0134890849741964,-2,0.12342599156627464,3.062373503625537
mono-00000112,1170.0,1.0134890849741964,-1,0.24106910474151075,2.2808338778072255
mono-00000112,1170.0,1.0134890849741964,0,0.31718985509038183,1.0134890849740117
mono-00000112,1170.0,1.0134890849741964,1,0.0,0.0
mono-00000112,1170.0,1.0134890849741964,2,0.0,0.0
mono-00000112,1170.0,1.0134890849741964,3,0.0,0.0
mono-00000112,1170.0,1.0134890849741964,4,0.0,0.0
mono-00000112,1170.0,1.0134890849741964,5,0.0,0.0
mono-00000112,1170.0,1.0134890849741964,6,0.0,0.0
mono-00000112,1170.0,1.0134890849741964,7,0.0,0.0
mono-00000112,1170.0,1.0134890849741964,8,0.0,0.0
mono-00000112,1170.0,1.0134890849741964,9,0.0,0.0
mono-00000112,1170.0,1.0134890849741964,10,0.0,0.0
mono-00000112,1170.0,1.0134890849741964,11,0.0,0.0
mono-00000112,1170.0,1.0134890849741964,12,0.0,0.0
mono-00000112,1170.0,1.0134890849741964,13,0.0,0.0
mono-00000112,1170.0,1.0134890849741964,14,0.0,0.0
mono-00000112,1170.0,1.0134890849741964,15,0.0,0.0
mono-00000111,1160.0,1.0178465735764064,-15,4.61003069287014e-06,8.018503067077944
mono-00000111,1160.0,1.0178465735764064,-14,4.657199331080703e-06,7.7506580739952255
mono-00000111,1160.0,1.0178465735764064,-13,5.890719204290841e-06,7.473280159505279
mono-00000111,1160.0,1.0178465735764064,-12,1.2214414881829475e-05,7.185265357462299
mono-00000111,1160.0,1.0178465735764064,-11,2.0385681010294562e-05,6.885278923722538
mono-00000111,1160.0,1.0178465735764064,-10,2.4538232555117583e-05,6.571681571497763
mono-00000111,1160.0,1.0178465735764064,-9,2.3107404193289584e-05,6.242422306318957
mono-00000111,1160.0,1.0178465735764064,-8,6.246873554269258e-05,5.894877277077285
mono-00000111,1160.0,1.0178465735764064,-7,0.00018356353029787712,5.525597143858505
mono-00000111,1160.0,1.0178465735764064,-6,0.000207527659252028,5.129890139076423
mono-00000111,1160.0,1.0178465735764064,-5,0.00019044231184974818,4.701087616268396
mono-00000111,1160.0,1.0178465735764064,-4,0.003227960063798769,4.2291345619190395
mono-00000111,1160.0,1.0178465735764064,-3,0.003584828195344473,3.697544519869936
mono-00000111,1160.0,1.0178465735764064,-2,0.12219075181023589,3.075547644483791
mono-00000111,1160.0,1.0178465735764064,-1,0.24177050378858092,2.2906444925518628
mono-00000111,1160.0,1.0178465735764064,0,0.31717282126862184,1.0178465735762643
mono-00000111,1160.0,1.0178465735764064,1,0.0,0.0
mono-00000111,1160.0,1.0178465735764064,2,0.0,0.0
mono-00000111,1160.0,1.0178465735764064,3,0.0,0.0
mono-00000111,1160.0,1.0178465735764064,4,0.0,0.0
mono-00000111,1160.0,1.0178465735764064,5,0.0,0.0
mono-00000111,1160.0,1.0178465735764064,6,0.0,0.0
mono-00000111,1160.0,1.0178465735764064,7,0.0,0.0
mono-00000111,1160.0,1.0178465735764064,8,0.0,0.0
mono-00000111,1160.0,1.0178465735764064,9,0.0,0.0
mono-00000111,1160.0,1.0178465735764064,10,0.0,0.0
mono-00000111,1160.0,1.0178465735764064,11,0.0,0.0
mono-00000111,1160.0,1.0178465735764064,12,0.0,0.0
mono-00000111,1160.0,1.0178465735764064,13,0.0,0.0
mono-00000111,1160.0,1.0178465735764064,14,0.0,0.0
mono-00000111,1160.0,1.0178465735764064,15,0.0,0.0
mono-00000115,1200.0,1.0007449185276158,-15,5.075157091975208e-06,7.8835146977965564
mono-00000115,1200.0,1.0007449185276158,-14,4.990965525948044e-06,7.620192495237632
mono-00000115,1200.0,1.0007449185276158,-13,5.892845273106107e-06,7.347496874215125
mono-00000115,1200.0,1.0007449185276158,-12,1.1041823435011398e-05,7.0643423986295915
mono-00000115,1200.0,1.0007449185276158,-11,2.0835463925087195e-05,6.769416730307199
mono-00000115,1200.0,1.0007449185276158,-10,2.8120896712676282e-05,6.4611081035735225
mono-00000115,1200.0,1.0007449185276158,-9,2.4504087259299193e-05,6.137399960644032
mono-00000115,1200.0,1.0007449185276158,-8,5.54837727345587e-05,5.795712510191109
mono-00000115,1200.0,1.0007449185276158,-7,0.00018475530758467983,5.432654339978598
mono-00000115,1200.0,1.0007449185276158,-6,0.00025471522092650883,5.043612483921294
mono-00000115,1200.0,1.0007449185276158,-5,0.00015612211200112403,4.622030312784574
mono-00000115,1200.0,1.0007449185276158,-4,0.003124590076268512,4.158021732951994
mono-00000115,1200.0,1.0007449185276158,-3,0.005196334392758259,3.635377288194235
mono-00000115,1200.0,1.0007449185276158,-2,0.12682442075528924,3.023844189344814
mono-00000115,1200.0,1.0007449185276158,-1,0.2388062375609695,2.252141486555587
mono-00000115,1200.0,1.0007449185276158,0,0.3172731619571732,1.000744918527488
mono-00000115,1200.0,1.0007449185276158,1,0.0,0.0
mono-00000115,1200.0,1.0007449185276158,2,0.0,0.0
mono-00000115,1200.0,1.0007449185276158,3,0.0,0.0
mono-00000115,1200.0,1.0007449185276158,4,0.0,0.0
mono-00000115,1200.0,1.0007449185276158,5,0.0,0.0
mono-00000115,1200.0,1.0007449185276158,6,0.0,0.0
mono-00000115,1200.0,1.0007449185276158,7,0.0,0.0
mono-00000115,1200.0,1.0007449185276158,8,0.0,0.0
mono-00000115,1200.0,1.0007449185276158,9,0.0,0.0
mono-00000115,1200.0,1.0007449185276158,10,0.0,0.0
mono-00000115,1200.0,1.0007449185276158,11,0.0,0.0
mono-00000115,1200.0,1.0007449185276158,12,0.0,0.0
mono-00000115,1200.0,1.0007449185276158,13,0.0,0.0
mono-00000115,1200.0,1.0007449185276158,14,0.0,0.0
mono-00000115,1200.0,1.0007449185276158,15,0.0,0.0
mono-00000117,1220.0,0.9925111314543926,-15,5.290936954212085e-06,7.818527804137716
mono-00000117,1220.0,0.9925111314543926,-14,5.172085878549938e-06,7.5573827393724855
mono-00000117,1220.0,0.9925111314543926,-13,6.044848478336777e-06,7.286941062971678
mono-00000117,1220.0,0.9925111314543926,-12,1.037361419673159e-05,7.0061262606698165
mono-00000117,1220.0,0.9925111314543926,-11,2.093770653381845e-05,6.713636782262782
mono-00000117,1220.0,0.9925111314543926,-10,2.952483999670025e-05,6.40787411282129
mono-00000117,1220.0,0.9925111314543926,-9,2.5941347978303275e-05,6.086838274920055
mono-00000117,1220.0,0.9925111314543926,-8,5.258660490392856e-05,5.747970690775148
mono-00000117,1220.0,0.9925111314543926,-7,0.00018272135997283106,5.3879078385837715
mono-00000117,1220.0,0.9925111314543926,-6,0.00027706678036395127,5.002074692655697
mono-00000117,1220.0,0.9925111314543926,-5,0.0001494107371034328,4.5839685562309
mono-00000117,1220.0,0.9925111314543926,-4,0.003038252820634105,4.123784664505024
mono-00000117,1220.0,0.9925111314543926,-3,0.006093461828421149,3.6054469260568425
mono-00000117,1220.0,0.9925111314543926,-2,0.12878246408777974,2.998951493217362
mono-00000117,1220.0,0.9925111314543926,-1,0.23712935121004086,2.233604066891033
mono-00000117,1220.0,0.9925111314543926,0,0.31734944573494356,0.9925111314543358
mono-00000117,1220.0,0.9925111314543926,1,0.0,0.0
mono-00000117,1220.0,0.9925111314543926,2,0.0,0.0
mono-00000117,1220.0,0.9925111314543926,3,0.0,0.0
mono-00000117,1220.0,0.9925111314543926,4,0.0,0.0
mono-00000117,1220.0,0.9925111314543926,5,0.0,0.0
mono-00000117,1220.0,0.9925111314543926,6,0.0,0.0
mono-00000117,1220.0,0.9925111314543926,7,0.0,0.0
mono-00000117,1220.0,0.9925111314543926,8,0.0,0.0
mono-00000117,1220.0,0.9925111314543926,9,0.0,0.0
mono-00000117,1220.0,0.9925111314543926,10,0.0,0.0
mono-00000117,1220.0,0.9925111314543926,11,0.0,0.0
mono-00000117,1220.0,0.9925111314543926,12,0.0,0.0
mono-00000117,1220.0,0.9925111314543926,13,0.0,0.0
mono-00000117,1220.0,0.9925111314543926,14,0.0,0.0
mono-00000117,1220.0,0.9925111314543926,15,0.0,0.0
mono-00000116,1210.0,0.9966025160148604,-15,5.188115364514365e-06,7.850819529004653
mono-00000116,1210.0,0.9966025160148604,-14,5.078887876979936e-06,7.58859267347907
mono-00000116,1210.0,0.9966025160148604,-13,5.9604996478772085e-06,7.317031039865199
mono-00000116,1210.0,0.9966025160148604,-12,1.070852295321344e-05,7.035053680594274
mono-00000116,1210.0,0.9966025160148604,-11,2.089947162431626e-05,6.7413536848704325
mono-00000116,1210.0,0.9966025160148604,-10,2.88621836839907e-05,6.434325953412127
mono-00000116,1210.0,0.9966025160148604,-9,2.51616085190459e-05,6.111962269947682
mono-00000116,1210.0,0.9966025160148604,-8,5.398687327899885e-05,5.77169351560552
mono-00000116,1210.0,0.9966025160148604,-7,0.0001839613221037625,5.410142309733516
mono-00000116,1210.0,0.9966025160148604,-6,0.0002660657243508899,5.022714773945253
mono-00000116,1210.0,0.9966025160148604,-5,0.00015190512091702377,4.602881412290174
mono-00000116,1210.0,0.9966025160148604,-4,0.0030840988025930575,4.140797047489471
mono-00000116,1210.0,0.9966025160148604,-3,0.005639648933100811,3.620319318890921
mono-00000116,1210.0,0.9966025160148604,-2,0.1278512448278906,3.011320679419285
mono-00000116,1210.0,0.9966025160148604,-1,0.2380099541148868,2.242815322644148
mono-00000116,1210.0,0.9966025160148604,0,0.3173410481475609,0.9966025160147609
mono-00000116,1210.0,0.9966025160148604,1,0.0,0.0
mono-00000116,1210.0,0.9966025160148604,2,0.0,0.0
mono-00000116,1210.0,0.9966025160148604,3,0.0,0.0
mono-00000116,1210.0,0.9966025160148604,4,0.0,0.0
mono-00000116,1210.0,0.9966025160148604,5,0.0,0.0
mono-00000116,1210.0,0.9966025160148604,6,0.0,0.0
mono-00000116,1210.0,0.9966025160148604,7,0.0,0.0
mono-00000116,1210.0,0.9966025160148604,8,0.0,0.0
mono-00000116,1210.0,0.9966025160148604,9,0.0,0.0
mono-00000116,1210.0,0.9966025160148604,10,0.0,0.0
mono-00000116,1210.0,0.9966025160148604,11,0.0,0.0
mono-00000116,1210.0,0.9966025160148604,12,0.0,0.0
mono-00000116,1210.0,0.9966025160148604,13,0.0,0.0
mono-00000116,1210.0,0.9966025160148604,14,0.0,0.0
mono-00000116,1210.0,0.9966025160148604,15,0.0,0.0
mono-00000122,1270.0,0.972784129203049,-15,5.544264074410315e-06,7.662840789513666
mono-00000122,1270.0,0.972784129203049,-14,5.804070587383647e-06,7.406910771446277
mono-00000122,1270.0,0.972784129203049,-13,6.557192748758757e-06,7.141868192199652
mono-00000122,1270.0,0.972784129203049,-12,9.00714893346179e-06,6.866657913839049
mono-00000122,1270.0,0.972784129203049,-11,2.0596461058463598e-05,6.580004233565262
mono-00000122,1270.0,0.972784129203049,-10,3.189534329149313e-05,6.280340384400191
mono-00000122,1270.0,0.972784129203049,-9,3.1634121437841624e-05,5.965706114246899
mono-00000122,1270.0,0.972784129203049,-8,4.690489129197331e-05,5.63359367120222
mono-00000122,1270.0,0.972784129203049,-7,0.0001711160755931446,5.280706356322128
mono-00000122,1270.0,0.972784129203049,-6,0.00032775710541831305,4.902560045133683
mono-00000122,1270.0,0.972784129203049,-5,0.00016219460503575533,4.492781256849597
mono-00000122,1270.0,0.972784129203049,-4,0.0027551367522317227,4.041760080164366
mono-00000122,1270.0,0.972784129203049,-3,0.00853207765843273,3.533739947163369
mono-00000122,1270.0,0.972784129203049,-2,0.132619201234877,2.939313435952272
mono-00000122,1270.0,0.972784129203049,-1,0.2323908977853956,2.1891917629160815
mono-00000122,1270.0,0.972784129203049,0,0.31722965958267696,0.9727841292028927
mono-00000122,1270.0,0.972784129203049,1,0.0,0.0
mono-00000122,1270.0,0.972784129203049,2,0.0,0.0
mono-00000122,1270.0,0.972784129203049,3,0.0,0.0
mono-00000122,1270.0,0.972784129203049,4,0.0,0.0
mono-00000122,1270.0,0.972784129203049,5,0.0,0.0
mono-00000122,1270.0,0.972784129203049,6,0.0,0.0
mono-00000122,1270.0,0.972784129203049,7,0.0,0.0
mono-00000122,1270.0,0.972784129203049,8,0.0,0.0
mono-00000122,1270.0,0.972784129203049,9,0.0,0.0
mono-00000122,1270.0,0.972784129203049,10,0.0,0.0
mono-00000122,1270.0,0.972784129203049,11,0.0,0.0
mono-00000122,1270.0,0.972784129203049,12,0.0,0.0
mono-00000122,1270.0,0.972784129203049,13,0.0,0.0
mono-00000122,1270.0,0.972784129203049,14,0.0,0.0
mono-00000122,1270.0,0.972784129203049,15,0.0,0.0
mono-00000121,1260.0,0.9766354328380089,-15,5.535023355858015e-06,7.69323419969021
mono-00000121,1260.0,0.9766354328380089,-14,5.652067346173185e-06,7.436286165521835
mono-00000121,1260.0,0.9766354328380089,-13,6.455244526953916e-06,7.1701896344740135
mono-00000121,1260.0,0.9766354328380089,-12,9.213682400827314e-06,6.893885295214716
mono-00000121,1260.0,0.9766354328380089,-11,2.0751776634840753e-05,6.606092398651342
mono-00000121,1260.0,0.9766354328380089,-10,3.152083680812453e-05,6.3052379795396405
mono-00000121,1260.0,0.9766354328380089,-9,3.0279254929857998e-05,5.9893540300830495
mono-00000121,1260.0,0.9766354328380089,-8,4.788072807022077e-05,5.6559228755074855
mono-00000121,1260.0,0.9766354328380089,-7,0.00017404327577800333,5.301634770897849
mono-00000121,1260.0,0.9766354328380089,-6,0.0003181541813734312,4.92198784498504
mono-00000121,1260.0,0.9766354328380089,-5,0.00015632271237239593,4.5105833899971515
mono-00000121,1260.0,0.9766354328380089,-4,0.00281724112110956,4.057773453255862
mono-00000121,1260.0,0.9766354328380089,-3,0.008021318129725466,3.5477390862475318
mono-00000121,1260.0,0.9766354328380089,-2,0.13192680075402943,2.950956427199941
mono-00000121,1260.0,0.9766354328380089,-1,0.23333306389571737,2.197862295583505
mono-00000121,1260.0,0.9766354328380089,0,0.317234875730687,0.9766354328379663
mono-00000121,1260.0,0.9766354328380089,1,0.0,0.0
mono-00000121,1260.0,0.9766354328380089,2,0.0,0.0
mono-00000121,1260.0,0.9766354328380089,3,0.0,0.0
mono-00000121,1260.0,0.9766354328380089,4,0.0,0.0
mono-00000121,1260.0,0.9766354328380089,5,0.0,0.0
mono-00000121,1260.0,0.9766354328380089,6,0.0,0.0
mono-00000121,1260.0,0.9766354328380089,7,0.0,0.0
mono-00000121,1260.0,0.9766354328380089,8,0.0,0.0
mono-00000121,1260.0,0.9766354328380089,9,0.0,0.0
mono-00000121,1260.0,0.9766354328380089,10,0.0,0.0
mono-00000121,1260.0,0.9766354328380089,11,0.0,0.0
mono-00000121,1260.0,0.9766354328380089,12,0.0,0.0
mono-00000121,1260.0,0.9766354328380089,13,0.0,0.0
mono-00000121,1260.0,0.9766354328380089,14,0.0,0.0
mono-00000121,1260.0,0.9766354328380089,15,0.0,0.0
mono-00000120,1250.0,0.9805328442140251,-15,5.5029439211645165e-06,7.7239921548457176
mono-00000120,1250.0,0.9805328442140251,-14,5.511445106065868e-06,7.466013858998863
mono-00000120,1250.0,0.9805328442140251,-13,6.349481869893104e-06,7.198850702082083
mono-00000120,1250.0,0.9805328442140251,-12,9.458079623429562e-06,6.921439149448972
mono-00000120,1250.0,0.9805328442140251,-11,2.0855187506299746e-05,6.632493345350156
mono-00000120,1250.0,0.9805328442140251,-10,3.1095502143752116e-05,6.330434052124943
mono-00000120,1250.0,0.9805328442140251,-9,2.9019032026435846e-05,6.013285413485917
mono-00000120,1250.0,0.9805328442140251,-8,4.893274612936627e-05,5.678519713056346
mono-00000120,1250.0,0.9805328442140251,-7,0.00017665108051824997,5.322814003833614
mono-00000120,1250.0,0.9805328442140251,-6,0.0003081973950507362,4.941648455360109
mono-00000120,1250.0,0.9805328442140251,-5,0.00015215399928517642,4.528598830932992
mono-00000120,1250.0,0.9805328442140251,-4,0.002875767069889586,4.07397868112713
mono-00000120,1250.0,0.9805328442140251,-3,0.00752274285504296,3.5619059300147455
mono-00000120,1250.0,0.9805328442140251,-2,0.1311906869042606,2.962738881754177
mono-00000120,1250.0,0.9805328442140251,-1,0.23428400754507722,2.2066366728706726
mono-00000120,1250.0,0.9805328442140251,0,0.3172918255499115,0.9805328442141104
mono-00000120,1250.0,0.9805328442140251,1,0.0,0.0
mono-00000120,1250.0,0.9805328442140251,2,0.0,0.0
mono-00000120,1250.0,0.9805328442140251,3,0.0,0.0
mono-00000120,1250.0,0.9805328442140251,4,0.0,0.0
mono-00000120,1250.0,0.9805328442140251,5,0.0,0.0
mono-00000120,1250.0,0.9805328442140251,6,0.0,0.0
mono-00000120,1250.0,0.9805328442140251,7,0.0,0.0
mono-00000120,1250.0,0.9805328442140251,8,0.0,0.0
mono-00000120,1250.0,0.9805328442140251,9,0.0,0.0
mono-00000120,1250.0,0.9805328442140251,10,0.0,0.0
mono-00000120,1250.0,0.9805328442140251,11,0.0,0.0
mono-00000120,1250.0,0.9805328442140251,12,0.0,0.0
mono-00000120,1250.0,0.9805328442140251,13,0.0,0.0
mono-00000120,1250.0,0.9805328442140251,14,0.0,0.0
mono-00000120,1250.0,0.9805328442140251,15,0.0,0.0
mono-00000119,1240.0,0.9844772907373596,-15,5.451552820489659e-06,7.755122001136854
mono-00000119,1240.0,0.9844772907373596,-14,5.386463772961662e-06,7.49610095054814
mono-00000119,1240.0,0.9844772907373596,-13,6.2445028100203965e-06,7.227858237625625
mono-00000119,1240.0,0.9844772907373596,-12,9.73950223912023e-06,6.949326053488434
mono-00000119,1240.0,0.9844772907373596,-11,2.0921085687736425e-05,6.659213374154206
mono-00000119,1240.0,0.9844772907373596,-10,3.063578788306783e-05,6.355934613904694
mono-00000119,1240.0,0.9844772907373596,-9,2.7875603375732292e-05,6.037505973305514
mono-00000119,1240.0,0.9844772907373596,-8,5.0067129090502665e-05,5.701389573258794
mono-00000119,1240.0,0.9844772907373596,-7,0.000179035853122602,5.344249105418584
mono-00000119,1240.0,0.9844772907373596,-6,0.0002981361500676364,4.961546563476503
mono-00000119,1240.0,0.9844772907373596,-5,0.00014956905063800375,4.546831873780761
mono-00000119,1240.0,0.9844772907373596,-4,0.0029334604279610886,4.090379625626312
mono-00000119,1240.0,0.9844772907373596,-3,0.007036126401664068,3.576243853835166
mono-00000119,1240.0,0.9844772907373596,-2,0.13045023659614657,2.9746636062589573
mono-00000119,1240.0,0.9844772907373596,-1,0.23526386446018385,2.2155169843323677
mono-00000119,1240.0,0.9844772907373596,0,0.3173299744727899,0.9844772907373027
mono-00000119,1240.0,0.9844772907373596,1,0.0,0.0
mono-00000119,1240.0,0.9844772907373596,2,0.0,0.0
mono-00000119,1240.0,0.9844772907373596,3,0.0,0.0
mono-00000119,1240.0,0.9844772907373596,4,0.0,0.0
mono-00000119,1240.0,0.9844772907373596,5,0.0,0.0
mono-00000119,1240.0,0.9844772907373596,6,0.0,0.0
mono-00000119,1240.0,0.9844772907373596,7,0.0,0.0
mono-00000119,1240.0,0.9844772907373596,8,0.0,0.0
mono-00000119,1240.0,0.9844772907373596,9,0.0,0.0
mono-00000119,1240.0,0.9844772907373596,10,0.0,0.0
mono-00000119,1240.0,0.9844772907373596,11,0.0,0.0
mono-00000119,1240.0,0.9844772907373596,12,0.0,0.0
mono-00000119,1240.0,0.9844772907373596,13,0.0,0.0
mono-00000119,1240.0,0.9844772907373596,14,0.0,0.0
mono-00000119,1240.0,0.9844772907373596,15,0.0,0.0
mono-00000123,1280.0,0.9689780313034504,-15,5.533739871143553e-06,7.632804779725262
mono-00000123,1280.0,0.9689780313034504,-14,5.9683886319966396e-06,7.3778807728574805
mono-00000123,1280.0,0.9689780313034504,-13,6.6558700221266585e-06,7.113879720369297
mono-00000123,1280.0,0.9689780313034504,-12,8.844941567461012e-06,6.839750608781841
mono-00000123,1280.0,0.9689780313034504,-11,2.039361765364302e-05,6.554222722405754
mono-00000123,1280.0,0.9689780313034504,-10,3.224648213371717e-05,6.255735419828554
mono-00000123,1280.0,0.9689780313034504,-9,3.307520956353081e-05,5.942336113675665
mono-00000123,1280.0,0.9689780313034504,-8,4.6001510745569104e-05,5.611526858504689
mono-00000123,1280.0,0.9689780313034504,-7,0.00016800582878907439,5.26002384827882
mono-00000123,1280.0,0.9689780313034504,-6,0.0003371941134233668,4.883360497083004
mono-00000123,1280.0,0.9689780313034504,-5,0.00016960921977613672,4.4751882550739595
mono-00000123,1280.0,0.9689780313034504,-4,0.0026922108297010223,4.025934805851975
mono-00000123,1280.0,0.9689780313034504,-3,0.009053283844818589,3.519905229896011
mono-00000123,1280.0,0.9689780313034504,-2,0.13329618865737108,2.9278071782769075
mono-00000123,1280.0,0.9689780313034504,-1,0.23146505625786237,2.1806230425662534
mono-00000123,1280.0,0.9689780313034504,0,0.3172047030504141,0.9689780313033935
mono-00000123,1280.0,0.9689780313034504,1,0.0,0.0
mono-00000123,1280.0,0.9689780313034504,2,0.0,0.0
mono-00000123,1280.0,0.9689780313034504,3,0.0,0.0
mono-00000123,1280.0,0.9689780313034504,4,0.0,0.0
mono-00000123,1280.0,0.9689780313034504,5,0.0,0.0
mono-00000123,1280.0,0.9689780313034504,6,0.0,0.0
mono-00000123,1280.0,0.9689780313034504,7,0.0,0.0
mono-00000123,1280.0,0.9689780313034504,8,0.0,0.0
mono-00000123,1280.0,0.9689780313034504,9,0.0,0.0
mono-00000123,1280.0,0.9689780313034504,10,0.0,0.0
mono-00000123,1280.0,0.9689780313034504,11,0.0,0.0
mono-00000123,1280.0,0.9689780313034504,12,0.0,0.0
mono-00000123,1280.0,0.9689780313034504,13,0.0,0.0
mono-00000123,1280.0,0.9689780313034504,14,0.0,0.0
mono-00000123,1280.0,0.9689780313034504,15,0.0,0.0
mono-00000118,1230.0,0.9884697261411475,-15,5.379411668718463e-06,7.7866312936567255
mono-00000118,1230.0,0.9884697261411475,-14,5.273038382576381e-06,7.526554740717259
mono-00000118,1230.0,0.9884697261411475,-13,6.14158037567563e-06,7.257219278281113
mono-00000118,1230.0,0.9884697261411475,-12,1.0046290172613551e-05,6.977552771281495
mono-00000118,1230.0,0.9884697261411475,-11,2.0944120747656334e-05,6.686258964678714
mono-00000118,1230.0,0.9884697261411475,-10,3.0109669491420458e-05,6.381745847523987
mono-00000118,1230.0,0.9884697261411475,-9,2.6847413069834196e-05,6.062021580661153
mono-00000118,1230.0,0.9884697261411475,-8,5.128475386053481e-05,5.724537998698324
mono-00000118,1230.0,0.9884697261411475,-7,0.00018103578832235882,5.36594526946277
mono-00000118,1230.0,0.9884697261411475,-6,0.00028772160685670514,4.9816869897411635
mono-00000118,1230.0,0.9884697261411475,-5,0.00014870805435776555,4.565286934670112
mono-00000118,1230.0,0.9884697261411475,-4,0.0029868586437949885,4.106980258314266
mono-00000118,1230.0,0.9884697261411475,-3,0.006561477121164886,3.5907563289609072
mono-00000118,1230.0,0.9884697261411475,-2,0.12965276539527273,2.986733487075398
mono-00000118,1230.0,0.9884697261411475,-1,0.2362323990399797,2.224505378864876
mono-00000118,1230.0,0.9884697261411475,0,0.31740064617142966,0.9884697261412754
mono-00000118,1230.0,0.9884697261411475,1,0.0,0.0
mono-00000118,1230.0,0.9884697261411475,2,0.0,0.0
mono-00000118,1230.0,0.9884697261411475,3,0.0,0.0
mono-00000118,1230.0,0.9884697261411475,4,0.0,0.0
mono-00000118,1230.0,0.9884697261411475,5,0.0,0.0
mono-00000118,1230.0,0.9884697261411475,6,0.0,0.0
mono-00000118,1230.0,0.9884697261411475,7,0.0,0.0
mono-00000118,1230.0,0.9884697261411475,8,0.0,0.0
mono-00000118,1230.0,0.9884697261411475,9,0.0,0.0
mono-00000118,1230.0,0.9884697261411475,10,0.0,0.0
mono-00000118,1230.0,0.9884697261411475,11,0.0,0.0
mono-00000118,1230.0,0.9884697261411475,12,0.0,0.0
mono-00000118,1230.0,0.9884697261411475,13,0.0,0.0
mono-00000118,1230.0,0.9884697261411475,14,0.0,0.0
mono-00000118,1230.0,0.9884697261411475,15,0.0,0.0
mono-00000124,1290.0,0.9652162616455655,-15,5.502794577892254e-06,7.603119220243926
mono-00000124,1290.0,0.9652162616455655,-14,6.1394963046729765e-06,7.349189453779871
mono-00000124,1290.0,0.9652162616455655,-13,6.7493422971105525e-06,7.0862177452357
mono-00000124,1290.0,0.9652162616455655,-12,8.726008683349137e-06,6.81315715759618
mono-00000124,1290.0,0.9652162616455655,-11,2.0134434695198007e-05,6.5287419042464165
mono-00000124,1290.0,0.9652162616455655,-10,3.256210324138544e-05,6.231417398048762
mono-00000124,1290.0,0.9652162616455655,-9,3.457794780964862e-05,5.91923862713891
mono-00000124,1290.0,0.9652162616455655,-8,4.5170316105892096e-05,5.589717338383622
mono-00000124,1290.0,0.9652162616455655,-7,0.0001646506630145141,5.239582468559092
mono-00000124,1290.0,0.9652162616455655,-6,0.00034625392703630263,4.864384766110717
mono-00000124,1290.0,0.9652162616455655,-5,0.00017866070967549722,4.457800321843791
mono-00000124,1290.0,0.9652162616455655,-4,0.0026263902149786895,4.010293976462847
mono-00000124,1290.0,0.9652162616455655,-3,0.009585242906307198,3.5062317408483494
mono-00000124,1290.0,0.9652162616455655,-2,0.13392915773981492,2.9164349986592697
mono-00000124,1290.0,0.9652162616455655,-1,0.2305470106827394,2.17215415748106
mono-00000124,1290.0,0.9652162616455655,0,0.31722701271022424,0.965216261645736
mono-00000124,1290.0,0.9652162616455655,1,0.0,0.0
mono-00000124,1290.0,0.9652162616455655,2,0.0,0.0
mono-00000124,1290.0,0.9652162616455655,3,0.0,0.0
mono-00000124,1290.0,0.9652162616455655,4,0.0,0.0
mono-00000124,1290.0,0.9652162616455655,5,0.0,0.0
mono-00000124,1290.0,0.9652162616455655,6,0.0,0.0
mono-00000124,1290.0,0.9652162616455655,7,0.0,0.0
mono-00000124,1290.0,0.9652162616455655,8,0.0,0.0
mono-00000124,1290.0,0.9652162616455655,9,0.0,0.0
mono-00000124,1290.0,0.9652162616455655,10,0.0,0.0
mono-00000124,1290.0,0.9652162616455655,11,0.0,0.0
mono-00000124,1290.0,0.9652162616455655,12,0.0,0.0
mono-00000124,1290.0,0.9652162616455655,13,0.0,0.0
mono-00000124,1290.0,0.9652162616455655,14,0.0,0.0
mono-00000124,1290.0,0.9652162616455655,15,0.0,0.0
mono-00000126,1310.0,0.9578223145807812,-15,5.39828020997925e-06,7.544772584177821
mono-00000126,1310.0,0.9578223145807812,-14,6.4931480218920216e-06,7.292796891064938
mono-00000126,1310.0,0.9578223145807812,-13,6.934294342679982e-06,7.0318482583052315
mono-00000126,1310.0,0.9578223145807812,-12,8.620803814865059e-06,6.760887761503753
mono-00000126,1310.0,0.9578223145807812,-11,1.947048020150614e-05,6.478659302525941
mono-00000126,1310.0,0.9578223145807812,-10,3.315986392540609e-05,6.183620194363968
mono-00000126,1310.0,0.9578223145807812,-9,3.7716567652085306e-05,5.873840315361122
mono-00000126,1310.0,0.9578223145807812,-8,4.374233133249611e-05,5.546850463278943
mono-00000126,1310.0,0.9578223145807812,-7,0.0001575930721012866,5.199404621719424
mono-00000126,1310.0,0.9578223145807812,-6,0.00036371693803867835,4.82708761087865
mono-00000126,1310.0,0.9578223145807812,-5,0.00020127206868611531,4.423623954184507
mono-00000126,1310.0,0.9578223145807812,-4,0.002492505848909507,3.979551526646773
mono-00000126,1310.0,0.9578223145807812,-3,0.01068024338132123,3.479356100919702
mono-00000126,1310.0,0.9578223145807812,-2,0.13515473158832558,2.8940826073019537
mono-00000126,1310.0,0.9578223145807812,-1,0.22878254906542983,2.155508249729394
mono-00000126,1310.0,0.9578223145807812,0,0.3172840450841353,0.9578223145809375
mono-00000126,1310.0,0.9578223145807812,1,0.0,0.0
mono-00000126,1310.0,0.9578223145807812,2,0.0,0.0
mono-00000126,1310.0,0.9578223145807812,3,0.0,0.0
mono-00000126,1310.0,0.9578223145807812,4,0.0,0.0
mono-00000126,1310.0,0.9578223145807812,5,0.0,0.0
mono-00000126,1310.0,0.9578223145807812,6,0.0,0.0
mono-00000126,1310.0,0.9578223145807812,7,0.0,0.0
mono-00000126,1310.0,0.9578223145807812,8,0.0,0.0
mono-00000126,1310.0,0.9578223145807812,9,0.0,0.0
mono-00000126,1310.0,0.9578223145807812,10,0.0,0.0
mono-00000126,1310.0,0.9578223145807812,11,0.0,0.0
mono-00000126,1310.0,0.9578223145807812,12,0.0,0.0
mono-00000126,1310.0,0.9578223145807812,13,0.0,0.0
mono-00000126,1310.0,0.9578223145807812,14,0.0,0.0
mono-00000126,1310.0,0.9578223145807812,15,0.0,0.0
mono-00000128,1330.0,0.9505957268968217,-15,5.260196787819538e-06,7.487748921146533
mono-00000128,1330.0,0.9505957268968217,-14,6.829021657274503e-06,7.237682873019509
mono-00000128,1330.0,0.9505957268968217,-13,7.136031237561883e-06,6.978711331765751
mono-00000128,1330.0,0.9505957268968217,-12,8.67167982773155e-06,6.709803204408615
mono-00000128,1330.0,0.9505957268968217,-11,1.863319389989828e-05,6.429711862173107
mono-00000128,1330.0,0.9505957268968217,-10,3.3713417851307605e-05,6.1369062490156665
mono-00000128,1330.0,0.9505957268968217,-9,4.091149104339e-05,5.829470796658313
mono-00000128,1330.0,0.9505957268968217,-8,4.269349971629177e-05,5.5049549227698975
mono-00000128,1330.0,0.9505957268968217,-7,0.00015018438269020056,5.160137091090306
mono-00000128,1330.0,0.9505957268968217,-6,0.0003799756593282803,4.7906354226133345
mono-00000128,1330.0,0.9505957268968217,-5,0.00023007091439628715,4.390221777376922
mono-00000128,1330.0,0.9505957268968217,-4,0.002353279582858412,3.9495054117842443
mono-00000128,1330.0,0.9505957268968217,-3,0.011825938619311402,3.453089149513488
mono-00000128,1330.0,0.9505957268968217,-2,0.1363512219331695,2.87223640700374
mono-00000128,1330.0,0.9505957268968217,-1,0.22720429138236423,2.139239257413692
mono-00000128,1330.0,0.9505957268968217,0,0.3175894441360918,0.9505957268969922
mono-00000128,1330.0,0.9505957268968217,1,0.0,0.0
mono-00000128,1330.0,0.9505957268968217,2,0.0,0.0
mono-00000128,1330.0,0.9505957268968217,3,0.0,0.0
mono-00000128,1330.0,0.9505957268968217,4,0.0,0.0
mono-00000128,1330.0,0.9505957268968217,5,0.0,0.0
mono-00000128,1330.0,0.9505957268968217,6,0.0,0.0
mono-00000128,1330.0,0.9505957268968217,7,0.0,0.0
mono-00000128,1330.0,0.9505957268968217,8,0.0,0.0
mono-00000128,1330.0,0.9505957268968217,9,0.0,0.0
mono-00000128,1330.0,0.9505957268968217,10,0.0,0.0
mono-00000128,1330.0,0.9505957268968217,11,0.0,0.0
mono-00000128,1330.0,0.9505957268968217,12,0.0,0.0
mono-00000128,1330.0,0.9505957268968217,13,0.0,0.0
mono-00000128,1330.0,0.9505957268968217,14,0.0,0.0
mono-00000128,1330.0,0.9505957268968217,15,0.0,0.0
mono-00000127,1320.0,0.9541884972779116,-15,5.331630049857623e-06,7.516098520587008
mono-00000127,1320.0,0.9541884972779116,-14,6.666014175804486e-06,7.265083097790452
mono-00000127,1320.0,0.9541884972779116,-13,7.031642866068289e-06,7.005128649424691
mono-00000127,1320.0,0.9541884972779116,-12,8.629047407619905e-06,6.7352001890254485
mono-00000127,1320.0,0.9541884972779116,-11,1.9071479773343047e-05,6.454046380009146
mono-00000127,1320.0,0.9541884972779116,-10,3.344294038837051e-05,6.160130383858856
mono-00000127,1320.0,0.9541884972779116,-9,3.931831547268838e-05,5.851529396913136
mono-00000127,1320.0,0.9541884972779116,-8,4.316739321161777e-05,5.525783579740406
mono-00000127,1320.0,0.9541884972779116,-7,0.00015392255086955353,5.179659225505489
mono-00000127,1320.0,0.9541884972779116,-6,0.00037203141846151483,4.808757899346901
mono-00000127,1320.0,0.9541884972779116,-5,0.00021491168374191956,4.406827927403228
mono-00000127,1320.0,0.9541884972779116,-4,0.0024236531500757864,3.9644430780796114
mono-00000127,1320.0,0.9541884972779116,-3,0.011247196442614982,3.4661479819648093
mono-00000127,1320.0,0.9541884972779116,-2,0.1357619428985671,2.883097433000316
mono-00000127,1320.0,0.9541884972779116,-1,0.2279741397696905,2.1473275323625387
mono-00000127,1320.0,0.9541884972779116,0,0.3174020686563571,0.9541884972781958
mono-00000127,1320.0,0.9541884972779116,1,0.0,0.0
mono-00000127,1320.0,0.9541884972779116,2,0.0,0.0
mono-00000127,1320.0,0.9541884972779116,3,0.0,0.0
mono-00000127,1320.0,0.9541884972779116,4,0.0,0.0
mono-00000127,1320.0,0.9541884972779116,5,0.0,0.0
mono-00000127,1320.0,0.9541884972779116,6,0.0,0.0
mono-00000127,1320.0,0.9541884972779116,7,0.0,0.0
mono-00000127,1320.0,0.9541884972779116,8,0.0,0.0
mono-00000127,1320.0,0.9541884972779116,9,0.0,0.0
mono-00000127,1320.0,0.9541884972779116,10,0.0,0.0
mono-00000127,1320.0,0.9541884972779116,11,0.0,0.0
mono-00000127,1320.0,0.9541884972779116,12,0.0,0.0
mono-00000127,1320.0,0.9541884972779116,13,0.0,0.0
mono-00000127,1320.0,0.9541884972779116,14,0.0,0.0
mono-00000127,1320.0,0.9541884972779116,15,0.0,0.0
mono-00000125,1300.0,0.9614979663986531,-15,5.457275093181114e-06,7.573777348742766
mono-00000125,1300.0,0.9614979663986531,-14,6.3167152807576426e-06,7.3208302796500675
mono-00000125,1300.0,0.9614979663986531,-13,6.842167407386701e-06,7.058875967903759
mono-00000125,1300.0,0.9614979663986531,-12,8.652661968976111e-06,6.786871505883639
mono-00000125,1300.0,0.9614979663986531,-11,1.9828261785719872e-05,6.5035559791306525
mono-00000125,1300.0,0.9614979663986531,-10,3.287102589196723e-05,6.207380784863574
mono-00000125,1300.0,0.9614979663986531,-9,3.6134481920521206e-05,5.896408399233607
mono-00000125,1300.0,0.9614979663986531,-8,4.441641138046216e-05,5.568160149462557
mono-00000125,1300.0,0.9614979663986531,-7,0.00016119677488847647,5.219377567935325
mono-00000125,1300.0,0.9614979663986531,-6,0.00035516700384405483,4.845628537192212
mono-00000125,1300.0,0.9614979663986531,-5,0.00018919400889855695,4.4406135039818935
mono-00000125,1300.0,0.9614979663986531,-4,0.0025604365294821284,3.9948340367433843
mono-00000125,1300.0,0.9614979663986531,-3,0.010127784453353227,3.492716372595666
mono-00000125,1300.0,0.9614979663986531,-2,0.13455965760756294,2.90519431323051
mono-00000125,1300.0,0.9614979663986531,-1,0.22965812320932721,2.163783183941959
mono-00000125,1300.0,0.9614979663986531,0,0.3172355394115414,0.9614979663986389
mono-00000125,1300.0,0.9614979663986531,1,0.0,0.0
mono-00000125,1300.0,0.9614979663986531,2,0.0,0.0
mono-00000125,1300.0,0.9614979663986531,3,0.0,0.0
mono-00000125,1300.0,0.9614979663986531,4,0.0,0.0
mono-00000125,1300.0,0.9614979663986531,5,0.0,0.0
mono-00000125,1300.0,0.9614979663986531,6,0.0,0.0
mono-00000125,1300.0,0.9614979663986531,7,0.0,0.0
mono-00000125,1300.0,0.9614979663986531,8,0.0,0.0
mono-00000125,1300.0,0.9614979663986531,9,0.0,0.0
mono-00000125,1300.0,0.9614979663986531,10,0.0,0.0
mono-00000125,1300.0,0.9614979663986531,11,0.0,0.0
mono-00000125,1300.0,0.9614979663986531,12,0.0,0.0
mono-00000125,1300.0,0.9614979663986531,13,0.0,0.0
mono-00000125,1300.0,0.9614979663986531,14,0.0,0.0
mono-00000125,1300.0,0.9614979663986531,15,0.0,0.0
mono-00000129,1340.0,0.9470432364478683,-15,5.1879853387877035e-06,7.459717712472212
mono-00000129,1340.0,0.9470432364478683,-14,6.9765575852808406e-06,7.210590347866216
mono-00000129,1340.0,0.9470432364478683,-13,7.250826776178523e-06,6.952590648044392
mono-00000129,1340.0,0.9470432364478683,-12,8.741502211077778e-06,6.684691369905025
mono-00000129,1340.0,0.9470432364478683,-11,1.8162197367614978e-05,6.405650539741927
mono-00000129,1340.0,0.9470432364478683,-10,3.397072713642604e-05,6.1139428192010286
mono-00000129,1340.0,0.9470432364478683,-9,4.2467110497745955e-05,5.807659794317843
mono-00000129,1340.0,0.9470432364478683,-8,4.2321284780097667e-05,5.484360036130212
mono-00000129,1340.0,0.9470432364478683,-7,0.00014642164457771004,5.140834042560641
mono-00000129,1340.0,0.9470432364478683,-6,0.00038749434053510424,4.772716304903611
mono-00000129,1340.0,0.9470432364478683,-5,0.00024656791873204595,4.3738019533069945
mono-00000129,1340.0,0.9470432364478683,-4,0.0022819101817674733,3.9347353343481615
mono-00000129,1340.0,0.9470432364478683,-3,0.012410606827379052,3.440176812373835
mono-00000129,1340.0,0.9470432364478683,-2,0.13689238274544493,2.8614972083685615
mono-00000129,1340.0,0.9470432364478683,-1,0.22642619449396517,2.131241696891834
mono-00000129,1340.0,0.9470432364478683,0,0.31778883925022966,0.9470432364478825
mono-00000129,1340.0,0.9470432364478683,1,0.0,0.0
mono-00000129,1340.0,0.9470432364478683,2,0.0,0.0
mono-00000129,1340.0,0.9470432364478683,3,0.0,0.0
mono-00000129,1340.0,0.9470432364478683,4,0.0,0.0
mono-00000129,1340.0,0.9470432364478683,5,0.0,0.0
mono-00000129,1340.0,0.9470432364478683,6,0.0,0.0
mono-00000129,1340.0,0.9470432364478683,7,0.0,0.0
mono-00000129,1340.0,0.9470432364478683,8,0.0,0.0
mono-00000129,1340.0,0.9470432364478683,9,0.0,0.0
mono-00000129,1340.0,0.9470432364478683,10,0.0,0.0
mono-00000129,1340.0,0.9470432364478683,11,0.0,0.0
mono-00000129,1340.0,0.9470432364478683,12,0.0,0.0
mono-00000129,1340.0,0.9470432364478683,13,0.0,0.0
mono-00000129,1340.0,0.9470432364478683,14,0.0,0.0
mono-00000129,1340.0,0.9470432364478683,15,0.0,0.0
mono-00000132,1370.0,0.936620069596799,-15,5.003374352248082e-06,7.377476035558217
mono-00000132,1370.0,0.936620069596799,-14,7.283748935643622e-06,7.131102540662411
mono-00000132,1370.0,0.936620069596799,-13,7.698058788504267e-06,6.875954005413234
mono-00000132,1370.0,0.936620069596799,-12,9.04598851397721e-06,6.611014482634033
mono-00000132,1370.0,0.936620069596799,-11,1.665851463951447e-05,6.335055657038083
mono-00000132,1370.0,0.936620069596799,-10,3.463655788541002e-05,6.046568966487271
mono-00000132,1370.0,0.936620069596799,-9,4.672116866901404e-05,5.743666988375395
mono-00000132,1370.0,0.936620069596799,-8,4.1957985591959146e-05,5.423935150439746
mono-00000132,1370.0,0.936620069596799,-7,0.0001353726834395199,5.084199259760993
mono-00000132,1370.0,0.936620069596799,-6,0.0004072430345518411,4.720141839170807
mono-00000132,1370.0,0.936620069596799,-5,0.00030324945816538623,4.3256262946976705
mono-00000132,1370.0,0.936620069596799,-4,0.002064464964973776,3.8913999293334314
mono-00000132,1370.0,0.936620069596799,-3,0.014188454360584437,3.402291934356768
mono-00000132,1370.0,0.936620069596799,-2,0.13821805494281633,2.8299882597078323
mono-00000132,1370.0,0.936620069596799,-1,0.22403788017448412,2.10777668638913
mono-00000132,1370.0,0.936620069596799,0,0.3184895789789665,0.9366200695962732
mono-00000132,1370.0,0.936620069596799,1,0.0,0.0
mono-00000132,1370.0,0.936620069596799,2,0.0,0.0
mono-00000132,1370.0,0.936620069596799,3,0.0,0.0
mono-00000132,1370.0,0.936620069596799,4,0.0,0.0
mono-00000132,1370.0,0.936620069596799,5,0.0,0.0
mono-00000132,1370.0,0.936620069596799,6,0.0,0.0
mono-00000132,1370.0,0.936620069596799,7,0.0,0.0
mono-00000132,1370.0,0.936620069596799,8,0.0,0.0
mono-00000132,1370.0,0.936620069596799,9,0.0,0.0
mono-00000132,1370.0,0.936620069596799,10,0.0,0.0
mono-00000132,1370.0,0.936620069596799,11,0.0,0.0
mono-00000132,1370.0,0.936620069596799,12,0.0,0.0
mono-00000132,1370.0,0.936620069596799,13,0.0,0.0
mono-00000132,1370.0,0.936620069596799,14,0.0,0.0
mono-00000132,1370.0,0.936620069596799,15,0.0,0.0
mono-00000135,1400.0,0.9265336492945693,-15,4.909478374483895e-06,7.297895818330588
mono-00000135,1400.0,0.9265336492945693,-14,7.341987400319783e-06,7.054186842395467
mono-00000135,1400.0,0.9265336492945693,-13,8.351535374870054e-06,6.801796988956539
mono-00000135,1400.0,0.9265336492945693,-12,9.366455419525281e-06,6.539721242127925
mono-00000135,1400.0,0.9265336492945693,-11,1.5274545031891387e-05,6.26674450410755
mono-00000135,1400.0,0.9265336492945693,-10,3.5029309356324865e-05,5.98137444733932
mono-00000135,1400.0,0.9265336492945693,-9,5.0093824440844325e-05,5.681743962791785
mono-00000135,1400.0,0.9265336492945693,-8,4.3090446851079084e-05,5.3654644676553715
mono-00000135,1400.0,0.9265336492945693,-7,0.00012540128748004124,5.029395937875336
mono-00000135,1400.0,0.9265336492945693,-6,0.0004224536966077417,4.669267376518107
mono-00000135,1400.0,0.9265336492945693,-5,0.0003686307385545704,4.279008260135868
mono-00000135,1400.0,0.9265336492945693,-4,0.001848919211001363,3.849465522241047
mono-00000135,1400.0,0.9265336492945693,-3,0.015978031527309214,3.3656317266974867
mono-00000135,1400.0,0.9265336492945693,-2,0.13913091848418024,2.7994977702229846
mono-00000135,1400.0,0.9265336492945693,-1,0.2215730728007147,2.0850700422232507
mono-00000135,1400.0,0.9265336492945693,0,0.3193522013829763,0.9265336492943845
mono-00000135,1400.0,0.9265336492945693,1,0.0,0.0
mono-00000135,1400.0,0.9265336492945693,2,0.0,0.0
mono-00000135,1400.0,0.9265336492945693,3,0.0,0.0
mono-00000135,1400.0,0.9265336492945693,4,0.0,0.0
mono-00000135,1400.0,0.9265336492945693,5,0.0,0.0
mono-00000135,1400.0,0.9265336492945693,6,0.0,0.0
mono-00000135,1400.0,0.9265336492945693,7,0.0,0.0
mono-00000135,1400.0,0.9265336492945693,8,0.0,0.0
mono-00000135,1400.0,0.9265336492945693,9,0.0,0.0
mono-00000135,1400.0,0.9265336492945693,10,0.0,0.0
mono-00000135,1400.0,0.9265336492945693,11,0.0,0.0
mono-00000135,1400.0,0.9265336492945693,12,0.0,0.0
mono-00000135,1400.0,0.9265336492945693,13,0.0,0.0
mono-00000135,1400.0,0.9265336492945693,14,0.0,0.0
mono-00000135,1400.0,0.9265336492945693,15,0.0,0.0
mono-00000136,1410.0,0.9232432356507445,-15,4.897318619892599e-06,7.2719359250978215
mono-00000136,1410.0,0.9232432356507445,-14,7.3065463256738025e-06,7.029096094077403
mono-00000136,1410.0,0.9232432356507445,-13,8.612651586798289e-06,6.7776061059511505
mono-00000136,1410.0,0.9232432356507445,-12,9.457611200846773e-06,6.516464510927463
mono-00000136,1410.0,0.9232432356507445,-11,1.4891651525896348e-05,6.244460523111101
mono-00000136,1410.0,0.9232432356507445,-10,3.505986000127092e-05,5.9601071111029285
mono-00000136,1410.0,0.9232432356507445,-9,5.0989028642441056e-05,5.661543792692626
mono-00000136,1410.0,0.9232432356507445,-8,4.387388948257317e-05,5.346390463495993
mono-00000136,1410.0,0.9232432356507445,-7,0.00012241747665125082,5.011518246194839
mono-00000136,1410.0,0.9232432356507445,-6,0.000426396187776978,4.652671306838229
mono-00000136,1410.0,0.9232432356507445,-5,0.00039170664280690587,4.263800675744449
mono-00000136,1410.0,0.9232432356507445,-4,0.0017789889492107755,3.8357857881864987
mono-00000136,1410.0,0.9232432356507445,-3,0.016566106760884457,3.353672503789369
mono-00000136,1410.0,0.9232432356507445,-2,0.13932661699205484,2.7895511994204014
mono-00000136,1410.0,0.9232432356507445,-1,0.22069299890821156,2.0776626891344563
mono-00000136,1410.0,0.9232432356507445,0,0.31963062428820727,0.923243235650574
mono-00000136,1410.0,0.9232432356507445,1,0.0,0.0
mono-00000136,1410.0,0.9232432356507445,2,0.0,0.0
mono-00000136,1410.0,0.9232432356507445,3,0.0,0.0
mono-00000136,1410.0,0.9232432356507445,4,0.0,0.0
mono-00000136,1410.0,0.9232432356507445,5,0.0,0.0
mono-00000136,1410.0,0.9232432356507445,6,0.0,0.0
mono-00000136,1410.0,0.9232432356507445,7,0.0,0.0
mono-00000136,1410.0,0.9232432356507445,8,0.0,0.0
mono-00000136,1410.0,0.9232432356507445,9,0.0,0.0
mono-00000136,1410.0,0.9232432356507445,10,0.0,0.0
mono-00000136,1410.0,0.9232432356507445,11,0.0,0.0
mono-00000136,1410.0,0.9232432356507445,12,0.0,0.0
mono-00000136,1410.0,0.9232432356507445,13,0.0,0.0
mono-00000136,1410.0,0.9232432356507445,14,0.0,0.0
mono-00000136,1410.0,0.9232432356507445,15,0.0,0.0
mono-00000131,1360.0,0.9400561263053078,-15,5.05640037794465e-06,7.404586958510421
mono-00000131,1360.0,0.9400561263053078,-14,7.2072357838063534e-06,7.157305679003983
mono-00000131,1360.0,0.9400561263053078,-13,7.528063722511878e-06,6.901217284011892
mono-00000131,1360.0,0.9400561263053078,-12,8.935718575939198e-06,6.635302102555144
mono-00000131,1360.0,0.9400561263053078,-11,1.716257896531652e-05,6.358327316731646
mono-00000131,1360.0,0.9400561263053078,-10,3.44354639350726e-05,6.068778833985121
mono-00000131,1360.0,0.9400561263053078,-9,4.5388297448939726e-05,5.764762311741805
mono-00000131,1360.0,0.9400561263053078,-8,4.19378826786267e-05,5.443854324224176
mono-00000131,1360.0,0.9400561263053078,-7,0.0001389720435893355,5.102869038593255
mono-00000131,1360.0,0.9400561263053078,-6,0.00040113559621197573,4.7374731437534905
mono-00000131,1360.0,0.9400561263053078,-5,0.0002832831008707159,4.341507538143588
mono-00000131,1360.0,0.9400561263053078,-4,0.0021370029343694423,3.9056855845396825
mono-00000131,1360.0,0.9400561263053078,-3,0.013593980429179359,3.4147808194509537
mono-00000131,1360.0,0.9400561263053078,-2,0.13782763125648548,2.840375308884589
mono-00000131,1360.0,0.9400561263053078,-1,0.22485069953569328,2.1155120301035453
mono-00000131,1360.0,0.9400561263053078,0,0.31825354343297,0.940056126305862
mono-00000131,1360.0,0.9400561263053078,1,0.0,0.0
mono-00000131,1360.0,0.9400561263053078,2,0.0,0.0
mono-00000131,1360.0,0.9400561263053078,3,0.0,0.0
mono-00000131,1360.0,0.9400561263053078,4,0.0,0.0
mono-00000131,1360.0,0.9400561263053078,5,0.0,0.0
mono-00000131,1360.0,0.9400561263053078,6,0.0,0.0
mono-00000131,1360.0,0.9400561263053078,7,0.0,0.0
mono-00000131,1360.0,0.9400561263053078,8,0.0,0.0
mono-00000131,1360.0,0.9400561263053078,9,0.0,0.0
mono-00000131,1360.0,0.9400561263053078,10,0.0,0.0
mono-00000131,1360.0,0.9400561263053078,11,0.0,0.0
mono-00000131,1360.0,0.9400561263053078,12,0.0,0.0
mono-00000131,1360.0,0.9400561263053078,13,0.0,0.0
mono-00000131,1360.0,0.9400561263053078,14,0.0,0.0
mono-00000131,1360.0,0.9400561263053078,15,0.0,0.0
mono-00000133,1380.0,0.9332214175489071,-15,4.960810522302139e-06,7.350660738178476
mono-00000133,1380.0,0.9332214175489071,-14,7.331431276100502e-06,7.105185103143057
mono-00000133,1380.0,0.9332214175489071,-13,7.891377271021055e-06,6.850966154992278
mono-00000133,1380.0,0.9332214175489071,-12,9.15747546793083e-06,6.586991629849635
mono-00000133,1380.0,0.9332214175489071,-11,1.6166966817894265e-05,6.312037666066175
mono-00000133,1380.0,0.9332214175489071,-10,3.4805815363533957e-05,6.024601171759045
mono-00000133,1380.0,0.9332214175489071,-9,4.7952296777574674e-05,5.722801569003849
mono-00000133,1380.0,0.9332214175489071,-8,4.2144394929476086e-05,5.404233042721572
mono-00000133,1380.0,0.9332214175489071,-7,0.00013188609716764188,5.065732913252873
mono-00000133,1380.0,0.9332214175489071,-6,0.00041281361011257536,4.702999365043084
mono-00000133,1380.0,0.9332214175489071,-5,0.00032423436588205497,4.309918066747045
mono-00000133,1380.0,0.9332214175489071,-4,0.0019917949522440114,3.8772698921429622
mono-00000133,1380.0,0.9332214175489071,-3,0.014785409472731534,3.389939081429006
mono-00000133,1380.0,0.9332214175489071,-2,0.1385628929960508,2.8197143374768814
mono-00000133,1380.0,0.9332214175489071,-1,0.2232270268625218,2.100125579408129
mono-00000133,1380.0,0.9332214175489071,0,0.31877166845157023,0.933221417549035
mono-00000133,1380.0,0.9332214175489071,1,0.0,0.0
mono-00000133,1380.0,0.9332214175489071,2,0.0,0.0
mono-00000133,1380.0,0.9332214175489071,3,0.0,0.0
mono-00000133,1380.0,0.9332214175489071,4,0.0,0.0
mono-00000133,1380.0,0.9332214175489071,5,0.0,0.0
mono-00000133,1380.0,0.9332214175489071,6,0.0,0.0
mono-00000133,1380.0,0.9332214175489071,7,0.0,0.0
mono-00000133,1380.0,0.9332214175489071,8,0.0,0.0
mono-00000133,1380.0,0.9332214175489071,9,0.0,0.0
mono-00000133,1380.0,0.9332214175489071,10,0.0,0.0
mono-00000133,1380.0,0.9332214175489071,11,0.0,0.0
mono-00000133,1380.0,0.9332214175489071,12,0.0,0.0
mono-00000133,1380.0,0.9332214175489071,13,0.0,0.0
mono-00000133,1380.0,0.9332214175489071,14,0.0,0.0
mono-00000133,1380.0,0.9332214175489071,15,0.0,0.0
mono-00000134,1390.0,0.9298594964094491,-15,4.930274563612651e-06,7.3241357324777
mono-00000134,1390.0,0.9298594964094491,-14,7.351243899072974e-06,7.0795482120884685
mono-00000134,1390.0,0.9298594964094491,-13,8.110466874419649e-06,6.8262487641712255
mono-00000134,1390.0,0.9298594964094491,-12,9.265400240886329e-06,6.563228768376149
mono-00000134,1390.0,0.9298594964094491,-11,1.570369346316046e-05,6.289268768595917
mono-00000134,1390.0,0.9298594964094491,-10,3.4942987307964054e-05,6.002871084123129
mono-00000134,1390.0,0.9298594964094491,-9,4.908223762798007e-05,5.702161907784458
mono-00000134,1390.0,0.9298594964094491,-8,4.251766427197181e-05,5.384744087088421
mono-00000134,1390.0,0.9298594964094491,-7,0.00012856929989705238,5.04746633125589
mono-00000134,1390.0,0.9298594964094491,-6,0.0004179445458687987,4.686042317135431
mono-00000134,1390.0,0.9298594964094491,-5,0.0003460156285115585,4.294379735456118
mono-00000134,1390.0,0.9298594964094491,-4,0.0019203194830349438,3.863292668007432
mono-00000134,1390.0,0.9298594964094491,-3,0.015381511553776138,3.377719808969232
mono-00000134,1390.0,0.9298594964094491,-2,0.13887081005915572,2.8095515035176817
mono-00000134,1390.0,0.9298594964094491,-1,0.2223973104564118,2.0925571913005143
mono-00000134,1390.0,0.9298594964094491,0,0.3190256694822843,0.9298594964094207
mono-00000134,1390.0,0.9298594964094491,1,0.0,0.0
mono-00000134,1390.0,0.9298594964094491,2,0.0,0.0
mono-00000134,1390.0,0.9298594964094491,3,0.0,0.0
mono-00000134,1390.0,0.9298594964094491,4,0.0,0.0
mono-00000134,1390.0,0.9298594964094491,5,0.0,0.0
mono-00000134,1390.0,0.9298594964094491,6,0.0,0.0
mono-00000134,1390.0,0.9298594964094491,7,0.0,0.0
mono-00000134,1390.0,0.9298594964094491,8,0.0,0.0
mono-00000134,1390.0,0.9298594964094491,9,0.0,0.0
mono-00000134,1390.0,0.9298594964094491,10,0.0,0.0
mono-00000134,1390.0,0.9298594964094491,11,0.0,0.0
mono-00000134,1390.0,0.9298594964094491,12,0.0,0.0
mono-00000134,1390.0,0.9298594964094491,13,0.0,0.0
mono-00000134,1390.0,0.9298594964094491,14,0.0,0.0
mono-00000134,1390.0,0.9298594964094491,15,0.0,0.0
mono-00000130,1350.0,0.9435302788569402,-15,5.118918859261548e-06,7.431998979153732
mono-00000130,1350.0,0.9435302788569402,-14,7.103933540560735e-06,7.183799806084949
mono-00000130,1350.0,0.9435302788569402,-13,7.380216009585939e-06,6.926761088099909
mono-00000130,1350.0,0.9435302788569402,-12,8.831860455977654e-06,6.659859389167011
mono-00000130,1350.0,0.9435302788569402,-11,1.7668216294370822e-05,6.38185733888686
mono-00000130,1350.0,0.9435302788569402,-10,3.4212539897531945e-05,6.091235253011263
mono-00000130,1350.0,0.9435302788569402,-9,4.39654306792213e-05,5.786091792322551
mono-00000130,1350.0,0.9435302788569402,-8,4.2064520220406584e-05,5.463994579418468
mono-00000130,1350.0,0.9435302788569402,-7,0.00014267091255267106,5.121746012540925
mono-00000130,1350.0,0.9435302788569402,-6,0.00039455541157358066,4.754996771170596
mono-00000130,1350.0,0.9435302788569402,-5,0.00026433806870423086,4.357564996667037
mono-00000130,1350.0,0.9435302788569402,-4,0.002209707183769465,3.920129735336232
mono-00000130,1350.0,0.9435302788569402,-3,0.013000468938692255,3.427408251872407
mono-00000130,1350.0,0.9435302788569402,-2,0.13738519628811452,2.8508775764461376
mono-00000130,1350.0,0.9435302788569402,-1,0.22564273882436328,2.123333167691001
mono-00000130,1350.0,0.9435302788569402,0,0.31801089358495177,0.9435302788567839
mono-00000130,1350.0,0.9435302788569402,1,0.0,0.0
mono-00000130,1350.0,0.9435302788569402,2,0.0,0.0
mono-00000130,1350.0,0.9435302788569402,3,0.0,0.0
mono-00000130,1350.0,0.9435302788569402,4,0.0,0.0
mono-00000130,1350.0,0.9435302788569402,5,0.0,0.0
mono-00000130,1350.0,0.9435302788569402,6,0.0,0.0
mono-00000130,1350.0,0.9435302788569402,7,0.0,0.0
mono-00000130,1350.0,0.9435302788569402,8,0.0,0.0
mono-00000130,1350.0,0.9435302788569402,9,0.0,0.0
mono-00000130,1350.0,0.9435302788569402,10,0.0,0.0
mono-00000130,1350.0,0.9435302788569402,11,0.0,0.0
mono-00000130,1350.0,0.9435302788569402,12,0.0,0.0
mono-00000130,1350.0,0.9435302788569402,13,0.0,0.0
mono-00000130,1350.0,0.9435302788569402,14,0.0,0.0
mono-00000130,1350.0,0.9435302788569402,15,0.0,0.0
mono-00000139,1440.0,0.9135784242074863,-15,4.8814859497077735e-06,7.195687521439865
mono-00000139,1440.0,0.9135784242074863,-14,7.079691821374683e-06,6.9554003718009625
mono-00000139,1440.0,0.9135784242074863,-13,9.458802082257779e-06,6.706553305698691
mono-00000139,1440.0,0.9135784242074863,-12,9.690631312644943e-06,6.448155348083375
mono-00000139,1440.0,0.9135784242074863,-11,1.4076699751194541e-05,6.179008378465511
mono-00000139,1440.0,0.9135784242074863,-10,3.472609513886271e-05,5.897640921870291
mono-00000139,1440.0,0.9135784242074863,-9,5.302919705206174e-05,5.602211961041732
mono-00000139,1440.0,0.9135784242074863,-8,4.758871217255575e-05,5.2903662952180355
mono-00000139,1440.0,0.9135784242074863,-7,0.00011452940422511256,4.959007788254723
mono-00000139,1440.0,0.9135784242074863,-6,0.0004344553902196504,4.603925144157856
mono-00000139,1440.0,0.9135784242074863,-5,0.0004631118364973219,4.219132702611859
mono-00000139,1440.0,0.9135784242074863,-4,0.0015772955983205542,3.795605365341075
mono-00000139,1440.0,0.9135784242074863,-3,0.018284277580818787,3.318545535676577
mono-00000139,1440.0,0.9135784242074863,-2,0.13959401740199856,2.7603357892012212
mono-00000139,1440.0,0.9135784242074863,-1,0.21786404172102858,2.0559055031701092
mono-00000139,1440.0,0.9135784242074863,0,0.32050602230489544,0.9135784242074578
mono-00000139,1440.0,0.9135784242074863,1,0.0,0.0
mono-00000139,1440.0,0.9135784242074863,2,0.0,0.0
mono-00000139,1440.0,0.9135784242074863,3,0.0,0.0
mono-00000139,1440.0,0.9135784242074863,4,0.0,0.0
mono-00000139,1440.0,0.9135784242074863,5,0.0,0.0
mono-00000139,1440.0,0.9135784242074863,6,0.0,0.0
mono-00000139,1440.0,0.9135784242074863,7,0.0,0.0
mono-00000139,1440.0,0.9135784242074863,8,0.0,0.0
mono-00000139,1440.0,0.9135784242074863,9,0.0,0.0
mono-00000139,1440.0,0.9135784242074863,10,0.0,0.0
mono-00000139,1440.0,0.9135784242074863,11,0.0,0.0
mono-00000139,1440.0,0.9135784242074863,12,0.0,0.0
mono-00000139,1440.0,0.9135784242074863,13,0.0,0.0
mono-00000139,1440.0,0.9135784242074863,14,0.0,0.0
mono-00000139,1440.0,0.9135784242074863,15,0.0,0.0
mono-00000140,1450.0,0.9104236477774208,-15,4.872625254159875e-06,7.170799454401163
mono-00000140,1450.0,0.9104236477774208,-14,6.982814595410989e-06,6.931345475422091
mono-00000140,1450.0,0.9104236477774208,-13,9.739788663694118e-06,6.683361038388995
mono-00000140,1450.0,0.9104236477774208,-12,9.77136853745259e-06,6.425858587464248
mono-00000140,1450.0,0.9104236477774208,-11,1.392715112361997e-05,6.157644136449392
mono-00000140,1450.0,0.9104236477774208,-10,3.446296813591682e-05,5.877251288348916
mono-00000140,1450.0,0.9104236477774208,-9,5.355232339389335e-05,5.582845379710292
mono-00000140,1450.0,0.9104236477774208,-8,4.9294600697660944e-05,5.272079338864472
mono-00000140,1450.0,0.9104236477774208,-7,0.00011224171583214592,4.941867717090005
mono-00000140,1450.0,0.9104236477774208,-6,0.0004359948793873355,4.58801375651224
mono-00000140,1450.0,0.9104236477774208,-5,0.00048738290794840756,4.204552462273867
mono-00000140,1450.0,0.9104236477774208,-4,0.001513786083957581,3.782489898217719
mono-00000140,1450.0,0.9104236477774208,-3,0.018843214877633116,3.307079566493897
mono-00000140,1450.0,0.9104236477774208,-2,0.13962152844138173,2.7507994216290257
mono-00000140,1450.0,0.9104236477774208,-1,0.21688064872681778,2.048803599672226
mono-00000140,1450.0,0.9104236477774208,0,0.32079251171814727,0.9104236477775771
mono-00000140,1450.0,0.9104236477774208,1,0.0,0.0
mono-00000140,1450.0,0.9104236477774208,2,0.0,0.0
mono-00000140,1450.0,0.9104236477774208,3,0.0,0.0
mono-00000140,1450.0,0.9104236477774208,4,0.0,0.0
mono-00000140,1450.0,0.9104236477774208,5,0.0,0.0
mono-00000140,1450.0,0.9104236477774208,6,0.0,0.0
mono-00000140,1450.0,0.9104236477774208,7,0.0,0.0
mono-00000140,1450.0,0.9104236477774208,8,0.0,0.0
mono-00000140,1450.0,0.9104236477774208,9,0.0,0.0
mono-00000140,1450.0,0.9104236477774208,10,0.0,0.0
mono-00000140,1450.0,0.9104236477774208,11,0.0,0.0
mono-00000140,1450.0,0.9104236477774208,12,0.0,0.0
mono-00000140,1450.0,0.9104236477774208,13,0.0,0.0
mono-00000140,1450.0,0.9104236477774208,14,0.0,0.0
mono-00000140,1450.0,0.9104236477774208,15,0.0,0.0
mono-00000137,1420.0,0.9199876307354486,-15,4.890597790003722e-06,7.246251107509337
mono-00000137,1420.0,0.9199876307354486,-14,7.2472076469018875e-06,7.004271188286808
mono-00000137,1420.0,0.9199876307354486,-13,8.888242831397762e-06,6.753671508521094
mono-00000137,1420.0,0.9199876307354486,-12,9.540267652858053e-06,6.493454146821023
mono-00000137,1420.0,0.9199876307354486,-11,1.4560353846106922e-05,6.222412583617469
mono-00000137,1420.0,0.9199876307354486,-10,3.502220043415202e-05,5.9390650276778985
mono-00000137,1420.0,0.9199876307354486,-9,5.176568872488935e-05,5.641557553549404
mono-00000137,1420.0,0.9199876307354486,-8,4.488288593821361e-05,5.327518445624591
mono-00000137,1420.0,0.9199876307354486,-7,0.00011960813220193359,4.993829855448965
mono-00000137,1420.0,0.9199876307354486,-6,0.0004296720721453131,4.636250951695885
mono-00000137,1420.0,0.9199876307354486,-5,0.000415345456595021,4.248754090483786
mono-00000137,1420.0,0.9199876307354486,-4,0.0017097326726926787,3.8222508650530926
mono-00000137,1420.0,0.9199876307354486,-3,0.017150833678197412,3.3418398669866605
mono-00000137,1420.0,0.9199876307354486,-2,0.1394736721885927,2.7797099008009383
mono-00000137,1420.0,0.9199876307354486,-1,0.21981194477597207,2.070333724624689
mono-00000137,1420.0,0.9199876307354486,0,0.31998124906822817,0.9199876307354486
mono-00000137,1420.0,0.9199876307354486,1,0.0,0.0
mono-00000137,1420.0,0.9199876307354486,2,0.0,0.0
mono-00000137,1420.0,0.9199876307354486,3,0.0,0.0
mono-00000137,1420.0,0.9199876307354486,4,0.0,0.0
mono-00000137,1420.0,0.9199876307354486,5,0.0,0.0
mono-00000137,1420.0,0.9199876307354486,6,0.0,0.0
mono-00000137,1420.0,0.9199876307354486,7,0.0,0.0
mono-00000137,1420.0,0.9199876307354486,8,0.0,0.0
mono-00000137,1420.0,0.9199876307354486,9,0.0,0.0
mono-00000137,1420.0,0.9199876307354486,10,0.0,0.0
mono-00000137,1420.0,0.9199876307354486,11,0.0,0.0
mono-00000137,1420.0,0.9199876307354486,12,0.0,0.0
mono-00000137,1420.0,0.9199876307354486,13,0.0,0.0
mono-00000137,1420.0,0.9199876307354486,14,0.0,0.0
mono-00000137,1420.0,0.9199876307354486,15,0.0,0.0
mono-00000141,1460.0,0.907301329535926,-15,4.857562578883241e-06,7.146167858707301
mono-00000141,1460.0,0.907301329535926,-14,6.886305276974045e-06,6.907538443262624
mono-00000141,1460.0,0.907301329535926,-13,1.0009310282872689e-05,6.660407726130302
mono-00000141,1460.0,0.907301329535926,-12,9.866768342141047e-06,6.40379153553441
mono-00000141,1460.0,0.907301329535926,-11,1.383841555845621e-05,6.136499977062471
mono-00000141,1460.0,0.907301329535926,-10,3.41286326167453e-05,5.857071679486708
mono-00000141,1460.0,0.907301329535926,-9,5.4042612921516596e-05,5.563678267822468
mono-00000141,1460.0,0.907301329535926,-8,5.1231314986874614e-05,5.253980715896404
mono-00000141,1460.0,0.907301329535926,-7,0.00011010950694739797,4.924904152493596
mono-00000141,1460.0,0.907301329535926,-6,0.00043709256931037996,4.572266208325985
mono-00000141,1460.0,0.907301329535926,-5,0.0005119452675426166,4.1901223414191975
mono-00000141,1460.0,0.907301329535926,-4,0.001452501913663613,3.769509457154868
mono-00000141,1460.0,0.907301329535926,-3,0.019401916002458344,3.295731630770476
mono-00000141,1460.0,0.907301329535926,-2,0.13966426107949165,2.7413612143163277
mono-00000141,1460.0,0.907301329535926,-1,0.21591380959901038,2.041774789607601
mono-00000141,1460.0,0.907301329535926,0,0.32107429776572266,0.9073013295357981
mono-00000141,1460.0,0.907301329535926,1,0.0,0.0
mono-00000141,1460.0,0.907301329535926,2,0.0,0.0
mono-00000141,1460.0,0.907301329535926,3,0.0,0.0
mono-00000141,1460.0,0.907301329535926,4,0.0,0.0
mono-00000141,1460.0,0.907301329535926,5,0.0,0.0
mono-00000141,1460.0,0.907301329535926,6,0.0,0.0
mono-00000141,1460.0,0.907301329535926,7,0.0,0.0
mono-00000141,1460.0,0.907301329535926,8,0.0,0.0
mono-00000141,1460.0,0.907301329535926,9,0.0,0.0
mono-00000141,1460.0,0.907301329535926,10,0.0,0.0
mono-00000141,1460.0,0.907301329535926,11,0.0,0.0
mono-00000141,1460.0,0.907301329535926,12,0.0,0.0
mono-00000141,1460.0,0.907301329535926,13,0.0,0.0
mono-00000141,1460.0,0.907301329535926,14,0.0,0.0
mono-00000141,1460.0,0.907301329535926,15,0.0,0.0
mono-00000142,1470.0,0.9042109166922359,-15,4.832276398648273e-06,7.12178835950705
mono-00000142,1470.0,0.9042109166922359,-14,6.790801426871336e-06,6.883975047652029
mono-00000142,1470.0,0.9042109166922359,-13,1.025616767883091e-05,6.637689293559035
mono-00000142,1470.0,0.9042109166922359,-12,9.97839728241077e-06,6.3819502749616674
mono-00000142,1470.0,0.9042109166922359,-11,1.3803081985895013e-05,6.115572147451715
mono-00000142,1470.0,0.9042109166922359,-10,3.3709998426266006e-05,5.837098514245994
mono-00000142,1470.0,0.9042109166922359,-9,5.447745882526316e-05,5.544707224604821
mono-00000142,1470.0,0.9042109166922359,-8,5.33760117338108e-05,5.236067215675888
mono-00000142,1470.0,0.9042109166922359,-7,0.00010811004032577968,4.9081140857060745
mono-00000142,1470.0,0.9042109166922359,-6,0.00043750911423812226,4.556679707006978
mono-00000142,1470.0,0.9042109166922359,-5,0.0005365816923763681,4.175839781531479
mono-00000142,1470.0,0.9042109166922359,-4,0.001392790395856215,3.7566617410793413
mono-00000142,1470.0,0.9042109166922359,-3,0.01995311130172298,3.2844997171974484
mono-00000142,1470.0,0.9042109166922359,-2,0.1396741357382486,2.732019494756045
mono-00000142,1470.0,0.9042109166922359,-1,0.2149430357154289,2.0348178277115494
mono-00000142,1470.0,0.9042109166922359,0,0.3214241506445165,0.9042109166922074
mono-00000142,1470.0,0.9042109166922359,1,0.0,0.0
mono-00000142,1470.0,0.9042109166922359,2,0.0,0.0
mono-00000142,1470.0,0.9042109166922359,3,0.0,0.0
mono-00000142,1470.0,0.9042109166922359,4,0.0,0.0
mono-00000142,1470.0,0.9042109166922359,5,0.0,0.0
mono-00000142,1470.0,0.9042109166922359,6,0.0,0.0
mono-00000142,1470.0,0.9042109166922359,7,0.0,0.0
mono-00000142,1470.0,0.9042109166922359,8,0.0,0.0
mono-00000142,1470.0,0.9042109166922359,9,0.0,0.0
mono-00000142,1470.0,0.9042109166922359,10,0.0,0.0
mono-00000142,1470.0,0.9042109166922359,11,0.0,0.0
mono-00000142,1470.0,0.9042109166922359,12,0.0,0.0
mono-00000142,1470.0,0.9042109166922359,13,0.0,0.0
mono-00000142,1470.0,0.9042109166922359,14,0.0,0.0
mono-00000142,1470.0,0.9042109166922359,15,0.0,0.0
mono-00000138,1430.0,0.9167662251194173,-15,4.886696066214858e-06,7.220836541707186
mono-00000138,1430.0,0.9167662251194173,-14,7.170332528886806e-06,6.979707463492161
mono-00000138,1430.0,0.9167662251194173,-13,9.173107288029032e-06,6.729988703110706
mono-00000138,1430.0,0.9167662251194173,-12,9.616502434268688e-06,6.470685830537718
mono-00000138,1430.0,0.9167662251194173,-11,1.4288597411871315e-05,6.20059654774667
mono-00000138,1430.0,0.9167662251194173,-10,3.491433829209575e-05,5.918244248661182
mono-00000138,1430.0,0.9167662251194173,-9,5.244485344598629e-05,5.621781495747868
mono-00000138,1430.0,0.9167662251194173,-8,4.612041294661369e-05,5.308844874096366
mono-00000138,1430.0,0.9167662251194173,-7,0.00011698554715967223,4.976327448305966
mono-00000138,1430.0,0.9167662251194173,-6,0.00043239134617381483,4.62000323212294
mono-00000138,1430.0,0.9167662251194173,-5,0.0004391334594118275,4.233865683489896
mono-00000138,1430.0,0.9167662251194173,-4,0.001642728361244476,3.808858215840573
mono-00000138,1430.0,0.9167662251194173,-3,0.017722578084432995,3.3301315987826428
mono-00000138,1430.0,0.9167662251194173,-2,0.1395605214445649,2.769972030411097
mono-00000138,1430.0,0.9167662251194173,-1,0.21885642650268686,2.063081775793563
mono-00000138,1430.0,0.9167662251194173,0,0.3202412889970035,0.9167662251193462
mono-00000138,1430.0,0.9167662251194173,1,0.0,0.0
mono-00000138,1430.0,0.9167662251194173,2,0.0,0.0
mono-00000138,1430.0,0.9167662251194173,3,0.0,0.0
mono-00000138,1430.0,0.9167662251194173,4,0.0,0.0
mono-00000138,1430.0,0.9167662251194173,5,0.0,0.0
mono-00000138,1430.0,0.9167662251194173,6,0.0,0.0
mono-00000138,1430.0,0.9167662251194173,7,0.0,0.0
mono-00000138,1430.0,0.9167662251194173,8,0.0,0.0
mono-00000138,1430.0,0.9167662251194173,9,0.0,0.0
mono-00000138,1430.0,0.9167662251194173,10,0.0,0.0
mono-00000138,1430.0,0.9167662251194173,11,0.0,0.0
mono-00000138,1430.0,0.9167662251194173,12,0.0,0.0
mono-00000138,1430.0,0.9167662251194173,13,0.0,0.0
mono-00000138,1430.0,0.9167662251194173,14,0.0,0.0
mono-00000138,1430.0,0.9167662251194173,15,0.0,0.0
mono-00000146,1510.0,0.8921577134558589,-15,4.6346912250164575e-06,7.0267073972952545
mono-00000146,1510.0,0.8921577134558589,-14,6.525537143406055e-06,6.792076723687472
mono-00000146,1510.0,0.8921577134558589,-13,1.0957421587080918e-05,6.54908617483882
mono-00000146,1510.0,0.8921577134558589,-12,1.0762057432321416e-05,6.296767992475864
mono-00000146,1510.0,0.8921577134558589,-11,1.4130041696692996e-05,6.033952128269064
mono-00000146,1510.0,0.8921577134558589,-10,3.146747204209551e-05,5.759201587034283
mono-00000146,1510.0,0.8921577134558589,-9,5.630922339953365e-05,5.4707184941172216
mono-00000146,1510.0,0.8921577134558589,-8,6.391473300669794e-05,5.1662028455099005
mono-00000146,1510.0,0.8921577134558589,-7,0.00010150932772224847,4.8426310727581665
mono-00000146,1510.0,0.8921577134558589,-6,0.00043527587029233125,4.4958905935518345
mono-00000146,1510.0,0.8921577134558589,-5,0.0006396944235862093,4.120136065443063
mono-00000146,1510.0,0.8921577134558589,-4,0.0011745422882459655,3.706553979437629
mono-00000146,1510.0,0.8921577134558589,-3,0.022260502130858853,3.2406936963237882
mono-00000146,1510.0,0.8921577134558589,-2,0.1402995041105275,2.6955854059304727
mono-00000146,1510.0,0.8921577134558589,-1,0.2118774503111694,2.007684570497446
mono-00000146,1510.0,0.8921577134558589,0,0.3236411037512073,0.8921577134558731
mono-00000146,1510.0,0.8921577134558589,1,0.0,0.0
mono-00000146,1510.0,0.8921577134558589,2,0.0,0.0
mono-00000146,1510.0,0.8921577134558589,3,0.0,0.0
mono-00000146,1510.0,0.8921577134558589,4,0.0,0.0
mono-00000146,1510.0,0.8921577134558589,5,0.0,0.0
mono-00000146,1510.0,0.8921577134558589,6,0.0,0.0
mono-00000146,1510.0,0.8921577134558589,7,0.0,0.0
mono-00000146,1510.0,0.8921577134558589,8,0.0,0.0
mono-00000146,1510.0,0.8921577134558589,9,0.0,0.0
mono-00000146,1510.0,0.8921577134558589,10,0.0,0.0
mono-00000146,1510.0,0.8921577134558589,11,0.0,0.0
mono-00000146,1510.0,0.8921577134558589,12,0.0,0.0
mono-00000146,1510.0,0.8921577134558589,13,0.0,0.0
mono-00000146,1510.0,0.8921577134558589,14,0.0,0.0
mono-00000146,1510.0,0.8921577134558589,15,0.0,0.0
mono-00000145,1500.0,0.8951257766459548,-15,4.699078136242223e-06,7.0501202301322365
mono-00000145,1500.0,0.8951257766459548,-14,6.573639916324651e-06,6.814705889326206
mono-00000145,1500.0,0.8951257766459548,-13,1.0836018901317609e-05,6.5709039526000765
mono-00000145,1500.0,0.8951257766459548,-12,1.051011084396971e-05,6.317743444674775
mono-00000145,1500.0,0.8951257766459548,-11,1.3989382406099919e-05,6.054050427444366
mono-00000145,1500.0,0.8951257766459548,-10,3.211153296330526e-05,5.778383128096635
mono-00000145,1500.0,0.8951257766459548,-9,5.585506046437836e-05,5.488937694018816
mono-00000145,1500.0,0.8951257766459548,-8,6.100948120838901e-05,5.183406473007082
mono-00000145,1500.0,0.8951257766459548,-7,0.00010293303690060051,4.858755841479351
mono-00000145,1500.0,0.8951257766459548,-6,0.00043661626050821924,4.5108595391917845
mono-00000145,1500.0,0.8951257766459548,-5,0.0006132788086441408,4.133852781071639
mono-00000145,1500.0,0.8951257766459548,-4,0.0012265265000986928,3.7188927401249288
mono-00000145,1500.0,0.8951257766459548,-3,0.02166698142003203,3.2514807025524135
mono-00000145,1500.0,0.8951257766459548,-2,0.14006879331795274,2.704557124756917
mono-00000145,1500.0,0.8951257766459548,-1,0.21247926790986993,2.014366015561194
mono-00000145,1500.0,0.8951257766459548,0,0.3227903764037576,0.8951257766461254
mono-00000145,1500.0,0.8951257766459548,1,0.0,0.0
mono-00000145,1500.0,0.8951257766459548,2,0.0,0.0
mono-00000145,1500.0,0.8951257766459548,3,0.0,0.0
mono-00000145,1500.0,0.8951257766459548,4,0.0,0.0
mono-00000145,1500.0,0.8951257766459548,5,0.0,0.0
mono-00000145,1500.0,0.8951257766459548,6,0.0,0.0
mono-00000145,1500.0,0.8951257766459548,7,0.0,0.0
mono-00000145,1500.0,0.8951257766459548,8,0.0,0.0
mono-00000145,1500.0,0.8951257766459548,9,0.0,0.0
mono-00000145,1500.0,0.8951257766459548,10,0.0,0.0
mono-00000145,1500.0,0.8951257766459548,11,0.0,0.0
mono-00000145,1500.0,0.8951257766459548,12,0.0,0.0
mono-00000145,1500.0,0.8951257766459548,13,0.0,0.0
mono-00000145,1500.0,0.8951257766459548,14,0.0,0.0
mono-00000145,1500.0,0.8951257766459548,15,0.0,0.0
mono-00000148,1530.0,0.8863090974948733,-15,4.474827442628701e-06,6.980573087263011
mono-00000148,1530.0,0.8863090974948733,-14,6.461604379457778e-06,6.747486552353664
mono-00000148,1530.0,0.8863090974948733,-13,1.104561585210285e-05,6.506094768926246
mono-00000148,1530.0,0.8863090974948733,-12,1.1373587301448828e-05,6.2554363179419
mono-00000148,1530.0,0.8863090974948733,-11,1.4454296369734463e-05,5.994348816017379
mono-00000148,1530.0,0.8863090974948733,-10,3.000728595194681e-05,5.721404682447215
mono-00000148,1530.0,0.8863090974948733,-9,5.7171959461859326e-05,5.434817822334466
mono-00000148,1530.0,0.8863090974948733,-8,6.989545803382679e-05,5.132303302664539
mono-00000148,1530.0,0.8863090974948733,-7,9.887944241187814e-05,4.810857368882523
mono-00000148,1530.0,0.8863090974948733,-6,0.00043020764829430224,4.466394391378188
mono-00000148,1530.0,0.8863090974948733,-5,0.0006904514192304903,4.0931073398185305
mono-00000148,1530.0,0.8863090974948733,-4,0.0010780056331556808,3.6822404768847434
mono-00000148,1530.0,0.8863090974948733,-3,0.02337522540316336,3.2194378951160445
mono-00000148,1530.0,0.8863090974948733,-2,0.14050656894380723,2.6779066052204996
mono-00000148,1530.0,0.8863090974948733,-1,0.21044009496504593,1.9945187402885551
mono-00000148,1530.0,0.8863090974948733,0,0.3254912986466904,0.8863090974948449
mono-00000148,1530.0,0.8863090974948733,1,0.0,0.0
mono-00000148,1530.0,0.8863090974948733,2,0.0,0.0
mono-00000148,1530.0,0.8863090974948733,3,0.0,0.0
mono-00000148,1530.0,0.8863090974948733,4,0.0,0.0
mono-00000148,1530.0,0.8863090974948733,5,0.0,0.0
mono-00000148,1530.0,0.8863090974948733,6,0.0,0.0
mono-00000148,1530.0,0.8863090974948733,7,0.0,0.0
mono-00000148,1530.0,0.8863090974948733,8,0.0,0.0
mono-00000148,1530.0,0.8863090974948733,9,0.0,0.0
mono-00000148,1530.0,0.8863090974948733,10,0.0,0.0
mono-00000148,1530.0,0.8863090974948733,11,0.0,0.0
mono-00000148,1530.0,0.8863090974948733,12,0.0,0.0
mono-00000148,1530.0,0.8863090974948733,13,0.0,0.0
mono-00000148,1530.0,0.8863090974948733,14,0.0,0.0
mono-00000148,1530.0,0.8863090974948733,15,0.0,0.0
mono-00000143,1480.0,0.901151869546652,-15,4.799346187016815e-06,7.097656685717169
mono-00000143,1480.0,0.901151869546652,-14,6.7090940531092725e-06,6.860651161188343
mono-00000143,1480.0,0.901151869546652,-13,1.0483552198742943e-05,6.615201761959739
mono-00000143,1480.0,0.901151869546652,-12,1.0124513997400286e-05,6.360330981306291
mono-00000143,1480.0,0.901151869546652,-11,1.3822727922787269e-05,6.094856983748443
mono-00000143,1480.0,0.901151869546652,-10,3.324541261038196e-05,5.817328296492519
mono-00000143,1480.0,0.901151869546652,-9,5.4957017301384e-05,5.525928929906229
mono-00000143,1480.0,0.901151869546652,-8,5.573829377182851e-05,5.218335703673432
mono-00000143,1480.0,0.901151869546652,-7,0.00010625266891893257,4.89149457928464
mono-00000143,1480.0,0.901151869546652,-6,0.00043781525047896215,4.541251526149935
mono-00000143,1480.0,0.901151869546652,-5,0.0005618854043470611,4.161702284728065
mono-00000143,1480.0,0.901151869546652,-4,0.00133582371208131,3.7439445034458743
mono-00000143,1480.0,0.901151869546652,-3,0.0205214628903243,3.273381862123273
mono-00000143,1480.0,0.901151869546652,-2,0.1397936313319689,2.722772630067084
mono-00000143,1480.0,0.901151869546652,-1,0.21406200340532341,2.02793149821872
mono-00000143,1480.0,0.901151869546652,0,0.3217361609700723,0.9011518695468226
mono-00000143,1480.0,0.901151869546652,1,0.0,0.0
mono-00000143,1480.0,0.901151869546652,2,0.0,0.0
mono-00000143,1480.0,0.901151869546652,3,0.0,0.0
mono-00000143,1480.0,0.901151869546652,4,0.0,0.0
mono-00000143,1480.0,0.901151869546652,5,0.0,0.0
mono-00000143,1480.0,0.901151869546652,6,0.0,0.0
mono-00000143,1480.0,0.901151869546652,7,0.0,0.0
mono-00000143,1480.0,0.901151869546652,8,0.0,0.0
mono-00000143,1480.0,0.901151869546652,9,0.0,0.0
mono-00000143,1480.0,0.901151869546652,10,0.0,0.0
mono-00000143,1480.0,0.901151869546652,11,0.0,0.0
mono-00000143,1480.0,0.901151869546652,12,0.0,0.0
mono-00000143,1480.0,0.901151869546652,13,0.0,0.0
mono-00000143,1480.0,0.901151869546652,14,0.0,0.0
mono-00000143,1480.0,0.901151869546652,15,0.0,0.0
mono-00000147,1520.0,0.8892189803726609,-15,4.559551150104303e-06,7.003526282056427
mono-00000147,1520.0,0.8892189803726609,-14,6.488786980480578e-06,6.769671501180369
mono-00000147,1520.0,0.8892189803726609,-13,1.1029154510923398e-05,6.527484292713325
mono-00000147,1520.0,0.8892189803726609,-12,1.1050719925616603e-05,6.276000083622037
mono-00000147,1520.0,0.8892189803726609,-11,1.4289552527153711e-05,6.014052676942029
mono-00000147,1520.0,0.8892189803726609,-10,3.076473580458298e-05,5.740209807934008
mono-00000147,1520.0,0.8892189803726609,-9,5.6749385643128544e-05,5.452679520860585
mono-00000147,1520.0,0.8892189803726609,-8,6.690250796870325e-05,5.149169384365038
mono-00000147,1520.0,0.8892189803726609,-7,0.0001001721439372397,4.826665785794063
mono-00000147,1520.0,0.8892189803726609,-6,0.00043317801399349104,4.481069685645011
mono-00000147,1520.0,0.8892189803726609,-5,0.0006655985143311683,4.1065549920028275
mono-00000147,1520.0,0.8892189803726609,-4,0.0011249272863645564,3.6943372241850483
mono-00000147,1520.0,0.8892189803726609,-3,0.022835558569629464,3.230013342501664
mono-00000147,1520.0,0.8892189803726609,-2,0.14046533759315652,2.6867023833795685
mono-00000147,1520.0,0.8892189803726609,-1,0.21122478378071474,2.001069172412258
mono-00000147,1520.0,0.8892189803726609,0,0.324559303232512,0.8892189803730588
mono-00000147,1520.0,0.8892189803726609,1,0.0,0.0
mono-00000147,1520.0,0.8892189803726609,2,0.0,0.0
mono-00000147,1520.0,0.8892189803726609,3,0.0,0.0
mono-00000147,1520.0,0.8892189803726609,4,0.0,0.0
mono-00000147,1520.0,0.8892189803726609,5,0.0,0.0
mono-00000147,1520.0,0.8892189803726609,6,0.0,0.0
mono-00000147,1520.0,0.8892189803726609,7,0.0,0.0
mono-00000147,1520.0,0.8892189803726609,8,0.0,0.0
mono-00000147,1520.0,0.8892189803726609,9,0.0,0.0
mono-00000147,1520.0,0.8892189803726609,10,0.0,0.0
mono-00000147,1520.0,0.8892189803726609,11,0.0,0.0
mono-00000147,1520.0,0.8892189803726609,12,0.0,0.0
mono-00000147,1520.0,0.8892189803726609,13,0.0,0.0
mono-00000147,1520.0,0.8892189803726609,14,0.0,0.0
mono-00000147,1520.0,0.8892189803726609,15,0.0,0.0
mono-00000144,1490.0,0.8981236610946866,-15,4.753578889175438e-06,7.0737686668791895
mono-00000144,1490.0,0.8981236610946866,-14,6.634725631287653e-06,6.837562753701022
mono-00000144,1490.0,0.8981236610946866,-13,1.0675014687246154e-05,6.592941246337716
mono-00000144,1490.0,0.8981236610946866,-12,1.029751022538796e-05,6.338929920207576
mono-00000144,1490.0,0.8981236610946866,-11,1.3883124739572335e-05,6.074350908374015
mono-00000144,1490.0,0.8981236610946866,-10,3.270245137943626e-05,5.7977576124244905
mono-00000144,1490.0,0.8981236610946866,-9,5.540078600347815e-05,5.507340141757197
mono-00000144,1490.0,0.8981236610946866,-8,5.826694831404144e-05,5.20078311916383
mono-00000144,1490.0,0.8981236610946866,-7,0.00010450194461703323,4.875042764944425
mono-00000144,1490.0,0.8981236610946866,-6,0.00043740794327060405,4.525979003533834
mono-00000144,1490.0,0.8981236610946866,-5,0.0005871451667673316,4.147707411925339
mono-00000144,1490.0,0.8981236610946866,-4,0.0012804332288853786,3.7313555505871108
mono-00000144,1490.0,0.8981236610946866,-3,0.021080957158721124,3.2623761481114144
mono-00000144,1490.0,0.8981236610946866,-2,0.13987418617395236,2.713619025794614
mono-00000144,1490.0,0.8981236610946866,-1,0.21317050572424884,2.0211146139715197
mono-00000144,1490.0,0.8981236610946866,0,0.3221230911114574,0.8981236610945444
mono-00000144,1490.0,0.8981236610946866,1,0.0,0.0
mono-00000144,1490.0,0.8981236610946866,2,0.0,0.0
mono-00000144,1490.0,0.8981236610946866,3,0.0,0.0
mono-00000144,1490.0,0.8981236610946866,4,0.0,0.0
mono-00000144,1490.0,0.8981236610946866,5,0.0,0.0
mono-00000144,1490.0,0.8981236610946866,6,0.0,0.0
mono-00000144,1490.0,0.8981236610946866,7,0.0,0.0
mono-00000144,1490.0,0.8981236610946866,8,0.0,0.0
mono-00000144,1490.0,0.8981236610946866,9,0.0,0.0
mono-00000144,1490.0,0.8981236610946866,10,0.0,0.0
mono-00000144,1490.0,0.8981236610946866,11,0.0,0.0
mono-00000144,1490.0,0.8981236610946866,12,0.0,0.0
mono-00000144,1490.0,0.8981236610946866,13,0.0,0.0
mono-00000144,1490.0,0.8981236610946866,14,0.0,0.0
mono-00000144,1490.0,0.8981236610946866,15,0.0,0.0
mono-00000150,1550.0,0.8805740170412264,-15,4.295496095073855e-06,6.935335700614175
mono-00000150,1550.0,0.8805740170412264,-14,6.432385277981565e-06,6.703763213647093
mono-00000150,1550.0,0.8805740170412264,-13,1.0930880291545618e-05,6.463939047885134
mono-00000150,1550.0,0.8805740170412264,-12,1.2121579070874228e-05,6.21490800055841
mono-00000150,1550.0,0.8805740170412264,-11,1.478046507956983e-05,5.955515204537491
mono-00000150,1550.0,0.8805740170412264,-10,2.8413229375215254e-05,5.68434231094912
mono-00000150,1550.0,0.8805740170412264,-9,5.803426400485923e-05,5.399614776101046
mono-00000150,1550.0,0.8805740170412264,-8,7.576574430443176e-05,5.099062445538635
mono-00000150,1550.0,0.8805740170412264,-7,9.647052584838644e-05,4.779700994110726
mono-00000150,1550.0,0.8805740170412264,-6,0.0004221284357016438,4.437471221836944
mono-00000150,1550.0,0.8805740170412264,-5,0.0007375656445375047,4.06660366691213
mono-00000150,1550.0,0.8805740170412264,-4,0.000992918499386862,3.658399242321238
mono-00000150,1550.0,0.8805740170412264,-3,0.024374587312897295,3.1985949333966346
mono-00000150,1550.0,0.8805740170412264,-2,0.14035615477194147,2.660571138865052
mono-00000150,1550.0,0.8805740170412264,-1,0.20863519570374336,1.9816085721929682
mono-00000150,1550.0,0.8805740170412264,0,0.32754012816164746,0.8805740170412406
mono-00000150,1550.0,0.8805740170412264,1,0.0,0.0
mono-00000150,1550.0,0.8805740170412264,2,0.0,0.0
mono-00000150,1550.0,0.8805740170412264,3,0.0,0.0
mono-00000150,1550.0,0.8805740170412264,4,0.0,0.0
mono-00000150,1550.0,0.8805740170412264,5,0.0,0.0
mono-00000150,1550.0,0.8805740170412264,6,0.0,0.0
mono-00000150,1550.0,0.8805740170412264,7,0.0,0.0
mono-00000150,1550.0,0.8805740170412264,8,0.0,0.0
mono-00000150,1550.0,0.8805740170412264,9,0.0,0.0
mono-00000150,1550.0,0.8805740170412264,10,0.0,0.0
mono-00000150,1550.0,0.8805740170412264,11,0.0,0.0
mono-00000150,1550.0,0.8805740170412264,12,0.0,0.0
mono-00000150,1550.0,0.8805740170412264,13,0.0,0.0
mono-00000150,1550.0,0.8805740170412264,14,0.0,0.0
mono-00000150,1550.0,0.8805740170412264,15,0.0,0.0
mono-00000153,1580.0,0.8721763866850267,-15,4.0674830956722305e-06,6.869098939238327
mono-00000153,1580.0,0.8721763866850267,-14,6.3957406606268714e-06,6.639743202703144
mono-00000153,1580.0,0.8721763866850267,-13,1.0474288312515087e-05,6.402214233289229
mono-00000153,1580.0,0.8721763866850267,-12,1.338871519820194e-05,6.155565930608105
mono-00000153,1580.0,0.8721763866850267,-11,1.5175666537998856e-05,5.898654433436889
mono-00000153,1580.0,0.8721763866850267,-10,2.607324693098087e-05,5.630074910872082
mono-00000153,1580.0,0.8721763866850267,-9,5.937284051343603e-05,5.348069733364568
mono-00000153,1580.0,0.8721763866850267,-8,8.340856230838056e-05,5.050390386297153
mono-00000153,1580.0,0.8721763866850267,-7,9.320085648898152e-05,4.734080994401992
mono-00000153,1580.0,0.8721763866850267,-6,0.000405330809065358,4.395121057720715
mono-00000153,1580.0,0.8721763866850267,-5,0.0008004582879619648,4.027796124671966
mono-00000153,1580.0,0.8721763866850267,-4,0.000889254674959012,3.6234900590328607
mono-00000153,1580.0,0.8721763866850267,-3,0.025628905891889188,3.1680758650539644
mono-00000153,1580.0,0.8721763866850267,-2,0.13943300930970084,2.6351878254260157
mono-00000153,1580.0,0.8721763866850267,-1,0.20506754792615076,1.962704916816591
mono-00000153,1580.0,0.8721763866850267,0,0.3306990693015634,0.8721763866849415
mono-00000153,1580.0,0.8721763866850267,1,0.0,0.0
mono-00000153,1580.0,0.8721763866850267,2,0.0,0.0
mono-00000153,1580.0,0.8721763866850267,3,0.0,0.0
mono-00000153,1580.0,0.8721763866850267,4,0.0,0.0
mono-00000153,1580.0,0.8721763866850267,5,0.0,0.0
mono-00000153,1580.0,0.8721763866850267,6,0.0,0.0
mono-00000153,1580.0,0.8721763866850267,7,0.0,0.0
mono-00000153,1580.0,0.8721763866850267,8,0.0,0.0
mono-00000153,1580.0,0.8721763866850267,9,0.0,0.0
mono-00000153,1580.0,0.8721763866850267,10,0.0,0.0
mono-00000153,1580.0,0.8721763866850267,11,0.0,0.0
mono-00000153,1580.0,0.8721763866850267,12,0.0,0.0
mono-00000153,1580.0,0.8721763866850267,13,0.0,0.0
mono-00000153,1580.0,0.8721763866850267,14,0.0,0.0
mono-00000153,1580.0,0.8721763866850267,15,0.0,0.0
mono-00000151,1560.0,0.8777479130117598,-15,4.208834787600753e-06,6.913044337195103
mono-00000151,1560.0,0.8777479130117598,-14,6.4230624153265686e-06,6.682217893357034
mono-00000151,1560.0,0.8777479130117598,-13,1.0806623946446721e-05,6.443166169785698
mono-00000151,1560.0,0.8777479130117598,-12,1.2533410667601091e-05,6.194937026967267
mono-00000151,1560.0,0.8777479130117598,-11,1.4927059344382384e-05,5.9363793016307795
mono-00000151,1560.0,0.8777479130117598,-10,2.7605480369380315e-05,5.666079194159053
mono-00000151,1560.0,0.8777479130117598,-9,5.8471551714224616e-05,5.382267853047878
mono-00000151,1560.0,0.8777479130117598,-8,7.851489118826102e-05,5.082682406393957
mono-00000151,1560.0,0.8777479130117598,-7,9.533187010518366e-05,4.7643481034203745
mono-00000151,1560.0,0.8777479130117598,-6,0.00041702782624591033,4.423218768059101
mono-00000151,1560.0,0.8777479130117598,-5,0.000759442956429865,4.053543451386332
mono-00000151,1560.0,0.8777479130117598,-4,0.0009551368032451256,3.64665098227934
mono-00000151,1560.0,0.8777479130117598,-3,0.024822517438149817,3.188324121316114
mono-00000151,1560.0,0.8777479130117598,-2,0.1401294171905801,2.6520287083714322
mono-00000151,1560.0,0.8777479130117598,-1,0.20756184353109333,1.9752467943988137
mono-00000151,1560.0,0.8777479130117598,0,0.328629211824933,0.877747913011703
mono-00000151,1560.0,0.8777479130117598,1,0.0,0.0
mono-00000151,1560.0,0.8777479130117598,2,0.0,0.0
mono-00000151,1560.0,0.8777479130117598,3,0.0,0.0
mono-00000151,1560.0,0.8777479130117598,4,0.0,0.0
mono-00000151,1560.0,0.8777479130117598,5,0.0,0.0
mono-00000151,1560.0,0.8777479130117598,6,0.0,0.0
mono-00000151,1560.0,0.8777479130117598,7,0.0,0.0
mono-00000151,1560.0,0.8777479130117598,8,0.0,0.0
mono-00000151,1560.0,0.8777479130117598,9,0.0,0.0
mono-00000151,1560.0,0.8777479130117598,10,0.0,0.0
mono-00000151,1560.0,0.8777479130117598,11,0.0,0.0
mono-00000151,1560.0,0.8777479130117598,12,0.0,0.0
mono-00000151,1560.0,0.8777479130117598,13,0.0,0.0
mono-00000151,1560.0,0.8777479130117598,14,0.0,0.0
mono-00000151,1560.0,0.8777479130117598,15,0.0,0.0
mono-00000154,1590.0,0.86943011711206,-15,4.020466649447453e-06,6.84743820201048
mono-00000154,1590.0,0.86943011711206,-14,6.3688221666313225e-06,6.6188073550004844
mono-00000154,1590.0,0.86943011711206,-13,1.028410856138906e-05,6.3820289307689535
mono-00000154,1590.0,0.86943011711206,-12,1.381054973196481e-05,6.136159805713731
mono-00000154,1590.0,0.86943011711206,-11,1.5282442070055262e-05,5.880059717910285
mono-00000154,1590.0,0.86943011711206,-10,2.5376274511517388e-05,5.612328257274967
mono-00000154,1590.0,0.86943011711206,-9,5.980435327526084e-05,5.331213325731056
mono-00000154,1590.0,0.86943011711206,-8,8.550795711933822e-05,5.034473485576697
mono-00000154,1590.0,0.86943011711206,-7,9.227162349260104e-05,4.7191621655479565
mono-00000154,1590.0,0.86943011711206,-6,0.0003988061482049383,4.381271521785948
mono-00000154,1590.0,0.86943011711206,-5,0.000819731055875073,4.0151050927188265
mono-00000154,1590.0,0.86943011711206,-4,0.0008612616952805706,3.612073869498502
mono-00000154,1590.0,0.86943011711206,-3,0.025992497215616396,3.1580953385264934
mono-00000154,1590.0,0.86943011711206,-2,0.13898123671271667,2.6268868097814106
mono-00000154,1590.0,0.86943011711206,-1,0.20369681531935308,1.956522908547555
mono-00000154,1590.0,0.86943011711206,0,0.3317989334902233,0.8694301171118468
mono-00000154,1590.0,0.86943011711206,1,0.0,0.0
mono-00000154,1590.0,0.86943011711206,2,0.0,0.0
mono-00000154,1590.0,0.86943011711206,3,0.0,0.0
mono-00000154,1590.0,0.86943011711206,4,0.0,0.0
mono-00000154,1590.0,0.86943011711206,5,0.0,0.0
mono-00000154,1590.0,0.86943011711206,6,0.0,0.0
mono-00000154,1590.0,0.86943011711206,7,0.0,0.0
mono-00000154,1590.0,0.86943011711206,8,0.0,0.0
mono-00000154,1590.0,0.86943011711206,9,0.0,0.0
mono-00000154,1590.0,0.86943011711206,10,0.0,0.0
mono-00000154,1590.0,0.86943011711206,11,0.0,0.0
mono-00000154,1590.0,0.86943011711206,12,0.0,0.0
mono-00000154,1590.0,0.86943011711206,13,0.0,0.0
mono-00000154,1590.0,0.86943011711206,14,0.0,0.0
mono-00000154,1590.0,0.86943011711206,15,0.0,0.0
mono-00000152,1570.0,0.8749488456793131,-15,4.1313947264462395e-06,6.890966546318623
mono-00000152,1570.0,0.8749488456793131,-14,6.412718227620406e-06,6.660878981312493
mono-00000152,1570.0,0.8749488456793131,-13,1.0651085689710736e-05,6.42259228388653
mono-00000152,1570.0,0.8749488456793131,-12,1.2960692119284493e-05,6.175157348499582
mono-00000152,1570.0,0.8749488456793131,-11,1.5060326543645148e-05,5.917426680329228
mono-00000152,1570.0,0.8749488456793131,-10,2.6820055187125507e-05,5.647990985518703
mono-00000152,1570.0,0.8749488456793131,-9,5.892192590266005e-05,5.365087050324149
mono-00000152,1570.0,0.8749488456793131,-8,8.108621599270624e-05,5.066459215753881
mono-00000152,1570.0,0.8749488456793131,-7,9.424980652511301e-05,4.749142213841935
mono-00000152,1570.0,0.8749488456793131,-6,0.00041140465619523967,4.409102767870067
mono-00000152,1570.0,0.8749488456793131,-5,0.0007804312776756242,4.040608264720632
mono-00000152,1570.0,0.8749488456793131,-4,0.00092061696062552,3.6350151821247465
mono-00000152,1570.0,0.8749488456793131,-3,0.025242779784600725,3.178151617987325
mono-00000152,1570.0,0.8749488456793131,-2,0.13983191254983002,2.6435680358531073
mono-00000152,1570.0,0.8749488456793131,-1,0.20639349586592373,1.9689458975658738
mono-00000152,1570.0,0.8749488456793131,0,0.3297286440993605,0.8749488456794126
mono-00000152,1570.0,0.8749488456793131,1,0.0,0.0
mono-00000152,1570.0,0.8749488456793131,2,0.0,0.0
mono-00000152,1570.0,0.8749488456793131,3,0.0,0.0
mono-00000152,1570.0,0.8749488456793131,4,0.0,0.0
mono-00000152,1570.0,0.8749488456793131,5,0.0,0.0
mono-00000152,1570.0,0.8749488456793131,6,0.0,0.0
mono-00000152,1570.0,0.8749488456793131,7,0.0,0.0
mono-00000152,1570.0,0.8749488456793131,8,0.0,0.0
mono-00000152,1570.0,0.8749488456793131,9,0.0,0.0
mono-00000152,1570.0,0.8749488456793131,10,0.0,0.0
mono-00000152,1570.0,0.8749488456793131,11,0.0,0.0
mono-00000152,1570.0,0.8749488456793131,12,0.0,0.0
mono-00000152,1570.0,0.8749488456793131,13,0.0,0.0
mono-00000152,1570.0,0.8749488456793131,14,0.0,0.0
mono-00000152,1570.0,0.8749488456793131,15,0.0,0.0
mono-00000149,1540.0,0.8834275958429316,-15,4.386387830832454e-06,6.957844102308869
mono-00000149,1540.0,0.8834275958429316,-14,6.44472234573806e-06,6.725518291385228
mono-00000149,1540.0,0.8834275958429316,-13,1.101456275644897e-05,6.484914146791098
mono-00000149,1540.0,0.8834275958429316,-12,1.1734613280095e-05,6.235073372743372
mono-00000149,1540.0,0.8834275958429316,-11,1.462440032921795e-05,5.974837362270549
mono-00000149,1540.0,0.8834275958429316,-10,2.9223317621172864e-05,5.702783173043457
mono-00000149,1540.0,0.8834275958429316,-9,5.7606996175516064e-05,5.417130513872834
mono-00000149,1540.0,0.8834275958429316,-8,7.289624464751132e-05,5.115601876984712
mono-00000149,1540.0,0.8834275958429316,-7,9.767457685937105e-05,4.795203269807658
mono-00000149,1540.0,0.8834275958429316,-6,0.00042659493135840005,4.451862341868505
mono-00000149,1540.0,0.8834275958429316,-5,0.0007147674764580082,4.079790938536931
mono-00000149,1540.0,0.8834275958429316,-4,0.0010338778105098913,3.6702617855410864
mono-00000149,1540.0,0.8834275958429316,-3,0.02389965966833649,3.208965647952766
mono-00000149,1540.0,0.8834275958429316,-2,0.14051332699797575,2.669196652626468
mono-00000149,1540.0,0.8834275958429316,-1,0.2096386849861236,1.9880322177198053
mono-00000149,1540.0,0.8834275958429316,0,0.3265425199783769,0.8834275958428321
mono-00000149,1540.0,0.8834275958429316,1,0.0,0.0
mono-00000149,1540.0,0.8834275958429316,2,0.0,0.0
mono-00000149,1540.0,0.8834275958429316,3,0.0,0.0
mono-00000149,1540.0,0.8834275958429316,4,0.0,0.0
mono-00000149,1540.0,0.8834275958429316,5,0.0,0.0
mono-00000149,1540.0,0.8834275958429316,6,0.0,0.0
mono-00000149,1540.0,0.8834275958429316,7,0.0,0.0
mono-00000149,1540.0,0.8834275958429316,8,0.0,0.0
mono-00000149,1540.0,0.8834275958429316,9,0.0,0.0
mono-00000149,1540.0,0.8834275958429316,10,0.0,0.0
mono-00000149,1540.0,0.8834275958429316,11,0.0,0.0
mono-00000149,1540.0,0.8834275958429316,12,0.0,0.0
mono-00000149,1540.0,0.8834275958429316,13,0.0,0.0
mono-00000149,1540.0,0.8834275958429316,14,0.0,0.0
mono-00000149,1540.0,0.8834275958429316,15,0.0,0.0
mono-00000155,1600.0,0.866709627219052,-15,3.995983971112941e-06,6.82598109338366
mono-00000155,1600.0,0.866709627219052,-14,6.331470450538505e-06,6.598068305919185
mono-00000155,1600.0,0.866709627219052,-13,1.0100518015802904e-05,6.362033356809789
mono-00000155,1600.0,0.866709627219052,-12,1.4221421076904581e-05,6.116936071316886
mono-00000155,1600.0,0.866709627219052,-11,1.539116193615768e-05,5.861639753049488
mono-00000155,1600.0,0.866709627219052,-10,2.475770713054454e-05,5.594748371269546
mono-00000155,1600.0,0.866709627219052,-9,6.02364069211058e-05,5.314515307473684
mono-00000155,1600.0,0.866709627219052,-8,8.74259169001452e-05,5.018706134472765
mono-00000155,1600.0,0.866709627219052,-7,9.149526158907214e-05,4.704383497698515
mono-00000155,1600.0,0.866709627219052,-6,0.0003922397868281103,4.367552090619014
mono-00000155,1600.0,0.866709627219052,-5,0.0008392204612933185,4.002533272827733
mono-00000155,1600.0,0.866709627219052,-4,0.0008362262326911229,3.600764908227845
mono-00000155,1600.0,0.866709627219052,-3,0.02636017308869637,3.1482085478120894
mono-00000155,1600.0,0.866709627219052,-2,0.13856665544708105,2.6186637493809144
mono-00000155,1600.0,0.866709627219052,-1,0.20234323685610095,1.9503989498304861
mono-00000155,1600.0,0.866709627219052,0,0.3328642620015844,0.8667096272194215
mono-00000155,1600.0,0.866709627219052,1,0.0,0.0
mono-00000155,1600.0,0.866709627219052,2,0.0,0.0
mono-00000155,1600.0,0.866709627219052,3,0.0,0.0
mono-00000155,1600.0,0.866709627219052,4,0.0,0.0
mono-00000155,1600.0,0.866709627219052,5,0.0,0.0
mono-00000155,1600.0,0.866709627219052,6,0.0,0.0
mono-00000155,1600.0,0.866709627219052,7,0.0,0.0
mono-00000155,1600.0,0.866709627219052,8,0.0,0.0
mono-00000155,1600.0,0.866709627219052,9,0.0,0.0
mono-00000155,1600.0,0.866709627219052,10,0.0,0.0
mono-00000155,1600.0,0.866709627219052,11,0.0,0.0
mono-00000155,1600.0,0.866709627219052,12,0.0,0.0
mono-00000155,1600.0,0.866709627219052,13,0.0,0.0
mono-00000155,1600.0,0.866709627219052,14,0.0,0.0
mono-00000155,1600.0,0.866709627219052,15,0.0,0.0
mono-00000160,1650.0,0.8534801426769718,-15,4.2003535445714284e-06,6.721641372964598
mono-00000160,1650.0,0.8534801426769718,-14,5.902743994351025e-06,6.497220084350431
mono-00000160,1650.0,0.8534801426769718,-13,9.406466028297894e-06,6.2648002382395305
mono-00000160,1650.0,0.8534801426769718,-12,1.5706366639182998e-05,6.0234560002296575
mono-00000160,1650.0,0.8534801426769718,-11,1.608447583291484e-05,5.772068013098391
mono-00000160,1650.0,0.8534801426769718,-10,2.2891341880216e-05,5.509261542793311
mono-00000160,1650.0,0.8534801426769718,-9,6.134626272882286e-05,5.233316617831477
mono-00000160,1650.0,0.8534801426769718,-8,9.370453770376073e-05,4.942032902884478
mono-00000160,1650.0,0.8534801426769718,-7,9.056776862188375e-05,4.6325178637343924
mono-00000160,1650.0,0.8534801426769718,-6,0.00035702103152422004,4.300837162133348
mono-00000160,1650.0,0.8534801426769718,-5,0.0009330316464275011,3.941398820753392
mono-00000160,1650.0,0.8534801426769718,-4,0.0007612669296506837,3.5457713834922657
mono-00000160,1650.0,0.8534801426769718,-3,0.028044863267726726,3.1001306833068014
mono-00000160,1650.0,0.8534801426769718,-2,0.13617669176849068,2.5786762402855032
mono-00000160,1650.0,0.8534801426769718,-1,0.19532685829151325,1.9206189729357845
mono-00000160,1650.0,0.8534801426769718,0,0.33939271641964786,0.8534801426773555
mono-00000160,1650.0,0.8534801426769718,1,0.0,0.0
mono-00000160,1650.0,0.8534801426769718,2,0.0,0.0
mono-00000160,1650.0,0.8534801426769718,3,0.0,0.0
mono-00000160,1650.0,0.8534801426769718,4,0.0,0.0
mono-00000160,1650.0,0.8534801426769718,5,0.0,0.0
mono-00000160,1650.0,0.8534801426769718,6,0.0,0.0
mono-00000160,1650.0,0.8534801426769718,7,0.0,0.0
mono-00000160,1650.0,0.8534801426769718,8,0.0,0.0
mono-00000160,1650.0,0.8534801426769718,9,0.0,0.0
mono-00000160,1650.0,0.8534801426769718,10,0.0,0.0
mono-00000160,1650.0,0.8534801426769718,11,0.0,0.0
mono-00000160,1650.0,0.8534801426769718,12,0.0,0.0
mono-00000160,1650.0,0.8534801426769718,13,0.0,0.0
mono-00000160,1650.0,0.8534801426769718,14,0.0,0.0
mono-00000160,1650.0,0.8534801426769718,15,0.0,0.0
mono-00000156,1610.0,0.8640145161839285,-15,3.993309022969737e-06,6.804724442761525
mono-00000156,1610.0,0.8640145161839285,-14,6.278661888813081e-06,6.577522991448106
mono-00000156,1610.0,0.8640145161839285,-13,9.923241205454811e-06,6.3422245577067855
mono-00000156,1610.0,0.8640145161839285,-12,1.4605617820893315e-05,6.097891888173663
mono-00000156,1610.0,0.8640145161839285,-11,1.5501460454281948e-05,5.843391818751172
mono-00000156,1610.0,0.8640145161839285,-10,2.421287241015623e-05,5.577332657216701
mono-00000156,1610.0,0.8640145161839285,-9,6.0621276113718364e-05,5.297973213548644
mono-00000156,1610.0,0.8640145161839285,-8,8.911208813734539e-05,5.00308600569862
mono-00000156,1610.0,0.8640145161839285,-7,9.088494172116724e-05,4.689742809843693
mono-00000156,1610.0,0.8640145161839285,-6,0.00038541485671643124,4.353960739852269
mono-00000156,1610.0,0.8640145161839285,-5,0.0008583111345533473,3.990078810263924
mono-00000156,1610.0,0.8640145161839285,-4,0.0008145128785572165,3.589561507067387
mono-00000156,1610.0,0.8640145161839285,-3,0.026713805820359586,3.138414034780155
mono-00000156,1610.0,0.8640145161839285,-2,0.13812184842415418,2.6105174316774082
mono-00000156,1610.0,0.8640145161839285,-1,0.20096262248554858,1.944332137832106
mono-00000156,1610.0,0.8640145161839285,0,0.33401395950315843,0.8640145161839712
mono-00000156,1610.0,0.8640145161839285,1,0.0,0.0
mono-00000156,1610.0,0.8640145161839285,2,0.0,0.0
mono-00000156,1610.0,0.8640145161839285,3,0.0,0.0
mono-00000156,1610.0,0.8640145161839285,4,0.0,0.0
mono-00000156,1610.0,0.8640145161839285,5,0.0,0.0
mono-00000156,1610.0,0.8640145161839285,6,0.0,0.0
mono-00000156,1610.0,0.8640145161839285,7,0.0,0.0
mono-00000156,1610.0,0.8640145161839285,8,0.0,0.0
mono-00000156,1610.0,0.8640145161839285,9,0.0,0.0
mono-00000156,1610.0,0.8640145161839285,10,0.0,0.0
mono-00000156,1610.0,0.8640145161839285,11,0.0,0.0
mono-00000156,1610.0,0.8640145161839285,12,0.0,0.0
mono-00000156,1610.0,0.8640145161839285,13,0.0,0.0
mono-00000156,1610.0,0.8640145161839285,14,0.0,0.0
mono-00000156,1610.0,0.8640145161839285,15,0.0,0.0
mono-00000157,1620.0,0.8613443918549422,-15,4.012983458233796e-06,6.783665148235173
mono-00000157,1620.0,0.8613443918549422,-14,6.2086867732644426e-06,6.557168413949185
mono-00000157,1620.0,0.8613443918549422,-13,9.759092709441446e-06,6.322599643733724
mono-00000157,1620.0,0.8613443918549422,-12,1.4952662264317e-05,6.079024478534819
mono-00000157,1620.0,0.8613443918549422,-11,1.5618656677115343e-05,5.825313253821676
mono-00000157,1620.0,0.8613443918549422,-10,2.374855306044584e-05,5.560078575687328
mono-00000157,1620.0,0.8613443918549422,-9,6.093895587720878e-05,5.281584632289267
mono-00000157,1620.0,0.8613443918549422,-8,9.056074669357637e-05,4.9876108223581355
mono-00000157,1620.0,0.8613443918549422,-7,9.046271641752164e-05,4.675237968193329
mono-00000157,1620.0,0.8613443918549422,-6,0.00037837856165401227,4.340495488943219
mono-00000157,1620.0,0.8613443918549422,-5,0.0008770321017769306,3.9777398904421517
mono-00000157,1620.0,0.8613443918549422,-4,0.0007962104516446748,3.5784620339717463
mono-00000157,1620.0,0.8613443918549422,-3,0.027053643184170115,3.128710372859004
mono-00000157,1620.0,0.8613443918549422,-2,0.1376452561007693,2.602446670365765
mono-00000157,1620.0,0.8613443918549422,-1,0.19955571307448539,1.9383215892561765
mono-00000157,1620.0,0.8613443918549422,0,0.33525826940918135,0.8613443918543453
mono-00000157,1620.0,0.8613443918549422,1,0.0,0.0
mono-00000157,1620.0,0.8613443918549422,2,0.0,0.0
mono-00000157,1620.0,0.8613443918549422,3,0.0,0.0
mono-00000157,1620.0,0.8613443918549422,4,0.0,0.0
mono-00000157,1620.0,0.8613443918549422,5,0.0,0.0
mono-00000157,1620.0,0.8613443918549422,6,0.0,0.0
mono-00000157,1620.0,0.8613443918549422,7,0.0,0.0
mono-00000157,1620.0,0.8613443918549422,8,0.0,0.0
mono-00000157,1620.0,0.8613443918549422,9,0.0,0.0
mono-00000157,1620.0,0.8613443918549422,10,0.0,0.0
mono-00000157,1620.0,0.8613443918549422,11,0.0,0.0
mono-00000157,1620.0,0.8613443918549422,12,0.0,0.0
mono-00000157,1620.0,0.8613443918549422,13,0.0,0.0
mono-00000157,1620.0,0.8613443918549422,14,0.0,0.0
mono-00000157,1620.0,0.8613443918549422,15,0.0,0.0
mono-00000159,1640.0,0.8560775766344335,-15,4.118944747643924e-06,6.742126551925509
mono-00000159,1640.0,0.8560775766344335,-14,6.020131737253214e-06,6.517019800220069
mono-00000159,1640.0,0.8560775766344335,-13,9.50032983465337e-06,6.283890221600828
mono-00000159,1640.0,0.8560775766344335,-12,1.551121410377615e-05,6.041809166092463
mono-00000159,1640.0,0.8560775766344335,-11,1.5905867719988406e-05,5.789653872115423
mono-00000159,1640.0,0.8560775766344335,-10,2.3089385670212707e-05,5.526045424250498
mono-00000159,1640.0,0.8560775766344335,-9,6.132625760655008e-05,5.249258619176871
mono-00000159,1640.0,0.8560775766344335,-8,9.286378437820789e-05,4.957086428028589
mono-00000159,1640.0,0.8560775766344335,-7,9.028401485192156e-05,4.646627516649602
mono-00000159,1640.0,0.8560775766344335,-6,0.00036421701027690873,4.313935576418842
mono-00000159,1640.0,0.8560775766344335,-5,0.0009145927259297381,3.953401614803994
mono-00000159,1640.0,0.8560775766344335,-4,0.00076928058327556,3.5565685183719467
mono-00000159,1640.0,0.8560775766344335,-3,0.027724534761726122,3.1095700486515767
mono-00000159,1640.0,0.8560775766344335,-2,0.13669112333991695,2.586527198576732
mono-00000159,1640.0,0.8560775766344335,-1,0.19674459798800958,1.9264658436486854
mono-00000159,1640.0,0.8560775766344335,0,0.33786929805975546,0.8560775766342346
mono-00000159,1640.0,0.8560775766344335,1,0.0,0.0
mono-00000159,1640.0,0.8560775766344335,2,0.0,0.0
mono-00000159,1640.0,0.8560775766344335,3,0.0,0.0
mono-00000159,1640.0,0.8560775766344335,4,0.0,0.0
mono-00000159,1640.0,0.8560775766344335,5,0.0,0.0
mono-00000159,1640.0,0.8560775766344335,6,0.0,0.0
mono-00000159,1640.0,0.8560775766344335,7,0.0,0.0
mono-00000159,1640.0,0.8560775766344335,8,0.0,0.0
mono-00000159,1640.0,0.8560775766344335,9,0.0,0.0
mono-00000159,1640.0,0.8560775766344335,10,0.0,0.0
mono-00000159,1640.0,0.8560775766344335,11,0.0,0.0
mono-00000159,1640.0,0.8560775766344335,12,0.0,0.0
mono-00000159,1640.0,0.8560775766344335,13,0.0,0.0
mono-00000159,1640.0,0.8560775766344335,14,0.0,0.0
mono-00000159,1640.0,0.8560775766344335,15,0.0,0.0
mono-00000158,1630.0,0.8586988705121428,-15,4.0560717960061645e-06,6.7628001746815585
mono-00000158,1630.0,0.8586988705121428,-14,6.123302003117297e-06,6.537001640320582
mono-00000158,1630.0,0.8586988705121428,-13,9.619595993693109e-06,6.303155787372475
mono-00000158,1630.0,0.8586988705121428,-12,1.5259810690803266e-05,6.0603311244441045
mono-00000158,1630.0,0.8586988705121428,-11,1.575405153930999e-05,5.807401454346774
mono-00000158,1630.0,0.8586988705121428,-10,2.337700831374716e-05,5.54298364190673
mono-00000158,1630.0,0.8586988705121428,-9,6.119008374527135e-05,5.265347203929807
mono-00000158,1630.0,0.8586988705121428,-8,9.183359819101255e-05,4.972278356551868
mono-00000158,1630.0,0.8586988705121428,-7,9.026259706496072e-05,4.660866884870828
mono-00000158,1630.0,0.8586988705121428,-6,0.000371389329281107,4.327154399961927
mono-00000158,1630.0,0.8586988705121428,-5,0.0008960653232094866,3.965514737816079
mono-00000158,1630.0,0.8586988705121428,-4,0.000780932668854231,3.5674648920045087
mono-00000158,1630.0,0.8586988705121428,-3,0.027398611462477743,3.1190961661640983
mono-00000158,1630.0,0.8586988705121428,-2,0.1371964123766309,2.5944503046575846
mono-00000158,1630.0,0.8586988705121428,-1,0.19817173335041727,1.9323664398038574
mono-00000158,1630.0,0.8586988705121428,0,0.3364975842781325,0.858698870512228
mono-00000158,1630.0,0.8586988705121428,1,0.0,0.0
mono-00000158,1630.0,0.8586988705121428,2,0.0,0.0
mono-00000158,1630.0,0.8586988705121428,3,0.0,0.0
mono-00000158,1630.0,0.8586988705121428,4,0.0,0.0
mono-00000158,1630.0,0.8586988705121428,5,0.0,0.0
mono-00000158,1630.0,0.8586988705121428,6,0.0,0.0
mono-00000158,1630.0,0.8586988705121428,7,0.0,0.0
mono-00000158,1630.0,0.8586988705121428,8,0.0,0.0
mono-00000158,1630.0,0.8586988705121428,9,0.0,0.0
mono-00000158,1630.0,0.8586988705121428,10,0.0,0.0
mono-00000158,1630.0,0.8586988705121428,11,0.0,0.0
mono-00000158,1630.0,0.8586988705121428,12,0.0,0.0
mono-00000158,1630.0,0.8586988705121428,13,0.0,0.0
mono-00000158,1630.0,0.8586988705121428,14,0.0,0.0
mono-00000158,1630.0,0.8586988705121428,15,0.0,0.0
mono-00000163,1680.0,0.8458274400127834,-15,4.517856471563657e-06,6.66128834074577
mono-00000163,1680.0,0.8458274400127834,-14,5.490709122335311e-06,6.438886470354305
mono-00000163,1680.0,0.8458274400127834,-13,9.264534605877204e-06,6.208557550244805
mono-00000163,1680.0,0.8458274400127834,-12,1.589243885438031e-05,5.9693840415182535
mono-00000163,1680.0,0.8458274400127834,-11,1.6792623049565514e-05,5.720256617172552
mono-00000163,1680.0,0.8458274400127834,-10,2.2787631756713312e-05,5.459812862654246
mono-00000163,1680.0,0.8458274400127834,-9,6.046015927048228e-05,5.186348220945362
mono-00000163,1680.0,0.8458274400127834,-8,9.508768888757033e-05,4.897682077734288
mono-00000163,1680.0,0.8458274400127834,-7,9.293113449732546e-05,4.590947825822482
mono-00000163,1680.0,0.8458274400127834,-6,0.0003355081099227062,4.262246394898781
mono-00000163,1680.0,0.8458274400127834,-5,0.0009862975199274075,3.9060359389276584
mono-00000163,1680.0,0.8458274400127834,-4,0.0007588738027814949,3.513960594973881
mono-00000163,1680.0,0.8458274400127834,-3,0.028908498230648227,3.0723201491594665
mono-00000163,1680.0,0.8458274400127834,-2,0.13428713940413617,2.5555454821972887
mono-00000163,1680.0,0.8458274400127834,-1,0.1907973687170414,1.9033926943077262
mono-00000163,1680.0,0.8458274400127834,0,0.3446463687584286,0.8458274400129113
mono-00000163,1680.0,0.8458274400127834,1,0.0,0.0
mono-00000163,1680.0,0.8458274400127834,2,0.0,0.0
mono-00000163,1680.0,0.8458274400127834,3,0.0,0.0
mono-00000163,1680.0,0.8458274400127834,4,0.0,0.0
mono-00000163,1680.0,0.8458274400127834,5,0.0,0.0
mono-00000163,1680.0,0.8458274400127834,6,0.0,0.0
mono-00000163,1680.0,0.8458274400127834,7,0.0,0.0
mono-00000163,1680.0,0.8458274400127834,8,0.0,0.0
mono-00000163,1680.0,0.8458274400127834,9,0.0,0.0
mono-00000163,1680.0,0.8458274400127834,10,0.0,0.0
mono-00000163,1680.0,0.8458274400127834,11,0.0,0.0
mono-00000163,1680.0,0.8458274400127834,12,0.0,0.0
mono-00000163,1680.0,0.8458274400127834,13,0.0,0.0
mono-00000163,1680.0,0.8458274400127834,14,0.0,0.0
mono-00000163,1680.0,0.8458274400127834,15,0.0,0.0
mono-00000166,1710.0,0.8383769665744296,-15,4.8523580250274794e-06,6.602532365399242
mono-00000166,1710.0,0.8383769665744296,-14,5.097337309054431e-06,6.382096362052835
mono-00000166,1710.0,0.8383769665744296,-13,9.250734681246167e-06,6.153802932649924
mono-00000166,1710.0,0.8383769665744296,-12,1.55137206216118e-05,5.916742614731788
mono-00000166,1710.0,0.8383769665744296,-11,1.7764310685819073e-05,5.669815846625212
mono-00000166,1710.0,0.8383769665744296,-10,2.3248260248119548e-05,5.411672207902171
mono-00000166,1710.0,0.8383769665744296,-9,5.790687781514735e-05,5.1406221488646935
mono-00000166,1710.0,0.8383769665744296,-8,9.543817358103347e-05,4.854504255284013
mono-00000166,1710.0,0.8383769665744296,-7,9.739754630420449e-05,4.550477162063174
mono-00000166,1710.0,0.8383769665744296,-6,0.00031556357352192455,4.224676135078312
mono-00000166,1710.0,0.8383769665744296,-5,0.0010362951633087942,3.871608135054487
mono-00000166,1710.0,0.8383769665744296,-4,0.0007840369547060577,3.482990894793957
mono-00000166,1710.0,0.8383769665744296,-3,0.02960867946498822,3.045244878031795
mono-00000166,1710.0,0.8383769665744296,-2,0.13167668017027218,2.5330262116421807
mono-00000166,1710.0,0.8383769665744296,-1,0.18563826283903342,1.886621767585197
mono-00000166,1710.0,0.8383769665744296,0,0.35023997738142576,0.8383769665744438
mono-00000166,1710.0,0.8383769665744296,1,0.0,0.0
mono-00000166,1710.0,0.8383769665744296,2,0.0,0.0
mono-00000166,1710.0,0.8383769665744296,3,0.0,0.0
mono-00000166,1710.0,0.8383769665744296,4,0.0,0.0
mono-00000166,1710.0,0.8383769665744296,5,0.0,0.0
mono-00000166,1710.0,0.8383769665744296,6,0.0,0.0
mono-00000166,1710.0,0.8383769665744296,7,0.0,0.0
mono-00000166,1710.0,0.8383769665744296,8,0.0,0.0
mono-00000166,1710.0,0.8383769665744296,9,0.0,0.0
mono-00000166,1710.0,0.8383769665744296,10,0.0,0.0
mono-00000166,1710.0,0.8383769665744296,11,0.0,0.0
mono-00000166,1710.0,0.8383769665744296,12,0.0,0.0
mono-00000166,1710.0,0.8383769665744296,13,0.0,0.0
mono-00000166,1710.0,0.8383769665744296,14,0.0,0.0
mono-00000166,1710.0,0.8383769665744296,15,0.0,0.0
mono-00000162,1670.0,0.8483554229286057,-15,4.404913688111846e-06,6.681225024032813
mono-00000162,1670.0,0.8483554229286057,-14,5.634901993201744e-06,6.458156083434446
mono-00000162,1670.0,0.8483554229286057,-13,9.291777215870003e-06,6.227136470699918
mono-00000162,1670.0,0.8483554229286057,-12,1.5903360646594545e-05,5.987245906587901
mono-00000162,1670.0,0.8483554229286057,-11,1.6531373519401886e-05,5.737371750708363
mono-00000162,1670.0,0.8483554229286057,-10,2.275071745182862e-05,5.476147518881419
mono-00000162,1670.0,0.8483554229286057,-9,6.0946500547832846e-05,5.201863562073953
mono-00000162,1670.0,0.8483554229286057,-8,9.481703962908297e-05,4.912332751337374
mono-00000162,1670.0,0.8483554229286057,-7,9.19302288346791e-05,4.604679914752282
mono-00000162,1670.0,0.8483554229286057,-6,0.0003426312549648289,4.274994331620221
mono-00000162,1670.0,0.8483554229286057,-5,0.0009691222705248599,3.9177175955791768
mono-00000162,1670.0,0.8483554229286057,-4,0.0007565295876108024,3.524468872333429
mono-00000162,1670.0,0.8483554229286057,-3,0.028648260087824017,3.081507001490465
mono-00000162,1670.0,0.8483554229286057,-2,0.13503015034998456,2.563186436488408
mono-00000162,1670.0,0.8483554229286057,-1,0.19242339193839342,1.9090831833517683
mono-00000162,1670.0,0.8483554229286057,0,0.3429086364894909,0.8483554229283214
mono-00000162,1670.0,0.8483554229286057,1,0.0,0.0
mono-00000162,1670.0,0.8483554229286057,2,0.0,0.0
mono-00000162,1670.0,0.8483554229286057,3,0.0,0.0
mono-00000162,1670.0,0.8483554229286057,4,0.0,0.0
mono-00000162,1670.0,0.8483554229286057,5,0.0,0.0
mono-00000162,1670.0,0.8483554229286057,6,0.0,0.0
mono-00000162,1670.0,0.8483554229286057,7,0.0,0.0
mono-00000162,1670.0,0.8483554229286057,8,0.0,0.0
mono-00000162,1670.0,0.8483554229286057,9,0.0,0.0
mono-00000162,1670.0,0.8483554229286057,10,0.0,0.0
mono-00000162,1670.0,0.8483554229286057,11,0.0,0.0
mono-00000162,1670.0,0.8483554229286057,12,0.0,0.0
mono-00000162,1670.0,0.8483554229286057,13,0.0,0.0
mono-00000162,1670.0,0.8483554229286057,14,0.0,0.0
mono-00000162,1670.0,0.8483554229286057,15,0.0,0.0
mono-00000164,1690.0,0.8433219223690287,-15,4.6329284212720964e-06,6.641529071462003
mono-00000164,1690.0,0.8433219223690287,-14,5.3482195480625475e-06,6.4197883223844485
mono-00000164,1690.0,0.8433219223690287,-13,9.251919072131366e-06,6.190143936703649
mono-00000164,1690.0,0.8433219223690287,-12,1.5816630857495592e-05,5.951681091527604
mono-00000164,1690.0,0.8433219223690287,-11,1.7085270451317967e-05,5.703293743815706
mono-00000164,1690.0,0.8433219223690287,-10,2.289035659312334e-05,5.443623512496032
mono-00000164,1690.0,0.8433219223690287,-9,5.97859399002199e-05,5.170970887336594
mono-00000164,1690.0,0.8433219223690287,-8,9.523289327942077e-05,4.883161710793104
mono-00000164,1690.0,0.8433219223690287,-7,9.418491290148926e-05,4.577337864301555
mono-00000164,1690.0,0.8433219223690287,-6,0.0003285333363714639,4.249611824431938
mono-00000164,1690.0,0.8433219223690287,-5,0.0010030589452347048,3.8944581583353113
mono-00000164,1690.0,0.8433219223690287,-4,0.0007646919516074849,3.5035457525464153
mono-00000164,1690.0,0.8433219223690287,-3,0.029150245497290738,3.063214975826128
mono-00000164,1690.0,0.8433219223690287,-2,0.13346883826384442,2.547972456918103
mono-00000164,1690.0,0.8433219223690287,-1,0.18911660946186215,1.897752789461265
mono-00000164,1690.0,0.8433219223690287,0,0.34652217968880705,0.8433219223688297
mono-00000164,1690.0,0.8433219223690287,1,0.0,0.0
mono-00000164,1690.0,0.8433219223690287,2,0.0,0.0
mono-00000164,1690.0,0.8433219223690287,3,0.0,0.0
mono-00000164,1690.0,0.8433219223690287,4,0.0,0.0
mono-00000164,1690.0,0.8433219223690287,5,0.0,0.0
mono-00000164,1690.0,0.8433219223690287,6,0.0,0.0
mono-00000164,1690.0,0.8433219223690287,7,0.0,0.0
mono-00000164,1690.0,0.8433219223690287,8,0.0,0.0
mono-00000164,1690.0,0.8433219223690287,9,0.0,0.0
mono-00000164,1690.0,0.8433219223690287,10,0.0,0.0
mono-00000164,1690.0,0.8433219223690287,11,0.0,0.0
mono-00000164,1690.0,0.8433219223690287,12,0.0,0.0
mono-00000164,1690.0,0.8433219223690287,13,0.0,0.0
mono-00000164,1690.0,0.8433219223690287,14,0.0,0.0
mono-00000164,1690.0,0.8433219223690287,15,0.0,0.0
mono-00000161,1660.0,0.8509062088537291,-15,4.297066057088556e-06,6.701341792251213
mono-00000161,1660.0,0.8509062088537291,-14,5.773416384513512e-06,6.477599742799072
mono-00000161,1660.0,0.8509062088537291,-13,9.33779420152055e-06,6.245883186352316
mono-00000161,1660.0,0.8509062088537291,-12,1.5839194049019375e-05,6.0052690786262275
mono-00000161,1660.0,0.8509062088537291,-11,1.6292902824326972e-05,5.754641435974605
mono-00000161,1660.0,0.8509062088537291,-10,2.2780355893975378e-05,5.492629667902676
mono-00000161,1660.0,0.8509062088537291,-9,6.122847296211101e-05,5.217518987453687
mono-00000161,1660.0,0.8509062088537291,-8,9.435795688012179e-05,4.92711569230292
mono-00000161,1660.0,0.8509062088537291,-7,9.11189825307657e-05,4.618535968580261
mono-00000161,1660.0,0.8509062088537291,-6,0.0003498247308246885,4.28785734013799
mono-00000161,1660.0,0.8509062088537291,-5,0.0009512833554908986,3.9295046909361275
mono-00000161,1660.0,0.8509062088537291,-4,0.0007569902521641871,3.5350719900917085
mono-00000161,1660.0,0.8509062088537291,-3,0.02835558148279193,3.090776761353041
mono-00000161,1660.0,0.8509062088537291,-2,0.13563479585861984,2.5708963414260353
mono-00000161,1660.0,0.8509062088537291,-1,0.1938988967000729,1.9148250172914771
mono-00000161,1660.0,0.8509062088537291,0,0.34107199762559987,0.8509062088543402
mono-00000161,1660.0,0.8509062088537291,1,0.0,0.0
mono-00000161,1660.0,0.8509062088537291,2,0.0,0.0
mono-00000161,1660.0,0.8509062088537291,3,0.0,0.0
mono-00000161,1660.0,0.8509062088537291,4,0.0,0.0
mono-00000161,1660.0,0.8509062088537291,5,0.0,0.0
mono-00000161,1660.0,0.8509062088537291,6,0.0,0.0
mono-00000161,1660.0,0.8509062088537291,7,0.0,0.0
mono-00000161,1660.0,0.8509062088537291,8,0.0,0.0
mono-00000161,1660.0,0.8509062088537291,9,0.0,0.0
mono-00000161,1660.0,0.8509062088537291,10,0.0,0.0
mono-00000161,1660.0,0.8509062088537291,11,0.0,0.0
mono-00000161,1660.0,0.8509062088537291,12,0.0,0.0
mono-00000161,1660.0,0.8509062088537291,13,0.0,0.0
mono-00000161,1660.0,0.8509062088537291,14,0.0,0.0
mono-00000161,1660.0,0.8509062088537291,15,0.0,0.0
mono-00000165,1700.0,0.8408385392218776,-15,4.74586146002343e-06,6.6219446003858025
mono-00000165,1700.0,0.8408385392218776,-14,5.214458693293536e-06,6.40085911162673
mono-00000165,1700.0,0.8408385392218776,-13,9.24910398415248e-06,6.1718931931482075
mono-00000165,1700.0,0.8408385392218776,-12,1.5685039908162952e-05,5.934134714088287
mono-00000165,1700.0,0.8408385392218776,-11,1.740944675538658e-05,5.686480886374525
mono-00000165,1700.0,0.8408385392218776,-10,2.3048999341339387e-05,5.4275773268031315
mono-00000165,1700.0,0.8408385392218776,-9,5.892817256185902e-05,5.155729527364741
mono-00000165,1700.0,0.8408385392218776,-8,9.53170406464401e-05,4.868769730264702
mono-00000165,1700.0,0.8408385392218776,-7,9.568234413372385e-05,4.563848230607164
mono-00000165,1700.0,0.8408385392218776,-6,0.00032183273996547266,4.237088949860436
mono-00000165,1700.0,0.8408385392218776,-5,0.0010196050451247707,3.882982723388409
mono-00000165,1700.0,0.8408385392218776,-4,0.0007734787439747486,3.493222968571871
mono-00000165,1700.0,0.8408385392218776,-3,0.02937975800282711,3.0541902782934187
mono-00000165,1700.0,0.8408385392218776,-2,0.13258906814615093,2.5404663600847215
mono-00000165,1700.0,0.8408385392218776,-1,0.18739118084104678,1.8921627238007375
mono-00000165,1700.0,0.8408385392218776,0,0.34845872685829643,0.8408385392221049
mono-00000165,1700.0,0.8408385392218776,1,0.0,0.0
mono-00000165,1700.0,0.8408385392218776,2,0.0,0.0
mono-00000165,1700.0,0.8408385392218776,3,0.0,0.0
mono-00000165,1700.0,0.8408385392218776,4,0.0,0.0
mono-00000165,1700.0,0.8408385392218776,5,0.0,0.0
mono-00000165,1700.0,0.8408385392218776,6,0.0,0.0
mono-00000165,1700.0,0.8408385392218776,7,0.0,0.0
mono-00000165,1700.0,0.8408385392218776,8,0.0,0.0
mono-00000165,1700.0,0.8408385392218776,9,0.0,0.0
mono-00000165,1700.0,0.8408385392218776,10,0.0,0.0
mono-00000165,1700.0,0.8408385392218776,11,0.0,0.0
mono-00000165,1700.0,0.8408385392218776,12,0.0,0.0
mono-00000165,1700.0,0.8408385392218776,13,0.0,0.0
mono-00000165,1700.0,0.8408385392218776,14,0.0,0.0
mono-00000165,1700.0,0.8408385392218776,15,0.0,0.0
mono-00000167,1720.0,0.8359368870305985,-15,4.9488147171876185e-06,6.583289856654517
mono-00000167,1720.0,0.8359368870305985,-14,4.999891585811913e-06,6.363497648144701
mono-00000167,1720.0,0.8359368870305985,-13,9.24661661137131e-06,6.135870816969117
mono-00000167,1720.0,0.8359368870305985,-12,1.5301877452117165e-05,5.8995025457892325
mono-00000167,1720.0,0.8359368870305985,-11,1.814318790395786e-05,5.653296471177356
mono-00000167,1720.0,0.8359368870305985,-10,2.348023130990199e-05,5.395906100899495
mono-00000167,1720.0,0.8359368870305985,-9,5.6713206321432775e-05,5.125646800296153
mono-00000167,1720.0,0.8359368870305985,-8,9.554728837161309e-05,4.840363443338305
mono-00000167,1720.0,0.8359368870305985,-7,9.93363062169833e-05,4.537222931933215
mono-00000167,1720.0,0.8359368870305985,-6,0.00030961015801502764,4.212371777336486
mono-00000167,1720.0,0.8359368870305985,-5,0.0010524834606519605,3.8603329248608276
mono-00000167,1720.0,0.8359368870305985,-4,0.0007974805474968944,3.4728482104405884
mono-00000167,1720.0,0.8359368870305985,-3,0.029821528811708662,3.0363776205343953
mono-00000167,1720.0,0.8359368870305985,-2,0.1306891389149107,2.5256510515110904
mono-00000167,1720.0,0.8359368870305985,-1,0.1838411917902183,1.8811292059457827
mono-00000167,1720.0,0.8359368870305985,0,0.35215988719639596,0.835936887030627
mono-00000167,1720.0,0.8359368870305985,1,0.0,0.0
mono-00000167,1720.0,0.8359368870305985,2,0.0,0.0
mono-00000167,1720.0,0.8359368870305985,3,0.0,0.0
mono-00000167,1720.0,0.8359368870305985,4,0.0,0.0
mono-00000167,1720.0,0.8359368870305985,5,0.0,0.0
mono-00000167,1720.0,0.8359368870305985,6,0.0,0.0
mono-00000167,1720.0,0.8359368870305985,7,0.0,0.0
mono-00000167,1720.0,0.8359368870305985,8,0.0,0.0
mono-00000167,1720.0,0.8359368870305985,9,0.0,0.0
mono-00000167,1720.0,0.8359368870305985,10,0.0,0.0
mono-00000167,1720.0,0.8359368870305985,11,0.0,0.0
mono-00000167,1720.0,0.8359368870305985,12,0.0,0.0
mono-00000167,1720.0,0.8359368870305985,13,0.0,0.0
mono-00000167,1720.0,0.8359368870305985,14,0.0,0.0
mono-00000167,1720.0,0.8359368870305985,15,0.0,0.0
mono-00000169,1740.0,0.8311199696488671,-15,5.105083322728318e-06,6.54530423171235
mono-00000169,1740.0,0.8311199696488671,-14,4.887343583400495e-06,6.326782869941653
mono-00000169,1740.0,0.8311199696488671,-13,9.202373407739163e-06,6.100471902967783
mono-00000169,1740.0,0.8311199696488671,-12,1.481775145379319e-05,5.865469735184149
mono-00000169,1740.0,0.8311199696488671,-11,1.8970812446231882e-05,5.6206863168126375
mono-00000169,1740.0,0.8311199696488671,-10,2.4011255305290314e-05,5.364782910252373
mono-00000169,1740.0,0.8311199696488671,-9,5.3936780606865436e-05,5.096084583593395
mono-00000169,1740.0,0.8311199696488671,-8,9.597736568864437e-05,4.812448624293921
mono-00000169,1740.0,0.8311199696488671,-7,0.000103906631204446,4.511058254075664
mono-00000169,1740.0,0.8311199696488671,-6,0.00029904440297846266,4.188082183569364
mono-00000169,1740.0,0.8311199696488671,-5,0.001084425981231126,3.8380749130467393
mono-00000169,1740.0,0.8311199696488671,-4,0.0008320289774160758,3.452825860060713
mono-00000169,1740.0,0.8311199696488671,-3,0.03024529705736952,3.018873032177254
mono-00000169,1740.0,0.8311199696488671,-2,0.12864924073747702,2.5110919526328956
mono-00000169,1740.0,0.8311199696488671,-1,0.18027826238487168,1.8702864789664346
mono-00000169,1740.0,0.8311199696488671,0,0.3563713056041596,0.8311199696488814
mono-00000169,1740.0,0.8311199696488671,1,0.0,0.0
mono-00000169,1740.0,0.8311199696488671,2,0.0,0.0
mono-00000169,1740.0,0.8311199696488671,3,0.0,0.0
mono-00000169,1740.0,0.8311199696488671,4,0.0,0.0
mono-00000169,1740.0,0.8311199696488671,5,0.0,0.0
mono-00000169,1740.0,0.8311199696488671,6,0.0,0.0
mono-00000169,1740.0,0.8311199696488671,7,0.0,0.0
mono-00000169,1740.0,0.8311199696488671,8,0.0,0.0
mono-00000169,1740.0,0.8311199696488671,9,0.0,0.0
mono-00000169,1740.0,0.8311199696488671,10,0.0,0.0
mono-00000169,1740.0,0.8311199696488671,11,0.0,0.0
mono-00000169,1740.0,0.8311199696488671,12,0.0,0.0
mono-00000169,1740.0,0.8311199696488671,13,0.0,0.0
mono-00000169,1740.0,0.8311199696488671,14,0.0,0.0
mono-00000169,1740.0,0.8311199696488671,15,0.0,0.0
mono-00000170,1750.0,0.8287425285035539,-15,5.160105924031977e-06,6.526556345114969
mono-00000170,1750.0,0.8287425285035539,-14,4.8777590110263484e-06,6.308662195512966
mono-00000170,1750.0,0.8287425285035539,-13,9.148095246991466e-06,6.083000660385494
mono-00000170,1750.0,0.8287425285035539,-12,1.4558708950126906e-05,5.848672721390329
mono-00000170,1750.0,0.8287425285035539,-11,1.9399534650262934e-05,5.604591444943878
mono-00000170,1750.0,0.8287425285035539,-10,2.4284289444668574e-05,5.349421920854084
mono-00000170,1750.0,0.8287425285035539,-9,5.237312568421319e-05,5.081494006136296
mono-00000170,1750.0,0.8287425285035539,-8,9.629893692672805e-05,4.798671115089817
mono-00000170,1750.0,0.8287425285035539,-7,0.00010646822071311983,4.498144524289074
mono-00000170,1750.0,0.8287425285035539,-6,0.00029443578943598935,4.17609390113968
mono-00000170,1750.0,0.8287425285035539,-5,0.0010995773008991175,3.8270893202355865
mono-00000170,1750.0,0.8287425285035539,-4,0.0008527736598452215,3.4429436835747396
mono-00000170,1750.0,0.8287425285035539,-3,0.030441860079519885,3.010233506878251
mono-00000170,1750.0,0.8287425285035539,-2,0.12753951604417194,2.5039061889987124
mono-00000170,1750.0,0.8287425285035539,-1,0.178459150502269,1.8649349548211802
mono-00000170,1750.0,0.8287425285035539,0,0.3586933420958062,0.8287425285036818
mono-00000170,1750.0,0.8287425285035539,1,0.0,0.0
mono-00000170,1750.0,0.8287425285035539,2,0.0,0.0
mono-00000170,1750.0,0.8287425285035539,3,0.0,0.0
mono-00000170,1750.0,0.8287425285035539,4,0.0,0.0
mono-00000170,1750.0,0.8287425285035539,5,0.0,0.0
mono-00000170,1750.0,0.8287425285035539,6,0.0,0.0
mono-00000170,1750.0,0.8287425285035539,7,0.0,0.0
mono-00000170,1750.0,0.8287425285035539,8,0.0,0.0
mono-00000170,1750.0,0.8287425285035539,9,0.0,0.0
mono-00000170,1750.0,0.8287425285035539,10,0.0,0.0
mono-00000170,1750.0,0.8287425285035539,11,0.0,0.0
mono-00000170,1750.0,0.8287425285035539,12,0.0,0.0
mono-00000170,1750.0,0.8287425285035539,13,0.0,0.0
mono-00000170,1750.0,0.8287425285035539,14,0.0,0.0
mono-00000170,1750.0,0.8287425285035539,15,0.0,0.0
mono-00000172,1770.0,0.8240482178628383,-15,5.2121204375329895e-06,6.489538852590826
mono-00000172,1770.0,0.8240482178628383,-14,4.956540492486447e-06,6.272883093641482
mono-00000172,1770.0,0.8240482178628383,-13,8.94470012032117e-06,6.048503824013736
mono-00000172,1770.0,0.8240482178628383,-12,1.4052211336068945e-05,5.8155071142758885
mono-00000172,1770.0,0.8240482178628383,-11,2.0213759382977772e-05,5.5728121838872795
mono-00000172,1770.0,0.8240482178628383,-10,2.474083312748609e-05,5.319091680012576
mono-00000172,1770.0,0.8240482178628383,-9,4.900108543153982e-05,5.052684915563162
mono-00000172,1770.0,0.8240482178628383,-8,9.719815721021667e-05,4.771467402484191
mono-00000172,1770.0,0.8240482178628383,-7,0.0001117618581351298,4.472646321902289
mono-00000172,1770.0,0.8240482178628383,-6,0.00028651222725124397,4.152422975687259
mono-00000172,1770.0,0.8240482178628383,-5,0.0011263117520767388,3.8053981903473897
mono-00000172,1770.0,0.8240482178628383,-4,0.0008955762419294135,3.4234312384947003
mono-00000172,1770.0,0.8240482178628383,-3,0.030759895960703266,2.9931746710684592
mono-00000172,1770.0,0.8240482178628383,-2,0.12495742416338747,2.4897178067679704
mono-00000172,1770.0,0.8240482178628383,-1,0.17454760927921156,1.8543682891974527
mono-00000172,1770.0,0.8240482178628383,0,0.36302865288491454,0.8240482178625115
mono-00000172,1770.0,0.8240482178628383,1,0.0,0.0
mono-00000172,1770.0,0.8240482178628383,2,0.0,0.0
mono-00000172,1770.0,0.8240482178628383,3,0.0,0.0
mono-00000172,1770.0,0.8240482178628383,4,0.0,0.0
mono-00000172,1770.0,0.8240482178628383,5,0.0,0.0
mono-00000172,1770.0,0.8240482178628383,6,0.0,0.0
mono-00000172,1770.0,0.8240482178628383,7,0.0,0.0
mono-00000172,1770.0,0.8240482178628383,8,0.0,0.0
mono-00000172,1770.0,0.8240482178628383,9,0.0,0.0
mono-00000172,1770.0,0.8240482178628383,10,0.0,0.0
mono-00000172,1770.0,0.8240482178628383,11,0.0,0.0
mono-00000172,1770.0,0.8240482178628383,12,0.0,0.0
mono-00000172,1770.0,0.8240482178628383,13,0.0,0.0
mono-00000172,1770.0,0.8240482178628383,14,0.0,0.0
mono-00000172,1770.0,0.8240482178628383,15,0.0,0.0
mono-00000171,1760.0,0.8263853735296323,-15,5.19514541764344e-06,6.507968641442744
mono-00000171,1760.0,0.8263853735296323,-14,4.900770887435273e-06,6.29069633405075
mono-00000171,1760.0,0.8263853735296323,-13,9.062485916137165e-06,6.06567867175302
mono-00000171,1760.0,0.8263853735296323,-12,1.4300361440120394e-05,5.8320191914953625
mono-00000171,1760.0,0.8263853735296323,-11,1.9815117925152376e-05,5.588634049314763
mono-00000171,1760.0,0.8263853735296323,-10,2.4527637318625006e-05,5.334192129787269
mono-00000171,1760.0,0.8263853735296323,-9,5.071478653658991e-05,5.06702803800961
mono-00000171,1760.0,0.8263853735296323,-8,9.670458613088104e-05,4.785011262863847
mono-00000171,1760.0,0.8263853735296323,-7,0.00010908258769673203,4.485341067069001
mono-00000171,1760.0,0.8263853735296323,-6,0.0002902545297434911,4.1642079813364035
mono-00000171,1760.0,0.8263853735296323,-5,0.0011135384313003607,3.8161975217127377
mono-00000171,1760.0,0.8263853735296323,-4,0.0008738112208905997,3.4331458742712897
mono-00000171,1760.0,0.8263853735296323,-3,0.030611496143466362,3.0016677343088816
mono-00000171,1760.0,0.8263853735296323,-2,0.12629900627398968,2.496781762941012
mono-00000171,1760.0,0.8263853735296323,-1,0.17653458761496038,1.8596291069260928
mono-00000171,1760.0,0.8263853735296323,0,0.36085846062424975,0.8263853735298454
mono-00000171,1760.0,0.8263853735296323,1,0.0,0.0
mono-00000171,1760.0,0.8263853735296323,2,0.0,0.0
mono-00000171,1760.0,0.8263853735296323,3,0.0,0.0
mono-00000171,1760.0,0.8263853735296323,4,0.0,0.0
mono-00000171,1760.0,0.8263853735296323,5,0.0,0.0
mono-00000171,1760.0,0.8263853735296323,6,0.0,0.0
mono-00000171,1760.0,0.8263853735296323,7,0.0,0.0
mono-00000171,1760.0,0.8263853735296323,8,0.0,0.0
mono-00000171,1760.0,0.8263853735296323,9,0.0,0.0
mono-00000171,1760.0,0.8263853735296323,10,0.0,0.0
mono-00000171,1760.0,0.8263853735296323,11,0.0,0.0
mono-00000171,1760.0,0.8263853735296323,12,0.0,0.0
mono-00000171,1760.0,0.8263853735296323,13,0.0,0.0
mono-00000171,1760.0,0.8263853735296323,14,0.0,0.0
mono-00000171,1760.0,0.8263853735296323,15,0.0,0.0
mono-00000168,1730.0,0.8335179896236156,-15,5.033665877883216e-06,6.564214615210304
mono-00000168,1730.0,0.8335179896236156,-14,4.928638510560965e-06,6.345060593577031
mono-00000168,1730.0,0.8335179896236156,-13,9.232467894934727e-06,6.118094555285282
mono-00000168,1730.0,0.8335179896236156,-12,1.5066567649873056e-05,5.882412305170831
mono-00000168,1730.0,0.8335179896236156,-11,1.8547314034621112e-05,5.636920650304603
mono-00000168,1730.0,0.8335179896236156,-10,2.3737935353286984e-05,5.380276992564902
mono-00000168,1730.0,0.8335179896236156,-9,5.5383403914924404e-05,5.110801569684114
mono-00000168,1730.0,0.8335179896236156,-8,9.571927715415135e-05,4.8263454892671405
mono-00000168,1730.0,0.8335179896236156,-7,0.0001015116490593446,4.524083848483457
mono-00000168,1730.0,0.8335179896236156,-6,0.0003040939434834004,4.2001743063726735
mono-00000168,1730.0,0.8335179896236156,-5,0.0010685457437082037,3.849155654097572
mono-00000168,1730.0,0.8335179896236156,-4,0.0008135344913605305,3.462793621506563
mono-00000168,1730.0,0.8335179896236156,-3,0.030033531224763692,3.0275873746900004
mono-00000168,1730.0,0.8335179896236156,-2,0.12967979795504994,2.518339939066351
mono-00000168,1730.0,0.8335179896236156,-1,0.18205409950680485,1.875684338498374
mono-00000168,1730.0,0.8335179896236156,0,0.35420246613577266,0.8335179896238003
mono-00000168,1730.0,0.8335179896236156,1,0.0,0.0
mono-00000168,1730.0,0.8335179896236156,2,0.0,0.0
mono-00000168,1730.0,0.8335179896236156,3,0.0,0.0
mono-00000168,1730.0,0.8335179896236156,4,0.0,0.0
mono-00000168,1730.0,0.8335179896236156,5,0.0,0.0
mono-00000168,1730.0,0.8335179896236156,6,0.0,0.0
mono-00000168,1730.0,0.8335179896236156,7,0.0,0.0
mono-00000168,1730.0,0.8335179896236156,8,0.0,0.0
mono-00000168,1730.0,0.8335179896236156,9,0.0,0.0
mono-00000168,1730.0,0.8335179896236156,10,0.0,0.0
mono-00000168,1730.0,0.8335179896236156,11,0.0,0.0
mono-00000168,1730.0,0.8335179896236156,12,0.0,0.0
mono-00000168,1730.0,0.8335179896236156,13,0.0,0.0
mono-00000168,1730.0,0.8335179896236156,14,0.0,0.0
mono-00000168,1730.0,0.8335179896236156,15,0.0,0.0
mono-00000175,1800.0,0.817153961924376,-15,5.183279718424263e-06,6.435174957805344
mono-00000175,1800.0,0.817153961924376,-14,5.306854285829615e-06,6.220337821144881
mono-00000175,1800.0,0.817153961924376,-13,8.42338315821901e-06,5.997841614015883
mono-00000175,1800.0,0.817153961924376,-12,1.3480091764632095e-05,5.766799880873563
mono-00000175,1800.0,0.817153961924376,-11,2.1296476341563237e-05,5.52614087790198
mono-00000175,1800.0,0.817153961924376,-10,2.518490800094547e-05,5.274548351432017
mono-00000175,1800.0,0.817153961924376,-9,4.402397814470058e-05,5.010375501824939
mono-00000175,1800.0,0.817153961924376,-8,9.941890777730264e-05,4.731515608267301
mono-00000175,1800.0,0.817153961924376,-7,0.00012025815935280276,4.435199210116011
mono-00000175,1800.0,0.817153961924376,-6,0.00027800549634471127,4.1176593826599515
mono-00000175,1800.0,0.817153961924376,-5,0.0011593977187253461,3.773542116081515
mono-00000175,1800.0,0.817153961924376,-4,0.0009633480909701116,3.3947747848948637
mono-00000175,1800.0,0.817153961924376,-3,0.03119228401295034,2.9681216084709234
mono-00000175,1800.0,0.817153961924376,-2,0.12079304168179575,2.4688803343941146
mono-00000175,1800.0,0.817153961924376,-1,0.1686757673434922,1.8388497451018253
mono-00000175,1800.0,0.817153961924376,0,0.36942854750813603,0.8171539619244612
mono-00000175,1800.0,0.817153961924376,1,0.0,0.0
mono-00000175,1800.0,0.817153961924376,2,0.0,0.0
mono-00000175,1800.0,0.817153961924376,3,0.0,0.0
mono-00000175,1800.0,0.817153961924376,4,0.0,0.0
mono-00000175,1800.0,0.817153961924376,5,0.0,0.0
mono-00000175,1800.0,0.817153961924376,6,0.0,0.0
mono-00000175,1800.0,0.817153961924376,7,0.0,0.0
mono-00000175,1800.0,0.817153961924376,8,0.0,0.0
mono-00000175,1800.0,0.817153961924376,9,0.0,0.0
mono-00000175,1800.0,0.817153961924376,10,0.0,0.0
mono-00000175,1800.0,0.817153961924376,11,0.0,0.0
mono-00000175,1800.0,0.817153961924376,12,0.0,0.0
mono-00000175,1800.0,0.817153961924376,13,0.0,0.0
mono-00000175,1800.0,0.817153961924376,14,0.0,0.0
mono-00000175,1800.0,0.817153961924376,15,0.0,0.0
mono-00000174,1790.0,0.8194327850884946,-15,5.2036286749625836e-06,6.453144169342863
mono-00000174,1790.0,0.8194327850884946,-14,5.16291188818443e-06,6.2377059232549215
mono-00000174,1790.0,0.8194327850884946,-13,8.622350394079453e-06,6.014587306169545
mono-00000174,1790.0,0.8194327850884946,-12,1.3636174111798192e-05,5.7828993921141745
mono-00000174,1790.0,0.8194327850884946,-11,2.095985544659189e-05,5.54156745026431
mono-00000174,1790.0,0.8194327850884946,-10,2.507146022284639e-05,5.289271558222836
mono-00000174,1790.0,0.8194327850884946,-9,4.5620728486622575e-05,5.024360325984048
mono-00000174,1790.0,0.8194327850884946,-8,9.856072890061323e-05,4.744721159942131
mono-00000174,1790.0,0.8194327850884946,-7,0.00011736827758943853,4.447576878618321
mono-00000174,1790.0,0.8194327850884946,-6,0.0002804227477145174,4.129150054913467
mono-00000174,1790.0,0.8194327850884946,-5,0.0011492855529646865,3.7840717506156665
mono-00000174,1790.0,0.8194327850884946,-4,0.0009406383134033993,3.404246829860938
mono-00000174,1790.0,0.8194327850884946,-3,0.031047342114863763,2.9764026012030627
mono-00000174,1790.0,0.8194327850884946,-2,0.1221884123477572,2.4757679183205994
mono-00000174,1790.0,0.8194327850884946,-1,0.17060381766677085,1.8439792231986587
mono-00000174,1790.0,0.8194327850884946,0,0.36735396902987666,0.8194327850882672
mono-00000174,1790.0,0.8194327850884946,1,0.0,0.0
mono-00000174,1790.0,0.8194327850884946,2,0.0,0.0
mono-00000174,1790.0,0.8194327850884946,3,0.0,0.0
mono-00000174,1790.0,0.8194327850884946,4,0.0,0.0
mono-00000174,1790.0,0.8194327850884946,5,0.0,0.0
mono-00000174,1790.0,0.8194327850884946,6,0.0,0.0
mono-00000174,1790.0,0.8194327850884946,7,0.0,0.0
mono-00000174,1790.0,0.8194327850884946,8,0.0,0.0
mono-00000174,1790.0,0.8194327850884946,9,0.0,0.0
mono-00000174,1790.0,0.8194327850884946,10,0.0,0.0
mono-00000174,1790.0,0.8194327850884946,11,0.0,0.0
mono-00000174,1790.0,0.8194327850884946,12,0.0,0.0
mono-00000174,1790.0,0.8194327850884946,13,0.0,0.0
mono-00000174,1790.0,0.8194327850884946,14,0.0,0.0
mono-00000174,1790.0,0.8194327850884946,15,0.0,0.0
mono-00000173,1780.0,0.8217307802864582,-15,5.212888580809487e-06,6.471264755162721
mono-00000173,1780.0,0.8217307802864582,-14,5.044362851320763e-06,6.255220325574896
mono-00000173,1780.0,0.8217307802864582,-13,8.794737155066039e-06,6.031474045757321
mono-00000173,1780.0,0.8217307802864582,-12,1.3822093538387597e-05,5.799134498539303
mono-00000173,1780.0,0.8217307802864582,-11,2.0591062747654552e-05,5.557123940972687
mono-00000173,1780.0,0.8217307802864582,-10,2.4921258743693664e-05,5.304118751083294
mono-00000173,1780.0,0.8217307802864582,-9,4.7269687513338555e-05,5.038462909896779
mono-00000173,1780.0,0.8217307802864582,-8,9.77779084870691e-05,4.758037901625542
mono-00000173,1780.0,0.8217307802864582,-7,0.00011451284371194543,4.460058759019347
mono-00000173,1780.0,0.8217307802864582,-6,0.0002832278607414608,4.140737464254272
mono-00000173,1780.0,0.8217307802864582,-5,0.0011378436023742008,3.7946900251505014
mono-00000173,1780.0,0.8217307802864582,-4,0.0009183490481840218,3.4137986061003005
mono-00000173,1780.0,0.8217307802864582,-3,0.030891159065095864,2.984753294306273
mono-00000173,1780.0,0.8217307802864582,-2,0.12353313933341295,2.482713469876913
mono-00000173,1780.0,0.8217307802864582,-1,0.17252513426985908,1.8491518682749017
mono-00000173,1780.0,0.8217307802864582,0,0.3653308503309461,0.8217307802869414
mono-00000173,1780.0,0.8217307802864582,1,0.0,0.0
mono-00000173,1780.0,0.8217307802864582,2,0.0,0.0
mono-00000173,1780.0,0.8217307802864582,3,0.0,0.0
mono-00000173,1780.0,0.8217307802864582,4,0.0,0.0
mono-00000173,1780.0,0.8217307802864582,5,0.0,0.0
mono-00000173,1780.0,0.8217307802864582,6,0.0,0.0
mono-00000173,1780.0,0.8217307802864582,7,0.0,0.0
mono-00000173,1780.0,0.8217307802864582,8,0.0,0.0
mono-00000173,1780.0,0.8217307802864582,9,0.0,0.0
mono-00000173,1780.0,0.8217307802864582,10,0.0,0.0
mono-00000173,1780.0,0.8217307802864582,11,0.0,0.0
mono-00000173,1780.0,0.8217307802864582,12,0.0,0.0
mono-00000173,1780.0,0.8217307802864582,13,0.0,0.0
mono-00000173,1780.0,0.8217307802864582,14,0.0,0.0
mono-00000173,1780.0,0.8217307802864582,15,0.0,0.0
mono-00000177,1820.0,0.8126527763579219,-15,5.11504434041472e-06,6.399682314396728
mono-00000177,1820.0,0.8126527763579219,-14,5.66852686502414e-06,6.186032454594553
mono-00000177,1820.0,0.8126527763579219,-13,7.962325185740668e-06,5.964765599080138
mono-00000177,1820.0,0.8126527763579219,-12,1.3266395721187269e-05,5.735000171996873
mono-00000177,1820.0,0.8126527763579219,-11,2.1880014022265283e-05,5.495670329582268
mono-00000177,1820.0,0.8126527763579219,-10,2.5337372633680258e-05,5.245467064773052
mono-00000177,1820.0,0.8126527763579219,-9,4.104258119960894e-05,4.9827526449830515
mono-00000177,1820.0,0.8126527763579219,-8,0.00010131171541574827,4.705431949533278
mono-00000177,1820.0,0.8126527763579219,-7,0.00012628993153157055,4.410750768217525
mono-00000177,1820.0,0.8126527763579219,-6,0.00027456955787795467,4.094962920952582
mono-00000177,1820.0,0.8126527763579219,-5,0.0011763853964333088,3.752743884899999
mono-00000177,1820.0,0.8126527763579219,-4,0.0010128853450570316,3.376065497654693
mono-00000177,1820.0,0.8126527763579219,-3,0.031479710444224866,2.9517648857138994
mono-00000177,1820.0,0.8126527763579219,-2,0.1179734029161662,2.455275877392623
mono-00000177,1820.0,0.8126527763579219,-1,0.16490979128943445,1.8287179130349074
mono-00000177,1820.0,0.8126527763579219,0,0.3741475969336067,0.8126527763572824
mono-00000177,1820.0,0.8126527763579219,1,0.0,0.0
mono-00000177,1820.0,0.8126527763579219,2,0.0,0.0
mono-00000177,1820.0,0.8126527763579219,3,0.0,0.0
mono-00000177,1820.0,0.8126527763579219,4,0.0,0.0
mono-00000177,1820.0,0.8126527763579219,5,0.0,0.0
mono-00000177,1820.0,0.8126527763579219,6,0.0,0.0
mono-00000177,1820.0,0.8126527763579219,7,0.0,0.0
mono-00000177,1820.0,0.8126527763579219,8,0.0,0.0
mono-00000177,1820.0,0.8126527763579219,9,0.0,0.0
mono-00000177,1820.0,0.8126527763579219,10,0.0,0.0
mono-00000177,1820.0,0.8126527763579219,11,0.0,0.0
mono-00000177,1820.0,0.8126527763579219,12,0.0,0.0
mono-00000177,1820.0,0.8126527763579219,13,0.0,0.0
mono-00000177,1820.0,0.8126527763579219,14,0.0,0.0
mono-00000177,1820.0,0.8126527763579219,15,0.0,0.0
mono-00000178,1830.0,0.8104298989203755,-15,5.060411607985005e-06,6.382154810948265
mono-00000178,1830.0,0.8104298989203755,-14,5.891882202127378e-06,6.169091255321177
mono-00000178,1830.0,0.8104298989203755,-13,7.701704623977695e-06,5.948431482997208
mono-00000178,1830.0,0.8104298989203755,-12,1.3206971696396652e-05,5.719296327937272
mono-00000178,1830.0,0.8104298989203755,-11,2.2132723802919094e-05,5.480622860098194
mono-00000178,1830.0,0.8104298989203755,-10,2.5377439392370305e-05,5.231105651122945
mono-00000178,1830.0,0.8104298989203755,-9,3.961559121003442e-05,4.96911144614775
mono-00000178,1830.0,0.8104298989203755,-8,0.00010237118632084281,4.692550853161578
mono-00000178,1830.0,0.8104298989203755,-7,0.00012944852755302402,4.398677193303541
mono-00000178,1830.0,0.8104298989203755,-6,0.00027384711170874194,4.083754531102798
mono-00000178,1830.0,0.8104298989203755,-5,0.0011839807902968814,3.742472905678568
mono-00000178,1830.0,0.8104298989203755,-4,0.0010402438265221018,3.3668261124152252
mono-00000178,1830.0,0.8104298989203755,-3,0.03162471905727821,2.943687282461198
mono-00000178,1830.0,0.8104298989203755,-2,0.11654889717276153,2.4485574465295485
mono-00000178,1830.0,0.8104298989203755,-1,0.16307840332911658,1.8237143991238725
mono-00000178,1830.0,0.8104298989203755,0,0.37681184887057134,0.8104298989207877
mono-00000178,1830.0,0.8104298989203755,1,0.0,0.0
mono-00000178,1830.0,0.8104298989203755,2,0.0,0.0
mono-00000178,1830.0,0.8104298989203755,3,0.0,0.0
mono-00000178,1830.0,0.8104298989203755,4,0.0,0.0
mono-00000178,1830.0,0.8104298989203755,5,0.0,0.0
mono-00000178,1830.0,0.8104298989203755,6,0.0,0.0
mono-00000178,1830.0,0.8104298989203755,7,0.0,0.0
mono-00000178,1830.0,0.8104298989203755,8,0.0,0.0
mono-00000178,1830.0,0.8104298989203755,9,0.0,0.0
mono-00000178,1830.0,0.8104298989203755,10,0.0,0.0
mono-00000178,1830.0,0.8104298989203755,11,0.0,0.0
mono-00000178,1830.0,0.8104298989203755,12,0.0,0.0
mono-00000178,1830.0,0.8104298989203755,13,0.0,0.0
mono-00000178,1830.0,0.8104298989203755,14,0.0,0.0
mono-00000178,1830.0,0.8104298989203755,15,0.0,0.0
mono-00000176,1810.0,0.8148940456831184,-15,5.15262905012199e-06,6.417355024654128
mono-00000176,1810.0,0.8148940456831184,-14,5.471529277090063e-06,6.203113993743884
mono-00000176,1810.0,0.8148940456831184,-13,8.200444285778768e-06,5.98123501665448
mono-00000176,1810.0,0.8148940456831184,-12,1.3352826349247324e-05,5.750834087785989
mono-00000176,1810.0,0.8148940456831184,-11,2.1594318040193408e-05,5.510842425563013
mono-00000176,1810.0,0.8148940456831184,-10,2.5251683838138082e-05,5.25994741462172
mono-00000176,1810.0,0.8148940456831184,-9,4.251077890250221e-05,4.996506807622055
mono-00000176,1810.0,0.8148940456831184,-8,0.00010030299110570703,4.718419707836304
mono-00000176,1810.0,0.8148940456831184,-7,0.00012316775479972734,4.422924311418711
mono-00000176,1810.0,0.8148940456831184,-6,0.00027592126082348704,4.1062641089311995
mono-00000176,1810.0,0.8148940456831184,-5,0.00116776368122522,3.7630998951127737
mono-00000176,1810.0,0.8148940456831184,-4,0.0009863986290109753,3.3853813681079714
mono-00000176,1810.0,0.8148940456831184,-3,0.031319914032092847,2.9599093518651074
mono-00000176,1810.0,0.8148940456831184,-2,0.1193250137729957,2.4620499162268032
mono-00000176,1810.0,0.8148940456831184,-1,0.16672264379658955,1.8337628369069847
mono-00000176,1810.0,0.8148940456831184,0,0.37161317964984275,0.8148940456834168
mono-00000176,1810.0,0.8148940456831184,1,0.0,0.0
mono-00000176,1810.0,0.8148940456831184,2,0.0,0.0
mono-00000176,1810.0,0.8148940456831184,3,0.0,0.0
mono-00000176,1810.0,0.8148940456831184,4,0.0,0.0
mono-00000176,1810.0,0.8148940456831184,5,0.0,0.0
mono-00000176,1810.0,0.8148940456831184,6,0.0,0.0
mono-00000176,1810.0,0.8148940456831184,7,0.0,0.0
mono-00000176,1810.0,0.8148940456831184,8,0.0,0.0
mono-00000176,1810.0,0.8148940456831184,9,0.0,0.0
mono-00000176,1810.0,0.8148940456831184,10,0.0,0.0
mono-00000176,1810.0,0.8148940456831184,11,0.0,0.0
mono-00000176,1810.0,0.8148940456831184,12,0.0,0.0
mono-00000176,1810.0,0.8148940456831184,13,0.0,0.0
mono-00000176,1810.0,0.8148940456831184,14,0.0,0.0
mono-00000176,1810.0,0.8148940456831184,15,0.0,0.0
mono-00000182,1870.0,0.8017173749991855,-15,4.977246275895452e-06,6.313457869498848
mono-00000182,1870.0,0.8017173749991855,-14,6.4931282394116514e-06,6.102692170806591
mono-00000182,1870.0,0.8017173749991855,-13,6.867632674238055e-06,5.884411702824039
mono-00000182,1870.0,0.8017173749991855,-12,1.3089978008792727e-05,5.657746744868561
mono-00000182,1870.0,0.8017173749991855,-11,2.256279360150127e-05,5.421645787296299
mono-00000182,1870.0,0.8017173749991855,-10,2.482086512220031e-05,5.174817428563344
mono-00000182,1870.0,0.8017173749991855,-9,3.724435617238937e-05,4.915645964308354
mono-00000182,1870.0,0.8017173749991855,-8,0.00010498746865243505,4.642064456092285
mono-00000182,1870.0,0.8017173749991855,-7,0.00014105725136697562,4.351355744195359
mono-00000182,1870.0,0.8017173749991855,-6,0.0002670151892480371,4.0398240468923206
mono-00000182,1870.0,0.8017173749991855,-5,0.0011843925878178637,3.702216478793048
mono-00000182,1870.0,0.8017173749991855,-4,0.0011223597389967612,3.3306128985512657
mono-00000182,1870.0,0.8017173749991855,-3,0.03197992754530119,2.9120275568441514
mono-00000182,1870.0,0.8017173749991855,-2,0.1098679211804587,2.42222488239463
mono-00000182,1870.0,0.8017173749991855,-1,0.1554844774734819,1.804103333195613
mono-00000182,1870.0,0.8017173749991855,0,0.38755675304890647,0.8017173749991287
mono-00000182,1870.0,0.8017173749991855,1,0.0,0.0
mono-00000182,1870.0,0.8017173749991855,2,0.0,0.0
mono-00000182,1870.0,0.8017173749991855,3,0.0,0.0
mono-00000182,1870.0,0.8017173749991855,4,0.0,0.0
mono-00000182,1870.0,0.8017173749991855,5,0.0,0.0
mono-00000182,1870.0,0.8017173749991855,6,0.0,0.0
mono-00000182,1870.0,0.8017173749991855,7,0.0,0.0
mono-00000182,1870.0,0.8017173749991855,8,0.0,0.0
mono-00000182,1870.0,0.8017173749991855,9,0.0,0.0
mono-00000182,1870.0,0.8017173749991855,10,0.0,0.0
mono-00000182,1870.0,0.8017173749991855,11,0.0,0.0
mono-00000182,1870.0,0.8017173749991855,12,0.0,0.0
mono-00000182,1870.0,0.8017173749991855,13,0.0,0.0
mono-00000182,1870.0,0.8017173749991855,14,0.0,0.0
mono-00000182,1870.0,0.8017173749991855,15,0.0,0.0
mono-00000179,1840.0,0.8082251631986139,-15,4.988016737566111e-06,6.364770536664693
mono-00000179,1840.0,0.8082251631986139,-14,6.1257730438002196e-06,6.152288484695234
mono-00000179,1840.0,0.8082251631986139,-13,7.419840963277755e-06,5.932230825918268
mono-00000179,1840.0,0.8082251631986139,-12,1.3183544550721068e-05,5.703720784457701
mono-00000179,1840.0,0.8082251631986139,-11,2.239311720155489e-05,5.46569832022351
mono-00000179,1840.0,0.8082251631986139,-10,2.5208485520486198e-05,5.216861554372613
mono-00000179,1840.0,0.8082251631986139,-9,3.849328129027192e-05,4.9555816732356135
mono-00000179,1840.0,0.8082251631986139,-8,0.00010346692650953431,4.6797749667334045
mono-00000179,1840.0,0.8082251631986139,-7,0.00013294612400707083,4.386702225903136
mono-00000179,1840.0,0.8082251631986139,-6,0.00027366852415329485,4.072637676295841
mono-00000179,1840.0,0.8082251631986139,-5,0.0011882345316992832,3.732285800162117
mono-00000179,1840.0,0.8082251631986139,-4,0.0010663097807293571,3.3576621714858703
mono-00000179,1840.0,0.8082251631986139,-3,0.03177089782725086,2.935675632220949
mono-00000179,1840.0,0.8082251631986139,-2,0.11501333822931559,2.4418938669685417
mono-00000179,1840.0,0.8082251631986139,-1,0.1612416989836404,1.8187517317495434
mono-00000179,1840.0,0.8082251631986139,0,0.3795781180498939,0.8082251631984576
mono-00000179,1840.0,0.8082251631986139,1,0.0,0.0
mono-00000179,1840.0,0.8082251631986139,2,0.0,0.0
mono-00000179,1840.0,0.8082251631986139,3,0.0,0.0
mono-00000179,1840.0,0.8082251631986139,4,0.0,0.0
mono-00000179,1840.0,0.8082251631986139,5,0.0,0.0
mono-00000179,1840.0,0.8082251631986139,6,0.0,0.0
mono-00000179,1840.0,0.8082251631986139,7,0.0,0.0
mono-00000179,1840.0,0.8082251631986139,8,0.0,0.0
mono-00000179,1840.0,0.8082251631986139,9,0.0,0.0
mono-00000179,1840.0,0.8082251631986139,10,0.0,0.0
mono-00000179,1840.0,0.8082251631986139,11,0.0,0.0
mono-00000179,1840.0,0.8082251631986139,12,0.0,0.0
mono-00000179,1840.0,0.8082251631986139,13,0.0,0.0
mono-00000179,1840.0,0.8082251631986139,14,0.0,0.0
mono-00000179,1840.0,0.8082251631986139,15,0.0,0.0
mono-00000184,1890.0,0.7974651796606196,-15,4.987708436097856e-06,6.279930960290841
mono-00000184,1890.0,0.7974651796606196,-14,6.66907345305038e-06,6.070286656745992
mono-00000184,1890.0,0.7974651796606196,-13,6.635775080029782e-06,5.853167337335904
mono-00000184,1890.0,0.7974651796606196,-12,1.3029169995152952e-05,5.627707891307367
mono-00000184,1890.0,0.7974651796606196,-11,2.2412326624925496e-05,5.3928623828826545
mono-00000184,1890.0,0.7974651796606196,-10,2.4751558221374165e-05,5.147346256465568
mono-00000184,1890.0,0.7974651796606196,-9,3.695204511163374e-05,4.889552373404925
mono-00000184,1890.0,0.7974651796606196,-8,0.00010534705417549145,4.617424753950033
mono-00000184,1890.0,0.7974651796606196,-7,0.00014553243011107916,4.328260645466045
mono-00000184,1890.0,0.7974651796606196,-6,0.00026249909720354087,4.018383863594494
mono-00000184,1890.0,0.7974651796606196,-5,0.0011766640562484298,3.6825693790611638
mono-00000184,1890.0,0.7974651796606196,-4,0.0011562965851172307,3.3129390542585355
mono-00000184,1890.0,0.7974651796606196,-3,0.032048463934306194,2.896576014036455
mono-00000184,1890.0,0.7974651796606196,-2,0.10641414527088444,2.4093732397086143
mono-00000184,1890.0,0.7974651796606196,-1,0.15184072826326953,1.7945321060745556
mono-00000184,1890.0,0.7974651796606196,0,0.3923105412524386,0.7974651796605485
mono-00000184,1890.0,0.7974651796606196,1,0.0,0.0
mono-00000184,1890.0,0.7974651796606196,2,0.0,0.0
mono-00000184,1890.0,0.7974651796606196,3,0.0,0.0
mono-00000184,1890.0,0.7974651796606196,4,0.0,0.0
mono-00000184,1890.0,0.7974651796606196,5,0.0,0.0
mono-00000184,1890.0,0.7974651796606196,6,0.0,0.0
mono-00000184,1890.0,0.7974651796606196,7,0.0,0.0
mono-00000184,1890.0,0.7974651796606196,8,0.0,0.0
mono-00000184,1890.0,0.7974651796606196,9,0.0,0.0
mono-00000184,1890.0,0.7974651796606196,10,0.0,0.0
mono-00000184,1890.0,0.7974651796606196,11,0.0,0.0
mono-00000184,1890.0,0.7974651796606196,12,0.0,0.0
mono-00000184,1890.0,0.7974651796606196,13,0.0,0.0
mono-00000184,1890.0,0.7974651796606196,14,0.0,0.0
mono-00000184,1890.0,0.7974651796606196,15,0.0,0.0
mono-00000180,1850.0,0.806038323759168,-15,4.979192506788708e-06,6.347527551406785
mono-00000180,1850.0,0.806038323759168,-14,6.261411046694723e-06,6.135622267731094
mono-00000180,1850.0,0.806038323759168,-13,7.2122708717606105e-06,5.916161820293098
mono-00000180,1850.0,0.806038323759168,-12,1.3151649083854427e-05,5.688271803990844
mono-00000180,1850.0,0.806038323759168,-11,2.2521720949491834e-05,5.450895045242632
mono-00000180,1850.0,0.806038323759168,-10,2.5031010224059122e-05,5.202733185922
mono-00000180,1850.0,0.806038323759168,-9,3.797891863291624e-05,4.9421618175196045
mono-00000180,1850.0,0.806038323759168,-8,0.00010412778232823029,4.6671028657844005
mono-00000180,1850.0,0.806038323759168,-7,0.00013590282159342432,4.374824531035145
mono-00000180,1850.0,0.806038323759168,-6,0.0002714194493251867,4.061611117385183
mono-00000180,1850.0,0.806038323759168,-5,0.0011883167648024896,3.722181432997587
mono-00000180,1850.0,0.806038323759168,-4,0.0010855847661783787,3.348572653689388
mono-00000180,1850.0,0.806038323759168,-3,0.031867636383438876,2.9277290423495828
mono-00000180,1850.0,0.806038323759168,-2,0.1133584264853107,2.435284396379018
mono-00000180,1850.0,0.806038323759168,-1,0.15932970479222336,1.8138293581649236
mono-00000180,1850.0,0.806038323759168,0,0.38214077279595987,0.8060383237598074
mono-00000180,1850.0,0.806038323759168,1,0.0,0.0
mono-00000180,1850.0,0.806038323759168,2,0.0,0.0
mono-00000180,1850.0,0.806038323759168,3,0.0,0.0
mono-00000180,1850.0,0.806038323759168,4,0.0,0.0
mono-00000180,1850.0,0.806038323759168,5,0.0,0.0
mono-00000180,1850.0,0.806038323759168,6,0.0,0.0
mono-00000180,1850.0,0.806038323759168,7,0.0,0.0
mono-00000180,1850.0,0.806038323759168,8,0.0,0.0
mono-00000180,1850.0,0.806038323759168,9,0.0,0.0
mono-00000180,1850.0,0.806038323759168,10,0.0,0.0
mono-00000180,1850.0,0.806038323759168,11,0.0,0.0
mono-00000180,1850.0,0.806038323759168,12,0.0,0.0
mono-00000180,1850.0,0.806038323759168,13,0.0,0.0
mono-00000180,1850.0,0.806038323759168,14,0.0,0.0
mono-00000180,1850.0,0.806038323759168,15,0.0,0.0
mono-00000183,1880.0,0.7995827974868774,-15,4.9798079654608555e-06,6.296627472037613
mono-00000183,1880.0,0.7995827974868774,-14,6.593628055206513e-06,6.086424714303774
mono-00000183,1880.0,0.7995827974868774,-13,6.733935756616844e-06,5.868727143059914
mono-00000183,1880.0,0.7995827974868774,-12,1.3065804709366077e-05,5.6426673517753585
mono-00000183,1880.0,0.7995827974868774,-11,2.251569553762831e-05,5.40719662884878
mono-00000183,1880.0,0.7995827974868774,-10,2.4772696753537318e-05,5.161027009355564
mono-00000183,1880.0,0.7995827974868774,-9,3.7023139740569296e-05,4.902547088863898
mono-00000183,1880.0,0.7995827974868774,-8,0.00010527516592379502,4.629695430125125
mono-00000183,1880.0,0.7995827974868774,-7,0.00014340361674118534,4.339762105684315
mono-00000183,1880.0,0.7995827974868774,-6,0.0002648549336803147,4.029061171572067
mono-00000183,1880.0,0.7995827974868774,-5,0.001181438508573071,3.692353725999027
mono-00000183,1880.0,0.7995827974868774,-4,0.0011398659869328801,3.3217407132462
mono-00000183,1880.0,0.7995827974868774,-3,0.032027104269296974,2.9042709584270057
mono-00000183,1880.0,0.7995827974868774,-2,0.10817090781285094,2.415773422944241
mono-00000183,1880.0,0.7995827974868774,-1,0.15365899116739964,1.7992986273957712
mono-00000183,1880.0,0.7995827974868774,0,0.38989399808184566,0.7995827974862522
mono-00000183,1880.0,0.7995827974868774,1,0.0,0.0
mono-00000183,1880.0,0.7995827974868774,2,0.0,0.0
mono-00000183,1880.0,0.7995827974868774,3,0.0,0.0
mono-00000183,1880.0,0.7995827974868774,4,0.0,0.0
mono-00000183,1880.0,0.7995827974868774,5,0.0,0.0
mono-00000183,1880.0,0.7995827974868774,6,0.0,0.0
mono-00000183,1880.0,0.7995827974868774,7,0.0,0.0
mono-00000183,1880.0,0.7995827974868774,8,0.0,0.0
mono-00000183,1880.0,0.7995827974868774,9,0.0,0.0
mono-00000183,1880.0,0.7995827974868774,10,0.0,0.0
mono-00000183,1880.0,0.7995827974868774,11,0.0,0.0
mono-00000183,1880.0,0.7995827974868774,12,0.0,0.0
mono-00000183,1880.0,0.7995827974868774,13,0.0,0.0
mono-00000183,1880.0,0.7995827974868774,14,0.0,0.0
mono-00000183,1880.0,0.7995827974868774,15,0.0,0.0
mono-00000181,1860.0,0.8038691397918285,-15,4.985249548635168e-06,6.330423951629186
mono-00000181,1860.0,0.8038691397918285,-14,6.369082468369193e-06,6.119090764805691
mono-00000181,1860.0,0.8038691397918285,-13,7.038330563025822e-06,5.900222692659867
mono-00000181,1860.0,0.8038691397918285,-12,1.311703062555484e-05,5.672947681735664
mono-00000181,1860.0,0.8038691397918285,-11,2.2571563050332112e-05,5.4362114018304055
mono-00000181,1860.0,0.8038691397918285,-10,2.490042983850404e-05,5.188718987123892
mono-00000181,1860.0,0.8038691397918285,-9,3.7648056964022945e-05,4.9288503987176995
mono-00000181,1860.0,0.8038691397918285,-8,0.00010457174353368109,4.654533152704502
mono-00000181,1860.0,0.8038691397918285,-7,0.00013858151102058114,4.363042798884209
mono-00000181,1860.0,0.8038691397918285,-6,0.00026887920434160725,4.0506736385817135
mono-00000181,1860.0,0.8038691397918285,-5,0.0011865874850995966,3.7121586902308223
mono-00000181,1860.0,0.8038691397918285,-4,0.0011033893483156304,3.339556557093786
mono-00000181,1860.0,0.8038691397918285,-3,0.03193821330179993,2.91984663702506
mono-00000181,1860.0,0.8038691397918285,-2,0.11163656421188314,2.428728306417568
mono-00000181,1860.0,0.8038691397918285,-1,0.15740750959917235,1.8089467360361624
mono-00000181,1860.0,0.8038691397918285,0,0.38481545719030097,0.8038691397919706
mono-00000181,1860.0,0.8038691397918285,1,0.0,0.0
mono-00000181,1860.0,0.8038691397918285,2,0.0,0.0
mono-00000181,1860.0,0.8038691397918285,3,0.0,0.0
mono-00000181,1860.0,0.8038691397918285,4,0.0,0.0
mono-00000181,1860.0,0.8038691397918285,5,0.0,0.0
mono-00000181,1860.0,0.8038691397918285,6,0.0,0.0
mono-00000181,1860.0,0.8038691397918285,7,0.0,0.0
mono-00000181,1860.0,0.8038691397918285,8,0.0,0.0
mono-00000181,1860.0,0.8038691397918285,9,0.0,0.0
mono-00000181,1860.0,0.8038691397918285,10,0.0,0.0
mono-00000181,1860.0,0.8038691397918285,11,0.0,0.0
mono-00000181,1860.0,0.8038691397918285,12,0.0,0.0
mono-00000181,1860.0,0.8038691397918285,13,0.0,0.0
mono-00000181,1860.0,0.8038691397918285,14,0.0,0.0
mono-00000181,1860.0,0.8038691397918285,15,0.0,0.0
mono-00000189,1940.0,0.7871238083335328,-15,5.056476385752024e-06,6.19839600563904
mono-00000189,1940.0,0.7871238083335328,-14,6.723132039948587e-06,5.991478708859901
mono-00000189,1940.0,0.7871238083335328,-13,6.740112276798871e-06,5.7771830838083105
mono-00000189,1940.0,0.7871238083335328,-12,1.2564967905023878e-05,5.554655231308118
mono-00000189,1940.0,0.7871238083335328,-11,2.1384194222965582e-05,5.322862771476153
mono-00000189,1940.0,0.7871238083335328,-10,2.532607500996083e-05,5.080537798340117
mono-00000189,1940.0,0.7871238083335328,-9,3.840167075667495e-05,4.826094005368731
mono-00000189,1940.0,0.7871238083335328,-8,0.00010264932927899572,4.557502064691022
mono-00000189,1940.0,0.7871238083335328,-7,0.00015382170433211957,4.272094262098037
mono-00000189,1940.0,0.7871238083335328,-6,0.00024849148880492675,3.96624207447465
mono-00000189,1940.0,0.7871238083335328,-5,0.0011352294069674825,3.6347882191231946
mono-00000189,1940.0,0.7871238083335328,-4,0.0012343772692939225,3.2699567120821342
mono-00000189,1940.0,0.7871238083335328,-3,0.03198087520249828,2.858998180734133
mono-00000189,1940.0,0.7871238083335328,-2,0.09746440610240445,2.3781182465628916
mono-00000189,1940.0,0.7871238083335328,-1,0.14353685869892954,1.771254976460071
mono-00000189,1940.0,0.7871238083335328,0,0.40630847481730037,0.7871238083335044
mono-00000189,1940.0,0.7871238083335328,1,0.0,0.0
mono-00000189,1940.0,0.7871238083335328,2,0.0,0.0
mono-00000189,1940.0,0.7871238083335328,3,0.0,0.0
mono-00000189,1940.0,0.7871238083335328,4,0.0,0.0
mono-00000189,1940.0,0.7871238083335328,5,0.0,0.0
mono-00000189,1940.0,0.7871238083335328,6,0.0,0.0
mono-00000189,1940.0,0.7871238083335328,7,0.0,0.0
mono-00000189,1940.0,0.7871238083335328,8,0.0,0.0
mono-00000189,1940.0,0.7871238083335328,9,0.0,0.0
mono-00000189,1940.0,0.7871238083335328,10,0.0,0.0
mono-00000189,1940.0,0.7871238083335328,11,0.0,0.0
mono-00000189,1940.0,0.7871238083335328,12,0.0,0.0
mono-00000189,1940.0,0.7871238083335328,13,0.0,0.0
mono-00000189,1940.0,0.7871238083335328,14,0.0,0.0
mono-00000189,1940.0,0.7871238083335328,15,0.0,0.0
mono-00000185,1900.0,0.7953642981224931,-15,4.997874530917386e-06,6.26336656851899
mono-00000185,1900.0,0.7953642981224931,-14,6.72161057646633e-06,6.054276291679884
mono-00000185,1900.0,0.7953642981224931,-13,6.573950088267312e-06,5.837730640562313
mono-00000185,1900.0,0.7953642981224931,-12,1.2977568079834072e-05,5.612866782057495
mono-00000185,1900.0,0.7953642981224931,-11,2.226228770371146e-05,5.37864153428572
mono-00000185,1900.0,0.7953642981224931,-10,2.4757548338133356e-05,5.133773724047032
mono-00000185,1900.0,0.7953642981224931,-9,3.7015692123592377e-05,4.87666044477173
mono-00000185,1900.0,0.7953642981224931,-8,0.00010520947881908452,4.605251131090185
mono-00000185,1900.0,0.7953642981224931,-7,0.00014747346930429322,4.316850148499313
mono-00000185,1900.0,0.7953642981224931,-6,0.00026000066248408027,4.00779099513548
mono-00000185,1900.0,0.7953642981224931,-5,0.0011702192665517105,3.6728624046171063
mono-00000185,1900.0,0.7953642981224931,-4,0.0011719248736249738,3.3042069921390578
mono-00000185,1900.0,0.7953642981224931,-3,0.032047749342183636,2.8889419112055634
mono-00000185,1900.0,0.7953642981224931,-2,0.10461062675513065,2.403023657027589
mono-00000185,1900.0,0.7953642981224931,-1,0.15004472998690466,1.7898032661234282
mono-00000185,1900.0,0.7953642981224931,0,0.39481397512564115,0.7953642981229052
mono-00000185,1900.0,0.7953642981224931,1,0.0,0.0
mono-00000185,1900.0,0.7953642981224931,2,0.0,0.0
mono-00000185,1900.0,0.7953642981224931,3,0.0,0.0
mono-00000185,1900.0,0.7953642981224931,4,0.0,0.0
mono-00000185,1900.0,0.7953642981224931,5,0.0,0.0
mono-00000185,1900.0,0.7953642981224931,6,0.0,0.0
mono-00000185,1900.0,0.7953642981224931,7,0.0,0.0
mono-00000185,1900.0,0.7953642981224931,8,0.0,0.0
mono-00000185,1900.0,0.7953642981224931,9,0.0,0.0
mono-00000185,1900.0,0.7953642981224931,10,0.0,0.0
mono-00000185,1900.0,0.7953642981224931,11,0.0,0.0
mono-00000185,1900.0,0.7953642981224931,12,0.0,0.0
mono-00000185,1900.0,0.7953642981224931,13,0.0,0.0
mono-00000185,1900.0,0.7953642981224931,14,0.0,0.0
mono-00000185,1900.0,0.7953642981224931,15,0.0,0.0
mono-00000187,1920.0,0.7912118707147329,-15,5.03471114264442e-06,6.230627243336926
mono-00000187,1920.0,0.7912118707147329,-14,6.76926279831368e-06,6.022631969174
mono-00000187,1920.0,0.7912118707147329,-13,6.580523203825383e-06,5.807220143853414
mono-00000187,1920.0,0.7912118707147329,-12,1.2830708632026858e-05,5.583533436101604
mono-00000187,1920.0,0.7912118707147329,-11,2.189579123301173e-05,5.350534107199948
mono-00000187,1920.0,0.7912118707147329,-10,2.4960678420618123e-05,5.106947669350959
mono-00000187,1920.0,0.7912118707147329,-9,3.753718002366601e-05,4.851179580806374
mono-00000187,1920.0,0.7912118707147329,-8,0.00010445980779109406,4.58118997785715
mono-00000187,1920.0,0.7912118707147329,-7,0.00015115992171253642,4.294297295155786
mono-00000187,1920.0,0.7912118707147329,-6,0.0002548056012770006,3.986854168501935
mono-00000187,1920.0,0.7912118707147329,-5,0.0011559580884404489,3.6536765341519555
mono-00000187,1920.0,0.7912118707147329,-4,0.0012052271808869718,3.2869480256004096
mono-00000187,1920.0,0.7912118707147329,-3,0.03207543632207945,2.873853054558495
mono-00000187,1920.0,0.7912118707147329,-2,0.10117007141901169,2.39047365239351
mono-00000187,1920.0,0.7912118707147329,-1,0.1467595385974557,1.7804566638404538
mono-00000187,1920.0,0.7912118707147329,0,0.40035527103994106,0.7912118707145197
mono-00000187,1920.0,0.7912118707147329,1,0.0,0.0
mono-00000187,1920.0,0.7912118707147329,2,0.0,0.0
mono-00000187,1920.0,0.7912118707147329,3,0.0,0.0
mono-00000187,1920.0,0.7912118707147329,4,0.0,0.0
mono-00000187,1920.0,0.7912118707147329,5,0.0,0.0
mono-00000187,1920.0,0.7912118707147329,6,0.0,0.0
mono-00000187,1920.0,0.7912118707147329,7,0.0,0.0
mono-00000187,1920.0,0.7912118707147329,8,0.0,0.0
mono-00000187,1920.0,0.7912118707147329,9,0.0,0.0
mono-00000187,1920.0,0.7912118707147329,10,0.0,0.0
mono-00000187,1920.0,0.7912118707147329,11,0.0,0.0
mono-00000187,1920.0,0.7912118707147329,12,0.0,0.0
mono-00000187,1920.0,0.7912118707147329,13,0.0,0.0
mono-00000187,1920.0,0.7912118707147329,14,0.0,0.0
mono-00000187,1920.0,0.7912118707147329,15,0.0,0.0
mono-00000186,1910.0,0.7932799335730607,-15,5.016604101025621e-06,6.246932563413907
mono-00000186,1910.0,0.7932799335730607,-14,6.757828308798603e-06,6.038391943992096
mono-00000186,1910.0,0.7932799335730607,-13,6.5572082982994015e-06,5.822415437860343
mono-00000186,1910.0,0.7932799335730607,-12,1.2917312200284363e-05,5.598142471658605
mono-00000186,1910.0,0.7932799335730607,-11,2.2099548504951694e-05,5.36453259576615
mono-00000186,1910.0,0.7932799335730607,-10,2.4838057573844192e-05,5.120307992800647
mono-00000186,1910.0,0.7932799335730607,-9,3.722320618655361e-05,4.86386995501546
mono-00000186,1910.0,0.7932799335730607,-8,0.00010496116170203669,4.5931732888700765
mono-00000186,1910.0,0.7932799335730607,-7,0.00014943590312975984,4.30552942204757
mono-00000186,1910.0,0.7932799335730607,-6,0.0002575315814033547,3.9972814590729513
mono-00000186,1910.0,0.7932799335730607,-5,0.0011638901966138666,3.663231788271588
mono-00000186,1910.0,0.7932799335730607,-4,0.0011890586509679523,3.2955436144969497
mono-00000186,1910.0,0.7932799335730607,-3,0.03207497403986285,2.881367852377963
mono-00000186,1910.0,0.7932799335730607,-2,0.10291894495802315,2.3967240116399893
mono-00000186,1910.0,0.7932799335730607,-1,0.14839406207654612,1.785111613665478
mono-00000186,1910.0,0.7932799335730607,0,0.39753924748762165,0.7932799335725917
mono-00000186,1910.0,0.7932799335730607,1,0.0,0.0
mono-00000186,1910.0,0.7932799335730607,2,0.0,0.0
mono-00000186,1910.0,0.7932799335730607,3,0.0,0.0
mono-00000186,1910.0,0.7932799335730607,4,0.0,0.0
mono-00000186,1910.0,0.7932799335730607,5,0.0,0.0
mono-00000186,1910.0,0.7932799335730607,6,0.0,0.0
mono-00000186,1910.0,0.7932799335730607,7,0.0,0.0
mono-00000186,1910.0,0.7932799335730607,8,0.0,0.0
mono-00000186,1910.0,0.7932799335730607,9,0.0,0.0
mono-00000186,1910.0,0.7932799335730607,10,0.0,0.0
mono-00000186,1910.0,0.7932799335730607,11,0.0,0.0
mono-00000186,1910.0,0.7932799335730607,12,0.0,0.0
mono-00000186,1910.0,0.7932799335730607,13,0.0,0.0
mono-00000186,1910.0,0.7932799335730607,14,0.0,0.0
mono-00000186,1910.0,0.7932799335730607,15,0.0,0.0
mono-00000188,1930.0,0.7891598981587009,-15,5.049227679263371e-06,6.214448937578453
mono-00000188,1930.0,0.7891598981587009,-14,6.757738759642309e-06,6.006994752605337
mono-00000188,1930.0,0.7891598981587009,-13,6.642371253424316e-06,5.792143201976785
mono-00000188,1930.0,0.7891598981587009,-12,1.2715155070074378e-05,5.5690381790723364
mono-00000188,1930.0,0.7891598981587009,-11,2.165806446835352e-05,5.336644634995324
mono-00000188,1930.0,0.7891598981587009,-10,2.5124097518660582e-05,5.09369138564017
mono-00000188,1930.0,0.7891598981587009,-9,3.793851118171818e-05,4.838588022858005
mono-00000188,1930.0,0.7891598981587009,-8,0.00010370147417471177,4.5692999713179745
mono-00000188,1930.0,0.7891598981587009,-7,0.00015264654688406176,4.283152618140946
mono-00000188,1930.0,0.7891598981587009,-6,0.0002518150662925032,3.97650805626121
mono-00000188,1930.0,0.7891598981587009,-5,0.0011464897645648443,3.6441956644741964
mono-00000188,1930.0,0.7891598981587009,-4,0.0012204776687306422,3.2784193459861086
mono-00000188,1930.0,0.7891598981587009,-3,0.03204843376365109,2.866396748972221
mono-00000188,1930.0,0.7891598981587009,-2,0.09936481655253963,2.3842719399602004
mono-00000188,1930.0,0.7891598981587009,-1,0.14514687348914157,1.775837940590975
mono-00000188,1930.0,0.7891598981587009,0,0.4032592406861315,0.7891598981588857
mono-00000188,1930.0,0.7891598981587009,1,0.0,0.0
mono-00000188,1930.0,0.7891598981587009,2,0.0,0.0
mono-00000188,1930.0,0.7891598981587009,3,0.0,0.0
mono-00000188,1930.0,0.7891598981587009,4,0.0,0.0
mono-00000188,1930.0,0.7891598981587009,5,0.0,0.0
mono-00000188,1930.0,0.7891598981587009,6,0.0,0.0
mono-00000188,1930.0,0.7891598981587009,7,0.0,0.0
mono-00000188,1930.0,0.7891598981587009,8,0.0,0.0
mono-00000188,1930.0,0.7891598981587009,9,0.0,0.0
mono-00000188,1930.0,0.7891598981587009,10,0.0,0.0
mono-00000188,1930.0,0.7891598981587009,11,0.0,0.0
mono-00000188,1930.0,0.7891598981587009,12,0.0,0.0
mono-00000188,1930.0,0.7891598981587009,13,0.0,0.0
mono-00000188,1930.0,0.7891598981587009,14,0.0,0.0
mono-00000188,1930.0,0.7891598981587009,15,0.0,0.0
mono-00000190,1950.0,0.7851033973979042,-15,5.055235765061959e-06,6.1824668365307645
mono-00000190,1950.0,0.7851033973979042,-14,6.669963467596065e-06,5.976082281030713
mono-00000190,1950.0,0.7851033973979042,-13,6.8703477055195665e-06,5.762338288417837
mono-00000190,1950.0,0.7851033973979042,-12,1.2382174906879081e-05,5.540383149972357
mono-00000190,1950.0,0.7851033973979042,-11,2.108787625359991e-05,5.309187134283292
mono-00000190,1950.0,0.7851033973979042,-10,2.557322669905991e-05,5.067485588280448
mono-00000190,1950.0,0.7851033973979042,-9,3.890033346626161e-05,4.81369627547916
mono-00000190,1950.0,0.7851033973979042,-8,0.00010133326783615365,4.545795075074466
mono-00000190,1950.0,0.7851033973979042,-7,0.00015472396051184696,4.261121118420107
mono-00000190,1950.0,0.7851033973979042,-6,0.0002448416857798809,3.956055194106412
mono-00000190,1950.0,0.7851033973979042,-5,0.0011227462892475313,3.625453255245006
mono-00000190,1950.0,0.7851033973979042,-4,0.0012474011196171367,3.261559275841023
mono-00000190,1950.0,0.7851033973979042,-3,0.03188250879442227,2.851656608529339
mono-00000190,1950.0,0.7851033973979042,-2,0.09551071231935482,2.372011955708416
mono-00000190,1950.0,0.7851033973979042,-1,0.14196282506428107,1.7667073123931658
mono-00000190,1950.0,0.7851033973979042,0,0.4094387323615305,0.7851033973981458
mono-00000190,1950.0,0.7851033973979042,1,0.0,0.0
mono-00000190,1950.0,0.7851033973979042,2,0.0,0.0
mono-00000190,1950.0,0.7851033973979042,3,0.0,0.0
mono-00000190,1950.0,0.7851033973979042,4,0.0,0.0
mono-00000190,1950.0,0.7851033973979042,5,0.0,0.0
mono-00000190,1950.0,0.7851033973979042,6,0.0,0.0
mono-00000190,1950.0,0.7851033973979042,7,0.0,0.0
mono-00000190,1950.0,0.7851033973979042,8,0.0,0.0
mono-00000190,1950.0,0.7851033973979042,9,0.0,0.0
mono-00000190,1950.0,0.7851033973979042,10,0.0,0.0
mono-00000190,1950.0,0.7851033973979042,11,0.0,0.0
mono-00000190,1950.0,0.7851033973979042,12,0.0,0.0
mono-00000190,1950.0,0.7851033973979042,13,0.0,0.0
mono-00000190,1950.0,0.7851033973979042,14,0.0,0.0
mono-00000190,1950.0,0.7851033973979042,15,0.0,0.0
mono-00000191,1960.0,0.7830984651548931,-15,5.043126875415372e-06,6.166659848098149
mono-00000191,1960.0,0.7830984651548931,-14,6.601551300754271e-06,5.960803940073205
mono-00000191,1960.0,0.7830984651548931,-13,7.027751500650798e-06,5.747607341734181
mono-00000191,1960.0,0.7830984651548931,-12,1.2167680899478628e-05,5.526220518046344
mono-00000191,1960.0,0.7830984651548931,-11,2.077593051297411e-05,5.295616365791545
mono-00000191,1960.0,0.7830984651548931,-10,2.5861196154102037e-05,5.054533459892909
mono-00000191,1960.0,0.7830984651548931,-9,3.940917149054939e-05,4.801393602744014
mono-00000191,1960.0,0.7830984651548931,-8,9.976297840981009e-05,4.534177840727807
mono-00000191,1960.0,0.7830984651548931,-7,0.00015535515670095257,4.250232098330926
mono-00000191,1960.0,0.7830984651548931,-6,0.0002408651313646829,3.9459464045263815
mono-00000191,1960.0,0.7830984651548931,-5,0.001109202823048218,3.6161898468491813
mono-00000191,1960.0,0.7830984651548931,-4,0.001259685908061373,3.2532262043818747
mono-00000191,1960.0,0.7830984651548931,-3,0.03175260808205516,2.8443713042996848
mono-00000191,1960.0,0.7830984651548931,-2,0.0935063894374808,2.3659524619278187
mono-00000191,1960.0,0.7830984651548931,-1,0.140432554209851,1.7621944975428931
mono-00000191,1960.0,0.7830984651548931,0,0.4126438897791421,0.7830984651554047
mono-00000191,1960.0,0.7830984651548931,1,0.0,0.0
mono-00000191,1960.0,0.7830984651548931,2,0.0,0.0
mono-00000191,1960.0,0.7830984651548931,3,0.0,0.0
mono-00000191,1960.0,0.7830984651548931,4,0.0,0.0
mono-00000191,1960.0,0.7830984651548931,5,0.0,0.0
mono-00000191,1960.0,0.7830984651548931,6,0.0,0.0
mono-00000191,1960.0,0.7830984651548931,7,0.0,0.0
mono-00000191,1960.0,0.7830984651548931,8,0.0,0.0
mono-00000191,1960.0,0.7830984651548931,9,0.0,0.0
mono-00000191,1960.0,0.7830984651548931,10,0.0,0.0
mono-00000191,1960.0,0.7830984651548931,11,0.0,0.0
mono-00000191,1960.0,0.7830984651548931,12,0.0,0.0
mono-00000191,1960.0,0.7830984651548931,13,0.0,0.0
mono-00000191,1960.0,0.7830984651548931,14,0.0,0.0
mono-00000191,1960.0,0.7830984651548931,15,0.0,0.0
mono-00000193,1980.0,0.779134253673476,-15,4.9738479532291134e-06,6.135406224856467
mono-00000193,1980.0,0.779134253673476,-14,6.425012135606656e-06,5.930595538098601
mono-00000193,1980.0,0.779134253673476,-13,7.383670749909545e-06,5.718481228825809
mono-00000193,1980.0,0.779134253673476,-12,1.1643538655813698e-05,5.498218059907899
mono-00000193,1980.0,0.779134253673476,-11,2.0115537715851002e-05,5.26878412469992
mono-00000193,1980.0,0.779134253673476,-10,2.650943657484986e-05,5.028924380643929
mono-00000193,1980.0,0.779134253673476,-9,4.02494427378273e-05,4.777068615961767
mono-00000193,1980.0,0.779134253673476,-8,9.58454988000738e-05,4.511208093794821
mono-00000193,1980.0,0.779134253673476,-7,0.0001555740117434883,4.228702170257279
mono-00000193,1980.0,0.779134253673476,-6,0.00023141671278343413,3.9259591447272015
mono-00000193,1980.0,0.779134253673476,-5,0.0010793881868755998,3.5978740745557616
mono-00000193,1980.0,0.779134253673476,-4,0.0012803575640647957,3.2367498980478615
mono-00000193,1980.0,0.779134253673476,-3,0.03135317127286542,2.82996665200659
mono-00000193,1980.0,0.779134253673476,-2,0.08934546210873182,2.3539714973240677
mono-00000193,1980.0,0.779134253673476,-1,0.13748304304818076,1.7532716520214393
mono-00000193,1980.0,0.779134253673476,0,0.41820700200150385,0.7791342536733765
mono-00000193,1980.0,0.779134253673476,1,0.0,0.0
mono-00000193,1980.0,0.779134253673476,2,0.0,0.0
mono-00000193,1980.0,0.779134253673476,3,0.0,0.0
mono-00000193,1980.0,0.779134253673476,4,0.0,0.0
mono-00000193,1980.0,0.779134253673476,5,0.0,0.0
mono-00000193,1980.0,0.779134253673476,6,0.0,0.0
mono-00000193,1980.0,0.779134253673476,7,0.0,0.0
mono-00000193,1980.0,0.779134253673476,8,0.0,0.0
mono-00000193,1980.0,0.779134253673476,9,0.0,0.0
mono-00000193,1980.0,0.779134253673476,10,0.0,0.0
mono-00000193,1980.0,0.779134253673476,11,0.0,0.0
mono-00000193,1980.0,0.779134253673476,12,0.0,0.0
mono-00000193,1980.0,0.779134253673476,13,0.0,0.0
mono-00000193,1980.0,0.779134253673476,14,0.0,0.0
mono-00000193,1980.0,0.779134253673476,15,0.0,0.0
mono-00000192,1970.0,0.7811088149656342,-15,5.015817165600216e-06,6.150973486357529
mono-00000192,1970.0,0.7811088149656342,-14,6.517053132075004e-06,5.94564218416734
mono-00000192,1970.0,0.7811088149656342,-13,7.200315819438379e-06,5.732988795930112
mono-00000192,1970.0,0.7811088149656342,-12,1.191868979763365e-05,5.512165943737799
mono-00000192,1970.0,0.7811088149656342,-11,2.0448021105790782e-05,5.282149132543424
mono-00000192,1970.0,0.7811088149656342,-10,2.617119877025562e-05,5.041680140670465
mono-00000192,1970.0,0.7811088149656342,-9,3.9859471615169666e-05,4.789184778618576
mono-00000192,1970.0,0.7811088149656342,-8,9.791220981019906e-05,4.5226492205869135
mono-00000192,1970.0,0.7811088149656342,-7,0.0001556072843823846,4.23942613243085
mono-00000192,1970.0,0.7811088149656342,-6,0.00023630460611859854,3.9359147130894883
mono-00000192,1970.0,0.7811088149656342,-5,0.001094565530718219,3.606997084422602
mono-00000192,1970.0,0.7811088149656342,-4,0.0012702239396172193,3.2449566796433515
mono-00000192,1970.0,0.7811088149656342,-3,0.03157089676291748,2.837141552940281
mono-00000192,1970.0,0.7811088149656342,-2,0.09144368803031558,2.35993917052285
mono-00000192,1970.0,0.7811088149656342,-1,0.13892868870272795,1.7577160890816401
mono-00000192,1970.0,0.7811088149656342,0,0.41544635535512286,0.7811088149655205
mono-00000192,1970.0,0.7811088149656342,1,0.0,0.0
mono-00000192,1970.0,0.7811088149656342,2,0.0,0.0
mono-00000192,1970.0,0.7811088149656342,3,0.0,0.0
mono-00000192,1970.0,0.7811088149656342,4,0.0,0.0
mono-00000192,1970.0,0.7811088149656342,5,0.0,0.0
mono-00000192,1970.0,0.7811088149656342,6,0.0,0.0
mono-00000192,1970.0,0.7811088149656342,7,0.0,0.0
mono-00000192,1970.0,0.7811088149656342,8,0.0,0.0
mono-00000192,1970.0,0.7811088149656342,9,0.0,0.0
mono-00000192,1970.0,0.7811088149656342,10,0.0,0.0
mono-00000192,1970.0,0.7811088149656342,11,0.0,0.0
mono-00000192,1970.0,0.7811088149656342,12,0.0,0.0
mono-00000192,1970.0,0.7811088149656342,13,0.0,0.0
mono-00000192,1970.0,0.7811088149656342,14,0.0,0.0
mono-00000192,1970.0,0.7811088149656342,15,0.0,0.0
mono-00000194,1990.0,0.777174591521657,-15,4.916722587928994e-06,6.119956564048678
mono-00000194,1990.0,0.777174591521657,-14,6.329767679030467e-06,5.915662552653544
mono-00000194,1990.0,0.777174591521657,-13,7.570680124849025e-06,5.7040832433064
mono-00000194,1990.0,0.777174591521657,-12,1.1347987353798633e-05,5.484375523510863
mono-00000194,1990.0,0.777174591521657,-11,1.9784157381347215e-05,5.2555200555039505
mono-00000194,1990.0,0.777174591521657,-10,2.6868752314354284e-05,5.016264951869374
mono-00000194,1990.0,0.777174591521657,-9,4.0560749282357024e-05,4.765043948549433
mono-00000194,1990.0,0.777174591521657,-8,9.359745540960042e-05,4.499853359242351
mono-00000194,1990.0,0.777174591521657,-7,0.00015527837259413216,4.218059179853796
mono-00000194,1990.0,0.777174591521657,-6,0.00022627231484969383,3.9160787415479774
mono-00000194,1990.0,0.777174591521657,-5,0.0010639431215920276,3.588819939576638
mono-00000194,1990.0,0.777174591521657,-4,0.0012904728091066592,3.228605070171767
mono-00000194,1990.0,0.777174591521657,-3,0.031101782580181245,2.8228459114258158
mono-00000194,1990.0,0.777174591521657,-2,0.08721949251395393,2.3480488684494247
mono-00000194,1990.0,0.777174591521657,-1,0.13610734662235444,1.7488607590338745
mono-00000194,1990.0,0.777174591521657,0,0.4209792583567672,0.7771745915219697
mono-00000194,1990.0,0.777174591521657,1,0.0,0.0
mono-00000194,1990.0,0.777174591521657,2,0.0,0.0
mono-00000194,1990.0,0.777174591521657,3,0.0,0.0
mono-00000194,1990.0,0.777174591521657,4,0.0,0.0
mono-00000194,1990.0,0.777174591521657,5,0.0,0.0
mono-00000194,1990.0,0.777174591521657,6,0.0,0.0
mono-00000194,1990.0,0.777174591521657,7,0.0,0.0
mono-00000194,1990.0,0.777174591521657,8,0.0,0.0
mono-00000194,1990.0,0.777174591521657,9,0.0,0.0
mono-00000194,1990.0,0.777174591521657,10,0.0,0.0
mono-00000194,1990.0,0.777174591521657,11,0.0,0.0
mono-00000194,1990.0,0.777174591521657,12,0.0,0.0
mono-00000194,1990.0,0.777174591521657,13,0.0,0.0
mono-00000194,1990.0,0.777174591521657,14,0.0,0.0
mono-00000194,1990.0,0.777174591521657,15,0.0,0.0
mono-00000195,2000.0,0.7752296420774627,-15,4.845903244219686e-06,6.104623030688032
mono-00000195,2000.0,0.7752296420774627,-14,6.237060488362667e-06,5.900841804034783
mono-00000195,2000.0,0.7752296420774627,-13,7.752125994098108e-06,5.689793466757507
mono-00000195,2000.0,0.7752296420774627,-12,1.1041375830877345e-05,5.470637015052006
mono-00000195,2000.0,0.7752296420774627,-11,1.9466136948065023e-05,5.242355660760936
mono-00000195,2000.0,0.7752296420774627,-10,2.7245478538061717e-05,5.003700647932817
mono-00000195,2000.0,0.7752296420774627,-9,4.076209861836058e-05,4.7531096306040155
mono-00000195,2000.0,0.7752296420774627,-8,9.124098881396827e-05,4.4885839351240975
mono-00000195,2000.0,0.7752296420774627,-7,0.0001547949721214151,4.20749614735432
mono-00000195,2000.0,0.7752296420774627,-6,0.0002209325076126566,3.9062725624510506
mono-00000195,2000.0,0.7752296420774627,-5,0.001049001884855683,3.5798338171969846
mono-00000195,2000.0,0.7752296420774627,-4,0.001301295265800515,3.220521420427545
mono-00000195,2000.0,0.7752296420774627,-3,0.030829210787643356,2.815778653219027
mono-00000195,2000.0,0.7752296420774627,-2,0.08513064686958727,2.3421707200737956
mono-00000195,2000.0,0.7752296420774627,-1,0.13482740136743504,1.7444829902782857
mono-00000195,2000.0,0.7752296420774627,0,0.4235151346342774,0.775229642078159
mono-00000195,2000.0,0.7752296420774627,1,0.0,0.0
mono-00000195,2000.0,0.7752296420774627,2,0.0,0.0
mono-00000195,2000.0,0.7752296420774627,3,0.0,0.0
mono-00000195,2000.0,0.7752296420774627,4,0.0,0.0
mono-00000195,2000.0,0.7752296420774627,5,0.0,0.0
mono-00000195,2000.0,0.7752296420774627,6,0.0,0.0
mono-00000195,2000.0,0.7752296420774627,7,0.0,0.0
mono-00000195,2000.0,0.7752296420774627,8,0.0,0.0
mono-00000195,2000.0,0.7752296420774627,9,0.0,0.0
mono-00000195,2000.0,0.7752296420774627,10,0.0,0.0
mono-00000195,2000.0,0.7752296420774627,11,0.0,0.0
mono-00000195,2000.0,0.7752296420774627,12,0.0,0.0
mono-00000195,2000.0,0.7752296420774627,13,0.0,0.0
mono-00000195,2000.0,0.7752296420774627,14,0.0,0.0
mono-00000195,2000.0,0.7752296420774627,15,0.0,0.0
