case_id,energy_ev,grazing_angle_deg,order,efficiency,diffraction_angle_deg
mono-00000000,50.0,4.882210444916382,-20,1.422332327458642e-07,45.667609571763236
mono-00000000,50.0,4.882210444916382,-19,1.201648047229734e-07,44.4634547093751
mono-00000000,50.0,4.882210444916382,-18,5.513840102963683e-07,43.232938665699116
mono-00000000,50.0,4.882210444916382,-17,1.4698241203766064e-06,41.97364205407635
mono-00000000,50.0,4.882210444916382,-16,2.5353764631939364e-06,40.68279040431759
mono-00000000,50.0,4.882210444916382,-15,3.1537686605597164e-06,39.35717589304749
mono-00000000,50.0,4.882210444916382,-14,2.7471062451574618e-06,37.99305547589054
mono-00000000,50.0,4.882210444916382,-13,1.368294170856061e-06,36.58601610094391
mono-00000000,50.0,4.882210444916382,-12,3.8662134799863826e-07,35.13079299479552
mono-00000000,50.0,4.882210444916382,-11,2.453575531170082e-06,33.62101937342901
mono-00000000,50.0,4.882210444916382,-10,1.0519915570222573e-05,32.048873041242494
mono-00000000,50.0,4.882210444916382,-9,2.544577897233805e-05,30.40456269536064
mono-00000000,50.0,4.882210444916382,-8,4.260753914165504e-05,28.67555502672584
mono-00000000,50.0,4.882210444916382,-7,5.009523089271346e-05,26.845362344785208
mono-00000000,50.0,4.882210444916382,-6,3.433817902387376e-05,24.891540467525004
mono-00000000,50.0,4.882210444916382,-5,4.791913643956473e-06,22.782159617209814
mono-00000000,50.0,4.882210444916382,-4,8.595644505362655e-05,20.4690268073318
mono-00000000,50.0,4.882210444916382,-3,0.0008667403690434065,17.873031299663296
mono-00000000,50.0,4.882210444916382,-2,0.005352087003303668,14.84631822360413
mono-00000000,50.0,4.882210444916382,-1,0.04390439629125305,11.039869990023348
mono-00000000,50.0,4.882210444916382,0,0.7761585000744223,4.8822104449164385
mono-00000000,50.0,4.882210444916382,1,0.0,0.0
mono-00000000,50.0,4.882210444916382,2,0.0,0.0
mono-00000000,50.0,4.882210444916382,3,0.0,0.0
mono-00000000,50.0,4.882210444916382,4,0.0,0.0
mono-00000000,50.0,4.882210444916382,5,0.0,0.0
mono-00000000,50.0,4.882210444916382,6,0.0,0.0
mono-00000000,50.0,4.882210444916382,7,0.0,0.0
mono-00000000,50.0,4.882210444916382,8,0.0,0.0
mono-00000000,50.0,4.882210444916382,9,0.0,0.0
mono-00000000,50.0,4.882210444916382,10,0.0,0.0
mono-00000000,50.0,4.882210444916382,11,0.0,0.0
mono-00000000,50.0,4.882210444916382,12,0.0,0.0
mono-00000000,50.0,4.882210444916382,13,0.0,0.0
mono-00000000,50.0,4.882210444916382,14,0.0,0.0
mono-00000000,50.0,4.882210444916382,15,0.0,0.0
mono-00000000,50.0,4.882210444916382,16,0.0,0.0
mono-00000000,50.0,4.882210444916382,17,0.0,0.0
mono-00000000,50.0,4.882210444916382,18,0.0,0.0
mono-00000000,50.0,4.882210444916382,19,0.0,0.0
mono-00000000,50.0,4.882210444916382,20,0.0,0.0
mono-00000001,60.0,4.460078275584493,-20,2.9301527834899556e-07,41.495154198314474
mono-00000001,60.0,4.460078275584493,-19,1.1008272619225109e-07,40.41136273046494
mono-00000001,60.0,4.460078275584493,-18,3.256471902790564e-07,39.302935378502774
mono-00000001,60.0,4.460078275584493,-17,1.1823364590587582e-06,38.16766581859397
mono-00000001,60.0,4.460078275584493,-16,2.5257297857437447e-06,37.003022720222084
mono-00000001,60.0,4.460078275584493,-15,3.753719292685267e-06,35.80607820915519
mono-00000001,60.0,4.460078275584493,-14,3.98798559254818e-06,34.57341476679422
mono-00000001,60.0,4.460078275584493,-13,2.7249957379045425e-06,33.30100205118331
mono-00000001,60.0,4.460078275584493,-12,8.918399011065106e-07,31.984030842892643
mono-00000001,60.0,4.460078275584493,-11,1.3035515929026204e-06,30.61668434219203
mono-00000001,60.0,4.460078275584493,-10,8.216408643347092e-06,29.191815272729322
mono-00000001,60.0,4.460078275584493,-9,2.476748421034856e-05,27.70047656632746
mono-00000001,60.0,4.460078275584493,-8,4.8377231047405696e-05,26.13121530171493
mono-00000001,60.0,4.460078275584493,-7,6.622557232249445e-05,24.46896527713311
mono-00000001,60.0,4.460078275584493,-6,5.755699021294506e-05,22.693218397831203
mono-00000001,60.0,4.460078275584493,-5,1.6068062188147704e-05,20.774801751430616
mono-00000001,60.0,4.460078275584493,-4,5.0892667449155935e-05,18.66968876896742
mono-00000001,60.0,4.460078275584493,-3,0.0007942582319092517,16.30561961867835
mono-00000001,60.0,4.460078275584493,-2,0.005766619749988398,13.547571763561308
mono-00000001,60.0,4.460078275584493,-1,0.05301752373547147,10.07691421745163
mono-00000001,60.0,4.460078275584493,0,0.7631878107015087,4.460078275584465
mono-00000001,60.0,4.460078275584493,1,0.0,0.0
mono-00000001,60.0,4.460078275584493,2,0.0,0.0
mono-00000001,60.0,4.460078275584493,3,0.0,0.0
mono-00000001,60.0,4.460078275584493,4,0.0,0.0
mono-00000001,60.0,4.460078275584493,5,0.0,0.0
mono-00000001,60.0,4.460078275584493,6,0.0,0.0
mono-00000001,60.0,4.460078275584493,7,0.0,0.0
mono-00000001,60.0,4.460078275584493,8,0.0,0.0
mono-00000001,60.0,4.460078275584493,9,0.0,0.0
mono-00000001,60.0,4.460078275584493,10,0.0,0.0
mono-00000001,60.0,4.460078275584493,11,0.0,0.0
mono-00000001,60.0,4.460078275584493,12,0.0,0.0
mono-00000001,60.0,4.460078275584493,13,0.0,0.0
mono-00000001,60.0,4.460078275584493,14,0.0,0.0
mono-00000001,60.0,4.460078275584493,15,0.0,0.0
mono-00000001,60.0,4.460078275584493,16,0.0,0.0
mono-00000001,60.0,4.460078275584493,17,0.0,0.0
mono-00000001,60.0,4.460078275584493,18,0.0,0.0
mono-00000001,60.0,4.460078275584493,19,0.0,0.0
mono-00000001,60.0,4.460078275584493,20,0.0,0.0
mono-00000002,70.0,4.131377466515048,-20,4.850254031505668e-07,38.291867291531794
mono-00000002,70.0,4.131377466515048,-19,2.1836410739004861e-07,37.29832531775152
mono-00000002,70.0,4.131377466515048,-18,1.8624616565542367e-07,36.28163003673241
mono-00000002,70.0,4.131377466515048,-17,8.519101881229418e-07,35.23973849484296
mono-00000002,70.0,4.131377466515048,-16,2.354280052904559e-06,34.1703063290128
mono-00000002,70.0,4.131377466515048,-15,4.229082140038841e-06,33.0706214750243
mono-00000002,70.0,4.131377466515048,-14,5.373953962687322e-06,31.937517897512507
mono-00000002,70.0,4.131377466515048,-13,4.62109923757379e-06,30.76726145439183
mono-00000002,70.0,4.131377466515048,-12,2.191636542583453e-06,29.55539604242768
mono-00000002,70.0,4.131377466515048,-11,8.325231310148e-07,28.296531709120067
mono-00000002,70.0,4.131377466515048,-10,6.250409900818624e-06,26.9840455146446
mono-00000002,70.0,4.131377466515048,-9,2.4563024462993854e-05,25.609646775962744
mono-00000002,70.0,4.131377466515048,-8,5.627987543602941e-05,24.162723042048484
mono-00000002,70.0,4.131377466515048,-7,8.821352347449912e-05,22.629314355717582
mono-00000002,70.0,4.131377466515048,-6,9.137761063838616e-05,20.990419654871076
mono-00000002,70.0,4.131377466515048,-5,4.043139293041889e-05,19.2190120489702
mono-00000002,70.0,4.131377466515048,-4,2.7599190283570714e-05,17.274307894406206
mono-00000002,70.0,4.131377466515048,-3,0.0007507641308998334,15.0893784092614
mono-00000002,70.0,4.131377466515048,-2,0.006436571367801496,12.539182354894109
mono-00000002,70.0,4.131377466515048,-1,0.06549269698882432,9.328707904956914
mono-00000002,70.0,4.131377466515048,0,0.7758504060606946,4.131377466515076
mono-00000002,70.0,4.131377466515048,1,0.0,0.0
mono-00000002,70.0,4.131377466515048,2,0.0,0.0
mono-00000002,70.0,4.131377466515048,3,0.0,0.0
mono-00000002,70.0,4.131377466515048,4,0.0,0.0
mono-00000002,70.0,4.131377466515048,5,0.0,0.0
mono-00000002,70.0,4.131377466515048,6,0.0,0.0
mono-00000002,70.0,4.131377466515048,7,0.0,0.0
mono-00000002,70.0,4.131377466515048,8,0.0,0.0
mono-00000002,70.0,4.131377466515048,9,0.0,0.0
mono-00000002,70.0,4.131377466515048,10,0.0,0.0
mono-00000002,70.0,4.131377466515048,11,0.0,0.0
mono-00000002,70.0,4.131377466515048,12,0.0,0.0
mono-00000002,70.0,4.131377466515048,13,0.0,0.0
mono-00000002,70.0,4.131377466515048,14,0.0,0.0
mono-00000002,70.0,4.131377466515048,15,0.0,0.0
mono-00000002,70.0,4.131377466515048,16,0.0,0.0
mono-00000002,70.0,4.131377466515048,17,0.0,0.0
mono-00000002,70.0,4.131377466515048,18,0.0,0.0
mono-00000002,70.0,4.131377466515048,19,0.0,0.0
mono-00000002,70.0,4.131377466515048,20,0.0,0.0
mono-00000003,80.0,3.866055194813839,-20,6.533944055137706e-07,35.73230316416384
mono-00000003,80.0,3.866055194813839,-19,4.078119233418018e-07,34.80966768130263
mono-00000003,80.0,3.866055194813839,-18,1.7295641168352897e-07,33.86514785677648
mono-00000003,80.0,3.866055194813839,-17,5.000666072208942e-07,32.896831700678796
mono-00000003,80.0,3.866055194813839,-16,1.8121228326258201e-06,31.902524940505494
mono-00000003,80.0,3.866055194813839,-15,3.963454572658986e-06,30.87968896660049
mono-00000003,80.0,3.866055194813839,-14,5.955013477043029e-06,29.82536007956991
mono-00000003,80.0,3.866055194813839,-13,6.184969295756167e-06,28.736042658833014
mono-00000003,80.0,3.866055194813839,-12,3.946334523139976e-06,27.60756516051228
mono-00000003,80.0,3.866055194813839,-11,1.116939625587571e-06,26.43488180701815
mono-00000003,80.0,3.866055194813839,-10,3.797141071225372e-06,25.211792630934383
mono-00000003,80.0,3.866055194813839,-9,2.0662905685420408e-05,23.930536617486297
mono-00000003,80.0,3.866055194813839,-8,5.663511185719081e-05,22.581179680023908
mono-00000003,80.0,3.866055194813839,-7,0.00010162878734925026,21.150654844349972
mono-00000003,80.0,3.866055194813839,-6,0.00012240898062801167,19.621177584596325
mono-00000003,80.0,3.866055194813839,-5,7.392864270185936e-05,17.967453251104274
mono-00000003,80.0,3.866055194813839,-4,1.3846079778858135e-05,16.15131545139141
mono-00000003,80.0,3.866055194813839,-3,0.0006420569561356007,14.110136870739566
mono-00000003,80.0,3.866055194813839,-2,0.0066818652386663,11.72692708100648
mono-00000003,80.0,3.866055194813839,-1,0.07608061985811963,8.725715137544142
mono-00000003,80.0,3.866055194813839,0,0.7706747146746151,3.8660551948138817
mono-00000003,80.0,3.866055194813839,1,0.0,0.0
mono-00000003,80.0,3.866055194813839,2,0.0,0.0
mono-00000003,80.0,3.866055194813839,3,0.0,0.0
mono-00000003,80.0,3.866055194813839,4,0.0,0.0
mono-00000003,80.0,3.866055194813839,5,0.0,0.0
mono-00000003,80.0,3.866055194813839,6,0.0,0.0
mono-00000003,80.0,3.866055194813839,7,0.0,0.0
mono-00000003,80.0,3.866055194813839,8,0.0,0.0
mono-00000003,80.0,3.866055194813839,9,0.0,0.0
mono-00000003,80.0,3.866055194813839,10,0.0,0.0
mono-00000003,80.0,3.866055194813839,11,0.0,0.0
mono-00000003,80.0,3.866055194813839,12,0.0,0.0
mono-00000003,80.0,3.866055194813839,13,0.0,0.0
mono-00000003,80.0,3.866055194813839,14,0.0,0.0
mono-00000003,80.0,3.866055194813839,15,0.0,0.0
mono-00000003,80.0,3.866055194813839,16,0.0,0.0
mono-00000003,80.0,3.866055194813839,17,0.0,0.0
mono-00000003,80.0,3.866055194813839,18,0.0,0.0
mono-00000003,80.0,3.866055194813839,19,0.0,0.0
mono-00000003,80.0,3.866055194813839,20,0.0,0.0
mono-00000004,90.0,3.6460551356747146,-20,8.317684786942601e-07,33.626079293282366
mono-00000004,90.0,3.6460551356747146,-19,6.792165536363987e-07,32.76105686060239
mono-00000004,90.0,3.6460551356747146,-18,3.119063357860351e-07,31.875243843510148
mono-00000004,90.0,3.6460551356747146,-17,3.007820079529363e-07,30.96683649914236
mono-00000004,90.0,3.6460551356747146,-16,1.3302943402079326e-06,30.033764704040422
mono-00000004,90.0,3.6460551356747146,-15,3.6444615424843293e-06,29.073633415454815
mono-00000004,90.0,3.6460551356747146,-14,6.501484179996355e-06,28.083646496570992
mono-00000004,90.0,3.6460551356747146,-13,7.977058837776904e-06,27.06050594476207
mono-00000004,90.0,3.6460551356747146,-12,6.3601749883589785e-06,26.000276062423573
mono-00000004,90.0,3.6460551356747146,-11,2.3647284617453943e-06,24.89819640867198
mono-00000004,90.0,3.6460551356747146,-10,2.222400937624036e-06,23.748417752004272
mono-00000004,90.0,3.6460551356747146,-9,1.731446572354345e-05,22.543618347797306
mono-00000004,90.0,3.6460551356747146,-8,5.782636762609519e-05,21.274426738509348
mono-00000004,90.0,3.6460551356747146,-7,0.00011810457553824172,19.928516590524197
mono-00000004,90.0,3.6460551356747146,-6,0.0001615036457852439,18.489112328263687
mono-00000004,90.0,3.6460551356747146,-5,0.00012161611425198672,16.932355815385222
mono-00000004,90.0,3.6460551356747146,-4,1.6206335590734086e-05,15.222250759499545
mono-00000004,90.0,3.6460551356747146,-3,0.0005449977379470231,13.299735658833981
mono-00000004,90.0,3.6460551356747146,-2,0.007010004592201129,11.054492100755184
mono-00000004,90.0,3.6460551356747146,-1,0.08885370324898532,8.226322456475728
mono-00000004,90.0,3.6460551356747146,0,0.7759008358779633,3.6460551356747573
mono-00000004,90.0,3.6460551356747146,1,0.0,0.0
mono-00000004,90.0,3.6460551356747146,2,0.0,0.0
mono-00000004,90.0,3.6460551356747146,3,0.0,0.0
mono-00000004,90.0,3.6460551356747146,4,0.0,0.0
mono-00000004,90.0,3.6460551356747146,5,0.0,0.0
mono-00000004,90.0,3.6460551356747146,6,0.0,0.0
mono-00000004,90.0,3.6460551356747146,7,0.0,0.0
mono-00000004,90.0,3.6460551356747146,8,0.0,0.0
mono-00000004,90.0,3.6460551356747146,9,0.0,0.0
mono-00000004,90.0,3.6460551356747146,10,0.0,0.0
mono-00000004,90.0,3.6460551356747146,11,0.0,0.0
mono-00000004,90.0,3.6460551356747146,12,0.0,0.0
mono-00000004,90.0,3.6460551356747146,13,0.0,0.0
mono-00000004,90.0,3.6460551356747146,14,0.0,0.0
mono-00000004,90.0,3.6460551356747146,15,0.0,0.0
mono-00000004,90.0,3.6460551356747146,16,0.0,0.0
mono-00000004,90.0,3.6460551356747146,17,0.0,0.0
mono-00000004,90.0,3.6460551356747146,18,0.0,0.0
mono-00000004,90.0,3.6460551356747146,19,0.0,0.0
mono-00000004,90.0,3.6460551356747146,20,0.0,0.0
mono-00000005,100.0,3.4597886358489376,-20,9.14560964573054e-07,31.853378323128318
mono-00000005,100.0,3.4597886358489376,-19,9.146759889782365e-07,31.03636959577654
mono-00000005,100.0,3.4597886358489376,-18,5.532868702499631e-07,30.19952208253374
mono-00000005,100.0,3.4597886358489376,-17,2.685517139382182e-07,29.34112356018351
mono-00000005,100.0,3.4597886358489376,-16,8.05630383200958e-07,28.459208913994097
mono-00000005,100.0,3.4597886358489376,-15,2.7324441301174056e-06,27.55150457761767
mono-00000005,100.0,3.4597886358489376,-14,5.887190851685116e-06,26.615356236291404
mono-00000005,100.0,3.4597886358489376,-13,8.658445528128959e-06,25.64763318799531
mono-00000005,100.0,3.4597886358489376,-12,8.583276518911481e-06,24.644599436632348
mono-00000005,100.0,3.4597886358489376,-11,4.496585733647915e-06,23.601736181685467
mono-00000005,100.0,3.4597886358489376,-10,1.281912521185694e-06,22.513491242846484
mono-00000005,100.0,3.4597886358489376,-9,1.200299555193394e-05,21.37291492692644
mono-00000005,100.0,3.4597886358489376,-8,5.2989403449657055e-05,20.171112312553987
mono-00000005,100.0,3.4597886358489376,-7,0.00012639815792571567,18.896384353734845
mono-00000005,100.0,3.4597886358489376,-6,0.00019665283863616606,17.532809948076263
mono-00000005,100.0,3.4597886358489376,-5,0.00017730336426104908,16.057747403112614
mono-00000005,100.0,3.4597886358489376,-4,3.584235770147619e-05,14.437037810470486
mono-00000005,100.0,3.4597886358489376,-3,0.0004361821569532091,12.614638220790383
mono-00000005,100.0,3.4597886358489376,-2,0.007186791691981381,10.485876910763949
mono-00000005,100.0,3.4597886358489376,-1,0.10190026844003883,7.803901088629232
mono-00000005,100.0,3.4597886358489376,0,0.7796276820558287,3.4597886358487813
mono-00000005,100.0,3.4597886358489376,1,0.0,0.0
mono-00000005,100.0,3.4597886358489376,2,0.0,0.0
mono-00000005,100.0,3.4597886358489376,3,0.0,0.0
mono-00000005,100.0,3.4597886358489376,4,0.0,0.0
mono-00000005,100.0,3.4597886358489376,5,0.0,0.0
mono-00000005,100.0,3.4597886358489376,6,0.0,0.0
mono-00000005,100.0,3.4597886358489376,7,0.0,0.0
mono-00000005,100.0,3.4597886358489376,8,0.0,0.0
mono-00000005,100.0,3.4597886358489376,9,0.0,0.0
mono-00000005,100.0,3.4597886358489376,10,0.0,0.0
mono-00000005,100.0,3.4597886358489376,11,0.0,0.0
mono-00000005,100.0,3.4597886358489376,12,0.0,0.0
mono-00000005,100.0,3.4597886358489376,13,0.0,0.0
mono-00000005,100.0,3.4597886358489376,14,0.0,0.0
mono-00000005,100.0,3.4597886358489376,15,0.0,0.0
mono-00000005,100.0,3.4597886358489376,16,0.0,0.0
mono-00000005,100.0,3.4597886358489376,17,0.0,0.0
mono-00000005,100.0,3.4597886358489376,18,0.0,0.0
mono-00000005,100.0,3.4597886358489376,19,0.0,0.0
mono-00000005,100.0,3.4597886358489376,20,0.0,0.0
mono-00000006,110.0,3.299431776020711,-20,9.03660137238082e-07,30.33451363542764
mono-00000006,110.0,3.299431776020711,-19,1.0588337076197532e-06,29.558319443061073
mono-00000006,110.0,3.299431776020711,-18,8.031585882307615e-07,28.763122760666825
mono-00000006,110.0,3.299431776020711,-17,3.846458841948911e-07,27.94729011404725
mono-00000006,110.0,3.299431776020711,-16,5.241194971606825e-07,27.108946766739052
mono-00000006,110.0,3.299431776020711,-15,1.918583485043992e-06,26.24592372554025
mono-00000006,110.0,3.299431776020711,-14,4.748902995725979e-06,25.355688783801895
mono-00000006,110.0,3.299431776020711,-13,8.09101792462895e-06,24.435255303234143
mono-00000006,110.0,3.299431776020711,-12,9.797532082152866e-06,23.481059268431665
mono-00000006,110.0,3.299431776020711,-11,7.124314102706376e-06,22.4887899897504
mono-00000006,110.0,3.299431776020711,-10,1.9073562760393654e-06,21.453151127851555
mono-00000006,110.0,3.299431776020711,-9,6.447736732663904e-06,20.36751342650922
mono-00000006,110.0,3.299431776020711,-8,4.2532770534983846e-05,19.223392380404917
mono-00000006,110.0,3.299431776020711,-7,0.00012310214305445268,18.00962916595745
mono-00000006,110.0,3.299431776020711,-6,0.00022000389982121594,16.711038499230995
mono-00000006,110.0,3.299431776020711,-5,0.00023268735350986505,15.306026104981413
mono-00000006,110.0,3.299431776020711,-4,7.233049789394082e-05,13.762014947609217
mono-00000006,110.0,3.299431776020711,-3,0.0003220082655820176,12.025560449633545
mono-00000006,110.0,3.299431776020711,-2,0.007132615788303862,9.996850591108881
mono-00000006,110.0,3.299431776020711,-1,0.11395608158873438,7.440514339748816
mono-00000006,110.0,3.299431776020711,0,0.7770505291501951,3.299431776020697
mono-00000006,110.0,3.299431776020711,1,0.0,0.0
mono-00000006,110.0,3.299431776020711,2,0.0,0.0
mono-00000006,110.0,3.299431776020711,3,0.0,0.0
mono-00000006,110.0,3.299431776020711,4,0.0,0.0
mono-00000006,110.0,3.299431776020711,5,0.0,0.0
mono-00000006,110.0,3.299431776020711,6,0.0,0.0
mono-00000006,110.0,3.299431776020711,7,0.0,0.0
mono-00000006,110.0,3.299431776020711,8,0.0,0.0
mono-00000006,110.0,3.299431776020711,9,0.0,0.0
mono-00000006,110.0,3.299431776020711,10,0.0,0.0
mono-00000006,110.0,3.299431776020711,11,0.0,0.0
mono-00000006,110.0,3.299431776020711,12,0.0,0.0
mono-00000006,110.0,3.299431776020711,13,0.0,0.0
mono-00000006,110.0,3.299431776020711,14,0.0,0.0
mono-00000006,110.0,3.299431776020711,15,0.0,0.0
mono-00000006,110.0,3.299431776020711,16,0.0,0.0
mono-00000006,110.0,3.299431776020711,17,0.0,0.0
mono-00000006,110.0,3.299431776020711,18,0.0,0.0
mono-00000006,110.0,3.299431776020711,19,0.0,0.0
mono-00000006,110.0,3.299431776020711,20,0.0,0.0
mono-00000007,120.0,3.1594860723062226,-20,8.257524054315046e-07,29.01414573126369
mono-00000007,120.0,3.1594860723062226,-19,1.0720886614052046e-06,28.273203032311592
mono-00000007,120.0,3.1594860723062226,-18,9.924131325797365e-07,27.513999279512724
mono-00000007,120.0,3.1594860723062226,-17,5.941461066005964e-07,26.7349697216232
mono-00000007,120.0,3.1594860723062226,-16,4.154398733034495e-07,25.934318505503427
mono-00000007,120.0,3.1594860723062226,-15,1.3160188841811876e-06,25.10996792171862
mono-00000007,120.0,3.1594860723062226,-14,3.807643486746741e-06,24.25949236392441
mono-00000007,120.0,3.1594860723062226,-13,7.131295211053426e-06,23.380030969924377
mono-00000007,120.0,3.1594860723062226,-12,9.625606114037751e-06,22.468169880160104
mono-00000007,120.0,3.1594860723062226,-11,8.896962871141681e-06,21.519780109867853
mono-00000007,120.0,3.1594860723062226,-10,3.987188128037417e-06,20.529788698459924
mono-00000007,120.0,3.1594860723062226,-9,2.938697294509383e-06,19.491846162500963
mono-00000007,120.0,3.1594860723062226,-8,2.9760848839426157e-05,18.397826315701977
mono-00000007,120.0,3.1594860723062226,-7,0.00010956336140854459,17.237041954990033
mono-00000007,120.0,3.1594860723062226,-6,0.0002284213433420545,15.994950125198528
mono-00000007,120.0,3.1594860723062226,-5,0.0002809727152442385,14.6508708012161
mono-00000007,120.0,3.1594860723062226,-4,0.0001223086407868989,13.173607544754105
mono-00000007,120.0,3.1594860723062226,-3,0.0002153789949932661,11.511983224674594
mono-00000007,120.0,3.1594860723062226,-2,0.006873988192119516,9.570425879454817
mono-00000007,120.0,3.1594860723062226,-1,0.12475225631991983,7.123579904103991
mono-00000007,120.0,3.1594860723062226,0,0.7692481564025273,3.1594860723061657
mono-00000007,120.0,3.1594860723062226,1,0.0,0.0
mono-00000007,120.0,3.1594860723062226,2,0.0,0.0
mono-00000007,120.0,3.1594860723062226,3,0.0,0.0
mono-00000007,120.0,3.1594860723062226,4,0.0,0.0
mono-00000007,120.0,3.1594860723062226,5,0.0,0.0
mono-00000007,120.0,3.1594860723062226,6,0.0,0.0
mono-00000007,120.0,3.1594860723062226,7,0.0,0.0
mono-00000007,120.0,3.1594860723062226,8,0.0,0.0
mono-00000007,120.0,3.1594860723062226,9,0.0,0.0
mono-00000007,120.0,3.1594860723062226,10,0.0,0.0
mono-00000007,120.0,3.1594860723062226,11,0.0,0.0
mono-00000007,120.0,3.1594860723062226,12,0.0,0.0
mono-00000007,120.0,3.1594860723062226,13,0.0,0.0
mono-00000007,120.0,3.1594860723062226,14,0.0,0.0
mono-00000007,120.0,3.1594860723062226,15,0.0,0.0
mono-00000007,120.0,3.1594860723062226,16,0.0,0.0
mono-00000007,120.0,3.1594860723062226,17,0.0,0.0
mono-00000007,120.0,3.1594860723062226,18,0.0,0.0
mono-00000007,120.0,3.1594860723062226,19,0.0,0.0
mono-00000007,120.0,3.1594860723062226,20,0.0,0.0
mono-00000008,130.0,3.0359591967962984,-20,7.898825237875434e-07,27.852480386511942
mono-00000008,130.0,3.0359591967962984,-19,1.0376063541412211e-06,27.142384941776484
mono-00000008,130.0,3.0359591967962984,-18,1.050286500103071e-06,26.414691135953596
mono-00000008,130.0,3.0359591967962984,-17,7.928012682356165e-07,25.66789489127619
mono-00000008,130.0,3.0359591967962984,-16,5.155758831888361e-07,24.90027000457718
mono-00000008,130.0,3.0359591967962984,-15,8.85773255804142e-07,24.10981937092268
mono-00000008,130.0,3.0359591967962984,-14,2.8638674317345473e-06,23.294211517840708
mono-00000008,130.0,3.0359591967962984,-13,6.340291014099838e-06,22.45069665383106
mono-00000008,130.0,3.0359591967962984,-12,9.408885235935494e-06,21.57599352135054
mono-00000008,130.0,3.0359591967962984,-11,9.641792806552417e-06,20.66613359826208
mono-00000008,130.0,3.0359591967962984,-10,6.1333694583215925e-06,19.716241185272168
mono-00000008,130.0,3.0359591967962984,-9,2.185392686580681e-06,18.720213852893707
mono-00000008,130.0,3.0359591967962984,-8,1.8685800295349763e-05,17.670241814744543
mono-00000008,130.0,3.0359591967962984,-7,9.1853135413039e-05,16.55605428943106
mono-00000008,130.0,3.0359591967962984,-6,0.00022749835957181324,15.363675430467808
mono-00000008,130.0,3.0359591967962984,-5,0.00032414647376585834,14.073232329200707
mono-00000008,130.0,3.0359591967962984,-4,0.00018426110486481992,12.654747239280852
mono-00000008,130.0,3.0359591967962984,-3,0.00012819350839016766,11.059044328222129
mono-00000008,130.0,3.0359591967962984,-2,0.006532563329853984,9.194293459983172
mono-00000008,130.0,3.0359591967962984,-1,0.13545640835209022,6.843975836835142
mono-00000008,130.0,3.0359591967962984,0,0.761600260332198,3.03595919679627
mono-00000008,130.0,3.0359591967962984,1,0.0,0.0
mono-00000008,130.0,3.0359591967962984,2,0.0,0.0
mono-00000008,130.0,3.0359591967962984,3,0.0,0.0
mono-00000008,130.0,3.0359591967962984,4,0.0,0.0
mono-00000008,130.0,3.0359591967962984,5,0.0,0.0
mono-00000008,130.0,3.0359591967962984,6,0.0,0.0
mono-00000008,130.0,3.0359591967962984,7,0.0,0.0
mono-00000008,130.0,3.0359591967962984,8,0.0,0.0
mono-00000008,130.0,3.0359591967962984,9,0.0,0.0
mono-00000008,130.0,3.0359591967962984,10,0.0,0.0
mono-00000008,130.0,3.0359591967962984,11,0.0,0.0
mono-00000008,130.0,3.0359591967962984,12,0.0,0.0
mono-00000008,130.0,3.0359591967962984,13,0.0,0.0
mono-00000008,130.0,3.0359591967962984,14,0.0,0.0
mono-00000008,130.0,3.0359591967962984,15,0.0,0.0
mono-00000008,130.0,3.0359591967962984,16,0.0,0.0
mono-00000008,130.0,3.0359591967962984,17,0.0,0.0
mono-00000008,130.0,3.0359591967962984,18,0.0,0.0
mono-00000008,130.0,3.0359591967962984,19,0.0,0.0
mono-00000008,130.0,3.0359591967962984,20,0.0,0.0
mono-00000009,140.0,2.9258729336479092,-20,7.480175091939061e-07,26.820068616854144
mono-00000009,140.0,2.9258729336479092,-19,1.0430482538945185e-06,26.137262970150836
mono-00000009,140.0,2.9258729336479092,-18,1.0624606196251569e-06,25.4374555919225
mono-00000009,140.0,2.9258729336479092,-17,8.272825402343442e-07,24.719196495291257
mono-00000009,140.0,2.9258729336479092,-16,6.197449998376755e-07,23.980821573843855
mono-00000009,140.0,2.9258729336479092,-15,7.96369106977724e-07,23.220405588670133
mono-00000009,140.0,2.9258729336479092,-14,2.0360495380159636e-06,22.435700997949297
mono-00000009,140.0,2.9258729336479092,-13,4.9581498846342355e-06,21.624057042913904
mono-00000009,140.0,2.9258729336479092,-12,8.69353745115552e-06,20.78231069624782
mono-00000009,140.0,2.9258729336479092,-11,1.0087454307145018e-05,19.90663650503349
mono-00000009,140.0,2.9258729336479092,-10,7.382476710734995e-06,18.992334644572523
mono-00000009,140.0,2.9258729336479092,-9,3.1645061546737707e-06,18.03352294615351
mono-00000009,140.0,2.9258729336479092,-8,1.0389096103326614e-05,17.02267369619733
mono-00000009,140.0,2.9258729336479092,-7,6.809619745266218e-05,15.9498873348536
mono-00000009,140.0,2.9258729336479092,-6,0.00020884865445869037,14.801693533596037
mono-00000009,140.0,2.9258729336479092,-5,0.0003507395741629124,13.558938786826971
mono-00000009,140.0,2.9258729336479092,-4,0.00025264724961367445,12.192731500359187
mono-00000009,140.0,2.9258729336479092,-3,5.912113699305837e-05,10.655679300328742
mono-00000009,140.0,2.9258729336479092,-2,0.005988527304221292,8.859286160410065
mono-00000009,140.0,2.9258729336479092,-1,0.1441448510602505,6.594905879866857
mono-00000009,140.0,2.9258729336479092,0,0.7491797206315859,2.9258729336479234
mono-00000009,140.0,2.9258729336479092,1,0.0,0.0
mono-00000009,140.0,2.9258729336479092,2,0.0,0.0
mono-00000009,140.0,2.9258729336479092,3,0.0,0.0
mono-00000009,140.0,2.9258729336479092,4,0.0,0.0
mono-00000009,140.0,2.9258729336479092,5,0.0,0.0
mono-00000009,140.0,2.9258729336479092,6,0.0,0.0
mono-00000009,140.0,2.9258729336479092,7,0.0,0.0
mono-00000009,140.0,2.9258729336479092,8,0.0,0.0
mono-00000009,140.0,2.9258729336479092,9,0.0,0.0
mono-00000009,140.0,2.9258729336479092,10,0.0,0.0
mono-00000009,140.0,2.9258729336479092,11,0.0,0.0
mono-00000009,140.0,2.9258729336479092,12,0.0,0.0
mono-00000009,140.0,2.9258729336479092,13,0.0,0.0
mono-00000009,140.0,2.9258729336479092,14,0.0,0.0
mono-00000009,140.0,2.9258729336479092,15,0.0,0.0
mono-00000009,140.0,2.9258729336479092,16,0.0,0.0
mono-00000009,140.0,2.9258729336479092,17,0.0,0.0
mono-00000009,140.0,2.9258729336479092,18,0.0,0.0
mono-00000009,140.0,2.9258729336479092,19,0.0,0.0
mono-00000009,140.0,2.9258729336479092,20,0.0,0.0
mono-00000010,150.0,2.8269543357290416,-20,6.111573913267552e-07,25.894586450117572
mono-00000010,150.0,2.8269543357290416,-19,9.80282258049387e-07,25.236148231796122
mono-00000010,150.0,2.8269543357290416,-18,1.1236609248599469e-06,24.56124892815457
mono-00000010,150.0,2.8269543357290416,-17,9.032029580415081e-07,23.868487176423443
mono-00000010,150.0,2.8269543357290416,-16,6.133718475816218e-07,23.156254692652624
mono-00000010,150.0,2.8269543357290416,-15,7.291075915106318e-07,22.422690843736405
mono-00000010,150.0,2.8269543357290416,-14,1.7077818605471632e-06,21.665623540036606
mono-00000010,150.0,2.8269543357290416,-13,3.900200618276205e-06,20.882491051262335
mono-00000010,150.0,2.8269543357290416,-12,7.255174141769397e-06,20.07023663547733
mono-00000010,150.0,2.8269543357290416,-11,9.79608485310026e-06,19.225163451937192
mono-00000010,150.0,2.8269543357290416,-10,8.480774107149169e-06,18.342729773820324
mono-00000010,150.0,2.8269543357290416,-9,4.2908305364942466e-06,17.417251422516074
mono-00000010,150.0,2.8269543357290416,-8,6.790362850286525e-06,16.44145422494428
mono-00000010,150.0,2.8269543357290416,-7,4.5632343239697284e-05,15.405772274683528
mono-00000010,150.0,2.8269543357290416,-6,0.00017538624361576924,14.297189573566072
mono-00000010,150.0,2.8269543357290416,-5,0.00035682416415315905,13.097199127842131
mono-00000010,150.0,2.8269543357290416,-4,0.0003252141264758756,11.77788536573621
mono-00000010,150.0,2.8269543357290416,-3,1.9629720314831526e-05,10.293458390871294
mono-00000010,150.0,2.8269543357290416,-2,0.005203138580331307,8.558417618727077
mono-00000010,150.0,2.8269543357290416,-1,0.1492064557771877,6.37118873046245
mono-00000010,150.0,2.8269543357290416,0,0.7292937491077193,2.8269543357290132
mono-00000010,150.0,2.8269543357290416,1,0.0,0.0
mono-00000010,150.0,2.8269543357290416,2,0.0,0.0
mono-00000010,150.0,2.8269543357290416,3,0.0,0.0
mono-00000010,150.0,2.8269543357290416,4,0.0,0.0
mono-00000010,150.0,2.8269543357290416,5,0.0,0.0
mono-00000010,150.0,2.8269543357290416,6,0.0,0.0
mono-00000010,150.0,2.8269543357290416,7,0.0,0.0
mono-00000010,150.0,2.8269543357290416,8,0.0,0.0
mono-00000010,150.0,2.8269543357290416,9,0.0,0.0
mono-00000010,150.0,2.8269543357290416,10,0.0,0.0
mono-00000010,150.0,2.8269543357290416,11,0.0,0.0
mono-00000010,150.0,2.8269543357290416,12,0.0,0.0
mono-00000010,150.0,2.8269543357290416,13,0.0,0.0
mono-00000010,150.0,2.8269543357290416,14,0.0,0.0
mono-00000010,150.0,2.8269543357290416,15,0.0,0.0
mono-00000010,150.0,2.8269543357290416,16,0.0,0.0
mono-00000010,150.0,2.8269543357290416,17,0.0,0.0
mono-00000010,150.0,2.8269543357290416,18,0.0,0.0
mono-00000010,150.0,2.8269543357290416,19,0.0,0.0
mono-00000010,150.0,2.8269543357290416,20,0.0,0.0
mono-00000011,160.0,2.7374345693012145,-20,4.790911618617065e-07,25.058761024547238
mono-00000011,160.0,2.7374345693012145,-19,8.144704429134661e-07,24.422254775622662
mono-00000011,160.0,2.7374345693012145,-18,1.0613120648085466e-06,23.76978020473223
mono-00000011,160.0,2.7374345693012145,-17,9.84948368355158e-07,23.09997997292868
mono-00000011,160.0,2.7374345693012145,-16,6.798313439585028e-07,22.411296338106894
mono-00000011,160.0,2.7374345693012145,-15,6.072532744641724e-07,21.701927161791033
mono-00000011,160.0,2.7374345693012145,-14,1.3864562557070785e-06,20.96976866919728
mono-00000011,160.0,2.7374345693012145,-13,3.2835157723288453e-06,20.21233973611902
mono-00000011,160.0,2.7374345693012145,-12,6.12563079729599e-06,19.426679849349767
mono-00000011,160.0,2.7374345693012145,-11,8.80279148149918e-06,18.60920860824386
mono-00000011,160.0,2.7374345693012145,-10,8.840497167135431e-06,17.755527416688892
mono-00000011,160.0,2.7374345693012145,-9,5.2646249417107345e-06,16.8601313355568
mono-00000011,160.0,2.7374345693012145,-8,5.7754292464883876e-06,15.915975710507297
mono-00000011,160.0,2.7374345693012145,-7,3.113527580300837e-05,14.913796661037068
mono-00000011,160.0,2.7374345693012145,-6,0.00013383433185467129,13.840989428978673
mono-00000011,160.0,2.7374345693012145,-5,0.0003345406828189449,12.679632177106086
mono-00000011,160.0,2.7374345693012145,-4,0.00038980254868990516,11.402692665582066
mono-00000011,160.0,2.7374345693012145,-3,2.3643528060972445e-05,9.965831172911308
mono-00000011,160.0,2.7374345693012145,-2,0.004262216099211603,8.286257600196535
mono-00000011,160.0,2.7374345693012145,-1,0.15044465583246297,6.168795936169289
mono-00000011,160.0,2.7374345693012145,0,0.7033520233467373,2.7374345693011435
mono-00000011,160.0,2.7374345693012145,1,0.0,0.0
mono-00000011,160.0,2.7374345693012145,2,0.0,0.0
mono-00000011,160.0,2.7374345693012145,3,0.0,0.0
mono-00000011,160.0,2.7374345693012145,4,0.0,0.0
mono-00000011,160.0,2.7374345693012145,5,0.0,0.0
mono-00000011,160.0,2.7374345693012145,6,0.0,0.0
mono-00000011,160.0,2.7374345693012145,7,0.0,0.0
mono-00000011,160.0,2.7374345693012145,8,0.0,0.0
mono-00000011,160.0,2.7374345693012145,9,0.0,0.0
mono-00000011,160.0,2.7374345693012145,10,0.0,0.0
mono-00000011,160.0,2.7374345693012145,11,0.0,0.0
mono-00000011,160.0,2.7374345693012145,12,0.0,0.0
mono-00000011,160.0,2.7374345693012145,13,0.0,0.0
mono-00000011,160.0,2.7374345693012145,14,0.0,0.0
mono-00000011,160.0,2.7374345693012145,15,0.0,0.0
mono-00000011,160.0,2.7374345693012145,16,0.0,0.0
mono-00000011,160.0,2.7374345693012145,17,0.0,0.0
mono-00000011,160.0,2.7374345693012145,18,0.0,0.0
mono-00000011,160.0,2.7374345693012145,19,0.0,0.0
mono-00000011,160.0,2.7374345693012145,20,0.0,0.0
mono-00000012,170.0,2.655913710755783,-20,4.03412810922659e-07,24.29898991006354
mono-00000012,170.0,2.655913710755783,-19,6.837040479077389e-07,23.682360584528595
mono-00000012,170.0,2.655913710755783,-18,9.312385033293503e-07,23.050214397421996
mono-00000012,170.0,2.655913710755783,-17,9.565723513934835e-07,22.40123411819978
mono-00000012,170.0,2.655913710755783,-16,7.438228758715778e-07,21.733908051658148
mono-00000012,170.0,2.655913710755783,-15,5.738010448601667e-07,21.046487351584304
mono-00000012,170.0,2.655913710755783,-14,1.0682157623700255e-06,20.336930481739046
mono-00000012,170.0,2.655913710755783,-13,2.687807789559261e-06,19.6028297533382
mono-00000012,170.0,2.655913710755783,-12,5.266408020489681e-06,18.84131231963974
mono-00000012,170.0,2.655913710755783,-11,7.817727480417449e-06,18.04890385665756
mono-00000012,170.0,2.655913710755783,-10,8.575760145853606e-06,17.221336155871498
mono-00000012,170.0,2.655913710755783,-9,5.9593489229026e-06,16.353267553644912
mono-00000012,170.0,2.655913710755783,-8,5.084342256771346e-06,15.437862463406333
mono-00000012,170.0,2.655913710755783,-7,2.421935190047634e-05,14.466132105865725
mono-00000012,170.0,2.655913710755783,-6,0.00010098548079180353,13.425846282244748
mono-00000012,170.0,2.655913710755783,-5,0.00028358416925439953,12.29961608751887
mono-00000012,170.0,2.655913710755783,-4,0.00041784803001619517,11.061213725431585
mono-00000012,170.0,2.655913710755783,-3,7.090861128390982e-05,9.66762004062845
mono-00000012,170.0,2.655913710755783,-2,0.0032447722625641565,8.038512958369168
mono-00000012,170.0,2.655913710755783,-1,0.1465608327834845,5.98454176128287
mono-00000012,170.0,2.655913710755783,0,0.6687388874296168,2.6559137107557547
mono-00000012,170.0,2.655913710755783,1,0.0,0.0
mono-00000012,170.0,2.655913710755783,2,0.0,0.0
mono-00000012,170.0,2.655913710755783,3,0.0,0.0
mono-00000012,170.0,2.655913710755783,4,0.0,0.0
mono-00000012,170.0,2.655913710755783,5,0.0,0.0
mono-00000012,170.0,2.655913710755783,6,0.0,0.0
mono-00000012,170.0,2.655913710755783,7,0.0,0.0
mono-00000012,170.0,2.655913710755783,8,0.0,0.0
mono-00000012,170.0,2.655913710755783,9,0.0,0.0
mono-00000012,170.0,2.655913710755783,10,0.0,0.0
mono-00000012,170.0,2.655913710755783,11,0.0,0.0
mono-00000012,170.0,2.655913710755783,12,0.0,0.0
mono-00000012,170.0,2.655913710755783,13,0.0,0.0
mono-00000012,170.0,2.655913710755783,14,0.0,0.0
mono-00000012,170.0,2.655913710755783,15,0.0,0.0
mono-00000012,170.0,2.655913710755783,16,0.0,0.0
mono-00000012,170.0,2.655913710755783,17,0.0,0.0
mono-00000012,170.0,2.655913710755783,18,0.0,0.0
mono-00000012,170.0,2.655913710755783,19,0.0,0.0
mono-00000012,170.0,2.655913710755783,20,0.0,0.0
mono-00000013,180.0,2.581267375185277,-20,3.352655524936413e-07,23.60439541393329
mono-00000013,180.0,2.581267375185277,-19,5.978537584415444e-07,23.00589007210867
mono-00000013,180.0,2.581267375185277,-18,8.477279919286751e-07,22.392283425493332
mono-00000013,180.0,2.581267375185277,-17,9.129311700485379e-07,21.7622949861598
mono-00000013,180.0,2.581267375185277,-16,7.568693819662486e-07,21.114455241564215
mono-00000013,180.0,2.581267375185277,-15,5.660688070085281e-07,20.447064165102887
mono-00000013,180.0,2.581267375185277,-14,8.651153798388454e-07,19.75813723485865
mono-00000013,180.0,2.581267375185277,-13,2.1904468456024435e-06,19.04533403220387
mono-00000013,180.0,2.581267375185277,-12,4.545275678602731e-06,18.305862015031266
mono-00000013,180.0,2.581267375185277,-11,7.02929032387846e-06,17.53634402556665
mono-00000013,180.0,2.581267375185277,-10,8.095053322956642e-06,16.732631286577785
mono-00000013,180.0,2.581267375185277,-9,6.264127082451119e-06,15.88953168476607
mono-00000013,180.0,2.581267375185277,-8,4.707250691804199e-06,15.000401119191267
mono-00000013,180.0,2.581267375185277,-7,1.917636219168051e-05,14.056502765264227
mono-00000013,180.0,2.581267375185277,-6,8.230014497093144e-05,13.045949452220128
mono-00000013,180.0,2.581267375185277,-5,0.00023523857447940662,11.951840317641356
mono-00000013,180.0,2.581267375185277,-4,0.00040012829758377384,10.74868420621037
mono-00000013,180.0,2.581267375185277,-3,0.00013350504349465473,9.39467114491923
mono-00000013,180.0,2.581267375185277,-2,0.0023271489147916997,7.811738742233601
mono-00000013,180.0,2.581267375185277,-1,0.13772575027191056,5.815869284471532
mono-00000013,180.0,2.581267375185277,0,0.6245424928778519,2.581267375185263
mono-00000013,180.0,2.581267375185277,1,0.0,0.0
mono-00000013,180.0,2.581267375185277,2,0.0,0.0
mono-00000013,180.0,2.581267375185277,3,0.0,0.0
mono-00000013,180.0,2.581267375185277,4,0.0,0.0
mono-00000013,180.0,2.581267375185277,5,0.0,0.0
mono-00000013,180.0,2.581267375185277,6,0.0,0.0
mono-00000013,180.0,2.581267375185277,7,0.0,0.0
mono-00000013,180.0,2.581267375185277,8,0.0,0.0
mono-00000013,180.0,2.581267375185277,9,0.0,0.0
mono-00000013,180.0,2.581267375185277,10,0.0,0.0
mono-00000013,180.0,2.581267375185277,11,0.0,0.0
mono-00000013,180.0,2.581267375185277,12,0.0,0.0
mono-00000013,180.0,2.581267375185277,13,0.0,0.0
mono-00000013,180.0,2.581267375185277,14,0.0,0.0
mono-00000013,180.0,2.581267375185277,15,0.0,0.0
mono-00000013,180.0,2.581267375185277,16,0.0,0.0
mono-00000013,180.0,2.581267375185277,17,0.0,0.0
mono-00000013,180.0,2.581267375185277,18,0.0,0.0
mono-00000013,180.0,2.581267375185277,19,0.0,0.0
mono-00000013,180.0,2.581267375185277,20,0.0,0.0
mono-00000014,190.0,2.5125806938829527,-20,2.79299604775871e-07,22.966160643675522
mono-00000014,190.0,2.5125806938829527,-19,5.294512633502242e-07,22.384269721452995
mono-00000014,190.0,2.5125806938829527,-18,7.986569649545952e-07,21.787661620549116
mono-00000014,190.0,2.5125806938829527,-17,9.082117687738201e-07,21.175089676888717
mono-00000014,190.0,2.5125806938829527,-16,7.906898303107021e-07,20.545123209405702
mono-00000014,190.0,2.5125806938829527,-15,5.758243877525647e-07,19.896107132150604
mono-00000014,190.0,2.5125806938829527,-14,7.307497911075891e-07,19.2261094066629
mono-00000014,190.0,2.5125806938829527,-13,1.8381015761898074e-06,18.53285153739826
mono-00000014,190.0,2.5125806938829527,-12,4.053393570655184e-06,17.813614902046297
mono-00000014,190.0,2.5125806938829527,-11,6.588961308144275e-06,17.065111781196592
mono-00000014,190.0,2.5125806938829527,-10,7.909760812190619e-06,16.28330332693814
mono-00000014,190.0,2.5125806938829527,-9,6.516324260490734e-06,15.463135073417504
mono-00000014,190.0,2.5125806938829527,-8,4.594000642341682e-06,14.598139158177688
mono-00000014,190.0,2.5125806938829527,-7,1.5569542689142257e-05,13.67981063982728
mono-00000014,190.0,2.5125806938829527,-6,7.068563641091422e-05,12.696578034862839
mono-00000014,190.0,2.5125806938829527,-5,0.00020815610688826644,11.631989602646215
mono-00000014,190.0,2.5125806938829527,-4,0.00037941910691746407,10.461232046430993
mono-00000014,190.0,2.5125806938829527,-3,0.00018553565004820699,9.143608019228097
mono-00000014,190.0,2.5125806938829527,-2,0.001689917394687461,7.6031342270988205
mono-00000014,190.0,2.5125806938829527,-1,0.12912544944734983,5.660699319646909
mono-00000014,190.0,2.5125806938829527,0,0.5813933742721933,2.5125806938829527
mono-00000014,190.0,2.5125806938829527,1,0.0,0.0
mono-00000014,190.0,2.5125806938829527,2,0.0,0.0
mono-00000014,190.0,2.5125806938829527,3,0.0,0.0
mono-00000014,190.0,2.5125806938829527,4,0.0,0.0
mono-00000014,190.0,2.5125806938829527,5,0.0,0.0
mono-00000014,190.0,2.5125806938829527,6,0.0,0.0
mono-00000014,190.0,2.5125806938829527,7,0.0,0.0
mono-00000014,190.0,2.5125806938829527,8,0.0,0.0
mono-00000014,190.0,2.5125806938829527,9,0.0,0.0
mono-00000014,190.0,2.5125806938829527,10,0.0,0.0
mono-00000014,190.0,2.5125806938829527,11,0.0,0.0
mono-00000014,190.0,2.5125806938829527,12,0.0,0.0
mono-00000014,190.0,2.5125806938829527,13,0.0,0.0
mono-00000014,190.0,2.5125806938829527,14,0.0,0.0
mono-00000014,190.0,2.5125806938829527,15,0.0,0.0
mono-00000014,190.0,2.5125806938829527,16,0.0,0.0
mono-00000014,190.0,2.5125806938829527,17,0.0,0.0
mono-00000014,190.0,2.5125806938829527,18,0.0,0.0
mono-00000014,190.0,2.5125806938829527,19,0.0,0.0
mono-00000014,190.0,2.5125806938829527,20,0.0,0.0
mono-00000015,200.0,2.4491006514667504,-20,2.383878679505515e-07,22.37705319285257
mono-00000015,200.0,2.4491006514667504,-19,4.754588566654041e-07,21.81046567969841
mono-00000015,200.0,2.4491006514667504,-18,7.702605835909465e-07,21.229517421625488
mono-00000015,200.0,2.4491006514667504,-17,9.345844240226877e-07,20.632993027519717
mono-00000015,200.0,2.4491006514667504,-16,8.601086099541872e-07,20.01949771888937
mono-00000015,200.0,2.4491006514667504,-15,6.211678896810959e-07,19.38741796019383
mono-00000015,200.0,2.4491006514667504,-14,6.472598232598556e-07,18.734870236362397
mono-00000015,200.0,2.4491006514667504,-13,1.5752709055853188e-06,18.059633301478115
mono-00000015,200.0,2.4491006514667504,-12,3.715681411025303e-06,17.359056872587416
mono-00000015,200.0,2.4491006514667504,-11,6.422055544311652e-06,16.62993591450713
mono-00000015,200.0,2.4491006514667504,-10,8.102135298828957e-06,15.86833320414513
mono-00000015,200.0,2.4491006514667504,-9,6.994583139941548e-06,15.069321520588858
mono-00000015,200.0,2.4491006514667504,-8,4.619024493601032e-06,14.226595915218667
mono-00000015,200.0,2.4491006514667504,-7,1.3052946576570309e-05,13.33186579001854
mono-00000015,200.0,2.4491006514667504,-6,6.305379885909082e-05,12.37385145796
mono-00000015,200.0,2.4491006514667504,-5,0.00019475638994554838,11.33651629280871
mono-00000015,200.0,2.4491006514667504,-4,0.0003732881985622266,10.195673498741769
mono-00000015,200.0,2.4491006514667504,-3,0.00022941180298859261,8.911654001740388
mono-00000015,200.0,2.4491006514667504,-2,0.0012740102728444245,7.410395859682652
mono-00000015,200.0,2.4491006514667504,-1,0.12280075248632893,5.517321457305073
mono-00000015,200.0,2.4491006514667504,0,0.5437920199616663,2.449100651466537
mono-00000015,200.0,2.4491006514667504,1,0.0,0.0
mono-00000015,200.0,2.4491006514667504,2,0.0,0.0
mono-00000015,200.0,2.4491006514667504,3,0.0,0.0
mono-00000015,200.0,2.4491006514667504,4,0.0,0.0
mono-00000015,200.0,2.4491006514667504,5,0.0,0.0
mono-00000015,200.0,2.4491006514667504,6,0.0,0.0
mono-00000015,200.0,2.4491006514667504,7,0.0,0.0
mono-00000015,200.0,2.4491006514667504,8,0.0,0.0
mono-00000015,200.0,2.4491006514667504,9,0.0,0.0
mono-00000015,200.0,2.4491006514667504,10,0.0,0.0
mono-00000015,200.0,2.4491006514667504,11,0.0,0.0
mono-00000015,200.0,2.4491006514667504,12,0.0,0.0
mono-00000015,200.0,2.4491006514667504,13,0.0,0.0
mono-00000015,200.0,2.4491006514667504,14,0.0,0.0
mono-00000015,200.0,2.4491006514667504,15,0.0,0.0
mono-00000015,200.0,2.4491006514667504,16,0.0,0.0
mono-00000015,200.0,2.4491006514667504,17,0.0,0.0
mono-00000015,200.0,2.4491006514667504,18,0.0,0.0
mono-00000015,200.0,2.4491006514667504,19,0.0,0.0
mono-00000015,200.0,2.4491006514667504,20,0.0,0.0
mono-00000016,210.0,2.3902010387676,-20,2.1111764183172057e-07,21.83107683772228
mono-00000016,210.0,2.3902010387676,-19,4.331331591911465e-07,21.278645538444906
mono-00000016,210.0,2.3902010387676,-18,7.560777046516925e-07,20.7121853856181
mono-00000016,210.0,2.3902010387676,-17,9.85511457232868e-07,20.130510016121136
mono-00000016,210.0,2.3902010387676,-16,9.68529260247985e-07,19.532257976339068
mono-00000016,210.0,2.3902010387676,-15,7.146672382215503e-07,18.91585429738619
mono-00000016,210.0,2.3902010387676,-14,6.149127469678101e-07,18.279460502317733
mono-00000016,210.0,2.3902010387676,-13,1.3737750013705339e-06,17.6209084817458
mono-00000016,210.0,2.3902010387676,-12,3.4773235008842133e-06,16.937611380803602
mono-00000016,210.0,2.3902010387676,-11,6.446611738364077e-06,16.226440904431698
mono-00000016,210.0,2.3902010387676,-10,8.632076846477832e-06,15.483554146025398
mono-00000016,210.0,2.3902010387676,-9,7.87624310226687e-06,14.704141975262445
mono-00000016,210.0,2.3902010387676,-8,4.940201647360367e-06,13.88205063196709
mono-00000016,210.0,2.3902010387676,-7,1.1119525781694572e-05,13.009188427583794
mono-00000016,210.0,2.3902010387676,-6,5.805638854977478e-05,12.074546450355584
mono-00000016,210.0,2.3902010387676,-5,0.00019072030156295743,11.062473267641892
mono-00000016,210.0,2.3902010387676,-4,0.00038507523155987866,9.949363401552546
mono-00000016,210.0,2.3902010387676,-3,0.00027794431233784143,8.696501845572186
mono-00000016,210.0,2.3902010387676,-2,0.0009950999417277526,7.231609253457108
mono-00000016,210.0,2.3902010387676,-1,0.1199545152007829,5.384314016435766
mono-00000016,210.0,2.3902010387676,0,0.5153330011600936,2.3902010387674864
mono-00000016,210.0,2.3902010387676,1,0.0,0.0
mono-00000016,210.0,2.3902010387676,2,0.0,0.0
mono-00000016,210.0,2.3902010387676,3,0.0,0.0
mono-00000016,210.0,2.3902010387676,4,0.0,0.0
mono-00000016,210.0,2.3902010387676,5,0.0,0.0
mono-00000016,210.0,2.3902010387676,6,0.0,0.0
mono-00000016,210.0,2.3902010387676,7,0.0,0.0
mono-00000016,210.0,2.3902010387676,8,0.0,0.0
mono-00000016,210.0,2.3902010387676,9,0.0,0.0
mono-00000016,210.0,2.3902010387676,10,0.0,0.0
mono-00000016,210.0,2.3902010387676,11,0.0,0.0
mono-00000016,210.0,2.3902010387676,12,0.0,0.0
mono-00000016,210.0,2.3902010387676,13,0.0,0.0
mono-00000016,210.0,2.3902010387676,14,0.0,0.0
mono-00000016,210.0,2.3902010387676,15,0.0,0.0
mono-00000016,210.0,2.3902010387676,16,0.0,0.0
mono-00000016,210.0,2.3902010387676,17,0.0,0.0
mono-00000016,210.0,2.3902010387676,18,0.0,0.0
mono-00000016,210.0,2.3902010387676,19,0.0,0.0
mono-00000016,210.0,2.3902010387676,20,0.0,0.0
mono-00000017,220.0,2.335356256009078,-20,1.973898300584471e-07,21.32321247252294
mono-00000017,220.0,2.335356256009078,-19,3.985638987688293e-07,20.783926711871075
mono-00000017,220.0,2.335356256009078,-18,7.478352397375886e-07,20.23092212090944
mono-00000017,220.0,2.335356256009078,-17,1.0511202114651716e-06,19.663039376346745
mono-00000017,220.0,2.335356256009078,-16,1.111912406455878e-06,19.078948066586534
mono-00000017,220.0,2.335356256009078,-15,8.645755971328002e-07,18.47710914691784
mono-00000017,220.0,2.335356256009078,-14,6.439256244057395e-07,17.855726091902426
mono-00000017,220.0,2.335356256009078,-13,1.2187291931823975e-06,17.21268028607456
mono-00000017,220.0,2.335356256009078,-12,3.281800616433962e-06,16.545443953247613
mono-00000017,220.0,2.335356256009078,-11,6.5780444496325466e-06,15.850960274522507
mono-00000017,220.0,2.335356256009078,-10,9.428462151841028e-06,15.125474187873195
mono-00000017,220.0,2.335356256009078,-9,9.206687388865888e-06,14.364286547189494
mono-00000017,220.0,2.335356256009078,-8,5.745587699250391e-06,13.561384398061293
mono-00000017,220.0,2.335356256009078,-7,9.594148560639473e-06,12.70886129549325
mono-00000017,220.0,2.335356256009078,-6,5.433352986975278e-05,11.795960490813243
mono-00000017,220.0,2.335356256009078,-5,0.00019309842793719049,10.807389254596657
mono-00000017,220.0,2.335356256009078,-4,0.0004146913464466376,9.720083426722994
mono-00000017,220.0,2.335356256009078,-3,0.00034312461341209867,8.49621637945549
mono-00000017,220.0,2.335356256009078,-2,0.0007904027786388356,7.065168542499151
mono-00000017,220.0,2.335356256009078,-1,0.12102981211255968,5.260484257748672
mono-00000017,220.0,2.335356256009078,0,0.4978756420324421,2.3353562560092627
mono-00000017,220.0,2.335356256009078,1,0.0,0.0
mono-00000017,220.0,2.335356256009078,2,0.0,0.0
mono-00000017,220.0,2.335356256009078,3,0.0,0.0
mono-00000017,220.0,2.335356256009078,4,0.0,0.0
mono-00000017,220.0,2.335356256009078,5,0.0,0.0
mono-00000017,220.0,2.335356256009078,6,0.0,0.0
mono-00000017,220.0,2.335356256009078,7,0.0,0.0
mono-00000017,220.0,2.335356256009078,8,0.0,0.0
mono-00000017,220.0,2.335356256009078,9,0.0,0.0
mono-00000017,220.0,2.335356256009078,10,0.0,0.0
mono-00000017,220.0,2.335356256009078,11,0.0,0.0
mono-00000017,220.0,2.335356256009078,12,0.0,0.0
mono-00000017,220.0,2.335356256009078,13,0.0,0.0
mono-00000017,220.0,2.335356256009078,14,0.0,0.0
mono-00000017,220.0,2.335356256009078,15,0.0,0.0
mono-00000017,220.0,2.335356256009078,16,0.0,0.0
mono-00000017,220.0,2.335356256009078,17,0.0,0.0
mono-00000017,220.0,2.335356256009078,18,0.0,0.0
mono-00000017,220.0,2.335356256009078,19,0.0,0.0
mono-00000017,220.0,2.335356256009078,20,0.0,0.0
mono-00000018,230.0,2.2841214407637835,-20,1.9295833422654102e-07,20.84922246041576
mono-00000018,230.0,2.2841214407637835,-19,3.6324508566273323e-07,20.322186369899626
mono-00000018,230.0,2.2841214407637835,-18,7.262654522308862e-07,19.781721890458343
mono-00000018,230.0,2.2841214407637835,-17,1.099982528712515e-06,19.226694967866948
mono-00000018,230.0,2.2841214407637835,-16,1.2524342279401687e-06,18.65580419930457
mono-00000018,230.0,2.2841214407637835,-15,1.0408159554661938e-06,18.06754411069616
mono-00000018,230.0,2.2841214407637835,-14,7.208757298875064e-07,17.460157379015556
mono-00000018,230.0,2.2841214407637835,-13,1.0911945556259542e-06,16.8315716384773
mono-00000018,230.0,2.2841214407637835,-12,3.0473248348304443e-06,16.17931431790099
mono-00000018,230.0,2.2841214407637835,-11,6.618471382520311e-06,15.50039538646108
mono-00000018,230.0,2.2841214407637835,-10,1.0176637621999718e-05,14.791141862991097
mono-00000018,230.0,2.2841214407637835,-9,1.0658853193628009e-05,14.046957366499058
mono-00000018,230.0,2.2841214407637835,-8,6.89660456301236e-06,13.261960502454144
mono-00000018,230.0,2.2841214407637835,-7,8.386083589355045e-06,12.42841790031683
mono-00000018,230.0,2.2841214407637835,-6,5.0240837123450115e-05,11.535808401665477
mono-00000018,230.0,2.2841214407637835,-5,0.00019458723348669604,10.569174393748966
mono-00000018,230.0,2.2841214407637835,-4,0.00044639079949059586,9.505957420937634
mono-00000018,230.0,2.2841214407637835,-3,0.0004185907355565814,8.309160753683955
mono-00000018,230.0,2.2841214407637835,-2,0.0006126671886379282,6.90971526363947
mono-00000018,230.0,2.2841214407637835,-1,0.12289126245621498,5.144823063539064
mono-00000018,230.0,2.2841214407637835,0,0.483762321347553,2.284121440763812
mono-00000018,230.0,2.2841214407637835,1,0.0,0.0
mono-00000018,230.0,2.2841214407637835,2,0.0,0.0
mono-00000018,230.0,2.2841214407637835,3,0.0,0.0
mono-00000018,230.0,2.2841214407637835,4,0.0,0.0
mono-00000018,230.0,2.2841214407637835,5,0.0,0.0
mono-00000018,230.0,2.2841214407637835,6,0.0,0.0
mono-00000018,230.0,2.2841214407637835,7,0.0,0.0
mono-00000018,230.0,2.2841214407637835,8,0.0,0.0
mono-00000018,230.0,2.2841214407637835,9,0.0,0.0
mono-00000018,230.0,2.2841214407637835,10,0.0,0.0
mono-00000018,230.0,2.2841214407637835,11,0.0,0.0
mono-00000018,230.0,2.2841214407637835,12,0.0,0.0
mono-00000018,230.0,2.2841214407637835,13,0.0,0.0
mono-00000018,230.0,2.2841214407637835,14,0.0,0.0
mono-00000018,230.0,2.2841214407637835,15,0.0,0.0
mono-00000018,230.0,2.2841214407637835,16,0.0,0.0
mono-00000018,230.0,2.2841214407637835,17,0.0,0.0
mono-00000018,230.0,2.2841214407637835,18,0.0,0.0
mono-00000018,230.0,2.2841214407637835,19,0.0,0.0
mono-00000018,230.0,2.2841214407637835,20,0.0,0.0
mono-00000019,240.0,2.2361171918087877,-20,2.012178198175277e-07,20.405500833042538
mono-00000019,240.0,2.2361171918087877,-19,3.326816227414117e-07,19.889915885208353
mono-00000019,240.0,2.2361171918087877,-18,6.974390395763039e-07,19.361175375183052
mono-00000019,240.0,2.2361171918087877,-17,1.1378664655337768e-06,18.81816893250459
mono-00000019,240.0,2.2361171918087877,-16,1.394716466561775e-06,18.259622342835485
mono-00000019,240.0,2.2361171918087877,-15,1.2475315398347815e-06,17.684061595705117
mono-00000019,240.0,2.2361171918087877,-14,8.551437411956841e-07,17.089766109368313
mono-00000019,240.0,2.2361171918087877,-13,1.0117145965515745e-06,16.474706863350107
mono-00000019,240.0,2.2361171918087877,-12,2.8021346235816462e-06,15.836463023683464
mono-00000019,240.0,2.2361171918087877,-11,6.602300287238295e-06,15.172107150844226
mono-00000019,240.0,2.2361171918087877,-10,1.093436681951287e-05,14.47804318499523
mono-00000019,240.0,2.2361171918087877,-9,1.2318691031370917e-05,13.749771048129148
mono-00000019,240.0,2.2361171918087877,-8,8.477353200594664e-06,12.981532629492932
mono-00000019,240.0,2.2361171918087877,-7,7.604413743252655e-06,12.165756740740648
mono-00000019,240.0,2.2361171918087877,-6,4.613332683855552e-05,11.292142980441852
mono-00000019,240.0,2.2361171918087877,-5,0.00019649616464686114,10.34604774280345
mono-00000019,240.0,2.2361171918087877,-4,0.0004838236679898952,9.305386404927333
mono-00000019,240.0,2.2361171918087877,-3,0.0005093045109396162,8.133939802075005
mono-00000019,240.0,2.2361171918087877,-2,0.00046204094090508224,6.764091413671693
mono-00000019,240.0,2.2361171918087877,-1,0.12616453158186944,5.036470121277347
mono-00000019,240.0,2.2361171918087877,0,0.4739792046234959,2.2361171918088303
mono-00000019,240.0,2.2361171918087877,1,0.0,0.0
mono-00000019,240.0,2.2361171918087877,2,0.0,0.0
mono-00000019,240.0,2.2361171918087877,3,0.0,0.0
mono-00000019,240.0,2.2361171918087877,4,0.0,0.0
mono-00000019,240.0,2.2361171918087877,5,0.0,0.0
mono-00000019,240.0,2.2361171918087877,6,0.0,0.0
mono-00000019,240.0,2.2361171918087877,7,0.0,0.0
mono-00000019,240.0,2.2361171918087877,8,0.0,0.0
mono-00000019,240.0,2.2361171918087877,9,0.0,0.0
mono-00000019,240.0,2.2361171918087877,10,0.0,0.0
mono-00000019,240.0,2.2361171918087877,11,0.0,0.0
mono-00000019,240.0,2.2361171918087877,12,0.0,0.0
mono-00000019,240.0,2.2361171918087877,13,0.0,0.0
mono-00000019,240.0,2.2361171918087877,14,0.0,0.0
mono-00000019,240.0,2.2361171918087877,15,0.0,0.0
mono-00000019,240.0,2.2361171918087877,16,0.0,0.0
mono-00000019,240.0,2.2361171918087877,17,0.0,0.0
mono-00000019,240.0,2.2361171918087877,18,0.0,0.0
mono-00000019,240.0,2.2361171918087877,19,0.0,0.0
mono-00000019,240.0,2.2361171918087877,20,0.0,0.0
mono-00000020,250.0,2.1910176833228263,-20,2.2131962154556267e-07,19.988957157978447
mono-00000020,250.0,2.1910176833228263,-19,3.0788960330764e-07,19.484107974863264
mono-00000020,250.0,2.1910176833228263,-18,6.594515446946573e-07,18.96636014443196
mono-00000020,250.0,2.1910176833228263,-17,1.1568987290065313e-06,18.434625554001258
mono-00000020,250.0,2.1910176833228263,-16,1.5252770836017545e-06,17.887655540365913
mono-00000020,250.0,2.1910176833228263,-15,1.4693629509201047e-06,17.324005661402623
mono-00000020,250.0,2.1910176833228263,-14,1.037964589669555e-06,16.741989862907218
mono-00000020,250.0,2.1910176833228263,-13,9.846163880758643e-07,16.139619857333685
mono-00000020,250.0,2.1910176833228263,-12,2.5479150169477507e-06,15.514523428829932
mono-00000020,250.0,2.1910176833228263,-11,6.489065202704777e-06,14.863831954487779
mono-00000020,250.0,2.1910176833228263,-10,1.1600657183382041e-05,14.184021655312606
mono-00000020,250.0,2.1910176833228263,-9,1.406380135226484e-05,13.470682944415955
mono-00000020,250.0,2.1910176833228263,-8,1.0418298011423569e-05,12.718173551784503
mono-00000020,250.0,2.1910176833228263,-7,7.277131401206191e-06,11.919074675787229
mono-00000020,250.0,2.1910176833228263,-6,4.183436814373601e-05,11.063293332910177
mono-00000020,250.0,2.1910176833228263,-5,0.00019708753932219436,10.136480941912836
mono-00000020,250.0,2.1910176833228263,-4,0.0005220153281974494,9.116998054186197
mono-00000020,250.0,2.1910176833228263,-3,0.0006116881044883512,7.969356015392478
mono-00000020,250.0,2.1910176833228263,-2,0.0003333894171001578,6.627302953207703
mono-00000020,250.0,2.1910176833228263,-1,0.1298535866485739,4.934686850028498
mono-00000020,250.0,2.1910176833228263,0,0.46586810211398016,2.191017683322883
mono-00000020,250.0,2.1910176833228263,1,0.0,0.0
mono-00000020,250.0,2.1910176833228263,2,0.0,0.0
mono-00000020,250.0,2.1910176833228263,3,0.0,0.0
mono-00000020,250.0,2.1910176833228263,4,0.0,0.0
mono-00000020,250.0,2.1910176833228263,5,0.0,0.0
mono-00000020,250.0,2.1910176833228263,6,0.0,0.0
mono-00000020,250.0,2.1910176833228263,7,0.0,0.0
mono-00000020,250.0,2.1910176833228263,8,0.0,0.0
mono-00000020,250.0,2.1910176833228263,9,0.0,0.0
mono-00000020,250.0,2.1910176833228263,10,0.0,0.0
mono-00000020,250.0,2.1910176833228263,11,0.0,0.0
mono-00000020,250.0,2.1910176833228263,12,0.0,0.0
mono-00000020,250.0,2.1910176833228263,13,0.0,0.0
mono-00000020,250.0,2.1910176833228263,14,0.0,0.0
mono-00000020,250.0,2.1910176833228263,15,0.0,0.0
mono-00000020,250.0,2.1910176833228263,16,0.0,0.0
mono-00000020,250.0,2.1910176833228263,17,0.0,0.0
mono-00000020,250.0,2.1910176833228263,18,0.0,0.0
mono-00000020,250.0,2.1910176833228263,19,0.0,0.0
mono-00000020,250.0,2.1910176833228263,20,0.0,0.0
mono-00000021,260.0,2.1485413146169066,-20,2.5339589005756097e-07,19.596925481202547
mono-00000021,260.0,2.1485413146169066,-19,2.925407794644421e-07,19.10216819673873
mono-00000021,260.0,2.1485413146169066,-18,6.153821978510415e-07,18.594754750074827
mono-00000021,260.0,2.1485413146169066,-17,1.155399600651598e-06,18.07361799806199
mono-00000021,260.0,2.1485413146169066,-16,1.6376932298992158e-06,17.537533349441986
mono-00000021,260.0,2.1485413146169066,-15,1.6986355340259235e-06,16.98508421827829
mono-00000021,260.0,2.1485413146169066,-14,1.2666039443600142e-06,16.414617078059564
mono-00000021,260.0,2.1485413146169066,-13,1.0202628231659299e-06,15.824182014236612
mono-00000021,260.0,2.1485413146169066,-12,2.304671371359127e-06,15.21145261144838
mono-00000021,260.0,2.1485413146169066,-11,6.280198313560813e-06,14.5736156536381
mono-00000021,260.0,2.1485413146169066,-10,1.2137876288131622e-05,13.907215450904488
mono-00000021,260.0,2.1485413146169066,-9,1.585547858481589e-05,13.207927657780743
mono-00000021,260.0,2.1485413146169066,-8,1.2742148404948348e-05,12.470219122129222
mono-00000021,260.0,2.1485413146169066,-7,7.492992944826862e-06,11.686814581669893
mono-00000021,260.0,2.1485413146169066,-6,3.741629794087853e-05,10.84781642331619
mono-00000021,260.0,2.1485413146169066,-5,0.00019625364032597984,9.939153946735544
mono-00000021,260.0,2.1485413146169066,-4,0.0005611364245250962,8.939606996449385
mono-00000021,260.0,2.1485413146169066,-3,0.0007280190744750977,7.814374936415902
mono-00000021,260.0,2.1485413146169066,-2,0.00022759784832169028,6.498491116370417
mono-00000021,260.0,2.1485413146169066,-1,0.1341829246148062,4.838835113659584
mono-00000021,260.0,2.1485413146169066,0,0.4598781864159698,2.148541314616949
mono-00000021,260.0,2.1485413146169066,1,0.0,0.0
mono-00000021,260.0,2.1485413146169066,2,0.0,0.0
mono-00000021,260.0,2.1485413146169066,3,0.0,0.0
mono-00000021,260.0,2.1485413146169066,4,0.0,0.0
mono-00000021,260.0,2.1485413146169066,5,0.0,0.0
mono-00000021,260.0,2.1485413146169066,6,0.0,0.0
mono-00000021,260.0,2.1485413146169066,7,0.0,0.0
mono-00000021,260.0,2.1485413146169066,8,0.0,0.0
mono-00000021,260.0,2.1485413146169066,9,0.0,0.0
mono-00000021,260.0,2.1485413146169066,10,0.0,0.0
mono-00000021,260.0,2.1485413146169066,11,0.0,0.0
mono-00000021,260.0,2.1485413146169066,12,0.0,0.0
mono-00000021,260.0,2.1485413146169066,13,0.0,0.0
mono-00000021,260.0,2.1485413146169066,14,0.0,0.0
mono-00000021,260.0,2.1485413146169066,15,0.0,0.0
mono-00000021,260.0,2.1485413146169066,16,0.0,0.0
mono-00000021,260.0,2.1485413146169066,17,0.0,0.0
mono-00000021,260.0,2.1485413146169066,18,0.0,0.0
mono-00000021,260.0,2.1485413146169066,19,0.0,0.0
mono-00000021,260.0,2.1485413146169066,20,0.0,0.0
mono-00000022,270.0,2.1084432799983546,-20,2.960408744984021e-07,19.227092186945256
mono-00000022,270.0,2.1084432799983546,-19,2.8880494648708904e-07,18.741844823130876
mono-00000022,270.0,2.1084432799983546,-18,5.693163764527116e-07,18.244170649140713
mono-00000022,270.0,2.1084432799983546,-17,1.1348712263007854e-06,17.733022322899686
mono-00000022,270.0,2.1084432799983546,-16,1.7284390339784773e-06,17.20719798346029
mono-00000022,270.0,2.1084432799983546,-15,1.9275521161088636e-06,16.665307348143145
mono-00000022,270.0,2.1084432799983546,-14,1.5327808064276138e-06,16.105727604294543
mono-00000022,270.0,2.1084432799983546,-13,1.1193614931672196e-06,15.526545069972997
mono-00000022,270.0,2.1084432799983546,-12,2.0897587640327076e-06,14.925476574859275
mono-00000022,270.0,2.1084432799983546,-11,5.9934167212961406e-06,14.299761217328609
mono-00000022,270.0,2.1084432799983546,-10,1.2528676277036495e-05,13.646007595047323
mono-00000022,270.0,2.1084432799983546,-9,1.7632717880360266e-05,12.959971843123753
mono-00000022,270.0,2.1084432799983546,-8,1.538963667420325e-05,12.236223830656257
mono-00000022,270.0,2.1084432799983546,-7,8.282830170697539e-06,11.46762381174976
mono-00000022,270.0,2.1084432799983546,-6,3.3039601444133964e-05,10.644458619251068
mono-00000022,270.0,2.1084432799983546,-5,0.00019382113629897487,9.752919888754562
mono-00000022,270.0,2.1084432799983546,-4,0.0005992591852996564,8.772183291247472
mono-00000022,270.0,2.1084432799983546,-3,0.0008554345139128348,7.668097682948954
mono-00000022,270.0,2.1084432799983546,-2,0.0001470749269239146,6.376909626996962
mono-00000022,270.0,2.1084432799983546,-1,0.13867452413654552,4.748360313661024
mono-00000022,270.0,2.1084432799983546,0,0.45461521357682916,2.1084432799983404
mono-00000022,270.0,2.1084432799983546,1,0.0,0.0
mono-00000022,270.0,2.1084432799983546,2,0.0,0.0
mono-00000022,270.0,2.1084432799983546,3,0.0,0.0
mono-00000022,270.0,2.1084432799983546,4,0.0,0.0
mono-00000022,270.0,2.1084432799983546,5,0.0,0.0
mono-00000022,270.0,2.1084432799983546,6,0.0,0.0
mono-00000022,270.0,2.1084432799983546,7,0.0,0.0
mono-00000022,270.0,2.1084432799983546,8,0.0,0.0
mono-00000022,270.0,2.1084432799983546,9,0.0,0.0
mono-00000022,270.0,2.1084432799983546,10,0.0,0.0
mono-00000022,270.0,2.1084432799983546,11,0.0,0.0
mono-00000022,270.0,2.1084432799983546,12,0.0,0.0
mono-00000022,270.0,2.1084432799983546,13,0.0,0.0
mono-00000022,270.0,2.1084432799983546,14,0.0,0.0
mono-00000022,270.0,2.1084432799983546,15,0.0,0.0
mono-00000022,270.0,2.1084432799983546,16,0.0,0.0
mono-00000022,270.0,2.1084432799983546,17,0.0,0.0
mono-00000022,270.0,2.1084432799983546,18,0.0,0.0
mono-00000022,270.0,2.1084432799983546,19,0.0,0.0
mono-00000022,270.0,2.1084432799983546,20,0.0,0.0
mono-00000023,280.0,2.0705096095147155,-20,3.485529021840231e-07,18.877438298724073
mono-00000023,280.0,2.0705096095147155,-19,2.9986536542164836e-07,18.40117274540981
mono-00000023,280.0,2.0705096095147155,-18,5.267686308669679e-07,17.91269774073797
mono-00000023,280.0,2.0705096095147155,-17,1.0979405003195354e-06,17.410984679979407
mono-00000023,280.0,2.0705096095147155,-16,1.7945281861258684e-06,16.894853211127938
mono-00000023,280.0,2.0705096095147155,-15,2.1510691978853824e-06,16.362937941057197
mono-00000023,280.0,2.0705096095147155,-14,1.8354523385928084e-06,15.813645119777206
mono-00000023,280.0,2.0705096095147155,-13,1.2906964160037815e-06,15.245095349522941
mono-00000023,280.0,2.0705096095147155,-12,1.92480341678341e-06,14.655046378796811
mono-00000023,280.0,2.0705096095147155,-11,5.649841762460998e-06,14.040786805447752
mono-00000023,280.0,2.0705096095147155,-10,1.2767796760929162e-05,13.398986054356385
mono-00000023,280.0,2.0705096095147155,-9,1.9380782678367898e-05,12.725476407747394
mono-00000023,280.0,2.0705096095147155,-8,1.841054100769782e-05,12.014925206788561
mono-00000023,280.0,2.0705096095147155,-7,9.774809499923385e-06,11.26032091969698
mono-00000023,280.0,2.0705096095147155,-6,2.8827141283477695e-05,10.452124882446256
mono-00000023,280.0,2.0705096095147155,-5,0.00019009674425052794,9.576776919007557
mono-00000023,280.0,2.0705096095147155,-4,0.0006383364338901154,8.613827170618649
mono-00000023,280.0,2.0705096095147155,-3,0.0009993793070795685,7.529738926147459
mono-00000023,280.0,2.0705096095147155,-2,9.415831383667802e-05,6.2619064360582115
mono-00000023,280.0,2.0705096095147155,-1,0.14392645768036982,4.662777835018545
mono-00000023,280.0,2.0705096095147155,0,0.45134904406458143,2.0705096095147297
mono-00000023,280.0,2.0705096095147155,1,0.0,0.0
mono-00000023,280.0,2.0705096095147155,2,0.0,0.0
mono-00000023,280.0,2.0705096095147155,3,0.0,0.0
mono-00000023,280.0,2.0705096095147155,4,0.0,0.0
mono-00000023,280.0,2.0705096095147155,5,0.0,0.0
mono-00000023,280.0,2.0705096095147155,6,0.0,0.0
mono-00000023,280.0,2.0705096095147155,7,0.0,0.0
mono-00000023,280.0,2.0705096095147155,8,0.0,0.0
mono-00000023,280.0,2.0705096095147155,9,0.0,0.0
mono-00000023,280.0,2.0705096095147155,10,0.0,0.0
mono-00000023,280.0,2.0705096095147155,11,0.0,0.0
mono-00000023,280.0,2.0705096095147155,12,0.0,0.0
mono-00000023,280.0,2.0705096095147155,13,0.0,0.0
mono-00000023,280.0,2.0705096095147155,14,0.0,0.0
mono-00000023,280.0,2.0705096095147155,15,0.0,0.0
mono-00000023,280.0,2.0705096095147155,16,0.0,0.0
mono-00000023,280.0,2.0705096095147155,17,0.0,0.0
mono-00000023,280.0,2.0705096095147155,18,0.0,0.0
mono-00000023,280.0,2.0705096095147155,19,0.0,0.0
mono-00000023,280.0,2.0705096095147155,20,0.0,0.0
mono-00000024,290.0,2.0345523483994583,-20,4.0373228136022267e-07,18.54619292468287
mono-00000024,290.0,2.0345523483994583,-19,3.2230840864219547e-07,18.078428208030175
mono-00000024,290.0,2.0345523483994583,-18,4.876712505069549e-07,17.598660412185424
mono-00000024,290.0,2.0345523483994583,-17,1.0396442814950475e-06,17.105878698069574
mono-00000024,290.0,2.0345523483994583,-16,1.816515266544689e-06,16.598923106931025
mono-00000024,290.0,2.0345523483994583,-15,2.334715830729953e-06,16.076451843834263
mono-00000024,290.0,2.0345523483994583,-14,2.137363545007997e-06,15.536898713177223
mono-00000024,290.0,2.0345523483994583,-13,1.5116836914150348e-06,14.978416821616591
mono-00000024,290.0,2.0345523483994583,-12,1.807634117382785e-06,14.398802711681299
mono-00000024,290.0,2.0345523483994583,-11,5.229226809388755e-06,13.795391909537358
mono-00000024,290.0,2.0345523483994583,-10,1.2725488338099597e-05,13.164911506702438
mono-00000024,290.0,2.0345523483994583,-9,2.0794374263380166e-05,12.503265974579307
mono-00000024,290.0,2.0345523483994583,-8,2.1439337256295105e-05,11.805215058252799
mono-00000024,290.0,2.0345523483994583,-7,1.185735318937188e-05,11.06386877096476
mono-00000024,290.0,2.0345523483994583,-6,2.481371758737976e-05,10.269853871459134
mono-00000024,290.0,2.0345523483994583,-5,0.00018303964708061082,9.409845452173158
mono-00000024,290.0,2.0345523483994583,-4,0.0006690301301241464,8.463748622306667
mono-00000024,290.0,2.0345523483994583,-3,0.0011453944502515744,7.398609088664998
mono-00000024,290.0,2.0345523483994583,-2,7.249624869498121e-05,6.152908956850851
mono-00000024,290.0,2.0345523483994583,-1,0.14848783318272638,4.5816620865625595
mono-00000024,290.0,2.0345523483994583,0,0.4472638706181446,2.0345523483993873
mono-00000024,290.0,2.0345523483994583,1,0.0,0.0
mono-00000024,290.0,2.0345523483994583,2,0.0,0.0
mono-00000024,290.0,2.0345523483994583,3,0.0,0.0
mono-00000024,290.0,2.0345523483994583,4,0.0,0.0
mono-00000024,290.0,2.0345523483994583,5,0.0,0.0
mono-00000024,290.0,2.0345523483994583,6,0.0,0.0
mono-00000024,290.0,2.0345523483994583,7,0.0,0.0
mono-00000024,290.0,2.0345523483994583,8,0.0,0.0
mono-00000024,290.0,2.0345523483994583,9,0.0,0.0
mono-00000024,290.0,2.0345523483994583,10,0.0,0.0
mono-00000024,290.0,2.0345523483994583,11,0.0,0.0
mono-00000024,290.0,2.0345523483994583,12,0.0,0.0
mono-00000024,290.0,2.0345523483994583,13,0.0,0.0
mono-00000024,290.0,2.0345523483994583,14,0.0,0.0
mono-00000024,290.0,2.0345523483994583,15,0.0,0.0
mono-00000024,290.0,2.0345523483994583,16,0.0,0.0
mono-00000024,290.0,2.0345523483994583,17,0.0,0.0
mono-00000024,290.0,2.0345523483994583,18,0.0,0.0
mono-00000024,290.0,2.0345523483994583,19,0.0,0.0
mono-00000024,290.0,2.0345523483994583,20,0.0,0.0
mono-00000025,300.0,2.00040562669615,-20,4.624682043978689e-07,18.23179538943853
mono-00000025,300.0,2.00040562669615,-19,3.577316075368893e-07,17.77209198468732
mono-00000025,300.0,2.00040562669615,-18,4.5894040803236963e-07,17.300581778799767
mono-00000025,300.0,2.00040562669615,-17,9.732865229207668e-07,16.81627080789778
mono-00000025,300.0,2.00040562669615,-16,1.8103826555553607e-06,16.318018484096015
mono-00000025,300.0,2.00040562669615,-15,2.4918578302621494e-06,15.804505427292739
mono-00000025,300.0,2.00040562669615,-14,2.444950447174539e-06,15.274191614166341
mono-00000025,300.0,2.00040562669615,-13,1.7847170128280985e-06,14.725261024947429
mono-00000025,300.0,2.00040562669615,-12,1.7571312403997999e-06,14.155547049210014
mono-00000025,300.0,2.00040562669615,-11,4.79713616380426e-06,13.562429785498722
mono-00000025,300.0,2.00040562669615,-10,1.2520762603108119e-05,12.942691096015224
mono-00000025,300.0,2.00040562669615,-9,2.2008106170719026e-05,12.29230401487851
mono-00000025,300.0,2.00040562669615,-8,2.455219063074982e-05,11.606116047522292
mono-00000025,300.0,2.00040562669615,-7,1.4539934800775437e-05,10.877352642007537
mono-00000025,300.0,2.00040562669615,-6,2.1340876152391627e-05,10.096797660704667
mono-00000025,300.0,2.00040562669615,-5,0.000174454142235647,9.25134962809237
mono-00000025,300.0,2.00040562669615,-4,0.0006955312859818545,8.321250755195251
mono-00000025,300.0,2.00040562669615,-3,0.0012969255782263967,7.274099839118961
mono-00000025,300.0,2.00040562669615,-2,8.558984876466718e-05,6.049412032848537
mono-00000025,300.0,2.00040562669615,-1,0.15284232158983108,4.504637568588748
mono-00000025,300.0,2.00040562669615,0,0.44303713478189566,2.000405626696164
mono-00000025,300.0,2.00040562669615,1,0.0,0.0
mono-00000025,300.0,2.00040562669615,2,0.0,0.0
mono-00000025,300.0,2.00040562669615,3,0.0,0.0
mono-00000025,300.0,2.00040562669615,4,0.0,0.0
mono-00000025,300.0,2.00040562669615,5,0.0,0.0
mono-00000025,300.0,2.00040562669615,6,0.0,0.0
mono-00000025,300.0,2.00040562669615,7,0.0,0.0
mono-00000025,300.0,2.00040562669615,8,0.0,0.0
mono-00000025,300.0,2.00040562669615,9,0.0,0.0
mono-00000025,300.0,2.00040562669615,10,0.0,0.0
mono-00000025,300.0,2.00040562669615,11,0.0,0.0
mono-00000025,300.0,2.00040562669615,12,0.0,0.0
mono-00000025,300.0,2.00040562669615,13,0.0,0.0
mono-00000025,300.0,2.00040562669615,14,0.0,0.0
mono-00000025,300.0,2.00040562669615,15,0.0,0.0
mono-00000025,300.0,2.00040562669615,16,0.0,0.0
mono-00000025,300.0,2.00040562669615,17,0.0,0.0
mono-00000025,300.0,2.00040562669615,18,0.0,0.0
mono-00000025,300.0,2.00040562669615,19,0.0,0.0
mono-00000025,300.0,2.00040562669615,20,0.0,0.0
mono-00000026,310.0,1.967922431094621,-20,5.243798874831968e-07,17.932864199616617
mono-00000026,310.0,1.967922431094621,-19,4.066656142064093e-07,17.4808191967399
mono-00000026,310.0,1.967922431094621,-18,4.444034759140683e-07,17.017154371225473
mono-00000026,310.0,1.967922431094621,-17,9.057587867654059e-07,16.5408918159834
mono-00000026,310.0,1.967922431094621,-16,1.7821929256817225e-06,16.050909374327063
mono-00000026,310.0,1.967922431094621,-15,2.625068902868689e-06,15.545908993391024
mono-00000026,310.0,1.967922431094621,-14,2.758701150070093e-06,15.024375551889591
mono-00000026,310.0,1.967922431094621,-13,2.1116050403109114e-06,14.484522404800643
mono-00000026,310.0,1.967922431094621,-12,1.7841533263236175e-06,13.924217999408768
mono-00000026,310.0,1.967922431094621,-11,4.38384974783161e-06,13.34088484150476
mono-00000026,310.0,1.967922431094621,-10,1.2198218085167877e-05,12.731356902622409
mono-00000026,310.0,1.967922431094621,-9,2.30626646691957e-05,12.091672446996313
mono-00000026,310.0,1.967922431094621,-8,2.7784279339486926e-05,11.41676247323177
mono-00000026,310.0,1.967922431094621,-7,1.7867802473727822e-05,10.699962249430769
mono-00000026,310.0,1.967922431094621,-6,1.8553744736793685e-05,9.932205097207003
mono-00000026,310.0,1.967922431094621,-5,0.00016498964708473358,9.100602097047783
mono-00000026,310.0,1.967922431094621,-4,0.0007198708184700195,8.185716145866465
mono-00000026,310.0,1.967922431094621,-3,0.0014573904174731448,7.1556721849925395
mono-00000026,310.0,1.967922431094621,-2,0.0001358920502680958,5.950968059928741
mono-00000026,310.0,1.967922431094621,-1,0.1573433556371489,4.431371538970637
mono-00000026,310.0,1.967922431094621,0,0.4392682925333516,1.967922431094621
mono-00000026,310.0,1.967922431094621,1,0.0,0.0
mono-00000026,310.0,1.967922431094621,2,0.0,0.0
mono-00000026,310.0,1.967922431094621,3,0.0,0.0
mono-00000026,310.0,1.967922431094621,4,0.0,0.0
mono-00000026,310.0,1.967922431094621,5,0.0,0.0
mono-00000026,310.0,1.967922431094621,6,0.0,0.0
mono-00000026,310.0,1.967922431094621,7,0.0,0.0
mono-00000026,310.0,1.967922431094621,8,0.0,0.0
mono-00000026,310.0,1.967922431094621,9,0.0,0.0
mono-00000026,310.0,1.967922431094621,10,0.0,0.0
mono-00000026,310.0,1.967922431094621,11,0.0,0.0
mono-00000026,310.0,1.967922431094621,12,0.0,0.0
mono-00000026,310.0,1.967922431094621,13,0.0,0.0
mono-00000026,310.0,1.967922431094621,14,0.0,0.0
mono-00000026,310.0,1.967922431094621,15,0.0,0.0
mono-00000026,310.0,1.967922431094621,16,0.0,0.0
mono-00000026,310.0,1.967922431094621,17,0.0,0.0
mono-00000026,310.0,1.967922431094621,18,0.0,0.0
mono-00000026,310.0,1.967922431094621,19,0.0,0.0
mono-00000026,310.0,1.967922431094621,20,0.0,0.0
mono-00000027,320.0,1.9369719353686037,-20,5.853335231226628e-07,17.648171431815896
mono-00000027,320.0,1.9369719353686037,-19,4.6655545246601586e-07,17.203414402769937
mono-00000027,320.0,1.9369719353686037,-18,4.45115823766966e-07,16.747215939954813
mono-00000027,320.0,1.9369719353686037,-17,8.39490218988688e-07,16.27861343878253
mono-00000027,320.0,1.9369719353686037,-16,1.7284114078838414e-06,15.796502307735665
mono-00000027,320.0,1.9369719353686037,-15,2.7197389952035607e-06,15.299604818832364
mono-00000027,320.0,1.9369719353686037,-14,3.0586128063236677e-06,14.7864295821567
mono-00000027,320.0,1.9369719353686037,-13,2.4794424831488648e-06,14.255217946128184
mono-00000027,320.0,1.9369719353686037,-12,1.8915004870046216e-06,13.703871766738104
mono-00000027,320.0,1.9369719353686037,-11,3.9983524673636695e-06,13.129853961733701
mono-00000027,320.0,1.9369719353686037,-10,1.173027248653055e-05,12.530048159451056
mono-00000027,320.0,1.9369719353686037,-9,2.384392254429557e-05,11.90055478320231
mono-00000027,320.0,1.9369719353686037,-8,3.097649266684132e-05,11.236384392598723
mono-00000027,320.0,1.9369719353686037,-7,2.180223483972014e-05,10.530976901952243
mono-00000027,320.0,1.9369719353686037,-6,1.655530115209935e-05,9.775408048273562
mono-00000027,320.0,1.9369719353686037,-5,0.00015420914733119164,8.956991446740474
mono-00000027,320.0,1.9369719353686037,-4,0.0007398164684520674,8.056595554789482
mono-00000027,320.0,1.9369719353686037,-3,0.0016243021064234445,7.04284663120356
mono-00000027,320.0,1.9369719353686037,-2,0.00022655381806285855,5.857178821453076
mono-00000027,320.0,1.9369719353686037,-1,0.16189000565848685,4.361567950340728
mono-00000027,320.0,1.9369719353686037,0,0.43594087072426735,1.9369719353686605
mono-00000027,320.0,1.9369719353686037,1,0.0,0.0
mono-00000027,320.0,1.9369719353686037,2,0.0,0.0
mono-00000027,320.0,1.9369719353686037,3,0.0,0.0
mono-00000027,320.0,1.9369719353686037,4,0.0,0.0
mono-00000027,320.0,1.9369719353686037,5,0.0,0.0
mono-00000027,320.0,1.9369719353686037,6,0.0,0.0
mono-00000027,320.0,1.9369719353686037,7,0.0,0.0
mono-00000027,320.0,1.9369719353686037,8,0.0,0.0
mono-00000027,320.0,1.9369719353686037,9,0.0,0.0
mono-00000027,320.0,1.9369719353686037,10,0.0,0.0
mono-00000027,320.0,1.9369719353686037,11,0.0,0.0
mono-00000027,320.0,1.9369719353686037,12,0.0,0.0
mono-00000027,320.0,1.9369719353686037,13,0.0,0.0
mono-00000027,320.0,1.9369719353686037,14,0.0,0.0
mono-00000027,320.0,1.9369719353686037,15,0.0,0.0
mono-00000027,320.0,1.9369719353686037,16,0.0,0.0
mono-00000027,320.0,1.9369719353686037,17,0.0,0.0
mono-00000027,320.0,1.9369719353686037,18,0.0,0.0
mono-00000027,320.0,1.9369719353686037,19,0.0,0.0
mono-00000027,320.0,1.9369719353686037,20,0.0,0.0
mono-00000028,330.0,1.9074372786551095,-20,6.434192789916447e-07,17.376621457698278
mono-00000028,330.0,1.9074372786551095,-19,5.34917028435076e-07,16.938810904704255
mono-00000028,330.0,1.9074372786551095,-18,4.612899216493436e-07,16.489729353690194
mono-00000028,330.0,1.9074372786551095,-17,7.792872966724245e-07,16.028428805584795
mono-00000028,330.0,1.9074372786551095,-16,1.6548864348653538e-06,15.553821433809745
mono-00000028,330.0,1.9074372786551095,-15,2.775547422519786e-06,15.064648909083758
mono-00000028,330.0,1.9074372786551095,-14,3.335179178904517e-06,14.559442491171112
mono-00000028,330.0,1.9074372786551095,-13,2.874584118499022e-06,14.036470245634902
mono-00000028,330.0,1.9074372786551095,-12,2.075061988991814e-06,13.49366591355475
mono-00000028,330.0,1.9074372786551095,-11,3.660795594340584e-06,12.928530981096841
mono-00000028,330.0,1.9074372786551095,-10,1.1149767415946844e-05,12.337996467444597
mono-00000028,330.0,1.9074372786551095,-9,2.4342161767936684e-05,11.718222117640266
mono-00000028,330.0,1.9074372786551095,-8,3.402527413228202e-05,11.064294419439292
mono-00000028,330.0,1.9074372786551095,-7,2.6216267659292545e-05,10.369753153468352
mono-00000028,330.0,1.9074372786551095,-6,1.545694458089506e-05,9.625809964780927
mono-00000028,330.0,1.9074372786551095,-5,0.00014243788562598623,8.81997174546126
mono-00000028,330.0,1.9074372786551095,-4,0.0007541773047505475,7.93339854094819
mono-00000028,330.0,1.9074372786551095,-3,0.0017924698240131935,6.935194993759183
mono-00000028,330.0,1.9074372786551095,-2,0.00035937441788560636,5.767688695892062
mono-00000028,330.0,1.9074372786551095,-1,0.1661433653468095,4.294962405928246
mono-00000028,330.0,1.9074372786551095,0,0.43235615701025143,1.9074372786550953
mono-00000028,330.0,1.9074372786551095,1,0.0,0.0
mono-00000028,330.0,1.9074372786551095,2,0.0,0.0
mono-00000028,330.0,1.9074372786551095,3,0.0,0.0
mono-00000028,330.0,1.9074372786551095,4,0.0,0.0
mono-00000028,330.0,1.9074372786551095,5,0.0,0.0
mono-00000028,330.0,1.9074372786551095,6,0.0,0.0
mono-00000028,330.0,1.9074372786551095,7,0.0,0.0
mono-00000028,330.0,1.9074372786551095,8,0.0,0.0
mono-00000028,330.0,1.9074372786551095,9,0.0,0.0
mono-00000028,330.0,1.9074372786551095,10,0.0,0.0
mono-00000028,330.0,1.9074372786551095,11,0.0,0.0
mono-00000028,330.0,1.9074372786551095,12,0.0,0.0
mono-00000028,330.0,1.9074372786551095,13,0.0,0.0
mono-00000028,330.0,1.9074372786551095,14,0.0,0.0
mono-00000028,330.0,1.9074372786551095,15,0.0,0.0
mono-00000028,330.0,1.9074372786551095,16,0.0,0.0
mono-00000028,330.0,1.9074372786551095,17,0.0,0.0
mono-00000028,330.0,1.9074372786551095,18,0.0,0.0
mono-00000028,330.0,1.9074372786551095,19,0.0,0.0
mono-00000028,330.0,1.9074372786551095,20,0.0,0.0
mono-00000029,340.0,1.8792137054242488,-20,6.984808525773988e-07,17.117233164079565
mono-00000029,340.0,1.8792137054242488,-19,6.113248142693995e-07,16.68605345211661
mono-00000029,340.0,1.8792137054242488,-18,4.943498995803198e-07,16.243765797310886
mono-00000029,340.0,1.8792137054242488,-17,7.307090809591424e-07,15.789436160504565
mono-00000029,340.0,1.8792137054242488,-16,1.570157984970483e-06,15.321992738831241
mono-00000029,340.0,1.8792137054242488,-15,2.799058659934106e-06,14.84019574382829
mono-00000029,340.0,1.8792137054242488,-14,3.59030087595552e-06,14.342598083034403
mono-00000029,340.0,1.8792137054242488,-13,3.296650755304491e-06,13.827493357015555
mono-00000029,340.0,1.8792137054242488,-12,2.3387962513302785e-06,13.292845780748749
mono-00000029,340.0,1.8792137054242488,-11,3.3934322999115027e-06,12.736193701348071
mono-00000029,340.0,1.8792137054242488,-10,1.0506511838123138e-05,12.154513430174973
mono-00000029,340.0,1.8792137054242488,-9,2.4617866097437063e-05,11.54402140617978
mono-00000029,340.0,1.8792137054242488,-8,3.6973227930998884e-05,10.899876680746416
mono-00000029,340.0,1.8792137054242488,-7,3.1129707977359605e-05,10.215714474099684
mono-00000029,340.0,1.8792137054242488,-6,1.5353457742086524e-05,9.482876312952513
mono-00000029,340.0,1.8792137054242488,-5,0.000130272791181858,8.689053793002287
mono-00000029,340.0,1.8792137054242488,-4,0.0007649100329893085,7.81568560862749
mono-00000029,340.0,1.8792137054242488,-3,0.001965188314673777,6.832333549296692
mono-00000029,340.0,1.8792137054242488,-2,0.000536675112859255,5.682178972398816
mono-00000029,340.0,1.8792137054242488,-1,0.1703943418287636,4.231317937781753
mono-00000029,340.0,1.8792137054242488,0,0.42894816059194213,1.879213705424263
mono-00000029,340.0,1.8792137054242488,1,0.0,0.0
mono-00000029,340.0,1.8792137054242488,2,0.0,0.0
mono-00000029,340.0,1.8792137054242488,3,0.0,0.0
mono-00000029,340.0,1.8792137054242488,4,0.0,0.0
mono-00000029,340.0,1.8792137054242488,5,0.0,0.0
mono-00000029,340.0,1.8792137054242488,6,0.0,0.0
mono-00000029,340.0,1.8792137054242488,7,0.0,0.0
mono-00000029,340.0,1.8792137054242488,8,0.0,0.0
mono-00000029,340.0,1.8792137054242488,9,0.0,0.0
mono-00000029,340.0,1.8792137054242488,10,0.0,0.0
mono-00000029,340.0,1.8792137054242488,11,0.0,0.0
mono-00000029,340.0,1.8792137054242488,12,0.0,0.0
mono-00000029,340.0,1.8792137054242488,13,0.0,0.0
mono-00000029,340.0,1.8792137054242488,14,0.0,0.0
mono-00000029,340.0,1.8792137054242488,15,0.0,0.0
mono-00000029,340.0,1.8792137054242488,16,0.0,0.0
mono-00000029,340.0,1.8792137054242488,17,0.0,0.0
mono-00000029,340.0,1.8792137054242488,18,0.0,0.0
mono-00000029,340.0,1.8792137054242488,19,0.0,0.0
mono-00000029,340.0,1.8792137054242488,20,0.0,0.0
mono-00000030,350.0,1.8522069995336068,-20,7.504819411462884e-07,16.86912500910367
mono-00000030,350.0,1.8522069995336068,-19,6.956030599835949e-07,16.444283704300005
mono-00000030,350.0,1.8522069995336068,-18,5.456114292235883e-07,16.0084906478544
mono-00000030,350.0,1.8522069995336068,-17,6.983620736329571e-07,15.560825161147207
mono-00000030,350.0,1.8522069995336068,-16,1.4816584310058573e-06,15.100230776879698
mono-00000030,350.0,1.8522069995336068,-15,2.796466889563869e-06,14.625485450974267
mono-00000030,350.0,1.8522069995336068,-14,3.82660489636184e-06,14.135162808616187
mono-00000030,350.0,1.8522069995336068,-13,3.7478194516171176e-06,13.627580887940866
mono-00000030,350.0,1.8522069995336068,-12,2.68904058997201e-06,13.100733067774414
mono-00000030,350.0,1.8522069995336068,-11,3.2144020714971225e-06,12.552192971113698
mono-00000030,350.0,1.8522069995336068,-10,9.838928562452921e-06,11.97898025331699
mono-00000030,350.0,1.8522069995336068,-9,2.4724303341068964e-05,11.377365607901325
mono-00000030,350.0,1.8522069995336068,-8,3.9879281728891717e-05,10.742577526751177
mono-00000030,350.0,1.8522069995336068,-7,3.661118705542535e-05,10.068342560661705
mono-00000030,350.0,1.8522069995336068,-6,1.6342008716707125e-05,9.346126524246856
mono-00000030,350.0,1.8522069995336068,-5,0.00011811149797086109,8.563797759190976
mono-00000030,350.0,1.8522069995336068,-4,0.0007738636470628734,7.703061599261687
mono-00000030,350.0,1.8522069995336068,-3,0.0021472319312982884,6.7339172702875345
mono-00000030,350.0,1.8522069995336068,-2,0.0007622159419525911,5.60036306688518
mono-00000030,350.0,1.8522069995336068,-1,0.1749541171684048,4.1704214534654085
mono-00000030,350.0,1.8522069995336068,0,0.4261414643071777,1.8522069995335357
mono-00000030,350.0,1.8522069995336068,1,0.0,0.0
mono-00000030,350.0,1.8522069995336068,2,0.0,0.0
mono-00000030,350.0,1.8522069995336068,3,0.0,0.0
mono-00000030,350.0,1.8522069995336068,4,0.0,0.0
mono-00000030,350.0,1.8522069995336068,5,0.0,0.0
mono-00000030,350.0,1.8522069995336068,6,0.0,0.0
mono-00000030,350.0,1.8522069995336068,7,0.0,0.0
mono-00000030,350.0,1.8522069995336068,8,0.0,0.0
mono-00000030,350.0,1.8522069995336068,9,0.0,0.0
mono-00000030,350.0,1.8522069995336068,10,0.0,0.0
mono-00000030,350.0,1.8522069995336068,11,0.0,0.0
mono-00000030,350.0,1.8522069995336068,12,0.0,0.0
mono-00000030,350.0,1.8522069995336068,13,0.0,0.0
mono-00000030,350.0,1.8522069995336068,14,0.0,0.0
mono-00000030,350.0,1.8522069995336068,15,0.0,0.0
mono-00000030,350.0,1.8522069995336068,16,0.0,0.0
mono-00000030,350.0,1.8522069995336068,17,0.0,0.0
mono-00000030,350.0,1.8522069995336068,18,0.0,0.0
mono-00000030,350.0,1.8522069995336068,19,0.0,0.0
mono-00000030,350.0,1.8522069995336068,20,0.0,0.0
mono-00000031,360.0,1.8263321589623018,-20,7.936966157747965e-07,16.631502394894483
mono-00000031,360.0,1.8263321589623018,-19,7.81313362988008e-07,16.21272794504513
mono-00000031,360.0,1.8263321589623018,-18,6.120545346521837e-07,15.78315153824336
mono-00000031,360.0,1.8263321589623018,-17,6.830883332567478e-07,15.34186529875221
mono-00000031,360.0,1.8263321589623018,-16,1.3884455690098126e-06,14.887827454602942
mono-00000031,360.0,1.8263321589623018,-15,2.7544066671931332e-06,14.419832965124357
mono-00000031,360.0,1.8263321589623018,-14,4.014507909548189e-06,13.936475307796854
mono-00000031,360.0,1.8263321589623018,-13,4.195928975149139e-06,13.436095937335637
mono-00000031,360.0,1.8263321589623018,-12,3.113522613456221e-06,12.916716177641163
mono-00000031,360.0,1.8263321589623018,-11,3.1315231555679646e-06,12.375943452988224
mono-00000031,360.0,1.8263321589623018,-10,9.125880209657204e-06,11.810838950349165
mono-00000031,360.0,1.8263321589623018,-9,2.4522314393072303e-05,11.21772534854567
mono-00000031,360.0,1.8263321589623018,-8,4.246757212787046e-05,10.59189767464943
mono-00000031,360.0,1.8263321589623018,-7,4.246819983612612e-05,9.927169987654509
mono-00000031,360.0,1.8263321589623018,-6,1.8544768317506002e-05,9.215127186671282
mono-00000031,360.0,1.8263321589623018,-5,0.00010551785476498743,8.443806957238053
mono-00000031,360.0,1.8263321589623018,-4,0.0007775308687792094,7.595170101593993
mono-00000031,360.0,1.8263321589623018,-3,0.002333230315391176,6.639634948258589
mono-00000031,360.0,1.8263321589623018,-2,0.0010404723347053684,5.521982474730336
mono-00000031,360.0,1.8263321589623018,-1,0.17964189931346516,4.112080729644461
mono-00000031,360.0,1.8263321589623018,0,0.4238915216286825,1.8263321589622592
mono-00000031,360.0,1.8263321589623018,1,0.0,0.0
mono-00000031,360.0,1.8263321589623018,2,0.0,0.0
mono-00000031,360.0,1.8263321589623018,3,0.0,0.0
mono-00000031,360.0,1.8263321589623018,4,0.0,0.0
mono-00000031,360.0,1.8263321589623018,5,0.0,0.0
mono-00000031,360.0,1.8263321589623018,6,0.0,0.0
mono-00000031,360.0,1.8263321589623018,7,0.0,0.0
mono-00000031,360.0,1.8263321589623018,8,0.0,0.0
mono-00000031,360.0,1.8263321589623018,9,0.0,0.0
mono-00000031,360.0,1.8263321589623018,10,0.0,0.0
mono-00000031,360.0,1.8263321589623018,11,0.0,0.0
mono-00000031,360.0,1.8263321589623018,12,0.0,0.0
mono-00000031,360.0,1.8263321589623018,13,0.0,0.0
mono-00000031,360.0,1.8263321589623018,14,0.0,0.0
mono-00000031,360.0,1.8263321589623018,15,0.0,0.0
mono-00000031,360.0,1.8263321589623018,16,0.0,0.0
mono-00000031,360.0,1.8263321589623018,17,0.0,0.0
mono-00000031,360.0,1.8263321589623018,18,0.0,0.0
mono-00000031,360.0,1.8263321589623018,19,0.0,0.0
mono-00000031,360.0,1.8263321589623018,20,0.0,0.0
mono-00000032,370.0,1.8015122686891232,-20,8.261052182165788e-07,16.403646943917366
mono-00000032,370.0,1.8015122686891232,-19,8.635242172869185e-07,15.990686648869541
mono-00000032,370.0,1.8015122686891232,-18,6.890289722912118e-07,15.567068219216594
mono-00000032,370.0,1.8015122686891232,-17,6.845438198582336e-07,15.13189606221124
mono-00000032,370.0,1.8015122686891232,-16,1.2954430147401642e-06,14.684142504338652
mono-00000032,370.0,1.8015122686891232,-15,2.6759410094998977e-06,14.222618817548721
mono-00000032,370.0,1.8015122686891232,-14,4.144170873901963e-06,13.745937524895268
mono-00000032,370.0,1.8015122686891232,-13,4.615167394817719e-06,13.252462545871964
mono-00000032,370.0,1.8015122686891232,-12,3.5851725244013486e-06,12.740242013288707
mono-00000032,370.0,1.8015122686891232,-11,3.1441053456133682e-06,12.206915778066545
mono-00000032,370.0,1.8015122686891232,-10,8.397832341780863e-06,11.649584869312164
mono-00000032,370.0,1.8015122686891232,-9,2.400462631109614e-05,11.064621835814805
mono-00000032,370.0,1.8015122686891232,-8,4.456751198981315e-05,10.447385531641444
mono-00000032,370.0,1.8015122686891232,-7,4.836921785670658e-05,9.791773961029818
mono-00000032,370.0,1.8015122686891232,-6,2.1890229804756884e-05,9.089486257431403
mono-00000032,370.0,1.8015122686891232,-5,9.285010597538538e-05,8.328722550781166
mono-00000032,370.0,1.8015122686891232,-4,0.0007734560609744637,7.4916886997408625
mono-00000032,370.0,1.8015122686891232,-3,0.0025110675702602146,6.549205047764531
mono-00000032,370.0,1.8015122686891232,-2,0.0013682896482746418,5.446803329713731
mono-00000032,370.0,1.8015122686891232,-1,0.18380119285198568,4.056121855782109
mono-00000032,370.0,1.8015122686891232,0,0.42113213287385887,1.8015122686890948
mono-00000032,370.0,1.8015122686891232,1,0.0,0.0
mono-00000032,370.0,1.8015122686891232,2,0.0,0.0
mono-00000032,370.0,1.8015122686891232,3,0.0,0.0
mono-00000032,370.0,1.8015122686891232,4,0.0,0.0
mono-00000032,370.0,1.8015122686891232,5,0.0,0.0
mono-00000032,370.0,1.8015122686891232,6,0.0,0.0
mono-00000032,370.0,1.8015122686891232,7,0.0,0.0
mono-00000032,370.0,1.8015122686891232,8,0.0,0.0
mono-00000032,370.0,1.8015122686891232,9,0.0,0.0
mono-00000032,370.0,1.8015122686891232,10,0.0,0.0
mono-00000032,370.0,1.8015122686891232,11,0.0,0.0
mono-00000032,370.0,1.8015122686891232,12,0.0,0.0
mono-00000032,370.0,1.8015122686891232,13,0.0,0.0
mono-00000032,370.0,1.8015122686891232,14,0.0,0.0
mono-00000032,370.0,1.8015122686891232,15,0.0,0.0
mono-00000032,370.0,1.8015122686891232,16,0.0,0.0
mono-00000032,370.0,1.8015122686891232,17,0.0,0.0
mono-00000032,370.0,1.8015122686891232,18,0.0,0.0
mono-00000032,370.0,1.8015122686891232,19,0.0,0.0
mono-00000032,370.0,1.8015122686891232,20,0.0,0.0
mono-00000033,380.0,1.7776775376310638,-20,8.494649064973661e-07,16.184907348891286
mono-00000033,380.0,1.7776775376310638,-19,9.421521022121436e-07,15.777525577717029
mono-00000033,380.0,1.7776775376310638,-18,7.759397026723025e-07,15.359623907827952
mono-00000033,380.0,1.7776775376310638,-17,7.048538695245578e-07,14.930318543847974
mono-00000033,380.0,1.7776775376310638,-16,1.2110888820621634e-06,14.488595353196857
mono-00000033,380.0,1.7776775376310638,-15,2.574588368020386e-06,14.033281275217348
mono-00000033,380.0,1.7776775376310638,-14,4.22706338735425e-06,13.563007125027951
mono-00000033,380.0,1.7776775376310638,-13,5.00920721773292e-06,13.076158397895497
mono-00000033,380.0,1.7776775376310638,-12,4.101264834653199e-06,12.570808974349788
mono-00000033,380.0,1.7776775376310638,-11,3.2602301783267384e-06,12.044629848058932
mono-00000033,380.0,1.7776775376310638,-10,7.705823474268871e-06,11.494760312325141
mono-00000033,380.0,1.7776775376310638,-9,2.3275219596802104e-05,10.917620810259692
mono-00000033,380.0,1.7776775376310638,-8,4.6285365148176325e-05,10.308631493622627
mono-00000033,380.0,1.7776775376310638,-7,5.433176462263773e-05,9.66177098435638
mono-00000033,380.0,1.7776775376310638,-6,2.636706195440468e-05,8.96884812065818
mono-00000033,380.0,1.7776775376310638,-5,8.07277423167913e-05,8.218219033547001
mono-00000033,380.0,1.7776775376310638,-4,0.0007641050307883877,7.392324914659454
mono-00000033,380.0,1.7776775376310638,-3,0.0026843613909170432,6.46237216513444
mono-00000033,380.0,1.7776775376310638,-2,0.001746918945721043,5.374613464704467
mono-00000033,380.0,1.7776775376310638,-1,0.1876891000760936,4.002387050419202
mono-00000033,380.0,1.7776775376310638,0,0.4181719660972581,1.7776775376310496
mono-00000033,380.0,1.7776775376310638,1,0.0,0.0
mono-00000033,380.0,1.7776775376310638,2,0.0,0.0
mono-00000033,380.0,1.7776775376310638,3,0.0,0.0
mono-00000033,380.0,1.7776775376310638,4,0.0,0.0
mono-00000033,380.0,1.7776775376310638,5,0.0,0.0
mono-00000033,380.0,1.7776775376310638,6,0.0,0.0
mono-00000033,380.0,1.7776775376310638,7,0.0,0.0
mono-00000033,380.0,1.7776775376310638,8,0.0,0.0
mono-00000033,380.0,1.7776775376310638,9,0.0,0.0
mono-00000033,380.0,1.7776775376310638,10,0.0,0.0
mono-00000033,380.0,1.7776775376310638,11,0.0,0.0
mono-00000033,380.0,1.7776775376310638,12,0.0,0.0
mono-00000033,380.0,1.7776775376310638,13,0.0,0.0
mono-00000033,380.0,1.7776775376310638,14,0.0,0.0
mono-00000033,380.0,1.7776775376310638,15,0.0,0.0
mono-00000033,380.0,1.7776775376310638,16,0.0,0.0
mono-00000033,380.0,1.7776775376310638,17,0.0,0.0
mono-00000033,380.0,1.7776775376310638,18,0.0,0.0
mono-00000033,380.0,1.7776775376310638,19,0.0,0.0
mono-00000033,380.0,1.7776775376310638,20,0.0,0.0
mono-00000034,390.0,1.754764472145439,-20,8.645394618970801e-07,15.974691530445796
mono-00000034,390.0,1.754764472145439,-19,1.0160857471005038e-06,15.5726681496906
mono-00000034,390.0,1.754764472145439,-18,8.71384872785937e-07,15.160257871576306
mono-00000034,390.0,1.754764472145439,-17,7.447905287250834e-07,14.73658824367105
mono-00000034,390.0,1.754764472145439,-16,1.1406250535425232e-06,14.300658152625076
mono-00000034,390.0,1.754764472145439,-15,2.4584697979790946e-06,13.851309601403074
mono-00000034,390.0,1.754764472145439,-14,4.267846052064011e-06,13.38719099210347
mono-00000034,390.0,1.754764472145439,-13,5.375937856412738e-06,12.906708563903749
mono-00000034,390.0,1.754764472145439,-12,4.657033240313473e-06,12.40796095208934
mono-00000034,390.0,1.754764472145439,-11,3.483917462382937e-06,11.888649091738387
mono-00000034,390.0,1.754764472145439,-10,7.0793565985953945e-06,11.34594906390467
mono-00000034,390.0,1.754764472145439,-9,2.2386973431046197e-05,10.776327357482884
mono-00000034,390.0,1.754764472145439,-8,4.765963577028677e-05,10.17526305539414
mono-00000034,390.0,1.754764472145439,-7,6.034576277003484e-05,9.536812283945025
mono-00000034,390.0,1.754764472145439,-6,3.1977082608073474e-05,8.852889348142938
mono-00000034,390.0,1.754764472145439,-5,6.94719985108223e-05,8.112000351787827
mono-00000034,390.0,1.754764472145439,-4,0.0007506760178341803,7.296812722526951
mono-00000034,390.0,1.754764472145439,-3,0.002855275013624239,6.378903990425485
mono-00000034,390.0,1.754764472145439,-2,0.0021786595708053347,5.305219889869349
mono-00000034,390.0,1.754764472145439,-1,0.19147320062512366,3.950732787510418
mono-00000034,390.0,1.754764472145439,0,0.4152373786170404,1.7547644721453395
mono-00000034,390.0,1.754764472145439,1,0.0,0.0
mono-00000034,390.0,1.754764472145439,2,0.0,0.0
mono-00000034,390.0,1.754764472145439,3,0.0,0.0
mono-00000034,390.0,1.754764472145439,4,0.0,0.0
mono-00000034,390.0,1.754764472145439,5,0.0,0.0
mono-00000034,390.0,1.754764472145439,6,0.0,0.0
mono-00000034,390.0,1.754764472145439,7,0.0,0.0
mono-00000034,390.0,1.754764472145439,8,0.0,0.0
mono-00000034,390.0,1.754764472145439,9,0.0,0.0
mono-00000034,390.0,1.754764472145439,10,0.0,0.0
mono-00000034,390.0,1.754764472145439,11,0.0,0.0
mono-00000034,390.0,1.754764472145439,12,0.0,0.0
mono-00000034,390.0,1.754764472145439,13,0.0,0.0
mono-00000034,390.0,1.754764472145439,14,0.0,0.0
mono-00000034,390.0,1.754764472145439,15,0.0,0.0
mono-00000034,390.0,1.754764472145439,16,0.0,0.0
mono-00000034,390.0,1.754764472145439,17,0.0,0.0
mono-00000034,390.0,1.754764472145439,18,0.0,0.0
mono-00000034,390.0,1.754764472145439,19,0.0,0.0
mono-00000034,390.0,1.754764472145439,20,0.0,0.0
mono-00000035,400.0,1.7327151637866223,-20,8.725574052364997e-07,15.772459887217948
mono-00000035,400.0,1.7327151637866223,-19,1.084741143374414e-06,15.375588870463218
mono-00000035,400.0,1.7327151637866223,-18,9.742290618028365e-07,14.96845904487239
mono-00000035,400.0,1.7327151637866223,-17,8.048633857971371e-07,14.550208874986168
mono-00000035,400.0,1.7327151637866223,-16,1.0884527022867204e-06,14.119849777654736
mono-00000035,400.0,1.7327151637866223,-15,2.335393297296632e-06,13.676238253514171
mono-00000035,400.0,1.7327151637866223,-14,4.2722957438305735e-06,13.21803963073269
mono-00000035,400.0,1.7327151637866223,-13,5.715348680881725e-06,12.74368011266462
mono-00000035,400.0,1.7327151637866223,-12,5.250113507410494e-06,12.251282158623653
mono-00000035,400.0,1.7327151637866223,-11,3.819287445646695e-06,11.738575519075042
mono-00000035,400.0,1.7327151637866223,-10,6.5429295274051195e-06,11.202771678962904
mono-00000035,400.0,1.7327151637866223,-9,2.138861934450627e-05,10.64038144037093
mono-00000035,400.0,1.7327151637866223,-8,4.873908705814111e-05,10.04694059932099
mono-00000035,400.0,1.7327151637866223,-7,6.643522072131546e-05,9.416579868520316
mono-00000035,400.0,1.7327151637866223,-6,3.8747782178404796e-05,8.741315047877166
mono-00000035,400.0,1.7327151637866223,-5,5.9328998643210584e-05,8.009796564193834
mono-00000035,400.0,1.7327151637866223,-4,0.0007343108085457547,7.204909555553925
mono-00000035,400.0,1.7327151637866223,-3,0.0030268406711029907,6.298588690204639
mono-00000035,400.0,1.7327151637866223,-2,0.002667418706252041,5.238446620074598
mono-00000035,400.0,1.7327151637866223,-1,0.19533002086857398,3.901028182099381
mono-00000035,400.0,1.7327151637866223,0,0.41253705389689843,1.7327151637866933
mono-00000035,400.0,1.7327151637866223,1,0.0,0.0
mono-00000035,400.0,1.7327151637866223,2,0.0,0.0
mono-00000035,400.0,1.7327151637866223,3,0.0,0.0
mono-00000035,400.0,1.7327151637866223,4,0.0,0.0
mono-00000035,400.0,1.7327151637866223,5,0.0,0.0
mono-00000035,400.0,1.7327151637866223,6,0.0,0.0
mono-00000035,400.0,1.7327151637866223,7,0.0,0.0
mono-00000035,400.0,1.7327151637866223,8,0.0,0.0
mono-00000035,400.0,1.7327151637866223,9,0.0,0.0
mono-00000035,400.0,1.7327151637866223,10,0.0,0.0
mono-00000035,400.0,1.7327151637866223,11,0.0,0.0
mono-00000035,400.0,1.7327151637866223,12,0.0,0.0
mono-00000035,400.0,1.7327151637866223,13,0.0,0.0
mono-00000035,400.0,1.7327151637866223,14,0.0,0.0
mono-00000035,400.0,1.7327151637866223,15,0.0,0.0
mono-00000035,400.0,1.7327151637866223,16,0.0,0.0
mono-00000035,400.0,1.7327151637866223,17,0.0,0.0
mono-00000035,400.0,1.7327151637866223,18,0.0,0.0
mono-00000035,400.0,1.7327151637866223,19,0.0,0.0
mono-00000035,400.0,1.7327151637866223,20,0.0,0.0
mono-00000036,410.0,1.7114766731061337,-20,8.723575482820934e-07,15.577719462975082
mono-00000036,410.0,1.7114766731061337,-19,1.143775343156056e-06,15.185807656789294
mono-00000036,410.0,1.7114766731061337,-18,1.0796770816442272e-06,14.783760512189488
mono-00000036,410.0,1.7114766731061337,-17,8.832039029152601e-07,14.37072701073781
mono-00000036,410.0,1.7114766731061337,-16,1.0565244269993105e-06,13.94573064033176
mono-00000036,410.0,1.7114766731061337,-15,2.206727223893314e-06,13.507641867911431
mono-00000036,410.0,1.7114766731061337,-14,4.231998535799369e-06,13.05514232719905
mono-00000036,410.0,1.7114766731061337,-13,6.005639269184139e-06,12.586677453657344
mono-00000036,410.0,1.7114766731061337,-12,5.859033434963879e-06,12.100392656808992
mono-00000036,410.0,1.7114766731061337,-11,4.264553160979511e-06,11.594045445348044
mono-00000036,410.0,1.7114766731061337,-10,6.110366990094607e-06,11.06488140890032
mono-00000036,410.0,1.7114766731061337,-9,2.0257471036015307e-05,10.509454036154821
mono-00000036,410.0,1.7114766731061337,-8,4.9392378084208036e-05,9.923353753922257
mono-00000036,410.0,1.7114766731061337,-7,7.241610908841745e-05,9.300783121978284
mono-00000036,410.0,1.7114766731061337,-6,4.670182718683784e-05,8.633855706440443
mono-00000036,410.0,1.7114766731061337,-5,5.038274147537779e-05,7.911360953396937
mono-00000036,410.0,1.7114766731061337,-4,0.0007138567172891612,7.1163937081672515
mono-00000036,410.0,1.7114766731061337,-3,0.0031973294454874005,6.221232643957023
mono-00000036,410.0,1.7114766731061337,-2,0.0032184504702665443,5.174132795737435
mono-00000036,410.0,1.7114766731061337,-1,0.19930738014436755,3.8531535939495285
mono-00000036,410.0,1.7114766731061337,0,0.4102711051776977,1.711476673106219
mono-00000036,410.0,1.7114766731061337,1,0.0,0.0
mono-00000036,410.0,1.7114766731061337,2,0.0,0.0
mono-00000036,410.0,1.7114766731061337,3,0.0,0.0
mono-00000036,410.0,1.7114766731061337,4,0.0,0.0
mono-00000036,410.0,1.7114766731061337,5,0.0,0.0
mono-00000036,410.0,1.7114766731061337,6,0.0,0.0
mono-00000036,410.0,1.7114766731061337,7,0.0,0.0
mono-00000036,410.0,1.7114766731061337,8,0.0,0.0
mono-00000036,410.0,1.7114766731061337,9,0.0,0.0
mono-00000036,410.0,1.7114766731061337,10,0.0,0.0
mono-00000036,410.0,1.7114766731061337,11,0.0,0.0
mono-00000036,410.0,1.7114766731061337,12,0.0,0.0
mono-00000036,410.0,1.7114766731061337,13,0.0,0.0
mono-00000036,410.0,1.7114766731061337,14,0.0,0.0
mono-00000036,410.0,1.7114766731061337,15,0.0,0.0
mono-00000036,410.0,1.7114766731061337,16,0.0,0.0
mono-00000036,410.0,1.7114766731061337,17,0.0,0.0
mono-00000036,410.0,1.7114766731061337,18,0.0,0.0
mono-00000036,410.0,1.7114766731061337,19,0.0,0.0
mono-00000036,410.0,1.7114766731061337,20,0.0,0.0
mono-00000037,420.0,1.6910004945584376,-20,8.636027182174372e-07,15.390018887068734
mono-00000037,420.0,1.6910004945584376,-19,1.189565549756817e-06,15.00288491237258
mono-00000037,420.0,1.6910004945584376,-18,1.1813889826026412e-06,14.605734722179164
mono-00000037,420.0,1.6910004945584376,-17,9.743076724708203e-07,14.197727438968542
mono-00000037,420.0,1.6910004945584376,-16,1.0441876838026118e-06,13.777898189915362
mono-00000037,420.0,1.6910004945584376,-15,2.076096897412726e-06,13.34513090859096
mono-00000037,420.0,1.6910004945584376,-14,4.145250548855995e-06,12.898122950774493
mono-00000037,420.0,1.6910004945584376,-13,6.2278655440003105e-06,12.435338295651675
mono-00000037,420.0,1.6910004945584376,-12,6.4490604364115105e-06,11.954944481287
mono-00000037,420.0,1.6910004945584376,-11,4.792260402171277e-06,11.454725780552863
mono-00000037,420.0,1.6910004945584376,-10,5.790821192863544e-06,10.931960666123047
mono-00000037,420.0,1.6910004945584376,-9,1.9010772486545264e-05,10.383243783853814
mono-00000037,420.0,1.6910004945584376,-8,4.950891931975593e-05,9.804218233427122
mono-00000037,420.0,1.6910004945584376,-7,7.792324520041595e-05,9.189155846040407
mono-00000037,420.0,1.6910004945584376,-6,5.551550974744095e-05,8.530264448193492
mono-00000037,420.0,1.6910004945584376,-5,4.2928832212003364e-05,7.816467518638447
mono-00000037,420.0,1.6910004945584376,-4,0.0006877225989991664,7.031062085363686
mono-00000037,420.0,1.6910004945584376,-3,0.0033540702534400136,6.146658479005737
mono-00000037,420.0,1.6910004945584376,-2,0.00382147678039613,5.11213105140682
mono-00000037,420.0,1.6910004945584376,-1,0.20285003504148352,3.806999415187107
mono-00000037,420.0,1.6910004945584376,0,0.4077029911666606,1.6910004945585086
mono-00000037,420.0,1.6910004945584376,1,0.0,0.0
mono-00000037,420.0,1.6910004945584376,2,0.0,0.0
mono-00000037,420.0,1.6910004945584376,3,0.0,0.0
mono-00000037,420.0,1.6910004945584376,4,0.0,0.0
mono-00000037,420.0,1.6910004945584376,5,0.0,0.0
mono-00000037,420.0,1.6910004945584376,6,0.0,0.0
mono-00000037,420.0,1.6910004945584376,7,0.0,0.0
mono-00000037,420.0,1.6910004945584376,8,0.0,0.0
mono-00000037,420.0,1.6910004945584376,9,0.0,0.0
mono-00000037,420.0,1.6910004945584376,10,0.0,0.0
mono-00000037,420.0,1.6910004945584376,11,0.0,0.0
mono-00000037,420.0,1.6910004945584376,12,0.0,0.0
mono-00000037,420.0,1.6910004945584376,13,0.0,0.0
mono-00000037,420.0,1.6910004945584376,14,0.0,0.0
mono-00000037,420.0,1.6910004945584376,15,0.0,0.0
mono-00000037,420.0,1.6910004945584376,16,0.0,0.0
mono-00000037,420.0,1.6910004945584376,17,0.0,0.0
mono-00000037,420.0,1.6910004945584376,18,0.0,0.0
mono-00000037,420.0,1.6910004945584376,19,0.0,0.0
mono-00000037,420.0,1.6910004945584376,20,0.0,0.0
mono-00000038,430.0,1.6712420901885991,-20,8.490146840503045e-07,15.208943969894648
mono-00000038,430.0,1.6712420901885991,-19,1.2235915026523866e-06,14.826417241010276
mono-00000038,430.0,1.6712420901885991,-18,1.2784825963332652e-06,14.433989320978867
mono-00000038,430.0,1.6712420901885991,-17,1.076714173852021e-06,14.030829118997701
mono-00000038,430.0,1.6712420901885991,-16,1.0533040095092995e-06,13.61598299489647
mono-00000038,430.0,1.6712420901885991,-15,1.952576473924773e-06,13.18834787831392
mono-00000038,430.0,1.6712420901885991,-14,4.025514262209462e-06,12.746636297587443
mono-00000038,430.0,1.6712420901885991,-13,6.390628571663907e-06,12.28933012735827
mono-00000038,430.0,1.6712420901885991,-12,7.017797557424831e-06,11.81461826046052
mono-00000038,430.0,1.6712420901885991,-11,5.394836258484414e-06,11.320310797850354
mono-00000038,430.0,1.6712420901885991,-10,5.600658064801796e-06,10.803717944856743
mono-00000038,430.0,1.6712420901885991,-9,1.772432440795197e-05,10.261474064276285
mono-00000038,430.0,1.6712420901885991,-8,4.9201280868223954e-05,9.689273084977003
mono-00000038,430.0,1.6712420901885991,-7,8.299395963593908e-05,9.081453684242561
mono-00000038,430.0,1.6712420901885991,-6,6.509228948775977e-05,8.43031464777782
mono-00000038,430.0,1.6712420901885991,-5,3.723359089593457e-05,7.724908791547648
mono-00000038,430.0,1.6712420901885991,-4,0.0006576407781993253,6.948728241136337
mono-00000038,430.0,1.6712420901885991,-3,0.003499423657654683,6.074703358508543
mono-00000038,430.0,1.6712420901885991,-2,0.004476559322397304,5.052306094381109
mono-00000038,430.0,1.6712420901885991,-1,0.20608614692344732,3.762465013967116
mono-00000038,430.0,1.6712420901885991,0,0.4049447138945457,1.6712420901886276
mono-00000038,430.0,1.6712420901885991,1,0.0,0.0
mono-00000038,430.0,1.6712420901885991,2,0.0,0.0
mono-00000038,430.0,1.6712420901885991,3,0.0,0.0
mono-00000038,430.0,1.6712420901885991,4,0.0,0.0
mono-00000038,430.0,1.6712420901885991,5,0.0,0.0
mono-00000038,430.0,1.6712420901885991,6,0.0,0.0
mono-00000038,430.0,1.6712420901885991,7,0.0,0.0
mono-00000038,430.0,1.6712420901885991,8,0.0,0.0
mono-00000038,430.0,1.6712420901885991,9,0.0,0.0
mono-00000038,430.0,1.6712420901885991,10,0.0,0.0
mono-00000038,430.0,1.6712420901885991,11,0.0,0.0
mono-00000038,430.0,1.6712420901885991,12,0.0,0.0
mono-00000038,430.0,1.6712420901885991,13,0.0,0.0
mono-00000038,430.0,1.6712420901885991,14,0.0,0.0
mono-00000038,430.0,1.6712420901885991,15,0.0,0.0
mono-00000038,430.0,1.6712420901885991,16,0.0,0.0
mono-00000038,430.0,1.6712420901885991,17,0.0,0.0
mono-00000038,430.0,1.6712420901885991,18,0.0,0.0
mono-00000038,430.0,1.6712420901885991,19,0.0,0.0
mono-00000038,430.0,1.6712420901885991,20,0.0,0.0
mono-00000039,440.0,1.6521604818932047,-20,8.305944279837788e-07,15.034113855443863
mono-00000039,440.0,1.6521604818932047,-19,1.2468153374811733e-06,14.656033701779108
mono-00000039,440.0,1.6521604818932047,-18,1.3698232505502888e-06,14.268163512208488
mono-00000039,440.0,1.6521604818932047,-17,1.1887821398559902e-06,13.869681648602182
mono-00000039,440.0,1.6521604818932047,-16,1.0846709934863408e-06,13.459645319967095
mono-00000039,440.0,1.6521604818932047,-15,1.8423553111193964e-06,13.036964008233497
mono-00000039,440.0,1.6521604818932047,-14,3.882185383959282e-06,12.600364896086063
mono-00000039,440.0,1.6521604818932047,-13,6.4985250602248275e-06,12.148347142272144
mono-00000039,440.0,1.6521604818932047,-12,7.5613990967112945e-06,11.679120264698568
mono-00000039,440.0,1.6521604818932047,-11,6.065989038756319e-06,11.190519309643008
mono-00000039,440.0,1.6521604818932047,-10,5.549757584621229e-06,10.679885130252785
mono-00000039,440.0,1.6521604818932047,-9,1.644667830356485e-05,10.143890448129838
mono-00000039,440.0,1.6521604818932047,-8,4.853884482962364e-05,9.578278282756287
mono-00000039,440.0,1.6521604818932047,-7,8.764990037702839e-05,8.977451870476457
mono-00000039,440.0,1.6521604818932047,-6,7.537854419808426e-05,8.333797843327915
mono-00000039,440.0,1.6521604818932047,-5,3.345383086499469e-05,7.636493926948461
mono-00000039,440.0,1.6521604818932047,-4,0.000624735009414955,6.869220663819448
mono-00000039,440.0,1.6521604818932047,-3,0.003635742655970273,6.005217484891219
mono-00000039,440.0,1.6521604818932047,-2,0.005186006250781116,4.994533462132665
mono-00000039,440.0,1.6521604818932047,-1,0.20915485033747133,3.719457810973992
mono-00000039,440.0,1.6521604818932047,0,0.4021591365888154,1.6521604818931763
mono-00000039,440.0,1.6521604818932047,1,0.0,0.0
mono-00000039,440.0,1.6521604818932047,2,0.0,0.0
mono-00000039,440.0,1.6521604818932047,3,0.0,0.0
mono-00000039,440.0,1.6521604818932047,4,0.0,0.0
mono-00000039,440.0,1.6521604818932047,5,0.0,0.0
mono-00000039,440.0,1.6521604818932047,6,0.0,0.0
mono-00000039,440.0,1.6521604818932047,7,0.0,0.0
mono-00000039,440.0,1.6521604818932047,8,0.0,0.0
mono-00000039,440.0,1.6521604818932047,9,0.0,0.0
mono-00000039,440.0,1.6521604818932047,10,0.0,0.0
mono-00000039,440.0,1.6521604818932047,11,0.0,0.0
mono-00000039,440.0,1.6521604818932047,12,0.0,0.0
mono-00000039,440.0,1.6521604818932047,13,0.0,0.0
mono-00000039,440.0,1.6521604818932047,14,0.0,0.0
mono-00000039,440.0,1.6521604818932047,15,0.0,0.0
mono-00000039,440.0,1.6521604818932047,16,0.0,0.0
mono-00000039,440.0,1.6521604818932047,17,0.0,0.0
mono-00000039,440.0,1.6521604818932047,18,0.0,0.0
mono-00000039,440.0,1.6521604818932047,19,0.0,0.0
mono-00000039,440.0,1.6521604818932047,20,0.0,0.0
mono-00000040,450.0,1.6337178937522765,-20,8.100455658264965e-07,14.865177649541025
mono-00000040,450.0,1.6337178937522765,-19,1.2602188850363189e-06,14.491392527081615
mono-00000040,450.0,1.6337178937522765,-18,1.4543858490270176e-06,14.10792486673867
mono-00000040,450.0,1.6337178937522765,-17,1.308792223144198e-06,13.713962167597302
mono-00000040,450.0,1.6337178937522765,-16,1.1384630679921305e-06,13.308572125703634
mono-00000040,450.0,1.6337178937522765,-15,1.7502305209613906e-06,12.890676356203812
mono-00000040,450.0,1.6337178937522765,-14,3.7234258679375568e-06,12.459016206767089
mono-00000040,450.0,1.6337178937522765,-13,6.555541397312319e-06,12.012107542937926
mono-00000040,450.0,1.6337178937522765,-12,8.075784880648142e-06,11.548179818636328
mono-00000040,450.0,1.6337178937522765,-11,6.799654930600667e-06,11.065092191872012
mono-00000040,450.0,1.6337178937522765,-10,5.645034110270895e-06,10.560215139215885
mono-00000040,450.0,1.6337178937522765,-9,1.5215641887677538e-05,10.030258458626065
mono-00000040,450.0,1.6337178937522765,-8,4.757544585028973e-05,9.471012618537031
mono-00000040,450.0,1.6337178937522765,-7,9.190759615765746e-05,8.876943254840427
mono-00000040,450.0,1.6337178937522765,-6,8.63408723039247e-05,8.240521906636701
mono-00000040,450.0,1.6337178937522765,-5,3.1708814337448814e-05,7.551047028682788
mono-00000040,450.0,1.6337178937522765,-4,0.0005898232941772701,6.792381272442057
mono-00000040,450.0,1.6337178937522765,-3,0.003765143680119722,5.938062787396504
mono-00000040,450.0,1.6337178937522765,-2,0.005953387703657247,4.9386984325531245
mono-00000040,450.0,1.6337178937522765,-1,0.2121752549215102,3.6778924694595645
mono-00000040,450.0,1.6337178937522765,0,0.3994805414882346,1.633717893752248
mono-00000040,450.0,1.6337178937522765,1,0.0,0.0
mono-00000040,450.0,1.6337178937522765,2,0.0,0.0
mono-00000040,450.0,1.6337178937522765,3,0.0,0.0
mono-00000040,450.0,1.6337178937522765,4,0.0,0.0
mono-00000040,450.0,1.6337178937522765,5,0.0,0.0
mono-00000040,450.0,1.6337178937522765,6,0.0,0.0
mono-00000040,450.0,1.6337178937522765,7,0.0,0.0
mono-00000040,450.0,1.6337178937522765,8,0.0,0.0
mono-00000040,450.0,1.6337178937522765,9,0.0,0.0
mono-00000040,450.0,1.6337178937522765,10,0.0,0.0
mono-00000040,450.0,1.6337178937522765,11,0.0,0.0
mono-00000040,450.0,1.6337178937522765,12,0.0,0.0
mono-00000040,450.0,1.6337178937522765,13,0.0,0.0
mono-00000040,450.0,1.6337178937522765,14,0.0,0.0
mono-00000040,450.0,1.6337178937522765,15,0.0,0.0
mono-00000040,450.0,1.6337178937522765,16,0.0,0.0
mono-00000040,450.0,1.6337178937522765,17,0.0,0.0
mono-00000040,450.0,1.6337178937522765,18,0.0,0.0
mono-00000040,450.0,1.6337178937522765,19,0.0,0.0
mono-00000040,450.0,1.6337178937522765,20,0.0,0.0
mono-00000041,460.0,1.615879437324594,-20,7.879002878602931e-07,14.701811455788416
mono-00000041,460.0,1.615879437324594,-19,1.2630176509960062e-06,14.332178237423804
mono-00000041,460.0,1.615879437324594,-18,1.5287921178693959e-06,13.95296651799218
mono-00000041,460.0,1.615879437324594,-17,1.432574772626307e-06,13.563372635504848
mono-00000041,460.0,1.615879437324594,-16,1.2128327620990426e-06,13.162474430622865
mono-00000041,460.0,1.615879437324594,-15,1.6784089446925205e-06,12.749205255449098
mono-00000041,460.0,1.615879437324594,-14,3.5522901563186116e-06,12.322320159923365
mono-00000041,460.0,1.615879437324594,-13,6.555776678029722e-06,11.880351170521834
mono-00000041,460.0,1.615879437324594,-12,8.542338398269715e-06,11.421547025656324
mono-00000041,460.0,1.615879437324594,-11,7.5771626356517895e-06,10.943790206899891
mono-00000041,460.0,1.615879437324594,-10,5.887163640159098e-06,10.444479845681826
mono-00000041,460.0,1.615879437324594,-9,1.4049928418134208e-05,9.920361603776612
mono-00000041,460.0,1.615879437324594,-8,4.628577426032841e-05,9.367271846420834
mono-00000041,460.0,1.615879437324594,-7,9.561791148609601e-05,8.779736567316107
mono-00000041,460.0,1.615879437324594,-6,9.781881259044317e-05,8.150309433698553
mono-00000041,460.0,1.615879437324594,-5,3.212269402679226e-05,7.468405677007937
mono-00000041,460.0,1.615879437324594,-4,0.0005526865446431054,6.7180640940703995
mono-00000041,460.0,1.615879437324594,-3,0.0038849587349166687,5.8731117675616105
mono-00000041,460.0,1.615879437324594,-2,0.006778776800294274,4.884695065289407
mono-00000041,460.0,1.615879437324594,-1,0.2151103868370061,3.637690182677872
mono-00000041,460.0,1.615879437324594,0,0.39692108496076445,1.6158794373246508
mono-00000041,460.0,1.615879437324594,1,0.0,0.0
mono-00000041,460.0,1.615879437324594,2,0.0,0.0
mono-00000041,460.0,1.615879437324594,3,0.0,0.0
mono-00000041,460.0,1.615879437324594,4,0.0,0.0
mono-00000041,460.0,1.615879437324594,5,0.0,0.0
mono-00000041,460.0,1.615879437324594,6,0.0,0.0
mono-00000041,460.0,1.615879437324594,7,0.0,0.0
mono-00000041,460.0,1.615879437324594,8,0.0,0.0
mono-00000041,460.0,1.615879437324594,9,0.0,0.0
mono-00000041,460.0,1.615879437324594,10,0.0,0.0
mono-00000041,460.0,1.615879437324594,11,0.0,0.0
mono-00000041,460.0,1.615879437324594,12,0.0,0.0
mono-00000041,460.0,1.615879437324594,13,0.0,0.0
mono-00000041,460.0,1.615879437324594,14,0.0,0.0
mono-00000041,460.0,1.615879437324594,15,0.0,0.0
mono-00000041,460.0,1.615879437324594,16,0.0,0.0
mono-00000041,460.0,1.615879437324594,17,0.0,0.0
mono-00000041,460.0,1.615879437324594,18,0.0,0.0
mono-00000041,460.0,1.615879437324594,19,0.0,0.0
mono-00000041,460.0,1.615879437324594,20,0.0,0.0
mono-00000042,470.0,1.5986128339370964,-20,7.648671819733173e-07,14.543715762204997
mono-00000042,470.0,1.5986128339370964,-19,1.2554818575861983e-06,14.1780990974637
mono-00000042,470.0,1.5986128339370964,-18,1.5906523174941427e-06,13.803004688897602
mono-00000042,470.0,1.5986128339370964,-17,1.5556969982145032e-06,13.4176374310441
mono-00000042,470.0,1.5986128339370964,-16,1.3044801189358404e-06,13.021084984997032
mono-00000042,470.0,1.5986128339370964,-15,1.628313529265404e-06,12.612292064671621
mono-00000042,470.0,1.5986128339370964,-14,3.3744463865883573e-06,12.190026984223834
mono-00000042,470.0,1.5986128339370964,-13,6.4993283064048374e-06,11.752837414292884
mono-00000042,470.0,1.5986128339370964,-12,8.946050278848326e-06,11.298990760996631
mono-00000042,470.0,1.5986128339370964,-11,8.373973594772062e-06,10.82639208333218
mono-00000042,470.0,1.5986128339370964,-10,6.266144465557087e-06,10.332468250682368
mono-00000042,470.0,1.5986128339370964,-9,1.2977346092224e-05,9.813999640785468
mono-00000042,470.0,1.5986128339370964,-8,4.468761632651509e-05,9.266867046353724
mono-00000042,470.0,1.5986128339370964,-7,9.864776963205288e-05,8.685654886136291
mono-00000042,470.0,1.5986128339370964,-6,0.00010952510511259024,8.062996324935298
mono-00000042,470.0,1.5986128339370964,-5,3.4766298771320386e-05,7.388419629499225
mono-00000042,470.0,1.5986128339370964,-4,0.0005134827046205506,6.646134096945971
mono-00000042,470.0,1.5986128339370964,-3,0.003990239791522374,5.810246480648459
mono-00000042,470.0,1.5986128339370964,-2,0.007654152037018516,4.832425355934944
mono-00000042,470.0,1.5986128339370964,-1,0.21777974120740898,3.5987780451753792
mono-00000042,470.0,1.5986128339370964,0,0.3942697991084655,1.5986128339369117
mono-00000042,470.0,1.5986128339370964,1,0.0,0.0
mono-00000042,470.0,1.5986128339370964,2,0.0,0.0
mono-00000042,470.0,1.5986128339370964,3,0.0,0.0
mono-00000042,470.0,1.5986128339370964,4,0.0,0.0
mono-00000042,470.0,1.5986128339370964,5,0.0,0.0
mono-00000042,470.0,1.5986128339370964,6,0.0,0.0
mono-00000042,470.0,1.5986128339370964,7,0.0,0.0
mono-00000042,470.0,1.5986128339370964,8,0.0,0.0
mono-00000042,470.0,1.5986128339370964,9,0.0,0.0
mono-00000042,470.0,1.5986128339370964,10,0.0,0.0
mono-00000042,470.0,1.5986128339370964,11,0.0,0.0
mono-00000042,470.0,1.5986128339370964,12,0.0,0.0
mono-00000042,470.0,1.5986128339370964,13,0.0,0.0
mono-00000042,470.0,1.5986128339370964,14,0.0,0.0
mono-00000042,470.0,1.5986128339370964,15,0.0,0.0
mono-00000042,470.0,1.5986128339370964,16,0.0,0.0
mono-00000042,470.0,1.5986128339370964,17,0.0,0.0
mono-00000042,470.0,1.5986128339370964,18,0.0,0.0
mono-00000042,470.0,1.5986128339370964,19,0.0,0.0
mono-00000042,470.0,1.5986128339370964,20,0.0,0.0
mono-00000043,480.0,1.5818881689370983,-20,7.423634445578237e-07,14.39061313055386
mono-00000043,480.0,1.5818881689370983,-19,1.2395057115039188e-06,14.028884866627749
mono-00000043,480.0,1.5818881689370983,-18,1.6401404574947959e-06,13.657776505121731
mono-00000043,480.0,1.5818881689370983,-17,1.6762648543975004e-06,13.276501229427154
mono-00000043,480.0,1.5818881689370983,-16,1.4115886763176324e-06,12.884156213798846
mono-00000043,480.0,1.5818881689370983,-15,1.6019765285700878e-06,12.479697178391191
mono-00000043,480.0,1.5818881689370983,-14,3.198493486313673e-06,12.061905286380124
mono-00000043,480.0,1.5818881689370983,-13,6.39548815657923e-06,11.629343362769703
mono-00000043,480.0,1.5818881689370983,-12,9.28659739418317e-06,11.180296896794502
mono-00000043,480.0,1.5818881689370983,-11,9.179514664831004e-06,10.71269281769338
mono-00000043,480.0,1.5818881689370983,-10,6.775732777914099e-06,10.223984863780572
mono-00000043,480.0,1.5818881689370983,-9,1.2030038567617768e-05,9.710987040861923
mono-00000043,480.0,1.5818881689370983,-8,4.285771780050597e-05,9.169623176564613
mono-00000043,480.0,1.5818881689370983,-7,0.00010103397837835578,8.59453428292393
mono-00000043,480.0,1.5818881689370983,-6,0.00012135019003092547,7.978430529238992
mono-00000043,480.0,1.5818881689370983,-5,3.9655632206797674e-05,7.310949671805247
mono-00000043,480.0,1.5818881689370983,-4,0.0004731414216110818,6.576466158185383
mono-00000043,480.0,1.5818881689370983,-3,0.004081943346683871,5.749357634501678
mono-00000043,480.0,1.5818881689370983,-2,0.00857871095380726,4.781798487702531
mono-00000043,480.0,1.5818881689370983,-1,0.2202280355295392,3.5610884965157084
mono-00000043,480.0,1.5818881689370983,0,0.39155391328960876,1.581888168936942
mono-00000043,480.0,1.5818881689370983,1,0.0,0.0
mono-00000043,480.0,1.5818881689370983,2,0.0,0.0
mono-00000043,480.0,1.5818881689370983,3,0.0,0.0
mono-00000043,480.0,1.5818881689370983,4,0.0,0.0
mono-00000043,480.0,1.5818881689370983,5,0.0,0.0
mono-00000043,480.0,1.5818881689370983,6,0.0,0.0
mono-00000043,480.0,1.5818881689370983,7,0.0,0.0
mono-00000043,480.0,1.5818881689370983,8,0.0,0.0
mono-00000043,480.0,1.5818881689370983,9,0.0,0.0
mono-00000043,480.0,1.5818881689370983,10,0.0,0.0
mono-00000043,480.0,1.5818881689370983,11,0.0,0.0
mono-00000043,480.0,1.5818881689370983,12,0.0,0.0
mono-00000043,480.0,1.5818881689370983,13,0.0,0.0
mono-00000043,480.0,1.5818881689370983,14,0.0,0.0
mono-00000043,480.0,1.5818881689370983,15,0.0,0.0
mono-00000043,480.0,1.5818881689370983,16,0.0,0.0
mono-00000043,480.0,1.5818881689370983,17,0.0,0.0
mono-00000043,480.0,1.5818881689370983,18,0.0,0.0
mono-00000043,480.0,1.5818881689370983,19,0.0,0.0
mono-00000043,480.0,1.5818881689370983,20,0.0,0.0
mono-00000044,490.0,1.56567767364794,-20,7.215293912359428e-07,14.242246147778317
mono-00000044,490.0,1.56567767364794,-19,1.2166594864203828e-06,13.884284804814314
mono-00000044,490.0,1.56567767364794,-18,1.6773445288435124e-06,13.51703805622111
mono-00000044,490.0,1.56567767364794,-17,1.7924155794450833e-06,13.13972712024642
mono-00000044,490.0,1.56567767364794,-16,1.5322399261982098e-06,12.751458392733994
mono-00000044,490.0,1.56567767364794,-15,1.600429289863425e-06,12.351198262675766
mono-00000044,490.0,1.56567767364794,-14,3.0311577767427175e-06,11.937740348292962
mono-00000044,490.0,1.56567767364794,-13,6.252169312301902e-06,11.5096621641961
mono-00000044,490.0,1.56567767364794,-12,9.563024270576995e-06,11.065266728038722
mono-00000044,490.0,1.56567767364794,-11,9.983796901729395e-06,10.602502168286136
mono-00000044,490.0,1.56567767364794,-10,7.40922581002528e-06,10.118848267615135
mono-00000044,490.0,1.56567767364794,-9,1.1231145150579056e-05,9.61115162766437
mono-00000044,490.0,1.56567767364794,-8,4.085493095280497e-05,9.075377789680147
mono-00000044,490.0,1.56567767364794,-7,0.00010280337684894799,8.506222620985383
mono-00000044,490.0,1.56567767364794,-6,0.00013320795162562708,7.896470929951278
mono-00000044,490.0,1.56567767364794,-5,4.679015231947908e-05,7.235866598245281
mono-00000044,490.0,1.56567767364794,-4,0.00043236151813031684,6.508944148078527
mono-00000044,490.0,1.56567767364794,-3,0.004161150327690078,5.690343790162174
mono-00000044,490.0,1.56567767364794,-2,0.009553301650006712,4.732730167573052
mono-00000044,490.0,1.56567767364794,-1,0.2225148097209209,3.524558827779856
mono-00000044,490.0,1.56567767364794,0,0.38883397403407255,1.5656776736479685
mono-00000044,490.0,1.56567767364794,1,0.0,0.0
mono-00000044,490.0,1.56567767364794,2,0.0,0.0
mono-00000044,490.0,1.56567767364794,3,0.0,0.0
mono-00000044,490.0,1.56567767364794,4,0.0,0.0
mono-00000044,490.0,1.56567767364794,5,0.0,0.0
mono-00000044,490.0,1.56567767364794,6,0.0,0.0
mono-00000044,490.0,1.56567767364794,7,0.0,0.0
mono-00000044,490.0,1.56567767364794,8,0.0,0.0
mono-00000044,490.0,1.56567767364794,9,0.0,0.0
mono-00000044,490.0,1.56567767364794,10,0.0,0.0
mono-00000044,490.0,1.56567767364794,11,0.0,0.0
mono-00000044,490.0,1.56567767364794,12,0.0,0.0
mono-00000044,490.0,1.56567767364794,13,0.0,0.0
mono-00000044,490.0,1.56567767364794,14,0.0,0.0
mono-00000044,490.0,1.56567767364794,15,0.0,0.0
mono-00000044,490.0,1.56567767364794,16,0.0,0.0
mono-00000044,490.0,1.56567767364794,17,0.0,0.0
mono-00000044,490.0,1.56567767364794,18,0.0,0.0
mono-00000044,490.0,1.56567767364794,19,0.0,0.0
mono-00000044,490.0,1.56567767364794,20,0.0,0.0
mono-00000045,500.0,1.5499555314121665,-20,7.032773104518477e-07,14.09837560511771
mono-00000045,500.0,1.5499555314121665,-19,1.1883000059142772e-06,13.744065899686902
mono-00000045,500.0,1.5499555314121665,-18,1.7022628591301168e-06,13.380562672165738
mono-00000045,500.0,1.5499555314121665,-17,1.9020838961689358e-06,13.00709493437627
mono-00000045,500.0,1.5499555314121665,-16,1.6640848281274627e-06,12.622778026778562
mono-00000045,500.0,1.5499555314121665,-15,1.623733026725217e-06,12.226588686696871
mono-00000045,500.0,1.5499555314121665,-14,2.877691055477235e-06,11.81733261315695
mono-00000045,500.0,1.5499555314121665,-13,6.076430730011288e-06,11.393601568900394
mono-00000045,500.0,1.5499555314121665,-12,9.773585707124775e-06,10.95371557309609
mono-00000045,500.0,1.5499555314121665,-11,1.0775093932327668e-05,10.495643316049964
mono-00000045,500.0,1.5499555314121665,-10,8.157121566481279e-06,10.016889841565714
mono-00000045,500.0,1.5499555314121665,-9,1.0597683460156748e-05,9.514333366633949
mono-00000045,500.0,1.5499555314121665,-8,3.872710883981403e-05,8.983979891085454
mono-00000045,500.0,1.5499555314121665,-7,0.00010396388414097463,8.420578486710511
mono-00000045,500.0,1.5499555314121665,-6,0.00014498866780288276,7.816986354205056
mono-00000045,500.0,1.5499555314121665,-5,5.614643141652237e-05,7.163050305261734
mono-00000045,500.0,1.5499555314121665,-4,0.00039167640642123877,6.443460115734936
mono-00000045,500.0,1.5499555314121665,-3,0.004228027368080496,5.63311065093221
mono-00000045,500.0,1.5499555314121665,-2,0.010577505728608607,4.6851420358783
mono-00000045,500.0,1.5499555314121665,-1,0.22466126016782334,3.489130742637286
mono-00000045,500.0,1.5499555314121665,0,0.3861306488452705,1.5499555314121096
mono-00000045,500.0,1.5499555314121665,1,0.0,0.0
mono-00000045,500.0,1.5499555314121665,2,0.0,0.0
mono-00000045,500.0,1.5499555314121665,3,0.0,0.0
mono-00000045,500.0,1.5499555314121665,4,0.0,0.0
mono-00000045,500.0,1.5499555314121665,5,0.0,0.0
mono-00000045,500.0,1.5499555314121665,6,0.0,0.0
mono-00000045,500.0,1.5499555314121665,7,0.0,0.0
mono-00000045,500.0,1.5499555314121665,8,0.0,0.0
mono-00000045,500.0,1.5499555314121665,9,0.0,0.0
mono-00000045,500.0,1.5499555314121665,10,0.0,0.0
mono-00000045,500.0,1.5499555314121665,11,0.0,0.0
mono-00000045,500.0,1.5499555314121665,12,0.0,0.0
mono-00000045,500.0,1.5499555314121665,13,0.0,0.0
mono-00000045,500.0,1.5499555314121665,14,0.0,0.0
mono-00000045,500.0,1.5499555314121665,15,0.0,0.0
mono-00000045,500.0,1.5499555314121665,16,0.0,0.0
mono-00000045,500.0,1.5499555314121665,17,0.0,0.0
mono-00000045,500.0,1.5499555314121665,18,0.0,0.0
mono-00000045,500.0,1.5499555314121665,19,0.0,0.0
mono-00000045,500.0,1.5499555314121665,20,0.0,0.0
mono-00000046,510.0,1.5346977046382477,-20,6.885024377086655e-07,13.958778875588493
mono-00000046,510.0,1.5346977046382477,-19,1.1559051174077427e-06,13.60801128703423
mono-00000046,510.0,1.5346977046382477,-18,1.7152676093798911e-06,13.248139387518947
mono-00000046,510.0,1.5346977046382477,-17,2.003551365568257e-06,12.878399752998945
mono-00000046,510.0,1.5346977046382477,-16,1.8048693020061112e-06,12.497916405173456
mono-00000046,510.0,1.5346977046382477,-15,1.6715624078920126e-06,12.105676124929374
mono-00000046,510.0,1.5346977046382477,-14,2.742604632443417e-06,11.70049633623249
mono-00000046,510.0,1.5346977046382477,-13,5.875971938464287e-06,11.280982630162256
mono-00000046,510.0,1.5346977046382477,-12,9.91866334172843e-06,10.845471526381942
mono-00000046,510.0,1.5346977046382477,-11,1.1543333788538572e-05,10.391951670967856
mono-00000046,510.0,1.5346977046382477,-10,9.009671496336386e-06,9.91795262410433
mono-00000046,510.0,1.5346977046382477,-9,1.0143240319481559e-05,9.420383285845404
mono-00000046,510.0,1.5346977046382477,-8,3.652217442955932e-05,8.895288921271984
mono-00000046,510.0,1.5346977046382477,-7,0.00010453791653653955,8.337470236997575
mono-00000046,510.0,1.5346977046382477,-6,0.00015660578106113974,7.739854689800694
mono-00000046,510.0,1.5346977046382477,-5,6.768873250577582e-05,7.0923889832524765
mono-00000046,510.0,1.5346977046382477,-4,0.0003516011374605215,6.37991356308207
mono-00000046,510.0,1.5346977046382477,-3,0.004283128658696403,5.577570428551553
mono-00000046,510.0,1.5346977046382477,-2,0.011651847962766894,4.638961139904197
mono-00000046,510.0,1.5346977046382477,-1,0.2266993060865206,3.4547499659962995
mono-00000046,510.0,1.5346977046382477,0,0.38347289521048866,1.5346977046379067
mono-00000046,510.0,1.5346977046382477,1,0.0,0.0
mono-00000046,510.0,1.5346977046382477,2,0.0,0.0
mono-00000046,510.0,1.5346977046382477,3,0.0,0.0
mono-00000046,510.0,1.5346977046382477,4,0.0,0.0
mono-00000046,510.0,1.5346977046382477,5,0.0,0.0
mono-00000046,510.0,1.5346977046382477,6,0.0,0.0
mono-00000046,510.0,1.5346977046382477,7,0.0,0.0
mono-00000046,510.0,1.5346977046382477,8,0.0,0.0
mono-00000046,510.0,1.5346977046382477,9,0.0,0.0
mono-00000046,510.0,1.5346977046382477,10,0.0,0.0
mono-00000046,510.0,1.5346977046382477,11,0.0,0.0
mono-00000046,510.0,1.5346977046382477,12,0.0,0.0
mono-00000046,510.0,1.5346977046382477,13,0.0,0.0
mono-00000046,510.0,1.5346977046382477,14,0.0,0.0
mono-00000046,510.0,1.5346977046382477,15,0.0,0.0
mono-00000046,510.0,1.5346977046382477,16,0.0,0.0
mono-00000046,510.0,1.5346977046382477,17,0.0,0.0
mono-00000046,510.0,1.5346977046382477,18,0.0,0.0
mono-00000046,510.0,1.5346977046382477,19,0.0,0.0
mono-00000046,510.0,1.5346977046382477,20,0.0,0.0
mono-00000047,520.0,1.5198817802161102,-20,6.778011596549256e-07,13.823248464787724
mono-00000047,520.0,1.5198817802161102,-19,1.1206365396477953e-06,13.47591883982902
mono-00000047,520.0,1.5198817802161102,-18,1.7163339662782761e-06,13.119571569594967
mono-00000047,520.0,1.5198817802161102,-17,2.094424837190303e-06,12.75345057577951
mono-00000047,520.0,1.5198817802161102,-16,1.951506723079723e-06,12.376688310623052
mono-00000047,520.0,1.5198817802161102,-15,1.742726944242302e-06,11.988281308479628
mono-00000047,520.0,1.5198817802161102,-14,2.6289115868204796e-06,11.587058379528173
mono-00000047,520.0,1.5198817802161102,-13,5.656553660992209e-06,11.171638543612417
mono-00000047,520.0,1.5198817802161102,-12,9.995928044750899e-06,10.74037434400573
mono-00000047,520.0,1.5198817802161102,-11,1.227396850032081e-05,10.291273805687482
mono-00000047,520.0,1.5198817802161102,-10,9.953105314188e-06,9.821890296368721
mono-00000047,520.0,1.5198817802161102,-9,9.877024108767375e-06,9.329162511817927
mono-00000047,520.0,1.5198817802161102,-8,3.427422421375687e-05,8.809173846567248
mono-00000047,520.0,1.5198817802161102,-7,0.00010450798658616448,8.256775148104325
mono-00000047,520.0,1.5198817802161102,-6,0.00016791602840640431,7.664962096090775
mono-00000047,520.0,1.5198817802161102,-5,8.136631286157183e-05,7.023778394410456
mono-00000047,520.0,1.5198817802161102,-4,0.0003124777876405817,6.318210796107081
mono-00000047,520.0,1.5198817802161102,-3,0.004325735794005466,5.523641276792574
mono-00000047,520.0,1.5198817802161102,-2,0.012775169109421091,4.594119463472424
mono-00000047,520.0,1.5198817802161102,-1,0.22862557498836272,3.421365894258713
mono-00000047,520.0,1.5198817802161102,0,0.38087038611221674,1.5198817802163234
mono-00000047,520.0,1.5198817802161102,1,0.0,0.0
mono-00000047,520.0,1.5198817802161102,2,0.0,0.0
mono-00000047,520.0,1.5198817802161102,3,0.0,0.0
mono-00000047,520.0,1.5198817802161102,4,0.0,0.0
mono-00000047,520.0,1.5198817802161102,5,0.0,0.0
mono-00000047,520.0,1.5198817802161102,6,0.0,0.0
mono-00000047,520.0,1.5198817802161102,7,0.0,0.0
mono-00000047,520.0,1.5198817802161102,8,0.0,0.0
mono-00000047,520.0,1.5198817802161102,9,0.0,0.0
mono-00000047,520.0,1.5198817802161102,10,0.0,0.0
mono-00000047,520.0,1.5198817802161102,11,0.0,0.0
mono-00000047,520.0,1.5198817802161102,12,0.0,0.0
mono-00000047,520.0,1.5198817802161102,13,0.0,0.0
mono-00000047,520.0,1.5198817802161102,14,0.0,0.0
mono-00000047,520.0,1.5198817802161102,15,0.0,0.0
mono-00000047,520.0,1.5198817802161102,16,0.0,0.0
mono-00000047,520.0,1.5198817802161102,17,0.0,0.0
mono-00000047,520.0,1.5198817802161102,18,0.0,0.0
mono-00000047,520.0,1.5198817802161102,19,0.0,0.0
mono-00000047,520.0,1.5198817802161102,20,0.0,0.0
mono-00000048,530.0,1.5054868310379845,-20,6.717146095864514e-07,13.691590713552557
mono-00000048,530.0,1.5054868310379845,-19,1.0839523119627531e-06,13.34759990509788
mono-00000048,530.0,1.5054868310379845,-18,1.7061871125807998e-06,12.994675690295665
mono-00000048,530.0,1.5054868310379845,-17,2.1730304759397842e-06,12.63206912849418
mono-00000048,530.0,1.5054868310379845,-16,2.1010257935957294e-06,12.258920863617732
mono-00000048,530.0,1.5054868310379845,-15,1.8355895126126787e-06,11.874236907095536
mono-00000048,530.0,1.5054868310379845,-14,2.5391381086470007e-06,11.47685713259645
mono-00000048,530.0,1.5054868310379845,-13,5.425468986505301e-06,11.065413608036863
mono-00000048,530.0,1.5054868310379845,-12,1.0007174489263913e-05,10.638274445955119
mono-00000048,530.0,1.5054868310379845,-11,1.2955272769409743e-05,10.193466500636646
mono-00000048,530.0,1.5054868310379845,-10,1.0971535300165179e-05,9.728566271981038
mono-00000048,530.0,1.5054868310379845,-9,9.804065058434796e-06,9.240541406086578
mono-00000048,530.0,1.5054868310379845,-8,3.202742351319856e-05,8.72551234486248
mono-00000048,530.0,1.5054868310379845,-7,0.00010388988090495278,8.178378653402802
mono-00000048,530.0,1.5054868310379845,-6,0.00017878426733135413,7.592202297268187
mono-00000048,530.0,1.5054868310379845,-5,9.70694173421482e-05,6.95712122595674
mono-00000048,530.0,1.5054868310379845,-4,0.0002747690279359961,6.258264343811845
mono-00000048,530.0,1.5054868310379845,-3,0.0043552047491213965,5.471246784157458
mono-00000048,530.0,1.5054868310379845,-2,0.013944090847290279,4.550553505593911
mono-00000048,530.0,1.5054868310379845,-1,0.23041534458748866,3.3889312820450357
mono-00000048,530.0,1.5054868310379845,0,0.37829004033050223,1.5054868310379987
mono-00000048,530.0,1.5054868310379845,1,0.0,0.0
mono-00000048,530.0,1.5054868310379845,2,0.0,0.0
mono-00000048,530.0,1.5054868310379845,3,0.0,0.0
mono-00000048,530.0,1.5054868310379845,4,0.0,0.0
mono-00000048,530.0,1.5054868310379845,5,0.0,0.0
mono-00000048,530.0,1.5054868310379845,6,0.0,0.0
mono-00000048,530.0,1.5054868310379845,7,0.0,0.0
mono-00000048,530.0,1.5054868310379845,8,0.0,0.0
mono-00000048,530.0,1.5054868310379845,9,0.0,0.0
mono-00000048,530.0,1.5054868310379845,10,0.0,0.0
mono-00000048,530.0,1.5054868310379845,11,0.0,0.0
mono-00000048,530.0,1.5054868310379845,12,0.0,0.0
mono-00000048,530.0,1.5054868310379845,13,0.0,0.0
mono-00000048,530.0,1.5054868310379845,14,0.0,0.0
mono-00000048,530.0,1.5054868310379845,15,0.0,0.0
mono-00000048,530.0,1.5054868310379845,16,0.0,0.0
mono-00000048,530.0,1.5054868310379845,17,0.0,0.0
mono-00000048,530.0,1.5054868310379845,18,0.0,0.0
mono-00000048,530.0,1.5054868310379845,19,0.0,0.0
mono-00000048,530.0,1.5054868310379845,20,0.0,0.0
mono-00000049,540.0,1.4914932916797738,-20,6.707430832684697e-07,13.56362463402293
mono-00000049,540.0,1.4914932916797738,-19,1.0474692855332875e-06,13.222878170644336
mono-00000049,540.0,1.4914932916797738,-18,1.6860924173828343e-06,12.873280224175062
mono-00000049,540.0,1.4914932916797738,-17,2.2384007705098957e-06,12.51408879317843
mono-00000049,540.0,1.4914932916797738,-16,2.2509343272985715e-06,12.144452485477203
mono-00000049,540.0,1.4914932916797738,-15,1.94869378806853e-06,11.763386525997987
mono-00000049,540.0,1.4914932916797738,-14,2.4753688675751763e-06,11.369741544140794
mono-00000049,540.0,1.4914932916797738,-13,5.190327450136965e-06,10.962162292858736
mono-00000049,540.0,1.4914932916797738,-12,9.957249395126053e-06,10.539032020685553
mono-00000049,540.0,1.4914932916797738,-11,1.3579601051501743e-05,10.098395887114194
mono-00000049,540.0,1.4914932916797738,-10,1.205165314276329e-05,9.637852880233254
mono-00000049,540.0,1.4914932916797738,-9,9.92728743067232e-06,9.1543987903231
mono-00000049,540.0,1.4914932916797738,-8,2.982634694617516e-05,8.644190074829012
mono-00000049,540.0,1.4914932916797738,-7,0.00010272602786187948,8.102173659269724
mono-00000049,540.0,1.4914932916797738,-6,0.00018913451793983618,7.521475948080393
mono-00000049,540.0,1.4914932916797738,-5,0.00011469576589504586,6.892326509640512
mono-00000049,540.0,1.4914932916797738,-4,0.00023894147155068424,6.199992436687197
mono-00000049,540.0,1.4914932916797738,-3,0.004372049946906378,5.420315518529051
mono-00000049,540.0,1.4914932916797738,-2,0.015158118480364446,4.508203902262423
mono-00000049,540.0,1.4914932916797738,-1,0.23208734413497922,3.357401960987403
mono-00000049,540.0,1.4914932916797738,0,0.3757433014427657,1.4914932916797028
mono-00000049,540.0,1.4914932916797738,1,0.0,0.0
mono-00000049,540.0,1.4914932916797738,2,0.0,0.0
mono-00000049,540.0,1.4914932916797738,3,0.0,0.0
mono-00000049,540.0,1.4914932916797738,4,0.0,0.0
mono-00000049,540.0,1.4914932916797738,5,0.0,0.0
mono-00000049,540.0,1.4914932916797738,6,0.0,0.0
mono-00000049,540.0,1.4914932916797738,7,0.0,0.0
mono-00000049,540.0,1.4914932916797738,8,0.0,0.0
mono-00000049,540.0,1.4914932916797738,9,0.0,0.0
mono-00000049,540.0,1.4914932916797738,10,0.0,0.0
mono-00000049,540.0,1.4914932916797738,11,0.0,0.0
mono-00000049,540.0,1.4914932916797738,12,0.0,0.0
mono-00000049,540.0,1.4914932916797738,13,0.0,0.0
mono-00000049,540.0,1.4914932916797738,14,0.0,0.0
mono-00000049,540.0,1.4914932916797738,15,0.0,0.0
mono-00000049,540.0,1.4914932916797738,16,0.0,0.0
mono-00000049,540.0,1.4914932916797738,17,0.0,0.0
mono-00000049,540.0,1.4914932916797738,18,0.0,0.0
mono-00000049,540.0,1.4914932916797738,19,0.0,0.0
mono-00000049,540.0,1.4914932916797738,20,0.0,0.0
mono-00000050,550.0,1.477882846561556,-20,6.75145097177592e-07,13.439180863191183
mono-00000050,550.0,1.477882846561556,-19,1.012683644508641e-06,13.101588646136932
mono-00000050,550.0,1.477882846561556,-18,1.657464194593748e-06,12.755224657679605
mono-00000050,550.0,1.477882846561556,-17,2.289773553723322e-06,12.399353646187691
mono-00000050,550.0,1.477882846561556,-16,2.3986344306908265e-06,12.033131965963463
mono-00000050,550.0,1.477882846561556,-15,2.080340977151846e-06,11.655583803850348
mono-00000050,550.0,1.477882846561556,-14,2.4389432077268726e-06,11.265570251231551
mono-00000050,550.0,1.477882846561556,-13,4.957799380974495e-06,10.861748399590994
mono-00000050,550.0,1.477882846561556,-12,9.851449974539054e-06,10.442516219919668
mono-00000050,550.0,1.477882846561556,-11,1.4139823631975977e-05,10.005936676692073
mono-00000050,550.0,1.477882846561556,-10,1.317964555771043e-05,9.549630631525517
mono-00000050,550.0,1.477882846561556,-9,1.0246701494615957e-05,9.070621249468687
mono-00000050,550.0,1.477882846561556,-8,2.7710201090870393e-05,8.56510001868942
mono-00000050,550.0,1.477882846561556,-7,0.00010105580003557761,8.028059929818014
mono-00000050,550.0,1.477882846561556,-6,0.00019889292272137575,7.4526900633556465
mono-00000050,550.0,1.477882846561556,-5,0.0001341356992526859,6.829309099625831
mono-00000050,550.0,1.477882846561556,-4,0.0002054008845571547,6.143318537629099
mono-00000050,550.0,1.477882846561556,-3,0.004376670671196968,5.370780617597092
mono-00000050,550.0,1.477882846561556,-2,0.016416814037690776,4.467015086258712
mono-00000050,550.0,1.477882846561556,-1,0.23365686811062744,3.3267365867737624
mono-00000050,550.0,1.477882846561556,0,0.3732410817001541,1.4778828465614424
mono-00000050,550.0,1.477882846561556,1,0.0,0.0
mono-00000050,550.0,1.477882846561556,2,0.0,0.0
mono-00000050,550.0,1.477882846561556,3,0.0,0.0
mono-00000050,550.0,1.477882846561556,4,0.0,0.0
mono-00000050,550.0,1.477882846561556,5,0.0,0.0
mono-00000050,550.0,1.477882846561556,6,0.0,0.0
mono-00000050,550.0,1.477882846561556,7,0.0,0.0
mono-00000050,550.0,1.477882846561556,8,0.0,0.0
mono-00000050,550.0,1.477882846561556,9,0.0,0.0
mono-00000050,550.0,1.477882846561556,10,0.0,0.0
mono-00000050,550.0,1.477882846561556,11,0.0,0.0
mono-00000050,550.0,1.477882846561556,12,0.0,0.0
mono-00000050,550.0,1.477882846561556,13,0.0,0.0
mono-00000050,550.0,1.477882846561556,14,0.0,0.0
mono-00000050,550.0,1.477882846561556,15,0.0,0.0
mono-00000050,550.0,1.477882846561556,16,0.0,0.0
mono-00000050,550.0,1.477882846561556,17,0.0,0.0
mono-00000050,550.0,1.477882846561556,18,0.0,0.0
mono-00000050,550.0,1.477882846561556,19,0.0,0.0
mono-00000050,550.0,1.477882846561556,20,0.0,0.0
mono-00000051,560.0,1.4646383291350276,-20,6.849616371112973e-07,13.31810072017656
mono-00000051,560.0,1.4646383291350276,-19,9.80969674260006e-07,12.983576745168605
mono-00000051,560.0,1.4646383291350276,-18,1.6219449343173545e-06,12.640358596546733
mono-00000051,560.0,1.4646383291350276,-17,2.3267954741026216e-06,12.287717591539078
mono-00000051,560.0,1.4646383291350276,-16,2.5415813224554544e-06,11.924817623226133
mono-00000051,560.0,1.4646383291350276,-15,2.228670208665793e-06,11.550691600033915
mono-00000051,560.0,1.4646383291350276,-14,2.430713067874451e-06,11.164210794714393
mono-00000051,560.0,1.4646383291350276,-13,4.733877841425883e-06,10.764044306271217
mono-00000051,560.0,1.4646383291350276,-12,9.696040308190427e-06,10.348604433110737
mono-00000051,560.0,1.4646383291350276,-11,1.463031050581206e-05,9.915971466839835
mono-00000051,560.0,1.4646383291350276,-10,1.4341814250270338e-05,9.463787555445975
mono-00000051,560.0,1.4646383291350276,-9,1.0759954331264375e-05,8.989102503764656
mono-00000051,560.0,1.4646383291350276,-8,2.571499708648522e-05,8.48814188995317
mono-00000051,560.0,1.4646383291350276,-7,9.892260108439616e-05,7.9559435324302825
mono-00000051,560.0,1.4646383291350276,-6,0.00020799752613866591,7.385757503892137
mono-00000051,560.0,1.4646383291350276,-5,0.0001552743916555899,6.7679892019513375
mono-00000051,560.0,1.4646383291350276,-4,0.00017451974907517817,6.088170919179419
mono-00000051,560.0,1.4646383291350276,-3,0.004369534576723398,5.322579419722842
mono-00000051,560.0,1.4646383291350276,-2,0.0177200230914225,4.426934980534696
mono-00000051,560.0,1.4646383291350276,-1,0.23513950510262216,3.2968964111543926
mono-00000051,560.0,1.4646383291350276,0,0.3707936571159256,1.4646383291350844
mono-00000051,560.0,1.4646383291350276,1,0.0,0.0
mono-00000051,560.0,1.4646383291350276,2,0.0,0.0
mono-00000051,560.0,1.4646383291350276,3,0.0,0.0
mono-00000051,560.0,1.4646383291350276,4,0.0,0.0
mono-00000051,560.0,1.4646383291350276,5,0.0,0.0
mono-00000051,560.0,1.4646383291350276,6,0.0,0.0
mono-00000051,560.0,1.4646383291350276,7,0.0,0.0
mono-00000051,560.0,1.4646383291350276,8,0.0,0.0
mono-00000051,560.0,1.4646383291350276,9,0.0,0.0
mono-00000051,560.0,1.4646383291350276,10,0.0,0.0
mono-00000051,560.0,1.4646383291350276,11,0.0,0.0
mono-00000051,560.0,1.4646383291350276,12,0.0,0.0
mono-00000051,560.0,1.4646383291350276,13,0.0,0.0
mono-00000051,560.0,1.4646383291350276,14,0.0,0.0
mono-00000051,560.0,1.4646383291350276,15,0.0,0.0
mono-00000051,560.0,1.4646383291350276,16,0.0,0.0
mono-00000051,560.0,1.4646383291350276,17,0.0,0.0
mono-00000051,560.0,1.4646383291350276,18,0.0,0.0
mono-00000051,560.0,1.4646383291350276,19,0.0,0.0
mono-00000051,560.0,1.4646383291350276,20,0.0,0.0
mono-00000052,570.0,1.4517436308334766,-20,7.001491365609313e-07,13.200235355287973
mono-00000052,570.0,1.4517436308334766,-19,9.536359510727772e-07,12.868697456670859
mono-00000052,570.0,1.4517436308334766,-18,1.5815146753765184e-06,12.52854096007178
mono-00000052,570.0,1.4517436308334766,-17,2.3498550776880255e-06,12.179043578577193
mono-00000052,570.0,1.4517436308334766,-16,2.6777508620873806e-06,11.819376545464522
mono-00000052,570.0,1.4517436308334766,-15,2.392096693823473e-06,11.448581260962982
mono-00000052,570.0,1.4517436308334766,-14,2.451580187066935e-06,11.065538910904507
mono-00000052,570.0,1.4517436308334766,-13,4.524280253822619e-06,10.668930285343734
mono-00000052,570.0,1.4517436308334766,-12,9.499046527769119e-06,10.25718163241784
mono-00000052,570.0,1.4517436308334766,-11,1.5049238889223469e-05,9.82839011401775
mono-00000052,570.0,1.4517436308334766,-10,1.5527861707386214e-05,9.38021860315122
mono-00000052,570.0,1.4517436308334766,-9,1.1465131692133784e-05,8.909742841771745
mono-00000052,570.0,1.4517436308334766,-8,2.3874918322308105e-05,8.41322159865949
mono-00000052,570.0,1.4517436308334766,-7,9.638436962213173e-05,7.8857363371186295
mono-00000052,570.0,1.4517436308334766,-6,0.0002164403796540642,7.3205965122434975
mono-00000052,570.0,1.4517436308334766,-5,0.00017804191629033257,6.708291949647787
mono-00000052,570.0,1.4517436308334766,-4,0.00014663594792290396,6.034482281777983
mono-00000052,570.0,1.4517436308334766,-3,0.004351952570516317,5.275653130604653
mono-00000052,570.0,1.4517436308334766,-2,0.0190712558044225,4.387914721327448
mono-00000052,570.0,1.4517436308334766,-1,0.2365834519784828,3.267845076048161
mono-00000052,570.0,1.4517436308334766,0,0.3684405116448758,1.4517436308334766
mono-00000052,570.0,1.4517436308334766,1,0.0,0.0
mono-00000052,570.0,1.4517436308334766,2,0.0,0.0
mono-00000052,570.0,1.4517436308334766,3,0.0,0.0
mono-00000052,570.0,1.4517436308334766,4,0.0,0.0
mono-00000052,570.0,1.4517436308334766,5,0.0,0.0
mono-00000052,570.0,1.4517436308334766,6,0.0,0.0
mono-00000052,570.0,1.4517436308334766,7,0.0,0.0
mono-00000052,570.0,1.4517436308334766,8,0.0,0.0
mono-00000052,570.0,1.4517436308334766,9,0.0,0.0
mono-00000052,570.0,1.4517436308334766,10,0.0,0.0
mono-00000052,570.0,1.4517436308334766,11,0.0,0.0
mono-00000052,570.0,1.4517436308334766,12,0.0,0.0
mono-00000052,570.0,1.4517436308334766,13,0.0,0.0
mono-00000052,570.0,1.4517436308334766,14,0.0,0.0
mono-00000052,570.0,1.4517436308334766,15,0.0,0.0
mono-00000052,570.0,1.4517436308334766,16,0.0,0.0
mono-00000052,570.0,1.4517436308334766,17,0.0,0.0
mono-00000052,570.0,1.4517436308334766,18,0.0,0.0
mono-00000052,570.0,1.4517436308334766,19,0.0,0.0
mono-00000052,570.0,1.4517436308334766,20,0.0,0.0
mono-00000053,580.0,1.4391836186881761,-20,7.199654737097783e-07,13.085444980497442
mono-00000053,580.0,1.4391836186881761,-19,9.311485898818468e-07,12.7568145955819
mono-00000053,580.0,1.4391836186881761,-18,1.537134122755272e-06,12.419639252425696
mono-00000053,580.0,1.4391836186881761,-17,2.3579146794360016e-06,12.07320289443615
mono-00000053,580.0,1.4391836186881761,-16,2.8028902441890832e-06,11.716683905075698
mono-00000053,580.0,1.4391836186881761,-15,2.566630616426831e-06,11.349131956513972
mono-00000053,580.0,1.4391836186881761,-14,2.500634234356101e-06,10.969437890955192
mono-00000053,580.0,1.4391836186881761,-13,4.331665173920522e-06,10.576293886698664
mono-00000053,580.0,1.4391836186881761,-12,9.261965403231242e-06,10.168139780236956
mono-00000053,580.0,1.4391836186881761,-11,1.5382996270405982e-05,9.743089166626504
mono-00000053,580.0,1.4391836186881761,-10,1.6712698162115077e-05,9.298825106793913
mono-00000053,580.0,1.4391836186881761,-9,1.2351729377331712e-05,8.832448607499913
mono-00000053,580.0,1.4391836186881761,-8,2.2212646201507123e-05,8.34025076764506
mono-00000053,580.0,1.4391836186881761,-7,9.342384213247777e-05,7.817355563641911
mono-00000053,580.0,1.4391836186881761,-6,0.00022401352217741357,7.257130292778456
mono-00000053,580.0,1.4391836186881761,-5,0.0002022331087831277,6.6501470183682585
mono-00000053,580.0,1.4391836186881761,-4,0.00012200144070445439,5.982189408407365
mono-00000053,580.0,1.4391836186881761,-3,0.004321922929039376,5.229946521713529
mono-00000053,580.0,1.4391836186881761,-2,0.020464547594410885,4.349908407656841
mono-00000053,580.0,1.4391836186881761,-1,0.2379361290379145,3.2395484272629034
mono-00000053,580.0,1.4391836186881761,0,0.36615678353492953,1.4391836186882045
mono-00000053,580.0,1.4391836186881761,1,0.0,0.0
mono-00000053,580.0,1.4391836186881761,2,0.0,0.0
mono-00000053,580.0,1.4391836186881761,3,0.0,0.0
mono-00000053,580.0,1.4391836186881761,4,0.0,0.0
mono-00000053,580.0,1.4391836186881761,5,0.0,0.0
mono-00000053,580.0,1.4391836186881761,6,0.0,0.0
mono-00000053,580.0,1.4391836186881761,7,0.0,0.0
mono-00000053,580.0,1.4391836186881761,8,0.0,0.0
mono-00000053,580.0,1.4391836186881761,9,0.0,0.0
mono-00000053,580.0,1.4391836186881761,10,0.0,0.0
mono-00000053,580.0,1.4391836186881761,11,0.0,0.0
mono-00000053,580.0,1.4391836186881761,12,0.0,0.0
mono-00000053,580.0,1.4391836186881761,13,0.0,0.0
mono-00000053,580.0,1.4391836186881761,14,0.0,0.0
mono-00000053,580.0,1.4391836186881761,15,0.0,0.0
mono-00000053,580.0,1.4391836186881761,16,0.0,0.0
mono-00000053,580.0,1.4391836186881761,17,0.0,0.0
mono-00000053,580.0,1.4391836186881761,18,0.0,0.0
mono-00000053,580.0,1.4391836186881761,19,0.0,0.0
mono-00000053,580.0,1.4391836186881761,20,0.0,0.0
mono-00000054,590.0,1.4269440606519765,-20,7.439750339757518e-07,12.973598172275814
mono-00000054,590.0,1.4269440606519765,-19,9.142595127397283e-07,12.64780012396264
mono-00000054,590.0,1.4269440606519765,-18,1.4908847058839194e-06,12.313528902463744
mono-00000054,590.0,1.4269440606519765,-17,2.352283014450825e-06,11.970074522990785
mono-00000054,590.0,1.4269440606519765,-16,2.915161769845599e-06,11.616622337239122
mono-00000054,590.0,1.4269440606519765,-15,2.7494963711629515e-06,11.252230078784137
mono-00000054,590.0,1.4269440606519765,-14,2.5773518239746045e-06,10.875798000387135
mono-00000054,590.0,1.4269440606519765,-13,4.160452676615384e-06,10.48602937863707
mono-00000054,590.0,1.4269440606519765,-12,8.994307376416016e-06,10.081377292345266
mono-00000054,590.0,1.4269440606519765,-11,1.563216928528626e-05,9.659971351173326
mono-00000054,590.0,1.4269440606519765,-10,1.788192752132853e-05,9.219514289671181
mono-00000054,590.0,1.4269440606519765,-9,1.3407045740072066e-05,8.75713173564938
mono-00000054,590.0,1.4269440606519765,-8,2.0758737836123e-05,8.269146294178839
mono-00000054,590.0,1.4269440606519765,-7,9.011350869671413e-05,7.750723371088711
mono-00000054,590.0,1.4269440606519765,-6,0.0002306790247812973,7.1952866311071375
mono-00000054,590.0,1.4269440606519765,-5,0.00022763571186801978,6.593488278043978
mono-00000054,590.0,1.4269440606519765,-4,0.00010099470742926262,5.931232851598054
mono-00000054,590.0,1.4269440606519765,-3,0.004279788663816428,5.185407656979109
mono-00000054,590.0,1.4269440606519765,-2,0.02189563801628713,4.312872874284963
mono-00000054,590.0,1.4269440606519765,-1,0.23917864375123932,3.2119743456561594
mono-00000054,590.0,1.4269440606519765,0,0.3639023094044743,1.4269440606517776
mono-00000054,590.0,1.4269440606519765,1,0.0,0.0
mono-00000054,590.0,1.4269440606519765,2,0.0,0.0
mono-00000054,590.0,1.4269440606519765,3,0.0,0.0
mono-00000054,590.0,1.4269440606519765,4,0.0,0.0
mono-00000054,590.0,1.4269440606519765,5,0.0,0.0
mono-00000054,590.0,1.4269440606519765,6,0.0,0.0
mono-00000054,590.0,1.4269440606519765,7,0.0,0.0
mono-00000054,590.0,1.4269440606519765,8,0.0,0.0
mono-00000054,590.0,1.4269440606519765,9,0.0,0.0
mono-00000054,590.0,1.4269440606519765,10,0.0,0.0
mono-00000054,590.0,1.4269440606519765,11,0.0,0.0
mono-00000054,590.0,1.4269440606519765,12,0.0,0.0
mono-00000054,590.0,1.4269440606519765,13,0.0,0.0
mono-00000054,590.0,1.4269440606519765,14,0.0,0.0
mono-00000054,590.0,1.4269440606519765,15,0.0,0.0
mono-00000054,590.0,1.4269440606519765,16,0.0,0.0
mono-00000054,590.0,1.4269440606519765,17,0.0,0.0
mono-00000054,590.0,1.4269440606519765,18,0.0,0.0
mono-00000054,590.0,1.4269440606519765,19,0.0,0.0
mono-00000054,590.0,1.4269440606519765,20,0.0,0.0
mono-00000055,600.0,1.4150115577924396,-20,7.717535482359072e-07,12.864571238884267
mono-00000055,600.0,1.4150115577924396,-19,9.034755743394039e-07,12.54153353486467
mono-00000055,600.0,1.4150115577924396,-18,1.4446167906222558e-06,12.210092664545328
mono-00000055,600.0,1.4150115577924396,-17,2.334489500853578e-06,11.869544563036683
mono-00000055,600.0,1.4150115577924396,-16,3.0130720806723417e-06,11.519081375904221
mono-00000055,600.0,1.4150115577924396,-15,2.937986345376116e-06,11.157768696377374
mono-00000055,600.0,1.4150115577924396,-14,2.6813520947199343e-06,10.784515952215727
mono-00000055,600.0,1.4150115577924396,-13,4.014189891715724e-06,10.398037240442704
mono-00000055,600.0,1.4150115577924396,-12,8.704617876576196e-06,9.996798550595145
mono-00000055,600.0,1.4150115577924396,-11,1.5798437628357733e-05,9.578945105851773
mono-00000055,600.0,1.4150115577924396,-10,1.9023707605504102e-05,9.142198821564023
mono-00000055,600.0,1.4150115577924396,-9,1.4620735520780541e-05,8.683709329718297
mono-00000055,600.0,1.4150115577924396,-8,1.953760817220782e-05,8.199829952020636
mono-00000055,600.0,1.4150115577924396,-7,8.651648064508521e-05,7.685766485298146
mono-00000055,600.0,1.4150115577924396,-6,0.00023642771755686705,7.134997548587862
mono-00000055,600.0,1.4150115577924396,-5,0.0002541105179506365,6.538253476641501
mono-00000055,600.0,1.4150115577924396,-4,8.389826137842062e-05,5.881556649272099
mono-00000055,600.0,1.4150115577924396,-3,0.004226487837369071,5.141987644652929
mono-00000055,600.0,1.4150115577924396,-2,0.023365227265605554,4.276767485584173
mono-00000055,600.0,1.4150115577924396,-1,0.24033518117658606,3.1850925938417447
mono-00000055,600.0,1.4150115577924396,0,0.36169320207136785,1.4150115577921412
mono-00000055,600.0,1.4150115577924396,1,0.0,0.0
mono-00000055,600.0,1.4150115577924396,2,0.0,0.0
mono-00000055,600.0,1.4150115577924396,3,0.0,0.0
mono-00000055,600.0,1.4150115577924396,4,0.0,0.0
mono-00000055,600.0,1.4150115577924396,5,0.0,0.0
mono-00000055,600.0,1.4150115577924396,6,0.0,0.0
mono-00000055,600.0,1.4150115577924396,7,0.0,0.0
mono-00000055,600.0,1.4150115577924396,8,0.0,0.0
mono-00000055,600.0,1.4150115577924396,9,0.0,0.0
mono-00000055,600.0,1.4150115577924396,10,0.0,0.0
mono-00000055,600.0,1.4150115577924396,11,0.0,0.0
mono-00000055,600.0,1.4150115577924396,12,0.0,0.0
mono-00000055,600.0,1.4150115577924396,13,0.0,0.0
mono-00000055,600.0,1.4150115577924396,14,0.0,0.0
mono-00000055,600.0,1.4150115577924396,15,0.0,0.0
mono-00000055,600.0,1.4150115577924396,16,0.0,0.0
mono-00000055,600.0,1.4150115577924396,17,0.0,0.0
mono-00000055,600.0,1.4150115577924396,18,0.0,0.0
mono-00000055,600.0,1.4150115577924396,19,0.0,0.0
mono-00000055,600.0,1.4150115577924396,20,0.0,0.0
mono-00000056,610.0,1.4033734826198128,-20,8.028638764989244e-07,12.758247645195212
mono-00000056,610.0,1.4033734826198128,-19,8.990576907256777e-07,12.437901292208167
mono-00000056,610.0,1.4033734826198128,-18,1.3999119118016498e-06,12.10922007381113
mono-00000056,610.0,1.4033734826198128,-17,2.306242608070704e-06,11.771505699338633
mono-00000056,610.0,1.4033734826198128,-16,3.0954459992400366e-06,11.423956941017067
mono-00000056,610.0,1.4033734826198128,-15,3.1290931446800187e-06,11.065647058256289
mono-00000056,610.0,1.4033734826198128,-14,2.8118924865248273e-06,10.695494427922597
mono-00000056,610.0,1.4033734826198128,-13,3.8956982708686176e-06,10.312223701023527
mono-00000056,610.0,1.4033734826198128,-12,8.40073012241233e-06,9.914313459840443
mono-00000056,610.0,1.4033734826198128,-11,1.588415247182698e-05,9.499924156450064
mono-00000056,610.0,1.4033734826198128,-10,2.0126174387106267e-05,9.066796414421916
mono-00000056,610.0,1.4033734826198128,-9,1.598090940580794e-05,8.61210327838181
mono-00000056,610.0,1.4033734826198128,-8,1.856928753847486e-05,8.132228029571323
mono-00000056,610.0,1.4033734826198128,-7,8.269107122619696e-05,7.622415860064876
mono-00000056,610.0,1.4033734826198128,-6,0.0002412472964551419,7.076198988154033
mono-00000056,610.0,1.4033734826198128,-5,0.00028151231747728544,6.484383952583528
mono-00000056,610.0,1.4033734826198128,-4,7.09585567601374e-05,5.833108066335882
mono-00000056,610.0,1.4033734826198128,-3,0.004162748069949431,5.099640411651407
mono-00000056,610.0,1.4033734826198128,-2,0.024873518006326444,4.241553948076643
mono-00000056,610.0,1.4033734826198128,-1,0.24142146738163978,3.1588746767774865
mono-00000056,610.0,1.4033734826198128,0,0.3595383412033787,1.4033734826198128
mono-00000056,610.0,1.4033734826198128,1,0.0,0.0
mono-00000056,610.0,1.4033734826198128,2,0.0,0.0
mono-00000056,610.0,1.4033734826198128,3,0.0,0.0
mono-00000056,610.0,1.4033734826198128,4,0.0,0.0
mono-00000056,610.0,1.4033734826198128,5,0.0,0.0
mono-00000056,610.0,1.4033734826198128,6,0.0,0.0
mono-00000056,610.0,1.4033734826198128,7,0.0,0.0
mono-00000056,610.0,1.4033734826198128,8,0.0,0.0
mono-00000056,610.0,1.4033734826198128,9,0.0,0.0
mono-00000056,610.0,1.4033734826198128,10,0.0,0.0
mono-00000056,610.0,1.4033734826198128,11,0.0,0.0
mono-00000056,610.0,1.4033734826198128,12,0.0,0.0
mono-00000056,610.0,1.4033734826198128,13,0.0,0.0
mono-00000056,610.0,1.4033734826198128,14,0.0,0.0
mono-00000056,610.0,1.4033734826198128,15,0.0,0.0
mono-00000056,610.0,1.4033734826198128,16,0.0,0.0
mono-00000056,610.0,1.4033734826198128,17,0.0,0.0
mono-00000056,610.0,1.4033734826198128,18,0.0,0.0
mono-00000056,610.0,1.4033734826198128,19,0.0,0.0
mono-00000056,610.0,1.4033734826198128,20,0.0,0.0
mono-00000057,620.0,1.3920179229044862,-20,8.369238080034144e-07,12.654517488960622
mono-00000057,620.0,1.3920179229044862,-19,9.011305838025002e-07,12.336796320750196
mono-00000057,620.0,1.3920179229044862,-18,1.3581144028234078e-06,12.01080695016283
mono-00000057,620.0,1.3920179229044862,-17,2.2694372853816865e-06,11.675856720961647
mono-00000057,620.0,1.3920179229044862,-16,3.161640892731436e-06,11.331150871573712
mono-00000057,620.0,1.3920179229044862,-15,3.319725938836071e-06,10.975770141926077
mono-00000057,620.0,1.3920179229044862,-14,2.967956702429679e-06,10.608641641220657
mono-00000057,620.0,1.3920179229044862,-13,3.807372328267031e-06,10.22850031875862
mono-00000057,620.0,1.3920179229044862,-12,8.090040864347353e-06,9.83383704442791
mono-00000057,620.0,1.3920179229044862,-11,1.589302554272747e-05,9.422827130121064
mono-00000057,620.0,1.3920179229044862,-10,2.1178578553968134e-05,8.993229454135871
mono-00000057,620.0,1.3920179229044862,-9,1.7475052617098478e-05,8.542239906105209
mono-00000057,620.0,1.3920179229044862,-8,1.787032230892415e-05,8.066271000306884
mono-00000057,620.0,1.3920179229044862,-7,7.869488054711137e-05,7.56060636856526
mono-00000057,620.0,1.3920179229044862,-6,0.00024513546354796824,7.018830528160933
mono-00000057,620.0,1.3920179229044862,-5,0.00030970428006940257,6.4318243728110644
mono-00000057,620.0,1.3920179229044862,-4,6.239225217032257e-05,5.785837359309042
mono-00000057,620.0,1.3920179229044862,-3,0.0040893199936060404,5.058322498011421
mono-00000057,620.0,1.3920179229044862,-2,0.026421121708699702,4.207196139676611
mono-00000057,620.0,1.3920179229044862,-1,0.24245334331028626,3.1332937147704314
mono-00000057,620.0,1.3920179229044862,0,0.3574461306864928,1.3920179229044294
mono-00000057,620.0,1.3920179229044862,1,0.0,0.0
mono-00000057,620.0,1.3920179229044862,2,0.0,0.0
mono-00000057,620.0,1.3920179229044862,3,0.0,0.0
mono-00000057,620.0,1.3920179229044862,4,0.0,0.0
mono-00000057,620.0,1.3920179229044862,5,0.0,0.0
mono-00000057,620.0,1.3920179229044862,6,0.0,0.0
mono-00000057,620.0,1.3920179229044862,7,0.0,0.0
mono-00000057,620.0,1.3920179229044862,8,0.0,0.0
mono-00000057,620.0,1.3920179229044862,9,0.0,0.0
mono-00000057,620.0,1.3920179229044862,10,0.0,0.0
mono-00000057,620.0,1.3920179229044862,11,0.0,0.0
mono-00000057,620.0,1.3920179229044862,12,0.0,0.0
mono-00000057,620.0,1.3920179229044862,13,0.0,0.0
mono-00000057,620.0,1.3920179229044862,14,0.0,0.0
mono-00000057,620.0,1.3920179229044862,15,0.0,0.0
mono-00000057,620.0,1.3920179229044862,16,0.0,0.0
mono-00000057,620.0,1.3920179229044862,17,0.0,0.0
mono-00000057,620.0,1.3920179229044862,18,0.0,0.0
mono-00000057,620.0,1.3920179229044862,19,0.0,0.0
mono-00000057,620.0,1.3920179229044862,20,0.0,0.0
mono-00000058,630.0,1.3809336304163224,-20,8.736298389265102e-07,12.553277023177003
mono-00000058,630.0,1.3809336304163224,-19,9.097757566358918e-07,12.238117540934326
mono-00000058,630.0,1.3809336304163224,-18,1.3203614184020513e-06,11.914754945882748
mono-00000058,630.0,1.3809336304163224,-17,2.22608931840121e-06,11.582502081970418
mono-00000058,630.0,1.3809336304163224,-16,3.2116597753341494e-06,11.240570499738595
mono-00000058,630.0,1.3809336304163224,-15,3.5069213918068726e-06,10.888048241344421
mono-00000058,630.0,1.3809336304163224,-14,3.1483017865583767e-06,10.5238709401673
mono-00000058,630.0,1.3809336304163224,-13,3.7513763866220575e-06,10.146783598272705
mono-00000058,630.0,1.3809336304163224,-12,7.779577177224705e-06,9.755289080145474
mono-00000058,630.0,1.3809336304163224,-11,1.5830347932356025e-05,9.347577203083858
mono-00000058,630.0,1.3809336304163224,-10,2.2172090161808975e-05,8.921424664655149
mono-00000058,630.0,1.3809336304163224,-9,1.9090912215835643e-05,8.474049654440009
mono-00000058,630.0,1.3809336304163224,-8,1.7454343081226835e-05,8.001893222149064
mono-00000058,630.0,1.3809336304163224,-7,7.458582682608796e-05,7.5002765218708305
mono-00000058,630.0,1.3809336304163224,-6,0.00024810677662013273,6.962835121346288
mono-00000058,630.0,1.3809336304163224,-5,0.00033857165936754214,6.380522493830725
mono-00000058,630.0,1.3809336304163224,-4,5.8389159843202205e-05,5.739697561602426
mono-00000058,630.0,1.3809336304163224,-3,0.004007082695419687,5.01799286937424
mono-00000058,630.0,1.3809336304163224,-2,0.02800971110209224,4.173659953908114
mono-00000058,630.0,1.3809336304163224,-1,0.2434509557022778,3.10832432761849
mono-00000058,630.0,1.3809336304163224,0,0.35542732731077353,1.3809336304162514
mono-00000058,630.0,1.3809336304163224,1,0.0,0.0
mono-00000058,630.0,1.3809336304163224,2,0.0,0.0
mono-00000058,630.0,1.3809336304163224,3,0.0,0.0
mono-00000058,630.0,1.3809336304163224,4,0.0,0.0
mono-00000058,630.0,1.3809336304163224,5,0.0,0.0
mono-00000058,630.0,1.3809336304163224,6,0.0,0.0
mono-00000058,630.0,1.3809336304163224,7,0.0,0.0
mono-00000058,630.0,1.3809336304163224,8,0.0,0.0
mono-00000058,630.0,1.3809336304163224,9,0.0,0.0
mono-00000058,630.0,1.3809336304163224,10,0.0,0.0
mono-00000058,630.0,1.3809336304163224,11,0.0,0.0
mono-00000058,630.0,1.3809336304163224,12,0.0,0.0
mono-00000058,630.0,1.3809336304163224,13,0.0,0.0
mono-00000058,630.0,1.3809336304163224,14,0.0,0.0
mono-00000058,630.0,1.3809336304163224,15,0.0,0.0
mono-00000058,630.0,1.3809336304163224,16,0.0,0.0
mono-00000058,630.0,1.3809336304163224,17,0.0,0.0
mono-00000058,630.0,1.3809336304163224,18,0.0,0.0
mono-00000058,630.0,1.3809336304163224,19,0.0,0.0
mono-00000058,630.0,1.3809336304163224,20,0.0,0.0
mono-00000059,640.0,1.370109974082979,-20,9.128377608912551e-07,12.454428219826752
mono-00000059,640.0,1.370109974082979,-19,9.251889883218069e-07,12.141769444026778
mono-00000059,640.0,1.370109974082979,-18,1.287727339391428e-06,11.82097113242547
mono-00000059,640.0,1.370109974082979,-17,2.1784136855429945e-06,11.491351500160576
mono-00000059,640.0,1.370109974082979,-16,3.2464768214331932e-06,11.152128261825808
mono-00000059,640.0,1.370109974082979,-15,3.688429839220682e-06,10.802396590493188
mono-00000059,640.0,1.370109974082979,-14,3.3518615312630575e-06,10.441100443703135
mono-00000059,640.0,1.370109974082979,-13,3.7300788512218876e-06,10.06699464036069
mono-00000059,640.0,1.370109974082979,-12,7.476484022520219e-06,9.678593758001668
mono-00000059,640.0,1.370109974082979,-11,1.570430319747791e-05,9.274101778788406
mono-00000059,640.0,1.370109974082979,-10,2.310282429224213e-05,8.851312801141617
mono-00000059,640.0,1.370109974082979,-9,2.081986239946798e-05,8.407466790866522
mono-00000059,640.0,1.370109974082979,-8,1.733351828201561e-05,7.939032662815237
mono-00000059,640.0,1.370109974082979,-7,7.042625893565396e-05,7.4413682117822475
mono-00000059,640.0,1.370109974082979,-6,0.0002502227764740369,6.908158856340094
mono-00000059,640.0,1.370109974082979,-5,0.0003680806361118936,6.330428943398374
mono-00000059,640.0,1.370109974082979,-4,5.9111829301915934e-05,5.694644287336217
mono-00000059,640.0,1.370109974082979,-3,0.003917473989042451,4.97861274565696
mono-00000059,640.0,1.370109974082979,-2,0.029644923322954448,4.140913157566615
mono-00000059,640.0,1.370109974082979,-1,0.24445607297559996,3.08394252874551
mono-00000059,640.0,1.370109974082979,0,0.3535066290457874,1.3701099740830216
mono-00000059,640.0,1.370109974082979,1,0.0,0.0
mono-00000059,640.0,1.370109974082979,2,0.0,0.0
mono-00000059,640.0,1.370109974082979,3,0.0,0.0
mono-00000059,640.0,1.370109974082979,4,0.0,0.0
mono-00000059,640.0,1.370109974082979,5,0.0,0.0
mono-00000059,640.0,1.370109974082979,6,0.0,0.0
mono-00000059,640.0,1.370109974082979,7,0.0,0.0
mono-00000059,640.0,1.370109974082979,8,0.0,0.0
mono-00000059,640.0,1.370109974082979,9,0.0,0.0
mono-00000059,640.0,1.370109974082979,10,0.0,0.0
mono-00000059,640.0,1.370109974082979,11,0.0,0.0
mono-00000059,640.0,1.370109974082979,12,0.0,0.0
mono-00000059,640.0,1.370109974082979,13,0.0,0.0
mono-00000059,640.0,1.370109974082979,14,0.0,0.0
mono-00000059,640.0,1.370109974082979,15,0.0,0.0
mono-00000059,640.0,1.370109974082979,16,0.0,0.0
mono-00000059,640.0,1.370109974082979,17,0.0,0.0
mono-00000059,640.0,1.370109974082979,18,0.0,0.0
mono-00000059,640.0,1.370109974082979,19,0.0,0.0
mono-00000059,640.0,1.370109974082979,20,0.0,0.0
mono-00000060,650.0,1.3595368971255795,-20,9.545596545553257e-07,12.357878370825674
mono-00000060,650.0,1.3595368971255795,-19,9.478187904598916e-07,12.047661703480031
mono-00000060,650.0,1.3595368971255795,-18,1.2613485973214163e-06,11.729367622436413
mono-00000060,650.0,1.3595368971255795,-17,2.1286490209784507e-06,11.402319589992032
mono-00000060,650.0,1.3595368971255795,-16,3.2678828102460756e-06,11.065741342431238
mono-00000060,650.0,1.3595368971255795,-15,3.863024838084423e-06,10.718735019022134
mono-00000060,650.0,1.3595368971255795,-14,3.5782446204852474e-06,10.360252709151894
mono-00000060,650.0,1.3595368971255795,-13,3.746771170661757e-06,9.989058821727127
mono-00000060,650.0,1.3595368971255795,-12,7.187883785389707e-06,9.60367937663436
mono-00000060,650.0,1.3595368971255795,-11,1.5524831027812505e-05,9.202332193478583
mono-00000060,650.0,1.3595368971255795,-10,2.39727343432581e-05,8.782828369241187
mono-00000060,650.0,1.3595368971255795,-9,2.26622299372604e-05,8.34242914241348
mono-00000060,650.0,1.3595368971255795,-8,1.7524192303695385e-05,7.877630648535998
mono-00000060,650.0,1.3595368971255795,-7,6.627332638276487e-05,7.383826475538839
mono-00000060,650.0,1.3595368971255795,-6,0.0002515912720162931,6.854750739457316
mono-00000060,650.0,1.3595368971255795,-5,0.0003983926749973604,6.281497020766366
mono-00000060,650.0,1.3595368971255795,-4,6.47293008874578e-05,5.650635551836018
mono-00000060,650.0,1.3595368971255795,-3,0.003822746699434575,4.94014544428687
mono-00000060,650.0,1.3595368971255795,-2,0.031343752248807,4.1089252604773066
mono-00000060,650.0,1.3595368971255795,-1,0.24557062566207427,3.0601256283336085
mono-00000060,650.0,1.3595368971255795,0,0.3517674715673587,1.359536897125622
mono-00000060,650.0,1.3595368971255795,1,0.0,0.0
mono-00000060,650.0,1.3595368971255795,2,0.0,0.0
mono-00000060,650.0,1.3595368971255795,3,0.0,0.0
mono-00000060,650.0,1.3595368971255795,4,0.0,0.0
mono-00000060,650.0,1.3595368971255795,5,0.0,0.0
mono-00000060,650.0,1.3595368971255795,6,0.0,0.0
mono-00000060,650.0,1.3595368971255795,7,0.0,0.0
mono-00000060,650.0,1.3595368971255795,8,0.0,0.0
mono-00000060,650.0,1.3595368971255795,9,0.0,0.0
mono-00000060,650.0,1.3595368971255795,10,0.0,0.0
mono-00000060,650.0,1.3595368971255795,11,0.0,0.0
mono-00000060,650.0,1.3595368971255795,12,0.0,0.0
mono-00000060,650.0,1.3595368971255795,13,0.0,0.0
mono-00000060,650.0,1.3595368971255795,14,0.0,0.0
mono-00000060,650.0,1.3595368971255795,15,0.0,0.0
mono-00000060,650.0,1.3595368971255795,16,0.0,0.0
mono-00000060,650.0,1.3595368971255795,17,0.0,0.0
mono-00000060,650.0,1.3595368971255795,18,0.0,0.0
mono-00000060,650.0,1.3595368971255795,19,0.0,0.0
mono-00000060,650.0,1.3595368971255795,20,0.0,0.0
mono-00000061,660.0,1.349204877776458,-20,9.979291048510817e-07,12.26353972248394
mono-00000061,660.0,1.349204877776458,-19,9.775693740318576e-07,11.955708818928343
mono-00000061,660.0,1.349204877776458,-18,1.2417470238672841e-06,11.639861223501185
mono-00000061,660.0,1.349204877776458,-17,2.077322864200954e-06,11.315325526330795
mono-00000061,660.0,1.349204877776458,-16,3.2750176351067064e-06,10.981331348427886
mono-00000061,660.0,1.349204877776458,-15,4.026474802442924e-06,10.636987636783502
mono-00000061,660.0,1.349204877776458,-14,3.82429388104937e-06,10.281254427611074
mono-00000061,660.0,1.349204877776458,-13,3.8038557941337783e-06,9.91290550158483
mono-00000061,660.0,1.349204877776458,-12,6.91711455193496e-06,9.530478060511058
mono-00000061,660.0,1.349204877776458,-11,1.5288093578725576e-05,9.132203446439405
mono-00000061,660.0,1.349204877776458,-10,2.4762739094060772e-05,8.715909367885828
mono-00000061,660.0,1.349204877776458,-9,2.460567073459016e-05,8.278877851601337
mono-00000061,660.0,1.349204877776458,-8,1.8051127154290613e-05,7.817631633826437
mono-00000061,660.0,1.349204877776458,-7,6.212868831477386e-05,7.327599280238218
mono-00000061,660.0,1.349204877776458,-6,0.00025206881373722966,6.8025624947662635
mono-00000061,660.0,1.349204877776458,-5,0.0004295465871483898,6.233682513657783
mono-00000061,660.0,1.349204877776458,-4,7.560585811171477e-05,5.607631607157586
mono-00000061,660.0,1.349204877776458,-3,0.0037224821124723826,4.902556236556549
mono-00000061,660.0,1.349204877776458,-2,0.03312496109521261,4.077667396151682
mono-00000061,660.0,1.349204877776458,-1,0.2468852679194448,3.036852144556491
mono-00000061,660.0,1.349204877776458,0,0.3503479425995098,1.3492048777763301
mono-00000061,660.0,1.349204877776458,1,0.0,0.0
mono-00000061,660.0,1.349204877776458,2,0.0,0.0
mono-00000061,660.0,1.349204877776458,3,0.0,0.0
mono-00000061,660.0,1.349204877776458,4,0.0,0.0
mono-00000061,660.0,1.349204877776458,5,0.0,0.0
mono-00000061,660.0,1.349204877776458,6,0.0,0.0
mono-00000061,660.0,1.349204877776458,7,0.0,0.0
mono-00000061,660.0,1.349204877776458,8,0.0,0.0
mono-00000061,660.0,1.349204877776458,9,0.0,0.0
mono-00000061,660.0,1.349204877776458,10,0.0,0.0
mono-00000061,660.0,1.349204877776458,11,0.0,0.0
mono-00000061,660.0,1.349204877776458,12,0.0,0.0
mono-00000061,660.0,1.349204877776458,13,0.0,0.0
mono-00000061,660.0,1.349204877776458,14,0.0,0.0
mono-00000061,660.0,1.349204877776458,15,0.0,0.0
mono-00000061,660.0,1.349204877776458,16,0.0,0.0
mono-00000061,660.0,1.349204877776458,17,0.0,0.0
mono-00000061,660.0,1.349204877776458,18,0.0,0.0
mono-00000061,660.0,1.349204877776458,19,0.0,0.0
mono-00000061,660.0,1.349204877776458,20,0.0,0.0
mono-00000062,670.0,1.3391048932334257,-20,1.0401890239352664e-06,12.171329140204463
mono-00000062,670.0,1.3391048932334257,-19,1.0121164237867515e-06,11.865829789626318
mono-00000062,670.0,1.3391048932334257,-18,1.2275154305738502e-06,11.55237312052597
mono-00000062,670.0,1.3391048932334257,-17,2.022808767583363e-06,11.230292735990318
mono-00000062,670.0,1.3391048932334257,-16,3.2629888245280357e-06,10.898824009907202
mono-00000062,670.0,1.3391048932334257,-15,4.167340042015414e-06,10.557082544437122
mono-00000062,670.0,1.3391048932334257,-14,4.076949538446691e-06,10.204036144510951
mono-00000062,670.0,1.3391048932334257,-13,3.894424452468965e-06,9.838467752490715
mono-00000062,670.0,1.3391048932334257,-12,6.661502032192842e-06,9.458925501403684
mono-00000062,670.0,1.3391048932334257,-11,1.4974797548130925e-05,9.063653952519246
mono-00000062,670.0,1.3391048932334257,-10,2.540795580164871e-05,8.650497053329573
mono-00000062,670.0,1.3391048932334257,-9,2.6561537534878007e-05,8.216757152530462
mono-00000062,670.0,1.3391048932334257,-8,1.8892927043328257e-05,7.758982990258346
mono-00000062,670.0,1.3391048932334257,-7,5.798806421999125e-05,7.272637325044528
mono-00000062,670.0,1.3391048932334257,-6,0.00025106585729600466,6.751548380650959
mono-00000062,670.0,1.3391048932334257,-5,0.0004601248027974631,6.186943530336876
mono-00000062,670.0,1.3391048932334257,-4,9.206476582214842e-05,5.565594791175087
mono-00000062,670.0,1.3391048932334257,-3,0.003608532588497684,4.865812215824107
mono-00000062,670.0,1.3391048932334257,-2,0.03492765990034998,4.047112212283395
mono-00000062,670.0,1.3391048932334257,-1,0.24803804413673167,3.014101722131656
mono-00000062,670.0,1.3391048932334257,0,0.3489830998757545,1.3391048932332552
mono-00000062,670.0,1.3391048932334257,1,0.0,0.0
mono-00000062,670.0,1.3391048932334257,2,0.0,0.0
mono-00000062,670.0,1.3391048932334257,3,0.0,0.0
mono-00000062,670.0,1.3391048932334257,4,0.0,0.0
mono-00000062,670.0,1.3391048932334257,5,0.0,0.0
mono-00000062,670.0,1.3391048932334257,6,0.0,0.0
mono-00000062,670.0,1.3391048932334257,7,0.0,0.0
mono-00000062,670.0,1.3391048932334257,8,0.0,0.0
mono-00000062,670.0,1.3391048932334257,9,0.0,0.0
mono-00000062,670.0,1.3391048932334257,10,0.0,0.0
mono-00000062,670.0,1.3391048932334257,11,0.0,0.0
mono-00000062,670.0,1.3391048932334257,12,0.0,0.0
mono-00000062,670.0,1.3391048932334257,13,0.0,0.0
mono-00000062,670.0,1.3391048932334257,14,0.0,0.0
mono-00000062,670.0,1.3391048932334257,15,0.0,0.0
mono-00000062,670.0,1.3391048932334257,16,0.0,0.0
mono-00000062,670.0,1.3391048932334257,17,0.0,0.0
mono-00000062,670.0,1.3391048932334257,18,0.0,0.0
mono-00000062,670.0,1.3391048932334257,19,0.0,0.0
mono-00000062,670.0,1.3391048932334257,20,0.0,0.0
mono-00000063,680.0,1.3292283865373804,-20,1.0807372692462806e-06,12.08116780050537
mono-00000063,680.0,1.3292283865373804,-19,1.0508886683342548e-06,11.777947814494311
mono-00000063,680.0,1.3292283865373804,-18,1.219007886544485e-06,11.466828583991003
mono-00000063,680.0,1.3292283865373804,-17,1.9672666061904422e-06,11.147148614394638
mono-00000063,680.0,1.3292283865373804,-16,3.2348274550339606e-06,10.818148905472711
mono-00000063,680.0,1.3292283865373804,-15,4.284077209494629e-06,10.478951567615837
mono-00000063,680.0,1.3292283865373804,-14,4.330776999041291e-06,10.128532002919457
mono-00000063,680.0,1.3292283865373804,-13,4.015785418904671e-06,9.765682113087053
mono-00000063,680.0,1.3292283865373804,-12,6.427309015934644e-06,9.388960720898694
mono-00000063,680.0,1.3292283865373804,-11,1.4601437438356835e-05,8.996625314784936
mono-00000063,680.0,1.3292283865373804,-10,2.590641553495155e-05,8.586535722377079
mono-00000063,680.0,1.3292283865373804,-9,2.8492356414663612e-05,8.156014165178675
mono-00000063,680.0,1.3292283865373804,-8,2.0020555220583547e-05,7.7016348124058425
mono-00000063,680.0,1.3292283865373804,-7,5.396197094709342e-05,7.218893859474676
mono-00000063,680.0,1.3292283865373804,-6,0.0002486880570694264,6.701665021281826
mono-00000063,680.0,1.3292283865373804,-5,0.000489523744479185,6.1412403453246895
mono-00000063,680.0,1.3292283865373804,-4,0.00011402130908427788,5.524489388928828
mono-00000063,680.0,1.3292283865373804,-3,0.003481500225983432,4.829882176416959
mono-00000063,680.0,1.3292283865373804,-2,0.03672311374204764,4.0172337701352205
mono-00000063,680.0,1.3292283865373804,-1,0.24890396958986327,2.991855057482425
mono-00000063,680.0,1.3292283865373804,0,0.3475090946441546,1.3292283865370251
mono-00000063,680.0,1.3292283865373804,1,0.0,0.0
mono-00000063,680.0,1.3292283865373804,2,0.0,0.0
mono-00000063,680.0,1.3292283865373804,3,0.0,0.0
mono-00000063,680.0,1.3292283865373804,4,0.0,0.0
mono-00000063,680.0,1.3292283865373804,5,0.0,0.0
mono-00000063,680.0,1.3292283865373804,6,0.0,0.0
mono-00000063,680.0,1.3292283865373804,7,0.0,0.0
mono-00000063,680.0,1.3292283865373804,8,0.0,0.0
mono-00000063,680.0,1.3292283865373804,9,0.0,0.0
mono-00000063,680.0,1.3292283865373804,10,0.0,0.0
mono-00000063,680.0,1.3292283865373804,11,0.0,0.0
mono-00000063,680.0,1.3292283865373804,12,0.0,0.0
mono-00000063,680.0,1.3292283865373804,13,0.0,0.0
mono-00000063,680.0,1.3292283865373804,14,0.0,0.0
mono-00000063,680.0,1.3292283865373804,15,0.0,0.0
mono-00000063,680.0,1.3292283865373804,16,0.0,0.0
mono-00000063,680.0,1.3292283865373804,17,0.0,0.0
mono-00000063,680.0,1.3292283865373804,18,0.0,0.0
mono-00000063,680.0,1.3292283865373804,19,0.0,0.0
mono-00000063,680.0,1.3292283865373804,20,0.0,0.0
mono-00000064,690.0,1.3195672360983366,-20,1.1196768715448977e-06,11.992980907774779
mono-00000064,690.0,1.3195672360983366,-19,1.0942887050070463e-06,11.691990016247246
mono-00000064,690.0,1.3195672360983366,-18,1.2174624330828741e-06,11.38315670162413
mono-00000064,690.0,1.3195672360983366,-17,1.913291080142179e-06,11.065824264982496
mono-00000064,690.0,1.3195672360983366,-16,3.195208081014104e-06,10.739239209577377
mono-00000064,690.0,1.3195672360983366,-15,4.379175758473689e-06,10.40253001241912
mono-00000064,690.0,1.3195672360983366,-14,4.5849236464910745e-06,10.054679507437768
mono-00000064,690.0,1.3195672360983366,-13,4.169822491514437e-06,9.69448836067292
mono-00000064,690.0,1.3195672360983366,-12,6.222303366639587e-06,9.32052585195082
mono-00000064,690.0,1.3195672360983366,-11,1.4189257804246237e-05,8.931062115403066
mono-00000064,690.0,1.3195672360983366,-10,2.627816080658516e-05,8.523972512987811
mono-00000064,690.0,1.3195672360983366,-9,3.0401646729079404e-05,8.096598706183542
mono-00000064,690.0,1.3195672360983366,-8,2.1430902377415324e-05,7.645539739340478
mono-00000064,690.0,1.3195672360983366,-7,5.0141232931646864e-05,7.166324516242099
mono-00000064,690.0,1.3195672360983366,-6,0.00024522718292977315,6.652871251585466
mono-00000064,690.0,1.3195672360983366,-5,0.000517969748109849,6.09653525747089
mono-00000064,690.0,1.3195672360983366,-4,0.00014145440489395252,5.4842815050759555
mono-00000064,690.0,1.3195672360983366,-3,0.0033456224382903002,4.794736502231373
mono-00000064,690.0,1.3195672360983366,-2,0.03853075699222579,3.988007451979726
mono-00000064,690.0,1.3195672360983366,-1,0.24962065017817386,2.970093829890118
mono-00000064,690.0,1.3195672360983366,0,0.346017008599241,1.3195672360982513
mono-00000064,690.0,1.3195672360983366,1,0.0,0.0
mono-00000064,690.0,1.3195672360983366,2,0.0,0.0
mono-00000064,690.0,1.3195672360983366,3,0.0,0.0
mono-00000064,690.0,1.3195672360983366,4,0.0,0.0
mono-00000064,690.0,1.3195672360983366,5,0.0,0.0
mono-00000064,690.0,1.3195672360983366,6,0.0,0.0
mono-00000064,690.0,1.3195672360983366,7,0.0,0.0
mono-00000064,690.0,1.3195672360983366,8,0.0,0.0
mono-00000064,690.0,1.3195672360983366,9,0.0,0.0
mono-00000064,690.0,1.3195672360983366,10,0.0,0.0
mono-00000064,690.0,1.3195672360983366,11,0.0,0.0
mono-00000064,690.0,1.3195672360983366,12,0.0,0.0
mono-00000064,690.0,1.3195672360983366,13,0.0,0.0
mono-00000064,690.0,1.3195672360983366,14,0.0,0.0
mono-00000064,690.0,1.3195672360983366,15,0.0,0.0
mono-00000064,690.0,1.3195672360983366,16,0.0,0.0
mono-00000064,690.0,1.3195672360983366,17,0.0,0.0
mono-00000064,690.0,1.3195672360983366,18,0.0,0.0
mono-00000064,690.0,1.3195672360983366,19,0.0,0.0
mono-00000064,690.0,1.3195672360983366,20,0.0,0.0
mono-00000065,700.0,1.3101137276235448,-20,1.156371420166274e-06,11.906697433443057
mono-00000065,700.0,1.3101137276235448,-19,1.141908984660865e-06,11.607887187353342
mono-00000065,700.0,1.3101137276235448,-18,1.2234105015890473e-06,11.301290131303418
mono-00000065,700.0,1.3101137276235448,-17,1.8621094685363705e-06,10.986254259225007
mono-00000065,700.0,1.3101137276235448,-16,3.1466302662213894e-06,10.662031459843035
mono-00000065,700.0,1.3101137276235448,-15,4.452962925404527e-06,10.327756440240123
mono-00000065,700.0,1.3101137276235448,-14,4.835659184973516e-06,9.982419306761926
mono-00000065,700.0,1.3101137276235448,-13,4.3557380727391935e-06,9.624829301752342
mono-00000065,700.0,1.3101137276235448,-12,6.050377882688604e-06,9.253565937699605
mono-00000065,700.0,1.3101137276235448,-11,1.3749832648280604e-05,8.866911723044822
mono-00000065,700.0,1.3101137276235448,-10,2.6526780708863456e-05,8.46275722063217
mono-00000065,700.0,1.3101137276235448,-9,3.2274035603855364e-05,8.038463114570234
mono-00000065,700.0,1.3101137276235448,-8,2.3110752480387412e-05,7.590652790222123
mono-00000065,700.0,1.3101137276235448,-7,4.6583160983215844e-05,7.114887157298341
mono-00000065,700.0,1.3101137276235448,-6,0.0002407879858170059,6.605127974452344
mono-00000065,700.0,1.3101137276235448,-5,0.000545343857198088,6.052792459226623
mono-00000065,700.0,1.3101137276235448,-4,0.00017433010202636405,5.4449389464050455
mono-00000065,700.0,1.3101137276235448,-3,0.0032024076856877345,4.760347064119571
mono-00000065,700.0,1.3101137276235448,-2,0.04035210624434919,3.959409875840336
mono-00000065,700.0,1.3101137276235448,-1,0.2502168259512374,2.9488006380741894
mono-00000065,700.0,1.3101137276235448,0,0.3445248958030379,1.3101137276235306
mono-00000065,700.0,1.3101137276235448,1,0.0,0.0
mono-00000065,700.0,1.3101137276235448,2,0.0,0.0
mono-00000065,700.0,1.3101137276235448,3,0.0,0.0
mono-00000065,700.0,1.3101137276235448,4,0.0,0.0
mono-00000065,700.0,1.3101137276235448,5,0.0,0.0
mono-00000065,700.0,1.3101137276235448,6,0.0,0.0
mono-00000065,700.0,1.3101137276235448,7,0.0,0.0
mono-00000065,700.0,1.3101137276235448,8,0.0,0.0
mono-00000065,700.0,1.3101137276235448,9,0.0,0.0
mono-00000065,700.0,1.3101137276235448,10,0.0,0.0
mono-00000065,700.0,1.3101137276235448,11,0.0,0.0
mono-00000065,700.0,1.3101137276235448,12,0.0,0.0
mono-00000065,700.0,1.3101137276235448,13,0.0,0.0
mono-00000065,700.0,1.3101137276235448,14,0.0,0.0
mono-00000065,700.0,1.3101137276235448,15,0.0,0.0
mono-00000065,700.0,1.3101137276235448,16,0.0,0.0
mono-00000065,700.0,1.3101137276235448,17,0.0,0.0
mono-00000065,700.0,1.3101137276235448,18,0.0,0.0
mono-00000065,700.0,1.3101137276235448,19,0.0,0.0
mono-00000065,700.0,1.3101137276235448,20,0.0,0.0
mono-00000066,710.0,1.300860528226437,-20,1.1900970634621728e-06,11.822249875506756
mono-00000066,710.0,1.300860528226437,-19,1.193058865703168e-06,11.525573555811079
mono-00000066,710.0,1.300860528226437,-18,1.237263282051305e-06,11.221164873232738
mono-00000066,710.0,1.300860528226437,-17,1.8146776206994386e-06,10.908376415357651
mono-00000066,710.0,1.300860528226437,-16,3.0911645947513896e-06,10.586465342522274
mono-00000066,710.0,1.300860528226437,-15,4.506073207805439e-06,10.25457246014632
mono-00000066,710.0,1.300860528226437,-14,5.078973355372046e-06,9.911694993191801
mono-00000066,710.0,1.300860528226437,-13,4.571955695788494e-06,9.556650578904083
mono-00000066,710.0,1.300860528226437,-12,5.914515038567655e-06,9.188028745961432
mono-00000066,710.0,1.300860528226437,-11,1.3293169116086038e-05,8.804124115293462
mono-00000066,710.0,1.300860528226437,-10,2.6655351328611577e-05,8.402842128950795
mono-00000066,710.0,1.300860528226437,-9,3.409266345178594e-05,7.981562091049966
mono-00000066,710.0,1.300860528226437,-8,2.5043592557386274e-05,7.536931212691158
mono-00000066,710.0,1.300860528226437,-7,4.333615527720572e-05,7.064541731859819
mono-00000066,710.0,1.300860528226437,-6,0.000235456729516844,6.558398029058139
mono-00000066,710.0,1.300860528226437,-5,0.0005714974498038554,6.009977916090776
mono-00000066,710.0,1.300860528226437,-4,0.00021258392930597112,5.406431113491735
mono-00000066,710.0,1.300860528226437,-3,0.003053024342563644,4.726687125260199
mono-00000066,710.0,1.300860528226437,-2,0.04218661814708992,3.931418816863683
mono-00000066,710.0,1.300860528226437,-1,0.2507075602281893,2.927958941705114
mono-00000066,710.0,1.300860528226437,0,0.3430416269256841,1.3008605282264512
mono-00000066,710.0,1.300860528226437,1,0.0,0.0
mono-00000066,710.0,1.300860528226437,2,0.0,0.0
mono-00000066,710.0,1.300860528226437,3,0.0,0.0
mono-00000066,710.0,1.300860528226437,4,0.0,0.0
mono-00000066,710.0,1.300860528226437,5,0.0,0.0
mono-00000066,710.0,1.300860528226437,6,0.0,0.0
mono-00000066,710.0,1.300860528226437,7,0.0,0.0
mono-00000066,710.0,1.300860528226437,8,0.0,0.0
mono-00000066,710.0,1.300860528226437,9,0.0,0.0
mono-00000066,710.0,1.300860528226437,10,0.0,0.0
mono-00000066,710.0,1.300860528226437,11,0.0,0.0
mono-00000066,710.0,1.300860528226437,12,0.0,0.0
mono-00000066,710.0,1.300860528226437,13,0.0,0.0
mono-00000066,710.0,1.300860528226437,14,0.0,0.0
mono-00000066,710.0,1.300860528226437,15,0.0,0.0
mono-00000066,710.0,1.300860528226437,16,0.0,0.0
mono-00000066,710.0,1.300860528226437,17,0.0,0.0
mono-00000066,710.0,1.300860528226437,18,0.0,0.0
mono-00000066,710.0,1.300860528226437,19,0.0,0.0
mono-00000066,710.0,1.300860528226437,20,0.0,0.0
mono-00000067,720.0,1.2918006625185967,-20,1.2201069983882076e-06,11.739574036552384
mono-00000067,720.0,1.2918006625185967,-19,1.2467227731255087e-06,11.444986568942113
mono-00000067,720.0,1.2918006625185967,-18,1.2592422961334484e-06,11.14272005963781
mono-00000067,720.0,1.2918006625185967,-17,1.7717734802283491e-06,10.832131594125997
mono-00000067,720.0,1.2918006625185967,-16,3.0304023367441907e-06,10.512483494452667
mono-00000067,720.0,1.2918006625185967,-15,4.5393213224755835e-06,10.182922537218104
mono-00000067,720.0,1.2918006625185967,-14,5.310615846638555e-06,9.842452917547476
mono-00000067,720.0,1.2918006625185967,-13,4.815909811283893e-06,9.489900492491074
mono-00000067,720.0,1.2918006625185967,-12,5.816894578578901e-06,9.123864597972087
mono-00000067,720.0,1.2918006625185967,-11,1.282781474889928e-05,8.742651714692585
mono-00000067,720.0,1.2918006625185967,-10,2.666626574937526e-05,8.344181853418291
mono-00000067,720.0,1.2918006625185967,-9,3.583820032606951e-05,7.925852549657051
mono-00000067,720.0,1.2918006625185967,-8,2.720857347583746e-05,7.484334342898023
mono-00000067,720.0,1.2918006625185967,-7,4.0441540018712643e-05,7.015250145330242
mono-00000067,720.0,1.2918006625185967,-6,0.00022930290291819203,6.512646069289673
mono-00000067,720.0,1.2918006625185967,-5,0.0005962324519954501,5.968059255304567
mono-00000067,720.0,1.2918006625185967,-4,0.00025610639215601966,5.368728900665161
mono-00000067,720.0,1.2918006625185967,-3,0.0028983371242438756,4.693731253785117
mono-00000067,720.0,1.2918006625185967,-2,0.04403076104803983,3.9040131347208273
mono-00000067,720.0,1.2918006625185967,-1,0.2510929288949229,2.907553007399187
mono-00000067,720.0,1.2918006625185967,0,0.3415663901288441,1.2918006625186536
mono-00000067,720.0,1.2918006625185967,1,0.0,0.0
mono-00000067,720.0,1.2918006625185967,2,0.0,0.0
mono-00000067,720.0,1.2918006625185967,3,0.0,0.0
mono-00000067,720.0,1.2918006625185967,4,0.0,0.0
mono-00000067,720.0,1.2918006625185967,5,0.0,0.0
mono-00000067,720.0,1.2918006625185967,6,0.0,0.0
mono-00000067,720.0,1.2918006625185967,7,0.0,0.0
mono-00000067,720.0,1.2918006625185967,8,0.0,0.0
mono-00000067,720.0,1.2918006625185967,9,0.0,0.0
mono-00000067,720.0,1.2918006625185967,10,0.0,0.0
mono-00000067,720.0,1.2918006625185967,11,0.0,0.0
mono-00000067,720.0,1.2918006625185967,12,0.0,0.0
mono-00000067,720.0,1.2918006625185967,13,0.0,0.0
mono-00000067,720.0,1.2918006625185967,14,0.0,0.0
mono-00000067,720.0,1.2918006625185967,15,0.0,0.0
mono-00000067,720.0,1.2918006625185967,16,0.0,0.0
mono-00000067,720.0,1.2918006625185967,17,0.0,0.0
mono-00000067,720.0,1.2918006625185967,18,0.0,0.0
mono-00000067,720.0,1.2918006625185967,19,0.0,0.0
mono-00000067,720.0,1.2918006625185967,20,0.0,0.0
mono-00000068,730.0,1.2829274905092944,-20,1.2459793298850754e-06,11.658608818622383
mono-00000068,730.0,1.2829274905092944,-19,1.301857086341152e-06,11.366066693585381
mono-00000068,730.0,1.2829274905092944,-18,1.289556405029528e-06,11.065897760413065
mono-00000068,730.0,1.2829274905092944,-17,1.7343634614693755e-06,10.757463510020159
mono-00000068,730.0,1.2829274905092944,-16,2.9660390959862205e-06,10.440031320027032
mono-00000068,730.0,1.2829274905092944,-15,4.554666193695475e-06,10.112753815416639
mono-00000068,730.0,1.2829274905092944,-14,5.527524373658858e-06,9.774642018113454
mono-00000068,730.0,1.2829274905092944,-13,5.084989756837045e-06,9.42452983588015
mono-00000068,730.0,1.2829274905092944,-12,5.759724852485998e-06,9.061026210104828
mono-00000068,730.0,1.2829274905092944,-11,1.23631246443188e-05,8.682449237213774
mono-00000068,730.0,1.2829274905092944,-10,2.6567655000721167e-05,8.28673319684735
mono-00000068,730.0,1.2829274905092944,-9,3.749799980120073e-05,7.871293480621162
mono-00000068,730.0,1.2829274905092944,-8,2.958490184973676e-05,7.432823476131418
mono-00000068,730.0,1.2829274905092944,-7,3.793661927924024e-05,6.966976138146748
mono-00000068,730.0,1.2829274905092944,-6,0.00022243906367417002,6.46783845137243
mono-00000068,730.0,1.2829274905092944,-5,0.0006194517910740888,5.927005662970288
mono-00000068,730.0,1.2829274905092944,-4,0.0003047344317329939,5.331804603543361
mono-00000068,730.0,1.2829274905092944,-3,0.002739658085926618,4.661455242016572
mono-00000068,730.0,1.2829274905092944,-2,0.045883416701670586,3.877172706499138
mono-00000068,730.0,1.2829274905092944,-1,0.25138323719461875,2.8875678587987323
mono-00000068,730.0,1.2829274905092944,0,0.34009725007785285,1.2829274905094934
mono-00000068,730.0,1.2829274905092944,1,0.0,0.0
mono-00000068,730.0,1.2829274905092944,2,0.0,0.0
mono-00000068,730.0,1.2829274905092944,3,0.0,0.0
mono-00000068,730.0,1.2829274905092944,4,0.0,0.0
mono-00000068,730.0,1.2829274905092944,5,0.0,0.0
mono-00000068,730.0,1.2829274905092944,6,0.0,0.0
mono-00000068,730.0,1.2829274905092944,7,0.0,0.0
mono-00000068,730.0,1.2829274905092944,8,0.0,0.0
mono-00000068,730.0,1.2829274905092944,9,0.0,0.0
mono-00000068,730.0,1.2829274905092944,10,0.0,0.0
mono-00000068,730.0,1.2829274905092944,11,0.0,0.0
mono-00000068,730.0,1.2829274905092944,12,0.0,0.0
mono-00000068,730.0,1.2829274905092944,13,0.0,0.0
mono-00000068,730.0,1.2829274905092944,14,0.0,0.0
mono-00000068,730.0,1.2829274905092944,15,0.0,0.0
mono-00000068,730.0,1.2829274905092944,16,0.0,0.0
mono-00000068,730.0,1.2829274905092944,17,0.0,0.0
mono-00000068,730.0,1.2829274905092944,18,0.0,0.0
mono-00000068,730.0,1.2829274905092944,19,0.0,0.0
mono-00000068,730.0,1.2829274905092944,20,0.0,0.0
mono-00000069,740.0,1.2742346871513206,-20,1.2675456537498106e-06,11.579296033432769
mono-00000069,740.0,1.2742346871513206,-19,1.3573266069507196e-06,11.288757231241888
mono-00000069,740.0,1.2742346871513206,-18,1.3282453804267247e-06,10.99064280330829
mono-00000069,740.0,1.2742346871513206,-17,1.7035064489574585e-06,10.684318556628739
mono-00000069,740.0,1.2742346871513206,-16,2.8994518599549673e-06,10.369056821851288
mono-00000069,740.0,1.2742346871513206,-15,4.554354710327091e-06,10.044015953695947
mono-00000069,740.0,1.2742346871513206,-14,5.727419157936382e-06,9.708213662371094
mono-00000069,740.0,1.2742346871513206,-13,5.3763087749972444e-06,9.36049174297851
mono-00000069,740.0,1.2742346871513206,-12,5.745172195583057e-06,8.999468547417365
mono-00000069,740.0,1.2742346871513206,-11,1.1907389344685227e-05,8.623473552046946
mono-00000069,740.0,1.2742346871513206,-10,2.6369042831458416e-05,8.230455015688122
mono-00000069,740.0,1.2742346871513206,-9,3.906241383642268e-05,7.817845823482088
mono-00000069,740.0,1.2742346871513206,-8,3.215426075411005e-05,7.382361747107041
mono-00000069,740.0,1.2742346871513206,-7,3.5851523494159215e-05,6.919685173671354
mono-00000069,740.0,1.2742346871513206,-6,0.00021497534435973559,6.423943129887277
mono-00000069,740.0,1.2742346871513206,-5,0.0006411182977854626,5.886787788847954
mono-00000069,740.0,1.2742346871513206,-4,0.0003583258416841952,5.295631833468661
mono-00000069,740.0,1.2742346871513206,-3,0.0025783049725041345,4.6298360317299085
mono-00000069,740.0,1.2742346871513206,-2,0.04774665633997922,3.85087836460076
mono-00000069,740.0,1.2742346871513206,-1,0.2516002972383606,2.867989230373823
mono-00000069,740.0,1.2742346871513206,0,0.3386445127617182,1.2742346871512353
mono-00000069,740.0,1.2742346871513206,1,0.0,0.0
mono-00000069,740.0,1.2742346871513206,2,0.0,0.0
mono-00000069,740.0,1.2742346871513206,3,0.0,0.0
mono-00000069,740.0,1.2742346871513206,4,0.0,0.0
mono-00000069,740.0,1.2742346871513206,5,0.0,0.0
mono-00000069,740.0,1.2742346871513206,6,0.0,0.0
mono-00000069,740.0,1.2742346871513206,7,0.0,0.0
mono-00000069,740.0,1.2742346871513206,8,0.0,0.0
mono-00000069,740.0,1.2742346871513206,9,0.0,0.0
mono-00000069,740.0,1.2742346871513206,10,0.0,0.0
mono-00000069,740.0,1.2742346871513206,11,0.0,0.0
mono-00000069,740.0,1.2742346871513206,12,0.0,0.0
mono-00000069,740.0,1.2742346871513206,13,0.0,0.0
mono-00000069,740.0,1.2742346871513206,14,0.0,0.0
mono-00000069,740.0,1.2742346871513206,15,0.0,0.0
mono-00000069,740.0,1.2742346871513206,16,0.0,0.0
mono-00000069,740.0,1.2742346871513206,17,0.0,0.0
mono-00000069,740.0,1.2742346871513206,18,0.0,0.0
mono-00000069,740.0,1.2742346871513206,19,0.0,0.0
mono-00000069,740.0,1.2742346871513206,20,0.0,0.0
mono-00000070,750.0,1.2657162233926442,-20,1.2848217696073472e-06,11.501580226603679
mono-00000070,750.0,1.2657162233926442,-19,1.4118812168140379e-06,11.213004146865728
mono-00000070,750.0,1.2657162233926442,-18,1.3750045267263933e-06,10.916902607387456
mono-00000070,750.0,1.2657162233926442,-17,1.6802804314428903e-06,10.612645644881567
mono-00000070,750.0,1.2657162233926442,-16,2.831603105037934e-06,10.29951044389773
mono-00000070,750.0,1.2657162233926442,-15,4.54028968509605e-06,9.976660974205842
mono-00000070,750.0,1.2657162233926442,-14,5.908318762163383e-06,9.643121500404817
mono-00000070,750.0,1.2657162233926442,-13,5.686259137239072e-06,9.297741547014368
mono-00000070,750.0,1.2657162233926442,-12,5.775146954078262e-06,8.939148687997857
mono-00000070,750.0,1.2657162233926442,-11,1.146734345145117e-05,8.56568355172763
mono-00000070,750.0,1.2657162233926442,-10,2.6078543711609352e-05,8.175308096182917
mono-00000070,750.0,1.2657162233926442,-9,4.0520463189627e-05,7.765472349555495
mono-00000070,750.0,1.2657162233926442,-8,3.489884451492854e-05,7.332914019078217
mono-00000070,750.0,1.2657162233926442,-7,3.421122307590874e-05,6.873344334342747
mono-00000070,750.0,1.2657162233926442,-6,0.00020699613269354269,6.380929561446848
mono-00000070,750.0,1.2657162233926442,-5,0.0006611813190203641,5.84737765816476
mono-00000070,750.0,1.2657162233926442,-4,0.00041678325243812146,5.260185438244136
mono-00000070,750.0,1.2657162233926442,-3,0.002415300221085079,4.598851644919392
mono-00000070,750.0,1.2657162233926442,-2,0.049623721102229755,3.8251118392126386
mono-00000070,750.0,1.2657162233926442,-1,0.25176776449031624,2.8488035246260353
mono-00000070,750.0,1.2657162233926442,0,0.33722782394456535,1.2657162233926584
mono-00000070,750.0,1.2657162233926442,1,0.0,0.0
mono-00000070,750.0,1.2657162233926442,2,0.0,0.0
mono-00000070,750.0,1.2657162233926442,3,0.0,0.0
mono-00000070,750.0,1.2657162233926442,4,0.0,0.0
mono-00000070,750.0,1.2657162233926442,5,0.0,0.0
mono-00000070,750.0,1.2657162233926442,6,0.0,0.0
mono-00000070,750.0,1.2657162233926442,7,0.0,0.0
mono-00000070,750.0,1.2657162233926442,8,0.0,0.0
mono-00000070,750.0,1.2657162233926442,9,0.0,0.0
mono-00000070,750.0,1.2657162233926442,10,0.0,0.0
mono-00000070,750.0,1.2657162233926442,11,0.0,0.0
mono-00000070,750.0,1.2657162233926442,12,0.0,0.0
mono-00000070,750.0,1.2657162233926442,13,0.0,0.0
mono-00000070,750.0,1.2657162233926442,14,0.0,0.0
mono-00000070,750.0,1.2657162233926442,15,0.0,0.0
mono-00000070,750.0,1.2657162233926442,16,0.0,0.0
mono-00000070,750.0,1.2657162233926442,17,0.0,0.0
mono-00000070,750.0,1.2657162233926442,18,0.0,0.0
mono-00000070,750.0,1.2657162233926442,19,0.0,0.0
mono-00000070,750.0,1.2657162233926442,20,0.0,0.0
mono-00000071,760.0,1.2573663485975857,-20,1.2979945614777956e-06,11.425408514694823
mono-00000071,760.0,1.2573663485975857,-19,1.4642337280818419e-06,11.13875591012615
mono-00000071,760.0,1.2573663485975857,-18,1.4290734278642384e-06,10.844627028616245
mono-00000071,760.0,1.2573663485975857,-17,1.6656761517577266e-06,10.542396053070163
mono-00000071,760.0,1.2573663485975857,-16,2.763230332962592e-06,10.231344926076474
mono-00000071,760.0,1.2573663485975857,-15,4.514029824493505e-06,9.9106431215437
mono-00000071,760.0,1.2573663485975857,-14,6.068446822022485e-06,9.579321328976675
mono-00000071,760.0,1.2573663485975857,-13,6.010150274656804e-06,9.23623664959274
mono-00000071,760.0,1.2573663485975857,-12,5.85065308945477e-06,8.880025697179363
mono-00000071,760.0,1.2573663485975857,-11,1.1048645454534349e-05,8.5090400317102
mono-00000071,760.0,1.2573663485975857,-10,2.570364121724239e-05,8.121255039526716
mono-00000071,760.0,1.2573663485975857,-9,4.18584735739514e-05,7.71413755294509
mono-00000071,760.0,1.2573663485975857,-8,3.7794872647620605e-05,7.284446781007446
mono-00000071,760.0,1.2573663485975857,-7,3.303557636560914e-05,6.827922225375559
mono-00000071,760.0,1.2573663485975857,-6,0.00019857737803573503,6.338768615371535
mono-00000071,760.0,1.2573663485975857,-5,0.0006795155088093269,5.808748589831282
mono-00000071,760.0,1.2573663485975857,-4,0.0004799207497103882,5.225441428627761
mono-00000071,760.0,1.2573663485975857,-3,0.0022514299785167413,4.5684811195912545
mono-00000071,760.0,1.2573663485975857,-2,0.0515121003028701,3.799855704952833
mono-00000071,760.0,1.2573663485975857,-1,0.25188447527815394,2.829997772395572
mono-00000071,760.0,1.2573663485975857,0,0.3358445189596556,1.2573663485975857
mono-00000071,760.0,1.2573663485975857,1,0.0,0.0
mono-00000071,760.0,1.2573663485975857,2,0.0,0.0
mono-00000071,760.0,1.2573663485975857,3,0.0,0.0
mono-00000071,760.0,1.2573663485975857,4,0.0,0.0
mono-00000071,760.0,1.2573663485975857,5,0.0,0.0
mono-00000071,760.0,1.2573663485975857,6,0.0,0.0
mono-00000071,760.0,1.2573663485975857,7,0.0,0.0
mono-00000071,760.0,1.2573663485975857,8,0.0,0.0
mono-00000071,760.0,1.2573663485975857,9,0.0,0.0
mono-00000071,760.0,1.2573663485975857,10,0.0,0.0
mono-00000071,760.0,1.2573663485975857,11,0.0,0.0
mono-00000071,760.0,1.2573663485975857,12,0.0,0.0
mono-00000071,760.0,1.2573663485975857,13,0.0,0.0
mono-00000071,760.0,1.2573663485975857,14,0.0,0.0
mono-00000071,760.0,1.2573663485975857,15,0.0,0.0
mono-00000071,760.0,1.2573663485975857,16,0.0,0.0
mono-00000071,760.0,1.2573663485975857,17,0.0,0.0
mono-00000071,760.0,1.2573663485975857,18,0.0,0.0
mono-00000071,760.0,1.2573663485975857,19,0.0,0.0
mono-00000071,760.0,1.2573663485975857,20,0.0,0.0
mono-00000072,770.0,1.2491795742378429,-20,1.3075388038897988e-06,11.350730433960265
mono-00000072,770.0,1.2491795742378429,-19,1.5133695570132054e-06,11.065963348082818
mono-00000072,770.0,1.2491795742378429,-18,1.4894505944199016e-06,10.773768216549755
mono-00000072,770.0,1.2491795742378429,-17,1.6607430122702404e-06,10.473523287648646
mono-00000072,770.0,1.2491795742378429,-16,2.695233375848739e-06,10.164515169258692
mono-00000072,770.0,1.2491795742378429,-15,4.477215196620584e-06,9.845918732119813
mono-00000072,770.0,1.2491795742378429,-14,6.2071313281861876e-06,9.516770965366575
mono-00000072,770.0,1.2491795742378429,-13,6.343303724970714e-06,9.175936399157436
mono-00000072,770.0,1.2491795742378429,-12,5.972570389723979e-06,8.822060510788717
mono-00000072,770.0,1.2491795742378429,-11,1.0656879690258515e-05,8.453505578589827
mono-00000072,770.0,1.2491795742378429,-10,2.525412091277475e-05,8.068260155274032
mono-00000072,770.0,1.2491795742378429,-9,4.3066966716456096e-05,7.663807549378987
mono-00000072,770.0,1.2491795742378429,-8,4.082045225918901e-05,7.236928052119552
mono-00000072,770.0,1.2491795742378429,-7,3.2340412200661054e-05,6.783388885371622
mono-00000072,770.0,1.2491795742378429,-6,0.00018980802291032836,6.297432490775947
mono-00000072,770.0,1.2491795742378429,-5,0.0006960592867133209,5.770875120526554
mono-00000072,770.0,1.2491795742378429,-4,0.0005475570959127598,5.191376910100544
mono-00000072,770.0,1.2491795742378429,-3,0.0020876370397006697,4.538704450164502
mono-00000072,770.0,1.2491795742378429,-2,0.05341177177195426,3.7750933313453032
mono-00000072,770.0,1.2491795742378429,-1,0.2519584367081184,2.8115595960197766
mono-00000072,770.0,1.2491795742378429,0,0.33449714390373847,1.2491795742379281
mono-00000072,770.0,1.2491795742378429,1,0.0,0.0
mono-00000072,770.0,1.2491795742378429,2,0.0,0.0
mono-00000072,770.0,1.2491795742378429,3,0.0,0.0
mono-00000072,770.0,1.2491795742378429,4,0.0,0.0
mono-00000072,770.0,1.2491795742378429,5,0.0,0.0
mono-00000072,770.0,1.2491795742378429,6,0.0,0.0
mono-00000072,770.0,1.2491795742378429,7,0.0,0.0
mono-00000072,770.0,1.2491795742378429,8,0.0,0.0
mono-00000072,770.0,1.2491795742378429,9,0.0,0.0
mono-00000072,770.0,1.2491795742378429,10,0.0,0.0
mono-00000072,770.0,1.2491795742378429,11,0.0,0.0
mono-00000072,770.0,1.2491795742378429,12,0.0,0.0
mono-00000072,770.0,1.2491795742378429,13,0.0,0.0
mono-00000072,770.0,1.2491795742378429,14,0.0,0.0
mono-00000072,770.0,1.2491795742378429,15,0.0,0.0
mono-00000072,770.0,1.2491795742378429,16,0.0,0.0
mono-00000072,770.0,1.2491795742378429,17,0.0,0.0
mono-00000072,770.0,1.2491795742378429,18,0.0,0.0
mono-00000072,770.0,1.2491795742378429,19,0.0,0.0
mono-00000072,770.0,1.2491795742378429,20,0.0,0.0
mono-00000073,780.0,1.241150658725772,-20,1.314051279188744e-06,11.277497799836254
mono-00000073,780.0,1.241150658725772,-19,1.5585427798882977e-06,10.994579508314217
mono-00000073,780.0,1.241150658725772,-18,1.554852354705605e-06,10.704280481187553
mono-00000073,780.0,1.241150658725772,-17,1.6663983531712168e-06,10.405982953907753
mono-00000073,780.0,1.241150658725772,-16,2.6286188135343093e-06,10.098978109871496
mono-00000073,780.0,1.241150658725772,-15,4.431189674405021e-06,9.782446112785138
mono-00000073,780.0,1.241150658725772,-14,6.324323999038775e-06,9.455430130155662
mono-00000073,780.0,1.241150658725772,-13,6.680829132171146e-06,9.11680197806767
mono-00000073,780.0,1.241150658725772,-12,6.141250133529802e-06,8.765215826668921
mono-00000073,780.0,1.241150658725772,-11,1.0297073653883555e-05,8.399044466243595
mono-00000073,780.0,1.241150658725772,-10,2.4740054313031005e-05,8.016289362296433
mono-00000073,780.0,1.241150658725772,-9,4.413764554513161e-05,7.614449982210871
mono-00000073,780.0,1.241150658725772,-8,4.395328363866267e-05,7.190327293212903
mono-00000073,780.0,1.241150658725772,-7,3.21372212095543e-05,6.739715703259449
mono-00000073,780.0,1.241150658725772,-6,0.00018077478676703157,6.256894639523779
mono-00000073,780.0,1.241150658725772,-5,0.0007107580002507738,5.733732934155242
mono-00000073,780.0,1.241150658725772,-4,0.0006194987686712756,5.157970019461601
mono-00000073,780.0,1.241150658725772,-3,0.0019248197494542458,4.509502532085321
mono-00000073,780.0,1.241150658725772,-2,0.055322571580202054,3.7508088367960966
mono-00000073,780.0,1.241150658725772,-1,0.25199615955379195,2.7934771750920504
mono-00000073,780.0,1.241150658725772,0,0.3331873706166357,1.2411506587257861
mono-00000073,780.0,1.241150658725772,1,0.0,0.0
mono-00000073,780.0,1.241150658725772,2,0.0,0.0
mono-00000073,780.0,1.241150658725772,3,0.0,0.0
mono-00000073,780.0,1.241150658725772,4,0.0,0.0
mono-00000073,780.0,1.241150658725772,5,0.0,0.0
mono-00000073,780.0,1.241150658725772,6,0.0,0.0
mono-00000073,780.0,1.241150658725772,7,0.0,0.0
mono-00000073,780.0,1.241150658725772,8,0.0,0.0
mono-00000073,780.0,1.241150658725772,9,0.0,0.0
mono-00000073,780.0,1.241150658725772,10,0.0,0.0
mono-00000073,780.0,1.241150658725772,11,0.0,0.0
mono-00000073,780.0,1.241150658725772,12,0.0,0.0
mono-00000073,780.0,1.241150658725772,13,0.0,0.0
mono-00000073,780.0,1.241150658725772,14,0.0,0.0
mono-00000073,780.0,1.241150658725772,15,0.0,0.0
mono-00000073,780.0,1.241150658725772,16,0.0,0.0
mono-00000073,780.0,1.241150658725772,17,0.0,0.0
mono-00000073,780.0,1.241150658725772,18,0.0,0.0
mono-00000073,780.0,1.241150658725772,19,0.0,0.0
mono-00000073,780.0,1.241150658725772,20,0.0,0.0
mono-00000074,790.0,1.23327459331189,-20,1.3184938528913888e-06,11.205664576275865
mono-00000074,790.0,1.23327459331189,-19,1.5997831114086989e-06,10.92455953163622
mono-00000074,790.0,1.23327459331189,-18,1.624256106061412e-06,10.636120169155461
mono-00000074,790.0,1.23327459331189,-17,1.6837551980549506e-06,10.339732635707392
mono-00000074,790.0,1.23327459331189,-16,2.565149442322029e-06,10.034692603275616
mono-00000074,790.0,1.23327459331189,-15,4.378025004210625e-06,9.720185427957603
mono-00000074,790.0,1.23327459331189,-14,6.422370353183025e-06,9.395260338216687
mono-00000074,790.0,1.23327459331189,-13,7.019946138181443e-06,9.058796297579136
mono-00000074,790.0,1.23327459331189,-12,6.358136290400355e-06,8.709456003794003
mono-00000074,790.0,1.23327459331189,-11,9.975594343035957e-06,8.345622559239857
mono-00000074,790.0,1.23327459331189,-10,2.4177389378817925e-05,7.965310096669683
mono-00000074,790.0,1.23327459331189,-9,4.507738113742799e-05,7.566033934997378
mono-00000074,790.0,1.23327459331189,-8,4.718715134513983e-05,7.144615324174723
mono-00000074,790.0,1.23327459331189,-7,3.243646675958596e-05,6.696875341043253
mono-00000074,790.0,1.23327459331189,-6,0.0001716001587213108,6.21712969457073
mono-00000074,790.0,1.23327459331189,-5,0.0007238219577772651,5.697298796236751
mono-00000074,790.0,1.23327459331189,-4,0.0006957510130596805,5.1251998658563735
mono-00000074,790.0,1.23327459331189,-3,0.0017643886815177149,4.480857110314602
mono-00000074,790.0,1.23327459331189,-2,0.057257292069283205,3.726987045785677
mono-00000074,790.0,1.23327459331189,-1,0.25204579376377784,2.7757392146148874
mono-00000074,790.0,1.23327459331189,0,0.3319391698163532,1.23327459331189
mono-00000074,790.0,1.23327459331189,1,0.0,0.0
mono-00000074,790.0,1.23327459331189,2,0.0,0.0
mono-00000074,790.0,1.23327459331189,3,0.0,0.0
mono-00000074,790.0,1.23327459331189,4,0.0,0.0
mono-00000074,790.0,1.23327459331189,5,0.0,0.0
mono-00000074,790.0,1.23327459331189,6,0.0,0.0
mono-00000074,790.0,1.23327459331189,7,0.0,0.0
mono-00000074,790.0,1.23327459331189,8,0.0,0.0
mono-00000074,790.0,1.23327459331189,9,0.0,0.0
mono-00000074,790.0,1.23327459331189,10,0.0,0.0
mono-00000074,790.0,1.23327459331189,11,0.0,0.0
mono-00000074,790.0,1.23327459331189,12,0.0,0.0
mono-00000074,790.0,1.23327459331189,13,0.0,0.0
mono-00000074,790.0,1.23327459331189,14,0.0,0.0
mono-00000074,790.0,1.23327459331189,15,0.0,0.0
mono-00000074,790.0,1.23327459331189,16,0.0,0.0
mono-00000074,790.0,1.23327459331189,17,0.0,0.0
mono-00000074,790.0,1.23327459331189,18,0.0,0.0
mono-00000074,790.0,1.23327459331189,19,0.0,0.0
mono-00000074,790.0,1.23327459331189,20,0.0,0.0
mono-00000075,800.0,1.2255465889532076,-20,1.3214478478171682e-06,11.135186754124263
mono-00000075,800.0,1.2255465889532076,-19,1.637105782355495e-06,10.855860533625588
mono-00000075,800.0,1.2255465889532076,-18,1.6962964880419838e-06,10.569245548452088
mono-00000075,800.0,1.2255465889532076,-17,1.7133423316947564e-06,10.274731783526235
mono-00000075,800.0,1.2255465889532076,-16,2.5064026473275267e-06,9.971619315206624
mono-00000075,800.0,1.2255465889532076,-15,4.3185306760618615e-06,9.659098594552177
mono-00000075,800.0,1.2255465889532076,-14,6.502377548773849e-06,9.336224797239026
mono-00000075,800.0,1.2255465889532076,-13,7.356811542540921e-06,9.001883900082902
mono-00000075,800.0,1.2255465889532076,-12,6.6233003077227115e-06,8.654746968354658
mono-00000075,800.0,1.2255465889532076,-11,9.697356025164164e-06,8.293207222920984
mono-00000075,800.0,1.2255465889532076,-10,2.3575769679772025e-05,7.915291225924321
mono-00000075,800.0,1.2255465889532076,-9,4.588332116833382e-05,7.518529850113339
mono-00000075,800.0,1.2255465889532076,-8,5.0508998839461836e-05,7.099764247192567
mono-00000075,800.0,1.2255465889532076,-7,3.324980455911367e-05,6.654841661885229
mono-00000075,800.0,1.2255465889532076,-6,0.00016235153020762,6.178113403253917
mono-00000075,800.0,1.2255465889532076,-5,0.0007352853278154193,5.661550492823778
mono-00000075,800.0,1.2255465889532076,-4,0.0007763715857550409,5.093046475874431
mono-00000075,800.0,1.2255465889532076,-3,0.0016070445881625106,4.4527507313691075
mono-00000075,800.0,1.2255465889532076,-2,0.05922488697678691,3.7036134490159753
mono-00000075,800.0,1.2255465889532076,-1,0.2521378859230773,2.758334915351199
mono-00000075,800.0,1.2255465889532076,0,0.3307786323545533,1.225546588953378
mono-00000075,800.0,1.2255465889532076,1,0.0,0.0
mono-00000075,800.0,1.2255465889532076,2,0.0,0.0
mono-00000075,800.0,1.2255465889532076,3,0.0,0.0
mono-00000075,800.0,1.2255465889532076,4,0.0,0.0
mono-00000075,800.0,1.2255465889532076,5,0.0,0.0
mono-00000075,800.0,1.2255465889532076,6,0.0,0.0
mono-00000075,800.0,1.2255465889532076,7,0.0,0.0
mono-00000075,800.0,1.2255465889532076,8,0.0,0.0
mono-00000075,800.0,1.2255465889532076,9,0.0,0.0
mono-00000075,800.0,1.2255465889532076,10,0.0,0.0
mono-00000075,800.0,1.2255465889532076,11,0.0,0.0
mono-00000075,800.0,1.2255465889532076,12,0.0,0.0
mono-00000075,800.0,1.2255465889532076,13,0.0,0.0
mono-00000075,800.0,1.2255465889532076,14,0.0,0.0
mono-00000075,800.0,1.2255465889532076,15,0.0,0.0
mono-00000075,800.0,1.2255465889532076,16,0.0,0.0
mono-00000075,800.0,1.2255465889532076,17,0.0,0.0
mono-00000075,800.0,1.2255465889532076,18,0.0,0.0
mono-00000075,800.0,1.2255465889532076,19,0.0,0.0
mono-00000075,800.0,1.2255465889532076,20,0.0,0.0
mono-00000076,810.0,1.2179620640758202,-20,1.322423818904687e-06,11.066022237803907
mono-00000076,810.0,1.2179620640758202,-19,1.6695079335163565e-06,10.788441494237333
mono-00000076,810.0,1.2179620640758202,-18,1.768481394859852e-06,10.50361670106713
mono-00000076,810.0,1.2179620640758202,-17,1.754338266797404e-06,10.210941610156894
mono-00000076,810.0,1.2179620640758202,-16,2.4529859279406165e-06,9.909720620629102
mono-00000076,810.0,1.2179620640758202,-15,4.250770856462287e-06,9.5991491840838
mono-00000076,810.0,1.2179620640758202,-14,6.560292591493501e-06,9.27828831318034
mono-00000076,810.0,1.2179620640758202,-13,7.682339730896557e-06,8.94603086801682
mono-00000076,810.0,1.2179620640758202,-12,6.932611787437264e-06,8.601056126252871
mono-00000076,810.0,1.2179620640758202,-11,9.464605635998918e-06,8.241767239620515
mono-00000076,810.0,1.2179620640758202,-10,2.292913521981638e-05,7.8662029691453625
mono-00000076,810.0,1.2179620640758202,-9,4.6515514409844634e-05,7.471909452917757
mono-00000076,810.0,1.2179620640758202,-8,5.3867902746344025e-05,7.055747375201591
mono-00000076,810.0,1.2179620640758202,-7,3.4598924664326576e-05,6.613589663091659
mono-00000076,810.0,1.2179620640758202,-6,0.00015297674643875025,6.139822565129251
mono-00000076,810.0,1.2179620640758202,-5,0.0007445326431792864,5.626466773583076
mono-00000076,810.0,1.2179620640758202,-4,0.0008613708576854551,5.061490742388287
mono-00000076,810.0,1.2179620640758202,-3,0.0014518422424005019,4.425166698630278
mono-00000076,810.0,1.2179620640758202,-2,0.06122103934876727,3.6806741662705065
mono-00000076,810.0,1.2179620640758202,-1,0.2522646549603881,2.7412539461914633
mono-00000076,810.0,1.2179620640758202,0,0.32976269317193335,1.217962064075465
mono-00000076,810.0,1.2179620640758202,1,0.0,0.0
mono-00000076,810.0,1.2179620640758202,2,0.0,0.0
mono-00000076,810.0,1.2179620640758202,3,0.0,0.0
mono-00000076,810.0,1.2179620640758202,4,0.0,0.0
mono-00000076,810.0,1.2179620640758202,5,0.0,0.0
mono-00000076,810.0,1.2179620640758202,6,0.0,0.0
mono-00000076,810.0,1.2179620640758202,7,0.0,0.0
mono-00000076,810.0,1.2179620640758202,8,0.0,0.0
mono-00000076,810.0,1.2179620640758202,9,0.0,0.0
mono-00000076,810.0,1.2179620640758202,10,0.0,0.0
mono-00000076,810.0,1.2179620640758202,11,0.0,0.0
mono-00000076,810.0,1.2179620640758202,12,0.0,0.0
mono-00000076,810.0,1.2179620640758202,13,0.0,0.0
mono-00000076,810.0,1.2179620640758202,14,0.0,0.0
mono-00000076,810.0,1.2179620640758202,15,0.0,0.0
mono-00000076,810.0,1.2179620640758202,16,0.0,0.0
mono-00000076,810.0,1.2179620640758202,17,0.0,0.0
mono-00000076,810.0,1.2179620640758202,18,0.0,0.0
mono-00000076,810.0,1.2179620640758202,19,0.0,0.0
mono-00000076,810.0,1.2179620640758202,20,0.0,0.0
mono-00000077,820.0,1.2105166331602675,-20,1.3214046048538392e-06,10.99813073964873
mono-00000077,820.0,1.2105166331602675,-19,1.6968230435057685e-06,10.72226315487147
mono-00000077,820.0,1.2105166331602675,-18,1.83857873151339e-06,10.439195422845927
mono-00000077,820.0,1.2105166331602675,-17,1.8054173787654726e-06,10.148324993438166
mono-00000077,820.0,1.2105166331602675,-16,2.4058454080703544e-06,9.848960509413288
mono-00000077,820.0,1.2105166331602675,-15,4.1750164783688885e-06,9.540302331373113
mono-00000077,820.0,1.2105166331602675,-14,6.596142328010987e-06,9.221417202094472
mono-00000077,820.0,1.2105166331602675,-13,7.988534120195962e-06,8.891204738918432
mono-00000077,820.0,1.2105166331602675,-12,7.278578329812693e-06,8.548352281495553
mono-00000077,820.0,1.2105166331602675,-11,9.27729132534767e-06,8.191272730528325
mono-00000077,820.0,1.2105166331602675,-10,2.2248175676839637e-05,7.818016822456968
mono-00000077,820.0,1.2105166331602675,-9,4.695814817516423e-05,7.4261456810304765
mono-00000077,820.0,1.2105166331602675,-8,5.719632854872182e-05,7.0125391651537115
mono-00000077,820.0,1.2105166331602675,-7,3.6443132353273086e-05,6.573095413613373
mono-00000077,820.0,1.2105166331602675,-6,0.0001436129076101896,6.10223497399528
mono-00000077,820.0,1.2105166331602675,-5,0.0007511466986496922,5.592027298710505
mono-00000077,820.0,1.2105166331602675,-4,0.0009492566592497003,5.030514376838013
mono-00000077,820.0,1.2105166331602675,-3,0.0012998658388913144,4.398089030662362
mono-00000077,820.0,1.2105166331602675,-2,0.06319585227271288,3.6581559117761486
mono-00000077,820.0,1.2105166331602675,-1,0.25227102273826274,2.724486418384629
mono-00000077,820.0,1.2105166331602675,0,0.3287301444732134,1.2105166331604948
mono-00000077,820.0,1.2105166331602675,1,0.0,0.0
mono-00000077,820.0,1.2105166331602675,2,0.0,0.0
mono-00000077,820.0,1.2105166331602675,3,0.0,0.0
mono-00000077,820.0,1.2105166331602675,4,0.0,0.0
mono-00000077,820.0,1.2105166331602675,5,0.0,0.0
mono-00000077,820.0,1.2105166331602675,6,0.0,0.0
mono-00000077,820.0,1.2105166331602675,7,0.0,0.0
mono-00000077,820.0,1.2105166331602675,8,0.0,0.0
mono-00000077,820.0,1.2105166331602675,9,0.0,0.0
mono-00000077,820.0,1.2105166331602675,10,0.0,0.0
mono-00000077,820.0,1.2105166331602675,11,0.0,0.0
mono-00000077,820.0,1.2105166331602675,12,0.0,0.0
mono-00000077,820.0,1.2105166331602675,13,0.0,0.0
mono-00000077,820.0,1.2105166331602675,14,0.0,0.0
mono-00000077,820.0,1.2105166331602675,15,0.0,0.0
mono-00000077,820.0,1.2105166331602675,16,0.0,0.0
mono-00000077,820.0,1.2105166331602675,17,0.0,0.0
mono-00000077,820.0,1.2105166331602675,18,0.0,0.0
mono-00000077,820.0,1.2105166331602675,19,0.0,0.0
mono-00000077,820.0,1.2105166331602675,20,0.0,0.0
mono-00000078,830.0,1.2032060960851538,-20,1.3188466611988191e-06,10.931473681281929
mono-00000078,830.0,1.2032060960851538,-19,1.7201073405092648e-06,10.657287922300696
mono-00000078,830.0,1.2032060960851538,-18,1.9059660208297556e-06,10.375945130027034
mono-00000078,830.0,1.2032060960851538,-17,1.866178209300152e-06,10.086846385468405
mono-00000078,830.0,1.2032060960851538,-16,2.367534242939177e-06,9.789304498296104
mono-00000078,830.0,1.2032060960851538,-15,4.093219547454707e-06,9.482524649333712
mono-00000078,830.0,1.2032060960851538,-14,6.6136936640775245e-06,9.165579207831428
mono-00000078,830.0,1.2032060960851538,-13,8.274506112612664e-06,8.837374426134204
mono-00000078,830.0,1.2032060960851538,-12,7.65973923085304e-06,8.496605560021266
mono-00000078,830.0,1.2032060960851538,-11,9.140853563471869e-06,8.141695082756499
mono-00000078,830.0,1.2032060960851538,-10,2.155043783892869e-05,7.770705489466863
mono-00000078,830.0,1.2032060960851538,-9,4.722839163005135e-05,7.381212618314208
mono-00000078,830.0,1.2032060960851538,-8,6.048999903322612e-05,6.97011515572575
mono-00000078,830.0,1.2032060960851538,-7,3.877499136996556e-05,6.533335995703837
mono-00000078,830.0,1.2032060960851538,-6,0.00013439362632112467,6.065329363773884
mono-00000078,830.0,1.2032060960851538,-5,0.0007554389331839276,5.558212589375472
mono-00000078,830.0,1.2032060960851538,-4,0.0010399711631375772,5.000099864687627
mono-00000078,830.0,1.2032060960851538,-3,0.0011526925211384474,4.371502422300665
mono-00000078,830.0,1.2032060960851538,-2,0.065164352396366,3.6360459618658467
mono-00000078,830.0,1.2032060960851538,-1,0.25221395154000753,2.7080228614770334
mono-00000078,830.0,1.2032060960851538,0,0.32771073524072236,1.2032060960852533
mono-00000078,830.0,1.2032060960851538,1,0.0,0.0
mono-00000078,830.0,1.2032060960851538,2,0.0,0.0
mono-00000078,830.0,1.2032060960851538,3,0.0,0.0
mono-00000078,830.0,1.2032060960851538,4,0.0,0.0
mono-00000078,830.0,1.2032060960851538,5,0.0,0.0
mono-00000078,830.0,1.2032060960851538,6,0.0,0.0
mono-00000078,830.0,1.2032060960851538,7,0.0,0.0
mono-00000078,830.0,1.2032060960851538,8,0.0,0.0
mono-00000078,830.0,1.2032060960851538,9,0.0,0.0
mono-00000078,830.0,1.2032060960851538,10,0.0,0.0
mono-00000078,830.0,1.2032060960851538,11,0.0,0.0
mono-00000078,830.0,1.2032060960851538,12,0.0,0.0
mono-00000078,830.0,1.2032060960851538,13,0.0,0.0
mono-00000078,830.0,1.2032060960851538,14,0.0,0.0
mono-00000078,830.0,1.2032060960851538,15,0.0,0.0
mono-00000078,830.0,1.2032060960851538,16,0.0,0.0
mono-00000078,830.0,1.2032060960851538,17,0.0,0.0
mono-00000078,830.0,1.2032060960851538,18,0.0,0.0
mono-00000078,830.0,1.2032060960851538,19,0.0,0.0
mono-00000078,830.0,1.2032060960851538,20,0.0,0.0
mono-00000079,840.0,1.1960264281703985,-20,1.3147197219186843e-06,10.866014101491672
mono-00000079,840.0,1.1960264281703985,-19,1.7400100707735994e-06,10.593479778926607
mono-00000079,840.0,1.1960264281703985,-18,1.969940676901293e-06,10.313830771935699
mono-00000079,840.0,1.1960264281703985,-17,1.935437804928101e-06,10.026471727797784
mono-00000079,840.0,1.1960264281703985,-16,2.3400567728740797e-06,9.730719548638945
mono-00000079,840.0,1.1960264281703985,-15,4.006552089343519e-06,9.425784149369022
mono-00000079,840.0,1.1960264281703985,-14,6.614918074320436e-06,9.110743425154823
mono-00000079,840.0,1.1960264281703985,-13,8.538225490197585e-06,8.784510144747983
mono-00000079,840.0,1.1960264281703985,-12,8.072328329454309e-06,8.445787338540114
mono-00000079,840.0,1.1960264281703985,-11,9.058889929196555e-06,8.093006881204332
mono-00000079,840.0,1.1960264281703985,-10,2.0847660380111044e-05,7.7242428162862495
mono-00000079,840.0,1.1960264281703985,-9,4.7332942482549836e-05,7.337085433200187
mono-00000079,840.0,1.1960264281703985,-8,6.37307735823321e-05,6.928451909125258
mono-00000079,840.0,1.1960264281703985,-7,4.1580819375282005e-05,6.494289450414001
mono-00000079,840.0,1.1960264281703985,-6,0.0001254145604767415,6.029085357948958
mono-00000079,840.0,1.1960264281703985,-5,0.0007575024934370954,5.525003981423879
mono-00000079,840.0,1.1960264281703985,-4,0.0011332620671076219,4.970230423810065
mono-00000079,840.0,1.1960264281703985,-3,0.0010113736440204566,4.345392208298662
mono-00000079,840.0,1.1960264281703985,-2,0.06712973562924496,3.614332124767543
mono-00000079,840.0,1.1960264281703985,-1,0.25211058196370534,2.691854200836815
mono-00000079,840.0,1.1960264281703985,0,0.32671201544952605,1.1960264281700574
mono-00000079,840.0,1.1960264281703985,1,0.0,0.0
mono-00000079,840.0,1.1960264281703985,2,0.0,0.0
mono-00000079,840.0,1.1960264281703985,3,0.0,0.0
mono-00000079,840.0,1.1960264281703985,4,0.0,0.0
mono-00000079,840.0,1.1960264281703985,5,0.0,0.0
mono-00000079,840.0,1.1960264281703985,6,0.0,0.0
mono-00000079,840.0,1.1960264281703985,7,0.0,0.0
mono-00000079,840.0,1.1960264281703985,8,0.0,0.0
mono-00000079,840.0,1.1960264281703985,9,0.0,0.0
mono-00000079,840.0,1.1960264281703985,10,0.0,0.0
mono-00000079,840.0,1.1960264281703985,11,0.0,0.0
mono-00000079,840.0,1.1960264281703985,12,0.0,0.0
mono-00000079,840.0,1.1960264281703985,13,0.0,0.0
mono-00000079,840.0,1.1960264281703985,14,0.0,0.0
mono-00000079,840.0,1.1960264281703985,15,0.0,0.0
mono-00000079,840.0,1.1960264281703985,16,0.0,0.0
mono-00000079,840.0,1.1960264281703985,17,0.0,0.0
mono-00000079,840.0,1.1960264281703985,18,0.0,0.0
mono-00000079,840.0,1.1960264281703985,19,0.0,0.0
mono-00000079,840.0,1.1960264281703985,20,0.0,0.0
mono-00000080,850.0,1.1889737708658998,-20,1.3088289193006815e-06,10.801716570103054
mono-00000080,850.0,1.1889737708658998,-19,1.756994361710844e-06,10.530804198876524
mono-00000080,850.0,1.1889737708658998,-18,2.030084063714196e-06,10.252818749358354
mono-00000080,850.0,1.1889737708658998,-17,2.011635750229483e-06,9.96716837213765
mono-00000080,850.0,1.1889737708658998,-16,2.32513905245755e-06,9.673173989535272
mono-00000080,850.0,1.1889737708658998,-15,3.916279302561847e-06,9.370050166946683
mono-00000080,850.0,1.1889737708658998,-14,6.6012615726584535e-06,9.056880227859054
mono-00000080,850.0,1.1889737708658998,-13,8.778132972101447e-06,8.732583342324887
mono-00000080,850.0,1.1889737708658998,-12,8.511610814871144e-06,8.39587017799903
mono-00000080,850.0,1.1889737708658998,-11,9.034447013903974e-06,8.045181844852266
mono-00000080,850.0,1.1889737708658998,-10,2.014991592645378e-05,7.67860373077319
mono-00000080,850.0,1.1889737708658998,-9,4.7278168037756104e-05,7.293740321020451
mono-00000080,850.0,1.1889737708658998,-8,6.68987819208287e-05,6.887526956676496
mono-00000080,850.0,1.1889737708658998,-7,4.4843202168965885e-05,6.4559347266276745
mono-00000080,850.0,1.1889737708658998,-6,0.00011676099483297845,5.993483422288989
mono-00000080,850.0,1.1889737708658998,-5,0.0007574016718580125,5.492383582087271
mono-00000080,850.0,1.1889737708658998,-4,0.0012288364684922425,4.94088996557376
mono-00000080,850.0,1.1889737708658998,-3,0.0008768419507930807,4.319744329333048
mono-00000080,850.0,1.1889737708658998,-2,0.06909294261519537,3.593002712353396
mono-00000080,850.0,1.1889737708658998,-1,0.25196987411289556,2.6759717366333433
mono-00000080,850.0,1.1889737708658998,0,0.32573639773758584,1.1889737708655872
mono-00000080,850.0,1.1889737708658998,1,0.0,0.0
mono-00000080,850.0,1.1889737708658998,2,0.0,0.0
mono-00000080,850.0,1.1889737708658998,3,0.0,0.0
mono-00000080,850.0,1.1889737708658998,4,0.0,0.0
mono-00000080,850.0,1.1889737708658998,5,0.0,0.0
mono-00000080,850.0,1.1889737708658998,6,0.0,0.0
mono-00000080,850.0,1.1889737708658998,7,0.0,0.0
mono-00000080,850.0,1.1889737708658998,8,0.0,0.0
mono-00000080,850.0,1.1889737708658998,9,0.0,0.0
mono-00000080,850.0,1.1889737708658998,10,0.0,0.0
mono-00000080,850.0,1.1889737708658998,11,0.0,0.0
mono-00000080,850.0,1.1889737708658998,12,0.0,0.0
mono-00000080,850.0,1.1889737708658998,13,0.0,0.0
mono-00000080,850.0,1.1889737708658998,14,0.0,0.0
mono-00000080,850.0,1.1889737708658998,15,0.0,0.0
mono-00000080,850.0,1.1889737708658998,16,0.0,0.0
mono-00000080,850.0,1.1889737708658998,17,0.0,0.0
mono-00000080,850.0,1.1889737708658998,18,0.0,0.0
mono-00000080,850.0,1.1889737708658998,19,0.0,0.0
mono-00000080,850.0,1.1889737708658998,20,0.0,0.0
mono-00000081,860.0,1.1820444230379934,-20,1.3009652619652413e-06,10.738547107390929
mono-00000081,860.0,1.1820444230379934,-19,1.771319979960304e-06,10.469228069497078
mono-00000081,860.0,1.1820444230379934,-18,2.0863224146504294e-06,10.192876838166711
mono-00000081,860.0,1.1820444230379934,-17,2.0930372820352353e-06,9.90890500616915
mono-00000081,860.0,1.1820444230379934,-16,2.324177164831356e-06,9.616637445861699
mono-00000081,860.0,1.1820444230379934,-15,3.824001034578217e-06,9.315293291957275
mono-00000081,860.0,1.1820444230379934,-14,6.5738581598905605e-06,9.0039612015064
mono-00000081,860.0,1.1820444230379934,-13,8.993492210266657e-06,8.681566634106261
mono-00000081,860.0,1.1820444230379934,-12,8.972347888817e-06,8.346827761322942
mono-00000081,860.0,1.1820444230379934,-11,9.07032038682714e-06,7.998194767148007
mono-00000081,860.0,1.1820444230379934,-10,1.9466351794176204e-05,7.633764185678345
mono-00000081,860.0,1.1820444230379934,-9,4.7072086571967476e-05,7.251154450044595
mono-00000081,860.0,1.1820444230379934,-8,6.997557477371963e-05,6.847318747901042
mono-00000081,860.0,1.1820444230379934,-7,4.854293048235218e-05,6.418251633369039
mono-00000081,860.0,1.1820444230379934,-6,0.0001085117236211729,5.958504820605029
mono-00000081,860.0,1.1820444230379934,-5,0.000755211805431437,5.46033422947049
mono-00000081,860.0,1.1820444230379934,-4,0.0013264214817760725,4.912063058426867
mono-00000081,860.0,1.1820444230379934,-3,0.0007499745079148951,4.2945453001921265
mono-00000081,860.0,1.1820444230379934,-2,0.07105537510780997,3.5720465137009825
mono-00000081,860.0,1.1820444230379934,-1,0.2518009591075497,2.6603671241664557
mono-00000081,860.0,1.1820444230379934,0,0.32478666839008535,1.1820444230380502
mono-00000081,860.0,1.1820444230379934,1,0.0,0.0
mono-00000081,860.0,1.1820444230379934,2,0.0,0.0
mono-00000081,860.0,1.1820444230379934,3,0.0,0.0
mono-00000081,860.0,1.1820444230379934,4,0.0,0.0
mono-00000081,860.0,1.1820444230379934,5,0.0,0.0
mono-00000081,860.0,1.1820444230379934,6,0.0,0.0
mono-00000081,860.0,1.1820444230379934,7,0.0,0.0
mono-00000081,860.0,1.1820444230379934,8,0.0,0.0
mono-00000081,860.0,1.1820444230379934,9,0.0,0.0
mono-00000081,860.0,1.1820444230379934,10,0.0,0.0
mono-00000081,860.0,1.1820444230379934,11,0.0,0.0
mono-00000081,860.0,1.1820444230379934,12,0.0,0.0
mono-00000081,860.0,1.1820444230379934,13,0.0,0.0
mono-00000081,860.0,1.1820444230379934,14,0.0,0.0
mono-00000081,860.0,1.1820444230379934,15,0.0,0.0
mono-00000081,860.0,1.1820444230379934,16,0.0,0.0
mono-00000081,860.0,1.1820444230379934,17,0.0,0.0
mono-00000081,860.0,1.1820444230379934,18,0.0,0.0
mono-00000081,860.0,1.1820444230379934,19,0.0,0.0
mono-00000081,860.0,1.1820444230379934,20,0.0,0.0
mono-00000082,870.0,1.1752348328071491,-20,1.2916584101418428e-06,10.67647310861733
mono-00000082,870.0,1.1752348328071491,-19,1.7839272105233073e-06,10.408719617839722
mono-00000082,870.0,1.1752348328071491,-18,2.140143560683136e-06,10.133974117797308
mono-00000082,870.0,1.1752348328071491,-17,2.179153328736504e-06,9.851651584067241
mono-00000082,870.0,1.1752348328071491,-16,2.3392955453586223e-06,9.561080770902265
mono-00000082,870.0,1.1752348328071491,-15,3.7334295538890416e-06,9.26148530349856
mono-00000082,870.0,1.1752348328071491,-14,6.536727090600432e-06,8.9519590804382
mono-00000082,870.0,1.1752348328071491,-13,9.189972834509741e-06,8.63143374232159
mono-00000082,870.0,1.1752348328071491,-12,9.454831646226075e-06,8.298634835110093
mono-00000082,870.0,1.1752348328071491,-11,9.173586567221413e-06,7.952021460179225
mono-00000082,870.0,1.1752348328071491,-10,1.8812016794208987e-05,7.5897011054011045
mono-00000082,870.0,1.1752348328071491,-9,4.675034219270978e-05,7.20930591094222
mono-00000082,870.0,1.1752348328071491,-8,7.299451844303695e-05,6.807806602830965
mono-00000082,870.0,1.1752348328071491,-7,5.2692474185507506e-05,6.381220795137253
mono-00000082,870.0,1.1752348328071491,-6,0.00010075610556505786,5.924131573315748
mono-00000082,870.0,1.1752348328071491,-5,0.0007515415126850418,5.428839454610397
mono-00000082,870.0,1.1752348328071491,-4,0.0014268165634077916,4.883734893791228
mono-00000082,870.0,1.1752348328071491,-3,0.0006319410571231863,4.2697821799804245
mono-00000082,870.0,1.1752348328071491,-2,0.07305500981437996,3.5514527703320056
mono-00000082,870.0,1.1752348328071491,-1,0.2517037300329101,2.645032355442467
mono-00000082,870.0,1.1752348328071491,0,0.32391335489011563,1.1752348328070639
mono-00000082,870.0,1.1752348328071491,1,0.0,0.0
mono-00000082,870.0,1.1752348328071491,2,0.0,0.0
mono-00000082,870.0,1.1752348328071491,3,0.0,0.0
mono-00000082,870.0,1.1752348328071491,4,0.0,0.0
mono-00000082,870.0,1.1752348328071491,5,0.0,0.0
mono-00000082,870.0,1.1752348328071491,6,0.0,0.0
mono-00000082,870.0,1.1752348328071491,7,0.0,0.0
mono-00000082,870.0,1.1752348328071491,8,0.0,0.0
mono-00000082,870.0,1.1752348328071491,9,0.0,0.0
mono-00000082,870.0,1.1752348328071491,10,0.0,0.0
mono-00000082,870.0,1.1752348328071491,11,0.0,0.0
mono-00000082,870.0,1.1752348328071491,12,0.0,0.0
mono-00000082,870.0,1.1752348328071491,13,0.0,0.0
mono-00000082,870.0,1.1752348328071491,14,0.0,0.0
mono-00000082,870.0,1.1752348328071491,15,0.0,0.0
mono-00000082,870.0,1.1752348328071491,16,0.0,0.0
mono-00000082,870.0,1.1752348328071491,17,0.0,0.0
mono-00000082,870.0,1.1752348328071491,18,0.0,0.0
mono-00000082,870.0,1.1752348328071491,19,0.0,0.0
mono-00000082,870.0,1.1752348328071491,20,0.0,0.0
mono-00000083,880.0,1.168541589897842,-20,1.2809843763842808e-06,10.615463273312827
mono-00000083,880.0,1.168541589897842,-19,1.7944945860288076e-06,10.349248341766454
mono-00000083,880.0,1.168541589897842,-18,2.1919047703192246e-06,10.076080904225776
mono-00000083,880.0,1.168541589897842,-17,2.268562403869077e-06,9.795379261390622
mono-00000083,880.0,1.168541589897842,-16,2.3709741215011245e-06,9.506475983205306
mono-00000083,880.0,1.168541589897842,-15,3.6468357688131285e-06,9.208599108756218
mono-00000083,880.0,1.168541589897842,-14,6.489961623665361e-06,8.900847688742076
mono-00000083,880.0,1.168541589897842,-13,9.367940981367655e-06,8.582159439311326
mono-00000083,880.0,1.168541589897842,-12,9.954464431282616e-06,8.25126715498834
mono-00000083,880.0,1.168541589897842,-11,9.34739706530347e-06,7.906638702351259
mono-00000083,880.0,1.168541589897842,-10,1.8193192699225863e-05,7.546392336088189
mono-00000083,880.0,1.168541589897842,-9,4.631925717353269e-05,7.168173669417598
mono-00000083,880.0,1.168541589897842,-8,7.594315109846642e-05,6.768970667314164
mono-00000083,880.0,1.168541589897842,-7,5.72903818733925e-05,6.344823610044216
mono-00000083,880.0,1.168541589897842,-6,9.354169324198899e-05,5.890346418612737
mono-00000083,880.0,1.168541589897842,-5,0.0007464201625434955,5.397883445914218
mono-00000083,880.0,1.168541589897842,-4,0.0015301782940196343,4.85589125409679
mono-00000083,880.0,1.168541589897842,-3,0.0005231709166205416,4.245442544193395
mono-00000083,880.0,1.168541589897842,-2,0.07510143327409372,3.5312111530039374
mono-00000083,880.0,1.168541589897842,-1,0.25169890313841237,2.6299597419060348
mono-00000083,880.0,1.168541589897842,0,0.32313549571412725,1.1685415898978846
mono-00000083,880.0,1.168541589897842,1,0.0,0.0
mono-00000083,880.0,1.168541589897842,2,0.0,0.0
mono-00000083,880.0,1.168541589897842,3,0.0,0.0
mono-00000083,880.0,1.168541589897842,4,0.0,0.0
mono-00000083,880.0,1.168541589897842,5,0.0,0.0
mono-00000083,880.0,1.168541589897842,6,0.0,0.0
mono-00000083,880.0,1.168541589897842,7,0.0,0.0
mono-00000083,880.0,1.168541589897842,8,0.0,0.0
mono-00000083,880.0,1.168541589897842,9,0.0,0.0
mono-00000083,880.0,1.168541589897842,10,0.0,0.0
mono-00000083,880.0,1.168541589897842,11,0.0,0.0
mono-00000083,880.0,1.168541589897842,12,0.0,0.0
mono-00000083,880.0,1.168541589897842,13,0.0,0.0
mono-00000083,880.0,1.168541589897842,14,0.0,0.0
mono-00000083,880.0,1.168541589897842,15,0.0,0.0
mono-00000083,880.0,1.168541589897842,16,0.0,0.0
mono-00000083,880.0,1.168541589897842,17,0.0,0.0
mono-00000083,880.0,1.168541589897842,18,0.0,0.0
mono-00000083,880.0,1.168541589897842,19,0.0,0.0
mono-00000083,880.0,1.168541589897842,20,0.0,0.0
mono-00000084,890.0,1.1619614184615301,-20,1.268115696052675e-06,10.555487538952804
mono-00000084,890.0,1.1619614184615301,-19,1.8005593739721055e-06,10.290784945337137
mono-00000084,890.0,1.1619614184615301,-18,2.2390723142178404e-06,10.01916868710532
mono-00000084,890.0,1.1619614184615301,-17,2.3577195321484464e-06,9.740060334016164
mono-00000084,890.0,1.1619614184615301,-16,2.4174055982712357e-06,9.452796207362297
mono-00000084,890.0,1.1619614184615301,-15,3.5639975007890696e-06,9.156608685680311
mono-00000084,890.0,1.1619614184615301,-14,6.4268829117647045e-06,8.850601884884497
mono-00000084,890.0,1.1619614184615301,-13,9.515099120988884e-06,8.53371949418117
mono-00000084,890.0,1.1619614184615301,-12,1.04565685977566e-05,8.204701434363727
mono-00000084,890.0,1.1619614184615301,-11,9.590148145400567e-06,7.862024189311626
mono-00000084,890.0,1.1619614184615301,-10,1.7606915141219813e-05,7.503816598828408
mono-00000084,890.0,1.1619614184615301,-9,4.572420196829372e-05,7.127737521783061
mono-00000084,890.0,1.1619614184615301,-8,7.870883769467477e-05,6.730791871092848
mono-00000084,890.0,1.1619614184615301,-7,6.233139852410365e-05,6.3090422105480854
mono-00000084,890.0,1.1619614184615301,-6,8.687874612323747e-05,5.857132776033922
mono-00000084,890.0,1.1619614184615301,-5,0.0007386541703508138,5.367451015803454
mono-00000084,890.0,1.1619614184615301,-4,0.0016362549625774498,4.828518482796113
mono-00000084,890.0,1.1619614184615301,-3,0.0004226772172266431,4.2215144585219235
mono-00000084,890.0,1.1619614184615301,-2,0.07719299546353332,3.5113117399388187
mono-00000084,890.0,1.1619614184615301,-1,0.2518006586973024,2.615141898241319
mono-00000084,890.0,1.1619614184615301,0,0.32259653492378604,1.1619614184617717
mono-00000084,890.0,1.1619614184615301,1,0.0,0.0
mono-00000084,890.0,1.1619614184615301,2,0.0,0.0
mono-00000084,890.0,1.1619614184615301,3,0.0,0.0
mono-00000084,890.0,1.1619614184615301,4,0.0,0.0
mono-00000084,890.0,1.1619614184615301,5,0.0,0.0
mono-00000084,890.0,1.1619614184615301,6,0.0,0.0
mono-00000084,890.0,1.1619614184615301,7,0.0,0.0
mono-00000084,890.0,1.1619614184615301,8,0.0,0.0
mono-00000084,890.0,1.1619614184615301,9,0.0,0.0
mono-00000084,890.0,1.1619614184615301,10,0.0,0.0
mono-00000084,890.0,1.1619614184615301,11,0.0,0.0
mono-00000084,890.0,1.1619614184615301,12,0.0,0.0
mono-00000084,890.0,1.1619614184615301,13,0.0,0.0
mono-00000084,890.0,1.1619614184615301,14,0.0,0.0
mono-00000084,890.0,1.1619614184615301,15,0.0,0.0
mono-00000084,890.0,1.1619614184615301,16,0.0,0.0
mono-00000084,890.0,1.1619614184615301,17,0.0,0.0
mono-00000084,890.0,1.1619614184615301,18,0.0,0.0
mono-00000084,890.0,1.1619614184615301,19,0.0,0.0
mono-00000084,890.0,1.1619614184615301,20,0.0,0.0
mono-00000085,900.0,1.1554911703399,-20,1.2530888892237526e-06,10.496517018710165
mono-00000085,900.0,1.1554911703399,-19,1.8014221137392409e-06,10.233301278166763
mono-00000085,900.0,1.1554911703399,-18,2.281276019000651e-06,9.963210070767701
mono-00000085,900.0,1.1554911703399,-17,2.443632742408343e-06,9.685668180825019
mono-00000085,900.0,1.1554911703399,-16,2.4763032408572636e-06,9.400015618424575
mono-00000085,900.0,1.1554911703399,-15,3.4861529189834784e-06,9.10548902918265
mono-00000085,900.0,1.1554911703399,-14,6.34770047969827e-06,8.801197509743616
mono-00000085,900.0,1.1554911703399,-13,9.630003809205815e-06,8.486090622731453
mono-00000085,900.0,1.1554911703399,-12,1.0946038814779338e-05,8.158915296315172
mono-00000085,900.0,1.1554911703399,-11,9.891662620931534e-06,7.818156487887407
mono-00000085,900.0,1.1554911703399,-10,1.7057099637097803e-05,7.461953445720624
mono-00000085,900.0,1.1554911703399,-9,4.497838273259466e-05,7.08797805325861
mono-00000085,900.0,1.1554911703399,-8,8.122565037062054e-05,6.693251888453958
mono-00000085,900.0,1.1554911703399,-7,6.765567479146831e-05,6.273859426596502
mono-00000085,900.0,1.1554911703399,-6,8.090040458393774e-05,5.82447471227124
mono-00000085,900.0,1.1554911703399,-5,0.0007282086677216202,5.337527569403036
mono-00000085,900.0,1.1554911703399,-4,0.0017415634709425035,4.801603456218913
mono-00000085,900.0,1.1554911703399,-3,0.00033271307653905564,4.197986454263486
mono-00000085,900.0,1.1554911703399,-2,0.07923290438389503,3.4917449963880074
mono-00000085,900.0,1.1554911703399,-1,0.25175875339744985,2.6005717271657574
mono-00000085,900.0,1.1554911703399,0,0.3220212308267945,1.1554911703399853
mono-00000085,900.0,1.1554911703399,1,0.0,0.0
mono-00000085,900.0,1.1554911703399,2,0.0,0.0
mono-00000085,900.0,1.1554911703399,3,0.0,0.0
mono-00000085,900.0,1.1554911703399,4,0.0,0.0
mono-00000085,900.0,1.1554911703399,5,0.0,0.0
mono-00000085,900.0,1.1554911703399,6,0.0,0.0
mono-00000085,900.0,1.1554911703399,7,0.0,0.0
mono-00000085,900.0,1.1554911703399,8,0.0,0.0
mono-00000085,900.0,1.1554911703399,9,0.0,0.0
mono-00000085,900.0,1.1554911703399,10,0.0,0.0
mono-00000085,900.0,1.1554911703399,11,0.0,0.0
mono-00000085,900.0,1.1554911703399,12,0.0,0.0
mono-00000085,900.0,1.1554911703399,13,0.0,0.0
mono-00000085,900.0,1.1554911703399,14,0.0,0.0
mono-00000085,900.0,1.1554911703399,15,0.0,0.0
mono-00000085,900.0,1.1554911703399,16,0.0,0.0
mono-00000085,900.0,1.1554911703399,17,0.0,0.0
mono-00000085,900.0,1.1554911703399,18,0.0,0.0
mono-00000085,900.0,1.1554911703399,19,0.0,0.0
mono-00000085,900.0,1.1554911703399,20,0.0,0.0
mono-00000086,910.0,1.1491278187361473,-20,1.2369965420032246e-06,10.438523942991395
mono-00000086,910.0,1.1491278187361473,-19,1.7970353444383448e-06,10.176770278468751
mono-00000086,910.0,1.1491278187361473,-18,2.3193452774828594e-06,9.908178718809296
mono-00000086,910.0,1.1491278187361473,-17,2.52584210483536e-06,9.632177209870562
mono-00000086,910.0,1.1491278187361473,-16,2.546773903558748e-06,9.348109389696432
mono-00000086,910.0,1.1491278187361473,-15,3.4169624925688728e-06,9.055216100601598
mono-00000086,910.0,1.1491278187361473,-14,6.254499154558749e-06,8.752611337798186
mono-00000086,910.0,1.1491278187361473,-13,9.716904904324132e-06,8.439250440427244
mono-00000086,910.0,1.1491278187361473,-12,1.141880090567228e-05,8.113887228409993
mono-00000086,910.0,1.1491278187361473,-11,1.025295475148614e-05,7.775014992818868
mono-00000086,910.0,1.1491278187361473,-10,1.6552991399600242e-05,7.420783218608108
mono-00000086,910.0,1.1491278187361473,-9,4.411027406401254e-05,7.04887659880265
mono-00000086,910.0,1.1491278187361473,-8,8.349981477663129e-05,6.656333101267549
mono-00000086,910.0,1.1491278187361473,-7,7.323373902392744e-05,6.239258751005593
mono-00000086,910.0,1.1491278187361473,-6,7.567964416682461e-05,5.792356909052927
mono-00000086,910.0,1.1491278187361473,-5,0.000715463004045642,5.308099075130357
mono-00000086,910.0,1.1491278187361473,-4,0.0018460486473773053,4.775133557133515
mono-00000086,910.0,1.1491278187361473,-3,0.00025439742806522206,4.174847505224648
mono-00000086,910.0,1.1491278187361473,-2,0.08123548608344347,3.4725017554352036
mono-00000086,910.0,1.1491278187361473,-1,0.25161911710504736,2.586242405147445
mono-00000086,910.0,1.1491278187361473,0,0.32143262184566057,1.1491278187359768
mono-00000086,910.0,1.1491278187361473,1,0.0,0.0
mono-00000086,910.0,1.1491278187361473,2,0.0,0.0
mono-00000086,910.0,1.1491278187361473,3,0.0,0.0
mono-00000086,910.0,1.1491278187361473,4,0.0,0.0
mono-00000086,910.0,1.1491278187361473,5,0.0,0.0
mono-00000086,910.0,1.1491278187361473,6,0.0,0.0
mono-00000086,910.0,1.1491278187361473,7,0.0,0.0
mono-00000086,910.0,1.1491278187361473,8,0.0,0.0
mono-00000086,910.0,1.1491278187361473,9,0.0,0.0
mono-00000086,910.0,1.1491278187361473,10,0.0,0.0
mono-00000086,910.0,1.1491278187361473,11,0.0,0.0
mono-00000086,910.0,1.1491278187361473,12,0.0,0.0
mono-00000086,910.0,1.1491278187361473,13,0.0,0.0
mono-00000086,910.0,1.1491278187361473,14,0.0,0.0
mono-00000086,910.0,1.1491278187361473,15,0.0,0.0
mono-00000086,910.0,1.1491278187361473,16,0.0,0.0
mono-00000086,910.0,1.1491278187361473,17,0.0,0.0
mono-00000086,910.0,1.1491278187361473,18,0.0,0.0
mono-00000086,910.0,1.1491278187361473,19,0.0,0.0
mono-00000086,910.0,1.1491278187361473,20,0.0,0.0
mono-00000087,920.0,1.1428684522649917,-20,1.2209960239789292e-06,10.381481604486709
mono-00000087,920.0,1.1428684522649917,-19,1.7872307870581065e-06,10.12116591952072
mono-00000087,920.0,1.1428684522649917,-18,2.353607797215762e-06,9.854049302006771
mono-00000087,920.0,1.1428684522649917,-17,2.604070103874611e-06,9.579562807781116
mono-00000087,920.0,1.1428684522649917,-16,2.62714850707173e-06,9.297053643664512
mono-00000087,920.0,1.1428684522649917,-15,3.3595792683677357e-06,9.00576678020262
mono-00000087,920.0,1.1428684522649917,-14,6.1486682887765524e-06,8.70482103124749
mono-00000087,920.0,1.1428684522649917,-13,9.778870699276747e-06,8.393177418192238
mono-00000087,920.0,1.1428684522649917,-12,1.1870121908979847e-05,8.069596540232112
mono-00000087,920.0,1.1428684522649917,-11,1.0673047694143344e-05,7.732579886090122
mono-00000087,920.0,1.1428684522649917,-10,1.610104390904905e-05,7.380287010289408
mono-00000087,920.0,1.1428684522649917,-9,4.3142646895997586e-05,7.010415206292819
mono-00000087,920.0,1.1428684522649917,-8,8.552833613957178e-05,6.620018564242798
mono-00000087,920.0,1.1428684522649917,-7,7.902876841204291e-05,6.205224306916222
mono-00000087,920.0,1.1428684522649917,-6,7.127295565662911e-05,5.76076463295243
mono-00000087,920.0,1.1428684522649917,-5,0.000700682592755199,5.279152037047481
mono-00000087,920.0,1.1428684522649917,-4,0.0019494234970054633,4.749096649893275
mono-00000087,920.0,1.1428684522649917,-3,0.00018867781050174398,4.15208700600796
mono-00000087,920.0,1.1428684522649917,-2,0.08320578700153956,3.4535731999508386
mono-00000087,920.0,1.1428684522649917,-1,0.2514020994572514,2.572147368975891
mono-00000087,920.0,1.1428684522649917,0,0.32083750829259,1.142868452265148
mono-00000087,920.0,1.1428684522649917,1,0.0,0.0
mono-00000087,920.0,1.1428684522649917,2,0.0,0.0
mono-00000087,920.0,1.1428684522649917,3,0.0,0.0
mono-00000087,920.0,1.1428684522649917,4,0.0,0.0
mono-00000087,920.0,1.1428684522649917,5,0.0,0.0
mono-00000087,920.0,1.1428684522649917,6,0.0,0.0
mono-00000087,920.0,1.1428684522649917,7,0.0,0.0
mono-00000087,920.0,1.1428684522649917,8,0.0,0.0
mono-00000087,920.0,1.1428684522649917,9,0.0,0.0
mono-00000087,920.0,1.1428684522649917,10,0.0,0.0
mono-00000087,920.0,1.1428684522649917,11,0.0,0.0
mono-00000087,920.0,1.1428684522649917,12,0.0,0.0
mono-00000087,920.0,1.1428684522649917,13,0.0,0.0
mono-00000087,920.0,1.1428684522649917,14,0.0,0.0
mono-00000087,920.0,1.1428684522649917,15,0.0,0.0
mono-00000087,920.0,1.1428684522649917,16,0.0,0.0
mono-00000087,920.0,1.1428684522649917,17,0.0,0.0
mono-00000087,920.0,1.1428684522649917,18,0.0,0.0
mono-00000087,920.0,1.1428684522649917,19,0.0,0.0
mono-00000087,920.0,1.1428684522649917,20,0.0,0.0
mono-00000088,930.0,1.1367102693554045,-20,1.2064005126733712e-06,10.325364306488027
mono-00000088,930.0,1.1367102693554045,-19,1.7721066696524401e-06,10.066463159313798
mono-00000088,930.0,1.1367102693554045,-18,2.384168020379755e-06,9.800797449329352
mono-00000088,930.0,1.1367102693554045,-17,2.6786076177681903e-06,9.527801292169954
mono-00000088,930.0,1.1367102693554045,-16,2.715543936053123e-06,9.246825405843566
mono-00000088,930.0,1.1367102693554045,-15,3.3169649251513537e-06,8.9571188225014
mono-00000088,930.0,1.1367102693554045,-14,6.0319357583698765e-06,8.657805096857714
mono-00000088,930.0,1.1367102693554045,-13,9.81903930633888e-06,8.34785084082911
mono-00000088,930.0,1.1367102693554045,-12,1.229677816077602e-05,8.026023323433165
mono-00000088,930.0,1.1367102693554045,-11,1.1150572799813542e-05,7.690832098675571
mono-00000088,930.0,1.1367102693554045,-10,1.570724734190459e-05,7.340446628032993
mono-00000088,930.0,1.1367102693554045,-9,4.2098450334004166e-05,6.972576601893408
mono-00000088,930.0,1.1367102693554045,-8,8.731368385999986e-05,6.584291972246888
mono-00000088,930.0,1.1367102693554045,-7,8.501251052569434e-05,6.171740817181927
mono-00000088,930.0,1.1367102693554045,-6,6.772446230605751e-05,5.729683706988496
mono-00000088,930.0,1.1367102693554045,-5,0.0006841454436510997,5.250673468854828
mono-00000088,930.0,1.1367102693554045,-4,0.0020515963741587627,4.723481057057526
mono-00000088,930.0,1.1367102693554045,-3,0.0001363636814069269,4.129694751587081
mono-00000088,930.0,1.1367102693554045,-2,0.08515297116291104,3.434950845615859
mono-00000088,930.0,1.1367102693554045,-1,0.25113496644816746,2.5582803031310988
mono-00000088,930.0,1.1367102693554045,0,0.32024829721246667,1.1367102693552482
mono-00000088,930.0,1.1367102693554045,1,0.0,0.0
mono-00000088,930.0,1.1367102693554045,2,0.0,0.0
mono-00000088,930.0,1.1367102693554045,3,0.0,0.0
mono-00000088,930.0,1.1367102693554045,4,0.0,0.0
mono-00000088,930.0,1.1367102693554045,5,0.0,0.0
mono-00000088,930.0,1.1367102693554045,6,0.0,0.0
mono-00000088,930.0,1.1367102693554045,7,0.0,0.0
mono-00000088,930.0,1.1367102693554045,8,0.0,0.0
mono-00000088,930.0,1.1367102693554045,9,0.0,0.0
mono-00000088,930.0,1.1367102693554045,10,0.0,0.0
mono-00000088,930.0,1.1367102693554045,11,0.0,0.0
mono-00000088,930.0,1.1367102693554045,12,0.0,0.0
mono-00000088,930.0,1.1367102693554045,13,0.0,0.0
mono-00000088,930.0,1.1367102693554045,14,0.0,0.0
mono-00000088,930.0,1.1367102693554045,15,0.0,0.0
mono-00000088,930.0,1.1367102693554045,16,0.0,0.0
mono-00000088,930.0,1.1367102693554045,17,0.0,0.0
mono-00000088,930.0,1.1367102693554045,18,0.0,0.0
mono-00000088,930.0,1.1367102693554045,19,0.0,0.0
mono-00000088,930.0,1.1367102693554045,20,0.0,0.0
mono-00000089,940.0,1.1306505729825176,-20,1.1944860576165694e-06,10.27014731424741
mono-00000089,940.0,1.1306505729825176,-19,1.7520615262287102e-06,10.012637893163557
mono-00000089,940.0,1.1306505729825176,-18,2.4107758222697762e-06,9.748399701832554
mono-00000089,940.0,1.1306505729825176,-17,2.7500711623861872e-06,9.476869866844112
mono-00000089,940.0,1.1306505729825176,-16,2.809955281161034e-06,9.19740256133639
mono-00000089,940.0,1.1306505729825176,-15,3.2915577719006626e-06,8.909250814213749
mono-00000089,940.0,1.1306505729825176,-14,5.906302108472716e-06,8.611542845345056
mono-00000089,940.0,1.1306505729825176,-13,9.839911365584698e-06,8.303250767883625
mono-00000089,940.0,1.1306505729825176,-12,1.2696499506845334e-05,7.983148414131804
mono-00000089,940.0,1.1306505729825176,-11,1.1683167692865078e-05,7.6497532745339925
mono-00000089,940.0,1.1306505729825176,-10,1.5377043853112434e-05,7.301244559235826
mono-00000089,940.0,1.1306505729825176,-9,4.099849739852616e-05,6.935344157457379
mono-00000089,940.0,1.1306505729825176,-8,8.885843210378295e-05,6.549137629543608
mono-00000089,940.0,1.1306505729825176,-7,9.116024418452792e-05,6.138793575555127
mono-00000089,940.0,1.1306505729825176,-6,6.506911244857871e-05,5.699100483894455
mono-00000089,940.0,1.1306505729825176,-5,0.0006660956671496417,5.222650869411538
mono-00000089,940.0,1.1306505729825176,-4,0.002152531451555041,4.698275537386294
mono-00000089,940.0,1.1306505729825176,-3,9.815402675504541e-05,4.107660918081564
mono-00000089,940.0,1.1306505729825176,-2,0.08708625462252077,3.416626524943524
mono-00000089,940.0,1.1306505729825176,-1,0.2508425347171943,2.5446351278938977
mono-00000089,940.0,1.1306505729825176,0,0.3196772800308498,1.1306505729821197
mono-00000089,940.0,1.1306505729825176,1,0.0,0.0
mono-00000089,940.0,1.1306505729825176,2,0.0,0.0
mono-00000089,940.0,1.1306505729825176,3,0.0,0.0
mono-00000089,940.0,1.1306505729825176,4,0.0,0.0
mono-00000089,940.0,1.1306505729825176,5,0.0,0.0
mono-00000089,940.0,1.1306505729825176,6,0.0,0.0
mono-00000089,940.0,1.1306505729825176,7,0.0,0.0
mono-00000089,940.0,1.1306505729825176,8,0.0,0.0
mono-00000089,940.0,1.1306505729825176,9,0.0,0.0
mono-00000089,940.0,1.1306505729825176,10,0.0,0.0
mono-00000089,940.0,1.1306505729825176,11,0.0,0.0
mono-00000089,940.0,1.1306505729825176,12,0.0,0.0
mono-00000089,940.0,1.1306505729825176,13,0.0,0.0
mono-00000089,940.0,1.1306505729825176,14,0.0,0.0
mono-00000089,940.0,1.1306505729825176,15,0.0,0.0
mono-00000089,940.0,1.1306505729825176,16,0.0,0.0
mono-00000089,940.0,1.1306505729825176,17,0.0,0.0
mono-00000089,940.0,1.1306505729825176,18,0.0,0.0
mono-00000089,940.0,1.1306505729825176,19,0.0,0.0
mono-00000089,940.0,1.1306505729825176,20,0.0,0.0
mono-00000090,950.0,1.1246867657042117,-20,1.1862812401448629e-06,10.215806809166537
mono-00000090,950.0,1.1246867657042117,-19,1.727760513661796e-06,9.959666909078436
mono-00000090,950.0,1.1246867657042117,-18,2.4327591181904693e-06,9.696833469234164
mono-00000090,950.0,1.1246867657042117,-17,2.819069279098692e-06,9.42674657961905
mono-00000090,950.0,1.1246867657042117,-16,2.908250093836063e-06,9.148763813920397
mono-00000090,950.0,1.1246867657042117,-15,3.2849363304472177e-06,8.862142134650966
mono-00000090,950.0,1.1246867657042117,-14,5.773873770073238e-06,8.566014353120678
mono-00000090,950.0,1.1246867657042117,-13,9.842806962099757e-06,8.25935799678453
mono-00000090,950.0,1.1246867657042117,-12,1.3067017690005165e-05,7.9409533574981594
mono-00000090,950.0,1.1246867657042117,-11,1.2266454903283681e-05,7.609325736695652
mono-00000090,950.0,1.1246867657042117,-10,1.5114692647218042e-05,7.26266393907737
mono-00000090,950.0,1.1246867657042117,-9,3.98600503511065e-05,6.89870185982268
mono-00000090,950.0,1.1246867657042117,-8,9.015920181076279e-05,6.514540420819159
mono-00000090,950.0,1.1246867657042117,-7,9.743923227078762e-05,6.106368419546953
mono-00000090,950.0,1.1246867657042117,-6,6.333366961275242e-05,5.669001820938703
mono-00000090,950.0,1.1246867657042117,-5,0.0006467167047731235,5.195072199677654
mono-00000090,950.0,1.1246867657042117,-4,0.0022519641156027934,4.673469265111706
mono-00000090,950.0,1.1246867657042117,-3,7.470066714477451e-05,4.085976044647225
mono-00000090,950.0,1.1246867657042117,-2,0.08900720361414773,3.398592372227455
mono-00000090,950.0,1.1246867657042117,-1,0.2505309659407808,2.531205988145615
mono-00000090,950.0,1.1246867657042117,0,0.3191233448065347,1.1246867657042117
mono-00000090,950.0,1.1246867657042117,1,0.0,0.0
mono-00000090,950.0,1.1246867657042117,2,0.0,0.0
mono-00000090,950.0,1.1246867657042117,3,0.0,0.0
mono-00000090,950.0,1.1246867657042117,4,0.0,0.0
mono-00000090,950.0,1.1246867657042117,5,0.0,0.0
mono-00000090,950.0,1.1246867657042117,6,0.0,0.0
mono-00000090,950.0,1.1246867657042117,7,0.0,0.0
mono-00000090,950.0,1.1246867657042117,8,0.0,0.0
mono-00000090,950.0,1.1246867657042117,9,0.0,0.0
mono-00000090,950.0,1.1246867657042117,10,0.0,0.0
mono-00000090,950.0,1.1246867657042117,11,0.0,0.0
mono-00000090,950.0,1.1246867657042117,12,0.0,0.0
mono-00000090,950.0,1.1246867657042117,13,0.0,0.0
mono-00000090,950.0,1.1246867657042117,14,0.0,0.0
mono-00000090,950.0,1.1246867657042117,15,0.0,0.0
mono-00000090,950.0,1.1246867657042117,16,0.0,0.0
mono-00000090,950.0,1.1246867657042117,17,0.0,0.0
mono-00000090,950.0,1.1246867657042117,18,0.0,0.0
mono-00000090,950.0,1.1246867657042117,19,0.0,0.0
mono-00000090,950.0,1.1246867657042117,20,0.0,0.0
mono-00000091,960.0,1.1188163449818092,-20,1.1824947807709317e-06,10.16231984562424
mono-00000091,960.0,1.1188163449818092,-19,1.7001979706118764e-06,9.90752784569861
mono-00000091,960.0,1.1188163449818092,-18,2.449123904028323e-06,9.646076988990671
mono-00000091,960.0,1.1188163449818092,-17,2.886044923597776e-06,9.37741028256157
mono-00000091,960.0,1.1188163449818092,-16,3.0086852962230527e-06,9.100888647488844
mono-00000091,960.0,1.1188163449818092,-15,3.2980599034689472e-06,8.8157729183945
mono-00000091,960.0,1.1188163449818092,-14,5.6372436177673154e-06,8.521200426237044
mono-00000091,960.0,1.1188163449818092,-13,9.827624224945762e-06,8.21615402810366
mono-00000091,960.0,1.1188163449818092,-12,1.3406515203873899e-05,7.899420374376348
mono-00000091,960.0,1.1188163449818092,-11,1.2896163722329952e-05,7.569532455300077
mono-00000091,960.0,1.1188163449818092,-10,1.4926534938807539e-05,7.224688520033922
mono-00000091,960.0,1.1188163449818092,-9,3.869506991070431e-05,6.862634281873397
mono-00000091,960.0,1.1188163449818092,-8,9.120740908527101e-05,6.480485783873803
mono-00000091,960.0,1.1188163449818092,-7,0.00010383151046722034,6.074451704846837
mono-00000091,960.0,1.1188163449818092,-6,6.255936389711617e-05,5.639375056193302
mono-00000091,960.0,1.1188163449818092,-5,0.0006260457223755137,5.167925860980958
mono-00000091,960.0,1.1188163449818092,-4,0.0023501062390246523,4.64905181040028
mono-00000091,960.0,1.1188163449818092,-3,6.6577295996905e-05,4.064631016406196
mono-00000091,960.0,1.1188163449818092,-2,0.09093467843146481,3.3808408093542113
mono-00000091,960.0,1.1188163449818092,-1,0.25024782455911954,2.517987242809923
mono-00000091,960.0,1.1188163449818092,0,0.318644471226848,1.1188163449815534
mono-00000091,960.0,1.1188163449818092,1,0.0,0.0
mono-00000091,960.0,1.1188163449818092,2,0.0,0.0
mono-00000091,960.0,1.1188163449818092,3,0.0,0.0
mono-00000091,960.0,1.1188163449818092,4,0.0,0.0
mono-00000091,960.0,1.1188163449818092,5,0.0,0.0
mono-00000091,960.0,1.1188163449818092,6,0.0,0.0
mono-00000091,960.0,1.1188163449818092,7,0.0,0.0
mono-00000091,960.0,1.1188163449818092,8,0.0,0.0
mono-00000091,960.0,1.1188163449818092,9,0.0,0.0
mono-00000091,960.0,1.1188163449818092,10,0.0,0.0
mono-00000091,960.0,1.1188163449818092,11,0.0,0.0
mono-00000091,960.0,1.1188163449818092,12,0.0,0.0
mono-00000091,960.0,1.1188163449818092,13,0.0,0.0
mono-00000091,960.0,1.1188163449818092,14,0.0,0.0
mono-00000091,960.0,1.1188163449818092,15,0.0,0.0
mono-00000091,960.0,1.1188163449818092,16,0.0,0.0
mono-00000091,960.0,1.1188163449818092,17,0.0,0.0
mono-00000091,960.0,1.1188163449818092,18,0.0,0.0
mono-00000091,960.0,1.1188163449818092,19,0.0,0.0
mono-00000091,960.0,1.1188163449818092,20,0.0,0.0
mono-00000092,970.0,1.1130368987729895,-20,1.183394015780668e-06,10.109664310266297
mono-00000092,970.0,1.1130368987729895,-19,1.670579791736377e-06,9.856199152632982
mono-00000092,970.0,1.1130368987729895,-18,2.458832583622549e-06,9.59610928770681
mono-00000092,970.0,1.1130368987729895,-17,2.9511758185214775e-06,9.32884059449944
mono-00000092,970.0,1.1130368987729895,-16,3.1093017812251405e-06,9.053757289690708
mono-00000092,970.0,1.1130368987729895,-15,3.3307109703181578e-06,8.770124020098464
mono-00000092,970.0,1.1130368987729895,-14,5.499091063866098e-06,8.47708256638893
mono-00000092,970.0,1.1130368987729895,-13,9.794131358939922e-06,8.173621032796603
mono-00000092,970.0,1.1130368987729895,-12,1.3712631703705396e-05,7.85853232980871
mono-00000092,970.0,1.1130368987729895,-11,1.356386693912961e-05,7.5303570174548184
mono-00000092,970.0,1.1130368987729895,-10,1.481496612284127e-05,7.187302643130266
mono-00000092,970.0,1.1130368987729895,-9,3.7517805122652155e-05,6.827126555251041
mono-00000092,970.0,1.1130368987729895,-8,9.199149529380946e-05,6.446959683869295
mono-00000092,970.0,1.1130368987729895,-7,0.00011028147163948834,6.043030281200586
mono-00000092,970.0,1.1130368987729895,-6,6.276344876969448e-05,5.610207986154506
mono-00000092,970.0,1.1130368987729895,-5,0.0006042171797512521,5.141200674522992
mono-00000092,970.0,1.1130368987729895,-4,0.0024461551783195755,4.625013120929893
mono-00000092,970.0,1.1130368987729895,-3,7.453672816014224e-05,4.043617048351962
mono-00000092,970.0,1.1130368987729895,-2,0.09285540242117031,3.363364532426303
mono-00000092,970.0,1.1130368987729895,-1,0.24996527136550112,2.5049734549008917
mono-00000092,970.0,1.1130368987729895,0,0.3182116458638716,1.1130368987730463
mono-00000092,970.0,1.1130368987729895,1,0.0,0.0
mono-00000092,970.0,1.1130368987729895,2,0.0,0.0
mono-00000092,970.0,1.1130368987729895,3,0.0,0.0
mono-00000092,970.0,1.1130368987729895,4,0.0,0.0
mono-00000092,970.0,1.1130368987729895,5,0.0,0.0
mono-00000092,970.0,1.1130368987729895,6,0.0,0.0
mono-00000092,970.0,1.1130368987729895,7,0.0,0.0
mono-00000092,970.0,1.1130368987729895,8,0.0,0.0
mono-00000092,970.0,1.1130368987729895,9,0.0,0.0
mono-00000092,970.0,1.1130368987729895,10,0.0,0.0
mono-00000092,970.0,1.1130368987729895,11,0.0,0.0
mono-00000092,970.0,1.1130368987729895,12,0.0,0.0
mono-00000092,970.0,1.1130368987729895,13,0.0,0.0
mono-00000092,970.0,1.1130368987729895,14,0.0,0.0
mono-00000092,970.0,1.1130368987729895,15,0.0,0.0
mono-00000092,970.0,1.1130368987729895,16,0.0,0.0
mono-00000092,970.0,1.1130368987729895,17,0.0,0.0
mono-00000092,970.0,1.1130368987729895,18,0.0,0.0
mono-00000092,970.0,1.1130368987729895,19,0.0,0.0
mono-00000092,970.0,1.1130368987729895,20,0.0,0.0
mono-00000093,980.0,1.1073461013566543,-20,1.1886161947765554e-06,10.057818883589235
mono-00000093,980.0,1.1073461013566543,-19,1.6400100176743837e-06,9.805660053030635
mono-00000093,980.0,1.1073461013566543,-18,2.460423133539652e-06,9.546910144718936
mono-00000093,980.0,1.1073461013566543,-17,3.0137175125687204e-06,9.281017865642653
mono-00000093,980.0,1.1073461013566543,-16,3.2078678635467104e-06,9.007350677617296
mono-00000093,980.0,1.1073461013566543,-15,3.3813236901803815e-06,8.725176981273009
mono-00000093,980.0,1.1073461013566543,-14,5.361590974858617e-06,8.433642938828243
mono-00000093,980.0,1.1073461013566543,-13,9.739746187506166e-06,8.131741821285814
mono-00000093,980.0,1.1073461013566543,-12,1.3980454487328023e-05,7.8182727033305355
mono-00000093,980.0,1.1073461013566543,-11,1.4257203016340246e-05,7.49178359878978
mono-00000093,980.0,1.1073461013566543,-10,1.4780343187310817e-05,7.150491210807104
mono-00000093,980.0,1.1073461013566543,-9,3.633550872920094e-05,6.792164344597978
mono-00000093,980.0,1.1073461013566543,-8,9.24787823087616e-05,6.413948589023207
mono-00000093,980.0,1.1073461013566543,-7,0.00011670422827010532,6.012091469641788
mono-00000093,980.0,1.1073461013566543,-6,6.395941869007565e-05,5.581488844618647
mono-00000093,980.0,1.1073461013566543,-5,0.0005812107866404538,5.114885862033461
mono-00000093,980.0,1.1073461013566543,-4,0.0025387018624125567,4.601343504497592
mono-00000093,980.0,1.1073461013566543,-3,9.934257965718171e-05,4.022925670152716
mono-00000093,980.0,1.1073461013566543,-2,0.09474459887789763,3.346156499129961
mono-00000093,980.0,1.1073461013566543,-1,0.24963970854101758,2.492159382119553
mono-00000093,980.0,1.1073461013566543,0,0.3178046807368096,1.1073461013563275
mono-00000093,980.0,1.1073461013566543,1,0.0,0.0
mono-00000093,980.0,1.1073461013566543,2,0.0,0.0
mono-00000093,980.0,1.1073461013566543,3,0.0,0.0
mono-00000093,980.0,1.1073461013566543,4,0.0,0.0
mono-00000093,980.0,1.1073461013566543,5,0.0,0.0
mono-00000093,980.0,1.1073461013566543,6,0.0,0.0
mono-00000093,980.0,1.1073461013566543,7,0.0,0.0
mono-00000093,980.0,1.1073461013566543,8,0.0,0.0
mono-00000093,980.0,1.1073461013566543,9,0.0,0.0
mono-00000093,980.0,1.1073461013566543,10,0.0,0.0
mono-00000093,980.0,1.1073461013566543,11,0.0,0.0
mono-00000093,980.0,1.1073461013566543,12,0.0,0.0
mono-00000093,980.0,1.1073461013566543,13,0.0,0.0
mono-00000093,980.0,1.1073461013566543,14,0.0,0.0
mono-00000093,980.0,1.1073461013566543,15,0.0,0.0
mono-00000093,980.0,1.1073461013566543,16,0.0,0.0
mono-00000093,980.0,1.1073461013566543,17,0.0,0.0
mono-00000093,980.0,1.1073461013566543,18,0.0,0.0
mono-00000093,980.0,1.1073461013566543,19,0.0,0.0
mono-00000093,980.0,1.1073461013566543,20,0.0,0.0
mono-00000094,990.0,1.1017417094144548,-20,1.197819435508756e-06,10.006763003672873
mono-00000094,990.0,1.1017417094144548,-19,1.6103247411612703e-06,9.75589050824621
mono-00000094,990.0,1.1017417094144548,-18,2.4535826740123092e-06,9.498460057715334
mono-00000094,990.0,1.1017417094144548,-17,3.073894710041834e-06,9.233923144182668
mono-00000094,990.0,1.1017417094144548,-16,3.303874396816345e-06,8.961650425408223
mono-00000094,990.0,1.1017417094144548,-15,3.448521888810426e-06,8.680913998925789
mono-00000094,990.0,1.1017417094144548,-14,5.22909680053781e-06,8.390864342073172
mono-00000094,990.0,1.1017417094144548,-13,9.665277359797157e-06,8.09049981427377
mono-00000094,990.0,1.1017417094144548,-12,1.4212426106948925e-05,7.778625560926514
mono-00000094,990.0,1.1017417094144548,-11,1.4967498759970022e-05,7.4537969366021315
mono-00000094,990.0,1.1017417094144548,-10,1.4825702849708528e-05,7.1142396613068115
mono-00000094,990.0,1.1017417094144548,-9,3.516664998103166e-05,6.757733823243626
mono-00000094,990.0,1.1017417094144548,-8,9.268196284850874e-05,6.38143944766388
mono-00000094,990.0,1.1017417094144548,-7,0.0001230645113007762,5.98162304099894
mono-00000094,990.0,1.1017417094144548,-6,6.613336475062732e-05,5.55320628274292
mono-00000094,990.0,1.1017417094144548,-5,0.00055734236800795,5.0889710275100555
mono-00000094,990.0,1.1017417094144548,-4,0.002627354477383138,4.5780336126045285
mono-00000094,990.0,1.1017417094144548,-3,0.00014151642165823356,4.002548711811315
mono-00000094,990.0,1.1017417094144548,-2,0.09659825845853018,3.32920991681803
mono-00000094,990.0,1.1017417094144548,-1,0.24926435131573083,2.479539967989467
mono-00000094,990.0,1.1017417094144548,0,0.31739984016834977,1.1017417094144832
mono-00000094,990.0,1.1017417094144548,1,0.0,0.0
mono-00000094,990.0,1.1017417094144548,2,0.0,0.0
mono-00000094,990.0,1.1017417094144548,3,0.0,0.0
mono-00000094,990.0,1.1017417094144548,4,0.0,0.0
mono-00000094,990.0,1.1017417094144548,5,0.0,0.0
mono-00000094,990.0,1.1017417094144548,6,0.0,0.0
mono-00000094,990.0,1.1017417094144548,7,0.0,0.0
mono-00000094,990.0,1.1017417094144548,8,0.0,0.0
mono-00000094,990.0,1.1017417094144548,9,0.0,0.0
mono-00000094,990.0,1.1017417094144548,10,0.0,0.0
mono-00000094,990.0,1.1017417094144548,11,0.0,0.0
mono-00000094,990.0,1.1017417094144548,12,0.0,0.0
mono-00000094,990.0,1.1017417094144548,13,0.0,0.0
mono-00000094,990.0,1.1017417094144548,14,0.0,0.0
mono-00000094,990.0,1.1017417094144548,15,0.0,0.0
mono-00000094,990.0,1.1017417094144548,16,0.0,0.0
mono-00000094,990.0,1.1017417094144548,17,0.0,0.0
mono-00000094,990.0,1.1017417094144548,18,0.0,0.0
mono-00000094,990.0,1.1017417094144548,19,0.0,0.0
mono-00000094,990.0,1.1017417094144548,20,0.0,0.0
mono-00000095,1000.0,1.0962215583043076,-20,1.2103202046694621e-06,9.956476831914074
mono-00000095,1000.0,1.0962215583043076,-19,1.583291620270528e-06,9.706871184454315
mono-00000095,1000.0,1.0962215583043076,-18,2.4383451671662366e-06,9.450740210252548
mono-00000095,1000.0,1.0962215583043076,-17,3.1314558041831906e-06,9.187538144734248
mono-00000095,1000.0,1.0962215583043076,-16,3.3975674369344945e-06,8.916638793643216
mono-00000095,1000.0,1.0962215583043076,-15,3.5304465600176645e-06,8.637317895931787
mono-00000095,1000.0,1.0962215583043076,-14,5.106200074398921e-06,8.348730179286221
mono-00000095,1000.0,1.0962215583043076,-13,9.57107499982739e-06,8.049879015163128
mono-00000095,1000.0,1.0962215583043076,-12,1.4411765353494248e-05,7.7395755285314465
mono-00000095,1000.0,1.0962215583043076,-11,1.5686878703782688e-05,7.416382304480095
mono-00000095,1000.0,1.0962215583043076,-10,1.495553972960959e-05,7.078533944468575
mono-00000095,1000.0,1.0962215583043076,-9,3.4025906961158235e-05,6.723821650226228
mono-00000095,1000.0,1.0962215583043076,-8,9.261478498003662e-05,6.349419666545884
mono-00000095,1000.0,1.0962215583043076,-7,0.00012934237106380813,5.951613195582951
mono-00000095,1000.0,1.0962215583043076,-6,6.927823814130286e-05,5.525349350198752
mono-00000095,1000.0,1.0962215583043076,-5,0.0005328496087314502,5.063446139958927
mono-00000095,1000.0,1.0962215583043076,-4,0.0027121219679133,4.555074424939178
mono-00000095,1000.0,1.0962215583043076,-3,0.0002015130254706007,3.982478290106741
mono-00000095,1000.0,1.0962215583043076,-2,0.09842457036347706,3.312518231238869
mono-00000095,1000.0,1.0962215583043076,-1,0.24885885433527774,2.4671103334665787
mono-00000095,1000.0,1.0962215583043076,0,0.3170072509044277,1.0962215583042934
mono-00000095,1000.0,1.0962215583043076,1,0.0,0.0
mono-00000095,1000.0,1.0962215583043076,2,0.0,0.0
mono-00000095,1000.0,1.0962215583043076,3,0.0,0.0
mono-00000095,1000.0,1.0962215583043076,4,0.0,0.0
mono-00000095,1000.0,1.0962215583043076,5,0.0,0.0
mono-00000095,1000.0,1.0962215583043076,6,0.0,0.0
mono-00000095,1000.0,1.0962215583043076,7,0.0,0.0
mono-00000095,1000.0,1.0962215583043076,8,0.0,0.0
mono-00000095,1000.0,1.0962215583043076,9,0.0,0.0
mono-00000095,1000.0,1.0962215583043076,10,0.0,0.0
mono-00000095,1000.0,1.0962215583043076,11,0.0,0.0
mono-00000095,1000.0,1.0962215583043076,12,0.0,0.0
mono-00000095,1000.0,1.0962215583043076,13,0.0,0.0
mono-00000095,1000.0,1.0962215583043076,14,0.0,0.0
mono-00000095,1000.0,1.0962215583043076,15,0.0,0.0
mono-00000095,1000.0,1.0962215583043076,16,0.0,0.0
mono-00000095,1000.0,1.0962215583043076,17,0.0,0.0
mono-00000095,1000.0,1.0962215583043076,18,0.0,0.0
mono-00000095,1000.0,1.0962215583043076,19,0.0,0.0
mono-00000095,1000.0,1.0962215583043076,20,0.0,0.0
mono-00000096,1010.0,1.0907835585527152,-20,1.2250589536785772e-06,9.906941220638615
mono-00000096,1010.0,1.0907835585527152,-19,1.560254402584353e-06,9.658583421093425
mono-00000096,1010.0,1.0907835585527152,-18,2.414928368356161e-06,9.403732441051801
mono-00000096,1010.0,1.0907835585527152,-17,3.1853304614199107e-06,9.141845218506248
mono-00000096,1010.0,1.0907835585527152,-16,3.489191029204483e-06,8.872298660411033
mono-00000096,1010.0,1.0907835585527152,-15,3.62432306806949e-06,8.594372093026465
mono-00000096,1010.0,1.0907835585527152,-14,4.996836970325786e-06,8.30722443122059
mono-00000096,1010.0,1.0907835585527152,-13,9.456525015799599e-06,8.009863983988382
mono-00000096,1010.0,1.0907835585527152,-12,1.4580248122241851e-05,7.701107766982759
mono-00000096,1010.0,1.0907835585527152,-11,1.640494606096241e-05,7.379525488316702
mono-00000096,1010.0,1.0907835585527152,-10,1.517193250081852e-05,7.043360498849495
mono-00000096,1010.0,1.0907835585527152,-9,3.292334831496537e-05,6.69041494857575
mono-00000096,1010.0,1.0907835585527152,-8,9.228147823729362e-05,6.3178770903550685
mono-00000096,1010.0,1.0907835585527152,-7,0.00013549677646337797,5.922050543987936
mono-00000096,1010.0,1.0907835585527152,-6,7.337120815473765e-05,5.4979074773601155
mono-00000096,1010.0,1.0907835585527152,-5,0.0005079175542838291,5.0383015170826155
mono-00000096,1010.0,1.0907835585527152,-4,0.002792465056506439,4.532457234712595
mono-00000096,1010.0,1.0907835585527152,-3,0.00027971465486352997,3.962706795782836
mono-00000096,1010.0,1.0907835585527152,-2,0.10021640363180054,3.2960751158888115
mono-00000096,1010.0,1.0907835585527152,-1,0.24841269106334773,2.4548657690166777
mono-00000096,1010.0,1.0907835585527152,0,0.3166150454371484,1.0907835585531132
mono-00000096,1010.0,1.0907835585527152,1,0.0,0.0
mono-00000096,1010.0,1.0907835585527152,2,0.0,0.0
mono-00000096,1010.0,1.0907835585527152,3,0.0,0.0
mono-00000096,1010.0,1.0907835585527152,4,0.0,0.0
mono-00000096,1010.0,1.0907835585527152,5,0.0,0.0
mono-00000096,1010.0,1.0907835585527152,6,0.0,0.0
mono-00000096,1010.0,1.0907835585527152,7,0.0,0.0
mono-00000096,1010.0,1.0907835585527152,8,0.0,0.0
mono-00000096,1010.0,1.0907835585527152,9,0.0,0.0
mono-00000096,1010.0,1.0907835585527152,10,0.0,0.0
mono-00000096,1010.0,1.0907835585527152,11,0.0,0.0
mono-00000096,1010.0,1.0907835585527152,12,0.0,0.0
mono-00000096,1010.0,1.0907835585527152,13,0.0,0.0
mono-00000096,1010.0,1.0907835585527152,14,0.0,0.0
mono-00000096,1010.0,1.0907835585527152,15,0.0,0.0
mono-00000096,1010.0,1.0907835585527152,16,0.0,0.0
mono-00000096,1010.0,1.0907835585527152,17,0.0,0.0
mono-00000096,1010.0,1.0907835585527152,18,0.0,0.0
mono-00000096,1010.0,1.0907835585527152,19,0.0,0.0
mono-00000096,1010.0,1.0907835585527152,20,0.0,0.0
mono-00000097,1020.0,1.0854256925304497,-20,1.2414789858871842e-06,9.858137682466733
mono-00000097,1020.0,1.0854256925304497,-19,1.5428478978531266e-06,9.611009201018618
mono-00000097,1020.0,1.0854256925304497,-18,2.3851638347339718e-06,9.35741921495763
mono-00000097,1020.0,1.0854256925304497,-17,3.2355287737186078e-06,9.096827325086466
mono-00000097,1020.0,1.0854256925304497,-16,3.5812992952984813e-06,8.828613493943891
mono-00000097,1020.0,1.0854256925304497,-15,3.728948644745351e-06,8.55206058231424
mono-00000097,1020.0,1.0854256925304497,-14,4.906718660159191e-06,8.266331630630148
mono-00000097,1020.0,1.0854256925304497,-13,9.3251562168537e-06,7.970439812757377
mono-00000097,1020.0,1.0854256925304497,-12,1.4727287303615648e-05,7.66320794832734
mono-00000097,1020.0,1.0854256925304497,-11,1.7121346789187604e-05,7.343212763620613
mono-00000097,1020.0,1.0854256925304497,-10,1.548397484974315e-05,7.00870623008295
mono-00000097,1020.0,1.0854256925304497,-9,3.1876371068424906e-05,6.6575012847685
mono-00000097,1020.0,1.0854256925304497,-8,9.173567234520313e-05,6.28679998232009
mono-00000097,1020.0,1.0854256925304497,-7,0.0001415826693927587,5.892924088929732
mono-00000097,1020.0,1.0854256925304497,-6,7.841035076374507e-05,5.470870458453135
mono-00000097,1020.0,1.0854256925304497,-5,0.00048290928491490515,5.013527809847773
mono-00000097,1020.0,1.0854256925304497,-4,0.0028699939557117415,4.510173634785119
mono-00000097,1020.0,1.0854256925304497,-3,0.0003763915424480619,3.943226881425616
mono-00000097,1020.0,1.0854256925304497,-2,0.10201593849771656,3.2798744619353357
mono-00000097,1020.0,1.0854256925304497,-1,0.24800122200464328,2.4428017271170006
mono-00000097,1020.0,1.0854256925304497,0,0.3162577180078003,1.085425692530194
mono-00000097,1020.0,1.0854256925304497,1,0.0,0.0
mono-00000097,1020.0,1.0854256925304497,2,0.0,0.0
mono-00000097,1020.0,1.0854256925304497,3,0.0,0.0
mono-00000097,1020.0,1.0854256925304497,4,0.0,0.0
mono-00000097,1020.0,1.0854256925304497,5,0.0,0.0
mono-00000097,1020.0,1.0854256925304497,6,0.0,0.0
mono-00000097,1020.0,1.0854256925304497,7,0.0,0.0
mono-00000097,1020.0,1.0854256925304497,8,0.0,0.0
mono-00000097,1020.0,1.0854256925304497,9,0.0,0.0
mono-00000097,1020.0,1.0854256925304497,10,0.0,0.0
mono-00000097,1020.0,1.0854256925304497,11,0.0,0.0
mono-00000097,1020.0,1.0854256925304497,12,0.0,0.0
mono-00000097,1020.0,1.0854256925304497,13,0.0,0.0
mono-00000097,1020.0,1.0854256925304497,14,0.0,0.0
mono-00000097,1020.0,1.0854256925304497,15,0.0,0.0
mono-00000097,1020.0,1.0854256925304497,16,0.0,0.0
mono-00000097,1020.0,1.0854256925304497,17,0.0,0.0
mono-00000097,1020.0,1.0854256925304497,18,0.0,0.0
mono-00000097,1020.0,1.0854256925304497,19,0.0,0.0
mono-00000097,1020.0,1.0854256925304497,20,0.0,0.0
mono-00000098,1030.0,1.0801460113075478,-20,1.2587578012740074e-06,9.810048361323496
mono-00000098,1030.0,1.0801460113075478,-19,1.5316941322364958e-06,9.564131122256413
mono-00000098,1030.0,1.0801460113075478,-18,2.3505398557349633e-06,9.311783595455324
mono-00000098,1030.0,1.0801460113075478,-17,3.2807135115855575e-06,9.052468005741716
mono-00000098,1030.0,1.0801460113075478,-16,3.675222801998425e-06,8.785567326720582
mono-00000098,1030.0,1.0801460113075478,-15,3.8421284336551615e-06,8.51036790219861
mono-00000098,1030.0,1.0801460113075478,-14,4.839347782490473e-06,8.226036838052266
mono-00000098,1030.0,1.0801460113075478,-13,9.178093159835676e-06,7.931592102115715
mono-00000098,1030.0,1.0801460113075478,-12,1.4856312463760517e-05,7.625862233399872
mono-00000098,1030.0,1.0801460113075478,-11,1.7830579884196048e-05,7.30743087404413
mono-00000098,1030.0,1.0801460113075478,-10,1.589546857535609e-05,6.974558490397186
mono-00000098,1030.0,1.0801460113075478,-9,3.089276507434487e-05,6.625068649285325
mono-00000098,1030.0,1.0801460113075478,-8,9.099654748002196e-05,6.256177005864075
mono-00000098,1030.0,1.0801460113075478,-7,0.00014759684687254467,5.864223208057666
mono-00000098,1030.0,1.0801460113075478,-6,8.438485358711916e-05,5.444228435609233
mono-00000098,1030.0,1.0801460113075478,-5,0.0004579876584137379,4.989115987881505
mono-00000098,1030.0,1.0801460113075478,-4,0.0029449729250157724,4.488215504536981
mono-00000098,1030.0,1.0801460113075478,-3,0.0004918884869857035,3.9240314499930804
mono-00000098,1030.0,1.0801460113075478,-2,0.10383192171383968,3.2639103686837387
mono-00000098,1030.0,1.0801460113075478,-1,0.24763666271083715,2.430913815161091
mono-00000098,1030.0,1.0801460113075478,0,0.31593521244314077,1.0801460113076473
mono-00000098,1030.0,1.0801460113075478,1,0.0,0.0
mono-00000098,1030.0,1.0801460113075478,2,0.0,0.0
mono-00000098,1030.0,1.0801460113075478,3,0.0,0.0
mono-00000098,1030.0,1.0801460113075478,4,0.0,0.0
mono-00000098,1030.0,1.0801460113075478,5,0.0,0.0
mono-00000098,1030.0,1.0801460113075478,6,0.0,0.0
mono-00000098,1030.0,1.0801460113075478,7,0.0,0.0
mono-00000098,1030.0,1.0801460113075478,8,0.0,0.0
mono-00000098,1030.0,1.0801460113075478,9,0.0,0.0
mono-00000098,1030.0,1.0801460113075478,10,0.0,0.0
mono-00000098,1030.0,1.0801460113075478,11,0.0,0.0
mono-00000098,1030.0,1.0801460113075478,12,0.0,0.0
mono-00000098,1030.0,1.0801460113075478,13,0.0,0.0
mono-00000098,1030.0,1.0801460113075478,14,0.0,0.0
mono-00000098,1030.0,1.0801460113075478,15,0.0,0.0
mono-00000098,1030.0,1.0801460113075478,16,0.0,0.0
mono-00000098,1030.0,1.0801460113075478,17,0.0,0.0
mono-00000098,1030.0,1.0801460113075478,18,0.0,0.0
mono-00000098,1030.0,1.0801460113075478,19,0.0,0.0
mono-00000098,1030.0,1.0801460113075478,20,0.0,0.0
mono-00000099,1040.0,1.0749426316750288,-20,1.2761145024781798e-06,9.762656004988628
mono-00000099,1040.0,1.0749426316750288,-19,1.5265636711727263e-06,9.51793237125932
mono-00000099,1040.0,1.0749426316750288,-18,2.3121165426173633e-06,9.266809218647381
mono-00000099,1040.0,1.0749426316750288,-17,3.318325487397315e-06,9.008751358134461
mono-00000099,1040.0,1.0749426316750288,-16,3.770611144639056e-06,8.743144730944266
mono-00000099,1040.0,1.0749426316750288,-15,3.961880265372289e-06,8.469279113642813
mono-00000099,1040.0,1.0749426316750288,-14,4.796783577737912e-06,8.186325618875856
mono-00000099,1040.0,1.0749426316750288,-13,9.015026100335403e-06,7.893306939249342
mono-00000099,1040.0,1.0749426316750288,-12,1.4962717277459311e-05,7.58905725059023
mono-00000099,1040.0,1.0749426316750288,-11,1.8524812834449357e-05,7.272167011049433
mono-00000099,1040.0,1.0749426316750288,-10,1.6411634798338795e-05,6.940905059220427
mono-00000099,1040.0,1.0749426316750288,-9,2.997919130553206e-05,6.5931054381992595
mono-00000099,1040.0,1.0749426316750288,-8,9.003646624602141e-05,6.2259972072289
mono-00000099,1040.0,1.0749426316750288,-7,0.00015349042930200198,5.835937637677503
mono-00000099,1040.0,1.0749426316750288,-6,9.140024452666301e-05,5.417971883763045
mono-00000099,1040.0,1.0749426316750288,-5,0.0004328868630740665,4.96505732563989
mono-00000099,1040.0,1.0749426316750288,-4,0.0030174833149543235,4.466574997433398
mono-00000099,1040.0,1.0749426316750288,-3,0.0006283654711928209,3.905113643949946
mono-00000099,1040.0,1.0749426316750288,-2,0.10570432801037642,3.2481771345451875
mono-00000099,1040.0,1.0749426316750288,-1,0.24740928446189503,2.4191977887379323
mono-00000099,1040.0,1.0749426316750288,0,0.31579516624070914,1.0749426316751851
mono-00000099,1040.0,1.0749426316750288,1,0.0,0.0
mono-00000099,1040.0,1.0749426316750288,2,0.0,0.0
mono-00000099,1040.0,1.0749426316750288,3,0.0,0.0
mono-00000099,1040.0,1.0749426316750288,4,0.0,0.0
mono-00000099,1040.0,1.0749426316750288,5,0.0,0.0
mono-00000099,1040.0,1.0749426316750288,6,0.0,0.0
mono-00000099,1040.0,1.0749426316750288,7,0.0,0.0
mono-00000099,1040.0,1.0749426316750288,8,0.0,0.0
mono-00000099,1040.0,1.0749426316750288,9,0.0,0.0
mono-00000099,1040.0,1.0749426316750288,10,0.0,0.0
mono-00000099,1040.0,1.0749426316750288,11,0.0,0.0
mono-00000099,1040.0,1.0749426316750288,12,0.0,0.0
mono-00000099,1040.0,1.0749426316750288,13,0.0,0.0
mono-00000099,1040.0,1.0749426316750288,14,0.0,0.0
mono-00000099,1040.0,1.0749426316750288,15,0.0,0.0
mono-00000099,1040.0,1.0749426316750288,16,0.0,0.0
mono-00000099,1040.0,1.0749426316750288,17,0.0,0.0
mono-00000099,1040.0,1.0749426316750288,18,0.0,0.0
mono-00000099,1040.0,1.0749426316750288,19,0.0,0.0
mono-00000099,1040.0,1.0749426316750288,20,0.0,0.0
mono-00000100,1050.0,1.0698137333221496,-20,1.292803914959575e-06,9.715943939092554
mono-00000100,1050.0,1.0698137333221496,-19,1.526842652792758e-06,9.472396697569437
mono-00000100,1050.0,1.0698137333221496,-18,2.2713686642485324e-06,9.222480268600634
mono-00000100,1050.0,1.0698137333221496,-17,3.3462497343074865e-06,8.965662012371297
mono-00000100,1050.0,1.0698137333221496,-16,3.86707462758735e-06,8.701330795311264
mono-00000100,1050.0,1.0698137333221496,-15,4.084607881263206e-06,8.428779777680006
mono-00000100,1050.0,1.0698137333221496,-14,4.779859280737688e-06,8.147184021616326
mono-00000100,1050.0,1.0698137333221496,-13,8.836304944361684e-06,7.855570876950097
mono-00000100,1050.0,1.0698137333221496,-12,1.5045976320504142e-05,7.552780075728123
mono-00000100,1050.0,1.0698137333221496,-11,1.9190053018114287e-05,7.237408794645859
mono-00000100,1050.0,1.0698137333221496,-10,1.7025509208429177e-05,6.907734124806524
mono-00000100,1050.0,1.0698137333221496,-9,2.9139031852860945e-05,6.5616004357329984
mono-00000100,1050.0,1.0698137333221496,-8,8.88575235982586e-05,6.196249999013631
mono-00000100,1050.0,1.0698137333221496,-7,0.00015917953585485608,5.808057457331046
mono-00000100,1050.0,1.0698137333221496,-6,9.935766654692499e-05,5.392091596345594
mono-00000100,1050.0,1.0698137333221496,-5,0.0004078709960001567,4.9413433893057
mono-00000100,1050.0,1.0698137333221496,-4,0.003085626745438257,4.4452445292452865
mono-00000100,1050.0,1.0698137333221496,-3,0.0007858855417540923,3.886466834975792
mono-00000100,1050.0,1.0698137333221496,-2,0.10758206669729789,3.2326692484828072
mono-00000100,1050.0,1.0698137333221496,-1,0.24721809025753588,2.407649545265542
mono-00000100,1050.0,1.0698137333221496,0,0.3157320191624654,1.069813733321979
mono-00000100,1050.0,1.0698137333221496,1,0.0,0.0
mono-00000100,1050.0,1.0698137333221496,2,0.0,0.0
mono-00000100,1050.0,1.0698137333221496,3,0.0,0.0
mono-00000100,1050.0,1.0698137333221496,4,0.0,0.0
mono-00000100,1050.0,1.0698137333221496,5,0.0,0.0
mono-00000100,1050.0,1.0698137333221496,6,0.0,0.0
mono-00000100,1050.0,1.0698137333221496,7,0.0,0.0
mono-00000100,1050.0,1.0698137333221496,8,0.0,0.0
mono-00000100,1050.0,1.0698137333221496,9,0.0,0.0
mono-00000100,1050.0,1.0698137333221496,10,0.0,0.0
mono-00000100,1050.0,1.0698137333221496,11,0.0,0.0
mono-00000100,1050.0,1.0698137333221496,12,0.0,0.0
mono-00000100,1050.0,1.0698137333221496,13,0.0,0.0
mono-00000100,1050.0,1.0698137333221496,14,0.0,0.0
mono-00000100,1050.0,1.0698137333221496,15,0.0,0.0
mono-00000100,1050.0,1.0698137333221496,16,0.0,0.0
mono-00000100,1050.0,1.0698137333221496,17,0.0,0.0
mono-00000100,1050.0,1.0698137333221496,18,0.0,0.0
mono-00000100,1050.0,1.0698137333221496,19,0.0,0.0
mono-00000100,1050.0,1.0698137333221496,20,0.0,0.0
mono-00000101,1060.0,1.0647575561609557,-20,1.3074674276651547e-06,9.669896042467045
mono-00000101,1060.0,1.0647575561609557,-19,1.5305622006049718e-06,9.427508389801517
mono-00000101,1060.0,1.0647575561609557,-18,2.2282988046671158e-06,9.178781453977606
mono-00000101,1060.0,1.0647575561609557,-17,3.3599468720255397e-06,8.923185108298966
mono-00000101,1060.0,1.0647575561609557,-16,3.960565103661152e-06,8.66011110298966
mono-00000101,1060.0,1.0647575561609557,-15,4.2041879752483115e-06,8.388855934095062
mono-00000101,1060.0,1.0647575561609557,-14,4.786022343029255e-06,8.108598557322154
mono-00000101,1060.0,1.0647575561609557,-13,8.637406180889965e-06,7.8183709137711475
mono-00000101,1060.0,1.0647575561609557,-12,1.5092624754169706e-05,7.517018213015604
mono-00000101,1060.0,1.0647575561609557,-11,1.9796667026477148e-05,7.203144255129018
mono-00000101,1060.0,1.0647575561609557,-10,1.7720262211464574e-05,6.875034266816456
mono-00000101,1060.0,1.0647575561609557,-9,2.836573428324767e-05,6.530542797723456
mono-00000101,1060.0,1.0647575561609557,-8,8.738646245289239e-05,6.166925144569603
mono-00000101,1060.0,1.0647575561609557,-7,0.00016443036867391672,5.7805730751776
mono-00000101,1060.0,1.0647575561609557,-6,0.00010815494220883498,5.36657867172093
mono-00000101,1060.0,1.0647575561609557,-5,0.0003828257939207321,4.917966024366038
mono-00000101,1060.0,1.0647575561609557,-4,0.0031447354927591265,4.424216766881429
mono-00000101,1060.0,1.0647575561609557,-3,0.0009654174128695656,3.8680846142074614
mono-00000101,1060.0,1.0647575561609557,-2,0.10938226924955172,3.217381381900239
mono-00000101,1060.0,1.0647575561609557,-1,0.2469419799140572,2.3962651179555934
mono-00000101,1060.0,1.0647575561609557,0,0.31572264132828826,1.0647575561609557
mono-00000101,1060.0,1.0647575561609557,1,0.0,0.0
mono-00000101,1060.0,1.0647575561609557,2,0.0,0.0
mono-00000101,1060.0,1.0647575561609557,3,0.0,0.0
mono-00000101,1060.0,1.0647575561609557,4,0.0,0.0
mono-00000101,1060.0,1.0647575561609557,5,0.0,0.0
mono-00000101,1060.0,1.0647575561609557,6,0.0,0.0
mono-00000101,1060.0,1.0647575561609557,7,0.0,0.0
mono-00000101,1060.0,1.0647575561609557,8,0.0,0.0
mono-00000101,1060.0,1.0647575561609557,9,0.0,0.0
mono-00000101,1060.0,1.0647575561609557,10,0.0,0.0
mono-00000101,1060.0,1.0647575561609557,11,0.0,0.0
mono-00000101,1060.0,1.0647575561609557,12,0.0,0.0
mono-00000101,1060.0,1.0647575561609557,13,0.0,0.0
mono-00000101,1060.0,1.0647575561609557,14,0.0,0.0
mono-00000101,1060.0,1.0647575561609557,15,0.0,0.0
mono-00000101,1060.0,1.0647575561609557,16,0.0,0.0
mono-00000101,1060.0,1.0647575561609557,17,0.0,0.0
mono-00000101,1060.0,1.0647575561609557,18,0.0,0.0
mono-00000101,1060.0,1.0647575561609557,19,0.0,0.0
mono-00000101,1060.0,1.0647575561609557,20,0.0,0.0
mono-00000102,1070.0,1.0597723977893594,-20,1.3212423384228037e-06,9.624496723769482
mono-00000102,1070.0,1.0597723977893594,-19,1.5374766289254996e-06,9.383252252867138
mono-00000102,1070.0,1.0597723977893594,-18,2.186656127914404e-06,9.135697985874558
mono-00000102,1070.0,1.0597723977893594,-17,3.3605920900477828e-06,8.88130627397237
mono-00000102,1070.0,1.0597723977893594,-16,4.0537974588762665e-06,8.619471710735183
mono-00000102,1070.0,1.0597723977893594,-15,4.321467760985025e-06,8.349494081206316
mono-00000102,1070.0,1.0597723977893594,-14,4.817422616328227e-06,8.070556180043809
mono-00000102,1070.0,1.0597723977893594,-13,8.427183176693493e-06,7.781694475206905
mono-00000102,1070.0,1.0597723977893594,-12,1.5115150928508735e-05,7.481759576942721
mono-00000102,1070.0,1.0597723977893594,-11,2.035254542688111e-05,7.169361815762144
mono-00000102,1070.0,1.0597723977893594,-10,1.849911762834077e-05,6.842794439798993
mono-00000102,1070.0,1.0597723977893594,-9,2.7671160201929288e-05,6.499922035939221
mono-00000102,1070.0,1.0597723977893594,-8,8.572152738505463e-05,6.138012743199781
mono-00000102,1070.0,1.0597723977893594,-7,0.0001693481154057169,5.753475214129111
mono-00000102,1070.0,1.0597723977893594,-6,0.00011769843078138067,5.341424500321978
mono-00000102,1070.0,1.0597723977893594,-5,0.0003583479816640022,4.894917343831509
mono-00000102,1070.0,1.0597723977893594,-4,0.003196887428939023,4.403484617796337
mono-00000102,1070.0,1.0597723977893594,-3,0.0011660662704510525,3.8499607829839135
mono-00000102,1070.0,1.0597723977893594,-2,0.11113383807419161,3.202308380949347
mono-00000102,1070.0,1.0597723977893594,-1,0.24661507988410797,2.3850406700879887
mono-00000102,1070.0,1.0597723977893594,0,0.3157152143538858,1.0597723977892315
mono-00000102,1070.0,1.0597723977893594,1,0.0,0.0
mono-00000102,1070.0,1.0597723977893594,2,0.0,0.0
mono-00000102,1070.0,1.0597723977893594,3,0.0,0.0
mono-00000102,1070.0,1.0597723977893594,4,0.0,0.0
mono-00000102,1070.0,1.0597723977893594,5,0.0,0.0
mono-00000102,1070.0,1.0597723977893594,6,0.0,0.0
mono-00000102,1070.0,1.0597723977893594,7,0.0,0.0
mono-00000102,1070.0,1.0597723977893594,8,0.0,0.0
mono-00000102,1070.0,1.0597723977893594,9,0.0,0.0
mono-00000102,1070.0,1.0597723977893594,10,0.0,0.0
mono-00000102,1070.0,1.0597723977893594,11,0.0,0.0
mono-00000102,1070.0,1.0597723977893594,12,0.0,0.0
mono-00000102,1070.0,1.0597723977893594,13,0.0,0.0
mono-00000102,1070.0,1.0597723977893594,14,0.0,0.0
mono-00000102,1070.0,1.0597723977893594,15,0.0,0.0
mono-00000102,1070.0,1.0597723977893594,16,0.0,0.0
mono-00000102,1070.0,1.0597723977893594,17,0.0,0.0
mono-00000102,1070.0,1.0597723977893594,18,0.0,0.0
mono-00000102,1070.0,1.0597723977893594,19,0.0,0.0
mono-00000102,1070.0,1.0597723977893594,20,0.0,0.0
mono-00000103,1080.0,1.0548566110817177,-20,1.3346176204270832e-06,9.579730899303001
mono-00000103,1080.0,1.0548566110817177,-19,1.5460602003097682e-06,9.339613586363626
mono-00000103,1080.0,1.0548566110817177,-18,2.148078940223249e-06,9.09321555679341
mono-00000103,1080.0,1.0548566110817177,-17,3.347131250543169e-06,8.84001160522456
mono-00000103,1080.0,1.0548566110817177,-16,4.145104738019749e-06,8.579399129074957
mono-00000103,1080.0,1.0548566110817177,-15,4.4349404720389304e-06,8.310681156681838
mono-00000103,1080.0,1.0548566110817177,-14,4.871905869510035e-06,8.03304426830205
mono-00000103,1080.0,1.0548566110817177,-13,8.208970704553539e-06,7.745529395834879
mono-00000103,1080.0,1.0548566110817177,-12,1.5110874937394952e-05,7.446992475128226
mono-00000103,1080.0,1.0548566110817177,-11,2.0849622341234058e-05,7.136050276343454
mono-00000103,1080.0,1.0548566110817177,-10,1.935285565661411e-05,6.811003957515396
mono-00000103,1080.0,1.0548566110817177,-9,2.705464567339855e-05,6.469728003200089
mono-00000103,1080.0,1.0548566110817177,-8,8.387494647172953e-05,6.109503216115371
mono-00000103,1080.0,1.0548566110817177,-7,0.0001738712546695886,5.726754898694381
mono-00000103,1080.0,1.0548566110817177,-6,0.00012788690904329337,5.316620752444663
mono-00000103,1080.0,1.0548566110817177,-5,0.00033460230248268276,4.872189717056841
mono-00000103,1080.0,1.0548566110817177,-4,0.003240919505362461,4.38304121994004
mono-00000103,1080.0,1.0548566110817177,-3,0.0013877021561579808,3.832089344065224
mono-00000103,1080.0,1.0548566110817177,-2,0.1128147878691034,3.187445259230998
mono-00000103,1080.0,1.0548566110817177,-1,0.24620800635467782,2.373972489578236
mono-00000103,1080.0,1.0548566110817177,0,0.31569597200004434,1.0548566110813482
mono-00000103,1080.0,1.0548566110817177,1,0.0,0.0
mono-00000103,1080.0,1.0548566110817177,2,0.0,0.0
mono-00000103,1080.0,1.0548566110817177,3,0.0,0.0
mono-00000103,1080.0,1.0548566110817177,4,0.0,0.0
mono-00000103,1080.0,1.0548566110817177,5,0.0,0.0
mono-00000103,1080.0,1.0548566110817177,6,0.0,0.0
mono-00000103,1080.0,1.0548566110817177,7,0.0,0.0
mono-00000103,1080.0,1.0548566110817177,8,0.0,0.0
mono-00000103,1080.0,1.0548566110817177,9,0.0,0.0
mono-00000103,1080.0,1.0548566110817177,10,0.0,0.0
mono-00000103,1080.0,1.0548566110817177,11,0.0,0.0
mono-00000103,1080.0,1.0548566110817177,12,0.0,0.0
mono-00000103,1080.0,1.0548566110817177,13,0.0,0.0
mono-00000103,1080.0,1.0548566110817177,14,0.0,0.0
mono-00000103,1080.0,1.0548566110817177,15,0.0,0.0
mono-00000103,1080.0,1.0548566110817177,16,0.0,0.0
mono-00000103,1080.0,1.0548566110817177,17,0.0,0.0
mono-00000103,1080.0,1.0548566110817177,18,0.0,0.0
mono-00000103,1080.0,1.0548566110817177,19,0.0,0.0
mono-00000103,1080.0,1.0548566110817177,20,0.0,0.0
mono-00000104,1090.0,1.0500086019034,-20,1.3487904712932625e-06,9.535583971961174
mono-00000104,1090.0,1.0500086019034,-19,1.5552051658735406e-06,9.296578164058715
mono-00000104,1090.0,1.0500086019034,-18,2.1144213261370814e-06,9.051320320679395
mono-00000104,1090.0,1.0500086019034,-17,3.3202167956861992e-06,8.79928764627148
mono-00000104,1090.0,1.0500086019034,-16,4.233361424868723e-06,8.53988030349548
mono-00000104,1090.0,1.0500086019034,-15,4.545306186993953e-06,8.272404519327125
mono-00000104,1090.0,1.0500086019034,-14,4.947301527652927e-06,7.996050607494567
mono-00000104,1090.0,1.0500086019034,-13,7.9891906560908e-06,7.70986390236213
mono-00000104,1090.0,1.0500086019034,-12,1.5080287233945048e-05,7.412705592029141
mono-00000104,1090.0,1.0500086019034,-11,2.128918558623135e-05,7.103198797604705
mono-00000104,1090.0,1.0500086019034,-10,2.027538504021509e-05,6.779652478058068
mono-00000104,1090.0,1.0500086019034,-9,2.651939126616943e-05,6.439950879249324
mono-00000104,1090.0,1.0500086019034,-8,8.188635647385444e-05,6.081387293102779
mono-00000104,1090.0,1.0500086019034,-7,0.00017800337004307497,5.700403442488749
mono-00000104,1090.0,1.0500086019034,-6,0.00013864642697231335,5.2921593666586375
mono-00000104,1090.0,1.0500086019034,-5,0.00031180180222253,4.849775759127155
mono-00000104,1090.0,1.0500086019034,-4,0.0032771125207753105,4.362879932215193
mono-00000104,1090.0,1.0500086019034,-3,0.0016301590519526097,3.8144644932945653
mono-00000104,1090.0,1.0500086019034,-2,0.11443244156920827,3.1727871908637724
mono-00000104,1090.0,1.0500086019034,-1,0.24573600080317545,2.363056983821153
mono-00000104,1090.0,1.0500086019034,0,0.3156686668814478,1.050008601903798
mono-00000104,1090.0,1.0500086019034,1,0.0,0.0
mono-00000104,1090.0,1.0500086019034,2,0.0,0.0
mono-00000104,1090.0,1.0500086019034,3,0.0,0.0
mono-00000104,1090.0,1.0500086019034,4,0.0,0.0
mono-00000104,1090.0,1.0500086019034,5,0.0,0.0
mono-00000104,1090.0,1.0500086019034,6,0.0,0.0
mono-00000104,1090.0,1.0500086019034,7,0.0,0.0
mono-00000104,1090.0,1.0500086019034,8,0.0,0.0
mono-00000104,1090.0,1.0500086019034,9,0.0,0.0
mono-00000104,1090.0,1.0500086019034,10,0.0,0.0
mono-00000104,1090.0,1.0500086019034,11,0.0,0.0
mono-00000104,1090.0,1.0500086019034,12,0.0,0.0
mono-00000104,1090.0,1.0500086019034,13,0.0,0.0
mono-00000104,1090.0,1.0500086019034,14,0.0,0.0
mono-00000104,1090.0,1.0500086019034,15,0.0,0.0
mono-00000104,1090.0,1.0500086019034,16,0.0,0.0
mono-00000104,1090.0,1.0500086019034,17,0.0,0.0
mono-00000104,1090.0,1.0500086019034,18,0.0,0.0
mono-00000104,1090.0,1.0500086019034,19,0.0,0.0
mono-00000104,1090.0,1.0500086019034,20,0.0,0.0
mono-00000105,1100.0,1.045226826938304,-20,1.365263184281986e-06,9.492041811229853
mono-00000105,1100.0,1.045226826938304,-19,1.56425134959482e-06,9.254132214405033
mono-00000105,1100.0,1.045226826938304,-18,2.087158478668149e-06,9.00999887396084
mono-00000105,1100.0,1.045226826938304,-17,3.281707975754929e-06,8.759121371290647
mono-00000105,1100.0,1.045226826938304,-16,4.317289293713017e-06,8.500902596574605
mono-00000105,1100.0,1.045226826938304,-15,4.654714249177738e-06,8.234651931787099
mono-00000105,1100.0,1.045226826938304,-14,5.041154856126481e-06,7.9595633731855315
mono-00000105,1100.0,1.045226826938304,-13,7.775662481119663e-06,7.674686597522268
mono-00000105,1100.0,1.045226826938304,-12,1.5024352648967074e-05,7.378887973467528
mono-00000105,1100.0,1.045226826938304,-11,2.1677910341975338e-05,7.070796886393055
mono-00000105,1100.0,1.045226826938304,-10,2.1262020229139152e-05,6.748729989714789
mono-00000105,1100.0,1.045226826938304,-9,2.607154483367271e-05,6.410581157334406
mono-00000105,1100.0,1.045226826938304,-8,7.980193067442493e-05,6.0536559998586625
mono-00000105,1100.0,1.045226826938304,-7,0.00018177670903949764,5.674412436369806
mono-00000105,1100.0,1.045226826938304,-6,0.00014994099734851044,5.268032538799247
mono-00000105,1100.0,1.045226826938304,-5,0.0002901213588477478,4.827668320775999
mono-00000105,1100.0,1.045226826938304,-4,0.0033064705063765095,4.342994325413301
mono-00000105,1100.0,1.045226826938304,-3,0.0018936512509929444,3.797080611677856
mono-00000105,1100.0,1.045226826938304,-2,0.11601206512206737,3.1583295039009016
mono-00000105,1100.0,1.045226826938304,-1,0.24524093357141394,2.3522906747890175
mono-00000105,1100.0,1.045226826938304,0,0.3156555299501275,1.0452268269384888
mono-00000105,1100.0,1.045226826938304,1,0.0,0.0
mono-00000105,1100.0,1.045226826938304,2,0.0,0.0
mono-00000105,1100.0,1.045226826938304,3,0.0,0.0
mono-00000105,1100.0,1.045226826938304,4,0.0,0.0
mono-00000105,1100.0,1.045226826938304,5,0.0,0.0
mono-00000105,1100.0,1.045226826938304,6,0.0,0.0
mono-00000105,1100.0,1.045226826938304,7,0.0,0.0
mono-00000105,1100.0,1.045226826938304,8,0.0,0.0
mono-00000105,1100.0,1.045226826938304,9,0.0,0.0
mono-00000105,1100.0,1.045226826938304,10,0.0,0.0
mono-00000105,1100.0,1.045226826938304,11,0.0,0.0
mono-00000105,1100.0,1.045226826938304,12,0.0,0.0
mono-00000105,1100.0,1.045226826938304,13,0.0,0.0
mono-00000105,1100.0,1.045226826938304,14,0.0,0.0
mono-00000105,1100.0,1.045226826938304,15,0.0,0.0
mono-00000105,1100.0,1.045226826938304,16,0.0,0.0
mono-00000105,1100.0,1.045226826938304,17,0.0,0.0
mono-00000105,1100.0,1.045226826938304,18,0.0,0.0
mono-00000105,1100.0,1.045226826938304,19,0.0,0.0
mono-00000105,1100.0,1.045226826938304,20,0.0,0.0
mono-00000106,1110.0,1.0405097916253112,-20,1.3847213334790472e-06,9.449090734185276
mono-00000106,1110.0,1.0405097916253112,-19,1.5721586356636382e-06,9.212262402025331
mono-00000106,1110.0,1.0405097916253112,-18,2.066202573936323e-06,8.969238237533233
mono-00000106,1110.0,1.0405097916253112,-17,3.232599908150842e-06,8.719500166917001
mono-00000106,1110.0,1.0405097916253112,-16,4.393025580913317e-06,8.462453771003482
mono-00000106,1110.0,1.0405097916253112,-15,4.763050282448565e-06,8.1974115441094
mono-00000106,1110.0,1.0405097916253112,-14,5.148015340106185e-06,7.9235711152270625
mono-00000106,1110.0,1.0405097916253112,-13,7.5729178029929834e-06,7.639986444774479
mono-00000106,1110.0,1.0405097916253112,-12,1.4936883396298956e-05,7.345529011927468
mono-00000106,1110.0,1.0405097916253112,-11,2.2011131950036323e-05,7.038834381590007
mono-00000106,1110.0,1.0405097916253112,-10,2.229418988818197e-05,6.718226797537767
mono-00000106,1110.0,1.0405097916253112,-9,2.570722888376907e-05,6.3816096314562
mono-00000106,1110.0,1.0405097916253112,-8,7.763356003138538e-05,6.02630064595634
mono-00000106,1110.0,1.0405097916253112,-7,0.00018511342089378813,5.648773737163879
mono-00000106,1110.0,1.0405097916253112,-6,0.00016162140121631072,5.244232711508133
mono-00000106,1110.0,1.0405097916253112,-5,0.0002696915764770679,4.805860478805798
mono-00000106,1110.0,1.0405097916253112,-4,0.0033274388718739388,4.323378173601554
mono-00000106,1110.0,1.0405097916253112,-3,0.0021772929193934784,3.779932257859201
mono-00000106,1110.0,1.0405097916253112,-2,0.11751634851807737,3.144067674075245
mono-00000106,1110.0,1.0405097916253112,-1,0.24466972145044064,2.341670194378409
mono-00000106,1110.0,1.0405097916253112,0,0.31562585676884786,1.0405097916253112
mono-00000106,1110.0,1.0405097916253112,1,0.0,0.0
mono-00000106,1110.0,1.0405097916253112,2,0.0,0.0
mono-00000106,1110.0,1.0405097916253112,3,0.0,0.0
mono-00000106,1110.0,1.0405097916253112,4,0.0,0.0
mono-00000106,1110.0,1.0405097916253112,5,0.0,0.0
mono-00000106,1110.0,1.0405097916253112,6,0.0,0.0
mono-00000106,1110.0,1.0405097916253112,7,0.0,0.0
mono-00000106,1110.0,1.0405097916253112,8,0.0,0.0
mono-00000106,1110.0,1.0405097916253112,9,0.0,0.0
mono-00000106,1110.0,1.0405097916253112,10,0.0,0.0
mono-00000106,1110.0,1.0405097916253112,11,0.0,0.0
mono-00000106,1110.0,1.0405097916253112,12,0.0,0.0
mono-00000106,1110.0,1.0405097916253112,13,0.0,0.0
mono-00000106,1110.0,1.0405097916253112,14,0.0,0.0
mono-00000106,1110.0,1.0405097916253112,15,0.0,0.0
mono-00000106,1110.0,1.0405097916253112,16,0.0,0.0
mono-00000106,1110.0,1.0405097916253112,17,0.0,0.0
mono-00000106,1110.0,1.0405097916253112,18,0.0,0.0
mono-00000106,1110.0,1.0405097916253112,19,0.0,0.0
mono-00000106,1110.0,1.0405097916253112,20,0.0,0.0
mono-00000107,1120.0,1.0358560481948587,-20,1.4085106487027214e-06,9.40671748742858
mono-00000107,1120.0,1.0358560481948587,-19,1.5794587914907268e-06,9.17095581011003
mono-00000107,1120.0,1.0358560481948587,-18,2.0519659078330252e-06,8.929025839630825
mono-00000107,1120.0,1.0358560481948587,-17,3.1766784823283393e-06,8.68041181560109
mono-00000107,1120.0,1.0358560481948587,-16,4.45921980259034e-06,8.424521973444698
mono-00000107,1120.0,1.0358560481948587,-15,4.874058315755768e-06,8.160671878116702
mono-00000107,1120.0,1.0358560481948587,-14,5.265383077973556e-06,7.888062742662669
mono-00000107,1120.0,1.0358560481948587,-13,7.38992809519614e-06,7.6057527537551834
mono-00000107,1120.0,1.0358560481948587,-12,1.4819991630324757e-05,7.312618432575974
mono-00000107,1120.0,1.0358560481948587,-11,2.230270858859543e-05,7.007301440723495
mono-00000107,1120.0,1.0358560481948587,-10,2.336782309024926e-05,6.688133510572413
mono-00000107,1120.0,1.0358560481948587,-9,2.543745648812246e-05,6.353027384244811
mono-00000107,1120.0,1.0358560481948587,-8,7.543509995550564e-05,5.99931281340298
mono-00000107,1120.0,1.0358560481948587,-7,0.00018808179689746386,5.623479456946711
mono-00000107,1120.0,1.0358560481948587,-6,0.0001736959571047482,5.220752564286286
mono-00000107,1120.0,1.0358560481948587,-5,0.0002506441107730304,4.784345526978157
mono-00000107,1120.0,1.0358560481948587,-4,0.003341920745902245,4.30402544593305
mono-00000107,1120.0,1.0358560481948587,-3,0.0024816909528225144,3.763014160963337
mono-00000107,1120.0,1.0358560481948587,-2,0.11899098317828344,3.129997318849803
mono-00000107,1120.0,1.0358560481948587,-1,0.2440930031053246,2.3311922799813516
mono-00000107,1120.0,1.0358560481948587,0,0.3156183381440314,1.035856048194816
mono-00000107,1120.0,1.0358560481948587,1,0.0,0.0
mono-00000107,1120.0,1.0358560481948587,2,0.0,0.0
mono-00000107,1120.0,1.0358560481948587,3,0.0,0.0
mono-00000107,1120.0,1.0358560481948587,4,0.0,0.0
mono-00000107,1120.0,1.0358560481948587,5,0.0,0.0
mono-00000107,1120.0,1.0358560481948587,6,0.0,0.0
mono-00000107,1120.0,1.0358560481948587,7,0.0,0.0
mono-00000107,1120.0,1.0358560481948587,8,0.0,0.0
mono-00000107,1120.0,1.0358560481948587,9,0.0,0.0
mono-00000107,1120.0,1.0358560481948587,10,0.0,0.0
mono-00000107,1120.0,1.0358560481948587,11,0.0,0.0
mono-00000107,1120.0,1.0358560481948587,12,0.0,0.0
mono-00000107,1120.0,1.0358560481948587,13,0.0,0.0
mono-00000107,1120.0,1.0358560481948587,14,0.0,0.0
mono-00000107,1120.0,1.0358560481948587,15,0.0,0.0
mono-00000107,1120.0,1.0358560481948587,16,0.0,0.0
mono-00000107,1120.0,1.0358560481948587,17,0.0,0.0
mono-00000107,1120.0,1.0358560481948587,18,0.0,0.0
mono-00000107,1120.0,1.0358560481948587,19,0.0,0.0
mono-00000107,1120.0,1.0358560481948587,20,0.0,0.0
mono-00000108,1130.0,1.0312641938027411,-20,1.4365659303334491e-06,9.364909229904356
mono-00000108,1130.0,1.0312641938027411,-19,1.5861477605767098e-06,9.130199923675633
mono-00000108,1130.0,1.0312641938027411,-18,2.0431082275824527e-06,8.88934949953655
mono-00000108,1130.0,1.0312641938027411,-17,3.116085838074926e-06,8.641844479781469
mono-00000108,1130.0,1.0312641938027411,-16,4.511743615727624e-06,8.38709571917964
mono-00000108,1130.0,1.0312641938027411,-15,4.987755110793585e-06,8.124421812543858
mono-00000108,1130.0,1.0312641938027411,-14,5.387466130035692e-06,7.853027509368857
mono-00000108,1130.0,1.0312641938027411,-13,7.2307505524712295e-06,7.571975166441661
mono-00000108,1130.0,1.0312641938027411,-12,1.4667506754742564e-05,7.280146279966985
mono-00000108,1130.0,1.0312641938027411,-11,2.2550414452303686e-05,6.976188527234655
mono-00000108,1130.0,1.0312641938027411,-10,2.446043909981932e-05,6.658441029711071
mono-00000108,1130.0,1.0312641938027411,-9,2.525961659757063e-05,6.3248257754284225
mono-00000108,1130.0,1.0312641938027411,-8,7.32186961569555e-05,5.972684345756932
mono-00000108,1130.0,1.0312641938027411,-7,0.0001906049029523391,5.598521952848046
mono-00000108,1130.0,1.0312641938027411,-6,0.00018600464744768935,5.197585004035304
mono-00000108,1130.0,1.0312641938027411,-5,0.00023308648459368131,4.763116967350086
mono-00000108,1130.0,1.0312641938027411,-4,0.0033484384780617118,4.28493029885702
mono-00000108,1130.0,1.0312641938027411,-3,0.0028056248659037945,3.746321213790324
mono-00000108,1130.0,1.0312641938027411,-2,0.12039741509006899,3.1161141917603175
mono-00000108,1130.0,1.0312641938027411,-1,0.2434567024042581,2.3208537702758463
mono-00000108,1130.0,1.0312641938027411,0,0.3156015469242435,1.031264193802329
mono-00000108,1130.0,1.0312641938027411,1,0.0,0.0
mono-00000108,1130.0,1.0312641938027411,2,0.0,0.0
mono-00000108,1130.0,1.0312641938027411,3,0.0,0.0
mono-00000108,1130.0,1.0312641938027411,4,0.0,0.0
mono-00000108,1130.0,1.0312641938027411,5,0.0,0.0
mono-00000108,1130.0,1.0312641938027411,6,0.0,0.0
mono-00000108,1130.0,1.0312641938027411,7,0.0,0.0
mono-00000108,1130.0,1.0312641938027411,8,0.0,0.0
mono-00000108,1130.0,1.0312641938027411,9,0.0,0.0
mono-00000108,1130.0,1.0312641938027411,10,0.0,0.0
mono-00000108,1130.0,1.0312641938027411,11,0.0,0.0
mono-00000108,1130.0,1.0312641938027411,12,0.0,0.0
mono-00000108,1130.0,1.0312641938027411,13,0.0,0.0
mono-00000108,1130.0,1.0312641938027411,14,0.0,0.0
mono-00000108,1130.0,1.0312641938027411,15,0.0,0.0
mono-00000108,1130.0,1.0312641938027411,16,0.0,0.0
mono-00000108,1130.0,1.0312641938027411,17,0.0,0.0
mono-00000108,1130.0,1.0312641938027411,18,0.0,0.0
mono-00000108,1130.0,1.0312641938027411,19,0.0,0.0
mono-00000108,1130.0,1.0312641938027411,20,0.0,0.0
mono-00000109,1140.0,1.0267328687536832,-20,1.4689994934136759e-06,9.323653516551545
mono-00000109,1140.0,1.0267328687536832,-19,1.593617657720284e-06,9.089982613634788
mono-00000109,1140.0,1.0267328687536832,-18,2.038757320305015e-06,8.850197412080448
mono-00000109,1140.0,1.0267328687536832,-17,3.0548067874085847e-06,8.603786686823355
mono-00000109,1140.0,1.0267328687536832,-16,4.549103307830362e-06,8.350163877499853
mono-00000109,1140.0,1.0267328687536832,-15,5.106727729640948e-06,8.088650568894636
mono-00000109,1140.0,1.0267328687536832,-14,5.511865920861913e-06,7.818455000391779
mono-00000109,1140.0,1.0267328687536832,-13,7.101951288361437e-06,7.538643643985267
mono-00000109,1140.0,1.0267328687536832,-12,1.4480809476653202e-05,7.248102905389686
mono-00000109,1140.0,1.0267328687536832,-11,2.2765981173468058e-05,6.9454863983610124
mono-00000109,1140.0,1.0267328687536832,-10,2.5563341890132625e-05,6.629140536134486
mono-00000109,1140.0,1.0267328687536832,-9,2.518455022628872e-05,6.296996430860261
mono-00000109,1140.0,1.0267328687536832,-8,7.102470187656838e-05,5.946407337771504
mono-00000109,1140.0,1.0267328687536832,-7,0.0001927244402700095,5.573893817349898
mono-00000109,1140.0,1.0267328687536832,-6,0.0001985384808872479,5.174723156054739
mono-00000109,1140.0,1.0267328687536832,-5,0.00021710517985374847,4.7421685020295286
mono-00000109,1140.0,1.0267328687536832,-4,0.0033483254961423066,4.266087068706469
mono-00000109,1140.0,1.0267328687536832,-3,0.003149518050601472,3.7298484663385523
mono-00000109,1140.0,1.0267328687536832,-2,0.12176688360785391,3.1024141770318323
mono-00000109,1140.0,1.0267328687536832,-1,0.24280842398276095,2.3106516012183675
mono-00000109,1140.0,1.0267328687536832,0,0.3156021509355071,1.0267328687541948
mono-00000109,1140.0,1.0267328687536832,1,0.0,0.0
mono-00000109,1140.0,1.0267328687536832,2,0.0,0.0
mono-00000109,1140.0,1.0267328687536832,3,0.0,0.0
mono-00000109,1140.0,1.0267328687536832,4,0.0,0.0
mono-00000109,1140.0,1.0267328687536832,5,0.0,0.0
mono-00000109,1140.0,1.0267328687536832,6,0.0,0.0
mono-00000109,1140.0,1.0267328687536832,7,0.0,0.0
mono-00000109,1140.0,1.0267328687536832,8,0.0,0.0
mono-00000109,1140.0,1.0267328687536832,9,0.0,0.0
mono-00000109,1140.0,1.0267328687536832,10,0.0,0.0
mono-00000109,1140.0,1.0267328687536832,11,0.0,0.0
mono-00000109,1140.0,1.0267328687536832,12,0.0,0.0
mono-00000109,1140.0,1.0267328687536832,13,0.0,0.0
mono-00000109,1140.0,1.0267328687536832,14,0.0,0.0
mono-00000109,1140.0,1.0267328687536832,15,0.0,0.0
mono-00000109,1140.0,1.0267328687536832,16,0.0,0.0
mono-00000109,1140.0,1.0267328687536832,17,0.0,0.0
mono-00000109,1140.0,1.0267328687536832,18,0.0,0.0
mono-00000109,1140.0,1.0267328687536832,19,0.0,0.0
mono-00000109,1140.0,1.0267328687536832,20,0.0,0.0
mono-00000110,1150.0,1.0222607548089826,-20,1.5047711253609361e-06,9.282938282739124
mono-00000110,1150.0,1.0222607548089826,-19,1.6029710751638794e-06,9.050292121630292
mono-00000110,1150.0,1.0222607548089826,-18,2.037116644447257e-06,8.811558132882425
mono-00000110,1150.0,1.0222607548089826,-17,2.9955771000015366e-06,8.566227314680262
mono-00000110,1150.0,1.0222607548089826,-16,4.568740733441796e-06,8.313715657798923
mono-00000110,1150.0,1.0222607548089826,-15,5.230802313200068e-06,8.053347697976491
mono-00000110,1150.0,1.0222607548089826,-14,5.634760148434446e-06,7.784335118939751
mono-00000110,1150.0,1.0222607548089826,-13,7.006477478125819e-06,7.505748454176057
mono-00000110,1150.0,1.0222607548089826,-12,1.4257454063311677e-05,7.216478954822435
mono-00000110,1150.0,1.0222607548089826,-11,2.2951415491638563e-05,6.9151860935998
mono-00000110,1150.0,1.0222607548089826,-10,2.665650353797396e-05,6.600223480307193
mono-00000110,1150.0,1.0222607548089826,-9,2.521488756964112e-05,6.269531232070719
mono-00000110,1150.0,1.0222607548089826,-8,6.887067251961016e-05,5.920474125534142
mono-00000110,1150.0,1.0222607548089826,-7,0.00019439856013909258,5.549587869048551
mono-00000110,1150.0,1.0222607548089826,-6,0.00021117717575927175,5.1521603554712385
mono-00000110,1150.0,1.0222607548089826,-5,0.00020278237599610473,4.721494025324617
mono-00000110,1150.0,1.0222607548089826,-4,0.003340979460901401,4.247490264639637
mono-00000110,1150.0,1.0222607548089826,-3,0.00351238258744366,3.713591119636135
mono-00000110,1150.0,1.0222607548089826,-2,0.1230801318271704,3.088893284450549
mono-00000110,1150.0,1.0222607548089826,-1,0.2421229006420751,2.300582802227325
mono-00000110,1150.0,1.0222607548089826,0,0.3156051958157299,1.0222607548089542
mono-00000110,1150.0,1.0222607548089826,1,0.0,0.0
mono-00000110,1150.0,1.0222607548089826,2,0.0,0.0
mono-00000110,1150.0,1.0222607548089826,3,0.0,0.0
mono-00000110,1150.0,1.0222607548089826,4,0.0,0.0
mono-00000110,1150.0,1.0222607548089826,5,0.0,0.0
mono-00000110,1150.0,1.0222607548089826,6,0.0,0.0
mono-00000110,1150.0,1.0222607548089826,7,0.0,0.0
mono-00000110,1150.0,1.0222607548089826,8,0.0,0.0
mono-00000110,1150.0,1.0222607548089826,9,0.0,0.0
mono-00000110,1150.0,1.0222607548089826,10,0.0,0.0
mono-00000110,1150.0,1.0222607548089826,11,0.0,0.0
mono-00000110,1150.0,1.0222607548089826,12,0.0,0.0
mono-00000110,1150.0,1.0222607548089826,13,0.0,0.0
mono-00000110,1150.0,1.0222607548089826,14,0.0,0.0
mono-00000110,1150.0,1.0222607548089826,15,0.0,0.0
mono-00000110,1150.0,1.0222607548089826,16,0.0,0.0
mono-00000110,1150.0,1.0222607548089826,17,0.0,0.0
mono-00000110,1150.0,1.0222607548089826,18,0.0,0.0
mono-00000110,1150.0,1.0222607548089826,19,0.0,0.0
mono-00000110,1150.0,1.0222607548089826,20,0.0,0.0
mono-00000111,1160.0,1.0178465735764064,-20,1.5425756190526723e-06,9.242751829444316
mono-00000111,1160.0,1.0178465735764064,-19,1.6158559416046731e-06,9.01111704559294
mono-00000111,1160.0,1.0178465735764064,-18,2.0367272275975196e-06,8.773420564298661
mono-00000111,1160.0,1.0178465735764064,-17,2.94135937360324e-06,8.529155578239383
mono-00000111,1160.0,1.0178465735764064,-16,4.569890546136703e-06,8.277740596327632
mono-00000111,1160.0,1.0178465735764064,-15,5.3601089294732824e-06,8.018503067077944
mono-00000111,1160.0,1.0178465735764064,-14,5.754633197179626e-06,7.7506580739952255
mono-00000111,1160.0,1.0178465735764064,-13,6.946997607375081e-06,7.473280159505279
mono-00000111,1160.0,1.0178465735764064,-12,1.3999171799518094e-05,7.185265357462299
mono-00000111,1160.0,1.0178465735764064,-11,2.3113222116794318e-05,6.885278923722538
mono-00000111,1160.0,1.0178465735764064,-10,2.7726623842036614e-05,6.571681571497763
mono-00000111,1160.0,1.0178465735764064,-9,2.5359176608270037e-05,6.242422306318957
mono-00000111,1160.0,1.0178465735764064,-8,6.67814449967899e-05,5.894877277077285
mono-00000111,1160.0,1.0178465735764064,-7,0.00019563336846808606,5.525597143858505
mono-00000111,1160.0,1.0178465735764064,-6,0.00022387048105617385,5.129890139076423
mono-00000111,1160.0,1.0178465735764064,-5,0.00019017936481095462,4.701087616268396
mono-00000111,1160.0,1.0178465735764064,-4,0.003326927827613292,4.2291345619190395
mono-00000111,1160.0,1.0178465735764064,-3,0.003894017544794331,3.697544519869936
mono-00000111,1160.0,1.0178465735764064,-2,0.12434624730410034,3.075547644483791
mono-00000111,1160.0,1.0178465735764064,-1,0.241415141842735,2.2906444925518628
mono-00000111,1160.0,1.0178465735764064,0,0.3156187019590821,1.0178465735762643
mono-00000111,1160.0,1.0178465735764064,1,0.0,0.0
mono-00000111,1160.0,1.0178465735764064,2,0.0,0.0
mono-00000111,1160.0,1.0178465735764064,3,0.0,0.0
mono-00000111,1160.0,1.0178465735764064,4,0.0,0.0
mono-00000111,1160.0,1.0178465735764064,5,0.0,0.0
mono-00000111,1160.0,1.0178465735764064,6,0.0,0.0
mono-00000111,1160.0,1.0178465735764064,7,0.0,0.0
mono-00000111,1160.0,1.0178465735764064,8,0.0,0.0
mono-00000111,1160.0,1.0178465735764064,9,0.0,0.0
mono-00000111,1160.0,1.0178465735764064,10,0.0,0.0
mono-00000111,1160.0,1.0178465735764064,11,0.0,0.0
mono-00000111,1160.0,1.0178465735764064,12,0.0,0.0
mono-00000111,1160.0,1.0178465735764064,13,0.0,0.0
mono-00000111,1160.0,1.0178465735764064,14,0.0,0.0
mono-00000111,1160.0,1.0178465735764064,15,0.0,0.0
mono-00000111,1160.0,1.0178465735764064,16,0.0,0.0
mono-00000111,1160.0,1.0178465735764064,17,0.0,0.0
mono-00000111,1160.0,1.0178465735764064,18,0.0,0.0
mono-00000111,1160.0,1.0178465735764064,19,0.0,0.0
mono-00000111,1160.0,1.0178465735764064,20,0.0,0.0
mono-00000112,1170.0,1.0134890849741964,-20,1.580571136482017e-06,9.203082809129256
mono-00000112,1170.0,1.0134890849741964,-19,1.6337374438892596e-06,8.972446325979703
mono-00000112,1170.0,1.0134890849741964,-18,2.0361938075299243e-06,8.735773942030377
mono-00000112,1170.0,1.0134890849741964,-17,2.8942494956654717e-06,8.49256101631019
mono-00000112,1170.0,1.0134890849741964,-16,4.552451361565177e-06,8.242228543573304
mono-00000112,1170.0,1.0134890849741964,-15,5.493369298462243e-06,7.9841068477498
mono-00000112,1170.0,1.0134890849741964,-14,5.870662547402262e-06,7.717414368510873
mono-00000112,1170.0,1.0134890849741964,-13,6.924013005614157e-06,7.441229605789729
mono-00000112,1170.0,1.0134890849741964,-12,1.3708379094282277e-05,7.154453314793301
mono-00000112,1170.0,1.0134890849741964,-11,2.3254803371225316e-05,6.8557564603054715
mono-00000112,1170.0,1.0134890849741964,-10,2.8759018197503166e-05,6.5435067677920244
mono-00000112,1170.0,1.0134890849741964,-9,2.5624365450633677e-05,6.2156620171111
mono-00000112,1170.0,1.0134890849741964,-8,6.47744178747686e-05,5.869609583429366
mono-00000112,1170.0,1.0134890849741964,-7,0.00019641941387116304,5.501914886628967
mono-00000112,1170.0,1.0134890849741964,-6,0.00023654774193015185,5.107906237548377
mono-00000112,1170.0,1.0134890849741964,-5,0.000179348535596611,4.680943531494677
mono-00000112,1170.0,1.0134890849741964,-4,0.0033063347381158334,4.211014795506401
mono-00000112,1170.0,1.0134890849741964,-3,0.0042938711176839835,3.681704152787134
mono-00000112,1170.0,1.0134890849741964,-2,0.12556398803852978,3.062373503625537
mono-00000112,1170.0,1.0134890849741964,-1,0.24068549096251193,2.2808338778072255
mono-00000112,1170.0,1.0134890849741964,0,0.3156424347996967,1.0134890849740117
mono-00000112,1170.0,1.0134890849741964,1,0.0,0.0
mono-00000112,1170.0,1.0134890849741964,2,0.0,0.0
mono-00000112,1170.0,1.0134890849741964,3,0.0,0.0
mono-00000112,1170.0,1.0134890849741964,4,0.0,0.0
mono-00000112,1170.0,1.0134890849741964,5,0.0,0.0
mono-00000112,1170.0,1.0134890849741964,6,0.0,0.0
mono-00000112,1170.0,1.0134890849741964,7,0.0,0.0
mono-00000112,1170.0,1.0134890849741964,8,0.0,0.0
mono-00000112,1170.0,1.0134890849741964,9,0.0,0.0
mono-00000112,1170.0,1.0134890849741964,10,0.0,0.0
mono-00000112,1170.0,1.0134890849741964,11,0.0,0.0
mono-00000112,1170.0,1.0134890849741964,12,0.0,0.0
mono-00000112,1170.0,1.0134890849741964,13,0.0,0.0
mono-00000112,1170.0,1.0134890849741964,14,0.0,0.0
mono-00000112,1170.0,1.0134890849741964,15,0.0,0.0
mono-00000112,1170.0,1.0134890849741964,16,0.0,0.0
mono-00000112,1170.0,1.0134890849741964,17,0.0,0.0
mono-00000112,1170.0,1.0134890849741964,18,0.0,0.0
mono-00000112,1170.0,1.0134890849741964,19,0.0,0.0
mono-00000112,1170.0,1.0134890849741964,20,0.0,0.0
mono-00000113,1180.0,1.009187085767806,-20,1.6166230940784524e-06,9.163920212279521
mono-00000113,1180.0,1.009187085767806,-19,1.657734309344909e-06,8.934269232656533
mono-00000113,1180.0,1.009187085767806,-18,2.034439469953318e-06,8.698607822359506
mono-00000113,1180.0,1.009187085767806,-17,2.855426688724994e-06,8.456433479222369
mono-00000113,1180.0,1.009187085767806,-16,4.51721350527504e-06,8.207169652229624
mono-00000113,1180.0,1.009187085767806,-15,5.628080278606143e-06,7.950149504158034
mono-00000113,1180.0,1.009187085767806,-14,5.982904631294823e-06,7.684594788157824
mono-00000113,1180.0,1.009187085767806,-13,6.936038688985264e-06,7.409587911328728
mono-00000113,1180.0,1.009187085767806,-12,1.3388782392407924e-05,7.124034290167259
mono-00000113,1180.0,1.009187085767806,-11,2.3377146916205967e-05,6.826610525750823
mono-00000113,1180.0,1.009187085767806,-10,2.9738931253813527e-05,6.515691266573697
mono-00000113,1180.0,1.009187085767806,-9,2.6016024719968327e-05,6.18924295516301
mono-00000113,1180.0,1.009187085767806,-8,6.286177538355368e-05,5.84466405008547
mono-00000113,1180.0,1.009187085767806,-7,0.00019674055257071777,5.4785345431528185
mono-00000113,1180.0,1.009187085767806,-6,0.0002491254324097727,5.0862025680369385
mono-00000113,1180.0,1.009187085767806,-5,0.00017033347386046784,4.661056198446261
mono-00000113,1180.0,1.009187085767806,-4,0.003279207232707794,4.193125953955757
mono-00000113,1180.0,1.009187085767806,-3,0.004711027599417606,3.666065638359953
mono-00000113,1180.0,1.009187085767806,-2,0.12672600702362444,3.0493672199624484
mono-00000113,1180.0,1.009187085767806,-1,0.23992619095220546,2.271148246674798
mono-00000113,1180.0,1.009187085767806,0,0.31567120464612974,1.0091870857679055
mono-00000113,1180.0,1.009187085767806,1,0.0,0.0
mono-00000113,1180.0,1.009187085767806,2,0.0,0.0
mono-00000113,1180.0,1.009187085767806,3,0.0,0.0
mono-00000113,1180.0,1.009187085767806,4,0.0,0.0
mono-00000113,1180.0,1.009187085767806,5,0.0,0.0
mono-00000113,1180.0,1.009187085767806,6,0.0,0.0
mono-00000113,1180.0,1.009187085767806,7,0.0,0.0
mono-00000113,1180.0,1.009187085767806,8,0.0,0.0
mono-00000113,1180.0,1.009187085767806,9,0.0,0.0
mono-00000113,1180.0,1.009187085767806,10,0.0,0.0
mono-00000113,1180.0,1.009187085767806,11,0.0,0.0
mono-00000113,1180.0,1.009187085767806,12,0.0,0.0
mono-00000113,1180.0,1.009187085767806,13,0.0,0.0
mono-00000113,1180.0,1.009187085767806,14,0.0,0.0
mono-00000113,1180.0,1.009187085767806,15,0.0,0.0
mono-00000113,1180.0,1.009187085767806,16,0.0,0.0
mono-00000113,1180.0,1.009187085767806,17,0.0,0.0
mono-00000113,1180.0,1.009187085767806,18,0.0,0.0
mono-00000113,1180.0,1.009187085767806,19,0.0,0.0
mono-00000113,1180.0,1.009187085767806,20,0.0,0.0
mono-00000114,1190.0,1.0049394081734135,-20,1.648830179218648e-06,9.12525335456695
mono-00000114,1190.0,1.0049394081734135,-19,1.6887285989842904e-06,8.896575352390258
mono-00000114,1190.0,1.0049394081734135,-18,2.031237696398484e-06,8.661912069976978
mono-00000114,1190.0,1.0049394081734135,-17,2.8254784617459197e-06,8.420763116999268
mono-00000114,1190.0,1.0049394081734135,-16,4.4666719703546016e-06,8.172554365725105
mono-00000114,1190.0,1.0049394081734135,-15,5.761607081162245e-06,7.916621781977497
mono-00000114,1190.0,1.0049394081734135,-14,6.093569211745982e-06,7.652190390595877
mono-00000114,1190.0,1.0049394081734135,-13,6.980712078358797e-06,7.378346456563904
mono-00000114,1190.0,1.0049394081734135,-12,1.3047666828316237e-05,7.093999998867503
mono-00000114,1190.0,1.0049394081734135,-11,2.3482458187457525e-05,6.797833183770393
mono-00000114,1190.0,1.0049394081734135,-10,3.0659252449553624e-05,6.488227495446367
mono-00000114,1190.0,1.0049394081734135,-9,2.6542971785812923e-05,6.163157929781875
mono-00000114,1190.0,1.0049394081734135,-8,6.10563858020684e-05,5.8200338888728
mono-00000114,1190.0,1.0049394081734135,-7,0.00019661437721928832,5.455449752546272
mono-00000114,1190.0,1.0049394081734135,-6,0.00026158363566229577,5.064773227092616
mono-00000114,1190.0,1.0049394081734135,-5,0.00016315903808547102,4.641420208899277
mono-00000114,1190.0,1.0049394081734135,-4,0.003246268668031173,4.1754631735912255
mono-00000114,1190.0,1.0049394081734135,-3,0.005145498872526549,3.650624725698023
mono-00000114,1190.0,1.0049394081734135,-2,0.1278454336195983,3.0365252589433283
mono-00000114,1190.0,1.0049394081734135,-1,0.23915685899040479,2.2615849677528956
mono-00000114,1190.0,1.0049394081734135,0,0.3157159207696597,1.0049394081736978
mono-00000114,1190.0,1.0049394081734135,1,0.0,0.0
mono-00000114,1190.0,1.0049394081734135,2,0.0,0.0
mono-00000114,1190.0,1.0049394081734135,3,0.0,0.0
mono-00000114,1190.0,1.0049394081734135,4,0.0,0.0
mono-00000114,1190.0,1.0049394081734135,5,0.0,0.0
mono-00000114,1190.0,1.0049394081734135,6,0.0,0.0
mono-00000114,1190.0,1.0049394081734135,7,0.0,0.0
mono-00000114,1190.0,1.0049394081734135,8,0.0,0.0
mono-00000114,1190.0,1.0049394081734135,9,0.0,0.0
mono-00000114,1190.0,1.0049394081734135,10,0.0,0.0
mono-00000114,1190.0,1.0049394081734135,11,0.0,0.0
mono-00000114,1190.0,1.0049394081734135,12,0.0,0.0
mono-00000114,1190.0,1.0049394081734135,13,0.0,0.0
mono-00000114,1190.0,1.0049394081734135,14,0.0,0.0
mono-00000114,1190.0,1.0049394081734135,15,0.0,0.0
mono-00000114,1190.0,1.0049394081734135,16,0.0,0.0
mono-00000114,1190.0,1.0049394081734135,17,0.0,0.0
mono-00000114,1190.0,1.0049394081734135,18,0.0,0.0
mono-00000114,1190.0,1.0049394081734135,19,0.0,0.0
mono-00000114,1190.0,1.0049394081734135,20,0.0,0.0
mono-00000115,1200.0,1.0007449185276158,-20,1.675087432713608e-06,9.087071864604212
mono-00000115,1200.0,1.0007449185276158,-19,1.7264732573140188e-06,8.859354576915791
mono-00000115,1200.0,1.0007449185276158,-18,2.026409379952287e-06,8.625676846371164
mono-00000115,1200.0,1.0007449185276158,-17,2.8034102838622264e-06,8.385540368075823
mono-00000115,1200.0,1.0007449185276158,-16,4.402913300256233e-06,8.138373407279175
mono-00000115,1200.0,1.0007449185276158,-15,5.888966094236068e-06,7.8835146977965564
mono-00000115,1200.0,1.0007449185276158,-14,6.203617352203666e-06,7.620192495237632
mono-00000115,1200.0,1.0007449185276158,-13,7.05259205621745e-06,7.347496874215125
mono-00000115,1200.0,1.0007449185276158,-12,1.2690358173504042e-05,7.0643423986295915
mono-00000115,1200.0,1.0007449185276158,-11,2.3564856515105294e-05,6.769416730307199
mono-00000115,1200.0,1.0007449185276158,-10,3.150405943331824e-05,6.4611081035735225
mono-00000115,1200.0,1.0007449185276158,-9,2.7204670146903403e-05,6.137399960644032
mono-00000115,1200.0,1.0007449185276158,-8,5.9357767084421415e-05,5.795712510191095
mono-00000115,1200.0,1.0007449185276158,-7,0.00019599877153136057,5.432654339978598
mono-00000115,1200.0,1.0007449185276158,-6,0.0002737885835987933,5.043612483921294
mono-00000115,1200.0,1.0007449185276158,-5,0.00015785787618678344,4.622030312784574
mono-00000115,1200.0,1.0007449185276158,-4,0.0032068917288581504,4.158021732951994
mono-00000115,1200.0,1.0007449185276158,-3,0.005595314234889802,3.635377288194235
mono-00000115,1200.0,1.0007449185276158,-2,0.12889514170811703,3.023844189344814
mono-00000115,1200.0,1.0007449185276158,-1,0.2383451288339733,2.2521414865555727
mono-00000115,1200.0,1.0007449185276158,0,0.315760226924932,1.000744918527488
mono-00000115,1200.0,1.0007449185276158,1,0.0,0.0
mono-00000115,1200.0,1.0007449185276158,2,0.0,0.0
mono-00000115,1200.0,1.0007449185276158,3,0.0,0.0
mono-00000115,1200.0,1.0007449185276158,4,0.0,0.0
mono-00000115,1200.0,1.0007449185276158,5,0.0,0.0
mono-00000115,1200.0,1.0007449185276158,6,0.0,0.0
mono-00000115,1200.0,1.0007449185276158,7,0.0,0.0
mono-00000115,1200.0,1.0007449185276158,8,0.0,0.0
mono-00000115,1200.0,1.0007449185276158,9,0.0,0.0
mono-00000115,1200.0,1.0007449185276158,10,0.0,0.0
mono-00000115,1200.0,1.0007449185276158,11,0.0,0.0
mono-00000115,1200.0,1.0007449185276158,12,0.0,0.0
mono-00000115,1200.0,1.0007449185276158,13,0.0,0.0
mono-00000115,1200.0,1.0007449185276158,14,0.0,0.0
mono-00000115,1200.0,1.0007449185276158,15,0.0,0.0
mono-00000115,1200.0,1.0007449185276158,16,0.0,0.0
mono-00000115,1200.0,1.0007449185276158,17,0.0,0.0
mono-00000115,1200.0,1.0007449185276158,18,0.0,0.0
mono-00000115,1200.0,1.0007449185276158,19,0.0,0.0
mono-00000115,1200.0,1.0007449185276158,20,0.0,0.0
mono-00000116,1210.0,0.9966025160148604,-20,1.6944327715493216e-06,9.04936567225731
mono-00000116,1210.0,0.9966025160148604,-19,1.7707011492492698e-06,8.822597091547877
mono-00000116,1210.0,0.9966025160148604,-18,2.021251831473928e-06,8.589892598745791
mono-00000116,1210.0,0.9966025160148604,-17,2.7883233712580548e-06,8.350755948530576
mono-00000116,1210.0,0.9966025160148604,-16,4.330536338892091e-06,8.10461776945752
mono-00000116,1210.0,0.9966025160148604,-15,6.007001355145025e-06,7.850819529004653
mono-00000116,1210.0,0.9966025160148604,-14,6.317592376987024e-06,7.58859267347907
mono-00000116,1210.0,0.9966025160148604,-13,7.147394446820526e-06,7.317031039865199
mono-00000116,1210.0,0.9966025160148604,-12,1.2328359854804054e-05,7.035053680594274
mono-00000116,1210.0,0.9966025160148604,-11,2.3625146862444428e-05,6.7413536848704325
mono-00000116,1210.0,0.9966025160148604,-10,3.227633244007199e-05,6.434325953412127
mono-00000116,1210.0,0.9966025160148604,-9,2.800968514271278e-05,6.111962269947682
mono-00000116,1210.0,0.9966025160148604,-8,5.777428218206385e-05,5.77169351560552
mono-00000116,1210.0,0.9966025160148604,-7,0.00019494324362630874,5.410142309733516
mono-00000116,1210.0,0.9966025160148604,-6,0.00028578023839823265,5.022714773945253
mono-00000116,1210.0,0.9966025160148604,-5,0.00015443013080179046,4.602881412290174
mono-00000116,1210.0,0.9966025160148604,-4,0.003162374504744585,4.140797047489471
mono-00000116,1210.0,0.9966025160148604,-3,0.0060612165674072994,3.620319318890921
mono-00000116,1210.0,0.9966025160148604,-2,0.12990349320684652,3.011320679419285
mono-00000116,1210.0,0.9966025160148604,-1,0.2375295885038091,2.242815322644148
mono-00000116,1210.0,0.9966025160148604,0,0.3158241563140703,0.9966025160147609
mono-00000116,1210.0,0.9966025160148604,1,0.0,0.0
mono-00000116,1210.0,0.9966025160148604,2,0.0,0.0
mono-00000116,1210.0,0.9966025160148604,3,0.0,0.0
mono-00000116,1210.0,0.9966025160148604,4,0.0,0.0
mono-00000116,1210.0,0.9966025160148604,5,0.0,0.0
mono-00000116,1210.0,0.9966025160148604,6,0.0,0.0
mono-00000116,1210.0,0.9966025160148604,7,0.0,0.0
mono-00000116,1210.0,0.9966025160148604,8,0.0,0.0
mono-00000116,1210.0,0.9966025160148604,9,0.0,0.0
mono-00000116,1210.0,0.9966025160148604,10,0.0,0.0
mono-00000116,1210.0,0.9966025160148604,11,0.0,0.0
mono-00000116,1210.0,0.9966025160148604,12,0.0,0.0
mono-00000116,1210.0,0.9966025160148604,13,0.0,0.0
mono-00000116,1210.0,0.9966025160148604,14,0.0,0.0
mono-00000116,1210.0,0.9966025160148604,15,0.0,0.0
mono-00000116,1210.0,0.9966025160148604,16,0.0,0.0
mono-00000116,1210.0,0.9966025160148604,17,0.0,0.0
mono-00000116,1210.0,0.9966025160148604,18,0.0,0.0
mono-00000116,1210.0,0.9966025160148604,19,0.0,0.0
mono-00000116,1210.0,0.9966025160148604,20,0.0,0.0
mono-00000117,1220.0,0.9925111314543926,-20,1.7054548365775415e-06,9.012124997487774
mono-00000117,1220.0,0.9925111314543926,-19,1.8193242033420024e-06,8.786293364308719
mono-00000117,1220.0,0.9925111314543926,-18,2.0162384324054467e-06,8.554550049439825
mono-00000117,1220.0,0.9925111314543926,-17,2.777222592449477e-06,8.316400841805603
mono-00000117,1220.0,0.9925111314543926,-16,4.251834359635744e-06,8.071278704199841
mono-00000117,1220.0,0.9925111314543926,-15,6.108667865450444e-06,7.818527804137716
mono-00000117,1220.0,0.9925111314543926,-14,6.435512328798856e-06,7.5573827393724855
mono-00000117,1220.0,0.9925111314543926,-13,7.255857403128566e-06,7.286941062971678
mono-00000117,1220.0,0.9925111314543926,-12,1.1966759259105481e-05,7.0061262606698165
mono-00000117,1220.0,0.9925111314543926,-11,2.364938442364853e-05,6.713636782262782
mono-00000117,1220.0,0.9925111314543926,-10,3.295537429271594e-05,6.40787411282129
mono-00000117,1220.0,0.9925111314543926,-9,2.8944619962390296e-05,6.086838274920055
mono-00000117,1220.0,0.9925111314543926,-8,5.629032635491989e-05,5.747970690775148
mono-00000117,1220.0,0.9925111314543926,-7,0.00019336710920737934,5.3879078385837715
mono-00000117,1220.0,0.9925111314543926,-6,0.0002973167173200194,5.002074692655697
mono-00000117,1220.0,0.9925111314543926,-5,0.00015288014758412934,4.5839685562309
mono-00000117,1220.0,0.9925111314543926,-4,0.003111252733249915,4.123784664505024
mono-00000117,1220.0,0.9925111314543926,-3,0.006537966393551541,3.6054469260568425
mono-00000117,1220.0,0.9925111314543926,-2,0.13080275351346787,2.998951493217362
mono-00000117,1220.0,0.9925111314543926,-1,0.23662575522053456,2.233604066891033
mono-00000117,1220.0,0.9925111314543926,0,0.31585441104344814,0.9925111314543358
mono-00000117,1220.0,0.9925111314543926,1,0.0,0.0
mono-00000117,1220.0,0.9925111314543926,2,0.0,0.0
mono-00000117,1220.0,0.9925111314543926,3,0.0,0.0
mono-00000117,1220.0,0.9925111314543926,4,0.0,0.0
mono-00000117,1220.0,0.9925111314543926,5,0.0,0.0
mono-00000117,1220.0,0.9925111314543926,6,0.0,0.0
mono-00000117,1220.0,0.9925111314543926,7,0.0,0.0
mono-00000117,1220.0,0.9925111314543926,8,0.0,0.0
mono-00000117,1220.0,0.9925111314543926,9,0.0,0.0
mono-00000117,1220.0,0.9925111314543926,10,0.0,0.0
mono-00000117,1220.0,0.9925111314543926,11,0.0,0.0
mono-00000117,1220.0,0.9925111314543926,12,0.0,0.0
mono-00000117,1220.0,0.9925111314543926,13,0.0,0.0
mono-00000117,1220.0,0.9925111314543926,14,0.0,0.0
mono-00000117,1220.0,0.9925111314543926,15,0.0,0.0
mono-00000117,1220.0,0.9925111314543926,16,0.0,0.0
mono-00000117,1220.0,0.9925111314543926,17,0.0,0.0
mono-00000117,1220.0,0.9925111314543926,18,0.0,0.0
mono-00000117,1220.0,0.9925111314543926,19,0.0,0.0
mono-00000117,1220.0,0.9925111314543926,20,0.0,0.0
mono-00000118,1230.0,0.9884697261411475,-20,1.70898262386537e-06,8.97534033969572
mono-00000118,1230.0,0.9884697261411475,-19,1.8711100838541525e-06,8.750434135543244
mono-00000118,1230.0,0.9884697261411475,-18,2.014109435195203e-06,8.519640185822084
mono-00000118,1230.0,0.9884697261411475,-17,2.768659356048265e-06,8.282466288887505
mono-00000118,1230.0,0.9884697261411475,-16,4.172707534160983e-06,8.038347713295579
mono-00000118,1230.0,0.9884697261411475,-15,6.192178819302192e-06,7.7866312936567255
mono-00000118,1230.0,0.9884697261411475,-14,6.563576849501436e-06,7.526554740717259
mono-00000118,1230.0,0.9884697261411475,-13,7.374233951718783e-06,7.257219278281113
mono-00000118,1230.0,0.9884697261411475,-12,1.1620520409885279e-05,6.977552771281495
mono-00000118,1230.0,0.9884697261411475,-11,2.363940279371402e-05,6.686258964678714
mono-00000118,1230.0,0.9884697261411475,-10,3.355970813251992e-05,6.381745847523987
mono-00000118,1230.0,0.9884697261411475,-9,3.0018875973342324e-05,6.062021580661153
mono-00000118,1230.0,0.9884697261411475,-8,5.491350499338013e-05,5.724537998698324
mono-00000118,1230.0,0.9884697261411475,-7,0.0001913732646227313,5.36594526946277
mono-00000118,1230.0,0.9884697261411475,-6,0.00030855183474766184,4.9816869897411635
mono-00000118,1230.0,0.9884697261411475,-5,0.00015318558756657004,4.565286934670112
mono-00000118,1230.0,0.9884697261411475,-4,0.0030557321975729474,4.106980258314266
mono-00000118,1230.0,0.9884697261411475,-3,0.007028429054137021,3.5907563289609072
mono-00000118,1230.0,0.9884697261411475,-2,0.13165423387771957,2.986733487075398
mono-00000118,1230.0,0.9884697261411475,-1,0.23571478313095773,2.224505378864876
mono-00000118,1230.0,0.9884697261411475,0,0.31589942755328493,0.9884697261412754
mono-00000118,1230.0,0.9884697261411475,1,0.0,0.0
mono-00000118,1230.0,0.9884697261411475,2,0.0,0.0
mono-00000118,1230.0,0.9884697261411475,3,0.0,0.0
mono-00000118,1230.0,0.9884697261411475,4,0.0,0.0
mono-00000118,1230.0,0.9884697261411475,5,0.0,0.0
mono-00000118,1230.0,0.9884697261411475,6,0.0,0.0
mono-00000118,1230.0,0.9884697261411475,7,0.0,0.0
mono-00000118,1230.0,0.9884697261411475,8,0.0,0.0
mono-00000118,1230.0,0.9884697261411475,9,0.0,0.0
mono-00000118,1230.0,0.9884697261411475,10,0.0,0.0
mono-00000118,1230.0,0.9884697261411475,11,0.0,0.0
mono-00000118,1230.0,0.9884697261411475,12,0.0,0.0
mono-00000118,1230.0,0.9884697261411475,13,0.0,0.0
mono-00000118,1230.0,0.9884697261411475,14,0.0,0.0
mono-00000118,1230.0,0.9884697261411475,15,0.0,0.0
mono-00000118,1230.0,0.9884697261411475,16,0.0,0.0
mono-00000118,1230.0,0.9884697261411475,17,0.0,0.0
mono-00000118,1230.0,0.9884697261411475,18,0.0,0.0
mono-00000118,1230.0,0.9884697261411475,19,0.0,0.0
mono-00000118,1230.0,0.9884697261411475,20,0.0,0.0
mono-00000119,1240.0,0.9844772907373596,-20,1.7059115845499772e-06,8.939002467537321
mono-00000119,1240.0,0.9844772907373596,-19,1.923616902160613e-06,8.71501040799717
mono-00000119,1240.0,0.9844772907373596,-18,2.0167938880271594e-06,8.48515425063593
mono-00000119,1240.0,0.9844772907373596,-17,2.7598851304332037e-06,8.24894377892592
mono-00000119,1240.0,0.9844772907373596,-16,4.097264673203354e-06,8.005816539283487
mono-00000119,1240.0,0.9844772907373596,-15,6.253853296331382e-06,7.755122001136854
mono-00000119,1240.0,0.9844772907373596,-14,6.704497875958028e-06,7.49610095054814
mono-00000119,1240.0,0.9844772907373596,-13,7.494563334553807e-06,7.227858237625625
mono-00000119,1240.0,0.9844772907373596,-12,1.1299564062280407e-05,6.949326053488434
mono-00000119,1240.0,0.9844772907373596,-11,2.3587656599193496e-05,6.659213374154206
mono-00000119,1240.0,0.9844772907373596,-10,3.4093780240816516e-05,6.355934613904694
mono-00000119,1240.0,0.9844772907373596,-9,3.121845582691633e-05,6.037505973305514
mono-00000119,1240.0,0.9844772907373596,-8,5.3623900735410275e-05,5.701389573258794
mono-00000119,1240.0,0.9844772907373596,-7,0.00018899820274387953,5.344249105418584
mono-00000119,1240.0,0.9844772907373596,-6,0.00031942838686502376,4.961546563476503
mono-00000119,1240.0,0.9844772907373596,-5,0.00015520190928960555,4.546831873780761
mono-00000119,1240.0,0.9844772907373596,-4,0.0029969294088243157,4.090379625626312
mono-00000119,1240.0,0.9844772907373596,-3,0.0075256508854358636,3.576243853835166
mono-00000119,1240.0,0.9844772907373596,-2,0.13241665107916606,2.9746636062589573
mono-00000119,1240.0,0.9844772907373596,-1,0.23472548671860746,2.2155169843323677
mono-00000119,1240.0,0.9844772907373596,0,0.31585099652352483,0.9844772907373027
mono-00000119,1240.0,0.9844772907373596,1,0.0,0.0
mono-00000119,1240.0,0.9844772907373596,2,0.0,0.0
mono-00000119,1240.0,0.9844772907373596,3,0.0,0.0
mono-00000119,1240.0,0.9844772907373596,4,0.0,0.0
mono-00000119,1240.0,0.9844772907373596,5,0.0,0.0
mono-00000119,1240.0,0.9844772907373596,6,0.0,0.0
mono-00000119,1240.0,0.9844772907373596,7,0.0,0.0
mono-00000119,1240.0,0.9844772907373596,8,0.0,0.0
mono-00000119,1240.0,0.9844772907373596,9,0.0,0.0
mono-00000119,1240.0,0.9844772907373596,10,0.0,0.0
mono-00000119,1240.0,0.9844772907373596,11,0.0,0.0
mono-00000119,1240.0,0.9844772907373596,12,0.0,0.0
mono-00000119,1240.0,0.9844772907373596,13,0.0,0.0
mono-00000119,1240.0,0.9844772907373596,14,0.0,0.0
mono-00000119,1240.0,0.9844772907373596,15,0.0,0.0
mono-00000119,1240.0,0.9844772907373596,16,0.0,0.0
mono-00000119,1240.0,0.9844772907373596,17,0.0,0.0
mono-00000119,1240.0,0.9844772907373596,18,0.0,0.0
mono-00000119,1240.0,0.9844772907373596,19,0.0,0.0
mono-00000119,1240.0,0.9844772907373596,20,0.0,0.0
mono-00000120,1250.0,0.9805328442140819,-20,1.697969315879823e-06,8.903102409192584
mono-00000120,1250.0,0.9805328442140819,-19,1.9745491772335103e-06,8.680013437333315
mono-00000120,1250.0,0.9805328442140819,-18,2.026553731800014e-06,8.451083732770499
mono-00000120,1250.0,0.9805328442140819,-17,2.7492582958078794e-06,8.215825040265997
mono-00000120,1250.0,0.9805328442140819,-16,4.028684651285824e-06,7.973677156752984
mono-00000120,1250.0,0.9805328442140819,-15,6.291999513150403e-06,7.7239921548457176
mono-00000120,1250.0,0.9805328442140819,-14,6.860348097671072e-06,7.466013858998878
mono-00000120,1250.0,0.9805328442140819,-13,7.614348777368872e-06,7.198850702082083
mono-00000120,1250.0,0.9805328442140819,-12,1.1013295465797587e-05,6.921439149448972
mono-00000120,1250.0,0.9805328442140819,-11,2.3488780988426385e-05,6.632493345350156
mono-00000120,1250.0,0.9805328442140819,-10,3.456970912088056e-05,6.330434052124943
mono-00000120,1250.0,0.9805328442140819,-9,3.254215303023668e-05,6.013285413485917
mono-00000120,1250.0,0.9805328442140819,-8,5.242465419981882e-05,5.678519713056346
mono-00000120,1250.0,0.9805328442140819,-7,0.00018628001131261638,5.322814003833614
mono-00000120,1250.0,0.9805328442140819,-6,0.00033001601829347625,4.941648455360109
mono-00000120,1250.0,0.9805328442140819,-5,0.0001589853400054071,4.528598830932992
mono-00000120,1250.0,0.9805328442140819,-4,0.0029351085371215257,4.07397868112713
mono-00000120,1250.0,0.9805328442140819,-3,0.008034471862037545,3.5619059300147455
mono-00000120,1250.0,0.9805328442140819,-2,0.13313845819659342,2.962738881754177
mono-00000120,1250.0,0.9805328442140819,-1,0.23373606832202304,2.2066366728706726
mono-00000120,1250.0,0.9805328442140819,0,0.31580672346951744,0.9805328442141104
mono-00000120,1250.0,0.9805328442140819,1,0.0,0.0
mono-00000120,1250.0,0.9805328442140819,2,0.0,0.0
mono-00000120,1250.0,0.9805328442140819,3,0.0,0.0
mono-00000120,1250.0,0.9805328442140819,4,0.0,0.0
mono-00000120,1250.0,0.9805328442140819,5,0.0,0.0
mono-00000120,1250.0,0.9805328442140819,6,0.0,0.0
mono-00000120,1250.0,0.9805328442140819,7,0.0,0.0
mono-00000120,1250.0,0.9805328442140819,8,0.0,0.0
mono-00000120,1250.0,0.9805328442140819,9,0.0,0.0
mono-00000120,1250.0,0.9805328442140819,10,0.0,0.0
mono-00000120,1250.0,0.9805328442140819,11,0.0,0.0
mono-00000120,1250.0,0.9805328442140819,12,0.0,0.0
mono-00000120,1250.0,0.9805328442140819,13,0.0,0.0
mono-00000120,1250.0,0.9805328442140819,14,0.0,0.0
mono-00000120,1250.0,0.9805328442140819,15,0.0,0.0
mono-00000120,1250.0,0.9805328442140819,16,0.0,0.0
mono-00000120,1250.0,0.9805328442140819,17,0.0,0.0
mono-00000120,1250.0,0.9805328442140819,18,0.0,0.0
mono-00000120,1250.0,0.9805328442140819,19,0.0,0.0
mono-00000120,1250.0,0.9805328442140819,20,0.0,0.0
mono-00000121,1260.0,0.9766354328380089,-20,1.6873486349574972e-06,8.86763144305904
mono-00000121,1260.0,0.9766354328380089,-19,2.021800325516649e-06,8.645434723063275
mono-00000121,1260.0,0.9766354328380089,-18,2.0452472413339153e-06,8.417420358435905
mono-00000121,1260.0,0.9766354328380089,-17,2.735654930424648e-06,8.183102031874043
mono-00000121,1260.0,0.9766354328380089,-16,3.969588796717955e-06,7.94192176402656
mono-00000121,1260.0,0.9766354328380089,-15,6.306364116364732e-06,7.69323419969021
mono-00000121,1260.0,0.9766354328380089,-14,7.0322595845167955e-06,7.436286165521835
mono-00000121,1260.0,0.9766354328380089,-13,7.731369962895003e-06,7.1701896344740135
mono-00000121,1260.0,0.9766354328380089,-12,1.076978522934444e-05,6.893885295214716
mono-00000121,1260.0,0.9766354328380089,-11,2.3339668016428812e-05,6.606092398651342
mono-00000121,1260.0,0.9766354328380089,-10,3.5001648412058955e-05,6.3052379795396405
mono-00000121,1260.0,0.9766354328380089,-9,3.398145165644883e-05,5.9893540300830495
mono-00000121,1260.0,0.9766354328380089,-8,5.131350764806945e-05,5.6559228755074855
mono-00000121,1260.0,0.9766354328380089,-7,0.00018327909117087644,5.301634770897849
mono-00000121,1260.0,0.9766354328380089,-6,0.0003403711905861549,4.92198784498504
mono-00000121,1260.0,0.9766354328380089,-5,0.0001645042867177115,4.5105833899971515
mono-00000121,1260.0,0.9766354328380089,-4,0.0028711865144930224,4.057773453255862
mono-00000121,1260.0,0.9766354328380089,-3,0.008555514035543993,3.5477390862475318
mono-00000121,1260.0,0.9766354328380089,-2,0.13383883003368144,2.950956427199941
mono-00000121,1260.0,0.9766354328380089,-1,0.23276758961764316,2.197862295583505
mono-00000121,1260.0,0.9766354328380089,0,0.31577250184283145,0.9766354328379663
mono-00000121,1260.0,0.9766354328380089,1,0.0,0.0
mono-00000121,1260.0,0.9766354328380089,2,0.0,0.0
mono-00000121,1260.0,0.9766354328380089,3,0.0,0.0
mono-00000121,1260.0,0.9766354328380089,4,0.0,0.0
mono-00000121,1260.0,0.9766354328380089,5,0.0,0.0
mono-00000121,1260.0,0.9766354328380089,6,0.0,0.0
mono-00000121,1260.0,0.9766354328380089,7,0.0,0.0
mono-00000121,1260.0,0.9766354328380089,8,0.0,0.0
mono-00000121,1260.0,0.9766354328380089,9,0.0,0.0
mono-00000121,1260.0,0.9766354328380089,10,0.0,0.0
mono-00000121,1260.0,0.9766354328380089,11,0.0,0.0
mono-00000121,1260.0,0.9766354328380089,12,0.0,0.0
mono-00000121,1260.0,0.9766354328380089,13,0.0,0.0
mono-00000121,1260.0,0.9766354328380089,14,0.0,0.0
mono-00000121,1260.0,0.9766354328380089,15,0.0,0.0
mono-00000121,1260.0,0.9766354328380089,16,0.0,0.0
mono-00000121,1260.0,0.9766354328380089,17,0.0,0.0
mono-00000121,1260.0,0.9766354328380089,18,0.0,0.0
mono-00000121,1260.0,0.9766354328380089,19,0.0,0.0
mono-00000121,1260.0,0.9766354328380089,20,0.0,0.0
mono-00000122,1270.0,0.972784129203049,-20,1.6759487946021541e-06,8.832581088850759
mono-00000122,1270.0,0.972784129203049,-19,2.0631620979054245e-06,8.61126599987361
mono-00000122,1270.0,0.972784129203049,-18,2.073667308596876e-06,8.384156082722726
mono-00000122,1270.0,0.972784129203049,-17,2.7182196543371395e-06,8.150766935135692
mono-00000122,1270.0,0.972784129203049,-16,3.920665248363574e-06,7.9105427752039645
mono-00000122,1270.0,0.972784129203049,-15,6.2964516149152655e-06,7.662840789513666
mono-00000122,1270.0,0.972784129203049,-14,7.218151584624662e-06,7.406910771446277
mono-00000122,1270.0,0.972784129203049,-13,7.84343236747892e-06,7.141868192199652
mono-00000122,1270.0,0.972784129203049,-12,1.0573028904831205e-05,6.866657913839049
mono-00000122,1270.0,0.972784129203049,-11,2.3133971613417367e-05,6.580004233565262
mono-00000122,1270.0,0.972784129203049,-10,3.5393339387705065e-05,6.280340384400191
mono-00000122,1270.0,0.972784129203049,-9,3.551922411837842e-05,5.965706114246899
mono-00000122,1270.0,0.972784129203049,-8,5.028637017084628e-05,5.63359367120222
mono-00000122,1270.0,0.972784129203049,-7,0.00018000649444999315,5.280706356322128
mono-00000122,1270.0,0.972784129203049,-6,0.0003504395407987609,4.902560045133683
mono-00000122,1270.0,0.972784129203049,-5,0.0001717586102742344,4.492781256849597
mono-00000122,1270.0,0.972784129203049,-4,0.002804918257783103,4.041760080164366
mono-00000122,1270.0,0.972784129203049,-3,0.009088443183339887,3.533739947163369
mono-00000122,1270.0,0.972784129203049,-2,0.1345117682487507,2.939313435952272
mono-00000122,1270.0,0.972784129203049,-1,0.23181738155940096,2.1891917629160815
mono-00000122,1270.0,0.972784129203049,0,0.315760708578701,0.9727841292028927
mono-00000122,1270.0,0.972784129203049,1,0.0,0.0
mono-00000122,1270.0,0.972784129203049,2,0.0,0.0
mono-00000122,1270.0,0.972784129203049,3,0.0,0.0
mono-00000122,1270.0,0.972784129203049,4,0.0,0.0
mono-00000122,1270.0,0.972784129203049,5,0.0,0.0
mono-00000122,1270.0,0.972784129203049,6,0.0,0.0
mono-00000122,1270.0,0.972784129203049,7,0.0,0.0
mono-00000122,1270.0,0.972784129203049,8,0.0,0.0
mono-00000122,1270.0,0.972784129203049,9,0.0,0.0
mono-00000122,1270.0,0.972784129203049,10,0.0,0.0
mono-00000122,1270.0,0.972784129203049,11,0.0,0.0
mono-00000122,1270.0,0.972784129203049,12,0.0,0.0
mono-00000122,1270.0,0.972784129203049,13,0.0,0.0
mono-00000122,1270.0,0.972784129203049,14,0.0,0.0
mono-00000122,1270.0,0.972784129203049,15,0.0,0.0
mono-00000122,1270.0,0.972784129203049,16,0.0,0.0
mono-00000122,1270.0,0.972784129203049,17,0.0,0.0
mono-00000122,1270.0,0.972784129203049,18,0.0,0.0
mono-00000122,1270.0,0.972784129203049,19,0.0,0.0
mono-00000122,1270.0,0.972784129203049,20,0.0,0.0
mono-00000123,1280.0,0.9689780313034504,-20,1.665788902516603e-06,8.797943099080726
mono-00000123,1280.0,0.9689780313034504,-19,2.0971354944349497e-06,8.577499229326307
mono-00000123,1280.0,0.9689780313034504,-18,2.112104715654028e-06,8.35128308152511
mono-00000123,1280.0,0.9689780313034504,-17,2.69707332757052e-06,8.118812146008096
mono-00000123,1280.0,0.9689780313034504,-16,3.882011953998415e-06,7.879532812549385
mono-00000123,1280.0,0.9689780313034504,-15,6.263685026319204e-06,7.632804779725262
mono-00000123,1280.0,0.9689780313034504,-14,7.415373509365285e-06,7.3778807728574805
mono-00000123,1280.0,0.9689780313034504,-13,7.950156517889329e-06,7.113879720369297
mono-00000123,1280.0,0.9689780313034504,-12,1.0425854612297206e-05,6.839750608781841
mono-00000123,1280.0,0.9689780313034504,-11,2.2869072140227373e-05,6.554222722405754
mono-00000123,1280.0,0.9689780313034504,-10,3.575342098795964e-05,6.255735419828554
mono-00000123,1280.0,0.9689780313034504,-9,3.7136369502633905e-05,5.942336113675665
mono-00000123,1280.0,0.9689780313034504,-8,4.9339545345303905e-05,5.611526858504689
mono-00000123,1280.0,0.9689780313034504,-7,0.00017650347623528707,5.26002384827882
mono-00000123,1280.0,0.9689780313034504,-6,0.0003602080847127095,4.883360497083004
mono-00000123,1280.0,0.9689780313034504,-5,0.00018069329938285648,4.4751882550739595
mono-00000123,1280.0,0.9689780313034504,-4,0.0027367230462895533,4.025934805851975
mono-00000123,1280.0,0.9689780313034504,-3,0.009631812089067666,3.519905229896011
mono-00000123,1280.0,0.9689780313034504,-2,0.1351527718578554,2.9278071782769075
mono-00000123,1280.0,0.9689780313034504,-1,0.23087656873760612,2.1806230425662534
mono-00000123,1280.0,0.9689780313034504,0,0.3157568344996871,0.9689780313033935
mono-00000123,1280.0,0.9689780313034504,1,0.0,0.0
mono-00000123,1280.0,0.9689780313034504,2,0.0,0.0
mono-00000123,1280.0,0.9689780313034504,3,0.0,0.0
mono-00000123,1280.0,0.9689780313034504,4,0.0,0.0
mono-00000123,1280.0,0.9689780313034504,5,0.0,0.0
mono-00000123,1280.0,0.9689780313034504,6,0.0,0.0
mono-00000123,1280.0,0.9689780313034504,7,0.0,0.0
mono-00000123,1280.0,0.9689780313034504,8,0.0,0.0
mono-00000123,1280.0,0.9689780313034504,9,0.0,0.0
mono-00000123,1280.0,0.9689780313034504,10,0.0,0.0
mono-00000123,1280.0,0.9689780313034504,11,0.0,0.0
mono-00000123,1280.0,0.9689780313034504,12,0.0,0.0
mono-00000123,1280.0,0.9689780313034504,13,0.0,0.0
mono-00000123,1280.0,0.9689780313034504,14,0.0,0.0
mono-00000123,1280.0,0.9689780313034504,15,0.0,0.0
mono-00000123,1280.0,0.9689780313034504,16,0.0,0.0
mono-00000123,1280.0,0.9689780313034504,17,0.0,0.0
mono-00000123,1280.0,0.9689780313034504,18,0.0,0.0
mono-00000123,1280.0,0.9689780313034504,19,0.0,0.0
mono-00000123,1280.0,0.9689780313034504,20,0.0,0.0
mono-00000124,1290.0,0.9652162616455655,-20,1.6584959104190582e-06,8.76370945090818
mono-00000124,1290.0,0.9652162616455655,-19,2.1228847309998224e-06,8.544126591913752
mono-00000124,1290.0,0.9652162616455655,-18,2.1600502009955564e-06,8.318793743809437
mono-00000124,1290.0,0.9652162616455655,-17,2.67323346700103e-06,8.087230267507309
mono-00000124,1290.0,0.9652162616455655,-16,3.852646075969776e-06,7.848884699203865
mono-00000124,1290.0,0.9652162616455655,-15,6.210557601678911e-06,7.603119220243926
mono-00000124,1290.0,0.9652162616455655,-14,7.619810653487227e-06,7.349189453779871
mono-00000124,1290.0,0.9652162616455655,-13,8.052980427928549e-06,7.0862177452357
mono-00000124,1290.0,0.9652162616455655,-12,1.0328825541001033e-05,6.81315715759618
mono-00000124,1290.0,0.9652162616455655,-11,2.2544454730547003e-05,6.5287419042464165
mono-00000124,1290.0,0.9652162616455655,-10,3.608838276969622e-05,6.231417398048762
mono-00000124,1290.0,0.9652162616455655,-9,3.8813592021455794e-05,5.91923862713891
mono-00000124,1290.0,0.9652162616455655,-8,4.847553494237435e-05,5.589717338383622
mono-00000124,1290.0,0.9652162616455655,-7,0.00017280460708187173,5.239582468559092
mono-00000124,1290.0,0.9652162616455655,-6,0.00036965720023129646,4.864384766110717
mono-00000124,1290.0,0.9652162616455655,-5,0.00019129016419661745,4.457800321843791
mono-00000124,1290.0,0.9652162616455655,-4,0.002666718876454662,4.010293976462847
mono-00000124,1290.0,0.9652162616455655,-3,0.010185710762800258,3.5062317408483494
mono-00000124,1290.0,0.9652162616455655,-2,0.13576493041438378,2.9164349986592697
mono-00000124,1290.0,0.9652162616455655,-1,0.2299516855368702,2.17215415748106
mono-00000124,1290.0,0.9652162616455655,0,0.31577359703401364,0.965216261645736
mono-00000124,1290.0,0.9652162616455655,1,0.0,0.0
mono-00000124,1290.0,0.9652162616455655,2,0.0,0.0
mono-00000124,1290.0,0.9652162616455655,3,0.0,0.0
mono-00000124,1290.0,0.9652162616455655,4,0.0,0.0
mono-00000124,1290.0,0.9652162616455655,5,0.0,0.0
mono-00000124,1290.0,0.9652162616455655,6,0.0,0.0
mono-00000124,1290.0,0.9652162616455655,7,0.0,0.0
mono-00000124,1290.0,0.9652162616455655,8,0.0,0.0
mono-00000124,1290.0,0.9652162616455655,9,0.0,0.0
mono-00000124,1290.0,0.9652162616455655,10,0.0,0.0
mono-00000124,1290.0,0.9652162616455655,11,0.0,0.0
mono-00000124,1290.0,0.9652162616455655,12,0.0,0.0
mono-00000124,1290.0,0.9652162616455655,13,0.0,0.0
mono-00000124,1290.0,0.9652162616455655,14,0.0,0.0
mono-00000124,1290.0,0.9652162616455655,15,0.0,0.0
mono-00000124,1290.0,0.9652162616455655,16,0.0,0.0
mono-00000124,1290.0,0.9652162616455655,17,0.0,0.0
mono-00000124,1290.0,0.9652162616455655,18,0.0,0.0
mono-00000124,1290.0,0.9652162616455655,19,0.0,0.0
mono-00000124,1290.0,0.9652162616455655,20,0.0,0.0
mono-00000125,1300.0,0.9614979663986531,-20,1.6554329340576602e-06,8.729872338331944
mono-00000125,1300.0,0.9614979663986531,-19,2.1406509966499248e-06,8.511140479451853
mono-00000125,1300.0,0.9614979663986531,-18,2.216532634488331e-06,8.286680664211502
mono-00000125,1300.0,0.9614979663986531,-17,2.6487858452274404e-06,8.056014102515363
mono-00000125,1300.0,0.9614979663986531,-16,3.8312035118894e-06,7.81859145220767
mono-00000125,1300.0,0.9614979663986531,-15,6.14157223633928e-06,7.573777348742766
mono-00000125,1300.0,0.9614979663986531,-14,7.82740774051026e-06,7.3208302796500675
mono-00000125,1300.0,0.9614979663986531,-13,8.155827070891462e-06,7.058875967903759
mono-00000125,1300.0,0.9614979663986531,-12,1.0281190064364943e-05,6.786871505883639
mono-00000125,1300.0,0.9614979663986531,-11,2.2164859908046956e-05,6.5035559791306525
mono-00000125,1300.0,0.9614979663986531,-10,3.641045138282015e-05,6.207380784863574
mono-00000125,1300.0,0.9614979663986531,-9,4.053366013368791e-05,5.896408399233607
mono-00000125,1300.0,0.9614979663986531,-8,4.770026707560458e-05,5.568160149462557
mono-00000125,1300.0,0.9614979663986531,-7,0.00016897831861841046,5.219377567935325
mono-00000125,1300.0,0.9614979663986531,-6,0.0003788384347422327,4.845628537192212
mono-00000125,1300.0,0.9614979663986531,-5,0.00020348470657060685,4.4406135039818935
mono-00000125,1300.0,0.9614979663986531,-4,0.0025957591800681635,3.9948340367433843
mono-00000125,1300.0,0.9614979663986531,-3,0.010750060032836262,3.492716372595666
mono-00000125,1300.0,0.9614979663986531,-2,0.13636085499464976,2.90519431323051
mono-00000125,1300.0,0.9614979663986531,-1,0.22905067067899995,2.163783183941959
mono-00000125,1300.0,0.9614979663986531,0,0.3158000758569077,0.9614979663986389
mono-00000125,1300.0,0.9614979663986531,1,0.0,0.0
mono-00000125,1300.0,0.9614979663986531,2,0.0,0.0
mono-00000125,1300.0,0.9614979663986531,3,0.0,0.0
mono-00000125,1300.0,0.9614979663986531,4,0.0,0.0
mono-00000125,1300.0,0.9614979663986531,5,0.0,0.0
mono-00000125,1300.0,0.9614979663986531,6,0.0,0.0
mono-00000125,1300.0,0.9614979663986531,7,0.0,0.0
mono-00000125,1300.0,0.9614979663986531,8,0.0,0.0
mono-00000125,1300.0,0.9614979663986531,9,0.0,0.0
mono-00000125,1300.0,0.9614979663986531,10,0.0,0.0
mono-00000125,1300.0,0.9614979663986531,11,0.0,0.0
mono-00000125,1300.0,0.9614979663986531,12,0.0,0.0
mono-00000125,1300.0,0.9614979663986531,13,0.0,0.0
mono-00000125,1300.0,0.9614979663986531,14,0.0,0.0
mono-00000125,1300.0,0.9614979663986531,15,0.0,0.0
mono-00000125,1300.0,0.9614979663986531,16,0.0,0.0
mono-00000125,1300.0,0.9614979663986531,17,0.0,0.0
mono-00000125,1300.0,0.9614979663986531,18,0.0,0.0
mono-00000125,1300.0,0.9614979663986531,19,0.0,0.0
mono-00000125,1300.0,0.9614979663986531,20,0.0,0.0
mono-00000126,1310.0,0.9578223145807812,-20,1.6569075416249753e-06,8.696424164713378
mono-00000126,1310.0,0.9578223145807812,-19,2.1509048778751183e-06,8.478533487793683
mono-00000126,1310.0,0.9578223145807812,-18,2.2794629614995586e-06,8.254936635945796
mono-00000126,1310.0,0.9578223145807812,-17,2.625894777558072e-06,8.025156646889997
mono-00000126,1310.0,0.9578223145807812,-16,3.8150504321359444e-06,7.7886462758168165
mono-00000126,1310.0,0.9578223145807812,-15,6.060422102369415e-06,7.544772584177821
mono-00000126,1310.0,0.9578223145807812,-14,8.031730218807836e-06,7.292796891064938
mono-00000126,1310.0,0.9578223145807812,-13,8.261953872337346e-06,7.0318482583052315
mono-00000126,1310.0,0.9578223145807812,-12,1.0278903396439403e-05,6.760887761503753
mono-00000126,1310.0,0.9578223145807812,-11,2.1733066956177317e-05,6.478659302525941
mono-00000126,1310.0,0.9578223145807812,-10,3.671996278710716e-05,6.183620194363968
mono-00000126,1310.0,0.9578223145807812,-9,4.227301703700723e-05,5.873840315361122
mono-00000126,1310.0,0.9578223145807812,-8,4.701989965598742e-05,5.546850463278943
mono-00000126,1310.0,0.9578223145807812,-7,0.00016504639170742463,5.199404621719424
mono-00000126,1310.0,0.9578223145807812,-6,0.0003876917489823251,4.82708761087865
mono-00000126,1310.0,0.9578223145807812,-5,0.00021724914115516493,4.423623954184507
mono-00000126,1310.0,0.9578223145807812,-4,0.002523652361136002,3.979551526646773
mono-00000126,1310.0,0.9578223145807812,-3,0.011324164894525212,3.479356100919702
mono-00000126,1310.0,0.9578223145807812,-2,0.13693333176547076,2.8940826073019537
mono-00000126,1310.0,0.9578223145807812,-1,0.22816866217275922,2.1555082497293796
mono-00000126,1310.0,0.9578223145807812,0,0.315845313220967,0.9578223145809375
mono-00000126,1310.0,0.9578223145807812,1,0.0,0.0
mono-00000126,1310.0,0.9578223145807812,2,0.0,0.0
mono-00000126,1310.0,0.9578223145807812,3,0.0,0.0
mono-00000126,1310.0,0.9578223145807812,4,0.0,0.0
mono-00000126,1310.0,0.9578223145807812,5,0.0,0.0
mono-00000126,1310.0,0.9578223145807812,6,0.0,0.0
mono-00000126,1310.0,0.9578223145807812,7,0.0,0.0
mono-00000126,1310.0,0.9578223145807812,8,0.0,0.0
mono-00000126,1310.0,0.9578223145807812,9,0.0,0.0
mono-00000126,1310.0,0.9578223145807812,10,0.0,0.0
mono-00000126,1310.0,0.9578223145807812,11,0.0,0.0
mono-00000126,1310.0,0.9578223145807812,12,0.0,0.0
mono-00000126,1310.0,0.9578223145807812,13,0.0,0.0
mono-00000126,1310.0,0.9578223145807812,14,0.0,0.0
mono-00000126,1310.0,0.9578223145807812,15,0.0,0.0
mono-00000126,1310.0,0.9578223145807812,16,0.0,0.0
mono-00000126,1310.0,0.9578223145807812,17,0.0,0.0
mono-00000126,1310.0,0.9578223145807812,18,0.0,0.0
mono-00000126,1310.0,0.9578223145807812,19,0.0,0.0
mono-00000126,1310.0,0.9578223145807812,20,0.0,0.0
mono-00000127,1320.0,0.9541884972779116,-20,1.6626826473840172e-06,8.66335753561114
mono-00000127,1320.0,0.9541884972779116,-19,2.154927414301785e-06,8.446298409847273
mono-00000127,1320.0,0.9541884972779116,-18,2.346551982304243e-06,8.22355464401086
mono-00000127,1320.0,0.9541884972779116,-17,2.607413490992662e-06,7.99465108286266
mono-00000127,1320.0,0.9541884972779116,-16,3.801773409665955e-06,7.759042555098148
mono-00000127,1320.0,0.9541884972779116,-15,5.97165334353928e-06,7.516098520587008
mono-00000127,1320.0,0.9541884972779116,-14,8.227022687610348e-06,7.265083097790452
mono-00000127,1320.0,0.9541884972779116,-13,8.376370629940911e-06,7.005128649424691
mono-00000127,1320.0,0.9541884972779116,-12,1.0318276738146557e-05,6.7352001890254485
mono-00000127,1320.0,0.9541884972779116,-11,2.1256546079832176e-05,6.454046380009146
mono-00000127,1320.0,0.9541884972779116,-10,3.701796063928831e-05,6.160130383858856
mono-00000127,1320.0,0.9541884972779116,-9,4.40183020623687e-05,5.851529396913136
mono-00000127,1320.0,0.9541884972779116,-8,4.645421308749796e-05,5.525783579740406
mono-00000127,1320.0,0.9541884972779116,-7,0.00016103543870049403,5.179659225505489
mono-00000127,1320.0,0.9541884972779116,-6,0.00039620458339776287,4.808757899346901
mono-00000127,1320.0,0.9541884972779116,-5,0.00023267401419926212,4.406827927403228
mono-00000127,1320.0,0.9541884972779116,-4,0.0024500958114832294,3.9644430780796114
mono-00000127,1320.0,0.9541884972779116,-3,0.011912725931773428,3.4661479819648093
mono-00000127,1320.0,0.9541884972779116,-2,0.13750865647146573,2.883097433000316
mono-00000127,1320.0,0.9541884972779116,-1,0.2273514386482014,2.1473275323625387
mono-00000127,1320.0,0.9541884972779116,0,0.3159780055918308,0.9541884972781958
mono-00000127,1320.0,0.9541884972779116,1,0.0,0.0
mono-00000127,1320.0,0.9541884972779116,2,0.0,0.0
mono-00000127,1320.0,0.9541884972779116,3,0.0,0.0
mono-00000127,1320.0,0.9541884972779116,4,0.0,0.0
mono-00000127,1320.0,0.9541884972779116,5,0.0,0.0
mono-00000127,1320.0,0.9541884972779116,6,0.0,0.0
mono-00000127,1320.0,0.9541884972779116,7,0.0,0.0
mono-00000127,1320.0,0.9541884972779116,8,0.0,0.0
mono-00000127,1320.0,0.9541884972779116,9,0.0,0.0
mono-00000127,1320.0,0.9541884972779116,10,0.0,0.0
mono-00000127,1320.0,0.9541884972779116,11,0.0,0.0
mono-00000127,1320.0,0.9541884972779116,12,0.0,0.0
mono-00000127,1320.0,0.9541884972779116,13,0.0,0.0
mono-00000127,1320.0,0.9541884972779116,14,0.0,0.0
mono-00000127,1320.0,0.9541884972779116,15,0.0,0.0
mono-00000127,1320.0,0.9541884972779116,16,0.0,0.0
mono-00000127,1320.0,0.9541884972779116,17,0.0,0.0
mono-00000127,1320.0,0.9541884972779116,18,0.0,0.0
mono-00000127,1320.0,0.9541884972779116,19,0.0,0.0
mono-00000127,1320.0,0.9541884972779116,20,0.0,0.0
mono-00000128,1330.0,0.9505957268968643,-20,1.6719151787790599e-06,8.63066525191411
mono-00000128,1330.0,0.9505957268968643,-19,2.1544071243201557e-06,8.414428228883779
mono-00000128,1330.0,0.9505957268968643,-18,2.415011724089173e-06,8.192527858677138
mono-00000128,1330.0,0.9505957268968643,-17,2.5959862551596556e-06,7.964490772710278
mono-00000128,1330.0,0.9505957268968643,-16,3.7886015993060732e-06,7.729773849791201
mono-00000128,1330.0,0.9505957268968643,-15,5.880000102780688e-06,7.487748921146533
mono-00000128,1330.0,0.9505957268968643,-14,8.407013806379306e-06,7.237682873019509
mono-00000128,1330.0,0.9505957268968643,-13,8.503468089532189e-06,6.978711331765751
mono-00000128,1330.0,0.9505957268968643,-12,1.0392754909557186e-05,6.709803204408615
mono-00000128,1330.0,0.9505957268968643,-11,2.0743227058184447e-05,6.429711862173107
mono-00000128,1330.0,0.9505957268968643,-10,3.730586609621997e-05,6.1369062490156665
mono-00000128,1330.0,0.9505957268968643,-9,4.574448165801378e-05,5.829470796658313
mono-00000128,1330.0,0.9505957268968643,-8,4.600874565755014e-05,5.5049549227698975
mono-00000128,1330.0,0.9505957268968643,-7,0.00015699149823316988,5.160137091090306
mono-00000128,1330.0,0.9505957268968643,-6,0.00040434706167269695,4.7906354226133345
mono-00000128,1330.0,0.9505957268968643,-5,0.0002496473970961468,4.390221777376922
mono-00000128,1330.0,0.9505957268968643,-4,0.0023755444300249573,3.9495054117842443
mono-00000128,1330.0,0.9505957268968643,-3,0.012512841725877357,3.453089149513488
mono-00000128,1330.0,0.9505957268968643,-2,0.1380726781221682,2.87223640700374
mono-00000128,1330.0,0.9505957268968643,-1,0.22657473263043545,2.139239257413692
mono-00000128,1330.0,0.9505957268968643,0,0.31616502931936774,0.9505957268969922
mono-00000128,1330.0,0.9505957268968643,1,0.0,0.0
mono-00000128,1330.0,0.9505957268968643,2,0.0,0.0
mono-00000128,1330.0,0.9505957268968643,3,0.0,0.0
mono-00000128,1330.0,0.9505957268968643,4,0.0,0.0
mono-00000128,1330.0,0.9505957268968643,5,0.0,0.0
mono-00000128,1330.0,0.9505957268968643,6,0.0,0.0
mono-00000128,1330.0,0.9505957268968643,7,0.0,0.0
mono-00000128,1330.0,0.9505957268968643,8,0.0,0.0
mono-00000128,1330.0,0.9505957268968643,9,0.0,0.0
mono-00000128,1330.0,0.9505957268968643,10,0.0,0.0
mono-00000128,1330.0,0.9505957268968643,11,0.0,0.0
mono-00000128,1330.0,0.9505957268968643,12,0.0,0.0
mono-00000128,1330.0,0.9505957268968643,13,0.0,0.0
mono-00000128,1330.0,0.9505957268968643,14,0.0,0.0
mono-00000128,1330.0,0.9505957268968643,15,0.0,0.0
mono-00000128,1330.0,0.9505957268968643,16,0.0,0.0
mono-00000128,1330.0,0.9505957268968643,17,0.0,0.0
mono-00000128,1330.0,0.9505957268968643,18,0.0,0.0
mono-00000128,1330.0,0.9505957268968643,19,0.0,0.0
mono-00000128,1330.0,0.9505957268968643,20,0.0,0.0
mono-00000129,1340.0,0.9470432364478683,-20,1.6828666882702417e-06,8.59834030325706
mono-00000129,1340.0,0.9470432364478683,-19,2.150888502403623e-06,8.382916112121308
mono-00000129,1340.0,0.9470432364478683,-18,2.4814043097403296e-06,8.161849629242596
mono-00000129,1340.0,0.9470432364478683,-17,2.593605592225154e-06,7.934669252688181
mono-00000129,1340.0,0.9470432364478683,-16,3.7722296829229122e-06,7.7008338884220535
mono-00000129,1340.0,0.9470432364478683,-15,5.788873431193555e-06,7.459717712472212
mono-00000129,1340.0,0.9470432364478683,-14,8.563854516938963e-06,7.210590347866216
mono-00000129,1340.0,0.9470432364478683,-13,8.645867525912877e-06,6.952590648044392
mono-00000129,1340.0,0.9470432364478683,-12,1.0492942477287378e-05,6.684691369905025
mono-00000129,1340.0,0.9470432364478683,-11,2.0199049023477587e-05,6.405650539741927
mono-00000129,1340.0,0.9470432364478683,-10,3.757520624671793e-05,6.1139428192010286
mono-00000129,1340.0,0.9470432364478683,-9,4.741599126438221e-05,5.807659794317843
mono-00000129,1340.0,0.9470432364478683,-8,4.568415098751026e-05,5.484360036130212
mono-00000129,1340.0,0.9470432364478683,-7,0.00015293227150719508,5.140834042560641
mono-00000129,1340.0,0.9470432364478683,-6,0.0004119838001351201,4.772716304903611
mono-00000129,1340.0,0.9470432364478683,-5,0.0002680044527889117,4.3738019533069945
mono-00000129,1340.0,0.9470432364478683,-4,0.0022998860118154567,3.9347353343481615
mono-00000129,1340.0,0.9470432364478683,-3,0.013118280855327735,3.440176812373835
mono-00000129,1340.0,0.9470432364478683,-2,0.13858391674720696,2.8614972083685615
mono-00000129,1340.0,0.9470432364478683,-1,0.22578890304347324,2.131241696891834
mono-00000129,1340.0,0.9470432364478683,0,0.316371379864472,0.9470432364478825
mono-00000129,1340.0,0.9470432364478683,1,0.0,0.0
mono-00000129,1340.0,0.9470432364478683,2,0.0,0.0
mono-00000129,1340.0,0.9470432364478683,3,0.0,0.0
mono-00000129,1340.0,0.9470432364478683,4,0.0,0.0
mono-00000129,1340.0,0.9470432364478683,5,0.0,0.0
mono-00000129,1340.0,0.9470432364478683,6,0.0,0.0
mono-00000129,1340.0,0.9470432364478683,7,0.0,0.0
mono-00000129,1340.0,0.9470432364478683,8,0.0,0.0
mono-00000129,1340.0,0.9470432364478683,9,0.0,0.0
mono-00000129,1340.0,0.9470432364478683,10,0.0,0.0
mono-00000129,1340.0,0.9470432364478683,11,0.0,0.0
mono-00000129,1340.0,0.9470432364478683,12,0.0,0.0
mono-00000129,1340.0,0.9470432364478683,13,0.0,0.0
mono-00000129,1340.0,0.9470432364478683,14,0.0,0.0
mono-00000129,1340.0,0.9470432364478683,15,0.0,0.0
mono-00000129,1340.0,0.9470432364478683,16,0.0,0.0
mono-00000129,1340.0,0.9470432364478683,17,0.0,0.0
mono-00000129,1340.0,0.9470432364478683,18,0.0,0.0
mono-00000129,1340.0,0.9470432364478683,19,0.0,0.0
mono-00000129,1340.0,0.9470432364478683,20,0.0,0.0
mono-00000130,1350.0,0.9435302788569402,-20,1.6937509525772525e-06,8.56637586170541
mono-00000130,1350.0,0.9435302788569402,-19,2.1466462520127097e-06,8.35175540457054
mono-00000130,1350.0,0.9435302788569402,-18,2.5430842104794015e-06,8.131513478044013
mono-00000130,1350.0,0.9435302788569402,-17,2.6026320572166596e-06,7.905180227210153
mono-00000130,1350.0,0.9435302788569402,-16,3.750670090137773e-06,7.672216562658164
mono-00000130,1350.0,0.9435302788569402,-15,5.70279531417979e-06,7.431998979153732
mono-00000130,1350.0,0.9435302788569402,-14,8.692614320576682e-06,7.183799806084949
mono-00000130,1350.0,0.9435302788569402,-13,8.808682037091303e-06,6.926761088099909
mono-00000130,1350.0,0.9435302788569402,-12,1.0611195662947035e-05,6.659859389167011
mono-00000130,1350.0,0.9435302788569402,-11,1.9637396073484145e-05,6.38185733888686
mono-00000130,1350.0,0.9435302788569402,-10,3.7824956877572447e-05,6.091235253011263
mono-00000130,1350.0,0.9435302788569402,-9,4.90148357044413e-05,5.786091792322551
mono-00000130,1350.0,0.9435302788569402,-8,4.549764528682571e-05,5.463994579418468
mono-00000130,1350.0,0.9435302788569402,-7,0.0001489087388570752,5.121746012540925
mono-00000130,1350.0,0.9435302788569402,-6,0.0004191168234529438,4.754996771170596
mono-00000130,1350.0,0.9435302788569402,-5,0.0002876579844310984,4.357564996667037
mono-00000130,1350.0,0.9435302788569402,-4,0.0022235982507846958,3.920129735336232
mono-00000130,1350.0,0.9435302788569402,-3,0.013728462868029598,3.427408251872407
mono-00000130,1350.0,0.9435302788569402,-2,0.13904826022881864,2.8508775764461376
mono-00000130,1350.0,0.9435302788569402,-1,0.22499932689325644,2.123333167691001
mono-00000130,1350.0,0.9435302788569402,0,0.31659884300742336,0.9435302788567839
mono-00000130,1350.0,0.9435302788569402,1,0.0,0.0
mono-00000130,1350.0,0.9435302788569402,2,0.0,0.0
mono-00000130,1350.0,0.9435302788569402,3,0.0,0.0
mono-00000130,1350.0,0.9435302788569402,4,0.0,0.0
mono-00000130,1350.0,0.9435302788569402,5,0.0,0.0
mono-00000130,1350.0,0.9435302788569402,6,0.0,0.0
mono-00000130,1350.0,0.9435302788569402,7,0.0,0.0
mono-00000130,1350.0,0.9435302788569402,8,0.0,0.0
mono-00000130,1350.0,0.9435302788569402,9,0.0,0.0
mono-00000130,1350.0,0.9435302788569402,10,0.0,0.0
mono-00000130,1350.0,0.9435302788569402,11,0.0,0.0
mono-00000130,1350.0,0.9435302788569402,12,0.0,0.0
mono-00000130,1350.0,0.9435302788569402,13,0.0,0.0
mono-00000130,1350.0,0.9435302788569402,14,0.0,0.0
mono-00000130,1350.0,0.9435302788569402,15,0.0,0.0
mono-00000130,1350.0,0.9435302788569402,16,0.0,0.0
mono-00000130,1350.0,0.9435302788569402,17,0.0,0.0
mono-00000130,1350.0,0.9435302788569402,18,0.0,0.0
mono-00000130,1350.0,0.9435302788569402,19,0.0,0.0
mono-00000130,1350.0,0.9435302788569402,20,0.0,0.0
mono-00000131,1360.0,0.9400561263053078,-20,1.7025317554188795e-06,8.534765275696685
mono-00000131,1360.0,0.9400561263053078,-19,2.143748309445162e-06,8.320939623131153
mono-00000131,1360.0,0.9400561263053078,-18,2.5977292564020797e-06,8.101513094711336
mono-00000131,1360.0,0.9400561263053078,-17,2.624686727447838e-06,7.876017563266004
mono-00000131,1360.0,0.9400561263053078,-16,3.7225135639561953e-06,7.643915921892713
mono-00000131,1360.0,0.9400561263053078,-15,5.625324358003173e-06,7.404586958510421
mono-00000131,1360.0,0.9400561263053078,-14,8.789196615578109e-06,7.157305679003983
mono-00000131,1360.0,0.9400561263053078,-13,8.995925586270522e-06,6.901217284011892
mono-00000131,1360.0,0.9400561263053078,-12,1.0739509908300911e-05,6.635302102555144
mono-00000131,1360.0,0.9400561263053078,-11,1.9072171505971256e-05,6.358327316731646
mono-00000131,1360.0,0.9400561263053078,-10,3.8050987857886336e-05,6.068778833985121
mono-00000131,1360.0,0.9400561263053078,-9,5.0523666782602416e-05,5.764762311741805
mono-00000131,1360.0,0.9400561263053078,-8,4.546655161948306e-05,5.443854324224176
mono-00000131,1360.0,0.9400561263053078,-7,0.0001449655289002809,5.102869038593255
mono-00000131,1360.0,0.9400561263053078,-6,0.0004257344766203742,4.7374731437534905
mono-00000131,1360.0,0.9400561263053078,-5,0.0003084910286773447,4.341507538143588
mono-00000131,1360.0,0.9400561263053078,-4,0.002147130193713285,3.9056855845396825
mono-00000131,1360.0,0.9400561263053078,-3,0.014341731433641034,3.4147808194509537
mono-00000131,1360.0,0.9400561263053078,-2,0.13946528010976594,2.840375308884589
mono-00000131,1360.0,0.9400561263053078,-1,0.22420196063097653,2.115512030103531
mono-00000131,1360.0,0.9400561263053078,0,0.31683963985673574,0.940056126305862
mono-00000131,1360.0,0.9400561263053078,1,0.0,0.0
mono-00000131,1360.0,0.9400561263053078,2,0.0,0.0
mono-00000131,1360.0,0.9400561263053078,3,0.0,0.0
mono-00000131,1360.0,0.9400561263053078,4,0.0,0.0
mono-00000131,1360.0,0.9400561263053078,5,0.0,0.0
mono-00000131,1360.0,0.9400561263053078,6,0.0,0.0
mono-00000131,1360.0,0.9400561263053078,7,0.0,0.0
mono-00000131,1360.0,0.9400561263053078,8,0.0,0.0
mono-00000131,1360.0,0.9400561263053078,9,0.0,0.0
mono-00000131,1360.0,0.9400561263053078,10,0.0,0.0
mono-00000131,1360.0,0.9400561263053078,11,0.0,0.0
mono-00000131,1360.0,0.9400561263053078,12,0.0,0.0
mono-00000131,1360.0,0.9400561263053078,13,0.0,0.0
mono-00000131,1360.0,0.9400561263053078,14,0.0,0.0
mono-00000131,1360.0,0.9400561263053078,15,0.0,0.0
mono-00000131,1360.0,0.9400561263053078,16,0.0,0.0
mono-00000131,1360.0,0.9400561263053078,17,0.0,0.0
mono-00000131,1360.0,0.9400561263053078,18,0.0,0.0
mono-00000131,1360.0,0.9400561263053078,19,0.0,0.0
mono-00000131,1360.0,0.9400561263053078,20,0.0,0.0
mono-00000132,1370.0,0.936620069596799,-20,1.7070779225215697e-06,8.50350206422533
mono-00000132,1370.0,0.936620069596799,-19,2.1436688999788925e-06,8.290462450924522
mono-00000132,1370.0,0.936620069596799,-18,2.643371890426342e-06,8.071842330652814
mono-00000132,1370.0,0.936620069596799,-17,2.660305525893026e-06,7.84717528506215
mono-00000132,1370.0,0.936620069596799,-16,3.6869353321240133e-06,7.615926168045718
mono-00000132,1370.0,0.936620069596799,-15,5.558455503361719e-06,7.377476035558217
mono-00000132,1370.0,0.936620069596799,-14,8.850056057072268e-06,7.131102540662411
mono-00000132,1370.0,0.936620069596799,-13,9.209412058044369e-06,6.875954005413234
mono-00000132,1370.0,0.936620069596799,-12,1.0869760616014736e-05,6.611014482634033
mono-00000132,1370.0,0.936620069596799,-11,1.8516062369134502e-05,6.335055657038083
mono-00000132,1370.0,0.936620069596799,-10,3.824371677067191e-05,6.046568966487271
mono-00000132,1370.0,0.936620069596799,-9,5.1922970159761936e-05,5.743666988375395
mono-00000132,1370.0,0.936620069596799,-8,4.5606214890080926e-05,5.423935150439746
mono-00000132,1370.0,0.936620069596799,-7,0.0001411311476897068,5.084199259760993
mono-00000132,1370.0,0.936620069596799,-6,0.00043177564323072304,4.720141839170807
mono-00000132,1370.0,0.936620069596799,-5,0.0003303617417928845,4.3256262946976705
mono-00000132,1370.0,0.936620069596799,-4,0.002070666907239913,3.8913999293334314
mono-00000132,1370.0,0.936620069596799,-3,0.014955025946830963,3.402291934356768
mono-00000132,1370.0,0.936620069596799,-2,0.13982311859378213,2.8299882597078323
mono-00000132,1370.0,0.936620069596799,-1,0.2233830831697449,2.10777668638913
mono-00000132,1370.0,0.936620069596799,0,0.3170883815137188,0.9366200695962732
mono-00000132,1370.0,0.936620069596799,1,0.0,0.0
mono-00000132,1370.0,0.936620069596799,2,0.0,0.0
mono-00000132,1370.0,0.936620069596799,3,0.0,0.0
mono-00000132,1370.0,0.936620069596799,4,0.0,0.0
mono-00000132,1370.0,0.936620069596799,5,0.0,0.0
mono-00000132,1370.0,0.936620069596799,6,0.0,0.0
mono-00000132,1370.0,0.936620069596799,7,0.0,0.0
mono-00000132,1370.0,0.936620069596799,8,0.0,0.0
mono-00000132,1370.0,0.936620069596799,9,0.0,0.0
mono-00000132,1370.0,0.936620069596799,10,0.0,0.0
mono-00000132,1370.0,0.936620069596799,11,0.0,0.0
mono-00000132,1370.0,0.936620069596799,12,0.0,0.0
mono-00000132,1370.0,0.936620069596799,13,0.0,0.0
mono-00000132,1370.0,0.936620069596799,14,0.0,0.0
mono-00000132,1370.0,0.936620069596799,15,0.0,0.0
mono-00000132,1370.0,0.936620069596799,16,0.0,0.0
mono-00000132,1370.0,0.936620069596799,17,0.0,0.0
mono-00000132,1370.0,0.936620069596799,18,0.0,0.0
mono-00000132,1370.0,0.936620069596799,19,0.0,0.0
mono-00000132,1370.0,0.936620069596799,20,0.0,0.0
mono-00000133,1380.0,0.9332214175489071,-20,1.7059438648603709e-06,8.47257991126149
mono-00000133,1380.0,0.9332214175489071,-19,2.1478145012973543e-06,8.260317731855395
mono-00000133,1380.0,0.9332214175489071,-18,2.6795271900277633e-06,8.042495193762235
mono-00000133,1380.0,0.9332214175489071,-17,2.709724022774926e-06,7.818647568878987
mono-00000133,1380.0,0.9332214175489071,-16,3.644968649620685e-06,7.5882416505749575
mono-00000133,1380.0,0.9332214175489071,-15,5.504166142484466e-06,7.350660738178476
mono-00000133,1380.0,0.9332214175489071,-14,8.875654274162357e-06,7.105185103143057
mono-00000133,1380.0,0.9332214175489071,-13,9.451638364437057e-06,6.850966154992278
mono-00000133,1380.0,0.9332214175489071,-12,1.0997692971841549e-05,6.586991629849635
mono-00000133,1380.0,0.9332214175489071,-11,1.7985736550023434e-05,6.312037666066175
mono-00000133,1380.0,0.9332214175489071,-10,3.840058673333492e-05,6.024601171759045
mono-00000133,1380.0,0.9332214175489071,-9,5.321420920164121e-05,5.722801569003849
mono-00000133,1380.0,0.9332214175489071,-8,4.594380311324273e-05,5.4042330427215575
mono-00000133,1380.0,0.9332214175489071,-7,0.0001374513021979625,5.065732913252873
mono-00000133,1380.0,0.9332214175489071,-6,0.00043730594344356,4.702999365043084
mono-00000133,1380.0,0.9332214175489071,-5,0.0003532283783578497,4.309918066747045
mono-00000133,1380.0,0.9332214175489071,-4,0.0019948109112856898,3.8772698921429622
mono-00000133,1380.0,0.9332214175489071,-3,0.015570845237619705,3.389939081429006
mono-00000133,1380.0,0.9332214175489071,-2,0.14014959412445385,2.8197143374768814
mono-00000133,1380.0,0.9332214175489071,-1,0.22257001883181673,2.100125579408129
mono-00000133,1380.0,0.9332214175489071,0,0.3173581607798967,0.933221417549035
mono-00000133,1380.0,0.9332214175489071,1,0.0,0.0
mono-00000133,1380.0,0.9332214175489071,2,0.0,0.0
mono-00000133,1380.0,0.9332214175489071,3,0.0,0.0
mono-00000133,1380.0,0.9332214175489071,4,0.0,0.0
mono-00000133,1380.0,0.9332214175489071,5,0.0,0.0
mono-00000133,1380.0,0.9332214175489071,6,0.0,0.0
mono-00000133,1380.0,0.9332214175489071,7,0.0,0.0
mono-00000133,1380.0,0.9332214175489071,8,0.0,0.0
mono-00000133,1380.0,0.9332214175489071,9,0.0,0.0
mono-00000133,1380.0,0.9332214175489071,10,0.0,0.0
mono-00000133,1380.0,0.9332214175489071,11,0.0,0.0
mono-00000133,1380.0,0.9332214175489071,12,0.0,0.0
mono-00000133,1380.0,0.9332214175489071,13,0.0,0.0
mono-00000133,1380.0,0.9332214175489071,14,0.0,0.0
mono-00000133,1380.0,0.9332214175489071,15,0.0,0.0
mono-00000133,1380.0,0.9332214175489071,16,0.0,0.0
mono-00000133,1380.0,0.9332214175489071,17,0.0,0.0
mono-00000133,1380.0,0.9332214175489071,18,0.0,0.0
mono-00000133,1380.0,0.9332214175489071,19,0.0,0.0
mono-00000133,1380.0,0.9332214175489071,20,0.0,0.0
mono-00000134,1390.0,0.9298594964094491,-20,1.6976917540164591e-06,8.441992660389914
mono-00000134,1390.0,0.9298594964094491,-19,2.156243231575514e-06,8.230499465386956
mono-00000134,1390.0,0.9298594964094491,-18,2.7056146428157e-06,8.013465843334231
mono-00000134,1390.0,0.9298594964094491,-17,2.7713603110785746e-06,7.790428738129819
mono-00000134,1390.0,0.9298594964094491,-16,3.5974483380934204e-06,7.560856861683078
mono-00000134,1390.0,0.9298594964094491,-15,5.4616508032979406e-06,7.3241357324777
mono-00000134,1390.0,0.9298594964094491,-14,8.86505322411997e-06,7.0795482120884685
mono-00000134,1390.0,0.9298594964094491,-13,9.720159934872419e-06,6.8262487641712255
mono-00000134,1390.0,0.9298594964094491,-12,1.1117107643353458e-05,6.563228768376149
mono-00000134,1390.0,0.9298594964094491,-11,1.7491492427306006e-05,6.289268768595917
mono-00000134,1390.0,0.9298594964094491,-10,3.850690766690009e-05,6.002871084123129
mono-00000134,1390.0,0.9298594964094491,-9,5.4380197544754566e-05,5.702161907784458
mono-00000134,1390.0,0.9298594964094491,-8,4.6490394748069306e-05,5.384744087088421
mono-00000134,1390.0,0.9298594964094491,-7,0.0001339362863815767,5.04746633125589
mono-00000134,1390.0,0.9298594964094491,-6,0.00044222587809850404,4.686042317135431
mono-00000134,1390.0,0.9298594964094491,-5,0.0003768928690208271,4.294379735456118
mono-00000134,1390.0,0.9298594964094491,-4,0.0019196274178140558,3.863292668007432
mono-00000134,1390.0,0.9298594964094491,-3,0.016183949753437604,3.377719808969232
mono-00000134,1390.0,0.9298594964094491,-2,0.14042001580523603,2.8095515035176817
mono-00000134,1390.0,0.9298594964094491,-1,0.22173343540611687,2.0925571913005
mono-00000134,1390.0,0.9298594964094491,0,0.3176335615158462,0.9298594964094207
mono-00000134,1390.0,0.9298594964094491,1,0.0,0.0
mono-00000134,1390.0,0.9298594964094491,2,0.0,0.0
mono-00000134,1390.0,0.9298594964094491,3,0.0,0.0
mono-00000134,1390.0,0.9298594964094491,4,0.0,0.0
mono-00000134,1390.0,0.9298594964094491,5,0.0,0.0
mono-00000134,1390.0,0.9298594964094491,6,0.0,0.0
mono-00000134,1390.0,0.9298594964094491,7,0.0,0.0
mono-00000134,1390.0,0.9298594964094491,8,0.0,0.0
mono-00000134,1390.0,0.9298594964094491,9,0.0,0.0
mono-00000134,1390.0,0.9298594964094491,10,0.0,0.0
mono-00000134,1390.0,0.9298594964094491,11,0.0,0.0
mono-00000134,1390.0,0.9298594964094491,12,0.0,0.0
mono-00000134,1390.0,0.9298594964094491,13,0.0,0.0
mono-00000134,1390.0,0.9298594964094491,14,0.0,0.0
mono-00000134,1390.0,0.9298594964094491,15,0.0,0.0
mono-00000134,1390.0,0.9298594964094491,16,0.0,0.0
mono-00000134,1390.0,0.9298594964094491,17,0.0,0.0
mono-00000134,1390.0,0.9298594964094491,18,0.0,0.0
mono-00000134,1390.0,0.9298594964094491,19,0.0,0.0
mono-00000134,1390.0,0.9298594964094491,20,0.0,0.0
mono-00000135,1400.0,0.9265336492945693,-20,1.6821486053558222e-06,8.411734309661213
mono-00000135,1400.0,0.9265336492945693,-19,2.1689360173170315e-06,8.201001801523773
mono-00000135,1400.0,0.9265336492945693,-18,2.7229262328476175e-06,7.984748585181819
mono-00000135,1400.0,0.9265336492945693,-17,2.843691775454832e-06,7.762513258616295
mono-00000135,1400.0,0.9265336492945693,-16,3.5474024673606085e-06,7.53376643171481
mono-00000135,1400.0,0.9265336492945693,-15,5.430465354052513e-06,7.297895818330588
mono-00000135,1400.0,0.9265336492945693,-14,8.822476284873272e-06,7.054186842395467
mono-00000135,1400.0,0.9265336492945693,-13,1.0013777563715422e-05,6.801796988956539
mono-00000135,1400.0,0.9265336492945693,-12,1.122821810592606e-05,6.539721242127925
mono-00000135,1400.0,0.9265336492945693,-11,1.704731377367427e-05,6.26674450410755
mono-00000135,1400.0,0.9265336492945693,-10,3.85595588391052e-05,5.98137444733932
mono-00000135,1400.0,0.9265336492945693,-9,5.543411657010849e-05,5.681743962791785
mono-00000135,1400.0,0.9265336492945693,-8,4.727209564535578e-05,5.3654644676553715
mono-00000135,1400.0,0.9265336492945693,-7,0.00013061576740119207,5.029395937875336
mono-00000135,1400.0,0.9265336492945693,-6,0.0004466138245359903,4.669267376518107
mono-00000135,1400.0,0.9265336492945693,-5,0.0004013609750086171,4.279008260135868
mono-00000135,1400.0,0.9265336492945693,-4,0.0018455826656866969,3.849465522241047
mono-00000135,1400.0,0.9265336492945693,-3,0.016798615151189262,3.3656317266974867
mono-00000135,1400.0,0.9265336492945693,-2,0.14066955245453525,2.7994977702229846
mono-00000135,1400.0,0.9265336492945693,-1,0.2209099325268885,2.0850700422232507
mono-00000135,1400.0,0.9265336492945693,0,0.31793737576624004,0.9265336492943703
mono-00000135,1400.0,0.9265336492945693,1,0.0,0.0
mono-00000135,1400.0,0.9265336492945693,2,0.0,0.0
mono-00000135,1400.0,0.9265336492945693,3,0.0,0.0
mono-00000135,1400.0,0.9265336492945693,4,0.0,0.0
mono-00000135,1400.0,0.9265336492945693,5,0.0,0.0
mono-00000135,1400.0,0.9265336492945693,6,0.0,0.0
mono-00000135,1400.0,0.9265336492945693,7,0.0,0.0
mono-00000135,1400.0,0.9265336492945693,8,0.0,0.0
mono-00000135,1400.0,0.9265336492945693,9,0.0,0.0
mono-00000135,1400.0,0.9265336492945693,10,0.0,0.0
mono-00000135,1400.0,0.9265336492945693,11,0.0,0.0
mono-00000135,1400.0,0.9265336492945693,12,0.0,0.0
mono-00000135,1400.0,0.9265336492945693,13,0.0,0.0
mono-00000135,1400.0,0.9265336492945693,14,0.0,0.0
mono-00000135,1400.0,0.9265336492945693,15,0.0,0.0
mono-00000135,1400.0,0.9265336492945693,16,0.0,0.0
mono-00000135,1400.0,0.9265336492945693,17,0.0,0.0
mono-00000135,1400.0,0.9265336492945693,18,0.0,0.0
mono-00000135,1400.0,0.9265336492945693,19,0.0,0.0
mono-00000135,1400.0,0.9265336492945693,20,0.0,0.0
mono-00000136,1410.0,0.9232432356507303,-20,1.6587182653851312e-06,8.381799006644599
mono-00000136,1410.0,0.9232432356507303,-19,2.1838701501548155e-06,8.171819035990566
mono-00000136,1410.0,0.9232432356507303,-18,2.731398419357265e-06,7.956337866944267
mono-00000136,1410.0,0.9232432356507303,-17,2.9225639820034226e-06,7.734895733969282
mono-00000136,1410.0,0.9232432356507303,-16,3.4960026347614903e-06,7.506965124734123
mono-00000136,1410.0,0.9232432356507303,-15,5.40618275778776e-06,7.2719359250978215
mono-00000136,1410.0,0.9232432356507303,-14,8.746745572857884e-06,7.029096094077403
mono-00000136,1410.0,0.9232432356507303,-13,1.0322904376867911e-05,6.7776061059511505
mono-00000136,1410.0,0.9232432356507303,-12,1.1324535083064254e-05,6.516464510927463
mono-00000136,1410.0,0.9232432356507303,-11,1.665566915595984e-05,6.244460523111101
mono-00000136,1410.0,0.9232432356507303,-10,3.853174967470958e-05,5.9601071111029285
mono-00000136,1410.0,0.9232432356507303,-9,5.634013869162823e-05,5.661543792692626
mono-00000136,1410.0,0.9232432356507303,-8,4.8281104840415504e-05,5.346390463495993
mono-00000136,1410.0,0.9232432356507303,-7,0.0001274666022567204,5.011518246194839
mono-00000136,1410.0,0.9232432356507303,-6,0.00045019298784857456,4.652671306838229
mono-00000136,1410.0,0.9232432356507303,-5,0.0004262366446310831,4.263800675744449
mono-00000136,1410.0,0.9232432356507303,-4,0.001772270533762706,3.8357857881864845
mono-00000136,1410.0,0.9232432356507303,-3,0.017401129651079584,3.353672503789369
mono-00000136,1410.0,0.9232432356507303,-2,0.140822313094922,2.7895511994204014
mono-00000136,1410.0,0.9232432356507303,-1,0.22002141779993906,2.0776626891344563
mono-00000136,1410.0,0.9232432356507303,0,0.3182453483715575,0.923243235650574
mono-00000136,1410.0,0.9232432356507303,1,0.0,0.0
mono-00000136,1410.0,0.9232432356507303,2,0.0,0.0
mono-00000136,1410.0,0.9232432356507303,3,0.0,0.0
mono-00000136,1410.0,0.9232432356507303,4,0.0,0.0
mono-00000136,1410.0,0.9232432356507303,5,0.0,0.0
mono-00000136,1410.0,0.9232432356507303,6,0.0,0.0
mono-00000136,1410.0,0.9232432356507303,7,0.0,0.0
mono-00000136,1410.0,0.9232432356507303,8,0.0,0.0
mono-00000136,1410.0,0.9232432356507303,9,0.0,0.0
mono-00000136,1410.0,0.9232432356507303,10,0.0,0.0
mono-00000136,1410.0,0.9232432356507303,11,0.0,0.0
mono-00000136,1410.0,0.9232432356507303,12,0.0,0.0
mono-00000136,1410.0,0.9232432356507303,13,0.0,0.0
mono-00000136,1410.0,0.9232432356507303,14,0.0,0.0
mono-00000136,1410.0,0.9232432356507303,15,0.0,0.0
mono-00000136,1410.0,0.9232432356507303,16,0.0,0.0
mono-00000136,1410.0,0.9232432356507303,17,0.0,0.0
mono-00000136,1410.0,0.9232432356507303,18,0.0,0.0
mono-00000136,1410.0,0.9232432356507303,19,0.0,0.0
mono-00000136,1410.0,0.9232432356507303,20,0.0,0.0
mono-00000137,1420.0,0.9199876307354486,-20,1.6292280217695236e-06,8.352181043672417
mono-00000137,1420.0,0.9199876307354486,-19,2.200263027234028e-06,8.142945605597788
mono-00000137,1420.0,0.9199876307354486,-18,2.7345075658936677e-06,7.928228273577147
mono-00000137,1420.0,0.9199876307354486,-17,3.0059769538477888e-06,7.707570901266109
mono-00000137,1420.0,0.9199876307354486,-16,3.4484313258290677e-06,7.480447834272795
mono-00000137,1420.0,0.9199876307354486,-15,5.387740941443537e-06,7.246251107509337
mono-00000137,1420.0,0.9199876307354486,-14,8.647761950579683e-06,7.004271188286808
mono-00000137,1420.0,0.9199876307354486,-13,1.0645224261261316e-05,6.753671508521094
mono-00000137,1420.0,0.9199876307354486,-12,1.1413883113920615e-05,6.493454146821023
mono-00000137,1420.0,0.9199876307354486,-11,1.6329774562190224e-05,6.222412583617469
mono-00000137,1420.0,0.9199876307354486,-10,3.843110571324229e-05,5.9390650276778985
mono-00000137,1420.0,0.9199876307354486,-9,5.7140129178459635e-05,5.641557553549404
mono-00000137,1420.0,0.9199876307354486,-8,4.954777239351291e-05,5.327518445624591
mono-00000137,1420.0,0.9199876307354486,-7,0.00012452494040824782,4.993829855448965
mono-00000137,1420.0,0.9199876307354486,-6,0.00045318899517559247,4.636250951695885
mono-00000137,1420.0,0.9199876307354486,-5,0.0004516507689523365,4.248754090483786
mono-00000137,1420.0,0.9199876307354486,-4,0.0017005647143329456,3.8222508650530926
mono-00000137,1420.0,0.9199876307354486,-3,0.01800186500705035,3.3418398669866605
mono-00000137,1420.0,0.9199876307354486,-2,0.1409536955964389,2.7797099008009383
mono-00000137,1420.0,0.9199876307354486,-1,0.21914068865103972,2.070333724624689
mono-00000137,1420.0,0.9199876307354486,0,0.31858465245968276,0.9199876307354486
mono-00000137,1420.0,0.9199876307354486,1,0.0,0.0
mono-00000137,1420.0,0.9199876307354486,2,0.0,0.0
mono-00000137,1420.0,0.9199876307354486,3,0.0,0.0
mono-00000137,1420.0,0.9199876307354486,4,0.0,0.0
mono-00000137,1420.0,0.9199876307354486,5,0.0,0.0
mono-00000137,1420.0,0.9199876307354486,6,0.0,0.0
mono-00000137,1420.0,0.9199876307354486,7,0.0,0.0
mono-00000137,1420.0,0.9199876307354486,8,0.0,0.0
mono-00000137,1420.0,0.9199876307354486,9,0.0,0.0
mono-00000137,1420.0,0.9199876307354486,10,0.0,0.0
mono-00000137,1420.0,0.9199876307354486,11,0.0,0.0
mono-00000137,1420.0,0.9199876307354486,12,0.0,0.0
mono-00000137,1420.0,0.9199876307354486,13,0.0,0.0
mono-00000137,1420.0,0.9199876307354486,14,0.0,0.0
mono-00000137,1420.0,0.9199876307354486,15,0.0,0.0
mono-00000137,1420.0,0.9199876307354486,16,0.0,0.0
mono-00000137,1420.0,0.9199876307354486,17,0.0,0.0
mono-00000137,1420.0,0.9199876307354486,18,0.0,0.0
mono-00000137,1420.0,0.9199876307354486,19,0.0,0.0
mono-00000137,1420.0,0.9199876307354486,20,0.0,0.0
mono-00000138,1430.0,0.9167662251194173,-20,1.5950268095827768e-06,8.322874853268601
mono-00000138,1430.0,0.9167662251194173,-19,2.2155418636439383e-06,8.114376083786908
mono-00000138,1430.0,0.9167662251194173,-18,2.734170494540883e-06,7.900414523016835
mono-00000138,1430.0,0.9167662251194173,-17,3.0896099409964196e-06,7.680533626817876
mono-00000138,1430.0,0.9167662251194173,-16,3.4074816252304054e-06,7.454209579243127
mono-00000138,1430.0,0.9167662251194173,-15,5.370331240327059e-06,7.220836541707186
mono-00000138,1430.0,0.9167662251194173,-14,8.530039629680052e-06,6.979707463492161
mono-00000138,1430.0,0.9167662251194173,-13,1.0969669532827356e-05,6.729988703110706
mono-00000138,1430.0,0.9167662251194173,-12,1.1496504565384767e-05,6.470685830537718
mono-00000138,1430.0,0.9167662251194173,-11,1.6070524286185752e-05,6.20059654774667
mono-00000138,1430.0,0.9167662251194173,-10,3.82416258368377e-05,5.918244248661182
mono-00000138,1430.0,0.9167662251194173,-9,5.782817900700286e-05,5.621781495747854
mono-00000138,1430.0,0.9167662251194173,-8,5.1059020606895856e-05,5.308844874096366
mono-00000138,1430.0,0.9167662251194173,-7,0.00012176867049486367,4.976327448305966
mono-00000138,1430.0,0.9167662251194173,-6,0.0004554819017204435,4.62000323212294
mono-00000138,1430.0,0.9167662251194173,-5,0.0004771297732608216,4.233865683489896
mono-00000138,1430.0,0.9167662251194173,-4,0.0016309413692663385,3.808858215840573
mono-00000138,1430.0,0.9167662251194173,-3,0.018586559506644354,3.3301315987826428
mono-00000138,1430.0,0.9167662251194173,-2,0.14100707663600529,2.769972030411097
mono-00000138,1430.0,0.9167662251194173,-1,0.2181785768979176,2.063081775793563
mono-00000138,1430.0,0.9167662251194173,0,0.318858410951699,0.9167662251193462
mono-00000138,1430.0,0.9167662251194173,1,0.0,0.0
mono-00000138,1430.0,0.9167662251194173,2,0.0,0.0
mono-00000138,1430.0,0.9167662251194173,3,0.0,0.0
mono-00000138,1430.0,0.9167662251194173,4,0.0,0.0
mono-00000138,1430.0,0.9167662251194173,5,0.0,0.0
mono-00000138,1430.0,0.9167662251194173,6,0.0,0.0
mono-00000138,1430.0,0.9167662251194173,7,0.0,0.0
mono-00000138,1430.0,0.9167662251194173,8,0.0,0.0
mono-00000138,1430.0,0.9167662251194173,9,0.0,0.0
mono-00000138,1430.0,0.9167662251194173,10,0.0,0.0
mono-00000138,1430.0,0.9167662251194173,11,0.0,0.0
mono-00000138,1430.0,0.9167662251194173,12,0.0,0.0
mono-00000138,1430.0,0.9167662251194173,13,0.0,0.0
mono-00000138,1430.0,0.9167662251194173,14,0.0,0.0
mono-00000138,1430.0,0.9167662251194173,15,0.0,0.0
mono-00000138,1430.0,0.9167662251194173,16,0.0,0.0
mono-00000138,1430.0,0.9167662251194173,17,0.0,0.0
mono-00000138,1430.0,0.9167662251194173,18,0.0,0.0
mono-00000138,1430.0,0.9167662251194173,19,0.0,0.0
mono-00000138,1430.0,0.9167662251194173,20,0.0,0.0
mono-00000139,1440.0,0.9135784242074863,-20,1.558635367663974e-06,8.293875003752575
mono-00000139,1440.0,0.9135784242074863,-19,2.227611702156098e-06,8.086105176346123
mono-00000139,1440.0,0.9135784242074863,-18,2.7332023935569035e-06,7.872891462010955
mono-00000139,1440.0,0.9135784242074863,-17,3.170457332194293e-06,7.653778902117537
mono-00000139,1440.0,0.9135784242074863,-16,3.3772485007628178e-06,7.428245500007975
mono-00000139,1440.0,0.9135784242074863,-15,5.350686667464957e-06,7.195687521439865
mono-00000139,1440.0,0.9135784242074863,-14,8.401526961004675e-06,6.9554003718009625
mono-00000139,1440.0,0.9135784242074863,-13,1.1288195647784534e-05,6.706553305698691
mono-00000139,1440.0,0.9135784242074863,-12,1.1581008703044122e-05,6.448155348083375
mono-00000139,1440.0,0.9135784242074863,-11,1.5879547011380062e-05,6.179008378465511
mono-00000139,1440.0,0.9135784242074863,-10,3.796268172865553e-05,5.897640921870291
mono-00000139,1440.0,0.9135784242074863,-9,5.842887070868153e-05,5.602211961041732
mono-00000139,1440.0,0.9135784242074863,-8,5.282065824700013e-05,5.2903662952180355
mono-00000139,1440.0,0.9135784242074863,-7,0.00011919054506736673,4.959007788254723
mono-00000139,1440.0,0.9135784242074863,-6,0.00045711613892767864,4.603925144157856
mono-00000139,1440.0,0.9135784242074863,-5,0.000502764707738272,4.219132702611859
mono-00000139,1440.0,0.9135784242074863,-4,0.0015633175588081177,3.795605365341075
mono-00000139,1440.0,0.9135784242074863,-3,0.019161530144531348,3.318545535676577
mono-00000139,1440.0,0.9135784242074863,-2,0.14101827877725426,2.7603357892012212
mono-00000139,1440.0,0.9135784242074863,-1,0.217184834194848,2.0559055031701092
mono-00000139,1440.0,0.9135784242074863,0,0.3191252371595692,0.9135784242074578
mono-00000139,1440.0,0.9135784242074863,1,0.0,0.0
mono-00000139,1440.0,0.9135784242074863,2,0.0,0.0
mono-00000139,1440.0,0.9135784242074863,3,0.0,0.0
mono-00000139,1440.0,0.9135784242074863,4,0.0,0.0
mono-00000139,1440.0,0.9135784242074863,5,0.0,0.0
mono-00000139,1440.0,0.9135784242074863,6,0.0,0.0
mono-00000139,1440.0,0.9135784242074863,7,0.0,0.0
mono-00000139,1440.0,0.9135784242074863,8,0.0,0.0
mono-00000139,1440.0,0.9135784242074863,9,0.0,0.0
mono-00000139,1440.0,0.9135784242074863,10,0.0,0.0
mono-00000139,1440.0,0.9135784242074863,11,0.0,0.0
mono-00000139,1440.0,0.9135784242074863,12,0.0,0.0
mono-00000139,1440.0,0.9135784242074863,13,0.0,0.0
mono-00000139,1440.0,0.9135784242074863,14,0.0,0.0
mono-00000139,1440.0,0.9135784242074863,15,0.0,0.0
mono-00000139,1440.0,0.9135784242074863,16,0.0,0.0
mono-00000139,1440.0,0.9135784242074863,17,0.0,0.0
mono-00000139,1440.0,0.9135784242074863,18,0.0,0.0
mono-00000139,1440.0,0.9135784242074863,19,0.0,0.0
mono-00000139,1440.0,0.9135784242074863,20,0.0,0.0
mono-00000140,1450.0,0.9104236477774208,-20,1.5229495885379103e-06,8.265176195009872
mono-00000140,1450.0,0.9104236477774208,-19,2.234708249492254e-06,8.05812771728884
mono-00000140,1450.0,0.9104236477774208,-18,2.73446487554568e-06,7.845654062107656
mono-00000140,1450.0,0.9104236477774208,-17,3.2462030961194767e-06,7.627301839942675
mono-00000140,1450.0,0.9104236477774208,-16,3.3615602151709816e-06,7.402550854599227
mono-00000140,1450.0,0.9104236477774208,-15,5.326268540314827e-06,7.170799454401163
mono-00000140,1450.0,0.9104236477774208,-14,8.270897122006171e-06,6.931345475422091
mono-00000140,1450.0,0.9104236477774208,-13,1.1593657336253916e-05,6.683361038388995
mono-00000140,1450.0,0.9104236477774208,-12,1.1677598808364397e-05,6.425858587464248
mono-00000140,1450.0,0.9104236477774208,-11,1.575673311514489e-05,6.157644136449392
mono-00000140,1450.0,0.9104236477774208,-10,3.7599443789572924e-05,5.877251288348916
mono-00000140,1450.0,0.9104236477774208,-9,5.89742167914214e-05,5.582845379710292
mono-00000140,1450.0,0.9104236477774208,-8,5.483380337877443e-05,5.272079338864472
mono-00000140,1450.0,0.9104236477774208,-7,0.00011678617196294297,4.941867717090005
mono-00000140,1450.0,0.9104236477774208,-6,0.0004581910399726801,4.58801375651224
mono-00000140,1450.0,0.9104236477774208,-5,0.0005286602268532442,4.204552462273867
mono-00000140,1450.0,0.9104236477774208,-4,0.0014978569030375784,3.782489898217719
mono-00000140,1450.0,0.9104236477774208,-3,0.019733480355132154,3.307079566493897
mono-00000140,1450.0,0.9104236477774208,-2,0.1410266113292663,2.7507994216290257
mono-00000140,1450.0,0.9104236477774208,-1,0.21620091421624485,2.048803599672226
mono-00000140,1450.0,0.9104236477774208,0,0.31941057807235684,0.9104236477775771
mono-00000140,1450.0,0.9104236477774208,1,0.0,0.0
mono-00000140,1450.0,0.9104236477774208,2,0.0,0.0
mono-00000140,1450.0,0.9104236477774208,3,0.0,0.0
mono-00000140,1450.0,0.9104236477774208,4,0.0,0.0
mono-00000140,1450.0,0.9104236477774208,5,0.0,0.0
mono-00000140,1450.0,0.9104236477774208,6,0.0,0.0
mono-00000140,1450.0,0.9104236477774208,7,0.0,0.0
mono-00000140,1450.0,0.9104236477774208,8,0.0,0.0
mono-00000140,1450.0,0.9104236477774208,9,0.0,0.0
mono-00000140,1450.0,0.9104236477774208,10,0.0,0.0
mono-00000140,1450.0,0.9104236477774208,11,0.0,0.0
mono-00000140,1450.0,0.9104236477774208,12,0.0,0.0
mono-00000140,1450.0,0.9104236477774208,13,0.0,0.0
mono-00000140,1450.0,0.9104236477774208,14,0.0,0.0
mono-00000140,1450.0,0.9104236477774208,15,0.0,0.0
mono-00000140,1450.0,0.9104236477774208,16,0.0,0.0
mono-00000140,1450.0,0.9104236477774208,17,0.0,0.0
mono-00000140,1450.0,0.9104236477774208,18,0.0,0.0
mono-00000140,1450.0,0.9104236477774208,19,0.0,0.0
mono-00000140,1450.0,0.9104236477774208,20,0.0,0.0
mono-00000141,1460.0,0.907301329535926,-20,1.490594866996648e-06,8.236773254423142
mono-00000141,1460.0,0.907301329535926,-19,2.2350913313190366e-06,8.030438664888123
mono-00000141,1460.0,0.907301329535926,-18,2.7399369504110856e-06,7.8186974157960805
mono-00000141,1460.0,0.907301329535926,-17,3.31463424579079e-06,7.601097670604872
mono-00000141,1460.0,0.907301329535926,-16,3.362949142865835e-06,7.377121015080007
mono-00000141,1460.0,0.907301329535926,-15,5.2944080989267566e-06,7.146167858707301
mono-00000141,1460.0,0.907301329535926,-14,8.144850567108076e-06,6.907538443262624
mono-00000141,1460.0,0.907301329535926,-13,1.1877540062084346e-05,6.660407726130302
mono-00000141,1460.0,0.907301329535926,-12,1.1794517518458206e-05,6.40379153553441
mono-00000141,1460.0,0.907301329535926,-11,1.569770750405478e-05,6.136499977062471
mono-00000141,1460.0,0.907301329535926,-10,3.715383122850893e-05,5.857071679486708
mono-00000141,1460.0,0.907301329535926,-9,5.948441208068601e-05,5.563678267822468
mono-00000141,1460.0,0.907301329535926,-8,5.708462554061758e-05,5.253980715896404
mono-00000141,1460.0,0.907301329535926,-7,0.000114539050751412,4.924904152493596
mono-00000141,1460.0,0.907301329535926,-6,0.0004587290739964637,4.572266208325985
mono-00000141,1460.0,0.907301329535926,-5,0.0005547759189299179,4.1901223414191975
mono-00000141,1460.0,0.907301329535926,-4,0.0014346611789742172,3.769509457154868
mono-00000141,1460.0,0.907301329535926,-3,0.02030308119910929,3.295731630770476
mono-00000141,1460.0,0.907301329535926,-2,0.1410394145855231,2.7413612143163277
mono-00000141,1460.0,0.907301329535926,-1,0.21522863735280287,2.041774789607601
mono-00000141,1460.0,0.907301329535926,0,0.3197075425720416,0.9073013295357981
mono-00000141,1460.0,0.907301329535926,1,0.0,0.0
mono-00000141,1460.0,0.907301329535926,2,0.0,0.0
mono-00000141,1460.0,0.907301329535926,3,0.0,0.0
mono-00000141,1460.0,0.907301329535926,4,0.0,0.0
mono-00000141,1460.0,0.907301329535926,5,0.0,0.0
mono-00000141,1460.0,0.907301329535926,6,0.0,0.0
mono-00000141,1460.0,0.907301329535926,7,0.0,0.0
mono-00000141,1460.0,0.907301329535926,8,0.0,0.0
mono-00000141,1460.0,0.907301329535926,9,0.0,0.0
mono-00000141,1460.0,0.907301329535926,10,0.0,0.0
mono-00000141,1460.0,0.907301329535926,11,0.0,0.0
mono-00000141,1460.0,0.907301329535926,12,0.0,0.0
mono-00000141,1460.0,0.907301329535926,13,0.0,0.0
mono-00000141,1460.0,0.907301329535926,14,0.0,0.0
mono-00000141,1460.0,0.907301329535926,15,0.0,0.0
mono-00000141,1460.0,0.907301329535926,16,0.0,0.0
mono-00000141,1460.0,0.907301329535926,17,0.0,0.0
mono-00000141,1460.0,0.907301329535926,18,0.0,0.0
mono-00000141,1460.0,0.907301329535926,19,0.0,0.0
mono-00000141,1460.0,0.907301329535926,20,0.0,0.0
mono-00000142,1470.0,0.9042109166922359,-20,1.4636591329603112e-06,8.208661132955797
mono-00000142,1470.0,0.9042109166922359,-19,2.2271949881177232e-06,8.00303309786058
mono-00000142,1470.0,0.9042109166922359,-18,2.750460217717239e-06,7.792016732792433
mono-00000142,1470.0,0.9042109166922359,-17,3.3737110465053107e-06,7.57516173834081
mono-00000142,1470.0,0.9042109166922359,-16,3.382503362095104e-06,7.351951464043012
mono-00000142,1470.0,0.9042109166922359,-15,5.252634236853838e-06,7.12178835950705
mono-00000142,1470.0,0.9042109166922359,-14,8.027395975192485e-06,6.883975047652029
mono-00000142,1470.0,0.9042109166922359,-13,1.2130437129650972e-05,6.637689293559035
mono-00000142,1470.0,0.9042109166922359,-12,1.1937542767840714e-05,6.3819502749616674
mono-00000142,1470.0,0.9042109166922359,-11,1.569519642957154e-05,6.115572147451715
mono-00000142,1470.0,0.9042109166922359,-10,3.6624212286351035e-05,5.837098514245994
mono-00000142,1470.0,0.9042109166922359,-9,5.9963337995249785e-05,5.544707224604821
mono-00000142,1470.0,0.9042109166922359,-8,5.955088895318643e-05,5.236067215675874
mono-00000142,1470.0,0.9042109166922359,-7,0.00011243124669440256,4.9081140857060745
mono-00000142,1470.0,0.9042109166922359,-6,0.00045865828628868473,4.556679707006978
mono-00000142,1470.0,0.9042109166922359,-5,0.0005810039351336778,4.175839781531479
mono-00000142,1470.0,0.9042109166922359,-4,0.0013735704976123252,3.7566617410793413
mono-00000142,1470.0,0.9042109166922359,-3,0.020868117349982274,3.2844997171974484
mono-00000142,1470.0,0.9042109166922359,-2,0.14104423986125972,2.732019494756045
mono-00000142,1470.0,0.9042109166922359,-1,0.2142623708648656,2.0348178277115494
mono-00000142,1470.0,0.9042109166922359,0,0.3200378820991904,0.9042109166922074
mono-00000142,1470.0,0.9042109166922359,1,0.0,0.0
mono-00000142,1470.0,0.9042109166922359,2,0.0,0.0
mono-00000142,1470.0,0.9042109166922359,3,0.0,0.0
mono-00000142,1470.0,0.9042109166922359,4,0.0,0.0
mono-00000142,1470.0,0.9042109166922359,5,0.0,0.0
mono-00000142,1470.0,0.9042109166922359,6,0.0,0.0
mono-00000142,1470.0,0.9042109166922359,7,0.0,0.0
mono-00000142,1470.0,0.9042109166922359,8,0.0,0.0
mono-00000142,1470.0,0.9042109166922359,9,0.0,0.0
mono-00000142,1470.0,0.9042109166922359,10,0.0,0.0
mono-00000142,1470.0,0.9042109166922359,11,0.0,0.0
mono-00000142,1470.0,0.9042109166922359,12,0.0,0.0
mono-00000142,1470.0,0.9042109166922359,13,0.0,0.0
mono-00000142,1470.0,0.9042109166922359,14,0.0,0.0
mono-00000142,1470.0,0.9042109166922359,15,0.0,0.0
mono-00000142,1470.0,0.9042109166922359,16,0.0,0.0
mono-00000142,1470.0,0.9042109166922359,17,0.0,0.0
mono-00000142,1470.0,0.9042109166922359,18,0.0,0.0
mono-00000142,1470.0,0.9042109166922359,19,0.0,0.0
mono-00000142,1470.0,0.9042109166922359,20,0.0,0.0
mono-00000143,1480.0,0.901151869546652,-20,1.4448983100062584e-06,8.180834901381445
mono-00000143,1480.0,0.901151869546652,-19,2.21167089544242e-06,7.975906211691438
mono-00000143,1480.0,0.901151869546652,-18,2.76815706592165e-06,7.765607336463674
mono-00000143,1480.0,0.901151869546652,-17,3.42482408831651e-06,7.549489497837072
mono-00000143,1480.0,0.901151869546652,-16,3.4227097532069953e-06,7.327037791239647
mono-00000143,1480.0,0.901151869546652,-15,5.202664362117623e-06,7.097656685717169
mono-00000143,1480.0,0.901151869546652,-14,7.927894628484428e-06,6.860651161188343
mono-00000143,1480.0,0.901151869546652,-13,1.235286335665113e-05,6.615201761959739
mono-00000143,1480.0,0.901151869546652,-12,1.2121248942745183e-05,6.360330981306291
mono-00000143,1480.0,0.901151869546652,-11,1.5746828451578936e-05,6.094856983748443
mono-00000143,1480.0,0.901151869546652,-10,3.603746290921699e-05,5.817328296492519
mono-00000143,1480.0,0.901151869546652,-9,6.0473217349297165e-05,5.525928929906229
mono-00000143,1480.0,0.901151869546652,-8,6.223199840278233e-05,5.218335703673432
mono-00000143,1480.0,0.901151869546652,-7,0.00011046817480840844,4.89149457928464
mono-00000143,1480.0,0.901151869546652,-6,0.00045830084909231797,4.541251526149935
mono-00000143,1480.0,0.901151869546652,-5,0.0006077769357845662,4.161702284728065
mono-00000143,1480.0,0.901151869546652,-4,0.0013150169346543882,3.7439445034458743
mono-00000143,1480.0,0.901151869546652,-3,0.0214455041781578,3.273381862123273
mono-00000143,1480.0,0.901151869546652,-2,0.14112737553674548,2.7227726300670696
mono-00000143,1480.0,0.901151869546652,-1,0.21337231200844725,2.027931498218706
mono-00000143,1480.0,0.901151869546652,0,0.3203793156494242,0.9011518695468226
mono-00000143,1480.0,0.901151869546652,1,0.0,0.0
mono-00000143,1480.0,0.901151869546652,2,0.0,0.0
mono-00000143,1480.0,0.901151869546652,3,0.0,0.0
mono-00000143,1480.0,0.901151869546652,4,0.0,0.0
mono-00000143,1480.0,0.901151869546652,5,0.0,0.0
mono-00000143,1480.0,0.901151869546652,6,0.0,0.0
mono-00000143,1480.0,0.901151869546652,7,0.0,0.0
mono-00000143,1480.0,0.901151869546652,8,0.0,0.0
mono-00000143,1480.0,0.901151869546652,9,0.0,0.0
mono-00000143,1480.0,0.901151869546652,10,0.0,0.0
mono-00000143,1480.0,0.901151869546652,11,0.0,0.0
mono-00000143,1480.0,0.901151869546652,12,0.0,0.0
mono-00000143,1480.0,0.901151869546652,13,0.0,0.0
mono-00000143,1480.0,0.901151869546652,14,0.0,0.0
mono-00000143,1480.0,0.901151869546652,15,0.0,0.0
mono-00000143,1480.0,0.901151869546652,16,0.0,0.0
mono-00000143,1480.0,0.901151869546652,17,0.0,0.0
mono-00000143,1480.0,0.901151869546652,18,0.0,0.0
mono-00000143,1480.0,0.901151869546652,19,0.0,0.0
mono-00000143,1480.0,0.901151869546652,20,0.0,0.0
mono-00000144,1490.0,0.8981236610946866,-20,1.4345734053439676e-06,8.153289746653357
mono-00000144,1490.0,0.8981236610946866,-19,2.1871682638895673e-06,7.949053315096606
mono-00000144,1490.0,0.8981236610946866,-18,2.7910532182841946e-06,7.739464660384186
mono-00000144,1490.0,0.8981236610946866,-17,3.465717545407211e-06,7.524076510883788
mono-00000144,1490.0,0.8981236610946866,-16,3.4810443415405786e-06,7.302375690333321
mono-00000144,1490.0,0.8981236610946866,-15,5.1417695135956246e-06,7.0737686668791895
mono-00000144,1490.0,0.8981236610946866,-14,7.843419589816384e-06,6.837562753701022
mono-00000144,1490.0,0.8981236610946866,-13,1.2531847491602674e-05,6.592941246337716
mono-00000144,1490.0,0.8981236610946866,-12,1.2342613932541165e-05,6.338929920207576
mono-00000144,1490.0,0.8981236610946866,-11,1.5838922324002847e-05,6.074350908374015
mono-00000144,1490.0,0.8981236610946866,-10,3.537774182795823e-05,5.7977576124244905
mono-00000144,1490.0,0.8981236610946866,-9,6.097294760179199e-05,5.507340141757197
mono-00000144,1490.0,0.8981236610946866,-8,6.507689109462605e-05,5.20078311916383
mono-00000144,1490.0,0.8981236610946866,-7,0.0001086174584167078,4.875042764944425
mono-00000144,1490.0,0.8981236610946866,-6,0.00045731582355254985,4.525979003533834
mono-00000144,1490.0,0.8981236610946866,-5,0.0006345629291755655,4.147707411925339
mono-00000144,1490.0,0.8981236610946866,-4,0.001258550302372969,3.7313555505871108
mono-00000144,1490.0,0.8981236610946866,-3,0.022017405825853487,3.2623761481114144
mono-00000144,1490.0,0.8981236610946866,-2,0.14119739672933024,2.713619025794614
mono-00000144,1490.0,0.8981236610946866,-1,0.2124812350646683,2.0211146139715197
mono-00000144,1490.0,0.8981236610946866,0,0.3207549064305035,0.8981236610945444
mono-00000144,1490.0,0.8981236610946866,1,0.0,0.0
mono-00000144,1490.0,0.8981236610946866,2,0.0,0.0
mono-00000144,1490.0,0.8981236610946866,3,0.0,0.0
mono-00000144,1490.0,0.8981236610946866,4,0.0,0.0
mono-00000144,1490.0,0.8981236610946866,5,0.0,0.0
mono-00000144,1490.0,0.8981236610946866,6,0.0,0.0
mono-00000144,1490.0,0.8981236610946866,7,0.0,0.0
mono-00000144,1490.0,0.8981236610946866,8,0.0,0.0
mono-00000144,1490.0,0.8981236610946866,9,0.0,0.0
mono-00000144,1490.0,0.8981236610946866,10,0.0,0.0
mono-00000144,1490.0,0.8981236610946866,11,0.0,0.0
mono-00000144,1490.0,0.8981236610946866,12,0.0,0.0
mono-00000144,1490.0,0.8981236610946866,13,0.0,0.0
mono-00000144,1490.0,0.8981236610946866,14,0.0,0.0
mono-00000144,1490.0,0.8981236610946866,15,0.0,0.0
mono-00000144,1490.0,0.8981236610946866,16,0.0,0.0
mono-00000144,1490.0,0.8981236610946866,17,0.0,0.0
mono-00000144,1490.0,0.8981236610946866,18,0.0,0.0
mono-00000144,1490.0,0.8981236610946866,19,0.0,0.0
mono-00000144,1490.0,0.8981236610946866,20,0.0,0.0
mono-00000145,1500.0,0.8951257766459548,-20,1.4335659343840456e-06,8.126020968407389
mono-00000145,1500.0,0.8951257766459548,-19,2.1552034241934757e-06,7.9224698266146305
mono-00000145,1500.0,0.8951257766459548,-18,2.8191307462522428e-06,7.7135842450191205
mono-00000145,1500.0,0.8951257766459548,-17,3.498428242711687e-06,7.498918443152121
mono-00000145,1500.0,0.8951257766459548,-16,3.5575684363543235e-06,7.277960955773494
mono-00000145,1500.0,0.8951257766459548,-15,5.073734306394495e-06,7.0501202301322365
mono-00000145,1500.0,0.8951257766459548,-14,7.776171112324898e-06,6.814705889326206
mono-00000145,1500.0,0.8951257766459548,-13,1.2670958791537557e-05,6.5709039526000765
mono-00000145,1500.0,0.8951257766459548,-12,1.2610484300544547e-05,6.317743444674775
mono-00000145,1500.0,0.8951257766459548,-11,1.5975560711486494e-05,6.054050427444366
mono-00000145,1500.0,0.8951257766459548,-10,3.466555698002265e-05,5.778383128096635
mono-00000145,1500.0,0.8951257766459548,-9,6.147543122463989e-05,5.488937694018816
mono-00000145,1500.0,0.8951257766459548,-8,6.813352845027831e-05,5.183406473007082
mono-00000145,1500.0,0.8951257766459548,-7,0.00010696310189626143,4.858755841479351
mono-00000145,1500.0,0.8951257766459548,-6,0.0004558313093809505,4.5108595391917845
mono-00000145,1500.0,0.8951257766459548,-5,0.000662129433015848,4.133852781071639
mono-00000145,1500.0,0.8951257766459548,-4,0.001203633461611874,3.7188927401249288
mono-00000145,1500.0,0.8951257766459548,-3,0.02261363501930504,3.2514807025524135
mono-00000145,1500.0,0.8951257766459548,-2,0.14136812688768874,2.704557124756917
mono-00000145,1500.0,0.8951257766459548,-1,0.21178746311025085,2.01436601556118
mono-00000145,1500.0,0.8951257766459548,0,0.321443691400375,0.8951257766461254
mono-00000145,1500.0,0.8951257766459548,1,0.0,0.0
mono-00000145,1500.0,0.8951257766459548,2,0.0,0.0
mono-00000145,1500.0,0.8951257766459548,3,0.0,0.0
mono-00000145,1500.0,0.8951257766459548,4,0.0,0.0
mono-00000145,1500.0,0.8951257766459548,5,0.0,0.0
mono-00000145,1500.0,0.8951257766459548,6,0.0,0.0
mono-00000145,1500.0,0.8951257766459548,7,0.0,0.0
mono-00000145,1500.0,0.8951257766459548,8,0.0,0.0
mono-00000145,1500.0,0.8951257766459548,9,0.0,0.0
mono-00000145,1500.0,0.8951257766459548,10,0.0,0.0
mono-00000145,1500.0,0.8951257766459548,11,0.0,0.0
mono-00000145,1500.0,0.8951257766459548,12,0.0,0.0
mono-00000145,1500.0,0.8951257766459548,13,0.0,0.0
mono-00000145,1500.0,0.8951257766459548,14,0.0,0.0
mono-00000145,1500.0,0.8951257766459548,15,0.0,0.0
mono-00000145,1500.0,0.8951257766459548,16,0.0,0.0
mono-00000145,1500.0,0.8951257766459548,17,0.0,0.0
mono-00000145,1500.0,0.8951257766459548,18,0.0,0.0
mono-00000145,1500.0,0.8951257766459548,19,0.0,0.0
mono-00000145,1500.0,0.8951257766459548,20,0.0,0.0
mono-00000146,1510.0,0.8921577134558589,-20,1.441843723285261e-06,8.099023975592402
mono-00000146,1510.0,0.8921577134558589,-19,2.116517877748591e-06,7.896151271322964
mono-00000146,1510.0,0.8921577134558589,-18,2.8507931464880606e-06,7.687961734528486
mono-00000146,1510.0,0.8921577134558589,-17,3.5236628160966084e-06,7.47401106108812
mono-00000146,1510.0,0.8921577134558589,-16,3.6497911900275843e-06,7.253789479782114
mono-00000146,1510.0,0.8921577134558589,-15,4.998956061925946e-06,7.0267073972952545
mono-00000146,1510.0,0.8921577134558589,-14,7.727058153292715e-06,6.792076723687472
mono-00000146,1510.0,0.8921577134558589,-13,1.2763345115879842e-05,6.54908617483882
mono-00000146,1510.0,0.8921577134558589,-12,1.292633657709625e-05,6.296767992475864
mono-00000146,1510.0,0.8921577134558589,-11,1.6143861735744724e-05,6.033952128269064
mono-00000146,1510.0,0.8921577134558589,-10,3.3904534683693404e-05,5.759201587034283
mono-00000146,1510.0,0.8921577134558589,-9,6.19880383117999e-05,5.4707184941172216
mono-00000146,1510.0,0.8921577134558589,-8,7.134174259480213e-05,5.1662028455099005
mono-00000146,1510.0,0.8921577134558589,-7,0.00010546200526347813,4.8426310727581665
mono-00000146,1510.0,0.8921577134558589,-6,0.00045379391534113375,4.4958905935518345
mono-00000146,1510.0,0.8921577134558589,-5,0.0006899420635838853,4.120136065443063
mono-00000146,1510.0,0.8921577134558589,-4,0.0011509661125774515,3.706553979437629
mono-00000146,1510.0,0.8921577134558589,-3,0.023217370501015043,3.2406936963237882
mono-00000146,1510.0,0.8921577134558589,-2,0.14157937475952861,2.6955854059304727
mono-00000146,1510.0,0.8921577134558589,-1,0.21118056424471393,2.007684570497446
mono-00000146,1510.0,0.8921577134558589,0,0.32229942313732257,0.8921577134558731
mono-00000146,1510.0,0.8921577134558589,1,0.0,0.0
mono-00000146,1510.0,0.8921577134558589,2,0.0,0.0
mono-00000146,1510.0,0.8921577134558589,3,0.0,0.0
mono-00000146,1510.0,0.8921577134558589,4,0.0,0.0
mono-00000146,1510.0,0.8921577134558589,5,0.0,0.0
mono-00000146,1510.0,0.8921577134558589,6,0.0,0.0
mono-00000146,1510.0,0.8921577134558589,7,0.0,0.0
mono-00000146,1510.0,0.8921577134558589,8,0.0,0.0
mono-00000146,1510.0,0.8921577134558589,9,0.0,0.0
mono-00000146,1510.0,0.8921577134558589,10,0.0,0.0
mono-00000146,1510.0,0.8921577134558589,11,0.0,0.0
mono-00000146,1510.0,0.8921577134558589,12,0.0,0.0
mono-00000146,1510.0,0.8921577134558589,13,0.0,0.0
mono-00000146,1510.0,0.8921577134558589,14,0.0,0.0
mono-00000146,1510.0,0.8921577134558589,15,0.0,0.0
mono-00000146,1510.0,0.8921577134558589,16,0.0,0.0
mono-00000146,1510.0,0.8921577134558589,17,0.0,0.0
mono-00000146,1510.0,0.8921577134558589,18,0.0,0.0
mono-00000146,1510.0,0.8921577134558589,19,0.0,0.0
mono-00000146,1510.0,0.8921577134558589,20,0.0,0.0
mono-00000147,1520.0,0.8892189803726609,-20,1.4582067328389731e-06,8.072294283223528
mono-00000147,1520.0,0.8892189803726609,-19,2.0719183650443846e-06,7.870093277673718
mono-00000147,1520.0,0.8892189803726609,-18,2.8827815506410565e-06,7.662592873687842
mono-00000147,1520.0,0.8892189803726609,-17,3.541754592965653e-06,7.449350228920679
mono-00000147,1520.0,0.8892189803726609,-16,3.7532900766913315e-06,7.229857249451143
mono-00000147,1520.0,0.8892189803726609,-15,4.917536284186275e-06,7.003526282056427
mono-00000147,1520.0,0.8892189803726609,-14,7.693224564791778e-06,6.769671501180369
mono-00000147,1520.0,0.8892189803726609,-13,1.2799770665036614e-05,6.527484292713325
mono-00000147,1520.0,0.8892189803726609,-12,1.3285942650528821e-05,6.276000083622037
mono-00000147,1520.0,0.8892189803726609,-11,1.6326236423084617e-05,6.014052676942029
mono-00000147,1520.0,0.8892189803726609,-10,3.3091726867989516e-05,5.740209807934008
mono-00000147,1520.0,0.8892189803726609,-9,6.249604104220674e-05,5.452679520860585
mono-00000147,1520.0,0.8892189803726609,-8,7.460962167912215e-05,5.149169384365038
mono-00000147,1520.0,0.8892189803726609,-7,0.00010405305767211437,4.826665785794063
mono-00000147,1520.0,0.8892189803726609,-6,0.0004510012030957211,4.481069685645011
mono-00000147,1520.0,0.8892189803726609,-5,0.0007171937302153517,4.1065549920028275
mono-00000147,1520.0,0.8892189803726609,-4,0.0011009941165649635,3.6943372241850483
mono-00000147,1520.0,0.8892189803726609,-3,0.02380245038151786,3.230013342501664
mono-00000147,1520.0,0.8892189803726609,-2,0.1417312766451773,2.6867023833795685
mono-00000147,1520.0,0.8892189803726609,-1,0.21052230040542322,2.001069172412258
mono-00000147,1520.0,0.8892189803726609,0,0.3232047504417563,0.8892189803730588
mono-00000147,1520.0,0.8892189803726609,1,0.0,0.0
mono-00000147,1520.0,0.8892189803726609,2,0.0,0.0
mono-00000147,1520.0,0.8892189803726609,3,0.0,0.0
mono-00000147,1520.0,0.8892189803726609,4,0.0,0.0
mono-00000147,1520.0,0.8892189803726609,5,0.0,0.0
mono-00000147,1520.0,0.8892189803726609,6,0.0,0.0
mono-00000147,1520.0,0.8892189803726609,7,0.0,0.0
mono-00000147,1520.0,0.8892189803726609,8,0.0,0.0
mono-00000147,1520.0,0.8892189803726609,9,0.0,0.0
mono-00000147,1520.0,0.8892189803726609,10,0.0,0.0
mono-00000147,1520.0,0.8892189803726609,11,0.0,0.0
mono-00000147,1520.0,0.8892189803726609,12,0.0,0.0
mono-00000147,1520.0,0.8892189803726609,13,0.0,0.0
mono-00000147,1520.0,0.8892189803726609,14,0.0,0.0
mono-00000147,1520.0,0.8892189803726609,15,0.0,0.0
mono-00000147,1520.0,0.8892189803726609,16,0.0,0.0
mono-00000147,1520.0,0.8892189803726609,17,0.0,0.0
mono-00000147,1520.0,0.8892189803726609,18,0.0,0.0
mono-00000147,1520.0,0.8892189803726609,19,0.0,0.0
mono-00000147,1520.0,0.8892189803726609,20,0.0,0.0
mono-00000148,1530.0,0.8863090974948733,-20,1.480640226183552e-06,8.04582750925185
mono-00000148,1530.0,0.8863090974948733,-19,2.0227282051541946e-06,7.84429157444346
mono-00000148,1530.0,0.8863090974948733,-18,2.9110933862408258e-06,7.63747350491937
mono-00000148,1530.0,0.8863090974948733,-17,3.5533743091966637e-06,7.424931905776361
mono-00000148,1530.0,0.8863090974948733,-16,3.862830837591489e-06,7.206160343943395
mono-00000148,1530.0,0.8863090974948733,-15,4.830668377779967e-06,6.980573087263011
mono-00000148,1530.0,0.8863090974948733,-14,7.669701287890388e-06,6.747486552353664
mono-00000148,1530.0,0.8863090974948733,-13,1.2772875495078882e-05,6.506094768926246
mono-00000148,1530.0,0.8863090974948733,-12,1.3682331265215654e-05,6.2554363179419
mono-00000148,1530.0,0.8863090974948733,-11,1.6507267377982473e-05,5.994348816017379
mono-00000148,1530.0,0.8863090974948733,-10,3.222608574545828e-05,5.721404682447215
mono-00000148,1530.0,0.8863090974948733,-9,6.297406022917337e-05,5.434817822334466
mono-00000148,1530.0,0.8863090974948733,-8,7.784912035944067e-05,5.132303302664539
mono-00000148,1530.0,0.8863090974948733,-7,0.00010270138406391876,4.810857368882523
mono-00000148,1530.0,0.8863090974948733,-6,0.00044721903749010965,4.466394391378188
mono-00000148,1530.0,0.8863090974948733,-5,0.0007431529603138632,4.0931073398185305
mono-00000148,1530.0,0.8863090974948733,-4,0.0010539745202667041,3.6822404768847434
mono-00000148,1530.0,0.8863090974948733,-3,0.024346956742553837,3.2194378951160445
mono-00000148,1530.0,0.8863090974948733,-2,0.14174254320141874,2.6779066052204996
mono-00000148,1530.0,0.8863090974948733,-1,0.20973007652210618,1.9945187402885551
mono-00000148,1530.0,0.8863090974948733,0,0.32416755228555033,0.8863090974948449
mono-00000148,1530.0,0.8863090974948733,1,0.0,0.0
mono-00000148,1530.0,0.8863090974948733,2,0.0,0.0
mono-00000148,1530.0,0.8863090974948733,3,0.0,0.0
mono-00000148,1530.0,0.8863090974948733,4,0.0,0.0
mono-00000148,1530.0,0.8863090974948733,5,0.0,0.0
mono-00000148,1530.0,0.8863090974948733,6,0.0,0.0
mono-00000148,1530.0,0.8863090974948733,7,0.0,0.0
mono-00000148,1530.0,0.8863090974948733,8,0.0,0.0
mono-00000148,1530.0,0.8863090974948733,9,0.0,0.0
mono-00000148,1530.0,0.8863090974948733,10,0.0,0.0
mono-00000148,1530.0,0.8863090974948733,11,0.0,0.0
mono-00000148,1530.0,0.8863090974948733,12,0.0,0.0
mono-00000148,1530.0,0.8863090974948733,13,0.0,0.0
mono-00000148,1530.0,0.8863090974948733,14,0.0,0.0
mono-00000148,1530.0,0.8863090974948733,15,0.0,0.0
mono-00000148,1530.0,0.8863090974948733,16,0.0,0.0
mono-00000148,1530.0,0.8863090974948733,17,0.0,0.0
mono-00000148,1530.0,0.8863090974948733,18,0.0,0.0
mono-00000148,1530.0,0.8863090974948733,19,0.0,0.0
mono-00000148,1530.0,0.8863090974948733,20,0.0,0.0
mono-00000149,1540.0,0.8834275958429316,-20,1.5081051234701317e-06,8.019619371547435
mono-00000149,1540.0,0.8834275958429316,-19,1.973698142635793e-06,7.818741987792421
mono-00000149,1540.0,0.8834275958429316,-18,2.935026921380385e-06,7.6125995654302585
mono-00000149,1540.0,0.8834275958429316,-17,3.56448657251659e-06,7.400752142898469
mono-00000149,1540.0,0.8834275958429316,-16,3.977379827175978e-06,7.182694931794757
mono-00000149,1540.0,0.8834275958429316,-15,4.747053636240517e-06,6.957844102308869
mono-00000149,1540.0,0.8834275958429316,-14,7.658577451670331e-06,6.725518291385228
mono-00000149,1540.0,0.8834275958429316,-13,1.2699532385524005e-05,6.484914146791098
mono-00000149,1540.0,0.8834275958429316,-12,1.4122158028251986e-05,6.235073372743372
mono-00000149,1540.0,0.8834275958429316,-11,1.6689896080592603e-05,5.974837362270549
mono-00000149,1540.0,0.8834275958429316,-10,3.135267189921192e-05,5.702783173043457
mono-00000149,1540.0,0.8834275958429316,-9,6.348393427808818e-05,5.417130513872834
mono-00000149,1540.0,0.8834275958429316,-8,8.106935912008011e-05,5.115601876984712
mono-00000149,1540.0,0.8834275958429316,-7,0.00010144748302505354,4.795203269807658
mono-00000149,1540.0,0.8834275958429316,-6,0.0004429066244893367,4.451862341868505
mono-00000149,1540.0,0.8834275958429316,-5,0.000768708716121601,4.079790938536931
mono-00000149,1540.0,0.8834275958429316,-4,0.0010100810578936705,3.6702617855410864
mono-00000149,1540.0,0.8834275958429316,-3,0.024880959663699995,3.208965647952766
mono-00000149,1540.0,0.8834275958429316,-2,0.1417442092867918,2.669196652626468
mono-00000149,1540.0,0.8834275958429316,-1,0.20892854256108667,1.9880322177198053
mono-00000149,1540.0,0.8834275958429316,0,0.32519359111736645,0.8834275958428321
mono-00000149,1540.0,0.8834275958429316,1,0.0,0.0
mono-00000149,1540.0,0.8834275958429316,2,0.0,0.0
mono-00000149,1540.0,0.8834275958429316,3,0.0,0.0
mono-00000149,1540.0,0.8834275958429316,4,0.0,0.0
mono-00000149,1540.0,0.8834275958429316,5,0.0,0.0
mono-00000149,1540.0,0.8834275958429316,6,0.0,0.0
mono-00000149,1540.0,0.8834275958429316,7,0.0,0.0
mono-00000149,1540.0,0.8834275958429316,8,0.0,0.0
mono-00000149,1540.0,0.8834275958429316,9,0.0,0.0
mono-00000149,1540.0,0.8834275958429316,10,0.0,0.0
mono-00000149,1540.0,0.8834275958429316,11,0.0,0.0
mono-00000149,1540.0,0.8834275958429316,12,0.0,0.0
mono-00000149,1540.0,0.8834275958429316,13,0.0,0.0
mono-00000149,1540.0,0.8834275958429316,14,0.0,0.0
mono-00000149,1540.0,0.8834275958429316,15,0.0,0.0
mono-00000149,1540.0,0.8834275958429316,16,0.0,0.0
mono-00000149,1540.0,0.8834275958429316,17,0.0,0.0
mono-00000149,1540.0,0.8834275958429316,18,0.0,0.0
mono-00000149,1540.0,0.8834275958429316,19,0.0,0.0
mono-00000149,1540.0,0.8834275958429316,20,0.0,0.0
mono-00000150,1550.0,0.8805740170412264,-20,1.5367494857082602e-06,7.993665684988045
mono-00000150,1550.0,0.8805740170412264,-19,1.925610355889503e-06,7.793440438427766
mono-00000150,1550.0,0.8805740170412264,-18,2.9485549045857296e-06,7.587967084451577
mono-00000150,1550.0,0.8805740170412264,-17,3.5738935485827655e-06,7.376807080964056
mono-00000150,1550.0,0.8805740170412264,-16,4.088892482172434e-06,7.159457268311286
mono-00000150,1550.0,0.8805740170412264,-15,4.666363426691218e-06,6.935335700614175
mono-00000150,1550.0,0.8805740170412264,-14,7.64886818750005e-06,6.703763213647093
mono-00000150,1550.0,0.8805740170412264,-13,1.2568478836711388e-05,6.463939047885134
mono-00000150,1550.0,0.8805740170412264,-12,1.4584299684260273e-05,6.21490800055841
mono-00000150,1550.0,0.8805740170412264,-11,1.6850981073467087e-05,5.955515204537491
mono-00000150,1550.0,0.8805740170412264,-10,3.0457649240793817e-05,5.68434231094912
mono-00000150,1550.0,0.8805740170412264,-9,6.396234711909811e-05,5.399614776101046
mono-00000150,1550.0,0.8805740170412264,-8,8.410527140387452e-05,5.099062445538635
mono-00000150,1550.0,0.8805740170412264,-7,0.00010020973277702686,4.779700994110726
mono-00000150,1550.0,0.8805740170412264,-6,0.0004375905868990851,4.437471221836944
mono-00000150,1550.0,0.8805740170412264,-5,0.0007923758942262185,4.06660366691213
mono-00000150,1550.0,0.8805740170412264,-4,0.0009696820760053123,3.658399242321238
mono-00000150,1550.0,0.8805740170412264,-3,0.025356422330198074,3.1985949333966346
mono-00000150,1550.0,0.8805740170412264,-2,0.14155262920586464,2.660571138865052
mono-00000150,1550.0,0.8805740170412264,-1,0.20791350710342904,1.9816085721929682
mono-00000150,1550.0,0.8805740170412264,0,0.3262256604609998,0.8805740170412406
mono-00000150,1550.0,0.8805740170412264,1,0.0,0.0
mono-00000150,1550.0,0.8805740170412264,2,0.0,0.0
mono-00000150,1550.0,0.8805740170412264,3,0.0,0.0
mono-00000150,1550.0,0.8805740170412264,4,0.0,0.0
mono-00000150,1550.0,0.8805740170412264,5,0.0,0.0
mono-00000150,1550.0,0.8805740170412264,6,0.0,0.0
mono-00000150,1550.0,0.8805740170412264,7,0.0,0.0
mono-00000150,1550.0,0.8805740170412264,8,0.0,0.0
mono-00000150,1550.0,0.8805740170412264,9,0.0,0.0
mono-00000150,1550.0,0.8805740170412264,10,0.0,0.0
mono-00000150,1550.0,0.8805740170412264,11,0.0,0.0
mono-00000150,1550.0,0.8805740170412264,12,0.0,0.0
mono-00000150,1550.0,0.8805740170412264,13,0.0,0.0
mono-00000150,1550.0,0.8805740170412264,14,0.0,0.0
mono-00000150,1550.0,0.8805740170412264,15,0.0,0.0
mono-00000150,1550.0,0.8805740170412264,16,0.0,0.0
mono-00000150,1550.0,0.8805740170412264,17,0.0,0.0
mono-00000150,1550.0,0.8805740170412264,18,0.0,0.0
mono-00000150,1550.0,0.8805740170412264,19,0.0,0.0
mono-00000150,1550.0,0.8805740170412264,20,0.0,0.0
mono-00000151,1560.0,0.8777479130118593,-20,1.564934878874007e-06,7.9679623586524855
mono-00000151,1560.0,0.8777479130118593,-19,1.8830371260573319e-06,7.768382938868271
mono-00000151,1560.0,0.8777479130118593,-18,2.951463968212716e-06,7.56357218057623
mono-00000151,1560.0,0.8777479130118593,-17,3.586873099491979e-06,7.35309294749689
mono-00000151,1560.0,0.8777479130118593,-16,4.196579475468379e-06,7.136443693059405
mono-00000151,1560.0,0.8777479130118593,-15,4.597820345732995e-06,6.913044337195103
mono-00000151,1560.0,0.8777479130118593,-14,7.640148523259778e-06,6.682217893357034
mono-00000151,1560.0,0.8777479130118593,-13,1.240159223206463e-05,6.443166169785698
mono-00000151,1560.0,0.8777479130118593,-12,1.5069675371689401e-05,6.194937026967267
mono-00000151,1560.0,0.8777479130118593,-11,1.700020274344748e-05,5.9363793016307795
mono-00000151,1560.0,0.8777479130118593,-10,2.9585141380056956e-05,5.666079194159039
mono-00000151,1560.0,0.8777479130118593,-9,6.445489504940719e-05,5.382267853047878
mono-00000151,1560.0,0.8777479130118593,-8,8.698636770063888e-05,5.082682406393957
mono-00000151,1560.0,0.8777479130118593,-7,9.905790918036398e-05,4.7643481034203745
mono-00000151,1560.0,0.8777479130118593,-6,0.00043172127914371014,4.423218768059101
mono-00000151,1560.0,0.8777479130118593,-5,0.0008152052749208241,4.053543451386332
mono-00000151,1560.0,0.8777479130118593,-4,0.0009327494432275355,3.64665098227934
mono-00000151,1560.0,0.8777479130118593,-3,0.0258081998574963,3.188324121316114
mono-00000151,1560.0,0.8777479130118593,-2,0.14130916445881153,2.6520287083714322
mono-00000151,1560.0,0.8777479130118593,-1,0.2068380412710813,1.9752467943988137
mono-00000151,1560.0,0.8777479130118593,0,0.3273196214284732,0.877747913011703
mono-00000151,1560.0,0.8777479130118593,1,0.0,0.0
mono-00000151,1560.0,0.8777479130118593,2,0.0,0.0
mono-00000151,1560.0,0.8777479130118593,3,0.0,0.0
mono-00000151,1560.0,0.8777479130118593,4,0.0,0.0
mono-00000151,1560.0,0.8777479130118593,5,0.0,0.0
mono-00000151,1560.0,0.8777479130118593,6,0.0,0.0
mono-00000151,1560.0,0.8777479130118593,7,0.0,0.0
mono-00000151,1560.0,0.8777479130118593,8,0.0,0.0
mono-00000151,1560.0,0.8777479130118593,9,0.0,0.0
mono-00000151,1560.0,0.8777479130118593,10,0.0,0.0
mono-00000151,1560.0,0.8777479130118593,11,0.0,0.0
mono-00000151,1560.0,0.8777479130118593,12,0.0,0.0
mono-00000151,1560.0,0.8777479130118593,13,0.0,0.0
mono-00000151,1560.0,0.8777479130118593,14,0.0,0.0
mono-00000151,1560.0,0.8777479130118593,15,0.0,0.0
mono-00000151,1560.0,0.8777479130118593,16,0.0,0.0
mono-00000151,1560.0,0.8777479130118593,17,0.0,0.0
mono-00000151,1560.0,0.8777479130118593,18,0.0,0.0
mono-00000151,1560.0,0.8777479130118593,19,0.0,0.0
mono-00000151,1560.0,0.8777479130118593,20,0.0,0.0
mono-00000152,1570.0,0.8749488456792562,-20,1.5900163284672227e-06,7.942505393111702
mono-00000152,1570.0,0.8749488456792562,-19,1.8483934954818992e-06,7.74356559080411
mono-00000152,1570.0,0.8749488456792562,-18,2.9417237791599284e-06,7.539411059189547
mono-00000152,1570.0,0.8749488456792562,-17,3.6049022677503673e-06,7.329606054370473
mono-00000152,1570.0,0.8749488456792562,-16,4.2968170881230335e-06,7.1136506274437465
mono-00000152,1570.0,0.8749488456792562,-15,4.5461318196323566e-06,6.890966546318623
mono-00000152,1570.0,0.8749488456792562,-14,7.626303428005075e-06,6.660878981312493
mono-00000152,1570.0,0.8749488456792562,-13,1.2209245644593465e-05,6.42259228388653
mono-00000152,1570.0,0.8749488456792562,-12,1.556464334306136e-05,6.175157348499582
mono-00000152,1570.0,0.8749488456792562,-11,1.7134594224960723e-05,5.917426680329228
mono-00000152,1570.0,0.8749488456792562,-10,2.8753141775548364e-05,5.647990985518703
mono-00000152,1570.0,0.8749488456792562,-9,6.495212467821878e-05,5.365087050324149
mono-00000152,1570.0,0.8749488456792562,-8,8.965148063127463e-05,5.066459215753881
mono-00000152,1570.0,0.8749488456792562,-7,9.798631349435028e-05,4.749142213841935
mono-00000152,1570.0,0.8749488456792562,-6,0.000425363825324585,4.409102767870067
mono-00000152,1570.0,0.8749488456792562,-5,0.0008371436531372534,4.040608264720632
mono-00000152,1570.0,0.8749488456792562,-4,0.0008993280609446086,3.6350151821247465
mono-00000152,1570.0,0.8749488456792562,-3,0.02623262956372337,3.178151617987325
mono-00000152,1570.0,0.8749488456792562,-2,0.14099883784957815,2.6435680358531073
mono-00000152,1570.0,0.8749488456792562,-1,0.20566904225830995,1.9689458975658738
mono-00000152,1570.0,0.8749488456792562,0,0.3284110818492888,0.8749488456794126
mono-00000152,1570.0,0.8749488456792562,1,0.0,0.0
mono-00000152,1570.0,0.8749488456792562,2,0.0,0.0
mono-00000152,1570.0,0.8749488456792562,3,0.0,0.0
mono-00000152,1570.0,0.8749488456792562,4,0.0,0.0
mono-00000152,1570.0,0.8749488456792562,5,0.0,0.0
mono-00000152,1570.0,0.8749488456792562,6,0.0,0.0
mono-00000152,1570.0,0.8749488456792562,7,0.0,0.0
mono-00000152,1570.0,0.8749488456792562,8,0.0,0.0
mono-00000152,1570.0,0.8749488456792562,9,0.0,0.0
mono-00000152,1570.0,0.8749488456792562,10,0.0,0.0
mono-00000152,1570.0,0.8749488456792562,11,0.0,0.0
mono-00000152,1570.0,0.8749488456792562,12,0.0,0.0
mono-00000152,1570.0,0.8749488456792562,13,0.0,0.0
mono-00000152,1570.0,0.8749488456792562,14,0.0,0.0
mono-00000152,1570.0,0.8749488456792562,15,0.0,0.0
mono-00000152,1570.0,0.8749488456792562,16,0.0,0.0
mono-00000152,1570.0,0.8749488456792562,17,0.0,0.0
mono-00000152,1570.0,0.8749488456792562,18,0.0,0.0
mono-00000152,1570.0,0.8749488456792562,19,0.0,0.0
mono-00000152,1570.0,0.8749488456792562,20,0.0,0.0
mono-00000153,1580.0,0.8721763866850267,-20,1.6093347208339848e-06,7.917290877814295
mono-00000153,1580.0,0.8721763866850267,-19,1.8230183958539052e-06,7.718984582549282
mono-00000153,1580.0,0.8721763866850267,-18,2.9174540809551668e-06,7.515480009989588
mono-00000153,1580.0,0.8721763866850267,-17,3.6276434057397897e-06,7.306342795398635
mono-00000153,1580.0,0.8721763866850267,-16,4.385534267207739e-06,7.091074572369067
mono-00000153,1580.0,0.8721763866850267,-15,4.514370624331221e-06,6.869098939238327
mono-00000153,1580.0,0.8721763866850267,-14,7.5995592062523714e-06,6.639743202703144
mono-00000153,1580.0,0.8721763866850267,-13,1.1999879929982085e-05,6.402214233289229
mono-00000153,1580.0,0.8721763866850267,-12,1.6049169792423683e-05,6.155565930608105
mono-00000153,1580.0,0.8721763866850267,-11,1.7249422226954077e-05,5.898654433436889
mono-00000153,1580.0,0.8721763866850267,-10,2.797251948233799e-05,5.630074910872082
mono-00000153,1580.0,0.8721763866850267,-9,6.542303023896566e-05,5.348069733364568
mono-00000153,1580.0,0.8721763866850267,-8,9.201730824710449e-05,5.050390386297153
mono-00000153,1580.0,0.8721763866850267,-7,9.697439674444408e-05,4.734080994401992
mono-00000153,1580.0,0.8721763866850267,-6,0.0004184898836725037,4.395121057720715
mono-00000153,1580.0,0.8721763866850267,-5,0.0008578651532418593,4.027796124671966
mono-00000153,1580.0,0.8721763866850267,-4,0.0008694038933780641,3.6234900590328607
mono-00000153,1580.0,0.8721763866850267,-3,0.026616229976102027,3.1680758650539644
mono-00000153,1580.0,0.8721763866850267,-2,0.14056621688742676,2.6351878254260157
mono-00000153,1580.0,0.8721763866850267,-1,0.20433160935156464,1.962704916816591
mono-00000153,1580.0,0.8721763866850267,0,0.32941602567432204,0.8721763866849415
mono-00000153,1580.0,0.8721763866850267,1,0.0,0.0
mono-00000153,1580.0,0.8721763866850267,2,0.0,0.0
mono-00000153,1580.0,0.8721763866850267,3,0.0,0.0
mono-00000153,1580.0,0.8721763866850267,4,0.0,0.0
mono-00000153,1580.0,0.8721763866850267,5,0.0,0.0
mono-00000153,1580.0,0.8721763866850267,6,0.0,0.0
mono-00000153,1580.0,0.8721763866850267,7,0.0,0.0
mono-00000153,1580.0,0.8721763866850267,8,0.0,0.0
mono-00000153,1580.0,0.8721763866850267,9,0.0,0.0
mono-00000153,1580.0,0.8721763866850267,10,0.0,0.0
mono-00000153,1580.0,0.8721763866850267,11,0.0,0.0
mono-00000153,1580.0,0.8721763866850267,12,0.0,0.0
mono-00000153,1580.0,0.8721763866850267,13,0.0,0.0
mono-00000153,1580.0,0.8721763866850267,14,0.0,0.0
mono-00000153,1580.0,0.8721763866850267,15,0.0,0.0
mono-00000153,1580.0,0.8721763866850267,16,0.0,0.0
mono-00000153,1580.0,0.8721763866850267,17,0.0,0.0
mono-00000153,1580.0,0.8721763866850267,18,0.0,0.0
mono-00000153,1580.0,0.8721763866850267,19,0.0,0.0
mono-00000153,1580.0,0.8721763866850267,20,0.0,0.0
mono-00000154,1590.0,0.86943011711206,-20,1.6222875809155856e-06,7.892314988563726
mono-00000154,1590.0,0.86943011711206,-19,1.8083093946512778e-06,7.694636186582599
mono-00000154,1590.0,0.86943011711206,-18,2.880256549095531e-06,7.491775404594335
mono-00000154,1590.0,0.86943011711206,-17,3.6564276522277403e-06,7.28329964400983
mono-00000154,1590.0,0.86943011711206,-16,4.463310905299015e-06,7.0687121059846305
mono-00000154,1590.0,0.86943011711206,-15,4.507383941301092e-06,6.84743820201048
mono-00000154,1590.0,0.86943011711206,-14,7.558489297310711e-06,6.6188073550004844
mono-00000154,1590.0,0.86943011711206,-13,1.1789475240732357e-05,6.3820289307689535
mono-00000154,1590.0,0.86943011711206,-12,1.6519195231496146e-05,6.136159805713731
mono-00000154,1590.0,0.86943011711206,-11,1.7360826506154796e-05,5.880059717910285
mono-00000154,1590.0,0.86943011711206,-10,2.7265717054431325e-05,5.612328257274967
mono-00000154,1590.0,0.86943011711206,-9,6.58702939515318e-05,5.331213325731056
mono-00000154,1590.0,0.86943011711206,-8,9.414902332686683e-05,5.034473485576697
mono-00000154,1590.0,0.86943011711206,-7,9.611940008642042e-05,4.7191621655479565
mono-00000154,1590.0,0.86943011711206,-6,0.0004113215164205981,4.381271521785948
mono-00000154,1590.0,0.86943011711206,-5,0.0008781331746185226,4.0151050927188265
mono-00000154,1590.0,0.86943011711206,-4,0.0008429649445351383,3.612073869498502
mono-00000154,1590.0,0.86943011711206,-3,0.026986202422680395,3.1580953385264934
mono-00000154,1590.0,0.86943011711206,-2,0.1401138650725157,2.6268868097814106
mono-00000154,1590.0,0.86943011711206,-1,0.20297218534139913,1.956522908547555
mono-00000154,1590.0,0.86943011711206,0,0.3304951744439067,0.8694301171118468
mono-00000154,1590.0,0.86943011711206,1,0.0,0.0
mono-00000154,1590.0,0.86943011711206,2,0.0,0.0
mono-00000154,1590.0,0.86943011711206,3,0.0,0.0
mono-00000154,1590.0,0.86943011711206,4,0.0,0.0
mono-00000154,1590.0,0.86943011711206,5,0.0,0.0
mono-00000154,1590.0,0.86943011711206,6,0.0,0.0
mono-00000154,1590.0,0.86943011711206,7,0.0,0.0
mono-00000154,1590.0,0.86943011711206,8,0.0,0.0
mono-00000154,1590.0,0.86943011711206,9,0.0,0.0
mono-00000154,1590.0,0.86943011711206,10,0.0,0.0
mono-00000154,1590.0,0.86943011711206,11,0.0,0.0
mono-00000154,1590.0,0.86943011711206,12,0.0,0.0
mono-00000154,1590.0,0.86943011711206,13,0.0,0.0
mono-00000154,1590.0,0.86943011711206,14,0.0,0.0
mono-00000154,1590.0,0.86943011711206,15,0.0,0.0
mono-00000154,1590.0,0.86943011711206,16,0.0,0.0
mono-00000154,1590.0,0.86943011711206,17,0.0,0.0
mono-00000154,1590.0,0.86943011711206,18,0.0,0.0
mono-00000154,1590.0,0.86943011711206,19,0.0,0.0
mono-00000154,1590.0,0.86943011711206,20,0.0,0.0
mono-00000155,1600.0,0.866709627219052,-20,1.6284548716115271e-06,7.867573985081663
mono-00000155,1600.0,0.866709627219052,-19,1.8045508101999516e-06,7.670516757173132
mono-00000155,1600.0,0.866709627219052,-18,2.831695996817761e-06,7.468293694230326
mono-00000155,1600.0,0.866709627219052,-17,3.690777856449578e-06,7.260473151001349
mono-00000155,1600.0,0.866709627219052,-16,4.53000850121773e-06,7.04655988150509
mono-00000155,1600.0,0.866709627219052,-15,4.527681113727035e-06,6.82598109338366
mono-00000155,1600.0,0.866709627219052,-14,7.5005827601518645e-06,6.598068305919185
mono-00000155,1600.0,0.866709627219052,-13,1.1590855287806433e-05,6.362033356809789
mono-00000155,1600.0,0.866709627219052,-12,1.696392738779981e-05,6.116936071316886
mono-00000155,1600.0,0.866709627219052,-11,1.747660864661352e-05,5.861639753049488
mono-00000155,1600.0,0.866709627219052,-10,2.6647370077551965e-05,5.594748371269546
mono-00000155,1600.0,0.866709627219052,-9,6.628334875253967e-05,5.314515307473684
mono-00000155,1600.0,0.866709627219052,-8,9.605472444043986e-05,5.018706134472765
mono-00000155,1600.0,0.866709627219052,-7,9.54481672058176e-05,4.704383497698515
mono-00000155,1600.0,0.866709627219052,-6,0.00040401440903574935,4.367552090619014
mono-00000155,1600.0,0.866709627219052,-5,0.0008982793491035768,4.002533272827733
mono-00000155,1600.0,0.866709627219052,-4,0.0008198762917197064,3.600764908227845
mono-00000155,1600.0,0.866709627219052,-3,0.027350755154371825,3.1482085478120894
mono-00000155,1600.0,0.866709627219052,-2,0.13966531313178512,2.6186637493809144
mono-00000155,1600.0,0.866709627219052,-1,0.2016064517733862,1.9503989498304861
mono-00000155,1600.0,0.866709627219052,0,0.33159686669173305,0.8667096272194215
mono-00000155,1600.0,0.866709627219052,1,0.0,0.0
mono-00000155,1600.0,0.866709627219052,2,0.0,0.0
mono-00000155,1600.0,0.866709627219052,3,0.0,0.0
mono-00000155,1600.0,0.866709627219052,4,0.0,0.0
mono-00000155,1600.0,0.866709627219052,5,0.0,0.0
mono-00000155,1600.0,0.866709627219052,6,0.0,0.0
mono-00000155,1600.0,0.866709627219052,7,0.0,0.0
mono-00000155,1600.0,0.866709627219052,8,0.0,0.0
mono-00000155,1600.0,0.866709627219052,9,0.0,0.0
mono-00000155,1600.0,0.866709627219052,10,0.0,0.0
mono-00000155,1600.0,0.866709627219052,11,0.0,0.0
mono-00000155,1600.0,0.866709627219052,12,0.0,0.0
mono-00000155,1600.0,0.866709627219052,13,0.0,0.0
mono-00000155,1600.0,0.866709627219052,14,0.0,0.0
mono-00000155,1600.0,0.866709627219052,15,0.0,0.0
mono-00000155,1600.0,0.866709627219052,16,0.0,0.0
mono-00000155,1600.0,0.866709627219052,17,0.0,0.0
mono-00000155,1600.0,0.866709627219052,18,0.0,0.0
mono-00000155,1600.0,0.866709627219052,19,0.0,0.0
mono-00000155,1600.0,0.866709627219052,20,0.0,0.0
mono-00000156,1610.0,0.8640145161839285,-20,1.6277151306542624e-06,7.843064208654567
mono-00000156,1610.0,0.8640145161839285,-19,1.8106150452238453e-06,7.646622728087138
mono-00000156,1610.0,0.8640145161839285,-18,2.7730336467405866e-06,7.445031407500792
mono-00000156,1610.0,0.8640145161839285,-17,3.7283247744815037e-06,7.237859942370164
mono-00000156,1610.0,0.8640145161839285,-16,4.5850803385664406e-06,7.024614625106253
mono-00000156,1610.0,0.8640145161839285,-15,4.575062999069106e-06,6.804724442761525
mono-00000156,1610.0,0.8640145161839285,-14,7.422830709463652e-06,6.577522991448106
mono-00000156,1610.0,0.8640145161839285,-13,1.1409210312056197e-05,6.3422245577067855
mono-00000156,1610.0,0.8640145161839285,-12,1.7369603532948284e-05,6.097891888173663
mono-00000156,1610.0,0.8640145161839285,-11,1.7601434418921913e-05,5.843391818751172
mono-00000156,1610.0,0.8640145161839285,-10,2.61206537106503e-05,5.577332657216701
mono-00000156,1610.0,0.8640145161839285,-9,6.663082098461287e-05,5.297973213548644
mono-00000156,1610.0,0.8640145161839285,-8,9.771834386109276e-05,5.00308600569862
mono-00000156,1610.0,0.8640145161839285,-7,9.498232977734627e-05,4.689742809843693
mono-00000156,1610.0,0.8640145161839285,-6,0.00039654107164764825,4.353960739852269
mono-00000156,1610.0,0.8640145161839285,-5,0.0009181589904911743,3.990078810263924
mono-00000156,1610.0,0.8640145161839285,-4,0.0008002716336332629,3.589561507067387
mono-00000156,1610.0,0.8640145161839285,-3,0.027705347442085377,3.138414034780155
mono-00000156,1610.0,0.8640145161839285,-2,0.1392012361569088,2.6105174316774082
mono-00000156,1610.0,0.8640145161839285,-1,0.20022427888513983,1.944332137832106
mono-00000156,1610.0,0.8640145161839285,0,0.3327579729512078,0.8640145161839712
mono-00000156,1610.0,0.8640145161839285,1,0.0,0.0
mono-00000156,1610.0,0.8640145161839285,2,0.0,0.0
mono-00000156,1610.0,0.8640145161839285,3,0.0,0.0
mono-00000156,1610.0,0.8640145161839285,4,0.0,0.0
mono-00000156,1610.0,0.8640145161839285,5,0.0,0.0
mono-00000156,1610.0,0.8640145161839285,6,0.0,0.0
mono-00000156,1610.0,0.8640145161839285,7,0.0,0.0
mono-00000156,1610.0,0.8640145161839285,8,0.0,0.0
mono-00000156,1610.0,0.8640145161839285,9,0.0,0.0
mono-00000156,1610.0,0.8640145161839285,10,0.0,0.0
mono-00000156,1610.0,0.8640145161839285,11,0.0,0.0
mono-00000156,1610.0,0.8640145161839285,12,0.0,0.0
mono-00000156,1610.0,0.8640145161839285,13,0.0,0.0
mono-00000156,1610.0,0.8640145161839285,14,0.0,0.0
mono-00000156,1610.0,0.8640145161839285,15,0.0,0.0
mono-00000156,1610.0,0.8640145161839285,16,0.0,0.0
mono-00000156,1610.0,0.8640145161839285,17,0.0,0.0
mono-00000156,1610.0,0.8640145161839285,18,0.0,0.0
mono-00000156,1610.0,0.8640145161839285,19,0.0,0.0
mono-00000156,1610.0,0.8640145161839285,20,0.0,0.0
mono-00000157,1620.0,0.8613443918549422,-20,1.620864858236011e-06,7.818782079861791
mono-00000157,1620.0,0.8613443918549422,-19,1.824965615528017e-06,7.622950610372982
mono-00000157,1620.0,0.8613443918549422,-18,2.706654462208804e-06,7.4219851482303625
mono-00000157,1620.0,0.8613443918549422,-17,3.766563279461396e-06,7.215456717218771
mono-00000157,1620.0,0.8613443918549422,-16,4.6292369788676105e-06,7.002873133893132
mono-00000157,1620.0,0.8613443918549422,-15,4.648712281369388e-06,6.783665148235173
mono-00000157,1620.0,0.8613443918549422,-14,7.324469701544489e-06,6.557168413949185
mono-00000157,1620.0,0.8613443918549422,-13,1.1250520220045907e-05,6.322599643733724
mono-00000157,1620.0,0.8613443918549422,-12,1.7725337037726718e-05,6.079024478534819
mono-00000157,1620.0,0.8613443918549422,-11,1.7742046939916e-05,5.825313253821676
mono-00000157,1620.0,0.8613443918549422,-10,2.568995172185643e-05,5.560078575687328
mono-00000157,1620.0,0.8613443918549422,-9,6.688958765496797e-05,5.281584632289267
mono-00000157,1620.0,0.8613443918549422,-8,9.914262282695542e-05,4.9876108223581355
mono-00000157,1620.0,0.8613443918549422,-7,9.47451753078205e-05,4.675237968193329
mono-00000157,1620.0,0.8613443918549422,-6,0.0003889464457956369,4.340495488943219
mono-00000157,1620.0,0.8613443918549422,-5,0.0009378032145177965,3.9777398904421517
mono-00000157,1620.0,0.8613443918549422,-4,0.0007842032908806549,3.5784620339717463
mono-00000157,1620.0,0.8613443918549422,-3,0.028050362540327396,3.128710372859004
mono-00000157,1620.0,0.8613443918549422,-2,0.13871952556648462,2.602446670365765
mono-00000157,1620.0,0.8613443918549422,-1,0.19882693779148766,1.9383215892561765
mono-00000157,1620.0,0.8613443918549422,0,0.33398755071380754,0.8613443918543453
mono-00000157,1620.0,0.8613443918549422,1,0.0,0.0
mono-00000157,1620.0,0.8613443918549422,2,0.0,0.0
mono-00000157,1620.0,0.8613443918549422,3,0.0,0.0
mono-00000157,1620.0,0.8613443918549422,4,0.0,0.0
mono-00000157,1620.0,0.8613443918549422,5,0.0,0.0
mono-00000157,1620.0,0.8613443918549422,6,0.0,0.0
mono-00000157,1620.0,0.8613443918549422,7,0.0,0.0
mono-00000157,1620.0,0.8613443918549422,8,0.0,0.0
mono-00000157,1620.0,0.8613443918549422,9,0.0,0.0
mono-00000157,1620.0,0.8613443918549422,10,0.0,0.0
mono-00000157,1620.0,0.8613443918549422,11,0.0,0.0
mono-00000157,1620.0,0.8613443918549422,12,0.0,0.0
mono-00000157,1620.0,0.8613443918549422,13,0.0,0.0
mono-00000157,1620.0,0.8613443918549422,14,0.0,0.0
mono-00000157,1620.0,0.8613443918549422,15,0.0,0.0
mono-00000157,1620.0,0.8613443918549422,16,0.0,0.0
mono-00000157,1620.0,0.8613443918549422,17,0.0,0.0
mono-00000157,1620.0,0.8613443918549422,18,0.0,0.0
mono-00000157,1620.0,0.8613443918549422,19,0.0,0.0
mono-00000157,1620.0,0.8613443918549422,20,0.0,0.0
mono-00000158,1630.0,0.8586988705121428,-20,1.6095397434492943e-06,7.794724096379468
mono-00000158,1630.0,0.8586988705121428,-19,1.8456948979690787e-06,7.599496990221709
mono-00000158,1630.0,0.8586988705121428,-18,2.635827899467267e-06,7.399151593382399
mono-00000158,1630.0,0.8586988705121428,-17,3.802962374639008e-06,7.193260245730826
mono-00000158,1630.0,0.8586988705121428,-16,4.6642967706673894e-06,6.98133227393636
mono-00000158,1630.0,0.8586988705121428,-15,4.747002500134536e-06,6.7628001746815585
mono-00000158,1630.0,0.8586988705121428,-14,7.206990372071762e-06,6.537001640320582
mono-00000158,1630.0,0.8586988705121428,-13,1.1120335171966431e-05,6.303155787372461
mono-00000158,1630.0,0.8586988705121428,-12,1.802402375502759e-05,6.0603311244441045
mono-00000158,1630.0,0.8586988705121428,-11,1.7906802974896526e-05,5.807401454346774
mono-00000158,1630.0,0.8586988705121428,-10,2.5358842565545464e-05,5.54298364190673
mono-00000158,1630.0,0.8586988705121428,-9,6.704336318933622e-05,5.265347203929807
mono-00000158,1630.0,0.8586988705121428,-8,0.00010035239091724719,4.972278356551868
mono-00000158,1630.0,0.8586988705121428,-7,9.476191920262065e-05,4.660866884870828
mono-00000158,1630.0,0.8586988705121428,-6,0.00038132380329717697,4.327154399961927
mono-00000158,1630.0,0.8586988705121428,-5,0.0009573944309466688,3.965514737816079
mono-00000158,1630.0,0.8586988705121428,-4,0.0007716148583652723,3.5674648920045087
mono-00000158,1630.0,0.8586988705121428,-3,0.028390593030141416,3.1190961661640983
mono-00000158,1630.0,0.8586988705121428,-2,0.13823252510071515,2.5944503046575846
mono-00000158,1630.0,0.8586988705121428,-1,0.1974273302814169,1.9323664398038432
mono-00000158,1630.0,0.8586988705121428,0,0.33527315904401683,0.858698870512228
mono-00000158,1630.0,0.8586988705121428,1,0.0,0.0
mono-00000158,1630.0,0.8586988705121428,2,0.0,0.0
mono-00000158,1630.0,0.8586988705121428,3,0.0,0.0
mono-00000158,1630.0,0.8586988705121428,4,0.0,0.0
mono-00000158,1630.0,0.8586988705121428,5,0.0,0.0
mono-00000158,1630.0,0.8586988705121428,6,0.0,0.0
mono-00000158,1630.0,0.8586988705121428,7,0.0,0.0
mono-00000158,1630.0,0.8586988705121428,8,0.0,0.0
mono-00000158,1630.0,0.8586988705121428,9,0.0,0.0
mono-00000158,1630.0,0.8586988705121428,10,0.0,0.0
mono-00000158,1630.0,0.8586988705121428,11,0.0,0.0
mono-00000158,1630.0,0.8586988705121428,12,0.0,0.0
mono-00000158,1630.0,0.8586988705121428,13,0.0,0.0
mono-00000158,1630.0,0.8586988705121428,14,0.0,0.0
mono-00000158,1630.0,0.8586988705121428,15,0.0,0.0
mono-00000158,1630.0,0.8586988705121428,16,0.0,0.0
mono-00000158,1630.0,0.8586988705121428,17,0.0,0.0
mono-00000158,1630.0,0.8586988705121428,18,0.0,0.0
mono-00000158,1630.0,0.8586988705121428,19,0.0,0.0
mono-00000158,1630.0,0.8586988705121428,20,0.0,0.0
mono-00000159,1640.0,0.8560775766344335,-20,1.5955016188094382e-06,7.770886830857918
mono-00000159,1640.0,0.8560775766344335,-19,1.870226700096554e-06,7.576258526897945
mono-00000159,1640.0,0.8560775766344335,-18,2.563414335589712e-06,7.376527491045451
mono-00000159,1640.0,0.8560775766344335,-17,3.83401464247673e-06,7.171267367214469
mono-00000159,1640.0,0.8560775766344335,-16,4.69156024336316e-06,6.9599889783737865
mono-00000159,1640.0,0.8560775766344335,-15,4.866539823135728e-06,6.742126551925509
mono-00000159,1640.0,0.8560775766344335,-14,7.071903185179497e-06,6.517019800220069
mono-00000159,1640.0,0.8560775766344335,-13,1.1019296689823089e-05,6.283890221600828
mono-00000159,1640.0,0.8560775766344335,-12,1.8256528888028065e-05,6.041809166092463
mono-00000159,1640.0,0.8560775766344335,-11,1.810004923075914e-05,5.789653872115423
mono-00000159,1640.0,0.8560775766344335,-10,2.512489403401906e-05,5.526045424250498
mono-00000159,1640.0,0.8560775766344335,-9,6.706479767978058e-05,5.249258619176871
mono-00000159,1640.0,0.8560775766344335,-8,0.00010134648167929144,4.957086428028589
mono-00000159,1640.0,0.8560775766344335,-7,9.504350465014407e-05,4.646627516649602
mono-00000159,1640.0,0.8560775766344335,-6,0.0003736737625502351,4.313935576418842
mono-00000159,1640.0,0.8560775766344335,-5,0.0009767914869409269,3.953401614803994
mono-00000159,1640.0,0.8560775766344335,-4,0.0007626114799625871,3.5565685183719467
mono-00000159,1640.0,0.8560775766344335,-3,0.028721340131190272,3.1095700486515767
mono-00000159,1640.0,0.8560775766344335,-2,0.13772033104282225,2.586527198576732
mono-00000159,1640.0,0.8560775766344335,-1,0.19600923315513435,1.9264658436486854
mono-00000159,1640.0,0.8560775766344335,0,0.3366317151978605,0.8560775766342346
mono-00000159,1640.0,0.8560775766344335,1,0.0,0.0
mono-00000159,1640.0,0.8560775766344335,2,0.0,0.0
mono-00000159,1640.0,0.8560775766344335,3,0.0,0.0
mono-00000159,1640.0,0.8560775766344335,4,0.0,0.0
mono-00000159,1640.0,0.8560775766344335,5,0.0,0.0
mono-00000159,1640.0,0.8560775766344335,6,0.0,0.0
mono-00000159,1640.0,0.8560775766344335,7,0.0,0.0
mono-00000159,1640.0,0.8560775766344335,8,0.0,0.0
mono-00000159,1640.0,0.8560775766344335,9,0.0,0.0
mono-00000159,1640.0,0.8560775766344335,10,0.0,0.0
mono-00000159,1640.0,0.8560775766344335,11,0.0,0.0
mono-00000159,1640.0,0.8560775766344335,12,0.0,0.0
mono-00000159,1640.0,0.8560775766344335,13,0.0,0.0
mono-00000159,1640.0,0.8560775766344335,14,0.0,0.0
mono-00000159,1640.0,0.8560775766344335,15,0.0,0.0
mono-00000159,1640.0,0.8560775766344335,16,0.0,0.0
mono-00000159,1640.0,0.8560775766344335,17,0.0,0.0
mono-00000159,1640.0,0.8560775766344335,18,0.0,0.0
mono-00000159,1640.0,0.8560775766344335,19,0.0,0.0
mono-00000159,1640.0,0.8560775766344335,20,0.0,0.0
mono-00000160,1650.0,0.8534801426769718,-20,1.5808191780752628e-06,7.747266928871568
mono-00000160,1650.0,0.8534801426769718,-19,1.8960088638799258e-06,7.55323195074223
mono-00000160,1650.0,0.8534801426769718,-18,2.492270860832843e-06,7.354109658488795
mono-00000160,1650.0,0.8534801426769718,-17,3.856466083938406e-06,7.149474988213328
mono-00000160,1650.0,0.8534801426769718,-16,4.713028687063587e-06,6.938840245577552
mono-00000160,1650.0,0.8534801426769718,-15,5.003587698933981e-06,6.721641372964598
mono-00000160,1650.0,0.8534801426769718,-14,6.9224619978632014e-06,6.497220084350431
mono-00000160,1650.0,0.8534801426769718,-13,1.0945746207040465e-05,6.2648002382395305
mono-00000160,1650.0,0.8534801426769718,-12,1.8417264710553587e-05,6.0234560002296575
mono-00000160,1650.0,0.8534801426769718,-11,1.832761914393473e-05,5.772068013098391
mono-00000160,1650.0,0.8534801426769718,-10,2.4985740260679295e-05,5.509261542793311
mono-00000160,1650.0,0.8534801426769718,-9,6.693560836689681e-05,5.233316617831477
mono-00000160,1650.0,0.8534801426769718,-8,0.00010212881812684967,4.942032902884478
mono-00000160,1650.0,0.8534801426769718,-7,9.562001124163524e-05,4.6325178637343924
mono-00000160,1650.0,0.8534801426769718,-6,0.0003659821320022082,4.300837162133348
mono-00000160,1650.0,0.8534801426769718,-5,0.0009958536690225955,3.941398820753392
mono-00000160,1650.0,0.8534801426769718,-4,0.0007576409238180372,3.5457713834922657
mono-00000160,1650.0,0.8534801426769718,-3,0.029040507869024623,3.1001306833068014
mono-00000160,1650.0,0.8534801426769718,-2,0.1371800559411109,2.5786762402855032
mono-00000160,1650.0,0.8534801426769718,-1,0.19458635344705166,1.9206189729357845
mono-00000160,1650.0,0.8534801426769718,0,0.33818047341121826,0.8534801426773555
mono-00000160,1650.0,0.8534801426769718,1,0.0,0.0
mono-00000160,1650.0,0.8534801426769718,2,0.0,0.0
mono-00000160,1650.0,0.8534801426769718,3,0.0,0.0
mono-00000160,1650.0,0.8534801426769718,4,0.0,0.0
mono-00000160,1650.0,0.8534801426769718,5,0.0,0.0
mono-00000160,1650.0,0.8534801426769718,6,0.0,0.0
mono-00000160,1650.0,0.8534801426769718,7,0.0,0.0
mono-00000160,1650.0,0.8534801426769718,8,0.0,0.0
mono-00000160,1650.0,0.8534801426769718,9,0.0,0.0
mono-00000160,1650.0,0.8534801426769718,10,0.0,0.0
mono-00000160,1650.0,0.8534801426769718,11,0.0,0.0
mono-00000160,1650.0,0.8534801426769718,12,0.0,0.0
mono-00000160,1650.0,0.8534801426769718,13,0.0,0.0
mono-00000160,1650.0,0.8534801426769718,14,0.0,0.0
mono-00000160,1650.0,0.8534801426769718,15,0.0,0.0
mono-00000160,1650.0,0.8534801426769718,16,0.0,0.0
mono-00000160,1650.0,0.8534801426769718,17,0.0,0.0
mono-00000160,1650.0,0.8534801426769718,18,0.0,0.0
mono-00000160,1650.0,0.8534801426769718,19,0.0,0.0
mono-00000160,1650.0,0.8534801426769718,20,0.0,0.0
mono-00000161,1660.0,0.8509062088537291,-20,1.567994947145718e-06,7.723861106935431
mono-00000161,1660.0,0.8509062088537291,-19,1.9205962431627734e-06,7.530414061237607
mono-00000161,1660.0,0.8509062088537291,-18,2.4258519234093136e-06,7.331894980281035
mono-00000161,1660.0,0.8509062088537291,-17,3.867538823590262e-06,7.12788008067713
mono-00000161,1660.0,0.8509062088537291,-16,4.730985641496744e-06,6.917883137379832
mono-00000161,1660.0,0.8509062088537291,-15,5.153917511786599e-06,6.701341792251213
mono-00000161,1660.0,0.8509062088537291,-14,6.76358224345805e-06,6.477599742799072
mono-00000161,1660.0,0.8509062088537291,-13,1.0899425916632556e-05,6.245883186352316
mono-00000161,1660.0,0.8509062088537291,-12,1.8503556767039427e-05,6.0052690786262275
mono-00000161,1660.0,0.8509062088537291,-11,1.859397945861532e-05,5.754641435974605
mono-00000161,1660.0,0.8509062088537291,-10,2.4938536253436656e-05,5.492629667902676
mono-00000161,1660.0,0.8509062088537291,-9,6.66408299156606e-05,5.217518987453687
mono-00000161,1660.0,0.8509062088537291,-8,0.00010272533588314065,4.92711569230292
mono-00000161,1660.0,0.8509062088537291,-7,9.649736245219618e-05,4.618535968580261
mono-00000161,1660.0,0.8509062088537291,-6,0.00035833875946866063,4.28785734013799
mono-00000161,1660.0,0.8509062088537291,-5,0.0010146699205425887,3.9295046909361275
mono-00000161,1660.0,0.8509062088537291,-4,0.0007566267000099443,3.5350719900916943
mono-00000161,1660.0,0.8509062088537291,-3,0.029349383488984047,3.090776761353041
mono-00000161,1660.0,0.8509062088537291,-2,0.13660997908463152,2.5708963414260353
mono-00000161,1660.0,0.8509062088537291,-1,0.1931514222381405,1.9148250172914771
mono-00000161,1660.0,0.8509062088537291,0,0.3398879370604992,0.8509062088543402
mono-00000161,1660.0,0.8509062088537291,1,0.0,0.0
mono-00000161,1660.0,0.8509062088537291,2,0.0,0.0
mono-00000161,1660.0,0.8509062088537291,3,0.0,0.0
mono-00000161,1660.0,0.8509062088537291,4,0.0,0.0
mono-00000161,1660.0,0.8509062088537291,5,0.0,0.0
mono-00000161,1660.0,0.8509062088537291,6,0.0,0.0
mono-00000161,1660.0,0.8509062088537291,7,0.0,0.0
mono-00000161,1660.0,0.8509062088537291,8,0.0,0.0
mono-00000161,1660.0,0.8509062088537291,9,0.0,0.0
mono-00000161,1660.0,0.8509062088537291,10,0.0,0.0
mono-00000161,1660.0,0.8509062088537291,11,0.0,0.0
mono-00000161,1660.0,0.8509062088537291,12,0.0,0.0
mono-00000161,1660.0,0.8509062088537291,13,0.0,0.0
mono-00000161,1660.0,0.8509062088537291,14,0.0,0.0
mono-00000161,1660.0,0.8509062088537291,15,0.0,0.0
mono-00000161,1660.0,0.8509062088537291,16,0.0,0.0
mono-00000161,1660.0,0.8509062088537291,17,0.0,0.0
mono-00000161,1660.0,0.8509062088537291,18,0.0,0.0
mono-00000161,1660.0,0.8509062088537291,19,0.0,0.0
mono-00000161,1660.0,0.8509062088537291,20,0.0,0.0
mono-00000162,1670.0,0.8483554229286057,-20,1.5595983486103948e-06,7.700666150587921
mono-00000162,1670.0,0.8483554229286057,-19,1.9417725568833602e-06,7.507801725141448
mono-00000162,1670.0,0.8483554229286057,-18,2.367439265047449e-06,7.30988040647145
mono-00000162,1670.0,0.8483554229286057,-17,3.865069839502113e-06,7.106479680195321
mono-00000162,1670.0,0.8483554229286057,-16,4.7477022874609086e-06,6.897114777358482
mono-00000162,1670.0,0.8483554229286057,-15,5.312562364923562e-06,6.681225024032813
mono-00000162,1670.0,0.8483554229286057,-14,6.601636324768584e-06,6.458156083434446
mono-00000162,1670.0,0.8483554229286057,-13,1.0878109920769349e-05,6.227136470699918
mono-00000162,1670.0,0.8483554229286057,-12,1.8516822755602245e-05,5.987245906587901
mono-00000162,1670.0,0.8483554229286057,-11,1.8902098778666805e-05,5.737371750708363
mono-00000162,1670.0,0.8483554229286057,-10,2.4976834551649452e-05,5.476147518881419
mono-00000162,1670.0,0.8483554229286057,-9,6.616870988022458e-05,5.201863562073953
mono-00000162,1670.0,0.8483554229286057,-8,0.00010317922916837709,4.912332751337374
mono-00000162,1670.0,0.8483554229286057,-7,9.767218059964323e-05,4.604679914752282
mono-00000162,1670.0,0.8483554229286057,-6,0.0003508520867186486,4.274994331620221
mono-00000162,1670.0,0.8483554229286057,-5,0.001033381478443453,3.9177175955791768
mono-00000162,1670.0,0.8483554229286057,-4,0.0007592502263736057,3.524468872333429
mono-00000162,1670.0,0.8483554229286057,-3,0.029650527966110396,3.081507001490465
mono-00000162,1670.0,0.8483554229286057,-2,0.13600941425165006,2.563186436488408
mono-00000162,1670.0,0.8483554229286057,-1,0.19169576539994926,1.9090831833517683
mono-00000162,1670.0,0.8483554229286057,0,0.34168176258712557,0.8483554229283214
mono-00000162,1670.0,0.8483554229286057,1,0.0,0.0
mono-00000162,1670.0,0.8483554229286057,2,0.0,0.0
mono-00000162,1670.0,0.8483554229286057,3,0.0,0.0
mono-00000162,1670.0,0.8483554229286057,4,0.0,0.0
mono-00000162,1670.0,0.8483554229286057,5,0.0,0.0
mono-00000162,1670.0,0.8483554229286057,6,0.0,0.0
mono-00000162,1670.0,0.8483554229286057,7,0.0,0.0
mono-00000162,1670.0,0.8483554229286057,8,0.0,0.0
mono-00000162,1670.0,0.8483554229286057,9,0.0,0.0
mono-00000162,1670.0,0.8483554229286057,10,0.0,0.0
mono-00000162,1670.0,0.8483554229286057,11,0.0,0.0
mono-00000162,1670.0,0.8483554229286057,12,0.0,0.0
mono-00000162,1670.0,0.8483554229286057,13,0.0,0.0
mono-00000162,1670.0,0.8483554229286057,14,0.0,0.0
mono-00000162,1670.0,0.8483554229286057,15,0.0,0.0
mono-00000162,1670.0,0.8483554229286057,16,0.0,0.0
mono-00000162,1670.0,0.8483554229286057,17,0.0,0.0
mono-00000162,1670.0,0.8483554229286057,18,0.0,0.0
mono-00000162,1670.0,0.8483554229286057,19,0.0,0.0
mono-00000162,1670.0,0.8483554229286057,20,0.0,0.0
mono-00000163,1680.0,0.8458274400127834,-20,1.556431898712369e-06,7.677678912536649
mono-00000163,1680.0,0.8458274400127834,-19,1.955995451884328e-06,7.485391874678328
mono-00000163,1680.0,0.8458274400127834,-18,2.317566570394119e-06,7.288062950831659
mono-00000163,1680.0,0.8458274400127834,-17,3.843297280111363e-06,7.0852708842875955
mono-00000163,1680.0,0.8458274400127834,-16,4.7601501154219784e-06,6.876532349179271
mono-00000163,1680.0,0.8458274400127834,-15,5.4698483316821205e-06,6.66128834074577
mono-00000163,1680.0,0.8458274400127834,-14,6.437587304494284e-06,6.438886470354305
mono-00000163,1680.0,0.8458274400127834,-13,1.0868821711895138e-05,6.208557550244805
mono-00000163,1680.0,0.8458274400127834,-12,1.843775375731325e-05,5.9693840415182535
mono-00000163,1680.0,0.8458274400127834,-11,1.923332381364318e-05,5.720256617172552
mono-00000163,1680.0,0.8458274400127834,-10,2.5076414543052176e-05,5.459812862654246
mono-00000163,1680.0,0.8458274400127834,-9,6.544598201612026e-05,5.186348220945362
mono-00000163,1680.0,0.8458274400127834,-8,0.0001033925208345306,4.897682077734288
mono-00000163,1680.0,0.8458274400127834,-7,9.904597078859079e-05,4.590947825822482
mono-00000163,1680.0,0.8458274400127834,-6,0.00034335015544392105,4.262246394898781
mono-00000163,1680.0,0.8458274400127834,-5,0.0010507796105770088,3.9060359389276584
mono-00000163,1680.0,0.8458274400127834,-4,0.0007652864370933553,3.513960594973881
mono-00000163,1680.0,0.8458274400127834,-3,0.029901908283383002,3.0723201491594665
mono-00000163,1680.0,0.8458274400127834,-2,0.13521652569175818,2.5555454821972887
mono-00000163,1680.0,0.8458274400127834,-1,0.190046842347845,1.9033926943077262
mono-00000163,1680.0,0.8458274400127834,0,0.34348441054819256,0.8458274400129113
mono-00000163,1680.0,0.8458274400127834,1,0.0,0.0
mono-00000163,1680.0,0.8458274400127834,2,0.0,0.0
mono-00000163,1680.0,0.8458274400127834,3,0.0,0.0
mono-00000163,1680.0,0.8458274400127834,4,0.0,0.0
mono-00000163,1680.0,0.8458274400127834,5,0.0,0.0
mono-00000163,1680.0,0.8458274400127834,6,0.0,0.0
mono-00000163,1680.0,0.8458274400127834,7,0.0,0.0
mono-00000163,1680.0,0.8458274400127834,8,0.0,0.0
mono-00000163,1680.0,0.8458274400127834,9,0.0,0.0
mono-00000163,1680.0,0.8458274400127834,10,0.0,0.0
mono-00000163,1680.0,0.8458274400127834,11,0.0,0.0
mono-00000163,1680.0,0.8458274400127834,12,0.0,0.0
mono-00000163,1680.0,0.8458274400127834,13,0.0,0.0
mono-00000163,1680.0,0.8458274400127834,14,0.0,0.0
mono-00000163,1680.0,0.8458274400127834,15,0.0,0.0
mono-00000163,1680.0,0.8458274400127834,16,0.0,0.0
mono-00000163,1680.0,0.8458274400127834,17,0.0,0.0
mono-00000163,1680.0,0.8458274400127834,18,0.0,0.0
mono-00000163,1680.0,0.8458274400127834,19,0.0,0.0
mono-00000163,1680.0,0.8458274400127834,20,0.0,0.0
mono-00000164,1690.0,0.8433219223690287,-20,1.561501355539686e-06,7.65489631086426
mono-00000164,1690.0,0.8433219223690287,-19,1.963648078039116e-06,7.463181505791269
mono-00000164,1690.0,0.8433219223690287,-18,2.279809351842243e-06,7.266439689153103
mono-00000164,1690.0,0.8433219223690287,-17,3.8053532931840754e-06,7.064250850749758
mono-00000164,1690.0,0.8433219223690287,-16,4.774216685432518e-06,6.856133094990454
mono-00000164,1690.0,0.8433219223690287,-15,5.624189363150394e-06,6.641529071462003
mono-00000164,1690.0,0.8433219223690287,-14,6.284770506340243e-06,6.4197883223844485
mono-00000164,1690.0,0.8433219223690287,-13,1.087154581306415e-05,6.190143936703649
mono-00000164,1690.0,0.8433219223690287,-12,1.8294939220290606e-05,5.951681091527604
mono-00000164,1690.0,0.8433219223690287,-11,1.960459275278431e-05,5.703293743815706
mono-00000164,1690.0,0.8433219223690287,-10,2.5240150882803537e-05,5.443623512496032
mono-00000164,1690.0,0.8433219223690287,-9,6.45295663305808e-05,5.170970887336594
mono-00000164,1690.0,0.8433219223690287,-8,0.000103538801503037,4.883161710793104
mono-00000164,1690.0,0.8433219223690287,-7,0.00010070185735631989,4.577337864301555
mono-00000164,1690.0,0.8433219223690287,-6,0.00033613992880906585,4.249611824431938
mono-00000164,1690.0,0.8433219223690287,-5,0.0010680151135391252,3.8944581583353113
mono-00000164,1690.0,0.8433219223690287,-4,0.0007745970192698239,3.5035457525464153
mono-00000164,1690.0,0.8433219223690287,-3,0.03014440374881561,3.063214975826128
mono-00000164,1690.0,0.8433219223690287,-2,0.1343789505853145,2.547972456918103
mono-00000164,1690.0,0.8433219223690287,-1,0.18837009512931427,1.897752789461265
mono-00000164,1690.0,0.8433219223690287,0,0.34536681637435934,0.8433219223688297
mono-00000164,1690.0,0.8433219223690287,1,0.0,0.0
mono-00000164,1690.0,0.8433219223690287,2,0.0,0.0
mono-00000164,1690.0,0.8433219223690287,3,0.0,0.0
mono-00000164,1690.0,0.8433219223690287,4,0.0,0.0
mono-00000164,1690.0,0.8433219223690287,5,0.0,0.0
mono-00000164,1690.0,0.8433219223690287,6,0.0,0.0
mono-00000164,1690.0,0.8433219223690287,7,0.0,0.0
mono-00000164,1690.0,0.8433219223690287,8,0.0,0.0
mono-00000164,1690.0,0.8433219223690287,9,0.0,0.0
mono-00000164,1690.0,0.8433219223690287,10,0.0,0.0
mono-00000164,1690.0,0.8433219223690287,11,0.0,0.0
mono-00000164,1690.0,0.8433219223690287,12,0.0,0.0
mono-00000164,1690.0,0.8433219223690287,13,0.0,0.0
mono-00000164,1690.0,0.8433219223690287,14,0.0,0.0
mono-00000164,1690.0,0.8433219223690287,15,0.0,0.0
mono-00000164,1690.0,0.8433219223690287,16,0.0,0.0
mono-00000164,1690.0,0.8433219223690287,17,0.0,0.0
mono-00000164,1690.0,0.8433219223690287,18,0.0,0.0
mono-00000164,1690.0,0.8433219223690287,19,0.0,0.0
mono-00000164,1690.0,0.8433219223690287,20,0.0,0.0
mono-00000165,1700.0,0.8408385392218776,-20,1.5757950458332392e-06,7.632315327293057
mono-00000165,1700.0,0.8408385392218776,-19,1.96433385398466e-06,7.4411676764506325
mono-00000165,1700.0,0.8408385392218776,-18,2.2549776322047086e-06,7.245007757601698
mono-00000165,1700.0,0.8408385392218776,-17,3.7515812131553786e-06,7.043416796054572
mono-00000165,1700.0,0.8408385392218776,-16,4.7907169709652975e-06,6.835914313871712
mono-00000165,1700.0,0.8408385392218776,-15,5.7703792468790755e-06,6.6219446003858025
mono-00000165,1700.0,0.8408385392218776,-14,6.150603527638297e-06,6.40085911162673
mono-00000165,1700.0,0.8408385392218776,-13,1.0878214516395468e-05,6.1718931931482075
mono-00000165,1700.0,0.8408385392218776,-12,1.8098231843309093e-05,5.934134714088287
mono-00000165,1700.0,0.8408385392218776,-11,2.00124338990658e-05,5.686480886374525
mono-00000165,1700.0,0.8408385392218776,-10,2.545420664200991e-05,5.4275773268031315
mono-00000165,1700.0,0.8408385392218776,-9,6.342374430874369e-05,5.155729527364741
mono-00000165,1700.0,0.8408385392218776,-8,0.0001036644521365197,4.868769730264688
mono-00000165,1700.0,0.8408385392218776,-7,0.00010262081652244536,4.563848230607164
mono-00000165,1700.0,0.8408385392218776,-6,0.000329287864277977,4.237088949860436
mono-00000165,1700.0,0.8408385392218776,-5,0.0010850841742557475,3.882982723388409
mono-00000165,1700.0,0.8408385392218776,-4,0.0007867858372381045,3.493222968571871
mono-00000165,1700.0,0.8408385392218776,-3,0.030378661358160086,3.0541902782934187
mono-00000165,1700.0,0.8408385392218776,-2,0.13349248295949537,2.5404663600847215
mono-00000165,1700.0,0.8408385392218776,-1,0.18666018983340296,1.8921627238007375
mono-00000165,1700.0,0.8408385392218776,0,0.34728213784279954,0.8408385392221049
mono-00000165,1700.0,0.8408385392218776,1,0.0,0.0
mono-00000165,1700.0,0.8408385392218776,2,0.0,0.0
mono-00000165,1700.0,0.8408385392218776,3,0.0,0.0
mono-00000165,1700.0,0.8408385392218776,4,0.0,0.0
mono-00000165,1700.0,0.8408385392218776,5,0.0,0.0
mono-00000165,1700.0,0.8408385392218776,6,0.0,0.0
mono-00000165,1700.0,0.8408385392218776,7,0.0,0.0
mono-00000165,1700.0,0.8408385392218776,8,0.0,0.0
mono-00000165,1700.0,0.8408385392218776,9,0.0,0.0
mono-00000165,1700.0,0.8408385392218776,10,0.0,0.0
mono-00000165,1700.0,0.8408385392218776,11,0.0,0.0
mono-00000165,1700.0,0.8408385392218776,12,0.0,0.0
mono-00000165,1700.0,0.8408385392218776,13,0.0,0.0
mono-00000165,1700.0,0.8408385392218776,14,0.0,0.0
mono-00000165,1700.0,0.8408385392218776,15,0.0,0.0
mono-00000165,1700.0,0.8408385392218776,16,0.0,0.0
mono-00000165,1700.0,0.8408385392218776,17,0.0,0.0
mono-00000165,1700.0,0.8408385392218776,18,0.0,0.0
mono-00000165,1700.0,0.8408385392218776,19,0.0,0.0
mono-00000165,1700.0,0.8408385392218776,20,0.0,0.0
mono-00000166,1710.0,0.8383769665744296,-20,1.5993715406784215e-06,7.609933005504885
mono-00000166,1710.0,0.8383769665744296,-19,1.95824129093617e-06,7.419347505016717
mono-00000166,1710.0,0.8383769665744296,-18,2.242817100411492e-06,7.223764351123506
mono-00000166,1710.0,0.8383769665744296,-17,3.683001154104668e-06,7.022765993802622
mono-00000166,1710.0,0.8383769665744296,-16,4.8092313494025886e-06,6.815873360330954
mono-00000166,1710.0,0.8383769665744296,-15,5.902819253259582e-06,6.602532365399242
mono-00000166,1710.0,0.8383769665744296,-14,6.04153521953477e-06,6.382096362052835
mono-00000166,1710.0,0.8383769665744296,-13,1.0879210305077822e-05,6.153802932649924
mono-00000166,1710.0,0.8383769665744296,-12,1.7858149250772264e-05,5.916742614731788
mono-00000166,1710.0,0.8383769665744296,-11,2.0448189380905717e-05,5.669815846625212
mono-00000166,1710.0,0.8383769665744296,-10,2.569922087828147e-05,5.411672207902171
mono-00000166,1710.0,0.8383769665744296,-9,6.213327920348959e-05,5.1406221488646935
mono-00000166,1710.0,0.8383769665744296,-8,0.0001038082887180653,4.854504255284013
mono-00000166,1710.0,0.8383769665744296,-7,0.00010475535283061888,4.550477162063174
mono-00000166,1710.0,0.8383769665744296,-6,0.0003228359460976756,4.224676135078312
mono-00000166,1710.0,0.8383769665744296,-5,0.0011018317048363429,3.871608135054487
mono-00000166,1710.0,0.8383769665744296,-4,0.0008010854948706793,3.482990894793957
mono-00000166,1710.0,0.8383769665744296,-3,0.030600444992957773,3.045244878031795
mono-00000166,1710.0,0.8383769665744296,-2,0.1325332457872257,2.5330262116421807
mono-00000166,1710.0,0.8383769665744296,-1,0.18488851079826688,1.886621767585197
mono-00000166,1710.0,0.8383769665744296,0,0.3491185695407747,0.8383769665744438
mono-00000166,1710.0,0.8383769665744296,1,0.0,0.0
mono-00000166,1710.0,0.8383769665744296,2,0.0,0.0
mono-00000166,1710.0,0.8383769665744296,3,0.0,0.0
mono-00000166,1710.0,0.8383769665744296,4,0.0,0.0
mono-00000166,1710.0,0.8383769665744296,5,0.0,0.0
mono-00000166,1710.0,0.8383769665744296,6,0.0,0.0
mono-00000166,1710.0,0.8383769665744296,7,0.0,0.0
mono-00000166,1710.0,0.8383769665744296,8,0.0,0.0
mono-00000166,1710.0,0.8383769665744296,9,0.0,0.0
mono-00000166,1710.0,0.8383769665744296,10,0.0,0.0
mono-00000166,1710.0,0.8383769665744296,11,0.0,0.0
mono-00000166,1710.0,0.8383769665744296,12,0.0,0.0
mono-00000166,1710.0,0.8383769665744296,13,0.0,0.0
mono-00000166,1710.0,0.8383769665744296,14,0.0,0.0
mono-00000166,1710.0,0.8383769665744296,15,0.0,0.0
mono-00000166,1710.0,0.8383769665744296,16,0.0,0.0
mono-00000166,1710.0,0.8383769665744296,17,0.0,0.0
mono-00000166,1710.0,0.8383769665744296,18,0.0,0.0
mono-00000166,1710.0,0.8383769665744296,19,0.0,0.0
mono-00000166,1710.0,0.8383769665744296,20,0.0,0.0
mono-00000167,1720.0,0.8359368870306412,-20,1.6317634942933389e-06,7.587746449515947
mono-00000167,1720.0,0.8359368870306412,-19,1.9468548287724428e-06,7.397718168655615
mono-00000167,1720.0,0.8359368870306412,-18,2.2423538071385498e-06,7.202706721903681
mono-00000167,1720.0,0.8359368870306412,-17,3.602191069750362e-06,7.002295773224233
mono-00000167,1720.0,0.8359368870306412,-16,4.830404736950913e-06,6.796007642851336
mono-00000167,1720.0,0.8359368870306412,-15,6.0197187607578755e-06,6.583289856654517
mono-00000167,1720.0,0.8359368870306412,-14,5.963880829002816e-06,6.363497648144701
mono-00000167,1720.0,0.8359368870306412,-13,1.086753413551199e-05,6.135870816969117
mono-00000167,1720.0,0.8359368870306412,-12,1.7588921334319457e-05,5.8995025457892325
mono-00000167,1720.0,0.8359368870306412,-11,2.091159456650961e-05,5.653296471177356
mono-00000167,1720.0,0.8359368870306412,-10,2.596952588954675e-05,5.395906100899495
mono-00000167,1720.0,0.8359368870306412,-9,6.0687655186183434e-05,5.125646800296153
mono-00000167,1720.0,0.8359368870306412,-8,0.00010400699706861174,4.840363443338305
mono-00000167,1720.0,0.8359368870306412,-7,0.00010713246485050529,4.537222931933215
mono-00000167,1720.0,0.8359368870306412,-6,0.00031682332223035426,4.212371777336486
mono-00000167,1720.0,0.8359368870306412,-5,0.0011183267484980847,3.8603329248608276
mono-00000167,1720.0,0.8359368870306412,-4,0.0008179466626080909,3.4728482104405884
mono-00000167,1720.0,0.8359368870306412,-3,0.030817580045222948,3.0363776205343953
mono-00000167,1720.0,0.8359368870306412,-2,0.1315370166272155,2.5256510515110904
mono-00000167,1720.0,0.8359368870306412,-1,0.18310697469463583,1.8811292059457827
mono-00000167,1720.0,0.8359368870306412,0,0.3510244967788513,0.835936887030627
mono-00000167,1720.0,0.8359368870306412,1,0.0,0.0
mono-00000167,1720.0,0.8359368870306412,2,0.0,0.0
mono-00000167,1720.0,0.8359368870306412,3,0.0,0.0
mono-00000167,1720.0,0.8359368870306412,4,0.0,0.0
mono-00000167,1720.0,0.8359368870306412,5,0.0,0.0
mono-00000167,1720.0,0.8359368870306412,6,0.0,0.0
mono-00000167,1720.0,0.8359368870306412,7,0.0,0.0
mono-00000167,1720.0,0.8359368870306412,8,0.0,0.0
mono-00000167,1720.0,0.8359368870306412,9,0.0,0.0
mono-00000167,1720.0,0.8359368870306412,10,0.0,0.0
mono-00000167,1720.0,0.8359368870306412,11,0.0,0.0
mono-00000167,1720.0,0.8359368870306412,12,0.0,0.0
mono-00000167,1720.0,0.8359368870306412,13,0.0,0.0
mono-00000167,1720.0,0.8359368870306412,14,0.0,0.0
mono-00000167,1720.0,0.8359368870306412,15,0.0,0.0
mono-00000167,1720.0,0.8359368870306412,16,0.0,0.0
mono-00000167,1720.0,0.8359368870306412,17,0.0,0.0
mono-00000167,1720.0,0.8359368870306412,18,0.0,0.0
mono-00000167,1720.0,0.8359368870306412,19,0.0,0.0
mono-00000167,1720.0,0.8359368870306412,20,0.0,0.0
mono-00000168,1730.0,0.8335179896236156,-20,1.6716681822052255e-06,7.565752822102397
mono-00000168,1730.0,0.8335179896236156,-19,1.9318153771927488e-06,7.376276901805156
mono-00000168,1730.0,0.8335179896236156,-18,2.251843543075399e-06,7.181832177872636
mono-00000168,1730.0,0.8335179896236156,-17,3.511571215152296e-06,6.982003517728387
mono-00000168,1730.0,0.8335179896236156,-16,4.853184074211688e-06,6.776314622482744
mono-00000168,1730.0,0.8335179896236156,-15,6.119244603562365e-06,6.564214615210304
mono-00000168,1730.0,0.8335179896236156,-14,5.921740671567417e-06,6.345060593577031
mono-00000168,1730.0,0.8335179896236156,-13,1.0836308387182772e-05,6.118094555285282
mono-00000168,1730.0,0.8335179896236156,-12,1.7300665646620435e-05,5.882412305170831
mono-00000168,1730.0,0.8335179896236156,-11,2.13962058043057e-05,5.636920650304603
mono-00000168,1730.0,0.8335179896236156,-10,2.625655090555538e-05,5.380276992564902
mono-00000168,1730.0,0.8335179896236156,-9,5.910650520077716e-05,5.110801569684114
mono-00000168,1730.0,0.8335179896236156,-8,0.00010427366313102074,4.826345489267126
mono-00000168,1730.0,0.8335179896236156,-7,0.00010974474835220277,4.524083848483457
mono-00000168,1730.0,0.8335179896236156,-6,0.0003112661707663442,4.2001743063726735
mono-00000168,1730.0,0.8335179896236156,-5,0.00113446164700973,3.849155654097572
mono-00000168,1730.0,0.8335179896236156,-4,0.0008375468666836334,3.462793621506563
mono-00000168,1730.0,0.8335179896236156,-3,0.031029775160123396,3.0275873746900004
mono-00000168,1730.0,0.8335179896236156,-2,0.13050485754942548,2.518339939066351
mono-00000168,1730.0,0.8335179896236156,-1,0.18132347199153245,1.875684338498374
mono-00000168,1730.0,0.8335179896236156,0,0.3530801459173623,0.8335179896238003
mono-00000168,1730.0,0.8335179896236156,1,0.0,0.0
mono-00000168,1730.0,0.8335179896236156,2,0.0,0.0
mono-00000168,1730.0,0.8335179896236156,3,0.0,0.0
mono-00000168,1730.0,0.8335179896236156,4,0.0,0.0
mono-00000168,1730.0,0.8335179896236156,5,0.0,0.0
mono-00000168,1730.0,0.8335179896236156,6,0.0,0.0
mono-00000168,1730.0,0.8335179896236156,7,0.0,0.0
mono-00000168,1730.0,0.8335179896236156,8,0.0,0.0
mono-00000168,1730.0,0.8335179896236156,9,0.0,0.0
mono-00000168,1730.0,0.8335179896236156,10,0.0,0.0
mono-00000168,1730.0,0.8335179896236156,11,0.0,0.0
mono-00000168,1730.0,0.8335179896236156,12,0.0,0.0
mono-00000168,1730.0,0.8335179896236156,13,0.0,0.0
mono-00000168,1730.0,0.8335179896236156,14,0.0,0.0
mono-00000168,1730.0,0.8335179896236156,15,0.0,0.0
mono-00000168,1730.0,0.8335179896236156,16,0.0,0.0
mono-00000168,1730.0,0.8335179896236156,17,0.0,0.0
mono-00000168,1730.0,0.8335179896236156,18,0.0,0.0
mono-00000168,1730.0,0.8335179896236156,19,0.0,0.0
mono-00000168,1730.0,0.8335179896236156,20,0.0,0.0
mono-00000169,1740.0,0.8311199696488671,-20,1.7172679382023234e-06,7.543949343276267
mono-00000169,1740.0,0.8311199696488671,-19,1.91524603913285e-06,7.355020994689298
mono-00000169,1740.0,0.8311199696488671,-18,2.2691152327879263e-06,7.161138081260873
mono-00000169,1740.0,0.8311199696488671,-17,3.4143028042617235e-06,6.961886663497509
mono-00000169,1740.0,0.8311199696488671,-16,4.876001595378161e-06,6.756791811479147
mono-00000169,1740.0,0.8311199696488671,-15,6.1998969241389015e-06,6.54530423171235
mono-00000169,1740.0,0.8311199696488671,-14,5.918412826394063e-06,6.326782869941653
mono-00000169,1740.0,0.8311199696488671,-13,1.0779478350104588e-05,6.100471902967783
mono-00000169,1740.0,0.8311199696488671,-12,1.70051369574628e-05,5.865469735184149
mono-00000169,1740.0,0.8311199696488671,-11,2.1893714949715802e-05,5.6206863168126375
mono-00000169,1740.0,0.8311199696488671,-10,2.654931480018264e-05,5.364782910252373
mono-00000169,1740.0,0.8311199696488671,-9,5.7413508180129366e-05,5.096084583593395
mono-00000169,1740.0,0.8311199696488671,-8,0.00010463010206482165,4.812448624293921
mono-00000169,1740.0,0.8311199696488671,-7,0.00011256967822405217,4.511058254075664
mono-00000169,1740.0,0.8311199696488671,-6,0.00030620043205989916,4.188082183569364
mono-00000169,1740.0,0.8311199696488671,-5,0.0011501550017289023,3.8380749130467393
mono-00000169,1740.0,0.8311199696488671,-4,0.0008596811642884977,3.452825860060713
mono-00000169,1740.0,0.8311199696488671,-3,0.031237269896117296,3.018873032177254
mono-00000169,1740.0,0.8311199696488671,-2,0.12943510928581728,2.5110919526328956
mono-00000169,1740.0,0.8311199696488671,-1,0.17953727179565193,1.8702864789664346
mono-00000169,1740.0,0.8311199696488671,0,0.35529108757028927,0.8311199696488814
mono-00000169,1740.0,0.8311199696488671,1,0.0,0.0
mono-00000169,1740.0,0.8311199696488671,2,0.0,0.0
mono-00000169,1740.0,0.8311199696488671,3,0.0,0.0
mono-00000169,1740.0,0.8311199696488671,4,0.0,0.0
mono-00000169,1740.0,0.8311199696488671,5,0.0,0.0
mono-00000169,1740.0,0.8311199696488671,6,0.0,0.0
mono-00000169,1740.0,0.8311199696488671,7,0.0,0.0
mono-00000169,1740.0,0.8311199696488671,8,0.0,0.0
mono-00000169,1740.0,0.8311199696488671,9,0.0,0.0
mono-00000169,1740.0,0.8311199696488671,10,0.0,0.0
mono-00000169,1740.0,0.8311199696488671,11,0.0,0.0
mono-00000169,1740.0,0.8311199696488671,12,0.0,0.0
mono-00000169,1740.0,0.8311199696488671,13,0.0,0.0
mono-00000169,1740.0,0.8311199696488671,14,0.0,0.0
mono-00000169,1740.0,0.8311199696488671,15,0.0,0.0
mono-00000169,1740.0,0.8311199696488671,16,0.0,0.0
mono-00000169,1740.0,0.8311199696488671,17,0.0,0.0
mono-00000169,1740.0,0.8311199696488671,18,0.0,0.0
mono-00000169,1740.0,0.8311199696488671,19,0.0,0.0
mono-00000169,1740.0,0.8311199696488671,20,0.0,0.0
mono-00000170,1750.0,0.8287425285035539,-20,1.7661554237123366e-06,7.5223332888098895
mono-00000170,1750.0,0.8287425285035539,-19,1.899708374862069e-06,7.3339477918800355
mono-00000170,1750.0,0.8287425285035539,-18,2.2915957412498492e-06,7.140621847198773
mono-00000170,1750.0,0.8287425285035539,-17,3.3142593849016444e-06,6.941942698127306
mono-00000170,1750.0,0.8287425285035539,-16,4.897024575878352e-06,6.737436771978722
mono-00000170,1750.0,0.8287425285035539,-15,6.260536199642131e-06,6.526556345114969
mono-00000170,1750.0,0.8287425285035539,-14,5.955920691478874e-06,6.308662195512966
mono-00000170,1750.0,0.8287425285035539,-13,1.0691984574091735e-05,6.083000660385494
mono-00000170,1750.0,0.8287425285035539,-12,1.671590025186474e-05,5.848672721390329
mono-00000170,1750.0,0.8287425285035539,-11,2.2394506132379147e-05,5.604591444943878
mono-00000170,1750.0,0.8287425285035539,-10,2.6833003660555934e-05,5.349421920854084
mono-00000170,1750.0,0.8287425285035539,-9,5.564112271022455e-05,5.081494006136296
mono-00000170,1750.0,0.8287425285035539,-8,0.00010510445590580923,4.798671115089817
mono-00000170,1750.0,0.8287425285035539,-7,0.00011556975238161518,4.498144524289074
mono-00000170,1750.0,0.8287425285035539,-6,0.00030165739267633794,4.17609390113968
mono-00000170,1750.0,0.8287425285035539,-5,0.0011653205931442048,3.8270893202355865
mono-00000170,1750.0,0.8287425285035539,-4,0.0008836845779046404,3.4429436835747396
mono-00000170,1750.0,0.8287425285035539,-3,0.031440882731567255,3.0102335068782367
mono-00000170,1750.0,0.8287425285035539,-2,0.12832597627648817,2.5039061889987124
mono-00000170,1750.0,0.8287425285035539,-1,0.17774305788570202,1.8649349548211802
mono-00000170,1750.0,0.8287425285035539,0,0.35757749209282824,0.8287425285036818
mono-00000170,1750.0,0.8287425285035539,1,0.0,0.0
mono-00000170,1750.0,0.8287425285035539,2,0.0,0.0
mono-00000170,1750.0,0.8287425285035539,3,0.0,0.0
mono-00000170,1750.0,0.8287425285035539,4,0.0,0.0
mono-00000170,1750.0,0.8287425285035539,5,0.0,0.0
mono-00000170,1750.0,0.8287425285035539,6,0.0,0.0
mono-00000170,1750.0,0.8287425285035539,7,0.0,0.0
mono-00000170,1750.0,0.8287425285035539,8,0.0,0.0
mono-00000170,1750.0,0.8287425285035539,9,0.0,0.0
mono-00000170,1750.0,0.8287425285035539,10,0.0,0.0
mono-00000170,1750.0,0.8287425285035539,11,0.0,0.0
mono-00000170,1750.0,0.8287425285035539,12,0.0,0.0
mono-00000170,1750.0,0.8287425285035539,13,0.0,0.0
mono-00000170,1750.0,0.8287425285035539,14,0.0,0.0
mono-00000170,1750.0,0.8287425285035539,15,0.0,0.0
mono-00000170,1750.0,0.8287425285035539,16,0.0,0.0
mono-00000170,1750.0,0.8287425285035539,17,0.0,0.0
mono-00000170,1750.0,0.8287425285035539,18,0.0,0.0
mono-00000170,1750.0,0.8287425285035539,19,0.0,0.0
mono-00000170,1750.0,0.8287425285035539,20,0.0,0.0
mono-00000171,1760.0,0.8263853735296323,-20,1.814330695242437e-06,7.500901988805467
mono-00000171,1760.0,0.8263853735296323,-19,1.88638276294728e-06,7.313054690903485
mono-00000171,1760.0,0.8263853735296323,-18,2.315040453885307e-06,7.120280942359983
mono-00000171,1760.0,0.8263853735296323,-17,3.2128648774027245e-06,6.922169159308396
mono-00000171,1760.0,0.8263853735296323,-16,4.909436990839646e-06,6.718247114724591
mono-00000171,1760.0,0.8263853735296323,-15,6.295619011754059e-06,6.507968641442744
mono-00000171,1760.0,0.8263853735296323,-14,6.03050007026961e-06,6.29069633405075
mono-00000171,1760.0,0.8263853735296323,-13,1.056319002816981e-05,6.06567867175302
mono-00000171,1760.0,0.8263853735296323,-12,1.6431423636234558e-05,5.8320191914953625
mono-00000171,1760.0,0.8263853735296323,-11,2.2865531883410852e-05,5.588634049314763
mono-00000171,1760.0,0.8263853735296323,-10,2.707428653424576e-05,5.334192129787269
mono-00000171,1760.0,0.8263853735296323,-9,5.377954434873649e-05,5.06702803800961
mono-00000171,1760.0,0.8263853735296323,-8,0.00010563187395188291,4.785011262863847
mono-00000171,1760.0,0.8263853735296323,-7,0.00011858140977428632,4.485341067069001
mono-00000171,1760.0,0.8263853735296323,-6,0.0002975210495893956,4.1642079813364035
mono-00000171,1760.0,0.8263853735296323,-5,0.001178763492164318,3.8161975217127377
mono-00000171,1760.0,0.8263853735296323,-4,0.0009080499676198282,3.4331458742712897
mono-00000171,1760.0,0.8263853735296323,-3,0.03160492580354982,3.0016677343088816
mono-00000171,1760.0,0.8263853735296323,-2,0.12704375382125394,2.496781762941012
mono-00000171,1760.0,0.8263853735296323,-1,0.1758077587087909,1.8596291069260928
mono-00000171,1760.0,0.8263853735296323,0,0.35977917932213715,0.8263853735298454
mono-00000171,1760.0,0.8263853735296323,1,0.0,0.0
mono-00000171,1760.0,0.8263853735296323,2,0.0,0.0
mono-00000171,1760.0,0.8263853735296323,3,0.0,0.0
mono-00000171,1760.0,0.8263853735296323,4,0.0,0.0
mono-00000171,1760.0,0.8263853735296323,5,0.0,0.0
mono-00000171,1760.0,0.8263853735296323,6,0.0,0.0
mono-00000171,1760.0,0.8263853735296323,7,0.0,0.0
mono-00000171,1760.0,0.8263853735296323,8,0.0,0.0
mono-00000171,1760.0,0.8263853735296323,9,0.0,0.0
mono-00000171,1760.0,0.8263853735296323,10,0.0,0.0
mono-00000171,1760.0,0.8263853735296323,11,0.0,0.0
mono-00000171,1760.0,0.8263853735296323,12,0.0,0.0
mono-00000171,1760.0,0.8263853735296323,13,0.0,0.0
mono-00000171,1760.0,0.8263853735296323,14,0.0,0.0
mono-00000171,1760.0,0.8263853735296323,15,0.0,0.0
mono-00000171,1760.0,0.8263853735296323,16,0.0,0.0
mono-00000171,1760.0,0.8263853735296323,17,0.0,0.0
mono-00000171,1760.0,0.8263853735296323,18,0.0,0.0
mono-00000171,1760.0,0.8263853735296323,19,0.0,0.0
mono-00000171,1760.0,0.8263853735296323,20,0.0,0.0
mono-00000172,1770.0,0.8240482178628383,-20,1.8594452108872071e-06,7.4796528263103
mono-00000172,1770.0,0.8240482178628383,-19,1.87865937179183e-06,7.292339140890064
mono-00000172,1770.0,0.8240482178628383,-18,2.337390378764399e-06,7.100112883647995
mono-00000172,1770.0,0.8240482178628383,-17,3.1155052705080723e-06,6.9025636335491924
mono-00000172,1770.0,0.8240482178628383,-16,4.913660416821618e-06,6.699220497826175
mono-00000172,1770.0,0.8240482178628383,-15,6.309630254757614e-06,6.489538852590826
mono-00000172,1770.0,0.8240482178628383,-14,6.14210379214286e-06,6.272883093641482
mono-00000172,1770.0,0.8240482178628383,-13,1.0396628246861147e-05,6.048503824013736
mono-00000172,1770.0,0.8240482178628383,-12,1.616942360410116e-05,5.8155071142758885
mono-00000172,1770.0,0.8240482178628383,-11,2.33097663734749e-05,5.5728121838872795
mono-00000172,1770.0,0.8240482178628383,-10,2.727569951852441e-05,5.319091680012562
mono-00000172,1770.0,0.8240482178628383,-9,5.189797593839701e-05,5.052684915563162
mono-00000172,1770.0,0.8240482178628383,-8,0.00010625732117832124,4.771467402484191
mono-00000172,1770.0,0.8240482178628383,-7,0.00012164422921163217,4.472646321902289
mono-00000172,1770.0,0.8240482178628383,-6,0.0002938516915709129,4.152422975687259
mono-00000172,1770.0,0.8240482178628383,-5,0.001190902822327759,3.8053981903473897
mono-00000172,1770.0,0.8240482178628383,-4,0.0009329349866527515,3.4234312384947003
mono-00000172,1770.0,0.8240482178628383,-3,0.031749843900319014,2.9931746710684592
mono-00000172,1770.0,0.8240482178628383,-2,0.12566910047968663,2.4897178067679704
mono-00000172,1770.0,0.8240482178628383,-1,0.17381897105777194,1.8543682891974527
mono-00000172,1770.0,0.8240482178628383,0,0.3619761248830811,0.8240482178625115
mono-00000172,1770.0,0.8240482178628383,1,0.0,0.0
mono-00000172,1770.0,0.8240482178628383,2,0.0,0.0
mono-00000172,1770.0,0.8240482178628383,3,0.0,0.0
mono-00000172,1770.0,0.8240482178628383,4,0.0,0.0
mono-00000172,1770.0,0.8240482178628383,5,0.0,0.0
mono-00000172,1770.0,0.8240482178628383,6,0.0,0.0
mono-00000172,1770.0,0.8240482178628383,7,0.0,0.0
mono-00000172,1770.0,0.8240482178628383,8,0.0,0.0
mono-00000172,1770.0,0.8240482178628383,9,0.0,0.0
mono-00000172,1770.0,0.8240482178628383,10,0.0,0.0
mono-00000172,1770.0,0.8240482178628383,11,0.0,0.0
mono-00000172,1770.0,0.8240482178628383,12,0.0,0.0
mono-00000172,1770.0,0.8240482178628383,13,0.0,0.0
mono-00000172,1770.0,0.8240482178628383,14,0.0,0.0
mono-00000172,1770.0,0.8240482178628383,15,0.0,0.0
mono-00000172,1770.0,0.8240482178628383,16,0.0,0.0
mono-00000172,1770.0,0.8240482178628383,17,0.0,0.0
mono-00000172,1770.0,0.8240482178628383,18,0.0,0.0
mono-00000172,1770.0,0.8240482178628383,19,0.0,0.0
mono-00000172,1770.0,0.8240482178628383,20,0.0,0.0
mono-00000173,1780.0,0.8217307802864582,-20,1.899186243426824e-06,7.4585832359745865
mono-00000173,1780.0,0.8217307802864582,-19,1.8792234218031417e-06,7.271798641266486
mono-00000173,1780.0,0.8217307802864582,-18,2.356777193712652e-06,7.08011523692258
mono-00000173,1780.0,0.8217307802864582,-17,3.0263997273267153e-06,6.88312375493922
mono-00000173,1780.0,0.8217307802864582,-16,4.909439562864419e-06,6.680354625558948
mono-00000173,1780.0,0.8217307802864582,-15,6.307227860627667e-06,6.471264755162721
mono-00000173,1780.0,0.8217307802864582,-14,6.288260931806041e-06,6.255220325574896
mono-00000173,1780.0,0.8217307802864582,-13,1.0197125536342903e-05,6.031474045757321
mono-00000173,1780.0,0.8217307802864582,-12,1.594135580386393e-05,5.799134498539303
mono-00000173,1780.0,0.8217307802864582,-11,2.3727940335399964e-05,5.557123940972687
mono-00000173,1780.0,0.8217307802864582,-10,2.7440306647194014e-05,5.304118751083294
mono-00000173,1780.0,0.8217307802864582,-9,5.005334134512517e-05,5.038462909896779
mono-00000173,1780.0,0.8217307802864582,-8,0.00010699874445353734,4.758037901625542
mono-00000173,1780.0,0.8217307802864582,-7,0.0001247848173015603,4.460058759019347
mono-00000173,1780.0,0.8217307802864582,-6,0.00029066804245203636,4.140737464254272
mono-00000173,1780.0,0.8217307802864582,-5,0.00120200910178913,3.7946900251505014
mono-00000173,1780.0,0.8217307802864582,-4,0.0009585050773959741,3.4137986061003005
mono-00000173,1780.0,0.8217307802864582,-3,0.031889751840874676,2.984753294306273
mono-00000173,1780.0,0.8217307802864582,-2,0.12425760950248675,2.482713469876913
mono-00000173,1780.0,0.8217307802864582,-1,0.17183483145337686,1.8491518682749017
mono-00000173,1780.0,0.8217307802864582,0,0.36422861920168764,0.8217307802869414
mono-00000173,1780.0,0.8217307802864582,1,0.0,0.0
mono-00000173,1780.0,0.8217307802864582,2,0.0,0.0
mono-00000173,1780.0,0.8217307802864582,3,0.0,0.0
mono-00000173,1780.0,0.8217307802864582,4,0.0,0.0
mono-00000173,1780.0,0.8217307802864582,5,0.0,0.0
mono-00000173,1780.0,0.8217307802864582,6,0.0,0.0
mono-00000173,1780.0,0.8217307802864582,7,0.0,0.0
mono-00000173,1780.0,0.8217307802864582,8,0.0,0.0
mono-00000173,1780.0,0.8217307802864582,9,0.0,0.0
mono-00000173,1780.0,0.8217307802864582,10,0.0,0.0
mono-00000173,1780.0,0.8217307802864582,11,0.0,0.0
mono-00000173,1780.0,0.8217307802864582,12,0.0,0.0
mono-00000173,1780.0,0.8217307802864582,13,0.0,0.0
mono-00000173,1780.0,0.8217307802864582,14,0.0,0.0
mono-00000173,1780.0,0.8217307802864582,15,0.0,0.0
mono-00000173,1780.0,0.8217307802864582,16,0.0,0.0
mono-00000173,1780.0,0.8217307802864582,17,0.0,0.0
mono-00000173,1780.0,0.8217307802864582,18,0.0,0.0
mono-00000173,1780.0,0.8217307802864582,19,0.0,0.0
mono-00000173,1780.0,0.8217307802864582,20,0.0,0.0
mono-00000174,1790.0,0.8194327850884946,-20,1.9318406512574544e-06,7.437690702749919
mono-00000174,1790.0,0.8194327850884946,-19,1.889782552373041e-06,7.251430740487265
mono-00000174,1790.0,0.8194327850884946,-18,2.3718401878327194e-06,7.060285615765679
mono-00000174,1790.0,0.8194327850884946,-17,2.949782626373267e-06,6.863847203948808
mono-00000174,1790.0,0.8194327850884946,-16,4.896514214647073e-06,6.661647247200378
mono-00000174,1790.0,0.8194327850884946,-15,6.2932219737729795e-06,6.453144169342863
mono-00000174,1790.0,0.8194327850884946,-14,6.463699426911544e-06,6.2377059232549215
mono-00000174,1790.0,0.8194327850884946,-13,9.97180362133494e-06,6.014587306169545
mono-00000174,1790.0,0.8194327850884946,-12,1.57592547070162e-05,5.7828993921141745
mono-00000174,1790.0,0.8194327850884946,-11,2.4117149733898382e-05,5.54156745026431
mono-00000174,1790.0,0.8194327850884946,-10,2.7569193612969705e-05,5.289271558222836
mono-00000174,1790.0,0.8194327850884946,-9,4.829900564364349e-05,5.024360325984048
mono-00000174,1790.0,0.8194327850884946,-8,0.00010788660543393437,4.744721159942131
mono-00000174,1790.0,0.8194327850884946,-7,0.00012797175391498182,4.447576878618321
mono-00000174,1790.0,0.8194327850884946,-6,0.00028792275393107287,4.129150054913467
mono-00000174,1790.0,0.8194327850884946,-5,0.001212393024285879,3.7840717506156665
mono-00000174,1790.0,0.8194327850884946,-4,0.0009837183059558635,3.404246829860938
mono-00000174,1790.0,0.8194327850884946,-3,0.03203682926954632,2.9764026012030627
mono-00000174,1790.0,0.8194327850884946,-2,0.12286048410896104,2.4757679183205994
mono-00000174,1790.0,0.8194327850884946,-1,0.16989454888629454,1.8439792231986587
mono-00000174,1790.0,0.8194327850884946,0,0.3663088656291146,0.8194327850882672
mono-00000174,1790.0,0.8194327850884946,1,0.0,0.0
mono-00000174,1790.0,0.8194327850884946,2,0.0,0.0
mono-00000174,1790.0,0.8194327850884946,3,0.0,0.0
mono-00000174,1790.0,0.8194327850884946,4,0.0,0.0
mono-00000174,1790.0,0.8194327850884946,5,0.0,0.0
mono-00000174,1790.0,0.8194327850884946,6,0.0,0.0
mono-00000174,1790.0,0.8194327850884946,7,0.0,0.0
mono-00000174,1790.0,0.8194327850884946,8,0.0,0.0
mono-00000174,1790.0,0.8194327850884946,9,0.0,0.0
mono-00000174,1790.0,0.8194327850884946,10,0.0,0.0
mono-00000174,1790.0,0.8194327850884946,11,0.0,0.0
mono-00000174,1790.0,0.8194327850884946,12,0.0,0.0
mono-00000174,1790.0,0.8194327850884946,13,0.0,0.0
mono-00000174,1790.0,0.8194327850884946,14,0.0,0.0
mono-00000174,1790.0,0.8194327850884946,15,0.0,0.0
mono-00000174,1790.0,0.8194327850884946,16,0.0,0.0
mono-00000174,1790.0,0.8194327850884946,17,0.0,0.0
mono-00000174,1790.0,0.8194327850884946,18,0.0,0.0
mono-00000174,1790.0,0.8194327850884946,19,0.0,0.0
mono-00000174,1790.0,0.8194327850884946,20,0.0,0.0
mono-00000175,1800.0,0.817153961924376,-20,1.9548991326079193e-06,7.416972760629008
mono-00000175,1800.0,0.817153961924376,-19,1.91119491117564e-06,7.231233034806365
mono-00000175,1800.0,0.817153961924376,-18,2.380627103721366e-06,7.040621680285426
mono-00000175,1800.0,0.817153961924376,-17,2.8861935341445483e-06,6.8447317062675666
mono-00000175,1800.0,0.817153961924376,-16,4.8723054496429875e-06,6.643096155902484
mono-00000175,1800.0,0.817153961924376,-15,6.268932852102186e-06,6.435174957805344
mono-00000175,1800.0,0.817153961924376,-14,6.662378436416432e-06,6.220337821144881
mono-00000175,1800.0,0.817153961924376,-13,9.722759565497773e-06,5.997841614015883
mono-00000175,1800.0,0.817153961924376,-12,1.561741661837637e-05,5.766799880873563
mono-00000175,1800.0,0.817153961924376,-11,2.4467824038240047e-05,5.52614087790198
mono-00000175,1800.0,0.817153961924376,-10,2.7657705021883057e-05,5.274548351432017
mono-00000175,1800.0,0.817153961924376,-9,4.6651798813052954e-05,5.010375501824939
mono-00000175,1800.0,0.817153961924376,-8,0.00010884816735981165,4.731515608267301
mono-00000175,1800.0,0.817153961924376,-7,0.0001311954542425247,4.435199210116011
mono-00000175,1800.0,0.817153961924376,-6,0.0002855568790575477,4.1176593826599515
mono-00000175,1800.0,0.817153961924376,-5,0.001221490378949323,3.773542116081515
mono-00000175,1800.0,0.817153961924376,-4,0.0010091198624305108,3.3947747848948637
mono-00000175,1800.0,0.817153961924376,-3,0.03218005959696164,2.9681216084709234
mono-00000175,1800.0,0.817153961924376,-2,0.12144030740419887,2.4688803343941146
mono-00000175,1800.0,0.817153961924376,-1,0.16797149983901094,1.8388497451018253
mono-00000175,1800.0,0.817153961924376,0,0.36839771169254915,0.8171539619244612
mono-00000175,1800.0,0.817153961924376,1,0.0,0.0
mono-00000175,1800.0,0.817153961924376,2,0.0,0.0
mono-00000175,1800.0,0.817153961924376,3,0.0,0.0
mono-00000175,1800.0,0.817153961924376,4,0.0,0.0
mono-00000175,1800.0,0.817153961924376,5,0.0,0.0
mono-00000175,1800.0,0.817153961924376,6,0.0,0.0
mono-00000175,1800.0,0.817153961924376,7,0.0,0.0
mono-00000175,1800.0,0.817153961924376,8,0.0,0.0
mono-00000175,1800.0,0.817153961924376,9,0.0,0.0
mono-00000175,1800.0,0.817153961924376,10,0.0,0.0
mono-00000175,1800.0,0.817153961924376,11,0.0,0.0
mono-00000175,1800.0,0.817153961924376,12,0.0,0.0
mono-00000175,1800.0,0.817153961924376,13,0.0,0.0
mono-00000175,1800.0,0.817153961924376,14,0.0,0.0
mono-00000175,1800.0,0.817153961924376,15,0.0,0.0
mono-00000175,1800.0,0.817153961924376,16,0.0,0.0
mono-00000175,1800.0,0.817153961924376,17,0.0,0.0
mono-00000175,1800.0,0.817153961924376,18,0.0,0.0
mono-00000175,1800.0,0.817153961924376,19,0.0,0.0
mono-00000175,1800.0,0.817153961924376,20,0.0,0.0
mono-00000176,1810.0,0.8148940456831184,-20,1.966700109430419e-06,7.39642699142226
mono-00000176,1810.0,0.8148940456831184,-19,1.9438066174189485e-06,7.211203167085131
mono-00000176,1810.0,0.8148940456831184,-18,2.382426109181519e-06,7.021121135956122
mono-00000176,1810.0,0.8148940456831184,-17,2.836469285725228e-06,6.825775031676514
mono-00000176,1810.0,0.8148940456831184,-16,4.835898663677033e-06,6.624699187597926
mono-00000176,1810.0,0.8148940456831184,-15,6.237059807220218e-06,6.417355024654128
mono-00000176,1810.0,0.8148940456831184,-14,6.877173084520164e-06,6.203113993743884
mono-00000176,1810.0,0.8148940456831184,-13,9.456692202993787e-06,5.98123501665448
mono-00000176,1810.0,0.8148940456831184,-12,1.5513196654325604e-05,5.750834087785989
mono-00000176,1810.0,0.8148940456831184,-11,2.477522101784599e-05,5.510842425563013
mono-00000176,1810.0,0.8148940456831184,-10,2.7704204111636333e-05,5.25994741462172
mono-00000176,1810.0,0.8148940456831184,-9,4.514306650060988e-05,4.996506807622055
mono-00000176,1810.0,0.8148940456831184,-8,0.00010983846115674318,4.718419707836304
mono-00000176,1810.0,0.8148940456831184,-7,0.00013444472882023949,4.422924311418711
mono-00000176,1810.0,0.8148940456831184,-6,0.00028350283824717543,4.1062641089311995
mono-00000176,1810.0,0.8148940456831184,-5,0.0012290931570315684,3.7630998951127737
mono-00000176,1810.0,0.8148940456831184,-4,0.0010346706748511555,3.3853813681079714
mono-00000176,1810.0,0.8148940456831184,-3,0.03231744792297878,2.9599093518651074
mono-00000176,1810.0,0.8148940456831184,-2,0.11999275781079213,2.4620499162268032
mono-00000176,1810.0,0.8148940456831184,-1,0.16606217628174944,1.8337628369069847
mono-00000176,1810.0,0.8148940456831184,0,0.37052404539476086,0.8148940456834168
mono-00000176,1810.0,0.8148940456831184,1,0.0,0.0
mono-00000176,1810.0,0.8148940456831184,2,0.0,0.0
mono-00000176,1810.0,0.8148940456831184,3,0.0,0.0
mono-00000176,1810.0,0.8148940456831184,4,0.0,0.0
mono-00000176,1810.0,0.8148940456831184,5,0.0,0.0
mono-00000176,1810.0,0.8148940456831184,6,0.0,0.0
mono-00000176,1810.0,0.8148940456831184,7,0.0,0.0
mono-00000176,1810.0,0.8148940456831184,8,0.0,0.0
mono-00000176,1810.0,0.8148940456831184,9,0.0,0.0
mono-00000176,1810.0,0.8148940456831184,10,0.0,0.0
mono-00000176,1810.0,0.8148940456831184,11,0.0,0.0
mono-00000176,1810.0,0.8148940456831184,12,0.0,0.0
mono-00000176,1810.0,0.8148940456831184,13,0.0,0.0
mono-00000176,1810.0,0.8148940456831184,14,0.0,0.0
mono-00000176,1810.0,0.8148940456831184,15,0.0,0.0
mono-00000176,1810.0,0.8148940456831184,16,0.0,0.0
mono-00000176,1810.0,0.8148940456831184,17,0.0,0.0
mono-00000176,1810.0,0.8148940456831184,18,0.0,0.0
mono-00000176,1810.0,0.8148940456831184,19,0.0,0.0
mono-00000176,1810.0,0.8148940456831184,20,0.0,0.0
mono-00000177,1820.0,0.8126527763580356,-20,1.973511848922919e-06,7.376051023572771
mono-00000177,1820.0,0.8126527763580356,-19,1.9899481234294364e-06,7.191338825636876
mono-00000177,1820.0,0.8126527763580356,-18,2.3757935993553646e-06,7.001781732493598
mono-00000177,1820.0,0.8126527763580356,-17,2.800152811572409e-06,6.806974992955418
mono-00000177,1820.0,0.8126527763580356,-16,4.791658799344204e-06,6.60645421994009
mono-00000177,1820.0,0.8126527763580356,-15,6.186229522968289e-06,6.399682314396841
mono-00000177,1820.0,0.8126527763580356,-14,7.135707276112388e-06,6.18603245459461
mono-00000177,1820.0,0.8126527763580356,-13,9.16383054153462e-06,5.964765599080252
mono-00000177,1820.0,0.8126527763580356,-12,1.5448270631296553e-05,5.735000171997001
mono-00000177,1820.0,0.8126527763580356,-11,2.5053809616421795e-05,5.495670329582396
mono-00000177,1820.0,0.8126527763580356,-10,2.776873236279692e-05,5.245467064773123
mono-00000177,1820.0,0.8126527763580356,-9,4.360294611458038e-05,4.982752644983208
mono-00000177,1820.0,0.8126527763580356,-8,0.00011091926355627877,4.705431949533434
mono-00000177,1820.0,0.8126527763580356,-7,0.00013787663652754264,4.410750768217682
mono-00000177,1820.0,0.8126527763580356,-6,0.0002824310998971674,4.094962920952682
mono-00000177,1820.0,0.8126527763580356,-5,0.0012364318581701045,3.752743884900184
mono-00000177,1820.0,0.8126527763580356,-4,0.001064585835805493,3.3760654976549063
mono-00000177,1820.0,0.8126527763580356,-3,0.03246528977743273,2.951764885714141
mono-00000177,1820.0,0.8126527763580356,-2,0.1185817928848814,2.455275877392765
mono-00000177,1820.0,0.8126527763580356,-1,0.16422159966759375,1.828717913035291
mono-00000177,1820.0,0.8126527763580356,0,0.37314496251841395,0.8126527763581919
mono-00000177,1820.0,0.8126527763580356,1,0.0,0.0
mono-00000177,1820.0,0.8126527763580356,2,0.0,0.0
mono-00000177,1820.0,0.8126527763580356,3,0.0,0.0
mono-00000177,1820.0,0.8126527763580356,4,0.0,0.0
mono-00000177,1820.0,0.8126527763580356,5,0.0,0.0
mono-00000177,1820.0,0.8126527763580356,6,0.0,0.0
mono-00000177,1820.0,0.8126527763580356,7,0.0,0.0
mono-00000177,1820.0,0.8126527763580356,8,0.0,0.0
mono-00000177,1820.0,0.8126527763580356,9,0.0,0.0
mono-00000177,1820.0,0.8126527763580356,10,0.0,0.0
mono-00000177,1820.0,0.8126527763580356,11,0.0,0.0
mono-00000177,1820.0,0.8126527763580356,12,0.0,0.0
mono-00000177,1820.0,0.8126527763580356,13,0.0,0.0
mono-00000177,1820.0,0.8126527763580356,14,0.0,0.0
mono-00000177,1820.0,0.8126527763580356,15,0.0,0.0
mono-00000177,1820.0,0.8126527763580356,16,0.0,0.0
mono-00000177,1820.0,0.8126527763580356,17,0.0,0.0
mono-00000177,1820.0,0.8126527763580356,18,0.0,0.0
mono-00000177,1820.0,0.8126527763580356,19,0.0,0.0
mono-00000177,1820.0,0.8126527763580356,20,0.0,0.0
mono-00000178,1830.0,0.8104298989203755,-20,1.9639288481724415e-06,7.35584253100609
mono-00000178,1830.0,0.8104298989203755,-19,2.048486238540791e-06,7.171637743106274
mono-00000178,1830.0,0.8104298989203755,-18,2.363232516286789e-06,6.982601262764717
mono-00000178,1830.0,0.8104298989203755,-17,2.7762814146966466e-06,6.7883294448228355
mono-00000178,1830.0,0.8104298989203755,-16,4.738745274336196e-06,6.588359171273979
mono-00000178,1830.0,0.8104298989203755,-15,6.128622820172146e-06,6.382154810948265
mono-00000178,1830.0,0.8104298989203755,-14,7.401232438200311e-06,6.169091255321177
mono-00000178,1830.0,0.8104298989203755,-13,8.86599625163875e-06,5.948431482997208
mono-00000178,1830.0,0.8104298989203755,-12,1.541488629180015e-05,5.719296327937272
mono-00000178,1830.0,0.8104298989203755,-11,2.5300255292992175e-05,5.480622860098194
mono-00000178,1830.0,0.8104298989203755,-10,2.775649963420903e-05,5.231105651122945
mono-00000178,1830.0,0.8104298989203755,-9,4.227510165716774e-05,4.96911144614775
mono-00000178,1830.0,0.8104298989203755,-8,0.0001120202946967236,4.692550853161578
mono-00000178,1830.0,0.8104298989203755,-7,0.0001413625953520494,4.398677193303541
mono-00000178,1830.0,0.8104298989203755,-6,0.00028170416039218843,4.083754531102798
mono-00000178,1830.0,0.8104298989203755,-5,0.0012424988208040342,3.742472905678568
mono-00000178,1830.0,0.8104298989203755,-4,0.0010940373893287083,3.366826112415211
mono-00000178,1830.0,0.8104298989203755,-3,0.032610820871342296,2.943687282461198
mono-00000178,1830.0,0.8104298989203755,-2,0.11713284272141056,2.4485574465295485
mono-00000178,1830.0,0.8104298989203755,-1,0.16240274150905434,1.8237143991238725
mono-00000178,1830.0,0.8104298989203755,0,0.3758144026105797,0.8104298989207877
mono-00000178,1830.0,0.8104298989203755,1,0.0,0.0
mono-00000178,1830.0,0.8104298989203755,2,0.0,0.0
mono-00000178,1830.0,0.8104298989203755,3,0.0,0.0
mono-00000178,1830.0,0.8104298989203755,4,0.0,0.0
mono-00000178,1830.0,0.8104298989203755,5,0.0,0.0
mono-00000178,1830.0,0.8104298989203755,6,0.0,0.0
mono-00000178,1830.0,0.8104298989203755,7,0.0,0.0
mono-00000178,1830.0,0.8104298989203755,8,0.0,0.0
mono-00000178,1830.0,0.8104298989203755,9,0.0,0.0
mono-00000178,1830.0,0.8104298989203755,10,0.0,0.0
mono-00000178,1830.0,0.8104298989203755,11,0.0,0.0
mono-00000178,1830.0,0.8104298989203755,12,0.0,0.0
mono-00000178,1830.0,0.8104298989203755,13,0.0,0.0
mono-00000178,1830.0,0.8104298989203755,14,0.0,0.0
mono-00000178,1830.0,0.8104298989203755,15,0.0,0.0
mono-00000178,1830.0,0.8104298989203755,16,0.0,0.0
mono-00000178,1830.0,0.8104298989203755,17,0.0,0.0
mono-00000178,1830.0,0.8104298989203755,18,0.0,0.0
mono-00000178,1830.0,0.8104298989203755,19,0.0,0.0
mono-00000178,1830.0,0.8104298989203755,20,0.0,0.0
mono-00000179,1840.0,0.8082251631986139,-20,1.9203930867708288e-06,7.3357992320150345
mono-00000179,1840.0,0.8082251631986139,-19,2.1235757868735725e-06,7.152097695382224
mono-00000179,1840.0,0.8082251631986139,-18,2.346828309172135e-06,6.963577561728869
mono-00000179,1840.0,0.8082251631986139,-17,2.7652316376142587e-06,6.769836282907491
mono-00000179,1840.0,0.8082251631986139,-16,4.678617767865108e-06,6.570411999638992
mono-00000179,1840.0,0.8082251631986139,-15,6.073086226477888e-06,6.364770536664693
mono-00000179,1840.0,0.8082251631986139,-14,7.636998394158174e-06,6.152288484695234
mono-00000179,1840.0,0.8082251631986139,-13,8.578071263420347e-06,5.932230825918268
mono-00000179,1840.0,0.8082251631986139,-12,1.5423837702499573e-05,5.703720784457701
mono-00000179,1840.0,0.8082251631986139,-11,2.5566402030423365e-05,5.46569832022351
mono-00000179,1840.0,0.8082251631986139,-10,2.7442910761678665e-05,5.216861554372613
mono-00000179,1840.0,0.8082251631986139,-9,4.154815621446095e-05,4.9555816732356135
mono-00000179,1840.0,0.8082251631986139,-8,0.00011309153428716774,4.6797749667334045
mono-00000179,1840.0,0.8082251631986139,-7,0.00014539176125215127,4.386702225903136
mono-00000179,1840.0,0.8082251631986139,-6,0.0002810440227568731,4.072637676295841
mono-00000179,1840.0,0.8082251631986139,-5,0.0012436812829999051,3.732285800162117
mono-00000179,1840.0,0.8082251631986139,-4,0.0011204012075647085,3.357662171485856
mono-00000179,1840.0,0.8082251631986139,-3,0.032780151989350415,2.935675632220949
mono-00000179,1840.0,0.8082251631986139,-2,0.11559005201212834,2.4418938669685417
mono-00000179,1840.0,0.8082251631986139,-1,0.16061585964722688,1.8187517317495434
mono-00000179,1840.0,0.8082251631986139,0,0.3785130718944657,0.8082251631984434
mono-00000179,1840.0,0.8082251631986139,1,0.0,0.0
mono-00000179,1840.0,0.8082251631986139,2,0.0,0.0
mono-00000179,1840.0,0.8082251631986139,3,0.0,0.0
mono-00000179,1840.0,0.8082251631986139,4,0.0,0.0
mono-00000179,1840.0,0.8082251631986139,5,0.0,0.0
mono-00000179,1840.0,0.8082251631986139,6,0.0,0.0
mono-00000179,1840.0,0.8082251631986139,7,0.0,0.0
mono-00000179,1840.0,0.8082251631986139,8,0.0,0.0
mono-00000179,1840.0,0.8082251631986139,9,0.0,0.0
mono-00000179,1840.0,0.8082251631986139,10,0.0,0.0
mono-00000179,1840.0,0.8082251631986139,11,0.0,0.0
mono-00000179,1840.0,0.8082251631986139,12,0.0,0.0
mono-00000179,1840.0,0.8082251631986139,13,0.0,0.0
mono-00000179,1840.0,0.8082251631986139,14,0.0,0.0
mono-00000179,1840.0,0.8082251631986139,15,0.0,0.0
mono-00000179,1840.0,0.8082251631986139,16,0.0,0.0
mono-00000179,1840.0,0.8082251631986139,17,0.0,0.0
mono-00000179,1840.0,0.8082251631986139,18,0.0,0.0
mono-00000179,1840.0,0.8082251631986139,19,0.0,0.0
mono-00000179,1840.0,0.8082251631986139,20,0.0,0.0
mono-00000180,1850.0,0.806038323759168,-20,1.8807658248953358e-06,7.31591888817762
mono-00000180,1850.0,0.806038323759168,-19,2.1814961615333527e-06,7.1327165005434665
mono-00000180,1850.0,0.806038323759168,-18,2.333593276318948e-06,6.944708505412194
mono-00000180,1850.0,0.806038323759168,-17,2.766080891278025e-06,6.751493442751325
mono-00000180,1850.0,0.806038323759168,-16,4.579513016562364e-06,6.552610701801399
mono-00000180,1850.0,0.806038323759168,-15,6.0685044744848285e-06,6.347527551406785
mono-00000180,1850.0,0.806038323759168,-14,7.784924472402392e-06,6.135622267731094
mono-00000180,1850.0,0.806038323759168,-13,8.36963609053522e-06,5.916161820293098
mono-00000180,1850.0,0.806038323759168,-12,1.5395253234361307e-05,5.688271803990844
mono-00000180,1850.0,0.806038323759168,-11,2.5621127585119997e-05,5.450895045242632
mono-00000180,1850.0,0.806038323759168,-10,2.7348852312441398e-05,5.202733185922
mono-00000180,1850.0,0.806038323759168,-9,4.1030480303510274e-05,4.9421618175196045
mono-00000180,1850.0,0.806038323759168,-8,0.00011364390796244597,4.6671028657844005
mono-00000180,1850.0,0.806038323759168,-7,0.0001483321062099177,4.374824531035145
mono-00000180,1850.0,0.806038323759168,-6,0.0002788222463115575,4.061611117385183
mono-00000180,1850.0,0.806038323759168,-5,0.0012426872206182497,3.722181432997587
mono-00000180,1850.0,0.806038323759168,-4,0.0011423823906410633,3.348572653689388
mono-00000180,1850.0,0.806038323759168,-3,0.03285298374625576,2.9277290423495828
mono-00000180,1850.0,0.806038323759168,-2,0.11388442138866783,2.435284396379018
mono-00000180,1850.0,0.806038323759168,-1,0.1586755742140019,1.8138293581649236
mono-00000180,1850.0,0.806038323759168,0,0.38115969797918825,0.8060383237598074
mono-00000180,1850.0,0.806038323759168,1,0.0,0.0
mono-00000180,1850.0,0.806038323759168,2,0.0,0.0
mono-00000180,1850.0,0.806038323759168,3,0.0,0.0
mono-00000180,1850.0,0.806038323759168,4,0.0,0.0
mono-00000180,1850.0,0.806038323759168,5,0.0,0.0
mono-00000180,1850.0,0.806038323759168,6,0.0,0.0
mono-00000180,1850.0,0.806038323759168,7,0.0,0.0
mono-00000180,1850.0,0.806038323759168,8,0.0,0.0
mono-00000180,1850.0,0.806038323759168,9,0.0,0.0
mono-00000180,1850.0,0.806038323759168,10,0.0,0.0
mono-00000180,1850.0,0.806038323759168,11,0.0,0.0
mono-00000180,1850.0,0.806038323759168,12,0.0,0.0
mono-00000180,1850.0,0.806038323759168,13,0.0,0.0
mono-00000180,1850.0,0.806038323759168,14,0.0,0.0
mono-00000180,1850.0,0.806038323759168,15,0.0,0.0
mono-00000180,1850.0,0.806038323759168,16,0.0,0.0
mono-00000180,1850.0,0.806038323759168,17,0.0,0.0
mono-00000180,1850.0,0.806038323759168,18,0.0,0.0
mono-00000180,1850.0,0.806038323759168,19,0.0,0.0
mono-00000180,1850.0,0.806038323759168,20,0.0,0.0
mono-00000181,1860.0,0.8038691397918285,-20,1.8377001592820449e-06,7.29619930330648
mono-00000181,1860.0,0.8038691397918285,-19,2.23657093266683e-06,7.113492017834304
mono-00000181,1860.0,0.8038691397918285,-18,2.3227286421910057e-06,6.9259920099102175
mono-00000181,1860.0,0.8038691397918285,-17,2.7753325971815364e-06,6.733298898840374
mono-00000181,1860.0,0.8038691397918285,-16,4.469845628942248e-06,6.534953312313917
mono-00000181,1860.0,0.8038691397918285,-15,6.074677966985232e-06,6.330423951629186
mono-00000181,1860.0,0.8038691397918285,-14,7.904300163742677e-06,6.119090764805691
mono-00000181,1860.0,0.8038691397918285,-13,8.200193909871553e-06,5.900222692659867
mono-00000181,1860.0,0.8038691397918285,-12,1.5364385771318167e-05,5.672947681735664
mono-00000181,1860.0,0.8038691397918285,-11,2.5605934581131617e-05,5.4362114018304055
mono-00000181,1860.0,0.8038691397918285,-10,2.7303581159346385e-05,5.188718987123892
mono-00000181,1860.0,0.8038691397918285,-9,4.0694882798934886e-05,4.9288503987176995
mono-00000181,1860.0,0.8038691397918285,-8,0.000114014294369771,4.654533152704502
mono-00000181,1860.0,0.8038691397918285,-7,0.00015104741579229802,4.363042798884209
mono-00000181,1860.0,0.8038691397918285,-6,0.00027645254764376026,4.0506736385817135
mono-00000181,1860.0,0.8038691397918285,-5,0.0012402805945080774,3.7121586902308223
mono-00000181,1860.0,0.8038691397918285,-4,0.001163253341022343,3.339556557093786
mono-00000181,1860.0,0.8038691397918285,-3,0.03291151489460389,2.91984663702506
mono-00000181,1860.0,0.8038691397918285,-2,0.11215698084771629,2.428728306417568
mono-00000181,1860.0,0.8038691397918285,-1,0.1567637168832689,1.8089467360361624
mono-00000181,1860.0,0.8038691397918285,0,0.3838409516981523,0.8038691397919706
mono-00000181,1860.0,0.8038691397918285,1,0.0,0.0
mono-00000181,1860.0,0.8038691397918285,2,0.0,0.0
mono-00000181,1860.0,0.8038691397918285,3,0.0,0.0
mono-00000181,1860.0,0.8038691397918285,4,0.0,0.0
mono-00000181,1860.0,0.8038691397918285,5,0.0,0.0
mono-00000181,1860.0,0.8038691397918285,6,0.0,0.0
mono-00000181,1860.0,0.8038691397918285,7,0.0,0.0
mono-00000181,1860.0,0.8038691397918285,8,0.0,0.0
mono-00000181,1860.0,0.8038691397918285,9,0.0,0.0
mono-00000181,1860.0,0.8038691397918285,10,0.0,0.0
mono-00000181,1860.0,0.8038691397918285,11,0.0,0.0
mono-00000181,1860.0,0.8038691397918285,12,0.0,0.0
mono-00000181,1860.0,0.8038691397918285,13,0.0,0.0
mono-00000181,1860.0,0.8038691397918285,14,0.0,0.0
mono-00000181,1860.0,0.8038691397918285,15,0.0,0.0
mono-00000181,1860.0,0.8038691397918285,16,0.0,0.0
mono-00000181,1860.0,0.8038691397918285,17,0.0,0.0
mono-00000181,1860.0,0.8038691397918285,18,0.0,0.0
mono-00000181,1860.0,0.8038691397918285,19,0.0,0.0
mono-00000181,1860.0,0.8038691397918285,20,0.0,0.0
mono-00000182,1870.0,0.8017173749991855,-20,1.7931310896728868e-06,7.276638322430557
mono-00000182,1870.0,0.8017173749991855,-19,2.2867435460012115e-06,7.0944221466724855
mono-00000182,1870.0,0.8017173749991855,-18,2.3159384844117626e-06,6.907426030422528
mono-00000182,1870.0,0.8017173749991855,-17,2.790238679377462e-06,6.715250663666339
mono-00000182,1870.0,0.8017173749991855,-16,4.3537205590206355e-06,6.517437902605465
mono-00000182,1870.0,0.8017173749991855,-15,6.087617079668979e-06,6.313457869498848
mono-00000182,1870.0,0.8017173749991855,-14,7.996624696878793e-06,6.102692170806577
mono-00000182,1870.0,0.8017173749991855,-13,8.071369099005137e-06,5.884411702824039
mono-00000182,1870.0,0.8017173749991855,-12,1.532452188520177e-05,5.657746744868561
mono-00000182,1870.0,0.8017173749991855,-11,2.5528377443183388e-05,5.421645787296299
mono-00000182,1870.0,0.8017173749991855,-10,2.7310951666419376e-05,5.174817428563344
mono-00000182,1870.0,0.8017173749991855,-9,4.0515163413044016e-05,4.915645964308354
mono-00000182,1870.0,0.8017173749991855,-8,0.00011418902887203877,4.642064456092285
mono-00000182,1870.0,0.8017173749991855,-7,0.00015353523860316744,4.351355744195359
mono-00000182,1870.0,0.8017173749991855,-6,0.00027394444228491245,4.0398240468923206
mono-00000182,1870.0,0.8017173749991855,-5,0.0012365715502303096,3.702216478793048
mono-00000182,1870.0,0.8017173749991855,-4,0.0011830873874891725,3.3306128985512657
mono-00000182,1870.0,0.8017173749991855,-3,0.03295486257219763,2.9120275568441514
mono-00000182,1870.0,0.8017173749991855,-2,0.11041074175659969,2.42222488239463
mono-00000182,1870.0,0.8017173749991855,-1,0.15488381987626001,1.804103333195613
mono-00000182,1870.0,0.8017173749991855,0,0.3865229121696574,0.8017173749991287
mono-00000182,1870.0,0.8017173749991855,1,0.0,0.0
mono-00000182,1870.0,0.8017173749991855,2,0.0,0.0
mono-00000182,1870.0,0.8017173749991855,3,0.0,0.0
mono-00000182,1870.0,0.8017173749991855,4,0.0,0.0
mono-00000182,1870.0,0.8017173749991855,5,0.0,0.0
mono-00000182,1870.0,0.8017173749991855,6,0.0,0.0
mono-00000182,1870.0,0.8017173749991855,7,0.0,0.0
mono-00000182,1870.0,0.8017173749991855,8,0.0,0.0
mono-00000182,1870.0,0.8017173749991855,9,0.0,0.0
mono-00000182,1870.0,0.8017173749991855,10,0.0,0.0
mono-00000182,1870.0,0.8017173749991855,11,0.0,0.0
mono-00000182,1870.0,0.8017173749991855,12,0.0,0.0
mono-00000182,1870.0,0.8017173749991855,13,0.0,0.0
mono-00000182,1870.0,0.8017173749991855,14,0.0,0.0
mono-00000182,1870.0,0.8017173749991855,15,0.0,0.0
mono-00000182,1870.0,0.8017173749991855,16,0.0,0.0
mono-00000182,1870.0,0.8017173749991855,17,0.0,0.0
mono-00000182,1870.0,0.8017173749991855,18,0.0,0.0
mono-00000182,1870.0,0.8017173749991855,19,0.0,0.0
mono-00000182,1870.0,0.8017173749991855,20,0.0,0.0
mono-00000183,1880.0,0.7995827974868774,-20,1.746110663363641e-06,7.257233830805191
mono-00000183,1880.0,0.7995827974868774,-19,2.3350170109357357e-06,7.075504825684348
mono-00000183,1880.0,0.7995827974868774,-18,2.3114601102831044e-06,6.8890085603134565
mono-00000183,1880.0,0.7995827974868774,-17,2.8086949294327856e-06,6.69734678681391
mono-00000183,1880.0,0.7995827974868774,-16,4.238063134769208e-06,6.5000625800957295
mono-00000183,1880.0,0.7995827974868774,-15,6.091221489603786e-06,6.296627472037613
mono-00000183,1880.0,0.7995827974868774,-14,8.079900999984696e-06,6.086424714303774
mono-00000183,1880.0,0.7995827974868774,-13,7.966199115572507e-06,5.868727143059914
mono-00000183,1880.0,0.7995827974868774,-12,1.5284013927004547e-05,5.6426673517753585
mono-00000183,1880.0,0.7995827974868774,-11,2.541308014778089e-05,5.40719662884878
mono-00000183,1880.0,0.7995827974868774,-10,2.731601708330041e-05,5.161027009355564
mono-00000183,1880.0,0.7995827974868774,-9,4.042969794752738e-05,4.902547088863898
mono-00000183,1880.0,0.7995827974868774,-8,0.00011425346679835509,4.629695430125125
mono-00000183,1880.0,0.7995827974868774,-7,0.00015591790733778874,4.339762105684315
mono-00000183,1880.0,0.7995827974868774,-6,0.0002716017711950037,4.029061171572067
mono-00000183,1880.0,0.7995827974868774,-5,0.001231560640528627,3.692353725999027
mono-00000183,1880.0,0.7995827974868774,-4,0.0012021427745826454,3.3217407132462
mono-00000183,1880.0,0.7995827974868774,-3,0.03298402318892096,2.9042709584270057
mono-00000183,1880.0,0.7995827974868774,-2,0.10865339479501607,2.415773422944241
mono-00000183,1880.0,0.7995827974868774,-1,0.1530403027532316,1.799298627395757
mono-00000183,1880.0,0.7995827974868774,0,0.38893300630946154,0.7995827974862522
mono-00000183,1880.0,0.7995827974868774,1,0.0,0.0
mono-00000183,1880.0,0.7995827974868774,2,0.0,0.0
mono-00000183,1880.0,0.7995827974868774,3,0.0,0.0
mono-00000183,1880.0,0.7995827974868774,4,0.0,0.0
mono-00000183,1880.0,0.7995827974868774,5,0.0,0.0
mono-00000183,1880.0,0.7995827974868774,6,0.0,0.0
mono-00000183,1880.0,0.7995827974868774,7,0.0,0.0
mono-00000183,1880.0,0.7995827974868774,8,0.0,0.0
mono-00000183,1880.0,0.7995827974868774,9,0.0,0.0
mono-00000183,1880.0,0.7995827974868774,10,0.0,0.0
mono-00000183,1880.0,0.7995827974868774,11,0.0,0.0
mono-00000183,1880.0,0.7995827974868774,12,0.0,0.0
mono-00000183,1880.0,0.7995827974868774,13,0.0,0.0
mono-00000183,1880.0,0.7995827974868774,14,0.0,0.0
mono-00000183,1880.0,0.7995827974868774,15,0.0,0.0
mono-00000183,1880.0,0.7995827974868774,16,0.0,0.0
mono-00000183,1880.0,0.7995827974868774,17,0.0,0.0
mono-00000183,1880.0,0.7995827974868774,18,0.0,0.0
mono-00000183,1880.0,0.7995827974868774,19,0.0,0.0
mono-00000183,1880.0,0.7995827974868774,20,0.0,0.0
mono-00000184,1890.0,0.7974651796606196,-20,1.6997506579764266e-06,7.237983752952445
mono-00000184,1890.0,0.7974651796606196,-19,2.374941697306164e-06,7.0567380317691715
mono-00000184,1890.0,0.7974651796606196,-18,2.3142243835449825e-06,6.870737630201646
mono-00000184,1890.0,0.7974651796606196,-17,2.8284400387392388e-06,6.679585354075996
mono-00000184,1890.0,0.7974651796606196,-16,4.1216904540068755e-06,6.482825487336299
mono-00000184,1890.0,0.7974651796606196,-15,6.09919794562813e-06,6.279930960290841
mono-00000184,1890.0,0.7974651796606196,-14,8.132937941387545e-06,6.070286656745992
mono-00000184,1890.0,0.7974651796606196,-13,7.907458785907523e-06,5.853167337335904
mono-00000184,1890.0,0.7974651796606196,-12,1.5224608137483529e-05,5.627707891307367
mono-00000184,1890.0,0.7974651796606196,-11,2.524919541119156e-05,5.3928623828826545
mono-00000184,1890.0,0.7974651796606196,-10,2.736787213159732e-05,5.147346256465553
mono-00000184,1890.0,0.7974651796606196,-9,4.049985492158851e-05,4.889552373404925
mono-00000184,1890.0,0.7974651796606196,-8,0.00011409430094040509,4.617424753950033
mono-00000184,1890.0,0.7974651796606196,-7,0.00015810609884525322,4.328260645466031
mono-00000184,1890.0,0.7974651796606196,-6,0.0002690543932616043,4.018383863594494
mono-00000184,1890.0,0.7974651796606196,-5,0.0012251598205378473,3.6825693790611638
mono-00000184,1890.0,0.7974651796606196,-4,0.0012203640737495137,3.3129390542585355
mono-00000184,1890.0,0.7974651796606196,-3,0.03299912567889704,2.896576014036455
mono-00000184,1890.0,0.7974651796606196,-2,0.10688356626441657,2.4093732397086143
mono-00000184,1890.0,0.7974651796606196,-1,0.151240088544494,1.7945321060745556
mono-00000184,1890.0,0.7974651796606196,0,0.3913503555625693,0.7974651796605485
mono-00000184,1890.0,0.7974651796606196,1,0.0,0.0
mono-00000184,1890.0,0.7974651796606196,2,0.0,0.0
mono-00000184,1890.0,0.7974651796606196,3,0.0,0.0
mono-00000184,1890.0,0.7974651796606196,4,0.0,0.0
mono-00000184,1890.0,0.7974651796606196,5,0.0,0.0
mono-00000184,1890.0,0.7974651796606196,6,0.0,0.0
mono-00000184,1890.0,0.7974651796606196,7,0.0,0.0
mono-00000184,1890.0,0.7974651796606196,8,0.0,0.0
mono-00000184,1890.0,0.7974651796606196,9,0.0,0.0
mono-00000184,1890.0,0.7974651796606196,10,0.0,0.0
mono-00000184,1890.0,0.7974651796606196,11,0.0,0.0
mono-00000184,1890.0,0.7974651796606196,12,0.0,0.0
mono-00000184,1890.0,0.7974651796606196,13,0.0,0.0
mono-00000184,1890.0,0.7974651796606196,14,0.0,0.0
mono-00000184,1890.0,0.7974651796606196,15,0.0,0.0
mono-00000184,1890.0,0.7974651796606196,16,0.0,0.0
mono-00000184,1890.0,0.7974651796606196,17,0.0,0.0
mono-00000184,1890.0,0.7974651796606196,18,0.0,0.0
mono-00000184,1890.0,0.7974651796606196,19,0.0,0.0
mono-00000184,1890.0,0.7974651796606196,20,0.0,0.0
mono-00000185,1900.0,0.7953642981224931,-20,1.6558444818121182e-06,7.218886051727878
mono-00000185,1900.0,0.7953642981224931,-19,2.4047951602910452e-06,7.038119779190154
mono-00000185,1900.0,0.7953642981224931,-18,2.325645240767776e-06,6.85261130707498
mono-00000185,1900.0,0.7953642981224931,-17,2.8473557491733414e-06,6.6619644865933765
mono-00000185,1900.0,0.7953642981224931,-16,4.007833519175126e-06,6.4657248011765915
mono-00000185,1900.0,0.7953642981224931,-15,6.1092327409296446e-06,6.26336656851899
mono-00000185,1900.0,0.7953642981224931,-14,8.157287109953479e-06,6.054276291679884
mono-00000185,1900.0,0.7953642981224931,-13,7.896136525127705e-06,5.837730640562313
mono-00000185,1900.0,0.7953642981224931,-12,1.5141068706881008e-05,5.612866782057495
mono-00000185,1900.0,0.7953642981224931,-11,2.5044000965906204e-05,5.37864153428572
mono-00000185,1900.0,0.7953642981224931,-10,2.7473738548961563e-05,5.133773724047032
mono-00000185,1900.0,0.7953642981224931,-9,4.070469326424318e-05,4.87666044477173
mono-00000185,1900.0,0.7953642981224931,-8,0.00011370337162508837,4.605251131090185
mono-00000185,1900.0,0.7953642981224931,-7,0.0001601024854919403,4.316850148499313
mono-00000185,1900.0,0.7953642981224931,-6,0.00026630154118765164,4.00779099513548
mono-00000185,1900.0,0.7953642981224931,-5,0.0012175174236818281,3.6728624046171063
mono-00000185,1900.0,0.7953642981224931,-4,0.0012379762158923483,3.3042069921390578
mono-00000185,1900.0,0.7953642981224931,-3,0.033001125789214124,2.8889419112055634
mono-00000185,1900.0,0.7953642981224931,-2,0.10510651845737361,2.403023657027589
mono-00000185,1900.0,0.7953642981224931,-1,0.14948932195150044,1.7898032661234282
mono-00000185,1900.0,0.7953642981224931,0,0.39379699034233995,0.7953642981229052
mono-00000185,1900.0,0.7953642981224931,1,0.0,0.0
mono-00000185,1900.0,0.7953642981224931,2,0.0,0.0
mono-00000185,1900.0,0.7953642981224931,3,0.0,0.0
mono-00000185,1900.0,0.7953642981224931,4,0.0,0.0
mono-00000185,1900.0,0.7953642981224931,5,0.0,0.0
mono-00000185,1900.0,0.7953642981224931,6,0.0,0.0
mono-00000185,1900.0,0.7953642981224931,7,0.0,0.0
mono-00000185,1900.0,0.7953642981224931,8,0.0,0.0
mono-00000185,1900.0,0.7953642981224931,9,0.0,0.0
mono-00000185,1900.0,0.7953642981224931,10,0.0,0.0
mono-00000185,1900.0,0.7953642981224931,11,0.0,0.0
mono-00000185,1900.0,0.7953642981224931,12,0.0,0.0
mono-00000185,1900.0,0.7953642981224931,13,0.0,0.0
mono-00000185,1900.0,0.7953642981224931,14,0.0,0.0
mono-00000185,1900.0,0.7953642981224931,15,0.0,0.0
mono-00000185,1900.0,0.7953642981224931,16,0.0,0.0
mono-00000185,1900.0,0.7953642981224931,17,0.0,0.0
mono-00000185,1900.0,0.7953642981224931,18,0.0,0.0
mono-00000185,1900.0,0.7953642981224931,19,0.0,0.0
mono-00000185,1900.0,0.7953642981224931,20,0.0,0.0
mono-00000186,1910.0,0.7932799335730039,-20,1.615946638003329e-06,7.1999387274156135
mono-00000186,1910.0,0.7932799335730039,-19,2.4253368439028946e-06,7.019648118691762
mono-00000186,1910.0,0.7932799335730039,-18,2.3474036493660306e-06,6.834627693431727
mono-00000186,1910.0,0.7932799335730039,-17,2.8646580321993476e-06,6.644482340020176
mono-00000186,1910.0,0.7932799335730039,-16,3.900148908229565e-06,6.448758731953632
mono-00000186,1910.0,0.7932799335730039,-15,6.120178918160611e-06,6.246932563413907
mono-00000186,1910.0,0.7932799335730039,-14,8.161699562834948e-06,6.038391943992096
mono-00000186,1910.0,0.7932799335730039,-13,7.933209356080686e-06,5.822415437860343
mono-00000186,1910.0,0.7932799335730039,-12,1.5035772755548127e-05,5.598142471658605
mono-00000186,1910.0,0.7932799335730039,-11,2.481494567610964e-05,5.36453259576615
mono-00000186,1910.0,0.7932799335730039,-10,2.7645780365649105e-05,5.120307992800647
mono-00000186,1910.0,0.7932799335730039,-9,4.104218235374795e-05,4.86386995501546
mono-00000186,1910.0,0.7932799335730039,-8,0.00011313143190130465,4.5931732888700765
mono-00000186,1910.0,0.7932799335730039,-7,0.00016203125596735116,4.30552942204757
mono-00000186,1910.0,0.7932799335730039,-6,0.0002636007486500916,3.9972814590729513
mono-00000186,1910.0,0.7932799335730039,-5,0.0012091589049499209,3.663231788271588
mono-00000186,1910.0,0.7932799335730039,-4,0.0012565692235569064,3.2955436144969497
mono-00000186,1910.0,0.7932799335730039,-3,0.033008500173003746,2.881367852377963
mono-00000186,1910.0,0.7932799335730039,-2,0.10335530464371791,2.3967240116399893
mono-00000186,1910.0,0.7932799335730039,-1,0.14782435365405486,1.785111613665478
mono-00000186,1910.0,0.7932799335730039,0,0.39660347375597405,0.7932799335725917
mono-00000186,1910.0,0.7932799335730039,1,0.0,0.0
mono-00000186,1910.0,0.7932799335730039,2,0.0,0.0
mono-00000186,1910.0,0.7932799335730039,3,0.0,0.0
mono-00000186,1910.0,0.7932799335730039,4,0.0,0.0
mono-00000186,1910.0,0.7932799335730039,5,0.0,0.0
mono-00000186,1910.0,0.7932799335730039,6,0.0,0.0
mono-00000186,1910.0,0.7932799335730039,7,0.0,0.0
mono-00000186,1910.0,0.7932799335730039,8,0.0,0.0
mono-00000186,1910.0,0.7932799335730039,9,0.0,0.0
mono-00000186,1910.0,0.7932799335730039,10,0.0,0.0
mono-00000186,1910.0,0.7932799335730039,11,0.0,0.0
mono-00000186,1910.0,0.7932799335730039,12,0.0,0.0
mono-00000186,1910.0,0.7932799335730039,13,0.0,0.0
mono-00000186,1910.0,0.7932799335730039,14,0.0,0.0
mono-00000186,1910.0,0.7932799335730039,15,0.0,0.0
mono-00000186,1910.0,0.7932799335730039,16,0.0,0.0
mono-00000186,1910.0,0.7932799335730039,17,0.0,0.0
mono-00000186,1910.0,0.7932799335730039,18,0.0,0.0
mono-00000186,1910.0,0.7932799335730039,19,0.0,0.0
mono-00000186,1910.0,0.7932799335730039,20,0.0,0.0
mono-00000187,1920.0,0.7912118707147329,-20,1.580715216599333e-06,7.181139816848685
mono-00000187,1920.0,0.7912118707147329,-19,2.4333863635488672e-06,7.00132113664327
mono-00000187,1920.0,0.7912118707147329,-18,2.3791986222428332e-06,6.816784926446701
mono-00000187,1920.0,0.7912118707147329,-17,2.8779782400571163e-06,6.627137103713494
mono-00000187,1920.0,0.7912118707147329,-16,3.800253823939489e-06,6.431925522705981
mono-00000187,1920.0,0.7912118707147329,-15,6.127817640492227e-06,6.230627243336926
mono-00000187,1920.0,0.7912118707147329,-14,8.140896771568113e-06,6.022631969174
mono-00000187,1920.0,0.7912118707147329,-13,8.016062325243847e-06,5.807220143853414
mono-00000187,1920.0,0.7912118707147329,-12,1.489813817270044e-05,5.583533436101604
mono-00000187,1920.0,0.7912118707147329,-11,2.455676494397848e-05,5.350534107199948
mono-00000187,1920.0,0.7912118707147329,-10,2.787690984511863e-05,5.106947669350959
mono-00000187,1920.0,0.7912118707147329,-9,4.147409868265877e-05,4.851179580806374
mono-00000187,1920.0,0.7912118707147329,-8,0.0001123096886078551,4.58118997785715
mono-00000187,1920.0,0.7912118707147329,-7,0.000163750938889697,4.294297295155786
mono-00000187,1920.0,0.7912118707147329,-6,0.00026064953313927503,3.986854168501935
mono-00000187,1920.0,0.7912118707147329,-5,0.001199695063518508,3.6536765341519555
mono-00000187,1920.0,0.7912118707147329,-4,0.0012745658431255551,3.2869480256004096
mono-00000187,1920.0,0.7912118707147329,-3,0.033000467969409836,2.873853054558495
mono-00000187,1920.0,0.7912118707147329,-2,0.10159277769218755,2.39047365239351
mono-00000187,1920.0,0.7912118707147329,-1,0.14620772740216165,1.7804566638404538
mono-00000187,1920.0,0.7912118707147329,0,0.3994223782130963,0.7912118707145055
mono-00000187,1920.0,0.7912118707147329,1,0.0,0.0
mono-00000187,1920.0,0.7912118707147329,2,0.0,0.0
mono-00000187,1920.0,0.7912118707147329,3,0.0,0.0
mono-00000187,1920.0,0.7912118707147329,4,0.0,0.0
mono-00000187,1920.0,0.7912118707147329,5,0.0,0.0
mono-00000187,1920.0,0.7912118707147329,6,0.0,0.0
mono-00000187,1920.0,0.7912118707147329,7,0.0,0.0
mono-00000187,1920.0,0.7912118707147329,8,0.0,0.0
mono-00000187,1920.0,0.7912118707147329,9,0.0,0.0
mono-00000187,1920.0,0.7912118707147329,10,0.0,0.0
mono-00000187,1920.0,0.7912118707147329,11,0.0,0.0
mono-00000187,1920.0,0.7912118707147329,12,0.0,0.0
mono-00000187,1920.0,0.7912118707147329,13,0.0,0.0
mono-00000187,1920.0,0.7912118707147329,14,0.0,0.0
mono-00000187,1920.0,0.7912118707147329,15,0.0,0.0
mono-00000187,1920.0,0.7912118707147329,16,0.0,0.0
mono-00000187,1920.0,0.7912118707147329,17,0.0,0.0
mono-00000187,1920.0,0.7912118707147329,18,0.0,0.0
mono-00000187,1920.0,0.7912118707147329,19,0.0,0.0
mono-00000187,1920.0,0.7912118707147329,20,0.0,0.0
mono-00000188,1930.0,0.7891598981587009,-20,1.5507600489650273e-06,7.162487392554496
mono-00000188,1930.0,0.7891598981587009,-19,2.4286087274801062e-06,6.983136954204866
mono-00000188,1930.0,0.7891598981587009,-18,2.4207373064229193e-06,6.799081177159948
mono-00000188,1930.0,0.7891598981587009,-17,2.886455331290631e-06,6.609926999944847
mono-00000188,1930.0,0.7891598981587009,-16,3.710403745942161e-06,6.415223448408938
mono-00000188,1930.0,0.7891598981587009,-15,6.129332544124759e-06,6.214448937578453
mono-00000188,1930.0,0.7891598981587009,-14,8.098561568572195e-06,6.006994752605337
mono-00000188,1930.0,0.7891598981587009,-13,8.140978835448381e-06,5.792143201976785
mono-00000188,1930.0,0.7891598981587009,-12,1.4726290075292246e-05,5.5690381790723364
mono-00000188,1930.0,0.7891598981587009,-11,2.4276802903456753e-05,5.336644634995324
mono-00000188,1930.0,0.7891598981587009,-10,2.81684530574208e-05,5.09369138564017
mono-00000188,1930.0,0.7891598981587009,-9,4.1972841654652396e-05,4.838588022858005
mono-00000188,1930.0,0.7891598981587009,-8,0.00011123963484457153,4.5692999713179745
mono-00000188,1930.0,0.7891598981587009,-7,0.0001652597006689095,4.283152618140946
mono-00000188,1930.0,0.7891598981587009,-6,0.0002574443846687002,3.97650805626121
mono-00000188,1930.0,0.7891598981587009,-5,0.001189281787520214,3.6441956644741964
mono-00000188,1930.0,0.7891598981587009,-4,0.0012921242017391351,3.2784193459861086
mono-00000188,1930.0,0.7891598981587009,-3,0.032976577937660026,2.866396748972221
mono-00000188,1930.0,0.7891598981587009,-2,0.09982154048525808,2.3842719399602004
mono-00000188,1930.0,0.7891598981587009,-1,0.1446428993345759,1.775837940590975
mono-00000188,1930.0,0.7891598981587009,0,0.40224881708734467,0.7891598981588857
mono-00000188,1930.0,0.7891598981587009,1,0.0,0.0
mono-00000188,1930.0,0.7891598981587009,2,0.0,0.0
mono-00000188,1930.0,0.7891598981587009,3,0.0,0.0
mono-00000188,1930.0,0.7891598981587009,4,0.0,0.0
mono-00000188,1930.0,0.7891598981587009,5,0.0,0.0
mono-00000188,1930.0,0.7891598981587009,6,0.0,0.0
mono-00000188,1930.0,0.7891598981587009,7,0.0,0.0
mono-00000188,1930.0,0.7891598981587009,8,0.0,0.0
mono-00000188,1930.0,0.7891598981587009,9,0.0,0.0
mono-00000188,1930.0,0.7891598981587009,10,0.0,0.0
mono-00000188,1930.0,0.7891598981587009,11,0.0,0.0
mono-00000188,1930.0,0.7891598981587009,12,0.0,0.0
mono-00000188,1930.0,0.7891598981587009,13,0.0,0.0
mono-00000188,1930.0,0.7891598981587009,14,0.0,0.0
mono-00000188,1930.0,0.7891598981587009,15,0.0,0.0
mono-00000188,1930.0,0.7891598981587009,16,0.0,0.0
mono-00000188,1930.0,0.7891598981587009,17,0.0,0.0
mono-00000188,1930.0,0.7891598981587009,18,0.0,0.0
mono-00000188,1930.0,0.7891598981587009,19,0.0,0.0
mono-00000188,1930.0,0.7891598981587009,20,0.0,0.0
mono-00000189,1940.0,0.7871238083335328,-20,1.5237230063326444e-06,7.143979561924652
mono-00000189,1940.0,0.7871238083335328,-19,2.408560150008849e-06,6.9650937265194415
mono-00000189,1940.0,0.7871238083335328,-18,2.4696382221376115e-06,6.781514649689697
mono-00000189,1940.0,0.7871238083335328,-17,2.8874362785226013e-06,6.592850283135249
mono-00000189,1940.0,0.7871238083335328,-16,3.6274935557848226e-06,6.398650815231889
mono-00000189,1940.0,0.7871238083335328,-15,6.113237683148686e-06,6.19839600563904
mono-00000189,1940.0,0.7871238083335328,-14,8.028372984499008e-06,5.991478708859901
mono-00000189,1940.0,0.7871238083335328,-13,8.299721777031073e-06,5.7771830838083105
mono-00000189,1940.0,0.7871238083335328,-12,1.4504716788873558e-05,5.554655231308118
mono-00000189,1940.0,0.7871238083335328,-11,2.3945519781399093e-05,5.322862771476139
mono-00000189,1940.0,0.7871238083335328,-10,2.8480701853566186e-05,5.080537798340103
mono-00000189,1940.0,0.7871238083335328,-9,4.251321359775177e-05,4.826094005368731
mono-00000189,1940.0,0.7871238083335328,-8,0.00010978382585985053,4.557502064691022
mono-00000189,1940.0,0.7871238083335328,-7,0.00016630773310677584,4.2720942620980225
mono-00000189,1940.0,0.7871238083335328,-6,0.0002538633333443992,3.9662420744746356
mono-00000189,1940.0,0.7871238083335328,-5,0.0011760821277216802,3.6347882191231946
mono-00000189,1940.0,0.7871238083335328,-4,0.001307266200845835,3.2699567120821342
mono-00000189,1940.0,0.7871238083335328,-3,0.032883232791757665,2.858998180734133
mono-00000189,1940.0,0.7871238083335328,-2,0.0978563315053748,2.3781182465628916
mono-00000189,1940.0,0.7871238083335328,-1,0.1430209478971269,1.771254976460071
mono-00000189,1940.0,0.7871238083335328,0,0.4053892792249002,0.7871238083335044
mono-00000189,1940.0,0.7871238083335328,1,0.0,0.0
mono-00000189,1940.0,0.7871238083335328,2,0.0,0.0
mono-00000189,1940.0,0.7871238083335328,3,0.0,0.0
mono-00000189,1940.0,0.7871238083335328,4,0.0,0.0
mono-00000189,1940.0,0.7871238083335328,5,0.0,0.0
mono-00000189,1940.0,0.7871238083335328,6,0.0,0.0
mono-00000189,1940.0,0.7871238083335328,7,0.0,0.0
mono-00000189,1940.0,0.7871238083335328,8,0.0,0.0
mono-00000189,1940.0,0.7871238083335328,9,0.0,0.0
mono-00000189,1940.0,0.7871238083335328,10,0.0,0.0
mono-00000189,1940.0,0.7871238083335328,11,0.0,0.0
mono-00000189,1940.0,0.7871238083335328,12,0.0,0.0
mono-00000189,1940.0,0.7871238083335328,13,0.0,0.0
mono-00000189,1940.0,0.7871238083335328,14,0.0,0.0
mono-00000189,1940.0,0.7871238083335328,15,0.0,0.0
mono-00000189,1940.0,0.7871238083335328,16,0.0,0.0
mono-00000189,1940.0,0.7871238083335328,17,0.0,0.0
mono-00000189,1940.0,0.7871238083335328,18,0.0,0.0
mono-00000189,1940.0,0.7871238083335328,19,0.0,0.0
mono-00000189,1940.0,0.7871238083335328,20,0.0,0.0
mono-00000190,1950.0,0.7851033973979042,-20,1.5019333794530606e-06,7.125614466408578
mono-00000190,1950.0,0.7851033973979042,-19,2.376310380565232e-06,6.9471896419261725
mono-00000190,1950.0,0.7851033973979042,-18,2.525844299797324e-06,6.764083580467329
mono-00000190,1950.0,0.7851033973979042,-17,2.8834796864279153e-06,6.575905239111705
mono-00000190,1950.0,0.7851033973979042,-16,3.5579807094355683e-06,6.382205959817384
mono-00000190,1950.0,0.7851033973979042,-15,6.08594313961626e-06,6.1824668365307645
mono-00000190,1950.0,0.7851033973979042,-14,7.944341689500508e-06,5.976082281030713
mono-00000190,1950.0,0.7851033973979042,-13,8.489532749260061e-06,5.762338288417837
mono-00000190,1950.0,0.7851033973979042,-12,1.4249358732180976e-05,5.540383149972357
mono-00000190,1950.0,0.7851033973979042,-11,2.3606996132302794e-05,5.309187134283292
mono-00000190,1950.0,0.7851033973979042,-10,2.884876089267526e-05,5.067485588280448
mono-00000190,1950.0,0.7851033973979042,-9,4.3063669402909206e-05,4.81369627547916
mono-00000190,1950.0,0.7851033973979042,-8,0.000108090109465665,4.545795075074466
mono-00000190,1950.0,0.7851033973979042,-7,0.00016712714107735814,4.261121118420107
mono-00000190,1950.0,0.7851033973979042,-6,0.0002499970663202529,3.956055194106412
mono-00000190,1950.0,0.7851033973979042,-5,0.001162269577348216,3.625453255245006
mono-00000190,1950.0,0.7851033973979042,-4,0.0013220872225484439,3.261559275841023
mono-00000190,1950.0,0.7851033973979042,-3,0.0327715199503397,2.851656608529339
mono-00000190,1950.0,0.7851033973979042,-2,0.09588672285412743,2.372011955708416
mono-00000190,1950.0,0.7851033973979042,-1,0.14146619820412312,1.7667073123931658
mono-00000190,1950.0,0.7851033973979042,0,0.4085278159035339,0.7851033973981458
mono-00000190,1950.0,0.7851033973979042,1,0.0,0.0
mono-00000190,1950.0,0.7851033973979042,2,0.0,0.0
mono-00000190,1950.0,0.7851033973979042,3,0.0,0.0
mono-00000190,1950.0,0.7851033973979042,4,0.0,0.0
mono-00000190,1950.0,0.7851033973979042,5,0.0,0.0
mono-00000190,1950.0,0.7851033973979042,6,0.0,0.0
mono-00000190,1950.0,0.7851033973979042,7,0.0,0.0
mono-00000190,1950.0,0.7851033973979042,8,0.0,0.0
mono-00000190,1950.0,0.7851033973979042,9,0.0,0.0
mono-00000190,1950.0,0.7851033973979042,10,0.0,0.0
mono-00000190,1950.0,0.7851033973979042,11,0.0,0.0
mono-00000190,1950.0,0.7851033973979042,12,0.0,0.0
mono-00000190,1950.0,0.7851033973979042,13,0.0,0.0
mono-00000190,1950.0,0.7851033973979042,14,0.0,0.0
mono-00000190,1950.0,0.7851033973979042,15,0.0,0.0
mono-00000190,1950.0,0.7851033973979042,16,0.0,0.0
mono-00000190,1950.0,0.7851033973979042,17,0.0,0.0
mono-00000190,1950.0,0.7851033973979042,18,0.0,0.0
mono-00000190,1950.0,0.7851033973979042,19,0.0,0.0
mono-00000190,1950.0,0.7851033973979042,20,0.0,0.0
mono-00000191,1960.0,0.7830984651548931,-20,1.4847408802593981e-06,7.107390280729518
mono-00000191,1960.0,0.7830984651548931,-19,2.333251856439605e-06,6.929422921196419
mono-00000191,1960.0,0.7830984651548931,-18,2.587197973638838e-06,6.746786237493168
mono-00000191,1960.0,0.7830984651548931,-17,2.8754066463011433e-06,6.55909018438409
mono-00000191,1960.0,0.7830984651548931,-16,3.50238912124474e-06,6.365887248579369
mono-00000191,1960.0,0.7830984651548931,-15,6.045559306259037e-06,6.166659848098149
mono-00000191,1960.0,0.7830984651548931,-14,7.851644674012553e-06,5.960803940073205
mono-00000191,1960.0,0.7830984651548931,-13,8.702507716689572e-06,5.747607341734181
mono-00000191,1960.0,0.7830984651548931,-12,1.3963484669626227e-05,5.526220518046344
mono-00000191,1960.0,0.7830984651548931,-11,2.326783005891442e-05,5.295616365791545
mono-00000191,1960.0,0.7830984651548931,-10,2.9267590314224277e-05,5.054533459892909
mono-00000191,1960.0,0.7830984651548931,-9,4.359461472681731e-05,4.801393602744014
mono-00000191,1960.0,0.7830984651548931,-8,0.00010617897720690106,4.534177840727807
mono-00000191,1960.0,0.7830984651548931,-7,0.00016772437578293868,4.250232098330926
mono-00000191,1960.0,0.7830984651548931,-6,0.0002458709759273644,3.9459464045263815
mono-00000191,1960.0,0.7830984651548931,-5,0.0011480679392492723,3.6161898468491813
mono-00000191,1960.0,0.7830984651548931,-4,0.001336844270596541,3.2532262043818747
mono-00000191,1960.0,0.7830984651548931,-3,0.03264135011260651,2.8443713042996848
mono-00000191,1960.0,0.7830984651548931,-2,0.0939169274673718,2.3659524619278187
mono-00000191,1960.0,0.7830984651548931,-1,0.13998314815449037,1.7621944975428931
mono-00000191,1960.0,0.7830984651548931,0,0.41165666436722514,0.7830984651554047
mono-00000191,1960.0,0.7830984651548931,1,0.0,0.0
mono-00000191,1960.0,0.7830984651548931,2,0.0,0.0
mono-00000191,1960.0,0.7830984651548931,3,0.0,0.0
mono-00000191,1960.0,0.7830984651548931,4,0.0,0.0
mono-00000191,1960.0,0.7830984651548931,5,0.0,0.0
mono-00000191,1960.0,0.7830984651548931,6,0.0,0.0
mono-00000191,1960.0,0.7830984651548931,7,0.0,0.0
mono-00000191,1960.0,0.7830984651548931,8,0.0,0.0
mono-00000191,1960.0,0.7830984651548931,9,0.0,0.0
mono-00000191,1960.0,0.7830984651548931,10,0.0,0.0
mono-00000191,1960.0,0.7830984651548931,11,0.0,0.0
mono-00000191,1960.0,0.7830984651548931,12,0.0,0.0
mono-00000191,1960.0,0.7830984651548931,13,0.0,0.0
mono-00000191,1960.0,0.7830984651548931,14,0.0,0.0
mono-00000191,1960.0,0.7830984651548931,15,0.0,0.0
mono-00000191,1960.0,0.7830984651548931,16,0.0,0.0
mono-00000191,1960.0,0.7830984651548931,17,0.0,0.0
mono-00000191,1960.0,0.7830984651548931,18,0.0,0.0
mono-00000191,1960.0,0.7830984651548931,19,0.0,0.0
mono-00000191,1960.0,0.7830984651548931,20,0.0,0.0
mono-00000192,1970.0,0.7811088149656342,-20,1.4691268437804302e-06,7.089305212121928
mono-00000192,1970.0,0.7811088149656342,-19,2.277201453918911e-06,6.911791816790554
mono-00000192,1970.0,0.7811088149656342,-18,2.6478772199619996e-06,6.72962091961368
mono-00000192,1970.0,0.7811088149656342,-17,2.8613794422690333e-06,6.5424034654425895
mono-00000192,1970.0,0.7811088149656342,-16,3.457131545977457e-06,6.349693077021286
mono-00000192,1970.0,0.7811088149656342,-15,5.981983775885218e-06,6.150973486357529
mono-00000192,1970.0,0.7811088149656342,-14,7.741622620828288e-06,5.94564218416734
mono-00000192,1970.0,0.7811088149656342,-13,8.920801949477519e-06,5.732988795930112
mono-00000192,1970.0,0.7811088149656342,-12,1.3634838775428017e-05,5.512165943737799
mono-00000192,1970.0,0.7811088149656342,-11,2.290140707790995e-05,5.282149132543424
mono-00000192,1970.0,0.7811088149656342,-10,2.9683833150493556e-05,5.041680140670465
mono-00000192,1970.0,0.7811088149656342,-9,4.4031195143215164e-05,4.789184778618562
mono-00000192,1970.0,0.7811088149656342,-8,0.00010392162776034312,4.5226492205869135
mono-00000192,1970.0,0.7811088149656342,-7,0.0001677969297510048,4.23942613243085
mono-00000192,1970.0,0.7811088149656342,-6,0.00024110581098457827,3.9359147130894883
mono-00000192,1970.0,0.7811088149656342,-5,0.0011320190887772422,3.606997084422602
mono-00000192,1970.0,0.7811088149656342,-4,0.0013487899032263008,3.2449566796433515
mono-00000192,1970.0,0.7811088149656342,-3,0.03243217083697463,2.837141552940281
mono-00000192,1970.0,0.7811088149656342,-2,0.09180306148796986,2.35993917052285
mono-00000192,1970.0,0.7811088149656342,-1,0.13847931913063033,1.7577160890816401
mono-00000192,1970.0,0.7811088149656342,0,0.41451836187386043,0.7811088149655205
mono-00000192,1970.0,0.7811088149656342,1,0.0,0.0
mono-00000192,1970.0,0.7811088149656342,2,0.0,0.0
mono-00000192,1970.0,0.7811088149656342,3,0.0,0.0
mono-00000192,1970.0,0.7811088149656342,4,0.0,0.0
mono-00000192,1970.0,0.7811088149656342,5,0.0,0.0
mono-00000192,1970.0,0.7811088149656342,6,0.0,0.0
mono-00000192,1970.0,0.7811088149656342,7,0.0,0.0
mono-00000192,1970.0,0.7811088149656342,8,0.0,0.0
mono-00000192,1970.0,0.7811088149656342,9,0.0,0.0
mono-00000192,1970.0,0.7811088149656342,10,0.0,0.0
mono-00000192,1970.0,0.7811088149656342,11,0.0,0.0
mono-00000192,1970.0,0.7811088149656342,12,0.0,0.0
mono-00000192,1970.0,0.7811088149656342,13,0.0,0.0
mono-00000192,1970.0,0.7811088149656342,14,0.0,0.0
mono-00000192,1970.0,0.7811088149656342,15,0.0,0.0
mono-00000192,1970.0,0.7811088149656342,16,0.0,0.0
mono-00000192,1970.0,0.7811088149656342,17,0.0,0.0
mono-00000192,1970.0,0.7811088149656342,18,0.0,0.0
mono-00000192,1970.0,0.7811088149656342,19,0.0,0.0
mono-00000192,1970.0,0.7811088149656342,20,0.0,0.0
mono-00000193,1980.0,0.779134253673476,-20,1.4557962352779815e-06,7.071357499591954
mono-00000193,1980.0,0.779134253673476,-19,2.213730882339252e-06,6.894294612137259
mono-00000193,1980.0,0.779134253673476,-18,2.7072724632324835e-06,6.712585955819563
mono-00000193,1980.0,0.779134253673476,-17,2.8456148815226464e-06,6.525843458075386
mono-00000193,1980.0,0.779134253673476,-16,3.4246642324421278e-06,6.333621869074605
mono-00000193,1980.0,0.779134253673476,-15,5.902259593410586e-06,6.135406224856467
mono-00000193,1980.0,0.779134253673476,-14,7.631025538617323e-06,5.930595538098601
mono-00000193,1980.0,0.779134253673476,-13,9.141438745747366e-06,5.718481228825809
mono-00000193,1980.0,0.779134253673476,-12,1.3284911013358139e-05,5.498218059907899
mono-00000193,1980.0,0.779134253673476,-11,2.254182057866197e-05,5.26878412469992
mono-00000193,1980.0,0.779134253673476,-10,3.012596696671625e-05,5.028924380643929
mono-00000193,1980.0,0.779134253673476,-9,4.437889641932028e-05,4.777068615961767
mono-00000193,1980.0,0.779134253673476,-8,0.00010148779141029273,4.511208093794821
mono-00000193,1980.0,0.779134253673476,-7,0.00016761936761921942,4.228702170257279
mono-00000193,1980.0,0.779134253673476,-6,0.00023608906111890636,3.9259591447272015
mono-00000193,1980.0,0.779134253673476,-5,0.0011159199508531102,3.5978740745557616
mono-00000193,1980.0,0.779134253673476,-4,0.0013608183476496241,3.2367498980478615
mono-00000193,1980.0,0.779134253673476,-3,0.03219532574952743,2.82996665200659
mono-00000193,1980.0,0.779134253673476,-2,0.08968614815514361,2.3539714973240677
mono-00000193,1980.0,0.779134253673476,-1,0.13705238895549482,1.7532716520214393
mono-00000193,1980.0,0.779134253673476,0,0.4172928357060622,0.7791342536733765
mono-00000193,1980.0,0.779134253673476,1,0.0,0.0
mono-00000193,1980.0,0.779134253673476,2,0.0,0.0
mono-00000193,1980.0,0.779134253673476,3,0.0,0.0
mono-00000193,1980.0,0.779134253673476,4,0.0,0.0
mono-00000193,1980.0,0.779134253673476,5,0.0,0.0
mono-00000193,1980.0,0.779134253673476,6,0.0,0.0
mono-00000193,1980.0,0.779134253673476,7,0.0,0.0
mono-00000193,1980.0,0.779134253673476,8,0.0,0.0
mono-00000193,1980.0,0.779134253673476,9,0.0,0.0
mono-00000193,1980.0,0.779134253673476,10,0.0,0.0
mono-00000193,1980.0,0.779134253673476,11,0.0,0.0
mono-00000193,1980.0,0.779134253673476,12,0.0,0.0
mono-00000193,1980.0,0.779134253673476,13,0.0,0.0
mono-00000193,1980.0,0.779134253673476,14,0.0,0.0
mono-00000193,1980.0,0.779134253673476,15,0.0,0.0
mono-00000193,1980.0,0.779134253673476,16,0.0,0.0
mono-00000193,1980.0,0.779134253673476,17,0.0,0.0
mono-00000193,1980.0,0.779134253673476,18,0.0,0.0
mono-00000193,1980.0,0.779134253673476,19,0.0,0.0
mono-00000193,1980.0,0.779134253673476,20,0.0,0.0
mono-00000194,1990.0,0.777174591521657,-20,1.4437753709602288e-06,7.053545413195778
mono-00000194,1990.0,0.777174591521657,-19,2.1457742749386505e-06,6.8769296209300705
mono-00000194,1990.0,0.777174591521657,-18,2.7628022155597542e-06,6.6956797045612575
mono-00000194,1990.0,0.777174591521657,-17,2.830367521589033e-06,6.509408566703684
mono-00000194,1990.0,0.777174591521657,-16,3.404152040171067e-06,6.317672076453178
mono-00000194,1990.0,0.777174591521657,-15,5.807754510986637e-06,6.119956564048678
mono-00000194,1990.0,0.777174591521657,-14,7.526142110547238e-06,5.915662552653544
mono-00000194,1990.0,0.777174591521657,-13,9.356484684134519e-06,5.7040832433064
mono-00000194,1990.0,0.777174591521657,-12,1.2923669233539755e-05,5.484375523510863
mono-00000194,1990.0,0.777174591521657,-11,2.219723703216926e-05,5.2555200555039505
mono-00000194,1990.0,0.777174591521657,-10,3.058917550755299e-05,5.016264951869374
mono-00000194,1990.0,0.777174591521657,-9,4.462310560195834e-05,4.765043948549433
mono-00000194,1990.0,0.777174591521657,-8,9.893725644665018e-05,4.499853359242351
mono-00000194,1990.0,0.777174591521657,-7,0.00016725067818132124,4.218059179853796
mono-00000194,1990.0,0.777174591521657,-6,0.0002309405126489391,3.9160787415479774
mono-00000194,1990.0,0.777174591521657,-5,0.0011002486057950195,3.588819939576638
mono-00000194,1990.0,0.777174591521657,-4,0.0013736354152457913,3.228605070171767
mono-00000194,1990.0,0.777174591521657,-3,0.03193964012847686,2.8228459114258158
mono-00000194,1990.0,0.777174591521657,-2,0.08759319966073881,2.3480488684494247
mono-00000194,1990.0,0.777174591521657,-1,0.13571978566243073,1.7488607590338745
mono-00000194,1990.0,0.777174591521657,0,0.42000517885925126,0.7771745915219697
mono-00000194,1990.0,0.777174591521657,1,0.0,0.0
mono-00000194,1990.0,0.777174591521657,2,0.0,0.0
mono-00000194,1990.0,0.777174591521657,3,0.0,0.0
mono-00000194,1990.0,0.777174591521657,4,0.0,0.0
mono-00000194,1990.0,0.777174591521657,5,0.0,0.0
mono-00000194,1990.0,0.777174591521657,6,0.0,0.0
mono-00000194,1990.0,0.777174591521657,7,0.0,0.0
mono-00000194,1990.0,0.777174591521657,8,0.0,0.0
mono-00000194,1990.0,0.777174591521657,9,0.0,0.0
mono-00000194,1990.0,0.777174591521657,10,0.0,0.0
mono-00000194,1990.0,0.777174591521657,11,0.0,0.0
mono-00000194,1990.0,0.777174591521657,12,0.0,0.0
mono-00000194,1990.0,0.777174591521657,13,0.0,0.0
mono-00000194,1990.0,0.777174591521657,14,0.0,0.0
mono-00000194,1990.0,0.777174591521657,15,0.0,0.0
mono-00000194,1990.0,0.777174591521657,16,0.0,0.0
mono-00000194,1990.0,0.777174591521657,17,0.0,0.0
mono-00000194,1990.0,0.777174591521657,18,0.0,0.0
mono-00000194,1990.0,0.777174591521657,19,0.0,0.0
mono-00000194,1990.0,0.777174591521657,20,0.0,0.0
mono-00000195,2000.0,0.7752296420774627,-20,1.4310887749710476e-06,7.035867253340214
mono-00000195,2000.0,0.7752296420774627,-19,2.074248090769491e-06,6.85969518644562
mono-00000195,2000.0,0.7752296420774627,-18,2.8101135612908143e-06,6.6789005530852705
mono-00000195,2000.0,0.7752296420774627,-17,2.816332798153349e-06,6.493097223736498
mono-00000195,2000.0,0.7752296420774627,-16,3.392568880163519e-06,6.30184217802757
mono-00000195,2000.0,0.7752296420774627,-15,5.696110469854371e-06,6.104623030688032
mono-00000195,2000.0,0.7752296420774627,-14,7.425446290886954e-06,5.900841804034783
mono-00000195,2000.0,0.7752296420774627,-13,9.55311060154222e-06,5.689793466757507
mono-00000195,2000.0,0.7752296420774627,-12,1.25533165495992e-05,5.470637015052006
mono-00000195,2000.0,0.7752296420774627,-11,2.1858338167581577e-05,5.242355660760936
mono-00000195,2000.0,0.7752296420774627,-10,3.1042857441979274e-05,5.003700647932817
mono-00000195,2000.0,0.7752296420774627,-9,4.4726675540416505e-05,4.7531096306040155
mono-00000195,2000.0,0.7752296420774627,-8,9.62554260154667e-05,4.4885839351240975
mono-00000195,2000.0,0.7752296420774627,-7,0.0001665900442491141,4.20749614735432
mono-00000195,2000.0,0.7752296420774627,-6,0.0002255739211026619,3.9062725624510506
mono-00000195,2000.0,0.7752296420774627,-5,0.0010846362703515859,3.5798338171969846
mono-00000195,2000.0,0.7752296420774627,-4,0.0013864043457339768,3.220521420427545
mono-00000195,2000.0,0.7752296420774627,-3,0.03164254184363093,2.815778653219027
mono-00000195,2000.0,0.7752296420774627,-2,0.08547700788332269,2.3421707200737956
mono-00000195,2000.0,0.7752296420774627,-1,0.13445335585845747,1.7444829902782857
mono-00000195,2000.0,0.7752296420774627,0,0.42256531465750874,0.775229642078159
mono-00000195,2000.0,0.7752296420774627,1,0.0,0.0
mono-00000195,2000.0,0.7752296420774627,2,0.0,0.0
mono-00000195,2000.0,0.7752296420774627,3,0.0,0.0
mono-00000195,2000.0,0.7752296420774627,4,0.0,0.0
mono-00000195,2000.0,0.7752296420774627,5,0.0,0.0
mono-00000195,2000.0,0.7752296420774627,6,0.0,0.0
mono-00000195,2000.0,0.7752296420774627,7,0.0,0.0
mono-00000195,2000.0,0.7752296420774627,8,0.0,0.0
mono-00000195,2000.0,0.7752296420774627,9,0.0,0.0
mono-00000195,2000.0,0.7752296420774627,10,0.0,0.0
mono-00000195,2000.0,0.7752296420774627,11,0.0,0.0
mono-00000195,2000.0,0.7752296420774627,12,0.0,0.0
mono-00000195,2000.0,0.7752296420774627,13,0.0,0.0
mono-00000195,2000.0,0.7752296420774627,14,0.0,0.0
mono-00000195,2000.0,0.7752296420774627,15,0.0,0.0
mono-00000195,2000.0,0.7752296420774627,16,0.0,0.0
mono-00000195,2000.0,0.7752296420774627,17,0.0,0.0
mono-00000195,2000.0,0.7752296420774627,18,0.0,0.0
mono-00000195,2000.0,0.7752296420774627,19,0.0,0.0
mono-00000195,2000.0,0.7752296420774627,20,0.0,0.0
