case_id,energy_ev,grazing_angle_deg,order,efficiency,diffraction_angle_deg
fixed-laminar-00000000,50.0,4.0,-20,0.00011170561273467629,36.946600757765104
fixed-laminar-00000000,50.0,4.0,-19,8.668870174335356e-05,35.99049916925804
fixed-laminar-00000000,50.0,4.0,-18,0.00010497074319141323,35.01190478081956
fixed-laminar-00000000,50.0,4.0,-17,9.78367425002319e-05,34.00884370553947
fixed-laminar-00000000,50.0,4.0,-16,0.00011345819226370434,32.97905073283735
fixed-laminar-00000000,50.0,4.0,-15,0.00015696203664852917,31.919905276127125
fixed-laminar-00000000,50.0,4.0,-14,0.0001051872833085985,30.828348020108905
fixed-laminar-00000000,50.0,4.0,-13,0.00018601533135097708,29.700770649131364
fixed-laminar-00000000,50.0,4.0,-12,0.00024525841351266686,28.532867207683132
fixed-laminar-00000000,50.0,4.0,-11,0.00011170090176485095,27.319429403774024
fixed-laminar-00000000,50.0,4.0,-10,0.0003773321578709274,26.054057638388535
fixed-laminar-00000000,50.0,4.0,-9,0.00038874069086420015,24.728741050446132
fixed-laminar-00000000,50.0,4.0,-8,0.0001438057512259983,23.333225797914665
fixed-laminar-00000000,50.0,4.0,-7,0.0009427310995072571,21.854024375341254
fixed-laminar-00000000,50.0,4.0,-6,0.0006230420708787755,20.272780035826898
fixed-laminar-00000000,50.0,4.0,-5,0.00045378292492477296,18.563384620134798
fixed-laminar-00000000,50.0,4.0,-4,0.0031961398396341024,16.68644527017065
fixed-laminar-00000000,50.0,4.0,-3,0.0010354673795955165,14.577325397340658
fixed-laminar-00000000,50.0,4.0,-2,0.005230035544289118,12.115293466158093
fixed-laminar-00000000,50.0,4.0,-1,0.03666328246573974,9.015622340555609
fixed-laminar-00000000,50.0,4.0,0,0.7256236671718551,4.000000000000043
fixed-laminar-00000000,50.0,4.0,1,0.0,0.0
fixed-laminar-00000000,50.0,4.0,2,0.0,0.0
fixed-laminar-00000000,50.0,4.0,3,0.0,0.0
fixed-laminar-00000000,50.0,4.0,4,0.0,0.0
fixed-laminar-00000000,50.0,4.0,5,0.0,0.0
fixed-laminar-00000000,50.0,4.0,6,0.0,0.0
fixed-laminar-00000000,50.0,4.0,7,0.0,0.0
fixed-laminar-00000000,50.0,4.0,8,0.0,0.0
fixed-laminar-00000000,50.0,4.0,9,0.0,0.0
fixed-laminar-00000000,50.0,4.0,10,0.0,0.0
fixed-laminar-00000000,50.0,4.0,11,0.0,0.0
fixed-laminar-00000000,50.0,4.0,12,0.0,0.0
fixed-laminar-00000000,50.0,4.0,13,0.0,0.0
fixed-laminar-00000000,50.0,4.0,14,0.0,0.0
fixed-laminar-00000000,50.0,4.0,15,0.0,0.0
fixed-laminar-00000000,50.0,4.0,16,0.0,0.0
fixed-laminar-00000000,50.0,4.0,17,0.0,0.0
fixed-laminar-00000000,50.0,4.0,18,0.0,0.0
fixed-laminar-00000000,50.0,4.0,19,0.0,0.0
fixed-laminar-00000000,50.0,4.0,20,0.0,0.0
fixed-laminar-00000001,60.0,4.0,-20,0.0002311708500614299,33.66867098629079
fixed-laminar-00000001,60.0,4.0,-19,0.00016486936984770668,32.804641534161746
fixed-laminar-00000001,60.0,4.0,-18,0.00017917840055775458,31.91990527612714
fixed-laminar-00000001,60.0,4.0,-17,0.00018958323521363812,31.012670458853336
fixed-laminar-00000001,60.0,4.0,-16,0.00019220242825836628,30.0808814961542
fixed-laminar-00000001,60.0,4.0,-15,0.0002547610563046477,29.122161170553625
fixed-laminar-00000001,60.0,4.0,-14,0.00020201600657098734,28.133735479709266
fixed-laminar-00000001,60.0,4.0,-13,0.0002836016841261856,27.112334302138407
fixed-laminar-00000001,60.0,4.0,-12,0.0003913218285900549,26.05405763838855
fixed-laminar-00000001,60.0,4.0,-11,0.0002085500942259325,24.95419162388059
fixed-laminar-00000001,60.0,4.0,-10,0.0005397309000021152,23.80694914738052
fixed-laminar-00000001,60.0,4.0,-9,0.0006177524626148569,22.605093498036354
fixed-laminar-00000001,60.0,4.0,-8,0.00023366881983830835,21.33937330915093
fixed-laminar-00000001,60.0,4.0,-7,0.0013230598634667236,19.997638457525795
fixed-laminar-00000001,60.0,4.0,-6,0.0009897577175872945,18.563384620134826
fixed-laminar-00000001,60.0,4.0,-5,0.0005998476148690226,17.01319792164763
fixed-laminar-00000001,60.0,4.0,-4,0.004489014666784377,15.311873059069754
fixed-laminar-00000001,60.0,4.0,-3,0.0016452223658578503,13.401935191968363
fixed-laminar-00000001,60.0,4.0,-2,0.006957350816367733,11.176900501616302
fixed-laminar-00000001,60.0,4.0,-1,0.05141991519421761,8.389645509317276
fixed-laminar-00000001,60.0,4.0,0,0.7218474799833576,4.000000000000128
fixed-laminar-00000001,60.0,4.0,1,0.0,0.0
fixed-laminar-00000001,60.0,4.0,2,0.0,0.0
fixed-laminar-00000001,60.0,4.0,3,0.0,0.0
fixed-laminar-00000001,60.0,4.0,4,0.0,0.0
fixed-laminar-00000001,60.0,4.0,5,0.0,0.0
fixed-laminar-00000001,60.0,4.0,6,0.0,0.0
fixed-laminar-00000001,60.0,4.0,7,0.0,0.0
fixed-laminar-00000001,60.0,4.0,8,0.0,0.0
fixed-laminar-00000001,60.0,4.0,9,0.0,0.0
fixed-laminar-00000001,60.0,4.0,10,0.0,0.0
fixed-laminar-00000001,60.0,4.0,11,0.0,0.0
fixed-laminar-00000001,60.0,4.0,12,0.0,0.0
fixed-laminar-00000001,60.0,4.0,13,0.0,0.0
fixed-laminar-00000001,60.0,4.0,14,0.0,0.0
fixed-laminar-00000001,60.0,4.0,15,0.0,0.0
fixed-laminar-00000001,60.0,4.0,16,0.0,0.0
fixed-laminar-00000001,60.0,4.0,17,0.0,0.0
fixed-laminar-00000001,60.0,4.0,18,0.0,0.0
fixed-laminar-00000001,60.0,4.0,19,0.0,0.0
fixed-laminar-00000001,60.0,4.0,20,0.0,0.0
fixed-laminar-00000002,70.0,4.0,-20,0.0003110775486175155,31.143727622325613
fixed-laminar-00000002,70.0,4.0,-19,0.00022700133774062315,30.3497443387063
fixed-laminar-00000002,70.0,4.0,-18,0.00022706785402699405,29.536506828714217
fixed-laminar-00000002,70.0,4.0,-17,0.0002584598079692211,28.702365570412915
fixed-laminar-00000002,70.0,4.0,-16,0.0002545261052827666,27.845428820199288
fixed-laminar-00000002,70.0,4.0,-15,0.0003139665690648183,26.963509729777833
fixed-laminar-00000002,70.0,4.0,-14,0.00028310129900068224,26.054057638388535
fixed-laminar-00000002,70.0,4.0,-13,0.00035248271539539374,25.114067339116176
fixed-laminar-00000002,70.0,4.0,-12,0.0004822027280183649,24.13995702449016
fixed-laminar-00000002,70.0,4.0,-11,0.0002996348330081765,23.127400592828295
fixed-laminar-00000002,70.0,4.0,-10,0.0006383944435402122,22.071091552917864
fixed-laminar-00000002,70.0,4.0,-9,0.0007741597368368083,20.964400995176362
fixed-laminar-00000002,70.0,4.0,-8,0.0003243036532080345,19.798865027537445
fixed-laminar-00000002,70.0,4.0,-7,0.0015524045106741868,18.563384620134798
fixed-laminar-00000002,70.0,4.0,-6,0.0012738759278797575,17.242912058772163
fixed-laminar-00000002,70.0,4.0,-5,0.0007098514624610408,15.816153021261798
fixed-laminar-00000002,70.0,4.0,-4,0.0053912842889038345,14.251197562253566
fixed-laminar-00000002,70.0,4.0,-3,0.0021897832373138785,12.496206306817058
fixed-laminar-00000002,70.0,4.0,-2,0.008229045458778244,10.45589172636997
fixed-laminar-00000002,70.0,4.0,-1,0.06427049016508195,7.9124896307686186
fixed-laminar-00000002,70.0,4.0,0,0.6875002316696992,4.000000000000043
fixed-laminar-00000002,70.0,4.0,1,0.0,0.0
fixed-laminar-00000002,70.0,4.0,2,0.0,0.0
fixed-laminar-00000002,70.0,4.0,3,0.0,0.0
fixed-laminar-00000002,70.0,4.0,4,0.0,0.0
fixed-laminar-00000002,70.0,4.0,5,0.0,0.0
fixed-laminar-00000002,70.0,4.0,6,0.0,0.0
fixed-laminar-00000002,70.0,4.0,7,0.0,0.0
fixed-laminar-00000002,70.0,4.0,8,0.0,0.0
fixed-laminar-00000002,70.0,4.0,9,0.0,0.0
fixed-laminar-00000002,70.0,4.0,10,0.0,0.0
fixed-laminar-00000002,70.0,4.0,11,0.0,0.0
fixed-laminar-00000002,70.0,4.0,12,0.0,0.0
fixed-laminar-00000002,70.0,4.0,13,0.0,0.0
fixed-laminar-00000002,70.0,4.0,14,0.0,0.0
fixed-laminar-00000002,70.0,4.0,15,0.0,0.0
fixed-laminar-00000002,70.0,4.0,16,0.0,0.0
fixed-laminar-00000002,70.0,4.0,17,0.0,0.0
fixed-laminar-00000002,70.0,4.0,18,0.0,0.0
fixed-laminar-00000002,70.0,4.0,19,0.0,0.0
fixed-laminar-00000002,70.0,4.0,20,0.0,0.0
fixed-laminar-00000003,80.0,4.0,-20,0.0007387548114398039,29.122161170553625
fixed-laminar-00000003,80.0,4.0,-19,0.00046536505426747634,28.383796025086852
fixed-laminar-00000003,80.0,4.0,-18,0.000405403080291189,27.62738395184673
fixed-laminar-00000003,80.0,4.0,-17,0.0005232188050218748,26.85139076255797
fixed-laminar-00000003,80.0,4.0,-16,0.00045683837068985456,26.05405763838855
fixed-laminar-00000003,80.0,4.0,-15,0.0005190431046837443,25.23335224938701
fixed-laminar-00000003,80.0,4.0,-14,0.0005523625462323554,24.38690529633689
fixed-laminar-00000003,80.0,4.0,-13,0.0005605377701765216,23.51192678300849
fixed-laminar-00000003,80.0,4.0,-12,0.0007678109184718866,22.605093498036354
fixed-laminar-00000003,80.0,4.0,-11,0.0005723724982307407,21.662394599301848
fixed-laminar-00000003,80.0,4.0,-10,0.0009153709244281913,20.678914499078303
fixed-laminar-00000003,80.0,4.0,-9,0.001212679864219271,19.6485188177962
fixed-laminar-00000003,80.0,4.0,-8,0.0005730257778054701,18.563384620134826
fixed-laminar-00000003,80.0,4.0,-7,0.002126226124046189,17.413268710318007
fixed-laminar-00000003,80.0,4.0,-6,0.001973550977679609,16.18430978152439
fixed-laminar-00000003,80.0,4.0,-5,0.000977719739315639,14.856940312447804
fixed-laminar-00000003,80.0,4.0,-4,0.007319817098502236,13.401935191968363
fixed-laminar-00000003,80.0,4.0,-3,0.003333672205784184,11.772044157333355
fixed-laminar-00000003,80.0,4.0,-2,0.01059492620676856,9.881078656044693
fixed-laminar-00000003,80.0,4.0,-1,0.08628351011376109,7.534952908764481
fixed-laminar-00000003,80.0,4.0,0,0.7031936650687605,4.000000000000128
fixed-laminar-00000003,80.0,4.0,1,0.0,0.0
fixed-laminar-00000003,80.0,4.0,2,0.0,0.0
fixed-laminar-00000003,80.0,4.0,3,0.0,0.0
fixed-laminar-00000003,80.0,4.0,4,0.0,0.0
fixed-laminar-00000003,80.0,4.0,5,0.0,0.0
fixed-laminar-00000003,80.0,4.0,6,0.0,0.0
fixed-laminar-00000003,80.0,4.0,7,0.0,0.0
fixed-laminar-00000003,80.0,4.0,8,0.0,0.0
fixed-laminar-00000003,80.0,4.0,9,0.0,0.0
fixed-laminar-00000003,80.0,4.0,10,0.0,0.0
fixed-laminar-00000003,80.0,4.0,11,0.0,0.0
fixed-laminar-00000003,80.0,4.0,12,0.0,0.0
fixed-laminar-00000003,80.0,4.0,13,0.0,0.0
fixed-laminar-00000003,80.0,4.0,14,0.0,0.0
fixed-laminar-00000003,80.0,4.0,15,0.0,0.0
fixed-laminar-00000003,80.0,4.0,16,0.0,0.0
fixed-laminar-00000003,80.0,4.0,17,0.0,0.0
fixed-laminar-00000003,80.0,4.0,18,0.0,0.0
fixed-laminar-00000003,80.0,4.0,19,0.0,0.0
fixed-laminar-00000003,80.0,4.0,20,0.0,0.0
fixed-laminar-00000004,90.0,4.0,-20,0.0011644668964288377,27.45669132490191
fixed-laminar-00000004,90.0,4.0,-19,0.0007931257604692084,26.763886623772734
fixed-laminar-00000004,90.0,4.0,-18,0.0005493144410909829,26.054057638388535
fixed-laminar-00000004,90.0,4.0,-17,0.0008158165639840691,25.3257663055293
fixed-laminar-00000004,90.0,4.0,-16,0.0007205240762694207,24.57736462946967
fixed-laminar-00000004,90.0,4.0,-15,0.0006742805148630354,23.806949147380507
fixed-laminar-00000004,90.0,4.0,-14,0.0008741502730081245,23.01230186044222
fixed-laminar-00000004,90.0,4.0,-13,0.0008022277539702965,22.19081236476336
fixed-laminar-00000004,90.0,4.0,-12,0.0009844451663194615,21.33937330915093
fixed-laminar-00000004,90.0,4.0,-11,0.0009272374914288436,20.454237086533084
fixed-laminar-00000004,90.0,4.0,-10,0.0011668373354507078,19.530814598225575
fixed-laminar-00000004,90.0,4.0,-9,0.0015712024102734331,18.563384620134798
fixed-laminar-00000004,90.0,4.0,-8,0.0009236195773199484,17.544659849708694
fixed-laminar-00000004,90.0,4.0,-7,0.002555586777308985,16.46511246866092
fixed-laminar-00000004,90.0,4.0,-6,0.0026030890205657998,15.311873059069725
fixed-laminar-00000004,90.0,4.0,-5,0.0013080405784933005,14.066817881848479
fixed-laminar-00000004,90.0,4.0,-4,0.00884409349216092,12.702966158118315
fixed-laminar-00000004,90.0,4.0,-3,0.004459326509061194,11.176900501616302
fixed-laminar-00000004,90.0,4.0,-2,0.012617833029718757,9.410012267886245
fixed-laminar-00000004,90.0,4.0,-1,0.10677253804274602,7.227774780095132
fixed-laminar-00000004,90.0,4.0,0,0.6951420310528188,4.000000000000043
fixed-laminar-00000004,90.0,4.0,1,0.0,0.0
fixed-laminar-00000004,90.0,4.0,2,0.0,0.0
fixed-laminar-00000004,90.0,4.0,3,0.0,0.0
fixed-laminar-00000004,90.0,4.0,4,0.0,0.0
fixed-laminar-00000004,90.0,4.0,5,0.0,0.0
fixed-laminar-00000004,90.0,4.0,6,0.0,0.0
fixed-laminar-00000004,90.0,4.0,7,0.0,0.0
fixed-laminar-00000004,90.0,4.0,8,0.0,0.0
fixed-laminar-00000004,90.0,4.0,9,0.0,0.0
fixed-laminar-00000004,90.0,4.0,10,0.0,0.0
fixed-laminar-00000004,90.0,4.0,11,0.0,0.0
fixed-laminar-00000004,90.0,4.0,12,0.0,0.0
fixed-laminar-00000004,90.0,4.0,13,0.0,0.0
fixed-laminar-00000004,90.0,4.0,14,0.0,0.0
fixed-laminar-00000004,90.0,4.0,15,0.0,0.0
fixed-laminar-00000004,90.0,4.0,16,0.0,0.0
fixed-laminar-00000004,90.0,4.0,17,0.0,0.0
fixed-laminar-00000004,90.0,4.0,18,0.0,0.0
fixed-laminar-00000004,90.0,4.0,19,0.0,0.0
fixed-laminar-00000004,90.0,4.0,20,0.0,0.0
fixed-laminar-00000005,100.0,4.0,-20,0.0012696647216508068,26.054057638388535
fixed-laminar-00000005,100.0,4.0,-19,0.001068402225428763,25.39947137852822
fixed-laminar-00000005,100.0,4.0,-18,0.0006754390122846732,24.728741050446132
fixed-laminar-00000005,100.0,4.0,-17,0.000994902573760709,24.040510406174633
fixed-laminar-00000005,100.0,4.0,-16,0.0010155669983917008,23.333225797914665
fixed-laminar-00000005,100.0,4.0,-15,0.0007976278470111127,22.60509349803634
fixed-laminar-00000005,100.0,4.0,-14,0.0011328332988954286,21.854024375341254
fixed-laminar-00000005,100.0,4.0,-13,0.0011094223438404785,21.07756102550144
fixed-laminar-00000005,100.0,4.0,-12,0.0011288576471500753,20.272780035826898
fixed-laminar-00000005,100.0,4.0,-11,0.0012749912948385356,19.43615815678045
fixed-laminar-00000005,100.0,4.0,-10,0.0014683097264571409,18.563384620134798
fixed-laminar-00000005,100.0,4.0,-9,0.0018131928931316784,17.649090489235533
fixed-laminar-00000005,100.0,4.0,-8,0.0013314322663317603,16.68644527017065
fixed-laminar-00000005,100.0,4.0,-7,0.0029414905169063174,15.666531340439832
fixed-laminar-00000005,100.0,4.0,-6,0.003089605890600792,14.577325397340658
fixed-laminar-00000005,100.0,4.0,-5,0.0017313558269018046,13.401935191968334
fixed-laminar-00000005,100.0,4.0,-4,0.010058034034703832,12.115293466158093
fixed-laminar-00000005,100.0,4.0,-3,0.005462820302837902,10.677246924869166
fixed-laminar-00000005,100.0,4.0,-2,0.01445826757595871,9.015622340555609
fixed-laminar-00000005,100.0,4.0,-1,0.12542177648353395,6.972349028947534
fixed-laminar-00000005,100.0,4.0,0,0.6716607781951607,4.000000000000043
fixed-laminar-00000005,100.0,4.0,1,0.0,0.0
fixed-laminar-00000005,100.0,4.0,2,0.0,0.0
fixed-laminar-00000005,100.0,4.0,3,0.0,0.0
fixed-laminar-00000005,100.0,4.0,4,0.0,0.0
fixed-laminar-00000005,100.0,4.0,5,0.0,0.0
fixed-laminar-00000005,100.0,4.0,6,0.0,0.0
fixed-laminar-00000005,100.0,4.0,7,0.0,0.0
fixed-laminar-00000005,100.0,4.0,8,0.0,0.0
fixed-laminar-00000005,100.0,4.0,9,0.0,0.0
fixed-laminar-00000005,100.0,4.0,10,0.0,0.0
fixed-laminar-00000005,100.0,4.0,11,0.0,0.0
fixed-laminar-00000005,100.0,4.0,12,0.0,0.0
fixed-laminar-00000005,100.0,4.0,13,0.0,0.0
fixed-laminar-00000005,100.0,4.0,14,0.0,0.0
fixed-laminar-00000005,100.0,4.0,15,0.0,0.0
fixed-laminar-00000005,100.0,4.0,16,0.0,0.0
fixed-laminar-00000005,100.0,4.0,17,0.0,0.0
fixed-laminar-00000005,100.0,4.0,18,0.0,0.0
fixed-laminar-00000005,100.0,4.0,19,0.0,0.0
fixed-laminar-00000005,100.0,4.0,20,0.0,0.0
fixed-laminar-00000006,110.0,4.0,-20,0.0011931175924837021,24.851951542714687
fixed-laminar-00000006,110.0,4.0,-19,0.0011468875650609278,24.2300299857246
fixed-laminar-00000006,110.0,4.0,-18,0.0007880328869572121,23.592732267871042
fixed-laminar-00000006,110.0,4.0,-17,0.001088617488790835,22.938772943565866
fixed-laminar-00000006,110.0,4.0,-16,0.0012238599537740403,22.26668002829814
fixed-laminar-00000006,110.0,4.0,-15,0.0009504161836637002,21.574754793732083
fixed-laminar-00000006,110.0,4.0,-14,0.0013287926570351005,20.861019691517996
fixed-laminar-00000006,110.0,4.0,-13,0.0014070185340947822,20.12314981933116
fixed-laminar-00000006,110.0,4.0,-12,0.0013041530378269583,19.358381089041814
fixed-laminar-00000006,110.0,4.0,-11,0.0015834804016493353,18.563384620134798
fixed-laminar-00000006,110.0,4.0,-10,0.001800050646241229,17.73409081271616
fixed-laminar-00000006,110.0,4.0,-9,0.002063948049963597,16.86543602782575
fixed-laminar-00000006,110.0,4.0,-8,0.0017346829945132254,15.950985698613678
fixed-laminar-00000006,110.0,4.0,-7,0.003347827546899124,14.982351111948859
fixed-laminar-00000006,110.0,4.0,-6,0.0035660736613766274,13.948242344473982
fixed-laminar-00000006,110.0,4.0,-5,0.0021813300477374693,12.832834315133255
fixed-laminar-00000006,110.0,4.0,-4,0.011184738436056286,11.612716944258509
fixed-laminar-00000006,110.0,4.0,-3,0.006469709515693326,10.250559696102783
fixed-laminar-00000006,110.0,4.0,-2,0.01618625450059591,8.679735599183942
fixed-laminar-00000006,110.0,4.0,-1,0.14319764200220317,6.756222279782023
fixed-laminar-00000006,110.0,4.0,0,0.6407317617922318,4.000000000000043
fixed-laminar-00000006,110.0,4.0,1,0.0,0.0
fixed-laminar-00000006,110.0,4.0,2,0.0,0.0
fixed-laminar-00000006,110.0,4.0,3,0.0,0.0
fixed-laminar-00000006,110.0,4.0,4,0.0,0.0
fixed-laminar-00000006,110.0,4.0,5,0.0,0.0
fixed-laminar-00000006,110.0,4.0,6,0.0,0.0
fixed-laminar-00000006,110.0,4.0,7,0.0,0.0
fixed-laminar-00000006,110.0,4.0,8,0.0,0.0
fixed-laminar-00000006,110.0,4.0,9,0.0,0.0
fixed-laminar-00000006,110.0,4.0,10,0.0,0.0
fixed-laminar-00000006,110.0,4.0,11,0.0,0.0
fixed-laminar-00000006,110.0,4.0,12,0.0,0.0
fixed-laminar-00000006,110.0,4.0,13,0.0,0.0
fixed-laminar-00000006,110.0,4.0,14,0.0,0.0
fixed-laminar-00000006,110.0,4.0,15,0.0,0.0
fixed-laminar-00000006,110.0,4.0,16,0.0,0.0
fixed-laminar-00000006,110.0,4.0,17,0.0,0.0
fixed-laminar-00000006,110.0,4.0,18,0.0,0.0
fixed-laminar-00000006,110.0,4.0,19,0.0,0.0
fixed-laminar-00000006,110.0,4.0,20,0.0,0.0
fixed-laminar-00000007,120.0,4.0,-20,0.0010503546396844958,23.80694914738052
fixed-laminar-00000007,120.0,4.0,-19,0.0010485531031653476,23.21337059431326
fixed-laminar-00000007,120.0,4.0,-18,0.0007860737452033699,22.605093498036354
fixed-laminar-00000007,120.0,4.0,-17,0.0010870631491115305,21.980894517242845
fixed-laminar-00000007,120.0,4.0,-16,0.0012653032835966264,21.33937330915093
fixed-laminar-00000007,120.0,4.0,-15,0.0010502101356903643,20.67891449907833
fixed-laminar-00000007,120.0,4.0,-14,0.0014763900735892679,19.997638457525795
fixed-laminar-00000007,120.0,4.0,-13,0.00163442115941023,19.293336575596342
fixed-laminar-00000007,120.0,4.0,-12,0.001490594809945502,18.563384620134826
fixed-laminar-00000007,120.0,4.0,-11,0.0019024421064255154,17.80462435107323
fixed-laminar-00000007,120.0,4.0,-10,0.0021230028407284046,17.01319792164763
fixed-laminar-00000007,120.0,4.0,-9,0.0023442477998842767,16.18430978152439
fixed-laminar-00000007,120.0,4.0,-8,0.002185212063491668,15.311873059069754
fixed-laminar-00000007,120.0,4.0,-7,0.003731667419438181,14.387963517781984
fixed-laminar-00000007,120.0,4.0,-6,0.004084240656600892,13.401935191968363
fixed-laminar-00000007,120.0,4.0,-5,0.0026793958941043992,12.338899720932346
fixed-laminar-00000007,120.0,4.0,-4,0.01218442962318802,11.176900501616302
fixed-laminar-00000007,120.0,4.0,-3,0.007555668764393593,9.881078656044693
fixed-laminar-00000007,120.0,4.0,-2,0.017764935007860673,8.389645509317276
fixed-laminar-00000007,120.0,4.0,-1,0.16009542036299018,6.570714442852491
fixed-laminar-00000007,120.0,4.0,0,0.606537887062325,4.000000000000128
fixed-laminar-00000007,120.0,4.0,1,0.0,0.0
fixed-laminar-00000007,120.0,4.0,2,0.0,0.0
fixed-laminar-00000007,120.0,4.0,3,0.0,0.0
fixed-laminar-00000007,120.0,4.0,4,0.0,0.0
fixed-laminar-00000007,120.0,4.0,5,0.0,0.0
fixed-laminar-00000007,120.0,4.0,6,0.0,0.0
fixed-laminar-00000007,120.0,4.0,7,0.0,0.0
fixed-laminar-00000007,120.0,4.0,8,0.0,0.0
fixed-laminar-00000007,120.0,4.0,9,0.0,0.0
fixed-laminar-00000007,120.0,4.0,10,0.0,0.0
fixed-laminar-00000007,120.0,4.0,11,0.0,0.0
fixed-laminar-00000007,120.0,4.0,12,0.0,0.0
fixed-laminar-00000007,120.0,4.0,13,0.0,0.0
fixed-laminar-00000007,120.0,4.0,14,0.0,0.0
fixed-laminar-00000007,120.0,4.0,15,0.0,0.0
fixed-laminar-00000007,120.0,4.0,16,0.0,0.0
fixed-laminar-00000007,120.0,4.0,17,0.0,0.0
fixed-laminar-00000007,120.0,4.0,18,0.0,0.0
fixed-laminar-00000007,120.0,4.0,19,0.0,0.0
fixed-laminar-00000007,120.0,4.0,20,0.0,0.0
fixed-laminar-00000008,130.0,4.0,-20,0.0008654503724749591,22.887737429280307
fixed-laminar-00000008,130.0,4.0,-19,0.0008617925031932198,22.319060381202533
fixed-laminar-00000008,130.0,4.0,-18,0.0006592724367428539,21.73628858867596
fixed-laminar-00000008,130.0,4.0,-17,0.0009185153542353867,21.138253797703968
fixed-laminar-00000008,130.0,4.0,-16,0.0010609496230817772,20.523619220618087
fixed-laminar-00000008,130.0,4.0,-15,0.0009138705895826978,19.890843436975487
fixed-laminar-00000008,130.0,4.0,-14,0.0013484124535629893,19.238133704924607
fixed-laminar-00000008,130.0,4.0,-13,0.001551978039670628,18.563384620134784
fixed-laminar-00000008,130.0,4.0,-12,0.0014550780523241112,17.86409607789507
fixed-laminar-00000008,130.0,4.0,-11,0.0020095733262910616,17.137261306119782
fixed-laminar-00000008,130.0,4.0,-10,0.002257800132561618,16.379210436004684
fixed-laminar-00000008,130.0,4.0,-9,0.002427194463014457,15.58538591965737
fixed-laminar-00000008,130.0,4.0,-8,0.0025647379116216654,14.750009564284554
fixed-laminar-00000008,130.0,4.0,-7,0.003906856096641989,13.865569460383654
fixed-laminar-00000008,130.0,4.0,-6,0.00437604372207955,12.921991178661202
fixed-laminar-00000008,130.0,4.0,-5,0.003184282392289513,11.905217349750558
fixed-laminar-00000008,130.0,4.0,-4,0.012555478128319307,10.794579595613783
fixed-laminar-00000008,130.0,4.0,-3,0.008379486218130377,9.557405601711935
fixed-laminar-00000008,130.0,4.0,-2,0.01879257719111497,8.136169892284855
fixed-laminar-00000008,130.0,4.0,-1,0.1716077925683826,6.409572995038118
fixed-laminar-00000008,130.0,4.0,0,0.5612061919830279,3.999999999999943
fixed-laminar-00000008,130.0,4.0,1,0.0,0.0
fixed-laminar-00000008,130.0,4.0,2,0.0,0.0
fixed-laminar-00000008,130.0,4.0,3,0.0,0.0
fixed-laminar-00000008,130.0,4.0,4,0.0,0.0
fixed-laminar-00000008,130.0,4.0,5,0.0,0.0
fixed-laminar-00000008,130.0,4.0,6,0.0,0.0
fixed-laminar-00000008,130.0,4.0,7,0.0,0.0
fixed-laminar-00000008,130.0,4.0,8,0.0,0.0
fixed-laminar-00000008,130.0,4.0,9,0.0,0.0
fixed-laminar-00000008,130.0,4.0,10,0.0,0.0
fixed-laminar-00000008,130.0,4.0,11,0.0,0.0
fixed-laminar-00000008,130.0,4.0,12,0.0,0.0
fixed-laminar-00000008,130.0,4.0,13,0.0,0.0
fixed-laminar-00000008,130.0,4.0,14,0.0,0.0
fixed-laminar-00000008,130.0,4.0,15,0.0,0.0
fixed-laminar-00000008,130.0,4.0,16,0.0,0.0
fixed-laminar-00000008,130.0,4.0,17,0.0,0.0
fixed-laminar-00000008,130.0,4.0,18,0.0,0.0
fixed-laminar-00000008,130.0,4.0,19,0.0,0.0
fixed-laminar-00000008,130.0,4.0,20,0.0,0.0
fixed-laminar-00000009,140.0,4.0,-20,0.000710497598637014,22.071091552917864
fixed-laminar-00000009,140.0,4.0,-19,0.0007087863955019865,21.524522367911075
fixed-laminar-00000009,140.0,4.0,-18,0.0005585181532227948,20.964400995176362
fixed-laminar-00000009,140.0,4.0,-17,0.0007742032703328669,20.3896085063504
fixed-laminar-00000009,140.0,4.0,-16,0.0008816819656334539,19.798865027537445
fixed-laminar-00000009,140.0,4.0,-15,0.0007524780146782697,19.190695371391683
fixed-laminar-00000009,140.0,4.0,-14,0.0011302897400619438,18.563384620134798
fixed-laminar-00000009,140.0,4.0,-13,0.001299062835967029,17.91491981726459
fixed-laminar-00000009,140.0,4.0,-12,0.0012422034594940733,17.242912058772163
fixed-laminar-00000009,140.0,4.0,-11,0.0018340040771133558,16.544490275662753
fixed-laminar-00000009,140.0,4.0,-10,0.0021321306639785036,15.816153021261798
fixed-laminar-00000009,140.0,4.0,-9,0.0022694454867908044,15.05355599411152
fixed-laminar-00000009,140.0,4.0,-8,0.0027191776314273324,14.251197562253566
fixed-laminar-00000009,140.0,4.0,-7,0.003875900368363177,13.401935191968334
fixed-laminar-00000009,140.0,4.0,-6,0.004368618397768438,12.496206306817058
fixed-laminar-00000009,140.0,4.0,-5,0.0036275722027421997,11.520697333479006
fixed-laminar-00000009,140.0,4.0,-4,0.01239793182959329,10.45589172636997
fixed-laminar-00000009,140.0,4.0,-3,0.008820807157954984,9.27106825583462
fixed-laminar-00000009,140.0,4.0,-2,0.019427356189765346,7.9124896307686186
fixed-laminar-00000009,140.0,4.0,-1,0.1776727878946752,6.268169548557026
fixed-laminar-00000009,140.0,4.0,0,0.5093122816522864,4.000000000000043
fixed-laminar-00000009,140.0,4.0,1,0.0,0.0
fixed-laminar-00000009,140.0,4.0,2,0.0,0.0
fixed-laminar-00000009,140.0,4.0,3,0.0,0.0
fixed-laminar-00000009,140.0,4.0,4,0.0,0.0
fixed-laminar-00000009,140.0,4.0,5,0.0,0.0
fixed-laminar-00000009,140.0,4.0,6,0.0,0.0
fixed-laminar-00000009,140.0,4.0,7,0.0,0.0
fixed-laminar-00000009,140.0,4.0,8,0.0,0.0
fixed-laminar-00000009,140.0,4.0,9,0.0,0.0
fixed-laminar-00000009,140.0,4.0,10,0.0,0.0
fixed-laminar-00000009,140.0,4.0,11,0.0,0.0
fixed-laminar-00000009,140.0,4.0,12,0.0,0.0
fixed-laminar-00000009,140.0,4.0,13,0.0,0.0
fixed-laminar-00000009,140.0,4.0,14,0.0,0.0
fixed-laminar-00000009,140.0,4.0,15,0.0,0.0
fixed-laminar-00000009,140.0,4.0,16,0.0,0.0
fixed-laminar-00000009,140.0,4.0,17,0.0,0.0
fixed-laminar-00000009,140.0,4.0,18,0.0,0.0
fixed-laminar-00000009,140.0,4.0,19,0.0,0.0
fixed-laminar-00000009,140.0,4.0,20,0.0,0.0
fixed-laminar-00000010,150.0,4.0,-20,0.0005731882387421075,21.33937330915093
fixed-laminar-00000010,150.0,4.0,-19,0.0005673351296501613,20.81260721870089
fixed-laminar-00000010,150.0,4.0,-18,0.0004616591403545331,20.272780035826898
fixed-laminar-00000010,150.0,4.0,-17,0.0006444409272443447,19.71881735546995
fixed-laminar-00000010,150.0,4.0,-16,0.0007246514129559084,19.149490680969976
fixed-laminar-00000010,150.0,4.0,-15,0.0006197143201763562,18.563384620134798
fixed-laminar-00000010,150.0,4.0,-14,0.000935137261827122,17.958854520446636
fixed-laminar-00000010,150.0,4.0,-13,0.0010531028117735856,17.333970900377437
fixed-laminar-00000010,150.0,4.0,-12,0.0009983132824609787,16.68644527017065
fixed-laminar-00000010,150.0,4.0,-11,0.0015272419425328778,16.013529106660258
fixed-laminar-00000010,150.0,4.0,-10,0.001799027370821265,15.311873059069754
fixed-laminar-00000010,150.0,4.0,-9,0.0019229312810103752,14.577325397340658
fixed-laminar-00000010,150.0,4.0,-8,0.002557548337798301,13.804634215692602
fixed-laminar-00000010,150.0,4.0,-7,0.0035812621232946666,12.986990452752977
fixed-laminar-00000010,150.0,4.0,-6,0.004028226273249387,12.115293466158093
fixed-laminar-00000010,150.0,4.0,-5,0.003872701962526874,11.176900501616302
fixed-laminar-00000010,150.0,4.0,-4,0.011696843261186682,10.153332615240856
fixed-laminar-00000010,150.0,4.0,-3,0.008762994908154128,9.015622340555609
fixed-laminar-00000010,150.0,4.0,-2,0.019601567076150274,7.713422675659885
fixed-laminar-00000010,150.0,4.0,-1,0.1773308235173682,6.142998339829575
fixed-laminar-00000010,150.0,4.0,0,0.4519879985920528,4.000000000000043
fixed-laminar-00000010,150.0,4.0,1,0.0,0.0
fixed-laminar-00000010,150.0,4.0,2,0.0,0.0
fixed-laminar-00000010,150.0,4.0,3,0.0,0.0
fixed-laminar-00000010,150.0,4.0,4,0.0,0.0
fixed-laminar-00000010,150.0,4.0,5,0.0,0.0
fixed-laminar-00000010,150.0,4.0,6,0.0,0.0
fixed-laminar-00000010,150.0,4.0,7,0.0,0.0
fixed-laminar-00000010,150.0,4.0,8,0.0,0.0
fixed-laminar-00000010,150.0,4.0,9,0.0,0.0
fixed-laminar-00000010,150.0,4.0,10,0.0,0.0
fixed-laminar-00000010,150.0,4.0,11,0.0,0.0
fixed-laminar-00000010,150.0,4.0,12,0.0,0.0
fixed-laminar-00000010,150.0,4.0,13,0.0,0.0
fixed-laminar-00000010,150.0,4.0,14,0.0,0.0
fixed-laminar-00000010,150.0,4.0,15,0.0,0.0
fixed-laminar-00000010,150.0,4.0,16,0.0,0.0
fixed-laminar-00000010,150.0,4.0,17,0.0,0.0
fixed-laminar-00000010,150.0,4.0,18,0.0,0.0
fixed-laminar-00000010,150.0,4.0,19,0.0,0.0
fixed-laminar-00000010,150.0,4.0,20,0.0,0.0
fixed-laminar-00000011,160.0,4.0,-20,0.00047640046652009386,20.678914499078303
fixed-laminar-00000011,160.0,4.0,-19,0.00046413646317838077,20.170023522549073
fixed-laminar-00000011,160.0,4.0,-18,0.00038383318067402797,19.6485188177962
fixed-laminar-00000011,160.0,4.0,-17,0.0005442403460791989,19.113366448532148
fixed-laminar-00000011,160.0,4.0,-16,0.0006003554571557829,18.563384620134826
fixed-laminar-00000011,160.0,4.0,-15,0.0005203618210276646,17.997212298226287
fixed-laminar-00000011,160.0,4.0,-14,0.0007907592458198332,17.413268710318007
fixed-laminar-00000011,160.0,4.0,-13,0.0008753664622792942,16.809700268524495
fixed-laminar-00000011,160.0,4.0,-12,0.000820645788334975,16.18430978152439
fixed-laminar-00000011,160.0,4.0,-11,0.0012780828843248183,15.534460149598402
fixed-laminar-00000011,160.0,4.0,-10,0.0014786173007595462,14.856940312447804
fixed-laminar-00000011,160.0,4.0,-9,0.0015774773278789936,14.147773622565637
fixed-laminar-00000011,160.0,4.0,-8,0.002233710480299454,13.401935191968363
fixed-laminar-00000011,160.0,4.0,-7,0.0031206146517312947,12.612919034749368
fixed-laminar-00000011,160.0,4.0,-6,0.0035016663368412646,11.772044157333355
fixed-laminar-00000011,160.0,4.0,-5,0.0038392745583164943,10.867276770488644
fixed-laminar-00000011,160.0,4.0,-4,0.010631147421174308,9.881078656044693
fixed-laminar-00000011,160.0,4.0,-3,0.008260687680250131,8.786068711064956
fixed-laminar-00000011,160.0,4.0,-2,0.01935611212558627,7.534952908764481
fixed-laminar-00000011,160.0,4.0,-1,0.17154436087855185,6.031351292155335
fixed-laminar-00000011,160.0,4.0,0,0.39296187978221286,4.000000000000128
fixed-laminar-00000011,160.0,4.0,1,0.0,0.0
fixed-laminar-00000011,160.0,4.0,2,0.0,0.0
fixed-laminar-00000011,160.0,4.0,3,0.0,0.0
fixed-laminar-00000011,160.0,4.0,4,0.0,0.0
fixed-laminar-00000011,160.0,4.0,5,0.0,0.0
fixed-laminar-00000011,160.0,4.0,6,0.0,0.0
fixed-laminar-00000011,160.0,4.0,7,0.0,0.0
fixed-laminar-00000011,160.0,4.0,8,0.0,0.0
fixed-laminar-00000011,160.0,4.0,9,0.0,0.0
fixed-laminar-00000011,160.0,4.0,10,0.0,0.0
fixed-laminar-00000011,160.0,4.0,11,0.0,0.0
fixed-laminar-00000011,160.0,4.0,12,0.0,0.0
fixed-laminar-00000011,160.0,4.0,13,0.0,0.0
fixed-laminar-00000011,160.0,4.0,14,0.0,0.0
fixed-laminar-00000011,160.0,4.0,15,0.0,0.0
fixed-laminar-00000011,160.0,4.0,16,0.0,0.0
fixed-laminar-00000011,160.0,4.0,17,0.0,0.0
fixed-laminar-00000011,160.0,4.0,18,0.0,0.0
fixed-laminar-00000011,160.0,4.0,19,0.0,0.0
fixed-laminar-00000011,160.0,4.0,20,0.0,0.0
fixed-laminar-00000012,170.0,4.0,-20,0.00041586127870312927,20.078937587093307
fixed-laminar-00000012,170.0,4.0,-19,0.00039824829328282557,19.586289471248577
fixed-laminar-00000012,170.0,4.0,-18,0.0003312805715156941,19.08143745864639
fixed-laminar-00000012,170.0,4.0,-17,0.0004766178074113501,18.563384620134798
fixed-laminar-00000012,170.0,4.0,-16,0.0005147460035957471,18.030991870959312
fixed-laminar-00000012,170.0,4.0,-15,0.00045064220217720105,17.482947890801668
fixed-laminar-00000012,170.0,4.0,-14,0.0006936346667046175,16.917730332891097
fixed-laminar-00000012,170.0,4.0,-13,0.0007530589354186315,16.333555025629337
fixed-laminar-00000012,170.0,4.0,-12,0.0007068083258277268,15.728308285955407
fixed-laminar-00000012,170.0,4.0,-11,0.0011157590758927006,15.099454930199627
fixed-laminar-00000012,170.0,4.0,-10,0.0012579078969454575,14.443910384212742
fixed-laminar-00000012,170.0,4.0,-9,0.0013356854232023665,13.757858124151412
fixed-laminar-00000012,170.0,4.0,-8,0.0019550692605048367,13.036480848951996
fixed-laminar-00000012,170.0,4.0,-7,0.0026896640461650852,12.273549626976305
fixed-laminar-00000012,170.0,4.0,-6,0.0030181872408777135,11.460766897267831
fixed-laminar-00000012,170.0,4.0,-5,0.0036394645209381123,10.58665483166665
fixed-laminar-00000012,170.0,4.0,-4,0.009522433342157353,9.634532883621333
fixed-laminar-00000012,170.0,4.0,-3,0.007576285098277767,8.578462776597007
fixed-laminar-00000012,170.0,4.0,-2,0.018893230168473708,7.37391453146995
fixed-laminar-00000012,170.0,4.0,-1,0.16308295771620115,5.931100707011396
fixed-laminar-00000012,170.0,4.0,0,0.33756968425024625,4.000000000000043
fixed-laminar-00000012,170.0,4.0,1,0.0,0.0
fixed-laminar-00000012,170.0,4.0,2,0.0,0.0
fixed-laminar-00000012,170.0,4.0,3,0.0,0.0
fixed-laminar-00000012,170.0,4.0,4,0.0,0.0
fixed-laminar-00000012,170.0,4.0,5,0.0,0.0
fixed-laminar-00000012,170.0,4.0,6,0.0,0.0
fixed-laminar-00000012,170.0,4.0,7,0.0,0.0
fixed-laminar-00000012,170.0,4.0,8,0.0,0.0
fixed-laminar-00000012,170.0,4.0,9,0.0,0.0
fixed-laminar-00000012,170.0,4.0,10,0.0,0.0
fixed-laminar-00000012,170.0,4.0,11,0.0,0.0
fixed-laminar-00000012,170.0,4.0,12,0.0,0.0
fixed-laminar-00000012,170.0,4.0,13,0.0,0.0
fixed-laminar-00000012,170.0,4.0,14,0.0,0.0
fixed-laminar-00000012,170.0,4.0,15,0.0,0.0
fixed-laminar-00000012,170.0,4.0,16,0.0,0.0
fixed-laminar-00000012,170.0,4.0,17,0.0,0.0
fixed-laminar-00000012,170.0,4.0,18,0.0,0.0
fixed-laminar-00000012,170.0,4.0,19,0.0,0.0
fixed-laminar-00000012,170.0,4.0,20,0.0,0.0
fixed-laminar-00000013,180.0,4.0,-20,0.00039302703548664287,19.530814598225575
fixed-laminar-00000013,180.0,4.0,-19,0.00036923705141735373,19.053012891096714
fixed-laminar-00000013,180.0,4.0,-18,0.0003093959875686853,18.563384620134798
fixed-laminar-00000013,180.0,4.0,-17,0.0004479309928606832,18.06096687878967
fixed-laminar-00000013,180.0,4.0,-16,0.00047471574169699366,17.544659849708694
fixed-laminar-00000013,180.0,4.0,-15,0.00041766654939451737,17.013197921647617
fixed-laminar-00000013,180.0,4.0,-14,0.0006507141787776055,16.46511246866092
fixed-laminar-00000013,180.0,4.0,-13,0.000690353283884297,15.898683146952209
fixed-laminar-00000013,180.0,4.0,-12,0.0006515811933697756,15.311873059069725
fixed-laminar-00000013,180.0,4.0,-11,0.0010440212454703264,14.702240730771123
fixed-laminar-00000013,180.0,4.0,-10,0.0011434220461934992,14.066817881848479
fixed-laminar-00000013,180.0,4.0,-9,0.0012192059000780458,13.401935191968363
fixed-laminar-00000013,180.0,4.0,-8,0.0018271294935797665,12.702966158118315
fixed-laminar-00000013,180.0,4.0,-7,0.0024362441608235387,11.96393641047473
fixed-laminar-00000013,180.0,4.0,-6,0.002753463118020633,11.176900501616302
fixed-laminar-00000013,180.0,4.0,-5,0.0035224140798425754,10.330890706572049
fixed-laminar-00000013,180.0,4.0,-4,0.008772531206669614,9.410012267886245
fixed-laminar-00000013,180.0,4.0,-3,0.007113243507498094,8.389645509317276
fixed-laminar-00000013,180.0,4.0,-2,0.0187284332048437,7.227774780095132
fixed-laminar-00000013,180.0,4.0,-1,0.156728725751035,5.840549916165145
fixed-laminar-00000013,180.0,4.0,0,0.29271420335356746,4.000000000000043
fixed-laminar-00000013,180.0,4.0,1,0.0,0.0
fixed-laminar-00000013,180.0,4.0,2,0.0,0.0
fixed-laminar-00000013,180.0,4.0,3,0.0,0.0
fixed-laminar-00000013,180.0,4.0,4,0.0,0.0
fixed-laminar-00000013,180.0,4.0,5,0.0,0.0
fixed-laminar-00000013,180.0,4.0,6,0.0,0.0
fixed-laminar-00000013,180.0,4.0,7,0.0,0.0
fixed-laminar-00000013,180.0,4.0,8,0.0,0.0
fixed-laminar-00000013,180.0,4.0,9,0.0,0.0
fixed-laminar-00000013,180.0,4.0,10,0.0,0.0
fixed-laminar-00000013,180.0,4.0,11,0.0,0.0
fixed-laminar-00000013,180.0,4.0,12,0.0,0.0
fixed-laminar-00000013,180.0,4.0,13,0.0,0.0
fixed-laminar-00000013,180.0,4.0,14,0.0,0.0
fixed-laminar-00000013,180.0,4.0,15,0.0,0.0
fixed-laminar-00000013,180.0,4.0,16,0.0,0.0
fixed-laminar-00000013,180.0,4.0,17,0.0,0.0
fixed-laminar-00000013,180.0,4.0,18,0.0,0.0
fixed-laminar-00000013,180.0,4.0,19,0.0,0.0
fixed-laminar-00000013,180.0,4.0,20,0.0,0.0
fixed-laminar-00000014,190.0,4.0,-20,0.00039382311134804343,19.027545728760387
fixed-laminar-00000014,190.0,4.0,-19,0.00036152427103099594,18.563384620134798
fixed-laminar-00000014,190.0,4.0,-18,0.00030648715925978915,18.087745917971517
fixed-laminar-00000014,190.0,4.0,-17,0.00044461361045741894,17.599698142746774
fixed-laminar-00000014,190.0,4.0,-16,0.00046220600369354157,17.098177750245895
fixed-laminar-00000014,190.0,4.0,-15,0.0004102148124716064,16.581961354199663
fixed-laminar-00000014,190.0,4.0,-14,0.0006448559852543212,16.04962995579325
fixed-laminar-00000014,190.0,4.0,-13,0.0006674532782502766,15.49952217558176
fixed-laminar-00000014,190.0,4.0,-12,0.0006357308276697069,14.929672049973433
fixed-laminar-00000014,190.0,4.0,-11,0.0010323571548605923,14.337724668923613
fixed-laminar-00000014,190.0,4.0,-10,0.0010937361489962326,13.720819169692376
fixed-laminar-00000014,190.0,4.0,-9,0.0011781065661111208,13.075422179669076
fixed-laminar-00000014,190.0,4.0,-8,0.0018020610788513204,12.397083362613174
fixed-laminar-00000014,190.0,4.0,-7,0.002305681019855845,11.680063301026976
fixed-laminar-00000014,190.0,4.0,-6,0.0026444578396236183,10.916741345033458
fixed-laminar-00000014,190.0,4.0,-5,0.0035301507284238557,10.096619860707108
fixed-laminar-00000014,190.0,4.0,-4,0.008338466895972103,9.204527144434891
fixed-laminar-00000014,190.0,4.0,-3,0.006879462276130361,8.217053724399236
fixed-laminar-00000014,190.0,4.0,-2,0.01901274355087397,7.094480733772272
fixed-laminar-00000014,190.0,4.0,-1,0.15284466638551358,5.758328175331556
fixed-laminar-00000014,190.0,4.0,0,0.25776491794267586,4.000000000000043
fixed-laminar-00000014,190.0,4.0,1,0.0,0.0
fixed-laminar-00000014,190.0,4.0,2,0.0,0.0
fixed-laminar-00000014,190.0,4.0,3,0.0,0.0
fixed-laminar-00000014,190.0,4.0,4,0.0,0.0
fixed-laminar-00000014,190.0,4.0,5,0.0,0.0
fixed-laminar-00000014,190.0,4.0,6,0.0,0.0
fixed-laminar-00000014,190.0,4.0,7,0.0,0.0
fixed-laminar-00000014,190.0,4.0,8,0.0,0.0
fixed-laminar-00000014,190.0,4.0,9,0.0,0.0
fixed-laminar-00000014,190.0,4.0,10,0.0,0.0
fixed-laminar-00000014,190.0,4.0,11,0.0,0.0
fixed-laminar-00000014,190.0,4.0,12,0.0,0.0
fixed-laminar-00000014,190.0,4.0,13,0.0,0.0
fixed-laminar-00000014,190.0,4.0,14,0.0,0.0
fixed-laminar-00000014,190.0,4.0,15,0.0,0.0
fixed-laminar-00000014,190.0,4.0,16,0.0,0.0
fixed-laminar-00000014,190.0,4.0,17,0.0,0.0
fixed-laminar-00000014,190.0,4.0,18,0.0,0.0
fixed-laminar-00000014,190.0,4.0,19,0.0,0.0
fixed-laminar-00000014,190.0,4.0,20,0.0,0.0
fixed-laminar-00000015,200.0,4.0,-20,0.000399255710758037,18.563384620134798
fixed-laminar-00000015,200.0,4.0,-19,0.00035595974348402726,18.11181433101568
fixed-laminar-00000015,200.0,4.0,-18,0.00030793301604405886,17.649090489235533
fixed-laminar-00000015,200.0,4.0,-17,0.0004473120113974019,17.17431076750566
fixed-laminar-00000015,200.0,4.0,-16,0.0004527223373331148,16.68644527017065
fixed-laminar-00000015,200.0,4.0,-15,0.0004100988274364028,16.184309781524362
fixed-laminar-00000015,200.0,4.0,-14,0.0006488401253483279,15.666531340439832
fixed-laminar-00000015,200.0,4.0,-13,0.0006503810316377364,15.13150326662813
fixed-laminar-00000015,200.0,4.0,-12,0.0006334256958654968,14.577325397340658
fixed-laminar-00000015,200.0,4.0,-11,0.001039140295314634,14.001723117605522
fixed-laminar-00000015,200.0,4.0,-10,0.0010586533234302861,13.401935191968334
fixed-laminar-00000015,200.0,4.0,-9,0.0011656981662394182,12.774554314257855
fixed-laminar-00000015,200.0,4.0,-8,0.0018174260364339544,12.115293466158093
fixed-laminar-00000015,200.0,4.0,-7,0.0022172244636750366,11.41863095571108
fixed-laminar-00000015,200.0,4.0,-6,0.0025953638410823603,10.677246924869166
fixed-laminar-00000015,200.0,4.0,-5,0.003623688918427584,9.88107865604465
fixed-laminar-00000015,200.0,4.0,-4,0.008030534197336651,9.015622340555609
fixed-laminar-00000015,200.0,4.0,-3,0.00668736911145338,8.058583440755712
fixed-laminar-00000015,200.0,4.0,-2,0.01981707228468639,6.972349028947534
fixed-laminar-00000015,200.0,4.0,-1,0.1492092737863172,5.683315135192018
fixed-laminar-00000015,200.0,4.0,0,0.2305139970036979,4.000000000000043
fixed-laminar-00000015,200.0,4.0,1,0.0,0.0
fixed-laminar-00000015,200.0,4.0,2,0.0,0.0
fixed-laminar-00000015,200.0,4.0,3,0.0,0.0
fixed-laminar-00000015,200.0,4.0,4,0.0,0.0
fixed-laminar-00000015,200.0,4.0,5,0.0,0.0
fixed-laminar-00000015,200.0,4.0,6,0.0,0.0
fixed-laminar-00000015,200.0,4.0,7,0.0,0.0
fixed-laminar-00000015,200.0,4.0,8,0.0,0.0
fixed-laminar-00000015,200.0,4.0,9,0.0,0.0
fixed-laminar-00000015,200.0,4.0,10,0.0,0.0
fixed-laminar-00000015,200.0,4.0,11,0.0,0.0
fixed-laminar-00000015,200.0,4.0,12,0.0,0.0
fixed-laminar-00000015,200.0,4.0,13,0.0,0.0
fixed-laminar-00000015,200.0,4.0,14,0.0,0.0
fixed-laminar-00000015,200.0,4.0,15,0.0,0.0
fixed-laminar-00000015,200.0,4.0,16,0.0,0.0
fixed-laminar-00000015,200.0,4.0,17,0.0,0.0
fixed-laminar-00000015,200.0,4.0,18,0.0,0.0
fixed-laminar-00000015,200.0,4.0,19,0.0,0.0
fixed-laminar-00000015,200.0,4.0,20,0.0,0.0
fixed-laminar-00000016,210.0,4.0,-20,0.0003644529975491024,18.133563909262662
fixed-laminar-00000016,210.0,4.0,-19,0.00031504489377320665,17.69366376630488
fixed-laminar-00000016,210.0,4.0,-18,0.0002718603540834191,17.242912058772163
fixed-laminar-00000016,210.0,4.0,-17,0.0004078296783923766,16.78043360412154
fixed-laminar-00000016,210.0,4.0,-16,0.0003982467531340565,16.30522983876051
fixed-laminar-00000016,210.0,4.0,-15,0.0003589700215863812,15.816153021261812
fixed-laminar-00000016,210.0,4.0,-14,0.0005950808014079347,15.311873059069725
fixed-laminar-00000016,210.0,4.0,-13,0.0005670994700670085,14.79083420461042
fixed-laminar-00000016,210.0,4.0,-12,0.0005545118459209043,14.251197562253566
fixed-laminar-00000016,210.0,4.0,-11,0.0009559207822769114,13.690763273626388
fixed-laminar-00000016,210.0,4.0,-10,0.0009140232480573205,13.106862846525061
fixed-laminar-00000016,210.0,4.0,-9,0.0010231869700212065,12.496206306817086
fixed-laminar-00000016,210.0,4.0,-8,0.0016660398700678537,11.854658593029981
fixed-laminar-00000016,210.0,4.0,-7,0.0019152277520732533,11.176900501616302
fixed-laminar-00000016,210.0,4.0,-6,0.0022763168255084416,10.45589172636997
fixed-laminar-00000016,210.0,4.0,-5,0.0033237583127845812,9.681973335802653
fixed-laminar-00000016,210.0,4.0,-4,0.007201379764012027,8.841260597125114
fixed-laminar-00000016,210.0,4.0,-3,0.005724854254223096,7.912489630768675
fixed-laminar-00000016,210.0,4.0,-2,0.019375294542789974,6.85998498024081
fixed-laminar-00000016,210.0,4.0,-1,0.14283696192046255,5.614585555098117
fixed-laminar-00000016,210.0,4.0,0,0.1839406481370766,4.000000000000043
fixed-laminar-00000016,210.0,4.0,1,0.04832125834252361,0.6990406976807151
fixed-laminar-00000016,210.0,4.0,2,0.0,0.0
fixed-laminar-00000016,210.0,4.0,3,0.0,0.0
fixed-laminar-00000016,210.0,4.0,4,0.0,0.0
fixed-laminar-00000016,210.0,4.0,5,0.0,0.0
fixed-laminar-00000016,210.0,4.0,6,0.0,0.0
fixed-laminar-00000016,210.0,4.0,7,0.0,0.0
fixed-laminar-00000016,210.0,4.0,8,0.0,0.0
fixed-laminar-00000016,210.0,4.0,9,0.0,0.0
fixed-laminar-00000016,210.0,4.0,10,0.0,0.0
fixed-laminar-00000016,210.0,4.0,11,0.0,0.0
fixed-laminar-00000016,210.0,4.0,12,0.0,0.0
fixed-laminar-00000016,210.0,4.0,13,0.0,0.0
fixed-laminar-00000016,210.0,4.0,14,0.0,0.0
fixed-laminar-00000016,210.0,4.0,15,0.0,0.0
fixed-laminar-00000016,210.0,4.0,16,0.0,0.0
fixed-laminar-00000016,210.0,4.0,17,0.0,0.0
fixed-laminar-00000016,210.0,4.0,18,0.0,0.0
fixed-laminar-00000016,210.0,4.0,19,0.0,0.0
fixed-laminar-00000016,210.0,4.0,20,0.0,0.0
fixed-laminar-00000017,220.0,4.0,-20,0.0003590896950082023,17.73409081271616
fixed-laminar-00000017,220.0,4.0,-19,0.00030516749674242596,17.30504801952128
fixed-laminar-00000017,220.0,4.0,-18,0.0002623010492167505,16.86543602782575
fixed-laminar-00000017,220.0,4.0,-17,0.00039688996512987753,16.414405017153385
fixed-laminar-00000017,220.0,4.0,-16,0.00038520448645503364,15.950985698613678
fixed-laminar-00000017,220.0,4.0,-15,0.00034105180029718956,15.474064410036164
fixed-laminar-00000017,220.0,4.0,-14,0.0005815221529800817,14.982351111948859
fixed-laminar-00000017,220.0,4.0,-13,0.0005454616267517923,14.474337642723825
fixed-laminar-00000017,220.0,4.0,-12,0.0005230669663799595,13.948242344473982
fixed-laminar-00000017,220.0,4.0,-11,0.0009395056642076524,13.401935191968377
fixed-laminar-00000017,220.0,4.0,-10,0.000867648748479181,12.832834315133255
fixed-laminar-00000017,220.0,4.0,-9,0.0009661073194878969,12.237759303340212
fixed-laminar-00000017,220.0,4.0,-8,0.0016373989379488679,11.612716944258509
fixed-laminar-00000017,220.0,4.0,-7,0.0017862707893038805,10.952576962541741
fixed-laminar-00000017,220.0,4.0,-6,0.0021711170549395344,10.250559696102783
fixed-laminar-00000017,220.0,4.0,-5,0.0032213211782296538,9.49738228221355
fixed-laminar-00000017,220.0,4.0,-4,0.0067972634280033415,8.679735599183942
fixed-laminar-00000017,220.0,4.0,-3,0.0055374022458011835,7.777311442431525
fixed-laminar-00000017,220.0,4.0,-2,0.018729098452617166,6.756222279782023
fixed-laminar-00000017,220.0,4.0,-1,0.14205949993928566,5.551368162118536
fixed-laminar-00000017,220.0,4.0,0,0.14918430657581147,4.000000000000043
fixed-laminar-00000017,220.0,4.0,1,0.07499377664022118,1.0924531720081205
fixed-laminar-00000017,220.0,4.0,2,0.0,0.0
fixed-laminar-00000017,220.0,4.0,3,0.0,0.0
fixed-laminar-00000017,220.0,4.0,4,0.0,0.0
fixed-laminar-00000017,220.0,4.0,5,0.0,0.0
fixed-laminar-00000017,220.0,4.0,6,0.0,0.0
fixed-laminar-00000017,220.0,4.0,7,0.0,0.0
fixed-laminar-00000017,220.0,4.0,8,0.0,0.0
fixed-laminar-00000017,220.0,4.0,9,0.0,0.0
fixed-laminar-00000017,220.0,4.0,10,0.0,0.0
fixed-laminar-00000017,220.0,4.0,11,0.0,0.0
fixed-laminar-00000017,220.0,4.0,12,0.0,0.0
fixed-laminar-00000017,220.0,4.0,13,0.0,0.0
fixed-laminar-00000017,220.0,4.0,14,0.0,0.0
fixed-laminar-00000017,220.0,4.0,15,0.0,0.0
fixed-laminar-00000017,220.0,4.0,16,0.0,0.0
fixed-laminar-00000017,220.0,4.0,17,0.0,0.0
fixed-laminar-00000017,220.0,4.0,18,0.0,0.0
fixed-laminar-00000017,220.0,4.0,19,0.0,0.0
fixed-laminar-00000017,220.0,4.0,20,0.0,0.0
fixed-laminar-00000018,230.0,4.0,-20,0.0003657398590812355,17.361592560354026
fixed-laminar-00000018,230.0,4.0,-19,0.0003046714232272558,16.942685258157596
fixed-laminar-00000018,230.0,4.0,-18,0.0002631406591092115,16.513473571464004
fixed-laminar-00000018,230.0,4.0,-17,0.00039773892616446496,16.073131449849257
fixed-laminar-00000018,230.0,4.0,-16,0.0003843200759106317,15.62071704156071
fixed-laminar-00000018,230.0,4.0,-15,0.000337084110111122,15.155148624219663
fixed-laminar-00000018,230.0,4.0,-14,0.0005844104857638914,14.675173695966748
fixed-laminar-00000018,230.0,4.0,-13,0.0005427592219021619,14.179328690446923
fixed-laminar-00000018,230.0,4.0,-12,0.0005121703063928937,13.665885586158865
fixed-laminar-00000018,230.0,4.0,-11,0.000951201305566506,13.13277978959242
fixed-laminar-00000018,230.0,4.0,-10,0.0008536780058214741,12.577510579407715
fixed-laminar-00000018,230.0,4.0,-9,0.0009453177426327965,11.997000160210277
fixed-laminar-00000018,230.0,4.0,-8,0.0016648034431022052,11.387388125912437
fixed-laminar-00000018,230.0,4.0,-7,0.001720883782509031,10.743720994389975
fixed-laminar-00000018,230.0,4.0,-6,0.002145419252120583,10.059462823221452
fixed-laminar-00000018,230.0,4.0,-5,0.0032380993897237406,9.325682005200974
fixed-laminar-00000018,230.0,4.0,-4,0.0065514563700285015,8.529606124486918
fixed-laminar-00000018,230.0,4.0,-3,0.005555458240880161,7.651815588106331
fixed-laminar-00000018,230.0,4.0,-2,0.01842566313076269,6.660077368214232
fixed-laminar-00000018,230.0,4.0,-1,0.14260743983273325,5.493014580257693
fixed-laminar-00000018,230.0,4.0,0,0.12249167603688613,4.000000000000043
fixed-laminar-00000018,230.0,4.0,1,0.09406002131649788,1.3553543387345144
fixed-laminar-00000018,230.0,4.0,2,0.0,0.0
fixed-laminar-00000018,230.0,4.0,3,0.0,0.0
fixed-laminar-00000018,230.0,4.0,4,0.0,0.0
fixed-laminar-00000018,230.0,4.0,5,0.0,0.0
fixed-laminar-00000018,230.0,4.0,6,0.0,0.0
fixed-laminar-00000018,230.0,4.0,7,0.0,0.0
fixed-laminar-00000018,230.0,4.0,8,0.0,0.0
fixed-laminar-00000018,230.0,4.0,9,0.0,0.0
fixed-laminar-00000018,230.0,4.0,10,0.0,0.0
fixed-laminar-00000018,230.0,4.0,11,0.0,0.0
fixed-laminar-00000018,230.0,4.0,12,0.0,0.0
fixed-laminar-00000018,230.0,4.0,13,0.0,0.0
fixed-laminar-00000018,230.0,4.0,14,0.0,0.0
fixed-laminar-00000018,230.0,4.0,15,0.0,0.0
fixed-laminar-00000018,230.0,4.0,16,0.0,0.0
fixed-laminar-00000018,230.0,4.0,17,0.0,0.0
fixed-laminar-00000018,230.0,4.0,18,0.0,0.0
fixed-laminar-00000018,230.0,4.0,19,0.0,0.0
fixed-laminar-00000018,230.0,4.0,20,0.0,0.0
fixed-laminar-00000019,240.0,4.0,-20,0.00038446161457734675,17.01319792164763
fixed-laminar-00000019,240.0,4.0,-19,0.00031282797680176735,16.60378152529381
fixed-laminar-00000019,240.0,4.0,-18,0.0002730590902515684,16.18430978152439
fixed-laminar-00000019,240.0,4.0,-17,0.00040953126297059916,15.753978980891489
fixed-laminar-00000019,240.0,4.0,-16,0.0003941249436347122,15.311873059069754
fixed-laminar-00000019,240.0,4.0,-15,0.0003447074704905212,14.856940312447833
fixed-laminar-00000019,240.0,4.0,-14,0.0006020538625507254,14.387963517781984
fixed-laminar-00000019,240.0,4.0,-13,0.0005562631909068035,13.903521017776214
fixed-laminar-00000019,240.0,4.0,-12,0.0005173141895215628,13.401935191968363
fixed-laminar-00000019,240.0,4.0,-11,0.0009876439232138227,12.881202923645205
fixed-laminar-00000019,240.0,4.0,-10,0.0008660367037285426,12.338899720932346
fixed-laminar-00000019,240.0,4.0,-9,0.000951437030717198,11.772044157333369
fixed-laminar-00000019,240.0,4.0,-8,0.0017397515380121167,11.176900501616302
fixed-laminar-00000019,240.0,4.0,-7,0.001702825806121642,10.548681150469449
fixed-laminar-00000019,240.0,4.0,-6,0.002177761088587315,9.881078656044693
fixed-laminar-00000019,240.0,4.0,-5,0.003347073763964563,9.165490343367907
fixed-laminar-00000019,240.0,4.0,-4,0.006421043184773129,8.389645509317276
fixed-laminar-00000019,240.0,4.0,-3,0.005720569041928081,7.534952908764538
fixed-laminar-00000019,240.0,4.0,-2,0.018371745749480868,6.570714442852491
fixed-laminar-00000019,240.0,4.0,-1,0.14449410152432984,5.438975549640787
fixed-laminar-00000019,240.0,4.0,0,0.10085731133573067,4.000000000000128
fixed-laminar-00000019,240.0,4.0,1,0.11040878853568467,1.5578535504268984
fixed-laminar-00000019,240.0,4.0,2,0.0,0.0
fixed-laminar-00000019,240.0,4.0,3,0.0,0.0
fixed-laminar-00000019,240.0,4.0,4,0.0,0.0
fixed-laminar-00000019,240.0,4.0,5,0.0,0.0
fixed-laminar-00000019,240.0,4.0,6,0.0,0.0
fixed-laminar-00000019,240.0,4.0,7,0.0,0.0
fixed-laminar-00000019,240.0,4.0,8,0.0,0.0
fixed-laminar-00000019,240.0,4.0,9,0.0,0.0
fixed-laminar-00000019,240.0,4.0,10,0.0,0.0
fixed-laminar-00000019,240.0,4.0,11,0.0,0.0
fixed-laminar-00000019,240.0,4.0,12,0.0,0.0
fixed-laminar-00000019,240.0,4.0,13,0.0,0.0
fixed-laminar-00000019,240.0,4.0,14,0.0,0.0
fixed-laminar-00000019,240.0,4.0,15,0.0,0.0
fixed-laminar-00000019,240.0,4.0,16,0.0,0.0
fixed-laminar-00000019,240.0,4.0,17,0.0,0.0
fixed-laminar-00000019,240.0,4.0,18,0.0,0.0
fixed-laminar-00000019,240.0,4.0,19,0.0,0.0
fixed-laminar-00000019,240.0,4.0,20,0.0,0.0
fixed-laminar-00000020,250.0,4.0,-20,0.00039450574041290906,16.686445270170665
fixed-laminar-00000020,250.0,4.0,-19,0.0003136649720168463,16.285941336994114
fixed-laminar-00000020,250.0,4.0,-18,0.0002782233601582157,15.875616848789647
fixed-laminar-00000020,250.0,4.0,-17,0.00041386793107017983,15.454689148224062
fixed-laminar-00000020,250.0,4.0,-16,0.00039542367855956384,15.022266470358943
fixed-laminar-00000020,250.0,4.0,-15,0.0003482033472871428,14.577325397340715
fixed-laminar-00000020,250.0,4.0,-14,0.0006094786290208623,14.11868194632234
fixed-laminar-00000020,250.0,4.0,-13,0.0005602878894033694,13.644953944975029
fixed-laminar-00000020,250.0,4.0,-12,0.0005177619412771837,13.154511253697052
fixed-laminar-00000020,250.0,4.0,-11,0.0010101821028253315,12.645408662197411
fixed-laminar-00000020,250.0,4.0,-10,0.0008693504848565282,12.115293466158121
fixed-laminar-00000020,250.0,4.0,-9,0.00094981496466203,11.561274966505863
fixed-laminar-00000020,250.0,4.0,-8,0.0018017443749849499,10.979734761202295
fixed-laminar-00000020,250.0,4.0,-7,0.0016767730363325265,10.366041263914951
fixed-laminar-00000020,250.0,4.0,-6,0.0021969113221602713,9.714101762495858
fixed-laminar-00000020,250.0,4.0,-5,0.0034654399825469503,9.01562234055568
fixed-laminar-00000020,250.0,4.0,-4,0.006249015938260163,8.258802394264194
fixed-laminar-00000020,250.0,4.0,-3,0.005882113320171627,7.425824639985038
fixed-laminar-00000020,250.0,4.0,-2,0.01828089812736475,6.487418295723927
fixed-laminar-00000020,250.0,4.0,-1,0.1453294033224775,5.388782503478367
fixed-laminar-00000020,250.0,4.0,0,0.08206671510196428,4.000000000000128
fixed-laminar-00000020,250.0,4.0,1,0.12461258105886634,1.7232677700620371
fixed-laminar-00000020,250.0,4.0,2,0.0,0.0
fixed-laminar-00000020,250.0,4.0,3,0.0,0.0
fixed-laminar-00000020,250.0,4.0,4,0.0,0.0
fixed-laminar-00000020,250.0,4.0,5,0.0,0.0
fixed-laminar-00000020,250.0,4.0,6,0.0,0.0
fixed-laminar-00000020,250.0,4.0,7,0.0,0.0
fixed-laminar-00000020,250.0,4.0,8,0.0,0.0
fixed-laminar-00000020,250.0,4.0,9,0.0,0.0
fixed-laminar-00000020,250.0,4.0,10,0.0,0.0
fixed-laminar-00000020,250.0,4.0,11,0.0,0.0
fixed-laminar-00000020,250.0,4.0,12,0.0,0.0
fixed-laminar-00000020,250.0,4.0,13,0.0,0.0
fixed-laminar-00000020,250.0,4.0,14,0.0,0.0
fixed-laminar-00000020,250.0,4.0,15,0.0,0.0
fixed-laminar-00000020,250.0,4.0,16,0.0,0.0
fixed-laminar-00000020,250.0,4.0,17,0.0,0.0
fixed-laminar-00000020,250.0,4.0,18,0.0,0.0
fixed-laminar-00000020,250.0,4.0,19,0.0,0.0
fixed-laminar-00000020,250.0,4.0,20,0.0,0.0
fixed-laminar-00000021,260.0,4.0,-20,0.00040182905676009264,16.379210436004684
fixed-laminar-00000021,260.0,4.0,-19,0.0003121425456996648,15.987097516269017
fixed-laminar-00000021,260.0,4.0,-18,0.0002820424687807129,15.58538591965737
fixed-laminar-00000021,260.0,4.0,-17,0.00041561481503555795,15.173312873518526
fixed-laminar-00000021,260.0,4.0,-16,0.00039372240820363213,14.750009564284554
fixed-laminar-00000021,260.0,4.0,-15,0.000350643469026119,14.314479289708373
fixed-laminar-00000021,260.0,4.0,-14,0.0006127300974152246,13.865569460383654
fixed-laminar-00000021,260.0,4.0,-13,0.000560786600103878,13.401935191968363
fixed-laminar-00000021,260.0,4.0,-12,0.0005167444341117773,12.921991178661202
fixed-laminar-00000021,260.0,4.0,-11,0.001026218105669939,12.423846879528327
fixed-laminar-00000021,260.0,4.0,-10,0.0008690532575131637,11.905217349750558
fixed-laminar-00000021,260.0,4.0,-9,0.0009448267419633995,11.363297500741439
fixed-laminar-00000021,260.0,4.0,-8,0.0018558216719446036,10.794579595613783
fixed-laminar-00000021,260.0,4.0,-7,0.0016464400112008366,10.194579116674106
fixed-laminar-00000021,260.0,4.0,-6,0.002207515101889366,9.557405601711935
fixed-laminar-00000021,260.0,4.0,-5,0.0035817096978581838,8.875055586881174
fixed-laminar-00000021,260.0,4.0,-4,0.0060465623756275,8.136169892284855
fixed-laminar-00000021,260.0,4.0,-3,0.0060311282948000275,7.32365592105198
fixed-laminar-00000021,260.0,4.0,-2,0.018129908269639897,6.409572995038118
fixed-laminar-00000021,260.0,4.0,-1,0.14524783560241253,5.342033137263584
fixed-laminar-00000021,260.0,4.0,0,0.06577679041502467,3.999999999999943
fixed-laminar-00000021,260.0,4.0,1,0.1371888165024045,1.8629706538812485
fixed-laminar-00000021,260.0,4.0,2,0.0,0.0
fixed-laminar-00000021,260.0,4.0,3,0.0,0.0
fixed-laminar-00000021,260.0,4.0,4,0.0,0.0
fixed-laminar-00000021,260.0,4.0,5,0.0,0.0
fixed-laminar-00000021,260.0,4.0,6,0.0,0.0
fixed-laminar-00000021,260.0,4.0,7,0.0,0.0
fixed-laminar-00000021,260.0,4.0,8,0.0,0.0
fixed-laminar-00000021,260.0,4.0,9,0.0,0.0
fixed-laminar-00000021,260.0,4.0,10,0.0,0.0
fixed-laminar-00000021,260.0,4.0,11,0.0,0.0
fixed-laminar-00000021,260.0,4.0,12,0.0,0.0
fixed-laminar-00000021,260.0,4.0,13,0.0,0.0
fixed-laminar-00000021,260.0,4.0,14,0.0,0.0
fixed-laminar-00000021,260.0,4.0,15,0.0,0.0
fixed-laminar-00000021,260.0,4.0,16,0.0,0.0
fixed-laminar-00000021,260.0,4.0,17,0.0,0.0
fixed-laminar-00000021,260.0,4.0,18,0.0,0.0
fixed-laminar-00000021,260.0,4.0,19,0.0,0.0
fixed-laminar-00000021,260.0,4.0,20,0.0,0.0
fixed-laminar-00000022,270.0,4.0,-20,0.00039985236264460474,16.08964950237933
fixed-laminar-00000022,270.0,4.0,-19,0.00030384415121385166,15.705455556386227
fixed-laminar-00000022,270.0,4.0,-18,0.0002803737879019156,15.311873059069725
fixed-laminar-00000022,270.0,4.0,-17,0.0004094402670603351,14.908158060804453
fixed-laminar-00000022,270.0,4.0,-16,0.0003837619409482658,14.493463473362837
fixed-laminar-00000022,270.0,4.0,-15,0.00034742989901027384,14.066817881848507
fixed-laminar-00000022,270.0,4.0,-14,0.0006047683111160459,13.627098410003597
fixed-laminar-00000022,270.0,4.0,-13,0.0005504468171638993,13.172995462424524
fixed-laminar-00000022,270.0,4.0,-12,0.0005086642305727261,12.702966158118315
fixed-laminar-00000022,270.0,4.0,-11,0.0010245014060251607,12.215171679035521
fixed-laminar-00000022,270.0,4.0,-10,0.0008550187554018503,11.707391172695964
fixed-laminar-00000022,270.0,4.0,-9,0.0009279628590624102,11.176900501616302
fixed-laminar-00000022,270.0,4.0,-8,0.0018830463771215362,10.620296524793474
fixed-laminar-00000022,270.0,4.0,-7,0.0015980378559030577,10.033233642263525
fixed-laminar-00000022,270.0,4.0,-6,0.0021917032106150078,9.410012267886245
fixed-laminar-00000022,270.0,4.0,-5,0.0036689901409680216,8.742902716320742
fixed-laminar-00000022,270.0,4.0,-4,0.005782022584935851,8.020961125094075
fixed-laminar-00000022,270.0,4.0,-3,0.006125080124776826,7.227774780095174
fixed-laminar-00000022,270.0,4.0,-2,0.017853784784886303,6.336644982795491
fixed-laminar-00000022,270.0,4.0,-1,0.14362520288715602,5.298379990270192
fixed-laminar-00000022,270.0,4.0,0,0.05175556957166913,4.000000000000043
fixed-laminar-00000022,270.0,4.0,1,0.14800285596722557,1.9835743440105915
fixed-laminar-00000022,270.0,4.0,2,0.0,0.0
fixed-laminar-00000022,270.0,4.0,3,0.0,0.0
fixed-laminar-00000022,270.0,4.0,4,0.0,0.0
fixed-laminar-00000022,270.0,4.0,5,0.0,0.0
fixed-laminar-00000022,270.0,4.0,6,0.0,0.0
fixed-laminar-00000022,270.0,4.0,7,0.0,0.0
fixed-laminar-00000022,270.0,4.0,8,0.0,0.0
fixed-laminar-00000022,270.0,4.0,9,0.0,0.0
fixed-laminar-00000022,270.0,4.0,10,0.0,0.0
fixed-laminar-00000022,270.0,4.0,11,0.0,0.0
fixed-laminar-00000022,270.0,4.0,12,0.0,0.0
fixed-laminar-00000022,270.0,4.0,13,0.0,0.0
fixed-laminar-00000022,270.0,4.0,14,0.0,0.0
fixed-laminar-00000022,270.0,4.0,15,0.0,0.0
fixed-laminar-00000022,270.0,4.0,16,0.0,0.0
fixed-laminar-00000022,270.0,4.0,17,0.0,0.0
fixed-laminar-00000022,270.0,4.0,18,0.0,0.0
fixed-laminar-00000022,270.0,4.0,19,0.0,0.0
fixed-laminar-00000022,270.0,4.0,20,0.0,0.0
fixed-laminar-00000023,280.0,4.0,-20,0.00039171163142116486,15.816153021261798
fixed-laminar-00000023,280.0,4.0,-19,0.0002913216088297447,15.439449087160426
fixed-laminar-00000023,280.0,4.0,-18,0.00027493924764339275,15.05355599411152
fixed-laminar-00000023,280.0,4.0,-17,0.0003977997521018263,14.657747646499345
fixed-laminar-00000023,280.0,4.0,-16,0.0003684556636141736,14.251197562253566
fixed-laminar-00000023,280.0,4.0,-15,0.0003400431986580398,13.832958309872055
fixed-laminar-00000023,280.0,4.0,-14,0.0005886486657784084,13.401935191968334
fixed-laminar-00000023,280.0,4.0,-13,0.0005324615334240125,12.956852076462738
fixed-laminar-00000023,280.0,4.0,-12,0.0004949760601219771,12.496206306817058
fixed-laminar-00000023,280.0,4.0,-11,0.0010087567022986062,12.018208096115075
fixed-laminar-00000023,280.0,4.0,-10,0.0008301513720964243,11.520697333479006
fixed-laminar-00000023,280.0,4.0,-9,0.0009013329677990757,11.001026574425026
fixed-laminar-00000023,280.0,4.0,-8,0.001885804018392901,10.45589172636997
fixed-laminar-00000023,280.0,4.0,-7,0.001534003250506785,9.881078656044693
fixed-laminar-00000023,280.0,4.0,-6,0.0021523690350158087,9.27106825583462
fixed-laminar-00000023,280.0,4.0,-5,0.0037207480826737514,8.618389378622567
fixed-laminar-00000023,280.0,4.0,-4,0.005466557357261191,7.9124896307686186
fixed-laminar-00000023,280.0,4.0,-3,0.006160458540465871,7.137595307370333
fixed-laminar-00000023,280.0,4.0,-2,0.017450802575739947,6.268169548557026
fixed-laminar-00000023,280.0,4.0,-1,0.14059181237848278,5.257521326257304
fixed-laminar-00000023,280.0,4.0,0,0.04001501770239286,4.000000000000043
fixed-laminar-00000023,280.0,4.0,1,0.15710598183662833,2.089341578597498
fixed-laminar-00000023,280.0,4.0,2,0.0,0.0
fixed-laminar-00000023,280.0,4.0,3,0.0,0.0
fixed-laminar-00000023,280.0,4.0,4,0.0,0.0
fixed-laminar-00000023,280.0,4.0,5,0.0,0.0
fixed-laminar-00000023,280.0,4.0,6,0.0,0.0
fixed-laminar-00000023,280.0,4.0,7,0.0,0.0
fixed-laminar-00000023,280.0,4.0,8,0.0,0.0
fixed-laminar-00000023,280.0,4.0,9,0.0,0.0
fixed-laminar-00000023,280.0,4.0,10,0.0,0.0
fixed-laminar-00000023,280.0,4.0,11,0.0,0.0
fixed-laminar-00000023,280.0,4.0,12,0.0,0.0
fixed-laminar-00000023,280.0,4.0,13,0.0,0.0
fixed-laminar-00000023,280.0,4.0,14,0.0,0.0
fixed-laminar-00000023,280.0,4.0,15,0.0,0.0
fixed-laminar-00000023,280.0,4.0,16,0.0,0.0
fixed-laminar-00000023,280.0,4.0,17,0.0,0.0
fixed-laminar-00000023,280.0,4.0,18,0.0,0.0
fixed-laminar-00000023,280.0,4.0,19,0.0,0.0
fixed-laminar-00000023,280.0,4.0,20,0.0,0.0
fixed-laminar-00000024,290.0,4.0,-20,0.00038109277228230443,15.557309048540347
fixed-laminar-00000024,290.0,4.0,-19,0.0002773376964240799,15.187703917530484
fixed-laminar-00000024,290.0,4.0,-18,0.00026807020638356093,14.809099185639653
fixed-laminar-00000024,290.0,4.0,-17,0.00038393329337901036,14.420785723786253
fixed-laminar-00000024,290.0,4.0,-16,0.0003511313327862691,14.02195663092941
fixed-laminar-00000024,290.0,4.0,-15,0.00033113366196841693,13.611687264434664
fixed-laminar-00000024,290.0,4.0,-14,0.000568845826747167,13.18890970007432
fixed-laminar-00000024,290.0,4.0,-13,0.0005112717454165609,12.752379596207746
fixed-laminar-00000024,290.0,4.0,-12,0.00047918969778507244,12.300632504160816
fixed-laminar-00000024,290.0,4.0,-11,0.000985799906975761,11.831925200795666
fixed-laminar-00000024,290.0,4.0,-10,0.0008005609997810199,11.344155244919335
fixed-laminar-00000024,290.0,4.0,-9,0.000870631417753465,10.834747980635072
fixed-laminar-00000024,290.0,4.0,-8,0.00187471182688264,10.300493276388579
fixed-laminar-00000024,290.0,4.0,-7,0.0014637094687749985,9.737301631890915
fixed-laminar-00000024,290.0,4.0,-6,0.0021013616437457563,9.139824882054754
fixed-laminar-00000024,290.0,4.0,-5,0.0037508197194271267,8.500836443523596
fixed-laminar-00000024,290.0,4.0,-4,0.005128835615116235,7.810153537213992
fixed-laminar-00000024,290.0,4.0,-3,0.0061617156594054616,7.052604065868977
fixed-laminar-00000024,290.0,4.0,-2,0.016973993547306252,6.203739911827654
fixed-laminar-00000024,290.0,4.0,-1,0.13663512654680246,5.219193787774614
fixed-laminar-00000024,290.0,4.0,0,0.030631901399533562,4.000000000000043
fixed-laminar-00000024,290.0,4.0,1,0.16478940229049704,2.1832152248066166
fixed-laminar-00000024,290.0,4.0,2,0.0,0.0
fixed-laminar-00000024,290.0,4.0,3,0.0,0.0
fixed-laminar-00000024,290.0,4.0,4,0.0,0.0
fixed-laminar-00000024,290.0,4.0,5,0.0,0.0
fixed-laminar-00000024,290.0,4.0,6,0.0,0.0
fixed-laminar-00000024,290.0,4.0,7,0.0,0.0
fixed-laminar-00000024,290.0,4.0,8,0.0,0.0
fixed-laminar-00000024,290.0,4.0,9,0.0,0.0
fixed-laminar-00000024,290.0,4.0,10,0.0,0.0
fixed-laminar-00000024,290.0,4.0,11,0.0,0.0
fixed-laminar-00000024,290.0,4.0,12,0.0,0.0
fixed-laminar-00000024,290.0,4.0,13,0.0,0.0
fixed-laminar-00000024,290.0,4.0,14,0.0,0.0
fixed-laminar-00000024,290.0,4.0,15,0.0,0.0
fixed-laminar-00000024,290.0,4.0,16,0.0,0.0
fixed-laminar-00000024,290.0,4.0,17,0.0,0.0
fixed-laminar-00000024,290.0,4.0,18,0.0,0.0
fixed-laminar-00000024,290.0,4.0,19,0.0,0.0
fixed-laminar-00000024,290.0,4.0,20,0.0,0.0
fixed-laminar-00000025,300.0,4.0,-20,0.0003690109278320117,15.311873059069754
fixed-laminar-00000025,300.0,4.0,-19,0.0002627113011371685,14.949008768730735
fixed-laminar-00000025,300.0,4.0,-18,0.00026049257627761203,14.577325397340658
fixed-laminar-00000025,300.0,4.0,-17,0.0003688915937824118,14.196129966981303
fixed-laminar-00000025,300.0,4.0,-16,0.0003328402127247984,13.804634215692602
fixed-laminar-00000025,300.0,4.0,-15,0.0003216521549479684,13.401935191968363
fixed-laminar-00000025,300.0,4.0,-14,0.0005470113913722132,12.986990452752977
fixed-laminar-00000025,300.0,4.0,-13,0.0004883883907498097,12.558585909081373
fixed-laminar-00000025,300.0,4.0,-12,0.00046282660125280937,12.115293466158093
fixed-laminar-00000025,300.0,4.0,-11,0.00095831791649818,11.655414195869767
fixed-laminar-00000025,300.0,4.0,-10,0.0007686663636332076,11.176900501616302
fixed-laminar-00000025,300.0,4.0,-9,0.0008385348085836643,10.677246924869209
fixed-laminar-00000025,300.0,4.0,-8,0.001854552976952653,10.153332615240856
fixed-laminar-00000025,300.0,4.0,-7,0.0013916800502683673,9.601186418732823
fixed-laminar-00000025,300.0,4.0,-6,0.0020446594913574923,9.015622340555609
fixed-laminar-00000025,300.0,4.0,-5,0.0037676737690377987,8.389645509317319
fixed-laminar-00000025,300.0,4.0,-4,0.004784068364417188,7.713422675659885
fixed-laminar-00000025,300.0,4.0,-3,0.006143082404634461,6.9723490289475905
fixed-laminar-00000025,300.0,4.0,-2,0.016457279254336866,6.142998339829575
fixed-laminar-00000025,300.0,4.0,-1,0.13202503246748296,5.1831664320526585
fixed-laminar-00000025,300.0,4.0,0,0.023568881654331374,4.000000000000043
fixed-laminar-00000025,300.0,4.0,1,0.17125865179129485,2.2673283559992825
fixed-laminar-00000025,300.0,4.0,2,0.0,0.0
fixed-laminar-00000025,300.0,4.0,3,0.0,0.0
fixed-laminar-00000025,300.0,4.0,4,0.0,0.0
fixed-laminar-00000025,300.0,4.0,5,0.0,0.0
fixed-laminar-00000025,300.0,4.0,6,0.0,0.0
fixed-laminar-00000025,300.0,4.0,7,0.0,0.0
fixed-laminar-00000025,300.0,4.0,8,0.0,0.0
fixed-laminar-00000025,300.0,4.0,9,0.0,0.0
fixed-laminar-00000025,300.0,4.0,10,0.0,0.0
fixed-laminar-00000025,300.0,4.0,11,0.0,0.0
fixed-laminar-00000025,300.0,4.0,12,0.0,0.0
fixed-laminar-00000025,300.0,4.0,13,0.0,0.0
fixed-laminar-00000025,300.0,4.0,14,0.0,0.0
fixed-laminar-00000025,300.0,4.0,15,0.0,0.0
fixed-laminar-00000025,300.0,4.0,16,0.0,0.0
fixed-laminar-00000025,300.0,4.0,17,0.0,0.0
fixed-laminar-00000025,300.0,4.0,18,0.0,0.0
fixed-laminar-00000025,300.0,4.0,19,0.0,0.0
fixed-laminar-00000025,300.0,4.0,20,0.0,0.0
fixed-laminar-00000026,310.0,4.0,-20,0.0003554604012452915,15.07874327797117
fixed-laminar-00000026,310.0,4.0,-19,0.0002474795176647153,14.722291275094364
fixed-laminar-00000026,310.0,4.0,-18,0.0002521329948297815,14.357192380701974
fixed-laminar-00000026,310.0,4.0,-17,0.0003526399805789866,13.982769016704736
fixed-laminar-00000026,310.0,4.0,-16,0.0003136557049999062,13.598250692153599
fixed-laminar-00000026,310.0,4.0,-15,0.0003114383606976512,13.202755134906326
fixed-laminar-00000026,310.0,4.0,-14,0.0005231750709576599,12.795264192127092
fixed-laminar-00000026,310.0,4.0,-13,0.0004638221472509117,12.37459260982395
fixed-laminar-00000026,310.0,4.0,-12,0.00044569609876829,11.939346937600874
fixed-laminar-00000026,310.0,4.0,-11,0.0009262371778321116,11.487870450145792
fixed-laminar-00000026,310.0,4.0,-10,0.000734288337071046,11.01816778980809
fixed-laminar-00000026,310.0,4.0,-9,0.000804782049217512,10.527799382740596
fixed-laminar-00000026,310.0,4.0,-8,0.001824637359670345,10.013729342403465
fixed-laminar-00000026,310.0,4.0,-7,0.001317508906223342,9.472099061220248
fixed-laminar-00000026,310.0,4.0,-6,0.001981767611665643,8.89787662245989
fixed-laminar-00000026,310.0,4.0,-5,0.003768688192777308,8.284287014836138
fixed-laminar-00000026,310.0,4.0,-4,0.004433812687604876,7.621828010395305
fixed-laminar-00000026,310.0,4.0,-3,0.0061020579514857445,6.896430508503414
fixed-laminar-00000026,310.0,4.0,-2,0.015900526252915128,6.085628867863377
fixed-laminar-00000026,310.0,4.0,-1,0.126792509001999,5.149235852894208
fixed-laminar-00000026,310.0,4.0,0,0.0187144277556831,4.000000000000043
fixed-laminar-00000026,310.0,4.0,1,0.17653150510765464,2.3432844286040506
fixed-laminar-00000026,310.0,4.0,2,0.0,0.0
fixed-laminar-00000026,310.0,4.0,3,0.0,0.0
fixed-laminar-00000026,310.0,4.0,4,0.0,0.0
fixed-laminar-00000026,310.0,4.0,5,0.0,0.0
fixed-laminar-00000026,310.0,4.0,6,0.0,0.0
fixed-laminar-00000026,310.0,4.0,7,0.0,0.0
fixed-laminar-00000026,310.0,4.0,8,0.0,0.0
fixed-laminar-00000026,310.0,4.0,9,0.0,0.0
fixed-laminar-00000026,310.0,4.0,10,0.0,0.0
fixed-laminar-00000026,310.0,4.0,11,0.0,0.0
fixed-laminar-00000026,310.0,4.0,12,0.0,0.0
fixed-laminar-00000026,310.0,4.0,13,0.0,0.0
fixed-laminar-00000026,310.0,4.0,14,0.0,0.0
fixed-laminar-00000026,310.0,4.0,15,0.0,0.0
fixed-laminar-00000026,310.0,4.0,16,0.0,0.0
fixed-laminar-00000026,310.0,4.0,17,0.0,0.0
fixed-laminar-00000026,310.0,4.0,18,0.0,0.0
fixed-laminar-00000026,310.0,4.0,19,0.0,0.0
fixed-laminar-00000026,310.0,4.0,20,0.0,0.0
fixed-laminar-00000027,320.0,4.0,-20,0.00034124306310087584,14.856940312447804
fixed-laminar-00000027,320.0,4.0,-19,0.00023224255856473392,14.506598167644967
fixed-laminar-00000027,320.0,4.0,-18,0.0002435049562500512,14.147773622565637
fixed-laminar-00000027,320.0,4.0,-17,0.0003359098220627548,13.779803804715016
fixed-laminar-00000027,320.0,4.0,-16,0.0002943249478335672,13.401935191968363
fixed-laminar-00000027,320.0,4.0,-15,0.00030109207617763786,13.013305256462004
fixed-laminar-00000027,320.0,4.0,-14,0.0004984427160931964,12.612919034749368
fixed-laminar-00000027,320.0,4.0,-13,0.0004386253486579113,12.199618797218477
fixed-laminar-00000027,320.0,4.0,-12,0.0004286756681324091,11.772044157333355
fixed-laminar-00000027,320.0,4.0,-11,0.000891374684806559,11.328578657906675
fixed-laminar-00000027,320.0,4.0,-10,0.0006989523328775859,10.867276770488644
fixed-laminar-00000027,320.0,4.0,-9,0.0007708658390943303,10.385761741931148
fixed-laminar-00000027,320.0,4.0,-8,0.0017880037941734204,9.881078656044693
fixed-laminar-00000027,320.0,4.0,-7,0.0012436638194202338,9.34947608678739
fixed-laminar-00000027,320.0,4.0,-6,0.0019160259229646346,8.786068711064956
fixed-laminar-00000027,320.0,4.0,-5,0.0037585332141270517,8.184290419985587
fixed-laminar-00000027,320.0,4.0,-4,0.004086458870844745,7.534952908764481
fixed-laminar-00000027,320.0,4.0,-3,0.00604677587369188,6.824493664384079
fixed-laminar-00000027,320.0,4.0,-2,0.015322391644630335,6.031351292155335
fixed-laminar-00000027,320.0,4.0,-1,0.12111152740261318,5.117222163430583
fixed-laminar-00000027,320.0,4.0,0,0.015966630502245845,4.000000000000128
fixed-laminar-00000027,320.0,4.0,1,0.1807446267805628,2.4123233315560384
fixed-laminar-00000027,320.0,4.0,2,0.0,0.0
fixed-laminar-00000027,320.0,4.0,3,0.0,0.0
fixed-laminar-00000027,320.0,4.0,4,0.0,0.0
fixed-laminar-00000027,320.0,4.0,5,0.0,0.0
fixed-laminar-00000027,320.0,4.0,6,0.0,0.0
fixed-laminar-00000027,320.0,4.0,7,0.0,0.0
fixed-laminar-00000027,320.0,4.0,8,0.0,0.0
fixed-laminar-00000027,320.0,4.0,9,0.0,0.0
fixed-laminar-00000027,320.0,4.0,10,0.0,0.0
fixed-laminar-00000027,320.0,4.0,11,0.0,0.0
fixed-laminar-00000027,320.0,4.0,12,0.0,0.0
fixed-laminar-00000027,320.0,4.0,13,0.0,0.0
fixed-laminar-00000027,320.0,4.0,14,0.0,0.0
fixed-laminar-00000027,320.0,4.0,15,0.0,0.0
fixed-laminar-00000027,320.0,4.0,16,0.0,0.0
fixed-laminar-00000027,320.0,4.0,17,0.0,0.0
fixed-laminar-00000027,320.0,4.0,18,0.0,0.0
fixed-laminar-00000027,320.0,4.0,19,0.0,0.0
fixed-laminar-00000027,320.0,4.0,20,0.0,0.0
fixed-laminar-00000028,330.0,4.0,-20,0.0003262444861874734,14.645590225419767
fixed-laminar-00000028,330.0,4.0,-19,0.00021696729275909267,14.30107880549295
fixed-laminar-00000028,330.0,4.0,-18,0.00023449420811232378,13.948242344473968
fixed-laminar-00000028,330.0,4.0,-17,0.0003186129473983353,13.586432032334955
fixed-laminar-00000028,330.0,4.0,-16,0.0002748241574551929,13.214910572562928
fixed-laminar-00000028,330.0,4.0,-15,0.0002904463273828673,12.832834315133255
fixed-laminar-00000028,330.0,4.0,-14,0.00047275735059619246,12.43923046584949
fixed-laminar-00000028,330.0,4.0,-13,0.00041274316038427647,12.0329676048014
fixed-laminar-00000028,330.0,4.0,-12,0.000411576637329809,11.612716944258466
fixed-laminar-00000028,330.0,4.0,-11,0.000853653657932708,11.176900501616302
fixed-laminar-00000028,330.0,4.0,-10,0.0006624636376126626,10.723620343405443
fixed-laminar-00000028,330.0,4.0,-9,0.0007365862485728404,10.250559696102783
fixed-laminar-00000028,330.0,4.0,-8,0.0017441864876193516,9.754840910694881
fixed-laminar-00000028,330.0,4.0,-7,0.001169815041184874,9.232814767905225
fixed-laminar-00000028,330.0,4.0,-6,0.001847124459259719,8.6797355991839
fixed-laminar-00000028,330.0,4.0,-5,0.0037356221389363295,8.089236042823956
fixed-laminar-00000028,330.0,4.0,-4,0.003743277330858832,7.452425884783281
fixed-laminar-00000028,330.0,4.0,-3,0.005975993714786776,6.756222279782023
fixed-laminar-00000028,330.0,4.0,-2,0.014724306807881374,5.9799161810314985
fixed-laminar-00000028,330.0,4.0,-1,0.11502010830778599,5.086965666639671
fixed-laminar-00000028,330.0,4.0,0,0.015202709543727063,3.999999999999943
fixed-laminar-00000028,330.0,4.0,1,0.18391311759296086,2.4754257179255603
fixed-laminar-00000028,330.0,4.0,2,0.0,0.0
fixed-laminar-00000028,330.0,4.0,3,0.0,0.0
fixed-laminar-00000028,330.0,4.0,4,0.0,0.0
fixed-laminar-00000028,330.0,4.0,5,0.0,0.0
fixed-laminar-00000028,330.0,4.0,6,0.0,0.0
fixed-laminar-00000028,330.0,4.0,7,0.0,0.0
fixed-laminar-00000028,330.0,4.0,8,0.0,0.0
fixed-laminar-00000028,330.0,4.0,9,0.0,0.0
fixed-laminar-00000028,330.0,4.0,10,0.0,0.0
fixed-laminar-00000028,330.0,4.0,11,0.0,0.0
fixed-laminar-00000028,330.0,4.0,12,0.0,0.0
fixed-laminar-00000028,330.0,4.0,13,0.0,0.0
fixed-laminar-00000028,330.0,4.0,14,0.0,0.0
fixed-laminar-00000028,330.0,4.0,15,0.0,0.0
fixed-laminar-00000028,330.0,4.0,16,0.0,0.0
fixed-laminar-00000028,330.0,4.0,17,0.0,0.0
fixed-laminar-00000028,330.0,4.0,18,0.0,0.0
fixed-laminar-00000028,330.0,4.0,19,0.0,0.0
fixed-laminar-00000028,330.0,4.0,20,0.0,0.0
fixed-laminar-00000029,340.0,4.0,-20,0.0003107977689983958,14.443910384212742
fixed-laminar-00000029,340.0,4.0,-19,0.000201916734914301,14.104971406638299
fixed-laminar-00000029,340.0,4.0,-18,0.00022528098696637458,13.757858124151412
fixed-laminar-00000029,340.0,4.0,-17,0.00030104993413926487,13.401935191968363
fixed-laminar-00000029,340.0,4.0,-16,0.0002554754705392791,13.036480848951996
fixed-laminar-00000029,340.0,4.0,-15,0.0002796885698485137,12.660669518148893
fixed-laminar-00000029,340.0,4.0,-14,0.0004465692515943229,12.273549626976305
fixed-laminar-00000029,340.0,4.0,-13,0.00038663686386023653,11.87401493674271
fixed-laminar-00000029,340.0,4.0,-12,0.00039464855268907614,11.460766897267831
fixed-laminar-00000029,340.0,4.0,-11,0.0008138639096796952,11.032264333866962
fixed-laminar-00000029,340.0,4.0,-10,0.0006254081387810549,10.58665483166665
fixed-laminar-00000029,340.0,4.0,-9,0.000702407432903508,10.121678956186614
fixed-laminar-00000029,340.0,4.0,-8,0.001694348032861738,9.634532883621333
fixed-laminar-00000029,340.0,4.0,-7,0.001096765821175673,9.12166497780018
fixed-laminar-00000029,340.0,4.0,-6,0.00177616901505219,8.578462776597007
fixed-laminar-00000029,340.0,4.0,-5,0.0037011755114983195,7.998748233012279
fixed-laminar-00000029,340.0,4.0,-4,0.0034078391063106493,7.37391453146995
fixed-laminar-00000029,340.0,4.0,-3,0.005892380002334602,6.691333557668287
fixed-laminar-00000029,340.0,4.0,-2,0.01411382312462556,5.931100707011396
fixed-laminar-00000029,340.0,4.0,-1,0.10861075991505126,5.058324079364041
fixed-laminar-00000029,340.0,4.0,0,0.01630104119825515,4.000000000000043
fixed-laminar-00000029,340.0,4.0,1,0.18609543756215552,2.533381666050957
fixed-laminar-00000029,340.0,4.0,2,0.0,0.0
fixed-laminar-00000029,340.0,4.0,3,0.0,0.0
fixed-laminar-00000029,340.0,4.0,4,0.0,0.0
fixed-laminar-00000029,340.0,4.0,5,0.0,0.0
fixed-laminar-00000029,340.0,4.0,6,0.0,0.0
fixed-laminar-00000029,340.0,4.0,7,0.0,0.0
fixed-laminar-00000029,340.0,4.0,8,0.0,0.0
fixed-laminar-00000029,340.0,4.0,9,0.0,0.0
fixed-laminar-00000029,340.0,4.0,10,0.0,0.0
fixed-laminar-00000029,340.0,4.0,11,0.0,0.0
fixed-laminar-00000029,340.0,4.0,12,0.0,0.0
fixed-laminar-00000029,340.0,4.0,13,0.0,0.0
fixed-laminar-00000029,340.0,4.0,14,0.0,0.0
fixed-laminar-00000029,340.0,4.0,15,0.0,0.0
fixed-laminar-00000029,340.0,4.0,16,0.0,0.0
fixed-laminar-00000029,340.0,4.0,17,0.0,0.0
fixed-laminar-00000029,340.0,4.0,18,0.0,0.0
fixed-laminar-00000029,340.0,4.0,19,0.0,0.0
fixed-laminar-00000029,340.0,4.0,20,0.0,0.0
fixed-laminar-00000030,350.0,4.0,-20,0.0002950920093216541,14.251197562253566
fixed-laminar-00000030,350.0,4.0,-19,0.0001872568597470452,13.917591470478868
fixed-laminar-00000030,350.0,4.0,-18,0.0002159597604630582,13.575955646065168
fixed-laminar-00000030,350.0,4.0,-17,0.0002834107658514296,13.2256676536188
fixed-laminar-00000030,350.0,4.0,-16,0.00023648450520128626,12.866020624889416
fixed-laminar-00000030,350.0,4.0,-15,0.0002689169570323239,12.496206306817086
fixed-laminar-00000030,350.0,4.0,-14,0.0004201697555669957,12.115293466158093
fixed-laminar-00000030,350.0,4.0,-13,0.0003606173793449129,11.722199994673844
fixed-laminar-00000030,350.0,4.0,-12,0.0003780188798777009,11.315656312084926
fixed-laminar-00000030,350.0,4.0,-11,0.0007725673270158176,10.894156499405454
fixed-laminar-00000030,350.0,4.0,-10,0.0005881740758537641,10.45589172636997
fixed-laminar-00000030,350.0,4.0,-9,0.0006686121205449502,9.998657437886877
fixed-laminar-00000030,350.0,4.0,-8,0.0016393182562206656,9.519720429176374
fixed-laminar-00000030,350.0,4.0,-7,0.0010250367033719085,9.015622340555609
fixed-laminar-00000030,350.0,4.0,-6,0.00170388469241578,8.48187791167723
fixed-laminar-00000030,350.0,4.0,-5,0.003656034802775016,7.9124896307686186
fixed-laminar-00000030,350.0,4.0,-4,0.0030828104590963122,7.299120418664657
fixed-laminar-00000030,350.0,4.0,-3,0.005797853181267533,6.629573746376295
fixed-laminar-00000030,350.0,4.0,-2,0.013497036474884042,5.884705145226164
fixed-laminar-00000030,350.0,4.0,-1,0.10196115026459636,5.031170204831909
fixed-laminar-00000030,350.0,4.0,0,0.01913698681440408,4.000000000000043
fixed-laminar-00000030,350.0,4.0,1,0.18733263426863278,2.586837597448465
fixed-laminar-00000030,350.0,4.0,2,0.0,0.0
fixed-laminar-00000030,350.0,4.0,3,0.0,0.0
fixed-laminar-00000030,350.0,4.0,4,0.0,0.0
fixed-laminar-00000030,350.0,4.0,5,0.0,0.0
fixed-laminar-00000030,350.0,4.0,6,0.0,0.0
fixed-laminar-00000030,350.0,4.0,7,0.0,0.0
fixed-laminar-00000030,350.0,4.0,8,0.0,0.0
fixed-laminar-00000030,350.0,4.0,9,0.0,0.0
fixed-laminar-00000030,350.0,4.0,10,0.0,0.0
fixed-laminar-00000030,350.0,4.0,11,0.0,0.0
fixed-laminar-00000030,350.0,4.0,12,0.0,0.0
fixed-laminar-00000030,350.0,4.0,13,0.0,0.0
fixed-laminar-00000030,350.0,4.0,14,0.0,0.0
fixed-laminar-00000030,350.0,4.0,15,0.0,0.0
fixed-laminar-00000030,350.0,4.0,16,0.0,0.0
fixed-laminar-00000030,350.0,4.0,17,0.0,0.0
fixed-laminar-00000030,350.0,4.0,18,0.0,0.0
fixed-laminar-00000030,350.0,4.0,19,0.0,0.0
fixed-laminar-00000030,350.0,4.0,20,0.0,0.0
fixed-laminar-00000031,360.0,4.0,-20,0.00027940673770498407,14.066817881848479
fixed-laminar-00000031,360.0,4.0,-19,0.00017320403409834182,13.738321991396589
fixed-laminar-00000031,360.0,4.0,-18,0.00020669309248277543,13.401935191968363
fixed-laminar-00000031,360.0,4.0,-17,0.0002659674539367597,13.057047439103869
fixed-laminar-00000031,360.0,4.0,-16,0.00021811863673465133,12.702966158118315
fixed-laminar-00000031,360.0,4.0,-15,0.00025831999743312976,12.338899720932346
fixed-laminar-00000031,360.0,4.0,-14,0.0003939568459326371,11.96393641047473
fixed-laminar-00000031,360.0,4.0,-13,0.00033509961495542534,11.577017268486188
fixed-laminar-00000031,360.0,4.0,-12,0.00036192633843704574,11.176900501616302
fixed-laminar-00000031,360.0,4.0,-11,0.000730526346066791,10.762113997903853
fixed-laminar-00000031,360.0,4.0,-10,0.0005513402937376694,10.330890706572049
fixed-laminar-00000031,360.0,4.0,-9,0.0006356405420151525,9.881078656044693
fixed-laminar-00000031,360.0,4.0,-8,0.0015804005691415167,9.410012267886245
fixed-laminar-00000031,360.0,4.0,-7,0.0009554389902384408,8.914322439446764
fixed-laminar-00000031,360.0,4.0,-6,0.0016313317994967895,8.389645509317276
fixed-laminar-00000031,360.0,4.0,-5,0.0036021052208976443,7.830156313248764
fixed-laminar-00000031,360.0,4.0,-4,0.0027711626351961684,7.227774780095132
fixed-laminar-00000031,360.0,4.0,-3,0.00569557973702819,6.570714442852491
fixed-laminar-00000031,360.0,4.0,-2,0.012881885969261743,5.840549916165145
fixed-laminar-00000031,360.0,4.0,-1,0.09516009114735442,5.0053899709427725
fixed-laminar-00000031,360.0,4.0,0,0.023586402204806085,4.000000000000043
fixed-laminar-00000031,360.0,4.0,1,0.18767384418644995,2.636329350486079
fixed-laminar-00000031,360.0,4.0,2,0.0,0.0
fixed-laminar-00000031,360.0,4.0,3,0.0,0.0
fixed-laminar-00000031,360.0,4.0,4,0.0,0.0
fixed-laminar-00000031,360.0,4.0,5,0.0,0.0
fixed-laminar-00000031,360.0,4.0,6,0.0,0.0
fixed-laminar-00000031,360.0,4.0,7,0.0,0.0
fixed-laminar-00000031,360.0,4.0,8,0.0,0.0
fixed-laminar-00000031,360.0,4.0,9,0.0,0.0
fixed-laminar-00000031,360.0,4.0,10,0.0,0.0
fixed-laminar-00000031,360.0,4.0,11,0.0,0.0
fixed-laminar-00000031,360.0,4.0,12,0.0,0.0
fixed-laminar-00000031,360.0,4.0,13,0.0,0.0
fixed-laminar-00000031,360.0,4.0,14,0.0,0.0
fixed-laminar-00000031,360.0,4.0,15,0.0,0.0
fixed-laminar-00000031,360.0,4.0,16,0.0,0.0
fixed-laminar-00000031,360.0,4.0,17,0.0,0.0
fixed-laminar-00000031,360.0,4.0,18,0.0,0.0
fixed-laminar-00000031,360.0,4.0,19,0.0,0.0
fixed-laminar-00000031,360.0,4.0,20,0.0,0.0
fixed-laminar-00000032,370.0,4.0,-20,0.0002640635811001979,13.890198270635722
fixed-laminar-00000032,370.0,4.0,-19,0.00015998698213683666,13.566605144972584
fixed-laminar-00000032,370.0,4.0,-18,0.0001976801662327892,13.235254562125931
fixed-laminar-00000032,370.0,4.0,-17,0.0002490268602339733,12.8955483840206
fixed-laminar-00000032,370.0,4.0,-16,0.00020066386087203467,12.54680776935885
fixed-laminar-00000032,370.0,4.0,-15,0.0002481383374103975,12.188257061712548
fixed-laminar-00000032,370.0,4.0,-14,0.0003683763643773334,11.819003290626839
fixed-laminar-00000032,370.0,4.0,-13,0.00031053850195160974,11.43800973111162
fixed-laminar-00000032,370.0,4.0,-12,0.0003466765326561831,11.044061270600096
fixed-laminar-00000032,370.0,4.0,-11,0.0006886013511372416,10.635718249445574
fixed-laminar-00000032,370.0,4.0,-10,0.0005155888206510251,10.211253708209213
fixed-laminar-00000032,370.0,4.0,-9,0.0006040149928581583,9.76856611165097
fixed-laminar-00000032,370.0,4.0,-8,0.001519202582754539,9.30505470888508
fixed-laminar-00000032,370.0,4.0,-7,0.0008889540818927388,8.817435895697656
fixed-laminar-00000032,370.0,4.0,-6,0.0015597348935589652,8.301462371876582
fixed-laminar-00000032,370.0,4.0,-5,0.0035421466961647746,7.751473670819763
fixed-laminar-00000032,370.0,4.0,-4,0.002475853862399835,7.159634849526611
fixed-laminar-00000032,370.0,4.0,-3,0.005589612611725389,6.514549453118931
fixed-laminar-00000032,370.0,4.0,-2,0.01227764364140321,5.798473075777991
fixed-laminar-00000032,370.0,4.0,-1,0.08829930042240078,4.980880768645008
fixed-laminar-00000032,370.0,4.0,0,0.029527591940363754,4.000000000000043
fixed-laminar-00000032,370.0,4.0,1,0.18716403034555285,2.6823061129422996
fixed-laminar-00000032,370.0,4.0,2,0.0,0.0
fixed-laminar-00000032,370.0,4.0,3,0.0,0.0
fixed-laminar-00000032,370.0,4.0,4,0.0,0.0
fixed-laminar-00000032,370.0,4.0,5,0.0,0.0
fixed-laminar-00000032,370.0,4.0,6,0.0,0.0
fixed-laminar-00000032,370.0,4.0,7,0.0,0.0
fixed-laminar-00000032,370.0,4.0,8,0.0,0.0
fixed-laminar-00000032,370.0,4.0,9,0.0,0.0
fixed-laminar-00000032,370.0,4.0,10,0.0,0.0
fixed-laminar-00000032,370.0,4.0,11,0.0,0.0
fixed-laminar-00000032,370.0,4.0,12,0.0,0.0
fixed-laminar-00000032,370.0,4.0,13,0.0,0.0
fixed-laminar-00000032,370.0,4.0,14,0.0,0.0
fixed-laminar-00000032,370.0,4.0,15,0.0,0.0
fixed-laminar-00000032,370.0,4.0,16,0.0,0.0
fixed-laminar-00000032,370.0,4.0,17,0.0,0.0
fixed-laminar-00000032,370.0,4.0,18,0.0,0.0
fixed-laminar-00000032,370.0,4.0,19,0.0,0.0
fixed-laminar-00000032,370.0,4.0,20,0.0,0.0
fixed-laminar-00000033,380.0,4.0,-20,0.0002499376744497702,13.720819169692376
fixed-laminar-00000033,380.0,4.0,-19,0.00014816549509951628,13.401935191968363
fixed-laminar-00000033,380.0,4.0,-18,0.00018952564764579448,13.075422179669076
fixed-laminar-00000033,380.0,4.0,-17,0.00023337154204312104,12.740693447383023
fixed-laminar-00000033,380.0,4.0,-16,0.00018479526647972492,12.397083362613174
fixed-laminar-00000033,380.0,4.0,-15,0.0002391343217306115,12.043831628706272
fixed-laminar-00000033,380.0,4.0,-14,0.00034453177407892154,11.680063301026976
fixed-laminar-00000033,380.0,4.0,-13,0.00028799187311184994,11.304763029146713
fixed-laminar-00000033,380.0,4.0,-12,0.00033328089182116713,10.916741345033458
fixed-laminar-00000033,380.0,4.0,-11,0.0006487979805479327,10.514589772150046
fixed-laminar-00000033,380.0,4.0,-10,0.00048264243855210227,10.096619860707108
fixed-laminar-00000033,380.0,4.0,-9,0.0005752812466148614,9.660778499992048
fixed-laminar-00000033,380.0,4.0,-8,0.001459828179103787,9.204527144434891
fixed-laminar-00000033,380.0,4.0,-7,0.00082824042759762,8.724664167273232
fixed-laminar-00000033,380.0,4.0,-6,0.0014924386206779689,8.217053724399236
fixed-laminar-00000033,380.0,4.0,-5,0.003484531557977125,7.676192887086515
fixed-laminar-00000033,380.0,4.0,-4,0.002202543303667677,7.094480733772272
fixed-laminar-00000033,380.0,4.0,-3,0.005491218618693564,6.460892113517076
fixed-laminar-00000033,380.0,4.0,-2,0.011705164933380642,5.758328175331556
fixed-laminar-00000033,380.0,4.0,-1,0.08153625505088376,4.957550037925813
fixed-laminar-00000033,380.0,4.0,0,0.036862463172120497,4.000000000000043
fixed-laminar-00000033,380.0,4.0,1,0.18593043493097966,2.725148130305385
fixed-laminar-00000033,380.0,4.0,2,0.0,0.0
fixed-laminar-00000033,380.0,4.0,3,0.0,0.0
fixed-laminar-00000033,380.0,4.0,4,0.0,0.0
fixed-laminar-00000033,380.0,4.0,5,0.0,0.0
fixed-laminar-00000033,380.0,4.0,6,0.0,0.0
fixed-laminar-00000033,380.0,4.0,7,0.0,0.0
fixed-laminar-00000033,380.0,4.0,8,0.0,0.0
fixed-laminar-00000033,380.0,4.0,9,0.0,0.0
fixed-laminar-00000033,380.0,4.0,10,0.0,0.0
fixed-laminar-00000033,380.0,4.0,11,0.0,0.0
fixed-laminar-00000033,380.0,4.0,12,0.0,0.0
fixed-laminar-00000033,380.0,4.0,13,0.0,0.0
fixed-laminar-00000033,380.0,4.0,14,0.0,0.0
fixed-laminar-00000033,380.0,4.0,15,0.0,0.0
fixed-laminar-00000033,380.0,4.0,16,0.0,0.0
fixed-laminar-00000033,380.0,4.0,17,0.0,0.0
fixed-laminar-00000033,380.0,4.0,18,0.0,0.0
fixed-laminar-00000033,380.0,4.0,19,0.0,0.0
fixed-laminar-00000033,380.0,4.0,20,0.0,0.0
fixed-laminar-00000034,390.0,4.0,-20,0.00023834719246588297,13.558208282247051
fixed-laminar-00000034,390.0,4.0,-19,0.00013865560488382516,13.243852394778827
fixed-laminar-00000034,390.0,4.0,-18,0.00018333393810177125,12.921991178661244
fixed-laminar-00000034,390.0,4.0,-17,0.00022028257366983505,12.592048975527604
fixed-laminar-00000034,390.0,4.0,-16,0.00017161346239702314,12.253372869543554
fixed-laminar-00000034,390.0,4.0,-15,0.00023282853894601794,11.905217349750572
fixed-laminar-00000034,390.0,4.0,-14,0.0003243359593229881,11.546724820999572
fixed-laminar-00000034,390.0,4.0,-13,0.00026921715606924366,11.17690050161633
fixed-laminar-00000034,390.0,4.0,-12,0.0003239821355914356,10.794579595613811
fixed-laminar-00000034,390.0,4.0,-11,0.0006146920687159684,10.398383618371724
fixed-laminar-00000034,390.0,4.0,-10,0.00045561075582451724,9.986661145214711
fixed-laminar-00000034,390.0,4.0,-9,0.0005530478871860166,9.557405601711977
fixed-laminar-00000034,390.0,4.0,-8,0.001410214644995176,9.108138186577165
fixed-laminar-00000034,390.0,4.0,-7,0.0007786970484008775,8.635735946513421
fixed-laminar-00000034,390.0,4.0,-6,0.001437059542200111,8.136169892284897
fixed-laminar-00000034,390.0,4.0,-5,0.003448186789346974,7.604087921018774
fixed-laminar-00000034,390.0,4.0,-4,0.001961904523594078,7.032112732132049
fixed-laminar-00000034,390.0,4.0,-3,0.00542652194373929,6.409572995038175
fixed-laminar-00000034,390.0,4.0,-2,0.011210900133835052,5.719982428520552
fixed-laminar-00000034,390.0,4.0,-1,0.07512870190059094,4.935314059208693
fixed-laminar-00000034,390.0,4.0,0,0.04555555763088737,4.000000000000043
fixed-laminar-00000034,390.0,4.0,1,0.18425411273591533,2.7651800627454435
fixed-laminar-00000034,390.0,4.0,2,0.0,0.0
fixed-laminar-00000034,390.0,4.0,3,0.0,0.0
fixed-laminar-00000034,390.0,4.0,4,0.0,0.0
fixed-laminar-00000034,390.0,4.0,5,0.0,0.0
fixed-laminar-00000034,390.0,4.0,6,0.0,0.0
fixed-laminar-00000034,390.0,4.0,7,0.0,0.0
fixed-laminar-00000034,390.0,4.0,8,0.0,0.0
fixed-laminar-00000034,390.0,4.0,9,0.0,0.0
fixed-laminar-00000034,390.0,4.0,10,0.0,0.0
fixed-laminar-00000034,390.0,4.0,11,0.0,0.0
fixed-laminar-00000034,390.0,4.0,12,0.0,0.0
fixed-laminar-00000034,390.0,4.0,13,0.0,0.0
fixed-laminar-00000034,390.0,4.0,14,0.0,0.0
fixed-laminar-00000034,390.0,4.0,15,0.0,0.0
fixed-laminar-00000034,390.0,4.0,16,0.0,0.0
fixed-laminar-00000034,390.0,4.0,17,0.0,0.0
fixed-laminar-00000034,390.0,4.0,18,0.0,0.0
fixed-laminar-00000034,390.0,4.0,19,0.0,0.0
fixed-laminar-00000034,390.0,4.0,20,0.0,0.0
fixed-laminar-00000035,400.0,4.0,-20,0.00022750988720947449,13.401935191968334
fixed-laminar-00000035,400.0,4.0,-19,0.0001307411581411455,13.091937779982686
fixed-laminar-00000035,400.0,4.0,-18,0.00017843851890143305,12.774554314257855
fixed-laminar-00000035,400.0,4.0,-17,0.00020870531549494793,12.449219763534273
fixed-laminar-00000035,400.0,4.0,-16,0.00016042907685596145,12.115293466158093
fixed-laminar-00000035,400.0,4.0,-15,0.00022876198627508234,11.772044157333326
fixed-laminar-00000035,400.0,4.0,-14,0.00030687759352429595,11.41863095571108
fixed-laminar-00000035,400.0,4.0,-13,0.0002533391016663009,11.05407889093172
fixed-laminar-00000035,400.0,4.0,-12,0.00031895107703883217,10.677246924869166
fixed-laminar-00000035,400.0,4.0,-11,0.0005854750068865048,10.286785444979671
fixed-laminar-00000035,400.0,4.0,-10,0.00043366114291567285,9.88107865604465
fixed-laminar-00000035,400.0,4.0,-9,0.0005389082727766727,9.458164744734603
fixed-laminar-00000035,400.0,4.0,-8,0.0013703211042389299,9.015622340555609
fixed-laminar-00000035,400.0,4.0,-7,0.0007409021111038908,8.550404058348832
fixed-laminar-00000035,400.0,4.0,-6,0.0013975413039358415,8.058583440755712
fixed-laminar-00000035,400.0,4.0,-5,0.0034399492005085823,7.5349529087644385
fixed-laminar-00000035,400.0,4.0,-4,0.0017589060976454828,6.972349028947534
fixed-laminar-00000035,400.0,4.0,-3,0.005410612448798411,6.360437927763655
fixed-laminar-00000035,400.0,4.0,-2,0.01082977559436594,5.683315135192018
fixed-laminar-00000035,400.0,4.0,-1,0.06909839395735638,4.9140969160105215
fixed-laminar-00000035,400.0,4.0,0,0.05544198254531389,4.000000000000043
fixed-laminar-00000035,400.0,4.0,1,0.18177264223691714,2.802681229887611
fixed-laminar-00000035,400.0,4.0,2,0.0,0.0
fixed-laminar-00000035,400.0,4.0,3,0.0,0.0
fixed-laminar-00000035,400.0,4.0,4,0.0,0.0
fixed-laminar-00000035,400.0,4.0,5,0.0,0.0
fixed-laminar-00000035,400.0,4.0,6,0.0,0.0
fixed-laminar-00000035,400.0,4.0,7,0.0,0.0
fixed-laminar-00000035,400.0,4.0,8,0.0,0.0
fixed-laminar-00000035,400.0,4.0,9,0.0,0.0
fixed-laminar-00000035,400.0,4.0,10,0.0,0.0
fixed-laminar-00000035,400.0,4.0,11,0.0,0.0
fixed-laminar-00000035,400.0,4.0,12,0.0,0.0
fixed-laminar-00000035,400.0,4.0,13,0.0,0.0
fixed-laminar-00000035,400.0,4.0,14,0.0,0.0
fixed-laminar-00000035,400.0,4.0,15,0.0,0.0
fixed-laminar-00000035,400.0,4.0,16,0.0,0.0
fixed-laminar-00000035,400.0,4.0,17,0.0,0.0
fixed-laminar-00000035,400.0,4.0,18,0.0,0.0
fixed-laminar-00000035,400.0,4.0,19,0.0,0.0
fixed-laminar-00000035,400.0,4.0,20,0.0,0.0
fixed-laminar-00000036,410.0,4.0,-20,0.0002191056171052737,13.25160671143152
fixed-laminar-00000036,410.0,4.0,-19,0.00012562460710048508,12.945808611381139
fixed-laminar-00000036,410.0,4.0,-18,0.00017701656500886288,12.632739563220795
fixed-laminar-00000036,410.0,4.0,-17,0.00020069974012246216,12.311844786384484
fixed-laminar-00000036,410.0,4.0,-16,0.0001531005679542244,11.982495438084868
fixed-laminar-00000036,410.0,4.0,-15,0.00022979891645997236,11.64397399180919
fixed-laminar-00000036,410.0,4.0,-14,0.0002955459506856923,11.29545568156965
fixed-laminar-00000036,410.0,4.0,-13,0.00024305198869061325,10.935984635208442
fixed-laminar-00000036,410.0,4.0,-12,0.00032258930925937676,10.564442711720147
fixed-laminar-00000036,410.0,4.0,-11,0.0005678765452122262,10.179508116212858
fixed-laminar-00000036,410.0,4.0,-10,0.0004201877379611216,9.779599368767236
fixed-laminar-00000036,410.0,4.0,-9,0.0005422406469853154,9.362797745675024
fixed-laminar-00000036,410.0,4.0,-8,0.0013546922313499947,8.92673712909803
fixed-laminar-00000036,410.0,4.0,-7,0.0007188709203104852,8.46844277897803
fixed-laminar-00000036,410.0,4.0,-6,0.0013998614317168529,7.984086702197118
fixed-laminar-00000036,410.0,4.0,-5,0.0034907995265661624,7.4685999179504705
fixed-laminar-00000036,410.0,4.0,-4,0.0016109304110759372,6.915023699498562
fixed-laminar-00000036,410.0,4.0,-3,0.005512648593887913,6.313346294075288
fixed-laminar-00000036,410.0,4.0,-2,0.010678647812073316,5.648216320416552
fixed-laminar-00000036,410.0,4.0,-1,0.06346634520140171,4.893829601074785
fixed-laminar-00000036,410.0,4.0,0,0.065664400311563,4.000000000000043
fixed-laminar-00000036,410.0,4.0,1,0.17155572513424724,2.837893584805059
fixed-laminar-00000036,410.0,4.0,2,0.0021951900735041265,0.3323929222386681
fixed-laminar-00000036,410.0,4.0,3,0.0,0.0
fixed-laminar-00000036,410.0,4.0,4,0.0,0.0
fixed-laminar-00000036,410.0,4.0,5,0.0,0.0
fixed-laminar-00000036,410.0,4.0,6,0.0,0.0
fixed-laminar-00000036,410.0,4.0,7,0.0,0.0
fixed-laminar-00000036,410.0,4.0,8,0.0,0.0
fixed-laminar-00000036,410.0,4.0,9,0.0,0.0
fixed-laminar-00000036,410.0,4.0,10,0.0,0.0
fixed-laminar-00000036,410.0,4.0,11,0.0,0.0
fixed-laminar-00000036,410.0,4.0,12,0.0,0.0
fixed-laminar-00000036,410.0,4.0,13,0.0,0.0
fixed-laminar-00000036,410.0,4.0,14,0.0,0.0
fixed-laminar-00000036,410.0,4.0,15,0.0,0.0
fixed-laminar-00000036,410.0,4.0,16,0.0,0.0
fixed-laminar-00000036,410.0,4.0,17,0.0,0.0
fixed-laminar-00000036,410.0,4.0,18,0.0,0.0
fixed-laminar-00000036,410.0,4.0,19,0.0,0.0
fixed-laminar-00000036,410.0,4.0,20,0.0,0.0
fixed-laminar-00000037,420.0,4.0,-20,0.0002027831411513714,13.106862846525061
fixed-laminar-00000037,420.0,4.0,-19,0.00011592635382625741,12.805114462386342
fixed-laminar-00000037,420.0,4.0,-18,0.00016926765328477032,12.496206306817086
fixed-laminar-00000037,420.0,4.0,-17,0.0001847806863355983,12.17959349512843
fixed-laminar-00000037,420.0,4.0,-16,0.00014001850384726564,11.854658593029981
fixed-laminar-00000037,420.0,4.0,-15,0.00022210601760675676,11.520697333478978
fixed-laminar-00000037,420.0,4.0,-14,0.0002725654114839912,11.176900501616302
fixed-laminar-00000037,420.0,4.0,-13,0.000222776687802035,10.822330651089075
fixed-laminar-00000037,420.0,4.0,-12,0.00031369429906589243,10.45589172636997
fixed-laminar-00000037,420.0,4.0,-11,0.0005283737594026427,10.076288755900379
fixed-laminar-00000037,420.0,4.0,-10,0.0003873890608803614,9.681973335802653
fixed-laminar-00000037,420.0,4.0,-9,0.000525735030744216,9.27106825583462
fixed-laminar-00000037,420.0,4.0,-8,0.0012873615883560046,8.841260597125114
fixed-laminar-00000037,420.0,4.0,-7,0.0006614167983627613,8.389645509317234
fixed-laminar-00000037,420.0,4.0,-6,0.0013563910939826723,7.912489630768675
fixed-laminar-00000037,420.0,4.0,-5,0.0034132749725743843,7.4048569993797315
fixed-laminar-00000037,420.0,4.0,-4,0.001400403190128675,6.85998498024081
fixed-laminar-00000037,420.0,4.0,-3,0.0054443123753614335,6.268169548556969
fixed-laminar-00000037,420.0,4.0,-2,0.010246366002826992,5.614585555098117
fixed-laminar-00000037,420.0,4.0,-1,0.05675873656076171,4.874449243247412
fixed-laminar-00000037,420.0,4.0,0,0.0772661126539477,4.000000000000043
fixed-laminar-00000037,420.0,4.0,1,0.16367227383616434,2.871028001785845
fixed-laminar-00000037,420.0,4.0,2,0.004775025601564421,0.6990406976807151
fixed-laminar-00000037,420.0,4.0,3,0.0,0.0
fixed-laminar-00000037,420.0,4.0,4,0.0,0.0
fixed-laminar-00000037,420.0,4.0,5,0.0,0.0
fixed-laminar-00000037,420.0,4.0,6,0.0,0.0
fixed-laminar-00000037,420.0,4.0,7,0.0,0.0
fixed-laminar-00000037,420.0,4.0,8,0.0,0.0
fixed-laminar-00000037,420.0,4.0,9,0.0,0.0
fixed-laminar-00000037,420.0,4.0,10,0.0,0.0
fixed-laminar-00000037,420.0,4.0,11,0.0,0.0
fixed-laminar-00000037,420.0,4.0,12,0.0,0.0
fixed-laminar-00000037,420.0,4.0,13,0.0,0.0
fixed-laminar-00000037,420.0,4.0,14,0.0,0.0
fixed-laminar-00000037,420.0,4.0,15,0.0,0.0
fixed-laminar-00000037,420.0,4.0,16,0.0,0.0
fixed-laminar-00000037,420.0,4.0,17,0.0,0.0
fixed-laminar-00000037,420.0,4.0,18,0.0,0.0
fixed-laminar-00000037,420.0,4.0,19,0.0,0.0
fixed-laminar-00000037,420.0,4.0,20,0.0,0.0
fixed-laminar-00000038,430.0,4.0,-20,0.0001841016309248722,12.96737328269542
fixed-laminar-00000038,430.0,4.0,-19,0.00010532590199773654,12.669533796208484
fixed-laminar-00000038,430.0,4.0,-18,0.00015913725455384911,12.364642007157542
fixed-laminar-00000038,430.0,4.0,-17,0.0001666406701251026,12.052162591783855
fixed-laminar-00000038,430.0,4.0,-16,0.0001259814764304699,11.731489136876604
fixed-laminar-00000038,430.0,4.0,-15,0.00021114332330089602,11.401930182797159
fixed-laminar-00000038,430.0,4.0,-14,0.00024631884826724815,11.062691533065163
fixed-laminar-00000038,430.0,4.0,-13,0.000200720508471756,10.712853532213543
fixed-laminar-00000038,430.0,4.0,-12,0.0003002436307670291,10.351341443751252
fixed-laminar-00000038,430.0,4.0,-11,0.0004823566603871132,9.976886180480477
fixed-laminar-00000038,430.0,4.0,-10,0.0003506999879598473,9.587971244288596
fixed-laminar-00000038,430.0,4.0,-9,0.0005024632612405987,9.182759450054348
fixed-laminar-00000038,430.0,4.0,-8,0.0012027804154337708,8.758989138846587
fixed-laminar-00000038,430.0,4.0,-7,0.0005974620045940346,8.313822749096218
fixed-laminar-00000038,430.0,4.0,-6,0.0012976798841812416,7.843617934344664
fixed-laminar-00000038,430.0,4.0,-5,0.0032904990541094844,7.343566490730254
fixed-laminar-00000038,430.0,4.0,-4,0.0011916878269320334,6.8070937630128014
fixed-laminar-00000038,430.0,4.0,-3,0.005323850468056275,6.224789929923276
fixed-laminar-00000038,430.0,4.0,-2,0.009747093668367745,5.582330930281415
fixed-laminar-00000038,430.0,4.0,-1,0.049948018844440445,4.855898436406804
fixed-laminar-00000038,430.0,4.0,0,0.08929387769647108,4.000000000000043
fixed-laminar-00000038,430.0,4.0,1,0.15601422304430929,2.902269292269864
fixed-laminar-00000038,430.0,4.0,2,0.006734833754701039,0.9215465625908905
fixed-laminar-00000038,430.0,4.0,3,0.0,0.0
fixed-laminar-00000038,430.0,4.0,4,0.0,0.0
fixed-laminar-00000038,430.0,4.0,5,0.0,0.0
fixed-laminar-00000038,430.0,4.0,6,0.0,0.0
fixed-laminar-00000038,430.0,4.0,7,0.0,0.0
fixed-laminar-00000038,430.0,4.0,8,0.0,0.0
fixed-laminar-00000038,430.0,4.0,9,0.0,0.0
fixed-laminar-00000038,430.0,4.0,10,0.0,0.0
fixed-laminar-00000038,430.0,4.0,11,0.0,0.0
fixed-laminar-00000038,430.0,4.0,12,0.0,0.0
fixed-laminar-00000038,430.0,4.0,13,0.0,0.0
fixed-laminar-00000038,430.0,4.0,14,0.0,0.0
fixed-laminar-00000038,430.0,4.0,15,0.0,0.0
fixed-laminar-00000038,430.0,4.0,16,0.0,0.0
fixed-laminar-00000038,430.0,4.0,17,0.0,0.0
fixed-laminar-00000038,430.0,4.0,18,0.0,0.0
fixed-laminar-00000038,430.0,4.0,19,0.0,0.0
fixed-laminar-00000038,430.0,4.0,20,0.0,0.0
fixed-laminar-00000039,440.0,4.0,-20,0.00016535564836957852,12.832834315133255
fixed-laminar-00000039,440.0,4.0,-19,9.520020379314564e-05,12.538770978052682
fixed-laminar-00000039,440.0,4.0,-18,0.00014840009991079866,12.237759303340212
fixed-laminar-00000039,440.0,4.0,-17,0.00014833002383956976,11.929273211537804
fixed-laminar-00000039,440.0,4.0,-16,0.00011264115623447316,11.612716944258509
fixed-laminar-00000039,440.0,4.0,-15,0.0001991326245633356,11.287411421865912
fixed-laminar-00000039,440.0,4.0,-14,0.00021966698603371356,10.952576962541741
fixed-laminar-00000039,440.0,4.0,-13,0.00017935915482811742,10.607311101353602
fixed-laminar-00000039,440.0,4.0,-12,0.0002852110210055788,10.250559696102783
fixed-laminar-00000039,440.0,4.0,-11,0.000434865533500224,9.88107865604465
fixed-laminar-00000039,440.0,4.0,-10,0.0003139579649888944,9.49738228221355
fixed-laminar-00000039,440.0,4.0,-9,0.0004771003512742308,9.09767200731369
fixed-laminar-00000039,440.0,4.0,-8,0.0011112295470856763,8.679735599183942
fixed-laminar-00000039,440.0,4.0,-7,0.0005323270401609752,8.240800326776181
fixed-laminar-00000039,440.0,4.0,-6,0.001234342655928843,7.777311442431525
fixed-laminar-00000039,440.0,4.0,-5,0.003142313807574926,7.284583534666609
fixed-laminar-00000039,440.0,4.0,-4,0.0009947061303267734,6.756222279782023
fixed-laminar-00000039,440.0,4.0,-3,0.005180102032404681,6.183099336276953
fixed-laminar-00000039,440.0,4.0,-2,0.009227294253826936,5.551368162118536
fixed-laminar-00000039,440.0,4.0,-1,0.043287604229379315,4.838124655002829
fixed-laminar-00000039,440.0,4.0,0,0.10164482500594006,4.000000000000043
fixed-laminar-00000039,440.0,4.0,1,0.1478962889310121,2.931780248048341
fixed-laminar-00000039,440.0,4.0,2,0.008602087733299861,1.0924531720081205
fixed-laminar-00000039,440.0,4.0,3,0.0,0.0
fixed-laminar-00000039,440.0,4.0,4,0.0,0.0
fixed-laminar-00000039,440.0,4.0,5,0.0,0.0
fixed-laminar-00000039,440.0,4.0,6,0.0,0.0
fixed-laminar-00000039,440.0,4.0,7,0.0,0.0
fixed-laminar-00000039,440.0,4.0,8,0.0,0.0
fixed-laminar-00000039,440.0,4.0,9,0.0,0.0
fixed-laminar-00000039,440.0,4.0,10,0.0,0.0
fixed-laminar-00000039,440.0,4.0,11,0.0,0.0
fixed-laminar-00000039,440.0,4.0,12,0.0,0.0
fixed-laminar-00000039,440.0,4.0,13,0.0,0.0
fixed-laminar-00000039,440.0,4.0,14,0.0,0.0
fixed-laminar-00000039,440.0,4.0,15,0.0,0.0
fixed-laminar-00000039,440.0,4.0,16,0.0,0.0
fixed-laminar-00000039,440.0,4.0,17,0.0,0.0
fixed-laminar-00000039,440.0,4.0,18,0.0,0.0
fixed-laminar-00000039,440.0,4.0,19,0.0,0.0
fixed-laminar-00000039,440.0,4.0,20,0.0,0.0
fixed-laminar-00000040,450.0,4.0,-20,0.00014746742280773018,12.702966158118315
fixed-laminar-00000040,450.0,4.0,-19,8.608563361042255e-05,12.412553656294293
fixed-laminar-00000040,450.0,4.0,-18,0.0001377531627656751,12.115293466158121
fixed-laminar-00000040,450.0,4.0,-17,0.0001306757733963781,11.81066845284316
fixed-laminar-00000040,450.0,4.0,-16,0.00010064880559521776,11.498093166079101
fixed-laminar-00000040,450.0,4.0,-15,0.00018697034857742661,11.176900501616274
fixed-laminar-00000040,450.0,4.0,-14,0.00019377802814217528,10.846324815409005
fixed-laminar-00000040,450.0,4.0,-13,0.0001597368211984061,10.505480264653997
fixed-laminar-00000040,450.0,4.0,-12,0.0002698203678245591,10.153332615240856
fixed-laminar-00000040,450.0,4.0,-11,0.0003880189763247339,9.788661932177646
fixed-laminar-00000040,450.0,4.0,-10,0.0002789612061508862,9.41001226788633
fixed-laminar-00000040,450.0,4.0,-9,0.0004515326843758071,9.015622340555637
fixed-laminar-00000040,450.0,4.0,-8,0.0010172800093100163,8.60332760953709
fixed-laminar-00000040,450.0,4.0,-7,0.0004687063204289293,8.170417848002046
fixed-laminar-00000040,450.0,4.0,-6,0.0011705528096933198,7.713422675659928
fixed-laminar-00000040,450.0,4.0,-5,0.002978038644599835,7.227774780095174
fixed-laminar-00000040,450.0,4.0,-4,0.0008137094311659052,6.707252950125579
fixed-laminar-00000040,450.0,4.0,-3,0.00502563090152095,6.142998339829504
fixed-laminar-00000040,450.0,4.0,-2,0.00870649364691914,5.521619808342521
fixed-laminar-00000040,450.0,4.0,-1,0.03691961171549536,4.821079743384956
fixed-laminar-00000040,450.0,4.0,0,0.11421065742730376,4.000000000000043
fixed-laminar-00000040,450.0,4.0,1,0.13934242245621534,2.9597049311129666
fixed-laminar-00000040,450.0,4.0,2,0.010480622415790949,1.2338425267338948
fixed-laminar-00000040,450.0,4.0,3,0.0,0.0
fixed-laminar-00000040,450.0,4.0,4,0.0,0.0
fixed-laminar-00000040,450.0,4.0,5,0.0,0.0
fixed-laminar-00000040,450.0,4.0,6,0.0,0.0
fixed-laminar-00000040,450.0,4.0,7,0.0,0.0
fixed-laminar-00000040,450.0,4.0,8,0.0,0.0
fixed-laminar-00000040,450.0,4.0,9,0.0,0.0
fixed-laminar-00000040,450.0,4.0,10,0.0,0.0
fixed-laminar-00000040,450.0,4.0,11,0.0,0.0
fixed-laminar-00000040,450.0,4.0,12,0.0,0.0
fixed-laminar-00000040,450.0,4.0,13,0.0,0.0
fixed-laminar-00000040,450.0,4.0,14,0.0,0.0
fixed-laminar-00000040,450.0,4.0,15,0.0,0.0
fixed-laminar-00000040,450.0,4.0,16,0.0,0.0
fixed-laminar-00000040,450.0,4.0,17,0.0,0.0
fixed-laminar-00000040,450.0,4.0,18,0.0,0.0
fixed-laminar-00000040,450.0,4.0,19,0.0,0.0
fixed-laminar-00000040,450.0,4.0,20,0.0,0.0
fixed-laminar-00000041,460.0,4.0,-20,0.00013035546828561595,12.577510579407715
fixed-laminar-00000041,460.0,4.0,-19,7.790461745019531e-05,12.290630459977635
fixed-laminar-00000041,460.0,4.0,-18,0.00012711738267483127,11.997000160210277
fixed-laminar-00000041,460.0,4.0,-17,0.00011365479009531415,11.696111205778067
fixed-laminar-00000041,460.0,4.0,-16,8.99646700104372e-05,11.387388125912437
fixed-laminar-00000041,460.0,4.0,-15,0.0001745437295466601,11.070175408225822
fixed-laminar-00000041,460.0,4.0,-14,0.00016865325746689795,10.743720994389975
fixed-laminar-00000041,460.0,4.0,-13,0.00014185213837973425,10.407155124901223
fixed-laminar-00000041,460.0,4.0,-12,0.0002539354507080223,10.059462823221452
fixed-laminar-00000041,460.0,4.0,-11,0.0003418970092299726,9.699447513130764
fixed-laminar-00000041,460.0,4.0,-10,0.00024578886087361717,9.325682005200974
fixed-laminar-00000041,460.0,4.0,-9,0.0004257455882171906,8.93644104020727
fixed-laminar-00000041,460.0,4.0,-8,0.0009211415540477827,8.529606124486918
fixed-laminar-00000041,460.0,4.0,-7,0.00040670376088947514,8.102527331430608
fixed-laminar-00000041,460.0,4.0,-6,0.0011068153544770338,7.651815588106331
fixed-laminar-00000041,460.0,4.0,-5,0.0027972319020595333,7.1730172404364225
fixed-laminar-00000041,460.0,4.0,-4,0.00064920825657628,6.660077368214232
fixed-laminar-00000041,460.0,4.0,-3,0.004860979187872383,6.104395321148445
fixed-laminar-00000041,460.0,4.0,-2,0.008185301526018767,5.493014580257693
fixed-laminar-00000041,460.0,4.0,-1,0.03089809169893506,4.804719468232179
fixed-laminar-00000041,460.0,4.0,0,0.12675591089368482,4.000000000000043
fixed-laminar-00000041,460.0,4.0,1,0.1303317377233814,2.986171373421186
fixed-laminar-00000041,460.0,4.0,2,0.012403495904060646,1.3553543387345144
fixed-laminar-00000041,460.0,4.0,3,0.0,0.0
fixed-laminar-00000041,460.0,4.0,4,0.0,0.0
fixed-laminar-00000041,460.0,4.0,5,0.0,0.0
fixed-laminar-00000041,460.0,4.0,6,0.0,0.0
fixed-laminar-00000041,460.0,4.0,7,0.0,0.0
fixed-laminar-00000041,460.0,4.0,8,0.0,0.0
fixed-laminar-00000041,460.0,4.0,9,0.0,0.0
fixed-laminar-00000041,460.0,4.0,10,0.0,0.0
fixed-laminar-00000041,460.0,4.0,11,0.0,0.0
fixed-laminar-00000041,460.0,4.0,12,0.0,0.0
fixed-laminar-00000041,460.0,4.0,13,0.0,0.0
fixed-laminar-00000041,460.0,4.0,14,0.0,0.0
fixed-laminar-00000041,460.0,4.0,15,0.0,0.0
fixed-laminar-00000041,460.0,4.0,16,0.0,0.0
fixed-laminar-00000041,460.0,4.0,17,0.0,0.0
fixed-laminar-00000041,460.0,4.0,18,0.0,0.0
fixed-laminar-00000041,460.0,4.0,19,0.0,0.0
fixed-laminar-00000041,460.0,4.0,20,0.0,0.0
fixed-laminar-00000042,470.0,4.0,-20,0.00011428902737923401,12.456228814270318
fixed-laminar-00000042,470.0,4.0,-19,7.06969762546354e-05,12.172768968466443
fixed-laminar-00000042,470.0,4.0,-18,0.00011657605074651965,11.882653470494859
fixed-laminar-00000042,470.0,4.0,-17,9.749788123394322e-05,11.585382237029776
fixed-laminar-00000042,470.0,4.0,-16,8.065494498801266e-05,11.28038946496281
fixed-laminar-00000042,470.0,4.0,-15,0.000161907624742273,10.967030869800126
fixed-laminar-00000042,470.0,4.0,-14,0.0001445736750530879,10.644567549905517
fixed-laminar-00000042,470.0,4.0,-13,0.00012587994563627539,10.312145317676624
fixed-laminar-00000042,470.0,4.0,-12,0.0002375156256774699,9.968767836736134
fixed-laminar-00000042,470.0,4.0,-11,0.0002969546844891374,9.613261133217293
fixed-laminar-00000042,470.0,4.0,-10,0.00021484963023977652,9.244225833195756
fixed-laminar-00000042,470.0,4.0,-9,0.000399513832846372,8.85997150158471
fixed-laminar-00000042,470.0,4.0,-8,0.0008236672546900398,8.458424131399937
fixed-laminar-00000042,470.0,4.0,-7,0.0003468586853481775,8.036992005791461
fixed-laminar-00000042,470.0,4.0,-6,0.0010428768807900846,7.592364458324127
fixed-laminar-00000042,470.0,4.0,-5,0.002600127996235418,7.12019728699272
fixed-laminar-00000042,470.0,4.0,-4,0.0005013457935917415,6.614595409808928
fixed-laminar-00000042,470.0,4.0,-3,0.0046849347416282995,6.067205706207318
fixed-laminar-00000042,470.0,4.0,-2,0.00766022065239465,5.465486736837221
fixed-laminar-00000042,470.0,4.0,-1,0.025280657308484646,4.789003125134016
fixed-laminar-00000042,470.0,4.0,0,0.13903812139461758,4.000000000000043
fixed-laminar-00000042,470.0,4.0,1,0.1208887536119926,3.011293809692063
fixed-laminar-00000042,470.0,4.0,2,0.01437270270686318,1.462265398478209
fixed-laminar-00000042,470.0,4.0,3,0.0,0.0
fixed-laminar-00000042,470.0,4.0,4,0.0,0.0
fixed-laminar-00000042,470.0,4.0,5,0.0,0.0
fixed-laminar-00000042,470.0,4.0,6,0.0,0.0
fixed-laminar-00000042,470.0,4.0,7,0.0,0.0
fixed-laminar-00000042,470.0,4.0,8,0.0,0.0
fixed-laminar-00000042,470.0,4.0,9,0.0,0.0
fixed-laminar-00000042,470.0,4.0,10,0.0,0.0
fixed-laminar-00000042,470.0,4.0,11,0.0,0.0
fixed-laminar-00000042,470.0,4.0,12,0.0,0.0
fixed-laminar-00000042,470.0,4.0,13,0.0,0.0
fixed-laminar-00000042,470.0,4.0,14,0.0,0.0
fixed-laminar-00000042,470.0,4.0,15,0.0,0.0
fixed-laminar-00000042,470.0,4.0,16,0.0,0.0
fixed-laminar-00000042,470.0,4.0,17,0.0,0.0
fixed-laminar-00000042,470.0,4.0,18,0.0,0.0
fixed-laminar-00000042,470.0,4.0,19,0.0,0.0
fixed-laminar-00000042,470.0,4.0,20,0.0,0.0
fixed-laminar-00000043,480.0,4.0,-20,9.954559552921898e-05,12.338899720932346
fixed-laminar-00000043,480.0,4.0,-19,6.44966426007011e-05,12.058753916039905
fixed-laminar-00000043,480.0,4.0,-18,0.00010624622211041217,11.772044157333369
fixed-laminar-00000043,480.0,4.0,-17,8.246723414124546e-05,11.478278496429667
fixed-laminar-00000043,480.0,4.0,-16,7.277262788770992e-05,11.176900501616302
fixed-laminar-00000043,480.0,4.0,-15,0.00014917589354586266,10.867276770488644
fixed-laminar-00000043,480.0,4.0,-14,0.0001218842913656012,10.548681150469449
fixed-laminar-00000043,480.0,4.0,-13,0.00011198860428511481,10.220274539944285
fixed-laminar-00000043,480.0,4.0,-12,0.00022061547699202993,9.881078656044693
fixed-laminar-00000043,480.0,4.0,-11,0.0002537764951392643,9.529941408533489
fixed-laminar-00000043,480.0,4.0,-10,0.00018661446687837487,9.165490343367907
fixed-laminar-00000043,480.0,4.0,-9,0.0003727124952958843,8.786068711064956
fixed-laminar-00000043,480.0,4.0,-8,0.0007260702223090449,8.389645509317276
fixed-laminar-00000043,480.0,4.0,-7,0.0002900031416253849,7.973685246153153
fixed-laminar-00000043,480.0,4.0,-6,0.0009785639868280572,7.534952908764538
fixed-laminar-00000043,480.0,4.0,-5,0.0023880821831063046,7.069209758944453
fixed-laminar-00000043,480.0,4.0,-4,0.00037060253798703696,6.570714442852491
fixed-laminar-00000043,480.0,4.0,-3,0.004496779671403197,6.031351292155335
fixed-laminar-00000043,480.0,4.0,-2,0.007128466570475041,5.438975549640787
fixed-laminar-00000043,480.0,4.0,-1,0.02012850715393604,4.773893191801832
fixed-laminar-00000043,480.0,4.0,0,0.15080720430146988,4.000000000000128
fixed-laminar-00000043,480.0,4.0,1,0.11107792487436371,3.035174537183508
fixed-laminar-00000043,480.0,4.0,2,0.01637454841847823,1.5578535504268984
fixed-laminar-00000043,480.0,4.0,3,0.0,0.0
fixed-laminar-00000043,480.0,4.0,4,0.0,0.0
fixed-laminar-00000043,480.0,4.0,5,0.0,0.0
fixed-laminar-00000043,480.0,4.0,6,0.0,0.0
fixed-laminar-00000043,480.0,4.0,7,0.0,0.0
fixed-laminar-00000043,480.0,4.0,8,0.0,0.0
fixed-laminar-00000043,480.0,4.0,9,0.0,0.0
fixed-laminar-00000043,480.0,4.0,10,0.0,0.0
fixed-laminar-00000043,480.0,4.0,11,0.0,0.0
fixed-laminar-00000043,480.0,4.0,12,0.0,0.0
fixed-laminar-00000043,480.0,4.0,13,0.0,0.0
fixed-laminar-00000043,480.0,4.0,14,0.0,0.0
fixed-laminar-00000043,480.0,4.0,15,0.0,0.0
fixed-laminar-00000043,480.0,4.0,16,0.0,0.0
fixed-laminar-00000043,480.0,4.0,17,0.0,0.0
fixed-laminar-00000043,480.0,4.0,18,0.0,0.0
fixed-laminar-00000043,480.0,4.0,19,0.0,0.0
fixed-laminar-00000043,480.0,4.0,20,0.0,0.0
fixed-laminar-00000044,490.0,4.0,-20,8.652013619371903e-05,12.225318145104808
fixed-laminar-00000044,490.0,4.0,-19,5.94649477541433e-05,11.948385599975978
fixed-laminar-00000044,490.0,4.0,-18,9.643721239433663e-05,11.66497810905598
fixed-laminar-00000044,490.0,4.0,-17,6.894891137070131e-05,11.374611615381397
fixed-laminar-00000044,490.0,4.0,-16,6.650815973733497e-05,11.076738776861475
fixed-laminar-00000044,490.0,4.0,-15,0.00013676857638251355,10.770736744273435
fixed-laminar-00000044,490.0,4.0,-14,0.0001011466421066761,10.455891726370012
fixed-laminar-00000044,490.0,4.0,-13,0.00010055873859928939,10.131379245325505
fixed-laminar-00000044,490.0,4.0,-12,0.00020381245152508665,9.796238513755625
fixed-laminar-00000044,490.0,4.0,-11,0.00021341431028730997,9.449338641416006
fixed-laminar-00000044,490.0,4.0,-10,0.00016196927480779334,9.089333242301052
fixed-laminar-00000044,490.0,4.0,-9,0.0003461095904564604,8.714598169784495
fixed-laminar-00000044,490.0,4.0,-8,0.0006308965475803487,8.323144017155428
fixed-laminar-00000044,490.0,4.0,-7,0.00023783289695923158,7.9124896307686186
fixed-laminar-00000044,490.0,4.0,-6,0.000915407981752993,7.479473036402908
fixed-laminar-00000044,490.0,4.0,-5,0.002166907332619807,7.019957174357458
fixed-laminar-00000044,490.0,4.0,-4,0.0002585584503970805,6.528348627774008
fixed-laminar-00000044,490.0,4.0,-3,0.004302050762501756,5.996759649897882
fixed-laminar-00000044,490.0,4.0,-2,0.006596989732208071,5.413424829013778
fixed-laminar-00000044,490.0,4.0,-1,0.01551696704624818,4.7593550215627545
fixed-laminar-00000044,490.0,4.0,0,0.161920838544368,4.000000000000128
fixed-laminar-00000044,490.0,4.0,1,0.10106647265356238,3.057905474932099
fixed-laminar-00000044,490.0,4.0,2,0.01839632714348672,1.6443284594506906
fixed-laminar-00000044,490.0,4.0,3,0.0,0.0
fixed-laminar-00000044,490.0,4.0,4,0.0,0.0
fixed-laminar-00000044,490.0,4.0,5,0.0,0.0
fixed-laminar-00000044,490.0,4.0,6,0.0,0.0
fixed-laminar-00000044,490.0,4.0,7,0.0,0.0
fixed-laminar-00000044,490.0,4.0,8,0.0,0.0
fixed-laminar-00000044,490.0,4.0,9,0.0,0.0
fixed-laminar-00000044,490.0,4.0,10,0.0,0.0
fixed-laminar-00000044,490.0,4.0,11,0.0,0.0
fixed-laminar-00000044,490.0,4.0,12,0.0,0.0
fixed-laminar-00000044,490.0,4.0,13,0.0,0.0
fixed-laminar-00000044,490.0,4.0,14,0.0,0.0
fixed-laminar-00000044,490.0,4.0,15,0.0,0.0
fixed-laminar-00000044,490.0,4.0,16,0.0,0.0
fixed-laminar-00000044,490.0,4.0,17,0.0,0.0
fixed-laminar-00000044,490.0,4.0,18,0.0,0.0
fixed-laminar-00000044,490.0,4.0,19,0.0,0.0
fixed-laminar-00000044,490.0,4.0,20,0.0,0.0
fixed-laminar-00000045,500.0,4.0,-20,7.531425911643082e-05,12.115293466158121
fixed-laminar-00000045,500.0,4.0,-19,5.557283629543019e-05,11.8414784654246
fixed-laminar-00000045,500.0,4.0,-18,8.723667355482661e-05,11.561274966505863
fixed-laminar-00000045,500.0,4.0,-17,5.7094905755717484e-05,11.274206572013128
fixed-laminar-00000045,500.0,4.0,-16,6.18369065139098e-05,10.979734761202295
fixed-laminar-00000045,500.0,4.0,-15,0.0001248127221448813,10.677246924869209
fixed-laminar-00000045,500.0,4.0,-14,8.260594698600555e-05,10.366041263914951
fixed-laminar-00000045,500.0,4.0,-13,9.164150088219897e-05,10.045307484204287
fixed-laminar-00000045,500.0,4.0,-12,0.00018727929941869266,9.714101762495858
fixed-laminar-00000045,500.0,4.0,-11,0.00017636785537597776,9.371313757611418
fixed-laminar-00000045,500.0,4.0,-10,0.00014125344721510722,9.01562234055568
fixed-laminar-00000045,500.0,4.0,-9,0.0003198971157305119,8.645434936834732
fixed-laminar-00000045,500.0,4.0,-8,0.0005394779452080538,8.258802394264194
fixed-laminar-00000045,500.0,4.0,-7,0.000191284334646055,7.853296102687864
fixed-laminar-00000045,500.0,4.0,-6,0.0008538297955912871,7.425824639985038
fixed-laminar-00000045,500.0,4.0,-5,0.0019395835106977531,6.972349028947647
fixed-laminar-00000045,500.0,4.0,-4,0.00016590317847671953,6.487418295723927
fixed-laminar-00000045,500.0,4.0,-3,0.004102300404701597,5.96336359338612
fixed-laminar-00000045,500.0,4.0,-2,0.00606673464625837,5.388782503478367
fixed-laminar-00000045,500.0,4.0,-1,0.011493428845040152,4.745356571759629
fixed-laminar-00000045,500.0,4.0,0,0.1721734755893594,4.000000000000128
fixed-laminar-00000045,500.0,4.0,1,0.09096808781557594,3.07956947893598
fixed-laminar-00000045,500.0,4.0,2,0.02041608455824391,1.7232677700620371
fixed-laminar-00000045,500.0,4.0,3,0.0,0.0
fixed-laminar-00000045,500.0,4.0,4,0.0,0.0
fixed-laminar-00000045,500.0,4.0,5,0.0,0.0
fixed-laminar-00000045,500.0,4.0,6,0.0,0.0
fixed-laminar-00000045,500.0,4.0,7,0.0,0.0
fixed-laminar-00000045,500.0,4.0,8,0.0,0.0
fixed-laminar-00000045,500.0,4.0,9,0.0,0.0
fixed-laminar-00000045,500.0,4.0,10,0.0,0.0
fixed-laminar-00000045,500.0,4.0,11,0.0,0.0
fixed-laminar-00000045,500.0,4.0,12,0.0,0.0
fixed-laminar-00000045,500.0,4.0,13,0.0,0.0
fixed-laminar-00000045,500.0,4.0,14,0.0,0.0
fixed-laminar-00000045,500.0,4.0,15,0.0,0.0
fixed-laminar-00000045,500.0,4.0,16,0.0,0.0
fixed-laminar-00000045,500.0,4.0,17,0.0,0.0
fixed-laminar-00000045,500.0,4.0,18,0.0,0.0
fixed-laminar-00000045,500.0,4.0,19,0.0,0.0
fixed-laminar-00000045,500.0,4.0,20,0.0,0.0
fixed-laminar-00000046,510.0,4.0,-20,6.583054009895121e-05,12.00864830157974
fixed-laminar-00000046,510.0,4.0,-19,5.2652355412318076e-05,11.73785984433411
fixed-laminar-00000046,510.0,4.0,-18,7.857991118055333e-05,11.46076689726786
fixed-laminar-00000046,510.0,4.0,-17,4.691492565330564e-05,11.176900501616274
fixed-laminar-00000046,510.0,4.0,-16,5.858158146572828e-05,10.885730702301743
fixed-laminar-00000046,510.0,4.0,-15,0.00011322944076357169,10.586654831666607
fixed-laminar-00000046,510.0,4.0,-14,6.632549500685198e-05,10.278982730887435
fixed-laminar-00000046,510.0,4.0,-13,8.505842325390116e-05,9.961917870049362
fixed-laminar-00000046,510.0,4.0,-12,0.0001708989329075222,9.63453288362129
fixed-laminar-00000046,510.0,4.0,-11,0.00014282253945536406,9.295737359102532
fixed-laminar-00000046,510.0,4.0,-10,0.0001244433614642302,8.944234651595096
fixed-laminar-00000046,510.0,4.0,-9,0.00029385402928881185,8.578462776597007
fixed-laminar-00000046,510.0,4.0,-8,0.00045241443534093566,8.19651155890179
fixed-laminar-00000046,510.0,4.0,-7,0.00015087775991332077,7.796003222671089
fixed-laminar-00000046,510.0,4.0,-6,0.0007934699030402953,7.373914531470007
fixed-laminar-00000046,510.0,4.0,-5,0.0017071815754559037,6.926301171313213
fixed-laminar-00000046,510.0,4.0,-4,9.306812504373077e-05,6.447849394706807
fixed-laminar-00000046,510.0,4.0,-3,0.003895937003736423,5.931100707011325
fixed-laminar-00000046,510.0,4.0,-2,0.005533932231027218,5.3650002454304655
fixed-laminar-00000046,510.0,4.0,-1,0.00809045441108338,4.731868162490429
fixed-laminar-00000046,510.0,4.0,0,0.18126419963446885,3.999999999999943
fixed-laminar-00000046,510.0,4.0,1,0.08086068944827998,3.100241457700733
fixed-laminar-00000046,510.0,4.0,2,0.022399648734934406,1.7958468702815367
fixed-laminar-00000046,510.0,4.0,3,0.0,0.0
fixed-laminar-00000046,510.0,4.0,4,0.0,0.0
fixed-laminar-00000046,510.0,4.0,5,0.0,0.0
fixed-laminar-00000046,510.0,4.0,6,0.0,0.0
fixed-laminar-00000046,510.0,4.0,7,0.0,0.0
fixed-laminar-00000046,510.0,4.0,8,0.0,0.0
fixed-laminar-00000046,510.0,4.0,9,0.0,0.0
fixed-laminar-00000046,510.0,4.0,10,0.0,0.0
fixed-laminar-00000046,510.0,4.0,11,0.0,0.0
fixed-laminar-00000046,510.0,4.0,12,0.0,0.0
fixed-laminar-00000046,510.0,4.0,13,0.0,0.0
fixed-laminar-00000046,510.0,4.0,14,0.0,0.0
fixed-laminar-00000046,510.0,4.0,15,0.0,0.0
fixed-laminar-00000046,510.0,4.0,16,0.0,0.0
fixed-laminar-00000046,510.0,4.0,17,0.0,0.0
fixed-laminar-00000046,510.0,4.0,18,0.0,0.0
fixed-laminar-00000046,510.0,4.0,19,0.0,0.0
fixed-laminar-00000046,510.0,4.0,20,0.0,0.0
fixed-laminar-00000047,520.0,4.0,-20,5.7528671380765444e-05,11.905217349750558
fixed-laminar-00000047,520.0,4.0,-19,5.006069332218058e-05,11.637368829002952
fixed-laminar-00000047,520.0,4.0,-18,6.995913467273881e-05,11.363297500741439
fixed-laminar-00000047,520.0,4.0,-17,3.8104446966924125e-05,11.08254163405276
fixed-laminar-00000047,520.0,4.0,-16,5.60252997514795e-05,10.794579595613783
fixed-laminar-00000047,520.0,4.0,-15,0.00010126970865662437,10.498818374569126
fixed-laminar-00000047,520.0,4.0,-14,5.195980559171901e-05,10.194579116674106
fixed-laminar-00000047,520.0,4.0,-13,7.984042521078716e-05,9.881078656044693
fixed-laminar-00000047,520.0,4.0,-12,0.00015344728759791607,9.557405601711935
fixed-laminar-00000047,520.0,4.0,-11,0.0001121959319748186,9.222488878015653
fixed-laminar-00000047,520.0,4.0,-10,0.00011031972669903564,8.875055586881174
fixed-laminar-00000047,520.0,4.0,-9,0.00026574029350343227,8.513573397092799
fixed-laminar-00000047,520.0,4.0,-8,0.0003682297850090929,8.136169892284855
fixed-laminar-00000047,520.0,4.0,-7,0.00011575082357739726,7.740516501892586
fixed-laminar-00000047,520.0,4.0,-6,0.0007296400232534063,7.32365592105198
fixed-laminar-00000047,520.0,4.0,-5,0.0014636631191390342,6.881735244987794
fixed-laminar-00000047,520.0,4.0,-4,3.996555585059764e-05,6.409572995038118
fixed-laminar-00000047,520.0,4.0,-3,0.003664848979268155,5.899912923755764
fixed-laminar-00000047,520.0,4.0,-2,0.004971773769747991,5.342033137263584
fixed-laminar-00000047,520.0,4.0,-1,0.005317651034978125,4.718862261789724
fixed-laminar-00000047,520.0,4.0,0,0.18841271677378243,3.999999999999943
fixed-laminar-00000047,520.0,4.0,1,0.07065431563358453,3.1199893233792295
fixed-laminar-00000047,520.0,4.0,2,0.024244587395931314,1.8629706538812485
fixed-laminar-00000047,520.0,4.0,3,0.0,0.0
fixed-laminar-00000047,520.0,4.0,4,0.0,0.0
fixed-laminar-00000047,520.0,4.0,5,0.0,0.0
fixed-laminar-00000047,520.0,4.0,6,0.0,0.0
fixed-laminar-00000047,520.0,4.0,7,0.0,0.0
fixed-laminar-00000047,520.0,4.0,8,0.0,0.0
fixed-laminar-00000047,520.0,4.0,9,0.0,0.0
fixed-laminar-00000047,520.0,4.0,10,0.0,0.0
fixed-laminar-00000047,520.0,4.0,11,0.0,0.0
fixed-laminar-00000047,520.0,4.0,12,0.0,0.0
fixed-laminar-00000047,520.0,4.0,13,0.0,0.0
fixed-laminar-00000047,520.0,4.0,14,0.0,0.0
fixed-laminar-00000047,520.0,4.0,15,0.0,0.0
fixed-laminar-00000047,520.0,4.0,16,0.0,0.0
fixed-laminar-00000047,520.0,4.0,17,0.0,0.0
fixed-laminar-00000047,520.0,4.0,18,0.0,0.0
fixed-laminar-00000047,520.0,4.0,19,0.0,0.0
fixed-laminar-00000047,520.0,4.0,20,0.0,0.0
fixed-laminar-00000048,530.0,4.0,-20,5.123878581028027e-05,11.804846353924574
fixed-laminar-00000048,530.0,4.0,-19,4.812379795137264e-05,11.539855263600288
fixed-laminar-00000048,530.0,4.0,-18,6.22441024341055e-05,11.268720827871178
fixed-laminar-00000048,530.0,4.0,-17,3.129780232408678e-05,10.990988342425126
fixed-laminar-00000048,530.0,4.0,-16,5.439562490380314e-05,10.706144262791852
fixed-laminar-00000048,530.0,4.0,-15,9.01687017258133e-05,10.413604963019466
fixed-laminar-00000048,530.0,4.0,-14,4.04487964923429e-05,10.112702572883805
fixed-laminar-00000048,530.0,4.0,-13,7.636817530837598e-05,9.802666908387508
fixed-laminar-00000048,530.0,4.0,-12,0.00013661538360472557,9.48260209177191
fixed-laminar-00000048,530.0,4.0,-11,8.643246259949776e-05,9.151455819110154
fixed-laminar-00000048,530.0,4.0,-10,9.982232316984877e-05,8.80797823524668
fixed-laminar-00000048,530.0,4.0,-9,0.0002373816015401216,8.450665768094211
fixed-laminar-00000048,530.0,4.0,-8,0.00029262986307202995,8.077682597631096
fixed-laminar-00000048,530.0,4.0,-7,8.811640293101814e-05,7.686747804566139
fixed-laminar-00000048,530.0,4.0,-6,0.0006643302252113582,7.2749678666584
fixed-laminar-00000048,530.0,4.0,-5,0.0012270485580115414,6.838578189041442
fixed-laminar-00000048,530.0,4.0,-4,9.110599056328344e-06,6.37252484677397
fixed-laminar-00000048,530.0,4.0,-3,0.003419901194289081,5.869746147798878
fixed-laminar-00000048,530.0,4.0,-2,0.0044047053748699485,5.319839372881049
fixed-laminar-00000048,530.0,4.0,-1,0.003226458204451907,4.706313293920829
fixed-laminar-00000048,530.0,4.0,0,0.19387732154740075,4.000000000000043
fixed-laminar-00000048,530.0,4.0,1,0.06067858265401292,3.138874806668909
fixed-laminar-00000048,530.0,4.0,2,0.025880917177455956,1.9253541332400914
fixed-laminar-00000048,530.0,4.0,3,0.0,0.0
fixed-laminar-00000048,530.0,4.0,4,0.0,0.0
fixed-laminar-00000048,530.0,4.0,5,0.0,0.0
fixed-laminar-00000048,530.0,4.0,6,0.0,0.0
fixed-laminar-00000048,530.0,4.0,7,0.0,0.0
fixed-laminar-00000048,530.0,4.0,8,0.0,0.0
fixed-laminar-00000048,530.0,4.0,9,0.0,0.0
fixed-laminar-00000048,530.0,4.0,10,0.0,0.0
fixed-laminar-00000048,530.0,4.0,11,0.0,0.0
fixed-laminar-00000048,530.0,4.0,12,0.0,0.0
fixed-laminar-00000048,530.0,4.0,13,0.0,0.0
fixed-laminar-00000048,530.0,4.0,14,0.0,0.0
fixed-laminar-00000048,530.0,4.0,15,0.0,0.0
fixed-laminar-00000048,530.0,4.0,16,0.0,0.0
fixed-laminar-00000048,530.0,4.0,17,0.0,0.0
fixed-laminar-00000048,530.0,4.0,18,0.0,0.0
fixed-laminar-00000048,530.0,4.0,19,0.0,0.0
fixed-laminar-00000048,530.0,4.0,20,0.0,0.0
fixed-laminar-00000049,540.0,4.0,-20,4.789750652641823e-05,11.707391172695964
fixed-laminar-00000049,540.0,4.0,-19,4.767865835015318e-05,11.445178839332968
fixed-laminar-00000049,540.0,4.0,-18,5.658914138537432e-05,11.176900501616302
fixed-laminar-00000049,540.0,4.0,-17,2.704467351309878e-05,10.902108289504397
fixed-laminar-00000049,540.0,4.0,-16,5.450123980327375e-05,10.620296524793474
fixed-laminar-00000049,540.0,4.0,-15,8.169674651421924e-05,10.33089070657202
fixed-laminar-00000049,540.0,4.0,-14,3.253269271240856e-05,10.033233642263525
fixed-laminar-00000049,540.0,4.0,-13,7.577326154749416e-05,9.726567764525285
fixed-laminar-00000049,540.0,4.0,-12,0.00012317970086460215,9.410012267886245
fixed-laminar-00000049,540.0,4.0,-11,6.721238715224403e-05,9.08253308010309
fixed-laminar-00000049,540.0,4.0,-10,9.464569933811896e-05,8.742902716320742
fixed-laminar-00000049,540.0,4.0,-9,0.00021315143321467682,8.389645509317276
fixed-laminar-00000049,540.0,4.0,-8,0.00023151238885943756,8.020961125094075
fixed-laminar-00000049,540.0,4.0,-7,7.004703324687264e-05,7.634614812005779
fixed-laminar-00000049,540.0,4.0,-6,0.0006057844373677894,7.227774780095174
fixed-laminar-00000049,540.0,4.0,-5,0.0010210499680596355,6.796761790119547
fixed-laminar-00000049,540.0,4.0,-4,1.3440924494878675e-06,6.336644982795491
fixed-laminar-00000049,540.0,4.0,-3,0.003197366386864988,5.840549916165088
fixed-laminar-00000049,540.0,4.0,-2,0.003894937704006144,5.298379990270192
fixed-laminar-00000049,540.0,4.0,-1,0.0018354605230893751,4.694197467919267
fixed-laminar-00000049,540.0,4.0,0,0.19890102978473675,4.000000000000043
fixed-laminar-00000049,540.0,4.0,1,0.05144909926969399,3.1569541581493326
fixed-laminar-00000049,540.0,4.0,2,0.027368889532388394,1.9835743440105915
fixed-laminar-00000049,540.0,4.0,3,0.0,0.0
fixed-laminar-00000049,540.0,4.0,4,0.0,0.0
fixed-laminar-00000049,540.0,4.0,5,0.0,0.0
fixed-laminar-00000049,540.0,4.0,6,0.0,0.0
fixed-laminar-00000049,540.0,4.0,7,0.0,0.0
fixed-laminar-00000049,540.0,4.0,8,0.0,0.0
fixed-laminar-00000049,540.0,4.0,9,0.0,0.0
fixed-laminar-00000049,540.0,4.0,10,0.0,0.0
fixed-laminar-00000049,540.0,4.0,11,0.0,0.0
fixed-laminar-00000049,540.0,4.0,12,0.0,0.0
fixed-laminar-00000049,540.0,4.0,13,0.0,0.0
fixed-laminar-00000049,540.0,4.0,14,0.0,0.0
fixed-laminar-00000049,540.0,4.0,15,0.0,0.0
fixed-laminar-00000049,540.0,4.0,16,0.0,0.0
fixed-laminar-00000049,540.0,4.0,17,0.0,0.0
fixed-laminar-00000049,540.0,4.0,18,0.0,0.0
fixed-laminar-00000049,540.0,4.0,19,0.0,0.0
fixed-laminar-00000049,540.0,4.0,20,0.0,0.0
fixed-laminar-00000050,550.0,4.0,-20,4.797173815362997e-05,11.612716944258466
fixed-laminar-00000050,550.0,4.0,-19,4.954733659451087e-05,11.353208280905505
fixed-laminar-00000050,550.0,4.0,-18,5.3570262408205174e-05,11.087708926153098
fixed-laminar-00000050,550.0,4.0,-17,2.54958026136941e-05,10.81577766026615
fixed-laminar-00000050,550.0,4.0,-16,5.725070857592485e-05,10.536916458396973
fixed-laminar-00000050,550.0,4.0,-15,7.68288432122715e-05,10.250559696102755
fixed-laminar-00000050,550.0,4.0,-14,2.826472271532062e-05,9.956060565391013
fixed-laminar-00000050,550.0,4.0,-13,7.930175247429679e-05,9.652673766211109
fixed-laminar-00000050,550.0,4.0,-12,0.00011489285876477859,9.339533143629751
fixed-laminar-00000050,550.0,4.0,-11,5.467105880899965e-05,9.015622340555552
fixed-laminar-00000050,550.0,4.0,-10,9.632563709763459e-05,8.679735599183942
fixed-laminar-00000050,550.0,4.0,-9,0.0001966230046353097,8.33042434034833
fixed-laminar-00000050,550.0,4.0,-8,0.0001861167895440947,7.965922654739103
fixed-laminar-00000050,550.0,4.0,-7,6.222948549114208e-05,7.58404054079962
fixed-laminar-00000050,550.0,4.0,-6,0.000562320265272455,7.182005983087052
fixed-laminar-00000050,550.0,4.0,-5,0.0008548292976691967,6.756222279782023
fixed-laminar-00000050,550.0,4.0,-4,1.4107826133828238e-05,6.30187736209605
fixed-laminar-00000050,550.0,4.0,-3,0.003032326765166568,5.812277094742029
fixed-laminar-00000050,550.0,4.0,-2,0.0034900868236055443,5.277618631405375
fixed-laminar-00000050,550.0,4.0,-1,0.0011151655073548127,4.682492623926009
fixed-laminar-00000050,550.0,4.0,0,0.2048197038580591,4.000000000000043
fixed-laminar-00000050,550.0,4.0,1,0.043286452750625544,3.174278754446547
fixed-laminar-00000050,550.0,4.0,2,0.028887347335588422,2.038105178627262
fixed-laminar-00000050,550.0,4.0,3,0.0,0.0
fixed-laminar-00000050,550.0,4.0,4,0.0,0.0
fixed-laminar-00000050,550.0,4.0,5,0.0,0.0
fixed-laminar-00000050,550.0,4.0,6,0.0,0.0
fixed-laminar-00000050,550.0,4.0,7,0.0,0.0
fixed-laminar-00000050,550.0,4.0,8,0.0,0.0
fixed-laminar-00000050,550.0,4.0,9,0.0,0.0
fixed-laminar-00000050,550.0,4.0,10,0.0,0.0
fixed-laminar-00000050,550.0,4.0,11,0.0,0.0
fixed-laminar-00000050,550.0,4.0,12,0.0,0.0
fixed-laminar-00000050,550.0,4.0,13,0.0,0.0
fixed-laminar-00000050,550.0,4.0,14,0.0,0.0
fixed-laminar-00000050,550.0,4.0,15,0.0,0.0
fixed-laminar-00000050,550.0,4.0,16,0.0,0.0
fixed-laminar-00000050,550.0,4.0,17,0.0,0.0
fixed-laminar-00000050,550.0,4.0,18,0.0,0.0
fixed-laminar-00000050,550.0,4.0,19,0.0,0.0
fixed-laminar-00000050,550.0,4.0,20,0.0,0.0
fixed-laminar-00000051,560.0,4.0,-20,5.1178271493094286e-05,11.520697333479006
fixed-laminar-00000051,560.0,4.0,-19,5.399297116484872e-05,11.26382061358683
fixed-laminar-00000051,560.0,4.0,-18,5.279133637549645e-05,11.001026574425026
fixed-laminar-00000051,560.0,4.0,-17,2.648874871128597e-05,10.731880470457497
fixed-laminar-00000051,560.0,4.0,-16,6.310584618247561e-05,10.45589172636997
fixed-laminar-00000051,560.0,4.0,-15,7.508986396880641e-05,10.172503356222151
fixed-laminar-00000051,560.0,4.0,-14,2.7295207551199154e-05,9.881078656044693
fixed-laminar-00000051,560.0,4.0,-13,8.765581177574497e-05,9.580884258625872
fixed-laminar-00000051,560.0,4.0,-12,0.00011135982147729143,9.27106825583462
fixed-laminar-00000051,560.0,4.0,-11,4.7850082210581087e-05,8.950631511301339
fixed-laminar-00000051,560.0,4.0,-10,0.0001057903689894071,8.618389378622567
fixed-laminar-00000051,560.0,4.0,-9,0.0001883590568503995,8.27291958508114
fixed-laminar-00000051,560.0,4.0,-8,0.00015314338345913758,7.9124896307686186
fixed-laminar-00000051,560.0,4.0,-7,6.502540350383497e-05,7.5349529087644385
fixed-laminar-00000051,560.0,4.0,-6,0.0005368794340921027,7.137595307370333
fixed-laminar-00000051,560.0,4.0,-5,0.000717134512437813,6.71689997183698
fixed-laminar-00000051,560.0,4.0,-4,4.4264757434589186e-05,6.268169548557026
fixed-laminar-00000051,560.0,4.0,-3,0.0029318541125541797,5.784883604631474
fixed-laminar-00000051,560.0,4.0,-2,0.003179728821456254,5.257521326257304
fixed-laminar-00000051,560.0,4.0,-1,0.001030955476617348,4.671178095187116
fixed-laminar-00000051,560.0,4.0,0,0.211784754527637,4.000000000000043
fixed-laminar-00000051,560.0,4.0,1,0.03610553831104911,3.1908956242289577
fixed-laminar-00000051,560.0,4.0,2,0.030588507314259362,2.089341578597498
fixed-laminar-00000051,560.0,4.0,3,0.0,0.0
fixed-laminar-00000051,560.0,4.0,4,0.0,0.0
fixed-laminar-00000051,560.0,4.0,5,0.0,0.0
fixed-laminar-00000051,560.0,4.0,6,0.0,0.0
fixed-laminar-00000051,560.0,4.0,7,0.0,0.0
fixed-laminar-00000051,560.0,4.0,8,0.0,0.0
fixed-laminar-00000051,560.0,4.0,9,0.0,0.0
fixed-laminar-00000051,560.0,4.0,10,0.0,0.0
fixed-laminar-00000051,560.0,4.0,11,0.0,0.0
fixed-laminar-00000051,560.0,4.0,12,0.0,0.0
fixed-laminar-00000051,560.0,4.0,13,0.0,0.0
fixed-laminar-00000051,560.0,4.0,14,0.0,0.0
fixed-laminar-00000051,560.0,4.0,15,0.0,0.0
fixed-laminar-00000051,560.0,4.0,16,0.0,0.0
fixed-laminar-00000051,560.0,4.0,17,0.0,0.0
fixed-laminar-00000051,560.0,4.0,18,0.0,0.0
fixed-laminar-00000051,560.0,4.0,19,0.0,0.0
fixed-laminar-00000051,560.0,4.0,20,0.0,0.0
fixed-laminar-00000052,570.0,4.0,-20,5.62977397838457e-05,11.43121385226128
fixed-laminar-00000052,570.0,4.0,-19,5.9869732717355884e-05,11.176900501616274
fixed-laminar-00000052,570.0,4.0,-18,5.3003127494674466e-05,10.916741345033486
fixed-laminar-00000052,570.0,4.0,-17,2.9382549178488446e-05,10.650307942455399
fixed-laminar-00000052,570.0,4.0,-16,7.091576759948333e-05,10.377116972823487
fixed-laminar-00000052,570.0,4.0,-15,7.464197460286134e-05,10.096619860707065
fixed-laminar-00000052,570.0,4.0,-14,2.888148350158865e-05,9.80818973735775
fixed-laminar-00000052,570.0,4.0,-13,9.928606091029152e-05,9.511104847972902
fixed-laminar-00000052,570.0,4.0,-12,0.00010974143530191737,9.204527144434849
fixed-laminar-00000052,570.0,4.0,-11,4.525266579509933e-05,8.887474237458349
fixed-laminar-00000052,570.0,4.0,-10,0.00012103930556721574,8.558782002362335
fixed-laminar-00000052,570.0,4.0,-9,0.00018386985134597337,8.217053724399236
fixed-laminar-00000052,570.0,4.0,-8,0.00012781518939690382,7.860589341106007
fixed-laminar-00000052,570.0,4.0,-7,7.69743092168176e-05,7.487284343186758
fixed-laminar-00000052,570.0,4.0,-6,0.0005207678079917832,7.094480733772272
fixed-laminar-00000052,570.0,4.0,-5,0.0005884435537654231,6.678738935066164
fixed-laminar-00000052,570.0,4.0,-4,9.213025699030751e-05,6.2354724211239585
fixed-laminar-00000052,570.0,4.0,-3,0.0028569719178596687,5.758328175331485
fixed-laminar-00000052,570.0,4.0,-2,0.002898691445347814,5.23805629811234
fixed-laminar-00000052,570.0,4.0,-1,0.0015692224531191918,4.6602345838808645
fixed-laminar-00000052,570.0,4.0,0,0.21818097064466294,4.000000000000043
fixed-laminar-00000052,570.0,4.0,1,0.02951676984834637,3.2068479063504185
fixed-laminar-00000052,570.0,4.0,2,0.032303020632566994,2.13761682818793
fixed-laminar-00000052,570.0,4.0,3,0.0,0.0
fixed-laminar-00000052,570.0,4.0,4,0.0,0.0
fixed-laminar-00000052,570.0,4.0,5,0.0,0.0
fixed-laminar-00000052,570.0,4.0,6,0.0,0.0
fixed-laminar-00000052,570.0,4.0,7,0.0,0.0
fixed-laminar-00000052,570.0,4.0,8,0.0,0.0
fixed-laminar-00000052,570.0,4.0,9,0.0,0.0
fixed-laminar-00000052,570.0,4.0,10,0.0,0.0
fixed-laminar-00000052,570.0,4.0,11,0.0,0.0
fixed-laminar-00000052,570.0,4.0,12,0.0,0.0
fixed-laminar-00000052,570.0,4.0,13,0.0,0.0
fixed-laminar-00000052,570.0,4.0,14,0.0,0.0
fixed-laminar-00000052,570.0,4.0,15,0.0,0.0
fixed-laminar-00000052,570.0,4.0,16,0.0,0.0
fixed-laminar-00000052,570.0,4.0,17,0.0,0.0
fixed-laminar-00000052,570.0,4.0,18,0.0,0.0
fixed-laminar-00000052,570.0,4.0,19,0.0,0.0
fixed-laminar-00000052,570.0,4.0,20,0.0,0.0
fixed-laminar-00000053,580.0,4.0,-20,6.246657584202545e-05,11.344155244919335
fixed-laminar-00000053,580.0,4.0,-19,6.624132377895375e-05,11.09233964988806
fixed-laminar-00000053,580.0,4.0,-18,5.3523170646181893e-05,10.834747980635072
fixed-laminar-00000053,580.0,4.0,-17,3.381469472378886e-05,10.570957940814182
fixed-laminar-00000053,580.0,4.0,-16,7.971046965311368e-05,10.300493276388579
fixed-laminar-00000053,580.0,4.0,-15,7.449522940951531e-05,10.022813603833598
fixed-laminar-00000053,580.0,4.0,-14,3.278328763567715e-05,9.737301631890915
fixed-laminar-00000053,580.0,4.0,-13,0.00011292471045156279,9.443246910942491
fixed-laminar-00000053,580.0,4.0,-12,0.00010848276169105227,9.139824882054754
fixed-laminar-00000053,580.0,4.0,-11,4.657286798795881e-05,8.826069448973215
fixed-laminar-00000053,580.0,4.0,-10,0.00014063477512218675,8.500836443523596
fixed-laminar-00000053,580.0,4.0,-9,0.00018056511804138568,8.162753991654597
fixed-laminar-00000053,580.0,4.0,-8,0.00010913474033724423,7.810153537213992
fixed-laminar-00000053,580.0,4.0,-7,9.803859759059871e-05,7.440971426572531
fixed-laminar-00000053,580.0,4.0,-6,0.0005089983197608602,7.052604065868977
fixed-laminar-00000053,580.0,4.0,-5,0.00046291427900024465,6.641686697338955
fixed-laminar-00000053,580.0,4.0,-4,0.00016065897804187431,6.203739911827654
fixed-laminar-00000053,580.0,4.0,-3,0.002785090637841439,5.732572121705644
fixed-laminar-00000053,580.0,4.0,-2,0.002612084235139329,5.219193787774614
fixed-laminar-00000053,580.0,4.0,-1,0.0027304697020956474,4.649644049178292
fixed-laminar-00000053,580.0,4.0,0,0.22281891149029381,4.000000000000043
fixed-laminar-00000053,580.0,4.0,1,0.023410302377801187,3.2221752503056678
fixed-laminar-00000053,580.0,4.0,2,0.03384976798074884,2.1832152248066166
fixed-laminar-00000053,580.0,4.0,3,0.0,0.0
fixed-laminar-00000053,580.0,4.0,4,0.0,0.0
fixed-laminar-00000053,580.0,4.0,5,0.0,0.0
fixed-laminar-00000053,580.0,4.0,6,0.0,0.0
fixed-laminar-00000053,580.0,4.0,7,0.0,0.0
fixed-laminar-00000053,580.0,4.0,8,0.0,0.0
fixed-laminar-00000053,580.0,4.0,9,0.0,0.0
fixed-laminar-00000053,580.0,4.0,10,0.0,0.0
fixed-laminar-00000053,580.0,4.0,11,0.0,0.0
fixed-laminar-00000053,580.0,4.0,12,0.0,0.0
fixed-laminar-00000053,580.0,4.0,13,0.0,0.0
fixed-laminar-00000053,580.0,4.0,14,0.0,0.0
fixed-laminar-00000053,580.0,4.0,15,0.0,0.0
fixed-laminar-00000053,580.0,4.0,16,0.0,0.0
fixed-laminar-00000053,580.0,4.0,17,0.0,0.0
fixed-laminar-00000053,580.0,4.0,18,0.0,0.0
fixed-laminar-00000053,580.0,4.0,19,0.0,0.0
fixed-laminar-00000053,580.0,4.0,20,0.0,0.0
fixed-laminar-00000054,590.0,4.0,-20,7.005334276079131e-05,11.25941693133879
fixed-laminar-00000054,590.0,4.0,-19,7.325627089964208e-05,11.010036261886782
fixed-laminar-00000054,590.0,4.0,-18,5.475703565229007e-05,10.75494754101544
fixed-laminar-00000054,590.0,4.0,-17,4.003327876873236e-05,10.493734460874393
fixed-laminar-00000054,590.0,4.0,-16,8.959581284307707e-05,10.225927654794972
fixed-laminar-00000054,590.0,4.0,-15,7.522172381453003e-05,9.9509947214042
fixed-laminar-00000054,590.0,4.0,-14,3.9382865468490037e-05,9.668327699638112
fixed-laminar-00000054,590.0,4.0,-13,0.00012873730688391284,9.377227150287212
fixed-laminar-00000054,590.0,4.0,-12,0.00010831335912771932,9.07688164781861
fixed-laminar-00000054,590.0,4.0,-11,5.25859994195483e-05,8.76634095342068
fixed-laminar-00000054,590.0,4.0,-10,0.00016489405281803606,8.444480313277879
fixed-laminar-00000054,590.0,4.0,-9,0.00017909146508609118,8.109952006190454
fixed-laminar-00000054,590.0,4.0,-8,9.93751003495704e-05,7.761118089679513
fixed-laminar-00000054,590.0,4.0,-7,0.00012907544353990056,7.395954575739296
fixed-laminar-00000054,590.0,4.0,-6,0.0005022322131576605,7.011910634381167
fixed-laminar-00000054,590.0,4.0,-5,0.000348091607455573,6.6056939776244405
fixed-laminar-00000054,590.0,4.0,-4,0.000252792480626906,6.172928768550506
fixed-laminar-00000054,590.0,4.0,-3,0.00272130113975921,5.707579142086004
fixed-laminar-00000054,590.0,4.0,-2,0.0023300929298754607,5.200905894533889
fixed-laminar-00000054,590.0,4.0,-1,0.0045169054714163034,4.639389606148313
fixed-laminar-00000054,590.0,4.0,0,0.22602392271164817,4.000000000000043
fixed-laminar-00000054,590.0,4.0,1,0.017919588048091677,3.236914167432502
fixed-laminar-00000054,590.0,4.0,2,0.03516037205992172,2.226381561452442
fixed-laminar-00000054,590.0,4.0,3,0.0,0.0
fixed-laminar-00000054,590.0,4.0,4,0.0,0.0
fixed-laminar-00000054,590.0,4.0,5,0.0,0.0
fixed-laminar-00000054,590.0,4.0,6,0.0,0.0
fixed-laminar-00000054,590.0,4.0,7,0.0,0.0
fixed-laminar-00000054,590.0,4.0,8,0.0,0.0
fixed-laminar-00000054,590.0,4.0,9,0.0,0.0
fixed-laminar-00000054,590.0,4.0,10,0.0,0.0
fixed-laminar-00000054,590.0,4.0,11,0.0,0.0
fixed-laminar-00000054,590.0,4.0,12,0.0,0.0
fixed-laminar-00000054,590.0,4.0,13,0.0,0.0
fixed-laminar-00000054,590.0,4.0,14,0.0,0.0
fixed-laminar-00000054,590.0,4.0,15,0.0,0.0
fixed-laminar-00000054,590.0,4.0,16,0.0,0.0
fixed-laminar-00000054,590.0,4.0,17,0.0,0.0
fixed-laminar-00000054,590.0,4.0,18,0.0,0.0
fixed-laminar-00000054,590.0,4.0,19,0.0,0.0
fixed-laminar-00000054,590.0,4.0,20,0.0,0.0
fixed-laminar-00000055,600.0,4.0,-20,7.93597994035887e-05,11.176900501616302
fixed-laminar-00000055,600.0,4.0,-19,8.118668029219343e-05,10.929894547731365
fixed-laminar-00000055,600.0,4.0,-18,5.702037568731337e-05,10.677246924869209
fixed-laminar-00000055,600.0,4.0,-17,4.8376532451716844e-05,10.418547164640088
fixed-laminar-00000055,600.0,4.0,-16,0.00010095111891193025,10.153332615240856
fixed-laminar-00000055,600.0,4.0,-15,7.727429338643921e-05,9.881078656044693
fixed-laminar-00000055,600.0,4.0,-14,4.923608343909585e-05,9.601186418732823
fixed-laminar-00000055,600.0,4.0,-13,0.00014735521797355232,9.312967191474854
fixed-laminar-00000055,600.0,4.0,-12,0.00010989209467293519,9.015622340555609
fixed-laminar-00000055,600.0,4.0,-11,6.429721969309898e-05,8.708217066446423
fixed-laminar-00000055,600.0,4.0,-10,0.00019490777539800418,8.389645509317319
fixed-laminar-00000055,600.0,4.0,-9,0.00018051377499825623,8.058583440755712
fixed-laminar-00000055,600.0,4.0,-8,0.00010058872912503443,7.713422675659885
fixed-laminar-00000055,600.0,4.0,-7,0.00017234948414099222,7.352177750609371
fixed-laminar-00000055,600.0,4.0,-6,0.0005029112391435675,6.9723490289475905
fixed-laminar-00000055,600.0,4.0,-5,0.00024806418674136986,6.570714442852491
fixed-laminar-00000055,600.0,4.0,-4,0.00037504532271516287,6.142998339829575
fixed-laminar-00000055,600.0,4.0,-3,0.0026725158126946905,5.683315135192018
fixed-laminar-00000055,600.0,4.0,-2,0.0020540325458748487,5.1831664320526585
fixed-laminar-00000055,600.0,4.0,-1,0.006945952749232559,4.629455434298478
fixed-laminar-00000055,600.0,4.0,0,0.22800475264822642,4.000000000000043
fixed-laminar-00000055,600.0,4.0,1,0.013140225829403848,3.2510983398922093
fixed-laminar-00000055,600.0,4.0,2,0.036159435814794645,2.2673283559992825
fixed-laminar-00000055,600.0,4.0,3,0.0,0.0
fixed-laminar-00000055,600.0,4.0,4,0.0,0.0
fixed-laminar-00000055,600.0,4.0,5,0.0,0.0
fixed-laminar-00000055,600.0,4.0,6,0.0,0.0
fixed-laminar-00000055,600.0,4.0,7,0.0,0.0
fixed-laminar-00000055,600.0,4.0,8,0.0,0.0
fixed-laminar-00000055,600.0,4.0,9,0.0,0.0
fixed-laminar-00000055,600.0,4.0,10,0.0,0.0
fixed-laminar-00000055,600.0,4.0,11,0.0,0.0
fixed-laminar-00000055,600.0,4.0,12,0.0,0.0
fixed-laminar-00000055,600.0,4.0,13,0.0,0.0
fixed-laminar-00000055,600.0,4.0,14,0.0,0.0
fixed-laminar-00000055,600.0,4.0,15,0.0,0.0
fixed-laminar-00000055,600.0,4.0,16,0.0,0.0
fixed-laminar-00000055,600.0,4.0,17,0.0,0.0
fixed-laminar-00000055,600.0,4.0,18,0.0,0.0
fixed-laminar-00000055,600.0,4.0,19,0.0,0.0
fixed-laminar-00000055,600.0,4.0,20,0.0,0.0
fixed-laminar-00000056,610.0,4.0,-20,9.257624403835355e-05,11.096513256647427
fixed-laminar-00000056,610.0,4.0,-19,9.2091730761344e-05,10.851824276946246
fixed-laminar-00000056,610.0,4.0,-18,6.18224674368996e-05,10.601558435056262
fixed-laminar-00000056,610.0,4.0,-17,6.095364572612369e-05,10.345310958848756
fixed-laminar-00000056,610.0,4.0,-16,0.00011665237635733117,10.08262574563632
fixed-laminar-00000056,610.0,4.0,-15,8.257279996890265e-05,9.81298576201776
fixed-laminar-00000056,610.0,4.0,-14,6.526807841161466e-05,9.535801004270269
fixed-laminar-00000056,610.0,4.0,-13,0.00017327719767696716,9.250393216009584
fixed-laminar-00000056,610.0,4.0,-12,0.00011575981826984377,8.955976227169515
fixed-laminar-00000056,610.0,4.0,-11,8.628870059817789e-05,8.651630275811442
fixed-laminar-00000056,610.0,4.0,-10,0.00023758342940189726,8.336267896291588
fixed-laminar-00000056,610.0,4.0,-9,0.00018916246868357173,8.008587719170848
fixed-laminar-00000056,610.0,4.0,-8,0.00011931442116680147,7.6670104947684905
fixed-laminar-00000056,610.0,4.0,-7,0.00023898231702023306,7.309588189513036
fixed-laminar-00000056,610.0,4.0,-6,0.0005221977964586431,6.933870854335623
fixed-laminar-00000056,610.0,4.0,-5,0.00016384926891629248,6.536704486950143
fixed-laminar-00000056,610.0,4.0,-4,0.000561106441085532,6.113910379323968
fixed-laminar-00000056,610.0,4.0,-3,0.002663459494480196,5.659748033833807
fixed-laminar-00000056,610.0,4.0,-2,0.0017521401684073075,5.1659507975543875
fixed-laminar-00000056,610.0,4.0,-1,0.010216414433591057,4.619826694692961
fixed-laminar-00000056,610.0,4.0,0,0.22975661903806346,4.000000000000043
fixed-laminar-00000056,610.0,4.0,1,0.009214324054391657,3.2647588933231475
fixed-laminar-00000056,610.0,4.0,2,0.03657916327186461,2.306241453176753
fixed-laminar-00000056,610.0,4.0,3,0.0,0.0
fixed-laminar-00000056,610.0,4.0,4,0.0,0.0
fixed-laminar-00000056,610.0,4.0,5,0.0,0.0
fixed-laminar-00000056,610.0,4.0,6,0.0,0.0
fixed-laminar-00000056,610.0,4.0,7,0.0,0.0
fixed-laminar-00000056,610.0,4.0,8,0.0,0.0
fixed-laminar-00000056,610.0,4.0,9,0.0,0.0
fixed-laminar-00000056,610.0,4.0,10,0.0,0.0
fixed-laminar-00000056,610.0,4.0,11,0.0,0.0
fixed-laminar-00000056,610.0,4.0,12,0.0,0.0
fixed-laminar-00000056,610.0,4.0,13,0.0,0.0
fixed-laminar-00000056,610.0,4.0,14,0.0,0.0
fixed-laminar-00000056,610.0,4.0,15,0.0,0.0
fixed-laminar-00000056,610.0,4.0,16,0.0,0.0
fixed-laminar-00000056,610.0,4.0,17,0.0,0.0
fixed-laminar-00000056,610.0,4.0,18,0.0,0.0
fixed-laminar-00000056,610.0,4.0,19,0.0,0.0
fixed-laminar-00000056,610.0,4.0,20,0.0,0.0
fixed-laminar-00000057,620.0,4.0,-20,9.984739228018474e-05,11.01816778980809
fixed-laminar-00000057,620.0,4.0,-19,9.643473041249683e-05,10.77574037123388
fixed-laminar-00000057,620.0,4.0,-18,6.159796383345307e-05,10.527799382740596
fixed-laminar-00000057,620.0,4.0,-17,6.90447890906866e-05,10.273945610776423
fixed-laminar-00000057,620.0,4.0,-16,0.00012398470994059223,10.013729342403465
fixed-laminar-00000057,620.0,4.0,-15,8.02154840677816e-05,9.746640945379113
fixed-laminar-00000057,620.0,4.0,-14,7.60073473718264e-05,9.472099061220248
fixed-laminar-00000057,620.0,4.0,-13,0.00018611323326273631,9.189435627547212
fixed-laminar-00000057,620.0,4.0,-12,0.00010905855469436856,8.89787662245989
fixed-laminar-00000057,620.0,4.0,-11,0.00010075496147347089,8.59651693548875
fixed-laminar-00000057,620.0,4.0,-10,0.0002592323249111572,8.284287014836138
fixed-laminar-00000057,620.0,4.0,-9,0.0001743349631840698,7.959907741050458
fixed-laminar-00000057,620.0,4.0,-8,0.00012649085388613947,7.621828010395305
fixed-laminar-00000057,620.0,4.0,-7,0.00027919281395932826,7.268136168200272
fixed-laminar-00000057,620.0,4.0,-6,0.0004831072616645967,6.896430508503414
fixed-laminar-00000057,620.0,4.0,-5,8.630602830003664e-05,6.503623029707683
fixed-laminar-00000057,620.0,4.0,-4,0.0007505740840298165,6.085628867863377
fixed-laminar-00000057,620.0,4.0,-3,0.0024637390472761382,5.636847653619654
fixed-laminar-00000057,620.0,4.0,-2,0.0017843909193299202,5.149235852894208
fixed-laminar-00000057,620.0,4.0,-1,0.0138578762903562,4.610489454720607
fixed-laminar-00000057,620.0,4.0,0,0.23079205990547194,4.000000000000043
fixed-laminar-00000057,620.0,4.0,1,0.006524008881507799,3.277924638120453
fixed-laminar-00000057,620.0,4.0,2,0.0313836609204116,2.3432844286040506
fixed-laminar-00000057,620.0,4.0,3,0.005968766653624295,0.4884414427613848
fixed-laminar-00000057,620.0,4.0,4,0.0,0.0
fixed-laminar-00000057,620.0,4.0,5,0.0,0.0
fixed-laminar-00000057,620.0,4.0,6,0.0,0.0
fixed-laminar-00000057,620.0,4.0,7,0.0,0.0
fixed-laminar-00000057,620.0,4.0,8,0.0,0.0
fixed-laminar-00000057,620.0,4.0,9,0.0,0.0
fixed-laminar-00000057,620.0,4.0,10,0.0,0.0
fixed-laminar-00000057,620.0,4.0,11,0.0,0.0
fixed-laminar-00000057,620.0,4.0,12,0.0,0.0
fixed-laminar-00000057,620.0,4.0,13,0.0,0.0
fixed-laminar-00000057,620.0,4.0,14,0.0,0.0
fixed-laminar-00000057,620.0,4.0,15,0.0,0.0
fixed-laminar-00000057,620.0,4.0,16,0.0,0.0
fixed-laminar-00000057,620.0,4.0,17,0.0,0.0
fixed-laminar-00000057,620.0,4.0,18,0.0,0.0
fixed-laminar-00000057,620.0,4.0,19,0.0,0.0
fixed-laminar-00000057,620.0,4.0,20,0.0,0.0
fixed-laminar-00000058,630.0,4.0,-20,0.00010757493671506944,10.941781605456626
fixed-laminar-00000058,630.0,4.0,-19,0.00010065525400801963,10.701562533089998
fixed-laminar-00000058,630.0,4.0,-18,6.279259843483472e-05,10.455891726370012
fixed-laminar-00000058,630.0,4.0,-17,7.778213265648661e-05,10.20437539785597
fixed-laminar-00000058,630.0,4.0,-16,0.00013079967135489745,9.946570071032795
fixed-laminar-00000058,630.0,4.0,-15,8.072119228825462e-05,9.681973335802624
fixed-laminar-00000058,630.0,4.0,-14,8.813981998050513e-05,9.41001226788633
fixed-laminar-00000058,630.0,4.0,-13,0.0001989574555716386,9.130028747397361
fixed-laminar-00000058,630.0,4.0,-12,0.00010794066641793566,8.841260597125114
fixed-laminar-00000058,630.0,4.0,-11,0.00011904013148794225,8.542816986689516
fixed-laminar-00000058,630.0,4.0,-10,0.0002837257663315397,8.233645816218939
fixed-laminar-00000058,630.0,4.0,-9,0.00016981315747817153,7.912489630768675
fixed-laminar-00000058,630.0,4.0,-8,0.00014857869878483315,7.57782471381698
fixed-laminar-00000058,630.0,4.0,-7,0.0003260372205224174,7.227774780095132
fixed-laminar-00000058,630.0,4.0,-6,0.0004663739349256191,6.859984980240881
fixed-laminar-00000058,630.0,4.0,-5,5.6514318620353505e-05,6.471431333409825
fixed-laminar-00000058,630.0,4.0,-4,0.0009110286303083307,6.058119851243731
fixed-laminar-00000058,630.0,4.0,-3,0.002352179272140239,5.61458555509806
fixed-laminar-00000058,630.0,4.0,-2,0.0018394200158468417,5.1329998162636485
fixed-laminar-00000058,630.0,4.0,-1,0.017708366503521082,4.601430619700565
fixed-laminar-00000058,630.0,4.0,0,0.22879984895722663,4.000000000000043
fixed-laminar-00000058,630.0,4.0,1,0.004057170477577442,3.290622283534958
fixed-laminar-00000058,630.0,4.0,2,0.029421719946561262,2.3786020958455225
fixed-laminar-00000058,630.0,4.0,3,0.008037844877849453,0.6990406976817525
fixed-laminar-00000058,630.0,4.0,4,0.0,0.0
fixed-laminar-00000058,630.0,4.0,5,0.0,0.0
fixed-laminar-00000058,630.0,4.0,6,0.0,0.0
fixed-laminar-00000058,630.0,4.0,7,0.0,0.0
fixed-laminar-00000058,630.0,4.0,8,0.0,0.0
fixed-laminar-00000058,630.0,4.0,9,0.0,0.0
fixed-laminar-00000058,630.0,4.0,10,0.0,0.0
fixed-laminar-00000058,630.0,4.0,11,0.0,0.0
fixed-laminar-00000058,630.0,4.0,12,0.0,0.0
fixed-laminar-00000058,630.0,4.0,13,0.0,0.0
fixed-laminar-00000058,630.0,4.0,14,0.0,0.0
fixed-laminar-00000058,630.0,4.0,15,0.0,0.0
fixed-laminar-00000058,630.0,4.0,16,0.0,0.0
fixed-laminar-00000058,630.0,4.0,17,0.0,0.0
fixed-laminar-00000058,630.0,4.0,18,0.0,0.0
fixed-laminar-00000058,630.0,4.0,19,0.0,0.0
fixed-laminar-00000058,630.0,4.0,20,0.0,0.0
fixed-laminar-00000059,640.0,4.0,-20,0.00011598237414157945,10.867276770488644
fixed-laminar-00000059,640.0,4.0,-19,0.00010509510164763056,10.62921490659339
fixed-laminar-00000059,640.0,4.0,-18,6.493672592886195e-05,10.385761741931148
fixed-laminar-00000059,640.0,4.0,-17,8.755417233117637e-05,10.13652878764816
fixed-laminar-00000059,640.0,4.0,-16,0.00013789560263544547,9.881078656044693
fixed-laminar-00000059,640.0,4.0,-15,8.275311354912775e-05,9.618915986834352
fixed-laminar-00000059,640.0,4.0,-14,0.00010212921112352502,9.34947608678739
fixed-laminar-00000059,640.0,4.0,-13,0.00021267762074906254,9.072110536405091
fixed-laminar-00000059,640.0,4.0,-12,0.00010933181951980811,8.786068711064956
fixed-laminar-00000059,640.0,4.0,-11,0.00014120703340668683,8.490473703062207
fixed-laminar-00000059,640.0,4.0,-10,0.0003109008033896484,8.184290419985587
fixed-laminar-00000059,640.0,4.0,-9,0.00016969815000223478,7.866282508187567
fixed-laminar-00000059,640.0,4.0,-8,0.0001810729407270907,7.534952908764481
fixed-laminar-00000059,640.0,4.0,-7,0.00037955190218522193,7.188459735617585
fixed-laminar-00000059,640.0,4.0,-6,0.00045971352775148265,6.824493664384079
fixed-laminar-00000059,640.0,4.0,-5,5.271385333852969e-05,6.440092835409786
fixed-laminar-00000059,640.0,4.0,-4,0.001077784669930297,6.031351292155335
fixed-laminar-00000059,640.0,4.0,-3,0.002272160643349956,5.592934917952817
fixed-laminar-00000059,640.0,4.0,-2,0.0019293606694828647,5.117222163430583
fixed-laminar-00000059,640.0,4.0,-1,0.02193463313421659,4.592637870608058
fixed-laminar-00000059,640.0,4.0,0,0.22553298175407513,4.000000000000128
fixed-laminar-00000059,640.0,4.0,1,0.002258333969294153,3.302876628141391
fixed-laminar-00000059,640.0,4.0,2,0.027912334952686527,2.4123233315560384
fixed-laminar-00000059,640.0,4.0,3,0.009448249923587592,0.8549436764009926
fixed-laminar-00000059,640.0,4.0,4,0.0,0.0
fixed-laminar-00000059,640.0,4.0,5,0.0,0.0
fixed-laminar-00000059,640.0,4.0,6,0.0,0.0
fixed-laminar-00000059,640.0,4.0,7,0.0,0.0
fixed-laminar-00000059,640.0,4.0,8,0.0,0.0
fixed-laminar-00000059,640.0,4.0,9,0.0,0.0
fixed-laminar-00000059,640.0,4.0,10,0.0,0.0
fixed-laminar-00000059,640.0,4.0,11,0.0,0.0
fixed-laminar-00000059,640.0,4.0,12,0.0,0.0
fixed-laminar-00000059,640.0,4.0,13,0.0,0.0
fixed-laminar-00000059,640.0,4.0,14,0.0,0.0
fixed-laminar-00000059,640.0,4.0,15,0.0,0.0
fixed-laminar-00000059,640.0,4.0,16,0.0,0.0
fixed-laminar-00000059,640.0,4.0,17,0.0,0.0
fixed-laminar-00000059,640.0,4.0,18,0.0,0.0
fixed-laminar-00000059,640.0,4.0,19,0.0,0.0
fixed-laminar-00000059,640.0,4.0,20,0.0,0.0
