case_id,energy_ev,grazing_angle_deg,order,efficiency,diffraction_angle_deg
fixed-00000000,50.0,1.0,-10,0.00012163466597754113,25.75455539976224
fixed-00000000,50.0,1.0,-9.666666666666666,1.4148779129373397e-06,25.31510829004378
fixed-00000000,50.0,1.0,-9.333333333333334,3.6102700364937797e-06,24.868417150378832
fixed-00000000,50.0,1.0,-9,0.00010784958991119347,24.41408289662344
fixed-00000000,50.0,1.0,-8.666666666666666,1.5739181900059398e-06,23.95166910189785
fixed-00000000,50.0,1.0,-8.333333333333334,1.7644300024722077e-06,23.480696919147036
fixed-00000000,50.0,1.0,-8,4.957310547506144e-05,23.00063908061179
fixed-00000000,50.0,1.0,-7.666666666666667,2.589546024165097e-06,22.510912760477325
fixed-00000000,50.0,1.0,-7.333333333333333,2.333151742409915e-06,22.01087102590685
fixed-00000000,50.0,1.0,-7,0.00023352850874825014,21.49979251955007
fixed-00000000,50.0,1.0,-6.666666666666667,1.681466001128767e-06,20.976868904814538
fixed-00000000,50.0,1.0,-6.333333333333333,2.877228534886077e-06,20.441189450923048
fixed-00000000,50.0,1.0,-6,0.00016252399385896334,19.891721918786743
fixed-00000000,50.0,1.0,-5.666666666666667,1.8874297521452194e-06,19.32728860142933
fixed-00000000,50.0,1.0,-5.333333333333333,1.4792717179567677e-06,18.746535927727408
fixed-00000000,50.0,1.0,-5,0.00010521214798297374,18.147895381206368
fixed-00000000,50.0,1.0,-4.666666666666667,4.107117375228523e-06,17.529532494186512
fixed-00000000,50.0,1.0,-4.333333333333333,2.1240581956293444e-06,16.88927914462893
fixed-00000000,50.0,1.0,-4,0.0008079808947645187,16.224541946816103
fixed-00000000,50.0,1.0,-3.6666666666666665,3.119021277371668e-06,15.532175532332019
fixed-00000000,50.0,1.0,-3.3333333333333335,4.144339380982147e-06,14.808302728188025
fixed-00000000,50.0,1.0,-3,0.0002992451396571009,14.048051607021762
fixed-00000000,50.0,1.0,-2.6666666666666665,1.763707793651528e-06,13.24515698836261
fixed-00000000,50.0,1.0,-2.3333333333333335,2.2518370268295473e-06,12.391329756705872
fixed-00000000,50.0,1.0,-2,0.0012343008758033001,11.47520357492894
fixed-00000000,50.0,1.0,-1.6666666666666667,1.3223107034765568e-06,10.480450869119494
fixed-00000000,50.0,1.0,-1.3333333333333333,2.9533429916637176e-06,9.382091896469447
fixed-00000000,50.0,1.0,-1,0.00922878653530865,8.138281537089384
fixed-00000000,50.0,1.0,-0.6666666666666666,1.3612193888469372e-06,6.668112195698512
fixed-00000000,50.0,1.0,-0.3333333333333333,1.2005055073316513e-06,4.766536061449727
fixed-00000000,50.0,1.0,0,0.9143252933785253,0.9999999999999005
fixed-00000000,50.0,1.0,0.3333333333333333,0.0,0.0
fixed-00000000,50.0,1.0,0.6666666666666666,0.0,0.0
fixed-00000000,50.0,1.0,1,0.0,0.0
fixed-00000000,50.0,1.0,1.3333333333333333,0.0,0.0
fixed-00000000,50.0,1.0,1.6666666666666667,0.0,0.0
fixed-00000000,50.0,1.0,2,0.0,0.0
fixed-00000000,50.0,1.0,2.3333333333333335,0.0,0.0
fixed-00000000,50.0,1.0,2.6666666666666665,0.0,0.0
fixed-00000000,50.0,1.0,3,0.0,0.0
fixed-00000000,50.0,1.0,3.3333333333333335,0.0,0.0
fixed-00000000,50.0,1.0,3.6666666666666665,0.0,0.0
fixed-00000000,50.0,1.0,4,0.0,0.0
fixed-00000000,50.0,1.0,4.333333333333333,0.0,0.0
fixed-00000000,50.0,1.0,4.666666666666667,0.0,0.0
fixed-00000000,50.0,1.0,5,0.0,0.0
fixed-00000000,50.0,1.0,5.333333333333333,0.0,0.0
fixed-00000000,50.0,1.0,5.666666666666667,0.0,0.0
fixed-00000000,50.0,1.0,6,0.0,0.0
fixed-00000000,50.0,1.0,6.333333333333333,0.0,0.0
fixed-00000000,50.0,1.0,6.666666666666667,0.0,0.0
fixed-00000000,50.0,1.0,7,0.0,0.0
fixed-00000000,50.0,1.0,7.333333333333333,0.0,0.0
fixed-00000000,50.0,1.0,7.666666666666667,0.0,0.0
fixed-00000000,50.0,1.0,8,0.0,0.0
fixed-00000000,50.0,1.0,8.333333333333334,0.0,0.0
fixed-00000000,50.0,1.0,8.666666666666666,0.0,0.0
fixed-00000000,50.0,1.0,9,0.0,0.0
fixed-00000000,50.0,1.0,9.333333333333334,0.0,0.0
fixed-00000000,50.0,1.0,9.666666666666666,0.0,0.0
fixed-00000000,50.0,1.0,10,0.0,0.0
fixed-00000001,100.0,1.0,-10,0.0013375881491014719,18.147895381206368
fixed-00000001,100.0,1.0,-9.666666666666666,7.673727663431723e-06,17.841305983032
fixed-00000001,100.0,1.0,-9.333333333333334,1.623654272322609e-05,17.529532494186512
fixed-00000001,100.0,1.0,-9,0.0006083421915422254,17.212292967831786
fixed-00000001,100.0,1.0,-8.666666666666666,1.0911365141079122e-05,16.88927914462893
fixed-00000001,100.0,1.0,-8.333333333333334,1.1095443107647074e-05,16.560152883804193
fixed-00000001,100.0,1.0,-8,0.00046757700873093416,16.224541946816103
fixed-00000001,100.0,1.0,-7.666666666666667,1.2584183520787375e-05,15.88203498405052
fixed-00000001,100.0,1.0,-7.333333333333333,1.4824578066902782e-05,15.532175532332019
fixed-00000001,100.0,1.0,-7,0.0010172432755776349,15.174454773733487
fixed-00000001,100.0,1.0,-6.666666666666667,1.0794370896520967e-05,14.808302728188025
fixed-00000001,100.0,1.0,-6.333333333333333,1.1524153925930778e-05,14.433077444887772
fixed-00000001,100.0,1.0,-6,0.0008453417516418617,14.048051607021762
fixed-00000001,100.0,1.0,-5.666666666666667,7.770650998833083e-06,13.652395750554788
fixed-00000001,100.0,1.0,-5.333333333333333,8.46191936574842e-06,13.24515698836261
fixed-00000001,100.0,1.0,-5,0.00044394763870964077,12.825231674657005
fixed-00000001,100.0,1.0,-4.666666666666667,2.0386738176787943e-05,12.391329756705872
fixed-00000001,100.0,1.0,-4.333333333333333,1.0557320379948539e-05,11.94192749849195
fixed-00000001,100.0,1.0,-4,0.0028839505563481816,11.47520357492894
fixed-00000001,100.0,1.0,-3.6666666666666665,1.3533782928073036e-05,10.988950774999523
fixed-00000001,100.0,1.0,-3.3333333333333335,1.7502188184828512e-05,10.480450869119494
fixed-00000001,100.0,1.0,-3,0.0016467575965157643,9.946291914593857
fixed-00000001,100.0,1.0,-2.6666666666666665,7.07201865417383e-06,9.382091896469447
fixed-00000001,100.0,1.0,-2.3333333333333335,9.176202055315301e-06,8.782062336109831
fixed-00000001,100.0,1.0,-2,0.003282655883741136,8.138281537089384
fixed-00000001,100.0,1.0,-1.6666666666666667,5.338670509012316e-06,7.4393993600191095
fixed-00000001,100.0,1.0,-1.3333333333333333,1.1557388144473896e-05,6.668112195698512
fixed-00000001,100.0,1.0,-1,0.031788439906828544,5.795583718663309
fixed-00000001,100.0,1.0,-0.6666666666666666,4.60789681885234e-06,4.766536061449727
fixed-00000001,100.0,1.0,-0.3333333333333333,3.807787778093035e-06,3.443390546684313
fixed-00000001,100.0,1.0,0,0.9114722287906517,0.9999999999999005
fixed-00000001,100.0,1.0,0.3333333333333333,0.0,0.0
fixed-00000001,100.0,1.0,0.6666666666666666,0.0,0.0
fixed-00000001,100.0,1.0,1,0.0,0.0
fixed-00000001,100.0,1.0,1.3333333333333333,0.0,0.0
fixed-00000001,100.0,1.0,1.6666666666666667,0.0,0.0
fixed-00000001,100.0,1.0,2,0.0,0.0
fixed-00000001,100.0,1.0,2.3333333333333335,0.0,0.0
fixed-00000001,100.0,1.0,2.6666666666666665,0.0,0.0
fixed-00000001,100.0,1.0,3,0.0,0.0
fixed-00000001,100.0,1.0,3.3333333333333335,0.0,0.0
fixed-00000001,100.0,1.0,3.6666666666666665,0.0,0.0
fixed-00000001,100.0,1.0,4,0.0,0.0
fixed-00000001,100.0,1.0,4.333333333333333,0.0,0.0
fixed-00000001,100.0,1.0,4.666666666666667,0.0,0.0
fixed-00000001,100.0,1.0,5,0.0,0.0
fixed-00000001,100.0,1.0,5.333333333333333,0.0,0.0
fixed-00000001,100.0,1.0,5.666666666666667,0.0,0.0
fixed-00000001,100.0,1.0,6,0.0,0.0
fixed-00000001,100.0,1.0,6.333333333333333,0.0,0.0
fixed-00000001,100.0,1.0,6.666666666666667,0.0,0.0
fixed-00000001,100.0,1.0,7,0.0,0.0
fixed-00000001,100.0,1.0,7.333333333333333,0.0,0.0
fixed-00000001,100.0,1.0,7.666666666666667,0.0,0.0
fixed-00000001,100.0,1.0,8,0.0,0.0
fixed-00000001,100.0,1.0,8.333333333333334,0.0,0.0
fixed-00000001,100.0,1.0,8.666666666666666,0.0,0.0
fixed-00000001,100.0,1.0,9,0.0,0.0
fixed-00000001,100.0,1.0,9.333333333333334,0.0,0.0
fixed-00000001,100.0,1.0,9.666666666666666,0.0,0.0
fixed-00000001,100.0,1.0,10,0.0,0.0
fixed-00000002,150.0,1.0,-10,0.0009429903841839357,14.808302728188039
fixed-00000002,150.0,1.0,-9.666666666666666,1.0202412466888808e-05,14.55920364887352
fixed-00000002,150.0,1.0,-9.333333333333334,9.3735611443413e-06,14.305863126392126
fixed-00000002,150.0,1.0,-9,0.0007974568712248811,14.048051607021762
fixed-00000002,150.0,1.0,-8.666666666666666,1.3478678319039508e-05,13.785518159979716
fixed-00000002,150.0,1.0,-8.333333333333334,1.2597039276666968e-05,13.517987583720966
fixed-00000002,150.0,1.0,-8,0.0007645433663423716,13.245156988362638
fixed-00000002,150.0,1.0,-7.666666666666667,1.3751752838085108e-05,12.96669173344327
fixed-00000002,150.0,1.0,-7.333333333333333,2.0820233324208946e-05,12.68222056586481
fixed-00000002,150.0,1.0,-7,0.0012153931042402,12.3913297567059
fixed-00000002,150.0,1.0,-6.666666666666667,1.7545032080740817e-05,12.093555972827787
fixed-00000002,150.0,1.0,-6.333333333333333,1.1300169165760744e-05,11.788377532697865
fixed-00000002,150.0,1.0,-6,0.0013794863664570334,11.47520357492894
fixed-00000002,150.0,1.0,-5.666666666666667,1.1465988761836593e-05,11.153360496256283
fixed-00000002,150.0,1.0,-5.333333333333333,1.547595020441e-05,10.822074767373266
fixed-00000002,150.0,1.0,-5,0.0008347478212055101,10.480450869119537
fixed-00000002,150.0,1.0,-4.666666666666667,2.8746777915800975e-05,10.127442540522367
fixed-00000002,150.0,1.0,-4.333333333333333,1.4095519582432597e-05,9.761814680303885
fixed-00000002,150.0,1.0,-4,0.0038127409595295077,9.382091896469547
fixed-00000002,150.0,1.0,-3.6666666666666665,2.021942123072483e-05,8.986487496754833
fixed-00000002,150.0,1.0,-3.3333333333333335,2.497646735198264e-05,8.572802983664715
fixed-00000002,150.0,1.0,-3,0.00336326293473836,8.138281537089384
fixed-00000002,150.0,1.0,-2.6666666666666665,1.0702858050352662e-05,7.679386778529192
fixed-00000002,150.0,1.0,-2.3333333333333335,1.761177748676378e-05,7.191454190661958
fixed-00000002,150.0,1.0,-2,0.003917175585411495,6.668112195698512
fixed-00000002,150.0,1.0,-1.6666666666666667,1.1090743119560191e-05,6.100254057233414
fixed-00000002,150.0,1.0,-1.3333333333333333,2.041113875197e-05,5.474043198523489
fixed-00000002,150.0,1.0,-1,0.05352564541882885,4.766536061449884
fixed-00000002,150.0,1.0,-0.6666666666666666,7.48781884233246e-06,3.9341134280419823
fixed-00000002,150.0,1.0,-0.3333333333333333,7.051034992597828e-06,2.870068623907869
fixed-00000002,150.0,1.0,0,0.8469875163239309,0.9999999999999005
fixed-00000002,150.0,1.0,0.3333333333333333,0.0,0.0
fixed-00000002,150.0,1.0,0.6666666666666666,0.0,0.0
fixed-00000002,150.0,1.0,1,0.0,0.0
fixed-00000002,150.0,1.0,1.3333333333333333,0.0,0.0
fixed-00000002,150.0,1.0,1.6666666666666667,0.0,0.0
fixed-00000002,150.0,1.0,2,0.0,0.0
fixed-00000002,150.0,1.0,2.3333333333333335,0.0,0.0
fixed-00000002,150.0,1.0,2.6666666666666665,0.0,0.0
fixed-00000002,150.0,1.0,3,0.0,0.0
fixed-00000002,150.0,1.0,3.3333333333333335,0.0,0.0
fixed-00000002,150.0,1.0,3.6666666666666665,0.0,0.0
fixed-00000002,150.0,1.0,4,0.0,0.0
fixed-00000002,150.0,1.0,4.333333333333333,0.0,0.0
fixed-00000002,150.0,1.0,4.666666666666667,0.0,0.0
fixed-00000002,150.0,1.0,5,0.0,0.0
fixed-00000002,150.0,1.0,5.333333333333333,0.0,0.0
fixed-00000002,150.0,1.0,5.666666666666667,0.0,0.0
fixed-00000002,150.0,1.0,6,0.0,0.0
fixed-00000002,150.0,1.0,6.333333333333333,0.0,0.0
fixed-00000002,150.0,1.0,6.666666666666667,0.0,0.0
fixed-00000002,150.0,1.0,7,0.0,0.0
fixed-00000002,150.0,1.0,7.333333333333333,0.0,0.0
fixed-00000002,150.0,1.0,7.666666666666667,0.0,0.0
fixed-00000002,150.0,1.0,8,0.0,0.0
fixed-00000002,150.0,1.0,8.333333333333334,0.0,0.0
fixed-00000002,150.0,1.0,8.666666666666666,0.0,0.0
fixed-00000002,150.0,1.0,9,0.0,0.0
fixed-00000002,150.0,1.0,9.333333333333334,0.0,0.0
fixed-00000002,150.0,1.0,9.666666666666666,0.0,0.0
fixed-00000002,150.0,1.0,10,0.0,0.0
fixed-00000003,200.0,1.0,-10,0.0006120239418393346,12.825231674657005
fixed-00000003,200.0,1.0,-9.666666666666666,1.0499271108878113e-05,12.610116895308252
fixed-00000003,200.0,1.0,-9.333333333333334,4.098119494489488e-06,12.391329756705872
fixed-00000003,200.0,1.0,-9,0.00042790663339303033,12.168672136576347
fixed-00000003,200.0,1.0,-8.666666666666666,1.2319424602868273e-05,11.94192749849195
fixed-00000003,200.0,1.0,-8.333333333333334,1.1647941823709232e-05,11.710858403954262
fixed-00000003,200.0,1.0,-8,0.0005676533366054342,11.47520357492894
fixed-00000003,200.0,1.0,-7.666666666666667,1.1615294735703493e-05,11.234674403381902
fixed-00000003,200.0,1.0,-7.333333333333333,1.9085614677301152e-05,10.988950774999523
fixed-00000003,200.0,1.0,-7,0.0008687685015483444,10.73767603484525
fixed-00000003,200.0,1.0,-6.666666666666667,1.754523092498045e-05,10.480450869119494
fixed-00000003,200.0,1.0,-6.333333333333333,8.262850211856637e-06,10.216825803394173
fixed-00000003,200.0,1.0,-6,0.0009089611255291848,9.946291914593857
fixed-00000003,200.0,1.0,-5.666666666666667,1.1095993586338513e-05,9.668269207658554
fixed-00000003,200.0,1.0,-5.333333333333333,1.5829071609323072e-05,9.382091896469447
fixed-00000003,200.0,1.0,-5,0.000888865374171078,9.08698951744077
fixed-00000003,200.0,1.0,-4.666666666666667,2.5095890698353604e-05,8.782062336109831
fixed-00000003,200.0,1.0,-4.333333333333333,1.4325751832986915e-05,8.46624878593309
fixed-00000003,200.0,1.0,-4,0.0031042466036648583,8.138281537089384
fixed-00000003,200.0,1.0,-3.6666666666666665,1.9491054016998245e-05,7.796626930160684
fixed-00000003,200.0,1.0,-3.3333333333333335,2.179420711626615e-05,7.4393993600191095
fixed-00000003,200.0,1.0,-3,0.0032476342935466424,7.064236648516598
fixed-00000003,200.0,1.0,-2.6666666666666665,9.531208614712702e-06,6.668112195698512
fixed-00000003,200.0,1.0,-2.3333333333333335,1.948003478056418e-05,6.247039644871506
fixed-00000003,200.0,1.0,-2,0.0037353278441130964,5.795583718663309
fixed-00000003,200.0,1.0,-1.6666666666666667,1.3042486051915914e-05,5.305994553811047
fixed-00000003,200.0,1.0,-1.3333333333333333,2.3355126133193102e-05,4.766536061449727
fixed-00000003,200.0,1.0,-1,0.06171915171618874,4.157842361919549
fixed-00000003,200.0,1.0,-0.6666666666666666,9.219257254970608e-06,3.443390546684313
fixed-00000003,200.0,1.0,-0.3333333333333333,9.020497616198725e-06,2.535295068612527
fixed-00000003,200.0,1.0,0,0.729936805947802,0.9999999999999005
fixed-00000003,200.0,1.0,0.3333333333333333,0.0,0.0
fixed-00000003,200.0,1.0,0.6666666666666666,0.0,0.0
fixed-00000003,200.0,1.0,1,0.0,0.0
fixed-00000003,200.0,1.0,1.3333333333333333,0.0,0.0
fixed-00000003,200.0,1.0,1.6666666666666667,0.0,0.0
fixed-00000003,200.0,1.0,2,0.0,0.0
fixed-00000003,200.0,1.0,2.3333333333333335,0.0,0.0
fixed-00000003,200.0,1.0,2.6666666666666665,0.0,0.0
fixed-00000003,200.0,1.0,3,0.0,0.0
fixed-00000003,200.0,1.0,3.3333333333333335,0.0,0.0
fixed-00000003,200.0,1.0,3.6666666666666665,0.0,0.0
fixed-00000003,200.0,1.0,4,0.0,0.0
fixed-00000003,200.0,1.0,4.333333333333333,0.0,0.0
fixed-00000003,200.0,1.0,4.666666666666667,0.0,0.0
fixed-00000003,200.0,1.0,5,0.0,0.0
fixed-00000003,200.0,1.0,5.333333333333333,0.0,0.0
fixed-00000003,200.0,1.0,5.666666666666667,0.0,0.0
fixed-00000003,200.0,1.0,6,0.0,0.0
fixed-00000003,200.0,1.0,6.333333333333333,0.0,0.0
fixed-00000003,200.0,1.0,6.666666666666667,0.0,0.0
fixed-00000003,200.0,1.0,7,0.0,0.0
fixed-00000003,200.0,1.0,7.333333333333333,0.0,0.0
fixed-00000003,200.0,1.0,7.666666666666667,0.0,0.0
fixed-00000003,200.0,1.0,8,0.0,0.0
fixed-00000003,200.0,1.0,8.333333333333334,0.0,0.0
fixed-00000003,200.0,1.0,8.666666666666666,0.0,0.0
fixed-00000003,200.0,1.0,9,0.0,0.0
fixed-00000003,200.0,1.0,9.333333333333334,0.0,0.0
fixed-00000003,200.0,1.0,9.666666666666666,0.0,0.0
fixed-00000003,200.0,1.0,10,0.0,0.0
fixed-00000004,250.0,1.0,-10,0.0008318695122292191,11.47520357492894
fixed-00000004,250.0,1.0,-9.666666666666666,1.5963651440709986e-05,11.283185059152075
fixed-00000004,250.0,1.0,-9.333333333333334,3.912846165808695e-06,11.087885502993615
fixed-00000004,250.0,1.0,-9,0.000501277751173146,10.889128344940588
fixed-00000004,250.0,1.0,-8.666666666666666,1.7465948373512598e-05,10.686720643679735
fixed-00000004,250.0,1.0,-8.333333333333334,1.7674165224156548e-05,10.480450869119537
fixed-00000004,250.0,1.0,-8,0.0007545085079422013,10.270086295017776
fixed-00000004,250.0,1.0,-7.666666666666667,1.5394231163545478e-05,10.055369901715892
fixed-00000004,250.0,1.0,-7.333333333333333,2.551355118552968e-05,9.836016671558156
fixed-00000004,250.0,1.0,-7,0.0010585310274031224,9.61170912478832
fixed-00000004,250.0,1.0,-6.666666666666667,2.651382162166688e-05,9.382091896469547
fixed-00000004,250.0,1.0,-6.333333333333333,1.1005693510697673e-05,9.146765089951344
fixed-00000004,250.0,1.0,-6,0.0010353199253878842,8.90527605162471
fixed-00000004,250.0,1.0,-5.666666666666667,1.722076317921503e-05,8.657109082952871
fixed-00000004,250.0,1.0,-5.333333333333333,2.2636820009213487e-05,8.401672419964214
fixed-00000004,250.0,1.0,-5,0.0012408522781320642,8.138281537089412
fixed-00000004,250.0,1.0,-4.666666666666667,2.9110123040204884e-05,7.866137421553901
fixed-00000004,250.0,1.0,-4.333333333333333,2.0019690270881347e-05,7.584297832584511
fixed-00000004,250.0,1.0,-4,0.0033967266128435564,7.291638560744261
fixed-00000004,250.0,1.0,-3.6666666666666665,2.561138566390609e-05,6.9868000747582215
fixed-00000004,250.0,1.0,-3.3333333333333335,2.6576098316096073e-05,6.6681121956984555
fixed-00000004,250.0,1.0,-3,0.004180427476553446,6.333484609522728
fixed-00000004,250.0,1.0,-2.6666666666666665,1.1888872159281067e-05,5.980242127888744
fixed-00000004,250.0,1.0,-2.3333333333333335,2.7742277981180886e-05,5.6048662403147915
fixed-00000004,250.0,1.0,-2,0.003982004542963162,5.202568190854237
fixed-00000004,250.0,1.0,-1.6666666666666667,1.82182440244796e-05,4.766536061449813
fixed-00000004,250.0,1.0,-1.3333333333333333,3.060505309343763e-05,4.286487582743874
fixed-00000004,250.0,1.0,-1,0.07761469829189707,3.7455366221714144
fixed-00000004,250.0,1.0,-0.6666666666666666,1.228445866449013e-05,3.112084814132203
fixed-00000004,250.0,1.0,-0.3333333333333333,1.1808781189011942e-05,2.31128907682438
fixed-00000004,250.0,1.0,0,0.6615499593442316,0.9999999999999005
fixed-00000004,250.0,1.0,0.3333333333333333,0.0,0.0
fixed-00000004,250.0,1.0,0.6666666666666666,0.0,0.0
fixed-00000004,250.0,1.0,1,0.0,0.0
fixed-00000004,250.0,1.0,1.3333333333333333,0.0,0.0
fixed-00000004,250.0,1.0,1.6666666666666667,0.0,0.0
fixed-00000004,250.0,1.0,2,0.0,0.0
fixed-00000004,250.0,1.0,2.3333333333333335,0.0,0.0
fixed-00000004,250.0,1.0,2.6666666666666665,0.0,0.0
fixed-00000004,250.0,1.0,3,0.0,0.0
fixed-00000004,250.0,1.0,3.3333333333333335,0.0,0.0
fixed-00000004,250.0,1.0,3.6666666666666665,0.0,0.0
fixed-00000004,250.0,1.0,4,0.0,0.0
fixed-00000004,250.0,1.0,4.333333333333333,0.0,0.0
fixed-00000004,250.0,1.0,4.666666666666667,0.0,0.0
fixed-00000004,250.0,1.0,5,0.0,0.0
fixed-00000004,250.0,1.0,5.333333333333333,0.0,0.0
fixed-00000004,250.0,1.0,5.666666666666667,0.0,0.0
fixed-00000004,250.0,1.0,6,0.0,0.0
fixed-00000004,250.0,1.0,6.333333333333333,0.0,0.0
fixed-00000004,250.0,1.0,6.666666666666667,0.0,0.0
fixed-00000004,250.0,1.0,7,0.0,0.0
fixed-00000004,250.0,1.0,7.333333333333333,0.0,0.0
fixed-00000004,250.0,1.0,7.666666666666667,0.0,0.0
fixed-00000004,250.0,1.0,8,0.0,0.0
fixed-00000004,250.0,1.0,8.333333333333334,0.0,0.0
fixed-00000004,250.0,1.0,8.666666666666666,0.0,0.0
fixed-00000004,250.0,1.0,9,0.0,0.0
fixed-00000004,250.0,1.0,9.333333333333334,0.0,0.0
fixed-00000004,250.0,1.0,9.666666666666666,0.0,0.0
fixed-00000004,250.0,1.0,10,0.0,0.0
fixed-00000005,300.0,1.0,-10,0.0010979747214381187,10.480450869119537
fixed-00000005,300.0,1.0,-9.666666666666666,2.175516720932964e-05,10.305442000960483
fixed-00000005,300.0,1.0,-9.333333333333334,5.06178788573634e-06,10.127442540522367
fixed-00000005,300.0,1.0,-9,0.0006346649524919931,9.946291914593942
fixed-00000005,300.0,1.0,-8.666666666666666,2.3570977469446214e-05,9.761814680303885
fixed-00000005,300.0,1.0,-8.333333333333334,2.5320240591779492e-05,9.573818523445595
fixed-00000005,300.0,1.0,-8,0.0009932738800905933,9.382091896469547
fixed-00000005,300.0,1.0,-7.666666666666667,2.0680326971345444e-05,9.186401213546972
fixed-00000005,300.0,1.0,-7.333333333333333,3.144689349014314e-05,8.986487496754833
fixed-00000005,300.0,1.0,-7,0.0013763099721415995,8.782062336109831
fixed-00000005,300.0,1.0,-6.666666666666667,3.72126170942851e-05,8.572802983664715
fixed-00000005,300.0,1.0,-6.333333333333333,1.573395723617498e-05,8.358346343403682
fixed-00000005,300.0,1.0,-6,0.0012117045297337652,8.138281537089384
fixed-00000005,300.0,1.0,-5.666666666666667,2.6019881832352138e-05,7.912140610593141
fixed-00000005,300.0,1.0,-5.333333333333333,3.0274367068603488e-05,7.679386778529192
fixed-00000005,300.0,1.0,-5,0.00179667965022633,7.439399360019209
fixed-00000005,300.0,1.0,-4.666666666666667,3.246824777245394e-05,7.191454190661958
fixed-00000005,300.0,1.0,-4.333333333333333,2.7624322328529517e-05,6.934697730532008
fixed-00000005,300.0,1.0,-4,0.003845195345182033,6.668112195698512
fixed-00000005,300.0,1.0,-3.6666666666666665,3.31192064144591e-05,6.390467588724007
fixed-00000005,300.0,1.0,-3.3333333333333335,3.293798922832312e-05,6.100254057233414
fixed-00000005,300.0,1.0,-3,0.005334165502355914,5.795583718663437
fixed-00000005,300.0,1.0,-2.6666666666666665,1.507396404470067e-05,5.474043198523489
fixed-00000005,300.0,1.0,-2.3333333333333335,3.888458885177118e-05,5.132462777832572
fixed-00000005,300.0,1.0,-2,0.004460370400023757,4.766536061449884
fixed-00000005,300.0,1.0,-1.6666666666666667,2.504474851294705e-05,4.370151510275647
fixed-00000005,300.0,1.0,-1.3333333333333333,3.891647706641769e-05,3.9341134280419823
fixed-00000005,300.0,1.0,-1,0.0950611731906553,3.443390546684313
fixed-00000005,300.0,1.0,-0.6666666666666666,1.626225000718994e-05,2.870068623907869
fixed-00000005,300.0,1.0,-0.3333333333333333,1.5354226492931963e-05,2.149026411666185
fixed-00000005,300.0,1.0,0,0.608587248475626,0.9999999999999005
fixed-00000005,300.0,1.0,0.3333333333333333,0.0,0.0
fixed-00000005,300.0,1.0,0.6666666666666666,0.0,0.0
fixed-00000005,300.0,1.0,1,0.0,0.0
fixed-00000005,300.0,1.0,1.3333333333333333,0.0,0.0
fixed-00000005,300.0,1.0,1.6666666666666667,0.0,0.0
fixed-00000005,300.0,1.0,2,0.0,0.0
fixed-00000005,300.0,1.0,2.3333333333333335,0.0,0.0
fixed-00000005,300.0,1.0,2.6666666666666665,0.0,0.0
fixed-00000005,300.0,1.0,3,0.0,0.0
fixed-00000005,300.0,1.0,3.3333333333333335,0.0,0.0
fixed-00000005,300.0,1.0,3.6666666666666665,0.0,0.0
fixed-00000005,300.0,1.0,4,0.0,0.0
fixed-00000005,300.0,1.0,4.333333333333333,0.0,0.0
fixed-00000005,300.0,1.0,4.666666666666667,0.0,0.0
fixed-00000005,300.0,1.0,5,0.0,0.0
fixed-00000005,300.0,1.0,5.333333333333333,0.0,0.0
fixed-00000005,300.0,1.0,5.666666666666667,0.0,0.0
fixed-00000005,300.0,1.0,6,0.0,0.0
fixed-00000005,300.0,1.0,6.333333333333333,0.0,0.0
fixed-00000005,300.0,1.0,6.666666666666667,0.0,0.0
fixed-00000005,300.0,1.0,7,0.0,0.0
fixed-00000005,300.0,1.0,7.333333333333333,0.0,0.0
fixed-00000005,300.0,1.0,7.666666666666667,0.0,0.0
fixed-00000005,300.0,1.0,8,0.0,0.0
fixed-00000005,300.0,1.0,8.333333333333334,0.0,0.0
fixed-00000005,300.0,1.0,8.666666666666666,0.0,0.0
fixed-00000005,300.0,1.0,9,0.0,0.0
fixed-00000005,300.0,1.0,9.333333333333334,0.0,0.0
fixed-00000005,300.0,1.0,9.666666666666666,0.0,0.0
fixed-00000005,300.0,1.0,10,0.0,0.0
fixed-00000008,450.0,1.0,-10,0.0020473593888122293,8.572802983664758
fixed-00000008,450.0,1.0,-9.666666666666666,3.8736571006342676e-05,8.430433653370002
fixed-00000008,450.0,1.0,-9.333333333333334,1.7618926033369113e-05,8.285636371050188
fixed-00000008,450.0,1.0,-9,0.0013612648419769563,8.138281537089412
fixed-00000008,450.0,1.0,-8.666666666666666,4.509663939821897e-05,7.988227613614356
fixed-00000008,450.0,1.0,-8.333333333333334,5.679376979683967e-05,7.83531952605027
fixed-00000008,450.0,1.0,-8,0.0018186161889012736,7.679386778529235
fixed-00000008,450.0,1.0,-7.666666666666667,4.845867548126211e-05,7.520241217934796
fixed-00000008,450.0,1.0,-7.333333333333333,4.2214512813554756e-05,7.357674363040999
fixed-00000008,450.0,1.0,-7,0.002763854833226246,7.191454190661915
fixed-00000008,450.0,1.0,-6.666666666666667,7.255525320486618e-05,7.021321237469749
fixed-00000008,450.0,1.0,-6.333333333333333,4.475001070201333e-05,6.846983830487616
fixed-00000008,450.0,1.0,-6,0.0019547884858133018,6.668112195698555
fixed-00000008,450.0,1.0,-5.666666666666667,6.333804183971157e-05,6.484331104328689
fixed-00000008,450.0,1.0,-5.333333333333333,5.2447758184425617e-05,6.2952105870931945
fixed-00000008,450.0,1.0,-5,0.0040788307839766495,6.100254057233457
fixed-00000008,450.0,1.0,-4.666666666666667,3.771009170679498e-05,5.898882899663889
fixed-00000008,450.0,1.0,-4.333333333333333,5.9252979318592835e-05,5.69041614927275
fixed-00000008,450.0,1.0,-4,0.005967209637411593,5.474043198523489
fixed-00000008,450.0,1.0,-3.6666666666666665,6.403300969747973e-05,5.248786368182067
fixed-00000008,450.0,1.0,-3.3333333333333335,6.245965927190435e-05,5.0134483205834215
fixed-00000008,450.0,1.0,-3,0.008778384359141073,4.766536061449884
fixed-00000008,450.0,1.0,-2.6666666666666665,2.902417531141069e-05,4.506147371917308
fixed-00000008,450.0,1.0,-2.3333333333333335,8.656198158583873e-05,4.229794121823019
fixed-00000008,450.0,1.0,-2,0.007929383638690569,3.934113428042167
fixed-00000008,450.0,1.0,-1.6666666666666667,5.187090046018068e-05,3.614365021056443
fixed-00000008,450.0,1.0,-1.3333333333333333,6.46297518778481e-05,3.263482242663571
fixed-00000008,450.0,1.0,-1,0.14302335628530355,2.870068623907983
fixed-00000008,450.0,1.0,-0.6666666666666666,3.2039783457959806e-05,2.4134139909606915
fixed-00000008,450.0,1.0,-0.3333333333333333,2.9325383215700466e-05,1.847196746083398
fixed-00000008,450.0,1.0,0,0.4807766597925122,1.0000000000002558
fixed-00000008,450.0,1.0,0.3333333333333333,0.0,0.0
fixed-00000008,450.0,1.0,0.6666666666666666,0.0,0.0
fixed-00000008,450.0,1.0,1,0.0,0.0
fixed-00000008,450.0,1.0,1.3333333333333333,0.0,0.0
fixed-00000008,450.0,1.0,1.6666666666666667,0.0,0.0
fixed-00000008,450.0,1.0,2,0.0,0.0
fixed-00000008,450.0,1.0,2.3333333333333335,0.0,0.0
fixed-00000008,450.0,1.0,2.6666666666666665,0.0,0.0
fixed-00000008,450.0,1.0,3,0.0,0.0
fixed-00000008,450.0,1.0,3.3333333333333335,0.0,0.0
fixed-00000008,450.0,1.0,3.6666666666666665,0.0,0.0
fixed-00000008,450.0,1.0,4,0.0,0.0
fixed-00000008,450.0,1.0,4.333333333333333,0.0,0.0
fixed-00000008,450.0,1.0,4.666666666666667,0.0,0.0
fixed-00000008,450.0,1.0,5,0.0,0.0
fixed-00000008,450.0,1.0,5.333333333333333,0.0,0.0
fixed-00000008,450.0,1.0,5.666666666666667,0.0,0.0
fixed-00000008,450.0,1.0,6,0.0,0.0
fixed-00000008,450.0,1.0,6.333333333333333,0.0,0.0
fixed-00000008,450.0,1.0,6.666666666666667,0.0,0.0
fixed-00000008,450.0,1.0,7,0.0,0.0
fixed-00000008,450.0,1.0,7.333333333333333,0.0,0.0
fixed-00000008,450.0,1.0,7.666666666666667,0.0,0.0
fixed-00000008,450.0,1.0,8,0.0,0.0
fixed-00000008,450.0,1.0,8.333333333333334,0.0,0.0
fixed-00000008,450.0,1.0,8.666666666666666,0.0,0.0
fixed-00000008,450.0,1.0,9,0.0,0.0
fixed-00000008,450.0,1.0,9.333333333333334,0.0,0.0
fixed-00000008,450.0,1.0,9.666666666666666,0.0,0.0
fixed-00000008,450.0,1.0,10,0.0,0.0
fixed-00000007,400.0,1.0,-10,0.0018070256371178278,9.08698951744077
fixed-00000007,400.0,1.0,-9.666666666666666,3.446978469739092e-05,8.935816133088622
fixed-00000007,400.0,1.0,-9.333333333333334,1.241425055110886e-05,8.782062336109831
fixed-00000007,400.0,1.0,-9,0.0011133612755155648,8.625590130387735
fixed-00000007,400.0,1.0,-8.666666666666666,3.87563751782461e-05,8.46624878593309
fixed-00000007,400.0,1.0,-8.333333333333334,4.673048531217929e-05,8.303873130869249
fixed-00000007,400.0,1.0,-8,0.0015679871828042679,8.138281537089384
fixed-00000007,400.0,1.0,-7.666666666666667,3.806192763409009e-05,7.969273529636183
fixed-00000007,400.0,1.0,-7.333333333333333,4.118102614352611e-05,7.796626930160684
fixed-00000007,400.0,1.0,-7,0.0023221482537819226,7.620094418422823
fixed-00000007,400.0,1.0,-6.666666666666667,6.281369721378174e-05,7.4393993600191095
fixed-00000007,400.0,1.0,-6.333333333333333,3.360291090838685e-05,7.254230699369202
fixed-00000007,400.0,1.0,-6,0.0016934783473245669,7.064236648516598
fixed-00000007,400.0,1.0,-5.666666666666667,5.103698368680184e-05,6.86901680539124
fixed-00000007,400.0,1.0,-5.333333333333333,4.663609147410018e-05,6.668112195698512
fixed-00000007,400.0,1.0,-5,0.0032956566720066987,6.46099252797751
fixed-00000007,400.0,1.0,-4.666666666666667,3.702262276060128e-05,6.247039644871506
fixed-00000007,400.0,1.0,-4.333333333333333,4.851726013245621e-05,6.025525683615655
fixed-00000007,400.0,1.0,-4,0.0051652368968015845,5.795583718663309
fixed-00000007,400.0,1.0,-3.6666666666666665,5.330658221320012e-05,5.556167458648289
fixed-00000007,400.0,1.0,-3.3333333333333335,5.169504993952018e-05,5.305994553811047
fixed-00000007,400.0,1.0,-3,0.0077861836466806954,5.043464547841566
fixed-00000007,400.0,1.0,-2.6666666666666665,2.38863477617816e-05,4.766536061449727
fixed-00000007,400.0,1.0,-2.3333333333333335,6.960290591391728e-05,4.4725353235286605
fixed-00000007,400.0,1.0,-2,0.006335846733196136,4.157842361919549
fixed-00000007,400.0,1.0,-1.6666666666666667,4.261424191459651e-05,3.817343128427737
fixed-00000007,400.0,1.0,-1.3333333333333333,5.690846657410048e-05,3.443390546684313
fixed-00000007,400.0,1.0,-1,0.12937904953341633,3.0235976374505924
fixed-00000007,400.0,1.0,-0.6666666666666666,2.640133626578457e-05,2.535295068612527
fixed-00000007,400.0,1.0,-0.3333333333333333,2.4157045383074458e-05,1.927089403331152
fixed-00000007,400.0,1.0,0,0.52082067038451,0.9999999999999005
fixed-00000007,400.0,1.0,0.3333333333333333,0.0,0.0
fixed-00000007,400.0,1.0,0.6666666666666666,0.0,0.0
fixed-00000007,400.0,1.0,1,0.0,0.0
fixed-00000007,400.0,1.0,1.3333333333333333,0.0,0.0
fixed-00000007,400.0,1.0,1.6666666666666667,0.0,0.0
fixed-00000007,400.0,1.0,2,0.0,0.0
fixed-00000007,400.0,1.0,2.3333333333333335,0.0,0.0
fixed-00000007,400.0,1.0,2.6666666666666665,0.0,0.0
fixed-00000007,400.0,1.0,3,0.0,0.0
fixed-00000007,400.0,1.0,3.3333333333333335,0.0,0.0
fixed-00000007,400.0,1.0,3.6666666666666665,0.0,0.0
fixed-00000007,400.0,1.0,4,0.0,0.0
fixed-00000007,400.0,1.0,4.333333333333333,0.0,0.0
fixed-00000007,400.0,1.0,4.666666666666667,0.0,0.0
fixed-00000007,400.0,1.0,5,0.0,0.0
fixed-00000007,400.0,1.0,5.333333333333333,0.0,0.0
fixed-00000007,400.0,1.0,5.666666666666667,0.0,0.0
fixed-00000007,400.0,1.0,6,0.0,0.0
fixed-00000007,400.0,1.0,6.333333333333333,0.0,0.0
fixed-00000007,400.0,1.0,6.666666666666667,0.0,0.0
fixed-00000007,400.0,1.0,7,0.0,0.0
fixed-00000007,400.0,1.0,7.333333333333333,0.0,0.0
fixed-00000007,400.0,1.0,7.666666666666667,0.0,0.0
fixed-00000007,400.0,1.0,8,0.0,0.0
fixed-00000007,400.0,1.0,8.333333333333334,0.0,0.0
fixed-00000007,400.0,1.0,8.666666666666666,0.0,0.0
fixed-00000007,400.0,1.0,9,0.0,0.0
fixed-00000007,400.0,1.0,9.333333333333334,0.0,0.0
fixed-00000007,400.0,1.0,9.666666666666666,0.0,0.0
fixed-00000007,400.0,1.0,10,0.0,0.0
fixed-00000006,350.0,1.0,-10,0.001423737049792772,9.708469435091871
fixed-00000006,350.0,1.0,-9.666666666666666,2.812110434515814e-05,9.546662596620564
fixed-00000006,350.0,1.0,-9.333333333333334,7.918445602718379e-06,9.382091896469547
fixed-00000006,350.0,1.0,-9,0.0008266694072988571,9.214609239931832
fixed-00000006,350.0,1.0,-8.666666666666666,3.0655833427949514e-05,9.044052842537482
fixed-00000006,350.0,1.0,-8.333333333333334,3.520022180281681e-05,8.870245390529902
fixed-00000006,350.0,1.0,-8,0.0012526109676036534,8.692991870815689
fixed-00000006,350.0,1.0,-7.666666666666667,2.8091435029040205e-05,8.512076994769913
fixed-00000006,350.0,1.0,-7.333333333333333,3.690697897840126e-05,8.327262118939586
fixed-00000006,350.0,1.0,-7,0.0017878010851669081,8.138281537089412
fixed-00000006,350.0,1.0,-6.666666666666667,4.9560895997309814e-05,7.944837979227216
fixed-00000006,350.0,1.0,-6.333333333333333,2.3172506418632653e-05,7.746597099916272
fixed-00000006,350.0,1.0,-6,0.0014060274048771412,7.5431806638187595
fixed-00000006,350.0,1.0,-5.666666666666667,3.7377281297095946e-05,7.3341580311114
fixed-00000006,350.0,1.0,-5.333333333333333,3.837438061454753e-05,7.119035393708572
fixed-00000006,350.0,1.0,-5,0.0024597836998973745,6.897241990486336
fixed-00000006,350.0,1.0,-4.666666666666667,3.491270018817489e-05,6.668112195698555
fixed-00000006,350.0,1.0,-4.333333333333333,3.707641071076444e-05,6.430861861992412
fixed-00000006,350.0,1.0,-4,0.004378473326912105,6.184556490979958
fixed-00000006,350.0,1.0,-3.6666666666666665,4.2179896202143594e-05,5.928067490742322
fixed-00000006,350.0,1.0,-3.3333333333333335,4.107877234846375e-05,5.660010570330783
fixed-00000006,350.0,1.0,-3,0.006494777389563181,5.378656453875976
fixed-00000006,350.0,1.0,-2.6666666666666665,1.900579712406633e-05,5.081797001742743
fixed-00000006,350.0,1.0,-2.3333333333333335,5.266311358589046e-05,4.766536061449884
fixed-00000006,350.0,1.0,-2,0.005158297842957137,4.428945793077645
fixed-00000006,350.0,1.0,-1.6666666666666667,3.299616585133316e-05,4.06346465721613
fixed-00000006,350.0,1.0,-1.3333333333333333,4.7590471064592556e-05,3.6617507270784415
fixed-00000006,350.0,1.0,-1,0.11204521609699016,3.2102306386706374
fixed-00000006,350.0,1.0,-0.6666666666666666,2.0842431817145075e-05,2.6838837408036937
fixed-00000006,350.0,1.0,-0.3333333333333333,1.929368950616301e-05,2.0251843729778187
fixed-00000006,350.0,1.0,0,0.5608655459433058,1.0000000000002558
fixed-00000006,350.0,1.0,0.3333333333333333,0.0,0.0
fixed-00000006,350.0,1.0,0.6666666666666666,0.0,0.0
fixed-00000006,350.0,1.0,1,0.0,0.0
fixed-00000006,350.0,1.0,1.3333333333333333,0.0,0.0
fixed-00000006,350.0,1.0,1.6666666666666667,0.0,0.0
fixed-00000006,350.0,1.0,2,0.0,0.0
fixed-00000006,350.0,1.0,2.3333333333333335,0.0,0.0
fixed-00000006,350.0,1.0,2.6666666666666665,0.0,0.0
fixed-00000006,350.0,1.0,3,0.0,0.0
fixed-00000006,350.0,1.0,3.3333333333333335,0.0,0.0
fixed-00000006,350.0,1.0,3.6666666666666665,0.0,0.0
fixed-00000006,350.0,1.0,4,0.0,0.0
fixed-00000006,350.0,1.0,4.333333333333333,0.0,0.0
fixed-00000006,350.0,1.0,4.666666666666667,0.0,0.0
fixed-00000006,350.0,1.0,5,0.0,0.0
fixed-00000006,350.0,1.0,5.333333333333333,0.0,0.0
fixed-00000006,350.0,1.0,5.666666666666667,0.0,0.0
fixed-00000006,350.0,1.0,6,0.0,0.0
fixed-00000006,350.0,1.0,6.333333333333333,0.0,0.0
fixed-00000006,350.0,1.0,6.666666666666667,0.0,0.0
fixed-00000006,350.0,1.0,7,0.0,0.0
fixed-00000006,350.0,1.0,7.333333333333333,0.0,0.0
fixed-00000006,350.0,1.0,7.666666666666667,0.0,0.0
fixed-00000006,350.0,1.0,8,0.0,0.0
fixed-00000006,350.0,1.0,8.333333333333334,0.0,0.0
fixed-00000006,350.0,1.0,8.666666666666666,0.0,0.0
fixed-00000006,350.0,1.0,9,0.0,0.0
fixed-00000006,350.0,1.0,9.333333333333334,0.0,0.0
fixed-00000006,350.0,1.0,9.666666666666666,0.0,0.0
fixed-00000006,350.0,1.0,10,0.0,0.0
fixed-00000010,550.0,1.0,-10,0.0024322421188124146,7.764826833112082
fixed-00000010,550.0,1.0,-9.666666666666666,4.7705512619673867e-05,7.636310447863309
fixed-00000010,550.0,1.0,-9.333333333333334,3.0987328181943684e-05,7.505607095764347
fixed-00000010,550.0,1.0,-9,0.0018885816049746377,7.3726004611447
fixed-00000010,550.0,1.0,-8.666666666666666,5.6549377114280426e-05,7.237163550669479
fixed-00000010,550.0,1.0,-8.333333333333334,7.70860492765879e-05,7.099157268743724
fixed-00000010,550.0,1.0,-8,0.0022994160418988506,6.958428738824992
fixed-00000010,550.0,1.0,-7.666666666666667,7.412148500027698e-05,6.814809312958602
fixed-00000010,550.0,1.0,-7.333333333333333,4.336298934634107e-05,6.6681121956984555
fixed-00000010,550.0,1.0,-7,0.0035761957383648943,6.518129586978731
fixed-00000010,550.0,1.0,-6.666666666666667,8.751384053493747e-05,6.364629219264941
fixed-00000010,550.0,1.0,-6.333333333333333,7.054012321748126e-05,6.207350124225073
fixed-00000010,550.0,1.0,-6,0.0025971568531958996,6.045997408429116
fixed-00000010,550.0,1.0,-5.666666666666667,8.551984923049394e-05,5.88023573888627
fixed-00000010,550.0,1.0,-5.333333333333333,6.148443451164697e-05,5.709681126234543
fixed-00000010,550.0,1.0,-5,0.005536421869596597,5.533890428088924
fixed-00000010,550.0,1.0,-4.666666666666667,4.0048141607577254e-05,5.352347748183732
fixed-00000010,550.0,1.0,-4.333333333333333,8.126224505629452e-05,5.164446529653205
fixed-00000010,550.0,1.0,-4,0.007989328424484934,4.969465549007921
fixed-00000010,550.0,1.0,-3.6666666666666665,8.820822033047578e-05,4.766536061449813
fixed-00000010,550.0,1.0,-3.3333333333333335,9.0742889236916e-05,4.554595751201461
fixed-00000010,550.0,1.0,-3,0.01024673313149877,4.332322366851486
fixed-00000010,550.0,1.0,-2.6666666666666665,4.36747004324371e-05,4.098034880007361
fixed-00000010,550.0,1.0,-2.3333333333333335,0.00012354438792985237,3.8495403324900224
fixed-00000010,550.0,1.0,-2,0.012629234437351911,3.5838847252344834
fixed-00000010,550.0,1.0,-1.6666666666666667,7.002600593620029e-05,3.2969223052711527
fixed-00000010,550.0,1.0,-1.3333333333333333,7.745533023663038e-05,2.9825092813767924
fixed-00000010,550.0,1.0,-1,0.16287222326375023,2.630822011397143
fixed-00000010,550.0,1.0,-0.6666666666666666,4.3751733030206984e-05,2.2242493488466692
fixed-00000010,550.0,1.0,-0.3333333333333333,4.028712217648932e-05,1.7243966180913333
fixed-00000010,550.0,1.0,0,0.40931535054886964,0.9999999999999005
fixed-00000010,550.0,1.0,0.3333333333333333,0.0,0.0
fixed-00000010,550.0,1.0,0.6666666666666666,0.0,0.0
fixed-00000010,550.0,1.0,1,0.0,0.0
fixed-00000010,550.0,1.0,1.3333333333333333,0.0,0.0
fixed-00000010,550.0,1.0,1.6666666666666667,0.0,0.0
fixed-00000010,550.0,1.0,2,0.0,0.0
fixed-00000010,550.0,1.0,2.3333333333333335,0.0,0.0
fixed-00000010,550.0,1.0,2.6666666666666665,0.0,0.0
fixed-00000010,550.0,1.0,3,0.0,0.0
fixed-00000010,550.0,1.0,3.3333333333333335,0.0,0.0
fixed-00000010,550.0,1.0,3.6666666666666665,0.0,0.0
fixed-00000010,550.0,1.0,4,0.0,0.0
fixed-00000010,550.0,1.0,4.333333333333333,0.0,0.0
fixed-00000010,550.0,1.0,4.666666666666667,0.0,0.0
fixed-00000010,550.0,1.0,5,0.0,0.0
fixed-00000010,550.0,1.0,5.333333333333333,0.0,0.0
fixed-00000010,550.0,1.0,5.666666666666667,0.0,0.0
fixed-00000010,550.0,1.0,6,0.0,0.0
fixed-00000010,550.0,1.0,6.333333333333333,0.0,0.0
fixed-00000010,550.0,1.0,6.666666666666667,0.0,0.0
fixed-00000010,550.0,1.0,7,0.0,0.0
fixed-00000010,550.0,1.0,7.333333333333333,0.0,0.0
fixed-00000010,550.0,1.0,7.666666666666667,0.0,0.0
fixed-00000010,550.0,1.0,8,0.0,0.0
fixed-00000010,550.0,1.0,8.333333333333334,0.0,0.0
fixed-00000010,550.0,1.0,8.666666666666666,0.0,0.0
fixed-00000010,550.0,1.0,9,0.0,0.0
fixed-00000010,550.0,1.0,9.333333333333334,0.0,0.0
fixed-00000010,550.0,1.0,9.666666666666666,0.0,0.0
fixed-00000010,550.0,1.0,10,0.0,0.0
fixed-00000009,500.0,1.0,-10,0.002184265437287137,8.138281537089412
fixed-00000009,500.0,1.0,-9.666666666666666,4.208923601025238e-05,8.003358770462143
fixed-00000009,500.0,1.0,-9.333333333333334,2.3376681723523686e-05,7.866137421553901
fixed-00000009,500.0,1.0,-9,0.001580992708761663,7.726495019799344
fixed-00000009,500.0,1.0,-8.666666666666666,5.007896482062285e-05,7.584297832584511
fixed-00000009,500.0,1.0,-8.333333333333334,6.56483159167562e-05,7.439399360019152
fixed-00000009,500.0,1.0,-8,0.0020347143694057373,7.291638560744261
fixed-00000009,500.0,1.0,-7.666666666666667,5.949572681468343e-05,7.14083774759203
fixed-00000009,500.0,1.0,-7.333333333333333,4.1813776712257175e-05,6.9868000747582215
fixed-00000009,500.0,1.0,-7,0.0031352904831903313,6.8293065151785015
fixed-00000009,500.0,1.0,-6.666666666666667,7.932484693845311e-05,6.6681121956984555
fixed-00000009,500.0,1.0,-6.333333333333333,5.62520429272717e-05,6.502941914956139
fixed-00000009,500.0,1.0,-6,0.0022324530299654304,6.333484609522728
fixed-00000009,500.0,1.0,-5.666666666666667,7.410519762836937e-05,6.159386449959129
fixed-00000009,500.0,1.0,-5.333333333333333,5.656077183730981e-05,5.980242127888744
fixed-00000009,500.0,1.0,-5,0.004819928389343738,5.79558371866338
fixed-00000009,500.0,1.0,-4.666666666666667,3.820417835376222e-05,5.6048662403147915
fixed-00000009,500.0,1.0,-4.333333333333333,6.94307146528208e-05,5.407448625724925
fixed-00000009,500.0,1.0,-4,0.006878142733896856,5.202568190854237
fixed-00000009,500.0,1.0,-3.6666666666666665,7.483312537680766e-05,4.989305656111114
fixed-00000009,500.0,1.0,-3.3333333333333335,7.44066190810343e-05,4.766536061449813
fixed-00000009,500.0,1.0,-3,0.009560008929079307,4.532857928715643
fixed-00000009,500.0,1.0,-2.6666666666666665,3.514837060603205e-05,4.286487582743874
fixed-00000009,500.0,1.0,-2.3333333333333335,0.00010380483836305435,4.025095073023891
fixed-00000009,500.0,1.0,-2,0.010056845110366816,3.7455366221714144
fixed-00000009,500.0,1.0,-1.6666666666666667,6.076433236377235e-05,3.443390546684313
fixed-00000009,500.0,1.0,-1.3333333333333333,7.106395625201067e-05,3.112084814132203
fixed-00000009,500.0,1.0,-1,0.1537055214192255,2.7410663663429062
fixed-00000009,500.0,1.0,-0.6666666666666666,3.7772129426727545e-05,2.31128907682438
fixed-00000009,500.0,1.0,-0.3333333333333333,3.4758750266115336e-05,1.780704619766368
fixed-00000009,500.0,1.0,0,0.4434081666933848,0.9999999999999005
fixed-00000009,500.0,1.0,0.3333333333333333,0.0,0.0
fixed-00000009,500.0,1.0,0.6666666666666666,0.0,0.0
fixed-00000009,500.0,1.0,1,0.0,0.0
fixed-00000009,500.0,1.0,1.3333333333333333,0.0,0.0
fixed-00000009,500.0,1.0,1.6666666666666667,0.0,0.0
fixed-00000009,500.0,1.0,2,0.0,0.0
fixed-00000009,500.0,1.0,2.3333333333333335,0.0,0.0
fixed-00000009,500.0,1.0,2.6666666666666665,0.0,0.0
fixed-00000009,500.0,1.0,3,0.0,0.0
fixed-00000009,500.0,1.0,3.3333333333333335,0.0,0.0
fixed-00000009,500.0,1.0,3.6666666666666665,0.0,0.0
fixed-00000009,500.0,1.0,4,0.0,0.0
fixed-00000009,500.0,1.0,4.333333333333333,0.0,0.0
fixed-00000009,500.0,1.0,4.666666666666667,0.0,0.0
fixed-00000009,500.0,1.0,5,0.0,0.0
fixed-00000009,500.0,1.0,5.333333333333333,0.0,0.0
fixed-00000009,500.0,1.0,5.666666666666667,0.0,0.0
fixed-00000009,500.0,1.0,6,0.0,0.0
fixed-00000009,500.0,1.0,6.333333333333333,0.0,0.0
fixed-00000009,500.0,1.0,6.666666666666667,0.0,0.0
fixed-00000009,500.0,1.0,7,0.0,0.0
fixed-00000009,500.0,1.0,7.333333333333333,0.0,0.0
fixed-00000009,500.0,1.0,7.666666666666667,0.0,0.0
fixed-00000009,500.0,1.0,8,0.0,0.0
fixed-00000009,500.0,1.0,8.333333333333334,0.0,0.0
fixed-00000009,500.0,1.0,8.666666666666666,0.0,0.0
fixed-00000009,500.0,1.0,9,0.0,0.0
fixed-00000009,500.0,1.0,9.333333333333334,0.0,0.0
fixed-00000009,500.0,1.0,9.666666666666666,0.0,0.0
fixed-00000009,500.0,1.0,10,0.0,0.0
fixed-00000011,600.0,1.0,-10,0.00242353919427337,7.439399360019209
fixed-00000011,600.0,1.0,-9.666666666666666,5.1248346152841764e-05,7.316471451544174
fixed-00000011,600.0,1.0,-9.333333333333334,3.73232583926372e-05,7.191454190661958
fixed-00000011,600.0,1.0,-9,0.0020786892079207747,7.064236648516598
fixed-00000011,600.0,1.0,-8.666666666666666,5.9853369275263875e-05,6.934697730532008
fixed-00000011,600.0,1.0,-8.333333333333334,8.356866873886658e-05,6.802704822511686
fixed-00000011,600.0,1.0,-8,0.002509370429259937,6.668112195698512
fixed-00000011,600.0,1.0,-7.666666666666667,8.632896151145167e-05,6.530759116174963
fixed-00000011,600.0,1.0,-7.333333333333333,4.3665529812943994e-05,6.390467588724007
fixed-00000011,600.0,1.0,-7,0.0038482628583059062,6.247039644871506
fixed-00000011,600.0,1.0,-6.666666666666667,8.981726504290568e-05,6.100254057233414
fixed-00000011,600.0,1.0,-6.333333333333333,8.160460743092141e-05,5.949862324477024
fixed-00000011,600.0,1.0,-6,0.0029971198123552034,5.795583718663437
fixed-00000011,600.0,1.0,-5.666666666666667,9.266171959768519e-05,5.637099112605966
fixed-00000011,600.0,1.0,-5.333333333333333,6.410555024230696e-05,5.474043198523489
fixed-00000011,600.0,1.0,-5,0.006224405897386496,5.305994553811189
fixed-00000011,600.0,1.0,-4.666666666666667,4.2277523593294266e-05,5.132462777832572
fixed-00000011,600.0,1.0,-4.333333333333333,9.0435846631772e-05,4.952871569582541
fixed-00000011,600.0,1.0,-4,0.009252439955314768,4.766536061449884
fixed-00000011,600.0,1.0,-3.6666666666666665,9.94070029308871e-05,4.572631829703909
fixed-00000011,600.0,1.0,-3.3333333333333335,0.0001066427471749322,4.370151510275647
fixed-00000011,600.0,1.0,-3,0.010775713865820486,4.157842361919549
fixed-00000011,600.0,1.0,-2.6666666666666665,5.3560021353810974e-05,3.9341134280419823
fixed-00000011,600.0,1.0,-2.3333333333333335,0.00014183616955895545,3.6968919730516774
fixed-00000011,600.0,1.0,-2,0.016007880933769533,3.443390546684313
fixed-00000011,600.0,1.0,-1.6666666666666667,7.824157248362131e-05,3.169705509623043
fixed-00000011,600.0,1.0,-1.3333333333333333,8.188737702278293e-05,2.870068623907869
fixed-00000011,600.0,1.0,-1,0.16871657707536394,2.535295068612527
fixed-00000011,600.0,1.0,-0.6666666666666666,4.953163849511919e-05,2.149026411666185
fixed-00000011,600.0,1.0,-0.3333333333333333,4.6105508502535665e-05,1.67602928632202
fixed-00000011,600.0,1.0,0,0.37932583699695294,0.9999999999999005
fixed-00000011,600.0,1.0,0.3333333333333333,0.0,0.0
fixed-00000011,600.0,1.0,0.6666666666666666,0.0,0.0
fixed-00000011,600.0,1.0,1,0.0,0.0
fixed-00000011,600.0,1.0,1.3333333333333333,0.0,0.0
fixed-00000011,600.0,1.0,1.6666666666666667,0.0,0.0
fixed-00000011,600.0,1.0,2,0.0,0.0
fixed-00000011,600.0,1.0,2.3333333333333335,0.0,0.0
fixed-00000011,600.0,1.0,2.6666666666666665,0.0,0.0
fixed-00000011,600.0,1.0,3,0.0,0.0
fixed-00000011,600.0,1.0,3.3333333333333335,0.0,0.0
fixed-00000011,600.0,1.0,3.6666666666666665,0.0,0.0
fixed-00000011,600.0,1.0,4,0.0,0.0
fixed-00000011,600.0,1.0,4.333333333333333,0.0,0.0
fixed-00000011,600.0,1.0,4.666666666666667,0.0,0.0
fixed-00000011,600.0,1.0,5,0.0,0.0
fixed-00000011,600.0,1.0,5.333333333333333,0.0,0.0
fixed-00000011,600.0,1.0,5.666666666666667,0.0,0.0
fixed-00000011,600.0,1.0,6,0.0,0.0
fixed-00000011,600.0,1.0,6.333333333333333,0.0,0.0
fixed-00000011,600.0,1.0,6.666666666666667,0.0,0.0
fixed-00000011,600.0,1.0,7,0.0,0.0
fixed-00000011,600.0,1.0,7.333333333333333,0.0,0.0
fixed-00000011,600.0,1.0,7.666666666666667,0.0,0.0
fixed-00000011,600.0,1.0,8,0.0,0.0
fixed-00000011,600.0,1.0,8.333333333333334,0.0,0.0
fixed-00000011,600.0,1.0,8.666666666666666,0.0,0.0
fixed-00000011,600.0,1.0,9,0.0,0.0
fixed-00000011,600.0,1.0,9.333333333333334,0.0,0.0
fixed-00000011,600.0,1.0,9.666666666666666,0.0,0.0
fixed-00000011,600.0,1.0,10,0.0,0.0
fixed-00000013,700.0,1.0,-10,0.002281828927850439,6.897241990486336
fixed-00000013,700.0,1.0,-9.666666666666666,5.915450971250121e-05,6.783640047675817
fixed-00000013,700.0,1.0,-9.333333333333334,5.0019446086449385e-05,6.668112195698555
fixed-00000013,700.0,1.0,-9,0.0023575877831106483,6.550556535596158
fixed-00000013,700.0,1.0,-8.666666666666666,6.565735727308488e-05,6.430861861992412
fixed-00000013,700.0,1.0,-8.333333333333334,9.2422089021021e-05,6.308906427990252
fixed-00000013,700.0,1.0,-8,0.0028859876777518924,6.184556490979958
fixed-00000013,700.0,1.0,-7.666666666666667,0.00010973108276962476,6.057664589901904
fixed-00000013,700.0,1.0,-7.333333333333333,4.943987716208926e-05,5.928067490742322
fixed-00000013,700.0,1.0,-7,0.00417749419524946,5.79558371866338
fixed-00000013,700.0,1.0,-6.666666666666667,9.086485887047584e-05,5.660010570330783
fixed-00000013,700.0,1.0,-6.333333333333333,0.00010021161608103163,5.521120466015105
fixed-00000013,700.0,1.0,-6,0.003915537393393849,5.378656453875976
fixed-00000013,700.0,1.0,-5.666666666666667,9.95698605865753e-05,5.232326612394644
fixed-00000013,700.0,1.0,-5.333333333333333,6.924267898768048e-05,5.081797001742743
fixed-00000013,700.0,1.0,-5,0.007374864403108952,4.926682676009165
fixed-00000013,700.0,1.0,-4.666666666666667,5.157210387105797e-05,4.766536061449884
fixed-00000013,700.0,1.0,-4.333333333333333,0.0001065246094532157,4.60083169098786
fixed-00000013,700.0,1.0,-4,0.01203564218091847,4.428945793077645
fixed-00000013,700.0,1.0,-3.6666666666666665,0.00011981421729255626,4.250128441543438
fixed-00000013,700.0,1.0,-3.3333333333333335,0.00014343004356091518,4.06346465721613
fixed-00000013,700.0,1.0,-3,0.011466109551188009,3.8678185799451796
fixed-00000013,700.0,1.0,-2.6666666666666665,8.050319373348333e-05,3.6617507270784415
fixed-00000013,700.0,1.0,-2.3333333333333335,0.00017797307416010804,3.4433905466842134
fixed-00000013,700.0,1.0,-2,0.024141308459392347,3.2102306386706374
fixed-00000013,700.0,1.0,-1.6666666666666667,9.240272305963143e-05,2.9587742822907046
fixed-00000013,700.0,1.0,-1.3333333333333333,8.792369205156505e-05,2.6838837408036937
fixed-00000013,700.0,1.0,-1,0.17306697634053456,2.3774441680474325
fixed-00000013,700.0,1.0,-0.6666666666666666,5.958006847044931e-05,2.0251843729778187
fixed-00000013,700.0,1.0,-0.3333333333333333,5.683395005911221e-05,1.5970675715772416
fixed-00000013,700.0,1.0,0,0.3270930419016934,1.0000000000002558
fixed-00000013,700.0,1.0,0.3333333333333333,0.0,0.0
fixed-00000013,700.0,1.0,0.6666666666666666,0.0,0.0
fixed-00000013,700.0,1.0,1,0.0,0.0
fixed-00000013,700.0,1.0,1.3333333333333333,0.0,0.0
fixed-00000013,700.0,1.0,1.6666666666666667,0.0,0.0
fixed-00000013,700.0,1.0,2,0.0,0.0
fixed-00000013,700.0,1.0,2.3333333333333335,0.0,0.0
fixed-00000013,700.0,1.0,2.6666666666666665,0.0,0.0
fixed-00000013,700.0,1.0,3,0.0,0.0
fixed-00000013,700.0,1.0,3.3333333333333335,0.0,0.0
fixed-00000013,700.0,1.0,3.6666666666666665,0.0,0.0
fixed-00000013,700.0,1.0,4,0.0,0.0
fixed-00000013,700.0,1.0,4.333333333333333,0.0,0.0
fixed-00000013,700.0,1.0,4.666666666666667,0.0,0.0
fixed-00000013,700.0,1.0,5,0.0,0.0
fixed-00000013,700.0,1.0,5.333333333333333,0.0,0.0
fixed-00000013,700.0,1.0,5.666666666666667,0.0,0.0
fixed-00000013,700.0,1.0,6,0.0,0.0
fixed-00000013,700.0,1.0,6.333333333333333,0.0,0.0
fixed-00000013,700.0,1.0,6.666666666666667,0.0,0.0
fixed-00000013,700.0,1.0,7,0.0,0.0
fixed-00000013,700.0,1.0,7.333333333333333,0.0,0.0
fixed-00000013,700.0,1.0,7.666666666666667,0.0,0.0
fixed-00000013,700.0,1.0,8,0.0,0.0
fixed-00000013,700.0,1.0,8.333333333333334,0.0,0.0
fixed-00000013,700.0,1.0,8.666666666666666,0.0,0.0
fixed-00000013,700.0,1.0,9,0.0,0.0
fixed-00000013,700.0,1.0,9.333333333333334,0.0,0.0
fixed-00000013,700.0,1.0,9.666666666666666,0.0,0.0
fixed-00000013,700.0,1.0,10,0.0,0.0
fixed-00000016,850.0,1.0,-10,0.0017625827507901889,6.272587806074569
fixed-00000016,850.0,1.0,-9.666666666666666,6.50560682982558e-05,6.16976297205251
fixed-00000016,850.0,1.0,-9.333333333333334,6.362157723807572e-05,6.065202027736419
fixed-00000016,850.0,1.0,-9,0.002367457176068567,5.958813580720829
fixed-00000016,850.0,1.0,-8.666666666666666,7.338655119105045e-05,5.850497934015351
fixed-00000016,850.0,1.0,-8.333333333333334,9.144853203054426e-05,5.740145989667283
fixed-00000016,850.0,1.0,-8,0.0032298127267755983,5.6276379589619125
fixed-00000016,850.0,1.0,-7.666666666666667,0.00012899021266153175,5.512841835779753
fixed-00000016,850.0,1.0,-7.333333333333333,6.84796284607392e-05,5.395611577685912
fixed-00000016,850.0,1.0,-7,0.004129691088500456,5.2757849233078105
fixed-00000016,850.0,1.0,-6.666666666666667,8.845546406800023e-05,5.153180752952792
fixed-00000016,850.0,1.0,-6.333333333333333,0.00011141066674204702,5.0275958699080405
fixed-00000016,850.0,1.0,-6,0.005407787590000987,4.898801038988552
fixed-00000016,850.0,1.0,-5.666666666666667,9.018539202547251e-05,4.766536061449884
fixed-00000016,850.0,1.0,-5.333333333333333,7.717501035791601e-05,4.630503583272187
fixed-00000016,850.0,1.0,-5,0.009102240944376004,4.490361214362096
fixed-00000016,850.0,1.0,-4.666666666666667,8.050878426443534e-05,4.345711358848064
fixed-00000016,850.0,1.0,-4.333333333333333,0.00012636176696308784,4.196087887388984
fixed-00000016,850.0,1.0,-4,0.016253039293931473,4.040938363219041
fixed-00000016,850.0,1.0,-3.6666666666666665,0.00013815844900492375,3.879599862283257
fixed-00000016,850.0,1.0,-3.3333333333333335,0.00020356940527788104,3.711265317119711
fixed-00000016,850.0,1.0,-3,0.01267778527441955,3.5349354068072927
fixed-00000016,850.0,1.0,-2.6666666666666665,0.00013647651073326315,3.3493475942714923
fixed-00000016,850.0,1.0,-2.3333333333333335,0.0002238637736681476,3.152867452336338
fixed-00000016,850.0,1.0,-2,0.03857916914928794,2.9433144432164084
fixed-00000016,850.0,1.0,-1.6666666666666667,0.00010918265570829915,2.717666188714361
fixed-00000016,850.0,1.0,-1.3333333333333333,9.24078343046479e-05,2.4715181496422076
fixed-00000016,850.0,1.0,-1,0.16628227944982485,2.1979939151273555
fixed-00000016,850.0,1.0,-0.6666666666666666,6.952033303614595e-05,1.8852149376581622
fixed-00000016,850.0,1.0,-0.3333333333333333,7.162280906760802e-05,1.5089653017277271
fixed-00000016,850.0,1.0,0,0.2677985685787826,0.9999999999999005
fixed-00000016,850.0,1.0,0.3333333333333333,0.0,0.0
fixed-00000016,850.0,1.0,0.6666666666666666,0.0,0.0
fixed-00000016,850.0,1.0,1,0.0,0.0
fixed-00000016,850.0,1.0,1.3333333333333333,0.0,0.0
fixed-00000016,850.0,1.0,1.6666666666666667,0.0,0.0
fixed-00000016,850.0,1.0,2,0.0,0.0
fixed-00000016,850.0,1.0,2.3333333333333335,0.0,0.0
fixed-00000016,850.0,1.0,2.6666666666666665,0.0,0.0
fixed-00000016,850.0,1.0,3,0.0,0.0
fixed-00000016,850.0,1.0,3.3333333333333335,0.0,0.0
fixed-00000016,850.0,1.0,3.6666666666666665,0.0,0.0
fixed-00000016,850.0,1.0,4,0.0,0.0
fixed-00000016,850.0,1.0,4.333333333333333,0.0,0.0
fixed-00000016,850.0,1.0,4.666666666666667,0.0,0.0
fixed-00000016,850.0,1.0,5,0.0,0.0
fixed-00000016,850.0,1.0,5.333333333333333,0.0,0.0
fixed-00000016,850.0,1.0,5.666666666666667,0.0,0.0
fixed-00000016,850.0,1.0,6,0.0,0.0
fixed-00000016,850.0,1.0,6.333333333333333,0.0,0.0
fixed-00000016,850.0,1.0,6.666666666666667,0.0,0.0
fixed-00000016,850.0,1.0,7,0.0,0.0
fixed-00000016,850.0,1.0,7.333333333333333,0.0,0.0
fixed-00000016,850.0,1.0,7.666666666666667,0.0,0.0
fixed-00000016,850.0,1.0,8,0.0,0.0
fixed-00000016,850.0,1.0,8.333333333333334,0.0,0.0
fixed-00000016,850.0,1.0,8.666666666666666,0.0,0.0
fixed-00000016,850.0,1.0,9,0.0,0.0
fixed-00000016,850.0,1.0,9.333333333333334,0.0,0.0
fixed-00000016,850.0,1.0,9.666666666666666,0.0,0.0
fixed-00000016,850.0,1.0,10,0.0,0.0
fixed-00000014,750.0,1.0,-10,0.002160372184604883,6.668112195698512
fixed-00000014,750.0,1.0,-9.666666666666666,6.256486683810477e-05,6.558458843151271
fixed-00000014,750.0,1.0,-9.333333333333334,5.579274043577199e-05,6.446949000766907
fixed-00000014,750.0,1.0,-9,0.00242112824620494,6.333484609522671
fixed-00000014,750.0,1.0,-8.666666666666666,6.842840341299678e-05,6.217958669863137
fixed-00000014,750.0,1.0,-8.333333333333334,9.422456837624755e-05,6.100254057233414
fixed-00000014,750.0,1.0,-8,0.0030262117994218104,5.980242127888673
fixed-00000014,750.0,1.0,-7.666666666666667,0.00011939563316440363,5.857781067724346
fixed-00000014,750.0,1.0,-7.333333333333333,5.495573139768514e-05,5.732713923750396
fixed-00000014,750.0,1.0,-7,0.00421163433200861,5.6048662403147915
fixed-00000014,750.0,1.0,-6.666666666666667,9.039872537509244e-05,5.474043198523418
fixed-00000014,750.0,1.0,-6.333333333333333,0.00010668406432341841,5.340026124949276
fixed-00000014,750.0,1.0,-6,0.004367094432036117,5.202568190854294
fixed-00000014,750.0,1.0,-5.666666666666667,9.872881981102478e-05,5.061389059980726
fixed-00000014,750.0,1.0,-5.333333333333333,7.179432821556807e-05,4.916168152566598
fixed-00000014,750.0,1.0,-5,0.007816496255405602,4.766536061449884
fixed-00000014,750.0,1.0,-4.666666666666667,5.916539787821923e-05,4.612063460104878
fixed-00000014,750.0,1.0,-4.333333333333333,0.0001133194920823976,4.452246544193287
fixed-00000014,750.0,1.0,-4,0.013350073470544467,4.286487582743973
fixed-00000014,750.0,1.0,-3.6666666666666665,0.00012769843255230648,4.11406840748036
fixed-00000014,750.0,1.0,-3.3333333333333335,0.00016309144498453604,3.9341134280419823
fixed-00000014,750.0,1.0,-3,0.011670059470195,3.745536622171329
fixed-00000014,750.0,1.0,-2.6666666666666665,9.708881003786639e-05,3.546963097158965
fixed-00000014,750.0,1.0,-2.3333333333333335,0.00019431578165985178,3.3366085056005943
fixed-00000014,750.0,1.0,-2,0.028507927475846365,3.112084814132203
fixed-00000014,750.0,1.0,-1.6666666666666667,9.802871539343238e-05,2.870068623907869
fixed-00000014,750.0,1.0,-1.3333333333333333,8.954777760539825e-05,2.605690378312559
fixed-00000014,750.0,1.0,-1,0.1717113448472959,2.31128907682438
fixed-00000014,750.0,1.0,-0.6666666666666666,6.330694391778333e-05,1.9734736973731941
fixed-00000014,750.0,1.0,-0.3333333333333333,6.148681357713566e-05,1.5643676171519303
fixed-00000014,750.0,1.0,0,0.30396846559179913,0.9999999999999005
fixed-00000014,750.0,1.0,0.3333333333333333,0.0,0.0
fixed-00000014,750.0,1.0,0.6666666666666666,0.0,0.0
fixed-00000014,750.0,1.0,1,0.0,0.0
fixed-00000014,750.0,1.0,1.3333333333333333,0.0,0.0
fixed-00000014,750.0,1.0,1.6666666666666667,0.0,0.0
fixed-00000014,750.0,1.0,2,0.0,0.0
fixed-00000014,750.0,1.0,2.3333333333333335,0.0,0.0
fixed-00000014,750.0,1.0,2.6666666666666665,0.0,0.0
fixed-00000014,750.0,1.0,3,0.0,0.0
fixed-00000014,750.0,1.0,3.3333333333333335,0.0,0.0
fixed-00000014,750.0,1.0,3.6666666666666665,0.0,0.0
fixed-00000014,750.0,1.0,4,0.0,0.0
fixed-00000014,750.0,1.0,4.333333333333333,0.0,0.0
fixed-00000014,750.0,1.0,4.666666666666667,0.0,0.0
fixed-00000014,750.0,1.0,5,0.0,0.0
fixed-00000014,750.0,1.0,5.333333333333333,0.0,0.0
fixed-00000014,750.0,1.0,5.666666666666667,0.0,0.0
fixed-00000014,750.0,1.0,6,0.0,0.0
fixed-00000014,750.0,1.0,6.333333333333333,0.0,0.0
fixed-00000014,750.0,1.0,6.666666666666667,0.0,0.0
fixed-00000014,750.0,1.0,7,0.0,0.0
fixed-00000014,750.0,1.0,7.333333333333333,0.0,0.0
fixed-00000014,750.0,1.0,7.666666666666667,0.0,0.0
fixed-00000014,750.0,1.0,8,0.0,0.0
fixed-00000014,750.0,1.0,8.333333333333334,0.0,0.0
fixed-00000014,750.0,1.0,8.666666666666666,0.0,0.0
fixed-00000014,750.0,1.0,9,0.0,0.0
fixed-00000014,750.0,1.0,9.333333333333334,0.0,0.0
fixed-00000014,750.0,1.0,9.666666666666666,0.0,0.0
fixed-00000014,750.0,1.0,10,0.0,0.0
fixed-00000012,650.0,1.0,-10,0.0024773205222087665,7.152550092003793
fixed-00000012,650.0,1.0,-9.666666666666666,5.660516437565206e-05,7.034553724132834
fixed-00000012,650.0,1.0,-9.333333333333334,4.468667815017602e-05,6.914554344479086
fixed-00000012,650.0,1.0,-9,0.0023238864115276217,6.792445792546317
fixed-00000012,650.0,1.0,-8.666666666666666,6.435596270867652e-05,6.668112195698512
fixed-00000012,650.0,1.0,-8.333333333333334,9.101596174118658e-05,6.541426677944699
fixed-00000012,650.0,1.0,-8,0.0027720840644147545,6.412249839264305
fixed-00000012,650.0,1.0,-7.666666666666667,0.00010065095418937956,6.28042795357473
fixed-00000012,650.0,1.0,-7.333333333333333,4.67183062715334e-05,6.145790818974518
fixed-00000012,650.0,1.0,-7,0.004153690973699661,6.008149174560671
fixed-00000012,650.0,1.0,-6.666666666666667,9.301105376124582e-05,5.867291571976253
fixed-00000012,650.0,1.0,-6.333333333333333,9.367553248147143e-05,5.722980554048718
fixed-00000012,650.0,1.0,-6,0.003506415142350527,5.574947943173655
fixed-00000012,650.0,1.0,-5.666666666666667,9.906354929685866e-05,5.422888972017617
fixed-00000012,650.0,1.0,-5.333333333333333,6.789634147025531e-05,5.26645488865644
fixed-00000012,650.0,1.0,-5,0.006894725416115281,5.105243521557625
fixed-00000012,650.0,1.0,-4.666666666666667,4.6702348157307015e-05,4.938787071167951
fixed-00000012,650.0,1.0,-4.333333333333333,0.00010061286443184317,4.766536061449813
fixed-00000012,650.0,1.0,-4,0.01071327267002517,4.5878378630649195
fixed-00000012,650.0,1.0,-3.6666666666666665,0.0001119433666270224,4.401907359704836
fixed-00000012,650.0,1.0,-3.3333333333333335,0.0001264372515737689,4.207785930052012
fixed-00000012,650.0,1.0,-3,0.011252963576892793,4.004282497280798
fixed-00000012,650.0,1.0,-2.6666666666666665,6.654497093161738e-05,3.7898860179674188
fixed-00000012,650.0,1.0,-2.3333333333333335,0.0001618359635096396,3.5626304239601723
fixed-00000012,650.0,1.0,-2,0.019895638066547264,3.3198760240076126
fixed-00000012,650.0,1.0,-1.6666666666666667,8.649428669403283e-05,3.057933915485762
fixed-00000012,650.0,1.0,-1.3333333333333333,8.610312393382925e-05,2.7713687158090323
fixed-00000012,650.0,1.0,-1,0.17293241408426965,2.4515609248788337
fixed-00000012,650.0,1.0,-0.6666666666666666,5.527808829159905e-05,2.0832568326840715
fixed-00000012,650.0,1.0,-0.3333333333333333,5.191798804130103e-05,1.6339855316782774
fixed-00000012,650.0,1.0,0,0.35255214405144436,0.9999999999999005
fixed-00000012,650.0,1.0,0.3333333333333333,0.0,0.0
fixed-00000012,650.0,1.0,0.6666666666666666,0.0,0.0
fixed-00000012,650.0,1.0,1,0.0,0.0
fixed-00000012,650.0,1.0,1.3333333333333333,0.0,0.0
fixed-00000012,650.0,1.0,1.6666666666666667,0.0,0.0
fixed-00000012,650.0,1.0,2,0.0,0.0
fixed-00000012,650.0,1.0,2.3333333333333335,0.0,0.0
fixed-00000012,650.0,1.0,2.6666666666666665,0.0,0.0
fixed-00000012,650.0,1.0,3,0.0,0.0
fixed-00000012,650.0,1.0,3.3333333333333335,0.0,0.0
fixed-00000012,650.0,1.0,3.6666666666666665,0.0,0.0
fixed-00000012,650.0,1.0,4,0.0,0.0
fixed-00000012,650.0,1.0,4.333333333333333,0.0,0.0
fixed-00000012,650.0,1.0,4.666666666666667,0.0,0.0
fixed-00000012,650.0,1.0,5,0.0,0.0
fixed-00000012,650.0,1.0,5.333333333333333,0.0,0.0
fixed-00000012,650.0,1.0,5.666666666666667,0.0,0.0
fixed-00000012,650.0,1.0,6,0.0,0.0
fixed-00000012,650.0,1.0,6.333333333333333,0.0,0.0
fixed-00000012,650.0,1.0,6.666666666666667,0.0,0.0
fixed-00000012,650.0,1.0,7,0.0,0.0
fixed-00000012,650.0,1.0,7.333333333333333,0.0,0.0
fixed-00000012,650.0,1.0,7.666666666666667,0.0,0.0
fixed-00000012,650.0,1.0,8,0.0,0.0
fixed-00000012,650.0,1.0,8.333333333333334,0.0,0.0
fixed-00000012,650.0,1.0,8.666666666666666,0.0,0.0
fixed-00000012,650.0,1.0,9,0.0,0.0
fixed-00000012,650.0,1.0,9.333333333333334,0.0,0.0
fixed-00000012,650.0,1.0,9.666666666666666,0.0,0.0
fixed-00000012,650.0,1.0,10,0.0,0.0
fixed-00000015,800.0,1.0,-10,0.0019960878258177958,6.46099252797751
fixed-00000015,800.0,1.0,-9.666666666666666,6.490759638313071e-05,6.35491285798966
fixed-00000015,800.0,1.0,-9.333333333333334,6.0545765566158424e-05,6.247039644871506
fixed-00000015,800.0,1.0,-9,0.0024553785738428186,6.137278314275221
fixed-00000015,800.0,1.0,-8.666666666666666,7.138170246935567e-05,6.025525683615655
fixed-00000015,800.0,1.0,-8.333333333333334,9.42300359012526e-05,5.911668823619095
fixed-00000015,800.0,1.0,-8,0.0031907758340083223,5.795583718663309
fixed-00000015,800.0,1.0,-7.666666666666667,0.0001265591399441844,5.677133680653938
fixed-00000015,800.0,1.0,-7.333333333333333,6.173565286116516e-05,5.556167458648289
fixed-00000015,800.0,1.0,-7,0.004247747089418765,5.432516969699677
fixed-00000015,800.0,1.0,-6.666666666666667,8.99507219823791e-05,5.305994553811047
fixed-00000015,800.0,1.0,-6.333333333333333,0.00011094118307417059,5.176389625018956
fixed-00000015,800.0,1.0,-6,0.004953266548849981,5.043464547841566
fixed-00000015,800.0,1.0,-5.666666666666667,9.611739082618423e-05,4.906949508150859
fixed-00000015,800.0,1.0,-5.333333333333333,7.51415766303583e-05,4.766536061449727
fixed-00000015,800.0,1.0,-5,0.008482017946032646,4.621868916195766
fixed-00000015,800.0,1.0,-4.666666666666667,6.933561755359322e-05,4.4725353235286605
fixed-00000015,800.0,1.0,-4.333333333333333,0.00012081931097568014,4.318051161663007
fixed-00000015,800.0,1.0,-4,0.014928228045951387,4.157842361919549
fixed-00000015,800.0,1.0,-3.6666666666666665,0.0001345655589799655,3.9912196156325166
fixed-00000015,800.0,1.0,-3.3333333333333335,0.00018428280071351068,3.817343128427737
fixed-00000015,800.0,1.0,-3,0.01215765404416233,3.635172170738457
fixed-00000015,800.0,1.0,-2.6666666666666665,0.00011665036517397936,3.443390546684313
fixed-00000015,800.0,1.0,-2.3333333333333335,0.0002109403123230075,3.240292237270552
fixed-00000015,800.0,1.0,-2,0.03360377273003372,3.0235976374505924
fixed-00000015,800.0,1.0,-1.6666666666666667,0.0001042059249211253,2.7901406975918377
fixed-00000015,800.0,1.0,-1.3333333333333333,9.143797783920064e-05,2.535295068612527
fixed-00000015,800.0,1.0,-1,0.1699852886747098,2.2518105105541792
fixed-00000015,800.0,1.0,-0.6666666666666666,6.710066030458905e-05,1.927089403331152
fixed-00000015,800.0,1.0,-0.3333333333333333,6.677292499956667e-05,1.535184043831407
fixed-00000015,800.0,1.0,0,0.2853457764534446,0.9999999999999005
fixed-00000015,800.0,1.0,0.3333333333333333,0.0,0.0
fixed-00000015,800.0,1.0,0.6666666666666666,0.0,0.0
fixed-00000015,800.0,1.0,1,0.0,0.0
fixed-00000015,800.0,1.0,1.3333333333333333,0.0,0.0
fixed-00000015,800.0,1.0,1.6666666666666667,0.0,0.0
fixed-00000015,800.0,1.0,2,0.0,0.0
fixed-00000015,800.0,1.0,2.3333333333333335,0.0,0.0
fixed-00000015,800.0,1.0,2.6666666666666665,0.0,0.0
fixed-00000015,800.0,1.0,3,0.0,0.0
fixed-00000015,800.0,1.0,3.3333333333333335,0.0,0.0
fixed-00000015,800.0,1.0,3.6666666666666665,0.0,0.0
fixed-00000015,800.0,1.0,4,0.0,0.0
fixed-00000015,800.0,1.0,4.333333333333333,0.0,0.0
fixed-00000015,800.0,1.0,4.666666666666667,0.0,0.0
fixed-00000015,800.0,1.0,5,0.0,0.0
fixed-00000015,800.0,1.0,5.333333333333333,0.0,0.0
fixed-00000015,800.0,1.0,5.666666666666667,0.0,0.0
fixed-00000015,800.0,1.0,6,0.0,0.0
fixed-00000015,800.0,1.0,6.333333333333333,0.0,0.0
fixed-00000015,800.0,1.0,6.666666666666667,0.0,0.0
fixed-00000015,800.0,1.0,7,0.0,0.0
fixed-00000015,800.0,1.0,7.333333333333333,0.0,0.0
fixed-00000015,800.0,1.0,7.666666666666667,0.0,0.0
fixed-00000015,800.0,1.0,8,0.0,0.0
fixed-00000015,800.0,1.0,8.333333333333334,0.0,0.0
fixed-00000015,800.0,1.0,8.666666666666666,0.0,0.0
fixed-00000015,800.0,1.0,9,0.0,0.0
fixed-00000015,800.0,1.0,9.333333333333334,0.0,0.0
fixed-00000015,800.0,1.0,9.666666666666666,0.0,0.0
fixed-00000015,800.0,1.0,10,0.0,0.0
fixed-00000017,900.0,1.0,-10,0.0015117992496210808,6.100254057233457
fixed-00000017,900.0,1.0,-9.666666666666666,6.37291664582072e-05,6.00041018885851
fixed-00000017,900.0,1.0,-9.333333333333334,6.525626482206215e-05,5.898882899663889
fixed-00000017,900.0,1.0,-9,0.0022074633827278787,5.79558371866338
fixed-00000017,900.0,1.0,-8.666666666666666,7.504197212298625e-05,5.69041614927275
fixed-00000017,900.0,1.0,-8.333333333333334,8.723257683392978e-05,5.583274611608374
fixed-00000017,900.0,1.0,-8,0.003169642426699456,5.474043198523489
fixed-00000017,900.0,1.0,-7.666666666666667,0.00012758792572935097,5.36259420364803
fixed-00000017,900.0,1.0,-7.333333333333333,7.503671620474741e-05,5.248786368182067
fixed-00000017,900.0,1.0,-7,0.00391851263451831,5.132462777832657
fixed-00000017,900.0,1.0,-6.666666666666667,8.689415426552724e-05,5.0134483205834215
fixed-00000017,900.0,1.0,-6.333333333333333,0.00010918539458792962,4.891546587724974
fixed-00000017,900.0,1.0,-6,0.005736181860147616,4.766536061449884
fixed-00000017,900.0,1.0,-5.666666666666667,8.24188378044691e-05,4.638165377379195
fixed-00000017,900.0,1.0,-5.333333333333333,7.828213061670405e-05,4.506147371917308
fixed-00000017,900.0,1.0,-5,0.009737400520458055,4.370151510275733
fixed-00000017,900.0,1.0,-4.666666666666667,9.232188949120042e-05,4.229794121823019
fixed-00000017,900.0,1.0,-4.333333333333333,0.0001306283545590165,4.084625612866304
fixed-00000017,900.0,1.0,-4,0.017353655671568716,3.934113428042167
fixed-00000017,900.0,1.0,-3.6666666666666665,0.0001397185749973769,3.777618893480124
fixed-00000017,900.0,1.0,-3.3333333333333335,0.0002216023006935296,3.614365021056443
fixed-00000017,900.0,1.0,-3,0.013337886596519546,3.443390546684313
fixed-00000017,900.0,1.0,-2.6666666666666665,0.0001561520533774918,3.263482242663571
fixed-00000017,900.0,1.0,-2.3333333333333335,0.00023355082880920262,3.073071455094805
fixed-00000017,900.0,1.0,-2,0.04338680589656384,2.870068623907983
fixed-00000017,900.0,1.0,-1.6666666666666667,0.00011353228224925698,2.651583215887598
fixed-00000017,900.0,1.0,-1.3333333333333333,9.297058369105721e-05,2.4134139909606915
fixed-00000017,900.0,1.0,-1,0.1613840687421185,2.149026411666185
fixed-00000017,900.0,1.0,-0.6666666666666666,7.082482763914915e-05,1.847196746083398
fixed-00000017,900.0,1.0,-0.3333333333333333,7.644458926184452e-05,1.4852713499601862
fixed-00000017,900.0,1.0,0,0.25177979958448904,1.0000000000002558
fixed-00000017,900.0,1.0,0.3333333333333333,0.0,0.0
fixed-00000017,900.0,1.0,0.6666666666666666,0.0,0.0
fixed-00000017,900.0,1.0,1,0.0,0.0
fixed-00000017,900.0,1.0,1.3333333333333333,0.0,0.0
fixed-00000017,900.0,1.0,1.6666666666666667,0.0,0.0
fixed-00000017,900.0,1.0,2,0.0,0.0
fixed-00000017,900.0,1.0,2.3333333333333335,0.0,0.0
fixed-00000017,900.0,1.0,2.6666666666666665,0.0,0.0
fixed-00000017,900.0,1.0,3,0.0,0.0
fixed-00000017,900.0,1.0,3.3333333333333335,0.0,0.0
fixed-00000017,900.0,1.0,3.6666666666666665,0.0,0.0
fixed-00000017,900.0,1.0,4,0.0,0.0
fixed-00000017,900.0,1.0,4.333333333333333,0.0,0.0
fixed-00000017,900.0,1.0,4.666666666666667,0.0,0.0
fixed-00000017,900.0,1.0,5,0.0,0.0
fixed-00000017,900.0,1.0,5.333333333333333,0.0,0.0
fixed-00000017,900.0,1.0,5.666666666666667,0.0,0.0
fixed-00000017,900.0,1.0,6,0.0,0.0
fixed-00000017,900.0,1.0,6.333333333333333,0.0,0.0
fixed-00000017,900.0,1.0,6.666666666666667,0.0,0.0
fixed-00000017,900.0,1.0,7,0.0,0.0
fixed-00000017,900.0,1.0,7.333333333333333,0.0,0.0
fixed-00000017,900.0,1.0,7.666666666666667,0.0,0.0
fixed-00000017,900.0,1.0,8,0.0,0.0
fixed-00000017,900.0,1.0,8.333333333333334,0.0,0.0
fixed-00000017,900.0,1.0,8.666666666666666,0.0,0.0
fixed-00000017,900.0,1.0,9,0.0,0.0
fixed-00000017,900.0,1.0,9.333333333333334,0.0,0.0
fixed-00000017,900.0,1.0,9.666666666666666,0.0,0.0
fixed-00000017,900.0,1.0,10,0.0,0.0
fixed-00000018,950.0,1.0,-10,0.0012702914708505309,5.941841916530507
fixed-00000018,950.0,1.0,-9.666666666666666,6.153617516554453e-05,5.844741703258691
fixed-00000018,950.0,1.0,-9.333333333333334,6.563770586091405e-05,5.746006642582543
fixed-00000018,950.0,1.0,-9,0.0020080310252538797,5.645550958774976
fixed-00000018,950.0,1.0,-8.666666666666666,7.661805789471557e-05,5.543281108071028
fixed-00000018,950.0,1.0,-8.333333333333334,8.245384907637211e-05,5.439094756688505
fixed-00000018,950.0,1.0,-8,0.003025011628006799,5.332879579201517
fixed-00000018,950.0,1.0,-7.666666666666667,0.00012324699123590372,5.224511837091001
fixed-00000018,950.0,1.0,-7.333333333333333,8.115883741414088e-05,5.113854686230155
fixed-00000018,950.0,1.0,-7,0.0036502722786744633,5.000756147315826
fixed-00000018,950.0,1.0,-6.666666666666667,8.560294351331012e-05,4.885046653384862
fixed-00000018,950.0,1.0,-6.333333333333333,0.00010504473316260291,4.766536061449813
fixed-00000018,950.0,1.0,-6,0.005929033640408881,4.645009977783943
fixed-00000018,950.0,1.0,-5.666666666666667,7.396655854780027e-05,4.520225193761505
fixed-00000018,950.0,1.0,-5.333333333333333,7.86851957945348e-05,4.391903954055508
fixed-00000018,950.0,1.0,-5,0.0103847212503334,4.259726669922742
fixed-00000018,950.0,1.0,-4.666666666666667,0.0001041309765028401,4.123322528673114
fixed-00000018,950.0,1.0,-4.333333333333333,0.00013380335330120236,3.9822572055846877
fixed-00000018,950.0,1.0,-4,0.018235569879355148,3.8360165042788026
fixed-00000018,950.0,1.0,-3.6666666666666665,0.00014015786134304753,3.683984144267555
fixed-00000018,950.0,1.0,-3.3333333333333335,0.00023852600308189064,3.525410912862327
fixed-00000018,950.0,1.0,-3,0.014167955422823486,3.3593706850824105
fixed-00000018,950.0,1.0,-2.6666666666666665,0.00017513041248023358,3.184695754975479
fixed-00000018,950.0,1.0,-2.3333333333333335,0.00024015696361973977,2.9998781727239674
fixed-00000018,950.0,1.0,-2,0.04796637943727951,2.802912304877097
fixed-00000018,950.0,1.0,-1.6666666666666667,0.00011749123292844799,2.591029149865747
fixed-00000018,950.0,1.0,-1.3333333333333333,9.334780541614773e-05,2.3602146177453136
fixed-00000018,950.0,1.0,-1,0.1556033366435557,2.1042481647103557
fixed-00000018,950.0,1.0,-0.6666666666666666,7.111353912195489e-05,1.8125048791183929
fixed-00000018,950.0,1.0,-0.3333333333333333,8.148063932114622e-05,1.463746503670734
fixed-00000018,950.0,1.0,0,0.23740816653643482,0.9999999999999005
fixed-00000018,950.0,1.0,0.3333333333333333,0.0,0.0
fixed-00000018,950.0,1.0,0.6666666666666666,0.0,0.0
fixed-00000018,950.0,1.0,1,0.0,0.0
fixed-00000018,950.0,1.0,1.3333333333333333,0.0,0.0
fixed-00000018,950.0,1.0,1.6666666666666667,0.0,0.0
fixed-00000018,950.0,1.0,2,0.0,0.0
fixed-00000018,950.0,1.0,2.3333333333333335,0.0,0.0
fixed-00000018,950.0,1.0,2.6666666666666665,0.0,0.0
fixed-00000018,950.0,1.0,3,0.0,0.0
fixed-00000018,950.0,1.0,3.3333333333333335,0.0,0.0
fixed-00000018,950.0,1.0,3.6666666666666665,0.0,0.0
fixed-00000018,950.0,1.0,4,0.0,0.0
fixed-00000018,950.0,1.0,4.333333333333333,0.0,0.0
fixed-00000018,950.0,1.0,4.666666666666667,0.0,0.0
fixed-00000018,950.0,1.0,5,0.0,0.0
fixed-00000018,950.0,1.0,5.333333333333333,0.0,0.0
fixed-00000018,950.0,1.0,5.666666666666667,0.0,0.0
fixed-00000018,950.0,1.0,6,0.0,0.0
fixed-00000018,950.0,1.0,6.333333333333333,0.0,0.0
fixed-00000018,950.0,1.0,6.666666666666667,0.0,0.0
fixed-00000018,950.0,1.0,7,0.0,0.0
fixed-00000018,950.0,1.0,7.333333333333333,0.0,0.0
fixed-00000018,950.0,1.0,7.666666666666667,0.0,0.0
fixed-00000018,950.0,1.0,8,0.0,0.0
fixed-00000018,950.0,1.0,8.333333333333334,0.0,0.0
fixed-00000018,950.0,1.0,8.666666666666666,0.0,0.0
fixed-00000018,950.0,1.0,9,0.0,0.0
fixed-00000018,950.0,1.0,9.333333333333334,0.0,0.0
fixed-00000018,950.0,1.0,9.666666666666666,0.0,0.0
fixed-00000018,950.0,1.0,10,0.0,0.0
fixed-00000019,1000.0,1.0,-10,0.0010414185539009539,5.79558371866338
fixed-00000019,1000.0,1.0,-9.666666666666666,5.88124903330543e-05,5.701019916200735
fixed-00000019,1000.0,1.0,-9.333333333333334,6.470326002049717e-05,5.6048662403147915
fixed-00000019,1000.0,1.0,-9,0.001780453656659968,5.507039412677614
fixed-00000019,1000.0,1.0,-8.666666666666666,7.792901535270673e-05,5.407448625724925
fixed-00000019,1000.0,1.0,-8.333333333333334,7.7418794769841e-05,5.305994553811047
fixed-00000019,1000.0,1.0,-8,0.002791527164267212,5.202568190854237
fixed-00000019,1000.0,1.0,-7.666666666666667,0.00011658566823513724,5.09704947574069
fixed-00000019,1000.0,1.0,-7.333333333333333,8.627106027373688e-05,4.989305656111114
fixed-00000019,1000.0,1.0,-7,0.0033280660977794254,4.879189326968472
fixed-00000019,1000.0,1.0,-6.666666666666667,8.435307945106744e-05,4.766536061449813
fixed-00000019,1000.0,1.0,-6.333333333333333,9.922136404270233e-05,4.6511615250661436
fixed-00000019,1000.0,1.0,-6,0.005951172391057511,4.532857928715643
fixed-00000019,1000.0,1.0,-5.666666666666667,6.552139209039532e-05,4.411389625294376
fixed-00000019,1000.0,1.0,-5.333333333333333,7.826029121046403e-05,4.286487582743874
fixed-00000019,1000.0,1.0,-5,0.010963233524426248,4.157842361919549
fixed-00000019,1000.0,1.0,-4.666666666666667,0.00011484774025887164,4.025095073023891
fixed-00000019,1000.0,1.0,-4.333333333333333,0.00013542254030868555,3.8878255503572916
fixed-00000019,1000.0,1.0,-4,0.018864864292585732,3.7455366221714144
fixed-00000019,1000.0,1.0,-3.6666666666666665,0.00013973980322212932,3.5976327735051115
fixed-00000019,1000.0,1.0,-3.3333333333333335,0.00025347841652787004,3.443390546684313
fixed-00000019,1000.0,1.0,-3,0.015138643072977732,3.2819163962671922
fixed-00000019,1000.0,1.0,-2.6666666666666665,0.0001925010183400485,3.112084814132203
fixed-00000019,1000.0,1.0,-2.3333333333333335,0.00024334049944161446,2.9324441041326565
fixed-00000019,1000.0,1.0,-2,0.05225953529684342,2.7410663663429062
fixed-00000019,1000.0,1.0,-1.6666666666666667,0.00012097289832097321,2.535295068612399
fixed-00000019,1000.0,1.0,-1.3333333333333333,9.348361118171618e-05,2.31128907682438
fixed-00000019,1000.0,1.0,-1,0.14893485798923833,2.0631173383810193
fixed-00000019,1000.0,1.0,-0.6666666666666666,7.027530489920049e-05,1.780704619766368
fixed-00000019,1000.0,1.0,-0.3333333333333333,8.678879276237579e-05,1.4440999139664257
fixed-00000019,1000.0,1.0,0,0.22467026168533066,0.9999999999999005
fixed-00000019,1000.0,1.0,0.3333333333333333,0.0,0.0
fixed-00000019,1000.0,1.0,0.6666666666666666,0.0,0.0
fixed-00000019,1000.0,1.0,1,0.0,0.0
fixed-00000019,1000.0,1.0,1.3333333333333333,0.0,0.0
fixed-00000019,1000.0,1.0,1.6666666666666667,0.0,0.0
fixed-00000019,1000.0,1.0,2,0.0,0.0
fixed-00000019,1000.0,1.0,2.3333333333333335,0.0,0.0
fixed-00000019,1000.0,1.0,2.6666666666666665,0.0,0.0
fixed-00000019,1000.0,1.0,3,0.0,0.0
fixed-00000019,1000.0,1.0,3.3333333333333335,0.0,0.0
fixed-00000019,1000.0,1.0,3.6666666666666665,0.0,0.0
fixed-00000019,1000.0,1.0,4,0.0,0.0
fixed-00000019,1000.0,1.0,4.333333333333333,0.0,0.0
fixed-00000019,1000.0,1.0,4.666666666666667,0.0,0.0
fixed-00000019,1000.0,1.0,5,0.0,0.0
fixed-00000019,1000.0,1.0,5.333333333333333,0.0,0.0
fixed-00000019,1000.0,1.0,5.666666666666667,0.0,0.0
fixed-00000019,1000.0,1.0,6,0.0,0.0
fixed-00000019,1000.0,1.0,6.333333333333333,0.0,0.0
fixed-00000019,1000.0,1.0,6.666666666666667,0.0,0.0
fixed-00000019,1000.0,1.0,7,0.0,0.0
fixed-00000019,1000.0,1.0,7.333333333333333,0.0,0.0
fixed-00000019,1000.0,1.0,7.666666666666667,0.0,0.0
fixed-00000019,1000.0,1.0,8,0.0,0.0
fixed-00000019,1000.0,1.0,8.333333333333334,0.0,0.0
fixed-00000019,1000.0,1.0,8.666666666666666,0.0,0.0
fixed-00000019,1000.0,1.0,9,0.0,0.0
fixed-00000019,1000.0,1.0,9.333333333333334,0.0,0.0
fixed-00000019,1000.0,1.0,9.666666666666666,0.0,0.0
fixed-00000019,1000.0,1.0,10,0.0,0.0
fixed-00000023,1200.0,1.0,-10,0.0003722069357372266,5.305994553811189
fixed-00000023,1200.0,1.0,-9.666666666666666,5.230461889326505e-05,5.219947830283502
fixed-00000023,1200.0,1.0,-9.333333333333334,5.269880872738941e-05,5.132462777832572
fixed-00000023,1200.0,1.0,-9,0.0008985812196201125,5.043464547841566
fixed-00000023,1200.0,1.0,-8.666666666666666,8.018573904900104e-05,4.952871569582541
fixed-00000023,1200.0,1.0,-8.333333333333334,6.125970376664632e-05,4.860594673449626
fixed-00000023,1200.0,1.0,-8,0.0015025259693785065,4.766536061449884
fixed-00000023,1200.0,1.0,-7.666666666666667,8.640666555569545e-05,4.670588091106524
fixed-00000023,1200.0,1.0,-7.333333333333333,9.182658577930597e-05,4.572631829703909
fixed-00000023,1200.0,1.0,-7,0.0018099763277960135,4.472535323528803
fixed-00000023,1200.0,1.0,-6.666666666666667,8.177062594314074e-05,4.370151510275647
fixed-00000023,1200.0,1.0,-6.333333333333333,6.727928467703896e-05,4.265315680355059
fixed-00000023,1200.0,1.0,-6,0.0048231232274941055,4.157842361919549
fixed-00000023,1200.0,1.0,-5.666666666666667,4.0735432432941996e-05,4.047521461171399
fixed-00000023,1200.0,1.0,-5.333333333333333,7.361130941688211e-05,3.9341134280419823
fixed-00000023,1200.0,1.0,-5,0.010861314546276106,3.817343128427737
fixed-00000023,1200.0,1.0,-4.666666666666667,0.0001378306300608488,3.6968919730516774
fixed-00000023,1200.0,1.0,-4.333333333333333,0.00013338602108056615,3.572387655461071
fixed-00000023,1200.0,1.0,-4,0.01913329376234376,3.443390546684313
fixed-00000023,1200.0,1.0,-3.6666666666666665,0.00014185582121616376,3.3093753102569394
fixed-00000023,1200.0,1.0,-3.3333333333333335,0.00028507351334125774,3.169705509623043
fixed-00000023,1200.0,1.0,-3,0.0195144113767529,3.0235976374505924
fixed-00000023,1200.0,1.0,-2.6666666666666665,0.00023691658445297413,2.870068623907869
fixed-00000023,1200.0,1.0,-2.3333333333333335,0.00022972043436230517,2.7078564790954545
fixed-00000023,1200.0,1.0,-2,0.06763410061114944,2.535295068612527
fixed-00000023,1200.0,1.0,-1.6666666666666667,0.00012925976598379875,2.3501057469848377
fixed-00000023,1200.0,1.0,-1.3333333333333333,9.223891203984182e-05,2.149026411666185
fixed-00000023,1200.0,1.0,-1,0.11444773878624215,1.927089403331152
fixed-00000023,1200.0,1.0,-0.6666666666666666,5.718934357956346e-05,1.67602928632202
fixed-00000023,1200.0,1.0,-0.3333333333333333,0.00010822569591299566,1.3800421421069302
fixed-00000023,1200.0,1.0,0,0.19161975199585324,0.9999999999999005
fixed-00000023,1200.0,1.0,0.3333333333333333,3.5143602879847904e-05,0.30907154844295803
fixed-00000023,1200.0,1.0,0.6666666666666666,0.0,0.0
fixed-00000023,1200.0,1.0,1,0.0,0.0
fixed-00000023,1200.0,1.0,1.3333333333333333,0.0,0.0
fixed-00000023,1200.0,1.0,1.6666666666666667,0.0,0.0
fixed-00000023,1200.0,1.0,2,0.0,0.0
fixed-00000023,1200.0,1.0,2.3333333333333335,0.0,0.0
fixed-00000023,1200.0,1.0,2.6666666666666665,0.0,0.0
fixed-00000023,1200.0,1.0,3,0.0,0.0
fixed-00000023,1200.0,1.0,3.3333333333333335,0.0,0.0
fixed-00000023,1200.0,1.0,3.6666666666666665,0.0,0.0
fixed-00000023,1200.0,1.0,4,0.0,0.0
fixed-00000023,1200.0,1.0,4.333333333333333,0.0,0.0
fixed-00000023,1200.0,1.0,4.666666666666667,0.0,0.0
fixed-00000023,1200.0,1.0,5,0.0,0.0
fixed-00000023,1200.0,1.0,5.333333333333333,0.0,0.0
fixed-00000023,1200.0,1.0,5.666666666666667,0.0,0.0
fixed-00000023,1200.0,1.0,6,0.0,0.0
fixed-00000023,1200.0,1.0,6.333333333333333,0.0,0.0
fixed-00000023,1200.0,1.0,6.666666666666667,0.0,0.0
fixed-00000023,1200.0,1.0,7,0.0,0.0
fixed-00000023,1200.0,1.0,7.333333333333333,0.0,0.0
fixed-00000023,1200.0,1.0,7.666666666666667,0.0,0.0
fixed-00000023,1200.0,1.0,8,0.0,0.0
fixed-00000023,1200.0,1.0,8.333333333333334,0.0,0.0
fixed-00000023,1200.0,1.0,8.666666666666666,0.0,0.0
fixed-00000023,1200.0,1.0,9,0.0,0.0
fixed-00000023,1200.0,1.0,9.333333333333334,0.0,0.0
fixed-00000023,1200.0,1.0,9.666666666666666,0.0,0.0
fixed-00000023,1200.0,1.0,10,0.0,0.0
fixed-00000022,1150.0,1.0,-10,0.0004940469420260608,5.4161811703880005
fixed-00000022,1150.0,1.0,-9.666666666666666,5.26750574973083e-05,5.32821363927755
fixed-00000022,1150.0,1.0,-9.333333333333334,5.630606064351608e-05,5.2387735281016745
fixed-00000022,1150.0,1.0,-9,0.0011038977313857384,5.147784080951951
fixed-00000022,1150.0,1.0,-8.666666666666666,8.001438997885946e-05,5.05516163704462
fixed-00000022,1150.0,1.0,-8.333333333333334,6.45058693736143e-05,4.960814728564799
fixed-00000022,1150.0,1.0,-8,0.0018191832937987321,4.864643021062477
fixed-00000022,1150.0,1.0,-7.666666666666667,9.365912218694072e-05,4.766536061449884
fixed-00000022,1150.0,1.0,-7.333333333333333,9.293453214800793e-05,4.666371789100197
fixed-00000022,1150.0,1.0,-7,0.0022047615883005116,4.564014752843818
fixed-00000022,1150.0,1.0,-6.666666666666667,8.232284344973336e-05,4.459313959576605
fixed-00000022,1150.0,1.0,-6.333333333333333,7.599505778587826e-05,4.352100256954969
fixed-00000022,1150.0,1.0,-6,0.005234443548087738,4.242183120575163
fixed-00000022,1150.0,1.0,-5.666666666666667,4.516957666191466e-05,4.1293466711544085
fixed-00000022,1150.0,1.0,-5.333333333333333,7.485267866965935e-05,4.013344683379401
fixed-00000022,1150.0,1.0,-5,0.011396816514366259,3.893894255675818
fixed-00000022,1150.0,1.0,-4.666666666666667,0.00013580259034126057,3.7706676737260807
fixed-00000022,1150.0,1.0,-4.333333333333333,0.00013397017006401365,3.6432817947956693
fixed-00000022,1150.0,1.0,-4,0.019494536947610087,3.511283961884743
fixed-00000022,1150.0,1.0,-3.6666666666666665,0.00014039069474086624,3.374132951525141
fixed-00000022,1150.0,1.0,-3.3333333333333335,0.00028234283425695333,3.2311726310762054
fixed-00000022,1150.0,1.0,-3,0.01846273205278089,3.0815945949327954
fixed-00000022,1150.0,1.0,-2.6666666666666665,0.00023165253755351588,2.9243835583708346
fixed-00000022,1150.0,1.0,-2.3333333333333335,0.00023605887291243164,2.758234655256075
fixed-00000022,1150.0,1.0,-2,0.064099310814614,2.5814226490969077
fixed-00000022,1150.0,1.0,-1.6666666666666667,0.00012808770512386518,2.391583707651762
fixed-00000022,1150.0,1.0,-1.3333333333333333,9.276721557624937e-05,2.1853255182136877
fixed-00000022,1150.0,1.0,-1,0.12396693605513164,1.9574646504122768
fixed-00000022,1150.0,1.0,-0.6666666666666666,6.0771726683008226e-05,1.6993332035466722
fixed-00000022,1150.0,1.0,-0.3333333333333333,0.00010382053488818324,1.3942180792610657
fixed-00000022,1150.0,1.0,0,0.19765850182279762,0.9999999999999005
fixed-00000022,1150.0,1.0,0.3333333333333333,2.6568564206396467e-05,0.23706786761697174
fixed-00000022,1150.0,1.0,0.6666666666666666,0.0,0.0
fixed-00000022,1150.0,1.0,1,0.0,0.0
fixed-00000022,1150.0,1.0,1.3333333333333333,0.0,0.0
fixed-00000022,1150.0,1.0,1.6666666666666667,0.0,0.0
fixed-00000022,1150.0,1.0,2,0.0,0.0
fixed-00000022,1150.0,1.0,2.3333333333333335,0.0,0.0
fixed-00000022,1150.0,1.0,2.6666666666666665,0.0,0.0
fixed-00000022,1150.0,1.0,3,0.0,0.0
fixed-00000022,1150.0,1.0,3.3333333333333335,0.0,0.0
fixed-00000022,1150.0,1.0,3.6666666666666665,0.0,0.0
fixed-00000022,1150.0,1.0,4,0.0,0.0
fixed-00000022,1150.0,1.0,4.333333333333333,0.0,0.0
fixed-00000022,1150.0,1.0,4.666666666666667,0.0,0.0
fixed-00000022,1150.0,1.0,5,0.0,0.0
fixed-00000022,1150.0,1.0,5.333333333333333,0.0,0.0
fixed-00000022,1150.0,1.0,5.666666666666667,0.0,0.0
fixed-00000022,1150.0,1.0,6,0.0,0.0
fixed-00000022,1150.0,1.0,6.333333333333333,0.0,0.0
fixed-00000022,1150.0,1.0,6.666666666666667,0.0,0.0
fixed-00000022,1150.0,1.0,7,0.0,0.0
fixed-00000022,1150.0,1.0,7.333333333333333,0.0,0.0
fixed-00000022,1150.0,1.0,7.666666666666667,0.0,0.0
fixed-00000022,1150.0,1.0,8,0.0,0.0
fixed-00000022,1150.0,1.0,8.333333333333334,0.0,0.0
fixed-00000022,1150.0,1.0,8.666666666666666,0.0,0.0
fixed-00000022,1150.0,1.0,9,0.0,0.0
fixed-00000022,1150.0,1.0,9.333333333333334,0.0,0.0
fixed-00000022,1150.0,1.0,9.666666666666666,0.0,0.0
fixed-00000022,1150.0,1.0,10,0.0,0.0
fixed-00000020,1050.0,1.0,-10,0.0008347950821638969,5.660010570330854
fixed-00000020,1050.0,1.0,-9.666666666666666,5.620136834302549e-05,5.567800918928512
fixed-00000020,1050.0,1.0,-9.333333333333334,6.273445757104258e-05,5.474043198523489
fixed-00000020,1050.0,1.0,-9,0.0015520086419955137,5.378656453875905
fixed-00000020,1050.0,1.0,-8.666666666666666,7.906588563983456e-05,5.281552422774112
fixed-00000020,1050.0,1.0,-8.333333333333334,7.271843932121541e-05,5.182634578040407
fixed-00000020,1050.0,1.0,-8,0.0024999058064603106,5.081797001742743
fixed-00000020,1050.0,1.0,-7.666666666666667,0.00010888670941055992,4.978923054226314
fixed-00000020,1050.0,1.0,-7.333333333333333,9.021056434048003e-05,4.873883790324442
fixed-00000020,1050.0,1.0,-7,0.002982134181829232,4.766536061449884
fixed-00000020,1050.0,1.0,-6.666666666666667,8.342033885382042e-05,4.656720223890076
fixed-00000020,1050.0,1.0,-6.333333333333333,9.236799442001566e-05,4.5442573485862
fixed-00000020,1050.0,1.0,-6,0.005841818198603616,4.42894579307756
fixed-00000020,1050.0,1.0,-5.666666666666667,5.786205728314901e-05,4.310556947802624
fixed-00000020,1050.0,1.0,-5.333333333333333,7.747683404698057e-05,4.188829899865738
fixed-00000020,1050.0,1.0,-5,0.011423249677740182,4.06346465721623
fixed-00000020,1050.0,1.0,-4.666666666666667,0.00012405737711067662,3.9341134280419823
fixed-00000020,1050.0,1.0,-4.333333333333333,0.0001359606864880195,3.8003692262624185
fixed-00000020,1050.0,1.0,-4,0.01932390486718099,3.661750727078541
fixed-00000020,1050.0,1.0,-3.6666666666666665,0.00013930914916419933,3.517681743970087
fixed-00000020,1050.0,1.0,-3.3333333333333335,0.00026647300256888107,3.3674627901250744
fixed-00000020,1050.0,1.0,-3,0.016245324302294865,3.2102306386705237
fixed-00000020,1050.0,1.0,-2.6666666666666665,0.00020819337242039348,3.0448990421297566
fixed-00000020,1050.0,1.0,-2.3333333333333335,0.00024370531744969236,2.870068623907869
fixed-00000020,1050.0,1.0,-2,0.056386815558895936,2.6838837408036937
fixed-00000020,1050.0,1.0,-1.6666666666666667,0.00012422523785464394,2.4837923130867665
fixed-00000020,1050.0,1.0,-1.3333333333333333,9.355266666632249e-05,2.266113602690126
fixed-00000020,1050.0,1.0,-1,0.1415301353130035,2.025184372977648
fixed-00000020,1050.0,1.0,-0.6666666666666666,6.829522581609183e-05,1.7514356683819585
fixed-00000020,1050.0,1.0,-0.3333333333333333,9.257011413238016e-05,1.4260912738112523
fixed-00000020,1050.0,1.0,0,0.21389091038537372,1.0000000000002558
fixed-00000020,1050.0,1.0,0.3333333333333333,0.0,0.0
fixed-00000020,1050.0,1.0,0.6666666666666666,0.0,0.0
fixed-00000020,1050.0,1.0,1,0.0,0.0
fixed-00000020,1050.0,1.0,1.3333333333333333,0.0,0.0
fixed-00000020,1050.0,1.0,1.6666666666666667,0.0,0.0
fixed-00000020,1050.0,1.0,2,0.0,0.0
fixed-00000020,1050.0,1.0,2.3333333333333335,0.0,0.0
fixed-00000020,1050.0,1.0,2.6666666666666665,0.0,0.0
fixed-00000020,1050.0,1.0,3,0.0,0.0
fixed-00000020,1050.0,1.0,3.3333333333333335,0.0,0.0
fixed-00000020,1050.0,1.0,3.6666666666666665,0.0,0.0
fixed-00000020,1050.0,1.0,4,0.0,0.0
fixed-00000020,1050.0,1.0,4.333333333333333,0.0,0.0
fixed-00000020,1050.0,1.0,4.666666666666667,0.0,0.0
fixed-00000020,1050.0,1.0,5,0.0,0.0
fixed-00000020,1050.0,1.0,5.333333333333333,0.0,0.0
fixed-00000020,1050.0,1.0,5.666666666666667,0.0,0.0
fixed-00000020,1050.0,1.0,6,0.0,0.0
fixed-00000020,1050.0,1.0,6.333333333333333,0.0,0.0
fixed-00000020,1050.0,1.0,6.666666666666667,0.0,0.0
fixed-00000020,1050.0,1.0,7,0.0,0.0
fixed-00000020,1050.0,1.0,7.333333333333333,0.0,0.0
fixed-00000020,1050.0,1.0,7.666666666666667,0.0,0.0
fixed-00000020,1050.0,1.0,8,0.0,0.0
fixed-00000020,1050.0,1.0,8.333333333333334,0.0,0.0
fixed-00000020,1050.0,1.0,8.666666666666666,0.0,0.0
fixed-00000020,1050.0,1.0,9,0.0,0.0
fixed-00000020,1050.0,1.0,9.333333333333334,0.0,0.0
fixed-00000020,1050.0,1.0,9.666666666666666,0.0,0.0
fixed-00000020,1050.0,1.0,10,0.0,0.0
fixed-00000024,1250.0,1.0,-10,0.000281081533455571,5.202568190854237
fixed-00000024,1250.0,1.0,-9.666666666666666,5.260859651414553e-05,5.118326781558338
fixed-00000024,1250.0,1.0,-9.333333333333334,4.922717511289639e-05,5.032679276738563
fixed-00000024,1250.0,1.0,-9,0.0007142651725212208,4.945552623873766
fixed-00000024,1250.0,1.0,-8.666666666666666,8.044406983282441e-05,4.8568672205161505
fixed-00000024,1250.0,1.0,-8.333333333333334,5.881899572240791e-05,4.766536061449727
fixed-00000024,1250.0,1.0,-8,0.0012231078316279323,4.6744637375392415
fixed-00000024,1250.0,1.0,-7.666666666666667,7.97688741070756e-05,4.580545253467207
fixed-00000024,1250.0,1.0,-7.333333333333333,8.93425820999171e-05,4.48466462263454
fixed-00000024,1250.0,1.0,-7,0.0014376676342014326,4.386693185629738
fixed-00000024,1250.0,1.0,-6.666666666666667,8.09789225270249e-05,4.286487582743874
fixed-00000024,1250.0,1.0,-6.333333333333333,5.873282681631815e-05,4.183887289345506
fixed-00000024,1250.0,1.0,-6,0.004381139111895271,4.078711593086126
fixed-00000024,1250.0,1.0,-5.666666666666667,3.819826013890663e-05,3.9707558501926457
fixed-00000024,1250.0,1.0,-5.333333333333333,7.258023399513264e-05,3.85978679886297
fixed-00000024,1250.0,1.0,-5,0.010084690647230951,3.745536622171329
fixed-00000024,1250.0,1.0,-4.666666666666667,0.00013713130828143738,3.627695326764311
fixed-00000024,1250.0,1.0,-4.333333333333333,0.00013446459814667742,3.505900813773792
fixed-00000024,1250.0,1.0,-4,0.018389764761910683,3.379725725638721
fixed-00000024,1250.0,1.0,-3.6666666666666665,0.00014488121686100316,3.248659688754742
fixed-00000024,1250.0,1.0,-3.3333333333333335,0.0002849787089463304,3.112084814132203
fixed-00000024,1250.0,1.0,-3,0.020589740829693334,2.9692410356049663
fixed-00000024,1250.0,1.0,-2.6666666666666665,0.00023830282246034033,2.8191756030426376
fixed-00000024,1250.0,1.0,-2.3333333333333335,0.00022278316823822958,2.660666861165552
fixed-00000024,1250.0,1.0,-2,0.07071556947089108,2.492104235261664
fixed-00000024,1250.0,1.0,-1.6666666666666667,0.00013011609402851986,2.311289076824224
fixed-00000024,1250.0,1.0,-1.3333333333333333,9.220149762281027e-05,2.115081363391795
fixed-00000024,1250.0,1.0,-1,0.10537067760584683,1.8987152094807982
fixed-00000024,1250.0,1.0,-0.6666666666666666,5.345143200200245e-05,1.6542998553577632
fixed-00000024,1250.0,1.0,-0.3333333333333333,0.00011092638504127703,1.366870463460785
fixed-00000024,1250.0,1.0,0,0.18603339710222214,0.999999999999531
fixed-00000024,1250.0,1.0,0.3333333333333333,4.210307798139442e-05,0.36290965230885774
fixed-00000024,1250.0,1.0,0.6666666666666666,0.0,0.0
fixed-00000024,1250.0,1.0,1,0.0,0.0
fixed-00000024,1250.0,1.0,1.3333333333333333,0.0,0.0
fixed-00000024,1250.0,1.0,1.6666666666666667,0.0,0.0
fixed-00000024,1250.0,1.0,2,0.0,0.0
fixed-00000024,1250.0,1.0,2.3333333333333335,0.0,0.0
fixed-00000024,1250.0,1.0,2.6666666666666665,0.0,0.0
fixed-00000024,1250.0,1.0,3,0.0,0.0
fixed-00000024,1250.0,1.0,3.3333333333333335,0.0,0.0
fixed-00000024,1250.0,1.0,3.6666666666666665,0.0,0.0
fixed-00000024,1250.0,1.0,4,0.0,0.0
fixed-00000024,1250.0,1.0,4.333333333333333,0.0,0.0
fixed-00000024,1250.0,1.0,4.666666666666667,0.0,0.0
fixed-00000024,1250.0,1.0,5,0.0,0.0
fixed-00000024,1250.0,1.0,5.333333333333333,0.0,0.0
fixed-00000024,1250.0,1.0,5.666666666666667,0.0,0.0
fixed-00000024,1250.0,1.0,6,0.0,0.0
fixed-00000024,1250.0,1.0,6.333333333333333,0.0,0.0
fixed-00000024,1250.0,1.0,6.666666666666667,0.0,0.0
fixed-00000024,1250.0,1.0,7,0.0,0.0
fixed-00000024,1250.0,1.0,7.333333333333333,0.0,0.0
fixed-00000024,1250.0,1.0,7.666666666666667,0.0,0.0
fixed-00000024,1250.0,1.0,8,0.0,0.0
fixed-00000024,1250.0,1.0,8.333333333333334,0.0,0.0
fixed-00000024,1250.0,1.0,8.666666666666666,0.0,0.0
fixed-00000024,1250.0,1.0,9,0.0,0.0
fixed-00000024,1250.0,1.0,9.333333333333334,0.0,0.0
fixed-00000024,1250.0,1.0,9.666666666666666,0.0,0.0
fixed-00000024,1250.0,1.0,10,0.0,0.0
fixed-00000021,1100.0,1.0,-10,0.00064894525235374,5.533890428088924
fixed-00000021,1100.0,1.0,-9.666666666666666,5.405036471017264e-05,5.443873624700231
fixed-00000021,1100.0,1.0,-9.333333333333334,5.976237329487561e-05,5.352347748183732
fixed-00000021,1100.0,1.0,-9,0.0013227105304480103,5.259234011855554
fixed-00000021,1100.0,1.0,-8.666666666666666,7.966468902297976e-05,5.164446529653205
fixed-00000021,1100.0,1.0,-8.333333333333334,6.835890609648009e-05,5.067891386965229
fixed-00000021,1100.0,1.0,-8,0.00216101365257739,4.969465549007921
fixed-00000021,1100.0,1.0,-7.666666666666667,0.00010110700790037684,4.869055570618968
fixed-00000021,1100.0,1.0,-7.333333333333333,9.239368545399786e-05,4.766536061449813
fixed-00000021,1100.0,1.0,-7,0.002600692479339172,4.661767847371507
fixed-00000021,1100.0,1.0,-6.666666666666667,8.288703141931998e-05,4.554595751201461
fixed-00000021,1100.0,1.0,-6.333333333333333,8.445763625658677e-05,4.444845891745132
fixed-00000021,1100.0,1.0,-6,0.005586483169645715,4.332322366851486
fixed-00000021,1100.0,1.0,-5.666666666666667,5.114128738220008e-05,4.216803139556603
fixed-00000021,1100.0,1.0,-5.333333333333333,7.620933049263368e-05,4.098034880007361
fixed-00000021,1100.0,1.0,-5,0.01159157316906766,3.9757264197010898
fixed-00000021,1100.0,1.0,-4.666666666666667,0.0001309506350531931,3.8495403324900224
fixed-00000021,1100.0,1.0,-4.333333333333333,0.0001351553926843962,3.7190819422639123
fixed-00000021,1100.0,1.0,-4,0.019542319582598305,3.5838847252344834
fixed-00000021,1100.0,1.0,-3.6666666666666665,0.0001397097046540692,3.4433905466842134
fixed-00000021,1100.0,1.0,-3.3333333333333335,0.00027615201029706165,3.2969223052711527
fixed-00000021,1100.0,1.0,-3,0.01737829178317706,3.1436450829909717
fixed-00000021,1100.0,1.0,-2.6666666666666665,0.00022231055201655937,2.9825092813767924
fixed-00000021,1100.0,1.0,-2.3333333333333335,0.00024100487805971035,2.8121643440764075
fixed-00000021,1100.0,1.0,-2,0.06033433237162437,2.630822011397143
fixed-00000021,1100.0,1.0,-1.6666666666666667,0.00012655136975444543,2.4360275204146546
fixed-00000021,1100.0,1.0,-1.3333333333333333,9.332924602416349e-05,2.2242493488466692
fixed-00000021,1100.0,1.0,-1,0.13316151195014544,1.9900727892673302
fixed-00000021,1100.0,1.0,-0.6666666666666666,6.392042048883639e-05,1.7243966180913333
fixed-00000021,1100.0,1.0,-0.3333333333333333,9.840515822486967e-05,1.4095201770832944
fixed-00000021,1100.0,1.0,0,0.204943094512228,0.9999999999999005
fixed-00000021,1100.0,1.0,0.3333333333333333,1.3093084726021722e-05,0.11533560475186277
fixed-00000021,1100.0,1.0,0.6666666666666666,0.0,0.0
fixed-00000021,1100.0,1.0,1,0.0,0.0
fixed-00000021,1100.0,1.0,1.3333333333333333,0.0,0.0
fixed-00000021,1100.0,1.0,1.6666666666666667,0.0,0.0
fixed-00000021,1100.0,1.0,2,0.0,0.0
fixed-00000021,1100.0,1.0,2.3333333333333335,0.0,0.0
fixed-00000021,1100.0,1.0,2.6666666666666665,0.0,0.0
fixed-00000021,1100.0,1.0,3,0.0,0.0
fixed-00000021,1100.0,1.0,3.3333333333333335,0.0,0.0
fixed-00000021,1100.0,1.0,3.6666666666666665,0.0,0.0
fixed-00000021,1100.0,1.0,4,0.0,0.0
fixed-00000021,1100.0,1.0,4.333333333333333,0.0,0.0
fixed-00000021,1100.0,1.0,4.666666666666667,0.0,0.0
fixed-00000021,1100.0,1.0,5,0.0,0.0
fixed-00000021,1100.0,1.0,5.333333333333333,0.0,0.0
fixed-00000021,1100.0,1.0,5.666666666666667,0.0,0.0
fixed-00000021,1100.0,1.0,6,0.0,0.0
fixed-00000021,1100.0,1.0,6.333333333333333,0.0,0.0
fixed-00000021,1100.0,1.0,6.666666666666667,0.0,0.0
fixed-00000021,1100.0,1.0,7,0.0,0.0
fixed-00000021,1100.0,1.0,7.333333333333333,0.0,0.0
fixed-00000021,1100.0,1.0,7.666666666666667,0.0,0.0
fixed-00000021,1100.0,1.0,8,0.0,0.0
fixed-00000021,1100.0,1.0,8.333333333333334,0.0,0.0
fixed-00000021,1100.0,1.0,8.666666666666666,0.0,0.0
fixed-00000021,1100.0,1.0,9,0.0,0.0
fixed-00000021,1100.0,1.0,9.333333333333334,0.0,0.0
fixed-00000021,1100.0,1.0,9.666666666666666,0.0,0.0
fixed-00000021,1100.0,1.0,10,0.0,0.0
fixed-00000025,1300.0,1.0,-10,0.00021453208134559419,5.105243521557625
fixed-00000025,1300.0,1.0,-9.666666666666666,5.3239668566959264e-05,5.022703139366996
fixed-00000025,1300.0,1.0,-9.333333333333334,4.600636014488577e-05,4.938787071167951
fixed-00000025,1300.0,1.0,-9,0.000555077227508221,4.853423959966051
fixed-00000025,1300.0,1.0,-8.666666666666666,8.073134341580146e-05,4.766536061449813
fixed-00000025,1300.0,1.0,-8.333333333333334,5.7310785917398345e-05,4.678038413748467
fixed-00000025,1300.0,1.0,-8,0.0009746766314103469,4.5878378630649195
fixed-00000025,1300.0,1.0,-7.666666666666667,7.402179030370302e-05,4.495831913370694
fixed-00000025,1300.0,1.0,-7.333333333333333,8.552451113546134e-05,4.401907359704836
fixed-00000025,1300.0,1.0,-7,0.0011063067217496887,4.305938653137375
fixed-00000025,1300.0,1.0,-6.666666666666667,7.947983319212738e-05,4.207785930052012
fixed-00000025,1300.0,1.0,-6.333333333333333,5.070809252884327e-05,4.107292617466811
fixed-00000025,1300.0,1.0,-6,0.003921616036355142,4.004282497280798
fixed-00000025,1300.0,1.0,-5.666666666666667,3.7706648845885584e-05,3.8985560720770422
fixed-00000025,1300.0,1.0,-5.333333333333333,7.174933483035258e-05,3.7898860179674188
fixed-00000025,1300.0,1.0,-5,0.009177246166338152,3.6780114274684195
fixed-00000025,1300.0,1.0,-4.666666666666667,0.00013385851888148933,3.5626304239601723
fixed-00000025,1300.0,1.0,-4.333333333333333,0.00013788240996301824,3.4433905466842134
fixed-00000025,1300.0,1.0,-4,0.017239729132239492,3.3198760240076126
fixed-00000025,1300.0,1.0,-3.6666666666666665,0.0001496811021163666,3.1915906077498164
fixed-00000025,1300.0,1.0,-3.3333333333333335,0.00028291829828411063,3.057933915485762
fixed-00000025,1300.0,1.0,-3,0.021813884083051658,2.9181680011911197
fixed-00000025,1300.0,1.0,-2.6666666666666665,0.0002361647340002837,2.7713687158090323
fixed-00000025,1300.0,1.0,-2.3333333333333335,0.00021582000161673437,2.616352433300605
fixed-00000025,1300.0,1.0,-2,0.07317061264484431,2.4515609248788337
fixed-00000025,1300.0,1.0,-1.6666666666666667,0.00013070570604037547,2.2748708303598306
fixed-00000025,1300.0,1.0,-1.3333333333333333,9.319713063703677e-05,2.0832568326840715
fixed-00000025,1300.0,1.0,-1,0.09766058902837872,1.8721421348540446
fixed-00000025,1300.0,1.0,-0.6666666666666666,5.009472037225272e-05,1.6339855316782774
fixed-00000025,1300.0,1.0,-0.3333333333333333,0.00011151455276385898,1.35459833944779
fixed-00000025,1300.0,1.0,0,0.18011461018147343,0.9999999999999005
fixed-00000025,1300.0,1.0,0.3333333333333333,4.809195489602926e-05,0.4063234308119803
fixed-00000025,1300.0,1.0,0.6666666666666666,0.0,0.0
fixed-00000025,1300.0,1.0,1,0.0,0.0
fixed-00000025,1300.0,1.0,1.3333333333333333,0.0,0.0
fixed-00000025,1300.0,1.0,1.6666666666666667,0.0,0.0
fixed-00000025,1300.0,1.0,2,0.0,0.0
fixed-00000025,1300.0,1.0,2.3333333333333335,0.0,0.0
fixed-00000025,1300.0,1.0,2.6666666666666665,0.0,0.0
fixed-00000025,1300.0,1.0,3,0.0,0.0
fixed-00000025,1300.0,1.0,3.3333333333333335,0.0,0.0
fixed-00000025,1300.0,1.0,3.6666666666666665,0.0,0.0
fixed-00000025,1300.0,1.0,4,0.0,0.0
fixed-00000025,1300.0,1.0,4.333333333333333,0.0,0.0
fixed-00000025,1300.0,1.0,4.666666666666667,0.0,0.0
fixed-00000025,1300.0,1.0,5,0.0,0.0
fixed-00000025,1300.0,1.0,5.333333333333333,0.0,0.0
fixed-00000025,1300.0,1.0,5.666666666666667,0.0,0.0
fixed-00000025,1300.0,1.0,6,0.0,0.0
fixed-00000025,1300.0,1.0,6.333333333333333,0.0,0.0
fixed-00000025,1300.0,1.0,6.666666666666667,0.0,0.0
fixed-00000025,1300.0,1.0,7,0.0,0.0
fixed-00000025,1300.0,1.0,7.333333333333333,0.0,0.0
fixed-00000025,1300.0,1.0,7.666666666666667,0.0,0.0
fixed-00000025,1300.0,1.0,8,0.0,0.0
fixed-00000025,1300.0,1.0,8.333333333333334,0.0,0.0
fixed-00000025,1300.0,1.0,8.666666666666666,0.0,0.0
fixed-00000025,1300.0,1.0,9,0.0,0.0
fixed-00000025,1300.0,1.0,9.333333333333334,0.0,0.0
fixed-00000025,1300.0,1.0,9.666666666666666,0.0,0.0
fixed-00000025,1300.0,1.0,10,0.0,0.0
fixed-00000026,1350.0,1.0,-10,0.00016867790386163305,5.0134483205834215
fixed-00000026,1350.0,1.0,-9.666666666666666,5.4048550418430847e-05,4.932514416889845
fixed-00000026,1350.0,1.0,-9.333333333333334,4.3128008884016486e-05,4.850233581442254
fixed-00000026,1350.0,1.0,-9,0.000421395274215004,4.766536061449813
fixed-00000026,1350.0,1.0,-8.666666666666666,8.065431656860068e-05,4.6813458707141535
fixed-00000026,1350.0,1.0,-8.333333333333334,5.671981314703103e-05,4.5945799807788035
fixed-00000026,1350.0,1.0,-8,0.0007510152520230646,4.506147371917308
fixed-00000026,1350.0,1.0,-7.666666666666667,6.939299683497825e-05,4.415947913077773
fixed-00000026,1350.0,1.0,-7.333333333333333,8.048349439461458e-05,4.323871031527375
fixed-00000026,1350.0,1.0,-7,0.0008333497837484577,4.2297941218231045
fixed-00000026,1350.0,1.0,-6.666666666666667,7.690728706208604e-05,4.133580628821875
fixed-00000026,1350.0,1.0,-6.333333333333333,4.3540648473005626e-05,4.035077719194987
fixed-00000026,1350.0,1.0,-6,0.003440294033311978,3.9341134280419823
fixed-00000026,1350.0,1.0,-5.666666666666667,3.906560595050301e-05,3.8304931283083334
fixed-00000026,1350.0,1.0,-5.333333333333333,7.123596779562762e-05,3.7239951155539757
fixed-00000026,1350.0,1.0,-5,0.0081932071550961,3.6143650210563436
fixed-00000026,1350.0,1.0,-4.666666666666667,0.00012865764942615322,3.501308649218217
fixed-00000026,1350.0,1.0,-4.333333333333333,0.00014384925273512974,3.3844826594935853
fixed-00000026,1350.0,1.0,-4,0.015633698051373084,3.263482242663571
fixed-00000026,1350.0,1.0,-3.6666666666666665,0.00015567573070582885,3.1378245140815153
fixed-00000026,1350.0,1.0,-3.3333333333333335,0.00027996013960811776,3.006925650588144
fixed-00000026,1350.0,1.0,-3,0.02316895705797657,2.870068623907869
fixed-00000026,1350.0,1.0,-2.6666666666666665,0.000230655583112678,2.7263563214075504
fixed-00000026,1350.0,1.0,-2.3333333333333335,0.00020884879863549671,2.5746410470119514
fixed-00000026,1350.0,1.0,-2,0.07454958985485105,2.413413990960535
fixed-00000026,1350.0,1.0,-1.6666666666666667,0.00013059116234774126,2.2406227929917435
fixed-00000026,1350.0,1.0,-1.3333333333333333,9.550213513099183e-05,2.053350126956559
fixed-00000026,1350.0,1.0,-1,0.09207681709118239,1.847196746083199
fixed-00000026,1350.0,1.0,-0.6666666666666666,4.756866373886828e-05,1.6149482102724448
fixed-00000026,1350.0,1.0,-0.3333333333333333,0.00010960563069847087,1.3431353059242213
fixed-00000026,1350.0,1.0,0,0.17282428109923467,0.9999999999999005
fixed-00000026,1350.0,1.0,0.3333333333333333,5.330811360499459e-05,0.4427418757979211
fixed-00000026,1350.0,1.0,0.6666666666666666,0.0,0.0
fixed-00000026,1350.0,1.0,1,0.0,0.0
fixed-00000026,1350.0,1.0,1.3333333333333333,0.0,0.0
fixed-00000026,1350.0,1.0,1.6666666666666667,0.0,0.0
fixed-00000026,1350.0,1.0,2,0.0,0.0
fixed-00000026,1350.0,1.0,2.3333333333333335,0.0,0.0
fixed-00000026,1350.0,1.0,2.6666666666666665,0.0,0.0
fixed-00000026,1350.0,1.0,3,0.0,0.0
fixed-00000026,1350.0,1.0,3.3333333333333335,0.0,0.0
fixed-00000026,1350.0,1.0,3.6666666666666665,0.0,0.0
fixed-00000026,1350.0,1.0,4,0.0,0.0
fixed-00000026,1350.0,1.0,4.333333333333333,0.0,0.0
fixed-00000026,1350.0,1.0,4.666666666666667,0.0,0.0
fixed-00000026,1350.0,1.0,5,0.0,0.0
fixed-00000026,1350.0,1.0,5.333333333333333,0.0,0.0
fixed-00000026,1350.0,1.0,5.666666666666667,0.0,0.0
fixed-00000026,1350.0,1.0,6,0.0,0.0
fixed-00000026,1350.0,1.0,6.333333333333333,0.0,0.0
fixed-00000026,1350.0,1.0,6.666666666666667,0.0,0.0
fixed-00000026,1350.0,1.0,7,0.0,0.0
fixed-00000026,1350.0,1.0,7.333333333333333,0.0,0.0
fixed-00000026,1350.0,1.0,7.666666666666667,0.0,0.0
fixed-00000026,1350.0,1.0,8,0.0,0.0
fixed-00000026,1350.0,1.0,8.333333333333334,0.0,0.0
fixed-00000026,1350.0,1.0,8.666666666666666,0.0,0.0
fixed-00000026,1350.0,1.0,9,0.0,0.0
fixed-00000026,1350.0,1.0,9.333333333333334,0.0,0.0
fixed-00000026,1350.0,1.0,9.666666666666666,0.0,0.0
fixed-00000026,1350.0,1.0,10,0.0,0.0
fixed-00000027,1400.0,1.0,-10,0.00013997342020150065,4.926682676009165
fixed-00000027,1400.0,1.0,-9.666666666666666,5.512094078382845e-05,4.84726921137684
fixed-00000027,1400.0,1.0,-9.333333333333334,4.073214123934706e-05,4.766536061449884
fixed-00000027,1400.0,1.0,-9,0.00031154453625220646,4.684414994405643
fixed-00000027,1400.0,1.0,-8.666666666666666,7.991365169230176e-05,4.60083169098786
fixed-00000027,1400.0,1.0,-8.333333333333334,5.682968641734057e-05,4.5157049559471005
fixed-00000027,1400.0,1.0,-8,0.0005556143238903799,4.428945793077645
fixed-00000027,1400.0,1.0,-7.666666666666667,6.606285019209541e-05,4.3404563138531955
fixed-00000027,1400.0,1.0,-7.333333333333333,7.466165766370759e-05,4.250128441543438
fixed-00000027,1400.0,1.0,-7,0.000628993805382635,4.1578423619196485
fixed-00000027,1400.0,1.0,-6.666666666666667,7.340239187965481e-05,4.06346465721613
fixed-00000027,1400.0,1.0,-6.333333333333333,3.7664518081621315e-05,3.9668460404131025
fixed-00000027,1400.0,1.0,-6,0.002944591379836944,3.8678185799451796
fixed-00000027,1400.0,1.0,-5.666666666666667,4.170385367487218e-05,3.766192267348913
fixed-00000027,1400.0,1.0,-5.333333333333333,7.149659685133785e-05,3.6617507270784415
fixed-00000027,1400.0,1.0,-5,0.007190730455764206,3.5542457909297553
fixed-00000027,1400.0,1.0,-4.666666666666667,0.00012287493492233576,3.4433905466842134
fixed-00000027,1400.0,1.0,-4.333333333333333,0.00015242168438469724,3.3288503012797293
fixed-00000027,1400.0,1.0,-4,0.013702680985966246,3.2102306386706374
fixed-00000027,1400.0,1.0,-3.6666666666666665,0.0001620026368328431,3.087061342035952
fixed-00000027,1400.0,1.0,-3.3333333333333335,0.0002778647196469964,2.9587742822907046
fixed-00000027,1400.0,1.0,-3,0.02458546160415699,2.824672250496718
fixed-00000027,1400.0,1.0,-2.6666666666666665,0.00022257682516111862,2.6838837408036937
fixed-00000027,1400.0,1.0,-2.3333333333333335,0.00020180341702875516,2.535295068612527
fixed-00000027,1400.0,1.0,-2,0.07461230740791842,2.3774441680474325
fixed-00000027,1400.0,1.0,-1.6666666666666667,0.0001294799059236492,2.2083457593904257
fixed-00000027,1400.0,1.0,-1.3333333333333333,9.92655777773269e-05,2.0251843729778187
fixed-00000027,1400.0,1.0,-1,0.0890254083758455,1.8237277822919253
fixed-00000027,1400.0,1.0,-0.6666666666666666,4.62672869810243e-05,1.5970675715772416
fixed-00000027,1400.0,1.0,-0.3333333333333333,0.00010570836033752452,1.3324027748808476
fixed-00000027,1400.0,1.0,0,0.16381870958171058,1.0000000000002558
fixed-00000027,1400.0,1.0,0.3333333333333333,5.8031293605028806e-05,0.4740605043346875
fixed-00000027,1400.0,1.0,0.6666666666666666,0.0,0.0
fixed-00000027,1400.0,1.0,1,0.0,0.0
fixed-00000027,1400.0,1.0,1.3333333333333333,0.0,0.0
fixed-00000027,1400.0,1.0,1.6666666666666667,0.0,0.0
fixed-00000027,1400.0,1.0,2,0.0,0.0
fixed-00000027,1400.0,1.0,2.3333333333333335,0.0,0.0
fixed-00000027,1400.0,1.0,2.6666666666666665,0.0,0.0
fixed-00000027,1400.0,1.0,3,0.0,0.0
fixed-00000027,1400.0,1.0,3.3333333333333335,0.0,0.0
fixed-00000027,1400.0,1.0,3.6666666666666665,0.0,0.0
fixed-00000027,1400.0,1.0,4,0.0,0.0
fixed-00000027,1400.0,1.0,4.333333333333333,0.0,0.0
fixed-00000027,1400.0,1.0,4.666666666666667,0.0,0.0
fixed-00000027,1400.0,1.0,5,0.0,0.0
fixed-00000027,1400.0,1.0,5.333333333333333,0.0,0.0
fixed-00000027,1400.0,1.0,5.666666666666667,0.0,0.0
fixed-00000027,1400.0,1.0,6,0.0,0.0
fixed-00000027,1400.0,1.0,6.333333333333333,0.0,0.0
fixed-00000027,1400.0,1.0,6.666666666666667,0.0,0.0
fixed-00000027,1400.0,1.0,7,0.0,0.0
fixed-00000027,1400.0,1.0,7.333333333333333,0.0,0.0
fixed-00000027,1400.0,1.0,7.666666666666667,0.0,0.0
fixed-00000027,1400.0,1.0,8,0.0,0.0
fixed-00000027,1400.0,1.0,8.333333333333334,0.0,0.0
fixed-00000027,1400.0,1.0,8.666666666666666,0.0,0.0
fixed-00000027,1400.0,1.0,9,0.0,0.0
fixed-00000027,1400.0,1.0,9.333333333333334,0.0,0.0
fixed-00000027,1400.0,1.0,9.666666666666666,0.0,0.0
fixed-00000027,1400.0,1.0,10,0.0,0.0
fixed-00000030,1550.0,1.0,-10,0.00010258901067751988,4.692424863675043
fixed-00000030,1550.0,1.0,-9.666666666666666,5.875405557473417e-05,4.617126935327192
fixed-00000030,1550.0,1.0,-9.333333333333334,3.61135334771056e-05,4.540583236769621
fixed-00000030,1550.0,1.0,-9,0.00010654972296649922,4.462729666743414
fixed-00000030,1550.0,1.0,-8.666666666666666,7.470618191377972e-05,4.3834964332125
fixed-00000030,1550.0,1.0,-8.333333333333334,5.854396534152708e-05,4.3028073199443355
fixed-00000030,1550.0,1.0,-8,0.00017281964362405444,4.220578826895647
fixed-00000030,1550.0,1.0,-7.666666666666667,5.933912871287121e-05,4.136719156804574
fixed-00000030,1550.0,1.0,-7.333333333333333,5.7032576911401476e-05,4.051127012960549
fixed-00000030,1550.0,1.0,-7,0.0002930660953438182,3.963690163282564
fixed-00000030,1550.0,1.0,-6.666666666666667,6.275237431966005e-05,3.874283712666923
fixed-00000030,1550.0,1.0,-6.333333333333333,3.018036772674283e-05,3.7827680077171664
fixed-00000030,1550.0,1.0,-6,0.0014798462641821602,3.6889860734746094
fixed-00000030,1550.0,1.0,-5.666666666666667,4.8861204568379094e-05,3.592760447671239
fixed-00000030,1550.0,1.0,-5.333333333333333,7.954339915588301e-05,3.4938892298212068
fixed-00000030,1550.0,1.0,-5,0.004279181020703654,3.392141093158216
fixed-00000030,1550.0,1.0,-4.666666666666667,0.00011266812886192157,3.2872489058656953
fixed-00000030,1550.0,1.0,-4.333333333333333,0.0001894892892492928,3.1789014561327633
fixed-00000030,1550.0,1.0,-4,0.007793239595680815,3.066732542923404
fixed-00000030,1550.0,1.0,-3.6666666666666665,0.00017374977685048285,2.950306328681066
fixed-00000030,1550.0,1.0,-3.3333333333333335,0.0002862325490037129,2.8290972580252856
fixed-00000030,1550.0,1.0,-3,0.026797888626281453,2.7024618544260903
fixed-00000030,1550.0,1.0,-2.6666666666666665,0.0001882188015752651,2.5695979780341247
fixed-00000030,1550.0,1.0,-2.3333333333333335,0.00017578369407905456,2.42948397309047
fixed-00000030,1550.0,1.0,-2,0.06800061463282356,2.2807840522206106
fixed-00000030,1550.0,1.0,-1.6666666666666667,0.00011992903724947307,2.1216937381888386
fixed-00000030,1550.0,1.0,-1.3333333333333333,0.00011680228936073838,1.9496711647855278
fixed-00000030,1550.0,1.0,-1,0.0895346980000754,1.7609304038256255
fixed-00000030,1550.0,1.0,-0.6666666666666666,4.8469546854510906e-05,1.5493737526847724
fixed-00000030,1550.0,1.0,-0.3333333333333333,9.406145783848672e-05,1.3039428913277362
fixed-00000030,1550.0,1.0,0,0.13439833258512873,0.9999999999999005
fixed-00000030,1550.0,1.0,0.3333333333333333,7.506758114697826e-05,0.5475014446115836
fixed-00000030,1550.0,1.0,0.6666666666666666,0.0,0.0
fixed-00000030,1550.0,1.0,1,0.0,0.0
fixed-00000030,1550.0,1.0,1.3333333333333333,0.0,0.0
fixed-00000030,1550.0,1.0,1.6666666666666667,0.0,0.0
fixed-00000030,1550.0,1.0,2,0.0,0.0
fixed-00000030,1550.0,1.0,2.3333333333333335,0.0,0.0
fixed-00000030,1550.0,1.0,2.6666666666666665,0.0,0.0
fixed-00000030,1550.0,1.0,3,0.0,0.0
fixed-00000030,1550.0,1.0,3.3333333333333335,0.0,0.0
fixed-00000030,1550.0,1.0,3.6666666666666665,0.0,0.0
fixed-00000030,1550.0,1.0,4,0.0,0.0
fixed-00000030,1550.0,1.0,4.333333333333333,0.0,0.0
fixed-00000030,1550.0,1.0,4.666666666666667,0.0,0.0
fixed-00000030,1550.0,1.0,5,0.0,0.0
fixed-00000030,1550.0,1.0,5.333333333333333,0.0,0.0
fixed-00000030,1550.0,1.0,5.666666666666667,0.0,0.0
fixed-00000030,1550.0,1.0,6,0.0,0.0
fixed-00000030,1550.0,1.0,6.333333333333333,0.0,0.0
fixed-00000030,1550.0,1.0,6.666666666666667,0.0,0.0
fixed-00000030,1550.0,1.0,7,0.0,0.0
fixed-00000030,1550.0,1.0,7.333333333333333,0.0,0.0
fixed-00000030,1550.0,1.0,7.666666666666667,0.0,0.0
fixed-00000030,1550.0,1.0,8,0.0,0.0
fixed-00000030,1550.0,1.0,8.333333333333334,0.0,0.0
fixed-00000030,1550.0,1.0,8.666666666666666,0.0,0.0
fixed-00000030,1550.0,1.0,9,0.0,0.0
fixed-00000030,1550.0,1.0,9.333333333333334,0.0,0.0
fixed-00000030,1550.0,1.0,9.666666666666666,0.0,0.0
fixed-00000030,1550.0,1.0,10,0.0,0.0
fixed-00000032,1650.0,1.0,-10,9.381398960129394e-05,4.554595751201546
fixed-00000032,1650.0,1.0,-9.666666666666666,5.9405651891663674e-05,4.481727194727753
fixed-00000032,1650.0,1.0,-9.333333333333334,3.6044382065065914e-05,4.407656617716938
fixed-00000032,1650.0,1.0,-9,5.8916128326395215e-05,4.332322366851486
fixed-00000032,1650.0,1.0,-8.666666666666666,6.983482171866162e-05,4.255657333250397
fixed-00000032,1650.0,1.0,-8.333333333333334,5.9356163556141347e-05,4.177588251744794
fixed-00000032,1650.0,1.0,-8,6.500743691514303e-05,4.098034880007532
fixed-00000032,1650.0,1.0,-7.666666666666667,4.990784694859141e-05,4.016909031358324
fixed-00000032,1650.0,1.0,-7.333333333333333,4.5646612391699725e-05,3.9341134280419823
fixed-00000032,1650.0,1.0,-7,0.00018194914280221912,3.8495403324901076
fixed-00000032,1650.0,1.0,-6.666666666666667,6.0450817679685956e-05,3.7630699016555553
fixed-00000032,1650.0,1.0,-6.333333333333333,3.354674480901092e-05,3.6745681926952187
fixed-00000032,1650.0,1.0,-6,0.000805602256563781,3.583884725234384
fixed-00000032,1650.0,1.0,-5.666666666666667,5.004112798874466e-05,3.4908494734066124
fixed-00000032,1650.0,1.0,-5.333333333333333,9.056260000622002e-05,3.3952691156442114
fixed-00000032,1650.0,1.0,-5,0.0024803358301148312,3.296922305271039
fixed-00000032,1650.0,1.0,-4.666666666666667,0.000110408569904087,3.195553630008604
fixed-00000032,1650.0,1.0,-4.333333333333333,0.00021360570739017789,3.09086578674723
fixed-00000032,1650.0,1.0,-4,0.00469283560481909,2.9825092813767924
fixed-00000032,1650.0,1.0,-3.6666666666666665,0.0001736073754838,2.870068623907869
fixed-00000032,1650.0,1.0,-3.3333333333333335,0.0002961334606734692,2.7530434408569278
fixed-00000032,1650.0,1.0,-3,0.023728043799494475,2.630822011397143
fixed-00000032,1650.0,1.0,-2.6666666666666665,0.0001574181724229524,2.5026431446364086
fixed-00000032,1650.0,1.0,-2.3333333333333335,0.00015257549247751445,2.367539428756146
fixed-00000032,1650.0,1.0,-2,0.061485089908007676,2.2242493488464987
fixed-00000032,1650.0,1.0,-1.6666666666666667,0.00011145949564979674,2.0710744470019193
fixed-00000032,1650.0,1.0,-1.3333333333333333,0.00012963113643701352,1.9056325832889627
fixed-00000032,1650.0,1.0,-1,0.08416945815273627,1.7243966180915464
fixed-00000032,1650.0,1.0,-0.6666666666666666,4.9053251957134667e-05,1.5217338220729317
fixed-00000032,1650.0,1.0,-0.3333333333333333,9.684900621174965e-05,1.2875658922945235
fixed-00000032,1650.0,1.0,0,0.13085772159874193,0.9999999999999005
fixed-00000032,1650.0,1.0,0.3333333333333333,9.678731639018603e-05,0.5849752494586085
fixed-00000032,1650.0,1.0,0.6666666666666666,0.0,0.0
fixed-00000032,1650.0,1.0,1,0.0,0.0
fixed-00000032,1650.0,1.0,1.3333333333333333,0.0,0.0
fixed-00000032,1650.0,1.0,1.6666666666666667,0.0,0.0
fixed-00000032,1650.0,1.0,2,0.0,0.0
fixed-00000032,1650.0,1.0,2.3333333333333335,0.0,0.0
fixed-00000032,1650.0,1.0,2.6666666666666665,0.0,0.0
fixed-00000032,1650.0,1.0,3,0.0,0.0
fixed-00000032,1650.0,1.0,3.3333333333333335,0.0,0.0
fixed-00000032,1650.0,1.0,3.6666666666666665,0.0,0.0
fixed-00000032,1650.0,1.0,4,0.0,0.0
fixed-00000032,1650.0,1.0,4.333333333333333,0.0,0.0
fixed-00000032,1650.0,1.0,4.666666666666667,0.0,0.0
fixed-00000032,1650.0,1.0,5,0.0,0.0
fixed-00000032,1650.0,1.0,5.333333333333333,0.0,0.0
fixed-00000032,1650.0,1.0,5.666666666666667,0.0,0.0
fixed-00000032,1650.0,1.0,6,0.0,0.0
fixed-00000032,1650.0,1.0,6.333333333333333,0.0,0.0
fixed-00000032,1650.0,1.0,6.666666666666667,0.0,0.0
fixed-00000032,1650.0,1.0,7,0.0,0.0
fixed-00000032,1650.0,1.0,7.333333333333333,0.0,0.0
fixed-00000032,1650.0,1.0,7.666666666666667,0.0,0.0
fixed-00000032,1650.0,1.0,8,0.0,0.0
fixed-00000032,1650.0,1.0,8.333333333333334,0.0,0.0
fixed-00000032,1650.0,1.0,8.666666666666666,0.0,0.0
fixed-00000032,1650.0,1.0,9,0.0,0.0
fixed-00000032,1650.0,1.0,9.333333333333334,0.0,0.0
fixed-00000032,1650.0,1.0,9.666666666666666,0.0,0.0
fixed-00000032,1650.0,1.0,10,0.0,0.0
fixed-00000028,1450.0,1.0,-10,0.00012274860508383847,4.844507653945172
fixed-00000028,1450.0,1.0,-9.666666666666666,5.643767492098165e-05,4.766536061449813
fixed-00000028,1450.0,1.0,-9.333333333333334,3.880111595929403e-05,4.687270651932977
fixed-00000028,1450.0,1.0,-9,0.0002226979630613621,4.606644638415261
fixed-00000028,1450.0,1.0,-8.666666666666666,7.848444778495975e-05,4.524585285194732
fixed-00000028,1450.0,1.0,-8.333333333333334,5.729248139629573e-05,4.441013138569474
fixed-00000028,1450.0,1.0,-8,0.0003936827767890402,4.355841124728585
fixed-00000028,1450.0,1.0,-7.666666666666667,6.383019918578659e-05,4.268973485650292
fixed-00000028,1450.0,1.0,-7.333333333333333,6.860737335092634e-05,4.1803045159733045
fixed-00000028,1450.0,1.0,-7,0.00048290720681348846,4.08971705335729
fixed-00000028,1450.0,1.0,-6.666666666666667,6.941780475229057e-05,3.99708066085023
fixed-00000028,1450.0,1.0,-6.333333333333333,3.3393220875321434e-05,3.90224942079972
fixed-00000028,1450.0,1.0,-6,0.0024376217651123095,3.805059233741787
fixed-00000028,1450.0,1.0,-5.666666666666667,4.4723691973619814e-05,3.705324479340149
fixed-00000028,1450.0,1.0,-5.333333333333333,7.288800131796982e-05,3.602833844943646
fixed-00000028,1450.0,1.0,-5,0.0061930256318712285,3.497345053166029
fixed-00000028,1450.0,1.0,-4.666666666666667,0.0001178192901114421,3.388578111021971
fixed-00000028,1450.0,1.0,-4.333333333333333,0.00016327113424832035,3.276206539955737
fixed-00000028,1450.0,1.0,-4,0.01163818001335472,3.1598457956296073
fixed-00000028,1450.0,1.0,-3.6666666666666665,0.00016756439118502075,3.039037691610048
fixed-00000028,1450.0,1.0,-3.3333333333333335,0.00027800211297146667,2.9132290000025165
fixed-00000028,1450.0,1.0,-3,0.02586112446800848,2.7817413243945737
fixed-00000028,1450.0,1.0,-2.6666666666666665,0.000212588426545443,2.643727455052357
fixed-00000028,1450.0,1.0,-2.3333333333333335,0.00019425290346298645,2.4981059597451036
fixed-00000028,1450.0,1.0,-2,0.07334185071807796,2.343459063393084
fixed-00000028,1450.0,1.0,-1.6666666666666667,0.00012718919892926048,2.1778649730994744
fixed-00000028,1450.0,1.0,-1.3333333333333333,0.00010430576884523718,1.9986044534327334
fixed-00000028,1450.0,1.0,-1,0.08826852562839953,1.801602658713989
fixed-00000028,1450.0,1.0,-0.6666666666666666,4.6246943949450984e-05,1.580238265031852
fixed-00000028,1450.0,1.0,-0.3333333333333333,0.00010089193528451377,1.3223321299279718
fixed-00000028,1450.0,1.0,0,0.15349659235639349,0.9999999999999005
fixed-00000028,1450.0,1.0,0.3333333333333333,6.273192818291678e-05,0.5014640427325361
fixed-00000028,1450.0,1.0,0.6666666666666666,0.0,0.0
fixed-00000028,1450.0,1.0,1,0.0,0.0
fixed-00000028,1450.0,1.0,1.3333333333333333,0.0,0.0
fixed-00000028,1450.0,1.0,1.6666666666666667,0.0,0.0
fixed-00000028,1450.0,1.0,2,0.0,0.0
fixed-00000028,1450.0,1.0,2.3333333333333335,0.0,0.0
fixed-00000028,1450.0,1.0,2.6666666666666665,0.0,0.0
fixed-00000028,1450.0,1.0,3,0.0,0.0
fixed-00000028,1450.0,1.0,3.3333333333333335,0.0,0.0
fixed-00000028,1450.0,1.0,3.6666666666666665,0.0,0.0
fixed-00000028,1450.0,1.0,4,0.0,0.0
fixed-00000028,1450.0,1.0,4.333333333333333,0.0,0.0
fixed-00000028,1450.0,1.0,4.666666666666667,0.0,0.0
fixed-00000028,1450.0,1.0,5,0.0,0.0
fixed-00000028,1450.0,1.0,5.333333333333333,0.0,0.0
fixed-00000028,1450.0,1.0,5.666666666666667,0.0,0.0
fixed-00000028,1450.0,1.0,6,0.0,0.0
fixed-00000028,1450.0,1.0,6.333333333333333,0.0,0.0
fixed-00000028,1450.0,1.0,6.666666666666667,0.0,0.0
fixed-00000028,1450.0,1.0,7,0.0,0.0
fixed-00000028,1450.0,1.0,7.333333333333333,0.0,0.0
fixed-00000028,1450.0,1.0,7.666666666666667,0.0,0.0
fixed-00000028,1450.0,1.0,8,0.0,0.0
fixed-00000028,1450.0,1.0,8.333333333333334,0.0,0.0
fixed-00000028,1450.0,1.0,8.666666666666666,0.0,0.0
fixed-00000028,1450.0,1.0,9,0.0,0.0
fixed-00000028,1450.0,1.0,9.333333333333334,0.0,0.0
fixed-00000028,1450.0,1.0,9.666666666666666,0.0,0.0
fixed-00000028,1450.0,1.0,10,0.0,0.0
fixed-00000031,1600.0,1.0,-10,9.668907230630082e-05,4.621868916195766
fixed-00000031,1600.0,1.0,-9.666666666666666,5.928745164607605e-05,4.547813819769246
fixed-00000031,1600.0,1.0,-9.333333333333334,3.5583777207964146e-05,4.4725353235286605
fixed-00000031,1600.0,1.0,-9,7.643157217321293e-05,4.395970577624837
fixed-00000031,1600.0,1.0,-8.666666666666666,7.250543250119917e-05,4.318051161663007
fixed-00000031,1600.0,1.0,-8.333333333333334,5.910924897134308e-05,4.238702367996808
fixed-00000031,1600.0,1.0,-8,0.00010591886967029407,4.157842361919549
fixed-00000031,1600.0,1.0,-7.666666666666667,5.519014340992249e-05,4.075381191880595
fixed-00000031,1600.0,1.0,-7.333333333333333,5.131292951136967e-05,3.9912196156325166
fixed-00000031,1600.0,1.0,-7,0.0002284543434328453,3.905247698656538
fixed-00000031,1600.0,1.0,-6.666666666666667,6.108660693070704e-05,3.817343128427737
fixed-00000031,1600.0,1.0,-6.333333333333333,3.111427873508363e-05,3.7273691707622163
fixed-00000031,1600.0,1.0,-6,0.0010970556465004198,3.635172170738457
fixed-00000031,1600.0,1.0,-5.666666666666667,4.956106889426889e-05,3.540578467638454
fixed-00000031,1600.0,1.0,-5.333333333333333,8.462794825570863e-05,3.443390546684313
fixed-00000031,1600.0,1.0,-5,0.0033629576568952172,3.3433821832752386
fixed-00000031,1600.0,1.0,-4.666666666666667,0.00011178623700594054,3.240292237270552
fixed-00000031,1600.0,1.0,-4.333333333333333,0.00020263305651806027,3.1338166081439596
fixed-00000031,1600.0,1.0,-4,0.006138982403990379,3.0235976374505924
fixed-00000031,1600.0,1.0,-3.6666666666666665,0.00017416499380488543,2.9092098927604297
fixed-00000031,1600.0,1.0,-3.3333333333333335,0.00029205181461899003,2.7901406975918377
fixed-00000031,1600.0,1.0,-3,0.025824840149727836,2.665762819144831
fixed-00000031,1600.0,1.0,-2.6666666666666665,0.00017357925121310616,2.535295068612527
fixed-00000031,1600.0,1.0,-2.3333333333333335,0.00016449122599222058,2.3977435520529298
fixed-00000031,1600.0,1.0,-2,0.06472743774094053,2.2518105105541792
fixed-00000031,1600.0,1.0,-1.6666666666666667,0.00011569837416270062,2.095745782554175
fixed-00000031,1600.0,1.0,-1.3333333333333333,0.00012341854407582116,1.927089403331152
fixed-00000031,1600.0,1.0,-1,0.08847544895698917,1.7421883145982662
fixed-00000031,1600.0,1.0,-0.6666666666666666,4.927425131985384e-05,1.535184043831407
fixed-00000031,1600.0,1.0,-0.3333333333333333,9.414086410077595e-05,1.295524349921081
fixed-00000031,1600.0,1.0,0,0.1296261744480237,0.9999999999999005
fixed-00000031,1600.0,1.0,0.3333333333333333,8.445873263331603e-05,0.5671331614250477
fixed-00000031,1600.0,1.0,0.6666666666666666,0.0,0.0
fixed-00000031,1600.0,1.0,1,0.0,0.0
fixed-00000031,1600.0,1.0,1.3333333333333333,0.0,0.0
fixed-00000031,1600.0,1.0,1.6666666666666667,0.0,0.0
fixed-00000031,1600.0,1.0,2,0.0,0.0
fixed-00000031,1600.0,1.0,2.3333333333333335,0.0,0.0
fixed-00000031,1600.0,1.0,2.6666666666666665,0.0,0.0
fixed-00000031,1600.0,1.0,3,0.0,0.0
fixed-00000031,1600.0,1.0,3.3333333333333335,0.0,0.0
fixed-00000031,1600.0,1.0,3.6666666666666665,0.0,0.0
fixed-00000031,1600.0,1.0,4,0.0,0.0
fixed-00000031,1600.0,1.0,4.333333333333333,0.0,0.0
fixed-00000031,1600.0,1.0,4.666666666666667,0.0,0.0
fixed-00000031,1600.0,1.0,5,0.0,0.0
fixed-00000031,1600.0,1.0,5.333333333333333,0.0,0.0
fixed-00000031,1600.0,1.0,5.666666666666667,0.0,0.0
fixed-00000031,1600.0,1.0,6,0.0,0.0
fixed-00000031,1600.0,1.0,6.333333333333333,0.0,0.0
fixed-00000031,1600.0,1.0,6.666666666666667,0.0,0.0
fixed-00000031,1600.0,1.0,7,0.0,0.0
fixed-00000031,1600.0,1.0,7.333333333333333,0.0,0.0
fixed-00000031,1600.0,1.0,7.666666666666667,0.0,0.0
fixed-00000031,1600.0,1.0,8,0.0,0.0
fixed-00000031,1600.0,1.0,8.333333333333334,0.0,0.0
fixed-00000031,1600.0,1.0,8.666666666666666,0.0,0.0
fixed-00000031,1600.0,1.0,9,0.0,0.0
fixed-00000031,1600.0,1.0,9.333333333333334,0.0,0.0
fixed-00000031,1600.0,1.0,9.666666666666666,0.0,0.0
fixed-00000031,1600.0,1.0,10,0.0,0.0
fixed-00000029,1500.0,1.0,-10,0.00011127620596532632,4.766536061449884
fixed-00000029,1500.0,1.0,-9.666666666666666,5.775496244735661e-05,4.689934367022346
fixed-00000029,1500.0,1.0,-9.333333333333334,3.725895149911313e-05,4.612063460104878
fixed-00000029,1500.0,1.0,-9,0.00015447428193350252,4.532857928715643
fixed-00000029,1500.0,1.0,-8.666666666666666,7.666943124900361e-05,4.452246544193287
fixed-00000029,1500.0,1.0,-8.333333333333334,5.7894566351666145e-05,4.370151510275548
fixed-00000029,1500.0,1.0,-8,0.0002672856278699269,4.286487582743973
fixed-00000029,1500.0,1.0,-7.666666666666667,6.195962815118124e-05,4.201161031273401
fixed-00000029,1500.0,1.0,-7.333333333333333,6.273652214522718e-05,4.11406840748036
fixed-00000029,1500.0,1.0,-7,0.0003759621551877518,4.025095073024076
fixed-00000029,1500.0,1.0,-6.666666666666667,6.56533540591381e-05,3.9341134280419823
fixed-00000029,1500.0,1.0,-6.333333333333333,3.090103743767388e-05,3.840980761801873
fixed-00000029,1500.0,1.0,-6,0.0019383949496068992,3.745536622171329
fixed-00000029,1500.0,1.0,-5.666666666666667,4.726994446675817e-05,3.647599565308113
fixed-00000029,1500.0,1.0,-5.333333333333333,7.55834542054134e-05,3.546963097158965
fixed-00000029,1500.0,1.0,-5,0.005220585379601777,3.4433905466842134
fixed-00000029,1500.0,1.0,-4.666666666666667,0.00011440663485772425,3.3366085056005943
fixed-00000029,1500.0,1.0,-4.333333333333333,0.00017589262669186122,3.2262983120311475
fixed-00000029,1500.0,1.0,-4,0.00963401071227772,3.112084814132203
fixed-00000029,1500.0,1.0,-3.6666666666666665,0.00017158863648254215,2.993521269961164
fixed-00000029,1500.0,1.0,-3.3333333333333335,0.00028096829169513705,2.870068623907869
fixed-00000029,1500.0,1.0,-3,0.026703246763035635,2.741066366342764
fixed-00000029,1500.0,1.0,-2.6666666666666665,0.00020113256630863036,2.605690378312559
fixed-00000029,1500.0,1.0,-2.3333333333333335,0.0001856913923884182,2.462889862010897
fixed-00000029,1500.0,1.0,-2,0.07099541021237038,2.31128907682438
fixed-00000029,1500.0,1.0,-1.6666666666666667,0.00012387142163606662,2.149026411666185
fixed-00000029,1500.0,1.0,-1.3333333333333333,0.00011027175437861253,1.9734736973731941
fixed-00000029,1500.0,1.0,-1,0.08888414276818275,1.7807046197661691
fixed-00000029,1500.0,1.0,-0.6666666666666666,4.7188387225992654e-05,1.5643676171519303
fixed-00000029,1500.0,1.0,-0.3333333333333333,9.658226348165506e-05,1.3128631795009795
fixed-00000029,1500.0,1.0,0,0.14309107095368442,0.9999999999999005
fixed-00000029,1500.0,1.0,0.3333333333333333,6.811599765752116e-05,0.5257536067215227
fixed-00000029,1500.0,1.0,0.6666666666666666,0.0,0.0
fixed-00000029,1500.0,1.0,1,0.0,0.0
fixed-00000029,1500.0,1.0,1.3333333333333333,0.0,0.0
fixed-00000029,1500.0,1.0,1.6666666666666667,0.0,0.0
fixed-00000029,1500.0,1.0,2,0.0,0.0
fixed-00000029,1500.0,1.0,2.3333333333333335,0.0,0.0
fixed-00000029,1500.0,1.0,2.6666666666666665,0.0,0.0
fixed-00000029,1500.0,1.0,3,0.0,0.0
fixed-00000029,1500.0,1.0,3.3333333333333335,0.0,0.0
fixed-00000029,1500.0,1.0,3.6666666666666665,0.0,0.0
fixed-00000029,1500.0,1.0,4,0.0,0.0
fixed-00000029,1500.0,1.0,4.333333333333333,0.0,0.0
fixed-00000029,1500.0,1.0,4.666666666666667,0.0,0.0
fixed-00000029,1500.0,1.0,5,0.0,0.0
fixed-00000029,1500.0,1.0,5.333333333333333,0.0,0.0
fixed-00000029,1500.0,1.0,5.666666666666667,0.0,0.0
fixed-00000029,1500.0,1.0,6,0.0,0.0
fixed-00000029,1500.0,1.0,6.333333333333333,0.0,0.0
fixed-00000029,1500.0,1.0,6.666666666666667,0.0,0.0
fixed-00000029,1500.0,1.0,7,0.0,0.0
fixed-00000029,1500.0,1.0,7.333333333333333,0.0,0.0
fixed-00000029,1500.0,1.0,7.666666666666667,0.0,0.0
fixed-00000029,1500.0,1.0,8,0.0,0.0
fixed-00000029,1500.0,1.0,8.333333333333334,0.0,0.0
fixed-00000029,1500.0,1.0,8.666666666666666,0.0,0.0
fixed-00000029,1500.0,1.0,9,0.0,0.0
fixed-00000029,1500.0,1.0,9.333333333333334,0.0,0.0
fixed-00000029,1500.0,1.0,9.666666666666666,0.0,0.0
fixed-00000029,1500.0,1.0,10,0.0,0.0
fixed-00000033,1700.0,1.0,-10,9.210957909511786e-05,4.490361214362096
fixed-00000033,1700.0,1.0,-9.666666666666666,5.889371837803272e-05,4.418627066574487
fixed-00000033,1700.0,1.0,-9.333333333333334,3.7652897342584656e-05,4.345711358848064
fixed-00000033,1700.0,1.0,-9,4.850290963262616e-05,4.271553583498886
fixed-00000033,1700.0,1.0,-8.666666666666666,6.658795941812369e-05,4.196087887388984
fixed-00000033,1700.0,1.0,-8.333333333333334,5.895033671994662e-05,4.119242386504467
fixed-00000033,1700.0,1.0,-8,4.95065502205798e-05,4.040938363219041
fixed-00000033,1700.0,1.0,-7.666666666666667,4.480541058461978e-05,3.961089320724483
fixed-00000033,1700.0,1.0,-7.333333333333333,4.0435434500765854e-05,3.879599862283257
fixed-00000033,1700.0,1.0,-7,0.00015237276223864762,3.796364353922442
fixed-00000033,1700.0,1.0,-6.666666666666667,5.9907586802545615e-05,3.711265317119711
fixed-00000033,1700.0,1.0,-6.333333333333333,3.7132127845529366e-05,3.6241714817020068
fixed-00000033,1700.0,1.0,-6,0.0005859516199609888,3.5349354068072927
fixed-00000033,1700.0,1.0,-5.666666666666667,5.109459432337587e-05,3.443390546684313
fixed-00000033,1700.0,1.0,-5.333333333333333,9.64463780038914e-05,3.3493475942714923
fixed-00000033,1700.0,1.0,-5,0.0016565040618374538,3.252589872618202
fixed-00000033,1700.0,1.0,-4.666666666666667,0.00010722468491318349,3.152867452336338
fixed-00000033,1700.0,1.0,-4.333333333333333,0.0002205131149279179,3.0498895362403573
fixed-00000033,1700.0,1.0,-4,0.003458283854658087,2.9433144432164084
fixed-00000033,1700.0,1.0,-3.6666666666666665,0.00017263917297710723,2.832736195892835
fixed-00000033,1700.0,1.0,-3.3333333333333335,0.00029619176052908053,2.717666188714361
fixed-00000033,1700.0,1.0,-3,0.020690932337915663,2.5975075328697415
fixed-00000033,1700.0,1.0,-2.6666666666666665,0.00014026159197082428,2.4715181496422076
fixed-00000033,1700.0,1.0,-2.3333333333333335,0.00014126831973649534,2.3387559200898522
fixed-00000033,1700.0,1.0,-2,0.058330700187105324,2.1979939151273555
fixed-00000033,1700.0,1.0,-1.6666666666666667,0.00010708158402987424,2.0475829541060335
fixed-00000033,1700.0,1.0,-1.3333333333333333,0.000134793023889382,1.8852149376581622
fixed-00000033,1700.0,1.0,-1,0.07591038598382616,1.7074822022493379
fixed-00000033,1700.0,1.0,-0.6666666666666666,4.7783747810505996e-05,1.5089653017277271
fixed-00000033,1700.0,1.0,-0.3333333333333333,0.00010119827263857075,1.2800303871483578
fixed-00000033,1700.0,1.0,0,0.13920636017848856,0.9999999999999005
fixed-00000033,1700.0,1.0,0.3333333333333333,0.00011188063830336498,0.6012843787587485
fixed-00000033,1700.0,1.0,0.6666666666666666,0.0,0.0
fixed-00000033,1700.0,1.0,1,0.0,0.0
fixed-00000033,1700.0,1.0,1.3333333333333333,0.0,0.0
fixed-00000033,1700.0,1.0,1.6666666666666667,0.0,0.0
fixed-00000033,1700.0,1.0,2,0.0,0.0
fixed-00000033,1700.0,1.0,2.3333333333333335,0.0,0.0
fixed-00000033,1700.0,1.0,2.6666666666666665,0.0,0.0
fixed-00000033,1700.0,1.0,3,0.0,0.0
fixed-00000033,1700.0,1.0,3.3333333333333335,0.0,0.0
fixed-00000033,1700.0,1.0,3.6666666666666665,0.0,0.0
fixed-00000033,1700.0,1.0,4,0.0,0.0
fixed-00000033,1700.0,1.0,4.333333333333333,0.0,0.0
fixed-00000033,1700.0,1.0,4.666666666666667,0.0,0.0
fixed-00000033,1700.0,1.0,5,0.0,0.0
fixed-00000033,1700.0,1.0,5.333333333333333,0.0,0.0
fixed-00000033,1700.0,1.0,5.666666666666667,0.0,0.0
fixed-00000033,1700.0,1.0,6,0.0,0.0
fixed-00000033,1700.0,1.0,6.333333333333333,0.0,0.0
fixed-00000033,1700.0,1.0,6.666666666666667,0.0,0.0
fixed-00000033,1700.0,1.0,7,0.0,0.0
fixed-00000033,1700.0,1.0,7.333333333333333,0.0,0.0
fixed-00000033,1700.0,1.0,7.666666666666667,0.0,0.0
fixed-00000033,1700.0,1.0,8,0.0,0.0
fixed-00000033,1700.0,1.0,8.333333333333334,0.0,0.0
fixed-00000033,1700.0,1.0,8.666666666666666,0.0,0.0
fixed-00000033,1700.0,1.0,9,0.0,0.0
fixed-00000033,1700.0,1.0,9.333333333333334,0.0,0.0
fixed-00000033,1700.0,1.0,9.666666666666666,0.0,0.0
fixed-00000033,1700.0,1.0,10,0.0,0.0
fixed-00000034,1750.0,1.0,-10,8.872947890174816e-05,4.428945793077645
fixed-00000034,1750.0,1.0,-9.666666666666666,5.719708387537108e-05,4.358297664326045
fixed-00000034,1750.0,1.0,-9.333333333333334,4.007095500157115e-05,4.286487582743874
fixed-00000034,1750.0,1.0,-9,4.2585438236631106e-05,4.213456138965256
fixed-00000034,1750.0,1.0,-8.666666666666666,6.315381958476106e-05,4.1391386837464665
fixed-00000034,1750.0,1.0,-8.333333333333334,5.7670803762875885e-05,4.06346465721623
fixed-00000034,1750.0,1.0,-8,5.670985522137289e-05,3.9863568035211756
fixed-00000034,1750.0,1.0,-7.666666666666667,4.129613193358158e-05,3.907730245987608
fixed-00000034,1750.0,1.0,-7.333333333333333,3.620804233857011e-05,3.8274913912705273
fixed-00000034,1750.0,1.0,-7,0.00013663809109186554,3.7455366221714144
fixed-00000034,1750.0,1.0,-6.666666666666667,5.823379151337945e-05,3.661750727078541
fixed-00000034,1750.0,1.0,-6.333333333333333,4.119487107112255e-05,3.576004998104267
fixed-00000034,1750.0,1.0,-6,0.00041192225742802985,3.4881549082816434
fixed-00000034,1750.0,1.0,-5.666666666666667,5.3406229690354874e-05,3.3980372480137504
fixed-00000034,1750.0,1.0,-5.333333333333333,0.00010070876438294142,3.3054665584673018
fixed-00000034,1750.0,1.0,-5,0.0009547602647978641,3.210230638670396
fixed-00000034,1750.0,1.0,-4.666666666666667,0.00010180878491851956,3.112084814132203
fixed-00000034,1750.0,1.0,-4.333333333333333,0.00022187472631650276,3.0107445222646163
fixed-00000034,1750.0,1.0,-4,0.00245146860885193,2.9058755678733945
fixed-00000034,1750.0,1.0,-3.6666666666666665,0.00017128504257843576,2.797081086011744
fixed-00000034,1750.0,1.0,-3.3333333333333335,0.0002905342845339692,2.6838837408035516
fixed-00000034,1750.0,1.0,-3,0.01710495201883644,2.5657008422193144
fixed-00000034,1750.0,1.0,-2.6666666666666665,0.00012313033443766216,2.4418085987829983
fixed-00000034,1750.0,1.0,-2.3333333333333335,0.00013184153062992143,2.3112890768245506
fixed-00000034,1750.0,1.0,-2,0.054983505297878724,2.172948388931758
fixed-00000034,1750.0,1.0,-1.6666666666666667,0.00010199237378760156,2.025184372977648
fixed-00000034,1750.0,1.0,-1.3333333333333333,0.00013797107356057213,1.8657594501828783
fixed-00000034,1750.0,1.0,-1,0.06411874789774695,1.6913794499358232
fixed-00000034,1750.0,1.0,-0.6666666666666666,4.612133008737825e-05,1.4968266754135016
fixed-00000034,1750.0,1.0,-0.3333333333333333,0.00010537045229786864,1.2728846303445351
fixed-00000034,1750.0,1.0,0,0.15403370129350838,1.0000000000002558
fixed-00000034,1750.0,1.0,0.3333333333333333,0.00012853909236926593,0.616266377674549
fixed-00000034,1750.0,1.0,0.6666666666666666,0.0,0.0
fixed-00000034,1750.0,1.0,1,0.0,0.0
fixed-00000034,1750.0,1.0,1.3333333333333333,0.0,0.0
fixed-00000034,1750.0,1.0,1.6666666666666667,0.0,0.0
fixed-00000034,1750.0,1.0,2,0.0,0.0
fixed-00000034,1750.0,1.0,2.3333333333333335,0.0,0.0
fixed-00000034,1750.0,1.0,2.6666666666666665,0.0,0.0
fixed-00000034,1750.0,1.0,3,0.0,0.0
fixed-00000034,1750.0,1.0,3.3333333333333335,0.0,0.0
fixed-00000034,1750.0,1.0,3.6666666666666665,0.0,0.0
fixed-00000034,1750.0,1.0,4,0.0,0.0
fixed-00000034,1750.0,1.0,4.333333333333333,0.0,0.0
fixed-00000034,1750.0,1.0,4.666666666666667,0.0,0.0
fixed-00000034,1750.0,1.0,5,0.0,0.0
fixed-00000034,1750.0,1.0,5.333333333333333,0.0,0.0
fixed-00000034,1750.0,1.0,5.666666666666667,0.0,0.0
fixed-00000034,1750.0,1.0,6,0.0,0.0
fixed-00000034,1750.0,1.0,6.333333333333333,0.0,0.0
fixed-00000034,1750.0,1.0,6.666666666666667,0.0,0.0
fixed-00000034,1750.0,1.0,7,0.0,0.0
fixed-00000034,1750.0,1.0,7.333333333333333,0.0,0.0
fixed-00000034,1750.0,1.0,7.666666666666667,0.0,0.0
fixed-00000034,1750.0,1.0,8,0.0,0.0
fixed-00000034,1750.0,1.0,8.333333333333334,0.0,0.0
fixed-00000034,1750.0,1.0,8.666666666666666,0.0,0.0
fixed-00000034,1750.0,1.0,9,0.0,0.0
fixed-00000034,1750.0,1.0,9.333333333333334,0.0,0.0
fixed-00000034,1750.0,1.0,9.666666666666666,0.0,0.0
fixed-00000034,1750.0,1.0,10,0.0,0.0
fixed-00000035,1800.0,1.0,-10,8.180745005262987e-05,4.370151510275733
fixed-00000035,1800.0,1.0,-9.666666666666666,5.3826705943792764e-05,4.30054438623219
fixed-00000035,1800.0,1.0,-9.333333333333334,4.239977862402096e-05,4.229794121823019
fixed-00000035,1800.0,1.0,-9,4.085671867082278e-05,4.157842361919549
fixed-00000035,1800.0,1.0,-8.666666666666666,6.004328415368157e-05,4.084625612866304
fixed-00000035,1800.0,1.0,-8.333333333333334,5.54868900033034e-05,4.010074585812575
fixed-00000035,1800.0,1.0,-8,7.913742553309491e-05,3.934113428042167
fixed-00000035,1800.0,1.0,-7.666666666666667,3.976102608374789e-05,3.8566588180298
fixed-00000035,1800.0,1.0,-7.333333333333333,3.3074848100733504e-05,3.777618893480124
fixed-00000035,1800.0,1.0,-7,0.00013098388363869037,3.696891973051777
fixed-00000035,1800.0,1.0,-6.666666666666667,5.461373679434477e-05,3.614365021056443
fixed-00000035,1800.0,1.0,-6.333333333333333,4.48050141780501e-05,3.529911788994454
fixed-00000035,1800.0,1.0,-6,0.00026968159346815143,3.443390546684313
fixed-00000035,1800.0,1.0,-5.666666666666667,5.710907000420098e-05,3.3546412864588575
fixed-00000035,1800.0,1.0,-5.333333333333333,0.00010155812661161749,3.263482242663571
fixed-00000035,1800.0,1.0,-5,0.0004419275431676079,3.169705509622929
fixed-00000035,1800.0,1.0,-4.666666666666667,9.453333474576699e-05,3.073071455094805
fixed-00000035,1800.0,1.0,-4.333333333333333,0.0002170859427106889,2.9733014979940577
fixed-00000035,1800.0,1.0,-4,0.0016778418802482942,2.870068623907983
fixed-00000035,1800.0,1.0,-3.6666666666666665,0.0001684819314913298,2.762984706917777
fixed-00000035,1800.0,1.0,-3.3333333333333335,0.0002787279251482735,2.651583215887598
fixed-00000035,1800.0,1.0,-3,0.013396060729427334,2.535295068612527
fixed-00000035,1800.0,1.0,-2.6666666666666665,0.00010707302643084801,2.4134139909606915
fixed-00000035,1800.0,1.0,-2.3333333333333335,0.00012493877015335185,2.2850452008484297
fixed-00000035,1800.0,1.0,-2,0.050957762465596176,2.149026411666185
fixed-00000035,1800.0,1.0,-1.6666666666666667,9.539549397851227e-05,2.003800372982681
fixed-00000035,1800.0,1.0,-1.3333333333333333,0.0001381988435775695,1.847196746083398
fixed-00000035,1800.0,1.0,-1,0.05035219582343478,1.6760292863222332
fixed-00000035,1800.0,1.0,-0.6666666666666666,4.5344075311844385e-05,1.4852713499601862
fixed-00000035,1800.0,1.0,-0.3333333333333333,0.00010718612911318596,1.2660988352397595
fixed-00000035,1800.0,1.0,0,0.17329985792434402,1.0000000000002558
fixed-00000035,1800.0,1.0,0.3333333333333333,0.00014510802812714048,0.6300890412244939
fixed-00000035,1800.0,1.0,0.6666666666666666,0.0,0.0
fixed-00000035,1800.0,1.0,1,0.0,0.0
fixed-00000035,1800.0,1.0,1.3333333333333333,0.0,0.0
fixed-00000035,1800.0,1.0,1.6666666666666667,0.0,0.0
fixed-00000035,1800.0,1.0,2,0.0,0.0
fixed-00000035,1800.0,1.0,2.3333333333333335,0.0,0.0
fixed-00000035,1800.0,1.0,2.6666666666666665,0.0,0.0
fixed-00000035,1800.0,1.0,3,0.0,0.0
fixed-00000035,1800.0,1.0,3.3333333333333335,0.0,0.0
fixed-00000035,1800.0,1.0,3.6666666666666665,0.0,0.0
fixed-00000035,1800.0,1.0,4,0.0,0.0
fixed-00000035,1800.0,1.0,4.333333333333333,0.0,0.0
fixed-00000035,1800.0,1.0,4.666666666666667,0.0,0.0
fixed-00000035,1800.0,1.0,5,0.0,0.0
fixed-00000035,1800.0,1.0,5.333333333333333,0.0,0.0
fixed-00000035,1800.0,1.0,5.666666666666667,0.0,0.0
fixed-00000035,1800.0,1.0,6,0.0,0.0
fixed-00000035,1800.0,1.0,6.333333333333333,0.0,0.0
fixed-00000035,1800.0,1.0,6.666666666666667,0.0,0.0
fixed-00000035,1800.0,1.0,7,0.0,0.0
fixed-00000035,1800.0,1.0,7.333333333333333,0.0,0.0
fixed-00000035,1800.0,1.0,7.666666666666667,0.0,0.0
fixed-00000035,1800.0,1.0,8,0.0,0.0
fixed-00000035,1800.0,1.0,8.333333333333334,0.0,0.0
fixed-00000035,1800.0,1.0,8.666666666666666,0.0,0.0
fixed-00000035,1800.0,1.0,9,0.0,0.0
fixed-00000035,1800.0,1.0,9.333333333333334,0.0,0.0
fixed-00000035,1800.0,1.0,9.666666666666666,0.0,0.0
fixed-00000035,1800.0,1.0,10,0.0,0.0
fixed-00000037,1900.0,1.0,-10,6.110898073235352e-05,4.259726669922742
fixed-00000037,1900.0,1.0,-9.666666666666666,4.3752514813859474e-05,4.192078444877922
fixed-00000037,1900.0,1.0,-9.333333333333334,4.279640476179297e-05,4.123322528673114
fixed-00000037,1900.0,1.0,-9,4.798256657913658e-05,4.0534025538621705
fixed-00000037,1900.0,1.0,-8.666666666666666,5.32540231517712e-05,3.9822572055846877
fixed-00000037,1900.0,1.0,-8.333333333333334,4.857748446894217e-05,3.9098195914429397
fixed-00000037,1900.0,1.0,-8,0.00012268616991554116,3.8360165042788026
fixed-00000037,1900.0,1.0,-7.666666666666667,4.021596382134715e-05,3.760767554725888
fixed-00000037,1900.0,1.0,-7.333333333333333,2.8363157270802273e-05,3.683984144267555
fixed-00000037,1900.0,1.0,-7,0.00013844716972349742,3.605568241421892
fixed-00000037,1900.0,1.0,-6.666666666666667,4.300802126401414e-05,3.525410912862327
fixed-00000037,1900.0,1.0,-6.333333333333333,4.75701085164322e-05,3.4433905466840997
fixed-00000037,1900.0,1.0,-6,9.395913828608062e-05,3.3593706850824105
fixed-00000037,1900.0,1.0,-5.666666666666667,6.467532132153406e-05,3.2731973560671292
fixed-00000037,1900.0,1.0,-5.333333333333333,8.99157548842706e-05,3.184695754975479
fixed-00000037,1900.0,1.0,-5,7.937554616259427e-05,3.093666070961291
fixed-00000037,1900.0,1.0,-4.666666666666667,7.751020285364402e-05,2.9998781727239674
fixed-00000037,1900.0,1.0,-4.333333333333333,0.0001932116077650657,2.903064747522663
fixed-00000037,1900.0,1.0,-4,0.0008121357591959011,2.802912304877097
fixed-00000037,1900.0,1.0,-3.6666666666666665,0.0001506292158932247,2.699049171763747
fixed-00000037,1900.0,1.0,-3.3333333333333335,0.00023711120358930066,2.591029149865747
fixed-00000037,1900.0,1.0,-3,0.00694800792664183,2.478308749782002
fixed-00000037,1900.0,1.0,-2.6666666666666665,8.129409406971626e-05,2.3602146177453136
fixed-00000037,1900.0,1.0,-2.3333333333333335,0.00011470105013521225,2.2358954362888994
fixed-00000037,1900.0,1.0,-2,0.0381863145304675,2.1042481647103557
fixed-00000037,1900.0,1.0,-1.6666666666666667,7.358370388016228e-05,1.9637995953445682
fixed-00000037,1900.0,1.0,-1.3333333333333333,0.0001253255478517889,1.8125048791183929
fixed-00000037,1900.0,1.0,-1,0.0258273779345818,1.6473784009724
fixed-00000037,1900.0,1.0,-0.6666666666666666,5.2800467159700974e-05,1.463746503670734
fixed-00000037,1900.0,1.0,-0.3333333333333333,9.265781621468836e-05,1.2535025443649772
fixed-00000037,1900.0,1.0,0,0.20861169893559509,0.9999999999999005
fixed-00000037,1900.0,1.0,0.3333333333333333,0.00016804146137573751,0.6547884694050907
fixed-00000037,1900.0,1.0,0.6666666666666666,0.0,0.0
fixed-00000037,1900.0,1.0,1,0.0,0.0
fixed-00000037,1900.0,1.0,1.3333333333333333,0.0,0.0
fixed-00000037,1900.0,1.0,1.6666666666666667,0.0,0.0
fixed-00000037,1900.0,1.0,2,0.0,0.0
fixed-00000037,1900.0,1.0,2.3333333333333335,0.0,0.0
fixed-00000037,1900.0,1.0,2.6666666666666665,0.0,0.0
fixed-00000037,1900.0,1.0,3,0.0,0.0
fixed-00000037,1900.0,1.0,3.3333333333333335,0.0,0.0
fixed-00000037,1900.0,1.0,3.6666666666666665,0.0,0.0
fixed-00000037,1900.0,1.0,4,0.0,0.0
fixed-00000037,1900.0,1.0,4.333333333333333,0.0,0.0
fixed-00000037,1900.0,1.0,4.666666666666667,0.0,0.0
fixed-00000037,1900.0,1.0,5,0.0,0.0
fixed-00000037,1900.0,1.0,5.333333333333333,0.0,0.0
fixed-00000037,1900.0,1.0,5.666666666666667,0.0,0.0
fixed-00000037,1900.0,1.0,6,0.0,0.0
fixed-00000037,1900.0,1.0,6.333333333333333,0.0,0.0
fixed-00000037,1900.0,1.0,6.666666666666667,0.0,0.0
fixed-00000037,1900.0,1.0,7,0.0,0.0
fixed-00000037,1900.0,1.0,7.333333333333333,0.0,0.0
fixed-00000037,1900.0,1.0,7.666666666666667,0.0,0.0
fixed-00000037,1900.0,1.0,8,0.0,0.0
fixed-00000037,1900.0,1.0,8.333333333333334,0.0,0.0
fixed-00000037,1900.0,1.0,8.666666666666666,0.0,0.0
fixed-00000037,1900.0,1.0,9,0.0,0.0
fixed-00000037,1900.0,1.0,9.333333333333334,0.0,0.0
fixed-00000037,1900.0,1.0,9.666666666666666,0.0,0.0
fixed-00000037,1900.0,1.0,10,0.0,0.0
fixed-00000036,1850.0,1.0,-10,7.106168130971047e-05,4.313799283621307
fixed-00000036,1850.0,1.0,-9.666666666666666,4.887736852456868e-05,4.245191203868302
fixed-00000036,1850.0,1.0,-9.333333333333334,4.341872712375887e-05,4.175458054849486
fixed-00000036,1850.0,1.0,-9,4.34630848383866e-05,4.10454249452242
fixed-00000036,1850.0,1.0,-8.666666666666666,5.7329043048519684e-05,4.032382139721648
fixed-00000036,1850.0,1.0,-8.333333333333334,5.253660062357669e-05,3.9589089230204593
fixed-00000036,1850.0,1.0,-8,0.0001039970530237746,3.884048340090743
fixed-00000036,1850.0,1.0,-7.666666666666667,3.959933589036129e-05,3.807718563873152
fixed-00000036,1850.0,1.0,-7.333333333333333,3.074048672218909e-05,3.729829395565943
fixed-00000036,1850.0,1.0,-7,0.00013260675248484547,3.6502810141138156
fixed-00000036,1850.0,1.0,-6.666666666666667,4.917656737888772e-05,3.56896247477151
fixed-00000036,1850.0,1.0,-6.333333333333333,4.7087082274021775e-05,3.4857498923124552
fixed-00000036,1850.0,1.0,-6,0.00016097010745973387,3.4005042239404446
fixed-00000036,1850.0,1.0,-5.666666666666667,6.149557232902793e-05,3.3130685385178964
fixed-00000036,1850.0,1.0,-5.333333333333333,9.754163808736256e-05,3.2232646186970584
fixed-00000036,1850.0,1.0,-5,0.000158659855986535,3.130888685256224
fixed-00000036,1850.0,1.0,-4.666666666666667,8.596339431603896e-05,3.035705949467399
fixed-00000036,1850.0,1.0,-4.333333333333333,0.0002067421691476064,2.9374435751839627
fixed-00000036,1850.0,1.0,-4,0.0011446471060567386,2.83578144353352
fixed-00000036,1850.0,1.0,-3.6666666666666665,0.00016236517012579782,2.730339818535114
fixed-00000036,1850.0,1.0,-3.3333333333333335,0.0002610738249056616,2.6206625390738623
fixed-00000036,1850.0,1.0,-3,0.009904840509156979,2.506193578181964
fixed-00000036,1850.0,1.0,-2.6666666666666665,9.2812686806124e-05,2.3862434591369635
fixed-00000036,1850.0,1.0,-2.3333333333333335,0.00011997082614388056,2.2599395848814083
fixed-00000036,1850.0,1.0,-2,0.04555866518183025,2.126149922556934
fixed-00000036,1850.0,1.0,-1.6666666666666667,8.615740895132529e-05,1.9833601646323302
fixed-00000036,1850.0,1.0,-1.3333333333333333,0.00013419203739391491,1.8294641495390067
fixed-00000036,1850.0,1.0,-1,0.03672282570876078,1.6613783697076343
fixed-00000036,1850.0,1.0,-0.6666666666666666,4.708807795557206e-05,1.4742572977777115
fixed-00000036,1850.0,1.0,-0.3333333333333333,0.00010380682994376641,1.259646200866328
fixed-00000036,1850.0,1.0,0,0.1931987543770915,0.999999999999531
fixed-00000036,1850.0,1.0,0.3333333333333333,0.0001590880212476907,0.6428910675449941
fixed-00000036,1850.0,1.0,0.6666666666666666,0.0,0.0
fixed-00000036,1850.0,1.0,1,0.0,0.0
fixed-00000036,1850.0,1.0,1.3333333333333333,0.0,0.0
fixed-00000036,1850.0,1.0,1.6666666666666667,0.0,0.0
fixed-00000036,1850.0,1.0,2,0.0,0.0
fixed-00000036,1850.0,1.0,2.3333333333333335,0.0,0.0
fixed-00000036,1850.0,1.0,2.6666666666666665,0.0,0.0
fixed-00000036,1850.0,1.0,3,0.0,0.0
fixed-00000036,1850.0,1.0,3.3333333333333335,0.0,0.0
fixed-00000036,1850.0,1.0,3.6666666666666665,0.0,0.0
fixed-00000036,1850.0,1.0,4,0.0,0.0
fixed-00000036,1850.0,1.0,4.333333333333333,0.0,0.0
fixed-00000036,1850.0,1.0,4.666666666666667,0.0,0.0
fixed-00000036,1850.0,1.0,5,0.0,0.0
fixed-00000036,1850.0,1.0,5.333333333333333,0.0,0.0
fixed-00000036,1850.0,1.0,5.666666666666667,0.0,0.0
fixed-00000036,1850.0,1.0,6,0.0,0.0
fixed-00000036,1850.0,1.0,6.333333333333333,0.0,0.0
fixed-00000036,1850.0,1.0,6.666666666666667,0.0,0.0
fixed-00000036,1850.0,1.0,7,0.0,0.0
fixed-00000036,1850.0,1.0,7.333333333333333,0.0,0.0
fixed-00000036,1850.0,1.0,7.666666666666667,0.0,0.0
fixed-00000036,1850.0,1.0,8,0.0,0.0
fixed-00000036,1850.0,1.0,8.333333333333334,0.0,0.0
fixed-00000036,1850.0,1.0,8.666666666666666,0.0,0.0
fixed-00000036,1850.0,1.0,9,0.0,0.0
fixed-00000036,1850.0,1.0,9.333333333333334,0.0,0.0
fixed-00000036,1850.0,1.0,9.666666666666666,0.0,0.0
fixed-00000036,1850.0,1.0,10,0.0,0.0
fixed-00000038,1950.0,1.0,-10,5.260798070751225e-05,4.207785930052097
fixed-00000038,1950.0,1.0,-9.666666666666666,3.8956164589011275e-05,4.141060890784104
fixed-00000038,1950.0,1.0,-9.333333333333334,4.046661252368136e-05,4.073244889499293
fixed-00000038,1950.0,1.0,-9,5.154731160145159e-05,4.004282497280798
fixed-00000038,1950.0,1.0,-8.666666666666666,4.699559329842362e-05,3.9341134280419823
fixed-00000038,1950.0,1.0,-8.333333333333334,4.371841094451933e-05,3.862671920934474
fixed-00000038,1950.0,1.0,-8,0.0001318720286018974,3.7898860179675324
fixed-00000038,1950.0,1.0,-7.666666666666667,4.1195355548662704e-05,3.7156767142554514
fixed-00000038,1950.0,1.0,-7.333333333333333,2.5904864163385735e-05,3.6399569523183715
fixed-00000038,1950.0,1.0,-7,0.00014565462207860824,3.562630423960286
fixed-00000038,1950.0,1.0,-6.666666666666667,3.7009472967834396e-05,3.483590132719499
fixed-00000038,1950.0,1.0,-6.333333333333333,4.602355854570992e-05,3.402716655676869
fixed-00000038,1950.0,1.0,-6,5.885894489180605e-05,3.319876024007513
fixed-00000038,1950.0,1.0,-5.666666666666667,6.455364020082444e-05,3.2349171147942
fixed-00000038,1950.0,1.0,-5.333333333333333,7.963461900745822e-05,3.147668408866707
fixed-00000038,1950.0,1.0,-5,0.00011096233200187978,3.0579339154856484
fixed-00000038,1950.0,1.0,-4.666666666666667,7.015410571112762e-05,2.965487986221021
fixed-00000038,1950.0,1.0,-4.333333333333333,0.00017666110516743213,2.8700686239077413
fixed-00000038,1950.0,1.0,-4,0.0006525301433525353,2.7713687158090323
fixed-00000038,1950.0,1.0,-3.6666666666666665,0.00013236563086787417,2.669024345042118
fixed-00000038,1950.0,1.0,-3.3333333333333335,0.00020833249592659583,2.5625988939469693
fixed-00000038,1950.0,1.0,-3,0.004520088161120626,2.4515609248786916
fixed-00000038,1950.0,1.0,-2.6666666666666665,7.202588518159449e-05,2.3352525740828156
fixed-00000038,1950.0,1.0,-2.3333333333333335,0.00010640382459586161,2.212842954051169
fixed-00000038,1950.0,1.0,-2,0.029323662292608837,2.083256832683901
fixed-00000038,1950.0,1.0,-1.6666666666666667,5.8647256282873e-05,1.9450603740211392
fixed-00000038,1950.0,1.0,-1.3333333333333333,0.00010995778595508494,1.7962673579433215
fixed-00000038,1950.0,1.0,-1,0.019494959456958564,1.6339855316782774
fixed-00000038,1950.0,1.0,-0.6666666666666666,6.247308414547327e-05,1.4537044909754684
fixed-00000038,1950.0,1.0,-0.3333333333333333,7.265173152585692e-05,1.2476459867262832
fixed-00000038,1950.0,1.0,0,0.21340114659105608,0.9999999999999005
fixed-00000038,1950.0,1.0,0.3333333333333333,0.00016997329031753146,0.6658792844299484
fixed-00000038,1950.0,1.0,0.6666666666666666,0.0,0.0
fixed-00000038,1950.0,1.0,1,0.0,0.0
fixed-00000038,1950.0,1.0,1.3333333333333333,0.0,0.0
fixed-00000038,1950.0,1.0,1.6666666666666667,0.0,0.0
fixed-00000038,1950.0,1.0,2,0.0,0.0
fixed-00000038,1950.0,1.0,2.3333333333333335,0.0,0.0
fixed-00000038,1950.0,1.0,2.6666666666666665,0.0,0.0
fixed-00000038,1950.0,1.0,3,0.0,0.0
fixed-00000038,1950.0,1.0,3.3333333333333335,0.0,0.0
fixed-00000038,1950.0,1.0,3.6666666666666665,0.0,0.0
fixed-00000038,1950.0,1.0,4,0.0,0.0
fixed-00000038,1950.0,1.0,4.333333333333333,0.0,0.0
fixed-00000038,1950.0,1.0,4.666666666666667,0.0,0.0
fixed-00000038,1950.0,1.0,5,0.0,0.0
fixed-00000038,1950.0,1.0,5.333333333333333,0.0,0.0
fixed-00000038,1950.0,1.0,5.666666666666667,0.0,0.0
fixed-00000038,1950.0,1.0,6,0.0,0.0
fixed-00000038,1950.0,1.0,6.333333333333333,0.0,0.0
fixed-00000038,1950.0,1.0,6.666666666666667,0.0,0.0
fixed-00000038,1950.0,1.0,7,0.0,0.0
fixed-00000038,1950.0,1.0,7.333333333333333,0.0,0.0
fixed-00000038,1950.0,1.0,7.666666666666667,0.0,0.0
fixed-00000038,1950.0,1.0,8,0.0,0.0
fixed-00000038,1950.0,1.0,8.333333333333334,0.0,0.0
fixed-00000038,1950.0,1.0,8.666666666666666,0.0,0.0
fixed-00000038,1950.0,1.0,9,0.0,0.0
fixed-00000038,1950.0,1.0,9.333333333333334,0.0,0.0
fixed-00000038,1950.0,1.0,9.666666666666666,0.0,0.0
fixed-00000038,1950.0,1.0,10,0.0,0.0
fixed-00000040,2050.0,1.0,-10,3.8055002147928754e-05,4.109772858701163
fixed-00000040,2050.0,1.0,-9.666666666666666,2.7248187943213734e-05,4.044793182061426
fixed-00000040,2050.0,1.0,-9.333333333333334,2.911956729174128e-05,3.9787542121009096
fixed-00000040,2050.0,1.0,-9,4.673674182903881e-05,3.9116022974194777
fixed-00000040,2050.0,1.0,-8.666666666666666,2.8654239611310835e-05,3.8432791003685054
fixed-00000040,2050.0,1.0,-8.333333333333334,2.7846560638659738e-05,3.7737210031804977
fixed-00000040,2050.0,1.0,-8,0.00012167524837682711,3.7028584136860587
fixed-00000040,2050.0,1.0,-7.666666666666667,3.811645292015345e-05,3.6306149490530544
fixed-00000040,2050.0,1.0,-7.333333333333333,2.0881576474939896e-05,3.556906470287572
fixed-00000040,2050.0,1.0,-7,0.000122702382028171,3.481639932724562
fixed-00000040,2050.0,1.0,-6.666666666666667,2.4178900643599835e-05,3.404712007743541
fixed-00000040,2050.0,1.0,-6.333333333333333,3.226497786909129e-05,3.326007417466826
fixed-00000040,2050.0,1.0,-6,3.449930494675265e-05,3.2453969058251175
fixed-00000040,2050.0,1.0,-5.666666666666667,4.5758639486167014e-05,3.1627347439575146
fixed-00000040,2050.0,1.0,-5.333333333333333,5.1634152644995453e-05,3.0778556322568136
fixed-00000040,2050.0,1.0,-5,0.000294798859995377,2.9905708104901265
fixed-00000040,2050.0,1.0,-4.666666666666667,5.934621836019829e-05,2.900663113555183
fixed-00000040,2050.0,1.0,-4.333333333333333,0.00012102750370765534,2.8078806009954747
fixed-00000040,2050.0,1.0,-4,0.0005834719204590816,2.711928222677855
fixed-00000040,2050.0,1.0,-3.6666666666666665,7.516727056137695e-05,2.6124567257567435
fixed-00000040,2050.0,1.0,-3.3333333333333335,0.0001275248084874074,2.509047597298789
fixed-00000040,2050.0,1.0,-3,0.0011853759356252056,2.4011921598898454
fixed-00000040,2050.0,1.0,-2.6666666666666665,5.705633717182406e-05,2.2882617797464917
fixed-00000040,2050.0,1.0,-2.3333333333333335,6.824079390278418e-05,2.16946408045591
fixed-00000040,2050.0,1.0,-2,0.010628056401838207,2.0437761763499083
fixed-00000040,2050.0,1.0,-1.6666666666666667,3.0740894577099315e-05,1.9098382024699845
fixed-00000040,2050.0,1.0,-1.3333333333333333,5.114032667034871e-05,1.7657737956100874
fixed-00000040,2050.0,1.0,-1,0.021748762764328324,1.6088649635830876
fixed-00000040,2050.0,1.0,-0.6666666666666666,8.037427096023236e-05,1.434904205875668
fixed-00000040,2050.0,1.0,-0.3333333333333333,2.4295646586642582e-05,1.2367165897371848
fixed-00000040,2050.0,1.0,0,0.155417689834154,0.9999999999999005
fixed-00000040,2050.0,1.0,0.3333333333333333,0.00014237014300069633,0.6859637812066808
fixed-00000040,2050.0,1.0,0.6666666666666666,0.0,0.0
fixed-00000040,2050.0,1.0,1,0.0,0.0
fixed-00000040,2050.0,1.0,1.3333333333333333,0.0,0.0
fixed-00000040,2050.0,1.0,1.6666666666666667,0.0,0.0
fixed-00000040,2050.0,1.0,2,0.0,0.0
fixed-00000040,2050.0,1.0,2.3333333333333335,0.0,0.0
fixed-00000040,2050.0,1.0,2.6666666666666665,0.0,0.0
fixed-00000040,2050.0,1.0,3,0.0,0.0
fixed-00000040,2050.0,1.0,3.3333333333333335,0.0,0.0
fixed-00000040,2050.0,1.0,3.6666666666666665,0.0,0.0
fixed-00000040,2050.0,1.0,4,0.0,0.0
fixed-00000040,2050.0,1.0,4.333333333333333,0.0,0.0
fixed-00000040,2050.0,1.0,4.666666666666667,0.0,0.0
fixed-00000040,2050.0,1.0,5,0.0,0.0
fixed-00000040,2050.0,1.0,5.333333333333333,0.0,0.0
fixed-00000040,2050.0,1.0,5.666666666666667,0.0,0.0
fixed-00000040,2050.0,1.0,6,0.0,0.0
fixed-00000040,2050.0,1.0,6.333333333333333,0.0,0.0
fixed-00000040,2050.0,1.0,6.666666666666667,0.0,0.0
fixed-00000040,2050.0,1.0,7,0.0,0.0
fixed-00000040,2050.0,1.0,7.333333333333333,0.0,0.0
fixed-00000040,2050.0,1.0,7.666666666666667,0.0,0.0
fixed-00000040,2050.0,1.0,8,0.0,0.0
fixed-00000040,2050.0,1.0,8.333333333333334,0.0,0.0
fixed-00000040,2050.0,1.0,8.666666666666666,0.0,0.0
fixed-00000040,2050.0,1.0,9,0.0,0.0
fixed-00000040,2050.0,1.0,9.333333333333334,0.0,0.0
fixed-00000040,2050.0,1.0,9.666666666666666,0.0,0.0
fixed-00000040,2050.0,1.0,10,0.0,0.0
fixed-00000039,2000.0,1.0,-10,4.621943993182055e-05,4.157842361919549
fixed-00000039,2000.0,1.0,-9.666666666666666,3.4055242077897406e-05,4.092006138299368
fixed-00000039,2000.0,1.0,-9.333333333333334,3.627915936352124e-05,4.025095073023891
fixed-00000039,2000.0,1.0,-9,5.165928461443436e-05,3.9570546418504193
fixed-00000039,2000.0,1.0,-8.666666666666666,3.842375150839878e-05,3.8878255503572916
fixed-00000039,2000.0,1.0,-8.333333333333334,3.714421945533903e-05,3.817343128427737
fixed-00000039,2000.0,1.0,-8,0.0001328139111664044,3.7455366221714144
fixed-00000039,2000.0,1.0,-7.666666666666667,4.1656663020571695e-05,3.672328361222384
fixed-00000039,2000.0,1.0,-7.333333333333333,2.3461116510838918e-05,3.5976327735051115
fixed-00000039,2000.0,1.0,-7,0.00014560016585779718,3.5213552118628257
fixed-00000039,2000.0,1.0,-6.666666666666667,3.105261047441188e-05,3.443390546684313
fixed-00000039,2000.0,1.0,-6.333333333333333,4.152753833739701e-05,3.3636214648276166
fixed-00000039,2000.0,1.0,-6,4.204125331298711e-05,3.2819163962671922
fixed-00000039,2000.0,1.0,-5.666666666666667,5.897618013240587e-05,3.1981269637585115
fixed-00000039,2000.0,1.0,-5.333333333333333,6.735660289793879e-05,3.112084814132203
fixed-00000039,2000.0,1.0,-5,0.00019346481362592666,3.0235976374504787
fixed-00000039,2000.0,1.0,-4.666666666666667,6.44646730305362e-05,2.9324441041326565
fixed-00000039,2000.0,1.0,-4.333333333333333,0.00015466559771530697,2.838367337283657
fixed-00000039,2000.0,1.0,-4,0.0006082453235685275,2.7410663663429062
fixed-00000039,2000.0,1.0,-3.6666666666666665,0.00010701859680816762,2.640184742188211
fixed-00000039,2000.0,1.0,-3.3333333333333335,0.0001730409014116286,2.535295068612399
fixed-00000039,2000.0,1.0,-3,0.0025988477717537413,2.4258775030592545
fixed-00000039,2000.0,1.0,-2.6666666666666665,6.448482030184147e-05,2.31128907682438
fixed-00000039,2000.0,1.0,-2.3333333333333335,9.16876925986063e-05,2.190718533800748
fixed-00000039,2000.0,1.0,-2,0.019709046876727056,2.0631173383810193
fixed-00000039,2000.0,1.0,-1.6666666666666667,4.33981243251288e-05,1.927089403331152
fixed-00000039,2000.0,1.0,-1.3333333333333333,8.582303864986993e-05,1.780704619766368
fixed-00000039,2000.0,1.0,-1,0.018616140740963145,1.621159854615172
fixed-00000039,2000.0,1.0,-0.6666666666666666,7.368588279736567e-05,1.4440999139664257
fixed-00000039,2000.0,1.0,-0.3333333333333333,4.632659024210648e-05,1.2420566829964628
fixed-00000039,2000.0,1.0,0,0.19969910747754097,0.9999999999999005
fixed-00000039,2000.0,1.0,0.3333333333333333,0.0001629191627921357,0.676247106612152
fixed-00000039,2000.0,1.0,0.6666666666666666,0.0,0.0
fixed-00000039,2000.0,1.0,1,0.0,0.0
fixed-00000039,2000.0,1.0,1.3333333333333333,0.0,0.0
fixed-00000039,2000.0,1.0,1.6666666666666667,0.0,0.0
fixed-00000039,2000.0,1.0,2,0.0,0.0
fixed-00000039,2000.0,1.0,2.3333333333333335,0.0,0.0
fixed-00000039,2000.0,1.0,2.6666666666666665,0.0,0.0
fixed-00000039,2000.0,1.0,3,0.0,0.0
fixed-00000039,2000.0,1.0,3.3333333333333335,0.0,0.0
fixed-00000039,2000.0,1.0,3.6666666666666665,0.0,0.0
fixed-00000039,2000.0,1.0,4,0.0,0.0
fixed-00000039,2000.0,1.0,4.333333333333333,0.0,0.0
fixed-00000039,2000.0,1.0,4.666666666666667,0.0,0.0
fixed-00000039,2000.0,1.0,5,0.0,0.0
fixed-00000039,2000.0,1.0,5.333333333333333,0.0,0.0
fixed-00000039,2000.0,1.0,5.666666666666667,0.0,0.0
fixed-00000039,2000.0,1.0,6,0.0,0.0
fixed-00000039,2000.0,1.0,6.333333333333333,0.0,0.0
fixed-00000039,2000.0,1.0,6.666666666666667,0.0,0.0
fixed-00000039,2000.0,1.0,7,0.0,0.0
fixed-00000039,2000.0,1.0,7.333333333333333,0.0,0.0
fixed-00000039,2000.0,1.0,7.666666666666667,0.0,0.0
fixed-00000039,2000.0,1.0,8,0.0,0.0
fixed-00000039,2000.0,1.0,8.333333333333334,0.0,0.0
fixed-00000039,2000.0,1.0,8.666666666666666,0.0,0.0
fixed-00000039,2000.0,1.0,9,0.0,0.0
fixed-00000039,2000.0,1.0,9.333333333333334,0.0,0.0
fixed-00000039,2000.0,1.0,9.666666666666666,0.0,0.0
fixed-00000039,2000.0,1.0,10,0.0,0.0
fixed-00000041,2100.0,1.0,-10,2.010216961922036e-05,4.06346465721623
fixed-00000041,2100.0,1.0,-9.666666666666666,1.4705349062736351e-05,3.9993111842883167
fixed-00000041,2100.0,1.0,-9.333333333333334,1.6858010954085627e-05,3.9341134280419823
fixed-00000041,2100.0,1.0,-9,2.941325045700195e-05,3.8678185799451796
fixed-00000041,2100.0,1.0,-8.666666666666666,1.7368837250148694e-05,3.8003692262624185
fixed-00000041,2100.0,1.0,-8.333333333333334,1.4917833510270742e-05,3.7317027654282953
fixed-00000041,2100.0,1.0,-8,6.799130554245639e-05,3.661750727078541
fixed-00000041,2100.0,1.0,-7.666666666666667,2.0912885053091158e-05,3.5904379716588437
fixed-00000041,2100.0,1.0,-7.333333333333333,1.50163798764872e-05,3.517681743970087
fixed-00000041,2100.0,1.0,-7,6.235320569354387e-05,3.443390546684313
fixed-00000041,2100.0,1.0,-6.666666666666667,1.501399067662569e-05,3.3674627901250744
fixed-00000041,2100.0,1.0,-6.333333333333333,1.652546830664999e-05,3.2897851614732048
fixed-00000041,2100.0,1.0,-6,2.049963952281123e-05,3.2102306386705237
fixed-00000041,2100.0,1.0,-5.666666666666667,2.173875224707849e-05,3.1286560495600355
fixed-00000041,2100.0,1.0,-5.333333333333333,2.8158199179531626e-05,3.0448990421297566
fixed-00000041,2100.0,1.0,-5,0.0002381980424747755,2.9587742822905767
fixed-00000041,2100.0,1.0,-4.666666666666667,4.5805928824541564e-05,2.870068623907869
fixed-00000041,2100.0,1.0,-4.333333333333333,6.325316500379903e-05,2.778534889666446
fixed-00000041,2100.0,1.0,-4,0.0003551631196244005,2.6838837408036937
fixed-00000041,2100.0,1.0,-3.6666666666666665,3.815943822536088e-05,2.5857728647841896
fixed-00000041,2100.0,1.0,-3.3333333333333335,6.408360847242098e-05,2.4837923130867665
fixed-00000041,2100.0,1.0,-3,0.0004658198779377014,2.377444168047276
fixed-00000041,2100.0,1.0,-2.6666666666666665,3.9283323410820256e-05,2.266113602690126
fixed-00000041,2100.0,1.0,-2.3333333333333335,3.8374082760475375e-05,2.1490264116663695
fixed-00000041,2100.0,1.0,-2,0.0035600330944220186,2.025184372977648
fixed-00000041,2100.0,1.0,-1.6666666666666667,2.0663363872714093e-05,1.8932624062673398
fixed-00000041,2100.0,1.0,-1.3333333333333333,2.1018769951630286e-05,1.7514356683819585
fixed-00000041,2100.0,1.0,-1,0.01797884824902067,1.597067571577469
fixed-00000041,2100.0,1.0,-0.6666666666666666,6.249254548290284e-05,1.4260912738112523
fixed-00000041,2100.0,1.0,-0.3333333333333333,2.7206049850152875e-05,1.2316092638486964
fixed-00000041,2100.0,1.0,0,0.05301415240129789,1.0000000000002558
fixed-00000041,2100.0,1.0,0.3333333333333333,8.892810065769614e-05,0.695091493253571
fixed-00000041,2100.0,1.0,0.6666666666666666,0.0,0.0
fixed-00000041,2100.0,1.0,1,0.0,0.0
fixed-00000041,2100.0,1.0,1.3333333333333333,0.0,0.0
fixed-00000041,2100.0,1.0,1.6666666666666667,0.0,0.0
fixed-00000041,2100.0,1.0,2,0.0,0.0
fixed-00000041,2100.0,1.0,2.3333333333333335,0.0,0.0
fixed-00000041,2100.0,1.0,2.6666666666666665,0.0,0.0
fixed-00000041,2100.0,1.0,3,0.0,0.0
fixed-00000041,2100.0,1.0,3.3333333333333335,0.0,0.0
fixed-00000041,2100.0,1.0,3.6666666666666665,0.0,0.0
fixed-00000041,2100.0,1.0,4,0.0,0.0
fixed-00000041,2100.0,1.0,4.333333333333333,0.0,0.0
fixed-00000041,2100.0,1.0,4.666666666666667,0.0,0.0
fixed-00000041,2100.0,1.0,5,0.0,0.0
fixed-00000041,2100.0,1.0,5.333333333333333,0.0,0.0
fixed-00000041,2100.0,1.0,5.666666666666667,0.0,0.0
fixed-00000041,2100.0,1.0,6,0.0,0.0
fixed-00000041,2100.0,1.0,6.333333333333333,0.0,0.0
fixed-00000041,2100.0,1.0,6.666666666666667,0.0,0.0
fixed-00000041,2100.0,1.0,7,0.0,0.0
fixed-00000041,2100.0,1.0,7.333333333333333,0.0,0.0
fixed-00000041,2100.0,1.0,7.666666666666667,0.0,0.0
fixed-00000041,2100.0,1.0,8,0.0,0.0
fixed-00000041,2100.0,1.0,8.333333333333334,0.0,0.0
fixed-00000041,2100.0,1.0,8.666666666666666,0.0,0.0
fixed-00000041,2100.0,1.0,9,0.0,0.0
fixed-00000041,2100.0,1.0,9.333333333333334,0.0,0.0
fixed-00000041,2100.0,1.0,9.666666666666666,0.0,0.0
fixed-00000041,2100.0,1.0,10,0.0,0.0
fixed-00000042,2150.0,1.0,-10,1.6369416930048573e-05,4.018814247514484
fixed-00000042,2150.0,1.0,-9.666666666666666,1.2853165616124398e-05,3.95545840290346
fixed-00000042,2150.0,1.0,-9.333333333333334,1.6322724234342166e-05,3.8910727776008827
fixed-00000042,2150.0,1.0,-9,2.4000173674348656e-05,3.825605377674407
fixed-00000042,2150.0,1.0,-8.666666666666666,1.454817527473036e-05,3.758999682311
fixed-00000042,2150.0,1.0,-8.333333333333334,1.3866634841547935e-05,3.691194072052724
fixed-00000042,2150.0,1.0,-8,4.1289350514545086e-05,3.6221211606904404
fixed-00000042,2150.0,1.0,-7.666666666666667,1.744228995774576e-05,3.5517070102008717
fixed-00000042,2150.0,1.0,-7.333333333333333,1.0678511724936768e-05,3.4798702026836708
fixed-00000042,2150.0,1.0,-7,2.693612158109679e-05,3.4065207361132224
fixed-00000042,2150.0,1.0,-6.666666666666667,1.6880957840761003e-05,3.3315587012155135
fixed-00000042,2150.0,1.0,-6.333333333333333,2.1611260377971205e-05,3.2548726839852122
fixed-00000042,2150.0,1.0,-6,2.3262793192468746e-05,3.1763378209342505
fixed-00000042,2150.0,1.0,-5.666666666666667,2.664194056705241e-05,3.0958134100880415
fixed-00000042,2150.0,1.0,-5.333333333333333,2.3078054460607195e-05,3.01313994701637
fixed-00000042,2150.0,1.0,-5,0.00013784288561905208,2.928135407144495
fixed-00000042,2150.0,1.0,-4.666666666666667,2.7305716133298136e-05,2.840590525945103
fixed-00000042,2150.0,1.0,-4.333333333333333,4.5324510924486674e-05,2.7502627256417895
fixed-00000042,2150.0,1.0,-4,0.00014525168262887484,2.656868181463466
fixed-00000042,2150.0,1.0,-3.6666666666666665,3.717228246376399e-05,2.560071279505152
fixed-00000042,2150.0,1.0,-3.3333333333333335,4.2342660270498536e-05,2.4594703345799616
fixed-00000042,2150.0,1.0,-3,0.0001744562525356363,2.354577805992875
fixed-00000042,2150.0,1.0,-2.6666666666666665,1.8267285456649197e-05,2.244792174954071
fixed-00000042,2150.0,1.0,-2.3333333333333335,3.0658768536377045e-05,2.1293567382343497
fixed-00000042,2150.0,1.0,-2,0.0013208521616159743,2.0072970067893436
fixed-00000042,2150.0,1.0,-1.6666666666666667,1.528100890989846e-05,1.8773213290066906
fixed-00000042,2150.0,1.0,-1.3333333333333333,2.8843873613551263e-05,1.737654285092475
fixed-00000042,2150.0,1.0,-1,0.003890956928648871,1.585737178457066
fixed-00000042,2150.0,1.0,-0.6666666666666666,2.3950168762213455e-05,1.4176372333809297
fixed-00000042,2150.0,1.0,-0.3333333333333333,2.6926600813209205e-05,1.226719687901749
fixed-00000042,2150.0,1.0,0,0.027565121722966844,0.999999999999531
fixed-00000042,2150.0,1.0,0.3333333333333333,4.0861616865881015e-05,0.7036844083900036
fixed-00000042,2150.0,1.0,0.6666666666666666,0.0,0.0
fixed-00000042,2150.0,1.0,1,0.0,0.0
fixed-00000042,2150.0,1.0,1.3333333333333333,0.0,0.0
fixed-00000042,2150.0,1.0,1.6666666666666667,0.0,0.0
fixed-00000042,2150.0,1.0,2,0.0,0.0
fixed-00000042,2150.0,1.0,2.3333333333333335,0.0,0.0
fixed-00000042,2150.0,1.0,2.6666666666666665,0.0,0.0
fixed-00000042,2150.0,1.0,3,0.0,0.0
fixed-00000042,2150.0,1.0,3.3333333333333335,0.0,0.0
fixed-00000042,2150.0,1.0,3.6666666666666665,0.0,0.0
fixed-00000042,2150.0,1.0,4,0.0,0.0
fixed-00000042,2150.0,1.0,4.333333333333333,0.0,0.0
fixed-00000042,2150.0,1.0,4.666666666666667,0.0,0.0
fixed-00000042,2150.0,1.0,5,0.0,0.0
fixed-00000042,2150.0,1.0,5.333333333333333,0.0,0.0
fixed-00000042,2150.0,1.0,5.666666666666667,0.0,0.0
fixed-00000042,2150.0,1.0,6,0.0,0.0
fixed-00000042,2150.0,1.0,6.333333333333333,0.0,0.0
fixed-00000042,2150.0,1.0,6.666666666666667,0.0,0.0
fixed-00000042,2150.0,1.0,7,0.0,0.0
fixed-00000042,2150.0,1.0,7.333333333333333,0.0,0.0
fixed-00000042,2150.0,1.0,7.666666666666667,0.0,0.0
fixed-00000042,2150.0,1.0,8,0.0,0.0
fixed-00000042,2150.0,1.0,8.333333333333334,0.0,0.0
fixed-00000042,2150.0,1.0,8.666666666666666,0.0,0.0
fixed-00000042,2150.0,1.0,9,0.0,0.0
fixed-00000042,2150.0,1.0,9.333333333333334,0.0,0.0
fixed-00000042,2150.0,1.0,9.666666666666666,0.0,0.0
fixed-00000042,2150.0,1.0,10,0.0,0.0
