case_id,energy_ev,grazing_angle_deg,order,efficiency,diffraction_angle_deg
fixed-00000000,50.0,4.0,-20,8.414388846402636e-05,36.946600757765104
fixed-00000000,50.0,4.0,-19,7.147372251530267e-05,35.99049916925804
fixed-00000000,50.0,4.0,-18,6.953214668448906e-05,35.01190478081956
fixed-00000000,50.0,4.0,-17,7.700670113796237e-05,34.00884370553947
fixed-00000000,50.0,4.0,-16,9.294041055208376e-05,32.97905073283735
fixed-00000000,50.0,4.0,-15,0.00010790462415586118,31.919905276127125
fixed-00000000,50.0,4.0,-14,9.121148980042269e-05,30.828348020108905
fixed-00000000,50.0,4.0,-13,0.0001514575913482661,29.700770649131364
fixed-00000000,50.0,4.0,-12,0.00017729312166760885,28.532867207683132
fixed-00000000,50.0,4.0,-11,0.00010864635677386428,27.319429403774024
fixed-00000000,50.0,4.0,-10,0.00030519217268625817,26.054057638388535
fixed-00000000,50.0,4.0,-9,0.0002981378363565603,24.728741050446132
fixed-00000000,50.0,4.0,-8,0.00014891974142247248,23.333225797914665
fixed-00000000,50.0,4.0,-7,0.0007767976305521114,21.854024375341254
fixed-00000000,50.0,4.0,-6,0.0005077067337692701,20.272780035826898
fixed-00000000,50.0,4.0,-5,0.0004291586257230071,18.563384620134798
fixed-00000000,50.0,4.0,-4,0.0027531413551044187,16.686445270170665
fixed-00000000,50.0,4.0,-3,0.000895005901755395,14.577325397340658
fixed-00000000,50.0,4.0,-2,0.004776260100511604,12.115293466158093
fixed-00000000,50.0,4.0,-1,0.03372230953642154,9.015622340555609
fixed-00000000,50.0,4.0,0,0.6930672801558666,4.000000000000043
fixed-00000000,50.0,4.0,1,0.0,0.0
fixed-00000000,50.0,4.0,2,0.0,0.0
fixed-00000000,50.0,4.0,3,0.0,0.0
fixed-00000000,50.0,4.0,4,0.0,0.0
fixed-00000000,50.0,4.0,5,0.0,0.0
fixed-00000000,50.0,4.0,6,0.0,0.0
fixed-00000000,50.0,4.0,7,0.0,0.0
fixed-00000000,50.0,4.0,8,0.0,0.0
fixed-00000000,50.0,4.0,9,0.0,0.0
fixed-00000000,50.0,4.0,10,0.0,0.0
fixed-00000000,50.0,4.0,11,0.0,0.0
fixed-00000000,50.0,4.0,12,0.0,0.0
fixed-00000000,50.0,4.0,13,0.0,0.0
fixed-00000000,50.0,4.0,14,0.0,0.0
fixed-00000000,50.0,4.0,15,0.0,0.0
fixed-00000000,50.0,4.0,16,0.0,0.0
fixed-00000000,50.0,4.0,17,0.0,0.0
fixed-00000000,50.0,4.0,18,0.0,0.0
fixed-00000000,50.0,4.0,19,0.0,0.0
fixed-00000000,50.0,4.0,20,0.0,0.0
fixed-00000008,130.0,4.0,-20,0.0008042535917824242,22.887737429280307
fixed-00000008,130.0,4.0,-19,0.0008100577336809106,22.319060381202533
fixed-00000008,130.0,4.0,-18,0.0006391592194794109,21.73628858867596
fixed-00000008,130.0,4.0,-17,0.0008964209992217635,21.138253797703968
fixed-00000008,130.0,4.0,-16,0.0010477781259622663,20.523619220618087
fixed-00000008,130.0,4.0,-15,0.0009358472442818527,19.890843436975487
fixed-00000008,130.0,4.0,-14,0.0013991357709800675,19.238133704924607
fixed-00000008,130.0,4.0,-13,0.0016516355687817062,18.563384620134784
fixed-00000008,130.0,4.0,-12,0.00156549089415212,17.86409607789507
fixed-00000008,130.0,4.0,-11,0.0022049091510657165,17.137261306119782
fixed-00000008,130.0,4.0,-10,0.0024504162452972707,16.379210436004684
fixed-00000008,130.0,4.0,-9,0.0026178930718200938,15.58538591965737
fixed-00000008,130.0,4.0,-8,0.002815445776682184,14.750009564284554
fixed-00000008,130.0,4.0,-7,0.004110015167041991,13.865569460383654
fixed-00000008,130.0,4.0,-6,0.004659378373648704,12.921991178661202
fixed-00000008,130.0,4.0,-5,0.0033834947036184486,11.905217349750558
fixed-00000008,130.0,4.0,-4,0.012951068862143547,10.794579595613783
fixed-00000008,130.0,4.0,-3,0.008773311972026509,9.557405601711935
fixed-00000008,130.0,4.0,-2,0.019158423695566733,8.136169892284855
fixed-00000008,130.0,4.0,-1,0.17485088949400315,6.409572995038118
fixed-00000008,130.0,4.0,0,0.5691878522028727,3.999999999999943
fixed-00000008,130.0,4.0,1,0.0,0.0
fixed-00000008,130.0,4.0,2,0.0,0.0
fixed-00000008,130.0,4.0,3,0.0,0.0
fixed-00000008,130.0,4.0,4,0.0,0.0
fixed-00000008,130.0,4.0,5,0.0,0.0
fixed-00000008,130.0,4.0,6,0.0,0.0
fixed-00000008,130.0,4.0,7,0.0,0.0
fixed-00000008,130.0,4.0,8,0.0,0.0
fixed-00000008,130.0,4.0,9,0.0,0.0
fixed-00000008,130.0,4.0,10,0.0,0.0
fixed-00000008,130.0,4.0,11,0.0,0.0
fixed-00000008,130.0,4.0,12,0.0,0.0
fixed-00000008,130.0,4.0,13,0.0,0.0
fixed-00000008,130.0,4.0,14,0.0,0.0
fixed-00000008,130.0,4.0,15,0.0,0.0
fixed-00000008,130.0,4.0,16,0.0,0.0
fixed-00000008,130.0,4.0,17,0.0,0.0
fixed-00000008,130.0,4.0,18,0.0,0.0
fixed-00000008,130.0,4.0,19,0.0,0.0
fixed-00000008,130.0,4.0,20,0.0,0.0
fixed-00000001,60.0,4.0,-20,0.00021144423210281668,33.66867098629079
fixed-00000001,60.0,4.0,-19,0.0001479570071128599,32.804641534161746
fixed-00000001,60.0,4.0,-18,0.00013725904899551108,31.91990527612714
fixed-00000001,60.0,4.0,-17,0.00016746437640149041,31.012670458853336
fixed-00000001,60.0,4.0,-16,0.00016749849560901184,30.0808814961542
fixed-00000001,60.0,4.0,-15,0.00019835717108316326,29.122161170553625
fixed-00000001,60.0,4.0,-14,0.00018325161146106196,28.133735479709266
fixed-00000001,60.0,4.0,-13,0.00024529106110815507,27.112334302138407
fixed-00000001,60.0,4.0,-12,0.00031067752610796376,26.05405763838855
fixed-00000001,60.0,4.0,-11,0.0001997451177598875,24.95419162388059
fixed-00000001,60.0,4.0,-10,0.0004618512487087533,23.80694914738052
fixed-00000001,60.0,4.0,-9,0.0005032582983256444,22.605093498036354
fixed-00000001,60.0,4.0,-8,0.0002364775931154183,21.33937330915093
fixed-00000001,60.0,4.0,-7,0.0011367832210375179,19.997638457525795
fixed-00000001,60.0,4.0,-6,0.0008319738383867165,18.563384620134826
fixed-00000001,60.0,4.0,-5,0.0005797784310348633,17.01319792164763
fixed-00000001,60.0,4.0,-4,0.003956525776458188,15.311873059069754
fixed-00000001,60.0,4.0,-3,0.001436324585655234,13.401935191968363
fixed-00000001,60.0,4.0,-2,0.00644065045760995,11.176900501616302
fixed-00000001,60.0,4.0,-1,0.04759241513841351,8.389645509317262
fixed-00000001,60.0,4.0,0,0.6898057591543755,4.000000000000128
fixed-00000001,60.0,4.0,1,0.0,0.0
fixed-00000001,60.0,4.0,2,0.0,0.0
fixed-00000001,60.0,4.0,3,0.0,0.0
fixed-00000001,60.0,4.0,4,0.0,0.0
fixed-00000001,60.0,4.0,5,0.0,0.0
fixed-00000001,60.0,4.0,6,0.0,0.0
fixed-00000001,60.0,4.0,7,0.0,0.0
fixed-00000001,60.0,4.0,8,0.0,0.0
fixed-00000001,60.0,4.0,9,0.0,0.0
fixed-00000001,60.0,4.0,10,0.0,0.0
fixed-00000001,60.0,4.0,11,0.0,0.0
fixed-00000001,60.0,4.0,12,0.0,0.0
fixed-00000001,60.0,4.0,13,0.0,0.0
fixed-00000001,60.0,4.0,14,0.0,0.0
fixed-00000001,60.0,4.0,15,0.0,0.0
fixed-00000001,60.0,4.0,16,0.0,0.0
fixed-00000001,60.0,4.0,17,0.0,0.0
fixed-00000001,60.0,4.0,18,0.0,0.0
fixed-00000001,60.0,4.0,19,0.0,0.0
fixed-00000001,60.0,4.0,20,0.0,0.0
fixed-00000005,100.0,4.0,-20,0.0011570672213541057,26.054057638388535
fixed-00000005,100.0,4.0,-19,0.0010147693768798698,25.39947137852822
fixed-00000005,100.0,4.0,-18,0.0006408558741561151,24.728741050446132
fixed-00000005,100.0,4.0,-17,0.0009382264168101896,24.040510406174633
fixed-00000005,100.0,4.0,-16,0.0009959099363153713,23.333225797914665
fixed-00000005,100.0,4.0,-15,0.0007651522188448381,22.60509349803634
fixed-00000005,100.0,4.0,-14,0.0010943679064484787,21.854024375341254
fixed-00000005,100.0,4.0,-13,0.0011114355479341469,21.07756102550144
fixed-00000005,100.0,4.0,-12,0.0010805587730254057,20.272780035826898
fixed-00000005,100.0,4.0,-11,0.00125948640855935,19.43615815678045
fixed-00000005,100.0,4.0,-10,0.00146955280678063,18.563384620134798
fixed-00000005,100.0,4.0,-9,0.001735609796597676,17.649090489235533
fixed-00000005,100.0,4.0,-8,0.0013459448029540804,16.686445270170665
fixed-00000005,100.0,4.0,-7,0.00289390330352595,15.666531340439832
fixed-00000005,100.0,4.0,-6,0.0029700778398400107,14.577325397340658
fixed-00000005,100.0,4.0,-5,0.0017702783141711061,13.401935191968334
fixed-00000005,100.0,4.0,-4,0.00980529887991722,12.115293466158093
fixed-00000005,100.0,4.0,-3,0.005285023054308877,10.677246924869166
fixed-00000005,100.0,4.0,-2,0.014282743873147848,9.015622340555609
fixed-00000005,100.0,4.0,-1,0.1228886587529001,6.972349028947534
fixed-00000005,100.0,4.0,0,0.6626111013135144,4.000000000000043
fixed-00000005,100.0,4.0,1,0.0,0.0
fixed-00000005,100.0,4.0,2,0.0,0.0
fixed-00000005,100.0,4.0,3,0.0,0.0
fixed-00000005,100.0,4.0,4,0.0,0.0
fixed-00000005,100.0,4.0,5,0.0,0.0
fixed-00000005,100.0,4.0,6,0.0,0.0
fixed-00000005,100.0,4.0,7,0.0,0.0
fixed-00000005,100.0,4.0,8,0.0,0.0
fixed-00000005,100.0,4.0,9,0.0,0.0
fixed-00000005,100.0,4.0,10,0.0,0.0
fixed-00000005,100.0,4.0,11,0.0,0.0
fixed-00000005,100.0,4.0,12,0.0,0.0
fixed-00000005,100.0,4.0,13,0.0,0.0
fixed-00000005,100.0,4.0,14,0.0,0.0
fixed-00000005,100.0,4.0,15,0.0,0.0
fixed-00000005,100.0,4.0,16,0.0,0.0
fixed-00000005,100.0,4.0,17,0.0,0.0
fixed-00000005,100.0,4.0,18,0.0,0.0
fixed-00000005,100.0,4.0,19,0.0,0.0
fixed-00000005,100.0,4.0,20,0.0,0.0
fixed-00000002,70.0,4.0,-20,0.0003408211343170864,31.143727622325613
fixed-00000002,70.0,4.0,-19,0.0002489543296272866,30.3497443387063
fixed-00000002,70.0,4.0,-18,0.0002065282011791494,29.536506828714217
fixed-00000002,70.0,4.0,-17,0.00027436832483172227,28.702365570412915
fixed-00000002,70.0,4.0,-16,0.0002657650726178205,27.845428820199288
fixed-00000002,70.0,4.0,-15,0.00028789682647600937,26.963509729777833
fixed-00000002,70.0,4.0,-14,0.0003074785949597056,26.054057638388535
fixed-00000002,70.0,4.0,-13,0.00035684869998731247,25.114067339116176
fixed-00000002,70.0,4.0,-12,0.0004473893967466546,24.13995702449016
fixed-00000002,70.0,4.0,-11,0.0003390180397879395,23.127400592828295
fixed-00000002,70.0,4.0,-10,0.0006214676788587164,22.071091552917864
fixed-00000002,70.0,4.0,-9,0.0007306937577215457,20.964400995176362
fixed-00000002,70.0,4.0,-8,0.00037693927404079376,19.798865027537445
fixed-00000002,70.0,4.0,-7,0.0014840693272004002,18.563384620134798
fixed-00000002,70.0,4.0,-6,0.001223150828607122,17.242912058772163
fixed-00000002,70.0,4.0,-5,0.0007549369169251381,15.816153021261812
fixed-00000002,70.0,4.0,-4,0.005191038470138262,14.251197562253566
fixed-00000002,70.0,4.0,-3,0.0021292467753962264,12.496206306817058
fixed-00000002,70.0,4.0,-2,0.008111549099492563,10.45589172636997
fixed-00000002,70.0,4.0,-1,0.06306046209991761,7.9124896307686186
fixed-00000002,70.0,4.0,0,0.6823151086115399,4.000000000000043
fixed-00000002,70.0,4.0,1,0.0,0.0
fixed-00000002,70.0,4.0,2,0.0,0.0
fixed-00000002,70.0,4.0,3,0.0,0.0
fixed-00000002,70.0,4.0,4,0.0,0.0
fixed-00000002,70.0,4.0,5,0.0,0.0
fixed-00000002,70.0,4.0,6,0.0,0.0
fixed-00000002,70.0,4.0,7,0.0,0.0
fixed-00000002,70.0,4.0,8,0.0,0.0
fixed-00000002,70.0,4.0,9,0.0,0.0
fixed-00000002,70.0,4.0,10,0.0,0.0
fixed-00000002,70.0,4.0,11,0.0,0.0
fixed-00000002,70.0,4.0,12,0.0,0.0
fixed-00000002,70.0,4.0,13,0.0,0.0
fixed-00000002,70.0,4.0,14,0.0,0.0
fixed-00000002,70.0,4.0,15,0.0,0.0
fixed-00000002,70.0,4.0,16,0.0,0.0
fixed-00000002,70.0,4.0,17,0.0,0.0
fixed-00000002,70.0,4.0,18,0.0,0.0
fixed-00000002,70.0,4.0,19,0.0,0.0
fixed-00000002,70.0,4.0,20,0.0,0.0
fixed-00000003,80.0,4.0,-20,0.0005996702563894661,29.122161170553625
fixed-00000003,80.0,4.0,-19,0.00042633538403612367,28.383796025086852
fixed-00000003,80.0,4.0,-18,0.00032015241857848495,27.62738395184673
fixed-00000003,80.0,4.0,-17,0.0004560310802721689,26.85139076255797
fixed-00000003,80.0,4.0,-16,0.0004234536203012239,26.05405763838855
fixed-00000003,80.0,4.0,-15,0.00042154344991703193,25.23335224938701
fixed-00000003,80.0,4.0,-14,0.0005056206283372562,24.38690529633689
fixed-00000003,80.0,4.0,-13,0.0005211094334730349,23.51192678300849
fixed-00000003,80.0,4.0,-12,0.0006378872240697309,22.605093498036354
fixed-00000003,80.0,4.0,-11,0.0005534456938502407,21.662394599301848
fixed-00000003,80.0,4.0,-10,0.0008323800512166816,20.678914499078303
fixed-00000003,80.0,4.0,-9,0.0010346534232648532,19.6485188177962
fixed-00000003,80.0,4.0,-8,0.0005873654270239815,18.563384620134826
fixed-00000003,80.0,4.0,-7,0.0019050777105128253,17.413268710318007
fixed-00000003,80.0,4.0,-6,0.0017336673775883648,16.18430978152439
fixed-00000003,80.0,4.0,-5,0.0009876978912214903,14.856940312447804
fixed-00000003,80.0,4.0,-4,0.006644478389149495,13.401935191968363
fixed-00000003,80.0,4.0,-3,0.0030197375682272324,11.772044157333355
fixed-00000003,80.0,4.0,-2,0.010016064666189265,9.881078656044693
fixed-00000003,80.0,4.0,-1,0.08121204005918428,7.534952908764481
fixed-00000003,80.0,4.0,0,0.677830670042113,4.000000000000128
fixed-00000003,80.0,4.0,1,0.0,0.0
fixed-00000003,80.0,4.0,2,0.0,0.0
fixed-00000003,80.0,4.0,3,0.0,0.0
fixed-00000003,80.0,4.0,4,0.0,0.0
fixed-00000003,80.0,4.0,5,0.0,0.0
fixed-00000003,80.0,4.0,6,0.0,0.0
fixed-00000003,80.0,4.0,7,0.0,0.0
fixed-00000003,80.0,4.0,8,0.0,0.0
fixed-00000003,80.0,4.0,9,0.0,0.0
fixed-00000003,80.0,4.0,10,0.0,0.0
fixed-00000003,80.0,4.0,11,0.0,0.0
fixed-00000003,80.0,4.0,12,0.0,0.0
fixed-00000003,80.0,4.0,13,0.0,0.0
fixed-00000003,80.0,4.0,14,0.0,0.0
fixed-00000003,80.0,4.0,15,0.0,0.0
fixed-00000003,80.0,4.0,16,0.0,0.0
fixed-00000003,80.0,4.0,17,0.0,0.0
fixed-00000003,80.0,4.0,18,0.0,0.0
fixed-00000003,80.0,4.0,19,0.0,0.0
fixed-00000003,80.0,4.0,20,0.0,0.0
fixed-00000006,110.0,4.0,-20,0.0011861503193684392,24.851951542714687
fixed-00000006,110.0,4.0,-19,0.0011859853218997454,24.2300299857246
fixed-00000006,110.0,4.0,-18,0.0008318103225427834,23.592732267871042
fixed-00000006,110.0,4.0,-17,0.0011300841511761204,22.938772943565866
fixed-00000006,110.0,4.0,-16,0.001310397651980767,22.266680028298126
fixed-00000006,110.0,4.0,-15,0.0010128592994364072,21.574754793732083
fixed-00000006,110.0,4.0,-14,0.0014017846799405024,20.861019691517996
fixed-00000006,110.0,4.0,-13,0.001517543529881505,20.12314981933116
fixed-00000006,110.0,4.0,-12,0.001367542638776442,19.358381089041814
fixed-00000006,110.0,4.0,-11,0.0016773503090760835,18.563384620134798
fixed-00000006,110.0,4.0,-10,0.0019111859898816694,17.73409081271616
fixed-00000006,110.0,4.0,-9,0.0021335323128625354,16.86543602782575
fixed-00000006,110.0,4.0,-8,0.0018366929066368873,15.950985698613678
fixed-00000006,110.0,4.0,-7,0.0034679673336424316,14.982351111948859
fixed-00000006,110.0,4.0,-6,0.0036517168281165156,13.948242344473982
fixed-00000006,110.0,4.0,-5,0.002287218257738378,12.832834315133255
fixed-00000006,110.0,4.0,-4,0.011386235891328129,11.612716944258509
fixed-00000006,110.0,4.0,-3,0.006567629041937631,10.250559696102783
fixed-00000006,110.0,4.0,-2,0.01643658378922959,8.679735599183942
fixed-00000006,110.0,4.0,-1,0.14434435148145228,6.756222279782023
fixed-00000006,110.0,4.0,0,0.6445026703554344,4.000000000000043
fixed-00000006,110.0,4.0,1,0.0,0.0
fixed-00000006,110.0,4.0,2,0.0,0.0
fixed-00000006,110.0,4.0,3,0.0,0.0
fixed-00000006,110.0,4.0,4,0.0,0.0
fixed-00000006,110.0,4.0,5,0.0,0.0
fixed-00000006,110.0,4.0,6,0.0,0.0
fixed-00000006,110.0,4.0,7,0.0,0.0
fixed-00000006,110.0,4.0,8,0.0,0.0
fixed-00000006,110.0,4.0,9,0.0,0.0
fixed-00000006,110.0,4.0,10,0.0,0.0
fixed-00000006,110.0,4.0,11,0.0,0.0
fixed-00000006,110.0,4.0,12,0.0,0.0
fixed-00000006,110.0,4.0,13,0.0,0.0
fixed-00000006,110.0,4.0,14,0.0,0.0
fixed-00000006,110.0,4.0,15,0.0,0.0
fixed-00000006,110.0,4.0,16,0.0,0.0
fixed-00000006,110.0,4.0,17,0.0,0.0
fixed-00000006,110.0,4.0,18,0.0,0.0
fixed-00000006,110.0,4.0,19,0.0,0.0
fixed-00000006,110.0,4.0,20,0.0,0.0
fixed-00000004,90.0,4.0,-20,0.0009383106031076923,27.45669132490191
fixed-00000004,90.0,4.0,-19,0.0007027127334979522,26.763886623772734
fixed-00000004,90.0,4.0,-18,0.0004655322500493357,26.054057638388535
fixed-00000004,90.0,4.0,-17,0.0007022499828154982,25.3257663055293
fixed-00000004,90.0,4.0,-16,0.0006673670074800072,24.57736462946967
fixed-00000004,90.0,4.0,-15,0.0005806908533595158,23.806949147380507
fixed-00000004,90.0,4.0,-14,0.0007851581359241721,23.01230186044222
fixed-00000004,90.0,4.0,-13,0.0007633133838176499,22.19081236476336
fixed-00000004,90.0,4.0,-12,0.0008550317672454635,21.33937330915093
fixed-00000004,90.0,4.0,-11,0.0008701961192813317,20.454237086533084
fixed-00000004,90.0,4.0,-10,0.001103937885868875,19.530814598225575
fixed-00000004,90.0,4.0,-9,0.0013841748400505618,18.563384620134798
fixed-00000004,90.0,4.0,-8,0.0009111794417486947,17.544659849708694
fixed-00000004,90.0,4.0,-7,0.0023729905990492756,16.46511246866092
fixed-00000004,90.0,4.0,-6,0.002338771980753864,15.311873059069725
fixed-00000004,90.0,4.0,-5,0.0013185926832914492,14.066817881848479
fixed-00000004,90.0,4.0,-4,0.00821752342291452,12.702966158118315
fixed-00000004,90.0,4.0,-3,0.004100886093867763,11.176900501616302
fixed-00000004,90.0,4.0,-2,0.012099870351443468,9.410012267886245
fixed-00000004,90.0,4.0,-1,0.10157251494334123,7.227774780095132
fixed-00000004,90.0,4.0,0,0.6731168748985471,4.000000000000043
fixed-00000004,90.0,4.0,1,0.0,0.0
fixed-00000004,90.0,4.0,2,0.0,0.0
fixed-00000004,90.0,4.0,3,0.0,0.0
fixed-00000004,90.0,4.0,4,0.0,0.0
fixed-00000004,90.0,4.0,5,0.0,0.0
fixed-00000004,90.0,4.0,6,0.0,0.0
fixed-00000004,90.0,4.0,7,0.0,0.0
fixed-00000004,90.0,4.0,8,0.0,0.0
fixed-00000004,90.0,4.0,9,0.0,0.0
fixed-00000004,90.0,4.0,10,0.0,0.0
fixed-00000004,90.0,4.0,11,0.0,0.0
fixed-00000004,90.0,4.0,12,0.0,0.0
fixed-00000004,90.0,4.0,13,0.0,0.0
fixed-00000004,90.0,4.0,14,0.0,0.0
fixed-00000004,90.0,4.0,15,0.0,0.0
fixed-00000004,90.0,4.0,16,0.0,0.0
fixed-00000004,90.0,4.0,17,0.0,0.0
fixed-00000004,90.0,4.0,18,0.0,0.0
fixed-00000004,90.0,4.0,19,0.0,0.0
fixed-00000004,90.0,4.0,20,0.0,0.0
fixed-00000007,120.0,4.0,-20,0.0009705715468002492,23.80694914738052
fixed-00000007,120.0,4.0,-19,0.0009907295268501248,23.21337059431326
fixed-00000007,120.0,4.0,-18,0.0007766008223196145,22.605093498036354
fixed-00000007,120.0,4.0,-17,0.0010822894198970567,21.980894517242845
fixed-00000007,120.0,4.0,-16,0.0012898714028105737,21.33937330915093
fixed-00000007,120.0,4.0,-15,0.0011099859993436154,20.67891449907833
fixed-00000007,120.0,4.0,-14,0.0015642498976837216,19.997638457525795
fixed-00000007,120.0,4.0,-13,0.0017606422399729608,19.293336575596342
fixed-00000007,120.0,4.0,-12,0.0016012813905106227,18.563384620134826
fixed-00000007,120.0,4.0,-11,0.0020619044532290015,17.80462435107323
fixed-00000007,120.0,4.0,-10,0.0022726353989589027,17.01319792164763
fixed-00000007,120.0,4.0,-9,0.002489956887424351,16.18430978152439
fixed-00000007,120.0,4.0,-8,0.00235475726927094,15.311873059069754
fixed-00000007,120.0,4.0,-7,0.0038900780993866347,14.387963517781984
fixed-00000007,120.0,4.0,-6,0.0042839439607079205,13.401935191968363
fixed-00000007,120.0,4.0,-5,0.002817839970361473,12.338899720932332
fixed-00000007,120.0,4.0,-4,0.012492383368286609,11.176900501616302
fixed-00000007,120.0,4.0,-3,0.007815015553630579,9.881078656044693
fixed-00000007,120.0,4.0,-2,0.018053523646628496,8.389645509317262
fixed-00000007,120.0,4.0,-1,0.16229623416634556,6.570714442852491
fixed-00000007,120.0,4.0,0,0.6125868592215371,4.000000000000128
fixed-00000007,120.0,4.0,1,0.0,0.0
fixed-00000007,120.0,4.0,2,0.0,0.0
fixed-00000007,120.0,4.0,3,0.0,0.0
fixed-00000007,120.0,4.0,4,0.0,0.0
fixed-00000007,120.0,4.0,5,0.0,0.0
fixed-00000007,120.0,4.0,6,0.0,0.0
fixed-00000007,120.0,4.0,7,0.0,0.0
fixed-00000007,120.0,4.0,8,0.0,0.0
fixed-00000007,120.0,4.0,9,0.0,0.0
fixed-00000007,120.0,4.0,10,0.0,0.0
fixed-00000007,120.0,4.0,11,0.0,0.0
fixed-00000007,120.0,4.0,12,0.0,0.0
fixed-00000007,120.0,4.0,13,0.0,0.0
fixed-00000007,120.0,4.0,14,0.0,0.0
fixed-00000007,120.0,4.0,15,0.0,0.0
fixed-00000007,120.0,4.0,16,0.0,0.0
fixed-00000007,120.0,4.0,17,0.0,0.0
fixed-00000007,120.0,4.0,18,0.0,0.0
fixed-00000007,120.0,4.0,19,0.0,0.0
fixed-00000007,120.0,4.0,20,0.0,0.0
fixed-00000009,140.0,4.0,-20,0.0006499241363084347,22.071091552917864
fixed-00000009,140.0,4.0,-19,0.0006547694245000343,21.524522367911075
fixed-00000009,140.0,4.0,-18,0.0005325367015176947,20.964400995176362
fixed-00000009,140.0,4.0,-17,0.0007406257856138726,20.3896085063504
fixed-00000009,140.0,4.0,-16,0.0008486957551854802,19.798865027537445
fixed-00000009,140.0,4.0,-15,0.0007447890746691598,19.190695371391683
fixed-00000009,140.0,4.0,-14,0.0011288415535892727,18.563384620134798
fixed-00000009,140.0,4.0,-13,0.0013255608649459997,17.91491981726459
fixed-00000009,140.0,4.0,-12,0.0013005777839930819,17.242912058772163
fixed-00000009,140.0,4.0,-11,0.001979665490733023,16.544490275662753
fixed-00000009,140.0,4.0,-10,0.0023251402946357046,15.816153021261812
fixed-00000009,140.0,4.0,-9,0.002473694425918522,15.05355599411152
fixed-00000009,140.0,4.0,-8,0.003054579532347662,14.251197562253566
fixed-00000009,140.0,4.0,-7,0.00415235447867969,13.401935191968334
fixed-00000009,140.0,4.0,-6,0.004744698900920219,12.496206306817058
fixed-00000009,140.0,4.0,-5,0.00393996337028317,11.520697333479006
fixed-00000009,140.0,4.0,-4,0.012921303381008928,10.45589172636997
fixed-00000009,140.0,4.0,-3,0.009392696323693134,9.27106825583462
fixed-00000009,140.0,4.0,-2,0.019938414041965467,7.9124896307686186
fixed-00000009,140.0,4.0,-1,0.18234503368953714,6.268169548557026
fixed-00000009,140.0,4.0,0,0.5197186531017227,4.000000000000043
fixed-00000009,140.0,4.0,1,0.0,0.0
fixed-00000009,140.0,4.0,2,0.0,0.0
fixed-00000009,140.0,4.0,3,0.0,0.0
fixed-00000009,140.0,4.0,4,0.0,0.0
fixed-00000009,140.0,4.0,5,0.0,0.0
fixed-00000009,140.0,4.0,6,0.0,0.0
fixed-00000009,140.0,4.0,7,0.0,0.0
fixed-00000009,140.0,4.0,8,0.0,0.0
fixed-00000009,140.0,4.0,9,0.0,0.0
fixed-00000009,140.0,4.0,10,0.0,0.0
fixed-00000009,140.0,4.0,11,0.0,0.0
fixed-00000009,140.0,4.0,12,0.0,0.0
fixed-00000009,140.0,4.0,13,0.0,0.0
fixed-00000009,140.0,4.0,14,0.0,0.0
fixed-00000009,140.0,4.0,15,0.0,0.0
fixed-00000009,140.0,4.0,16,0.0,0.0
fixed-00000009,140.0,4.0,17,0.0,0.0
fixed-00000009,140.0,4.0,18,0.0,0.0
fixed-00000009,140.0,4.0,19,0.0,0.0
fixed-00000009,140.0,4.0,20,0.0,0.0
fixed-00000010,150.0,4.0,-20,0.0005139438648216777,21.33937330915093
fixed-00000010,150.0,4.0,-19,0.0005103975876267608,20.81260721870089
fixed-00000010,150.0,4.0,-18,0.00042837007113015306,20.272780035826898
fixed-00000010,150.0,4.0,-17,0.0005992269292620217,19.71881735546995
fixed-00000010,150.0,4.0,-16,0.0006773363796939725,19.149490680969976
fixed-00000010,150.0,4.0,-15,0.0005941137577433148,18.563384620134798
fixed-00000010,150.0,4.0,-14,0.0008988717646687797,17.958854520446636
fixed-00000010,150.0,4.0,-13,0.0010244694316186504,17.333970900377437
fixed-00000010,150.0,4.0,-12,0.0009885217210216554,16.686445270170665
fixed-00000010,150.0,4.0,-11,0.0015454547026467528,16.013529106660258
fixed-00000010,150.0,4.0,-10,0.0018514698079519604,15.311873059069754
fixed-00000010,150.0,4.0,-9,0.0019954825726183987,14.577325397340658
fixed-00000010,150.0,4.0,-8,0.002760792292709445,13.804634215692602
fixed-00000010,150.0,4.0,-7,0.0037554571461233454,12.986990452752977
fixed-00000010,150.0,4.0,-6,0.004275594177533469,12.115293466158093
fixed-00000010,150.0,4.0,-5,0.004167513127139907,11.176900501616302
fixed-00000010,150.0,4.0,-4,0.012031878146376082,10.153332615240856
fixed-00000010,150.0,4.0,-3,0.009230498771580055,9.015622340555609
fixed-00000010,150.0,4.0,-2,0.019969643393427085,7.713422675659871
fixed-00000010,150.0,4.0,-1,0.18051499422354683,6.142998339829575
fixed-00000010,150.0,4.0,0,0.45883364407142996,4.000000000000043
fixed-00000010,150.0,4.0,1,0.0,0.0
fixed-00000010,150.0,4.0,2,0.0,0.0
fixed-00000010,150.0,4.0,3,0.0,0.0
fixed-00000010,150.0,4.0,4,0.0,0.0
fixed-00000010,150.0,4.0,5,0.0,0.0
fixed-00000010,150.0,4.0,6,0.0,0.0
fixed-00000010,150.0,4.0,7,0.0,0.0
fixed-00000010,150.0,4.0,8,0.0,0.0
fixed-00000010,150.0,4.0,9,0.0,0.0
fixed-00000010,150.0,4.0,10,0.0,0.0
fixed-00000010,150.0,4.0,11,0.0,0.0
fixed-00000010,150.0,4.0,12,0.0,0.0
fixed-00000010,150.0,4.0,13,0.0,0.0
fixed-00000010,150.0,4.0,14,0.0,0.0
fixed-00000010,150.0,4.0,15,0.0,0.0
fixed-00000010,150.0,4.0,16,0.0,0.0
fixed-00000010,150.0,4.0,17,0.0,0.0
fixed-00000010,150.0,4.0,18,0.0,0.0
fixed-00000010,150.0,4.0,19,0.0,0.0
fixed-00000010,150.0,4.0,20,0.0,0.0
fixed-00000011,160.0,4.0,-20,0.0004283643864713972,20.678914499078303
fixed-00000011,160.0,4.0,-19,0.000417630346112761,20.170023522549073
fixed-00000011,160.0,4.0,-18,0.00035658986202458944,19.6485188177962
fixed-00000011,160.0,4.0,-17,0.000505670217229958,19.113366448532148
fixed-00000011,160.0,4.0,-16,0.0005600604994464022,18.563384620134826
fixed-00000011,160.0,4.0,-15,0.0004995910325277419,17.997212298226287
fixed-00000011,160.0,4.0,-14,0.000758313363584499,17.413268710318007
fixed-00000011,160.0,4.0,-13,0.0008494947887821475,16.809700268524495
fixed-00000011,160.0,4.0,-12,0.0008086243656900125,16.18430978152439
fixed-00000011,160.0,4.0,-11,0.0012804170825703718,15.534460149598402
fixed-00000011,160.0,4.0,-10,0.0015038233564168577,14.856940312447804
fixed-00000011,160.0,4.0,-9,0.0016224833655187905,14.147773622565637
fixed-00000011,160.0,4.0,-8,0.0024006153223839265,13.401935191968363
fixed-00000011,160.0,4.0,-7,0.0032926991329240017,12.612919034749368
fixed-00000011,160.0,4.0,-6,0.0037481283223053216,11.772044157333355
fixed-00000011,160.0,4.0,-5,0.004208958598863156,10.867276770488644
fixed-00000011,160.0,4.0,-4,0.011055542683152376,9.881078656044693
fixed-00000011,160.0,4.0,-3,0.008847708507210538,8.786068711064956
fixed-00000011,160.0,4.0,-2,0.01992246828625156,7.534952908764481
fixed-00000011,160.0,4.0,-1,0.1761056698000418,6.03135129215535
fixed-00000011,160.0,4.0,0,0.40199298698127595,4.000000000000128
fixed-00000011,160.0,4.0,1,0.0,0.0
fixed-00000011,160.0,4.0,2,0.0,0.0
fixed-00000011,160.0,4.0,3,0.0,0.0
fixed-00000011,160.0,4.0,4,0.0,0.0
fixed-00000011,160.0,4.0,5,0.0,0.0
fixed-00000011,160.0,4.0,6,0.0,0.0
fixed-00000011,160.0,4.0,7,0.0,0.0
fixed-00000011,160.0,4.0,8,0.0,0.0
fixed-00000011,160.0,4.0,9,0.0,0.0
fixed-00000011,160.0,4.0,10,0.0,0.0
fixed-00000011,160.0,4.0,11,0.0,0.0
fixed-00000011,160.0,4.0,12,0.0,0.0
fixed-00000011,160.0,4.0,13,0.0,0.0
fixed-00000011,160.0,4.0,14,0.0,0.0
fixed-00000011,160.0,4.0,15,0.0,0.0
fixed-00000011,160.0,4.0,16,0.0,0.0
fixed-00000011,160.0,4.0,17,0.0,0.0
fixed-00000011,160.0,4.0,18,0.0,0.0
fixed-00000011,160.0,4.0,19,0.0,0.0
fixed-00000011,160.0,4.0,20,0.0,0.0
fixed-00000012,170.0,4.0,-20,0.00035315401270724677,20.078937587093307
fixed-00000012,170.0,4.0,-19,0.0003380572032879656,19.586289471248577
fixed-00000012,170.0,4.0,-18,0.00028994688344834895,19.08143745864639
fixed-00000012,170.0,4.0,-17,0.00041785583151143026,18.563384620134798
fixed-00000012,170.0,4.0,-16,0.00045144288590103784,18.030991870959312
fixed-00000012,170.0,4.0,-15,0.00040793513683077073,17.482947890801668
fixed-00000012,170.0,4.0,-14,0.0006259608159199924,16.917730332891097
fixed-00000012,170.0,4.0,-13,0.00068777198527534,16.333555025629337
fixed-00000012,170.0,4.0,-12,0.0006557784801342487,15.728308285955407
fixed-00000012,170.0,4.0,-11,0.0010461826176425457,15.099454930199627
fixed-00000012,170.0,4.0,-10,0.0011961636940119628,14.443910384212742
fixed-00000012,170.0,4.0,-9,0.0012778787458047425,13.757858124151412
fixed-00000012,170.0,4.0,-8,0.0019471260635536515,13.036480848951996
fixed-00000012,170.0,4.0,-7,0.0026700048053444254,12.273549626976305
fixed-00000012,170.0,4.0,-6,0.0030284203973795867,11.460766897267831
fixed-00000012,170.0,4.0,-5,0.0038288172680045226,10.586654831666635
fixed-00000012,170.0,4.0,-4,0.009544138820718076,9.634532883621333
fixed-00000012,170.0,4.0,-3,0.007826762610760169,8.578462776597007
fixed-00000012,170.0,4.0,-2,0.019087232512870027,7.37391453146995
fixed-00000012,170.0,4.0,-1,0.16374809272505067,5.931100707011396
fixed-00000012,170.0,4.0,0,0.34038306420094777,4.000000000000043
fixed-00000012,170.0,4.0,1,0.0,0.0
fixed-00000012,170.0,4.0,2,0.0,0.0
fixed-00000012,170.0,4.0,3,0.0,0.0
fixed-00000012,170.0,4.0,4,0.0,0.0
fixed-00000012,170.0,4.0,5,0.0,0.0
fixed-00000012,170.0,4.0,6,0.0,0.0
fixed-00000012,170.0,4.0,7,0.0,0.0
fixed-00000012,170.0,4.0,8,0.0,0.0
fixed-00000012,170.0,4.0,9,0.0,0.0
fixed-00000012,170.0,4.0,10,0.0,0.0
fixed-00000012,170.0,4.0,11,0.0,0.0
fixed-00000012,170.0,4.0,12,0.0,0.0
fixed-00000012,170.0,4.0,13,0.0,0.0
fixed-00000012,170.0,4.0,14,0.0,0.0
fixed-00000012,170.0,4.0,15,0.0,0.0
fixed-00000012,170.0,4.0,16,0.0,0.0
fixed-00000012,170.0,4.0,17,0.0,0.0
fixed-00000012,170.0,4.0,18,0.0,0.0
fixed-00000012,170.0,4.0,19,0.0,0.0
fixed-00000012,170.0,4.0,20,0.0,0.0
fixed-00000013,180.0,4.0,-20,0.00031973147871314423,19.530814598225575
fixed-00000013,180.0,4.0,-19,0.00030027129567379904,19.053012891096714
fixed-00000013,180.0,4.0,-18,0.00025854616360761537,18.563384620134798
fixed-00000013,180.0,4.0,-17,0.0003752993037801748,18.06096687878967
fixed-00000013,180.0,4.0,-16,0.00039708846788268174,17.544659849708694
fixed-00000013,180.0,4.0,-15,0.0003599155034086004,17.013197921647617
fixed-00000013,180.0,4.0,-14,0.0005589323986808595,16.46511246866092
fixed-00000013,180.0,4.0,-13,0.0005985846311647807,15.898683146952209
fixed-00000013,180.0,4.0,-12,0.0005751874267431276,15.311873059069725
fixed-00000013,180.0,4.0,-11,0.0009263489328339932,14.702240730771123
fixed-00000013,180.0,4.0,-10,0.0010295984388586253,14.066817881848479
fixed-00000013,180.0,4.0,-9,0.001102481130048646,13.401935191968363
fixed-00000013,180.0,4.0,-8,0.0017017662146460544,12.702966158118315
fixed-00000013,180.0,4.0,-7,0.002278913179356969,11.96393641047473
fixed-00000013,180.0,4.0,-6,0.002587353109820937,11.176900501616302
fixed-00000013,180.0,4.0,-5,0.0034784190049053265,10.330890706572049
fixed-00000013,180.0,4.0,-4,0.008381896626529307,9.410012267886245
fixed-00000013,180.0,4.0,-3,0.006958030741612402,8.389645509317262
fixed-00000013,180.0,4.0,-2,0.018326243299905877,7.227774780095132
fixed-00000013,180.0,4.0,-1,0.15232227783003843,5.840549916165145
fixed-00000013,180.0,4.0,0,0.2880790596758306,4.000000000000043
fixed-00000013,180.0,4.0,1,0.0,0.0
fixed-00000013,180.0,4.0,2,0.0,0.0
fixed-00000013,180.0,4.0,3,0.0,0.0
fixed-00000013,180.0,4.0,4,0.0,0.0
fixed-00000013,180.0,4.0,5,0.0,0.0
fixed-00000013,180.0,4.0,6,0.0,0.0
fixed-00000013,180.0,4.0,7,0.0,0.0
fixed-00000013,180.0,4.0,8,0.0,0.0
fixed-00000013,180.0,4.0,9,0.0,0.0
fixed-00000013,180.0,4.0,10,0.0,0.0
fixed-00000013,180.0,4.0,11,0.0,0.0
fixed-00000013,180.0,4.0,12,0.0,0.0
fixed-00000013,180.0,4.0,13,0.0,0.0
fixed-00000013,180.0,4.0,14,0.0,0.0
fixed-00000013,180.0,4.0,15,0.0,0.0
fixed-00000013,180.0,4.0,16,0.0,0.0
fixed-00000013,180.0,4.0,17,0.0,0.0
fixed-00000013,180.0,4.0,18,0.0,0.0
fixed-00000013,180.0,4.0,19,0.0,0.0
fixed-00000013,180.0,4.0,20,0.0,0.0
fixed-00000014,190.0,4.0,-20,0.00032260276449433243,19.027545728760387
fixed-00000014,190.0,4.0,-19,0.00029607912918821935,18.563384620134798
fixed-00000014,190.0,4.0,-18,0.0002572750853694301,18.087745917971517
fixed-00000014,190.0,4.0,-17,0.0003737119341982414,17.599698142746774
fixed-00000014,190.0,4.0,-16,0.00038783279577364604,17.098177750245895
fixed-00000014,190.0,4.0,-15,0.0003538880856993098,16.581961354199663
fixed-00000014,190.0,4.0,-14,0.0005537724990393959,16.04962995579325
fixed-00000014,190.0,4.0,-13,0.0005777985857175328,15.49952217558176
fixed-00000014,190.0,4.0,-12,0.0005606106562351863,14.929672049973433
fixed-00000014,190.0,4.0,-11,0.0009116706945062748,14.337724668923613
fixed-00000014,190.0,4.0,-10,0.0009794234515319,13.720819169692376
fixed-00000014,190.0,4.0,-9,0.0010605301064244722,13.075422179669076
fixed-00000014,190.0,4.0,-8,0.0016567848983181034,12.397083362613174
fixed-00000014,190.0,4.0,-7,0.002132024767245362,11.680063301026976
fixed-00000014,190.0,4.0,-6,0.0024536458895133037,10.916741345033458
fixed-00000014,190.0,4.0,-5,0.0034086206623346535,10.096619860707108
fixed-00000014,190.0,4.0,-4,0.007862870773131345,9.204527144434891
fixed-00000014,190.0,4.0,-3,0.006614749626792864,8.217053724399236
fixed-00000014,190.0,4.0,-2,0.018375435564575417,7.094480733772272
fixed-00000014,190.0,4.0,-1,0.14691567110960146,5.758328175331556
fixed-00000014,190.0,4.0,0,0.2513275232749649,4.000000000000043
fixed-00000014,190.0,4.0,1,0.0,0.0
fixed-00000014,190.0,4.0,2,0.0,0.0
fixed-00000014,190.0,4.0,3,0.0,0.0
fixed-00000014,190.0,4.0,4,0.0,0.0
fixed-00000014,190.0,4.0,5,0.0,0.0
fixed-00000014,190.0,4.0,6,0.0,0.0
fixed-00000014,190.0,4.0,7,0.0,0.0
fixed-00000014,190.0,4.0,8,0.0,0.0
fixed-00000014,190.0,4.0,9,0.0,0.0
fixed-00000014,190.0,4.0,10,0.0,0.0
fixed-00000014,190.0,4.0,11,0.0,0.0
fixed-00000014,190.0,4.0,12,0.0,0.0
fixed-00000014,190.0,4.0,13,0.0,0.0
fixed-00000014,190.0,4.0,14,0.0,0.0
fixed-00000014,190.0,4.0,15,0.0,0.0
fixed-00000014,190.0,4.0,16,0.0,0.0
fixed-00000014,190.0,4.0,17,0.0,0.0
fixed-00000014,190.0,4.0,18,0.0,0.0
fixed-00000014,190.0,4.0,19,0.0,0.0
fixed-00000014,190.0,4.0,20,0.0,0.0
fixed-00000015,200.0,4.0,-20,0.0003332263475558488,18.563384620134798
fixed-00000015,200.0,4.0,-19,0.00029718376557199644,18.11181433101568
fixed-00000015,200.0,4.0,-18,0.0002629378889725794,17.649090489235533
fixed-00000015,200.0,4.0,-17,0.00038155319394304264,17.17431076750566
fixed-00000015,200.0,4.0,-16,0.00038595519582110754,16.686445270170665
fixed-00000015,200.0,4.0,-15,0.0003585881339865672,16.184309781524362
fixed-00000015,200.0,4.0,-14,0.0005637716257668651,15.666531340439832
fixed-00000015,200.0,4.0,-13,0.0005695835323326721,15.13150326662813
fixed-00000015,200.0,4.0,-12,0.0005644777602769859,14.577325397340658
fixed-00000015,200.0,4.0,-11,0.0009248617134106273,14.001723117605522
fixed-00000015,200.0,4.0,-10,0.000954455022053725,13.401935191968334
fixed-00000015,200.0,4.0,-9,0.0010570610482615373,12.774554314257855
fixed-00000015,200.0,4.0,-8,0.0016724456325313102,12.115293466158093
fixed-00000015,200.0,4.0,-7,0.002051849235082594,11.41863095571108
fixed-00000015,200.0,4.0,-6,0.002411819878141972,10.677246924869166
fixed-00000015,200.0,4.0,-5,0.0034686872565947093,9.88107865604465
fixed-00000015,200.0,4.0,-4,0.007555398454216698,9.015622340555609
fixed-00000015,200.0,4.0,-3,0.006404928249091113,8.058583440755712
fixed-00000015,200.0,4.0,-2,0.019052498462084858,6.972349028947534
fixed-00000015,200.0,4.0,-1,0.14294702952778168,5.683315135192018
fixed-00000015,200.0,4.0,0,0.2239077256322361,4.000000000000043
fixed-00000015,200.0,4.0,1,0.0,0.0
fixed-00000015,200.0,4.0,2,0.0,0.0
fixed-00000015,200.0,4.0,3,0.0,0.0
fixed-00000015,200.0,4.0,4,0.0,0.0
fixed-00000015,200.0,4.0,5,0.0,0.0
fixed-00000015,200.0,4.0,6,0.0,0.0
fixed-00000015,200.0,4.0,7,0.0,0.0
fixed-00000015,200.0,4.0,8,0.0,0.0
fixed-00000015,200.0,4.0,9,0.0,0.0
fixed-00000015,200.0,4.0,10,0.0,0.0
fixed-00000015,200.0,4.0,11,0.0,0.0
fixed-00000015,200.0,4.0,12,0.0,0.0
fixed-00000015,200.0,4.0,13,0.0,0.0
fixed-00000015,200.0,4.0,14,0.0,0.0
fixed-00000015,200.0,4.0,15,0.0,0.0
fixed-00000015,200.0,4.0,16,0.0,0.0
fixed-00000015,200.0,4.0,17,0.0,0.0
fixed-00000015,200.0,4.0,18,0.0,0.0
fixed-00000015,200.0,4.0,19,0.0,0.0
fixed-00000015,200.0,4.0,20,0.0,0.0
fixed-00000016,210.0,4.0,-20,0.0003129441673653558,18.133563909262662
fixed-00000016,210.0,4.0,-19,0.000270122066032184,17.69366376630488
fixed-00000016,210.0,4.0,-18,0.0002395513428898129,17.242912058772163
fixed-00000016,210.0,4.0,-17,0.00035728829416577896,16.78043360412154
fixed-00000016,210.0,4.0,-16,0.0003484489234233997,16.30522983876051
fixed-00000016,210.0,4.0,-15,0.0003241069988440955,15.816153021261812
fixed-00000016,210.0,4.0,-14,0.0005304528327530517,15.311873059069725
fixed-00000016,210.0,4.0,-13,0.0005102718076348015,14.79083420461042
fixed-00000016,210.0,4.0,-12,0.0005095423012945237,14.251197562253566
fixed-00000016,210.0,4.0,-11,0.0008730477123180717,13.690763273626388
fixed-00000016,210.0,4.0,-10,0.0008474751896425188,13.106862846525061
fixed-00000016,210.0,4.0,-9,0.0009548557388414665,12.496206306817086
fixed-00000016,210.0,4.0,-8,0.0015753678138413997,11.854658593029981
fixed-00000016,210.0,4.0,-7,0.0018184885361267156,11.176900501616302
fixed-00000016,210.0,4.0,-6,0.0021732921919966055,10.45589172636997
fixed-00000016,210.0,4.0,-5,0.003262331351326093,9.681973335802653
fixed-00000016,210.0,4.0,-4,0.006903883000707224,8.841260597125114
fixed-00000016,210.0,4.0,-3,0.0056183450998680455,7.912489630768675
fixed-00000016,210.0,4.0,-2,0.018887645598195654,6.85998498024081
fixed-00000016,210.0,4.0,-1,0.13866983858597387,5.614585555098117
fixed-00000016,210.0,4.0,0,0.18080058949333222,4.000000000000043
fixed-00000016,210.0,4.0,1,0.04750134727209977,0.6990406976807151
fixed-00000016,210.0,4.0,2,0.0,0.0
fixed-00000016,210.0,4.0,3,0.0,0.0
fixed-00000016,210.0,4.0,4,0.0,0.0
fixed-00000016,210.0,4.0,5,0.0,0.0
fixed-00000016,210.0,4.0,6,0.0,0.0
fixed-00000016,210.0,4.0,7,0.0,0.0
fixed-00000016,210.0,4.0,8,0.0,0.0
fixed-00000016,210.0,4.0,9,0.0,0.0
fixed-00000016,210.0,4.0,10,0.0,0.0
fixed-00000016,210.0,4.0,11,0.0,0.0
fixed-00000016,210.0,4.0,12,0.0,0.0
fixed-00000016,210.0,4.0,13,0.0,0.0
fixed-00000016,210.0,4.0,14,0.0,0.0
fixed-00000016,210.0,4.0,15,0.0,0.0
fixed-00000016,210.0,4.0,16,0.0,0.0
fixed-00000016,210.0,4.0,17,0.0,0.0
fixed-00000016,210.0,4.0,18,0.0,0.0
fixed-00000016,210.0,4.0,19,0.0,0.0
fixed-00000016,210.0,4.0,20,0.0,0.0
fixed-00000017,220.0,4.0,-20,0.0002911887138743428,17.73409081271616
fixed-00000017,220.0,4.0,-19,0.00024757481834223764,17.305048019521294
fixed-00000017,220.0,4.0,-18,0.0002189654802716824,16.86543602782575
fixed-00000017,220.0,4.0,-17,0.0003309884629419383,16.414405017153385
fixed-00000017,220.0,4.0,-16,0.0003192427110107989,15.950985698613678
fixed-00000017,220.0,4.0,-15,0.0002932065902086536,15.474064410036164
fixed-00000017,220.0,4.0,-14,0.0004940593143634563,14.982351111948859
fixed-00000017,220.0,4.0,-13,0.00046562701561631475,14.474337642723825
fixed-00000017,220.0,4.0,-12,0.00045960381049805907,13.948242344473982
fixed-00000017,220.0,4.0,-11,0.0008179485695940843,13.401935191968377
fixed-00000017,220.0,4.0,-10,0.0007672366930568123,12.832834315133255
fixed-00000017,220.0,4.0,-9,0.000863372988464008,12.237759303340212
fixed-00000017,220.0,4.0,-8,0.0014800078067229128,11.612716944258509
fixed-00000017,220.0,4.0,-7,0.0016315601952598593,10.952576962541741
fixed-00000017,220.0,4.0,-6,0.0019881569549113007,10.250559696102783
fixed-00000017,220.0,4.0,-5,0.003058941954400059,9.49738228221355
fixed-00000017,220.0,4.0,-4,0.006316364205311952,8.679735599183942
fixed-00000017,220.0,4.0,-3,0.0052494465103145715,7.777311442431525
fixed-00000017,220.0,4.0,-2,0.017885891414488986,6.756222279782023
fixed-00000017,220.0,4.0,-1,0.13476599693124408,5.551368162118536
fixed-00000017,220.0,4.0,0,0.1443866472757175,4.000000000000043
fixed-00000017,220.0,4.0,1,0.07283769262454565,1.0924531720081205
fixed-00000017,220.0,4.0,2,0.0,0.0
fixed-00000017,220.0,4.0,3,0.0,0.0
fixed-00000017,220.0,4.0,4,0.0,0.0
fixed-00000017,220.0,4.0,5,0.0,0.0
fixed-00000017,220.0,4.0,6,0.0,0.0
fixed-00000017,220.0,4.0,7,0.0,0.0
fixed-00000017,220.0,4.0,8,0.0,0.0
fixed-00000017,220.0,4.0,9,0.0,0.0
fixed-00000017,220.0,4.0,10,0.0,0.0
fixed-00000017,220.0,4.0,11,0.0,0.0
fixed-00000017,220.0,4.0,12,0.0,0.0
fixed-00000017,220.0,4.0,13,0.0,0.0
fixed-00000017,220.0,4.0,14,0.0,0.0
fixed-00000017,220.0,4.0,15,0.0,0.0
fixed-00000017,220.0,4.0,16,0.0,0.0
fixed-00000017,220.0,4.0,17,0.0,0.0
fixed-00000017,220.0,4.0,18,0.0,0.0
fixed-00000017,220.0,4.0,19,0.0,0.0
fixed-00000017,220.0,4.0,20,0.0,0.0
fixed-00000018,230.0,4.0,-20,0.0002859617742655487,17.361592560354026
fixed-00000018,230.0,4.0,-19,0.0002389883249270311,16.942685258157596
fixed-00000018,230.0,4.0,-18,0.0002115507414492986,16.513473571464004
fixed-00000018,230.0,4.0,-17,0.0003208986172313413,16.07313144984927
fixed-00000018,230.0,4.0,-16,0.00030760362050423273,15.62071704156071
fixed-00000018,230.0,4.0,-15,0.0002790958138609858,15.155148624219663
fixed-00000018,230.0,4.0,-14,0.0004802268113744545,14.675173695966748
fixed-00000018,230.0,4.0,-13,0.00044609781721901745,14.179328690446923
fixed-00000018,230.0,4.0,-12,0.0004341143241997655,13.665885586158865
fixed-00000018,230.0,4.0,-11,0.0007988141003937452,13.13277978959242
fixed-00000018,230.0,4.0,-10,0.000725933953296153,12.577510579407715
fixed-00000018,230.0,4.0,-9,0.0008151110428303351,11.997000160210277
fixed-00000018,230.0,4.0,-8,0.0014454767459219093,11.387388125912437
fixed-00000018,230.0,4.0,-7,0.0015155525976153184,10.743720994389975
fixed-00000018,230.0,4.0,-6,0.0018914151365532642,10.059462823221452
fixed-00000018,230.0,4.0,-5,0.002955193665279579,9.325682005200974
fixed-00000018,230.0,4.0,-4,0.0059064051830097705,8.529606124486918
fixed-00000018,230.0,4.0,-3,0.0050705017738131835,7.651815588106331
fixed-00000018,230.0,4.0,-2,0.017171621381466745,6.660077368214232
fixed-00000018,230.0,4.0,-1,0.13207585162157268,5.493014580257693
fixed-00000018,230.0,4.0,0,0.11628593287888744,4.000000000000043
fixed-00000018,230.0,4.0,1,0.09007003248148863,1.3553543387345144
fixed-00000018,230.0,4.0,2,0.0,0.0
fixed-00000018,230.0,4.0,3,0.0,0.0
fixed-00000018,230.0,4.0,4,0.0,0.0
fixed-00000018,230.0,4.0,5,0.0,0.0
fixed-00000018,230.0,4.0,6,0.0,0.0
fixed-00000018,230.0,4.0,7,0.0,0.0
fixed-00000018,230.0,4.0,8,0.0,0.0
fixed-00000018,230.0,4.0,9,0.0,0.0
fixed-00000018,230.0,4.0,10,0.0,0.0
fixed-00000018,230.0,4.0,11,0.0,0.0
fixed-00000018,230.0,4.0,12,0.0,0.0
fixed-00000018,230.0,4.0,13,0.0,0.0
fixed-00000018,230.0,4.0,14,0.0,0.0
fixed-00000018,230.0,4.0,15,0.0,0.0
fixed-00000018,230.0,4.0,16,0.0,0.0
fixed-00000018,230.0,4.0,17,0.0,0.0
fixed-00000018,230.0,4.0,18,0.0,0.0
fixed-00000018,230.0,4.0,19,0.0,0.0
fixed-00000018,230.0,4.0,20,0.0,0.0
fixed-00000019,240.0,4.0,-20,0.00029871971478439636,17.01319792164763
fixed-00000019,240.0,4.0,-19,0.00024441170122036426,16.60378152529381
fixed-00000019,240.0,4.0,-18,0.0002179825684193429,16.18430978152439
fixed-00000019,240.0,4.0,-17,0.0003287176926125928,15.753978980891489
fixed-00000019,240.0,4.0,-16,0.0003137599388396868,15.311873059069754
fixed-00000019,240.0,4.0,-15,0.0002831415537241201,14.856940312447833
fixed-00000019,240.0,4.0,-14,0.0004919914104265606,14.387963517781984
fixed-00000019,240.0,4.0,-13,0.0004535581319732713,13.903521017776214
fixed-00000019,240.0,4.0,-12,0.0004352373625687175,13.401935191968363
fixed-00000019,240.0,4.0,-11,0.0008233531809108474,12.881202923645205
fixed-00000019,240.0,4.0,-10,0.0007291128744782369,12.338899720932332
fixed-00000019,240.0,4.0,-9,0.000814537038924048,11.772044157333369
fixed-00000019,240.0,4.0,-8,0.001494378717469019,11.176900501616302
fixed-00000019,240.0,4.0,-7,0.0014851052330295204,10.548681150469449
fixed-00000019,240.0,4.0,-6,0.0019022394365590862,9.881078656044693
fixed-00000019,240.0,4.0,-5,0.0030129215253921794,9.165490343367907
fixed-00000019,240.0,4.0,-4,0.005741679402116862,8.389645509317262
fixed-00000019,240.0,4.0,-3,0.0051590633854112005,7.534952908764538
fixed-00000019,240.0,4.0,-2,0.016982267013600123,6.570714442852491
fixed-00000019,240.0,4.0,-1,0.13279110031015473,5.438975549640787
fixed-00000019,240.0,4.0,0,0.09511337576307559,4.000000000000128
fixed-00000019,240.0,4.0,1,0.10507855387338509,1.5578535504268984
fixed-00000019,240.0,4.0,2,0.0,0.0
fixed-00000019,240.0,4.0,3,0.0,0.0
fixed-00000019,240.0,4.0,4,0.0,0.0
fixed-00000019,240.0,4.0,5,0.0,0.0
fixed-00000019,240.0,4.0,6,0.0,0.0
fixed-00000019,240.0,4.0,7,0.0,0.0
fixed-00000019,240.0,4.0,8,0.0,0.0
fixed-00000019,240.0,4.0,9,0.0,0.0
fixed-00000019,240.0,4.0,10,0.0,0.0
fixed-00000019,240.0,4.0,11,0.0,0.0
fixed-00000019,240.0,4.0,12,0.0,0.0
fixed-00000019,240.0,4.0,13,0.0,0.0
fixed-00000019,240.0,4.0,14,0.0,0.0
fixed-00000019,240.0,4.0,15,0.0,0.0
fixed-00000019,240.0,4.0,16,0.0,0.0
fixed-00000019,240.0,4.0,17,0.0,0.0
fixed-00000019,240.0,4.0,18,0.0,0.0
fixed-00000019,240.0,4.0,19,0.0,0.0
fixed-00000019,240.0,4.0,20,0.0,0.0
fixed-00000020,250.0,4.0,-20,0.00030577003190976673,16.686445270170665
fixed-00000020,250.0,4.0,-19,0.00024488429930111596,16.285941336994114
fixed-00000020,250.0,4.0,-18,0.00022153724478068788,15.875616848789647
fixed-00000020,250.0,4.0,-17,0.00033168618403895295,15.454689148224062
fixed-00000020,250.0,4.0,-16,0.00031423823885496743,15.022266470358943
fixed-00000020,250.0,4.0,-15,0.0002850446135546051,14.577325397340715
fixed-00000020,250.0,4.0,-14,0.0004971890974586337,14.11868194632234
fixed-00000020,250.0,4.0,-13,0.000455159252032547,13.644953944975029
fixed-00000020,250.0,4.0,-12,0.00043433604430745046,13.154511253697052
fixed-00000020,250.0,4.0,-11,0.0008397793912951566,12.645408662197411
fixed-00000020,250.0,4.0,-10,0.0007281053913742859,12.115293466158121
fixed-00000020,250.0,4.0,-9,0.0008112796462217465,11.561274966505863
fixed-00000020,250.0,4.0,-8,0.0015399500290922074,10.979734761202295
fixed-00000020,250.0,4.0,-7,0.001455624864820288,10.366041263914951
fixed-00000020,250.0,4.0,-6,0.001912385581191283,9.714101762495858
fixed-00000020,250.0,4.0,-5,0.003098343610101255,9.01562234055568
fixed-00000020,250.0,4.0,-4,0.005570465529082547,8.258802394264194
fixed-00000020,250.0,4.0,-3,0.005277528132492591,7.425824639985038
fixed-00000020,250.0,4.0,-2,0.01684394822975877,6.487418295723927
fixed-00000020,250.0,4.0,-1,0.13309858872264008,5.388782503478367
fixed-00000020,250.0,4.0,0,0.07720779881894592,4.000000000000128
fixed-00000020,250.0,4.0,1,0.11817287010393644,1.7232677700620371
fixed-00000020,250.0,4.0,2,0.0,0.0
fixed-00000020,250.0,4.0,3,0.0,0.0
fixed-00000020,250.0,4.0,4,0.0,0.0
fixed-00000020,250.0,4.0,5,0.0,0.0
fixed-00000020,250.0,4.0,6,0.0,0.0
fixed-00000020,250.0,4.0,7,0.0,0.0
fixed-00000020,250.0,4.0,8,0.0,0.0
fixed-00000020,250.0,4.0,9,0.0,0.0
fixed-00000020,250.0,4.0,10,0.0,0.0
fixed-00000020,250.0,4.0,11,0.0,0.0
fixed-00000020,250.0,4.0,12,0.0,0.0
fixed-00000020,250.0,4.0,13,0.0,0.0
fixed-00000020,250.0,4.0,14,0.0,0.0
fixed-00000020,250.0,4.0,15,0.0,0.0
fixed-00000020,250.0,4.0,16,0.0,0.0
fixed-00000020,250.0,4.0,17,0.0,0.0
fixed-00000020,250.0,4.0,18,0.0,0.0
fixed-00000020,250.0,4.0,19,0.0,0.0
fixed-00000020,250.0,4.0,20,0.0,0.0
fixed-00000021,260.0,4.0,-20,0.0003135910191648835,16.379210436004684
fixed-00000021,260.0,4.0,-19,0.000245534750429931,15.987097516269017
fixed-00000021,260.0,4.0,-18,0.00022549175671164124,15.58538591965737
fixed-00000021,260.0,4.0,-17,0.0003344667340095759,15.173312873518526
fixed-00000021,260.0,4.0,-16,0.0003146373281577394,14.750009564284554
fixed-00000021,260.0,4.0,-15,0.0002871109972259774,14.314479289708373
fixed-00000021,260.0,4.0,-14,0.0005011195522952913,13.865569460383654
fixed-00000021,260.0,4.0,-13,0.0004564711322033538,13.401935191968363
fixed-00000021,260.0,4.0,-12,0.00043259591784640964,12.921991178661202
fixed-00000021,260.0,4.0,-11,0.0008534465214763329,12.423846879528327
fixed-00000021,260.0,4.0,-10,0.0007259120995132264,11.905217349750558
fixed-00000021,260.0,4.0,-9,0.0008051149531610874,11.363297500741439
fixed-00000021,260.0,4.0,-8,0.0015798581056596264,10.794579595613783
fixed-00000021,260.0,4.0,-7,0.0014213434320768264,10.194579116674106
fixed-00000021,260.0,4.0,-6,0.001913784413282449,9.557405601711935
fixed-00000021,260.0,4.0,-5,0.0031709651764913896,8.875055586881174
fixed-00000021,260.0,4.0,-4,0.0053671007419485274,8.136169892284855
fixed-00000021,260.0,4.0,-3,0.0053727588396259175,7.32365592105198
fixed-00000021,260.0,4.0,-2,0.01661054954261944,6.409572995038118
fixed-00000021,260.0,4.0,-1,0.13248153266691826,5.342033137263584
fixed-00000021,260.0,4.0,0,0.06160271756792447,3.999999999999943
fixed-00000021,260.0,4.0,1,0.12954458971380955,1.8629706538812485
fixed-00000021,260.0,4.0,2,0.0,0.0
fixed-00000021,260.0,4.0,3,0.0,0.0
fixed-00000021,260.0,4.0,4,0.0,0.0
fixed-00000021,260.0,4.0,5,0.0,0.0
fixed-00000021,260.0,4.0,6,0.0,0.0
fixed-00000021,260.0,4.0,7,0.0,0.0
fixed-00000021,260.0,4.0,8,0.0,0.0
fixed-00000021,260.0,4.0,9,0.0,0.0
fixed-00000021,260.0,4.0,10,0.0,0.0
fixed-00000021,260.0,4.0,11,0.0,0.0
fixed-00000021,260.0,4.0,12,0.0,0.0
fixed-00000021,260.0,4.0,13,0.0,0.0
fixed-00000021,260.0,4.0,14,0.0,0.0
fixed-00000021,260.0,4.0,15,0.0,0.0
fixed-00000021,260.0,4.0,16,0.0,0.0
fixed-00000021,260.0,4.0,17,0.0,0.0
fixed-00000021,260.0,4.0,18,0.0,0.0
fixed-00000021,260.0,4.0,19,0.0,0.0
fixed-00000021,260.0,4.0,20,0.0,0.0
fixed-00000022,270.0,4.0,-20,0.0003203522083337833,16.08964950237933
fixed-00000022,270.0,4.0,-19,0.0002452604984049869,15.705455556386227
fixed-00000022,270.0,4.0,-18,0.00022983858119916364,15.311873059069725
fixed-00000022,270.0,4.0,-17,0.00033725405344297183,14.908158060804453
fixed-00000022,270.0,4.0,-16,0.00031410154405927745,14.493463473362837
fixed-00000022,270.0,4.0,-15,0.0002911691048737069,14.066817881848507
fixed-00000022,270.0,4.0,-14,0.0005054092044706383,13.627098410003597
fixed-00000022,270.0,4.0,-13,0.00045810082586654087,13.172995462424524
fixed-00000022,270.0,4.0,-12,0.00043501398301131557,12.702966158118315
fixed-00000022,270.0,4.0,-11,0.0008692718711905299,12.215171679035521
fixed-00000022,270.0,4.0,-10,0.0007284311385569826,11.707391172695964
fixed-00000022,270.0,4.0,-9,0.000806459448721886,11.176900501616302
fixed-00000022,270.0,4.0,-8,0.0016318191539532506,10.620296524793474
fixed-00000022,270.0,4.0,-7,0.0014026976169417937,10.033233642263525
fixed-00000022,270.0,4.0,-6,0.0019333697993334552,9.410012267886245
fixed-00000022,270.0,4.0,-5,0.0032914672807008126,8.742902716320742
fixed-00000022,270.0,4.0,-4,0.005200257972335182,8.020961125094075
fixed-00000022,270.0,4.0,-3,0.00553178544728621,7.227774780095174
fixed-00000022,270.0,4.0,-2,0.016503976165522904,6.336644982795491
fixed-00000022,270.0,4.0,-1,0.13217386084794827,5.298379990270192
fixed-00000022,270.0,4.0,0,0.04883262181183288,4.000000000000043
fixed-00000022,270.0,4.0,1,0.14031820839944886,1.9835743440105915
fixed-00000022,270.0,4.0,2,0.0,0.0
fixed-00000022,270.0,4.0,3,0.0,0.0
fixed-00000022,270.0,4.0,4,0.0,0.0
fixed-00000022,270.0,4.0,5,0.0,0.0
fixed-00000022,270.0,4.0,6,0.0,0.0
fixed-00000022,270.0,4.0,7,0.0,0.0
fixed-00000022,270.0,4.0,8,0.0,0.0
fixed-00000022,270.0,4.0,9,0.0,0.0
fixed-00000022,270.0,4.0,10,0.0,0.0
fixed-00000022,270.0,4.0,11,0.0,0.0
fixed-00000022,270.0,4.0,12,0.0,0.0
fixed-00000022,270.0,4.0,13,0.0,0.0
fixed-00000022,270.0,4.0,14,0.0,0.0
fixed-00000022,270.0,4.0,15,0.0,0.0
fixed-00000022,270.0,4.0,16,0.0,0.0
fixed-00000022,270.0,4.0,17,0.0,0.0
fixed-00000022,270.0,4.0,18,0.0,0.0
fixed-00000022,270.0,4.0,19,0.0,0.0
fixed-00000022,270.0,4.0,20,0.0,0.0
fixed-00000023,280.0,4.0,-20,0.0003088963340616039,15.816153021261812
fixed-00000023,280.0,4.0,-19,0.00023171618275100856,15.439449087160426
fixed-00000023,280.0,4.0,-18,0.00022181592200214522,15.05355599411152
fixed-00000023,280.0,4.0,-17,0.0003229931990263333,14.657747646499345
fixed-00000023,280.0,4.0,-16,0.00029714380846827354,14.251197562253566
fixed-00000023,280.0,4.0,-15,0.0002802580364449828,13.832958309872055
fixed-00000023,280.0,4.0,-14,0.00048515173463033553,13.401935191968334
fixed-00000023,280.0,4.0,-13,0.00043606006744743424,12.956852076462738
fixed-00000023,280.0,4.0,-12,0.00041654552559198214,12.496206306817058
fixed-00000023,280.0,4.0,-11,0.0008439922763893312,12.018208096115075
fixed-00000023,280.0,4.0,-10,0.0006951874839688771,11.520697333479006
fixed-00000023,280.0,4.0,-9,0.0007723614850438116,11.001026574425026
fixed-00000023,280.0,4.0,-8,0.001610033937254061,10.45589172636997
fixed-00000023,280.0,4.0,-7,0.0013256267876171784,9.881078656044693
fixed-00000023,280.0,4.0,-6,0.0018736014329925636,9.27106825583462
fixed-00000023,280.0,4.0,-5,0.003288841671893798,8.618389378622567
fixed-00000023,280.0,4.0,-4,0.004863356181647571,7.9124896307686186
fixed-00000023,280.0,4.0,-3,0.005493190196631005,7.137595307370333
fixed-00000023,280.0,4.0,-2,0.015997010070964844,6.268169548557026
fixed-00000023,280.0,4.0,-1,0.12828249974168462,5.257521326257304
fixed-00000023,280.0,4.0,0,0.037554458060781,4.000000000000043
fixed-00000023,280.0,4.0,1,0.14799439892328398,2.089341578597498
fixed-00000023,280.0,4.0,2,0.0,0.0
fixed-00000023,280.0,4.0,3,0.0,0.0
fixed-00000023,280.0,4.0,4,0.0,0.0
fixed-00000023,280.0,4.0,5,0.0,0.0
fixed-00000023,280.0,4.0,6,0.0,0.0
fixed-00000023,280.0,4.0,7,0.0,0.0
fixed-00000023,280.0,4.0,8,0.0,0.0
fixed-00000023,280.0,4.0,9,0.0,0.0
fixed-00000023,280.0,4.0,10,0.0,0.0
fixed-00000023,280.0,4.0,11,0.0,0.0
fixed-00000023,280.0,4.0,12,0.0,0.0
fixed-00000023,280.0,4.0,13,0.0,0.0
fixed-00000023,280.0,4.0,14,0.0,0.0
fixed-00000023,280.0,4.0,15,0.0,0.0
fixed-00000023,280.0,4.0,16,0.0,0.0
fixed-00000023,280.0,4.0,17,0.0,0.0
fixed-00000023,280.0,4.0,18,0.0,0.0
fixed-00000023,280.0,4.0,19,0.0,0.0
fixed-00000023,280.0,4.0,20,0.0,0.0
fixed-00000024,290.0,4.0,-20,0.0003026901492111603,15.557309048540347
fixed-00000024,290.0,4.0,-19,0.00022215705012452766,15.187703917530484
fixed-00000024,290.0,4.0,-18,0.00021758545877767976,14.809099185639653
fixed-00000024,290.0,4.0,-17,0.00031351904477490075,14.420785723786253
fixed-00000024,290.0,4.0,-16,0.0002848950761618477,14.02195663092941
fixed-00000024,290.0,4.0,-15,0.0002741536194269515,13.611687264434664
fixed-00000024,290.0,4.0,-14,0.00047116705267519936,13.18890970007432
fixed-00000024,290.0,4.0,-13,0.0004206158791733931,12.752379596207746
fixed-00000024,290.0,4.0,-12,0.00040466166639586813,12.300632504160816
fixed-00000024,290.0,4.0,-11,0.0008281099219092366,11.831925200795666
fixed-00000024,290.0,4.0,-10,0.0006721463368731352,11.344155244919335
fixed-00000024,290.0,4.0,-9,0.0007485337943965744,10.834747980635072
fixed-00000024,290.0,4.0,-8,0.0016045393076148289,10.300493276388579
fixed-00000024,290.0,4.0,-7,0.0012663280464532572,9.737301631890915
fixed-00000024,290.0,4.0,-6,0.001833992029513373,9.139824882054754
fixed-00000024,290.0,4.0,-5,0.0033149909610214754,8.500836443523596
fixed-00000024,290.0,4.0,-4,0.004569464700691971,7.810153537213992
fixed-00000024,290.0,4.0,-3,0.0054996632075600405,7.052604065868977
fixed-00000024,290.0,4.0,-2,0.015564235313560115,6.203739911827654
fixed-00000024,290.0,4.0,-1,0.12473941390330977,5.219193787774614
fixed-00000024,290.0,4.0,0,0.028787666550138317,4.000000000000043
fixed-00000024,290.0,4.0,1,0.15509431612783398,2.1832152248066166
fixed-00000024,290.0,4.0,2,0.0,0.0
fixed-00000024,290.0,4.0,3,0.0,0.0
fixed-00000024,290.0,4.0,4,0.0,0.0
fixed-00000024,290.0,4.0,5,0.0,0.0
fixed-00000024,290.0,4.0,6,0.0,0.0
fixed-00000024,290.0,4.0,7,0.0,0.0
fixed-00000024,290.0,4.0,8,0.0,0.0
fixed-00000024,290.0,4.0,9,0.0,0.0
fixed-00000024,290.0,4.0,10,0.0,0.0
fixed-00000024,290.0,4.0,11,0.0,0.0
fixed-00000024,290.0,4.0,12,0.0,0.0
fixed-00000024,290.0,4.0,13,0.0,0.0
fixed-00000024,290.0,4.0,14,0.0,0.0
fixed-00000024,290.0,4.0,15,0.0,0.0
fixed-00000024,290.0,4.0,16,0.0,0.0
fixed-00000024,290.0,4.0,17,0.0,0.0
fixed-00000024,290.0,4.0,18,0.0,0.0
fixed-00000024,290.0,4.0,19,0.0,0.0
fixed-00000024,290.0,4.0,20,0.0,0.0
fixed-00000025,300.0,4.0,-20,0.0002891189973216634,15.311873059069754
fixed-00000025,300.0,4.0,-19,0.00020758137814412143,14.949008768730735
fixed-00000025,300.0,4.0,-18,0.00020832090358341394,14.577325397340658
fixed-00000025,300.0,4.0,-17,0.00029715229356073135,14.196129966981303
fixed-00000025,300.0,4.0,-16,0.0002663920258679768,13.804634215692602
fixed-00000025,300.0,4.0,-15,0.00026193043187404353,13.401935191968363
fixed-00000025,300.0,4.0,-14,0.0004470555395022127,12.986990452752977
fixed-00000025,300.0,4.0,-13,0.00039574379484625695,12.558585909081373
fixed-00000025,300.0,4.0,-12,0.0003842756412115911,12.115293466158093
fixed-00000025,300.0,4.0,-11,0.0007941447392075652,11.655414195869767
fixed-00000025,300.0,4.0,-10,0.0006344530168115524,11.176900501616302
fixed-00000025,300.0,4.0,-9,0.0007101269771958511,10.677246924869209
fixed-00000025,300.0,4.0,-8,0.0015642879011623968,10.153332615240856
fixed-00000025,300.0,4.0,-7,0.0011838216076720989,9.601186418732823
fixed-00000025,300.0,4.0,-6,0.0017601237353930738,9.015622340555609
fixed-00000025,300.0,4.0,-5,0.0032782824757789006,8.389645509317319
fixed-00000025,300.0,4.0,-4,0.004211859245075986,7.713422675659871
fixed-00000025,300.0,4.0,-3,0.005410117774110139,6.9723490289475905
fixed-00000025,300.0,4.0,-2,0.014945707782261904,6.142998339829575
fixed-00000025,300.0,4.0,-1,0.1194595166397419,5.1831664320526585
fixed-00000025,300.0,4.0,0,0.022031848123551755,4.000000000000043
fixed-00000025,300.0,4.0,1,0.16006084011026422,2.2673283559992825
fixed-00000025,300.0,4.0,2,0.0,0.0
fixed-00000025,300.0,4.0,3,0.0,0.0
fixed-00000025,300.0,4.0,4,0.0,0.0
fixed-00000025,300.0,4.0,5,0.0,0.0
fixed-00000025,300.0,4.0,6,0.0,0.0
fixed-00000025,300.0,4.0,7,0.0,0.0
fixed-00000025,300.0,4.0,8,0.0,0.0
fixed-00000025,300.0,4.0,9,0.0,0.0
fixed-00000025,300.0,4.0,10,0.0,0.0
fixed-00000025,300.0,4.0,11,0.0,0.0
fixed-00000025,300.0,4.0,12,0.0,0.0
fixed-00000025,300.0,4.0,13,0.0,0.0
fixed-00000025,300.0,4.0,14,0.0,0.0
fixed-00000025,300.0,4.0,15,0.0,0.0
fixed-00000025,300.0,4.0,16,0.0,0.0
fixed-00000025,300.0,4.0,17,0.0,0.0
fixed-00000025,300.0,4.0,18,0.0,0.0
fixed-00000025,300.0,4.0,19,0.0,0.0
fixed-00000025,300.0,4.0,20,0.0,0.0
fixed-00000026,310.0,4.0,-20,0.0002798608535512372,15.07874327797117
fixed-00000026,310.0,4.0,-19,0.00019608787593131512,14.722291275094364
fixed-00000026,310.0,4.0,-18,0.00020176593490628543,14.357192380701974
fixed-00000026,310.0,4.0,-17,0.0002842202325881565,13.982769016704736
fixed-00000026,310.0,4.0,-16,0.0002515050834285043,13.598250692153599
fixed-00000026,310.0,4.0,-15,0.000252756890248985,13.202755134906326
fixed-00000026,310.0,4.0,-14,0.00042717499703134757,12.795264192127092
fixed-00000026,310.0,4.0,-13,0.0003756114722630673,12.37459260982395
fixed-00000026,310.0,4.0,-12,0.0003675736379431107,11.939346937600874
fixed-00000026,310.0,4.0,-11,0.000765672425390348,11.487870450145792
fixed-00000026,310.0,4.0,-10,0.000603291521044315,11.01816778980809
fixed-00000026,310.0,4.0,-9,0.0006765264902862153,10.527799382740596
fixed-00000026,310.0,4.0,-8,0.0015315633981399933,10.013729342403465
fixed-00000026,310.0,4.0,-7,0.0011109801468508936,9.472099061220248
fixed-00000026,310.0,4.0,-6,0.0016945208610473354,8.89787662245989
fixed-00000026,310.0,4.0,-5,0.0032483988575443216,8.284287014836138
fixed-00000026,310.0,4.0,-4,0.0038767663894955988,7.621828010395305
fixed-00000026,310.0,4.0,-3,0.005332141399145385,6.896430508503414
fixed-00000026,310.0,4.0,-2,0.014336438868740933,6.085628867863377
fixed-00000026,310.0,4.0,-1,0.11418858828539863,5.149235852894208
fixed-00000026,310.0,4.0,0,0.017424521259122333,4.000000000000043
fixed-00000026,310.0,4.0,1,0.16420345693906122,2.3432844286040506
fixed-00000026,310.0,4.0,2,0.0,0.0
fixed-00000026,310.0,4.0,3,0.0,0.0
fixed-00000026,310.0,4.0,4,0.0,0.0
fixed-00000026,310.0,4.0,5,0.0,0.0
fixed-00000026,310.0,4.0,6,0.0,0.0
fixed-00000026,310.0,4.0,7,0.0,0.0
fixed-00000026,310.0,4.0,8,0.0,0.0
fixed-00000026,310.0,4.0,9,0.0,0.0
fixed-00000026,310.0,4.0,10,0.0,0.0
fixed-00000026,310.0,4.0,11,0.0,0.0
fixed-00000026,310.0,4.0,12,0.0,0.0
fixed-00000026,310.0,4.0,13,0.0,0.0
fixed-00000026,310.0,4.0,14,0.0,0.0
fixed-00000026,310.0,4.0,15,0.0,0.0
fixed-00000026,310.0,4.0,16,0.0,0.0
fixed-00000026,310.0,4.0,17,0.0,0.0
fixed-00000026,310.0,4.0,18,0.0,0.0
fixed-00000026,310.0,4.0,19,0.0,0.0
fixed-00000026,310.0,4.0,20,0.0,0.0
fixed-00000027,320.0,4.0,-20,0.00027867533789574875,14.856940312447804
fixed-00000027,320.0,4.0,-19,0.00019020375004365154,14.506598167644967
fixed-00000027,320.0,4.0,-18,0.00020088101501480264,14.147773622565637
fixed-00000027,320.0,4.0,-17,0.0002785399014312634,13.779803804715016
fixed-00000027,320.0,4.0,-16,0.00024333058397288642,13.401935191968363
fixed-00000027,320.0,4.0,-15,0.0002507402685936372,13.01330525646199
fixed-00000027,320.0,4.0,-14,0.0004171912939477641,12.612919034749368
fixed-00000027,320.0,4.0,-13,0.0003652626876913522,12.199618797218477
fixed-00000027,320.0,4.0,-12,0.0003607732789923133,11.772044157333355
fixed-00000027,320.0,4.0,-11,0.0007529984168826901,11.328578657906675
fixed-00000027,320.0,4.0,-10,0.0005877895471080708,10.867276770488644
fixed-00000027,320.0,4.0,-9,0.0006581704876260046,10.385761741931148
fixed-00000027,320.0,4.0,-8,0.0015284393404546286,9.881078656044693
fixed-00000027,320.0,4.0,-7,0.0010649376804078758,9.34947608678739
fixed-00000027,320.0,4.0,-6,0.0016609026728843462,8.786068711064956
fixed-00000027,320.0,4.0,-5,0.0032757419019103823,8.184290419985587
fixed-00000027,320.0,4.0,-4,0.0036085309445575984,7.534952908764481
fixed-00000027,320.0,4.0,-3,0.005339264417546068,6.824493664384079
fixed-00000027,320.0,4.0,-2,0.013881871861017733,6.03135129215535
fixed-00000027,320.0,4.0,-1,0.10992318496822896,5.117222163430583
fixed-00000027,320.0,4.0,0,0.014911232766847313,4.000000000000128
fixed-00000027,320.0,4.0,1,0.16868246725532565,2.4123233315560384
fixed-00000027,320.0,4.0,2,0.0,0.0
fixed-00000027,320.0,4.0,3,0.0,0.0
fixed-00000027,320.0,4.0,4,0.0,0.0
fixed-00000027,320.0,4.0,5,0.0,0.0
fixed-00000027,320.0,4.0,6,0.0,0.0
fixed-00000027,320.0,4.0,7,0.0,0.0
fixed-00000027,320.0,4.0,8,0.0,0.0
fixed-00000027,320.0,4.0,9,0.0,0.0
fixed-00000027,320.0,4.0,10,0.0,0.0
fixed-00000027,320.0,4.0,11,0.0,0.0
fixed-00000027,320.0,4.0,12,0.0,0.0
fixed-00000027,320.0,4.0,13,0.0,0.0
fixed-00000027,320.0,4.0,14,0.0,0.0
fixed-00000027,320.0,4.0,15,0.0,0.0
fixed-00000027,320.0,4.0,16,0.0,0.0
fixed-00000027,320.0,4.0,17,0.0,0.0
fixed-00000027,320.0,4.0,18,0.0,0.0
fixed-00000027,320.0,4.0,19,0.0,0.0
fixed-00000027,320.0,4.0,20,0.0,0.0
fixed-00000028,330.0,4.0,-20,0.00027719630383544986,14.645590225419767
fixed-00000028,330.0,4.0,-19,0.00018449821294815906,14.30107880549295
fixed-00000028,330.0,4.0,-18,0.00020043424306424504,13.948242344473968
fixed-00000028,330.0,4.0,-17,0.0002732220268461965,13.586432032334955
fixed-00000028,330.0,4.0,-16,0.0002352788113939883,13.214910572562928
fixed-00000028,330.0,4.0,-15,0.0002500261944923592,12.832834315133255
fixed-00000028,330.0,4.0,-14,0.0004079044185039546,12.43923046584949
fixed-00000028,330.0,4.0,-13,0.00035533723599195157,12.0329676048014
fixed-00000028,330.0,4.0,-12,0.00035675238014967747,11.612716944258466
fixed-00000028,330.0,4.0,-11,0.0007413087568378196,11.176900501616302
fixed-00000028,330.0,4.0,-10,0.0005744643407008637,10.723620343405443
fixed-00000028,330.0,4.0,-9,0.0006445108084656115,10.250559696102783
fixed-00000028,330.0,4.0,-8,0.0015288276764517023,9.754840910694881
fixed-00000028,330.0,4.0,-7,0.001026797485816796,9.232814767905225
fixed-00000028,330.0,4.0,-6,0.00163590633743377,8.6797355991839
fixed-00000028,330.0,4.0,-5,0.003321434694237968,8.089236042823956
fixed-00000028,330.0,4.0,-4,0.003362268851361636,7.452425884783267
fixed-00000028,330.0,4.0,-3,0.005373302835999554,6.756222279782023
fixed-00000028,330.0,4.0,-2,0.013490992252012564,5.9799161810314985
fixed-00000028,330.0,4.0,-1,0.10570811910939983,5.086965666639671
fixed-00000028,330.0,4.0,0,0.01428377482902751,3.999999999999943
fixed-00000028,330.0,4.0,1,0.17286229555093302,2.4754257179255603
fixed-00000028,330.0,4.0,2,0.0,0.0
fixed-00000028,330.0,4.0,3,0.0,0.0
fixed-00000028,330.0,4.0,4,0.0,0.0
fixed-00000028,330.0,4.0,5,0.0,0.0
fixed-00000028,330.0,4.0,6,0.0,0.0
fixed-00000028,330.0,4.0,7,0.0,0.0
fixed-00000028,330.0,4.0,8,0.0,0.0
fixed-00000028,330.0,4.0,9,0.0,0.0
fixed-00000028,330.0,4.0,10,0.0,0.0
fixed-00000028,330.0,4.0,11,0.0,0.0
fixed-00000028,330.0,4.0,12,0.0,0.0
fixed-00000028,330.0,4.0,13,0.0,0.0
fixed-00000028,330.0,4.0,14,0.0,0.0
fixed-00000028,330.0,4.0,15,0.0,0.0
fixed-00000028,330.0,4.0,16,0.0,0.0
fixed-00000028,330.0,4.0,17,0.0,0.0
fixed-00000028,330.0,4.0,18,0.0,0.0
fixed-00000028,330.0,4.0,19,0.0,0.0
fixed-00000028,330.0,4.0,20,0.0,0.0
fixed-00000029,340.0,4.0,-20,0.0002665424989940832,14.443910384212742
fixed-00000029,340.0,4.0,-19,0.00017346171471133105,14.104971406638299
fixed-00000029,340.0,4.0,-18,0.0001945359411736449,13.757858124151412
fixed-00000029,340.0,4.0,-17,0.00026070798468205307,13.401935191968363
fixed-00000029,340.0,4.0,-16,0.00022079233427210407,13.036480848951996
fixed-00000029,340.0,4.0,-15,0.00024346294255203266,12.660669518148893
fixed-00000029,340.0,4.0,-14,0.0003891108984763009,12.273549626976305
fixed-00000029,340.0,4.0,-13,0.00033599766092613054,11.87401493674271
fixed-00000029,340.0,4.0,-12,0.00034623776096914674,11.460766897267831
fixed-00000029,340.0,4.0,-11,0.0007134606199051256,11.032264333866962
fixed-00000029,340.0,4.0,-10,0.0005477277368582124,10.586654831666635
fixed-00000029,340.0,4.0,-9,0.0006217876469516075,10.121678956186614
fixed-00000029,340.0,4.0,-8,0.0014991961012240365,9.634532883621333
fixed-00000029,340.0,4.0,-7,0.0009726211672464874,9.12166497780018
fixed-00000029,340.0,4.0,-6,0.0015893865172066052,8.578462776597007
fixed-00000029,340.0,4.0,-5,0.0033221928198377696,7.998748233012279
fixed-00000029,340.0,4.0,-4,0.0030866683425555723,7.37391453146995
fixed-00000029,340.0,4.0,-3,0.0053462751112565874,6.691333557668287
fixed-00000029,340.0,4.0,-2,0.013016773444637541,5.931100707011396
fixed-00000029,340.0,4.0,-1,0.10035649830065427,5.058324079364041
fixed-00000029,340.0,4.0,0,0.01534380154075576,4.000000000000043
fixed-00000029,340.0,4.0,1,0.17546311089282393,2.533381666050957
fixed-00000029,340.0,4.0,2,0.0,0.0
fixed-00000029,340.0,4.0,3,0.0,0.0
fixed-00000029,340.0,4.0,4,0.0,0.0
fixed-00000029,340.0,4.0,5,0.0,0.0
fixed-00000029,340.0,4.0,6,0.0,0.0
fixed-00000029,340.0,4.0,7,0.0,0.0
fixed-00000029,340.0,4.0,8,0.0,0.0
fixed-00000029,340.0,4.0,9,0.0,0.0
fixed-00000029,340.0,4.0,10,0.0,0.0
fixed-00000029,340.0,4.0,11,0.0,0.0
fixed-00000029,340.0,4.0,12,0.0,0.0
fixed-00000029,340.0,4.0,13,0.0,0.0
fixed-00000029,340.0,4.0,14,0.0,0.0
fixed-00000029,340.0,4.0,15,0.0,0.0
fixed-00000029,340.0,4.0,16,0.0,0.0
fixed-00000029,340.0,4.0,17,0.0,0.0
fixed-00000029,340.0,4.0,18,0.0,0.0
fixed-00000029,340.0,4.0,19,0.0,0.0
fixed-00000029,340.0,4.0,20,0.0,0.0
fixed-00000030,350.0,4.0,-20,0.0002574257236568444,14.251197562253566
fixed-00000030,350.0,4.0,-19,0.00016329186711803374,13.917591470478868
fixed-00000030,350.0,4.0,-18,0.00018885937310999284,13.575955646065168
fixed-00000030,350.0,4.0,-17,0.00024860594216625414,13.2256676536188
fixed-00000030,350.0,4.0,-16,0.00020712228234888035,12.866020624889416
fixed-00000030,350.0,4.0,-15,0.00023649680110534593,12.496206306817086
fixed-00000030,350.0,4.0,-14,0.00036999567014338195,12.115293466158093
fixed-00000030,350.0,4.0,-13,0.00031714525284001906,11.722199994673844
fixed-00000030,350.0,4.0,-12,0.0003340550839540331,11.315656312084926
fixed-00000030,350.0,4.0,-11,0.0006831371750781617,10.894156499405454
fixed-00000030,350.0,4.0,-10,0.0005200626055103653,10.45589172636997
fixed-00000030,350.0,4.0,-9,0.0005944378795791366,9.998657437886877
fixed-00000030,350.0,4.0,-8,0.0014603766457424205,9.519720429176374
fixed-00000030,350.0,4.0,-7,0.0009139114918191545,9.015622340555609
fixed-00000030,350.0,4.0,-6,0.0015303048824757929,8.48187791167723
fixed-00000030,350.0,4.0,-5,0.0032933136566719676,7.9124896307686186
fixed-00000030,350.0,4.0,-4,0.0027989701876763424,7.299120418664657
fixed-00000030,350.0,4.0,-3,0.005274977587494455,6.629573746376295
fixed-00000030,350.0,4.0,-2,0.012454211062890727,5.884705145226178
fixed-00000030,350.0,4.0,-1,0.09443249423080495,5.031170204831909
fixed-00000030,350.0,4.0,0,0.018006133819523998,4.000000000000043
fixed-00000030,350.0,4.0,1,0.17669751167661712,2.586837597448465
fixed-00000030,350.0,4.0,2,0.0,0.0
fixed-00000030,350.0,4.0,3,0.0,0.0
fixed-00000030,350.0,4.0,4,0.0,0.0
fixed-00000030,350.0,4.0,5,0.0,0.0
fixed-00000030,350.0,4.0,6,0.0,0.0
fixed-00000030,350.0,4.0,7,0.0,0.0
fixed-00000030,350.0,4.0,8,0.0,0.0
fixed-00000030,350.0,4.0,9,0.0,0.0
fixed-00000030,350.0,4.0,10,0.0,0.0
fixed-00000030,350.0,4.0,11,0.0,0.0
fixed-00000030,350.0,4.0,12,0.0,0.0
fixed-00000030,350.0,4.0,13,0.0,0.0
fixed-00000030,350.0,4.0,14,0.0,0.0
fixed-00000030,350.0,4.0,15,0.0,0.0
fixed-00000030,350.0,4.0,16,0.0,0.0
fixed-00000030,350.0,4.0,17,0.0,0.0
fixed-00000030,350.0,4.0,18,0.0,0.0
fixed-00000030,350.0,4.0,19,0.0,0.0
fixed-00000030,350.0,4.0,20,0.0,0.0
fixed-00000031,360.0,4.0,-20,0.0002517228451545258,14.066817881848479
fixed-00000031,360.0,4.0,-19,0.00015614987167987564,13.738321991396589
fixed-00000031,360.0,4.0,-18,0.0001863305575168186,13.401935191968363
fixed-00000031,360.0,4.0,-17,0.0002403482273434386,13.057047439103869
fixed-00000031,360.0,4.0,-16,0.00019698709708213384,12.702966158118315
fixed-00000031,360.0,4.0,-15,0.00023417518424933694,12.338899720932332
fixed-00000031,360.0,4.0,-14,0.0003566010499700352,11.96393641047473
fixed-00000031,360.0,4.0,-13,0.00030358804907560505,11.577017268486188
fixed-00000031,360.0,4.0,-12,0.0003293025454259797,11.176900501616302
fixed-00000031,360.0,4.0,-11,0.0006624806342875125,10.762113997903853
fixed-00000031,360.0,4.0,-10,0.0005017805355809512,10.330890706572049
fixed-00000031,360.0,4.0,-9,0.0005795362911928642,9.881078656044693
fixed-00000031,360.0,4.0,-8,0.0014411038230566038,9.410012267886245
fixed-00000031,360.0,4.0,-7,0.0008743770069951477,8.914322439446764
fixed-00000031,360.0,4.0,-6,0.0014963420849926972,8.389645509317262
fixed-00000031,360.0,4.0,-5,0.0033125250761623804,7.830156313248764
fixed-00000031,360.0,4.0,-4,0.002562194980249957,7.227774780095132
fixed-00000031,360.0,4.0,-3,0.005277261983588846,6.570714442852491
fixed-00000031,360.0,4.0,-2,0.01204025831601883,5.840549916165145
fixed-00000031,360.0,4.0,-1,0.0892321795739871,5.0053899709427725
fixed-00000031,360.0,4.0,0,0.02232773325993365,4.000000000000043
fixed-00000031,360.0,4.0,1,0.17843172700551252,2.636329350486079
fixed-00000031,360.0,4.0,2,0.0,0.0
fixed-00000031,360.0,4.0,3,0.0,0.0
fixed-00000031,360.0,4.0,4,0.0,0.0
fixed-00000031,360.0,4.0,5,0.0,0.0
fixed-00000031,360.0,4.0,6,0.0,0.0
fixed-00000031,360.0,4.0,7,0.0,0.0
fixed-00000031,360.0,4.0,8,0.0,0.0
fixed-00000031,360.0,4.0,9,0.0,0.0
fixed-00000031,360.0,4.0,10,0.0,0.0
fixed-00000031,360.0,4.0,11,0.0,0.0
fixed-00000031,360.0,4.0,12,0.0,0.0
fixed-00000031,360.0,4.0,13,0.0,0.0
fixed-00000031,360.0,4.0,14,0.0,0.0
fixed-00000031,360.0,4.0,15,0.0,0.0
fixed-00000031,360.0,4.0,16,0.0,0.0
fixed-00000031,360.0,4.0,17,0.0,0.0
fixed-00000031,360.0,4.0,18,0.0,0.0
fixed-00000031,360.0,4.0,19,0.0,0.0
fixed-00000031,360.0,4.0,20,0.0,0.0
fixed-00000034,390.0,4.0,-20,0.00021319660000175796,13.558208282247051
fixed-00000034,390.0,4.0,-19,0.00012494554545023216,13.243852394778827
fixed-00000034,390.0,4.0,-18,0.00016515218318963662,12.921991178661244
fixed-00000034,390.0,4.0,-17,0.00019884645903811375,12.592048975527604
fixed-00000034,390.0,4.0,-16,0.00015490513401391002,12.253372869543554
fixed-00000034,390.0,4.0,-15,0.00021159455915768267,11.905217349750572
fixed-00000034,390.0,4.0,-14,0.0002941570736581028,11.546724820999572
fixed-00000034,390.0,4.0,-13,0.0002436547597117208,11.17690050161633
fixed-00000034,390.0,4.0,-12,0.0002971294278010647,10.794579595613811
fixed-00000034,390.0,4.0,-11,0.0005591190235903396,10.398383618371724
fixed-00000034,390.0,4.0,-10,0.00041489986540077896,9.986661145214711
fixed-00000034,390.0,4.0,-9,0.0005104242911304221,9.557405601711977
fixed-00000034,390.0,4.0,-8,0.0012907189198272011,9.108138186577165
fixed-00000034,390.0,4.0,-7,0.0007166616370083436,8.635735946513421
fixed-00000034,390.0,4.0,-6,0.0013321000710506189,8.136169892284897
fixed-00000034,390.0,4.0,-5,0.0031921358898605963,7.604087921018774
fixed-00000034,390.0,4.0,-4,0.0018306960459488657,7.032112732132049
fixed-00000034,390.0,4.0,-3,0.005070128163227208,6.409572995038175
fixed-00000034,390.0,4.0,-2,0.010557048335546378,5.719982428520552
fixed-00000034,390.0,4.0,-1,0.07067765427047829,4.935314059208693
fixed-00000034,390.0,4.0,0,0.04305389429299512,4.000000000000043
fixed-00000034,390.0,4.0,1,0.17548347063280134,2.7651800627454577
fixed-00000034,390.0,4.0,2,0.0,0.0
fixed-00000034,390.0,4.0,3,0.0,0.0
fixed-00000034,390.0,4.0,4,0.0,0.0
fixed-00000034,390.0,4.0,5,0.0,0.0
fixed-00000034,390.0,4.0,6,0.0,0.0
fixed-00000034,390.0,4.0,7,0.0,0.0
fixed-00000034,390.0,4.0,8,0.0,0.0
fixed-00000034,390.0,4.0,9,0.0,0.0
fixed-00000034,390.0,4.0,10,0.0,0.0
fixed-00000034,390.0,4.0,11,0.0,0.0
fixed-00000034,390.0,4.0,12,0.0,0.0
fixed-00000034,390.0,4.0,13,0.0,0.0
fixed-00000034,390.0,4.0,14,0.0,0.0
fixed-00000034,390.0,4.0,15,0.0,0.0
fixed-00000034,390.0,4.0,16,0.0,0.0
fixed-00000034,390.0,4.0,17,0.0,0.0
fixed-00000034,390.0,4.0,18,0.0,0.0
fixed-00000034,390.0,4.0,19,0.0,0.0
fixed-00000034,390.0,4.0,20,0.0,0.0
fixed-00000033,380.0,4.0,-20,0.00022647065289772294,13.720819169692376
fixed-00000033,380.0,4.0,-19,0.00013492025301324977,13.401935191968363
fixed-00000033,380.0,4.0,-18,0.0001723138477115251,13.075422179669076
fixed-00000033,380.0,4.0,-17,0.0002127149132969692,12.740693447383023
fixed-00000033,380.0,4.0,-16,0.0001684060209946876,12.397083362613174
fixed-00000033,380.0,4.0,-15,0.00021905641620291797,12.043831628706272
fixed-00000033,380.0,4.0,-14,0.00031485350870882764,11.680063301026976
fixed-00000033,380.0,4.0,-13,0.0002631295049873255,11.304763029146713
fixed-00000033,380.0,4.0,-12,0.0003072726206901156,10.916741345033458
fixed-00000033,380.0,4.0,-11,0.0005938469161488257,10.514589772150032
fixed-00000033,380.0,4.0,-10,0.0004433309108248847,10.096619860707108
fixed-00000033,380.0,4.0,-9,0.000531986674492624,9.660778499992048
fixed-00000033,380.0,4.0,-8,0.0013431701761007807,9.204527144434891
fixed-00000033,380.0,4.0,-7,0.0007666518895260131,8.724664167273232
fixed-00000033,380.0,4.0,-6,0.0013851117964760972,8.217053724399236
fixed-00000033,380.0,4.0,-5,0.003236299714803234,7.676192887086515
fixed-00000033,380.0,4.0,-4,0.0020579167548384287,7.094480733772272
fixed-00000033,380.0,4.0,-3,0.005138104214621358,6.460892113517076
fixed-00000033,380.0,4.0,-2,0.011027740123315708,5.758328175331556
fixed-00000033,380.0,4.0,-1,0.07687147535767584,4.957550037925813
fixed-00000033,380.0,4.0,0,0.03493425208746756,4.000000000000043
fixed-00000033,380.0,4.0,1,0.17735855674442874,2.7251481303053993
fixed-00000033,380.0,4.0,2,0.0,0.0
fixed-00000033,380.0,4.0,3,0.0,0.0
fixed-00000033,380.0,4.0,4,0.0,0.0
fixed-00000033,380.0,4.0,5,0.0,0.0
fixed-00000033,380.0,4.0,6,0.0,0.0
fixed-00000033,380.0,4.0,7,0.0,0.0
fixed-00000033,380.0,4.0,8,0.0,0.0
fixed-00000033,380.0,4.0,9,0.0,0.0
fixed-00000033,380.0,4.0,10,0.0,0.0
fixed-00000033,380.0,4.0,11,0.0,0.0
fixed-00000033,380.0,4.0,12,0.0,0.0
fixed-00000033,380.0,4.0,13,0.0,0.0
fixed-00000033,380.0,4.0,14,0.0,0.0
fixed-00000033,380.0,4.0,15,0.0,0.0
fixed-00000033,380.0,4.0,16,0.0,0.0
fixed-00000033,380.0,4.0,17,0.0,0.0
fixed-00000033,380.0,4.0,18,0.0,0.0
fixed-00000033,380.0,4.0,19,0.0,0.0
fixed-00000033,380.0,4.0,20,0.0,0.0
fixed-00000032,370.0,4.0,-20,0.00023773766397959658,13.890198270635722
fixed-00000032,370.0,4.0,-19,0.00014446709024278984,13.566605144972584
fixed-00000032,370.0,4.0,-18,0.00017845964601469257,13.235254562125931
fixed-00000032,370.0,4.0,-17,0.00022537615627755714,12.8955483840206
fixed-00000032,370.0,4.0,-16,0.00018147687308867367,12.54680776935885
fixed-00000032,370.0,4.0,-15,0.0002255705097621312,12.188257061712548
fixed-00000032,370.0,4.0,-14,0.0003342425045716511,11.819003290626839
fixed-00000032,370.0,4.0,-13,0.00028171819298011006,11.43800973111162
fixed-00000032,370.0,4.0,-12,0.00031691915037774837,11.044061270600096
fixed-00000032,370.0,4.0,-11,0.0006260927652406547,10.635718249445574
fixed-00000032,370.0,4.0,-10,0.00047024745227023605,10.211253708209213
fixed-00000032,370.0,4.0,-9,0.0005539018589248452,9.76856611165097
fixed-00000032,370.0,4.0,-8,0.0013892534146689988,9.30505470888508
fixed-00000032,370.0,4.0,-7,0.0008167675655150322,8.817435895697656
fixed-00000032,370.0,4.0,-6,0.001437718285810077,8.301462371876582
fixed-00000032,370.0,4.0,-5,0.003270166504661763,7.751473670819763
fixed-00000032,370.0,4.0,-4,0.0022990517608861864,7.159634849526611
fixed-00000032,370.0,4.0,-3,0.005200614866156999,6.514549453118931
fixed-00000032,370.0,4.0,-2,0.011516443690539136,5.798473075777991
fixed-00000032,370.0,4.0,-1,0.08296438558089828,4.980880768645008
fixed-00000032,370.0,4.0,0,0.0279462803819074,4.000000000000043
fixed-00000032,370.0,4.0,1,0.17816329863596955,2.6823061129422996
fixed-00000032,370.0,4.0,2,0.0,0.0
fixed-00000032,370.0,4.0,3,0.0,0.0
fixed-00000032,370.0,4.0,4,0.0,0.0
fixed-00000032,370.0,4.0,5,0.0,0.0
fixed-00000032,370.0,4.0,6,0.0,0.0
fixed-00000032,370.0,4.0,7,0.0,0.0
fixed-00000032,370.0,4.0,8,0.0,0.0
fixed-00000032,370.0,4.0,9,0.0,0.0
fixed-00000032,370.0,4.0,10,0.0,0.0
fixed-00000032,370.0,4.0,11,0.0,0.0
fixed-00000032,370.0,4.0,12,0.0,0.0
fixed-00000032,370.0,4.0,13,0.0,0.0
fixed-00000032,370.0,4.0,14,0.0,0.0
fixed-00000032,370.0,4.0,15,0.0,0.0
fixed-00000032,370.0,4.0,16,0.0,0.0
fixed-00000032,370.0,4.0,17,0.0,0.0
fixed-00000032,370.0,4.0,18,0.0,0.0
fixed-00000032,370.0,4.0,19,0.0,0.0
fixed-00000032,370.0,4.0,20,0.0,0.0
fixed-00000035,400.0,4.0,-20,0.00020027307482262645,13.401935191968334
fixed-00000035,400.0,4.0,-19,0.00011580520132982073,13.091937779982686
fixed-00000035,400.0,4.0,-18,0.00015827158977598172,12.774554314257855
fixed-00000035,400.0,4.0,-17,0.00018556221314092977,12.449219763534273
fixed-00000035,400.0,4.0,-16,0.0001424761633245049,12.115293466158093
fixed-00000035,400.0,4.0,-15,0.00020460039126241552,11.772044157333312
fixed-00000035,400.0,4.0,-14,0.0002744052165482262,11.41863095571108
fixed-00000035,400.0,4.0,-13,0.00022557591463586539,11.05407889093172
fixed-00000035,400.0,4.0,-12,0.00028796929171739124,10.677246924869166
fixed-00000035,400.0,4.0,-11,0.0005255911263972381,10.286785444979671
fixed-00000035,400.0,4.0,-10,0.0003883967907124323,9.88107865604465
fixed-00000035,400.0,4.0,-9,0.0004908686382206548,9.458164744734603
fixed-00000035,400.0,4.0,-8,0.0012388801150828768,9.015622340555609
fixed-00000035,400.0,4.0,-7,0.0006711214591203151,8.550404058348832
fixed-00000035,400.0,4.0,-6,0.001282411063581475,8.058583440755712
fixed-00000035,400.0,4.0,-5,0.0031491327040283294,7.5349529087644385
fixed-00000035,400.0,4.0,-4,0.0016244179015561825,6.972349028947534
fixed-00000035,400.0,4.0,-3,0.005010314344588225,6.360437927763655
fixed-00000035,400.0,4.0,-2,0.010125256591112027,5.683315135192018
fixed-00000035,400.0,4.0,-1,0.06456615834415368,4.9140969160105215
fixed-00000035,400.0,4.0,0,0.05211237040007627,4.000000000000043
fixed-00000035,400.0,4.0,1,0.17218399131423215,2.802681229887611
fixed-00000035,400.0,4.0,2,0.0,0.0
fixed-00000035,400.0,4.0,3,0.0,0.0
fixed-00000035,400.0,4.0,4,0.0,0.0
fixed-00000035,400.0,4.0,5,0.0,0.0
fixed-00000035,400.0,4.0,6,0.0,0.0
fixed-00000035,400.0,4.0,7,0.0,0.0
fixed-00000035,400.0,4.0,8,0.0,0.0
fixed-00000035,400.0,4.0,9,0.0,0.0
fixed-00000035,400.0,4.0,10,0.0,0.0
fixed-00000035,400.0,4.0,11,0.0,0.0
fixed-00000035,400.0,4.0,12,0.0,0.0
fixed-00000035,400.0,4.0,13,0.0,0.0
fixed-00000035,400.0,4.0,14,0.0,0.0
fixed-00000035,400.0,4.0,15,0.0,0.0
fixed-00000035,400.0,4.0,16,0.0,0.0
fixed-00000035,400.0,4.0,17,0.0,0.0
fixed-00000035,400.0,4.0,18,0.0,0.0
fixed-00000035,400.0,4.0,19,0.0,0.0
fixed-00000035,400.0,4.0,20,0.0,0.0
fixed-00000037,420.0,4.0,-20,0.00017357624730893596,13.106862846525061
fixed-00000037,420.0,4.0,-19,9.949254965079457e-05,12.805114462386342
fixed-00000037,420.0,4.0,-18,0.00014611092917107637,12.496206306817086
fixed-00000037,420.0,4.0,-17,0.0001598974105356475,12.17959349512843
fixed-00000037,420.0,4.0,-16,0.00012066011362232985,11.854658593029981
fixed-00000037,420.0,4.0,-15,0.0001931229643075731,11.520697333478978
fixed-00000037,420.0,4.0,-14,0.00023749138275861554,11.176900501616302
fixed-00000037,420.0,4.0,-13,0.00019248398217639107,10.822330651089075
fixed-00000037,420.0,4.0,-12,0.0002753060480232872,10.45589172636997
fixed-00000037,420.0,4.0,-11,0.0004630453865036162,10.076288755900379
fixed-00000037,420.0,4.0,-10,0.00033635503160768976,9.681973335802653
fixed-00000037,420.0,4.0,-9,0.00046724081526176495,9.27106825583462
fixed-00000037,420.0,4.0,-8,0.001138074759136787,8.841260597125114
fixed-00000037,420.0,4.0,-7,0.0005809563606668612,8.389645509317234
fixed-00000037,420.0,4.0,-6,0.001222143318906236,7.912489630768675
fixed-00000037,420.0,4.0,-5,0.003061028561433679,7.4048569993797315
fixed-00000037,420.0,4.0,-4,0.0012663736355596322,6.85998498024081
fixed-00000037,420.0,4.0,-3,0.004962191894329892,6.268169548556969
fixed-00000037,420.0,4.0,-2,0.009448065546975585,5.614585555098117
fixed-00000037,420.0,4.0,-1,0.05238119014658816,4.874449243247412
fixed-00000037,420.0,4.0,0,0.07189265512439448,4.000000000000043
fixed-00000037,420.0,4.0,1,0.15340559292749475,2.871028001785845
fixed-00000037,420.0,4.0,2,0.004594167999742527,0.6990406976807151
fixed-00000037,420.0,4.0,3,0.0,0.0
fixed-00000037,420.0,4.0,4,0.0,0.0
fixed-00000037,420.0,4.0,5,0.0,0.0
fixed-00000037,420.0,4.0,6,0.0,0.0
fixed-00000037,420.0,4.0,7,0.0,0.0
fixed-00000037,420.0,4.0,8,0.0,0.0
fixed-00000037,420.0,4.0,9,0.0,0.0
fixed-00000037,420.0,4.0,10,0.0,0.0
fixed-00000037,420.0,4.0,11,0.0,0.0
fixed-00000037,420.0,4.0,12,0.0,0.0
fixed-00000037,420.0,4.0,13,0.0,0.0
fixed-00000037,420.0,4.0,14,0.0,0.0
fixed-00000037,420.0,4.0,15,0.0,0.0
fixed-00000037,420.0,4.0,16,0.0,0.0
fixed-00000037,420.0,4.0,17,0.0,0.0
fixed-00000037,420.0,4.0,18,0.0,0.0
fixed-00000037,420.0,4.0,19,0.0,0.0
fixed-00000037,420.0,4.0,20,0.0,0.0
fixed-00000036,410.0,4.0,-20,0.0001915017096204022,13.25160671143152
fixed-00000036,410.0,4.0,-19,0.0001104686936456983,12.945808611381139
fixed-00000036,410.0,4.0,-18,0.00015600795563084483,12.632739563220795
fixed-00000036,410.0,4.0,-17,0.00017727633332161594,12.311844786384484
fixed-00000036,410.0,4.0,-16,0.00013503763363753297,11.982495438084868
fixed-00000036,410.0,4.0,-15,0.00020418408979936876,11.64397399180919
fixed-00000036,410.0,4.0,-14,0.0002627019855517204,11.29545568156965
fixed-00000036,410.0,4.0,-13,0.000214897390164111,10.935984635208442
fixed-00000036,410.0,4.0,-12,0.000289452850674065,10.564442711720147
fixed-00000036,410.0,4.0,-11,0.0005070427220323607,10.179508116212844
fixed-00000036,410.0,4.0,-10,0.00037356808991152675,9.779599368767236
fixed-00000036,410.0,4.0,-9,0.0004915826175177035,9.362797745675024
fixed-00000036,410.0,4.0,-8,0.0012185964159655716,8.92673712909803
fixed-00000036,410.0,4.0,-7,0.000646589422350279,8.46844277897803
fixed-00000036,410.0,4.0,-6,0.0012804761130747087,7.984086702197118
fixed-00000036,410.0,4.0,-5,0.003181438030776812,7.4685999179504705
fixed-00000036,410.0,4.0,-4,0.0014819036376146643,6.915023699498562
fixed-00000036,410.0,4.0,-3,0.00508991663858667,6.313346294075288
fixed-00000036,410.0,4.0,-2,0.009958107187759408,5.648216320416552
fixed-00000036,410.0,4.0,-1,0.05914333493669922,4.893829601074785
fixed-00000036,410.0,4.0,0,0.06155541220582797,4.000000000000043
fixed-00000036,410.0,4.0,1,0.16206535915061937,2.837893584805059
fixed-00000036,410.0,4.0,2,0.002127043506669242,0.3323929222386681
fixed-00000036,410.0,4.0,3,0.0,0.0
fixed-00000036,410.0,4.0,4,0.0,0.0
fixed-00000036,410.0,4.0,5,0.0,0.0
fixed-00000036,410.0,4.0,6,0.0,0.0
fixed-00000036,410.0,4.0,7,0.0,0.0
fixed-00000036,410.0,4.0,8,0.0,0.0
fixed-00000036,410.0,4.0,9,0.0,0.0
fixed-00000036,410.0,4.0,10,0.0,0.0
fixed-00000036,410.0,4.0,11,0.0,0.0
fixed-00000036,410.0,4.0,12,0.0,0.0
fixed-00000036,410.0,4.0,13,0.0,0.0
fixed-00000036,410.0,4.0,14,0.0,0.0
fixed-00000036,410.0,4.0,15,0.0,0.0
fixed-00000036,410.0,4.0,16,0.0,0.0
fixed-00000036,410.0,4.0,17,0.0,0.0
fixed-00000036,410.0,4.0,18,0.0,0.0
fixed-00000036,410.0,4.0,19,0.0,0.0
fixed-00000036,410.0,4.0,20,0.0,0.0
fixed-00000038,430.0,4.0,-20,0.00015702462929731312,12.96737328269542
fixed-00000038,430.0,4.0,-19,8.957548205863355e-05,12.669533796208484
fixed-00000038,430.0,4.0,-18,0.00013630409352610026,12.364642007157542
fixed-00000038,430.0,4.0,-17,0.00014334798796191252,12.052162591783855
fixed-00000038,430.0,4.0,-16,0.00010751023609523828,11.731489136876604
fixed-00000038,430.0,4.0,-15,0.00018182281734223786,11.401930182797159
fixed-00000038,430.0,4.0,-14,0.00021297411478276738,11.062691533065163
fixed-00000038,430.0,4.0,-13,0.0001716986683420945,10.712853532213543
fixed-00000038,430.0,4.0,-12,0.0002602336394413008,10.351341443751252
fixed-00000038,430.0,4.0,-11,0.000419129784568861,9.976886180480477
fixed-00000038,430.0,4.0,-10,0.0003010244254770776,9.587971244288596
fixed-00000038,430.0,4.0,-9,0.00044029492016802867,9.182759450054348
fixed-00000038,430.0,4.0,-8,0.0010538483500809291,8.758989138846587
fixed-00000038,430.0,4.0,-7,0.0005172789442849819,8.313822749096218
fixed-00000038,430.0,4.0,-6,0.001156174054878489,7.843617934344664
fixed-00000038,430.0,4.0,-5,0.0029219214983813384,7.343566490730254
fixed-00000038,430.0,4.0,-4,0.0010623748972049712,6.8070937630128014
fixed-00000038,430.0,4.0,-3,0.0048082160791344,6.224789929923276
fixed-00000038,430.0,4.0,-2,0.008905076905098485,5.582330930281415
fixed-00000038,430.0,4.0,-1,0.04581329488479146,4.855898436406804
fixed-00000038,430.0,4.0,0,0.08273147722081936,4.000000000000043
fixed-00000038,430.0,4.0,1,0.14542261281027313,2.902269292269864
fixed-00000038,430.0,4.0,2,0.006429411032695386,0.9215465625908905
fixed-00000038,430.0,4.0,3,0.0,0.0
fixed-00000038,430.0,4.0,4,0.0,0.0
fixed-00000038,430.0,4.0,5,0.0,0.0
fixed-00000038,430.0,4.0,6,0.0,0.0
fixed-00000038,430.0,4.0,7,0.0,0.0
fixed-00000038,430.0,4.0,8,0.0,0.0
fixed-00000038,430.0,4.0,9,0.0,0.0
fixed-00000038,430.0,4.0,10,0.0,0.0
fixed-00000038,430.0,4.0,11,0.0,0.0
fixed-00000038,430.0,4.0,12,0.0,0.0
fixed-00000038,430.0,4.0,13,0.0,0.0
fixed-00000038,430.0,4.0,14,0.0,0.0
fixed-00000038,430.0,4.0,15,0.0,0.0
fixed-00000038,430.0,4.0,16,0.0,0.0
fixed-00000038,430.0,4.0,17,0.0,0.0
fixed-00000038,430.0,4.0,18,0.0,0.0
fixed-00000038,430.0,4.0,19,0.0,0.0
fixed-00000038,430.0,4.0,20,0.0,0.0
fixed-00000039,440.0,4.0,-20,0.0001425697713730286,12.832834315133255
fixed-00000039,440.0,4.0,-19,8.146666977949828e-05,12.538770978052682
fixed-00000039,440.0,4.0,-18,0.00012780073960274967,12.237759303340212
fixed-00000039,440.0,4.0,-17,0.00012861741542901829,11.929273211537804
fixed-00000039,440.0,4.0,-16,9.656242162642605e-05,11.612716944258509
fixed-00000039,440.0,4.0,-15,0.00017212231616038311,11.287411421865912
fixed-00000039,440.0,4.0,-14,0.0001909486262409285,10.952576962541741
fixed-00000039,440.0,4.0,-13,0.00015403630374281803,10.607311101353602
fixed-00000039,440.0,4.0,-12,0.0002473949795794731,10.250559696102783
fixed-00000039,440.0,4.0,-11,0.00037907683852978174,9.88107865604465
fixed-00000039,440.0,4.0,-10,0.00027020091686721513,9.49738228221355
fixed-00000039,440.0,4.0,-9,0.00041684294616125503,9.09767200731369
fixed-00000039,440.0,4.0,-8,0.000975170105835547,8.679735599183942
fixed-00000039,440.0,4.0,-7,0.00046050151196619284,8.240800326776181
fixed-00000039,440.0,4.0,-6,0.0010965131158737482,7.777311442431525
fixed-00000039,440.0,4.0,-5,0.002789016124280033,7.284583534666609
fixed-00000039,440.0,4.0,-4,0.0008815420076893496,6.756222279782023
fixed-00000039,440.0,4.0,-3,0.004669727516368342,6.183099336276953
fixed-00000039,440.0,4.0,-2,0.008401909545098018,5.551368162118536
fixed-00000039,440.0,4.0,-1,0.03967716127401474,4.838124655002829
fixed-00000039,440.0,4.0,0,0.09416763401376603,4.000000000000043
fixed-00000039,440.0,4.0,1,0.1376611960120291,2.931780248048341
fixed-00000039,440.0,4.0,2,0.008167282915638225,1.0924531720081205
fixed-00000039,440.0,4.0,3,0.0,0.0
fixed-00000039,440.0,4.0,4,0.0,0.0
fixed-00000039,440.0,4.0,5,0.0,0.0
fixed-00000039,440.0,4.0,6,0.0,0.0
fixed-00000039,440.0,4.0,7,0.0,0.0
fixed-00000039,440.0,4.0,8,0.0,0.0
fixed-00000039,440.0,4.0,9,0.0,0.0
fixed-00000039,440.0,4.0,10,0.0,0.0
fixed-00000039,440.0,4.0,11,0.0,0.0
fixed-00000039,440.0,4.0,12,0.0,0.0
fixed-00000039,440.0,4.0,13,0.0,0.0
fixed-00000039,440.0,4.0,14,0.0,0.0
fixed-00000039,440.0,4.0,15,0.0,0.0
fixed-00000039,440.0,4.0,16,0.0,0.0
fixed-00000039,440.0,4.0,17,0.0,0.0
fixed-00000039,440.0,4.0,18,0.0,0.0
fixed-00000039,440.0,4.0,19,0.0,0.0
fixed-00000039,440.0,4.0,20,0.0,0.0
fixed-00000040,450.0,4.0,-20,0.00012807683441653947,12.702966158118315
fixed-00000040,450.0,4.0,-19,7.394788219728444e-05,12.412553656294293
fixed-00000040,450.0,4.0,-18,0.0001191103985862815,12.115293466158121
fixed-00000040,450.0,4.0,-17,0.00011397096872307227,11.81066845284316
fixed-00000040,450.0,4.0,-16,8.650810787213046e-05,11.498093166079101
fixed-00000040,450.0,4.0,-15,0.00016210593403394834,11.17690050161626
fixed-00000040,450.0,4.0,-14,0.00016915002706042716,10.846324815409005
fixed-00000040,450.0,4.0,-13,0.00013749708963996674,10.505480264653997
fixed-00000040,450.0,4.0,-12,0.00023435394362114,10.153332615240856
fixed-00000040,450.0,4.0,-11,0.0003391321849683789,9.788661932177646
fixed-00000040,450.0,4.0,-10,0.000240457862647642,9.41001226788633
fixed-00000040,450.0,4.0,-9,0.0003940159449426912,9.015622340555637
fixed-00000040,450.0,4.0,-8,0.0008940429801299191,8.60332760953709
fixed-00000040,450.0,4.0,-7,0.00040521241237761595,8.170417848002046
fixed-00000040,450.0,4.0,-6,0.0010383766754538378,7.713422675659928
fixed-00000040,450.0,4.0,-5,0.002643848790795373,7.227774780095174
fixed-00000040,450.0,4.0,-4,0.0007175778049634661,6.707252950125579
fixed-00000040,450.0,4.0,-3,0.004527541017591385,6.142998339829504
fixed-00000040,450.0,4.0,-2,0.007911390983530069,5.521619808342521
fixed-00000040,450.0,4.0,-1,0.033831307477048635,4.821079743384956
fixed-00000040,450.0,4.0,0,0.10580442204692053,4.000000000000043
fixed-00000040,450.0,4.0,1,0.1295872644387947,2.9597049311129666
fixed-00000040,450.0,4.0,2,0.009913590715686328,1.2338425267338948
fixed-00000040,450.0,4.0,3,0.0,0.0
fixed-00000040,450.0,4.0,4,0.0,0.0
fixed-00000040,450.0,4.0,5,0.0,0.0
fixed-00000040,450.0,4.0,6,0.0,0.0
fixed-00000040,450.0,4.0,7,0.0,0.0
fixed-00000040,450.0,4.0,8,0.0,0.0
fixed-00000040,450.0,4.0,9,0.0,0.0
fixed-00000040,450.0,4.0,10,0.0,0.0
fixed-00000040,450.0,4.0,11,0.0,0.0
fixed-00000040,450.0,4.0,12,0.0,0.0
fixed-00000040,450.0,4.0,13,0.0,0.0
fixed-00000040,450.0,4.0,14,0.0,0.0
fixed-00000040,450.0,4.0,15,0.0,0.0
fixed-00000040,450.0,4.0,16,0.0,0.0
fixed-00000040,450.0,4.0,17,0.0,0.0
fixed-00000040,450.0,4.0,18,0.0,0.0
fixed-00000040,450.0,4.0,19,0.0,0.0
fixed-00000040,450.0,4.0,20,0.0,0.0
fixed-00000041,460.0,4.0,-20,0.00011386170756793172,12.577510579407715
fixed-00000041,460.0,4.0,-19,6.692386875926653e-05,12.290630459977635
fixed-00000041,460.0,4.0,-18,0.0001101029236108781,11.997000160210277
fixed-00000041,460.0,4.0,-17,9.953687322224902e-05,11.696111205778067
fixed-00000041,460.0,4.0,-16,7.722941091113523e-05,11.387388125912437
fixed-00000041,460.0,4.0,-15,0.0001514108782046774,11.070175408225822
fixed-00000041,460.0,4.0,-14,0.0001475544217636565,10.743720994389975
fixed-00000041,460.0,4.0,-13,0.00012194048453165785,10.407155124901223
fixed-00000041,460.0,4.0,-12,0.00022019764508382289,10.059462823221452
fixed-00000041,460.0,4.0,-11,0.0002989856612846378,9.699447513130764
fixed-00000041,460.0,4.0,-10,0.00021148500477737262,9.325682005200974
fixed-00000041,460.0,4.0,-9,0.0003697704220544918,8.93644104020727
fixed-00000041,460.0,4.0,-8,0.0008090812676201701,8.529606124486918
fixed-00000041,460.0,4.0,-7,0.00035018948574579275,8.102527331430608
fixed-00000041,460.0,4.0,-6,0.0009775033197481084,7.651815588106331
fixed-00000041,460.0,4.0,-5,0.0024789528013478583,7.1730172404364225
fixed-00000041,460.0,4.0,-4,0.0005670363388432679,6.660077368214232
fixed-00000041,460.0,4.0,-3,0.004366747793518542,6.104395321148445
fixed-00000041,460.0,4.0,-2,0.007407394799574145,5.493014580257693
fixed-00000041,460.0,4.0,-1,0.028265061058753402,4.804719468232179
fixed-00000041,460.0,4.0,0,0.11731117810709984,4.000000000000043
fixed-00000041,460.0,4.0,1,0.12096982184890422,2.986171373421186
fixed-00000041,460.0,4.0,2,0.0116784318634557,1.3553543387345144
fixed-00000041,460.0,4.0,3,0.0,0.0
fixed-00000041,460.0,4.0,4,0.0,0.0
fixed-00000041,460.0,4.0,5,0.0,0.0
fixed-00000041,460.0,4.0,6,0.0,0.0
fixed-00000041,460.0,4.0,7,0.0,0.0
fixed-00000041,460.0,4.0,8,0.0,0.0
fixed-00000041,460.0,4.0,9,0.0,0.0
fixed-00000041,460.0,4.0,10,0.0,0.0
fixed-00000041,460.0,4.0,11,0.0,0.0
fixed-00000041,460.0,4.0,12,0.0,0.0
fixed-00000041,460.0,4.0,13,0.0,0.0
fixed-00000041,460.0,4.0,14,0.0,0.0
fixed-00000041,460.0,4.0,15,0.0,0.0
fixed-00000041,460.0,4.0,16,0.0,0.0
fixed-00000041,460.0,4.0,17,0.0,0.0
fixed-00000041,460.0,4.0,18,0.0,0.0
fixed-00000041,460.0,4.0,19,0.0,0.0
fixed-00000041,460.0,4.0,20,0.0,0.0
fixed-00000042,470.0,4.0,-20,0.00010187634281463483,12.456228814270318
fixed-00000042,470.0,4.0,-19,6.15677847948315e-05,12.172768968466443
fixed-00000042,470.0,4.0,-18,0.00010234820346754461,11.882653470494859
fixed-00000042,470.0,4.0,-17,8.694793607930457e-05,11.585382237029776
fixed-00000042,470.0,4.0,-16,7.002138533289116e-05,11.28038946496281
fixed-00000042,470.0,4.0,-15,0.0001421596284924101,10.967030869800126
fixed-00000042,470.0,4.0,-14,0.00012842414865862908,10.644567549905517
fixed-00000042,470.0,4.0,-13,0.00010940808916570915,10.31214531767661
fixed-00000042,470.0,4.0,-12,0.00020789655161334127,9.968767836736134
fixed-00000042,470.0,4.0,-11,0.00026271814384812086,9.613261133217293
fixed-00000042,470.0,4.0,-10,0.00018691740383222218,9.244225833195756
fixed-00000042,470.0,4.0,-9,0.00034829916049039283,8.85997150158471
fixed-00000042,470.0,4.0,-8,0.0007298594510183239,8.458424131399937
fixed-00000042,470.0,4.0,-7,0.0003012506211968331,8.036992005791461
fixed-00000042,470.0,4.0,-6,0.0009219494005292511,7.592364458324127
fixed-00000042,470.0,4.0,-5,0.0023184933024248495,7.12019728699272
fixed-00000042,470.0,4.0,-4,0.0004366393711409029,6.614595409808928
fixed-00000042,470.0,4.0,-3,0.0042176150506219815,6.067205706207318
fixed-00000042,470.0,4.0,-2,0.006935841275582989,5.465486736837221
fixed-00000042,470.0,4.0,-1,0.023185036556887063,4.789003125134016
fixed-00000042,470.0,4.0,0,0.12901138604280696,4.000000000000043
fixed-00000042,470.0,4.0,1,0.1123383380358859,3.011293809692063
fixed-00000042,470.0,4.0,2,0.013491664579847967,1.462265398478209
fixed-00000042,470.0,4.0,3,0.0,0.0
fixed-00000042,470.0,4.0,4,0.0,0.0
fixed-00000042,470.0,4.0,5,0.0,0.0
fixed-00000042,470.0,4.0,6,0.0,0.0
fixed-00000042,470.0,4.0,7,0.0,0.0
fixed-00000042,470.0,4.0,8,0.0,0.0
fixed-00000042,470.0,4.0,9,0.0,0.0
fixed-00000042,470.0,4.0,10,0.0,0.0
fixed-00000042,470.0,4.0,11,0.0,0.0
fixed-00000042,470.0,4.0,12,0.0,0.0
fixed-00000042,470.0,4.0,13,0.0,0.0
fixed-00000042,470.0,4.0,14,0.0,0.0
fixed-00000042,470.0,4.0,15,0.0,0.0
fixed-00000042,470.0,4.0,16,0.0,0.0
fixed-00000042,470.0,4.0,17,0.0,0.0
fixed-00000042,470.0,4.0,18,0.0,0.0
fixed-00000042,470.0,4.0,19,0.0,0.0
fixed-00000042,470.0,4.0,20,0.0,0.0
fixed-00000043,480.0,4.0,-20,9.073858387494969e-05,12.338899720932332
fixed-00000043,480.0,4.0,-19,5.737925645176887e-05,12.058753916039905
fixed-00000043,480.0,4.0,-18,9.508541131434508e-05,11.772044157333369
fixed-00000043,480.0,4.0,-17,7.520878261404821e-05,11.478278496429667
fixed-00000043,480.0,4.0,-16,6.443446156119393e-05,11.176900501616302
fixed-00000043,480.0,4.0,-15,0.00013350605687566483,10.867276770488644
fixed-00000043,480.0,4.0,-14,0.00011059358471964947,10.548681150469449
fixed-00000043,480.0,4.0,-13,9.922894779733444e-05,10.220274539944285
fixed-00000043,480.0,4.0,-12,0.00019677257035344254,9.881078656044693
fixed-00000043,480.0,4.0,-11,0.000228661437288054,9.529941408533489
fixed-00000043,480.0,4.0,-10,0.00016562415402802686,9.165490343367907
fixed-00000043,480.0,4.0,-9,0.00032999141445838847,8.786068711064956
fixed-00000043,480.0,4.0,-8,0.0006533387214088996,8.389645509317262
fixed-00000043,480.0,4.0,-7,0.0002568872459819133,7.973685246153153
fixed-00000043,480.0,4.0,-6,0.0008740768636755113,7.534952908764538
fixed-00000043,480.0,4.0,-5,0.0021575463358687328,7.069209758944453
fixed-00000043,480.0,4.0,-4,0.00032613403525159803,6.570714442852491
fixed-00000043,480.0,4.0,-3,0.004085155475102174,6.03135129215535
fixed-00000043,480.0,4.0,-2,0.006504530648160769,5.438975549640787
fixed-00000043,480.0,4.0,-1,0.01858817659775071,4.773893191801832
fixed-00000043,480.0,4.0,0,0.14069596071500684,4.000000000000128
fixed-00000043,480.0,4.0,1,0.10372307711164452,3.035174537183508
fixed-00000043,480.0,4.0,2,0.015396499111434855,1.5578535504268984
fixed-00000043,480.0,4.0,3,0.0,0.0
fixed-00000043,480.0,4.0,4,0.0,0.0
fixed-00000043,480.0,4.0,5,0.0,0.0
fixed-00000043,480.0,4.0,6,0.0,0.0
fixed-00000043,480.0,4.0,7,0.0,0.0
fixed-00000043,480.0,4.0,8,0.0,0.0
fixed-00000043,480.0,4.0,9,0.0,0.0
fixed-00000043,480.0,4.0,10,0.0,0.0
fixed-00000043,480.0,4.0,11,0.0,0.0
fixed-00000043,480.0,4.0,12,0.0,0.0
fixed-00000043,480.0,4.0,13,0.0,0.0
fixed-00000043,480.0,4.0,14,0.0,0.0
fixed-00000043,480.0,4.0,15,0.0,0.0
fixed-00000043,480.0,4.0,16,0.0,0.0
fixed-00000043,480.0,4.0,17,0.0,0.0
fixed-00000043,480.0,4.0,18,0.0,0.0
fixed-00000043,480.0,4.0,19,0.0,0.0
fixed-00000043,480.0,4.0,20,0.0,0.0
fixed-00000044,490.0,4.0,-20,7.815295261095533e-05,12.225318145104808
fixed-00000044,490.0,4.0,-19,5.244945004727676e-05,11.948385599975978
fixed-00000044,490.0,4.0,-18,8.586670298768279e-05,11.66497810905598
fixed-00000044,490.0,4.0,-17,6.243902716100564e-05,11.374611615381397
fixed-00000044,490.0,4.0,-16,5.8419586596739855e-05,11.076738776861475
fixed-00000044,490.0,4.0,-15,0.00012185500037418849,10.770736744273435
fixed-00000044,490.0,4.0,-14,9.127363205510924e-05,10.455891726370012
fixed-00000044,490.0,4.0,-13,8.839175716760237e-05,10.131379245325505
fixed-00000044,490.0,4.0,-12,0.00018120385191175932,9.796238513755625
fixed-00000044,490.0,4.0,-11,0.00019142457820324376,9.449338641416006
fixed-00000044,490.0,4.0,-10,0.00014257798804127918,9.089333242301052
fixed-00000044,490.0,4.0,-9,0.0003059385226825398,8.714598169784495
fixed-00000044,490.0,4.0,-8,0.000565604409885846,8.323144017155428
fixed-00000044,490.0,4.0,-7,0.00020895023920945057,7.9124896307686186
fixed-00000044,490.0,4.0,-6,0.0008170191201024137,7.479473036402908
fixed-00000044,490.0,4.0,-5,0.0019527905562336549,7.019957174357458
fixed-00000044,490.0,4.0,-4,0.00022533851251682838,6.528348627774008
fixed-00000044,490.0,4.0,-3,0.0039047874862086582,5.996759649897882
fixed-00000044,490.0,4.0,-2,0.00600976366552765,5.413424829013778
fixed-00000044,490.0,4.0,-1,0.014302593435367628,4.7593550215627545
fixed-00000044,490.0,4.0,0,0.15080123983979601,4.000000000000128
fixed-00000044,490.0,4.0,1,0.09423667997729772,3.057905474932099
fixed-00000044,490.0,4.0,2,0.017279503455271992,1.6443284594506906
fixed-00000044,490.0,4.0,3,0.0,0.0
fixed-00000044,490.0,4.0,4,0.0,0.0
fixed-00000044,490.0,4.0,5,0.0,0.0
fixed-00000044,490.0,4.0,6,0.0,0.0
fixed-00000044,490.0,4.0,7,0.0,0.0
fixed-00000044,490.0,4.0,8,0.0,0.0
fixed-00000044,490.0,4.0,9,0.0,0.0
fixed-00000044,490.0,4.0,10,0.0,0.0
fixed-00000044,490.0,4.0,11,0.0,0.0
fixed-00000044,490.0,4.0,12,0.0,0.0
fixed-00000044,490.0,4.0,13,0.0,0.0
fixed-00000044,490.0,4.0,14,0.0,0.0
fixed-00000044,490.0,4.0,15,0.0,0.0
fixed-00000044,490.0,4.0,16,0.0,0.0
fixed-00000044,490.0,4.0,17,0.0,0.0
fixed-00000044,490.0,4.0,18,0.0,0.0
fixed-00000044,490.0,4.0,19,0.0,0.0
fixed-00000044,490.0,4.0,20,0.0,0.0
fixed-00000045,500.0,4.0,-20,6.699295013112719e-05,12.115293466158121
fixed-00000045,500.0,4.0,-19,4.80654681899542e-05,11.8414784654246
fixed-00000045,500.0,4.0,-18,7.672227261382347e-05,11.561274966505863
fixed-00000045,500.0,4.0,-17,5.09478133775568e-05,11.274206572013128
fixed-00000045,500.0,4.0,-16,5.326571997879774e-05,10.979734761202295
fixed-00000045,500.0,4.0,-15,0.0001098087570205733,10.677246924869209
fixed-00000045,500.0,4.0,-14,7.351521503661937e-05,10.366041263914951
fixed-00000045,500.0,4.0,-13,7.89877847180696e-05,10.045307484204272
fixed-00000045,500.0,4.0,-12,0.00016434501751675824,9.714101762495858
fixed-00000045,500.0,4.0,-11,0.0001561915972063761,9.371313757611418
fixed-00000045,500.0,4.0,-10,0.000121777165058853,9.01562234055568
fixed-00000045,500.0,4.0,-9,0.0002790726747908862,8.645434936834732
fixed-00000045,500.0,4.0,-8,0.0004783490298196525,8.258802394264194
fixed-00000045,500.0,4.0,-7,0.00016413919365937746,7.85329610268785
fixed-00000045,500.0,4.0,-6,0.0007543961970068965,7.425824639985038
fixed-00000045,500.0,4.0,-5,0.0017314885731592505,6.972349028947647
fixed-00000045,500.0,4.0,-4,0.0001399278259488454,6.487418295723927
fixed-00000045,500.0,4.0,-3,0.00369480951883197,5.96336359338612
fixed-00000045,500.0,4.0,-2,0.0054795122708219055,5.388782503478367
fixed-00000045,500.0,4.0,-1,0.010522542660744203,4.745356571759629
fixed-00000045,500.0,4.0,0,0.15958300411440338,4.000000000000128
fixed-00000045,500.0,4.0,1,0.08438568986890041,3.07956947893598
fixed-00000045,500.0,4.0,2,0.01907890833045072,1.7232677700620371
fixed-00000045,500.0,4.0,3,0.0,0.0
fixed-00000045,500.0,4.0,4,0.0,0.0
fixed-00000045,500.0,4.0,5,0.0,0.0
fixed-00000045,500.0,4.0,6,0.0,0.0
fixed-00000045,500.0,4.0,7,0.0,0.0
fixed-00000045,500.0,4.0,8,0.0,0.0
fixed-00000045,500.0,4.0,9,0.0,0.0
fixed-00000045,500.0,4.0,10,0.0,0.0
fixed-00000045,500.0,4.0,11,0.0,0.0
fixed-00000045,500.0,4.0,12,0.0,0.0
fixed-00000045,500.0,4.0,13,0.0,0.0
fixed-00000045,500.0,4.0,14,0.0,0.0
fixed-00000045,500.0,4.0,15,0.0,0.0
fixed-00000045,500.0,4.0,16,0.0,0.0
fixed-00000045,500.0,4.0,17,0.0,0.0
fixed-00000045,500.0,4.0,18,0.0,0.0
fixed-00000045,500.0,4.0,19,0.0,0.0
fixed-00000045,500.0,4.0,20,0.0,0.0
fixed-00000046,510.0,4.0,-20,5.6632234939448724e-05,12.00864830157974
fixed-00000046,510.0,4.0,-19,4.364506896652943e-05,11.73785984433411
fixed-00000046,510.0,4.0,-18,6.718851948432979e-05,11.46076689726786
fixed-00000046,510.0,4.0,-17,4.041187035348305e-05,11.17690050161626
fixed-00000046,510.0,4.0,-16,4.835284860830633e-05,10.885730702301743
fixed-00000046,510.0,4.0,-15,9.672823369775715e-05,10.586654831666607
fixed-00000046,510.0,4.0,-14,5.7028262131369376e-05,10.278982730887435
fixed-00000046,510.0,4.0,-13,7.019355032211426e-05,9.961917870049362
fixed-00000046,510.0,4.0,-12,0.00014527523403576345,9.63453288362129
fixed-00000046,510.0,4.0,-11,0.00012260577976770009,9.295737359102532
fixed-00000046,510.0,4.0,-10,0.00010226512618857817,8.944234651595096
fixed-00000046,510.0,4.0,-9,0.000247957968376143,8.578462776597007
fixed-00000046,510.0,4.0,-8,0.00039081632853602845,8.19651155890179
fixed-00000046,510.0,4.0,-7,0.00012217052639271507,7.796003222671089
fixed-00000046,510.0,4.0,-6,0.0006833253436679222,7.373914531470007
fixed-00000046,510.0,4.0,-5,0.0014901753163868892,6.926301171313213
fixed-00000046,510.0,4.0,-4,7.158692814052017e-05,6.447849394706807
fixed-00000046,510.0,4.0,-3,0.0034418643402708334,5.931100707011325
fixed-00000046,510.0,4.0,-2,0.004896272210765973,5.3650002454304655
fixed-00000046,510.0,4.0,-1,0.007289051298438772,4.731868162490429
fixed-00000046,510.0,4.0,0,0.16622594212697023,3.999999999999943
fixed-00000046,510.0,4.0,1,0.07413405996891918,3.100241457700733
fixed-00000046,510.0,4.0,2,0.02068949005508528,1.7958468702815367
fixed-00000046,510.0,4.0,3,0.0,0.0
fixed-00000046,510.0,4.0,4,0.0,0.0
fixed-00000046,510.0,4.0,5,0.0,0.0
fixed-00000046,510.0,4.0,6,0.0,0.0
fixed-00000046,510.0,4.0,7,0.0,0.0
fixed-00000046,510.0,4.0,8,0.0,0.0
fixed-00000046,510.0,4.0,9,0.0,0.0
fixed-00000046,510.0,4.0,10,0.0,0.0
fixed-00000046,510.0,4.0,11,0.0,0.0
fixed-00000046,510.0,4.0,12,0.0,0.0
fixed-00000046,510.0,4.0,13,0.0,0.0
fixed-00000046,510.0,4.0,14,0.0,0.0
fixed-00000046,510.0,4.0,15,0.0,0.0
fixed-00000046,510.0,4.0,16,0.0,0.0
fixed-00000046,510.0,4.0,17,0.0,0.0
fixed-00000046,510.0,4.0,18,0.0,0.0
fixed-00000046,510.0,4.0,19,0.0,0.0
fixed-00000046,510.0,4.0,20,0.0,0.0
fixed-00000047,520.0,4.0,-20,5.089987470071869e-05,11.905217349750558
fixed-00000047,520.0,4.0,-19,4.087945323790613e-05,11.637368829002952
fixed-00000047,520.0,4.0,-18,6.052619352936731e-05,11.363297500741439
fixed-00000047,520.0,4.0,-17,3.348825875114943e-05,11.08254163405276
fixed-00000047,520.0,4.0,-16,4.50817526528761e-05,10.794579595613783
fixed-00000047,520.0,4.0,-15,8.704946480232876e-05,10.498818374569126
fixed-00000047,520.0,4.0,-14,4.5313805573747816e-05,10.194579116674106
fixed-00000047,520.0,4.0,-13,6.413458067426389e-05,9.881078656044693
fixed-00000047,520.0,4.0,-12,0.0001296805724134685,9.557405601711935
fixed-00000047,520.0,4.0,-11,9.71110688523737e-05,9.222488878015653
fixed-00000047,520.0,4.0,-10,8.80224458922816e-05,8.875055586881174
fixed-00000047,520.0,4.0,-9,0.0002180039540821689,8.513573397092799
fixed-00000047,520.0,4.0,-8,0.00032058431128766053,8.136169892284855
fixed-00000047,520.0,4.0,-7,8.974227392746996e-05,7.740516501892586
fixed-00000047,520.0,4.0,-6,0.0006094998895294068,7.32365592105198
fixed-00000047,520.0,4.0,-5,0.00128341687110707,6.881735244987794
fixed-00000047,520.0,4.0,-4,2.5852987939286466e-05,6.409572995038118
fixed-00000047,520.0,4.0,-3,0.003186649882862439,5.899912923755764
fixed-00000047,520.0,4.0,-2,0.004344873725638612,5.342033137263584
fixed-00000047,520.0,4.0,-1,0.004742215761447369,4.718862261789724
fixed-00000047,520.0,4.0,0,0.17265632006332335,3.999999999999943
fixed-00000047,520.0,4.0,1,0.06436668261658893,3.1199893233792295
fixed-00000047,520.0,4.0,2,0.022018014424940797,1.8629706538812485
fixed-00000047,520.0,4.0,3,0.0,0.0
fixed-00000047,520.0,4.0,4,0.0,0.0
fixed-00000047,520.0,4.0,5,0.0,0.0
fixed-00000047,520.0,4.0,6,0.0,0.0
fixed-00000047,520.0,4.0,7,0.0,0.0
fixed-00000047,520.0,4.0,8,0.0,0.0
fixed-00000047,520.0,4.0,9,0.0,0.0
fixed-00000047,520.0,4.0,10,0.0,0.0
fixed-00000047,520.0,4.0,11,0.0,0.0
fixed-00000047,520.0,4.0,12,0.0,0.0
fixed-00000047,520.0,4.0,13,0.0,0.0
fixed-00000047,520.0,4.0,14,0.0,0.0
fixed-00000047,520.0,4.0,15,0.0,0.0
fixed-00000047,520.0,4.0,16,0.0,0.0
fixed-00000047,520.0,4.0,17,0.0,0.0
fixed-00000047,520.0,4.0,18,0.0,0.0
fixed-00000047,520.0,4.0,19,0.0,0.0
fixed-00000047,520.0,4.0,20,0.0,0.0
fixed-00000048,530.0,4.0,-20,5.457612219707455e-05,11.804846353924574
fixed-00000048,530.0,4.0,-19,4.619651437895339e-05,11.539855263600288
fixed-00000048,530.0,4.0,-18,6.24616221022566e-05,11.268720827871178
fixed-00000048,530.0,4.0,-17,3.335630870109741e-05,10.990988342425112
fixed-00000048,530.0,4.0,-16,5.0595109235299706e-05,10.706144262791852
fixed-00000048,530.0,4.0,-15,8.984915103963796e-05,10.413604963019466
fixed-00000048,530.0,4.0,-14,4.258388883863687e-05,10.112702572883805
fixed-00000048,530.0,4.0,-13,7.08891295648224e-05,9.802666908387508
fixed-00000048,530.0,4.0,-12,0.00013338863244279192,9.48260209177191
fixed-00000048,530.0,4.0,-11,8.81840800874665e-05,9.151455819110154
fixed-00000048,530.0,4.0,-10,9.348106502981962e-05,8.80797823524668
fixed-00000048,530.0,4.0,-9,0.00021923196899759762,8.450665768094211
fixed-00000048,530.0,4.0,-8,0.0002924703850680991,8.077682597631096
fixed-00000048,530.0,4.0,-7,8.26904297962734e-05,7.686747804566139
fixed-00000048,530.0,4.0,-6,0.0005973264185001596,7.2749678666584
fixed-00000048,530.0,4.0,-5,0.0012080526378073298,6.838578189041442
fixed-00000048,530.0,4.0,-4,7.635808806780962e-06,6.37252484677397
fixed-00000048,530.0,4.0,-3,0.0031786428967939006,5.869746147798878
fixed-00000048,530.0,4.0,-2,0.004176258542508564,5.319839372881049
fixed-00000048,530.0,4.0,-1,0.0030421189174329325,4.706313293920829
fixed-00000048,530.0,4.0,0,0.1862830558742599,4.000000000000043
fixed-00000048,530.0,4.0,1,0.05776910936660967,3.138874806668909
fixed-00000048,530.0,4.0,2,0.024167918444172015,1.9253541332400914
fixed-00000048,530.0,4.0,3,0.0,0.0
fixed-00000048,530.0,4.0,4,0.0,0.0
fixed-00000048,530.0,4.0,5,0.0,0.0
fixed-00000048,530.0,4.0,6,0.0,0.0
fixed-00000048,530.0,4.0,7,0.0,0.0
fixed-00000048,530.0,4.0,8,0.0,0.0
fixed-00000048,530.0,4.0,9,0.0,0.0
fixed-00000048,530.0,4.0,10,0.0,0.0
fixed-00000048,530.0,4.0,11,0.0,0.0
fixed-00000048,530.0,4.0,12,0.0,0.0
fixed-00000048,530.0,4.0,13,0.0,0.0
fixed-00000048,530.0,4.0,14,0.0,0.0
fixed-00000048,530.0,4.0,15,0.0,0.0
fixed-00000048,530.0,4.0,16,0.0,0.0
fixed-00000048,530.0,4.0,17,0.0,0.0
fixed-00000048,530.0,4.0,18,0.0,0.0
fixed-00000048,530.0,4.0,19,0.0,0.0
fixed-00000048,530.0,4.0,20,0.0,0.0
fixed-00000049,540.0,4.0,-20,5.3717930590119e-05,11.707391172695964
fixed-00000049,540.0,4.0,-19,4.965040568527261e-05,11.445178839332968
fixed-00000049,540.0,4.0,-18,6.007568872492631e-05,11.176900501616302
fixed-00000049,540.0,4.0,-17,3.080719759106456e-05,10.902108289504397
fixed-00000049,540.0,4.0,-16,5.51768190586134e-05,10.620296524793474
fixed-00000049,540.0,4.0,-15,8.664949755782833e-05,10.33089070657202
fixed-00000049,540.0,4.0,-14,3.6945936507026495e-05,10.033233642263525
fixed-00000049,540.0,4.0,-13,7.6679868781009e-05,9.726567764525285
fixed-00000049,540.0,4.0,-12,0.00012948492711370907,9.410012267886245
fixed-00000049,540.0,4.0,-11,7.386756216331539e-05,9.08253308010309
fixed-00000049,540.0,4.0,-10,9.747872617770411e-05,8.742902716320742
fixed-00000049,540.0,4.0,-9,0.0002144242473777586,8.389645509317262
fixed-00000049,540.0,4.0,-8,0.0002464502279396616,8.020961125094075
fixed-00000049,540.0,4.0,-7,7.408539806048864e-05,7.634614812005779
fixed-00000049,540.0,4.0,-6,0.0005818760242298456,7.227774780095174
fixed-00000049,540.0,4.0,-5,0.0010610494040922138,6.796761790119547
fixed-00000049,540.0,4.0,-4,1.0383714530381052e-08,6.336644982795491
fixed-00000049,540.0,4.0,-3,0.0031143769139063177,5.840549916165088
fixed-00000049,540.0,4.0,-2,0.0038910759248425983,5.298379990270192
fixed-00000049,540.0,4.0,-1,0.0017884991522926616,4.694197467919281
fixed-00000049,540.0,4.0,0,0.19539037614798338,4.000000000000043
fixed-00000049,540.0,4.0,1,0.05028027303623946,3.1569541581493326
fixed-00000049,540.0,4.0,2,0.026297097415815145,1.9835743440105915
fixed-00000049,540.0,4.0,3,0.0,0.0
fixed-00000049,540.0,4.0,4,0.0,0.0
fixed-00000049,540.0,4.0,5,0.0,0.0
fixed-00000049,540.0,4.0,6,0.0,0.0
fixed-00000049,540.0,4.0,7,0.0,0.0
fixed-00000049,540.0,4.0,8,0.0,0.0
fixed-00000049,540.0,4.0,9,0.0,0.0
fixed-00000049,540.0,4.0,10,0.0,0.0
fixed-00000049,540.0,4.0,11,0.0,0.0
fixed-00000049,540.0,4.0,12,0.0,0.0
fixed-00000049,540.0,4.0,13,0.0,0.0
fixed-00000049,540.0,4.0,14,0.0,0.0
fixed-00000049,540.0,4.0,15,0.0,0.0
fixed-00000049,540.0,4.0,16,0.0,0.0
fixed-00000049,540.0,4.0,17,0.0,0.0
fixed-00000049,540.0,4.0,18,0.0,0.0
fixed-00000049,540.0,4.0,19,0.0,0.0
fixed-00000049,540.0,4.0,20,0.0,0.0
fixed-00000050,550.0,4.0,-20,5.3595942140359364e-05,11.612716944258466
fixed-00000050,550.0,4.0,-19,5.223701232163196e-05,11.353208280905505
fixed-00000050,550.0,4.0,-18,5.719641517673907e-05,11.087708926153098
fixed-00000050,550.0,4.0,-17,2.9074171043948095e-05,10.81577766026615
fixed-00000050,550.0,4.0,-16,5.884889467431477e-05,10.536916458396973
fixed-00000050,550.0,4.0,-15,8.221606876638872e-05,10.250559696102755
fixed-00000050,550.0,4.0,-14,3.234976952403876e-05,9.956060565391013
fixed-00000050,550.0,4.0,-13,8.150240742202295e-05,9.652673766211109
fixed-00000050,550.0,4.0,-12,0.00012256207036287492,9.339533143629737
fixed-00000050,550.0,4.0,-11,6.092269698945934e-05,9.015622340555552
fixed-00000050,550.0,4.0,-10,0.00010081064900503826,8.679735599183942
fixed-00000050,550.0,4.0,-9,0.0002024000250512125,8.33042434034833
fixed-00000050,550.0,4.0,-8,0.00020094654236359452,7.965922654739103
fixed-00000050,550.0,4.0,-7,6.681298718600185e-05,7.58404054079962
fixed-00000050,550.0,4.0,-6,0.0005505957920935326,7.182005983087052
fixed-00000050,550.0,4.0,-5,0.0008989392195941639,6.756222279782023
fixed-00000050,550.0,4.0,-4,8.176826248761299e-06,6.30187736209605
fixed-00000050,550.0,4.0,-3,0.0029900277957399953,5.812277094742029
fixed-00000050,550.0,4.0,-2,0.003538570833717939,5.277618631405375
fixed-00000050,550.0,4.0,-1,0.0010875005361535666,4.682492623926009
fixed-00000050,550.0,4.0,0,0.2019494179325339,4.000000000000043
fixed-00000050,550.0,4.0,1,0.04256182690011216,3.174278754446547
fixed-00000050,550.0,4.0,2,0.0280167042192596,2.038105178627262
fixed-00000050,550.0,4.0,3,0.0,0.0
fixed-00000050,550.0,4.0,4,0.0,0.0
fixed-00000050,550.0,4.0,5,0.0,0.0
fixed-00000050,550.0,4.0,6,0.0,0.0
fixed-00000050,550.0,4.0,7,0.0,0.0
fixed-00000050,550.0,4.0,8,0.0,0.0
fixed-00000050,550.0,4.0,9,0.0,0.0
fixed-00000050,550.0,4.0,10,0.0,0.0
fixed-00000050,550.0,4.0,11,0.0,0.0
fixed-00000050,550.0,4.0,12,0.0,0.0
fixed-00000050,550.0,4.0,13,0.0,0.0
fixed-00000050,550.0,4.0,14,0.0,0.0
fixed-00000050,550.0,4.0,15,0.0,0.0
fixed-00000050,550.0,4.0,16,0.0,0.0
fixed-00000050,550.0,4.0,17,0.0,0.0
fixed-00000050,550.0,4.0,18,0.0,0.0
fixed-00000050,550.0,4.0,19,0.0,0.0
fixed-00000050,550.0,4.0,20,0.0,0.0
fixed-00000051,560.0,4.0,-20,5.679263351974096e-05,11.520697333479006
fixed-00000051,560.0,4.0,-19,5.775274640985438e-05,11.26382061358683
fixed-00000051,560.0,4.0,-18,5.653267488683819e-05,11.001026574425026
fixed-00000051,560.0,4.0,-17,3.027123378935497e-05,10.731880470457497
fixed-00000051,560.0,4.0,-16,6.620310518820003e-05,10.45589172636997
fixed-00000051,560.0,4.0,-15,8.090550825314211e-05,10.172503356222151
fixed-00000051,560.0,4.0,-14,3.15616800763747e-05,9.881078656044693
fixed-00000051,560.0,4.0,-13,9.211581007082663e-05,9.580884258625872
fixed-00000051,560.0,4.0,-12,0.0001205617219991976,9.27106825583462
fixed-00000051,560.0,4.0,-11,5.425362709897484e-05,8.950631511301339
fixed-00000051,560.0,4.0,-10,0.0001137013921226986,8.618389378622567
fixed-00000051,560.0,4.0,-9,0.00019953523815618721,8.27291958508114
fixed-00000051,560.0,4.0,-8,0.00016790203176863855,7.9124896307686186
fixed-00000051,560.0,4.0,-7,7.268705481069841e-05,7.5349529087644385
fixed-00000051,560.0,4.0,-6,0.0005394785782339308,7.137595307370333
fixed-00000051,560.0,4.0,-5,0.0007609824693631886,6.71689997183698
fixed-00000051,560.0,4.0,-4,3.183918765017797e-05,6.268169548557026
fixed-00000051,560.0,4.0,-3,0.002931500618874243,5.784883604631474
fixed-00000051,560.0,4.0,-2,0.003263040987734823,5.257521326257304
fixed-00000051,560.0,4.0,-1,0.0010090002087447063,4.671178095187116
fixed-00000051,560.0,4.0,0,0.2094112563100412,4.000000000000043
fixed-00000051,560.0,4.0,1,0.03572558374825071,3.1908956242289577
fixed-00000051,560.0,4.0,2,0.030005261308503478,2.089341578597498
fixed-00000051,560.0,4.0,3,0.0,0.0
fixed-00000051,560.0,4.0,4,0.0,0.0
fixed-00000051,560.0,4.0,5,0.0,0.0
fixed-00000051,560.0,4.0,6,0.0,0.0
fixed-00000051,560.0,4.0,7,0.0,0.0
fixed-00000051,560.0,4.0,8,0.0,0.0
fixed-00000051,560.0,4.0,9,0.0,0.0
fixed-00000051,560.0,4.0,10,0.0,0.0
fixed-00000051,560.0,4.0,11,0.0,0.0
fixed-00000051,560.0,4.0,12,0.0,0.0
fixed-00000051,560.0,4.0,13,0.0,0.0
fixed-00000051,560.0,4.0,14,0.0,0.0
fixed-00000051,560.0,4.0,15,0.0,0.0
fixed-00000051,560.0,4.0,16,0.0,0.0
fixed-00000051,560.0,4.0,17,0.0,0.0
fixed-00000051,560.0,4.0,18,0.0,0.0
fixed-00000051,560.0,4.0,19,0.0,0.0
fixed-00000051,560.0,4.0,20,0.0,0.0
fixed-00000052,570.0,4.0,-20,5.8240419486729917e-05,11.43121385226128
fixed-00000052,570.0,4.0,-19,6.075281628823196e-05,11.17690050161626
fixed-00000052,570.0,4.0,-18,5.3835031139421454e-05,10.916741345033486
fixed-00000052,570.0,4.0,-17,3.113576529340164e-05,10.650307942455399
fixed-00000052,570.0,4.0,-16,7.115681535950856e-05,10.377116972823487
fixed-00000052,570.0,4.0,-15,7.636376036809084e-05,10.096619860707065
fixed-00000052,570.0,4.0,-14,3.094232027112788e-05,9.80818973735775
fixed-00000052,570.0,4.0,-13,9.987702680722145e-05,9.511104847972902
fixed-00000052,570.0,4.0,-12,0.00011314298666828311,9.204527144434849
fixed-00000052,570.0,4.0,-11,4.807623079649421e-05,8.887474237458349
fixed-00000052,570.0,4.0,-10,0.00012389227876374647,8.558782002362335
fixed-00000052,570.0,4.0,-9,0.00018766860784944576,8.217053724399236
fixed-00000052,570.0,4.0,-8,0.0001333680694379696,7.860589341106007
fixed-00000052,570.0,4.0,-7,8.072205097345396e-05,7.487284343186758
fixed-00000052,570.0,4.0,-6,0.0005126020613812486,7.094480733772272
fixed-00000052,570.0,4.0,-5,0.0005993422506218932,6.678738935066164
fixed-00000052,570.0,4.0,-4,7.719171171884953e-05,6.2354724211239585
fixed-00000052,570.0,4.0,-3,0.0027989594077390584,5.758328175331485
fixed-00000052,570.0,4.0,-2,0.002887815108666805,5.23805629811234
fixed-00000052,570.0,4.0,-1,0.0015141742495774118,4.6602345838808645
fixed-00000052,570.0,4.0,0,0.21207608973797723,4.000000000000043
fixed-00000052,570.0,4.0,1,0.028761452318978413,3.2068479063504185
fixed-00000052,570.0,4.0,2,0.03139722177032128,2.13761682818793
fixed-00000052,570.0,4.0,3,0.0,0.0
fixed-00000052,570.0,4.0,4,0.0,0.0
fixed-00000052,570.0,4.0,5,0.0,0.0
fixed-00000052,570.0,4.0,6,0.0,0.0
fixed-00000052,570.0,4.0,7,0.0,0.0
fixed-00000052,570.0,4.0,8,0.0,0.0
fixed-00000052,570.0,4.0,9,0.0,0.0
fixed-00000052,570.0,4.0,10,0.0,0.0
fixed-00000052,570.0,4.0,11,0.0,0.0
fixed-00000052,570.0,4.0,12,0.0,0.0
fixed-00000052,570.0,4.0,13,0.0,0.0
fixed-00000052,570.0,4.0,14,0.0,0.0
fixed-00000052,570.0,4.0,15,0.0,0.0
fixed-00000052,570.0,4.0,16,0.0,0.0
fixed-00000052,570.0,4.0,17,0.0,0.0
fixed-00000052,570.0,4.0,18,0.0,0.0
fixed-00000052,570.0,4.0,19,0.0,0.0
fixed-00000052,570.0,4.0,20,0.0,0.0
fixed-00000053,580.0,4.0,-20,6.247326733884222e-05,11.344155244919335
fixed-00000053,580.0,4.0,-19,6.544542841227246e-05,11.09233964988806
fixed-00000053,580.0,4.0,-18,5.301013526705341e-05,10.834747980635072
fixed-00000053,580.0,4.0,-17,3.4434500459957786e-05,10.570957940814182
fixed-00000053,580.0,4.0,-16,7.813275987746899e-05,10.300493276388579
fixed-00000053,580.0,4.0,-15,7.433926514486369e-05,10.022813603833598
fixed-00000053,580.0,4.0,-14,3.363596153133645e-05,9.737301631890915
fixed-00000053,580.0,4.0,-13,0.000110975172423775,9.443246910942491
fixed-00000053,580.0,4.0,-12,0.00010916394972945213,9.139824882054754
fixed-00000053,580.0,4.0,-11,4.762640371807045e-05,8.826069448973215
fixed-00000053,580.0,4.0,-10,0.00014011903261409257,8.500836443523596
fixed-00000053,580.0,4.0,-9,0.00018058348837415796,8.162753991654597
fixed-00000053,580.0,4.0,-8,0.00011115933175104075,7.810153537213992
fixed-00000053,580.0,4.0,-7,9.888707691172577e-05,7.440971426572531
fixed-00000053,580.0,4.0,-6,0.0004947656425864533,7.052604065868977
fixed-00000053,580.0,4.0,-5,0.0004632848063154116,6.641686697338955
fixed-00000053,580.0,4.0,-4,0.00014178015878498165,6.203739911827654
fixed-00000053,580.0,4.0,-3,0.002698401983015319,5.732572121705644
fixed-00000053,580.0,4.0,-2,0.0025628665076691775,5.219193787774614
fixed-00000053,580.0,4.0,-1,0.0026186816859882877,4.649644049178292
fixed-00000053,580.0,4.0,0,0.21475706599953534,4.000000000000043
fixed-00000053,580.0,4.0,1,0.022629263887925556,3.2221752503056678
fixed-00000053,580.0,4.0,2,0.03270719140078808,2.1832152248066166
fixed-00000053,580.0,4.0,3,0.0,0.0
fixed-00000053,580.0,4.0,4,0.0,0.0
fixed-00000053,580.0,4.0,5,0.0,0.0
fixed-00000053,580.0,4.0,6,0.0,0.0
fixed-00000053,580.0,4.0,7,0.0,0.0
fixed-00000053,580.0,4.0,8,0.0,0.0
fixed-00000053,580.0,4.0,9,0.0,0.0
fixed-00000053,580.0,4.0,10,0.0,0.0
fixed-00000053,580.0,4.0,11,0.0,0.0
fixed-00000053,580.0,4.0,12,0.0,0.0
fixed-00000053,580.0,4.0,13,0.0,0.0
fixed-00000053,580.0,4.0,14,0.0,0.0
fixed-00000053,580.0,4.0,15,0.0,0.0
fixed-00000053,580.0,4.0,16,0.0,0.0
fixed-00000053,580.0,4.0,17,0.0,0.0
fixed-00000053,580.0,4.0,18,0.0,0.0
fixed-00000053,580.0,4.0,19,0.0,0.0
fixed-00000053,580.0,4.0,20,0.0,0.0
fixed-00000054,590.0,4.0,-20,6.839630726025386e-05,11.25941693133879
fixed-00000054,590.0,4.0,-19,7.101375685932118e-05,11.010036261886782
fixed-00000054,590.0,4.0,-18,5.3238847427165686e-05,10.75494754101544
fixed-00000054,590.0,4.0,-17,3.963786847021013e-05,10.493734460874393
fixed-00000054,590.0,4.0,-16,8.638627250693056e-05,10.225927654794972
fixed-00000054,590.0,4.0,-15,7.370117077040487e-05,9.950994721404186
fixed-00000054,590.0,4.0,-14,3.91764974620879e-05,9.668327699638112
fixed-00000054,590.0,4.0,-13,0.00012446788315098863,9.377227150287212
fixed-00000054,590.0,4.0,-12,0.00010705633627552739,9.07688164781861
fixed-00000054,590.0,4.0,-11,5.220933120903557e-05,8.76634095342068
fixed-00000054,590.0,4.0,-10,0.00016127935100551368,8.444480313277879
fixed-00000054,590.0,4.0,-9,0.0001764066986712465,8.109952006190454
fixed-00000054,590.0,4.0,-8,9.920630992324038e-05,7.761118089679513
fixed-00000054,590.0,4.0,-7,0.0001272056157116649,7.395954575739296
fixed-00000054,590.0,4.0,-6,0.0004836577439598541,7.011910634381167
fixed-00000054,590.0,4.0,-5,0.0003441480155228158,6.6056939776244405
fixed-00000054,590.0,4.0,-4,0.0002288332345096436,6.172928768550506
fixed-00000054,590.0,4.0,-3,0.0026150066388909467,5.707579142086004
fixed-00000054,590.0,4.0,-2,0.002258001357514184,5.200905894533889
fixed-00000054,590.0,4.0,-1,0.004311830108572167,4.639389606148313
fixed-00000054,590.0,4.0,0,0.21645081404434435,4.000000000000043
fixed-00000054,590.0,4.0,1,0.017216609514558535,3.236914167432502
fixed-00000054,590.0,4.0,2,0.03381535272005949,2.226381561452442
fixed-00000054,590.0,4.0,3,0.0,0.0
fixed-00000054,590.0,4.0,4,0.0,0.0
fixed-00000054,590.0,4.0,5,0.0,0.0
fixed-00000054,590.0,4.0,6,0.0,0.0
fixed-00000054,590.0,4.0,7,0.0,0.0
fixed-00000054,590.0,4.0,8,0.0,0.0
fixed-00000054,590.0,4.0,9,0.0,0.0
fixed-00000054,590.0,4.0,10,0.0,0.0
fixed-00000054,590.0,4.0,11,0.0,0.0
fixed-00000054,590.0,4.0,12,0.0,0.0
fixed-00000054,590.0,4.0,13,0.0,0.0
fixed-00000054,590.0,4.0,14,0.0,0.0
fixed-00000054,590.0,4.0,15,0.0,0.0
fixed-00000054,590.0,4.0,16,0.0,0.0
fixed-00000054,590.0,4.0,17,0.0,0.0
fixed-00000054,590.0,4.0,18,0.0,0.0
fixed-00000054,590.0,4.0,19,0.0,0.0
fixed-00000054,590.0,4.0,20,0.0,0.0
fixed-00000055,600.0,4.0,-20,7.471394691759697e-05,11.176900501616302
fixed-00000055,600.0,4.0,-19,7.628025587102862e-05,10.929894547731365
fixed-00000055,600.0,4.0,-18,5.372467784381506e-05,10.677246924869209
fixed-00000055,600.0,4.0,-17,4.601756203981529e-05,10.418547164640088
fixed-00000055,600.0,4.0,-16,9.464971485312814e-05,10.153332615240856
fixed-00000055,600.0,4.0,-15,7.33241453799885e-05,9.881078656044693
fixed-00000055,600.0,4.0,-14,4.696123019194427e-05,9.601186418732823
fixed-00000055,600.0,4.0,-13,0.00013859360165750545,9.312967191474854
fixed-00000055,600.0,4.0,-12,0.00010513292859322978,9.015622340555609
fixed-00000055,600.0,4.0,-11,6.122011842787092e-05,8.708217066446423
fixed-00000055,600.0,4.0,-10,0.00018499712616714504,8.389645509317319
fixed-00000055,600.0,4.0,-9,0.00017258236951684373,8.058583440755712
fixed-00000055,600.0,4.0,-8,9.644686771294836e-05,7.713422675659871
fixed-00000055,600.0,4.0,-7,0.00016475566734502344,7.352177750609371
fixed-00000055,600.0,4.0,-6,0.00047500440960669005,6.9723490289475905
fixed-00000055,600.0,4.0,-5,0.0002379944961181744,6.570714442852491
fixed-00000055,600.0,4.0,-4,0.00034572076513704437,6.142998339829575
fixed-00000055,600.0,4.0,-3,0.002527326482678743,5.683315135192018
fixed-00000055,600.0,4.0,-2,0.0019454009600388391,5.1831664320526585
fixed-00000055,600.0,4.0,-1,0.006562979373572381,4.629455434298478
fixed-00000055,600.0,4.0,0,0.21585138086954297,4.000000000000043
fixed-00000055,600.0,4.0,1,0.012478706228174173,3.2510983398922093
fixed-00000055,600.0,4.0,2,0.034442327653459025,2.2673283559992825
fixed-00000055,600.0,4.0,3,0.0,0.0
fixed-00000055,600.0,4.0,4,0.0,0.0
fixed-00000055,600.0,4.0,5,0.0,0.0
fixed-00000055,600.0,4.0,6,0.0,0.0
fixed-00000055,600.0,4.0,7,0.0,0.0
fixed-00000055,600.0,4.0,8,0.0,0.0
fixed-00000055,600.0,4.0,9,0.0,0.0
fixed-00000055,600.0,4.0,10,0.0,0.0
fixed-00000055,600.0,4.0,11,0.0,0.0
fixed-00000055,600.0,4.0,12,0.0,0.0
fixed-00000055,600.0,4.0,13,0.0,0.0
fixed-00000055,600.0,4.0,14,0.0,0.0
fixed-00000055,600.0,4.0,15,0.0,0.0
fixed-00000055,600.0,4.0,16,0.0,0.0
fixed-00000055,600.0,4.0,17,0.0,0.0
fixed-00000055,600.0,4.0,18,0.0,0.0
fixed-00000055,600.0,4.0,19,0.0,0.0
fixed-00000055,600.0,4.0,20,0.0,0.0
fixed-00000056,610.0,4.0,-20,8.499179830485165e-05,11.096513256647427
fixed-00000056,610.0,4.0,-19,8.452033881974041e-05,10.851824276946246
fixed-00000056,610.0,4.0,-18,5.692159265125256e-05,10.601558435056262
fixed-00000056,610.0,4.0,-17,5.622856889925621e-05,10.345310958848756
fixed-00000056,610.0,4.0,-16,0.00010695396389825825,10.08262574563632
fixed-00000056,610.0,4.0,-15,7.64606774310201e-05,9.81298576201776
fixed-00000056,610.0,4.0,-14,6.0178961461775327e-05,9.535801004270269
fixed-00000056,610.0,4.0,-13,0.00015930304214246965,9.250393216009584
fixed-00000056,610.0,4.0,-12,0.00010782517915130937,8.955976227169515
fixed-00000056,610.0,4.0,-11,7.937486628984448e-05,8.651630275811442
fixed-00000056,610.0,4.0,-10,0.00021968659804006392,8.336267896291588
fixed-00000056,610.0,4.0,-9,0.0001758850127207136,8.008587719170848
fixed-00000056,610.0,4.0,-8,0.00011024907244852952,7.6670104947684905
fixed-00000056,610.0,4.0,-7,0.00022151510282800534,7.309588189513036
fixed-00000056,610.0,4.0,-6,0.0004834290560268646,6.933870854335623
fixed-00000056,610.0,4.0,-5,0.00015295713267839318,6.536704486950143
fixed-00000056,610.0,4.0,-4,0.0005195790359856214,6.113910379323968
fixed-00000056,610.0,4.0,-3,0.0024818613457359222,5.659748033833807
fixed-00000056,610.0,4.0,-2,0.0016354336962889175,5.1659507975543875
fixed-00000056,610.0,4.0,-1,0.00956693691345084,4.619826694692961
fixed-00000056,610.0,4.0,0,0.2155565576086615,4.000000000000043
fixed-00000056,610.0,4.0,1,0.008661039455093066,3.2647588933231475
fixed-00000056,610.0,4.0,2,0.03449430182941491,2.306241453176753
fixed-00000056,610.0,4.0,3,0.0,0.0
fixed-00000056,610.0,4.0,4,0.0,0.0
fixed-00000056,610.0,4.0,5,0.0,0.0
fixed-00000056,610.0,4.0,6,0.0,0.0
fixed-00000056,610.0,4.0,7,0.0,0.0
fixed-00000056,610.0,4.0,8,0.0,0.0
fixed-00000056,610.0,4.0,9,0.0,0.0
fixed-00000056,610.0,4.0,10,0.0,0.0
fixed-00000056,610.0,4.0,11,0.0,0.0
fixed-00000056,610.0,4.0,12,0.0,0.0
fixed-00000056,610.0,4.0,13,0.0,0.0
fixed-00000056,610.0,4.0,14,0.0,0.0
fixed-00000056,610.0,4.0,15,0.0,0.0
fixed-00000056,610.0,4.0,16,0.0,0.0
fixed-00000056,610.0,4.0,17,0.0,0.0
fixed-00000056,610.0,4.0,18,0.0,0.0
fixed-00000056,610.0,4.0,19,0.0,0.0
fixed-00000056,610.0,4.0,20,0.0,0.0
fixed-00000057,620.0,4.0,-20,9.241019205038596e-05,11.01816778980809
fixed-00000057,620.0,4.0,-19,8.906303208742951e-05,10.775740371233866
fixed-00000057,620.0,4.0,-18,5.7126188608095425e-05,10.527799382740596
fixed-00000057,620.0,4.0,-17,6.380819783249543e-05,10.273945610776423
fixed-00000057,620.0,4.0,-16,0.00011413126608460977,10.013729342403465
fixed-00000057,620.0,4.0,-15,7.477138969938251e-05,9.746640945379099
fixed-00000057,620.0,4.0,-14,6.985969881544351e-05,9.472099061220248
fixed-00000057,620.0,4.0,-13,0.00017154915639090384,9.189435627547212
fixed-00000057,620.0,4.0,-12,0.00010202884018641249,8.89787662245989
fixed-00000057,620.0,4.0,-11,9.215096507650512e-05,8.59651693548875
fixed-00000057,620.0,4.0,-10,0.0002396566908828195,8.284287014836138
fixed-00000057,620.0,4.0,-9,0.00016194868293050875,7.959907741050458
fixed-00000057,620.0,4.0,-8,0.00011601712188048736,7.621828010395305
fixed-00000057,620.0,4.0,-7,0.00025620867545375506,7.268136168200272
fixed-00000057,620.0,4.0,-6,0.000445865568023495,6.896430508503414
fixed-00000057,620.0,4.0,-5,8.130461830410183e-05,6.503623029707683
fixed-00000057,620.0,4.0,-4,0.0006937110060412795,6.085628867863377
fixed-00000057,620.0,4.0,-3,0.002297856251311507,5.636847653619654
fixed-00000057,620.0,4.0,-2,0.001684563276998646,5.149235852894208
fixed-00000057,620.0,4.0,-1,0.013008544376752036,4.610489454720607
fixed-00000057,620.0,4.0,0,0.2171066906682511,4.000000000000043
fixed-00000057,620.0,4.0,1,0.006138497960816059,3.277924638120453
fixed-00000057,620.0,4.0,2,0.02955773362284815,2.3432844286040506
fixed-00000057,620.0,4.0,3,0.005641632686064451,0.4884414427613848
fixed-00000057,620.0,4.0,4,0.0,0.0
fixed-00000057,620.0,4.0,5,0.0,0.0
fixed-00000057,620.0,4.0,6,0.0,0.0
fixed-00000057,620.0,4.0,7,0.0,0.0
fixed-00000057,620.0,4.0,8,0.0,0.0
fixed-00000057,620.0,4.0,9,0.0,0.0
fixed-00000057,620.0,4.0,10,0.0,0.0
fixed-00000057,620.0,4.0,11,0.0,0.0
fixed-00000057,620.0,4.0,12,0.0,0.0
fixed-00000057,620.0,4.0,13,0.0,0.0
fixed-00000057,620.0,4.0,14,0.0,0.0
fixed-00000057,620.0,4.0,15,0.0,0.0
fixed-00000057,620.0,4.0,16,0.0,0.0
fixed-00000057,620.0,4.0,17,0.0,0.0
fixed-00000057,620.0,4.0,18,0.0,0.0
fixed-00000057,620.0,4.0,19,0.0,0.0
fixed-00000057,620.0,4.0,20,0.0,0.0
fixed-00000058,630.0,4.0,-20,9.956927883367678e-05,10.941781605456612
fixed-00000058,630.0,4.0,-19,9.308211074984618e-05,10.701562533089998
fixed-00000058,630.0,4.0,-18,5.8244607201854e-05,10.455891726370012
fixed-00000058,630.0,4.0,-17,7.200960852179804e-05,10.20437539785597
fixed-00000058,630.0,4.0,-16,0.00012063748096305025,9.946570071032795
fixed-00000058,630.0,4.0,-15,7.528811861980333e-05,9.681973335802624
fixed-00000058,630.0,4.0,-14,8.127324299759076e-05,9.41001226788633
fixed-00000058,630.0,4.0,-13,0.00018380015443815153,9.130028747397347
fixed-00000058,630.0,4.0,-12,0.00010113273088966896,8.841260597125114
fixed-00000058,630.0,4.0,-11,0.00010933809701710976,8.542816986689516
fixed-00000058,630.0,4.0,-10,0.0002631439730878195,8.233645816218939
fixed-00000058,630.0,4.0,-9,0.0001582121608777105,7.912489630768675
fixed-00000058,630.0,4.0,-8,0.0001368349602192996,7.57782471381698
fixed-00000058,630.0,4.0,-7,0.0003010888069877588,7.227774780095132
fixed-00000058,630.0,4.0,-6,0.00043146747913360616,6.859984980240881
fixed-00000058,630.0,4.0,-5,5.316918648575462e-05,6.471431333409825
fixed-00000058,630.0,4.0,-4,0.0008428436178447349,6.058119851243731
fixed-00000058,630.0,4.0,-3,0.002196243289918079,5.61458555509806
fixed-00000058,630.0,4.0,-2,0.001732770386753079,5.1329998162636485
fixed-00000058,630.0,4.0,-1,0.01662341326819338,4.601430619700565
fixed-00000058,630.0,4.0,0,0.2151643643381636,4.000000000000043
fixed-00000058,630.0,4.0,1,0.003818095651078433,3.290622283534958
fixed-00000058,630.0,4.0,2,0.02772468993209881,2.3786020958455225
fixed-00000058,630.0,4.0,3,0.007594584523636033,0.6990406976817525
fixed-00000058,630.0,4.0,4,0.0,0.0
fixed-00000058,630.0,4.0,5,0.0,0.0
fixed-00000058,630.0,4.0,6,0.0,0.0
fixed-00000058,630.0,4.0,7,0.0,0.0
fixed-00000058,630.0,4.0,8,0.0,0.0
fixed-00000058,630.0,4.0,9,0.0,0.0
fixed-00000058,630.0,4.0,10,0.0,0.0
fixed-00000058,630.0,4.0,11,0.0,0.0
fixed-00000058,630.0,4.0,12,0.0,0.0
fixed-00000058,630.0,4.0,13,0.0,0.0
fixed-00000058,630.0,4.0,14,0.0,0.0
fixed-00000058,630.0,4.0,15,0.0,0.0
fixed-00000058,630.0,4.0,16,0.0,0.0
fixed-00000058,630.0,4.0,17,0.0,0.0
fixed-00000058,630.0,4.0,18,0.0,0.0
fixed-00000058,630.0,4.0,19,0.0,0.0
fixed-00000058,630.0,4.0,20,0.0,0.0
fixed-00000059,640.0,4.0,-20,0.00010780560139355623,10.867276770488644
fixed-00000059,640.0,4.0,-19,9.759131615365334e-05,10.62921490659339
fixed-00000059,640.0,4.0,-18,6.0451003207831036e-05,10.385761741931148
fixed-00000059,640.0,4.0,-17,8.12748830292028e-05,10.13652878764816
fixed-00000059,640.0,4.0,-16,0.00012762154465385716,9.881078656044693
fixed-00000059,640.0,4.0,-15,7.74370270534853e-05,9.618915986834352
fixed-00000059,640.0,4.0,-14,9.433429044877443e-05,9.34947608678739
fixed-00000059,640.0,4.0,-13,0.00019703235776571292,9.072110536405091
fixed-00000059,640.0,4.0,-12,0.00010268611962205986,8.786068711064956
fixed-00000059,640.0,4.0,-11,0.0001298539482436657,8.490473703062207
fixed-00000059,640.0,4.0,-10,0.00028893650086609995,8.184290419985587
fixed-00000059,640.0,4.0,-9,0.00015825250579818792,7.866282508187567
fixed-00000059,640.0,4.0,-8,0.00016672545018240524,7.534952908764481
fixed-00000059,640.0,4.0,-7,0.0003504921005326297,7.188459735617585
fixed-00000059,640.0,4.0,-6,0.00042524167583949936,6.824493664384079
fixed-00000059,640.0,4.0,-5,4.886991793411831e-05,6.440092835409786
fixed-00000059,640.0,4.0,-4,0.0009971678833323172,6.03135129215535
fixed-00000059,640.0,4.0,-3,0.0021236033937717677,5.592934917952817
fixed-00000059,640.0,4.0,-2,0.0018240802673803035,5.117222163430583
fixed-00000059,640.0,4.0,-1,0.020616332730506885,4.592637870608058
fixed-00000059,640.0,4.0,0,0.21230938938777075,4.000000000000128
fixed-00000059,640.0,4.0,1,0.002124602188812128,3.302876628141391
fixed-00000059,640.0,4.0,2,0.02629290461567626,2.4123233315560384
fixed-00000059,640.0,4.0,3,0.008919505885249101,0.8549436764009926
fixed-00000059,640.0,4.0,4,0.0,0.0
fixed-00000059,640.0,4.0,5,0.0,0.0
fixed-00000059,640.0,4.0,6,0.0,0.0
fixed-00000059,640.0,4.0,7,0.0,0.0
fixed-00000059,640.0,4.0,8,0.0,0.0
fixed-00000059,640.0,4.0,9,0.0,0.0
fixed-00000059,640.0,4.0,10,0.0,0.0
fixed-00000059,640.0,4.0,11,0.0,0.0
fixed-00000059,640.0,4.0,12,0.0,0.0
fixed-00000059,640.0,4.0,13,0.0,0.0
fixed-00000059,640.0,4.0,14,0.0,0.0
fixed-00000059,640.0,4.0,15,0.0,0.0
fixed-00000059,640.0,4.0,16,0.0,0.0
fixed-00000059,640.0,4.0,17,0.0,0.0
fixed-00000059,640.0,4.0,18,0.0,0.0
fixed-00000059,640.0,4.0,19,0.0,0.0
fixed-00000059,640.0,4.0,20,0.0,0.0
