case_id,energy_ev,grazing_angle_deg,order,efficiency,diffraction_angle_deg
fixed-00000000,50.0,4.0,-20,8.416192960949437e-05,36.946600757765104
fixed-00000000,50.0,4.0,-19,7.147166428493197e-05,35.99049916925804
fixed-00000000,50.0,4.0,-18,6.955219574152854e-05,35.01190478081956
fixed-00000000,50.0,4.0,-17,7.702872088512715e-05,34.00884370553947
fixed-00000000,50.0,4.0,-16,9.294871036680893e-05,32.97905073283735
fixed-00000000,50.0,4.0,-15,0.00010793766076695319,31.919905276127125
fixed-00000000,50.0,4.0,-14,9.12401360603846e-05,30.828348020108905
fixed-00000000,50.0,4.0,-13,0.0001514872980756542,29.700770649131364
fixed-00000000,50.0,4.0,-12,0.0001773458630935742,28.532867207683132
fixed-00000000,50.0,4.0,-11,0.00010868481733325028,27.319429403774024
fixed-00000000,50.0,4.0,-10,0.00030527387425272024,26.054057638388535
fixed-00000000,50.0,4.0,-9,0.000298219718237664,24.728741050446132
fixed-00000000,50.0,4.0,-8,0.00014898270654208607,23.333225797914665
fixed-00000000,50.0,4.0,-7,0.0007770277909836963,21.854024375341254
fixed-00000000,50.0,4.0,-6,0.0005078327519935797,20.272780035826898
fixed-00000000,50.0,4.0,-5,0.0004293433102751991,18.563384620134798
fixed-00000000,50.0,4.0,-4,0.0027539706116556846,16.686445270170665
fixed-00000000,50.0,4.0,-3,0.000895209292621947,14.577325397340658
fixed-00000000,50.0,4.0,-2,0.004777931523497913,12.115293466158093
fixed-00000000,50.0,4.0,-1,0.03373262821775177,9.015622340555609
fixed-00000000,50.0,4.0,0,0.6932850603321482,4.000000000000043
fixed-00000000,50.0,4.0,1,0.0,0.0
fixed-00000000,50.0,4.0,2,0.0,0.0
fixed-00000000,50.0,4.0,3,0.0,0.0
fixed-00000000,50.0,4.0,4,0.0,0.0
fixed-00000000,50.0,4.0,5,0.0,0.0
fixed-00000000,50.0,4.0,6,0.0,0.0
fixed-00000000,50.0,4.0,7,0.0,0.0
fixed-00000000,50.0,4.0,8,0.0,0.0
fixed-00000000,50.0,4.0,9,0.0,0.0
fixed-00000000,50.0,4.0,10,0.0,0.0
fixed-00000000,50.0,4.0,11,0.0,0.0
fixed-00000000,50.0,4.0,12,0.0,0.0
fixed-00000000,50.0,4.0,13,0.0,0.0
fixed-00000000,50.0,4.0,14,0.0,0.0
fixed-00000000,50.0,4.0,15,0.0,0.0
fixed-00000000,50.0,4.0,16,0.0,0.0
fixed-00000000,50.0,4.0,17,0.0,0.0
fixed-00000000,50.0,4.0,18,0.0,0.0
fixed-00000000,50.0,4.0,19,0.0,0.0
fixed-00000000,50.0,4.0,20,0.0,0.0
fixed-00000001,60.0,4.0,-20,0.00021151287002036046,33.66867098629079
fixed-00000001,60.0,4.0,-19,0.00014796836191346765,32.804641534161746
fixed-00000001,60.0,4.0,-18,0.00013731242199975342,31.91990527612714
fixed-00000001,60.0,4.0,-17,0.0001675366253656008,31.012670458853336
fixed-00000001,60.0,4.0,-16,0.0001675321374718434,30.0808814961542
fixed-00000001,60.0,4.0,-15,0.00019844312829863105,29.122161170553625
fixed-00000001,60.0,4.0,-14,0.00018333825564829768,28.133735479709266
fixed-00000001,60.0,4.0,-13,0.00024536964222498424,27.112334302138407
fixed-00000001,60.0,4.0,-12,0.0003108132752066565,26.05405763838855
fixed-00000001,60.0,4.0,-11,0.00019984869916602388,24.95419162388059
fixed-00000001,60.0,4.0,-10,0.00046203835757340926,23.80694914738052
fixed-00000001,60.0,4.0,-9,0.0005034681075146276,22.605093498036354
fixed-00000001,60.0,4.0,-8,0.00023661857524634686,21.33937330915093
fixed-00000001,60.0,4.0,-7,0.0011372807309211767,19.997638457525795
fixed-00000001,60.0,4.0,-6,0.0008322966348251094,18.563384620134826
fixed-00000001,60.0,4.0,-5,0.0005801303146711666,17.01319792164763
fixed-00000001,60.0,4.0,-4,0.0039582682123141776,15.311873059069754
fixed-00000001,60.0,4.0,-3,0.0014368448498396859,13.401935191968363
fixed-00000001,60.0,4.0,-2,0.006443851442539389,11.176900501616302
fixed-00000001,60.0,4.0,-1,0.04761349951278754,8.389645509317262
fixed-00000001,60.0,4.0,0,0.6901181209934553,4.000000000000128
fixed-00000001,60.0,4.0,1,0.0,0.0
fixed-00000001,60.0,4.0,2,0.0,0.0
fixed-00000001,60.0,4.0,3,0.0,0.0
fixed-00000001,60.0,4.0,4,0.0,0.0
fixed-00000001,60.0,4.0,5,0.0,0.0
fixed-00000001,60.0,4.0,6,0.0,0.0
fixed-00000001,60.0,4.0,7,0.0,0.0
fixed-00000001,60.0,4.0,8,0.0,0.0
fixed-00000001,60.0,4.0,9,0.0,0.0
fixed-00000001,60.0,4.0,10,0.0,0.0
fixed-00000001,60.0,4.0,11,0.0,0.0
fixed-00000001,60.0,4.0,12,0.0,0.0
fixed-00000001,60.0,4.0,13,0.0,0.0
fixed-00000001,60.0,4.0,14,0.0,0.0
fixed-00000001,60.0,4.0,15,0.0,0.0
fixed-00000001,60.0,4.0,16,0.0,0.0
fixed-00000001,60.0,4.0,17,0.0,0.0
fixed-00000001,60.0,4.0,18,0.0,0.0
fixed-00000001,60.0,4.0,19,0.0,0.0
fixed-00000001,60.0,4.0,20,0.0,0.0
fixed-00000003,80.0,4.0,-20,0.0006001103095990876,29.122161170553625
fixed-00000003,80.0,4.0,-19,0.00042654252798636743,28.383796025086852
fixed-00000003,80.0,4.0,-18,0.0003203909808467825,27.62738395184673
fixed-00000003,80.0,4.0,-17,0.0004563935919747041,26.85139076255797
fixed-00000003,80.0,4.0,-16,0.00042369000668916415,26.05405763838855
fixed-00000003,80.0,4.0,-15,0.00042188184967078066,25.23335224938701
fixed-00000003,80.0,4.0,-14,0.0005060352211426036,24.38690529633689
fixed-00000003,80.0,4.0,-13,0.0005214514202231061,23.51192678300849
fixed-00000003,80.0,4.0,-12,0.0006384085964306857,22.605093498036354
fixed-00000003,80.0,4.0,-11,0.0005539136402723242,21.662394599301848
fixed-00000003,80.0,4.0,-10,0.0008330083268329163,20.678914499078303
fixed-00000003,80.0,4.0,-9,0.0010354773031050419,19.6485188177962
fixed-00000003,80.0,4.0,-8,0.0005878958868461017,18.563384620134826
fixed-00000003,80.0,4.0,-7,0.0019066027548721106,17.413268710318007
fixed-00000003,80.0,4.0,-6,0.001734983977189282,16.18430978152439
fixed-00000003,80.0,4.0,-5,0.0009886547708622254,14.856940312447804
fixed-00000003,80.0,4.0,-4,0.006649786062694758,13.401935191968363
fixed-00000003,80.0,4.0,-3,0.0030219235850684335,11.772044157333355
fixed-00000003,80.0,4.0,-2,0.010024668990843224,9.881078656044693
fixed-00000003,80.0,4.0,-1,0.08127651269931092,7.534952908764481
fixed-00000003,80.0,4.0,0,0.6783757919501145,4.000000000000128
fixed-00000003,80.0,4.0,1,0.0,0.0
fixed-00000003,80.0,4.0,2,0.0,0.0
fixed-00000003,80.0,4.0,3,0.0,0.0
fixed-00000003,80.0,4.0,4,0.0,0.0
fixed-00000003,80.0,4.0,5,0.0,0.0
fixed-00000003,80.0,4.0,6,0.0,0.0
fixed-00000003,80.0,4.0,7,0.0,0.0
fixed-00000003,80.0,4.0,8,0.0,0.0
fixed-00000003,80.0,4.0,9,0.0,0.0
fixed-00000003,80.0,4.0,10,0.0,0.0
fixed-00000003,80.0,4.0,11,0.0,0.0
fixed-00000003,80.0,4.0,12,0.0,0.0
fixed-00000003,80.0,4.0,13,0.0,0.0
fixed-00000003,80.0,4.0,14,0.0,0.0
fixed-00000003,80.0,4.0,15,0.0,0.0
fixed-00000003,80.0,4.0,16,0.0,0.0
fixed-00000003,80.0,4.0,17,0.0,0.0
fixed-00000003,80.0,4.0,18,0.0,0.0
fixed-00000003,80.0,4.0,19,0.0,0.0
fixed-00000003,80.0,4.0,20,0.0,0.0
fixed-00000007,120.0,4.0,-20,0.000972292383626134,23.80694914738052
fixed-00000007,120.0,4.0,-19,0.0009923642245507243,23.21337059431326
fixed-00000007,120.0,4.0,-18,0.0007780124206988276,22.605093498036354
fixed-00000007,120.0,4.0,-17,0.0010842360789439394,21.980894517242845
fixed-00000007,120.0,4.0,-16,0.0012920168680061936,21.33937330915093
fixed-00000007,120.0,4.0,-15,0.0011120067791890184,20.67891449907833
fixed-00000007,120.0,4.0,-14,0.0015670667730850562,19.997638457525795
fixed-00000007,120.0,4.0,-13,0.001763588849675479,19.293336575596342
fixed-00000007,120.0,4.0,-12,0.001604201911558415,18.563384620134826
fixed-00000007,120.0,4.0,-11,0.0020656265623628413,17.80462435107323
fixed-00000007,120.0,4.0,-10,0.0022765399125134374,17.01319792164763
fixed-00000007,120.0,4.0,-9,0.0024944966010160565,16.18430978152439
fixed-00000007,120.0,4.0,-8,0.002359050056011925,15.311873059069754
fixed-00000007,120.0,4.0,-7,0.003897027739691969,14.387963517781984
fixed-00000007,120.0,4.0,-6,0.004291620343488058,13.401935191968363
fixed-00000007,120.0,4.0,-5,0.0028231559869591662,12.338899720932332
fixed-00000007,120.0,4.0,-4,0.012514919228840246,11.176900501616302
fixed-00000007,120.0,4.0,-3,0.007828679403064124,9.881078656044693
fixed-00000007,120.0,4.0,-2,0.018087191901401133,8.389645509317262
fixed-00000007,120.0,4.0,-1,0.16258753618038163,6.570714442852491
fixed-00000007,120.0,4.0,0,0.613693814228961,4.000000000000128
fixed-00000007,120.0,4.0,1,0.0,0.0
fixed-00000007,120.0,4.0,2,0.0,0.0
fixed-00000007,120.0,4.0,3,0.0,0.0
fixed-00000007,120.0,4.0,4,0.0,0.0
fixed-00000007,120.0,4.0,5,0.0,0.0
fixed-00000007,120.0,4.0,6,0.0,0.0
fixed-00000007,120.0,4.0,7,0.0,0.0
fixed-00000007,120.0,4.0,8,0.0,0.0
fixed-00000007,120.0,4.0,9,0.0,0.0
fixed-00000007,120.0,4.0,10,0.0,0.0
fixed-00000007,120.0,4.0,11,0.0,0.0
fixed-00000007,120.0,4.0,12,0.0,0.0
fixed-00000007,120.0,4.0,13,0.0,0.0
fixed-00000007,120.0,4.0,14,0.0,0.0
fixed-00000007,120.0,4.0,15,0.0,0.0
fixed-00000007,120.0,4.0,16,0.0,0.0
fixed-00000007,120.0,4.0,17,0.0,0.0
fixed-00000007,120.0,4.0,18,0.0,0.0
fixed-00000007,120.0,4.0,19,0.0,0.0
fixed-00000007,120.0,4.0,20,0.0,0.0
fixed-00000002,70.0,4.0,-20,0.0003410027645508053,31.143727622325613
fixed-00000002,70.0,4.0,-19,0.0002490250564328641,30.3497443387063
fixed-00000002,70.0,4.0,-18,0.00020664444145625406,29.536506828714217
fixed-00000002,70.0,4.0,-17,0.0002745347224688003,28.702365570412915
fixed-00000002,70.0,4.0,-16,0.0002658642696841738,27.845428820199288
fixed-00000002,70.0,4.0,-15,0.00028807284207381406,26.963509729777833
fixed-00000002,70.0,4.0,-14,0.000307673565836876,26.054057638388535
fixed-00000002,70.0,4.0,-13,0.00035701944288013977,25.114067339116176
fixed-00000002,70.0,4.0,-12,0.0004476660149777847,24.13995702449016
fixed-00000002,70.0,4.0,-11,0.0003392435307917109,23.127400592828295
fixed-00000002,70.0,4.0,-10,0.0006218212026379451,22.071091552917864
fixed-00000002,70.0,4.0,-9,0.0007311297302058291,20.964400995176362
fixed-00000002,70.0,4.0,-8,0.0003772146220679149,19.798865027537445
fixed-00000002,70.0,4.0,-7,0.001484969757748797,18.563384620134798
fixed-00000002,70.0,4.0,-6,0.0012238400741840648,17.242912058772163
fixed-00000002,70.0,4.0,-5,0.0007555206269009138,15.816153021261812
fixed-00000002,70.0,4.0,-4,0.00519418963188005,14.251197562253566
fixed-00000002,70.0,4.0,-3,0.0021303814095140674,12.496206306817058
fixed-00000002,70.0,4.0,-2,0.008116936834365216,10.45589172636997
fixed-00000002,70.0,4.0,-1,0.0630986762660546,7.9124896307686186
fixed-00000002,70.0,4.0,0,0.6827353541501187,4.000000000000043
fixed-00000002,70.0,4.0,1,0.0,0.0
fixed-00000002,70.0,4.0,2,0.0,0.0
fixed-00000002,70.0,4.0,3,0.0,0.0
fixed-00000002,70.0,4.0,4,0.0,0.0
fixed-00000002,70.0,4.0,5,0.0,0.0
fixed-00000002,70.0,4.0,6,0.0,0.0
fixed-00000002,70.0,4.0,7,0.0,0.0
fixed-00000002,70.0,4.0,8,0.0,0.0
fixed-00000002,70.0,4.0,9,0.0,0.0
fixed-00000002,70.0,4.0,10,0.0,0.0
fixed-00000002,70.0,4.0,11,0.0,0.0
fixed-00000002,70.0,4.0,12,0.0,0.0
fixed-00000002,70.0,4.0,13,0.0,0.0
fixed-00000002,70.0,4.0,14,0.0,0.0
fixed-00000002,70.0,4.0,15,0.0,0.0
fixed-00000002,70.0,4.0,16,0.0,0.0
fixed-00000002,70.0,4.0,17,0.0,0.0
fixed-00000002,70.0,4.0,18,0.0,0.0
fixed-00000002,70.0,4.0,19,0.0,0.0
fixed-00000002,70.0,4.0,20,0.0,0.0
fixed-00000005,100.0,4.0,-20,0.0011585093585720157,26.054057638388535
fixed-00000005,100.0,4.0,-19,0.0010158023477448927,25.39947137852822
fixed-00000005,100.0,4.0,-18,0.0006416111148399119,24.728741050446132
fixed-00000005,100.0,4.0,-17,0.0009394008368201274,24.040510406174633
fixed-00000005,100.0,4.0,-16,0.0009969380540699436,23.333225797914665
fixed-00000005,100.0,4.0,-15,0.0007660967365005959,22.60509349803634
fixed-00000005,100.0,4.0,-14,0.0010957503367394852,21.854024375341254
fixed-00000005,100.0,4.0,-13,0.0011126423261435905,21.07756102550144
fixed-00000005,100.0,4.0,-12,0.0010819350526005292,20.272780035826898
fixed-00000005,100.0,4.0,-11,0.001261091995527007,19.43615815678045
fixed-00000005,100.0,4.0,-10,0.001471279985721259,18.563384620134798
fixed-00000005,100.0,4.0,-9,0.0017378083248499395,17.649090489235533
fixed-00000005,100.0,4.0,-8,0.0013477026624034783,16.686445270170665
fixed-00000005,100.0,4.0,-7,0.002897509530269301,15.666531340439832
fixed-00000005,100.0,4.0,-6,0.002973728546940073,14.577325397340658
fixed-00000005,100.0,4.0,-5,0.0017727241015442863,13.401935191968334
fixed-00000005,100.0,4.0,-4,0.009817586631560396,12.115293466158093
fixed-00000005,100.0,4.0,-3,0.005291297391324841,10.677246924869166
fixed-00000005,100.0,4.0,-2,0.01430152032568304,9.015622340555609
fixed-00000005,100.0,4.0,-1,0.12304160719993272,6.972349028947534
fixed-00000005,100.0,4.0,0,0.66344302772542,4.000000000000043
fixed-00000005,100.0,4.0,1,0.0,0.0
fixed-00000005,100.0,4.0,2,0.0,0.0
fixed-00000005,100.0,4.0,3,0.0,0.0
fixed-00000005,100.0,4.0,4,0.0,0.0
fixed-00000005,100.0,4.0,5,0.0,0.0
fixed-00000005,100.0,4.0,6,0.0,0.0
fixed-00000005,100.0,4.0,7,0.0,0.0
fixed-00000005,100.0,4.0,8,0.0,0.0
fixed-00000005,100.0,4.0,9,0.0,0.0
fixed-00000005,100.0,4.0,10,0.0,0.0
fixed-00000005,100.0,4.0,11,0.0,0.0
fixed-00000005,100.0,4.0,12,0.0,0.0
fixed-00000005,100.0,4.0,13,0.0,0.0
fixed-00000005,100.0,4.0,14,0.0,0.0
fixed-00000005,100.0,4.0,15,0.0,0.0
fixed-00000005,100.0,4.0,16,0.0,0.0
fixed-00000005,100.0,4.0,17,0.0,0.0
fixed-00000005,100.0,4.0,18,0.0,0.0
fixed-00000005,100.0,4.0,19,0.0,0.0
fixed-00000005,100.0,4.0,20,0.0,0.0
fixed-00000008,130.0,4.0,-20,0.0008059119549463277,22.887737429280307
fixed-00000008,130.0,4.0,-19,0.00081164841563537,22.319060381202533
fixed-00000008,130.0,4.0,-18,0.0006405377175148356,21.73628858867596
fixed-00000008,130.0,4.0,-17,0.0008983093751206028,21.138253797703968
fixed-00000008,130.0,4.0,-16,0.0010498677699920039,20.523619220618087
fixed-00000008,130.0,4.0,-15,0.0009378902576016834,19.890843436975487
fixed-00000008,130.0,4.0,-14,0.0014021024642369932,19.238133704924607
fixed-00000008,130.0,4.0,-13,0.0016549653123787023,18.563384620134784
fixed-00000008,130.0,4.0,-12,0.0015688853786182096,17.86409607789507
fixed-00000008,130.0,4.0,-11,0.0022095801001791367,17.137261306119782
fixed-00000008,130.0,4.0,-10,0.0024554139090237023,16.379210436004684
fixed-00000008,130.0,4.0,-9,0.0026235282353328534,15.58538591965737
fixed-00000008,130.0,4.0,-8,0.002821433920656053,14.750009564284554
fixed-00000008,130.0,4.0,-7,0.004118631489697421,13.865569460383654
fixed-00000008,130.0,4.0,-6,0.004669248780863457,12.921991178661202
fixed-00000008,130.0,4.0,-5,0.0033908590119232328,11.905217349750558
fixed-00000008,130.0,4.0,-4,0.012978499594171055,10.794579595613783
fixed-00000008,130.0,4.0,-3,0.008791487505386865,9.557405601711935
fixed-00000008,130.0,4.0,-2,0.01920009256550714,8.136169892284855
fixed-00000008,130.0,4.0,-1,0.17521952040954752,6.409572995038118
fixed-00000008,130.0,4.0,0,0.5703947360794313,3.999999999999943
fixed-00000008,130.0,4.0,1,0.0,0.0
fixed-00000008,130.0,4.0,2,0.0,0.0
fixed-00000008,130.0,4.0,3,0.0,0.0
fixed-00000008,130.0,4.0,4,0.0,0.0
fixed-00000008,130.0,4.0,5,0.0,0.0
fixed-00000008,130.0,4.0,6,0.0,0.0
fixed-00000008,130.0,4.0,7,0.0,0.0
fixed-00000008,130.0,4.0,8,0.0,0.0
fixed-00000008,130.0,4.0,9,0.0,0.0
fixed-00000008,130.0,4.0,10,0.0,0.0
fixed-00000008,130.0,4.0,11,0.0,0.0
fixed-00000008,130.0,4.0,12,0.0,0.0
fixed-00000008,130.0,4.0,13,0.0,0.0
fixed-00000008,130.0,4.0,14,0.0,0.0
fixed-00000008,130.0,4.0,15,0.0,0.0
fixed-00000008,130.0,4.0,16,0.0,0.0
fixed-00000008,130.0,4.0,17,0.0,0.0
fixed-00000008,130.0,4.0,18,0.0,0.0
fixed-00000008,130.0,4.0,19,0.0,0.0
fixed-00000008,130.0,4.0,20,0.0,0.0
fixed-00000004,90.0,4.0,-20,0.0009392254660097408,27.45669132490191
fixed-00000004,90.0,4.0,-19,0.0007032231379150163,26.763886623772734
fixed-00000004,90.0,4.0,-18,0.0004659748297880841,26.054057638388535
fixed-00000004,90.0,4.0,-17,0.0007029591408120284,25.3257663055293
fixed-00000004,90.0,4.0,-16,0.0006678825760894964,24.57736462946967
fixed-00000004,90.0,4.0,-15,0.0005812799070749367,23.806949147380507
fixed-00000004,90.0,4.0,-14,0.0007859653467333383,23.01230186044222
fixed-00000004,90.0,4.0,-13,0.0007639653037020533,22.19081236476336
fixed-00000004,90.0,4.0,-12,0.000855920904539084,21.33937330915093
fixed-00000004,90.0,4.0,-11,0.0008711062355687669,20.454237086533084
fixed-00000004,90.0,4.0,-10,0.0011049933671079036,19.530814598225575
fixed-00000004,90.0,4.0,-9,0.0013855895124895504,18.563384620134798
fixed-00000004,90.0,4.0,-8,0.0009121727342874681,17.544659849708694
fixed-00000004,90.0,4.0,-7,0.00237539957834667,16.46511246866092
fixed-00000004,90.0,4.0,-6,0.002341069864970911,15.311873059069725
fixed-00000004,90.0,4.0,-5,0.0013201339621659485,14.066817881848479
fixed-00000004,90.0,4.0,-4,0.00822586561373113,12.702966158118315
fixed-00000004,90.0,4.0,-3,0.00410475147224847,11.176900501616302
fixed-00000004,90.0,4.0,-2,0.012112894380343518,9.410012267886245
fixed-00000004,90.0,4.0,-1,0.10167479761113042,7.227774780095132
fixed-00000004,90.0,4.0,0,0.6738016710554772,4.000000000000043
fixed-00000004,90.0,4.0,1,0.0,0.0
fixed-00000004,90.0,4.0,2,0.0,0.0
fixed-00000004,90.0,4.0,3,0.0,0.0
fixed-00000004,90.0,4.0,4,0.0,0.0
fixed-00000004,90.0,4.0,5,0.0,0.0
fixed-00000004,90.0,4.0,6,0.0,0.0
fixed-00000004,90.0,4.0,7,0.0,0.0
fixed-00000004,90.0,4.0,8,0.0,0.0
fixed-00000004,90.0,4.0,9,0.0,0.0
fixed-00000004,90.0,4.0,10,0.0,0.0
fixed-00000004,90.0,4.0,11,0.0,0.0
fixed-00000004,90.0,4.0,12,0.0,0.0
fixed-00000004,90.0,4.0,13,0.0,0.0
fixed-00000004,90.0,4.0,14,0.0,0.0
fixed-00000004,90.0,4.0,15,0.0,0.0
fixed-00000004,90.0,4.0,16,0.0,0.0
fixed-00000004,90.0,4.0,17,0.0,0.0
fixed-00000004,90.0,4.0,18,0.0,0.0
fixed-00000004,90.0,4.0,19,0.0,0.0
fixed-00000004,90.0,4.0,20,0.0,0.0
fixed-00000006,110.0,4.0,-20,0.001187949353934606,24.851951542714687
fixed-00000006,110.0,4.0,-19,0.0011875716323273716,24.2300299857246
fixed-00000006,110.0,4.0,-18,0.0008330289226238177,23.592732267871042
fixed-00000006,110.0,4.0,-17,0.0011317907674144778,22.938772943565866
fixed-00000006,110.0,4.0,-16,0.001312143312655157,22.266680028298126
fixed-00000006,110.0,4.0,-15,0.0010143671556880197,21.574754793732083
fixed-00000006,110.0,4.0,-14,0.0014039131088558127,20.861019691517996
fixed-00000006,110.0,4.0,-13,0.0015196071169728343,20.12314981933116
fixed-00000006,110.0,4.0,-12,0.0013696277537149245,19.358381089041814
fixed-00000006,110.0,4.0,-11,0.0016799144333757591,18.563384620134798
fixed-00000006,110.0,4.0,-10,0.0019139174595843743,17.73409081271616
fixed-00000006,110.0,4.0,-9,0.002136793793494506,16.86543602782575
fixed-00000006,110.0,4.0,-8,0.0018395462786625634,15.950985698613678
fixed-00000006,110.0,4.0,-7,0.0034731769467423925,14.982351111948859
fixed-00000006,110.0,4.0,-6,0.0036571801925774253,13.948242344473982
fixed-00000006,110.0,4.0,-5,0.0022909333082929196,12.832834315133255
fixed-00000006,110.0,4.0,-4,0.011403488511032752,11.612716944258509
fixed-00000006,110.0,4.0,-3,0.00657717843550145,10.250559696102783
fixed-00000006,110.0,4.0,-2,0.01646251881358614,8.679735599183942
fixed-00000006,110.0,4.0,-1,0.14456186698513734,6.756222279782023
fixed-00000006,110.0,4.0,0,0.6454815858866485,4.000000000000043
fixed-00000006,110.0,4.0,1,0.0,0.0
fixed-00000006,110.0,4.0,2,0.0,0.0
fixed-00000006,110.0,4.0,3,0.0,0.0
fixed-00000006,110.0,4.0,4,0.0,0.0
fixed-00000006,110.0,4.0,5,0.0,0.0
fixed-00000006,110.0,4.0,6,0.0,0.0
fixed-00000006,110.0,4.0,7,0.0,0.0
fixed-00000006,110.0,4.0,8,0.0,0.0
fixed-00000006,110.0,4.0,9,0.0,0.0
fixed-00000006,110.0,4.0,10,0.0,0.0
fixed-00000006,110.0,4.0,11,0.0,0.0
fixed-00000006,110.0,4.0,12,0.0,0.0
fixed-00000006,110.0,4.0,13,0.0,0.0
fixed-00000006,110.0,4.0,14,0.0,0.0
fixed-00000006,110.0,4.0,15,0.0,0.0
fixed-00000006,110.0,4.0,16,0.0,0.0
fixed-00000006,110.0,4.0,17,0.0,0.0
fixed-00000006,110.0,4.0,18,0.0,0.0
fixed-00000006,110.0,4.0,19,0.0,0.0
fixed-00000006,110.0,4.0,20,0.0,0.0
fixed-00000009,140.0,4.0,-20,0.00065148214817177,22.071091552917864
fixed-00000009,140.0,4.0,-19,0.0006562880394341527,21.524522367911075
fixed-00000009,140.0,4.0,-18,0.0005338786320682169,20.964400995176362
fixed-00000009,140.0,4.0,-17,0.0007424278669402182,20.3896085063504
fixed-00000009,140.0,4.0,-16,0.0008506817140894009,19.798865027537445
fixed-00000009,140.0,4.0,-15,0.0007466854883857234,19.190695371391683
fixed-00000009,140.0,4.0,-14,0.0011316156208894116,18.563384620134798
fixed-00000009,140.0,4.0,-13,0.00132870722708277,17.91491981726459
fixed-00000009,140.0,4.0,-12,0.0013038821683142316,17.242912058772163
fixed-00000009,140.0,4.0,-11,0.001984537261816919,16.544490275662753
fixed-00000009,140.0,4.0,-10,0.002330705868636052,15.816153021261812
fixed-00000009,140.0,4.0,-9,0.0024799052155053815,15.05355599411152
fixed-00000009,140.0,4.0,-8,0.003062101988756833,14.251197562253566
fixed-00000009,140.0,4.0,-7,0.004162459986651553,13.401935191968334
fixed-00000009,140.0,4.0,-6,0.004756425403196731,12.496206306817058
fixed-00000009,140.0,4.0,-5,0.0039498039768993895,11.520697333479006
fixed-00000009,140.0,4.0,-4,0.012953050909608473,10.45589172636997
fixed-00000009,140.0,4.0,-3,0.00941543866782786,9.27106825583462
fixed-00000009,140.0,4.0,-2,0.019988434838089934,7.9124896307686186
fixed-00000009,140.0,4.0,-1,0.18279120986466538,6.268169548557026
fixed-00000009,140.0,4.0,0,0.5209966117689283,4.000000000000043
fixed-00000009,140.0,4.0,1,0.0,0.0
fixed-00000009,140.0,4.0,2,0.0,0.0
fixed-00000009,140.0,4.0,3,0.0,0.0
fixed-00000009,140.0,4.0,4,0.0,0.0
fixed-00000009,140.0,4.0,5,0.0,0.0
fixed-00000009,140.0,4.0,6,0.0,0.0
fixed-00000009,140.0,4.0,7,0.0,0.0
fixed-00000009,140.0,4.0,8,0.0,0.0
fixed-00000009,140.0,4.0,9,0.0,0.0
fixed-00000009,140.0,4.0,10,0.0,0.0
fixed-00000009,140.0,4.0,11,0.0,0.0
fixed-00000009,140.0,4.0,12,0.0,0.0
fixed-00000009,140.0,4.0,13,0.0,0.0
fixed-00000009,140.0,4.0,14,0.0,0.0
fixed-00000009,140.0,4.0,15,0.0,0.0
fixed-00000009,140.0,4.0,16,0.0,0.0
fixed-00000009,140.0,4.0,17,0.0,0.0
fixed-00000009,140.0,4.0,18,0.0,0.0
fixed-00000009,140.0,4.0,19,0.0,0.0
fixed-00000009,140.0,4.0,20,0.0,0.0
fixed-00000010,150.0,4.0,-20,0.0005153617595020296,21.33937330915093
fixed-00000010,150.0,4.0,-19,0.0005117768995806748,20.81260721870089
fixed-00000010,150.0,4.0,-18,0.00042962071912960463,20.272780035826898
fixed-00000010,150.0,4.0,-17,0.0006009002826064992,19.71881735546995
fixed-00000010,150.0,4.0,-16,0.0006791766905494829,19.149490680969976
fixed-00000010,150.0,4.0,-15,0.0005958550885750859,18.563384620134798
fixed-00000010,150.0,4.0,-14,0.0009014023525042212,17.958854520446636
fixed-00000010,150.0,4.0,-13,0.0010272816654391748,17.333970900377437
fixed-00000010,150.0,4.0,-12,0.0009914196166609288,16.686445270170665
fixed-00000010,150.0,4.0,-11,0.0015498231354939683,16.013529106660258
fixed-00000010,150.0,4.0,-10,0.001856604314360072,15.311873059069754
fixed-00000010,150.0,4.0,-9,0.0020012674365495597,14.577325397340658
fixed-00000010,150.0,4.0,-8,0.0027686035688194747,13.804634215692602
fixed-00000010,150.0,4.0,-7,0.0037659787457862428,12.986990452752977
fixed-00000010,150.0,4.0,-6,0.004287791800768922,12.115293466158093
fixed-00000010,150.0,4.0,-5,0.004179401593343766,11.176900501616302
fixed-00000010,150.0,4.0,-4,0.012065828895712729,10.153332615240856
fixed-00000010,150.0,4.0,-3,0.009256327228426146,9.015622340555609
fixed-00000010,150.0,4.0,-2,0.02002689519891613,7.713422675659871
fixed-00000010,150.0,4.0,-1,0.18102239888558483,6.142998339829575
fixed-00000010,150.0,4.0,0,0.4601289387342422,4.000000000000043
fixed-00000010,150.0,4.0,1,0.0,0.0
fixed-00000010,150.0,4.0,2,0.0,0.0
fixed-00000010,150.0,4.0,3,0.0,0.0
fixed-00000010,150.0,4.0,4,0.0,0.0
fixed-00000010,150.0,4.0,5,0.0,0.0
fixed-00000010,150.0,4.0,6,0.0,0.0
fixed-00000010,150.0,4.0,7,0.0,0.0
fixed-00000010,150.0,4.0,8,0.0,0.0
fixed-00000010,150.0,4.0,9,0.0,0.0
fixed-00000010,150.0,4.0,10,0.0,0.0
fixed-00000010,150.0,4.0,11,0.0,0.0
fixed-00000010,150.0,4.0,12,0.0,0.0
fixed-00000010,150.0,4.0,13,0.0,0.0
fixed-00000010,150.0,4.0,14,0.0,0.0
fixed-00000010,150.0,4.0,15,0.0,0.0
fixed-00000010,150.0,4.0,16,0.0,0.0
fixed-00000010,150.0,4.0,17,0.0,0.0
fixed-00000010,150.0,4.0,18,0.0,0.0
fixed-00000010,150.0,4.0,19,0.0,0.0
fixed-00000010,150.0,4.0,20,0.0,0.0
fixed-00000011,160.0,4.0,-20,0.0004297082136762206,20.678914499078303
fixed-00000011,160.0,4.0,-19,0.0004189281392494389,20.170023522549073
fixed-00000011,160.0,4.0,-18,0.0003577808977193646,19.6485188177962
fixed-00000011,160.0,4.0,-17,0.0005072772593653701,19.113366448532148
fixed-00000011,160.0,4.0,-16,0.0005618096747543918,18.563384620134826
fixed-00000011,160.0,4.0,-15,0.0005012613020180689,17.997212298226287
fixed-00000011,160.0,4.0,-14,0.0007607390232252231,17.413268710318007
fixed-00000011,160.0,4.0,-13,0.0008521656233563188,16.809700268524495
fixed-00000011,160.0,4.0,-12,0.000811324479072774,16.18430978152439
fixed-00000011,160.0,4.0,-11,0.0012845309243875059,15.534460149598402
fixed-00000011,160.0,4.0,-10,0.0015085945065069863,14.856940312447804
fixed-00000011,160.0,4.0,-9,0.0016278505770542908,14.147773622565637
fixed-00000011,160.0,4.0,-8,0.002408343649488618,13.401935191968363
fixed-00000011,160.0,4.0,-7,0.0033032251916647183,12.612919034749368
fixed-00000011,160.0,4.0,-6,0.003760337856917115,11.772044157333355
fixed-00000011,160.0,4.0,-5,0.00422258096629948,10.867276770488644
fixed-00000011,160.0,4.0,-4,0.011091052098138937,9.881078656044693
fixed-00000011,160.0,4.0,-3,0.008876014399366658,8.786068711064956
fixed-00000011,160.0,4.0,-2,0.019987230140357453,7.534952908764481
fixed-00000011,160.0,4.0,-1,0.1766692114244883,6.03135129215535
fixed-00000011,160.0,4.0,0,0.4032843847520898,4.000000000000128
fixed-00000011,160.0,4.0,1,0.0,0.0
fixed-00000011,160.0,4.0,2,0.0,0.0
fixed-00000011,160.0,4.0,3,0.0,0.0
fixed-00000011,160.0,4.0,4,0.0,0.0
fixed-00000011,160.0,4.0,5,0.0,0.0
fixed-00000011,160.0,4.0,6,0.0,0.0
fixed-00000011,160.0,4.0,7,0.0,0.0
fixed-00000011,160.0,4.0,8,0.0,0.0
fixed-00000011,160.0,4.0,9,0.0,0.0
fixed-00000011,160.0,4.0,10,0.0,0.0
fixed-00000011,160.0,4.0,11,0.0,0.0
fixed-00000011,160.0,4.0,12,0.0,0.0
fixed-00000011,160.0,4.0,13,0.0,0.0
fixed-00000011,160.0,4.0,14,0.0,0.0
fixed-00000011,160.0,4.0,15,0.0,0.0
fixed-00000011,160.0,4.0,16,0.0,0.0
fixed-00000011,160.0,4.0,17,0.0,0.0
fixed-00000011,160.0,4.0,18,0.0,0.0
fixed-00000011,160.0,4.0,19,0.0,0.0
fixed-00000011,160.0,4.0,20,0.0,0.0
fixed-00000012,170.0,4.0,-20,0.0003544047612668997,20.078937587093307
fixed-00000012,170.0,4.0,-19,0.00033925223711654706,19.586289471248577
fixed-00000012,170.0,4.0,-18,0.00029104432116542467,19.08143745864639
fixed-00000012,170.0,4.0,-17,0.00041935644702634884,18.563384620134798
fixed-00000012,170.0,4.0,-16,0.00045304736622603977,18.030991870959312
fixed-00000012,170.0,4.0,-15,0.0004094803425365549,17.482947890801668
fixed-00000012,170.0,4.0,-14,0.0006282214464325002,16.917730332891097
fixed-00000012,170.0,4.0,-13,0.0006902286285890935,16.333555025629337
fixed-00000012,170.0,4.0,-12,0.000658254536561142,15.728308285955407
fixed-00000012,170.0,4.0,-11,0.0010499750113149395,15.099454930199627
fixed-00000012,170.0,4.0,-10,0.0012004655480900986,14.443910384212742
fixed-00000012,170.0,4.0,-9,0.001282661994094931,13.757858124151412
fixed-00000012,170.0,4.0,-8,0.0019542021046267087,13.036480848951996
fixed-00000012,170.0,4.0,-7,0.002679668966182335,12.273549626976305
fixed-00000012,170.0,4.0,-6,0.0030395930085191205,11.460766897267831
fixed-00000012,170.0,4.0,-5,0.003842789669283059,10.586654831666635
fixed-00000012,170.0,4.0,-4,0.009578770772876466,9.634532883621333
fixed-00000012,170.0,4.0,-3,0.007855150459945982,8.578462776597007
fixed-00000012,170.0,4.0,-2,0.019157090294400467,7.37391453146995
fixed-00000012,170.0,4.0,-1,0.16433996913296775,5.931100707011396
fixed-00000012,170.0,4.0,0,0.34161784356587016,4.000000000000043
fixed-00000012,170.0,4.0,1,0.0,0.0
fixed-00000012,170.0,4.0,2,0.0,0.0
fixed-00000012,170.0,4.0,3,0.0,0.0
fixed-00000012,170.0,4.0,4,0.0,0.0
fixed-00000012,170.0,4.0,5,0.0,0.0
fixed-00000012,170.0,4.0,6,0.0,0.0
fixed-00000012,170.0,4.0,7,0.0,0.0
fixed-00000012,170.0,4.0,8,0.0,0.0
fixed-00000012,170.0,4.0,9,0.0,0.0
fixed-00000012,170.0,4.0,10,0.0,0.0
fixed-00000012,170.0,4.0,11,0.0,0.0
fixed-00000012,170.0,4.0,12,0.0,0.0
fixed-00000012,170.0,4.0,13,0.0,0.0
fixed-00000012,170.0,4.0,14,0.0,0.0
fixed-00000012,170.0,4.0,15,0.0,0.0
fixed-00000012,170.0,4.0,16,0.0,0.0
fixed-00000012,170.0,4.0,17,0.0,0.0
fixed-00000012,170.0,4.0,18,0.0,0.0
fixed-00000012,170.0,4.0,19,0.0,0.0
fixed-00000012,170.0,4.0,20,0.0,0.0
fixed-00000013,180.0,4.0,-20,0.0003210028141124786,19.530814598225575
fixed-00000013,180.0,4.0,-19,0.0003014696574078382,19.053012891096714
fixed-00000013,180.0,4.0,-18,0.000259644350934213,18.563384620134798
fixed-00000013,180.0,4.0,-17,0.00037681234887124713,18.06096687878967
fixed-00000013,180.0,4.0,-16,0.00039868062414110745,17.544659849708694
fixed-00000013,180.0,4.0,-15,0.00036144626610901625,17.013197921647617
fixed-00000013,180.0,4.0,-14,0.0005611979158462301,16.46511246866092
fixed-00000013,180.0,4.0,-13,0.0006009942085991236,15.898683146952209
fixed-00000013,180.0,4.0,-12,0.000577625613689594,15.311873059069725
fixed-00000013,180.0,4.0,-11,0.0009301156266498334,14.702240730771123
fixed-00000013,180.0,4.0,-10,0.001033764990701006,14.066817881848479
fixed-00000013,180.0,4.0,-9,0.0011071148417295265,13.401935191968363
fixed-00000013,180.0,4.0,-8,0.0017087011129481846,12.702966158118315
fixed-00000013,180.0,4.0,-7,0.002288183085245647,11.96393641047473
fixed-00000013,180.0,4.0,-6,0.002598079347475905,11.176900501616302
fixed-00000013,180.0,4.0,-5,0.003492642840027325,10.330890706572049
fixed-00000013,180.0,4.0,-4,0.008416025361337268,9.410012267886245
fixed-00000013,180.0,4.0,-3,0.006986416462892811,8.389645509317262
fixed-00000013,180.0,4.0,-2,0.018401308708252902,7.227774780095132
fixed-00000013,180.0,4.0,-1,0.15293984399063068,5.840549916165145
fixed-00000013,180.0,4.0,0,0.2892511191285899,4.000000000000043
fixed-00000013,180.0,4.0,1,0.0,0.0
fixed-00000013,180.0,4.0,2,0.0,0.0
fixed-00000013,180.0,4.0,3,0.0,0.0
fixed-00000013,180.0,4.0,4,0.0,0.0
fixed-00000013,180.0,4.0,5,0.0,0.0
fixed-00000013,180.0,4.0,6,0.0,0.0
fixed-00000013,180.0,4.0,7,0.0,0.0
fixed-00000013,180.0,4.0,8,0.0,0.0
fixed-00000013,180.0,4.0,9,0.0,0.0
fixed-00000013,180.0,4.0,10,0.0,0.0
fixed-00000013,180.0,4.0,11,0.0,0.0
fixed-00000013,180.0,4.0,12,0.0,0.0
fixed-00000013,180.0,4.0,13,0.0,0.0
fixed-00000013,180.0,4.0,14,0.0,0.0
fixed-00000013,180.0,4.0,15,0.0,0.0
fixed-00000013,180.0,4.0,16,0.0,0.0
fixed-00000013,180.0,4.0,17,0.0,0.0
fixed-00000013,180.0,4.0,18,0.0,0.0
fixed-00000013,180.0,4.0,19,0.0,0.0
fixed-00000013,180.0,4.0,20,0.0,0.0
fixed-00000014,190.0,4.0,-20,0.00032403305311959395,19.027545728760387
fixed-00000014,190.0,4.0,-19,0.0002974047748103336,18.563384620134798
fixed-00000014,190.0,4.0,-18,0.0002584912422452885,18.087745917971517
fixed-00000014,190.0,4.0,-17,0.00037539220249511665,17.599698142746774
fixed-00000014,190.0,4.0,-16,0.0003895757965411408,17.098177750245895
fixed-00000014,190.0,4.0,-15,0.0003555637123706428,16.581961354199663
fixed-00000014,190.0,4.0,-14,0.0005562756746357785,16.04962995579325
fixed-00000014,190.0,4.0,-13,0.0005804021348710303,15.49952217558176
fixed-00000014,190.0,4.0,-12,0.0005632573015079543,14.929672049973433
fixed-00000014,190.0,4.0,-11,0.0009158034100761953,14.337724668923613
fixed-00000014,190.0,4.0,-10,0.0009838534751372195,13.720819169692376
fixed-00000014,190.0,4.0,-9,0.0010654976954492452,13.075422179669076
fixed-00000014,190.0,4.0,-8,0.0016643091439390823,12.397083362613174
fixed-00000014,190.0,4.0,-7,0.0021417062124736716,11.680063301026976
fixed-00000014,190.0,4.0,-6,0.0024649930538881253,10.916741345033458
fixed-00000014,190.0,4.0,-5,0.0034241444993823073,10.096619860707108
fixed-00000014,190.0,4.0,-4,0.007898571887992274,9.204527144434891
fixed-00000014,190.0,4.0,-3,0.006644884545253058,8.217053724399236
fixed-00000014,190.0,4.0,-2,0.01845920297947949,7.094480733772272
fixed-00000014,190.0,4.0,-1,0.1475796168423394,5.758328175331556
fixed-00000014,190.0,4.0,0,0.25246732447815884,4.000000000000043
fixed-00000014,190.0,4.0,1,0.0,0.0
fixed-00000014,190.0,4.0,2,0.0,0.0
fixed-00000014,190.0,4.0,3,0.0,0.0
fixed-00000014,190.0,4.0,4,0.0,0.0
fixed-00000014,190.0,4.0,5,0.0,0.0
fixed-00000014,190.0,4.0,6,0.0,0.0
fixed-00000014,190.0,4.0,7,0.0,0.0
fixed-00000014,190.0,4.0,8,0.0,0.0
fixed-00000014,190.0,4.0,9,0.0,0.0
fixed-00000014,190.0,4.0,10,0.0,0.0
fixed-00000014,190.0,4.0,11,0.0,0.0
fixed-00000014,190.0,4.0,12,0.0,0.0
fixed-00000014,190.0,4.0,13,0.0,0.0
fixed-00000014,190.0,4.0,14,0.0,0.0
fixed-00000014,190.0,4.0,15,0.0,0.0
fixed-00000014,190.0,4.0,16,0.0,0.0
fixed-00000014,190.0,4.0,17,0.0,0.0
fixed-00000014,190.0,4.0,18,0.0,0.0
fixed-00000014,190.0,4.0,19,0.0,0.0
fixed-00000014,190.0,4.0,20,0.0,0.0
fixed-00000015,200.0,4.0,-20,0.0003348624388250826,18.563384620134798
fixed-00000015,200.0,4.0,-19,0.0002986683877392894,18.11181433101568
fixed-00000015,200.0,4.0,-18,0.0002643118152540914,17.649090489235533
fixed-00000015,200.0,4.0,-17,0.00038345329589163955,17.17431076750566
fixed-00000015,200.0,4.0,-16,0.0003878889123768761,16.686445270170665
fixed-00000015,200.0,4.0,-15,0.00036046539356015243,16.184309781524362
fixed-00000015,200.0,4.0,-14,0.0005665944728004941,15.666531340439832
fixed-00000015,200.0,4.0,-13,0.0005724409134889069,15.13150326662813
fixed-00000015,200.0,4.0,-12,0.0005674255302146863,14.577325397340658
fixed-00000015,200.0,4.0,-11,0.0009295054116670662,14.001723117605522
fixed-00000015,200.0,4.0,-10,0.0009592541654357477,13.401935191968334
fixed-00000015,200.0,4.0,-9,0.0010625425317048142,12.774554314257855
fixed-00000015,200.0,4.0,-8,0.001680857494378053,12.115293466158093
fixed-00000015,200.0,4.0,-7,0.002062192920209674,11.41863095571108
fixed-00000015,200.0,4.0,-6,0.0024241828208055533,10.677246924869166
fixed-00000015,200.0,4.0,-5,0.0034861773396765577,9.88107865604465
fixed-00000015,200.0,4.0,-4,0.007593437652104599,9.015622340555609
fixed-00000015,200.0,4.0,-3,0.006437314933190769,8.058583440755712
fixed-00000015,200.0,4.0,-2,0.019148633513809004,6.972349028947534
fixed-00000015,200.0,4.0,-1,0.14366307132619094,5.683315135192018
fixed-00000015,200.0,4.0,0,0.22503337374177773,4.000000000000043
fixed-00000015,200.0,4.0,1,0.0,0.0
fixed-00000015,200.0,4.0,2,0.0,0.0
fixed-00000015,200.0,4.0,3,0.0,0.0
fixed-00000015,200.0,4.0,4,0.0,0.0
fixed-00000015,200.0,4.0,5,0.0,0.0
fixed-00000015,200.0,4.0,6,0.0,0.0
fixed-00000015,200.0,4.0,7,0.0,0.0
fixed-00000015,200.0,4.0,8,0.0,0.0
fixed-00000015,200.0,4.0,9,0.0,0.0
fixed-00000015,200.0,4.0,10,0.0,0.0
fixed-00000015,200.0,4.0,11,0.0,0.0
fixed-00000015,200.0,4.0,12,0.0,0.0
fixed-00000015,200.0,4.0,13,0.0,0.0
fixed-00000015,200.0,4.0,14,0.0,0.0
fixed-00000015,200.0,4.0,15,0.0,0.0
fixed-00000015,200.0,4.0,16,0.0,0.0
fixed-00000015,200.0,4.0,17,0.0,0.0
fixed-00000015,200.0,4.0,18,0.0,0.0
fixed-00000015,200.0,4.0,19,0.0,0.0
fixed-00000015,200.0,4.0,20,0.0,0.0
fixed-00000016,210.0,4.0,-20,0.000314631222271693,18.133563909262662
fixed-00000016,210.0,4.0,-19,0.00027161706653660764,17.69366376630488
fixed-00000016,210.0,4.0,-18,0.000240931806640728,17.242912058772163
fixed-00000016,210.0,4.0,-17,0.00035924266390989924,16.78043360412154
fixed-00000016,210.0,4.0,-16,0.0003503809676496286,16.30522983876051
fixed-00000016,210.0,4.0,-15,0.00032597833651427824,15.816153021261812
fixed-00000016,210.0,4.0,-14,0.0005333720959247314,15.311873059069725
fixed-00000016,210.0,4.0,-13,0.0005131010935320824,14.79083420461042
fixed-00000016,210.0,4.0,-12,0.0005124773032732573,14.251197562253566
fixed-00000016,210.0,4.0,-11,0.0008778679648748909,13.690763273626388
fixed-00000016,210.0,4.0,-10,0.0008521798624874671,13.106862846525061
fixed-00000016,210.0,4.0,-9,0.0009603183214520332,12.496206306817086
fixed-00000016,210.0,4.0,-8,0.0015840847145591201,11.854658593029981
fixed-00000016,210.0,4.0,-7,0.0018286035311257157,11.176900501616302
fixed-00000016,210.0,4.0,-6,0.002185586561321597,10.45589172636997
fixed-00000016,210.0,4.0,-5,0.003280436240599702,9.681973335802653
fixed-00000016,210.0,4.0,-4,0.006942212087476977,8.841260597125114
fixed-00000016,210.0,4.0,-3,0.0056497083888635835,7.912489630768675
fixed-00000016,210.0,4.0,-2,0.01899260413894911,6.85998498024081
fixed-00000016,210.0,4.0,-1,0.13943573083581223,5.614585555098117
fixed-00000016,210.0,4.0,0,0.1818034101489007,4.000000000000043
fixed-00000016,210.0,4.0,1,0.047763728439798085,0.6990406976807151
fixed-00000016,210.0,4.0,2,0.0,0.0
fixed-00000016,210.0,4.0,3,0.0,0.0
fixed-00000016,210.0,4.0,4,0.0,0.0
fixed-00000016,210.0,4.0,5,0.0,0.0
fixed-00000016,210.0,4.0,6,0.0,0.0
fixed-00000016,210.0,4.0,7,0.0,0.0
fixed-00000016,210.0,4.0,8,0.0,0.0
fixed-00000016,210.0,4.0,9,0.0,0.0
fixed-00000016,210.0,4.0,10,0.0,0.0
fixed-00000016,210.0,4.0,11,0.0,0.0
fixed-00000016,210.0,4.0,12,0.0,0.0
fixed-00000016,210.0,4.0,13,0.0,0.0
fixed-00000016,210.0,4.0,14,0.0,0.0
fixed-00000016,210.0,4.0,15,0.0,0.0
fixed-00000016,210.0,4.0,16,0.0,0.0
fixed-00000016,210.0,4.0,17,0.0,0.0
fixed-00000016,210.0,4.0,18,0.0,0.0
fixed-00000016,210.0,4.0,19,0.0,0.0
fixed-00000016,210.0,4.0,20,0.0,0.0
fixed-00000017,220.0,4.0,-20,0.0002929103343878482,17.73409081271616
fixed-00000017,220.0,4.0,-19,0.0002490836377491374,17.305048019521294
fixed-00000017,220.0,4.0,-18,0.00022035129713964062,16.86543602782575
fixed-00000017,220.0,4.0,-17,0.0003329745296387615,16.414405017153385
fixed-00000017,220.0,4.0,-16,0.00032119058659472267,15.950985698613678
fixed-00000017,220.0,4.0,-15,0.00029506548856857254,15.474064410036164
fixed-00000017,220.0,4.0,-14,0.0004970429479035091,14.982351111948859
fixed-00000017,220.0,4.0,-13,0.00046846532351603053,14.474337642723825
fixed-00000017,220.0,4.0,-12,0.00046251082531431533,13.948242344473982
fixed-00000017,220.0,4.0,-11,0.0008229044293715979,13.401935191968377
fixed-00000017,220.0,4.0,-10,0.00077191506231435,12.832834315133255
fixed-00000017,220.0,4.0,-9,0.0008687973924470237,12.237759303340212
fixed-00000017,220.0,4.0,-8,0.0014889936041600652,11.612716944258509
fixed-00000017,220.0,4.0,-7,0.0016415248499587881,10.952576962541741
fixed-00000017,220.0,4.0,-6,0.0020005112305187087,10.250559696102783
fixed-00000017,220.0,4.0,-5,0.0030775636544754102,9.49738228221355
fixed-00000017,220.0,4.0,-4,0.006354867029932656,8.679735599183942
fixed-00000017,220.0,4.0,-3,0.005281640066466753,7.777311442431525
fixed-00000017,220.0,4.0,-2,0.017994926595507103,6.756222279782023
fixed-00000017,220.0,4.0,-1,0.13558321078862037,5.551368162118536
fixed-00000017,220.0,4.0,0,0.14526609874679894,4.000000000000043
fixed-00000017,220.0,4.0,1,0.0732794466291153,1.0924531720081205
fixed-00000017,220.0,4.0,2,0.0,0.0
fixed-00000017,220.0,4.0,3,0.0,0.0
fixed-00000017,220.0,4.0,4,0.0,0.0
fixed-00000017,220.0,4.0,5,0.0,0.0
fixed-00000017,220.0,4.0,6,0.0,0.0
fixed-00000017,220.0,4.0,7,0.0,0.0
fixed-00000017,220.0,4.0,8,0.0,0.0
fixed-00000017,220.0,4.0,9,0.0,0.0
fixed-00000017,220.0,4.0,10,0.0,0.0
fixed-00000017,220.0,4.0,11,0.0,0.0
fixed-00000017,220.0,4.0,12,0.0,0.0
fixed-00000017,220.0,4.0,13,0.0,0.0
fixed-00000017,220.0,4.0,14,0.0,0.0
fixed-00000017,220.0,4.0,15,0.0,0.0
fixed-00000017,220.0,4.0,16,0.0,0.0
fixed-00000017,220.0,4.0,17,0.0,0.0
fixed-00000017,220.0,4.0,18,0.0,0.0
fixed-00000017,220.0,4.0,19,0.0,0.0
fixed-00000017,220.0,4.0,20,0.0,0.0
fixed-00000018,230.0,4.0,-20,0.00028780989900574353,17.361592560354026
fixed-00000018,230.0,4.0,-19,0.00024058520523528436,16.942685258157596
fixed-00000018,230.0,4.0,-18,0.00021301445047662554,16.513473571464004
fixed-00000018,230.0,4.0,-17,0.00032300379451697585,16.07313144984927
fixed-00000018,230.0,4.0,-16,0.00030966056448685923,15.62071704156071
fixed-00000018,230.0,4.0,-15,0.00028102991667693853,15.155148624219663
fixed-00000018,230.0,4.0,-14,0.00048339851930821363,14.675173695966748
fixed-00000018,230.0,4.0,-13,0.00044907537563298794,14.179328690446923
fixed-00000018,230.0,4.0,-12,0.00043711622815377466,13.665885586158865
fixed-00000018,230.0,4.0,-11,0.0008041072227337629,13.13277978959242
fixed-00000018,230.0,4.0,-10,0.0007307766658492345,12.577510579407715
fixed-00000018,230.0,4.0,-9,0.0008207112086923193,11.997000160210277
fixed-00000018,230.0,4.0,-8,0.0014550722985815553,11.387388125912437
fixed-00000018,230.0,4.0,-7,0.0015256749266406447,10.743720994389975
fixed-00000018,230.0,4.0,-6,0.001904270603597392,10.059462823221452
fixed-00000018,230.0,4.0,-5,0.002974854734974759,9.325682005200974
fixed-00000018,230.0,4.0,-4,0.005945777471716482,8.529606124486918
fixed-00000018,230.0,4.0,-3,0.005104521502157553,7.651815588106331
fixed-00000018,230.0,4.0,-2,0.01728600956162583,6.660077368214232
fixed-00000018,230.0,4.0,-1,0.13295156408223488,5.493014580257693
fixed-00000018,230.0,4.0,0,0.11706058116339568,4.000000000000043
fixed-00000018,230.0,4.0,1,0.09066733144174806,1.3553543387345144
fixed-00000018,230.0,4.0,2,0.0,0.0
fixed-00000018,230.0,4.0,3,0.0,0.0
fixed-00000018,230.0,4.0,4,0.0,0.0
fixed-00000018,230.0,4.0,5,0.0,0.0
fixed-00000018,230.0,4.0,6,0.0,0.0
fixed-00000018,230.0,4.0,7,0.0,0.0
fixed-00000018,230.0,4.0,8,0.0,0.0
fixed-00000018,230.0,4.0,9,0.0,0.0
fixed-00000018,230.0,4.0,10,0.0,0.0
fixed-00000018,230.0,4.0,11,0.0,0.0
fixed-00000018,230.0,4.0,12,0.0,0.0
fixed-00000018,230.0,4.0,13,0.0,0.0
fixed-00000018,230.0,4.0,14,0.0,0.0
fixed-00000018,230.0,4.0,15,0.0,0.0
fixed-00000018,230.0,4.0,16,0.0,0.0
fixed-00000018,230.0,4.0,17,0.0,0.0
fixed-00000018,230.0,4.0,18,0.0,0.0
fixed-00000018,230.0,4.0,19,0.0,0.0
fixed-00000018,230.0,4.0,20,0.0,0.0
fixed-00000019,240.0,4.0,-20,0.00030082231918301613,17.01319792164763
fixed-00000019,240.0,4.0,-19,0.00024619450418293014,16.60378152529381
fixed-00000019,240.0,4.0,-18,0.0002196231300958629,16.18430978152439
fixed-00000019,240.0,4.0,-17,0.00033106639850477934,15.753978980891489
fixed-00000019,240.0,4.0,-16,0.0003160500479320887,15.311873059069754
fixed-00000019,240.0,4.0,-15,0.0002852756125571404,14.856940312447833
fixed-00000019,240.0,4.0,-14,0.0004955316890002881,14.387963517781984
fixed-00000019,240.0,4.0,-13,0.0004568600353117171,13.903521017776214
fixed-00000019,240.0,4.0,-12,0.0004385119302615322,13.401935191968363
fixed-00000019,240.0,4.0,-11,0.0008292976813127643,12.881202923645205
fixed-00000019,240.0,4.0,-10,0.0007344131164303893,12.338899720932332
fixed-00000019,240.0,4.0,-9,0.0008206288396113239,11.772044157333369
fixed-00000019,240.0,4.0,-8,0.0015051854351855363,11.176900501616302
fixed-00000019,240.0,4.0,-7,0.001495908790947374,10.548681150469449
fixed-00000019,240.0,4.0,-6,0.0019163198281756826,9.881078656044693
fixed-00000019,240.0,4.0,-5,0.003034748569335013,9.165490343367907
fixed-00000019,240.0,4.0,-4,0.005783372246140098,8.389645509317262
fixed-00000019,240.0,4.0,-3,0.00519677326997617,7.534952908764538
fixed-00000019,240.0,4.0,-2,0.01710543776923556,6.570714442852491
fixed-00000019,240.0,4.0,-1,0.13375013789533008,5.438975549640787
fixed-00000019,240.0,4.0,0,0.0958037575046398,4.000000000000128
fixed-00000019,240.0,4.0,1,0.10583759642714825,1.5578535504268984
fixed-00000019,240.0,4.0,2,0.0,0.0
fixed-00000019,240.0,4.0,3,0.0,0.0
fixed-00000019,240.0,4.0,4,0.0,0.0
fixed-00000019,240.0,4.0,5,0.0,0.0
fixed-00000019,240.0,4.0,6,0.0,0.0
fixed-00000019,240.0,4.0,7,0.0,0.0
fixed-00000019,240.0,4.0,8,0.0,0.0
fixed-00000019,240.0,4.0,9,0.0,0.0
fixed-00000019,240.0,4.0,10,0.0,0.0
fixed-00000019,240.0,4.0,11,0.0,0.0
fixed-00000019,240.0,4.0,12,0.0,0.0
fixed-00000019,240.0,4.0,13,0.0,0.0
fixed-00000019,240.0,4.0,14,0.0,0.0
fixed-00000019,240.0,4.0,15,0.0,0.0
fixed-00000019,240.0,4.0,16,0.0,0.0
fixed-00000019,240.0,4.0,17,0.0,0.0
fixed-00000019,240.0,4.0,18,0.0,0.0
fixed-00000019,240.0,4.0,19,0.0,0.0
fixed-00000019,240.0,4.0,20,0.0,0.0
fixed-00000020,250.0,4.0,-20,0.0003081049996762483,16.686445270170665
fixed-00000020,250.0,4.0,-19,0.00024682722317167274,16.285941336994114
fixed-00000020,250.0,4.0,-18,0.00022334287682744338,15.875616848789647
fixed-00000020,250.0,4.0,-17,0.0003342567771834395,15.454689148224062
fixed-00000020,250.0,4.0,-16,0.0003167326644293566,15.022266470358943
fixed-00000020,250.0,4.0,-15,0.00028737087332004357,14.577325397340715
fixed-00000020,250.0,4.0,-14,0.0005010709517872898,14.11868194632234
fixed-00000020,250.0,4.0,-13,0.00045876068688710016,13.644953944975029
fixed-00000020,250.0,4.0,-12,0.00043787560911599235,13.154511253697052
fixed-00000020,250.0,4.0,-11,0.0008463592241983404,12.645408662197411
fixed-00000020,250.0,4.0,-10,0.00073385326041794,12.115293466158121
fixed-00000020,250.0,4.0,-9,0.0008178559431285104,11.561274966505863
fixed-00000020,250.0,4.0,-8,0.0015520350839715185,10.979734761202295
fixed-00000020,250.0,4.0,-7,0.001467117214310979,10.366041263914951
fixed-00000020,250.0,4.0,-6,0.0019277392258445398,9.714101762495858
fixed-00000020,250.0,4.0,-5,0.0031226952179259975,9.01562234055568
fixed-00000020,250.0,4.0,-4,0.005614370797461412,8.258802394264194
fixed-00000020,250.0,4.0,-3,0.0053193950475498245,7.425824639985038
fixed-00000020,250.0,4.0,-2,0.01697649796276109,6.487418295723927
fixed-00000020,250.0,4.0,-1,0.1341420082656941,5.388782503478367
fixed-00000020,250.0,4.0,0,0.07781629397494384,4.000000000000128
fixed-00000020,250.0,4.0,1,0.11909948848971669,1.7232677700620371
fixed-00000020,250.0,4.0,2,0.0,0.0
fixed-00000020,250.0,4.0,3,0.0,0.0
fixed-00000020,250.0,4.0,4,0.0,0.0
fixed-00000020,250.0,4.0,5,0.0,0.0
fixed-00000020,250.0,4.0,6,0.0,0.0
fixed-00000020,250.0,4.0,7,0.0,0.0
fixed-00000020,250.0,4.0,8,0.0,0.0
fixed-00000020,250.0,4.0,9,0.0,0.0
fixed-00000020,250.0,4.0,10,0.0,0.0
fixed-00000020,250.0,4.0,11,0.0,0.0
fixed-00000020,250.0,4.0,12,0.0,0.0
fixed-00000020,250.0,4.0,13,0.0,0.0
fixed-00000020,250.0,4.0,14,0.0,0.0
fixed-00000020,250.0,4.0,15,0.0,0.0
fixed-00000020,250.0,4.0,16,0.0,0.0
fixed-00000020,250.0,4.0,17,0.0,0.0
fixed-00000020,250.0,4.0,18,0.0,0.0
fixed-00000020,250.0,4.0,19,0.0,0.0
fixed-00000020,250.0,4.0,20,0.0,0.0
fixed-00000021,260.0,4.0,-20,0.000316181564744692,16.379210436004684
fixed-00000021,260.0,4.0,-19,0.000247646387565342,15.987097516269017
fixed-00000021,260.0,4.0,-18,0.00022747651605222827,15.58538591965737
fixed-00000021,260.0,4.0,-17,0.00033727005583779855,15.173312873518526
fixed-00000021,260.0,4.0,-16,0.0003173445404150524,14.750009564284554
fixed-00000021,260.0,4.0,-15,0.0002896409754649495,14.314479289708373
fixed-00000021,260.0,4.0,-14,0.000505351965827367,13.865569460383654
fixed-00000021,260.0,4.0,-13,0.0004603840681517419,13.401935191968363
fixed-00000021,260.0,4.0,-12,0.0004364036099058258,12.921991178661202
fixed-00000021,260.0,4.0,-11,0.0008606813950409533,12.423846879528327
fixed-00000021,260.0,4.0,-10,0.0007321157513811308,11.905217349750558
fixed-00000021,260.0,4.0,-9,0.0008121678374099062,11.363297500741439
fixed-00000021,260.0,4.0,-8,0.001593271754782858,10.794579595613783
fixed-00000021,260.0,4.0,-7,0.001433484583315046,10.194579116674106
fixed-00000021,260.0,4.0,-6,0.0019303989713151685,9.557405601711935
fixed-00000021,260.0,4.0,-5,0.0031979214803099162,8.875055586881174
fixed-00000021,260.0,4.0,-4,0.0054128732647427055,8.136169892284855
fixed-00000021,260.0,4.0,-3,0.0054188727709822025,7.32365592105198
fixed-00000021,260.0,4.0,-2,0.016751927371474427,6.409572995038118
fixed-00000021,260.0,4.0,-1,0.13360529874324978,5.342033137263584
fixed-00000021,260.0,4.0,0,0.0621282345353246,3.999999999999943
fixed-00000021,260.0,4.0,1,0.13064370240837836,1.8629706538812485
fixed-00000021,260.0,4.0,2,0.0,0.0
fixed-00000021,260.0,4.0,3,0.0,0.0
fixed-00000021,260.0,4.0,4,0.0,0.0
fixed-00000021,260.0,4.0,5,0.0,0.0
fixed-00000021,260.0,4.0,6,0.0,0.0
fixed-00000021,260.0,4.0,7,0.0,0.0
fixed-00000021,260.0,4.0,8,0.0,0.0
fixed-00000021,260.0,4.0,9,0.0,0.0
fixed-00000021,260.0,4.0,10,0.0,0.0
fixed-00000021,260.0,4.0,11,0.0,0.0
fixed-00000021,260.0,4.0,12,0.0,0.0
fixed-00000021,260.0,4.0,13,0.0,0.0
fixed-00000021,260.0,4.0,14,0.0,0.0
fixed-00000021,260.0,4.0,15,0.0,0.0
fixed-00000021,260.0,4.0,16,0.0,0.0
fixed-00000021,260.0,4.0,17,0.0,0.0
fixed-00000021,260.0,4.0,18,0.0,0.0
fixed-00000021,260.0,4.0,19,0.0,0.0
fixed-00000021,260.0,4.0,20,0.0,0.0
fixed-00000022,270.0,4.0,-20,0.0003232059226668195,16.08964950237933
fixed-00000022,270.0,4.0,-19,0.00024753954257087854,15.705455556386227
fixed-00000022,270.0,4.0,-18,0.00023201474773221903,15.311873059069725
fixed-00000022,270.0,4.0,-17,0.0003403008138247552,14.908158060804453
fixed-00000022,270.0,4.0,-16,0.0003170215509560794,14.493463473362837
fixed-00000022,270.0,4.0,-15,0.00029392882526918453,14.066817881848507
fixed-00000022,270.0,4.0,-14,0.0005100112064792673,13.627098410003597
fixed-00000022,270.0,4.0,-13,0.00046234190446977296,13.172995462424524
fixed-00000022,270.0,4.0,-12,0.000439133904669038,12.702966158118315
fixed-00000022,270.0,4.0,-11,0.000877218357761026,12.215171679035521
fixed-00000022,270.0,4.0,-10,0.0007351498434859429,11.707391172695964
fixed-00000022,270.0,4.0,-9,0.0008140663731610053,11.176900501616302
fixed-00000022,270.0,4.0,-8,0.001646760882716801,10.620296524793474
fixed-00000022,270.0,4.0,-7,0.0014156213838812436,10.033233642263525
fixed-00000022,270.0,4.0,-6,0.0019514577114318331,9.410012267886245
fixed-00000022,270.0,4.0,-5,0.0033216386494179188,8.742902716320742
fixed-00000022,270.0,4.0,-4,0.005248099214526025,8.020961125094075
fixed-00000022,270.0,4.0,-3,0.005582988188492824,7.227774780095174
fixed-00000022,270.0,4.0,-2,0.016655459506811365,6.336644982795491
fixed-00000022,270.0,4.0,-1,0.13338338261916666,5.298379990270192
fixed-00000022,270.0,4.0,0,0.04928218958977866,4.000000000000043
fixed-00000022,270.0,4.0,1,0.14160258199873488,1.9835743440105915
fixed-00000022,270.0,4.0,2,0.0,0.0
fixed-00000022,270.0,4.0,3,0.0,0.0
fixed-00000022,270.0,4.0,4,0.0,0.0
fixed-00000022,270.0,4.0,5,0.0,0.0
fixed-00000022,270.0,4.0,6,0.0,0.0
fixed-00000022,270.0,4.0,7,0.0,0.0
fixed-00000022,270.0,4.0,8,0.0,0.0
fixed-00000022,270.0,4.0,9,0.0,0.0
fixed-00000022,270.0,4.0,10,0.0,0.0
fixed-00000022,270.0,4.0,11,0.0,0.0
fixed-00000022,270.0,4.0,12,0.0,0.0
fixed-00000022,270.0,4.0,13,0.0,0.0
fixed-00000022,270.0,4.0,14,0.0,0.0
fixed-00000022,270.0,4.0,15,0.0,0.0
fixed-00000022,270.0,4.0,16,0.0,0.0
fixed-00000022,270.0,4.0,17,0.0,0.0
fixed-00000022,270.0,4.0,18,0.0,0.0
fixed-00000022,270.0,4.0,19,0.0,0.0
fixed-00000022,270.0,4.0,20,0.0,0.0
fixed-00000023,280.0,4.0,-20,0.000311854893710878,15.816153021261812
fixed-00000023,280.0,4.0,-19,0.0002340369125626636,15.439449087160426
fixed-00000023,280.0,4.0,-18,0.00022406999684171307,15.05355599411152
fixed-00000023,280.0,4.0,-17,0.0003261292368223876,14.657747646499345
fixed-00000023,280.0,4.0,-16,0.0003001206575795165,14.251197562253566
fixed-00000023,280.0,4.0,-15,0.0002831086027366606,13.832958309872055
fixed-00000023,280.0,4.0,-14,0.0004899005082442745,13.401935191968334
fixed-00000023,280.0,4.0,-13,0.0004404088288888836,12.956852076462738
fixed-00000023,280.0,4.0,-12,0.00042078008793937545,12.496206306817058
fixed-00000023,280.0,4.0,-11,0.0008522883601255881,12.018208096115075
fixed-00000023,280.0,4.0,-10,0.0007020905956619075,11.520697333479006
fixed-00000023,280.0,4.0,-9,0.0007801858451295734,11.001026574425026
fixed-00000023,280.0,4.0,-8,0.0016258877828475328,10.45589172636997
fixed-00000023,280.0,4.0,-7,0.0013387677076552836,9.881078656044693
fixed-00000023,280.0,4.0,-6,0.0018924412848721716,9.27106825583462
fixed-00000023,280.0,4.0,-5,0.0033212598474267937,8.618389378622567
fixed-00000023,280.0,4.0,-4,0.004911492591737178,7.9124896307686186
fixed-00000023,280.0,4.0,-3,0.005547879346666955,7.137595307370333
fixed-00000023,280.0,4.0,-2,0.016154911250013185,6.268169548557026
fixed-00000023,280.0,4.0,-1,0.12954550490926137,5.257521326257304
fixed-00000023,280.0,4.0,0,0.03792653016142419,4.000000000000043
fixed-00000023,280.0,4.0,1,0.14945182323059794,2.089341578597498
fixed-00000023,280.0,4.0,2,0.0,0.0
fixed-00000023,280.0,4.0,3,0.0,0.0
fixed-00000023,280.0,4.0,4,0.0,0.0
fixed-00000023,280.0,4.0,5,0.0,0.0
fixed-00000023,280.0,4.0,6,0.0,0.0
fixed-00000023,280.0,4.0,7,0.0,0.0
fixed-00000023,280.0,4.0,8,0.0,0.0
fixed-00000023,280.0,4.0,9,0.0,0.0
fixed-00000023,280.0,4.0,10,0.0,0.0
fixed-00000023,280.0,4.0,11,0.0,0.0
fixed-00000023,280.0,4.0,12,0.0,0.0
fixed-00000023,280.0,4.0,13,0.0,0.0
fixed-00000023,280.0,4.0,14,0.0,0.0
fixed-00000023,280.0,4.0,15,0.0,0.0
fixed-00000023,280.0,4.0,16,0.0,0.0
fixed-00000023,280.0,4.0,17,0.0,0.0
fixed-00000023,280.0,4.0,18,0.0,0.0
fixed-00000023,280.0,4.0,19,0.0,0.0
fixed-00000023,280.0,4.0,20,0.0,0.0
fixed-00000024,290.0,4.0,-20,0.0003057998603837356,15.557309048540347
fixed-00000024,290.0,4.0,-19,0.0002245483096251315,15.187703917530484
fixed-00000024,290.0,4.0,-18,0.000219952258487504,14.809099185639653
fixed-00000024,290.0,4.0,-17,0.0003167827779480151,14.420785723786253
fixed-00000024,290.0,4.0,-16,0.0002879623426241173,14.02195663092941
fixed-00000024,290.0,4.0,-15,0.00027713831020074895,13.611687264434664
fixed-00000024,290.0,4.0,-14,0.00047611263241141566,13.18890970007432
fixed-00000024,290.0,4.0,-13,0.00042512244102489493,12.752379596207746
fixed-00000024,290.0,4.0,-12,0.0004090660904182119,12.300632504160816
fixed-00000024,290.0,4.0,-11,0.0008368411257201956,11.831925200795666
fixed-00000024,290.0,4.0,-10,0.0006793130468956669,11.344155244919335
fixed-00000024,290.0,4.0,-9,0.0007566572396651879,10.834747980635072
fixed-00000024,290.0,4.0,-8,0.0016214887887460118,10.300493276388579
fixed-00000024,290.0,4.0,-7,0.0012797995178428668,9.737301631890915
fixed-00000024,290.0,4.0,-6,0.0018537624471012795,9.139824882054754
fixed-00000024,290.0,4.0,-5,0.0033500425217079448,8.500836443523596
fixed-00000024,290.0,4.0,-4,0.0046180000270280375,7.810153537213992
fixed-00000024,290.0,4.0,-3,0.005558403516058936,7.052604065868977
fixed-00000024,290.0,4.0,-2,0.01572903905336243,6.203739911827654
fixed-00000024,290.0,4.0,-1,0.12605738044319603,5.219193787774614
fixed-00000024,290.0,4.0,0,0.02909380440919709,4.000000000000043
fixed-00000024,290.0,4.0,1,0.15673337020805414,2.1832152248066166
fixed-00000024,290.0,4.0,2,0.0,0.0
fixed-00000024,290.0,4.0,3,0.0,0.0
fixed-00000024,290.0,4.0,4,0.0,0.0
fixed-00000024,290.0,4.0,5,0.0,0.0
fixed-00000024,290.0,4.0,6,0.0,0.0
fixed-00000024,290.0,4.0,7,0.0,0.0
fixed-00000024,290.0,4.0,8,0.0,0.0
fixed-00000024,290.0,4.0,9,0.0,0.0
fixed-00000024,290.0,4.0,10,0.0,0.0
fixed-00000024,290.0,4.0,11,0.0,0.0
fixed-00000024,290.0,4.0,12,0.0,0.0
fixed-00000024,290.0,4.0,13,0.0,0.0
fixed-00000024,290.0,4.0,14,0.0,0.0
fixed-00000024,290.0,4.0,15,0.0,0.0
fixed-00000024,290.0,4.0,16,0.0,0.0
fixed-00000024,290.0,4.0,17,0.0,0.0
fixed-00000024,290.0,4.0,18,0.0,0.0
fixed-00000024,290.0,4.0,19,0.0,0.0
fixed-00000024,290.0,4.0,20,0.0,0.0
fixed-00000025,300.0,4.0,-20,0.0002922971572905099,15.311873059069754
fixed-00000025,300.0,4.0,-19,0.0002099772111186623,14.949008768730735
fixed-00000025,300.0,4.0,-18,0.0002107412817826171,14.577325397340658
fixed-00000025,300.0,4.0,-17,0.0003004608723945181,14.196129966981303
fixed-00000025,300.0,4.0,-16,0.0002694671229664684,13.804634215692602
fixed-00000025,300.0,4.0,-15,0.00026497614494109926,13.401935191968363
fixed-00000025,300.0,4.0,-14,0.0004520754238751597,12.986990452752977
fixed-00000025,300.0,4.0,-13,0.0004002885593225645,12.558585909081373
fixed-00000025,300.0,4.0,-12,0.00038874389768260136,12.115293466158093
fixed-00000025,300.0,4.0,-11,0.0008031044547798911,11.655414195869767
fixed-00000025,300.0,4.0,-10,0.000641700459767162,11.176900501616302
fixed-00000025,300.0,4.0,-9,0.0007183641689297994,10.677246924869209
fixed-00000025,300.0,4.0,-8,0.001581972533558422,10.153332615240856
fixed-00000025,300.0,4.0,-7,0.0011973064388589964,9.601186418732823
fixed-00000025,300.0,4.0,-6,0.0017804178139308308,9.015622340555609
fixed-00000025,300.0,4.0,-5,0.003315379102261669,8.389645509317319
fixed-00000025,300.0,4.0,-4,0.004259757095844661,7.713422675659871
fixed-00000025,300.0,4.0,-3,0.005471964333095521,6.9723490289475905
fixed-00000025,300.0,4.0,-2,0.015115071593885043,6.142998339829575
fixed-00000025,300.0,4.0,-1,0.12081084163331109,5.1831664320526585
fixed-00000025,300.0,4.0,0,0.022282655946522227,4.000000000000043
fixed-00000025,300.0,4.0,1,0.16187179903718227,2.2673283559992825
fixed-00000025,300.0,4.0,2,0.0,0.0
fixed-00000025,300.0,4.0,3,0.0,0.0
fixed-00000025,300.0,4.0,4,0.0,0.0
fixed-00000025,300.0,4.0,5,0.0,0.0
fixed-00000025,300.0,4.0,6,0.0,0.0
fixed-00000025,300.0,4.0,7,0.0,0.0
fixed-00000025,300.0,4.0,8,0.0,0.0
fixed-00000025,300.0,4.0,9,0.0,0.0
fixed-00000025,300.0,4.0,10,0.0,0.0
fixed-00000025,300.0,4.0,11,0.0,0.0
fixed-00000025,300.0,4.0,12,0.0,0.0
fixed-00000025,300.0,4.0,13,0.0,0.0
fixed-00000025,300.0,4.0,14,0.0,0.0
fixed-00000025,300.0,4.0,15,0.0,0.0
fixed-00000025,300.0,4.0,16,0.0,0.0
fixed-00000025,300.0,4.0,17,0.0,0.0
fixed-00000025,300.0,4.0,18,0.0,0.0
fixed-00000025,300.0,4.0,19,0.0,0.0
fixed-00000025,300.0,4.0,20,0.0,0.0
fixed-00000026,310.0,4.0,-20,0.00028314588768422517,15.07874327797117
fixed-00000026,310.0,4.0,-19,0.00019850862489933572,14.722291275094364
fixed-00000026,310.0,4.0,-18,0.0002042649880156682,14.357192380701974
fixed-00000026,310.0,4.0,-17,0.0002875981277172837,13.982769016704736
fixed-00000026,310.0,4.0,-16,0.00025461067124761235,13.598250692153599
fixed-00000026,310.0,4.0,-15,0.0002558899606304948,13.202755134906326
fixed-00000026,310.0,4.0,-14,0.0004322957676008661,12.795264192127092
fixed-00000026,310.0,4.0,-13,0.00038022450526478533,12.37459260982395
fixed-00000026,310.0,4.0,-12,0.0003721307711725534,11.939346937600874
fixed-00000026,310.0,4.0,-11,0.0007748970004554063,11.487870450145792
fixed-00000026,310.0,4.0,-10,0.0006106582345031579,11.01816778980809
fixed-00000026,310.0,4.0,-9,0.0006848973903952643,10.527799382740596
fixed-00000026,310.0,4.0,-8,0.0015500552226588252,10.013729342403465
fixed-00000026,310.0,4.0,-7,0.0011245010271320713,9.472099061220248
fixed-00000026,310.0,4.0,-6,0.0017153739007071233,8.89787662245989
fixed-00000026,310.0,4.0,-5,0.0032876549290494243,8.284287014836138
fixed-00000026,310.0,4.0,-4,0.0039238658807744875,7.621828010395305
fixed-00000026,310.0,4.0,-3,0.00539723961145426,6.896430508503414
fixed-00000026,310.0,4.0,-2,0.01450992871156055,6.085628867863377
fixed-00000026,310.0,4.0,-1,0.11556846083791328,5.149235852894208
fixed-00000026,310.0,4.0,0,0.017636279407498113,4.000000000000043
fixed-00000026,310.0,4.0,1,0.16618804384801006,2.3432844286040506
fixed-00000026,310.0,4.0,2,0.0,0.0
fixed-00000026,310.0,4.0,3,0.0,0.0
fixed-00000026,310.0,4.0,4,0.0,0.0
fixed-00000026,310.0,4.0,5,0.0,0.0
fixed-00000026,310.0,4.0,6,0.0,0.0
fixed-00000026,310.0,4.0,7,0.0,0.0
fixed-00000026,310.0,4.0,8,0.0,0.0
fixed-00000026,310.0,4.0,9,0.0,0.0
fixed-00000026,310.0,4.0,10,0.0,0.0
fixed-00000026,310.0,4.0,11,0.0,0.0
fixed-00000026,310.0,4.0,12,0.0,0.0
fixed-00000026,310.0,4.0,13,0.0,0.0
fixed-00000026,310.0,4.0,14,0.0,0.0
fixed-00000026,310.0,4.0,15,0.0,0.0
fixed-00000026,310.0,4.0,16,0.0,0.0
fixed-00000026,310.0,4.0,17,0.0,0.0
fixed-00000026,310.0,4.0,18,0.0,0.0
fixed-00000026,310.0,4.0,19,0.0,0.0
fixed-00000026,310.0,4.0,20,0.0,0.0
fixed-00000027,320.0,4.0,-20,0.0002821618788744544,14.856940312447804
fixed-00000027,320.0,4.0,-19,0.00019270898696141763,14.506598167644967
fixed-00000027,320.0,4.0,-18,0.00020352755208225286,14.147773622565637
fixed-00000027,320.0,4.0,-17,0.0002820666205962909,13.779803804715016
fixed-00000027,320.0,4.0,-16,0.0002465370207328597,13.401935191968363
fixed-00000027,320.0,4.0,-15,0.0002540464575145761,13.01330525646199
fixed-00000027,320.0,4.0,-14,0.0004225197396898083,12.612919034749368
fixed-00000027,320.0,4.0,-13,0.00037004921249259525,12.199618797218477
fixed-00000027,320.0,4.0,-12,0.0003655323057221828,11.772044157333355
fixed-00000027,320.0,4.0,-11,0.000762666428699425,11.328578657906675
fixed-00000027,320.0,4.0,-10,0.0005954451165022451,10.867276770488644
fixed-00000027,320.0,4.0,-9,0.0006668394260374142,10.385761741931148
fixed-00000027,320.0,4.0,-8,0.0015481086209481116,9.881078656044693
fixed-00000027,320.0,4.0,-7,0.0010787550498672748,9.34947608678739
fixed-00000027,320.0,4.0,-6,0.0016826725513405581,8.786068711064956
fixed-00000027,320.0,4.0,-5,0.003317933535029697,8.184290419985587
fixed-00000027,320.0,4.0,-4,0.0036552689858427596,7.534952908764481
fixed-00000027,320.0,4.0,-3,0.005408731918518596,6.824493664384079
fixed-00000027,320.0,4.0,-2,0.014060905143755537,6.03135129215535
fixed-00000027,320.0,4.0,-1,0.11133923777850105,5.117222163430583
fixed-00000027,320.0,4.0,0,0.01510414486389644,4.000000000000128
fixed-00000027,320.0,4.0,1,0.17085577421121148,2.4123233315560384
fixed-00000027,320.0,4.0,2,0.0,0.0
fixed-00000027,320.0,4.0,3,0.0,0.0
fixed-00000027,320.0,4.0,4,0.0,0.0
fixed-00000027,320.0,4.0,5,0.0,0.0
fixed-00000027,320.0,4.0,6,0.0,0.0
fixed-00000027,320.0,4.0,7,0.0,0.0
fixed-00000027,320.0,4.0,8,0.0,0.0
fixed-00000027,320.0,4.0,9,0.0,0.0
fixed-00000027,320.0,4.0,10,0.0,0.0
fixed-00000027,320.0,4.0,11,0.0,0.0
fixed-00000027,320.0,4.0,12,0.0,0.0
fixed-00000027,320.0,4.0,13,0.0,0.0
fixed-00000027,320.0,4.0,14,0.0,0.0
fixed-00000027,320.0,4.0,15,0.0,0.0
fixed-00000027,320.0,4.0,16,0.0,0.0
fixed-00000027,320.0,4.0,17,0.0,0.0
fixed-00000027,320.0,4.0,18,0.0,0.0
fixed-00000027,320.0,4.0,19,0.0,0.0
fixed-00000027,320.0,4.0,20,0.0,0.0
fixed-00000028,330.0,4.0,-20,0.000280885203736457,14.645590225419767
fixed-00000028,330.0,4.0,-19,0.00018708529872528886,14.30107880549295
fixed-00000028,330.0,4.0,-18,0.00020323611440804194,13.948242344473968
fixed-00000028,330.0,4.0,-17,0.00027689995437407255,13.586432032334955
fixed-00000028,330.0,4.0,-16,0.0002385802334031261,13.214910572562928
fixed-00000028,330.0,4.0,-15,0.00025352489730143664,12.832834315133255
fixed-00000028,330.0,4.0,-14,0.00041344376067404577,12.43923046584949
fixed-00000028,330.0,4.0,-13,0.0003602953640174612,12.0329676048014
fixed-00000028,330.0,4.0,-12,0.00036174811377840446,11.612716944258466
fixed-00000028,330.0,4.0,-11,0.0007514311932407057,11.176900501616302
fixed-00000028,330.0,4.0,-10,0.0005824287791080659,10.723620343405443
fixed-00000028,330.0,4.0,-9,0.0006535273576393774,10.250559696102783
fixed-00000028,330.0,4.0,-8,0.0015497551152068292,9.754840910694881
fixed-00000028,330.0,4.0,-7,0.0010409725711531114,9.232814767905225
fixed-00000028,330.0,4.0,-6,0.0016586962731413688,8.6797355991839
fixed-00000028,330.0,4.0,-5,0.003366940269560825,8.089236042823956
fixed-00000028,330.0,4.0,-4,0.0034086033028035948,7.452425884783267
fixed-00000028,330.0,4.0,-3,0.005447653593721004,6.756222279782023
fixed-00000028,330.0,4.0,-2,0.013676063982426863,5.9799161810314985
fixed-00000028,330.0,4.0,-1,0.10715698120011047,5.086965666639671
fixed-00000028,330.0,4.0,0,0.014479988261962128,3.999999999999943
fixed-00000028,330.0,4.0,1,0.17523185887045434,2.4754257179255603
fixed-00000028,330.0,4.0,2,0.0,0.0
fixed-00000028,330.0,4.0,3,0.0,0.0
fixed-00000028,330.0,4.0,4,0.0,0.0
fixed-00000028,330.0,4.0,5,0.0,0.0
fixed-00000028,330.0,4.0,6,0.0,0.0
fixed-00000028,330.0,4.0,7,0.0,0.0
fixed-00000028,330.0,4.0,8,0.0,0.0
fixed-00000028,330.0,4.0,9,0.0,0.0
fixed-00000028,330.0,4.0,10,0.0,0.0
fixed-00000028,330.0,4.0,11,0.0,0.0
fixed-00000028,330.0,4.0,12,0.0,0.0
fixed-00000028,330.0,4.0,13,0.0,0.0
fixed-00000028,330.0,4.0,14,0.0,0.0
fixed-00000028,330.0,4.0,15,0.0,0.0
fixed-00000028,330.0,4.0,16,0.0,0.0
fixed-00000028,330.0,4.0,17,0.0,0.0
fixed-00000028,330.0,4.0,18,0.0,0.0
fixed-00000028,330.0,4.0,19,0.0,0.0
fixed-00000028,330.0,4.0,20,0.0,0.0
fixed-00000029,340.0,4.0,-20,0.0002703071024675459,14.443910384212742
fixed-00000029,340.0,4.0,-19,0.00017604677213213613,14.104971406638299
fixed-00000029,340.0,4.0,-18,0.0001974143800085193,13.757858124151412
fixed-00000029,340.0,4.0,-17,0.0002644312918695203,13.401935191968363
fixed-00000029,340.0,4.0,-16,0.00022408542836495238,13.036480848951996
fixed-00000029,340.0,4.0,-15,0.0002470701405137671,12.660669518148893
fixed-00000029,340.0,4.0,-14,0.0003947175761422358,12.273549626976305
fixed-00000029,340.0,4.0,-13,0.0003409805825603799,11.87401493674271
fixed-00000029,340.0,4.0,-12,0.0003513733311784577,11.460766897267831
fixed-00000029,340.0,4.0,-11,0.0007238004356149201,11.032264333866962
fixed-00000029,340.0,4.0,-10,0.0005557967951701534,10.586654831666635
fixed-00000029,340.0,4.0,-9,0.0006310068866868489,10.121678956186614
fixed-00000029,340.0,4.0,-8,0.0015209820345314462,9.634532883621333
fixed-00000029,340.0,4.0,-7,0.0009868825219926085,9.12166497780018
fixed-00000029,340.0,4.0,-6,0.0016128720922292728,8.578462776597007
fixed-00000029,340.0,4.0,-5,0.0033705166914740747,7.998748233012279
fixed-00000029,340.0,4.0,-4,0.0031318432067261267,7.37391453146995
fixed-00000029,340.0,4.0,-3,0.005424799972455881,6.691333557668287
fixed-00000029,340.0,4.0,-2,0.01320635802752563,5.931100707011396
fixed-00000029,340.0,4.0,-1,0.10181733711253838,5.058324079364041
fixed-00000029,340.0,4.0,0,0.015567181271426192,4.000000000000043
fixed-00000029,340.0,4.0,1,0.17801742832173267,2.533381666050957
fixed-00000029,340.0,4.0,2,0.0,0.0
fixed-00000029,340.0,4.0,3,0.0,0.0
fixed-00000029,340.0,4.0,4,0.0,0.0
fixed-00000029,340.0,4.0,5,0.0,0.0
fixed-00000029,340.0,4.0,6,0.0,0.0
fixed-00000029,340.0,4.0,7,0.0,0.0
fixed-00000029,340.0,4.0,8,0.0,0.0
fixed-00000029,340.0,4.0,9,0.0,0.0
fixed-00000029,340.0,4.0,10,0.0,0.0
fixed-00000029,340.0,4.0,11,0.0,0.0
fixed-00000029,340.0,4.0,12,0.0,0.0
fixed-00000029,340.0,4.0,13,0.0,0.0
fixed-00000029,340.0,4.0,14,0.0,0.0
fixed-00000029,340.0,4.0,15,0.0,0.0
fixed-00000029,340.0,4.0,16,0.0,0.0
fixed-00000029,340.0,4.0,17,0.0,0.0
fixed-00000029,340.0,4.0,18,0.0,0.0
fixed-00000029,340.0,4.0,19,0.0,0.0
fixed-00000029,340.0,4.0,20,0.0,0.0
fixed-00000030,350.0,4.0,-20,0.000261278464106745,14.251197562253566
fixed-00000030,350.0,4.0,-19,0.00016587341156131544,13.917591470478868
fixed-00000030,350.0,4.0,-18,0.00019181418686356147,13.575955646065168
fixed-00000030,350.0,4.0,-17,0.0002523669352273571,13.2256676536188
fixed-00000030,350.0,4.0,-16,0.00021040034033588742,12.866020624889416
fixed-00000030,350.0,4.0,-15,0.00024020286348179178,12.496206306817086
fixed-00000030,350.0,4.0,-14,0.0003756436426816355,12.115293466158093
fixed-00000030,350.0,4.0,-13,0.0003221358994220338,11.722199994673844
fixed-00000030,350.0,4.0,-12,0.00033929726167283023,11.315656312084926
fixed-00000030,350.0,4.0,-11,0.0006936285317112319,10.894156499405454
fixed-00000030,350.0,4.0,-10,0.0005281902395576761,10.45589172636997
fixed-00000030,350.0,4.0,-9,0.0006037669058630516,9.998657437886877
fixed-00000030,350.0,4.0,-8,0.0014828699603523557,9.519720429176374
fixed-00000030,350.0,4.0,-7,0.000928121475375336,9.015622340555609
fixed-00000030,350.0,4.0,-6,0.0015542541668577593,8.48187791167723
fixed-00000030,350.0,4.0,-5,0.0033440905864476934,7.9124896307686186
fixed-00000030,350.0,4.0,-4,0.0028424045368375898,7.299120418664657
fixed-00000030,350.0,4.0,-3,0.0053570860337539715,6.629573746376295
fixed-00000030,350.0,4.0,-2,0.012646472509296574,5.884705145226178
fixed-00000030,350.0,4.0,-1,0.09588987693806245,5.031170204831909
fixed-00000030,350.0,4.0,0,0.018283614831269394,4.000000000000043
fixed-00000030,350.0,4.0,1,0.17942457133869832,2.586837597448465
fixed-00000030,350.0,4.0,2,0.0,0.0
fixed-00000030,350.0,4.0,3,0.0,0.0
fixed-00000030,350.0,4.0,4,0.0,0.0
fixed-00000030,350.0,4.0,5,0.0,0.0
fixed-00000030,350.0,4.0,6,0.0,0.0
fixed-00000030,350.0,4.0,7,0.0,0.0
fixed-00000030,350.0,4.0,8,0.0,0.0
fixed-00000030,350.0,4.0,9,0.0,0.0
fixed-00000030,350.0,4.0,10,0.0,0.0
fixed-00000030,350.0,4.0,11,0.0,0.0
fixed-00000030,350.0,4.0,12,0.0,0.0
fixed-00000030,350.0,4.0,13,0.0,0.0
fixed-00000030,350.0,4.0,14,0.0,0.0
fixed-00000030,350.0,4.0,15,0.0,0.0
fixed-00000030,350.0,4.0,16,0.0,0.0
fixed-00000030,350.0,4.0,17,0.0,0.0
fixed-00000030,350.0,4.0,18,0.0,0.0
fixed-00000030,350.0,4.0,19,0.0,0.0
fixed-00000030,350.0,4.0,20,0.0,0.0
fixed-00000031,360.0,4.0,-20,0.0002557085835641731,14.066817881848479
fixed-00000031,360.0,4.0,-19,0.00015876333353994197,13.738321991396589
fixed-00000031,360.0,4.0,-18,0.00018940623819110368,13.401935191968363
fixed-00000031,360.0,4.0,-17,0.0002441936918698973,13.057047439103869
fixed-00000031,360.0,4.0,-16,0.00020028873416119293,12.702966158118315
fixed-00000031,360.0,4.0,-15,0.0002380484942375893,12.338899720932332
fixed-00000031,360.0,4.0,-14,0.00036235835577414063,11.96393641047473
fixed-00000031,360.0,4.0,-13,0.00030864770591891686,11.577017268486188
fixed-00000031,360.0,4.0,-12,0.0003347591427071056,11.176900501616302
fixed-00000031,360.0,4.0,-11,0.0006732440461754085,10.762113997903853
fixed-00000031,360.0,4.0,-10,0.0005100849268434943,10.330890706572049
fixed-00000031,360.0,4.0,-9,0.000589145406806784,9.881078656044693
fixed-00000031,360.0,4.0,-8,0.0014645913137906273,9.410012267886245
fixed-00000031,360.0,4.0,-7,0.0008887689281620518,8.914322439446764
fixed-00000031,360.0,4.0,-6,0.0015211006775489387,8.389645509317262
fixed-00000031,360.0,4.0,-5,0.0033665734059590193,7.830156313248764
fixed-00000031,360.0,4.0,-4,0.002604281714168276,7.227774780095132
fixed-00000031,360.0,4.0,-3,0.005364166375384891,6.570714442852491
fixed-00000031,360.0,4.0,-2,0.012236952030783775,5.840549916165145
fixed-00000031,360.0,4.0,-1,0.09068986206671026,5.0053899709427725
fixed-00000031,360.0,4.0,0,0.022691622919035533,4.000000000000043
fixed-00000031,360.0,4.0,1,0.18134649276545284,2.636329350486079
fixed-00000031,360.0,4.0,2,0.0,0.0
fixed-00000031,360.0,4.0,3,0.0,0.0
fixed-00000031,360.0,4.0,4,0.0,0.0
fixed-00000031,360.0,4.0,5,0.0,0.0
fixed-00000031,360.0,4.0,6,0.0,0.0
fixed-00000031,360.0,4.0,7,0.0,0.0
fixed-00000031,360.0,4.0,8,0.0,0.0
fixed-00000031,360.0,4.0,9,0.0,0.0
fixed-00000031,360.0,4.0,10,0.0,0.0
fixed-00000031,360.0,4.0,11,0.0,0.0
fixed-00000031,360.0,4.0,12,0.0,0.0
fixed-00000031,360.0,4.0,13,0.0,0.0
fixed-00000031,360.0,4.0,14,0.0,0.0
fixed-00000031,360.0,4.0,15,0.0,0.0
fixed-00000031,360.0,4.0,16,0.0,0.0
fixed-00000031,360.0,4.0,17,0.0,0.0
fixed-00000031,360.0,4.0,18,0.0,0.0
fixed-00000031,360.0,4.0,19,0.0,0.0
fixed-00000031,360.0,4.0,20,0.0,0.0
fixed-00000032,370.0,4.0,-20,0.0002417124803663517,13.890198270635722
fixed-00000032,370.0,4.0,-19,0.0001470234116912077,13.566605144972584
fixed-00000032,370.0,4.0,-18,0.00018156167444581637,13.235254562125931
fixed-00000032,370.0,4.0,-17,0.000229183017339814,12.8955483840206
fixed-00000032,370.0,4.0,-16,0.0001846934599833521,12.54680776935885
fixed-00000032,370.0,4.0,-15,0.00022950147902082136,12.188257061712548
fixed-00000032,370.0,4.0,-14,0.0003399402677835543,11.819003290626839
fixed-00000032,370.0,4.0,-13,0.000286683682048595,11.43800973111162
fixed-00000032,370.0,4.0,-12,0.00032245466388939253,11.044061270600096
fixed-00000032,370.0,4.0,-11,0.0006368363840516108,10.635718249445574
fixed-00000032,370.0,4.0,-10,0.00047847725298829827,10.211253708209213
fixed-00000032,370.0,4.0,-9,0.0005635883898341589,9.76856611165097
fixed-00000032,370.0,4.0,-8,0.0014131743059150775,9.30505470888508
fixed-00000032,370.0,4.0,-7,0.0008309791132560977,8.817435895697656
fixed-00000032,370.0,4.0,-6,0.0014628276220623705,8.301462371876582
fixed-00000032,370.0,4.0,-5,0.00332654403781953,7.751473670819763
fixed-00000032,370.0,4.0,-4,0.0023389667212064713,7.159634849526611
fixed-00000032,370.0,4.0,-3,0.005291078520183769,6.514549453118931
fixed-00000032,370.0,4.0,-2,0.01171522729083738,5.798473075777991
fixed-00000032,370.0,4.0,-1,0.08439677971473945,4.980880768645008
fixed-00000032,370.0,4.0,0,0.02842745433379074,4.000000000000043
fixed-00000032,370.0,4.0,1,0.18123903973401345,2.6823061129422996
fixed-00000032,370.0,4.0,2,0.0,0.0
fixed-00000032,370.0,4.0,3,0.0,0.0
fixed-00000032,370.0,4.0,4,0.0,0.0
fixed-00000032,370.0,4.0,5,0.0,0.0
fixed-00000032,370.0,4.0,6,0.0,0.0
fixed-00000032,370.0,4.0,7,0.0,0.0
fixed-00000032,370.0,4.0,8,0.0,0.0
fixed-00000032,370.0,4.0,9,0.0,0.0
fixed-00000032,370.0,4.0,10,0.0,0.0
fixed-00000032,370.0,4.0,11,0.0,0.0
fixed-00000032,370.0,4.0,12,0.0,0.0
fixed-00000032,370.0,4.0,13,0.0,0.0
fixed-00000032,370.0,4.0,14,0.0,0.0
fixed-00000032,370.0,4.0,15,0.0,0.0
fixed-00000032,370.0,4.0,16,0.0,0.0
fixed-00000032,370.0,4.0,17,0.0,0.0
fixed-00000032,370.0,4.0,18,0.0,0.0
fixed-00000032,370.0,4.0,19,0.0,0.0
fixed-00000032,370.0,4.0,20,0.0,0.0
fixed-00000033,380.0,4.0,-20,0.00023046347446617135,13.720819169692376
fixed-00000033,380.0,4.0,-19,0.0001374399301288643,13.401935191968363
fixed-00000033,380.0,4.0,-18,0.00017546377488342606,13.075422179669076
fixed-00000033,380.0,4.0,-17,0.00021650307043085066,12.740693447383023
fixed-00000033,380.0,4.0,-16,0.00017155748103569665,12.397083362613174
fixed-00000033,380.0,4.0,-15,0.0002230733611664171,12.043831628706272
fixed-00000033,380.0,4.0,-14,0.0003205128738963388,11.680063301026976
fixed-00000033,380.0,4.0,-13,0.00026802688783581104,11.304763029146713
fixed-00000033,380.0,4.0,-12,0.00031292285030281924,10.916741345033458
fixed-00000033,380.0,4.0,-11,0.0006045948612768974,10.514589772150032
fixed-00000033,380.0,4.0,-10,0.0004515235582770548,10.096619860707108
fixed-00000033,380.0,4.0,-9,0.0005417861448660688,9.660778499992048
fixed-00000033,380.0,4.0,-8,0.0013675696900512806,9.204527144434891
fixed-00000033,380.0,4.0,-7,0.0007807333343713029,8.724664167273232
fixed-00000033,380.0,4.0,-6,0.0014106105704514032,8.217053724399236
fixed-00000033,380.0,4.0,-5,0.0032951696691673137,7.676192887086515
fixed-00000033,380.0,4.0,-4,0.0020956266750094123,7.094480733772272
fixed-00000033,380.0,4.0,-3,0.005232377826856076,6.460892113517076
fixed-00000033,380.0,4.0,-2,0.01122857665220102,5.758328175331556
fixed-00000033,380.0,4.0,-1,0.07827215688848091,4.957550037925813
fixed-00000033,380.0,4.0,0,0.03556895673632742,4.000000000000043
fixed-00000033,380.0,4.0,1,0.18058967131836684,2.7251481303053993
fixed-00000033,380.0,4.0,2,0.0,0.0
fixed-00000033,380.0,4.0,3,0.0,0.0
fixed-00000033,380.0,4.0,4,0.0,0.0
fixed-00000033,380.0,4.0,5,0.0,0.0
fixed-00000033,380.0,4.0,6,0.0,0.0
fixed-00000033,380.0,4.0,7,0.0,0.0
fixed-00000033,380.0,4.0,8,0.0,0.0
fixed-00000033,380.0,4.0,9,0.0,0.0
fixed-00000033,380.0,4.0,10,0.0,0.0
fixed-00000033,380.0,4.0,11,0.0,0.0
fixed-00000033,380.0,4.0,12,0.0,0.0
fixed-00000033,380.0,4.0,13,0.0,0.0
fixed-00000033,380.0,4.0,14,0.0,0.0
fixed-00000033,380.0,4.0,15,0.0,0.0
fixed-00000033,380.0,4.0,16,0.0,0.0
fixed-00000033,380.0,4.0,17,0.0,0.0
fixed-00000033,380.0,4.0,18,0.0,0.0
fixed-00000033,380.0,4.0,19,0.0,0.0
fixed-00000033,380.0,4.0,20,0.0,0.0
fixed-00000034,390.0,4.0,-20,0.00021715427102569118,13.558208282247051
fixed-00000034,390.0,4.0,-19,0.00012740455092947493,13.243852394778827
fixed-00000034,390.0,4.0,-18,0.00016832178206471903,12.921991178661244
fixed-00000034,390.0,4.0,-17,0.00020257467933363035,12.592048975527604
fixed-00000034,390.0,4.0,-16,0.00015796112488287235,12.253372869543554
fixed-00000034,390.0,4.0,-15,0.00021567098955370365,11.905217349750572
fixed-00000034,390.0,4.0,-14,0.000299724385788166,11.546724820999572
fixed-00000034,390.0,4.0,-13,0.00024843663388267334,11.17690050161633
fixed-00000034,390.0,4.0,-12,0.00030287280665340584,10.794579595613811
fixed-00000034,390.0,4.0,-11,0.0005697773142090913,10.398383618371724
fixed-00000034,390.0,4.0,-10,0.00042298500575457045,9.986661145214711
fixed-00000034,390.0,4.0,-9,0.0005203135325623328,9.557405601711977
fixed-00000034,390.0,4.0,-8,0.0013154212142489003,9.108138186577165
fixed-00000034,390.0,4.0,-7,0.0007305389411358214,8.635735946513421
fixed-00000034,390.0,4.0,-6,0.0013579122525263988,8.136169892284897
fixed-00000034,390.0,4.0,-5,0.0032533209560749797,7.604087921018774
fixed-00000034,390.0,4.0,-4,0.001866055433864798,7.032112732132049
fixed-00000034,390.0,4.0,-3,0.005168114920454798,6.409572995038175
fixed-00000034,390.0,4.0,-2,0.01075963185311296,5.719982428520552
fixed-00000034,390.0,4.0,-1,0.0720349332336394,4.935314059208693
fixed-00000034,390.0,4.0,0,0.04387829728195126,4.000000000000043
fixed-00000034,390.0,4.0,1,0.1788524985182383,2.7651800627454577
fixed-00000034,390.0,4.0,2,0.0,0.0
fixed-00000034,390.0,4.0,3,0.0,0.0
fixed-00000034,390.0,4.0,4,0.0,0.0
fixed-00000034,390.0,4.0,5,0.0,0.0
fixed-00000034,390.0,4.0,6,0.0,0.0
fixed-00000034,390.0,4.0,7,0.0,0.0
fixed-00000034,390.0,4.0,8,0.0,0.0
fixed-00000034,390.0,4.0,9,0.0,0.0
fixed-00000034,390.0,4.0,10,0.0,0.0
fixed-00000034,390.0,4.0,11,0.0,0.0
fixed-00000034,390.0,4.0,12,0.0,0.0
fixed-00000034,390.0,4.0,13,0.0,0.0
fixed-00000034,390.0,4.0,14,0.0,0.0
fixed-00000034,390.0,4.0,15,0.0,0.0
fixed-00000034,390.0,4.0,16,0.0,0.0
fixed-00000034,390.0,4.0,17,0.0,0.0
fixed-00000034,390.0,4.0,18,0.0,0.0
fixed-00000034,390.0,4.0,19,0.0,0.0
fixed-00000034,390.0,4.0,20,0.0,0.0
fixed-00000035,400.0,4.0,-20,0.00020418271380526548,13.401935191968334
fixed-00000035,400.0,4.0,-19,0.00011820361370280294,13.091937779982686
fixed-00000035,400.0,4.0,-18,0.00016145679056999126,12.774554314257855
fixed-00000035,400.0,4.0,-17,0.00018922084053481992,12.449219763534273
fixed-00000035,400.0,4.0,-16,0.00014543533129578743,12.115293466158093
fixed-00000035,400.0,4.0,-15,0.00020873671715983838,11.772044157333312
fixed-00000035,400.0,4.0,-14,0.000279867239030266,11.41863095571108
fixed-00000035,400.0,4.0,-13,0.00023023805267312217,11.05407889093172
fixed-00000035,400.0,4.0,-12,0.00029381385717127697,10.677246924869166
fixed-00000035,400.0,4.0,-11,0.0005361311477400776,10.286785444979671
fixed-00000035,400.0,4.0,-10,0.00039636822077946776,9.88107865604465
fixed-00000035,400.0,4.0,-9,0.0005008598402511372,9.458164744734603
fixed-00000035,400.0,4.0,-8,0.0012638295597961488,9.015622340555609
fixed-00000035,400.0,4.0,-7,0.0006848057098236776,8.550404058348832
fixed-00000035,400.0,4.0,-6,0.001308534908154466,8.058583440755712
fixed-00000035,400.0,4.0,-5,0.0032126569039638902,7.5349529087644385
fixed-00000035,400.0,4.0,-4,0.001657448911250994,6.972349028947534
fixed-00000035,400.0,4.0,-3,0.005112179345524559,6.360437927763655
fixed-00000035,400.0,4.0,-2,0.010329726659061038,5.683315135192018
fixed-00000035,400.0,4.0,-1,0.06587127660620518,4.9140969160105215
fixed-00000035,400.0,4.0,0,0.05316270278233011,4.000000000000043
fixed-00000035,400.0,4.0,1,0.17566301131006531,2.802681229887611
fixed-00000035,400.0,4.0,2,0.0,0.0
fixed-00000035,400.0,4.0,3,0.0,0.0
fixed-00000035,400.0,4.0,4,0.0,0.0
fixed-00000035,400.0,4.0,5,0.0,0.0
fixed-00000035,400.0,4.0,6,0.0,0.0
fixed-00000035,400.0,4.0,7,0.0,0.0
fixed-00000035,400.0,4.0,8,0.0,0.0
fixed-00000035,400.0,4.0,9,0.0,0.0
fixed-00000035,400.0,4.0,10,0.0,0.0
fixed-00000035,400.0,4.0,11,0.0,0.0
fixed-00000035,400.0,4.0,12,0.0,0.0
fixed-00000035,400.0,4.0,13,0.0,0.0
fixed-00000035,400.0,4.0,14,0.0,0.0
fixed-00000035,400.0,4.0,15,0.0,0.0
fixed-00000035,400.0,4.0,16,0.0,0.0
fixed-00000035,400.0,4.0,17,0.0,0.0
fixed-00000035,400.0,4.0,18,0.0,0.0
fixed-00000035,400.0,4.0,19,0.0,0.0
fixed-00000035,400.0,4.0,20,0.0,0.0
fixed-00000036,410.0,4.0,-20,0.00019543044739339695,13.25160671143152
fixed-00000036,410.0,4.0,-19,0.0001128738535413739,12.945808611381139
fixed-00000036,410.0,4.0,-18,0.00015929660873576138,12.632739563220795
fixed-00000036,410.0,4.0,-17,0.00018094947815264846,12.311844786384484
fixed-00000036,410.0,4.0,-16,0.00013798693744792166,11.982495438084868
fixed-00000036,410.0,4.0,-15,0.00020851102778070662,11.64397399180919
fixed-00000036,410.0,4.0,-14,0.0002681970836395095,11.29545568156965
fixed-00000036,410.0,4.0,-13,0.00021956932210738146,10.935984635208442
fixed-00000036,410.0,4.0,-12,0.0002956142624734336,10.564442711720147
fixed-00000036,410.0,4.0,-11,0.0005177291845456392,10.179508116212844
fixed-00000036,410.0,4.0,-10,0.0003816344481012294,9.779599368767236
fixed-00000036,410.0,4.0,-9,0.0005020823874510213,9.362797745675024
fixed-00000036,410.0,4.0,-8,0.0012443922256928151,8.92673712909803
fixed-00000036,410.0,4.0,-7,0.0006604579765042709,8.46844277897803
fixed-00000036,410.0,4.0,-6,0.0013078671561372738,7.984086702197118
fixed-00000036,410.0,4.0,-5,0.0032488995637707232,7.4685999179504705
fixed-00000036,410.0,4.0,-4,0.0015135930326239742,6.915023699498562
fixed-00000036,410.0,4.0,-3,0.005198651390117296,6.313346294075288
fixed-00000036,410.0,4.0,-2,0.010169487888302532,5.648216320416552
fixed-00000036,410.0,4.0,-1,0.06040021956394469,4.893829601074785
fixed-00000036,410.0,4.0,0,0.06285971550180022,4.000000000000043
fixed-00000036,410.0,4.0,1,0.16550691795263775,2.837893584805059
fixed-00000036,410.0,4.0,2,0.002172551882737639,0.3323929222386681
fixed-00000036,410.0,4.0,3,0.0,0.0
fixed-00000036,410.0,4.0,4,0.0,0.0
fixed-00000036,410.0,4.0,5,0.0,0.0
fixed-00000036,410.0,4.0,6,0.0,0.0
fixed-00000036,410.0,4.0,7,0.0,0.0
fixed-00000036,410.0,4.0,8,0.0,0.0
fixed-00000036,410.0,4.0,9,0.0,0.0
fixed-00000036,410.0,4.0,10,0.0,0.0
fixed-00000036,410.0,4.0,11,0.0,0.0
fixed-00000036,410.0,4.0,12,0.0,0.0
fixed-00000036,410.0,4.0,13,0.0,0.0
fixed-00000036,410.0,4.0,14,0.0,0.0
fixed-00000036,410.0,4.0,15,0.0,0.0
fixed-00000036,410.0,4.0,16,0.0,0.0
fixed-00000036,410.0,4.0,17,0.0,0.0
fixed-00000036,410.0,4.0,18,0.0,0.0
fixed-00000036,410.0,4.0,19,0.0,0.0
fixed-00000036,410.0,4.0,20,0.0,0.0
fixed-00000037,420.0,4.0,-20,0.0001773095298557228,13.106862846525061
fixed-00000037,420.0,4.0,-19,0.00010176550097323012,12.805114462386342
fixed-00000037,420.0,4.0,-18,0.00014932925300512008,12.496206306817086
fixed-00000037,420.0,4.0,-17,0.0001633707963460132,12.17959349512843
fixed-00000037,420.0,4.0,-16,0.00012342619502478784,11.854658593029981
fixed-00000037,420.0,4.0,-15,0.000197403046175767,11.520697333478978
fixed-00000037,420.0,4.0,-14,0.00024270078645032196,11.176900501616302
fixed-00000037,420.0,4.0,-13,0.00019687830972017824,10.822330651089075
fixed-00000037,420.0,4.0,-12,0.0002814394283049935,10.45589172636997
fixed-00000037,420.0,4.0,-11,0.0004732829425203245,10.076288755900379
fixed-00000037,420.0,4.0,-10,0.0003439842837406072,9.681973335802653
fixed-00000037,420.0,4.0,-9,0.0004776932973406472,9.27106825583462
fixed-00000037,420.0,4.0,-8,0.0011633559288286286,8.841260597125114
fixed-00000037,420.0,4.0,-7,0.0005940453421222306,8.389645509317234
fixed-00000037,420.0,4.0,-6,0.0012495500343254948,7.912489630768675
fixed-00000037,420.0,4.0,-5,0.0031291581634267543,7.4048569993797315
fixed-00000037,420.0,4.0,-4,0.0012948128916471504,6.85998498024081
fixed-00000037,420.0,4.0,-3,0.00507341823405162,6.268169548556969
fixed-00000037,420.0,4.0,-2,0.009658584136094397,5.614585555098117
fixed-00000037,420.0,4.0,-1,0.05355003741716643,4.874449243247412
fixed-00000037,420.0,4.0,0,0.07349241655568668,4.000000000000043
fixed-00000037,420.0,4.0,1,0.15682574949918357,2.871028001785845
fixed-00000037,420.0,4.0,2,0.004697274537202678,0.6990406976807151
fixed-00000037,420.0,4.0,3,0.0,0.0
fixed-00000037,420.0,4.0,4,0.0,0.0
fixed-00000037,420.0,4.0,5,0.0,0.0
fixed-00000037,420.0,4.0,6,0.0,0.0
fixed-00000037,420.0,4.0,7,0.0,0.0
fixed-00000037,420.0,4.0,8,0.0,0.0
fixed-00000037,420.0,4.0,9,0.0,0.0
fixed-00000037,420.0,4.0,10,0.0,0.0
fixed-00000037,420.0,4.0,11,0.0,0.0
fixed-00000037,420.0,4.0,12,0.0,0.0
fixed-00000037,420.0,4.0,13,0.0,0.0
fixed-00000037,420.0,4.0,14,0.0,0.0
fixed-00000037,420.0,4.0,15,0.0,0.0
fixed-00000037,420.0,4.0,16,0.0,0.0
fixed-00000037,420.0,4.0,17,0.0,0.0
fixed-00000037,420.0,4.0,18,0.0,0.0
fixed-00000037,420.0,4.0,19,0.0,0.0
fixed-00000037,420.0,4.0,20,0.0,0.0
fixed-00000038,430.0,4.0,-20,0.00016056138314833986,12.96737328269542
fixed-00000038,430.0,4.0,-19,9.171941427934151e-05,12.669533796208484
fixed-00000038,430.0,4.0,-18,0.00013943826328658354,12.364642007157542
fixed-00000038,430.0,4.0,-17,0.0001466088757777546,12.052162591783855
fixed-00000038,430.0,4.0,-16,0.00011009346419241167,11.731489136876604
fixed-00000038,430.0,4.0,-15,0.00018603326441214726,11.401930182797159
fixed-00000038,430.0,4.0,-14,0.00021786750577381143,11.062691533065163
fixed-00000038,430.0,4.0,-13,0.00017580961511561109,10.712853532213543
fixed-00000038,430.0,4.0,-12,0.00026629581861207743,10.351341443751252
fixed-00000038,430.0,4.0,-11,0.00042884004549120666,9.976886180480477
fixed-00000038,430.0,4.0,-10,0.00030818863174851584,9.587971244288596
fixed-00000038,430.0,4.0,-9,0.0004506010101183409,9.182759450054348
fixed-00000038,430.0,4.0,-8,0.0010783883500013716,8.758989138846587
fixed-00000038,430.0,4.0,-7,0.0005295079773447282,8.313822749096218
fixed-00000038,430.0,4.0,-6,0.0011833259568112056,7.843617934344664
fixed-00000038,430.0,4.0,-5,0.00299010919160371,7.343566490730254
fixed-00000038,430.0,4.0,-4,0.0010874043037278306,6.8070937630128014
fixed-00000038,430.0,4.0,-3,0.004921174326649932,6.224789929923276
fixed-00000038,430.0,4.0,-2,0.009113127407903864,5.582330930281415
fixed-00000038,430.0,4.0,-1,0.04688551792074775,4.855898436406804
fixed-00000038,430.0,4.0,0,0.08466253557367424,4.000000000000043
fixed-00000038,430.0,4.0,1,0.148822820735438,2.902269292269864
fixed-00000038,430.0,4.0,2,0.006580622851746511,0.9215465625908905
fixed-00000038,430.0,4.0,3,0.0,0.0
fixed-00000038,430.0,4.0,4,0.0,0.0
fixed-00000038,430.0,4.0,5,0.0,0.0
fixed-00000038,430.0,4.0,6,0.0,0.0
fixed-00000038,430.0,4.0,7,0.0,0.0
fixed-00000038,430.0,4.0,8,0.0,0.0
fixed-00000038,430.0,4.0,9,0.0,0.0
fixed-00000038,430.0,4.0,10,0.0,0.0
fixed-00000038,430.0,4.0,11,0.0,0.0
fixed-00000038,430.0,4.0,12,0.0,0.0
fixed-00000038,430.0,4.0,13,0.0,0.0
fixed-00000038,430.0,4.0,14,0.0,0.0
fixed-00000038,430.0,4.0,15,0.0,0.0
fixed-00000038,430.0,4.0,16,0.0,0.0
fixed-00000038,430.0,4.0,17,0.0,0.0
fixed-00000038,430.0,4.0,18,0.0,0.0
fixed-00000038,430.0,4.0,19,0.0,0.0
fixed-00000038,430.0,4.0,20,0.0,0.0
fixed-00000039,440.0,4.0,-20,0.00014592926208087598,12.832834315133255
fixed-00000039,440.0,4.0,-19,8.350590824960729e-05,12.538770978052682
fixed-00000039,440.0,4.0,-18,0.00013086490094469814,12.237759303340212
fixed-00000039,440.0,4.0,-17,0.00013167808607117851,11.929273211537804
fixed-00000039,440.0,4.0,-16,9.899014035028643e-05,11.612716944258509
fixed-00000039,440.0,4.0,-15,0.00017628238399620426,11.287411421865912
fixed-00000039,440.0,4.0,-14,0.00019553925199512862,10.952576962541741
fixed-00000039,440.0,4.0,-13,0.00015789854569048088,10.607311101353602
fixed-00000039,440.0,4.0,-12,0.0002534146712504038,10.250559696102783
fixed-00000039,440.0,4.0,-11,0.00038826969937235756,9.88107865604465
fixed-00000039,440.0,4.0,-10,0.00027694003612344797,9.49738228221355
fixed-00000039,440.0,4.0,-9,0.00042704140795155694,9.09767200731369
fixed-00000039,440.0,4.0,-8,0.000998948614865171,8.679735599183942
fixed-00000039,440.0,4.0,-7,0.00047191298640791103,8.240800326776181
fixed-00000039,440.0,4.0,-6,0.0011234514468850929,7.777311442431525
fixed-00000039,440.0,4.0,-5,0.0028571870269576863,7.284583534666609
fixed-00000039,440.0,4.0,-4,0.0009033085563120865,6.756222279782023
fixed-00000039,440.0,4.0,-3,0.004784584397267584,6.183099336276953
fixed-00000039,440.0,4.0,-2,0.008607514923408312,5.551368162118536
fixed-00000039,440.0,4.0,-1,0.04065010014240908,4.838124655002829
fixed-00000039,440.0,4.0,0,0.09647070496291532,4.000000000000043
fixed-00000039,440.0,4.0,1,0.14103324514159507,2.931780248048341
fixed-00000039,440.0,4.0,2,0.008368380124490022,1.0924531720081205
fixed-00000039,440.0,4.0,3,0.0,0.0
fixed-00000039,440.0,4.0,4,0.0,0.0
fixed-00000039,440.0,4.0,5,0.0,0.0
fixed-00000039,440.0,4.0,6,0.0,0.0
fixed-00000039,440.0,4.0,7,0.0,0.0
fixed-00000039,440.0,4.0,8,0.0,0.0
fixed-00000039,440.0,4.0,9,0.0,0.0
fixed-00000039,440.0,4.0,10,0.0,0.0
fixed-00000039,440.0,4.0,11,0.0,0.0
fixed-00000039,440.0,4.0,12,0.0,0.0
fixed-00000039,440.0,4.0,13,0.0,0.0
fixed-00000039,440.0,4.0,14,0.0,0.0
fixed-00000039,440.0,4.0,15,0.0,0.0
fixed-00000039,440.0,4.0,16,0.0,0.0
fixed-00000039,440.0,4.0,17,0.0,0.0
fixed-00000039,440.0,4.0,18,0.0,0.0
fixed-00000039,440.0,4.0,19,0.0,0.0
fixed-00000039,440.0,4.0,20,0.0,0.0
fixed-00000040,450.0,4.0,-20,0.00013123087733318722,12.702966158118315
fixed-00000040,450.0,4.0,-19,7.588044430380421e-05,12.412553656294293
fixed-00000040,450.0,4.0,-18,0.00012208408634713903,12.115293466158121
fixed-00000040,450.0,4.0,-17,0.00011680493519660221,11.81066845284316
fixed-00000040,450.0,4.0,-16,8.877986401054572e-05,11.498093166079101
fixed-00000040,450.0,4.0,-15,0.00016618993970122327,11.17690050161626
fixed-00000040,450.0,4.0,-14,0.00017340026613575727,10.846324815409005
fixed-00000040,450.0,4.0,-13,0.00014110199586859213,10.505480264653997
fixed-00000040,450.0,4.0,-12,0.0002403029765892801,10.153332615240856
fixed-00000040,450.0,4.0,-11,0.0003477313914410665,9.788661932177646
fixed-00000040,450.0,4.0,-10,0.0002467352654933526,9.41001226788633
fixed-00000040,450.0,4.0,-9,0.00040408032263549473,9.015622340555637
fixed-00000040,450.0,4.0,-8,0.0009168468891559843,8.60332760953709
fixed-00000040,450.0,4.0,-7,0.00041572746735004957,8.170417848002046
fixed-00000040,450.0,4.0,-6,0.0010650339658082645,7.713422675659928
fixed-00000040,450.0,4.0,-5,0.0027114643042425906,7.227774780095174
fixed-00000040,450.0,4.0,-4,0.0007361294937469659,6.707252950125579
fixed-00000040,450.0,4.0,-3,0.004644007415336713,6.142998339829504
fixed-00000040,450.0,4.0,-2,0.008113969322917075,5.521619808342521
fixed-00000040,450.0,4.0,-1,0.03469962372463136,4.821079743384956
fixed-00000040,450.0,4.0,0,0.1085129970906585,4.000000000000043
fixed-00000040,450.0,4.0,1,0.13290936484546195,2.9597049311129666
fixed-00000040,450.0,4.0,2,0.010168895664781609,1.2338425267338948
fixed-00000040,450.0,4.0,3,0.0,0.0
fixed-00000040,450.0,4.0,4,0.0,0.0
fixed-00000040,450.0,4.0,5,0.0,0.0
fixed-00000040,450.0,4.0,6,0.0,0.0
fixed-00000040,450.0,4.0,7,0.0,0.0
fixed-00000040,450.0,4.0,8,0.0,0.0
fixed-00000040,450.0,4.0,9,0.0,0.0
fixed-00000040,450.0,4.0,10,0.0,0.0
fixed-00000040,450.0,4.0,11,0.0,0.0
fixed-00000040,450.0,4.0,12,0.0,0.0
fixed-00000040,450.0,4.0,13,0.0,0.0
fixed-00000040,450.0,4.0,14,0.0,0.0
fixed-00000040,450.0,4.0,15,0.0,0.0
fixed-00000040,450.0,4.0,16,0.0,0.0
fixed-00000040,450.0,4.0,17,0.0,0.0
fixed-00000040,450.0,4.0,18,0.0,0.0
fixed-00000040,450.0,4.0,19,0.0,0.0
fixed-00000040,450.0,4.0,20,0.0,0.0
fixed-00000041,460.0,4.0,-20,0.0001167892833466822,12.577510579407715
fixed-00000041,460.0,4.0,-19,6.874695598135743e-05,12.290630459977635
fixed-00000041,460.0,4.0,-18,0.00011296191463111861,11.997000160210277
fixed-00000041,460.0,4.0,-17,0.00010212029069059085,11.696111205778067
fixed-00000041,460.0,4.0,-16,7.934420611168426e-05,11.387388125912437
fixed-00000041,460.0,4.0,-15,0.00015538266458141962,11.070175408225822
fixed-00000041,460.0,4.0,-14,0.00015142527878958493,10.743720994389975
fixed-00000041,460.0,4.0,-13,0.00012527851893373766,10.407155124901223
fixed-00000041,460.0,4.0,-12,0.00022602281875199736,10.059462823221452
fixed-00000041,460.0,4.0,-11,0.00030690430150182534,9.699447513130764
fixed-00000041,460.0,4.0,-10,0.00021725717908348846,9.325682005200974
fixed-00000041,460.0,4.0,-9,0.00037962091154110486,8.93644104020727
fixed-00000041,460.0,4.0,-8,0.0008306463224018642,8.529606124486918
fixed-00000041,460.0,4.0,-7,0.0003596968740731806,8.102527331430608
fixed-00000041,460.0,4.0,-6,0.0010036995755345127,7.651815588106331
fixed-00000041,460.0,4.0,-5,0.002545222070579985,7.1730172404364225
fixed-00000041,460.0,4.0,-4,0.000582373384181415,6.660077368214232
fixed-00000041,460.0,4.0,-3,0.004484112304790858,6.104395321148445
fixed-00000041,460.0,4.0,-2,0.007605670663014273,5.493014580257693
fixed-00000041,460.0,4.0,-1,0.029023654100457583,4.804719468232179
fixed-00000041,460.0,4.0,0,0.12045151922119987,4.000000000000043
fixed-00000041,460.0,4.0,1,0.12421228099685758,2.986171373421186
fixed-00000041,460.0,4.0,2,0.011992715181682843,1.3553543387345144
fixed-00000041,460.0,4.0,3,0.0,0.0
fixed-00000041,460.0,4.0,4,0.0,0.0
fixed-00000041,460.0,4.0,5,0.0,0.0
fixed-00000041,460.0,4.0,6,0.0,0.0
fixed-00000041,460.0,4.0,7,0.0,0.0
fixed-00000041,460.0,4.0,8,0.0,0.0
fixed-00000041,460.0,4.0,9,0.0,0.0
fixed-00000041,460.0,4.0,10,0.0,0.0
fixed-00000041,460.0,4.0,11,0.0,0.0
fixed-00000041,460.0,4.0,12,0.0,0.0
fixed-00000041,460.0,4.0,13,0.0,0.0
fixed-00000041,460.0,4.0,14,0.0,0.0
fixed-00000041,460.0,4.0,15,0.0,0.0
fixed-00000041,460.0,4.0,16,0.0,0.0
fixed-00000041,460.0,4.0,17,0.0,0.0
fixed-00000041,460.0,4.0,18,0.0,0.0
fixed-00000041,460.0,4.0,19,0.0,0.0
fixed-00000041,460.0,4.0,20,0.0,0.0
fixed-00000042,470.0,4.0,-20,0.00010460954358468527,12.456228814270318
fixed-00000042,470.0,4.0,-19,6.33129375643713e-05,12.172768968466443
fixed-00000042,470.0,4.0,-18,0.0001051100147552111,11.882653470494859
fixed-00000042,470.0,4.0,-17,8.930138904349206e-05,11.585382237029776
fixed-00000042,470.0,4.0,-16,7.201706078352554e-05,11.28038946496281
fixed-00000042,470.0,4.0,-15,0.00014603905414368272,10.967030869800126
fixed-00000042,470.0,4.0,-14,0.00013193813650924383,10.644567549905517
fixed-00000042,470.0,4.0,-13,0.0001125299738073851,10.31214531767661
fixed-00000042,470.0,4.0,-12,0.00021362293330221165,9.968767836736134
fixed-00000042,470.0,4.0,-11,0.0002699789214115054,9.613261133217293
fixed-00000042,470.0,4.0,-10,0.00019224414925021443,9.244225833195756
fixed-00000042,470.0,4.0,-9,0.000357967196606065,8.85997150158471
fixed-00000042,470.0,4.0,-8,0.0007501687311619856,8.458424131399937
fixed-00000042,470.0,4.0,-7,0.00030979944004456067,8.036992005791461
fixed-00000042,470.0,4.0,-6,0.0009477178993035498,7.592364458324127
fixed-00000042,470.0,4.0,-5,0.0023832193997247947,7.12019728699272
fixed-00000042,470.0,4.0,-4,0.00044898570829946476,6.614595409808928
fixed-00000042,470.0,4.0,-3,0.004335941033530005,6.067205706207318
fixed-00000042,470.0,4.0,-2,0.007129737467374674,5.465486736837221
fixed-00000042,470.0,4.0,-1,0.02383512501001643,4.789003125134016
fixed-00000042,470.0,4.0,0,0.13261928506364073,4.000000000000043
fixed-00000042,470.0,4.0,1,0.11548368687211001,3.011293809692063
fixed-00000042,470.0,4.0,2,0.013870749051618343,1.462265398478209
fixed-00000042,470.0,4.0,3,0.0,0.0
fixed-00000042,470.0,4.0,4,0.0,0.0
fixed-00000042,470.0,4.0,5,0.0,0.0
fixed-00000042,470.0,4.0,6,0.0,0.0
fixed-00000042,470.0,4.0,7,0.0,0.0
fixed-00000042,470.0,4.0,8,0.0,0.0
fixed-00000042,470.0,4.0,9,0.0,0.0
fixed-00000042,470.0,4.0,10,0.0,0.0
fixed-00000042,470.0,4.0,11,0.0,0.0
fixed-00000042,470.0,4.0,12,0.0,0.0
fixed-00000042,470.0,4.0,13,0.0,0.0
fixed-00000042,470.0,4.0,14,0.0,0.0
fixed-00000042,470.0,4.0,15,0.0,0.0
fixed-00000042,470.0,4.0,16,0.0,0.0
fixed-00000042,470.0,4.0,17,0.0,0.0
fixed-00000042,470.0,4.0,18,0.0,0.0
fixed-00000042,470.0,4.0,19,0.0,0.0
fixed-00000042,470.0,4.0,20,0.0,0.0
fixed-00000043,480.0,4.0,-20,9.327760775847034e-05,12.338899720932332
fixed-00000043,480.0,4.0,-19,5.906817988769598e-05,12.058753916039905
fixed-00000043,480.0,4.0,-18,9.774870825202146e-05,11.772044157333369
fixed-00000043,480.0,4.0,-17,7.733016002077368e-05,11.478278496429667
fixed-00000043,480.0,4.0,-16,6.634159221491028e-05,11.176900501616302
fixed-00000043,480.0,4.0,-15,0.00013729184728449416,10.867276770488644
fixed-00000043,480.0,4.0,-14,0.00011374700376857025,10.548681150469449
fixed-00000043,480.0,4.0,-13,0.00010217437614704404,10.220274539944285
fixed-00000043,480.0,4.0,-12,0.0002024096666037724,9.881078656044693
fixed-00000043,480.0,4.0,-11,0.0002352495258333547,9.529941408533489
fixed-00000043,480.0,4.0,-10,0.00017054457013792132,9.165490343367907
fixed-00000043,480.0,4.0,-9,0.0003395260157765868,8.786068711064956
fixed-00000043,480.0,4.0,-8,0.0006723003862651436,8.389645509317262
fixed-00000043,480.0,4.0,-7,0.0002644993891459864,7.973685246153153
fixed-00000043,480.0,4.0,-6,0.000899532095803188,7.534952908764538
fixed-00000043,480.0,4.0,-5,0.0022203902776488284,7.069209758944453
fixed-00000043,480.0,4.0,-4,0.000335767921691891,6.570714442852491
fixed-00000043,480.0,4.0,-3,0.0042046787284640876,6.03135129215535
fixed-00000043,480.0,4.0,-2,0.006694273716985283,5.438975549640787
fixed-00000043,480.0,4.0,-1,0.0191322184439103,4.773893191801832
fixed-00000043,480.0,4.0,0,0.14480278235788316,4.000000000000128
fixed-00000043,480.0,4.0,1,0.10675398224789955,3.035174537183508
fixed-00000043,480.0,4.0,2,0.015847785464242297,1.5578535504268984
fixed-00000043,480.0,4.0,3,0.0,0.0
fixed-00000043,480.0,4.0,4,0.0,0.0
fixed-00000043,480.0,4.0,5,0.0,0.0
fixed-00000043,480.0,4.0,6,0.0,0.0
fixed-00000043,480.0,4.0,7,0.0,0.0
fixed-00000043,480.0,4.0,8,0.0,0.0
fixed-00000043,480.0,4.0,9,0.0,0.0
fixed-00000043,480.0,4.0,10,0.0,0.0
fixed-00000043,480.0,4.0,11,0.0,0.0
fixed-00000043,480.0,4.0,12,0.0,0.0
fixed-00000043,480.0,4.0,13,0.0,0.0
fixed-00000043,480.0,4.0,14,0.0,0.0
fixed-00000043,480.0,4.0,15,0.0,0.0
fixed-00000043,480.0,4.0,16,0.0,0.0
fixed-00000043,480.0,4.0,17,0.0,0.0
fixed-00000043,480.0,4.0,18,0.0,0.0
fixed-00000043,480.0,4.0,19,0.0,0.0
fixed-00000043,480.0,4.0,20,0.0,0.0
fixed-00000044,490.0,4.0,-20,8.043243976017132e-05,12.225318145104808
fixed-00000044,490.0,4.0,-19,5.405001188120281e-05,11.948385599975978
fixed-00000044,490.0,4.0,-18,8.835968586730055e-05,11.66497810905598
fixed-00000044,490.0,4.0,-17,6.427260695244881e-05,11.374611615381397
fixed-00000044,490.0,4.0,-16,6.021175915022614e-05,11.076738776861475
fixed-00000044,490.0,4.0,-15,0.00012544071529816493,10.770736744273435
fixed-00000044,490.0,4.0,-14,9.398279946043697e-05,10.455891726370012
fixed-00000044,490.0,4.0,-13,9.111592654564138e-05,10.131379245325505
fixed-00000044,490.0,4.0,-12,0.00018659593258099264,9.796238513755625
fixed-00000044,490.0,4.0,-11,0.00019716826230948664,9.449338641416006
fixed-00000044,490.0,4.0,-10,0.0001469868234664986,9.089333242301052
fixed-00000044,490.0,4.0,-9,0.000315129029750071,8.714598169784495
fixed-00000044,490.0,4.0,-8,0.0005827088812570368,8.323144017155428
fixed-00000044,490.0,4.0,-7,0.00021541024584465206,7.9124896307686186
fixed-00000044,490.0,4.0,-6,0.000841785604822159,7.479473036402908
fixed-00000044,490.0,4.0,-5,0.0020120820418848403,7.019957174357458
fixed-00000044,490.0,4.0,-4,0.00023229090872590083,6.528348627774008
fixed-00000044,490.0,4.0,-3,0.004023822169535373,5.996759649897882
fixed-00000044,490.0,4.0,-2,0.006192538564266987,5.413424829013778
fixed-00000044,490.0,4.0,-1,0.014739200694583305,4.7593550215627545
fixed-00000044,490.0,4.0,0,0.15539164447438417,4.000000000000128
fixed-00000044,490.0,4.0,1,0.09710815113316423,3.057905474932099
fixed-00000044,490.0,4.0,2,0.01780742040119331,1.6443284594506906
fixed-00000044,490.0,4.0,3,0.0,0.0
fixed-00000044,490.0,4.0,4,0.0,0.0
fixed-00000044,490.0,4.0,5,0.0,0.0
fixed-00000044,490.0,4.0,6,0.0,0.0
fixed-00000044,490.0,4.0,7,0.0,0.0
fixed-00000044,490.0,4.0,8,0.0,0.0
fixed-00000044,490.0,4.0,9,0.0,0.0
fixed-00000044,490.0,4.0,10,0.0,0.0
fixed-00000044,490.0,4.0,11,0.0,0.0
fixed-00000044,490.0,4.0,12,0.0,0.0
fixed-00000044,490.0,4.0,13,0.0,0.0
fixed-00000044,490.0,4.0,14,0.0,0.0
fixed-00000044,490.0,4.0,15,0.0,0.0
fixed-00000044,490.0,4.0,16,0.0,0.0
fixed-00000044,490.0,4.0,17,0.0,0.0
fixed-00000044,490.0,4.0,18,0.0,0.0
fixed-00000044,490.0,4.0,19,0.0,0.0
fixed-00000044,490.0,4.0,20,0.0,0.0
fixed-00000045,500.0,4.0,-20,6.902940153338641e-05,12.115293466158121
fixed-00000045,500.0,4.0,-19,4.958451101501072e-05,11.8414784654246
fixed-00000045,500.0,4.0,-18,7.902972980688496e-05,11.561274966505863
fixed-00000045,500.0,4.0,-17,5.250455601424658e-05,11.274206572013128
fixed-00000045,500.0,4.0,-16,5.4957112092730906e-05,10.979734761202295
fixed-00000045,500.0,4.0,-15,0.00011315927944085132,10.677246924869209
fixed-00000045,500.0,4.0,-14,7.578471569120021e-05,10.366041263914951
fixed-00000045,500.0,4.0,-13,8.151130100994433e-05,10.045307484204272
fixed-00000045,500.0,4.0,-12,0.00016942046665833303,9.714101762495858
fixed-00000045,500.0,4.0,-11,0.00016106778148901882,9.371313757611418
fixed-00000045,500.0,4.0,-10,0.0001256905115516322,9.01562234055568
fixed-00000045,500.0,4.0,-9,0.0002877812457537478,8.645434936834732
fixed-00000045,500.0,4.0,-8,0.0004934086585216181,8.258802394264194
fixed-00000045,500.0,4.0,-7,0.00016942894419675011,7.85329610268785
fixed-00000045,500.0,4.0,-6,0.0007781793477202912,7.425824639985038
fixed-00000045,500.0,4.0,-5,0.0017862431688578072,6.972349028947647
fixed-00000045,500.0,4.0,-4,0.00014443825932531606,6.487418295723927
fixed-00000045,500.0,4.0,-3,0.0038120666746497282,5.96336359338612
fixed-00000045,500.0,4.0,-2,0.005653117065689061,5.388782503478367
fixed-00000045,500.0,4.0,-1,0.010857317923773703,4.745356571759629
fixed-00000045,500.0,4.0,0,0.1646446568202736,4.000000000000128
fixed-00000045,500.0,4.0,1,0.0870647832664861,3.07956947893598
fixed-00000045,500.0,4.0,2,0.019686010549094957,1.7232677700620371
fixed-00000045,500.0,4.0,3,0.0,0.0
fixed-00000045,500.0,4.0,4,0.0,0.0
fixed-00000045,500.0,4.0,5,0.0,0.0
fixed-00000045,500.0,4.0,6,0.0,0.0
fixed-00000045,500.0,4.0,7,0.0,0.0
fixed-00000045,500.0,4.0,8,0.0,0.0
fixed-00000045,500.0,4.0,9,0.0,0.0
fixed-00000045,500.0,4.0,10,0.0,0.0
fixed-00000045,500.0,4.0,11,0.0,0.0
fixed-00000045,500.0,4.0,12,0.0,0.0
fixed-00000045,500.0,4.0,13,0.0,0.0
fixed-00000045,500.0,4.0,14,0.0,0.0
fixed-00000045,500.0,4.0,15,0.0,0.0
fixed-00000045,500.0,4.0,16,0.0,0.0
fixed-00000045,500.0,4.0,17,0.0,0.0
fixed-00000045,500.0,4.0,18,0.0,0.0
fixed-00000045,500.0,4.0,19,0.0,0.0
fixed-00000045,500.0,4.0,20,0.0,0.0
fixed-00000046,510.0,4.0,-20,5.842622069388221e-05,12.00864830157974
fixed-00000046,510.0,4.0,-19,4.507247458732644e-05,11.73785984433411
fixed-00000046,510.0,4.0,-18,6.92801731656998e-05,11.46076689726786
fixed-00000046,510.0,4.0,-17,4.169611391261168e-05,11.17690050161626
fixed-00000046,510.0,4.0,-16,4.994047413355404e-05,10.885730702301743
fixed-00000046,510.0,4.0,-15,9.978576783268729e-05,10.586654831666607
fixed-00000046,510.0,4.0,-14,5.8857747672212156e-05,10.278982730887435
fixed-00000046,510.0,4.0,-13,7.251495008088699e-05,9.961917870049362
fixed-00000046,510.0,4.0,-12,0.00014992688088981233,9.63453288362129
fixed-00000046,510.0,4.0,-11,0.00012658459160858545,9.295737359102532
fixed-00000046,510.0,4.0,-10,0.00010567469284229209,8.944234651595096
fixed-00000046,510.0,4.0,-9,0.00025598776343728935,8.578462776597007
fixed-00000046,510.0,4.0,-8,0.00040361369920017593,8.19651155890179
fixed-00000046,510.0,4.0,-7,0.00012627073807034946,7.796003222671089
fixed-00000046,510.0,4.0,-6,0.0007057103225966261,7.373914531470007
fixed-00000046,510.0,4.0,-5,0.001539213825946509,6.926301171313213
fixed-00000046,510.0,4.0,-4,7.40020514998513e-05,6.447849394706807
fixed-00000046,510.0,4.0,-3,0.00355548474965618,5.931100707011325
fixed-00000046,510.0,4.0,-2,0.005057749128486113,5.3650002454304655
fixed-00000046,510.0,4.0,-1,0.007530578459679333,4.731868162490429
fixed-00000046,510.0,4.0,0,0.1717152451930861,3.999999999999943
fixed-00000046,510.0,4.0,1,0.07658444209180434,3.100241457700733
fixed-00000046,510.0,4.0,2,0.021374683082423167,1.7958468702815367
fixed-00000046,510.0,4.0,3,0.0,0.0
fixed-00000046,510.0,4.0,4,0.0,0.0
fixed-00000046,510.0,4.0,5,0.0,0.0
fixed-00000046,510.0,4.0,6,0.0,0.0
fixed-00000046,510.0,4.0,7,0.0,0.0
fixed-00000046,510.0,4.0,8,0.0,0.0
fixed-00000046,510.0,4.0,9,0.0,0.0
fixed-00000046,510.0,4.0,10,0.0,0.0
fixed-00000046,510.0,4.0,11,0.0,0.0
fixed-00000046,510.0,4.0,12,0.0,0.0
fixed-00000046,510.0,4.0,13,0.0,0.0
fixed-00000046,510.0,4.0,14,0.0,0.0
fixed-00000046,510.0,4.0,15,0.0,0.0
fixed-00000046,510.0,4.0,16,0.0,0.0
fixed-00000046,510.0,4.0,17,0.0,0.0
fixed-00000046,510.0,4.0,18,0.0,0.0
fixed-00000046,510.0,4.0,19,0.0,0.0
fixed-00000046,510.0,4.0,20,0.0,0.0
fixed-00000047,520.0,4.0,-20,5.2579348460586164e-05,11.905217349750558
fixed-00000047,520.0,4.0,-19,4.2264629116297754e-05,11.637368829002952
fixed-00000047,520.0,4.0,-18,6.247846934319747e-05,11.363297500741439
fixed-00000047,520.0,4.0,-17,3.459449090387429e-05,11.08254163405276
fixed-00000047,520.0,4.0,-16,4.661411453962148e-05,10.794579595613783
fixed-00000047,520.0,4.0,-15,8.990133201689651e-05,10.498818374569126
fixed-00000047,520.0,4.0,-14,4.6823125525181567e-05,10.194579116674106
fixed-00000047,520.0,4.0,-13,6.633121217335094e-05,9.881078656044693
fixed-00000047,520.0,4.0,-12,0.00013398592247246228,9.557405601711935
fixed-00000047,520.0,4.0,-11,0.0001003842134973304,9.222488878015653
fixed-00000047,520.0,4.0,-10,9.106610853252589e-05,8.875055586881174
fixed-00000047,520.0,4.0,-9,0.00022532733856273513,8.513573397092799
fixed-00000047,520.0,4.0,-8,0.0003314949289263714,8.136169892284855
fixed-00000047,520.0,4.0,-7,9.28775007427155e-05,7.740516501892586
fixed-00000047,520.0,4.0,-6,0.0006302347044989413,7.32365592105198
fixed-00000047,520.0,4.0,-5,0.001327336464357695,6.881735244987794
fixed-00000047,520.0,4.0,-4,2.6771340641770455e-05,6.409572995038118
fixed-00000047,520.0,4.0,-3,0.003296000358219911,5.899912923755764
fixed-00000047,520.0,4.0,-2,0.004493927636956917,5.342033137263584
fixed-00000047,520.0,4.0,-1,0.004905782268398666,4.718862261789724
fixed-00000047,520.0,4.0,0,0.17858798304793083,3.999999999999943
fixed-00000047,520.0,4.0,1,0.06658003790276348,3.1199893233792295
fixed-00000047,520.0,4.0,2,0.022776437948076215,1.8629706538812485
fixed-00000047,520.0,4.0,3,0.0,0.0
fixed-00000047,520.0,4.0,4,0.0,0.0
fixed-00000047,520.0,4.0,5,0.0,0.0
fixed-00000047,520.0,4.0,6,0.0,0.0
fixed-00000047,520.0,4.0,7,0.0,0.0
fixed-00000047,520.0,4.0,8,0.0,0.0
fixed-00000047,520.0,4.0,9,0.0,0.0
fixed-00000047,520.0,4.0,10,0.0,0.0
fixed-00000047,520.0,4.0,11,0.0,0.0
fixed-00000047,520.0,4.0,12,0.0,0.0
fixed-00000047,520.0,4.0,13,0.0,0.0
fixed-00000047,520.0,4.0,14,0.0,0.0
fixed-00000047,520.0,4.0,15,0.0,0.0
fixed-00000047,520.0,4.0,16,0.0,0.0
fixed-00000047,520.0,4.0,17,0.0,0.0
fixed-00000047,520.0,4.0,18,0.0,0.0
fixed-00000047,520.0,4.0,19,0.0,0.0
fixed-00000047,520.0,4.0,20,0.0,0.0
fixed-00000048,530.0,4.0,-20,5.6457521781564006e-05,11.804846353924574
fixed-00000048,530.0,4.0,-19,4.7817588285493466e-05,11.539855263600288
fixed-00000048,530.0,4.0,-18,6.455523858099728e-05,11.268720827871178
fixed-00000048,530.0,4.0,-17,3.450588621415495e-05,10.990988342425112
fixed-00000048,530.0,4.0,-16,5.2375799133244935e-05,10.706144262791852
fixed-00000048,530.0,4.0,-15,9.290611605063187e-05,10.413604963019466
fixed-00000048,530.0,4.0,-14,4.4059665436131524e-05,10.112702572883805
fixed-00000048,530.0,4.0,-13,7.340274859252849e-05,9.802666908387508
fixed-00000048,530.0,4.0,-12,0.00013798623695904314,9.48260209177191
fixed-00000048,530.0,4.0,-11,9.127234383406811e-05,9.151455819110154
fixed-00000048,530.0,4.0,-10,9.682745354022287e-05,8.80797823524668
fixed-00000048,530.0,4.0,-9,0.00022687704333021147,8.450665768094211
fixed-00000048,530.0,4.0,-8,0.00030281149967938456,8.077682597631096
fixed-00000048,530.0,4.0,-7,8.568694978136581e-05,7.686747804566139
fixed-00000048,530.0,4.0,-6,0.0006184275095711116,7.2749678666584
fixed-00000048,530.0,4.0,-5,0.0012510146820977285,6.838578189041442
fixed-00000048,530.0,4.0,-4,7.923738606253912e-06,6.37252484677397
fixed-00000048,530.0,4.0,-3,0.00329196396461446,5.869746147798878
fixed-00000048,530.0,4.0,-2,0.004325186932933225,5.319839372881049
fixed-00000048,530.0,4.0,-1,0.0031512756798167,4.706313293920829
fixed-00000048,530.0,4.0,0,0.19293624633932438,4.000000000000043
fixed-00000048,530.0,4.0,1,0.0598341863037128,3.138874806668909
fixed-00000048,530.0,4.0,2,0.025033112924183067,1.9253541332400914
fixed-00000048,530.0,4.0,3,0.0,0.0
fixed-00000048,530.0,4.0,4,0.0,0.0
fixed-00000048,530.0,4.0,5,0.0,0.0
fixed-00000048,530.0,4.0,6,0.0,0.0
fixed-00000048,530.0,4.0,7,0.0,0.0
fixed-00000048,530.0,4.0,8,0.0,0.0
fixed-00000048,530.0,4.0,9,0.0,0.0
fixed-00000048,530.0,4.0,10,0.0,0.0
fixed-00000048,530.0,4.0,11,0.0,0.0
fixed-00000048,530.0,4.0,12,0.0,0.0
fixed-00000048,530.0,4.0,13,0.0,0.0
fixed-00000048,530.0,4.0,14,0.0,0.0
fixed-00000048,530.0,4.0,15,0.0,0.0
fixed-00000048,530.0,4.0,16,0.0,0.0
fixed-00000048,530.0,4.0,17,0.0,0.0
fixed-00000048,530.0,4.0,18,0.0,0.0
fixed-00000048,530.0,4.0,19,0.0,0.0
fixed-00000048,530.0,4.0,20,0.0,0.0
fixed-00000049,540.0,4.0,-20,5.565515767803088e-05,11.707391172695964
fixed-00000049,540.0,4.0,-19,5.1451689668429095e-05,11.445178839332968
fixed-00000049,540.0,4.0,-18,6.216465465230669e-05,11.176900501616302
fixed-00000049,540.0,4.0,-17,3.191774124857831e-05,10.902108289504397
fixed-00000049,540.0,4.0,-16,5.718397999347286e-05,10.620296524793474
fixed-00000049,540.0,4.0,-15,8.97054197168861e-05,10.33089070657202
fixed-00000049,540.0,4.0,-14,3.828045639574265e-05,10.033233642263525
fixed-00000049,540.0,4.0,-13,7.948930308057508e-05,9.726567764525285
fixed-00000049,540.0,4.0,-12,0.000134109917434678,9.410012267886245
fixed-00000049,540.0,4.0,-11,7.655563302989119e-05,9.08253308010309
fixed-00000049,540.0,4.0,-10,0.00010108188077269506,8.742902716320742
fixed-00000049,540.0,4.0,-9,0.00022217577321211987,8.389645509317262
fixed-00000049,540.0,4.0,-8,0.00025549504063640375,8.020961125094075
fixed-00000049,540.0,4.0,-7,7.68580810165085e-05,7.634614812005779
fixed-00000049,540.0,4.0,-6,0.0006032005427596857,7.227774780095174
fixed-00000049,540.0,4.0,-5,0.0011002266559669031,6.796761790119547
fixed-00000049,540.0,4.0,-4,1.1125344895179742e-08,6.336644982795491
fixed-00000049,540.0,4.0,-3,0.0032296290711426737,5.840549916165088
fixed-00000049,540.0,4.0,-2,0.004035209269480133,5.298379990270192
fixed-00000049,540.0,4.0,-1,0.0018552077165965555,4.694197467919281
fixed-00000049,540.0,4.0,0,0.2026401148506025,4.000000000000043
fixed-00000049,540.0,4.0,1,0.052147465162166035,3.1569541581493326
fixed-00000049,540.0,4.0,2,0.027274774435915517,1.9835743440105915
fixed-00000049,540.0,4.0,3,0.0,0.0
fixed-00000049,540.0,4.0,4,0.0,0.0
fixed-00000049,540.0,4.0,5,0.0,0.0
fixed-00000049,540.0,4.0,6,0.0,0.0
fixed-00000049,540.0,4.0,7,0.0,0.0
fixed-00000049,540.0,4.0,8,0.0,0.0
fixed-00000049,540.0,4.0,9,0.0,0.0
fixed-00000049,540.0,4.0,10,0.0,0.0
fixed-00000049,540.0,4.0,11,0.0,0.0
fixed-00000049,540.0,4.0,12,0.0,0.0
fixed-00000049,540.0,4.0,13,0.0,0.0
fixed-00000049,540.0,4.0,14,0.0,0.0
fixed-00000049,540.0,4.0,15,0.0,0.0
fixed-00000049,540.0,4.0,16,0.0,0.0
fixed-00000049,540.0,4.0,17,0.0,0.0
fixed-00000049,540.0,4.0,18,0.0,0.0
fixed-00000049,540.0,4.0,19,0.0,0.0
fixed-00000049,540.0,4.0,20,0.0,0.0
fixed-00000050,550.0,4.0,-20,5.561535297394099e-05,11.612716944258466
fixed-00000050,550.0,4.0,-19,5.419889708913065e-05,11.353208280905505
fixed-00000050,550.0,4.0,-18,5.926089973360636e-05,11.087708926153098
fixed-00000050,550.0,4.0,-17,3.017057123122046e-05,10.81577766026615
fixed-00000050,550.0,4.0,-16,6.10645371966278e-05,10.536916458396973
fixed-00000050,550.0,4.0,-15,8.522205413213687e-05,10.250559696102755
fixed-00000050,550.0,4.0,-14,3.356879784292118e-05,9.956060565391013
fixed-00000050,550.0,4.0,-13,8.459140134491106e-05,9.652673766211109
fixed-00000050,550.0,4.0,-12,0.00012709735068280786,9.339533143629737
fixed-00000050,550.0,4.0,-11,6.322689950376197e-05,9.015622340555552
fixed-00000050,550.0,4.0,-10,0.0001046609226191414,8.679735599183942
fixed-00000050,550.0,4.0,-9,0.000209980498110567,8.33042434034833
fixed-00000050,550.0,4.0,-8,0.00020859648207884176,7.965922654739103
fixed-00000050,550.0,4.0,-7,6.939097629992892e-05,7.58404054079962
fixed-00000050,550.0,4.0,-6,0.0005715153279670713,7.182005983087052
fixed-00000050,550.0,4.0,-5,0.0009333740827041655,6.756222279782023
fixed-00000050,550.0,4.0,-4,8.475927100902261e-06,6.30187736209605
fixed-00000050,550.0,4.0,-3,0.003104809928098362,5.812277094742029
fixed-00000050,550.0,4.0,-2,0.0036746381569328756,5.277618631405375
fixed-00000050,550.0,4.0,-1,0.0011295866601602426,4.682492623926009
fixed-00000050,550.0,4.0,0,0.20972846708337767,4.000000000000043
fixed-00000050,550.0,4.0,1,0.044202717234596144,3.174278754446547
fixed-00000050,550.0,4.0,2,0.029097770979774958,2.038105178627262
fixed-00000050,550.0,4.0,3,0.0,0.0
fixed-00000050,550.0,4.0,4,0.0,0.0
fixed-00000050,550.0,4.0,5,0.0,0.0
fixed-00000050,550.0,4.0,6,0.0,0.0
fixed-00000050,550.0,4.0,7,0.0,0.0
fixed-00000050,550.0,4.0,8,0.0,0.0
fixed-00000050,550.0,4.0,9,0.0,0.0
fixed-00000050,550.0,4.0,10,0.0,0.0
fixed-00000050,550.0,4.0,11,0.0,0.0
fixed-00000050,550.0,4.0,12,0.0,0.0
fixed-00000050,550.0,4.0,13,0.0,0.0
fixed-00000050,550.0,4.0,14,0.0,0.0
fixed-00000050,550.0,4.0,15,0.0,0.0
fixed-00000050,550.0,4.0,16,0.0,0.0
fixed-00000050,550.0,4.0,17,0.0,0.0
fixed-00000050,550.0,4.0,18,0.0,0.0
fixed-00000050,550.0,4.0,19,0.0,0.0
fixed-00000050,550.0,4.0,20,0.0,0.0
fixed-00000051,560.0,4.0,-20,5.902872418009504e-05,11.520697333479006
fixed-00000051,560.0,4.0,-19,5.999908176959089e-05,11.26382061358683
fixed-00000051,560.0,4.0,-18,5.8655280780030025e-05,11.001026574425026
fixed-00000051,560.0,4.0,-17,3.146728754417807e-05,10.731880470457497
fixed-00000051,560.0,4.0,-16,6.878471236822948e-05,10.45589172636997
fixed-00000051,560.0,4.0,-15,8.397623572480993e-05,10.172503356222151
fixed-00000051,560.0,4.0,-14,3.280608891891504e-05,9.881078656044693
fixed-00000051,560.0,4.0,-13,9.572985959379373e-05,9.580884258625872
fixed-00000051,560.0,4.0,-12,0.00012518672367370392,9.27106825583462
fixed-00000051,560.0,4.0,-11,5.639062457958431e-05,8.950631511301339
fixed-00000051,560.0,4.0,-10,0.00011819047844744545,8.618389378622567
fixed-00000051,560.0,4.0,-9,0.00020727975733630165,8.27291958508114
fixed-00000051,560.0,4.0,-8,0.0001745319281676023,7.9124896307686186
fixed-00000051,560.0,4.0,-7,7.557404163112904e-05,7.5349529087644385
fixed-00000051,560.0,4.0,-6,0.0005607239375879542,7.137595307370333
fixed-00000051,560.0,4.0,-5,0.0007912019173465047,6.71689997183698
fixed-00000051,560.0,4.0,-4,3.308127856365039e-05,6.268169548557026
fixed-00000051,560.0,4.0,-3,0.003048171764957979,5.784883604631474
fixed-00000051,560.0,4.0,-2,0.0033932105731078166,5.257521326257304
fixed-00000051,560.0,4.0,-1,0.0010493741715058525,4.671178095187116
fixed-00000051,560.0,4.0,0,0.2177801369515795,4.000000000000043
fixed-00000051,560.0,4.0,1,0.037154570710846366,3.1908956242289577
fixed-00000051,560.0,4.0,2,0.031206125521703862,2.089341578597498
fixed-00000051,560.0,4.0,3,0.0,0.0
fixed-00000051,560.0,4.0,4,0.0,0.0
fixed-00000051,560.0,4.0,5,0.0,0.0
fixed-00000051,560.0,4.0,6,0.0,0.0
fixed-00000051,560.0,4.0,7,0.0,0.0
fixed-00000051,560.0,4.0,8,0.0,0.0
fixed-00000051,560.0,4.0,9,0.0,0.0
fixed-00000051,560.0,4.0,10,0.0,0.0
fixed-00000051,560.0,4.0,11,0.0,0.0
fixed-00000051,560.0,4.0,12,0.0,0.0
fixed-00000051,560.0,4.0,13,0.0,0.0
fixed-00000051,560.0,4.0,14,0.0,0.0
fixed-00000051,560.0,4.0,15,0.0,0.0
fixed-00000051,560.0,4.0,16,0.0,0.0
fixed-00000051,560.0,4.0,17,0.0,0.0
fixed-00000051,560.0,4.0,18,0.0,0.0
fixed-00000051,560.0,4.0,19,0.0,0.0
fixed-00000051,560.0,4.0,20,0.0,0.0
fixed-00000052,570.0,4.0,-20,6.0633077734590006e-05,11.43121385226128
fixed-00000052,570.0,4.0,-19,6.320061206458976e-05,11.17690050161626
fixed-00000052,570.0,4.0,-18,5.593791877204913e-05,10.916741345033486
fixed-00000052,570.0,4.0,-17,3.2423120505896987e-05,10.650307942455399
fixed-00000052,570.0,4.0,-16,7.403123670338832e-05,10.377116972823487
fixed-00000052,570.0,4.0,-15,7.93720428144283e-05,10.096619860707065
fixed-00000052,570.0,4.0,-14,3.221936509745937e-05,9.80818973735775
fixed-00000052,570.0,4.0,-13,0.00010393417901415445,9.511104847972902
fixed-00000052,570.0,4.0,-12,0.00011764063482791396,9.204527144434849
fixed-00000052,570.0,4.0,-11,5.0051388986998054e-05,8.887474237458349
fixed-00000052,570.0,4.0,-10,0.00012895060713475292,8.558782002362335
fixed-00000052,570.0,4.0,-9,0.00019521245895736379,8.217053724399236
fixed-00000052,570.0,4.0,-8,0.0001388301492845181,7.860589341106007
fixed-00000052,570.0,4.0,-7,8.402519325790971e-05,7.487284343186758
fixed-00000052,570.0,4.0,-6,0.0005335137618402609,7.094480733772272
fixed-00000052,570.0,4.0,-5,0.0006239937474813446,6.678738935066164
fixed-00000052,570.0,4.0,-4,8.034367197005112e-05,6.2354724211239585
fixed-00000052,570.0,4.0,-3,0.0029143735908913507,5.758328175331485
fixed-00000052,570.0,4.0,-2,0.003007257567434723,5.23805629811234
fixed-00000052,570.0,4.0,-1,0.001576821581851681,4.6602345838808645
fixed-00000052,570.0,4.0,0,0.22086366170492952,4.000000000000043
fixed-00000052,570.0,4.0,1,0.029954319094383022,3.2068479063504185
fixed-00000052,570.0,4.0,2,0.03269976125211564,2.13761682818793
fixed-00000052,570.0,4.0,3,0.0,0.0
fixed-00000052,570.0,4.0,4,0.0,0.0
fixed-00000052,570.0,4.0,5,0.0,0.0
fixed-00000052,570.0,4.0,6,0.0,0.0
fixed-00000052,570.0,4.0,7,0.0,0.0
fixed-00000052,570.0,4.0,8,0.0,0.0
fixed-00000052,570.0,4.0,9,0.0,0.0
fixed-00000052,570.0,4.0,10,0.0,0.0
fixed-00000052,570.0,4.0,11,0.0,0.0
fixed-00000052,570.0,4.0,12,0.0,0.0
fixed-00000052,570.0,4.0,13,0.0,0.0
fixed-00000052,570.0,4.0,14,0.0,0.0
fixed-00000052,570.0,4.0,15,0.0,0.0
fixed-00000052,570.0,4.0,16,0.0,0.0
fixed-00000052,570.0,4.0,17,0.0,0.0
fixed-00000052,570.0,4.0,18,0.0,0.0
fixed-00000052,570.0,4.0,19,0.0,0.0
fixed-00000052,570.0,4.0,20,0.0,0.0
fixed-00000053,580.0,4.0,-20,6.514649976579976e-05,11.344155244919335
fixed-00000053,580.0,4.0,-19,6.817823842195363e-05,11.09233964988806
fixed-00000053,580.0,4.0,-18,5.516791735607228e-05,10.834747980635072
fixed-00000053,580.0,4.0,-17,3.592054634037715e-05,10.570957940814182
fixed-00000053,580.0,4.0,-16,8.140416692946548e-05,10.300493276388579
fixed-00000053,580.0,4.0,-15,7.738292712811937e-05,10.022813603833598
fixed-00000053,580.0,4.0,-14,3.50866604330718e-05,9.737301631890915
fixed-00000053,580.0,4.0,-13,0.00011564544979673323,9.443246910942491
fixed-00000053,580.0,4.0,-12,0.00011366450610982172,9.139824882054754
fixed-00000053,580.0,4.0,-11,4.96688875529236e-05,8.826069448973215
fixed-00000053,580.0,4.0,-10,0.00014604037314080062,8.500836443523596
fixed-00000053,580.0,4.0,-9,0.0001881042349426548,8.162753991654597
fixed-00000053,580.0,4.0,-8,0.00011588519466813799,7.810153537213992
fixed-00000053,580.0,4.0,-7,0.00010306761389551687,7.440971426572531
fixed-00000053,580.0,4.0,-6,0.0005156708323374009,7.052604065868977
fixed-00000053,580.0,4.0,-5,0.00048300563420695497,6.641686697338955
fixed-00000053,580.0,4.0,-4,0.0001478054984352252,6.203739911827654
fixed-00000053,580.0,4.0,-3,0.0028136248499924777,5.732572121705644
fixed-00000053,580.0,4.0,-2,0.0026727122157914323,5.219193787774614
fixed-00000053,580.0,4.0,-1,0.0027308852336800373,4.649644049178292
fixed-00000053,580.0,4.0,0,0.22397793340577707,4.000000000000043
fixed-00000053,580.0,4.0,1,0.023601865327038653,3.2221752503056678
fixed-00000053,580.0,4.0,2,0.034112879185632404,2.1832152248066166
fixed-00000053,580.0,4.0,3,0.0,0.0
fixed-00000053,580.0,4.0,4,0.0,0.0
fixed-00000053,580.0,4.0,5,0.0,0.0
fixed-00000053,580.0,4.0,6,0.0,0.0
fixed-00000053,580.0,4.0,7,0.0,0.0
fixed-00000053,580.0,4.0,8,0.0,0.0
fixed-00000053,580.0,4.0,9,0.0,0.0
fixed-00000053,580.0,4.0,10,0.0,0.0
fixed-00000053,580.0,4.0,11,0.0,0.0
fixed-00000053,580.0,4.0,12,0.0,0.0
fixed-00000053,580.0,4.0,13,0.0,0.0
fixed-00000053,580.0,4.0,14,0.0,0.0
fixed-00000053,580.0,4.0,15,0.0,0.0
fixed-00000053,580.0,4.0,16,0.0,0.0
fixed-00000053,580.0,4.0,17,0.0,0.0
fixed-00000053,580.0,4.0,18,0.0,0.0
fixed-00000053,580.0,4.0,19,0.0,0.0
fixed-00000053,580.0,4.0,20,0.0,0.0
fixed-00000054,590.0,4.0,-20,7.143938700805588e-05,11.25941693133879
fixed-00000054,590.0,4.0,-19,7.408735430838311e-05,11.010036261886782
fixed-00000054,590.0,4.0,-18,5.549963718073948e-05,10.75494754101544
fixed-00000054,590.0,4.0,-17,4.1418335474908705e-05,10.493734460874393
fixed-00000054,590.0,4.0,-16,9.013573001786505e-05,10.225927654794972
fixed-00000054,590.0,4.0,-15,7.684074357032524e-05,9.950994721404186
fixed-00000054,590.0,4.0,-14,4.093698754263369e-05,9.668327699638112
fixed-00000054,590.0,4.0,-13,0.00012989551224662407,9.377227150287212
fixed-00000054,590.0,4.0,-12,0.00011163753509665083,9.07688164781861
fixed-00000054,590.0,4.0,-11,5.454401893654339e-05,8.76634095342068
fixed-00000054,590.0,4.0,-10,0.0001683368198262804,8.444480313277879
fixed-00000054,590.0,4.0,-9,0.00018402146968808842,8.109952006190454
fixed-00000054,590.0,4.0,-8,0.00010359036949680243,7.761118089679513
fixed-00000054,590.0,4.0,-7,0.0001327722064881359,7.395954575739296
fixed-00000054,590.0,4.0,-6,0.0005048212619371903,7.011910634381167
fixed-00000054,590.0,4.0,-5,0.00035929570345390004,6.6056939776244405
fixed-00000054,590.0,4.0,-4,0.00023893070910524617,6.172928768550506
fixed-00000054,590.0,4.0,-3,0.0027305807532931655,5.707579142086004
fixed-00000054,590.0,4.0,-2,0.0023582383598937068,5.200905894533889
fixed-00000054,590.0,4.0,-1,0.004503186694669778,4.639389606148313
fixed-00000054,590.0,4.0,0,0.22607531329371505,4.000000000000043
fixed-00000054,590.0,4.0,1,0.017983023293348777,3.236914167432502
fixed-00000054,590.0,4.0,2,0.03532006529943814,2.226381561452442
fixed-00000054,590.0,4.0,3,0.0,0.0
fixed-00000054,590.0,4.0,4,0.0,0.0
fixed-00000054,590.0,4.0,5,0.0,0.0
fixed-00000054,590.0,4.0,6,0.0,0.0
fixed-00000054,590.0,4.0,7,0.0,0.0
fixed-00000054,590.0,4.0,8,0.0,0.0
fixed-00000054,590.0,4.0,9,0.0,0.0
fixed-00000054,590.0,4.0,10,0.0,0.0
fixed-00000054,590.0,4.0,11,0.0,0.0
fixed-00000054,590.0,4.0,12,0.0,0.0
fixed-00000054,590.0,4.0,13,0.0,0.0
fixed-00000054,590.0,4.0,14,0.0,0.0
fixed-00000054,590.0,4.0,15,0.0,0.0
fixed-00000054,590.0,4.0,16,0.0,0.0
fixed-00000054,590.0,4.0,17,0.0,0.0
fixed-00000054,590.0,4.0,18,0.0,0.0
fixed-00000054,590.0,4.0,19,0.0,0.0
fixed-00000054,590.0,4.0,20,0.0,0.0
fixed-00000055,600.0,4.0,-20,7.816527103504958e-05,11.176900501616302
fixed-00000055,600.0,4.0,-19,7.970206593260954e-05,10.929894547731365
fixed-00000055,600.0,4.0,-18,5.610599418186639e-05,10.677246924869209
fixed-00000055,600.0,4.0,-17,4.816405526137943e-05,10.418547164640088
fixed-00000055,600.0,4.0,-16,9.890773059760182e-05,10.153332615240856
fixed-00000055,600.0,4.0,-15,7.657643684464351e-05,9.881078656044693
fixed-00000055,600.0,4.0,-14,4.9153709090258314e-05,9.601186418732823
fixed-00000055,600.0,4.0,-13,0.00014485515050598994,9.312967191474854
fixed-00000055,600.0,4.0,-12,0.00010980586973277768,9.015622340555609
fixed-00000055,600.0,4.0,-11,6.40679507727861e-05,8.708217066446423
fixed-00000055,600.0,4.0,-10,0.00019338025925915467,8.389645509317319
fixed-00000055,600.0,4.0,-9,0.00018030721016889007,8.058583440755712
fixed-00000055,600.0,4.0,-8,0.00010088164020783897,7.713422675659871
fixed-00000055,600.0,4.0,-7,0.00017222442741015356,7.352177750609371
fixed-00000055,600.0,4.0,-6,0.0004965281763854832,6.9723490289475905
fixed-00000055,600.0,4.0,-5,0.0002488152712651469,6.570714442852491
fixed-00000055,600.0,4.0,-4,0.00036153860605324877,6.142998339829575
fixed-00000055,600.0,4.0,-3,0.002642882985885645,5.683315135192018
fixed-00000055,600.0,4.0,-2,0.002034806303556249,5.1831664320526585
fixed-00000055,600.0,4.0,-1,0.006864521306416171,4.629455434298478
fixed-00000055,600.0,4.0,0,0.22578542026502743,4.000000000000043
fixed-00000055,600.0,4.0,1,0.013053786408535637,3.2510983398922093
fixed-00000055,600.0,4.0,2,0.03602824254188363,2.2673283559992825
fixed-00000055,600.0,4.0,3,0.0,0.0
fixed-00000055,600.0,4.0,4,0.0,0.0
fixed-00000055,600.0,4.0,5,0.0,0.0
fixed-00000055,600.0,4.0,6,0.0,0.0
fixed-00000055,600.0,4.0,7,0.0,0.0
fixed-00000055,600.0,4.0,8,0.0,0.0
fixed-00000055,600.0,4.0,9,0.0,0.0
fixed-00000055,600.0,4.0,10,0.0,0.0
fixed-00000055,600.0,4.0,11,0.0,0.0
fixed-00000055,600.0,4.0,12,0.0,0.0
fixed-00000055,600.0,4.0,13,0.0,0.0
fixed-00000055,600.0,4.0,14,0.0,0.0
fixed-00000055,600.0,4.0,15,0.0,0.0
fixed-00000055,600.0,4.0,16,0.0,0.0
fixed-00000055,600.0,4.0,17,0.0,0.0
fixed-00000055,600.0,4.0,18,0.0,0.0
fixed-00000055,600.0,4.0,19,0.0,0.0
fixed-00000055,600.0,4.0,20,0.0,0.0
fixed-00000056,610.0,4.0,-20,8.90627223357792e-05,11.096513256647427
fixed-00000056,610.0,4.0,-19,8.84513357728587e-05,10.851824276946246
fixed-00000056,610.0,4.0,-18,5.955809378352735e-05,10.601558435056262
fixed-00000056,610.0,4.0,-17,5.894675657541585e-05,10.345310958848756
fixed-00000056,610.0,4.0,-16,0.00011194241120669559,10.08262574563632
fixed-00000056,610.0,4.0,-15,7.999716559298771e-05,9.81298576201776
fixed-00000056,610.0,4.0,-14,6.309061864533797e-05,9.535801004270269
fixed-00000056,610.0,4.0,-13,0.0001667610372669806,9.250393216009584
fixed-00000056,610.0,4.0,-12,0.00011281071119103618,8.955976227169515
fixed-00000056,610.0,4.0,-11,8.320531971736523e-05,8.651630275811442
fixed-00000056,610.0,4.0,-10,0.0002299975834091238,8.336267896291588
fixed-00000056,610.0,4.0,-9,0.00018405770421884736,8.008587719170848
fixed-00000056,610.0,4.0,-8,0.00011552280607216,7.6670104947684905
fixed-00000056,610.0,4.0,-7,0.0002319219094674589,7.309588189513036
fixed-00000056,610.0,4.0,-6,0.0005061195003965619,6.933870854335623
fixed-00000056,610.0,4.0,-5,0.00016013520176795488,6.536704486950143
fixed-00000056,610.0,4.0,-4,0.0005442087164598678,6.113910379323968
fixed-00000056,610.0,4.0,-3,0.002599204725269597,5.659748033833807
fixed-00000056,610.0,4.0,-2,0.0017132203102178667,5.1659507975543875
fixed-00000056,610.0,4.0,-1,0.010021778387905213,4.619826694692961
fixed-00000056,610.0,4.0,0,0.2258191540443459,4.000000000000043
fixed-00000056,610.0,4.0,1,0.009074108163790373,3.2647588933231475
fixed-00000056,610.0,4.0,2,0.03613684475673699,2.306241453176753
fixed-00000056,610.0,4.0,3,0.0,0.0
fixed-00000056,610.0,4.0,4,0.0,0.0
fixed-00000056,610.0,4.0,5,0.0,0.0
fixed-00000056,610.0,4.0,6,0.0,0.0
fixed-00000056,610.0,4.0,7,0.0,0.0
fixed-00000056,610.0,4.0,8,0.0,0.0
fixed-00000056,610.0,4.0,9,0.0,0.0
fixed-00000056,610.0,4.0,10,0.0,0.0
fixed-00000056,610.0,4.0,11,0.0,0.0
fixed-00000056,610.0,4.0,12,0.0,0.0
fixed-00000056,610.0,4.0,13,0.0,0.0
fixed-00000056,610.0,4.0,14,0.0,0.0
fixed-00000056,610.0,4.0,15,0.0,0.0
fixed-00000056,610.0,4.0,16,0.0,0.0
fixed-00000056,610.0,4.0,17,0.0,0.0
fixed-00000056,610.0,4.0,18,0.0,0.0
fixed-00000056,610.0,4.0,19,0.0,0.0
fixed-00000056,610.0,4.0,20,0.0,0.0
fixed-00000057,620.0,4.0,-20,9.699473648110792e-05,11.01816778980809
fixed-00000057,620.0,4.0,-19,9.335085574786641e-05,10.775740371233866
fixed-00000057,620.0,4.0,-18,5.9884707843964864e-05,10.527799382740596
fixed-00000057,620.0,4.0,-17,6.700125678997362e-05,10.273945610776423
fixed-00000057,620.0,4.0,-16,0.00011964123599673622,10.013729342403465
fixed-00000057,620.0,4.0,-15,7.836902134492985e-05,9.746640945379099
fixed-00000057,620.0,4.0,-14,7.33581588082703e-05,9.472099061220248
fixed-00000057,620.0,4.0,-13,0.00017985869313274445,9.189435627547212
fixed-00000057,620.0,4.0,-12,0.00010692400700774342,8.89787662245989
fixed-00000057,620.0,4.0,-11,9.67564428356114e-05,8.59651693548875
fixed-00000057,620.0,4.0,-10,0.0002512892292174867,8.284287014836138
fixed-00000057,620.0,4.0,-9,0.00016974241590855807,7.959907741050458
fixed-00000057,620.0,4.0,-8,0.00012177743655620275,7.621828010395305
fixed-00000057,620.0,4.0,-7,0.00026865789672683466,7.268136168200272
fixed-00000057,620.0,4.0,-6,0.00046750925679267893,6.896430508503414
fixed-00000057,620.0,4.0,-5,8.523536871972246e-05,6.503623029707683
fixed-00000057,620.0,4.0,-4,0.0007277326255668964,6.085628867863377
fixed-00000057,620.0,4.0,-3,0.002410104947148636,5.636847653619654
fixed-00000057,620.0,4.0,-2,0.001767528536807481,5.149235852894208
fixed-00000057,620.0,4.0,-1,0.013647991209502842,4.610489454720607
fixed-00000057,620.0,4.0,0,0.22779341965294037,4.000000000000043
fixed-00000057,620.0,4.0,1,0.006441331019593315,3.277924638120453
fixed-00000057,620.0,4.0,2,0.03101238497466375,2.3432844286040506
fixed-00000057,620.0,4.0,3,0.005920038107269997,0.4884414427613848
fixed-00000057,620.0,4.0,4,0.0,0.0
fixed-00000057,620.0,4.0,5,0.0,0.0
fixed-00000057,620.0,4.0,6,0.0,0.0
fixed-00000057,620.0,4.0,7,0.0,0.0
fixed-00000057,620.0,4.0,8,0.0,0.0
fixed-00000057,620.0,4.0,9,0.0,0.0
fixed-00000057,620.0,4.0,10,0.0,0.0
fixed-00000057,620.0,4.0,11,0.0,0.0
fixed-00000057,620.0,4.0,12,0.0,0.0
fixed-00000057,620.0,4.0,13,0.0,0.0
fixed-00000057,620.0,4.0,14,0.0,0.0
fixed-00000057,620.0,4.0,15,0.0,0.0
fixed-00000057,620.0,4.0,16,0.0,0.0
fixed-00000057,620.0,4.0,17,0.0,0.0
fixed-00000057,620.0,4.0,18,0.0,0.0
fixed-00000057,620.0,4.0,19,0.0,0.0
fixed-00000057,620.0,4.0,20,0.0,0.0
fixed-00000058,630.0,4.0,-20,0.0001046763238411223,10.941781605456612
fixed-00000058,630.0,4.0,-19,9.771899571095137e-05,10.701562533089998
fixed-00000058,630.0,4.0,-18,6.117359474980483e-05,10.455891726370012
fixed-00000058,630.0,4.0,-17,7.573190851652848e-05,10.20437539785597
fixed-00000058,630.0,4.0,-16,0.00012666386335360421,9.946570071032795
fixed-00000058,630.0,4.0,-15,7.905658090846293e-05,9.681973335802624
fixed-00000058,630.0,4.0,-14,8.54762466889684e-05,9.41001226788633
fixed-00000058,630.0,4.0,-13,0.00019301000713658906,9.130028747397347
fixed-00000058,630.0,4.0,-12,0.00010617241215396353,8.841260597125114
fixed-00000058,630.0,4.0,-11,0.00011498311760891461,8.542816986689516
fixed-00000058,630.0,4.0,-10,0.00027635401648211177,8.233645816218939
fixed-00000058,630.0,4.0,-9,0.00016610654368749591,7.912489630768675
fixed-00000058,630.0,4.0,-8,0.00014386725237943804,7.57782471381698
fixed-00000058,630.0,4.0,-7,0.0003162229858823126,7.227774780095132
fixed-00000058,630.0,4.0,-6,0.00045313969454358906,6.859984980240881
fixed-00000058,630.0,4.0,-5,5.583452202500719e-05,6.471431333409825
fixed-00000058,630.0,4.0,-4,0.0008855750555809313,6.058119851243731
fixed-00000058,630.0,4.0,-3,0.0023070913134770332,5.61458555509806
fixed-00000058,630.0,4.0,-2,0.0018210381376924964,5.1329998162636485
fixed-00000058,630.0,4.0,-1,0.017467886352195868,4.601430619700565
fixed-00000058,630.0,4.0,0,0.22610882605453908,4.000000000000043
fixed-00000058,630.0,4.0,1,0.004012853274263645,3.290622283534958
fixed-00000058,630.0,4.0,2,0.029134382798585136,2.3786020958455225
fixed-00000058,630.0,4.0,3,0.007981875015771828,0.6990406976817525
fixed-00000058,630.0,4.0,4,0.0,0.0
fixed-00000058,630.0,4.0,5,0.0,0.0
fixed-00000058,630.0,4.0,6,0.0,0.0
fixed-00000058,630.0,4.0,7,0.0,0.0
fixed-00000058,630.0,4.0,8,0.0,0.0
fixed-00000058,630.0,4.0,9,0.0,0.0
fixed-00000058,630.0,4.0,10,0.0,0.0
fixed-00000058,630.0,4.0,11,0.0,0.0
fixed-00000058,630.0,4.0,12,0.0,0.0
fixed-00000058,630.0,4.0,13,0.0,0.0
fixed-00000058,630.0,4.0,14,0.0,0.0
fixed-00000058,630.0,4.0,15,0.0,0.0
fixed-00000058,630.0,4.0,16,0.0,0.0
fixed-00000058,630.0,4.0,17,0.0,0.0
fixed-00000058,630.0,4.0,18,0.0,0.0
fixed-00000058,630.0,4.0,19,0.0,0.0
fixed-00000058,630.0,4.0,20,0.0,0.0
fixed-00000059,640.0,4.0,-20,0.00011351643233908312,10.867276770488644
fixed-00000059,640.0,4.0,-19,0.00010261999191642854,10.62921490659339
fixed-00000059,640.0,4.0,-18,6.361277324134475e-05,10.385761741931148
fixed-00000059,640.0,4.0,-17,8.561047283305608e-05,10.13652878764816
fixed-00000059,640.0,4.0,-16,0.00013421587003908359,9.881078656044693
fixed-00000059,640.0,4.0,-15,8.146625671688166e-05,9.618915986834352
fixed-00000059,640.0,4.0,-14,9.936754164982975e-05,9.34947608678739
fixed-00000059,640.0,4.0,-13,0.00020724184351894284,9.072110536405091
fixed-00000059,640.0,4.0,-12,0.00010799980634920645,8.786068711064956
fixed-00000059,640.0,4.0,-11,0.00013677255732751932,8.490473703062207
fixed-00000059,640.0,4.0,-10,0.00030393281287177323,8.184290419985587
fixed-00000059,640.0,4.0,-9,0.00016643981187705316,7.866282508187567
fixed-00000059,640.0,4.0,-8,0.00017557887276865644,7.534952908764481
fixed-00000059,640.0,4.0,-7,0.0003687079809559264,7.188459735617585
fixed-00000059,640.0,4.0,-6,0.0004473411308032614,6.824493664384079
fixed-00000059,640.0,4.0,-5,5.1430276753947213e-05,6.440092835409786
fixed-00000059,640.0,4.0,-4,0.0010494014613060371,6.03135129215535
fixed-00000059,640.0,4.0,-3,0.002234311953343536,5.592934917952817
fixed-00000059,640.0,4.0,-2,0.0019201190126578451,5.117222163430583
fixed-00000059,640.0,4.0,-1,0.021698142420296343,4.592637870608058
fixed-00000059,640.0,4.0,0,0.22346344299560997,4.000000000000128
fixed-00000059,640.0,4.0,1,0.002236624712975605,3.302876628141391
fixed-00000059,640.0,4.0,2,0.027673496999762813,2.4123233315560384
fixed-00000059,640.0,4.0,3,0.009389309505493135,0.8549436764009926
fixed-00000059,640.0,4.0,4,0.0,0.0
fixed-00000059,640.0,4.0,5,0.0,0.0
fixed-00000059,640.0,4.0,6,0.0,0.0
fixed-00000059,640.0,4.0,7,0.0,0.0
fixed-00000059,640.0,4.0,8,0.0,0.0
fixed-00000059,640.0,4.0,9,0.0,0.0
fixed-00000059,640.0,4.0,10,0.0,0.0
fixed-00000059,640.0,4.0,11,0.0,0.0
fixed-00000059,640.0,4.0,12,0.0,0.0
fixed-00000059,640.0,4.0,13,0.0,0.0
fixed-00000059,640.0,4.0,14,0.0,0.0
fixed-00000059,640.0,4.0,15,0.0,0.0
fixed-00000059,640.0,4.0,16,0.0,0.0
fixed-00000059,640.0,4.0,17,0.0,0.0
fixed-00000059,640.0,4.0,18,0.0,0.0
fixed-00000059,640.0,4.0,19,0.0,0.0
fixed-00000059,640.0,4.0,20,0.0,0.0
