case_id,energy_ev,grazing_angle_deg,order,efficiency,diffraction_angle_deg
fixed-00000000,50.0,4.0,-20,8.417018242071284e-05,36.946600757765104
fixed-00000000,50.0,4.0,-19,7.149605719698121e-05,35.99049916925804
fixed-00000000,50.0,4.0,-18,6.955387464699012e-05,35.01190478081956
fixed-00000000,50.0,4.0,-17,7.703076480914814e-05,34.00884370553947
fixed-00000000,50.0,4.0,-16,9.296945331649706e-05,32.97905073283735
fixed-00000000,50.0,4.0,-15,0.00010793834305768062,31.919905276127125
fixed-00000000,50.0,4.0,-14,9.123999229782209e-05,30.828348020108905
fixed-00000000,50.0,4.0,-13,0.00015150492003035394,29.700770649131364
fixed-00000000,50.0,4.0,-12,0.0001773485236432845,28.532867207683132
fixed-00000000,50.0,4.0,-11,0.00010868030745823724,27.319429403774024
fixed-00000000,50.0,4.0,-10,0.0003052875415825161,26.054057638388535
fixed-00000000,50.0,4.0,-9,0.0002982310008572609,24.728741050446132
fixed-00000000,50.0,4.0,-8,0.00014896627705687448,23.333225797914665
fixed-00000000,50.0,4.0,-7,0.0007770403705017944,21.854024375341254
fixed-00000000,50.0,4.0,-6,0.0005078653860387439,20.272780035826898
fixed-00000000,50.0,4.0,-5,0.0004292927326501099,18.563384620134798
fixed-00000000,50.0,4.0,-4,0.0027540016787816852,16.686445270170665
fixed-00000000,50.0,4.0,-3,0.0008952855803731113,14.577325397340658
fixed-00000000,50.0,4.0,-2,0.004777752624549876,12.115293466158093
fixed-00000000,50.0,4.0,-1,0.033732847353992186,9.015622340555609
fixed-00000000,50.0,4.0,0,0.6932838553745532,4.000000000000043
fixed-00000000,50.0,4.0,1,0.0,0.0
fixed-00000000,50.0,4.0,2,0.0,0.0
fixed-00000000,50.0,4.0,3,0.0,0.0
fixed-00000000,50.0,4.0,4,0.0,0.0
fixed-00000000,50.0,4.0,5,0.0,0.0
fixed-00000000,50.0,4.0,6,0.0,0.0
fixed-00000000,50.0,4.0,7,0.0,0.0
fixed-00000000,50.0,4.0,8,0.0,0.0
fixed-00000000,50.0,4.0,9,0.0,0.0
fixed-00000000,50.0,4.0,10,0.0,0.0
fixed-00000000,50.0,4.0,11,0.0,0.0
fixed-00000000,50.0,4.0,12,0.0,0.0
fixed-00000000,50.0,4.0,13,0.0,0.0
fixed-00000000,50.0,4.0,14,0.0,0.0
fixed-00000000,50.0,4.0,15,0.0,0.0
fixed-00000000,50.0,4.0,16,0.0,0.0
fixed-00000000,50.0,4.0,17,0.0,0.0
fixed-00000000,50.0,4.0,18,0.0,0.0
fixed-00000000,50.0,4.0,19,0.0,0.0
fixed-00000000,50.0,4.0,20,0.0,0.0
fixed-00000001,60.0,4.0,-20,0.00021153938489876809,33.66867098629079
fixed-00000001,60.0,4.0,-19,0.00014802358978937644,32.804641534161746
fixed-00000001,60.0,4.0,-18,0.00013732081744457998,31.91990527612714
fixed-00000001,60.0,4.0,-17,0.0001675397376609506,31.012670458853336
fixed-00000001,60.0,4.0,-16,0.000167573872222582,30.0808814961542
fixed-00000001,60.0,4.0,-15,0.00019844643452268993,29.122161170553625
fixed-00000001,60.0,4.0,-14,0.0001833340771921898,28.133735479709266
fixed-00000001,60.0,4.0,-13,0.00024540144544001513,27.112334302138407
fixed-00000001,60.0,4.0,-12,0.00031081733524323526,26.05405763838855
fixed-00000001,60.0,4.0,-11,0.00019983500579439888,24.95419162388059
fixed-00000001,60.0,4.0,-10,0.00046205908808649954,23.80694914738052
fixed-00000001,60.0,4.0,-9,0.0005034847714419607,22.605093498036354
fixed-00000001,60.0,4.0,-8,0.0002365840112661572,21.33937330915093
fixed-00000001,60.0,4.0,-7,0.0011372947890325236,19.997638457525795
fixed-00000001,60.0,4.0,-6,0.0008323482379912534,18.563384620134826
fixed-00000001,60.0,4.0,-5,0.0005800393392573134,17.01319792164763
fixed-00000001,60.0,4.0,-4,0.003958306267163183,15.311873059069754
fixed-00000001,60.0,4.0,-3,0.0014369709513605534,13.401935191968363
fixed-00000001,60.0,4.0,-2,0.00644354883839193,11.176900501616302
fixed-00000001,60.0,4.0,-1,0.04761383237605326,8.389645509317262
fixed-00000001,60.0,4.0,0,0.6901161811791059,4.000000000000128
fixed-00000001,60.0,4.0,1,0.0,0.0
fixed-00000001,60.0,4.0,2,0.0,0.0
fixed-00000001,60.0,4.0,3,0.0,0.0
fixed-00000001,60.0,4.0,4,0.0,0.0
fixed-00000001,60.0,4.0,5,0.0,0.0
fixed-00000001,60.0,4.0,6,0.0,0.0
fixed-00000001,60.0,4.0,7,0.0,0.0
fixed-00000001,60.0,4.0,8,0.0,0.0
fixed-00000001,60.0,4.0,9,0.0,0.0
fixed-00000001,60.0,4.0,10,0.0,0.0
fixed-00000001,60.0,4.0,11,0.0,0.0
fixed-00000001,60.0,4.0,12,0.0,0.0
fixed-00000001,60.0,4.0,13,0.0,0.0
fixed-00000001,60.0,4.0,14,0.0,0.0
fixed-00000001,60.0,4.0,15,0.0,0.0
fixed-00000001,60.0,4.0,16,0.0,0.0
fixed-00000001,60.0,4.0,17,0.0,0.0
fixed-00000001,60.0,4.0,18,0.0,0.0
fixed-00000001,60.0,4.0,19,0.0,0.0
fixed-00000001,60.0,4.0,20,0.0,0.0
fixed-00000002,70.0,4.0,-20,0.0003410299105662196,31.143727622325613
fixed-00000002,70.0,4.0,-19,0.0002491068311769607,30.3497443387063
fixed-00000002,70.0,4.0,-18,0.00020665471382417302,29.536506828714217
fixed-00000002,70.0,4.0,-17,0.00027453639419119463,28.702365570412915
fixed-00000002,70.0,4.0,-16,0.0002659278718970464,27.845428820199288
fixed-00000002,70.0,4.0,-15,0.0002880731829677787,26.963509729777833
fixed-00000002,70.0,4.0,-14,0.0003076669466236159,26.054057638388535
fixed-00000002,70.0,4.0,-13,0.0003570672942163373,25.114067339116176
fixed-00000002,70.0,4.0,-12,0.00044766345334335564,24.13995702449016
fixed-00000002,70.0,4.0,-11,0.0003392257115183832,23.127400592828295
fixed-00000002,70.0,4.0,-10,0.0006218483703061808,22.071091552917864
fixed-00000002,70.0,4.0,-9,0.0007311413576108771,20.964400995176362
fixed-00000002,70.0,4.0,-8,0.0003771701751201617,19.798865027537445
fixed-00000002,70.0,4.0,-7,0.0014849784211396812,18.563384620134798
fixed-00000002,70.0,4.0,-6,0.0012239000921251619,17.242912058772163
fixed-00000002,70.0,4.0,-5,0.0007553993674071589,15.816153021261812
fixed-00000002,70.0,4.0,-4,0.0051942183361494264,14.251197562253566
fixed-00000002,70.0,4.0,-3,0.002130551084637896,12.496206306817058
fixed-00000002,70.0,4.0,-2,0.008116517977960282,10.45589172636997
fixed-00000002,70.0,4.0,-1,0.06309909094484592,7.9124896307686186
fixed-00000002,70.0,4.0,0,0.6827330732702992,4.000000000000043
fixed-00000002,70.0,4.0,1,0.0,0.0
fixed-00000002,70.0,4.0,2,0.0,0.0
fixed-00000002,70.0,4.0,3,0.0,0.0
fixed-00000002,70.0,4.0,4,0.0,0.0
fixed-00000002,70.0,4.0,5,0.0,0.0
fixed-00000002,70.0,4.0,6,0.0,0.0
fixed-00000002,70.0,4.0,7,0.0,0.0
fixed-00000002,70.0,4.0,8,0.0,0.0
fixed-00000002,70.0,4.0,9,0.0,0.0
fixed-00000002,70.0,4.0,10,0.0,0.0
fixed-00000002,70.0,4.0,11,0.0,0.0
fixed-00000002,70.0,4.0,12,0.0,0.0
fixed-00000002,70.0,4.0,13,0.0,0.0
fixed-00000002,70.0,4.0,14,0.0,0.0
fixed-00000002,70.0,4.0,15,0.0,0.0
fixed-00000002,70.0,4.0,16,0.0,0.0
fixed-00000002,70.0,4.0,17,0.0,0.0
fixed-00000002,70.0,4.0,18,0.0,0.0
fixed-00000002,70.0,4.0,19,0.0,0.0
fixed-00000002,70.0,4.0,20,0.0,0.0
fixed-00000003,80.0,4.0,-20,0.0006001500911293946,29.122161170553625
fixed-00000003,80.0,4.0,-19,0.0004266765223966503,28.383796025086852
fixed-00000003,80.0,4.0,-18,0.0003204085931191917,27.62738395184673
fixed-00000003,80.0,4.0,-17,0.00045639598006913263,26.85139076255797
fixed-00000003,80.0,4.0,-16,0.00042379245277724564,26.05405763838855
fixed-00000003,80.0,4.0,-15,0.0004218807539428767,25.23335224938701
fixed-00000003,80.0,4.0,-14,0.0005060252079209785,24.38690529633689
fixed-00000003,80.0,4.0,-13,0.0005215264066459088,23.51192678300849
fixed-00000003,80.0,4.0,-12,0.0006383976386634246,22.605093498036354
fixed-00000003,80.0,4.0,-11,0.000553888541344749,21.662394599301848
fixed-00000003,80.0,4.0,-10,0.0008330460920301814,20.678914499078303
fixed-00000003,80.0,4.0,-9,0.0010354813160125403,19.6485188177962
fixed-00000003,80.0,4.0,-8,0.0005878354158785496,18.563384620134826
fixed-00000003,80.0,4.0,-7,0.0019066020857140757,17.413268710318007
fixed-00000003,80.0,4.0,-6,0.001735054596357987,16.18430978152439
fixed-00000003,80.0,4.0,-5,0.0009884882118280445,14.856940312447804
fixed-00000003,80.0,4.0,-4,0.006649795063648268,13.401935191968363
fixed-00000003,80.0,4.0,-3,0.0030221538544699866,11.772044157333355
fixed-00000003,80.0,4.0,-2,0.010024079163711862,9.881078656044693
fixed-00000003,80.0,4.0,-1,0.08127702303558783,7.534952908764481
fixed-00000003,80.0,4.0,0,0.6783730459558918,4.000000000000128
fixed-00000003,80.0,4.0,1,0.0,0.0
fixed-00000003,80.0,4.0,2,0.0,0.0
fixed-00000003,80.0,4.0,3,0.0,0.0
fixed-00000003,80.0,4.0,4,0.0,0.0
fixed-00000003,80.0,4.0,5,0.0,0.0
fixed-00000003,80.0,4.0,6,0.0,0.0
fixed-00000003,80.0,4.0,7,0.0,0.0
fixed-00000003,80.0,4.0,8,0.0,0.0
fixed-00000003,80.0,4.0,9,0.0,0.0
fixed-00000003,80.0,4.0,10,0.0,0.0
fixed-00000003,80.0,4.0,11,0.0,0.0
fixed-00000003,80.0,4.0,12,0.0,0.0
fixed-00000003,80.0,4.0,13,0.0,0.0
fixed-00000003,80.0,4.0,14,0.0,0.0
fixed-00000003,80.0,4.0,15,0.0,0.0
fixed-00000003,80.0,4.0,16,0.0,0.0
fixed-00000003,80.0,4.0,17,0.0,0.0
fixed-00000003,80.0,4.0,18,0.0,0.0
fixed-00000003,80.0,4.0,19,0.0,0.0
fixed-00000003,80.0,4.0,20,0.0,0.0
fixed-00000004,90.0,4.0,-20,0.0009392609386889012,27.45669132490191
fixed-00000004,90.0,4.0,-19,0.000703424451890348,26.763886623772734
fixed-00000004,90.0,4.0,-18,0.0004660037483569929,26.054057638388535
fixed-00000004,90.0,4.0,-17,0.0007029612325268012,25.3257663055293
fixed-00000004,90.0,4.0,-16,0.0006680429271710269,24.57736462946967
fixed-00000004,90.0,4.0,-15,0.0005812789860927518,23.806949147380507
fixed-00000004,90.0,4.0,-14,0.0007859533563031949,23.01230186044222
fixed-00000004,90.0,4.0,-13,0.0007640864794917821,22.19081236476336
fixed-00000004,90.0,4.0,-12,0.0008558977567256911,21.33937330915093
fixed-00000004,90.0,4.0,-11,0.0008710774674532952,20.454237086533084
fixed-00000004,90.0,4.0,-10,0.0011050559713396252,19.530814598225575
fixed-00000004,90.0,4.0,-9,0.0013855767538696719,18.563384620134798
fixed-00000004,90.0,4.0,-8,0.0009121022984674527,17.544659849708694
fixed-00000004,90.0,4.0,-7,0.0023753940008574633,16.46511246866092
fixed-00000004,90.0,4.0,-6,0.0023411407254129175,15.311873059069725
fixed-00000004,90.0,4.0,-5,0.0013199281744815767,14.066817881848479
fixed-00000004,90.0,4.0,-4,0.008225846258521779,12.702966158118315
fixed-00000004,90.0,4.0,-3,0.004105039535123334,11.176900501616302
fixed-00000004,90.0,4.0,-2,0.012112125288438646,9.410012267886245
fixed-00000004,90.0,4.0,-1,0.10167538916718974,7.227774780095132
fixed-00000004,90.0,4.0,0,0.6737986181447703,4.000000000000043
fixed-00000004,90.0,4.0,1,0.0,0.0
fixed-00000004,90.0,4.0,2,0.0,0.0
fixed-00000004,90.0,4.0,3,0.0,0.0
fixed-00000004,90.0,4.0,4,0.0,0.0
fixed-00000004,90.0,4.0,5,0.0,0.0
fixed-00000004,90.0,4.0,6,0.0,0.0
fixed-00000004,90.0,4.0,7,0.0,0.0
fixed-00000004,90.0,4.0,8,0.0,0.0
fixed-00000004,90.0,4.0,9,0.0,0.0
fixed-00000004,90.0,4.0,10,0.0,0.0
fixed-00000004,90.0,4.0,11,0.0,0.0
fixed-00000004,90.0,4.0,12,0.0,0.0
fixed-00000004,90.0,4.0,13,0.0,0.0
fixed-00000004,90.0,4.0,14,0.0,0.0
fixed-00000004,90.0,4.0,15,0.0,0.0
fixed-00000004,90.0,4.0,16,0.0,0.0
fixed-00000004,90.0,4.0,17,0.0,0.0
fixed-00000004,90.0,4.0,18,0.0,0.0
fixed-00000004,90.0,4.0,19,0.0,0.0
fixed-00000004,90.0,4.0,20,0.0,0.0
fixed-00000005,100.0,4.0,-20,0.0011585141779696358,26.054057638388535
fixed-00000005,100.0,4.0,-19,0.0010160383846229077,25.39947137852822
fixed-00000005,100.0,4.0,-18,0.0006416572888272752,24.728741050446132
fixed-00000005,100.0,4.0,-17,0.0009393997046672943,24.040510406174633
fixed-00000005,100.0,4.0,-16,0.000997155359609912,23.333225797914665
fixed-00000005,100.0,4.0,-15,0.0007661090708276032,22.60509349803634
fixed-00000005,100.0,4.0,-14,0.0010957364551834488,21.854024375341254
fixed-00000005,100.0,4.0,-13,0.0011128254404046438,21.07756102550144
fixed-00000005,100.0,4.0,-12,0.0010819100529132488,20.272780035826898
fixed-00000005,100.0,4.0,-11,0.0012610614442680813,19.43615815678045
fixed-00000005,100.0,4.0,-10,0.0014713905385185955,18.563384620134798
fixed-00000005,100.0,4.0,-9,0.001737780242731503,17.649090489235533
fixed-00000005,100.0,4.0,-8,0.0013476279581768977,16.686445270170665
fixed-00000005,100.0,4.0,-7,0.002897522239792108,15.666531340439832
fixed-00000005,100.0,4.0,-6,0.002973792035264168,14.577325397340658
fixed-00000005,100.0,4.0,-5,0.0017724921146061593,13.401935191968334
fixed-00000005,100.0,4.0,-4,0.0098175607795024,12.115293466158093
fixed-00000005,100.0,4.0,-3,0.005291632176865051,10.677246924869166
fixed-00000005,100.0,4.0,-2,0.014300604988175364,9.015622340555609
fixed-00000005,100.0,4.0,-1,0.12304233569964486,6.972349028947534
fixed-00000005,100.0,4.0,0,0.663439721724563,4.000000000000043
fixed-00000005,100.0,4.0,1,0.0,0.0
fixed-00000005,100.0,4.0,2,0.0,0.0
fixed-00000005,100.0,4.0,3,0.0,0.0
fixed-00000005,100.0,4.0,4,0.0,0.0
fixed-00000005,100.0,4.0,5,0.0,0.0
fixed-00000005,100.0,4.0,6,0.0,0.0
fixed-00000005,100.0,4.0,7,0.0,0.0
fixed-00000005,100.0,4.0,8,0.0,0.0
fixed-00000005,100.0,4.0,9,0.0,0.0
fixed-00000005,100.0,4.0,10,0.0,0.0
fixed-00000005,100.0,4.0,11,0.0,0.0
fixed-00000005,100.0,4.0,12,0.0,0.0
fixed-00000005,100.0,4.0,13,0.0,0.0
fixed-00000005,100.0,4.0,14,0.0,0.0
fixed-00000005,100.0,4.0,15,0.0,0.0
fixed-00000005,100.0,4.0,16,0.0,0.0
fixed-00000005,100.0,4.0,17,0.0,0.0
fixed-00000005,100.0,4.0,18,0.0,0.0
fixed-00000005,100.0,4.0,19,0.0,0.0
fixed-00000005,100.0,4.0,20,0.0,0.0
fixed-00000006,110.0,4.0,-20,0.001187945379588699,24.851951542714687
fixed-00000006,110.0,4.0,-19,0.0011877801324211368,24.2300299857246
fixed-00000006,110.0,4.0,-18,0.0008330691424380502,23.592732267871042
fixed-00000006,110.0,4.0,-17,0.0011317943636780252,22.938772943565866
fixed-00000006,110.0,4.0,-16,0.001312380741863544,22.266680028298126
fixed-00000006,110.0,4.0,-15,0.0010143921097450588,21.574754793732083
fixed-00000006,110.0,4.0,-14,0.0014039060703538782,20.861019691517996
fixed-00000006,110.0,4.0,-13,0.0015198401039147637,20.12314981933116
fixed-00000006,110.0,4.0,-12,0.0013696122090073749,19.358381089041814
fixed-00000006,110.0,4.0,-11,0.0016798887266493857,18.563384620134798
fixed-00000006,110.0,4.0,-10,0.0019140782826104535,17.73409081271616
fixed-00000006,110.0,4.0,-9,0.0021367610933306783,16.86543602782575
fixed-00000006,110.0,4.0,-8,0.0018394724652811007,15.950985698613678
fixed-00000006,110.0,4.0,-7,0.003473215580938016,14.982351111948859
fixed-00000006,110.0,4.0,-6,0.003657243152652933,13.948242344473982
fixed-00000006,110.0,4.0,-5,0.002290679618783835,12.832834315133255
fixed-00000006,110.0,4.0,-4,0.011403467247905178,11.612716944258509
fixed-00000006,110.0,4.0,-3,0.006577568161324187,10.250559696102783
fixed-00000006,110.0,4.0,-2,0.016461458088241475,8.679735599183942
fixed-00000006,110.0,4.0,-1,0.14456279496128163,6.756222279782023
fixed-00000006,110.0,4.0,0,0.6454780282729893,4.000000000000043
fixed-00000006,110.0,4.0,1,0.0,0.0
fixed-00000006,110.0,4.0,2,0.0,0.0
fixed-00000006,110.0,4.0,3,0.0,0.0
fixed-00000006,110.0,4.0,4,0.0,0.0
fixed-00000006,110.0,4.0,5,0.0,0.0
fixed-00000006,110.0,4.0,6,0.0,0.0
fixed-00000006,110.0,4.0,7,0.0,0.0
fixed-00000006,110.0,4.0,8,0.0,0.0
fixed-00000006,110.0,4.0,9,0.0,0.0
fixed-00000006,110.0,4.0,10,0.0,0.0
fixed-00000006,110.0,4.0,11,0.0,0.0
fixed-00000006,110.0,4.0,12,0.0,0.0
fixed-00000006,110.0,4.0,13,0.0,0.0
fixed-00000006,110.0,4.0,14,0.0,0.0
fixed-00000006,110.0,4.0,15,0.0,0.0
fixed-00000006,110.0,4.0,16,0.0,0.0
fixed-00000006,110.0,4.0,17,0.0,0.0
fixed-00000006,110.0,4.0,18,0.0,0.0
fixed-00000006,110.0,4.0,19,0.0,0.0
fixed-00000006,110.0,4.0,20,0.0,0.0
fixed-00000007,120.0,4.0,-20,0.0009723198083447979,23.80694914738052
fixed-00000007,120.0,4.0,-19,0.0009925140983621903,23.21337059431326
fixed-00000007,120.0,4.0,-18,0.0007779996901904091,22.605093498036354
fixed-00000007,120.0,4.0,-17,0.0010842389155103537,21.980894517242845
fixed-00000007,120.0,4.0,-16,0.0012921948096509875,21.33937330915093
fixed-00000007,120.0,4.0,-15,0.0011119853839784085,20.67891449907833
fixed-00000007,120.0,4.0,-14,0.0015670675343136026,19.997638457525795
fixed-00000007,120.0,4.0,-13,0.0017638136322644415,19.293336575596342
fixed-00000007,120.0,4.0,-12,0.0016041657308627176,18.563384620134826
fixed-00000007,120.0,4.0,-11,0.002065618500149085,17.80462435107323
fixed-00000007,120.0,4.0,-10,0.0022767290292387914,17.01319792164763
fixed-00000007,120.0,4.0,-9,0.002494441972411871,16.18430978152439
fixed-00000007,120.0,4.0,-8,0.002358998823223541,15.311873059069754
fixed-00000007,120.0,4.0,-7,0.0038970851809035714,14.387963517781984
fixed-00000007,120.0,4.0,-6,0.0042916605010394375,13.401935191968363
fixed-00000007,120.0,4.0,-5,0.0028229156613552137,12.338899720932332
fixed-00000007,120.0,4.0,-4,0.01251488552540685,11.176900501616302
fixed-00000007,120.0,4.0,-3,0.007829092507779405,9.881078656044693
fixed-00000007,120.0,4.0,-2,0.018086042919668237,8.389645509317262
fixed-00000007,120.0,4.0,-1,0.16258857352654368,6.570714442852491
fixed-00000007,120.0,4.0,0,0.6136902936383027,4.000000000000128
fixed-00000007,120.0,4.0,1,0.0,0.0
fixed-00000007,120.0,4.0,2,0.0,0.0
fixed-00000007,120.0,4.0,3,0.0,0.0
fixed-00000007,120.0,4.0,4,0.0,0.0
fixed-00000007,120.0,4.0,5,0.0,0.0
fixed-00000007,120.0,4.0,6,0.0,0.0
fixed-00000007,120.0,4.0,7,0.0,0.0
fixed-00000007,120.0,4.0,8,0.0,0.0
fixed-00000007,120.0,4.0,9,0.0,0.0
fixed-00000007,120.0,4.0,10,0.0,0.0
fixed-00000007,120.0,4.0,11,0.0,0.0
fixed-00000007,120.0,4.0,12,0.0,0.0
fixed-00000007,120.0,4.0,13,0.0,0.0
fixed-00000007,120.0,4.0,14,0.0,0.0
fixed-00000007,120.0,4.0,15,0.0,0.0
fixed-00000007,120.0,4.0,16,0.0,0.0
fixed-00000007,120.0,4.0,17,0.0,0.0
fixed-00000007,120.0,4.0,18,0.0,0.0
fixed-00000007,120.0,4.0,19,0.0,0.0
fixed-00000007,120.0,4.0,20,0.0,0.0
fixed-00000008,130.0,4.0,-20,0.0008059540420641153,22.887737429280307
fixed-00000008,130.0,4.0,-19,0.0008117704557818726,22.319060381202533
fixed-00000008,130.0,4.0,-18,0.0006405106072579853,21.73628858867596
fixed-00000008,130.0,4.0,-17,0.0008983163209911848,21.138253797703968
fixed-00000008,130.0,4.0,-16,0.0010499934652876321,20.523619220618087
fixed-00000008,130.0,4.0,-15,0.000937825925790296,19.890843436975487
fixed-00000008,130.0,4.0,-14,0.0014020939931629667,19.238133704924607
fixed-00000008,130.0,4.0,-13,0.001655127656596896,18.563384620134784
fixed-00000008,130.0,4.0,-12,0.001568800844470211,17.86409607789507
fixed-00000008,130.0,4.0,-11,0.0022095710368506757,17.137261306119782
fixed-00000008,130.0,4.0,-10,0.002455597211894313,16.379210436004684
fixed-00000008,130.0,4.0,-9,0.0026234281381933107,15.58538591965737
fixed-00000008,130.0,4.0,-8,0.0028213985328936113,14.750009564284554
fixed-00000008,130.0,4.0,-7,0.004118705058538854,13.865569460383654
fixed-00000008,130.0,4.0,-6,0.004669229795325811,12.921991178661202
fixed-00000008,130.0,4.0,-5,0.0033906484976215534,11.905217349750558
fixed-00000008,130.0,4.0,-4,0.012978451579385786,10.794579595613783
fixed-00000008,130.0,4.0,-3,0.008791861570022251,9.557405601711935
fixed-00000008,130.0,4.0,-2,0.019198930753667257,8.136169892284855
fixed-00000008,130.0,4.0,-1,0.17522058040658595,6.409572995038118
fixed-00000008,130.0,4.0,0,0.5703912980481919,3.999999999999943
fixed-00000008,130.0,4.0,1,0.0,0.0
fixed-00000008,130.0,4.0,2,0.0,0.0
fixed-00000008,130.0,4.0,3,0.0,0.0
fixed-00000008,130.0,4.0,4,0.0,0.0
fixed-00000008,130.0,4.0,5,0.0,0.0
fixed-00000008,130.0,4.0,6,0.0,0.0
fixed-00000008,130.0,4.0,7,0.0,0.0
fixed-00000008,130.0,4.0,8,0.0,0.0
fixed-00000008,130.0,4.0,9,0.0,0.0
fixed-00000008,130.0,4.0,10,0.0,0.0
fixed-00000008,130.0,4.0,11,0.0,0.0
fixed-00000008,130.0,4.0,12,0.0,0.0
fixed-00000008,130.0,4.0,13,0.0,0.0
fixed-00000008,130.0,4.0,14,0.0,0.0
fixed-00000008,130.0,4.0,15,0.0,0.0
fixed-00000008,130.0,4.0,16,0.0,0.0
fixed-00000008,130.0,4.0,17,0.0,0.0
fixed-00000008,130.0,4.0,18,0.0,0.0
fixed-00000008,130.0,4.0,19,0.0,0.0
fixed-00000008,130.0,4.0,20,0.0,0.0
fixed-00000009,140.0,4.0,-20,0.0006515180920650457,22.071091552917864
fixed-00000009,140.0,4.0,-19,0.0006563752634512738,21.524522367911075
fixed-00000009,140.0,4.0,-18,0.0005338427615538894,20.964400995176362
fixed-00000009,140.0,4.0,-17,0.0007424421895116862,20.3896085063504
fixed-00000009,140.0,4.0,-16,0.000850777203479235,19.798865027537445
fixed-00000009,140.0,4.0,-15,0.0007466156891410779,19.190695371391683
fixed-00000009,140.0,4.0,-14,0.0011316100667004576,18.563384620134798
fixed-00000009,140.0,4.0,-13,0.0013288118372570454,17.91491981726459
fixed-00000009,140.0,4.0,-12,0.0013037674846518251,17.242912058772163
fixed-00000009,140.0,4.0,-11,0.0019845206715592674,16.544490275662753
fixed-00000009,140.0,4.0,-10,0.0023308427613553035,15.816153021261812
fixed-00000009,140.0,4.0,-9,0.002479761225487908,15.05355599411152
fixed-00000009,140.0,4.0,-8,0.00306207096766697,14.251197562253566
fixed-00000009,140.0,4.0,-7,0.00416253823545225,13.401935191968334
fixed-00000009,140.0,4.0,-6,0.00475633539771116,12.496206306817058
fixed-00000009,140.0,4.0,-5,0.003949626232368229,11.520697333479006
fixed-00000009,140.0,4.0,-4,0.01295299321180066,10.45589172636997
fixed-00000009,140.0,4.0,-3,0.009415732154398374,9.27106825583462
fixed-00000009,140.0,4.0,-2,0.019987313518172647,7.9124896307686186
fixed-00000009,140.0,4.0,-1,0.18279223960158367,6.268169548557026
fixed-00000009,140.0,4.0,0,0.5209932765425984,4.000000000000043
fixed-00000009,140.0,4.0,1,0.0,0.0
fixed-00000009,140.0,4.0,2,0.0,0.0
fixed-00000009,140.0,4.0,3,0.0,0.0
fixed-00000009,140.0,4.0,4,0.0,0.0
fixed-00000009,140.0,4.0,5,0.0,0.0
fixed-00000009,140.0,4.0,6,0.0,0.0
fixed-00000009,140.0,4.0,7,0.0,0.0
fixed-00000009,140.0,4.0,8,0.0,0.0
fixed-00000009,140.0,4.0,9,0.0,0.0
fixed-00000009,140.0,4.0,10,0.0,0.0
fixed-00000009,140.0,4.0,11,0.0,0.0
fixed-00000009,140.0,4.0,12,0.0,0.0
fixed-00000009,140.0,4.0,13,0.0,0.0
fixed-00000009,140.0,4.0,14,0.0,0.0
fixed-00000009,140.0,4.0,15,0.0,0.0
fixed-00000009,140.0,4.0,16,0.0,0.0
fixed-00000009,140.0,4.0,17,0.0,0.0
fixed-00000009,140.0,4.0,18,0.0,0.0
fixed-00000009,140.0,4.0,19,0.0,0.0
fixed-00000009,140.0,4.0,20,0.0,0.0
fixed-00000010,150.0,4.0,-20,0.0005153910845185228,21.33937330915093
fixed-00000010,150.0,4.0,-19,0.0005118348213259937,20.81260721870089
fixed-00000010,150.0,4.0,-18,0.0004295763227208664,20.272780035826898
fixed-00000010,150.0,4.0,-17,0.0006009142983975769,19.71881735546995
fixed-00000010,150.0,4.0,-16,0.0006792436980164182,19.149490680969976
fixed-00000010,150.0,4.0,-15,0.0005957867286477756,18.563384620134798
fixed-00000010,150.0,4.0,-14,0.0009014029067093953,17.958854520446636
fixed-00000010,150.0,4.0,-13,0.0010273542453925607,17.333970900377437
fixed-00000010,150.0,4.0,-12,0.0009913053092758283,16.686445270170665
fixed-00000010,150.0,4.0,-11,0.001549806564084049,16.013529106660258
fixed-00000010,150.0,4.0,-10,0.0018566833804013795,15.311873059069754
fixed-00000010,150.0,4.0,-9,0.0020011016720599428,14.577325397340658
fixed-00000010,150.0,4.0,-8,0.002768566435487263,13.804634215692602
fixed-00000010,150.0,4.0,-7,0.003766032175663611,12.986990452752977
fixed-00000010,150.0,4.0,-6,0.004287633866170651,12.115293466158093
fixed-00000010,150.0,4.0,-5,0.004179248469260492,11.176900501616302
fixed-00000010,150.0,4.0,-4,0.012065758833033404,10.153332615240856
fixed-00000010,150.0,4.0,-3,0.009256491025886994,9.015622340555609
fixed-00000010,150.0,4.0,-2,0.020025876113060715,7.713422675659871
fixed-00000010,150.0,4.0,-1,0.1810233082109253,6.142998339829575
fixed-00000010,150.0,4.0,0,0.46012567834351104,4.000000000000043
fixed-00000010,150.0,4.0,1,0.0,0.0
fixed-00000010,150.0,4.0,2,0.0,0.0
fixed-00000010,150.0,4.0,3,0.0,0.0
fixed-00000010,150.0,4.0,4,0.0,0.0
fixed-00000010,150.0,4.0,5,0.0,0.0
fixed-00000010,150.0,4.0,6,0.0,0.0
fixed-00000010,150.0,4.0,7,0.0,0.0
fixed-00000010,150.0,4.0,8,0.0,0.0
fixed-00000010,150.0,4.0,9,0.0,0.0
fixed-00000010,150.0,4.0,10,0.0,0.0
fixed-00000010,150.0,4.0,11,0.0,0.0
fixed-00000010,150.0,4.0,12,0.0,0.0
fixed-00000010,150.0,4.0,13,0.0,0.0
fixed-00000010,150.0,4.0,14,0.0,0.0
fixed-00000010,150.0,4.0,15,0.0,0.0
fixed-00000010,150.0,4.0,16,0.0,0.0
fixed-00000010,150.0,4.0,17,0.0,0.0
fixed-00000010,150.0,4.0,18,0.0,0.0
fixed-00000010,150.0,4.0,19,0.0,0.0
fixed-00000010,150.0,4.0,20,0.0,0.0
fixed-00000011,160.0,4.0,-20,0.0004297370805279112,20.678914499078303
fixed-00000011,160.0,4.0,-19,0.000418968642927422,20.170023522549073
fixed-00000011,160.0,4.0,-18,0.00035773255455383166,19.6485188177962
fixed-00000011,160.0,4.0,-17,0.0005072906378897275,19.113366448532148
fixed-00000011,160.0,4.0,-16,0.0005618552138137921,18.563384620134826
fixed-00000011,160.0,4.0,-15,0.0005011919724347393,17.997212298226287
fixed-00000011,160.0,4.0,-14,0.0007607433794309192,17.413268710318007
fixed-00000011,160.0,4.0,-13,0.0008522169955865143,16.809700268524495
fixed-00000011,160.0,4.0,-12,0.0008112156031873183,16.18430978152439
fixed-00000011,160.0,4.0,-11,0.0012845201802475189,15.534460149598402
fixed-00000011,160.0,4.0,-10,0.0015086423596967632,14.856940312447804
fixed-00000011,160.0,4.0,-9,0.0016276826149031441,14.147773622565637
fixed-00000011,160.0,4.0,-8,0.002408308096314452,13.401935191968363
fixed-00000011,160.0,4.0,-7,0.0033032505902169046,12.612919034749368
fixed-00000011,160.0,4.0,-6,0.003760139202839677,11.772044157333355
fixed-00000011,160.0,4.0,-5,0.004222446210427612,10.867276770488644
fixed-00000011,160.0,4.0,-4,0.011090970179489571,9.881078656044693
fixed-00000011,160.0,4.0,-3,0.008876060996972026,8.786068711064956
fixed-00000011,160.0,4.0,-2,0.019986309853551067,7.534952908764481
fixed-00000011,160.0,4.0,-1,0.17667000057516583,6.03135129215535
fixed-00000011,160.0,4.0,0,0.40328117386472584,4.000000000000128
fixed-00000011,160.0,4.0,1,0.0,0.0
fixed-00000011,160.0,4.0,2,0.0,0.0
fixed-00000011,160.0,4.0,3,0.0,0.0
fixed-00000011,160.0,4.0,4,0.0,0.0
fixed-00000011,160.0,4.0,5,0.0,0.0
fixed-00000011,160.0,4.0,6,0.0,0.0
fixed-00000011,160.0,4.0,7,0.0,0.0
fixed-00000011,160.0,4.0,8,0.0,0.0
fixed-00000011,160.0,4.0,9,0.0,0.0
fixed-00000011,160.0,4.0,10,0.0,0.0
fixed-00000011,160.0,4.0,11,0.0,0.0
fixed-00000011,160.0,4.0,12,0.0,0.0
fixed-00000011,160.0,4.0,13,0.0,0.0
fixed-00000011,160.0,4.0,14,0.0,0.0
fixed-00000011,160.0,4.0,15,0.0,0.0
fixed-00000011,160.0,4.0,16,0.0,0.0
fixed-00000011,160.0,4.0,17,0.0,0.0
fixed-00000011,160.0,4.0,18,0.0,0.0
fixed-00000011,160.0,4.0,19,0.0,0.0
fixed-00000011,160.0,4.0,20,0.0,0.0
fixed-00000012,170.0,4.0,-20,0.00035443183960474017,20.078937587093307
fixed-00000012,170.0,4.0,-19,0.00033928040498385246,19.586289471248577
fixed-00000012,170.0,4.0,-18,0.0002909960062479865,19.08143745864639
fixed-00000012,170.0,4.0,-17,0.0004193677707831564,18.563384620134798
fixed-00000012,170.0,4.0,-16,0.00045307635413735823,18.030991870959312
fixed-00000012,170.0,4.0,-15,0.00040941117977950854,17.482947890801668
fixed-00000012,170.0,4.0,-14,0.0006282257471924074,16.917730332891097
fixed-00000012,170.0,4.0,-13,0.0006902605696054176,16.333555025629337
fixed-00000012,170.0,4.0,-12,0.0006581513014828979,15.728308285955407
fixed-00000012,170.0,4.0,-11,0.0010499680490419106,15.099454930199627
fixed-00000012,170.0,4.0,-10,0.0012004918060735993,14.443910384212742
fixed-00000012,170.0,4.0,-9,0.0012825025296904378,13.757858124151412
fixed-00000012,170.0,4.0,-8,0.001954171403454353,13.036480848951996
fixed-00000012,170.0,4.0,-7,0.0026796657573198855,12.273549626976305
fixed-00000012,170.0,4.0,-6,0.003039378214370037,11.460766897267831
fixed-00000012,170.0,4.0,-5,0.0038426711830517775,10.586654831666635
fixed-00000012,170.0,4.0,-4,0.00957867264126009,9.634532883621333
fixed-00000012,170.0,4.0,-3,0.007855082401628907,8.578462776597007
fixed-00000012,170.0,4.0,-2,0.01915629637233656,7.37391453146995
fixed-00000012,170.0,4.0,-1,0.16434058696203607,5.931100707011396
fixed-00000012,170.0,4.0,0,0.34161468162347935,4.000000000000043
fixed-00000012,170.0,4.0,1,0.0,0.0
fixed-00000012,170.0,4.0,2,0.0,0.0
fixed-00000012,170.0,4.0,3,0.0,0.0
fixed-00000012,170.0,4.0,4,0.0,0.0
fixed-00000012,170.0,4.0,5,0.0,0.0
fixed-00000012,170.0,4.0,6,0.0,0.0
fixed-00000012,170.0,4.0,7,0.0,0.0
fixed-00000012,170.0,4.0,8,0.0,0.0
fixed-00000012,170.0,4.0,9,0.0,0.0
fixed-00000012,170.0,4.0,10,0.0,0.0
fixed-00000012,170.0,4.0,11,0.0,0.0
fixed-00000012,170.0,4.0,12,0.0,0.0
fixed-00000012,170.0,4.0,13,0.0,0.0
fixed-00000012,170.0,4.0,14,0.0,0.0
fixed-00000012,170.0,4.0,15,0.0,0.0
fixed-00000012,170.0,4.0,16,0.0,0.0
fixed-00000012,170.0,4.0,17,0.0,0.0
fixed-00000012,170.0,4.0,18,0.0,0.0
fixed-00000012,170.0,4.0,19,0.0,0.0
fixed-00000012,170.0,4.0,20,0.0,0.0
fixed-00000013,180.0,4.0,-20,0.0003210287639863623,19.530814598225575
fixed-00000013,180.0,4.0,-19,0.00030148962278821244,19.053012891096714
fixed-00000013,180.0,4.0,-18,0.0002595951942875007,18.563384620134798
fixed-00000013,180.0,4.0,-17,0.0003768220511236724,18.06096687878967
fixed-00000013,180.0,4.0,-16,0.0003986996230420744,17.544659849708694
fixed-00000013,180.0,4.0,-15,0.00036137583219466197,17.013197921647617
fixed-00000013,180.0,4.0,-14,0.0005612002228327118,16.46511246866092
fixed-00000013,180.0,4.0,-13,0.0006010133411244948,15.898683146952209
fixed-00000013,180.0,4.0,-12,0.0005775212043900996,15.311873059069725
fixed-00000013,180.0,4.0,-11,0.0009301075206129118,14.702240730771123
fixed-00000013,180.0,4.0,-10,0.0010337759533699754,14.066817881848479
fixed-00000013,180.0,4.0,-9,0.001106954360334789,13.401935191968363
fixed-00000013,180.0,4.0,-8,0.0017086709969265036,12.702966158118315
fixed-00000013,180.0,4.0,-7,0.002288159689955241,11.96393641047473
fixed-00000013,180.0,4.0,-6,0.002597851091125421,11.176900501616302
fixed-00000013,180.0,4.0,-5,0.003492532415844116,10.330890706572049
fixed-00000013,180.0,4.0,-4,0.008415905511419207,9.410012267886245
fixed-00000013,180.0,4.0,-3,0.006986262402905254,8.389645509317262
fixed-00000013,180.0,4.0,-2,0.018400600587596367,7.227774780095132
fixed-00000013,180.0,4.0,-1,0.15294031346608922,5.840549916165145
fixed-00000013,180.0,4.0,0,0.2892479177536905,4.000000000000043
fixed-00000013,180.0,4.0,1,0.0,0.0
fixed-00000013,180.0,4.0,2,0.0,0.0
fixed-00000013,180.0,4.0,3,0.0,0.0
fixed-00000013,180.0,4.0,4,0.0,0.0
fixed-00000013,180.0,4.0,5,0.0,0.0
fixed-00000013,180.0,4.0,6,0.0,0.0
fixed-00000013,180.0,4.0,7,0.0,0.0
fixed-00000013,180.0,4.0,8,0.0,0.0
fixed-00000013,180.0,4.0,9,0.0,0.0
fixed-00000013,180.0,4.0,10,0.0,0.0
fixed-00000013,180.0,4.0,11,0.0,0.0
fixed-00000013,180.0,4.0,12,0.0,0.0
fixed-00000013,180.0,4.0,13,0.0,0.0
fixed-00000013,180.0,4.0,14,0.0,0.0
fixed-00000013,180.0,4.0,15,0.0,0.0
fixed-00000013,180.0,4.0,16,0.0,0.0
fixed-00000013,180.0,4.0,17,0.0,0.0
fixed-00000013,180.0,4.0,18,0.0,0.0
fixed-00000013,180.0,4.0,19,0.0,0.0
fixed-00000013,180.0,4.0,20,0.0,0.0
fixed-00000015,200.0,4.0,-20,0.00033489632579117924,18.563384620134798
fixed-00000015,200.0,4.0,-19,0.0002986731148507644,18.11181433101568
fixed-00000015,200.0,4.0,-18,0.00026425561356143215,17.649090489235533
fixed-00000015,200.0,4.0,-17,0.0003834653642566428,17.17431076750566
fixed-00000015,200.0,4.0,-16,0.0003878894269572752,16.686445270170665
fixed-00000015,200.0,4.0,-15,0.0003603852139101616,16.184309781524362
fixed-00000015,200.0,4.0,-14,0.000566596991622936,15.666531340439832
fixed-00000015,200.0,4.0,-13,0.0005724380248095576,15.13150326662813
fixed-00000015,200.0,4.0,-12,0.0005673066649566575,14.577325397340658
fixed-00000015,200.0,4.0,-11,0.0009294966978391239,14.001723117605522
fixed-00000015,200.0,4.0,-10,0.0009592383146268444,13.401935191968334
fixed-00000015,200.0,4.0,-9,0.0010623585553673238,12.774554314257855
fixed-00000015,200.0,4.0,-8,0.001680827166064257,12.115293466158093
fixed-00000015,200.0,4.0,-7,0.0020621321661590244,11.41863095571108
fixed-00000015,200.0,4.0,-6,0.0024239068176459357,10.677246924869166
fixed-00000015,200.0,4.0,-5,0.0034860707326198467,9.88107865604465
fixed-00000015,200.0,4.0,-4,0.007593262659944537,9.015622340555609
fixed-00000015,200.0,4.0,-3,0.006437026823688497,8.058583440755712
fixed-00000015,200.0,4.0,-2,0.01914798088114842,6.972349028947534
fixed-00000015,200.0,4.0,-1,0.1436634147412184,5.683315135192018
fixed-00000015,200.0,4.0,0,0.22502984887150218,4.000000000000043
fixed-00000015,200.0,4.0,1,0.0,0.0
fixed-00000015,200.0,4.0,2,0.0,0.0
fixed-00000015,200.0,4.0,3,0.0,0.0
fixed-00000015,200.0,4.0,4,0.0,0.0
fixed-00000015,200.0,4.0,5,0.0,0.0
fixed-00000015,200.0,4.0,6,0.0,0.0
fixed-00000015,200.0,4.0,7,0.0,0.0
fixed-00000015,200.0,4.0,8,0.0,0.0
fixed-00000015,200.0,4.0,9,0.0,0.0
fixed-00000015,200.0,4.0,10,0.0,0.0
fixed-00000015,200.0,4.0,11,0.0,0.0
fixed-00000015,200.0,4.0,12,0.0,0.0
fixed-00000015,200.0,4.0,13,0.0,0.0
fixed-00000015,200.0,4.0,14,0.0,0.0
fixed-00000015,200.0,4.0,15,0.0,0.0
fixed-00000015,200.0,4.0,16,0.0,0.0
fixed-00000015,200.0,4.0,17,0.0,0.0
fixed-00000015,200.0,4.0,18,0.0,0.0
fixed-00000015,200.0,4.0,19,0.0,0.0
fixed-00000015,200.0,4.0,20,0.0,0.0
fixed-00000014,190.0,4.0,-20,0.00032406151443320876,19.027545728760387
fixed-00000014,190.0,4.0,-19,0.0002974179441617453,18.563384620134798
fixed-00000014,190.0,4.0,-18,0.00025843843564525717,18.087745917971517
fixed-00000014,190.0,4.0,-17,0.0003754017903345443,17.599698142746774
fixed-00000014,190.0,4.0,-16,0.0003895865038301031,17.098177750245895
fixed-00000014,190.0,4.0,-15,0.0003554883020650688,16.581961354199663
fixed-00000014,190.0,4.0,-14,0.0005562765556936881,16.04962995579325
fixed-00000014,190.0,4.0,-13,0.0005804112838849507,15.49952217558176
fixed-00000014,190.0,4.0,-12,0.0005631456337695492,14.929672049973433
fixed-00000014,190.0,4.0,-11,0.0009157931004998221,14.337724668923613
fixed-00000014,190.0,4.0,-10,0.000983852222941518,13.720819169692376
fixed-00000014,190.0,4.0,-9,0.0010653256271025051,13.075422179669076
fixed-00000014,190.0,4.0,-8,0.0016642765727088703,12.397083362613174
fixed-00000014,190.0,4.0,-7,0.0021416653882852248,11.680063301026976
fixed-00000014,190.0,4.0,-6,0.0024647408216877443,10.916741345033458
fixed-00000014,190.0,4.0,-5,0.003424033813522701,10.096619860707108
fixed-00000014,190.0,4.0,-4,0.007898425218170513,9.204527144434891
fixed-00000014,190.0,4.0,-3,0.006644660299222752,8.217053724399236
fixed-00000014,190.0,4.0,-2,0.018458525880148707,7.094480733772272
fixed-00000014,190.0,4.0,-1,0.14757999655822876,5.758328175331556
fixed-00000014,190.0,4.0,0,0.25246397977678675,4.000000000000043
fixed-00000014,190.0,4.0,1,0.0,0.0
fixed-00000014,190.0,4.0,2,0.0,0.0
fixed-00000014,190.0,4.0,3,0.0,0.0
fixed-00000014,190.0,4.0,4,0.0,0.0
fixed-00000014,190.0,4.0,5,0.0,0.0
fixed-00000014,190.0,4.0,6,0.0,0.0
fixed-00000014,190.0,4.0,7,0.0,0.0
fixed-00000014,190.0,4.0,8,0.0,0.0
fixed-00000014,190.0,4.0,9,0.0,0.0
fixed-00000014,190.0,4.0,10,0.0,0.0
fixed-00000014,190.0,4.0,11,0.0,0.0
fixed-00000014,190.0,4.0,12,0.0,0.0
fixed-00000014,190.0,4.0,13,0.0,0.0
fixed-00000014,190.0,4.0,14,0.0,0.0
fixed-00000014,190.0,4.0,15,0.0,0.0
fixed-00000014,190.0,4.0,16,0.0,0.0
fixed-00000014,190.0,4.0,17,0.0,0.0
fixed-00000014,190.0,4.0,18,0.0,0.0
fixed-00000014,190.0,4.0,19,0.0,0.0
fixed-00000014,190.0,4.0,20,0.0,0.0
fixed-00000016,210.0,4.0,-20,0.00031467369817016064,18.133563909262662
fixed-00000016,210.0,4.0,-19,0.00027161493435496936,17.69366376630488
fixed-00000016,210.0,4.0,-18,0.0002408752577285151,17.242912058772163
fixed-00000016,210.0,4.0,-17,0.0003592628991445465,16.78043360412154
fixed-00000016,210.0,4.0,-16,0.0003503746763525421,16.30522983876051
fixed-00000016,210.0,4.0,-15,0.0003258982226373777,15.816153021261812
fixed-00000016,210.0,4.0,-14,0.000533384456379292,15.311873059069725
fixed-00000016,210.0,4.0,-13,0.0005130918979325622,14.79083420461042
fixed-00000016,210.0,4.0,-12,0.0005123583598709125,14.251197562253566
fixed-00000016,210.0,4.0,-11,0.0008778727356608319,13.690763273626388
fixed-00000016,210.0,4.0,-10,0.0008521588827726206,13.106862846525061
fixed-00000016,210.0,4.0,-9,0.0009601328859708552,12.496206306817086
fixed-00000016,210.0,4.0,-8,0.0015840743099102522,11.854658593029981
fixed-00000016,210.0,4.0,-7,0.0018285386737212077,11.176900501616302
fixed-00000016,210.0,4.0,-6,0.0021853032028601236,10.45589172636997
fixed-00000016,210.0,4.0,-5,0.0032803610932289414,9.681973335802653
fixed-00000016,210.0,4.0,-4,0.006942038299855366,8.841260597125114
fixed-00000016,210.0,4.0,-3,0.00564939568951173,7.912489630768675
fixed-00000016,210.0,4.0,-2,0.01899203087933808,6.85998498024081
fixed-00000016,210.0,4.0,-1,0.139436217328709,5.614585555098117
fixed-00000016,210.0,4.0,0,0.18179980987084615,4.000000000000043
fixed-00000016,210.0,4.0,1,0.04776387027762016,0.6990406976807151
fixed-00000016,210.0,4.0,2,0.0,0.0
fixed-00000016,210.0,4.0,3,0.0,0.0
fixed-00000016,210.0,4.0,4,0.0,0.0
fixed-00000016,210.0,4.0,5,0.0,0.0
fixed-00000016,210.0,4.0,6,0.0,0.0
fixed-00000016,210.0,4.0,7,0.0,0.0
fixed-00000016,210.0,4.0,8,0.0,0.0
fixed-00000016,210.0,4.0,9,0.0,0.0
fixed-00000016,210.0,4.0,10,0.0,0.0
fixed-00000016,210.0,4.0,11,0.0,0.0
fixed-00000016,210.0,4.0,12,0.0,0.0
fixed-00000016,210.0,4.0,13,0.0,0.0
fixed-00000016,210.0,4.0,14,0.0,0.0
fixed-00000016,210.0,4.0,15,0.0,0.0
fixed-00000016,210.0,4.0,16,0.0,0.0
fixed-00000016,210.0,4.0,17,0.0,0.0
fixed-00000016,210.0,4.0,18,0.0,0.0
fixed-00000016,210.0,4.0,19,0.0,0.0
fixed-00000016,210.0,4.0,20,0.0,0.0
fixed-00000017,220.0,4.0,-20,0.0002929554006444493,17.73409081271616
fixed-00000017,220.0,4.0,-19,0.0002490768928916156,17.305048019521294
fixed-00000017,220.0,4.0,-18,0.0002202939775611513,16.86543602782575
fixed-00000017,220.0,4.0,-17,0.000332996620918795,16.414405017153385
fixed-00000017,220.0,4.0,-16,0.00032117960570184485,15.950985698613678
fixed-00000017,220.0,4.0,-15,0.0002949855197452331,15.474064410036164
fixed-00000017,220.0,4.0,-14,0.000497056848308781,14.982351111948859
fixed-00000017,220.0,4.0,-13,0.0004684520464265696,14.474337642723825
fixed-00000017,220.0,4.0,-12,0.00046239229759528853,13.948242344473982
fixed-00000017,220.0,4.0,-11,0.000822911189529804,13.401935191968377
fixed-00000017,220.0,4.0,-10,0.0007718916362279567,12.832834315133255
fixed-00000017,220.0,4.0,-9,0.0008686112053443672,12.237759303340212
fixed-00000017,220.0,4.0,-8,0.001488987242007345,11.612716944258509
fixed-00000017,220.0,4.0,-7,0.0016414591222245968,10.952576962541741
fixed-00000017,220.0,4.0,-6,0.0020002194093327063,10.250559696102783
fixed-00000017,220.0,4.0,-5,0.0030775010263141386,9.49738228221355
fixed-00000017,220.0,4.0,-4,0.006354686559664993,8.679735599183942
fixed-00000017,220.0,4.0,-3,0.005281295710706852,7.777311442431525
fixed-00000017,220.0,4.0,-2,0.01799440787212606,6.756222279782023
fixed-00000017,220.0,4.0,-1,0.1355836429885751,5.551368162118536
fixed-00000017,220.0,4.0,0,0.14526266330026755,4.000000000000043
fixed-00000017,220.0,4.0,1,0.07327961012269565,1.0924531720081205
fixed-00000017,220.0,4.0,2,0.0,0.0
fixed-00000017,220.0,4.0,3,0.0,0.0
fixed-00000017,220.0,4.0,4,0.0,0.0
fixed-00000017,220.0,4.0,5,0.0,0.0
fixed-00000017,220.0,4.0,6,0.0,0.0
fixed-00000017,220.0,4.0,7,0.0,0.0
fixed-00000017,220.0,4.0,8,0.0,0.0
fixed-00000017,220.0,4.0,9,0.0,0.0
fixed-00000017,220.0,4.0,10,0.0,0.0
fixed-00000017,220.0,4.0,11,0.0,0.0
fixed-00000017,220.0,4.0,12,0.0,0.0
fixed-00000017,220.0,4.0,13,0.0,0.0
fixed-00000017,220.0,4.0,14,0.0,0.0
fixed-00000017,220.0,4.0,15,0.0,0.0
fixed-00000017,220.0,4.0,16,0.0,0.0
fixed-00000017,220.0,4.0,17,0.0,0.0
fixed-00000017,220.0,4.0,18,0.0,0.0
fixed-00000017,220.0,4.0,19,0.0,0.0
fixed-00000017,220.0,4.0,20,0.0,0.0
fixed-00000018,230.0,4.0,-20,0.0002878585918293283,17.361592560354026
fixed-00000018,230.0,4.0,-19,0.00024057356216170743,16.942685258157596
fixed-00000018,230.0,4.0,-18,0.00021295398201542754,16.513473571464004
fixed-00000018,230.0,4.0,-17,0.00032302717492028527,16.07313144984927
fixed-00000018,230.0,4.0,-16,0.0003096439909402925,15.62071704156071
fixed-00000018,230.0,4.0,-15,0.0002809470887143069,15.155148624219663
fixed-00000018,230.0,4.0,-14,0.00048341221142574617,14.675173695966748
fixed-00000018,230.0,4.0,-13,0.00044905683569985473,14.179328690446923
fixed-00000018,230.0,4.0,-12,0.0004369938547836881,13.665885586158865
fixed-00000018,230.0,4.0,-11,0.0008041127268262929,13.13277978959242
fixed-00000018,230.0,4.0,-10,0.0007307491572733022,12.577510579407715
fixed-00000018,230.0,4.0,-9,0.0008205177687692906,11.997000160210277
fixed-00000018,230.0,4.0,-8,0.001455064760567369,11.387388125912437
fixed-00000018,230.0,4.0,-7,0.0015256054335000162,10.743720994389975
fixed-00000018,230.0,4.0,-6,0.001903961112184543,10.059462823221452
fixed-00000018,230.0,4.0,-5,0.0029747958070800674,9.325682005200974
fixed-00000018,230.0,4.0,-4,0.00594558305256491,8.529606124486918
fixed-00000018,230.0,4.0,-3,0.0051041349992554524,7.651815588106331
fixed-00000018,230.0,4.0,-2,0.01728552273460597,6.660077368214232
fixed-00000018,230.0,4.0,-1,0.13295192604008677,5.493014580257693
fixed-00000018,230.0,4.0,0,0.11705727093786991,4.000000000000043
fixed-00000018,230.0,4.0,1,0.09066747743726947,1.3553543387345144
fixed-00000018,230.0,4.0,2,0.0,0.0
fixed-00000018,230.0,4.0,3,0.0,0.0
fixed-00000018,230.0,4.0,4,0.0,0.0
fixed-00000018,230.0,4.0,5,0.0,0.0
fixed-00000018,230.0,4.0,6,0.0,0.0
fixed-00000018,230.0,4.0,7,0.0,0.0
fixed-00000018,230.0,4.0,8,0.0,0.0
fixed-00000018,230.0,4.0,9,0.0,0.0
fixed-00000018,230.0,4.0,10,0.0,0.0
fixed-00000018,230.0,4.0,11,0.0,0.0
fixed-00000018,230.0,4.0,12,0.0,0.0
fixed-00000018,230.0,4.0,13,0.0,0.0
fixed-00000018,230.0,4.0,14,0.0,0.0
fixed-00000018,230.0,4.0,15,0.0,0.0
fixed-00000018,230.0,4.0,16,0.0,0.0
fixed-00000018,230.0,4.0,17,0.0,0.0
fixed-00000018,230.0,4.0,18,0.0,0.0
fixed-00000018,230.0,4.0,19,0.0,0.0
fixed-00000018,230.0,4.0,20,0.0,0.0
fixed-00000019,240.0,4.0,-20,0.0003008778366884702,17.01319792164763
fixed-00000019,240.0,4.0,-19,0.000246177471003575,16.60378152529381
fixed-00000019,240.0,4.0,-18,0.00021955739904594415,16.18430978152439
fixed-00000019,240.0,4.0,-17,0.000331092537048943,15.753978980891489
fixed-00000019,240.0,4.0,-16,0.00031602671991612,15.311873059069754
fixed-00000019,240.0,4.0,-15,0.00028518713009154046,14.856940312447833
fixed-00000019,240.0,4.0,-14,0.0004955458374928293,14.387963517781984
fixed-00000019,240.0,4.0,-13,0.0004568348950757294,13.903521017776214
fixed-00000019,240.0,4.0,-12,0.0004383817659647532,13.401935191968363
fixed-00000019,240.0,4.0,-11,0.0008293015547428023,12.881202923645205
fixed-00000019,240.0,4.0,-10,0.0007343804024888652,12.338899720932332
fixed-00000019,240.0,4.0,-9,0.0008204217199088641,11.772044157333369
fixed-00000019,240.0,4.0,-8,0.0015051749631921356,11.176900501616302
fixed-00000019,240.0,4.0,-7,0.0014958344818023005,10.548681150469449
fixed-00000019,240.0,4.0,-6,0.0019159823011630987,9.881078656044693
fixed-00000019,240.0,4.0,-5,0.003034688592034893,9.165490343367907
fixed-00000019,240.0,4.0,-4,0.005783160574836987,8.389645509317262
fixed-00000019,240.0,4.0,-3,0.0051963354071276014,7.534952908764538
fixed-00000019,240.0,4.0,-2,0.017104956613947838,6.570714442852491
fixed-00000019,240.0,4.0,-1,0.13375045909386357,5.438975549640787
fixed-00000019,240.0,4.0,0,0.09580052913610572,4.000000000000128
fixed-00000019,240.0,4.0,1,0.10583770138705431,1.5578535504268984
fixed-00000019,240.0,4.0,2,0.0,0.0
fixed-00000019,240.0,4.0,3,0.0,0.0
fixed-00000019,240.0,4.0,4,0.0,0.0
fixed-00000019,240.0,4.0,5,0.0,0.0
fixed-00000019,240.0,4.0,6,0.0,0.0
fixed-00000019,240.0,4.0,7,0.0,0.0
fixed-00000019,240.0,4.0,8,0.0,0.0
fixed-00000019,240.0,4.0,9,0.0,0.0
fixed-00000019,240.0,4.0,10,0.0,0.0
fixed-00000019,240.0,4.0,11,0.0,0.0
fixed-00000019,240.0,4.0,12,0.0,0.0
fixed-00000019,240.0,4.0,13,0.0,0.0
fixed-00000019,240.0,4.0,14,0.0,0.0
fixed-00000019,240.0,4.0,15,0.0,0.0
fixed-00000019,240.0,4.0,16,0.0,0.0
fixed-00000019,240.0,4.0,17,0.0,0.0
fixed-00000019,240.0,4.0,18,0.0,0.0
fixed-00000019,240.0,4.0,19,0.0,0.0
fixed-00000019,240.0,4.0,20,0.0,0.0
fixed-00000020,250.0,4.0,-20,0.0003081677475841481,16.686445270170665
fixed-00000020,250.0,4.0,-19,0.0002468045755269348,16.285941336994114
fixed-00000020,250.0,4.0,-18,0.00022327444355374053,15.875616848789647
fixed-00000020,250.0,4.0,-17,0.00033428712291278163,15.454689148224062
fixed-00000020,250.0,4.0,-16,0.00031670235852714935,15.022266470358943
fixed-00000020,250.0,4.0,-15,0.0002872798095074235,14.577325397340715
fixed-00000020,250.0,4.0,-14,0.0005010878382366701,14.11868194632234
fixed-00000020,250.0,4.0,-13,0.00045872841303279903,13.644953944975029
fixed-00000020,250.0,4.0,-12,0.0004377419187644087,13.154511253697052
fixed-00000020,250.0,4.0,-11,0.0008463645762361225,12.645408662197411
fixed-00000020,250.0,4.0,-10,0.0007338148773516917,12.115293466158121
fixed-00000020,250.0,4.0,-9,0.0008176413485504642,11.561274966505863
fixed-00000020,250.0,4.0,-8,0.0015520256478160465,10.979734761202295
fixed-00000020,250.0,4.0,-7,0.0014670392422613998,10.366041263914951
fixed-00000020,250.0,4.0,-6,0.001927381677619845,9.714101762495858
fixed-00000020,250.0,4.0,-5,0.0031226394738657964,9.01562234055568
fixed-00000020,250.0,4.0,-4,0.005614146698323566,8.258802394264194
fixed-00000020,250.0,4.0,-3,0.0053189122140071595,7.425824639985038
fixed-00000020,250.0,4.0,-2,0.01697603114984323,6.487418295723927
fixed-00000020,250.0,4.0,-1,0.13414228999848157,5.388782503478367
fixed-00000020,250.0,4.0,0,0.07781322881565436,4.000000000000128
fixed-00000020,250.0,4.0,1,0.11909953038246386,1.7232677700620371
fixed-00000020,250.0,4.0,2,0.0,0.0
fixed-00000020,250.0,4.0,3,0.0,0.0
fixed-00000020,250.0,4.0,4,0.0,0.0
fixed-00000020,250.0,4.0,5,0.0,0.0
fixed-00000020,250.0,4.0,6,0.0,0.0
fixed-00000020,250.0,4.0,7,0.0,0.0
fixed-00000020,250.0,4.0,8,0.0,0.0
fixed-00000020,250.0,4.0,9,0.0,0.0
fixed-00000020,250.0,4.0,10,0.0,0.0
fixed-00000020,250.0,4.0,11,0.0,0.0
fixed-00000020,250.0,4.0,12,0.0,0.0
fixed-00000020,250.0,4.0,13,0.0,0.0
fixed-00000020,250.0,4.0,14,0.0,0.0
fixed-00000020,250.0,4.0,15,0.0,0.0
fixed-00000020,250.0,4.0,16,0.0,0.0
fixed-00000020,250.0,4.0,17,0.0,0.0
fixed-00000020,250.0,4.0,18,0.0,0.0
fixed-00000020,250.0,4.0,19,0.0,0.0
fixed-00000020,250.0,4.0,20,0.0,0.0
fixed-00000021,260.0,4.0,-20,0.00031625157054840364,16.379210436004684
fixed-00000021,260.0,4.0,-19,0.00024761790262510004,15.987097516269017
fixed-00000021,260.0,4.0,-18,0.00022740486126064652,15.58538591965737
fixed-00000021,260.0,4.0,-17,0.00033730439796526065,15.173312873518526
fixed-00000021,260.0,4.0,-16,0.00031730675657748957,14.750009564284554
fixed-00000021,260.0,4.0,-15,0.0002895468882885712,14.314479289708373
fixed-00000021,260.0,4.0,-14,0.0005053711227698501,13.865569460383654
fixed-00000021,260.0,4.0,-13,0.0004603438990496584,13.401935191968363
fixed-00000021,260.0,4.0,-12,0.00043626612393457017,12.921991178661202
fixed-00000021,260.0,4.0,-11,0.0008606872847147738,12.423846879528327
fixed-00000021,260.0,4.0,-10,0.0007320708423427156,11.905217349750558
fixed-00000021,260.0,4.0,-9,0.0008119456644111415,11.363297500741439
fixed-00000021,260.0,4.0,-8,0.0015932618494274547,10.794579595613783
fixed-00000021,260.0,4.0,-7,0.0014334023145178474,10.194579116674106
fixed-00000021,260.0,4.0,-6,0.0019300212359506413,9.557405601711935
fixed-00000021,260.0,4.0,-5,0.0031978681018681285,8.875055586881174
fixed-00000021,260.0,4.0,-4,0.0054126359978449185,8.136169892284855
fixed-00000021,260.0,4.0,-3,0.005418342099638127,7.32365592105198
fixed-00000021,260.0,4.0,-2,0.016751475837907922,6.409572995038118
fixed-00000021,260.0,4.0,-1,0.13360552507577775,5.342033137263584
fixed-00000021,260.0,4.0,0,0.06212536389845528,3.999999999999943
fixed-00000021,260.0,4.0,1,0.13064366467554947,1.8629706538812485
fixed-00000021,260.0,4.0,2,0.0,0.0
fixed-00000021,260.0,4.0,3,0.0,0.0
fixed-00000021,260.0,4.0,4,0.0,0.0
fixed-00000021,260.0,4.0,5,0.0,0.0
fixed-00000021,260.0,4.0,6,0.0,0.0
fixed-00000021,260.0,4.0,7,0.0,0.0
fixed-00000021,260.0,4.0,8,0.0,0.0
fixed-00000021,260.0,4.0,9,0.0,0.0
fixed-00000021,260.0,4.0,10,0.0,0.0
fixed-00000021,260.0,4.0,11,0.0,0.0
fixed-00000021,260.0,4.0,12,0.0,0.0
fixed-00000021,260.0,4.0,13,0.0,0.0
fixed-00000021,260.0,4.0,14,0.0,0.0
fixed-00000021,260.0,4.0,15,0.0,0.0
fixed-00000021,260.0,4.0,16,0.0,0.0
fixed-00000021,260.0,4.0,17,0.0,0.0
fixed-00000021,260.0,4.0,18,0.0,0.0
fixed-00000021,260.0,4.0,19,0.0,0.0
fixed-00000021,260.0,4.0,20,0.0,0.0
fixed-00000022,270.0,4.0,-20,0.0003232841858214426,16.08964950237933
fixed-00000022,270.0,4.0,-19,0.00024750520982332145,15.705455556386227
fixed-00000022,270.0,4.0,-18,0.0002319421457395066,15.311873059069725
fixed-00000022,270.0,4.0,-17,0.00034034072263579464,14.908158060804453
fixed-00000022,270.0,4.0,-16,0.0003169763132416434,14.493463473362837
fixed-00000022,270.0,4.0,-15,0.0002938339882064359,14.066817881848507
fixed-00000022,270.0,4.0,-14,0.0005100348894854884,13.627098410003597
fixed-00000022,270.0,4.0,-13,0.0004622935277539566,13.172995462424524
fixed-00000022,270.0,4.0,-12,0.0004389953858917267,12.702966158118315
fixed-00000022,270.0,4.0,-11,0.0008772277569022044,12.215171679035521
fixed-00000022,270.0,4.0,-10,0.0007350979997304003,11.707391172695964
fixed-00000022,270.0,4.0,-9,0.0008138404527757087,11.176900501616302
fixed-00000022,270.0,4.0,-8,0.0016467541439388266,10.620296524793474
fixed-00000022,270.0,4.0,-7,0.0014155356050307712,10.033233642263525
fixed-00000022,270.0,4.0,-6,0.0019510646882073283,9.410012267886245
fixed-00000022,270.0,4.0,-5,0.0033215919613408377,8.742902716320742
fixed-00000022,270.0,4.0,-4,0.005247852585102831,8.020961125094075
fixed-00000022,270.0,4.0,-3,0.005582414317561096,7.227774780095174
fixed-00000022,270.0,4.0,-2,0.016655026432433384,6.336644982795491
fixed-00000022,270.0,4.0,-1,0.13338356308936195,5.298379990270192
fixed-00000022,270.0,4.0,0,0.04927955535588542,4.000000000000043
fixed-00000022,270.0,4.0,1,0.14160245060984503,1.9835743440105915
fixed-00000022,270.0,4.0,2,0.0,0.0
fixed-00000022,270.0,4.0,3,0.0,0.0
fixed-00000022,270.0,4.0,4,0.0,0.0
fixed-00000022,270.0,4.0,5,0.0,0.0
fixed-00000022,270.0,4.0,6,0.0,0.0
fixed-00000022,270.0,4.0,7,0.0,0.0
fixed-00000022,270.0,4.0,8,0.0,0.0
fixed-00000022,270.0,4.0,9,0.0,0.0
fixed-00000022,270.0,4.0,10,0.0,0.0
fixed-00000022,270.0,4.0,11,0.0,0.0
fixed-00000022,270.0,4.0,12,0.0,0.0
fixed-00000022,270.0,4.0,13,0.0,0.0
fixed-00000022,270.0,4.0,14,0.0,0.0
fixed-00000022,270.0,4.0,15,0.0,0.0
fixed-00000022,270.0,4.0,16,0.0,0.0
fixed-00000022,270.0,4.0,17,0.0,0.0
fixed-00000022,270.0,4.0,18,0.0,0.0
fixed-00000022,270.0,4.0,19,0.0,0.0
fixed-00000022,270.0,4.0,20,0.0,0.0
fixed-00000023,280.0,4.0,-20,0.00031193780515122117,15.816153021261812
fixed-00000023,280.0,4.0,-19,0.00023399771863577277,15.439449087160426
fixed-00000023,280.0,4.0,-18,0.00022399997742655105,15.05355599411152
fixed-00000023,280.0,4.0,-17,0.00032617347139818245,14.657747646499345
fixed-00000023,280.0,4.0,-16,0.0003000695612314474,14.251197562253566
fixed-00000023,280.0,4.0,-15,0.0002830175276447402,13.832958309872055
fixed-00000023,280.0,4.0,-14,0.0004899286607775444,13.401935191968334
fixed-00000023,280.0,4.0,-13,0.00044035362467758715,12.956852076462738
fixed-00000023,280.0,4.0,-12,0.00042064693772898983,12.496206306817058
fixed-00000023,280.0,4.0,-11,0.0008523024368718007,12.018208096115075
fixed-00000023,280.0,4.0,-10,0.0007020324749940326,11.520697333479006
fixed-00000023,280.0,4.0,-9,0.0007799663507170511,11.001026574425026
fixed-00000023,280.0,4.0,-8,0.0016258867368294818,10.45589172636997
fixed-00000023,280.0,4.0,-7,0.0013386792427795495,9.881078656044693
fixed-00000023,280.0,4.0,-6,0.0018920493845010328,9.27106825583462
fixed-00000023,280.0,4.0,-5,0.0033212244351719096,8.618389378622567
fixed-00000023,280.0,4.0,-4,0.004911242011273644,7.9124896307686186
fixed-00000023,280.0,4.0,-3,0.005547277530569679,7.137595307370333
fixed-00000023,280.0,4.0,-2,0.016154520660395966,6.268169548557026
fixed-00000023,280.0,4.0,-1,0.12954560153748113,5.257521326257304
fixed-00000023,280.0,4.0,0,0.03792422871158882,4.000000000000043
fixed-00000023,280.0,4.0,1,0.1494515890421563,2.089341578597498
fixed-00000023,280.0,4.0,2,0.0,0.0
fixed-00000023,280.0,4.0,3,0.0,0.0
fixed-00000023,280.0,4.0,4,0.0,0.0
fixed-00000023,280.0,4.0,5,0.0,0.0
fixed-00000023,280.0,4.0,6,0.0,0.0
fixed-00000023,280.0,4.0,7,0.0,0.0
fixed-00000023,280.0,4.0,8,0.0,0.0
fixed-00000023,280.0,4.0,9,0.0,0.0
fixed-00000023,280.0,4.0,10,0.0,0.0
fixed-00000023,280.0,4.0,11,0.0,0.0
fixed-00000023,280.0,4.0,12,0.0,0.0
fixed-00000023,280.0,4.0,13,0.0,0.0
fixed-00000023,280.0,4.0,14,0.0,0.0
fixed-00000023,280.0,4.0,15,0.0,0.0
fixed-00000023,280.0,4.0,16,0.0,0.0
fixed-00000023,280.0,4.0,17,0.0,0.0
fixed-00000023,280.0,4.0,18,0.0,0.0
fixed-00000023,280.0,4.0,19,0.0,0.0
fixed-00000023,280.0,4.0,20,0.0,0.0
fixed-00000024,290.0,4.0,-20,0.00030588833808552814,15.557309048540347
fixed-00000024,290.0,4.0,-19,0.00022450433565041042,15.187703917530484
fixed-00000024,290.0,4.0,-18,0.00021988444140166186,14.809099185639653
fixed-00000024,290.0,4.0,-17,0.00031683165049898736,14.420785723786253
fixed-00000024,290.0,4.0,-16,0.0002879052443662559,14.02195663092941
fixed-00000024,290.0,4.0,-15,0.00027705029465012595,13.611687264434664
fixed-00000024,290.0,4.0,-14,0.00047614534889581174,13.18890970007432
fixed-00000024,290.0,4.0,-13,0.0004250600575804557,12.752379596207746
fixed-00000024,290.0,4.0,-12,0.0004089372744482715,12.300632504160816
fixed-00000024,290.0,4.0,-11,0.0008368596349273374,11.831925200795666
fixed-00000024,290.0,4.0,-10,0.000679248156810576,11.344155244919335
fixed-00000024,290.0,4.0,-9,0.0007564427153164204,10.834747980635072
fixed-00000024,290.0,4.0,-8,0.0016214926831226648,10.300493276388579
fixed-00000024,290.0,4.0,-7,0.0012797079211535783,9.737301631890915
fixed-00000024,290.0,4.0,-6,0.0018533697757656213,9.139824882054754
fixed-00000024,290.0,4.0,-5,0.0033500167695514147,8.500836443523596
fixed-00000024,290.0,4.0,-4,0.004617745132696961,7.810153537213992
fixed-00000024,290.0,4.0,-3,0.005557772008685638,7.052604065868977
fixed-00000024,290.0,4.0,-2,0.01572868521174014,6.203739911827654
fixed-00000024,290.0,4.0,-1,0.1260573960272091,5.219193787774614
fixed-00000024,290.0,4.0,0,0.02909183368316066,4.000000000000043
fixed-00000024,290.0,4.0,1,0.15673302461441807,2.1832152248066166
fixed-00000024,290.0,4.0,2,0.0,0.0
fixed-00000024,290.0,4.0,3,0.0,0.0
fixed-00000024,290.0,4.0,4,0.0,0.0
fixed-00000024,290.0,4.0,5,0.0,0.0
fixed-00000024,290.0,4.0,6,0.0,0.0
fixed-00000024,290.0,4.0,7,0.0,0.0
fixed-00000024,290.0,4.0,8,0.0,0.0
fixed-00000024,290.0,4.0,9,0.0,0.0
fixed-00000024,290.0,4.0,10,0.0,0.0
fixed-00000024,290.0,4.0,11,0.0,0.0
fixed-00000024,290.0,4.0,12,0.0,0.0
fixed-00000024,290.0,4.0,13,0.0,0.0
fixed-00000024,290.0,4.0,14,0.0,0.0
fixed-00000024,290.0,4.0,15,0.0,0.0
fixed-00000024,290.0,4.0,16,0.0,0.0
fixed-00000024,290.0,4.0,17,0.0,0.0
fixed-00000024,290.0,4.0,18,0.0,0.0
fixed-00000024,290.0,4.0,19,0.0,0.0
fixed-00000024,290.0,4.0,20,0.0,0.0
fixed-00000025,300.0,4.0,-20,0.0002923893106824035,15.311873059069754
fixed-00000025,300.0,4.0,-19,0.0002099293945687575,14.949008768730735
fixed-00000025,300.0,4.0,-18,0.00021067728500636255,14.577325397340658
fixed-00000025,300.0,4.0,-17,0.0003005134739909646,14.196129966981303
fixed-00000025,300.0,4.0,-16,0.00026940526750709825,13.804634215692602
fixed-00000025,300.0,4.0,-15,0.00026489320705961564,13.401935191968363
fixed-00000025,300.0,4.0,-14,0.0004521123213718606,12.986990452752977
fixed-00000025,300.0,4.0,-13,0.00040022017388639255,12.558585909081373
fixed-00000025,300.0,4.0,-12,0.0003886223004602156,12.115293466158093
fixed-00000025,300.0,4.0,-11,0.0008031275531182767,11.655414195869767
fixed-00000025,300.0,4.0,-10,0.0006416295088333904,11.176900501616302
fixed-00000025,300.0,4.0,-9,0.0007181594405166956,10.677246924869209
fixed-00000025,300.0,4.0,-8,0.0015819820398063683,10.153332615240856
fixed-00000025,300.0,4.0,-7,0.0011972121757640175,9.601186418732823
fixed-00000025,300.0,4.0,-6,0.0017800330330239305,9.015622340555609
fixed-00000025,300.0,4.0,-5,0.0033153641310147627,8.389645509317319
fixed-00000025,300.0,4.0,-4,0.004259500872538481,7.713422675659871
fixed-00000025,300.0,4.0,-3,0.005471313270095364,6.9723490289475905
fixed-00000025,300.0,4.0,-2,0.015114763251805021,6.142998339829575
fixed-00000025,300.0,4.0,-1,0.12081075975054953,5.1831664320526585
fixed-00000025,300.0,4.0,0,0.022281057092688045,4.000000000000043
fixed-00000025,300.0,4.0,1,0.16187133720244085,2.2673283559992825
fixed-00000025,300.0,4.0,2,0.0,0.0
fixed-00000025,300.0,4.0,3,0.0,0.0
fixed-00000025,300.0,4.0,4,0.0,0.0
fixed-00000025,300.0,4.0,5,0.0,0.0
fixed-00000025,300.0,4.0,6,0.0,0.0
fixed-00000025,300.0,4.0,7,0.0,0.0
fixed-00000025,300.0,4.0,8,0.0,0.0
fixed-00000025,300.0,4.0,9,0.0,0.0
fixed-00000025,300.0,4.0,10,0.0,0.0
fixed-00000025,300.0,4.0,11,0.0,0.0
fixed-00000025,300.0,4.0,12,0.0,0.0
fixed-00000025,300.0,4.0,13,0.0,0.0
fixed-00000025,300.0,4.0,14,0.0,0.0
fixed-00000025,300.0,4.0,15,0.0,0.0
fixed-00000025,300.0,4.0,16,0.0,0.0
fixed-00000025,300.0,4.0,17,0.0,0.0
fixed-00000025,300.0,4.0,18,0.0,0.0
fixed-00000025,300.0,4.0,19,0.0,0.0
fixed-00000025,300.0,4.0,20,0.0,0.0
fixed-00000026,310.0,4.0,-20,0.0002832422931607253,15.07874327797117
fixed-00000026,310.0,4.0,-19,0.00019845712229857505,14.722291275094364
fixed-00000026,310.0,4.0,-18,0.00020420378684406137,14.357192380701974
fixed-00000026,310.0,4.0,-17,0.0002876543447195824,13.982769016704736
fixed-00000026,310.0,4.0,-16,0.0002545439123333016,13.598250692153599
fixed-00000026,310.0,4.0,-15,0.0002558108442029362,13.202755134906326
fixed-00000026,310.0,4.0,-14,0.00043233637075266475,12.795264192127092
fixed-00000026,310.0,4.0,-13,0.0003801498258554747,12.37459260982395
fixed-00000026,310.0,4.0,-12,0.0003720148738036199,11.939346937600874
fixed-00000026,310.0,4.0,-11,0.000774923719504027,11.487870450145792
fixed-00000026,310.0,4.0,-10,0.0006105808357856998,11.01816778980809
fixed-00000026,310.0,4.0,-9,0.0006847006719986388,10.527799382740596
fixed-00000026,310.0,4.0,-8,0.0015500686269820992,10.013729342403465
fixed-00000026,310.0,4.0,-7,0.0011244036472306232,9.472099061220248
fixed-00000026,310.0,4.0,-6,0.0017149950355734996,8.89787662245989
fixed-00000026,310.0,4.0,-5,0.003287647878709424,8.284287014836138
fixed-00000026,310.0,4.0,-4,0.003923607708171748,7.621828010395305
fixed-00000026,310.0,4.0,-3,0.005396567394784537,6.896430508503414
fixed-00000026,310.0,4.0,-2,0.014509659959274375,6.085628867863377
fixed-00000026,310.0,4.0,-1,0.11556828040910996,5.149235852894208
fixed-00000026,310.0,4.0,0,0.017635054335164626,4.000000000000043
fixed-00000026,310.0,4.0,1,0.16618745743882013,2.3432844286040506
fixed-00000026,310.0,4.0,2,0.0,0.0
fixed-00000026,310.0,4.0,3,0.0,0.0
fixed-00000026,310.0,4.0,4,0.0,0.0
fixed-00000026,310.0,4.0,5,0.0,0.0
fixed-00000026,310.0,4.0,6,0.0,0.0
fixed-00000026,310.0,4.0,7,0.0,0.0
fixed-00000026,310.0,4.0,8,0.0,0.0
fixed-00000026,310.0,4.0,9,0.0,0.0
fixed-00000026,310.0,4.0,10,0.0,0.0
fixed-00000026,310.0,4.0,11,0.0,0.0
fixed-00000026,310.0,4.0,12,0.0,0.0
fixed-00000026,310.0,4.0,13,0.0,0.0
fixed-00000026,310.0,4.0,14,0.0,0.0
fixed-00000026,310.0,4.0,15,0.0,0.0
fixed-00000026,310.0,4.0,16,0.0,0.0
fixed-00000026,310.0,4.0,17,0.0,0.0
fixed-00000026,310.0,4.0,18,0.0,0.0
fixed-00000026,310.0,4.0,19,0.0,0.0
fixed-00000026,310.0,4.0,20,0.0,0.0
fixed-00000027,320.0,4.0,-20,0.0002822646060874046,14.856940312447804
fixed-00000027,320.0,4.0,-19,0.00019265352645774072,14.506598167644967
fixed-00000027,320.0,4.0,-18,0.0002034683119135684,14.147773622565637
fixed-00000027,320.0,4.0,-17,0.00028212742523535476,13.779803804715016
fixed-00000027,320.0,4.0,-16,0.00024646462063255544,13.401935191968363
fixed-00000027,320.0,4.0,-15,0.000253969740125729,13.01330525646199
fixed-00000027,320.0,4.0,-14,0.000422564612780027,12.612919034749368
fixed-00000027,320.0,4.0,-13,0.00036996717914879055,12.199618797218477
fixed-00000027,320.0,4.0,-12,0.0003654199479959799,11.772044157333355
fixed-00000027,320.0,4.0,-11,0.0007626968469141819,11.328578657906675
fixed-00000027,320.0,4.0,-10,0.0005953601284905254,10.867276770488644
fixed-00000027,320.0,4.0,-9,0.0006666475578029371,10.385761741931148
fixed-00000027,320.0,4.0,-8,0.0015481252543535526,9.881078656044693
fixed-00000027,320.0,4.0,-7,0.0010786538096184688,9.34947608678739
fixed-00000027,320.0,4.0,-6,0.0016822946811554554,8.786068711064956
fixed-00000027,320.0,4.0,-5,0.0033179326328928263,8.184290419985587
fixed-00000027,320.0,4.0,-4,0.00365500791462501,7.534952908764481
fixed-00000027,320.0,4.0,-3,0.005408032799009042,6.824493664384079
fixed-00000027,320.0,4.0,-2,0.014060666875630878,6.03135129215535
fixed-00000027,320.0,4.0,-1,0.11133896791590969,5.117222163430583
fixed-00000027,320.0,4.0,0,0.015103285690771436,4.000000000000128
fixed-00000027,320.0,4.0,1,0.17085505496538728,2.4123233315560384
fixed-00000027,320.0,4.0,2,0.0,0.0
fixed-00000027,320.0,4.0,3,0.0,0.0
fixed-00000027,320.0,4.0,4,0.0,0.0
fixed-00000027,320.0,4.0,5,0.0,0.0
fixed-00000027,320.0,4.0,6,0.0,0.0
fixed-00000027,320.0,4.0,7,0.0,0.0
fixed-00000027,320.0,4.0,8,0.0,0.0
fixed-00000027,320.0,4.0,9,0.0,0.0
fixed-00000027,320.0,4.0,10,0.0,0.0
fixed-00000027,320.0,4.0,11,0.0,0.0
fixed-00000027,320.0,4.0,12,0.0,0.0
fixed-00000027,320.0,4.0,13,0.0,0.0
fixed-00000027,320.0,4.0,14,0.0,0.0
fixed-00000027,320.0,4.0,15,0.0,0.0
fixed-00000027,320.0,4.0,16,0.0,0.0
fixed-00000027,320.0,4.0,17,0.0,0.0
fixed-00000027,320.0,4.0,18,0.0,0.0
fixed-00000027,320.0,4.0,19,0.0,0.0
fixed-00000027,320.0,4.0,20,0.0,0.0
fixed-00000028,330.0,4.0,-20,0.00028099469352123546,14.645590225419767
fixed-00000028,330.0,4.0,-19,0.00018702637115016802,14.30107880549295
fixed-00000028,330.0,4.0,-18,0.00020318077088946963,13.948242344473968
fixed-00000028,330.0,4.0,-17,0.0002769659574626671,13.586432032334955
fixed-00000028,330.0,4.0,-16,0.00023850281040882842,13.214910572562928
fixed-00000028,330.0,4.0,-15,0.0002534522752344017,12.832834315133255
fixed-00000028,330.0,4.0,-14,0.00041349388674214414,12.43923046584949
fixed-00000028,330.0,4.0,-13,0.0003602063820573645,12.0329676048014
fixed-00000028,330.0,4.0,-12,0.00036164091777586603,11.612716944258466
fixed-00000028,330.0,4.0,-11,0.0007514668271186803,11.176900501616302
fixed-00000028,330.0,4.0,-10,0.000582336160766203,10.723620343405443
fixed-00000028,330.0,4.0,-9,0.0006533424673780129,10.250559696102783
fixed-00000028,330.0,4.0,-8,0.001549777029661783,9.754840910694881
fixed-00000028,330.0,4.0,-7,0.0010408675759498603,9.232814767905225
fixed-00000028,330.0,4.0,-6,0.0016583229774576153,8.6797355991839
fixed-00000028,330.0,4.0,-5,0.0033669479392200987,8.089236042823956
fixed-00000028,330.0,4.0,-4,0.003408341642193044,7.452425884783267
fixed-00000028,330.0,4.0,-3,0.005446932598692851,6.756222279782023
fixed-00000028,330.0,4.0,-2,0.013675857797158785,5.9799161810314985
fixed-00000028,330.0,4.0,-1,0.10715662554247005,5.086965666639671
fixed-00000028,330.0,4.0,0,0.014479503784406616,3.999999999999943
fixed-00000028,330.0,4.0,1,0.17523100808929232,2.4754257179255603
fixed-00000028,330.0,4.0,2,0.0,0.0
fixed-00000028,330.0,4.0,3,0.0,0.0
fixed-00000028,330.0,4.0,4,0.0,0.0
fixed-00000028,330.0,4.0,5,0.0,0.0
fixed-00000028,330.0,4.0,6,0.0,0.0
fixed-00000028,330.0,4.0,7,0.0,0.0
fixed-00000028,330.0,4.0,8,0.0,0.0
fixed-00000028,330.0,4.0,9,0.0,0.0
fixed-00000028,330.0,4.0,10,0.0,0.0
fixed-00000028,330.0,4.0,11,0.0,0.0
fixed-00000028,330.0,4.0,12,0.0,0.0
fixed-00000028,330.0,4.0,13,0.0,0.0
fixed-00000028,330.0,4.0,14,0.0,0.0
fixed-00000028,330.0,4.0,15,0.0,0.0
fixed-00000028,330.0,4.0,16,0.0,0.0
fixed-00000028,330.0,4.0,17,0.0,0.0
fixed-00000028,330.0,4.0,18,0.0,0.0
fixed-00000028,330.0,4.0,19,0.0,0.0
fixed-00000028,330.0,4.0,20,0.0,0.0
fixed-00000029,340.0,4.0,-20,0.0002704212397449681,14.443910384212742
fixed-00000029,340.0,4.0,-19,0.00017598593889362233,14.104971406638299
fixed-00000029,340.0,4.0,-18,0.00019736683863048432,13.757858124151412
fixed-00000029,340.0,4.0,-17,0.00026450182126752685,13.401935191968363
fixed-00000029,340.0,4.0,-16,0.00022400531617051132,13.036480848951996
fixed-00000029,340.0,4.0,-15,0.0002470058283588769,12.660669518148893
fixed-00000029,340.0,4.0,-14,0.00039477326115478314,12.273549626976305
fixed-00000029,340.0,4.0,-13,0.0003408871169211579,11.87401493674271
fixed-00000029,340.0,4.0,-12,0.00035127623144959346,11.460766897267831
fixed-00000029,340.0,4.0,-11,0.0007238429371379173,11.032264333866962
fixed-00000029,340.0,4.0,-10,0.0005556983002819052,10.586654831666635
fixed-00000029,340.0,4.0,-9,0.0006308359341618267,10.121678956186614
fixed-00000029,340.0,4.0,-8,0.0015210124833519559,9.634532883621333
fixed-00000029,340.0,4.0,-7,0.0009867748026735192,9.12166497780018
fixed-00000029,340.0,4.0,-6,0.001612515355108486,8.578462776597007
fixed-00000029,340.0,4.0,-5,0.00337053754805647,7.998748233012279
fixed-00000029,340.0,4.0,-4,0.0031315857059400977,7.37391453146995
fixed-00000029,340.0,4.0,-3,0.0054240743936139315,6.691333557668287
fixed-00000029,340.0,4.0,-2,0.013206194230423275,5.931100707011396
fixed-00000029,340.0,4.0,-1,0.10181689145012911,5.058324079364041
fixed-00000029,340.0,4.0,0,0.015567085364289438,4.000000000000043
fixed-00000029,340.0,4.0,1,0.17801645949976463,2.533381666050957
fixed-00000029,340.0,4.0,2,0.0,0.0
fixed-00000029,340.0,4.0,3,0.0,0.0
fixed-00000029,340.0,4.0,4,0.0,0.0
fixed-00000029,340.0,4.0,5,0.0,0.0
fixed-00000029,340.0,4.0,6,0.0,0.0
fixed-00000029,340.0,4.0,7,0.0,0.0
fixed-00000029,340.0,4.0,8,0.0,0.0
fixed-00000029,340.0,4.0,9,0.0,0.0
fixed-00000029,340.0,4.0,10,0.0,0.0
fixed-00000029,340.0,4.0,11,0.0,0.0
fixed-00000029,340.0,4.0,12,0.0,0.0
fixed-00000029,340.0,4.0,13,0.0,0.0
fixed-00000029,340.0,4.0,14,0.0,0.0
fixed-00000029,340.0,4.0,15,0.0,0.0
fixed-00000029,340.0,4.0,16,0.0,0.0
fixed-00000029,340.0,4.0,17,0.0,0.0
fixed-00000029,340.0,4.0,18,0.0,0.0
fixed-00000029,340.0,4.0,19,0.0,0.0
fixed-00000029,340.0,4.0,20,0.0,0.0
fixed-00000030,350.0,4.0,-20,0.00026139711058598006,14.251197562253566
fixed-00000030,350.0,4.0,-19,0.00016581102168228848,13.917591470478868
fixed-00000030,350.0,4.0,-18,0.00019177296556361105,13.575955646065168
fixed-00000030,350.0,4.0,-17,0.0002524412635754721,13.2256676536188
fixed-00000030,350.0,4.0,-16,0.00021031762239947138,12.866020624889416
fixed-00000030,350.0,4.0,-15,0.00024014531101861387,12.496206306817086
fixed-00000030,350.0,4.0,-14,0.0003757037087471812,12.115293466158093
fixed-00000030,350.0,4.0,-13,0.00032203795157219876,11.722199994673844
fixed-00000030,350.0,4.0,-12,0.00033920865592493234,11.315656312084926
fixed-00000030,350.0,4.0,-11,0.00069367614534645,10.894156499405454
fixed-00000030,350.0,4.0,-10,0.0005280857735314808,10.45589172636997
fixed-00000030,350.0,4.0,-9,0.0006036084581507274,9.998657437886877
fixed-00000030,350.0,4.0,-8,0.0014829063317432166,9.519720429176374
fixed-00000030,350.0,4.0,-7,0.0009280106894495969,9.015622340555609
fixed-00000030,350.0,4.0,-6,0.001553913373195074,8.48187791167723
fixed-00000030,350.0,4.0,-5,0.0033441206336277196,7.9124896307686186
fixed-00000030,350.0,4.0,-4,0.00284215077375171,7.299120418664657
fixed-00000030,350.0,4.0,-3,0.005356356311985814,6.629573746376295
fixed-00000030,350.0,4.0,-2,0.012646346061387589,5.884705145226178
fixed-00000030,350.0,4.0,-1,0.09588933377250446,5.031170204831909
fixed-00000030,350.0,4.0,0,0.018283920062014857,4.000000000000043
fixed-00000030,350.0,4.0,1,0.1794234793006559,2.586837597448465
fixed-00000030,350.0,4.0,2,0.0,0.0
fixed-00000030,350.0,4.0,3,0.0,0.0
fixed-00000030,350.0,4.0,4,0.0,0.0
fixed-00000030,350.0,4.0,5,0.0,0.0
fixed-00000030,350.0,4.0,6,0.0,0.0
fixed-00000030,350.0,4.0,7,0.0,0.0
fixed-00000030,350.0,4.0,8,0.0,0.0
fixed-00000030,350.0,4.0,9,0.0,0.0
fixed-00000030,350.0,4.0,10,0.0,0.0
fixed-00000030,350.0,4.0,11,0.0,0.0
fixed-00000030,350.0,4.0,12,0.0,0.0
fixed-00000030,350.0,4.0,13,0.0,0.0
fixed-00000030,350.0,4.0,14,0.0,0.0
fixed-00000030,350.0,4.0,15,0.0,0.0
fixed-00000030,350.0,4.0,16,0.0,0.0
fixed-00000030,350.0,4.0,17,0.0,0.0
fixed-00000030,350.0,4.0,18,0.0,0.0
fixed-00000030,350.0,4.0,19,0.0,0.0
fixed-00000030,350.0,4.0,20,0.0,0.0
fixed-00000031,360.0,4.0,-20,0.00025583315906706016,14.066817881848479
fixed-00000031,360.0,4.0,-19,0.00015869960048820947,13.738321991396589
fixed-00000031,360.0,4.0,-18,0.00018937309854014732,13.401935191968363
fixed-00000031,360.0,4.0,-17,0.0002442728082137059,13.057047439103869
fixed-00000031,360.0,4.0,-16,0.0002002036458432501,12.702966158118315
fixed-00000031,360.0,4.0,-15,0.0002379989671769432,12.338899720932332
fixed-00000031,360.0,4.0,-14,0.00036242389157988756,11.96393641047473
fixed-00000031,360.0,4.0,-13,0.0003085452558044127,11.577017268486188
fixed-00000031,360.0,4.0,-12,0.0003346796371757034,11.176900501616302
fixed-00000031,360.0,4.0,-11,0.0006732981004822275,10.762113997903853
fixed-00000031,360.0,4.0,-10,0.0005099739735471048,10.330890706572049
fixed-00000031,360.0,4.0,-9,0.0005889993817560044,9.881078656044693
fixed-00000031,360.0,4.0,-8,0.001464635215647053,9.410012267886245
fixed-00000031,360.0,4.0,-7,0.0008886544714598691,8.914322439446764
fixed-00000031,360.0,4.0,-6,0.0015207754481468463,8.389645509317262
fixed-00000031,360.0,4.0,-5,0.0033666143976850693,7.830156313248764
fixed-00000031,360.0,4.0,-4,0.002604032365599237,7.227774780095132
fixed-00000031,360.0,4.0,-3,0.005363432959997119,6.570714442852491
fixed-00000031,360.0,4.0,-2,0.012236860421149414,5.840549916165145
fixed-00000031,360.0,4.0,-1,0.09068922757820608,5.0053899709427725
fixed-00000031,360.0,4.0,0,0.02269231674697204,4.000000000000043
fixed-00000031,360.0,4.0,1,0.18134529017256662,2.636329350486079
fixed-00000031,360.0,4.0,2,0.0,0.0
fixed-00000031,360.0,4.0,3,0.0,0.0
fixed-00000031,360.0,4.0,4,0.0,0.0
fixed-00000031,360.0,4.0,5,0.0,0.0
fixed-00000031,360.0,4.0,6,0.0,0.0
fixed-00000031,360.0,4.0,7,0.0,0.0
fixed-00000031,360.0,4.0,8,0.0,0.0
fixed-00000031,360.0,4.0,9,0.0,0.0
fixed-00000031,360.0,4.0,10,0.0,0.0
fixed-00000031,360.0,4.0,11,0.0,0.0
fixed-00000031,360.0,4.0,12,0.0,0.0
fixed-00000031,360.0,4.0,13,0.0,0.0
fixed-00000031,360.0,4.0,14,0.0,0.0
fixed-00000031,360.0,4.0,15,0.0,0.0
fixed-00000031,360.0,4.0,16,0.0,0.0
fixed-00000031,360.0,4.0,17,0.0,0.0
fixed-00000031,360.0,4.0,18,0.0,0.0
fixed-00000031,360.0,4.0,19,0.0,0.0
fixed-00000031,360.0,4.0,20,0.0,0.0
fixed-00000032,370.0,4.0,-20,0.00024184015326036767,13.890198270635722
fixed-00000032,370.0,4.0,-19,0.00014696006791920925,13.566605144972584
fixed-00000032,370.0,4.0,-18,0.00018153921183766756,13.235254562125931
fixed-00000032,370.0,4.0,-17,0.00022926533079787808,12.8955483840206
fixed-00000032,370.0,4.0,-16,0.00018460850530079988,12.54680776935885
fixed-00000032,370.0,4.0,-15,0.0002294630381182466,12.188257061712548
fixed-00000032,370.0,4.0,-14,0.00034001031716486714,11.819003290626839
fixed-00000032,370.0,4.0,-13,0.00028657962657692665,11.43800973111162
fixed-00000032,370.0,4.0,-12,0.00032238802474763943,11.044061270600096
fixed-00000032,370.0,4.0,-11,0.0006368968541476129,10.635718249445574
fixed-00000032,370.0,4.0,-10,0.000478362216670437,10.211253708209213
fixed-00000032,370.0,4.0,-9,0.000563460194784633,9.76856611165097
fixed-00000032,370.0,4.0,-8,0.001413226886716084,9.30505470888508
fixed-00000032,370.0,4.0,-7,0.0008308620094761477,8.817435895697656
fixed-00000032,370.0,4.0,-6,0.0014625280856439419,8.301462371876582
fixed-00000032,370.0,4.0,-5,0.0033265977104166193,7.751473670819763
fixed-00000032,370.0,4.0,-4,0.0023387250505412195,7.159634849526611
fixed-00000032,370.0,4.0,-3,0.005290358604631938,6.514549453118931
fixed-00000032,370.0,4.0,-2,0.011715175713064163,5.798473075777991
fixed-00000032,370.0,4.0,-1,0.08439604978098314,4.980880768645008
fixed-00000032,370.0,4.0,0,0.028428531758424826,4.000000000000043
fixed-00000032,370.0,4.0,1,0.18123775057869418,2.6823061129422996
fixed-00000032,370.0,4.0,2,0.0,0.0
fixed-00000032,370.0,4.0,3,0.0,0.0
fixed-00000032,370.0,4.0,4,0.0,0.0
fixed-00000032,370.0,4.0,5,0.0,0.0
fixed-00000032,370.0,4.0,6,0.0,0.0
fixed-00000032,370.0,4.0,7,0.0,0.0
fixed-00000032,370.0,4.0,8,0.0,0.0
fixed-00000032,370.0,4.0,9,0.0,0.0
fixed-00000032,370.0,4.0,10,0.0,0.0
fixed-00000032,370.0,4.0,11,0.0,0.0
fixed-00000032,370.0,4.0,12,0.0,0.0
fixed-00000032,370.0,4.0,13,0.0,0.0
fixed-00000032,370.0,4.0,14,0.0,0.0
fixed-00000032,370.0,4.0,15,0.0,0.0
fixed-00000032,370.0,4.0,16,0.0,0.0
fixed-00000032,370.0,4.0,17,0.0,0.0
fixed-00000032,370.0,4.0,18,0.0,0.0
fixed-00000032,370.0,4.0,19,0.0,0.0
fixed-00000032,370.0,4.0,20,0.0,0.0
fixed-00000033,380.0,4.0,-20,0.00023059475371475484,13.720819169692376
fixed-00000033,380.0,4.0,-19,0.00013737719265892378,13.401935191968363
fixed-00000033,380.0,4.0,-18,0.0001754517363122788,13.075422179669076
fixed-00000033,380.0,4.0,-17,0.0002165885178302642,12.740693447383023
fixed-00000033,380.0,4.0,-16,0.00017147274685912417,12.397083362613174
fixed-00000033,380.0,4.0,-15,0.00022304550147060837,12.043831628706272
fixed-00000033,380.0,4.0,-14,0.00032058708873739693,11.680063301026976
fixed-00000033,380.0,4.0,-13,0.000267921174868692,11.304763029146713
fixed-00000033,380.0,4.0,-12,0.00031286815039705706,10.916741345033458
fixed-00000033,380.0,4.0,-11,0.0006046610526417659,10.514589772150032
fixed-00000033,380.0,4.0,-10,0.00045140410418638443,10.096619860707108
fixed-00000033,380.0,4.0,-9,0.0005416743168023582,9.660778499992048
fixed-00000033,380.0,4.0,-8,0.0013676297215199913,9.204527144434891
fixed-00000033,380.0,4.0,-7,0.000780612858170375,8.724664167273232
fixed-00000033,380.0,4.0,-6,0.0014103351118082933,8.217053724399236
fixed-00000033,380.0,4.0,-5,0.0032952337361751233,7.676192887086515
fixed-00000033,380.0,4.0,-4,0.002095392057096888,7.094480733772272
fixed-00000033,380.0,4.0,-3,0.005231670685677918,6.460892113517076
fixed-00000033,380.0,4.0,-2,0.01122855869062527,5.758328175331556
fixed-00000033,380.0,4.0,-1,0.07827132876151714,4.957550037925813
fixed-00000033,380.0,4.0,0,0.03557041565097081,4.000000000000043
fixed-00000033,380.0,4.0,1,0.1805883110610184,2.7251481303053993
fixed-00000033,380.0,4.0,2,0.0,0.0
fixed-00000033,380.0,4.0,3,0.0,0.0
fixed-00000033,380.0,4.0,4,0.0,0.0
fixed-00000033,380.0,4.0,5,0.0,0.0
fixed-00000033,380.0,4.0,6,0.0,0.0
fixed-00000033,380.0,4.0,7,0.0,0.0
fixed-00000033,380.0,4.0,8,0.0,0.0
fixed-00000033,380.0,4.0,9,0.0,0.0
fixed-00000033,380.0,4.0,10,0.0,0.0
fixed-00000033,380.0,4.0,11,0.0,0.0
fixed-00000033,380.0,4.0,12,0.0,0.0
fixed-00000033,380.0,4.0,13,0.0,0.0
fixed-00000033,380.0,4.0,14,0.0,0.0
fixed-00000033,380.0,4.0,15,0.0,0.0
fixed-00000033,380.0,4.0,16,0.0,0.0
fixed-00000033,380.0,4.0,17,0.0,0.0
fixed-00000033,380.0,4.0,18,0.0,0.0
fixed-00000033,380.0,4.0,19,0.0,0.0
fixed-00000033,380.0,4.0,20,0.0,0.0
fixed-00000034,390.0,4.0,-20,0.0002172879746081932,13.558208282247051
fixed-00000034,390.0,4.0,-19,0.0001273433277405598,13.243852394778827
fixed-00000034,390.0,4.0,-18,0.00016832155572416038,12.921991178661244
fixed-00000034,390.0,4.0,-17,0.00020266244556454708,12.592048975527604
fixed-00000034,390.0,4.0,-16,0.0001578778593374177,12.253372869543554
fixed-00000034,390.0,4.0,-15,0.0002156551896095307,11.905217349750572
fixed-00000034,390.0,4.0,-14,0.0002998021298243744,11.546724820999572
fixed-00000034,390.0,4.0,-13,0.00024833064523997685,11.17690050161633
fixed-00000034,390.0,4.0,-12,0.0003028315252816056,10.794579595613811
fixed-00000034,390.0,4.0,-11,0.0005698488634427271,10.398383618371724
fixed-00000034,390.0,4.0,-10,0.0004228620504145182,9.986661145214711
fixed-00000034,390.0,4.0,-9,0.0005202196489514263,9.557405601711977
fixed-00000034,390.0,4.0,-8,0.0013154886141496388,9.108138186577165
fixed-00000034,390.0,4.0,-7,0.0007304148170451644,8.635735946513421
fixed-00000034,390.0,4.0,-6,0.0013576638952573939,8.136169892284897
fixed-00000034,390.0,4.0,-5,0.0032533949517778993,7.604087921018774
fixed-00000034,390.0,4.0,-4,0.0018658282352728738,7.032112732132049
fixed-00000034,390.0,4.0,-3,0.005167427058323231,6.409572995038175
fixed-00000034,390.0,4.0,-2,0.010759644622159803,5.719982428520552
fixed-00000034,390.0,4.0,-1,0.0720340021668437,4.935314059208693
fixed-00000034,390.0,4.0,0,0.04388012515135334,4.000000000000043
fixed-00000034,390.0,4.0,1,0.17885110696279088,2.7651800627454577
fixed-00000034,390.0,4.0,2,0.0,0.0
fixed-00000034,390.0,4.0,3,0.0,0.0
fixed-00000034,390.0,4.0,4,0.0,0.0
fixed-00000034,390.0,4.0,5,0.0,0.0
fixed-00000034,390.0,4.0,6,0.0,0.0
fixed-00000034,390.0,4.0,7,0.0,0.0
fixed-00000034,390.0,4.0,8,0.0,0.0
fixed-00000034,390.0,4.0,9,0.0,0.0
fixed-00000034,390.0,4.0,10,0.0,0.0
fixed-00000034,390.0,4.0,11,0.0,0.0
fixed-00000034,390.0,4.0,12,0.0,0.0
fixed-00000034,390.0,4.0,13,0.0,0.0
fixed-00000034,390.0,4.0,14,0.0,0.0
fixed-00000034,390.0,4.0,15,0.0,0.0
fixed-00000034,390.0,4.0,16,0.0,0.0
fixed-00000034,390.0,4.0,17,0.0,0.0
fixed-00000034,390.0,4.0,18,0.0,0.0
fixed-00000034,390.0,4.0,19,0.0,0.0
fixed-00000034,390.0,4.0,20,0.0,0.0
fixed-00000035,400.0,4.0,-20,0.00020431806427257122,13.401935191968334
fixed-00000035,400.0,4.0,-19,0.00011814416186179801,13.091937779982686
fixed-00000035,400.0,4.0,-18,0.00016146825967999572,12.774554314257855
fixed-00000035,400.0,4.0,-17,0.0001893100818703046,12.449219763534273
fixed-00000035,400.0,4.0,-16,0.0001453538071516976,12.115293466158093
fixed-00000035,400.0,4.0,-15,0.00020873278112482725,11.772044157333312
fixed-00000035,400.0,4.0,-14,0.00027994748031448855,11.41863095571108
fixed-00000035,400.0,4.0,-13,0.0002301319549107343,11.05407889093172
fixed-00000035,400.0,4.0,-12,0.0002937855141323942,10.677246924869166
fixed-00000035,400.0,4.0,-11,0.0005362066849946399,10.286785444979671
fixed-00000035,400.0,4.0,-10,0.0003962413845112524,9.88107865604465
fixed-00000035,400.0,4.0,-9,0.0005007828938672006,9.458164744734603
fixed-00000035,400.0,4.0,-8,0.0012639022355036816,9.015622340555609
fixed-00000035,400.0,4.0,-7,0.0006846763477351602,8.550404058348832
fixed-00000035,400.0,4.0,-6,0.0013083123946878842,8.058583440755712
fixed-00000035,400.0,4.0,-5,0.00321273690332248,7.5349529087644385
fixed-00000035,400.0,4.0,-4,0.0016572268714085485,6.972349028947534
fixed-00000035,400.0,4.0,-3,0.005111509518641031,6.360437927763655
fixed-00000035,400.0,4.0,-2,0.010329760147694985,5.683315135192018
fixed-00000035,400.0,4.0,-1,0.06587022495199336,4.9140969160105215
fixed-00000035,400.0,4.0,0,0.053164903241381144,4.000000000000043
fixed-00000035,400.0,4.0,1,0.17566165514364257,2.802681229887611
fixed-00000035,400.0,4.0,2,0.0,0.0
fixed-00000035,400.0,4.0,3,0.0,0.0
fixed-00000035,400.0,4.0,4,0.0,0.0
fixed-00000035,400.0,4.0,5,0.0,0.0
fixed-00000035,400.0,4.0,6,0.0,0.0
fixed-00000035,400.0,4.0,7,0.0,0.0
fixed-00000035,400.0,4.0,8,0.0,0.0
fixed-00000035,400.0,4.0,9,0.0,0.0
fixed-00000035,400.0,4.0,10,0.0,0.0
fixed-00000035,400.0,4.0,11,0.0,0.0
fixed-00000035,400.0,4.0,12,0.0,0.0
fixed-00000035,400.0,4.0,13,0.0,0.0
fixed-00000035,400.0,4.0,14,0.0,0.0
fixed-00000035,400.0,4.0,15,0.0,0.0
fixed-00000035,400.0,4.0,16,0.0,0.0
fixed-00000035,400.0,4.0,17,0.0,0.0
fixed-00000035,400.0,4.0,18,0.0,0.0
fixed-00000035,400.0,4.0,19,0.0,0.0
fixed-00000035,400.0,4.0,20,0.0,0.0
fixed-00000036,410.0,4.0,-20,0.0001955674138705696,13.25160671143152
fixed-00000036,410.0,4.0,-19,0.00011281401493894438,12.945808611381139
fixed-00000036,410.0,4.0,-18,0.00015932010469481685,12.632739563220795
fixed-00000036,410.0,4.0,-17,0.00018104002369946415,12.311844786384484
fixed-00000036,410.0,4.0,-16,0.00013790456930145448,11.982495438084868
fixed-00000036,410.0,4.0,-15,0.00020851904912354085,11.64397399180919
fixed-00000036,410.0,4.0,-14,0.000268279317374513,11.29545568156965
fixed-00000036,410.0,4.0,-13,0.00021945979973357122,10.935984635208442
fixed-00000036,410.0,4.0,-12,0.000295598120538973,10.564442711720147
fixed-00000036,410.0,4.0,-11,0.0005178075645712066,10.179508116212844
fixed-00000036,410.0,4.0,-10,0.00038149918031218607,9.779599368767236
fixed-00000036,410.0,4.0,-9,0.000502019232111442,9.362797745675024
fixed-00000036,410.0,4.0,-8,0.001244468000284327,8.92673712909803
fixed-00000036,410.0,4.0,-7,0.0006603169309337468,8.46844277897803
fixed-00000036,410.0,4.0,-6,0.0013076614430933555,7.984086702197118
fixed-00000036,410.0,4.0,-5,0.003248982002833318,7.4685999179504705
fixed-00000036,410.0,4.0,-4,0.001513365403307155,6.915023699498562
fixed-00000036,410.0,4.0,-3,0.005197978836838164,6.313346294075288
fixed-00000036,410.0,4.0,-2,0.010169524197023449,5.648216320416552
fixed-00000036,410.0,4.0,-1,0.060398985910770704,4.893829601074785
fixed-00000036,410.0,4.0,0,0.06286227312901306,4.000000000000043
fixed-00000036,410.0,4.0,1,0.16550611078051178,2.837893584805059
fixed-00000036,410.0,4.0,2,0.002172202005998038,0.3323929222386681
fixed-00000036,410.0,4.0,3,0.0,0.0
fixed-00000036,410.0,4.0,4,0.0,0.0
fixed-00000036,410.0,4.0,5,0.0,0.0
fixed-00000036,410.0,4.0,6,0.0,0.0
fixed-00000036,410.0,4.0,7,0.0,0.0
fixed-00000036,410.0,4.0,8,0.0,0.0
fixed-00000036,410.0,4.0,9,0.0,0.0
fixed-00000036,410.0,4.0,10,0.0,0.0
fixed-00000036,410.0,4.0,11,0.0,0.0
fixed-00000036,410.0,4.0,12,0.0,0.0
fixed-00000036,410.0,4.0,13,0.0,0.0
fixed-00000036,410.0,4.0,14,0.0,0.0
fixed-00000036,410.0,4.0,15,0.0,0.0
fixed-00000036,410.0,4.0,16,0.0,0.0
fixed-00000036,410.0,4.0,17,0.0,0.0
fixed-00000036,410.0,4.0,18,0.0,0.0
fixed-00000036,410.0,4.0,19,0.0,0.0
fixed-00000036,410.0,4.0,20,0.0,0.0
fixed-00000037,420.0,4.0,-20,0.00017744535078712513,13.106862846525061
fixed-00000037,420.0,4.0,-19,0.0001017102895540122,12.805114462386342
fixed-00000037,420.0,4.0,-18,0.00014936781663708485,12.496206306817086
fixed-00000037,420.0,4.0,-17,0.00016346160573429012,12.17959349512843
fixed-00000037,420.0,4.0,-16,0.0001233496893709284,11.854658593029981
fixed-00000037,420.0,4.0,-15,0.00019742777412173348,11.520697333478978
fixed-00000037,420.0,4.0,-14,0.00024278518735064517,11.176900501616302
fixed-00000037,420.0,4.0,-13,0.00019677454875148743,10.822330651089075
fixed-00000037,420.0,4.0,-12,0.0002814427608770774,10.45589172636997
fixed-00000037,420.0,4.0,-11,0.00047336690539376655,10.076288755900379
fixed-00000037,420.0,4.0,-10,0.00034385255758187153,9.681973335802653
fixed-00000037,420.0,4.0,-9,0.0004776558524083145,9.27106825583462
fixed-00000037,420.0,4.0,-8,0.00116344302857044,8.841260597125114
fixed-00000037,420.0,4.0,-7,0.0005939061755786424,8.389645509317234
fixed-00000037,420.0,4.0,-6,0.0012493855196067138,7.912489630768675
fixed-00000037,420.0,4.0,-5,0.00312926045627814,7.4048569993797315
fixed-00000037,420.0,4.0,-4,0.001294601752678158,6.85998498024081
fixed-00000037,420.0,4.0,-3,0.005072801693858641,6.268169548556969
fixed-00000037,420.0,4.0,-2,0.009658667768401076,5.614585555098117
fixed-00000037,420.0,4.0,-1,0.05354879371061232,4.874449243247412
fixed-00000037,420.0,4.0,0,0.07349517923878539,4.000000000000043
fixed-00000037,420.0,4.0,1,0.15682508218579772,2.871028001785845
fixed-00000037,420.0,4.0,2,0.0046965743581168515,0.6990406976807151
fixed-00000037,420.0,4.0,3,0.0,0.0
fixed-00000037,420.0,4.0,4,0.0,0.0
fixed-00000037,420.0,4.0,5,0.0,0.0
fixed-00000037,420.0,4.0,6,0.0,0.0
fixed-00000037,420.0,4.0,7,0.0,0.0
fixed-00000037,420.0,4.0,8,0.0,0.0
fixed-00000037,420.0,4.0,9,0.0,0.0
fixed-00000037,420.0,4.0,10,0.0,0.0
fixed-00000037,420.0,4.0,11,0.0,0.0
fixed-00000037,420.0,4.0,12,0.0,0.0
fixed-00000037,420.0,4.0,13,0.0,0.0
fixed-00000037,420.0,4.0,14,0.0,0.0
fixed-00000037,420.0,4.0,15,0.0,0.0
fixed-00000037,420.0,4.0,16,0.0,0.0
fixed-00000037,420.0,4.0,17,0.0,0.0
fixed-00000037,420.0,4.0,18,0.0,0.0
fixed-00000037,420.0,4.0,19,0.0,0.0
fixed-00000037,420.0,4.0,20,0.0,0.0
fixed-00000038,430.0,4.0,-20,0.0001606954037407415,12.96737328269542
fixed-00000038,430.0,4.0,-19,9.166949362720113e-05,12.669533796208484
fixed-00000038,430.0,4.0,-18,0.0001394904827268856,12.364642007157542
fixed-00000038,430.0,4.0,-17,0.00014669904271734935,12.052162591783855
fixed-00000038,430.0,4.0,-16,0.00011002350951502852,11.731489136876604
fixed-00000038,430.0,4.0,-15,0.00018607330055699716,11.401930182797159
fixed-00000038,430.0,4.0,-14,0.00021795282379902066,11.062691533065163
fixed-00000038,430.0,4.0,-13,0.00017571247870128015,10.712853532213543
fixed-00000038,430.0,4.0,-12,0.000266317137280183,10.351341443751252
fixed-00000038,430.0,4.0,-11,0.0004289278073921592,9.976886180480477
fixed-00000038,430.0,4.0,-10,0.0003080614920368512,9.587971244288596
fixed-00000038,430.0,4.0,-9,0.0004505877216715683,9.182759450054348
fixed-00000038,430.0,4.0,-8,0.0010784842279558686,8.758989138846587
fixed-00000038,430.0,4.0,-7,0.0005293714060682202,8.313822749096218
fixed-00000038,430.0,4.0,-6,0.0011832020070653216,7.843617934344664
fixed-00000038,430.0,4.0,-5,0.002990227437455736,7.343566490730254
fixed-00000038,430.0,4.0,-4,0.001087210100697896,6.8070937630128014
fixed-00000038,430.0,4.0,-3,0.004920618042958492,6.224789929923276
fixed-00000038,430.0,4.0,-2,0.009113251437121144,5.582330930281415
fixed-00000038,430.0,4.0,-1,0.046884275104804744,4.855898436406804
fixed-00000038,430.0,4.0,0,0.08466549606619585,4.000000000000043
fixed-00000038,430.0,4.0,1,0.1488221661987406,2.902269292269864
fixed-00000038,430.0,4.0,2,0.0065797117709345335,0.9215465625908905
fixed-00000038,430.0,4.0,3,0.0,0.0
fixed-00000038,430.0,4.0,4,0.0,0.0
fixed-00000038,430.0,4.0,5,0.0,0.0
fixed-00000038,430.0,4.0,6,0.0,0.0
fixed-00000038,430.0,4.0,7,0.0,0.0
fixed-00000038,430.0,4.0,8,0.0,0.0
fixed-00000038,430.0,4.0,9,0.0,0.0
fixed-00000038,430.0,4.0,10,0.0,0.0
fixed-00000038,430.0,4.0,11,0.0,0.0
fixed-00000038,430.0,4.0,12,0.0,0.0
fixed-00000038,430.0,4.0,13,0.0,0.0
fixed-00000038,430.0,4.0,14,0.0,0.0
fixed-00000038,430.0,4.0,15,0.0,0.0
fixed-00000038,430.0,4.0,16,0.0,0.0
fixed-00000038,430.0,4.0,17,0.0,0.0
fixed-00000038,430.0,4.0,18,0.0,0.0
fixed-00000038,430.0,4.0,19,0.0,0.0
fixed-00000038,430.0,4.0,20,0.0,0.0
fixed-00000039,440.0,4.0,-20,0.00014606135822923434,12.832834315133255
fixed-00000039,440.0,4.0,-19,8.346181889618378e-05,12.538770978052682
fixed-00000039,440.0,4.0,-18,0.00013093062736446037,12.237759303340212
fixed-00000039,440.0,4.0,-17,0.00013176730388620125,11.929273211537804
fixed-00000039,440.0,4.0,-16,9.892727133409705e-05,11.612716944258509
fixed-00000039,440.0,4.0,-15,0.00017633765585671216,11.287411421865912
fixed-00000039,440.0,4.0,-14,0.00019562502929027436,10.952576962541741
fixed-00000039,440.0,4.0,-13,0.00015780871025190702,10.607311101353602
fixed-00000039,440.0,4.0,-12,0.0002534537748673668,10.250559696102783
fixed-00000039,440.0,4.0,-11,0.00038836057163923256,9.88107865604465
fixed-00000039,440.0,4.0,-10,0.0002768182380621819,9.49738228221355
fixed-00000039,440.0,4.0,-9,0.00042705158532720144,9.09767200731369
fixed-00000039,440.0,4.0,-8,0.0009990523853069182,8.679735599183942
fixed-00000039,440.0,4.0,-7,0.00047177936568622915,8.240800326776181
fixed-00000039,440.0,4.0,-6,0.0011233671309021141,7.777311442431525
fixed-00000039,440.0,4.0,-5,0.002857320169011947,7.284583534666609
fixed-00000039,440.0,4.0,-4,0.0009031313001291049,6.756222279782023
fixed-00000039,440.0,4.0,-3,0.004784090884291218,6.183099336276953
fixed-00000039,440.0,4.0,-2,0.00860767544239989,5.551368162118536
fixed-00000039,440.0,4.0,-1,0.04064886974672759,4.838124655002829
fixed-00000039,440.0,4.0,0,0.09647383447993765,4.000000000000043
fixed-00000039,440.0,4.0,1,0.14103257002754568,2.931780248048341
fixed-00000039,440.0,4.0,2,0.008367302719307147,1.0924531720081205
fixed-00000039,440.0,4.0,3,0.0,0.0
fixed-00000039,440.0,4.0,4,0.0,0.0
fixed-00000039,440.0,4.0,5,0.0,0.0
fixed-00000039,440.0,4.0,6,0.0,0.0
fixed-00000039,440.0,4.0,7,0.0,0.0
fixed-00000039,440.0,4.0,8,0.0,0.0
fixed-00000039,440.0,4.0,9,0.0,0.0
fixed-00000039,440.0,4.0,10,0.0,0.0
fixed-00000039,440.0,4.0,11,0.0,0.0
fixed-00000039,440.0,4.0,12,0.0,0.0
fixed-00000039,440.0,4.0,13,0.0,0.0
fixed-00000039,440.0,4.0,14,0.0,0.0
fixed-00000039,440.0,4.0,15,0.0,0.0
fixed-00000039,440.0,4.0,16,0.0,0.0
fixed-00000039,440.0,4.0,17,0.0,0.0
fixed-00000039,440.0,4.0,18,0.0,0.0
fixed-00000039,440.0,4.0,19,0.0,0.0
fixed-00000039,440.0,4.0,20,0.0,0.0
fixed-00000040,450.0,4.0,-20,0.00013135951164056306,12.702966158118315
fixed-00000040,450.0,4.0,-19,7.58432056549546e-05,12.412553656294293
fixed-00000040,450.0,4.0,-18,0.00012216326130235955,12.115293466158121
fixed-00000040,450.0,4.0,-17,0.00011689210512476037,11.81066845284316
fixed-00000040,450.0,4.0,-16,8.872535657833792e-05,11.498093166079101
fixed-00000040,450.0,4.0,-15,0.00016626079513710183,11.17690050161626
fixed-00000040,450.0,4.0,-14,0.00017348543200546484,10.846324815409005
fixed-00000040,450.0,4.0,-13,0.00014102121300378062,10.505480264653997
fixed-00000040,450.0,4.0,-12,0.00024036055954500978,10.153332615240856
fixed-00000040,450.0,4.0,-11,0.0003478243228136073,9.788661932177646
fixed-00000040,450.0,4.0,-10,0.0002466209252549176,9.41001226788633
fixed-00000040,450.0,4.0,-9,0.0004041147826775382,9.015622340555637
fixed-00000040,450.0,4.0,-8,0.0009169577760923625,8.60332760953709
fixed-00000040,450.0,4.0,-7,0.00041559822151369713,8.170417848002046
fixed-00000040,450.0,4.0,-6,0.0010649908206112968,7.713422675659928
fixed-00000040,450.0,4.0,-5,0.0027116120381370443,7.227774780095174
fixed-00000040,450.0,4.0,-4,0.0007359697048534762,6.707252950125579
fixed-00000040,450.0,4.0,-3,0.004643584296198219,6.142998339829504
fixed-00000040,450.0,4.0,-2,0.008114164132244197,5.521619808342521
fixed-00000040,450.0,4.0,-1,0.034698421838672056,4.821079743384956
fixed-00000040,450.0,4.0,0,0.10851624552410628,4.000000000000043
fixed-00000040,450.0,4.0,1,0.13290865478572708,2.9597049311129666
fixed-00000040,450.0,4.0,2,0.010167681305908416,1.2338425267338948
fixed-00000040,450.0,4.0,3,0.0,0.0
fixed-00000040,450.0,4.0,4,0.0,0.0
fixed-00000040,450.0,4.0,5,0.0,0.0
fixed-00000040,450.0,4.0,6,0.0,0.0
fixed-00000040,450.0,4.0,7,0.0,0.0
fixed-00000040,450.0,4.0,8,0.0,0.0
fixed-00000040,450.0,4.0,9,0.0,0.0
fixed-00000040,450.0,4.0,10,0.0,0.0
fixed-00000040,450.0,4.0,11,0.0,0.0
fixed-00000040,450.0,4.0,12,0.0,0.0
fixed-00000040,450.0,4.0,13,0.0,0.0
fixed-00000040,450.0,4.0,14,0.0,0.0
fixed-00000040,450.0,4.0,15,0.0,0.0
fixed-00000040,450.0,4.0,16,0.0,0.0
fixed-00000040,450.0,4.0,17,0.0,0.0
fixed-00000040,450.0,4.0,18,0.0,0.0
fixed-00000040,450.0,4.0,19,0.0,0.0
fixed-00000040,450.0,4.0,20,0.0,0.0
fixed-00000041,460.0,4.0,-20,0.00011691293055377288,12.577510579407715
fixed-00000041,460.0,4.0,-19,6.871726928892101e-05,12.290630459977635
fixed-00000041,460.0,4.0,-18,0.00011305342012551531,11.997000160210277
fixed-00000041,460.0,4.0,-17,0.000102204224713823,11.696111205778067
fixed-00000041,460.0,4.0,-16,7.929897546262799e-05,11.387388125912437
fixed-00000041,460.0,4.0,-15,0.00015546832966709183,11.070175408225822
fixed-00000041,460.0,4.0,-14,0.00015150852936457367,10.743720994389975
fixed-00000041,460.0,4.0,-13,0.00012520819952781335,10.407155124901223
fixed-00000041,460.0,4.0,-12,0.00022609841831530637,10.059462823221452
fixed-00000041,460.0,4.0,-11,0.0003069977659828247,9.699447513130764
fixed-00000041,460.0,4.0,-10,0.00021715229996836083,9.325682005200974
fixed-00000041,460.0,4.0,-9,0.00037967939000654643,8.93644104020727
fixed-00000041,460.0,4.0,-8,0.0008307627214988,8.529606124486918
fixed-00000041,460.0,4.0,-7,0.00035957373117062065,8.102527331430608
fixed-00000041,460.0,4.0,-6,0.001003698084095657,7.651815588106331
fixed-00000041,460.0,4.0,-5,0.0025453828411729257,7.1730172404364225
fixed-00000041,460.0,4.0,-4,0.0005822315642429358,6.660077368214232
fixed-00000041,460.0,4.0,-3,0.00448376624972785,6.104395321148445
fixed-00000041,460.0,4.0,-2,0.0076058953645176,5.493014580257693
fixed-00000041,460.0,4.0,-1,0.029022497477377444,4.804719468232179
fixed-00000041,460.0,4.0,0,0.12045483870013052,4.000000000000043
fixed-00000041,460.0,4.0,1,0.12421152539351575,2.986171373421186
fixed-00000041,460.0,4.0,2,0.011991386064665939,1.3553543387345144
fixed-00000041,460.0,4.0,3,0.0,0.0
fixed-00000041,460.0,4.0,4,0.0,0.0
fixed-00000041,460.0,4.0,5,0.0,0.0
fixed-00000041,460.0,4.0,6,0.0,0.0
fixed-00000041,460.0,4.0,7,0.0,0.0
fixed-00000041,460.0,4.0,8,0.0,0.0
fixed-00000041,460.0,4.0,9,0.0,0.0
fixed-00000041,460.0,4.0,10,0.0,0.0
fixed-00000041,460.0,4.0,11,0.0,0.0
fixed-00000041,460.0,4.0,12,0.0,0.0
fixed-00000041,460.0,4.0,13,0.0,0.0
fixed-00000041,460.0,4.0,14,0.0,0.0
fixed-00000041,460.0,4.0,15,0.0,0.0
fixed-00000041,460.0,4.0,16,0.0,0.0
fixed-00000041,460.0,4.0,17,0.0,0.0
fixed-00000041,460.0,4.0,18,0.0,0.0
fixed-00000041,460.0,4.0,19,0.0,0.0
fixed-00000041,460.0,4.0,20,0.0,0.0
fixed-00000042,470.0,4.0,-20,0.00010472803847570365,12.456228814270318
fixed-00000042,470.0,4.0,-19,6.329117395378959e-05,12.172768968466443
fixed-00000042,470.0,4.0,-18,0.00010521310732729191,11.882653470494859
fixed-00000042,470.0,4.0,-17,8.938175972477435e-05,11.585382237029776
fixed-00000042,470.0,4.0,-16,7.19814054437343e-05,11.28038946496281
fixed-00000042,470.0,4.0,-15,0.00014613892323887134,10.967030869800126
fixed-00000042,470.0,4.0,-14,0.0001320189634840162,10.644567549905517
fixed-00000042,470.0,4.0,-13,0.00011247061147991676,10.31214531767661
fixed-00000042,470.0,4.0,-12,0.00021371593693683731,9.968767836736134
fixed-00000042,470.0,4.0,-11,0.0002700720806915243,9.613261133217293
fixed-00000042,470.0,4.0,-10,0.0001921495463960405,9.244225833195756
fixed-00000042,470.0,4.0,-9,0.00035804865853167594,8.85997150158471
fixed-00000042,470.0,4.0,-8,0.0007502894838616313,8.458424131399937
fixed-00000042,470.0,4.0,-7,0.000309683148961639,8.036992005791461
fixed-00000042,470.0,4.0,-6,0.0009477563644678564,7.592364458324127
fixed-00000042,470.0,4.0,-5,0.0023833919541439443,7.12019728699272
fixed-00000042,470.0,4.0,-4,0.00044886166500946,6.614595409808928
fixed-00000042,470.0,4.0,-3,0.00433567341635858,6.067205706207318
fixed-00000042,470.0,4.0,-2,0.007129987511352661,5.465486736837221
fixed-00000042,470.0,4.0,-1,0.023834025972136262,4.789003125134016
fixed-00000042,470.0,4.0,0,0.1326226386618389,4.000000000000043
fixed-00000042,470.0,4.0,1,0.11548288310197163,3.011293809692063
fixed-00000042,470.0,4.0,2,0.01386931968877696,1.462265398478209
fixed-00000042,470.0,4.0,3,0.0,0.0
fixed-00000042,470.0,4.0,4,0.0,0.0
fixed-00000042,470.0,4.0,5,0.0,0.0
fixed-00000042,470.0,4.0,6,0.0,0.0
fixed-00000042,470.0,4.0,7,0.0,0.0
fixed-00000042,470.0,4.0,8,0.0,0.0
fixed-00000042,470.0,4.0,9,0.0,0.0
fixed-00000042,470.0,4.0,10,0.0,0.0
fixed-00000042,470.0,4.0,11,0.0,0.0
fixed-00000042,470.0,4.0,12,0.0,0.0
fixed-00000042,470.0,4.0,13,0.0,0.0
fixed-00000042,470.0,4.0,14,0.0,0.0
fixed-00000042,470.0,4.0,15,0.0,0.0
fixed-00000042,470.0,4.0,16,0.0,0.0
fixed-00000042,470.0,4.0,17,0.0,0.0
fixed-00000042,470.0,4.0,18,0.0,0.0
fixed-00000042,470.0,4.0,19,0.0,0.0
fixed-00000042,470.0,4.0,20,0.0,0.0
fixed-00000043,480.0,4.0,-20,9.338932678568933e-05,12.338899720932332
fixed-00000043,480.0,4.0,-19,5.905547455841962e-05,12.058753916039905
fixed-00000043,480.0,4.0,-18,9.786313793506929e-05,11.772044157333369
fixed-00000043,480.0,4.0,-17,7.740585401219006e-05,11.478278496429667
fixed-00000043,480.0,4.0,-16,6.631678311501105e-05,11.176900501616302
fixed-00000043,480.0,4.0,-15,0.00013740616440094516,10.867276770488644
fixed-00000043,480.0,4.0,-14,0.000113824351039222,10.548681150469449
fixed-00000043,480.0,4.0,-13,0.00010212771939681665,10.220274539944285
fixed-00000043,480.0,4.0,-12,0.0002025208802081702,9.881078656044693
fixed-00000043,480.0,4.0,-11,0.0002353413154387442,9.529941408533489
fixed-00000043,480.0,4.0,-10,0.00017046252634318314,9.165490343367907
fixed-00000043,480.0,4.0,-9,0.00033963144150229746,8.786068711064956
fixed-00000043,480.0,4.0,-8,0.0006724246814286531,8.389645509317262
fixed-00000043,480.0,4.0,-7,0.0002643916836430126,7.973685246153153
fixed-00000043,480.0,4.0,-6,0.0008996112389201425,7.534952908764538
fixed-00000043,480.0,4.0,-5,0.002220574657561278,7.069209758944453
fixed-00000043,480.0,4.0,-4,0.00033566137681872543,6.570714442852491
fixed-00000043,480.0,4.0,-3,0.004204494971625723,6.03135129215535
fixed-00000043,480.0,4.0,-2,0.006694547262560025,5.438975549640787
fixed-00000043,480.0,4.0,-1,0.019131192316488053,4.773893191801832
fixed-00000043,480.0,4.0,0,0.1448061066364925,4.000000000000128
fixed-00000043,480.0,4.0,1,0.10675313554536113,3.035174537183508
fixed-00000043,480.0,4.0,2,0.015846276473247004,1.5578535504268984
fixed-00000043,480.0,4.0,3,0.0,0.0
fixed-00000043,480.0,4.0,4,0.0,0.0
fixed-00000043,480.0,4.0,5,0.0,0.0
fixed-00000043,480.0,4.0,6,0.0,0.0
fixed-00000043,480.0,4.0,7,0.0,0.0
fixed-00000043,480.0,4.0,8,0.0,0.0
fixed-00000043,480.0,4.0,9,0.0,0.0
fixed-00000043,480.0,4.0,10,0.0,0.0
fixed-00000043,480.0,4.0,11,0.0,0.0
fixed-00000043,480.0,4.0,12,0.0,0.0
fixed-00000043,480.0,4.0,13,0.0,0.0
fixed-00000043,480.0,4.0,14,0.0,0.0
fixed-00000043,480.0,4.0,15,0.0,0.0
fixed-00000043,480.0,4.0,16,0.0,0.0
fixed-00000043,480.0,4.0,17,0.0,0.0
fixed-00000043,480.0,4.0,18,0.0,0.0
fixed-00000043,480.0,4.0,19,0.0,0.0
fixed-00000043,480.0,4.0,20,0.0,0.0
fixed-00000044,490.0,4.0,-20,8.053360078031047e-05,12.225318145104808
fixed-00000044,490.0,4.0,-19,5.40471336032686e-05,11.948385599975978
fixed-00000044,490.0,4.0,-18,8.848232277486831e-05,11.66497810905598
fixed-00000044,490.0,4.0,-17,6.434100719811465e-05,11.374611615381397
fixed-00000044,490.0,4.0,-16,6.01991288563693e-05,11.076738776861475
fixed-00000044,490.0,4.0,-15,0.00012556687399989353,10.770736744273435
fixed-00000044,490.0,4.0,-14,9.405395445884566e-05,10.455891726370012
fixed-00000044,490.0,4.0,-13,9.108429363432619e-05,10.131379245325505
fixed-00000044,490.0,4.0,-12,0.00018672357450600662,9.796238513755625
fixed-00000044,490.0,4.0,-11,0.00019725563840563526,9.449338641416006
fixed-00000044,490.0,4.0,-10,0.00014692111283543097,9.089333242301052
fixed-00000044,490.0,4.0,-9,0.00031525783768763025,8.714598169784495
fixed-00000044,490.0,4.0,-8,0.0005828335107449885,8.323144017155428
fixed-00000044,490.0,4.0,-7,0.0002153151555413585,7.9124896307686186
fixed-00000044,490.0,4.0,-6,0.0008419066644320863,7.479473036402908
fixed-00000044,490.0,4.0,-5,0.002012275285953002,7.019957174357458
fixed-00000044,490.0,4.0,-4,0.00023220263855924225,6.528348627774008
fixed-00000044,490.0,4.0,-3,0.004023732770682279,5.996759649897882
fixed-00000044,490.0,4.0,-2,0.0061928294665066115,5.413424829013778
fixed-00000044,490.0,4.0,-1,0.014738270421858931,4.7593550215627545
fixed-00000044,490.0,4.0,0,0.15539485637720588,4.000000000000128
fixed-00000044,490.0,4.0,1,0.09710726096213707,3.057905474932099
fixed-00000044,490.0,4.0,2,0.01780586128173743,1.6443284594506906
fixed-00000044,490.0,4.0,3,0.0,0.0
fixed-00000044,490.0,4.0,4,0.0,0.0
fixed-00000044,490.0,4.0,5,0.0,0.0
fixed-00000044,490.0,4.0,6,0.0,0.0
fixed-00000044,490.0,4.0,7,0.0,0.0
fixed-00000044,490.0,4.0,8,0.0,0.0
fixed-00000044,490.0,4.0,9,0.0,0.0
fixed-00000044,490.0,4.0,10,0.0,0.0
fixed-00000044,490.0,4.0,11,0.0,0.0
fixed-00000044,490.0,4.0,12,0.0,0.0
fixed-00000044,490.0,4.0,13,0.0,0.0
fixed-00000044,490.0,4.0,14,0.0,0.0
fixed-00000044,490.0,4.0,15,0.0,0.0
fixed-00000044,490.0,4.0,16,0.0,0.0
fixed-00000044,490.0,4.0,17,0.0,0.0
fixed-00000044,490.0,4.0,18,0.0,0.0
fixed-00000044,490.0,4.0,19,0.0,0.0
fixed-00000044,490.0,4.0,20,0.0,0.0
fixed-00000045,500.0,4.0,-20,6.911911440715873e-05,12.115293466158121
fixed-00000045,500.0,4.0,-19,4.95909284238472e-05,11.8414784654246
fixed-00000045,500.0,4.0,-18,7.915721770712324e-05,11.561274966505863
fixed-00000045,500.0,4.0,-17,5.256475098865257e-05,11.274206572013128
fixed-00000045,500.0,4.0,-16,5.4956221303703546e-05,10.979734761202295
fixed-00000045,500.0,4.0,-15,0.00011329377232316247,10.677246924869209
fixed-00000045,500.0,4.0,-14,7.584837731189902e-05,10.366041263914951
fixed-00000045,500.0,4.0,-13,8.149463067397561e-05,10.045307484204272
fixed-00000045,500.0,4.0,-12,0.00016956085745967718,9.714101762495858
fixed-00000045,500.0,4.0,-11,0.000161148670951397,9.371313757611418
fixed-00000045,500.0,4.0,-10,0.00012564202333838453,9.01562234055568
fixed-00000045,500.0,4.0,-9,0.00028792964183585977,8.645434936834732
fixed-00000045,500.0,4.0,-8,0.0004935304573681661,8.258802394264194
fixed-00000045,500.0,4.0,-7,0.00016934850134282936,7.85329610268785
fixed-00000045,500.0,4.0,-6,0.0007783385706583124,7.425824639985038
fixed-00000045,500.0,4.0,-5,0.001786441059076086,6.972349028947647
fixed-00000045,500.0,4.0,-4,0.0001443687341962486,6.487418295723927
fixed-00000045,500.0,4.0,-3,0.0038120721858783606,5.96336359338612
fixed-00000045,500.0,4.0,-2,0.005653416289341682,5.388782503478367
fixed-00000045,500.0,4.0,-1,0.010856498013576129,4.745356571759629
fixed-00000045,500.0,4.0,0,0.16464771139697143,4.000000000000128
fixed-00000045,500.0,4.0,1,0.08706384986717415,3.07956947893598
fixed-00000045,500.0,4.0,2,0.019684418212288828,1.7232677700620371
fixed-00000045,500.0,4.0,3,0.0,0.0
fixed-00000045,500.0,4.0,4,0.0,0.0
fixed-00000045,500.0,4.0,5,0.0,0.0
fixed-00000045,500.0,4.0,6,0.0,0.0
fixed-00000045,500.0,4.0,7,0.0,0.0
fixed-00000045,500.0,4.0,8,0.0,0.0
fixed-00000045,500.0,4.0,9,0.0,0.0
fixed-00000045,500.0,4.0,10,0.0,0.0
fixed-00000045,500.0,4.0,11,0.0,0.0
fixed-00000045,500.0,4.0,12,0.0,0.0
fixed-00000045,500.0,4.0,13,0.0,0.0
fixed-00000045,500.0,4.0,14,0.0,0.0
fixed-00000045,500.0,4.0,15,0.0,0.0
fixed-00000045,500.0,4.0,16,0.0,0.0
fixed-00000045,500.0,4.0,17,0.0,0.0
fixed-00000045,500.0,4.0,18,0.0,0.0
fixed-00000045,500.0,4.0,19,0.0,0.0
fixed-00000045,500.0,4.0,20,0.0,0.0
fixed-00000046,510.0,4.0,-20,5.850337936245647e-05,12.00864830157974
fixed-00000046,510.0,4.0,-19,4.5087113898639696e-05,11.73785984433411
fixed-00000046,510.0,4.0,-18,6.940844641565556e-05,11.46076689726786
fixed-00000046,510.0,4.0,-17,4.174708952532187e-05,11.17690050161626
fixed-00000046,510.0,4.0,-16,4.995043985835511e-05,10.885730702301743
fixed-00000046,510.0,4.0,-15,9.992416080931236e-05,10.586654831666607
fixed-00000046,510.0,4.0,-14,5.8912491400354226e-05,10.278982730887435
fixed-00000046,510.0,4.0,-13,7.251276428844933e-05,9.961917870049362
fixed-00000046,510.0,4.0,-12,0.0001500751672232459,9.63453288362129
fixed-00000046,510.0,4.0,-11,0.00012665670802942483,9.295737359102532
fixed-00000046,510.0,4.0,-10,0.00010564399373178102,8.944234651595096
fixed-00000046,510.0,4.0,-9,0.000256150566993581,8.578462776597007
fixed-00000046,510.0,4.0,-8,0.00040372900617169713,8.19651155890179
fixed-00000046,510.0,4.0,-7,0.00012620707376472093,7.796003222671089
fixed-00000046,510.0,4.0,-6,0.0007059025986053473,7.373914531470007
fixed-00000046,510.0,4.0,-5,0.001539411113553334,6.926301171313213
fixed-00000046,510.0,4.0,-4,7.39521796883994e-05,6.447849394706807
fixed-00000046,510.0,4.0,-3,0.0035555844728407896,5.931100707011325
fixed-00000046,510.0,4.0,-2,0.005058046374376119,5.3650002454304655
fixed-00000046,510.0,4.0,-1,0.0075298835329545705,4.731868162490429
fixed-00000046,510.0,4.0,0,0.17171809239973707,3.999999999999943
fixed-00000046,510.0,4.0,1,0.07658346944417793,3.100241457700733
fixed-00000046,510.0,4.0,2,0.02137307642551264,1.7958468702815367
fixed-00000046,510.0,4.0,3,0.0,0.0
fixed-00000046,510.0,4.0,4,0.0,0.0
fixed-00000046,510.0,4.0,5,0.0,0.0
fixed-00000046,510.0,4.0,6,0.0,0.0
fixed-00000046,510.0,4.0,7,0.0,0.0
fixed-00000046,510.0,4.0,8,0.0,0.0
fixed-00000046,510.0,4.0,9,0.0,0.0
fixed-00000046,510.0,4.0,10,0.0,0.0
fixed-00000046,510.0,4.0,11,0.0,0.0
fixed-00000046,510.0,4.0,12,0.0,0.0
fixed-00000046,510.0,4.0,13,0.0,0.0
fixed-00000046,510.0,4.0,14,0.0,0.0
fixed-00000046,510.0,4.0,15,0.0,0.0
fixed-00000046,510.0,4.0,16,0.0,0.0
fixed-00000046,510.0,4.0,17,0.0,0.0
fixed-00000046,510.0,4.0,18,0.0,0.0
fixed-00000046,510.0,4.0,19,0.0,0.0
fixed-00000046,510.0,4.0,20,0.0,0.0
fixed-00000047,520.0,4.0,-20,5.264934963241532e-05,11.905217349750558
fixed-00000047,520.0,4.0,-19,4.228451718122015e-05,11.637368829002952
fixed-00000047,520.0,4.0,-18,6.260653378390141e-05,11.363297500741439
fixed-00000047,520.0,4.0,-17,3.4639280625678306e-05,11.08254163405276
fixed-00000047,520.0,4.0,-16,4.663125344451638e-05,10.794579595613783
fixed-00000047,520.0,4.0,-15,9.004143398466414e-05,10.498818374569126
fixed-00000047,520.0,4.0,-14,4.687128223507892e-05,10.194579116674106
fixed-00000047,520.0,4.0,-13,6.633894447288274e-05,9.881078656044693
fixed-00000047,520.0,4.0,-12,0.00013413781149115584,9.557405601711935
fixed-00000047,520.0,4.0,-11,0.00010044886450602575,9.222488878015653
fixed-00000047,520.0,4.0,-10,9.104785731854971e-05,8.875055586881174
fixed-00000047,520.0,4.0,-9,0.0002254969480221346,8.513573397092799
fixed-00000047,520.0,4.0,-8,0.000331603085290361,8.136169892284855
fixed-00000047,520.0,4.0,-7,9.282679740562587e-05,7.740516501892586
fixed-00000047,520.0,4.0,-6,0.0006304489544116531,7.32365592105198
fixed-00000047,520.0,4.0,-5,0.0013275290748427434,6.881735244987794
fixed-00000047,520.0,4.0,-4,2.674157862001359e-05,6.409572995038118
fixed-00000047,520.0,4.0,-3,0.00329617793413843,5.899912923755764
fixed-00000047,520.0,4.0,-2,0.004494210982539261,5.342033137263584
fixed-00000047,520.0,4.0,-1,0.004905210025070412,4.718862261789724
fixed-00000047,520.0,4.0,0,0.17859067462756964,3.999999999999943
fixed-00000047,520.0,4.0,1,0.06657902396981048,3.1199893233792295
fixed-00000047,520.0,4.0,2,0.022774793582230644,1.8629706538812485
fixed-00000047,520.0,4.0,3,0.0,0.0
fixed-00000047,520.0,4.0,4,0.0,0.0
fixed-00000047,520.0,4.0,5,0.0,0.0
fixed-00000047,520.0,4.0,6,0.0,0.0
fixed-00000047,520.0,4.0,7,0.0,0.0
fixed-00000047,520.0,4.0,8,0.0,0.0
fixed-00000047,520.0,4.0,9,0.0,0.0
fixed-00000047,520.0,4.0,10,0.0,0.0
fixed-00000047,520.0,4.0,11,0.0,0.0
fixed-00000047,520.0,4.0,12,0.0,0.0
fixed-00000047,520.0,4.0,13,0.0,0.0
fixed-00000047,520.0,4.0,14,0.0,0.0
fixed-00000047,520.0,4.0,15,0.0,0.0
fixed-00000047,520.0,4.0,16,0.0,0.0
fixed-00000047,520.0,4.0,17,0.0,0.0
fixed-00000047,520.0,4.0,18,0.0,0.0
fixed-00000047,520.0,4.0,19,0.0,0.0
fixed-00000047,520.0,4.0,20,0.0,0.0
fixed-00000048,530.0,4.0,-20,5.652608049385507e-05,11.804846353924574
fixed-00000048,530.0,4.0,-19,4.784707643556666e-05,11.539855263600288
fixed-00000048,530.0,4.0,-18,6.469332258491188e-05,11.268720827871178
fixed-00000048,530.0,4.0,-17,3.4548101160569066e-05,10.990988342425112
fixed-00000048,530.0,4.0,-16,5.240282933446017e-05,10.706144262791852
fixed-00000048,530.0,4.0,-15,9.305938457172683e-05,10.413604963019466
fixed-00000048,530.0,4.0,-14,4.410537486599208e-05,10.112702572883805
fixed-00000048,530.0,4.0,-13,7.342193770108615e-05,9.802666908387508
fixed-00000048,530.0,4.0,-12,0.00013815449450951773,9.48260209177191
fixed-00000048,530.0,4.0,-11,9.133482205461438e-05,9.151455819110154
fixed-00000048,530.0,4.0,-10,9.682106375102864e-05,8.80797823524668
fixed-00000048,530.0,4.0,-9,0.00022706494026152721,8.450665768094211
fixed-00000048,530.0,4.0,-8,0.000302920102471376,8.077682597631096
fixed-00000048,530.0,4.0,-7,8.564488832418679e-05,7.686747804566139
fixed-00000048,530.0,4.0,-6,0.0006186683819587326,7.2749678666584
fixed-00000048,530.0,4.0,-5,0.0012512153281782896,6.838578189041442
fixed-00000048,530.0,4.0,-4,7.908629742677548e-06,6.37252484677397
fixed-00000048,530.0,4.0,-3,0.0032922130963534066,5.869746147798878
fixed-00000048,530.0,4.0,-2,0.00432547269819846,5.319839372881049
fixed-00000048,530.0,4.0,-1,0.003150811231654541,4.706313293920829
fixed-00000048,530.0,4.0,0,0.19293879057523344,4.000000000000043
fixed-00000048,530.0,4.0,1,0.05983315037158016,3.138874806668909
fixed-00000048,530.0,4.0,2,0.025031417556768444,1.9253541332400914
fixed-00000048,530.0,4.0,3,0.0,0.0
fixed-00000048,530.0,4.0,4,0.0,0.0
fixed-00000048,530.0,4.0,5,0.0,0.0
fixed-00000048,530.0,4.0,6,0.0,0.0
fixed-00000048,530.0,4.0,7,0.0,0.0
fixed-00000048,530.0,4.0,8,0.0,0.0
fixed-00000048,530.0,4.0,9,0.0,0.0
fixed-00000048,530.0,4.0,10,0.0,0.0
fixed-00000048,530.0,4.0,11,0.0,0.0
fixed-00000048,530.0,4.0,12,0.0,0.0
fixed-00000048,530.0,4.0,13,0.0,0.0
fixed-00000048,530.0,4.0,14,0.0,0.0
fixed-00000048,530.0,4.0,15,0.0,0.0
fixed-00000048,530.0,4.0,16,0.0,0.0
fixed-00000048,530.0,4.0,17,0.0,0.0
fixed-00000048,530.0,4.0,18,0.0,0.0
fixed-00000048,530.0,4.0,19,0.0,0.0
fixed-00000048,530.0,4.0,20,0.0,0.0
fixed-00000049,540.0,4.0,-20,5.571167651288282e-05,11.707391172695964
fixed-00000049,540.0,4.0,-19,5.1493185047975576e-05,11.445178839332968
fixed-00000049,540.0,4.0,-18,6.23054034242223e-05,11.176900501616302
fixed-00000049,540.0,4.0,-17,3.195060955638443e-05,10.902108289504397
fixed-00000049,540.0,4.0,-16,5.7224711760746315e-05,10.620296524793474
fixed-00000049,540.0,4.0,-15,8.98655016102486e-05,10.33089070657202
fixed-00000049,540.0,4.0,-14,3.8317188330474885e-05,10.033233642263525
fixed-00000049,540.0,4.0,-13,7.952584914661009e-05,9.726567764525285
fixed-00000049,540.0,4.0,-12,0.00013429077206447888,9.410012267886245
fixed-00000049,540.0,4.0,-11,7.660916351075639e-05,9.08253308010309
fixed-00000049,540.0,4.0,-10,0.00010109665804399155,8.742902716320742
fixed-00000049,540.0,4.0,-9,0.00022238262299377205,8.389645509317262
fixed-00000049,540.0,4.0,-8,0.00025559725076278753,8.020961125094075
fixed-00000049,540.0,4.0,-7,7.683508440724086e-05,7.634614812005779
fixed-00000049,540.0,4.0,-6,0.0006034724062594182,7.227774780095174
fixed-00000049,540.0,4.0,-5,0.0011004303500821353,6.796761790119547
fixed-00000049,540.0,4.0,-4,1.0769107047938284e-08,6.336644982795491
fixed-00000049,540.0,4.0,-3,0.003229967298826928,5.840549916165088
fixed-00000049,540.0,4.0,-2,0.004035493564820456,5.298379990270192
fixed-00000049,540.0,4.0,-1,0.0018548794624345035,4.694197467919281
fixed-00000049,540.0,4.0,0,0.2026423078868428,4.000000000000043
fixed-00000049,540.0,4.0,1,0.05214642998346731,3.1569541581493326
fixed-00000049,540.0,4.0,2,0.027273116599304474,1.9835743440105915
fixed-00000049,540.0,4.0,3,0.0,0.0
fixed-00000049,540.0,4.0,4,0.0,0.0
fixed-00000049,540.0,4.0,5,0.0,0.0
fixed-00000049,540.0,4.0,6,0.0,0.0
fixed-00000049,540.0,4.0,7,0.0,0.0
fixed-00000049,540.0,4.0,8,0.0,0.0
fixed-00000049,540.0,4.0,9,0.0,0.0
fixed-00000049,540.0,4.0,10,0.0,0.0
fixed-00000049,540.0,4.0,11,0.0,0.0
fixed-00000049,540.0,4.0,12,0.0,0.0
fixed-00000049,540.0,4.0,13,0.0,0.0
fixed-00000049,540.0,4.0,14,0.0,0.0
fixed-00000049,540.0,4.0,15,0.0,0.0
fixed-00000049,540.0,4.0,16,0.0,0.0
fixed-00000049,540.0,4.0,17,0.0,0.0
fixed-00000049,540.0,4.0,18,0.0,0.0
fixed-00000049,540.0,4.0,19,0.0,0.0
fixed-00000049,540.0,4.0,20,0.0,0.0
fixed-00000050,550.0,4.0,-20,5.566093209465287e-05,11.612716944258466
fixed-00000050,550.0,4.0,-19,5.424964427432689e-05,11.353208280905505
fixed-00000050,550.0,4.0,-18,5.940012721247967e-05,11.087708926153098
fixed-00000050,550.0,4.0,-17,3.0194365385861784e-05,10.81577766026615
fixed-00000050,550.0,4.0,-16,6.111627484286352e-05,10.536916458396973
fixed-00000050,550.0,4.0,-15,8.53837592538417e-05,10.250559696102755
fixed-00000050,550.0,4.0,-14,3.3596168904721476e-05,9.956060565391013
fixed-00000050,550.0,4.0,-13,8.464260135940087e-05,9.652673766211109
fixed-00000050,550.0,4.0,-12,0.00012728424584798812,9.339533143629737
fixed-00000050,550.0,4.0,-11,6.326997837397607e-05,9.015622340555552
fixed-00000050,550.0,4.0,-10,0.00010469476726414154,8.679735599183942
fixed-00000050,550.0,4.0,-9,0.00021019826502589105,8.33042434034833
fixed-00000050,550.0,4.0,-8,0.0002086887813234796,7.965922654739103
fixed-00000050,550.0,4.0,-7,6.93872146712491e-05,7.58404054079962
fixed-00000050,550.0,4.0,-6,0.0005718096141506552,7.182005983087052
fixed-00000050,550.0,4.0,-5,0.0009335743129212116,6.756222279782023
fixed-00000050,550.0,4.0,-4,8.491869951463198e-06,6.30187736209605
fixed-00000050,550.0,4.0,-3,0.0031052301247725127,5.812277094742029
fixed-00000050,550.0,4.0,-2,0.0036749078945545106,5.277618631405375
fixed-00000050,550.0,4.0,-1,0.0011294006799473792,4.682492623926009
fixed-00000050,550.0,4.0,0,0.20973029653364114,4.000000000000043
fixed-00000050,550.0,4.0,1,0.04420168509599836,3.174278754446547
fixed-00000050,550.0,4.0,2,0.029096155581709252,2.038105178627262
fixed-00000050,550.0,4.0,3,0.0,0.0
fixed-00000050,550.0,4.0,4,0.0,0.0
fixed-00000050,550.0,4.0,5,0.0,0.0
fixed-00000050,550.0,4.0,6,0.0,0.0
fixed-00000050,550.0,4.0,7,0.0,0.0
fixed-00000050,550.0,4.0,8,0.0,0.0
fixed-00000050,550.0,4.0,9,0.0,0.0
fixed-00000050,550.0,4.0,10,0.0,0.0
fixed-00000050,550.0,4.0,11,0.0,0.0
fixed-00000050,550.0,4.0,12,0.0,0.0
fixed-00000050,550.0,4.0,13,0.0,0.0
fixed-00000050,550.0,4.0,14,0.0,0.0
fixed-00000050,550.0,4.0,15,0.0,0.0
fixed-00000050,550.0,4.0,16,0.0,0.0
fixed-00000050,550.0,4.0,17,0.0,0.0
fixed-00000050,550.0,4.0,18,0.0,0.0
fixed-00000050,550.0,4.0,19,0.0,0.0
fixed-00000050,550.0,4.0,20,0.0,0.0
fixed-00000051,560.0,4.0,-20,5.9062665012852956e-05,11.520697333479006
fixed-00000051,560.0,4.0,-19,6.006115412119093e-05,11.26382061358683
fixed-00000051,560.0,4.0,-18,5.879231569638749e-05,11.001026574425026
fixed-00000051,560.0,4.0,-17,3.1481190957713894e-05,10.731880470457497
fixed-00000051,560.0,4.0,-16,6.88492781934857e-05,10.45589172636997
fixed-00000051,560.0,4.0,-15,8.413934405751675e-05,10.172503356222151
fixed-00000051,560.0,4.0,-14,3.282321706292758e-05,9.881078656044693
fixed-00000051,560.0,4.0,-13,9.579772754700099e-05,9.580884258625872
fixed-00000051,560.0,4.0,-12,0.00012538063756695097,9.27106825583462
fixed-00000051,560.0,4.0,-11,5.642217316732045e-05,8.950631511301339
fixed-00000051,560.0,4.0,-10,0.00011824609668969998,8.618389378622567
fixed-00000051,560.0,4.0,-9,0.0002075107667860174,8.27291958508114
fixed-00000051,560.0,4.0,-8,0.00017461316446756183,7.9124896307686186
fixed-00000051,560.0,4.0,-7,7.559239469962061e-05,7.5349529087644385
fixed-00000051,560.0,4.0,-6,0.0005610418213264462,7.137595307370333
fixed-00000051,560.0,4.0,-5,0.0007913993397229707,6.71689997183698
fixed-00000051,560.0,4.0,-4,3.3111816760710126e-05,6.268169548557026
fixed-00000051,560.0,4.0,-3,0.0030486742435945815,5.784883604631474
fixed-00000051,560.0,4.0,-2,0.003393466455729692,5.257521326257304
fixed-00000051,560.0,4.0,-1,0.0010493304788599476,4.671178095187116
fixed-00000051,560.0,4.0,0,0.2177815345904225,4.000000000000043
fixed-00000051,560.0,4.0,1,0.037153554159063754,3.1908956242289577
fixed-00000051,560.0,4.0,2,0.031204587416627728,2.089341578597498
fixed-00000051,560.0,4.0,3,0.0,0.0
fixed-00000051,560.0,4.0,4,0.0,0.0
fixed-00000051,560.0,4.0,5,0.0,0.0
fixed-00000051,560.0,4.0,6,0.0,0.0
fixed-00000051,560.0,4.0,7,0.0,0.0
fixed-00000051,560.0,4.0,8,0.0,0.0
fixed-00000051,560.0,4.0,9,0.0,0.0
fixed-00000051,560.0,4.0,10,0.0,0.0
fixed-00000051,560.0,4.0,11,0.0,0.0
fixed-00000051,560.0,4.0,12,0.0,0.0
fixed-00000051,560.0,4.0,13,0.0,0.0
fixed-00000051,560.0,4.0,14,0.0,0.0
fixed-00000051,560.0,4.0,15,0.0,0.0
fixed-00000051,560.0,4.0,16,0.0,0.0
fixed-00000051,560.0,4.0,17,0.0,0.0
fixed-00000051,560.0,4.0,18,0.0,0.0
fixed-00000051,560.0,4.0,19,0.0,0.0
fixed-00000051,560.0,4.0,20,0.0,0.0
fixed-00000052,570.0,4.0,-20,6.0653916281266996e-05,11.43121385226128
fixed-00000052,570.0,4.0,-19,6.327042740200762e-05,11.17690050161626
fixed-00000052,570.0,4.0,-18,5.606596759616182e-05,10.916741345033486
fixed-00000052,570.0,4.0,-17,3.242603879062818e-05,10.650307942455399
fixed-00000052,570.0,4.0,-16,7.410557066197973e-05,10.377116972823487
fixed-00000052,570.0,4.0,-15,7.952829270648133e-05,10.096619860707065
fixed-00000052,570.0,4.0,-14,3.222457736075826e-05,9.80818973735775
fixed-00000052,570.0,4.0,-13,0.00010401595448273462,9.511104847972902
fixed-00000052,570.0,4.0,-12,0.00011783165886629967,9.204527144434849
fixed-00000052,570.0,4.0,-11,5.006852120139422e-05,8.887474237458349
fixed-00000052,570.0,4.0,-10,0.0001290264041752629,8.558782002362335
fixed-00000052,570.0,4.0,-9,0.00019544563946205417,8.217053724399236
fixed-00000052,570.0,4.0,-8,0.00013889487386209431,7.860589341106007
fixed-00000052,570.0,4.0,-7,8.40671919080463e-05,7.487284343186758
fixed-00000052,570.0,4.0,-6,0.0005338444123622306,7.094480733772272
fixed-00000052,570.0,4.0,-5,0.0006241791356143883,6.678738935066164
fixed-00000052,570.0,4.0,-4,8.039055455755406e-05,6.2354724211239585
fixed-00000052,570.0,4.0,-3,0.0029149489493349393,5.758328175331485
fixed-00000052,570.0,4.0,-2,0.0030074868515801803,5.23805629811234
fixed-00000052,570.0,4.0,-1,0.001576921989547903,4.6602345838808645
fixed-00000052,570.0,4.0,0,0.2208645731879838,4.000000000000043
fixed-00000052,570.0,4.0,1,0.029953333723505414,3.2068479063504185
fixed-00000052,570.0,4.0,2,0.03269833008595259,2.13761682818793
fixed-00000052,570.0,4.0,3,0.0,0.0
fixed-00000052,570.0,4.0,4,0.0,0.0
fixed-00000052,570.0,4.0,5,0.0,0.0
fixed-00000052,570.0,4.0,6,0.0,0.0
fixed-00000052,570.0,4.0,7,0.0,0.0
fixed-00000052,570.0,4.0,8,0.0,0.0
fixed-00000052,570.0,4.0,9,0.0,0.0
fixed-00000052,570.0,4.0,10,0.0,0.0
fixed-00000052,570.0,4.0,11,0.0,0.0
fixed-00000052,570.0,4.0,12,0.0,0.0
fixed-00000052,570.0,4.0,13,0.0,0.0
fixed-00000052,570.0,4.0,14,0.0,0.0
fixed-00000052,570.0,4.0,15,0.0,0.0
fixed-00000052,570.0,4.0,16,0.0,0.0
fixed-00000052,570.0,4.0,17,0.0,0.0
fixed-00000052,570.0,4.0,18,0.0,0.0
fixed-00000052,570.0,4.0,19,0.0,0.0
fixed-00000052,570.0,4.0,20,0.0,0.0
fixed-00000053,580.0,4.0,-20,6.515575025992962e-05,11.344155244919335
fixed-00000053,580.0,4.0,-19,6.825553025994736e-05,11.09233964988806
fixed-00000053,580.0,4.0,-18,5.5286289349521135e-05,10.834747980635072
fixed-00000053,580.0,4.0,-17,3.591305222000928e-05,10.570957940814182
fixed-00000053,580.0,4.0,-16,8.14876315350047e-05,10.300493276388579
fixed-00000053,580.0,4.0,-15,7.753125137532134e-05,10.022813603833598
fixed-00000053,580.0,4.0,-14,3.508022555314253e-05,9.737301631890915
fixed-00000053,580.0,4.0,-13,0.00011574023462353,9.443246910942491
fixed-00000053,580.0,4.0,-12,0.00011385124148192997,9.139824882054754
fixed-00000053,580.0,4.0,-11,4.9671390638213575e-05,8.826069448973215
fixed-00000053,580.0,4.0,-10,0.0001461354765735219,8.500836443523596
fixed-00000053,580.0,4.0,-9,0.00018833739887105433,8.162753991654597
fixed-00000053,580.0,4.0,-8,0.00011593230140099311,7.810153537213992
fixed-00000053,580.0,4.0,-7,0.00010313309935030303,7.440971426572531
fixed-00000053,580.0,4.0,-6,0.0005160099354290307,7.052604065868977
fixed-00000053,580.0,4.0,-5,0.0004831773721035899,6.641686697338955
fixed-00000053,580.0,4.0,-4,0.00014786792833330667,6.203739911827654
fixed-00000053,580.0,4.0,-3,0.002814266216502696,5.732572121705644
fixed-00000053,580.0,4.0,-2,0.0026729111064022915,5.219193787774614
fixed-00000053,580.0,4.0,-1,0.0027311228820014258,4.649644049178292
fixed-00000053,580.0,4.0,0,0.22397832472772125,4.000000000000043
fixed-00000053,580.0,4.0,1,0.023600921310081843,3.2221752503056678
fixed-00000053,580.0,4.0,2,0.034111575804976285,2.1832152248066166
fixed-00000053,580.0,4.0,3,0.0,0.0
fixed-00000053,580.0,4.0,4,0.0,0.0
fixed-00000053,580.0,4.0,5,0.0,0.0
fixed-00000053,580.0,4.0,6,0.0,0.0
fixed-00000053,580.0,4.0,7,0.0,0.0
fixed-00000053,580.0,4.0,8,0.0,0.0
fixed-00000053,580.0,4.0,9,0.0,0.0
fixed-00000053,580.0,4.0,10,0.0,0.0
fixed-00000053,580.0,4.0,11,0.0,0.0
fixed-00000053,580.0,4.0,12,0.0,0.0
fixed-00000053,580.0,4.0,13,0.0,0.0
fixed-00000053,580.0,4.0,14,0.0,0.0
fixed-00000053,580.0,4.0,15,0.0,0.0
fixed-00000053,580.0,4.0,16,0.0,0.0
fixed-00000053,580.0,4.0,17,0.0,0.0
fixed-00000053,580.0,4.0,18,0.0,0.0
fixed-00000053,580.0,4.0,19,0.0,0.0
fixed-00000053,580.0,4.0,20,0.0,0.0
fixed-00000054,590.0,4.0,-20,7.143749489369616e-05,11.25941693133879
fixed-00000054,590.0,4.0,-19,7.417132731620384e-05,11.010036261886782
fixed-00000054,590.0,4.0,-18,5.5606070613618417e-05,10.75494754101544
fixed-00000054,590.0,4.0,-17,4.14003348991202e-05,10.493734460874393
fixed-00000054,590.0,4.0,-16,9.02273696972744e-05,10.225927654794972
fixed-00000054,590.0,4.0,-15,7.697823495845096e-05,9.950994721404186
fixed-00000054,590.0,4.0,-14,4.0918449394520976e-05,9.668327699638112
fixed-00000054,590.0,4.0,-13,0.00013000224899853636,9.377227150287212
fixed-00000054,590.0,4.0,-12,0.0001118165114809507,9.07688164781861
fixed-00000054,590.0,4.0,-11,5.453077777221108e-05,8.76634095342068
fixed-00000054,590.0,4.0,-10,0.00016845050961706337,8.444480313277879
fixed-00000054,590.0,4.0,-9,0.00018425048281611273,8.109952006190454
fixed-00000054,590.0,4.0,-8,0.00010361743992401644,7.761118089679513
fixed-00000054,590.0,4.0,-7,0.00013286171266927853,7.395954575739296
fixed-00000054,590.0,4.0,-6,0.0005051632024950998,7.011910634381167
fixed-00000054,590.0,4.0,-5,0.00035945028447279323,6.6056939776244405
fixed-00000054,590.0,4.0,-4,0.00023900812304950697,6.172928768550506
fixed-00000054,590.0,4.0,-3,0.0027312808380418434,5.707579142086004
fixed-00000054,590.0,4.0,-2,0.0023584015995716757,5.200905894533889
fixed-00000054,590.0,4.0,-1,0.004503552219442823,4.639389606148313
fixed-00000054,590.0,4.0,0,0.2260751280649159,4.000000000000043
fixed-00000054,590.0,4.0,1,0.017982132421317965,3.236914167432502
fixed-00000054,590.0,4.0,2,0.03531892559748727,2.226381561452442
fixed-00000054,590.0,4.0,3,0.0,0.0
fixed-00000054,590.0,4.0,4,0.0,0.0
fixed-00000054,590.0,4.0,5,0.0,0.0
fixed-00000054,590.0,4.0,6,0.0,0.0
fixed-00000054,590.0,4.0,7,0.0,0.0
fixed-00000054,590.0,4.0,8,0.0,0.0
fixed-00000054,590.0,4.0,9,0.0,0.0
fixed-00000054,590.0,4.0,10,0.0,0.0
fixed-00000054,590.0,4.0,11,0.0,0.0
fixed-00000054,590.0,4.0,12,0.0,0.0
fixed-00000054,590.0,4.0,13,0.0,0.0
fixed-00000054,590.0,4.0,14,0.0,0.0
fixed-00000054,590.0,4.0,15,0.0,0.0
fixed-00000054,590.0,4.0,16,0.0,0.0
fixed-00000054,590.0,4.0,17,0.0,0.0
fixed-00000054,590.0,4.0,18,0.0,0.0
fixed-00000054,590.0,4.0,19,0.0,0.0
fixed-00000054,590.0,4.0,20,0.0,0.0
fixed-00000055,600.0,4.0,-20,7.81521857682153e-05,11.176900501616302
fixed-00000055,600.0,4.0,-19,7.979057422645078e-05,10.929894547731365
fixed-00000055,600.0,4.0,-18,5.619701777792785e-05,10.677246924869209
fixed-00000055,600.0,4.0,-17,4.813523050927166e-05,10.418547164640088
fixed-00000055,600.0,4.0,-16,9.900537186542454e-05,10.153332615240856
fixed-00000055,600.0,4.0,-15,7.669842736795407e-05,9.881078656044693
fixed-00000055,600.0,4.0,-14,4.91223250447815e-05,9.601186418732823
fixed-00000055,600.0,4.0,-13,0.00014497149929677103,9.312967191474854
fixed-00000055,600.0,4.0,-12,0.00010997100949353609,9.015622340555609
fixed-00000055,600.0,4.0,-11,6.403738880779493e-05,8.708217066446423
fixed-00000055,600.0,4.0,-10,0.00019351045376770858,8.389645509317319
fixed-00000055,600.0,4.0,-9,0.000180524386132015,8.058583440755712
fixed-00000055,600.0,4.0,-8,0.00010088522736696101,7.713422675659871
fixed-00000055,600.0,4.0,-7,0.00017233750928612683,7.352177750609371
fixed-00000055,600.0,4.0,-6,0.0004968634959313089,6.9723490289475905
fixed-00000055,600.0,4.0,-5,0.0002489466938877466,6.570714442852491
fixed-00000055,600.0,4.0,-4,0.0003616303859668833,6.142998339829575
fixed-00000055,600.0,4.0,-3,0.0026436307666771034,5.683315135192018
fixed-00000055,600.0,4.0,-2,0.002034925786885597,5.1831664320526585
fixed-00000055,600.0,4.0,-1,0.006864999164909474,4.629455434298478
fixed-00000055,600.0,4.0,0,0.22578458121945624,4.000000000000043
fixed-00000055,600.0,4.0,1,0.013052960090126903,3.2510983398922093
fixed-00000055,600.0,4.0,2,0.036027318862322036,2.2673283559992825
fixed-00000055,600.0,4.0,3,0.0,0.0
fixed-00000055,600.0,4.0,4,0.0,0.0
fixed-00000055,600.0,4.0,5,0.0,0.0
fixed-00000055,600.0,4.0,6,0.0,0.0
fixed-00000055,600.0,4.0,7,0.0,0.0
fixed-00000055,600.0,4.0,8,0.0,0.0
fixed-00000055,600.0,4.0,9,0.0,0.0
fixed-00000055,600.0,4.0,10,0.0,0.0
fixed-00000055,600.0,4.0,11,0.0,0.0
fixed-00000055,600.0,4.0,12,0.0,0.0
fixed-00000055,600.0,4.0,13,0.0,0.0
fixed-00000055,600.0,4.0,14,0.0,0.0
fixed-00000055,600.0,4.0,15,0.0,0.0
fixed-00000055,600.0,4.0,16,0.0,0.0
fixed-00000055,600.0,4.0,17,0.0,0.0
fixed-00000055,600.0,4.0,18,0.0,0.0
fixed-00000055,600.0,4.0,19,0.0,0.0
fixed-00000055,600.0,4.0,20,0.0,0.0
fixed-00000056,610.0,4.0,-20,8.903755187817746e-05,11.096513256647427
fixed-00000056,610.0,4.0,-19,8.854365012293415e-05,10.851824276946246
fixed-00000056,610.0,4.0,-18,5.963115688522942e-05,10.601558435056262
fixed-00000056,610.0,4.0,-17,5.8905144028672865e-05,10.345310958848756
fixed-00000056,610.0,4.0,-16,0.00011204515375719829,10.08262574563632
fixed-00000056,610.0,4.0,-15,8.01003351992427e-05,9.81298576201776
fixed-00000056,610.0,4.0,-14,6.304358196903568e-05,9.535801004270269
fixed-00000056,610.0,4.0,-13,0.0001668861368038845,9.250393216009584
fixed-00000056,610.0,4.0,-12,0.00011295784033211183,8.955976227169515
fixed-00000056,610.0,4.0,-11,8.315324438431133e-05,8.651630275811442
fixed-00000056,610.0,4.0,-10,0.00023014405225046204,8.336267896291588
fixed-00000056,610.0,4.0,-9,0.00018425743727110296,8.008587719170848
fixed-00000056,610.0,4.0,-8,0.00011549711505629527,7.6670104947684905
fixed-00000056,610.0,4.0,-7,0.00023205959696375158,7.309588189513036
fixed-00000056,610.0,4.0,-6,0.0005064410980106681,6.933870854335623
fixed-00000056,610.0,4.0,-5,0.00016023815129950352,6.536704486950143
fixed-00000056,610.0,4.0,-4,0.0005443118782526383,6.113910379323968
fixed-00000056,610.0,4.0,-3,0.0026000021500049986,5.659748033833807
fixed-00000056,610.0,4.0,-2,0.001713283110616707,5.1659507975543875
fixed-00000056,610.0,4.0,-1,0.01002233931668681,4.619826694692961
fixed-00000056,610.0,4.0,0,0.22581741489833798,4.000000000000043
fixed-00000056,610.0,4.0,1,0.009073319604743203,3.2647588933231475
fixed-00000056,610.0,4.0,2,0.03613628902899353,2.306241453176753
fixed-00000056,610.0,4.0,3,0.0,0.0
fixed-00000056,610.0,4.0,4,0.0,0.0
fixed-00000056,610.0,4.0,5,0.0,0.0
fixed-00000056,610.0,4.0,6,0.0,0.0
fixed-00000056,610.0,4.0,7,0.0,0.0
fixed-00000056,610.0,4.0,8,0.0,0.0
fixed-00000056,610.0,4.0,9,0.0,0.0
fixed-00000056,610.0,4.0,10,0.0,0.0
fixed-00000056,610.0,4.0,11,0.0,0.0
fixed-00000056,610.0,4.0,12,0.0,0.0
fixed-00000056,610.0,4.0,13,0.0,0.0
fixed-00000056,610.0,4.0,14,0.0,0.0
fixed-00000056,610.0,4.0,15,0.0,0.0
fixed-00000056,610.0,4.0,16,0.0,0.0
fixed-00000056,610.0,4.0,17,0.0,0.0
fixed-00000056,610.0,4.0,18,0.0,0.0
fixed-00000056,610.0,4.0,19,0.0,0.0
fixed-00000056,610.0,4.0,20,0.0,0.0
fixed-00000057,620.0,4.0,-20,9.69580031626682e-05,11.01816778980809
fixed-00000057,620.0,4.0,-19,9.344611839029008e-05,10.775740371233866
fixed-00000057,620.0,4.0,-18,5.993755724168265e-05,10.527799382740596
fixed-00000057,620.0,4.0,-17,6.694841023459825e-05,10.273945610776423
fixed-00000057,620.0,4.0,-16,0.00011974804307253577,10.013729342403465
fixed-00000057,620.0,4.0,-15,7.845113702390089e-05,9.746640945379099
fixed-00000057,620.0,4.0,-14,7.329772559067557e-05,9.472099061220248
fixed-00000057,620.0,4.0,-13,0.00017999165761751974,9.189435627547212
fixed-00000057,620.0,4.0,-12,0.00010705001677827628,8.89787662245989
fixed-00000057,620.0,4.0,-11,9.668601877224854e-05,8.59651693548875
fixed-00000057,620.0,4.0,-10,0.00025145098908463913,8.284287014836138
fixed-00000057,620.0,4.0,-9,0.00016991871311342692,7.959907741050458
fixed-00000057,620.0,4.0,-8,0.00012172670806785726,7.621828010395305
fixed-00000057,620.0,4.0,-7,0.00026881755154673393,7.268136168200272
fixed-00000057,620.0,4.0,-6,0.00046780808691508744,6.896430508503414
fixed-00000057,620.0,4.0,-5,8.530588741088663e-05,6.503623029707683
fixed-00000057,620.0,4.0,-4,0.0007278508184579321,6.085628867863377
fixed-00000057,620.0,4.0,-3,0.0024109413554788454,5.636847653619654
fixed-00000057,620.0,4.0,-2,0.00176746620599916,5.149235852894208
fixed-00000057,620.0,4.0,-1,0.013648737859295094,4.610489454720607
fixed-00000057,620.0,4.0,0,0.2277912287961834,4.000000000000043
fixed-00000057,620.0,4.0,1,0.006440593742888449,3.277924638120453
fixed-00000057,620.0,4.0,2,0.031012367429372155,2.3432844286040506
fixed-00000057,620.0,4.0,3,0.005919276085042663,0.4884414427613848
fixed-00000057,620.0,4.0,4,0.0,0.0
fixed-00000057,620.0,4.0,5,0.0,0.0
fixed-00000057,620.0,4.0,6,0.0,0.0
fixed-00000057,620.0,4.0,7,0.0,0.0
fixed-00000057,620.0,4.0,8,0.0,0.0
fixed-00000057,620.0,4.0,9,0.0,0.0
fixed-00000057,620.0,4.0,10,0.0,0.0
fixed-00000057,620.0,4.0,11,0.0,0.0
fixed-00000057,620.0,4.0,12,0.0,0.0
fixed-00000057,620.0,4.0,13,0.0,0.0
fixed-00000057,620.0,4.0,14,0.0,0.0
fixed-00000057,620.0,4.0,15,0.0,0.0
fixed-00000057,620.0,4.0,16,0.0,0.0
fixed-00000057,620.0,4.0,17,0.0,0.0
fixed-00000057,620.0,4.0,18,0.0,0.0
fixed-00000057,620.0,4.0,19,0.0,0.0
fixed-00000057,620.0,4.0,20,0.0,0.0
fixed-00000058,630.0,4.0,-20,0.00010463274152000261,10.941781605456612
fixed-00000058,630.0,4.0,-19,9.78156771677932e-05,10.701562533089998
fixed-00000058,630.0,4.0,-18,6.120655890724833e-05,10.455891726370012
fixed-00000058,630.0,4.0,-17,7.567156098422495e-05,10.20437539785597
fixed-00000058,630.0,4.0,-16,0.00012677233892912146,9.946570071032795
fixed-00000058,630.0,4.0,-15,7.911679533435346e-05,9.681973335802624
fixed-00000058,630.0,4.0,-14,8.540628521839879e-05,9.41001226788633
fixed-00000058,630.0,4.0,-13,0.0001931470658011746,9.130028747397347
fixed-00000058,630.0,4.0,-12,0.0001062757008420924,8.841260597125114
fixed-00000058,630.0,4.0,-11,0.00011489833990452493,8.542816986689516
fixed-00000058,630.0,4.0,-10,0.0002765258083734543,8.233645816218939
fixed-00000058,630.0,4.0,-9,0.00016625782900457772,7.912489630768675
fixed-00000058,630.0,4.0,-8,0.00014379351935893818,7.57782471381698
fixed-00000058,630.0,4.0,-7,0.0003164002761207183,7.227774780095132
fixed-00000058,630.0,4.0,-6,0.0004534091814995086,6.859984980240881
fixed-00000058,630.0,4.0,-5,5.587303444956915e-05,6.471431333409825
fixed-00000058,630.0,4.0,-4,0.0008857053042941625,6.058119851243731
fixed-00000058,630.0,4.0,-3,0.00230793030903539,5.61458555509806
fixed-00000058,630.0,4.0,-2,0.001820888110413111,5.1329998162636485
fixed-00000058,630.0,4.0,-1,0.01746877474704344,4.601430619700565
fixed-00000058,630.0,4.0,0,0.22610626070434298,4.000000000000043
fixed-00000058,630.0,4.0,1,0.004012259805810864,3.290622283534958
fixed-00000058,630.0,4.0,2,0.029134592008377133,2.3786020958455225
fixed-00000058,630.0,4.0,3,0.007980796975950916,0.6990406976817525
fixed-00000058,630.0,4.0,4,0.0,0.0
fixed-00000058,630.0,4.0,5,0.0,0.0
fixed-00000058,630.0,4.0,6,0.0,0.0
fixed-00000058,630.0,4.0,7,0.0,0.0
fixed-00000058,630.0,4.0,8,0.0,0.0
fixed-00000058,630.0,4.0,9,0.0,0.0
fixed-00000058,630.0,4.0,10,0.0,0.0
fixed-00000058,630.0,4.0,11,0.0,0.0
fixed-00000058,630.0,4.0,12,0.0,0.0
fixed-00000058,630.0,4.0,13,0.0,0.0
fixed-00000058,630.0,4.0,14,0.0,0.0
fixed-00000058,630.0,4.0,15,0.0,0.0
fixed-00000058,630.0,4.0,16,0.0,0.0
fixed-00000058,630.0,4.0,17,0.0,0.0
fixed-00000058,630.0,4.0,18,0.0,0.0
fixed-00000058,630.0,4.0,19,0.0,0.0
fixed-00000058,630.0,4.0,20,0.0,0.0
fixed-00000059,640.0,4.0,-20,0.00011346786360356902,10.867276770488644
fixed-00000059,640.0,4.0,-19,0.00010271709453936969,10.62921490659339
fixed-00000059,640.0,4.0,-18,6.3626064861367e-05,10.385761741931148
fixed-00000059,640.0,4.0,-17,8.55436751221058e-05,10.13652878764816
fixed-00000059,640.0,4.0,-16,0.00013432459755775004,9.881078656044693
fixed-00000059,640.0,4.0,-15,8.150424384252774e-05,9.618915986834352
fixed-00000059,640.0,4.0,-14,9.928900041756825e-05,9.34947608678739
fixed-00000059,640.0,4.0,-13,0.0002073810674719342,9.072110536405091
fixed-00000059,640.0,4.0,-12,0.00010807949183197172,8.786068711064956
fixed-00000059,640.0,4.0,-11,0.00013667425344540462,8.490473703062207
fixed-00000059,640.0,4.0,-10,0.00030411228216873303,8.184290419985587
fixed-00000059,640.0,4.0,-9,0.00016656438543744448,7.866282508187567
fixed-00000059,640.0,4.0,-8,0.0001754823533842052,7.534952908764481
fixed-00000059,640.0,4.0,-7,0.00036890096009187457,7.188459735617585
fixed-00000059,640.0,4.0,-6,0.0004475765994436863,6.824493664384079
fixed-00000059,640.0,4.0,-5,5.1436707469613864e-05,6.440092835409786
fixed-00000059,640.0,4.0,-4,0.001049542026696342,6.03135129215535
fixed-00000059,640.0,4.0,-3,0.0022351411904184596,5.592934917952817
fixed-00000059,640.0,4.0,-2,0.0019198862425105982,5.117222163430583
fixed-00000059,640.0,4.0,-1,0.021699162195952235,4.592637870608058
fixed-00000059,640.0,4.0,0,0.22346049301153031,4.000000000000128
fixed-00000059,640.0,4.0,1,0.0022361924450651806,3.302876628141391
fixed-00000059,640.0,4.0,2,0.027673884066394424,2.4123233315560384
fixed-00000059,640.0,4.0,3,0.00938798415032236,0.8549436764009926
fixed-00000059,640.0,4.0,4,0.0,0.0
fixed-00000059,640.0,4.0,5,0.0,0.0
fixed-00000059,640.0,4.0,6,0.0,0.0
fixed-00000059,640.0,4.0,7,0.0,0.0
fixed-00000059,640.0,4.0,8,0.0,0.0
fixed-00000059,640.0,4.0,9,0.0,0.0
fixed-00000059,640.0,4.0,10,0.0,0.0
fixed-00000059,640.0,4.0,11,0.0,0.0
fixed-00000059,640.0,4.0,12,0.0,0.0
fixed-00000059,640.0,4.0,13,0.0,0.0
fixed-00000059,640.0,4.0,14,0.0,0.0
fixed-00000059,640.0,4.0,15,0.0,0.0
fixed-00000059,640.0,4.0,16,0.0,0.0
fixed-00000059,640.0,4.0,17,0.0,0.0
fixed-00000059,640.0,4.0,18,0.0,0.0
fixed-00000059,640.0,4.0,19,0.0,0.0
fixed-00000059,640.0,4.0,20,0.0,0.0
