case_id,energy_ev,grazing_angle_deg,order,efficiency,diffraction_angle_deg
fixed-00000000,50.0,4.0,-20,8.396006061501068e-05,36.946600757765104
fixed-00000000,50.0,4.0,-19,7.131757498146544e-05,35.99049916925804
fixed-00000000,50.0,4.0,-18,6.938024088127772e-05,35.01190478081956
fixed-00000000,50.0,4.0,-17,7.68384657914816e-05,34.00884370553947
fixed-00000000,50.0,4.0,-16,9.273736507759599e-05,32.97905073283735
fixed-00000000,50.0,4.0,-15,0.00010766888659583745,31.919905276127125
fixed-00000000,50.0,4.0,-14,9.101222147230523e-05,30.828348020108905
fixed-00000000,50.0,4.0,-13,0.00015112670429582673,29.700770649131364
fixed-00000000,50.0,4.0,-12,0.0001769057921324951,28.532867207683132
fixed-00000000,50.0,4.0,-11,0.00010840899876208582,27.319429403774024
fixed-00000000,50.0,4.0,-10,0.00030452542407663903,26.054057638388535
fixed-00000000,50.0,4.0,-9,0.00029748649924618835,24.728741050446132
fixed-00000000,50.0,4.0,-8,0.00014859439877143291,23.333225797914665
fixed-00000000,50.0,4.0,-7,0.0007751005728079126,21.854024375341254
fixed-00000000,50.0,4.0,-6,0.0005065975547367432,20.272780035826898
fixed-00000000,50.0,4.0,-5,0.0004282210495247439,18.563384620134798
fixed-00000000,50.0,4.0,-4,0.0027471266098557327,16.686445270170665
fixed-00000000,50.0,4.0,-3,0.00089305059623316,14.577325397340658
fixed-00000000,50.0,4.0,-2,0.004765825479095316,12.115293466158093
fixed-00000000,50.0,4.0,-1,0.03364863692942559,9.015622340555609
fixed-00000000,50.0,4.0,0,0.6915531468104761,4.000000000000043
fixed-00000000,50.0,4.0,1,0.0,0.0
fixed-00000000,50.0,4.0,2,0.0,0.0
fixed-00000000,50.0,4.0,3,0.0,0.0
fixed-00000000,50.0,4.0,4,0.0,0.0
fixed-00000000,50.0,4.0,5,0.0,0.0
fixed-00000000,50.0,4.0,6,0.0,0.0
fixed-00000000,50.0,4.0,7,0.0,0.0
fixed-00000000,50.0,4.0,8,0.0,0.0
fixed-00000000,50.0,4.0,9,0.0,0.0
fixed-00000000,50.0,4.0,10,0.0,0.0
fixed-00000000,50.0,4.0,11,0.0,0.0
fixed-00000000,50.0,4.0,12,0.0,0.0
fixed-00000000,50.0,4.0,13,0.0,0.0
fixed-00000000,50.0,4.0,14,0.0,0.0
fixed-00000000,50.0,4.0,15,0.0,0.0
fixed-00000000,50.0,4.0,16,0.0,0.0
fixed-00000000,50.0,4.0,17,0.0,0.0
fixed-00000000,50.0,4.0,18,0.0,0.0
fixed-00000000,50.0,4.0,19,0.0,0.0
fixed-00000000,50.0,4.0,20,0.0,0.0
fixed-00000007,120.0,4.0,-20,0.0009584214162038207,23.80694914738052
fixed-00000007,120.0,4.0,-19,0.0009783270479430813,23.21337059431326
fixed-00000007,120.0,4.0,-18,0.0007668789203706189,22.605093498036354
fixed-00000007,120.0,4.0,-17,0.0010687407455739382,21.980894517242845
fixed-00000007,120.0,4.0,-16,0.0012737241068709656,21.33937330915093
fixed-00000007,120.0,4.0,-15,0.0010960906045149766,20.67891449907833
fixed-00000007,120.0,4.0,-14,0.001544667785880666,19.997638457525795
fixed-00000007,120.0,4.0,-13,0.001738601584423368,19.293336575596342
fixed-00000007,120.0,4.0,-12,0.0015812356987937413,18.563384620134826
fixed-00000007,120.0,4.0,-11,0.002036092437137368,17.80462435107323
fixed-00000007,120.0,4.0,-10,0.002244185340860198,17.01319792164763
fixed-00000007,120.0,4.0,-9,0.002458786283400958,16.18430978152439
fixed-00000007,120.0,4.0,-8,0.002325279165942181,15.311873059069754
fixed-00000007,120.0,4.0,-7,0.0038413800337018583,14.387963517781984
fixed-00000007,120.0,4.0,-6,0.0042303152727848296,13.401935191968363
fixed-00000007,120.0,4.0,-5,0.0027825647515972306,12.338899720932332
fixed-00000007,120.0,4.0,-4,0.012335997072102952,11.176900501616302
fixed-00000007,120.0,4.0,-3,0.007717183034325051,9.881078656044693
fixed-00000007,120.0,4.0,-2,0.01782752004003669,8.389645509317262
fixed-00000007,120.0,4.0,-1,0.1602645236274053,6.570714442852491
fixed-00000007,120.0,4.0,0,0.6049181712554252,4.000000000000128
fixed-00000007,120.0,4.0,1,0.0,0.0
fixed-00000007,120.0,4.0,2,0.0,0.0
fixed-00000007,120.0,4.0,3,0.0,0.0
fixed-00000007,120.0,4.0,4,0.0,0.0
fixed-00000007,120.0,4.0,5,0.0,0.0
fixed-00000007,120.0,4.0,6,0.0,0.0
fixed-00000007,120.0,4.0,7,0.0,0.0
fixed-00000007,120.0,4.0,8,0.0,0.0
fixed-00000007,120.0,4.0,9,0.0,0.0
fixed-00000007,120.0,4.0,10,0.0,0.0
fixed-00000007,120.0,4.0,11,0.0,0.0
fixed-00000007,120.0,4.0,12,0.0,0.0
fixed-00000007,120.0,4.0,13,0.0,0.0
fixed-00000007,120.0,4.0,14,0.0,0.0
fixed-00000007,120.0,4.0,15,0.0,0.0
fixed-00000007,120.0,4.0,16,0.0,0.0
fixed-00000007,120.0,4.0,17,0.0,0.0
fixed-00000007,120.0,4.0,18,0.0,0.0
fixed-00000007,120.0,4.0,19,0.0,0.0
fixed-00000007,120.0,4.0,20,0.0,0.0
fixed-00000006,110.0,4.0,-20,0.0011736606173040197,24.851951542714687
fixed-00000006,110.0,4.0,-19,0.0011734973571945729,24.2300299857246
fixed-00000006,110.0,4.0,-18,0.0008230516829900835,23.592732267871042
fixed-00000006,110.0,4.0,-17,0.001118184804082046,22.938772943565866
fixed-00000006,110.0,4.0,-16,0.0012965996737718424,22.266680028298126
fixed-00000006,110.0,4.0,-15,0.0010021942844913596,21.574754793732083
fixed-00000006,110.0,4.0,-14,0.0013870244318294146,20.861019691517996
fixed-00000006,110.0,4.0,-13,0.001501564386050815,20.12314981933116
fixed-00000006,110.0,4.0,-12,0.001353142946056381,19.358381089041814
fixed-00000006,110.0,4.0,-11,0.0016596884619425965,18.563384620134798
fixed-00000006,110.0,4.0,-10,0.0018910619438703476,17.73409081271616
fixed-00000006,110.0,4.0,-9,0.0021110670464478598,16.86543602782575
fixed-00000006,110.0,4.0,-8,0.0018173532438528807,15.950985698613678
fixed-00000006,110.0,4.0,-7,0.0034314509848634715,14.982351111948859
fixed-00000006,110.0,4.0,-6,0.0036132656685441892,13.948242344473982
fixed-00000006,110.0,4.0,-5,0.002263134738028445,12.832834315133255
fixed-00000006,110.0,4.0,-4,0.011266343250744762,11.612716944258509
fixed-00000006,110.0,4.0,-3,0.006498474459534362,10.250559696102783
fixed-00000006,110.0,4.0,-2,0.016263512947252624,8.679735599183942
fixed-00000006,110.0,4.0,-1,0.14282446153559358,6.756222279782023
fixed-00000006,110.0,4.0,0,0.6377163076145399,4.000000000000043
fixed-00000006,110.0,4.0,1,0.0,0.0
fixed-00000006,110.0,4.0,2,0.0,0.0
fixed-00000006,110.0,4.0,3,0.0,0.0
fixed-00000006,110.0,4.0,4,0.0,0.0
fixed-00000006,110.0,4.0,5,0.0,0.0
fixed-00000006,110.0,4.0,6,0.0,0.0
fixed-00000006,110.0,4.0,7,0.0,0.0
fixed-00000006,110.0,4.0,8,0.0,0.0
fixed-00000006,110.0,4.0,9,0.0,0.0
fixed-00000006,110.0,4.0,10,0.0,0.0
fixed-00000006,110.0,4.0,11,0.0,0.0
fixed-00000006,110.0,4.0,12,0.0,0.0
fixed-00000006,110.0,4.0,13,0.0,0.0
fixed-00000006,110.0,4.0,14,0.0,0.0
fixed-00000006,110.0,4.0,15,0.0,0.0
fixed-00000006,110.0,4.0,16,0.0,0.0
fixed-00000006,110.0,4.0,17,0.0,0.0
fixed-00000006,110.0,4.0,18,0.0,0.0
fixed-00000006,110.0,4.0,19,0.0,0.0
fixed-00000006,110.0,4.0,20,0.0,0.0
fixed-00000001,60.0,4.0,-20,0.00021077935987599163,33.66867098629079
fixed-00000001,60.0,4.0,-19,0.00014749176621309555,32.804641534161746
fixed-00000001,60.0,4.0,-18,0.00013682744710857402,31.91990527612714
fixed-00000001,60.0,4.0,-17,0.00016693779588546203,31.012670458853336
fixed-00000001,60.0,4.0,-16,0.00016697180780742048,30.0808814961542
fixed-00000001,60.0,4.0,-15,0.00019773345024323678,29.122161170553625
fixed-00000001,60.0,4.0,-14,0.00018267538904170484,28.133735479709266
fixed-00000001,60.0,4.0,-13,0.0002445197597943413,27.112334302138407
fixed-00000001,60.0,4.0,-12,0.0003097006214340758,26.05405763838855
fixed-00000001,60.0,4.0,-11,0.00019911703261459078,24.95419162388059
fixed-00000001,60.0,4.0,-10,0.00046039898838868176,23.80694914738052
fixed-00000001,60.0,4.0,-9,0.0005016758363112006,22.605093498036354
fixed-00000001,60.0,4.0,-8,0.00023573400516144457,21.33937330915093
fixed-00000001,60.0,4.0,-7,0.0011332086823325745,19.997638457525795
fixed-00000001,60.0,4.0,-6,0.0008293577523715663,18.563384620134826
fixed-00000001,60.0,4.0,-5,0.0005779553565878864,17.01319792164763
fixed-00000001,60.0,4.0,-4,0.003944084746133912,15.311873059069754
fixed-00000001,60.0,4.0,-3,0.0014318081591903882,13.401935191968363
fixed-00000001,60.0,4.0,-2,0.0064203982635946955,11.176900501616302
fixed-00000001,60.0,4.0,-1,0.04744276397641032,8.389645509317262
fixed-00000001,60.0,4.0,0,0.6876367111429703,4.000000000000128
fixed-00000001,60.0,4.0,1,0.0,0.0
fixed-00000001,60.0,4.0,2,0.0,0.0
fixed-00000001,60.0,4.0,3,0.0,0.0
fixed-00000001,60.0,4.0,4,0.0,0.0
fixed-00000001,60.0,4.0,5,0.0,0.0
fixed-00000001,60.0,4.0,6,0.0,0.0
fixed-00000001,60.0,4.0,7,0.0,0.0
fixed-00000001,60.0,4.0,8,0.0,0.0
fixed-00000001,60.0,4.0,9,0.0,0.0
fixed-00000001,60.0,4.0,10,0.0,0.0
fixed-00000001,60.0,4.0,11,0.0,0.0
fixed-00000001,60.0,4.0,12,0.0,0.0
fixed-00000001,60.0,4.0,13,0.0,0.0
fixed-00000001,60.0,4.0,14,0.0,0.0
fixed-00000001,60.0,4.0,15,0.0,0.0
fixed-00000001,60.0,4.0,16,0.0,0.0
fixed-00000001,60.0,4.0,17,0.0,0.0
fixed-00000001,60.0,4.0,18,0.0,0.0
fixed-00000001,60.0,4.0,19,0.0,0.0
fixed-00000001,60.0,4.0,20,0.0,0.0
fixed-00000005,100.0,4.0,-20,0.001146989000842951,26.054057638388535
fixed-00000005,100.0,4.0,-19,0.001005930590887649,25.39947137852822
fixed-00000005,100.0,4.0,-18,0.0006352739280976522,24.728741050446132
fixed-00000005,100.0,4.0,-17,0.000930054330916219,24.040510406174633
fixed-00000005,100.0,4.0,-16,0.0009872354187400742,23.333225797914665
fixed-00000005,100.0,4.0,-15,0.0007584876338978261,22.60509349803634
fixed-00000005,100.0,4.0,-14,0.0010848358059119074,21.854024375341254
fixed-00000005,100.0,4.0,-13,0.0011017547858061631,21.07756102550144
fixed-00000005,100.0,4.0,-12,0.0010711469520103154,20.272780035826898
fixed-00000005,100.0,4.0,-11,0.0012485161023213006,19.43615815678045
fixed-00000005,100.0,4.0,-10,0.0014567527922558136,18.563384620134798
fixed-00000005,100.0,4.0,-9,0.0017204923877482913,17.649090489235533
fixed-00000005,100.0,4.0,-8,0.0013342214317707372,16.686445270170665
fixed-00000005,100.0,4.0,-7,0.0028686969930431746,15.666531340439832
fixed-00000005,100.0,4.0,-6,0.002944208038282439,14.577325397340658
fixed-00000005,100.0,4.0,-5,0.0017548589375894655,13.401935191968334
fixed-00000005,100.0,4.0,-4,0.009719893328307232,12.115293466158093
fixed-00000005,100.0,4.0,-3,0.0052389897497913335,10.677246924869166
fixed-00000005,100.0,4.0,-2,0.014158339137103671,9.015622340555609
fixed-00000005,100.0,4.0,-1,0.12181828100960672,6.972349028947534
fixed-00000005,100.0,4.0,0,0.6568396641239261,4.000000000000043
fixed-00000005,100.0,4.0,1,0.0,0.0
fixed-00000005,100.0,4.0,2,0.0,0.0
fixed-00000005,100.0,4.0,3,0.0,0.0
fixed-00000005,100.0,4.0,4,0.0,0.0
fixed-00000005,100.0,4.0,5,0.0,0.0
fixed-00000005,100.0,4.0,6,0.0,0.0
fixed-00000005,100.0,4.0,7,0.0,0.0
fixed-00000005,100.0,4.0,8,0.0,0.0
fixed-00000005,100.0,4.0,9,0.0,0.0
fixed-00000005,100.0,4.0,10,0.0,0.0
fixed-00000005,100.0,4.0,11,0.0,0.0
fixed-00000005,100.0,4.0,12,0.0,0.0
fixed-00000005,100.0,4.0,13,0.0,0.0
fixed-00000005,100.0,4.0,14,0.0,0.0
fixed-00000005,100.0,4.0,15,0.0,0.0
fixed-00000005,100.0,4.0,16,0.0,0.0
fixed-00000005,100.0,4.0,17,0.0,0.0
fixed-00000005,100.0,4.0,18,0.0,0.0
fixed-00000005,100.0,4.0,19,0.0,0.0
fixed-00000005,100.0,4.0,20,0.0,0.0
fixed-00000004,90.0,4.0,-20,0.0009316851227693776,27.45669132490191
fixed-00000004,90.0,4.0,-19,0.0006977508270846025,26.763886623772734
fixed-00000004,90.0,4.0,-18,0.0004622450925139334,26.054057638388535
fixed-00000004,90.0,4.0,-17,0.00069729134391883,25.3257663055293
fixed-00000004,90.0,4.0,-16,0.0006626546798436634,24.57736462946967
fixed-00000004,90.0,4.0,-15,0.0005765905524369532,23.806949147380507
fixed-00000004,90.0,4.0,-14,0.0007796140764466343,23.01230186044222
fixed-00000004,90.0,4.0,-13,0.0007579235717450735,22.19081236476336
fixed-00000004,90.0,4.0,-12,0.0008489943249062671,21.33937330915093
fixed-00000004,90.0,4.0,-11,0.0008640516003345342,20.454237086533084
fixed-00000004,90.0,4.0,-10,0.001096142899077379,19.530814598225575
fixed-00000004,90.0,4.0,-9,0.0013744010794672634,18.563384620134798
fixed-00000004,90.0,4.0,-8,0.0009047455365407732,17.544659849708694
fixed-00000004,90.0,4.0,-7,0.0023562347374988094,16.46511246866092
fixed-00000004,90.0,4.0,-6,0.002322257739389688,15.311873059069725
fixed-00000004,90.0,4.0,-5,0.0013092820031515697,14.066817881848479
fixed-00000004,90.0,4.0,-4,0.008159498884251269,12.702966158118315
fixed-00000004,90.0,4.0,-3,0.004071929434852507,11.176900501616302
fixed-00000004,90.0,4.0,-2,0.012014432274921546,9.410012267886245
fixed-00000004,90.0,4.0,-1,0.10085530392766964,7.227774780095132
fixed-00000004,90.0,4.0,0,0.6683639470244961,4.000000000000043
fixed-00000004,90.0,4.0,1,0.0,0.0
fixed-00000004,90.0,4.0,2,0.0,0.0
fixed-00000004,90.0,4.0,3,0.0,0.0
fixed-00000004,90.0,4.0,4,0.0,0.0
fixed-00000004,90.0,4.0,5,0.0,0.0
fixed-00000004,90.0,4.0,6,0.0,0.0
fixed-00000004,90.0,4.0,7,0.0,0.0
fixed-00000004,90.0,4.0,8,0.0,0.0
fixed-00000004,90.0,4.0,9,0.0,0.0
fixed-00000004,90.0,4.0,10,0.0,0.0
fixed-00000004,90.0,4.0,11,0.0,0.0
fixed-00000004,90.0,4.0,12,0.0,0.0
fixed-00000004,90.0,4.0,13,0.0,0.0
fixed-00000004,90.0,4.0,14,0.0,0.0
fixed-00000004,90.0,4.0,15,0.0,0.0
fixed-00000004,90.0,4.0,16,0.0,0.0
fixed-00000004,90.0,4.0,17,0.0,0.0
fixed-00000004,90.0,4.0,18,0.0,0.0
fixed-00000004,90.0,4.0,19,0.0,0.0
fixed-00000004,90.0,4.0,20,0.0,0.0
fixed-00000008,130.0,4.0,-20,0.0007924504729726711,22.887737429280307
fixed-00000008,130.0,4.0,-19,0.0007981694340561553,22.319060381202533
fixed-00000008,130.0,4.0,-18,0.0006297790037328515,21.73628858867596
fixed-00000008,130.0,4.0,-17,0.0008832652437915354,21.138253797703968
fixed-00000008,130.0,4.0,-16,0.0010324010734587335,20.523619220618087
fixed-00000008,130.0,4.0,-15,0.0009221128745197503,19.890843436975487
fixed-00000008,130.0,4.0,-14,0.0013786022403815235,19.238133704924607
fixed-00000008,130.0,4.0,-13,0.0016273963847134821,18.563384620134784
fixed-00000008,130.0,4.0,-12,0.0015425159578782105,17.86409607789507
fixed-00000008,130.0,4.0,-11,0.002172550197446295,17.137261306119782
fixed-00000008,130.0,4.0,-10,0.002414454262196277,16.379210436004684
fixed-00000008,130.0,4.0,-9,0.0025794732210744583,15.58538591965737
fixed-00000008,130.0,4.0,-8,0.0027741266686991547,14.750009564284554
fixed-00000008,130.0,4.0,-7,0.004049697130763195,13.865569460383654
fixed-00000008,130.0,4.0,-6,0.004590997955972375,12.921991178661202
fixed-00000008,130.0,4.0,-5,0.0033338389850900785,11.905217349750558
fixed-00000008,130.0,4.0,-4,0.012761000697008727,10.794579595613783
fixed-00000008,130.0,4.0,-3,0.008644556011693946,9.557405601711935
fixed-00000008,130.0,4.0,-2,0.01887725721599254,8.136169892284855
fixed-00000008,130.0,4.0,-1,0.17228480108137342,6.409572995038118
fixed-00000008,130.0,4.0,0,0.5608345269417079,3.999999999999943
fixed-00000008,130.0,4.0,1,0.0,0.0
fixed-00000008,130.0,4.0,2,0.0,0.0
fixed-00000008,130.0,4.0,3,0.0,0.0
fixed-00000008,130.0,4.0,4,0.0,0.0
fixed-00000008,130.0,4.0,5,0.0,0.0
fixed-00000008,130.0,4.0,6,0.0,0.0
fixed-00000008,130.0,4.0,7,0.0,0.0
fixed-00000008,130.0,4.0,8,0.0,0.0
fixed-00000008,130.0,4.0,9,0.0,0.0
fixed-00000008,130.0,4.0,10,0.0,0.0
fixed-00000008,130.0,4.0,11,0.0,0.0
fixed-00000008,130.0,4.0,12,0.0,0.0
fixed-00000008,130.0,4.0,13,0.0,0.0
fixed-00000008,130.0,4.0,14,0.0,0.0
fixed-00000008,130.0,4.0,15,0.0,0.0
fixed-00000008,130.0,4.0,16,0.0,0.0
fixed-00000008,130.0,4.0,17,0.0,0.0
fixed-00000008,130.0,4.0,18,0.0,0.0
fixed-00000008,130.0,4.0,19,0.0,0.0
fixed-00000008,130.0,4.0,20,0.0,0.0
fixed-00000003,80.0,4.0,-20,0.0005963221379607933,29.122161170553625
fixed-00000003,80.0,4.0,-19,0.0004239550402707334,28.383796025086852
fixed-00000003,80.0,4.0,-18,0.00031836492253177316,27.62738395184673
fixed-00000003,80.0,4.0,-17,0.0004534849375418295,26.85139076255797
fixed-00000003,80.0,4.0,-16,0.0004210893661887139,26.05405763838855
fixed-00000003,80.0,4.0,-15,0.0004191898607934839,25.23335224938701
fixed-00000003,80.0,4.0,-14,0.0005027976139795895,24.38690529633689
fixed-00000003,80.0,4.0,-13,0.0005181999409995026,23.51192678300849
fixed-00000003,80.0,4.0,-12,0.0006343257301527545,22.605093498036354
fixed-00000003,80.0,4.0,-11,0.0005503556594403197,21.662394599301848
fixed-00000003,80.0,4.0,-10,0.0008277326521512056,20.678914499078303
fixed-00000003,80.0,4.0,-9,0.0010288766782006915,19.6485188177962
fixed-00000003,80.0,4.0,-8,0.0005840860097281751,18.563384620134826
fixed-00000003,80.0,4.0,-7,0.0018944411553015908,17.413268710318007
fixed-00000003,80.0,4.0,-6,0.001723987851825255,16.18430978152439
fixed-00000003,80.0,4.0,-5,0.0009821833113731074,14.856940312447804
fixed-00000003,80.0,4.0,-4,0.006607380500257069,13.401935191968363
fixed-00000003,80.0,4.0,-3,0.003002877570763275,11.772044157333355
fixed-00000003,80.0,4.0,-2,0.009960142314973188,9.881078656044693
fixed-00000003,80.0,4.0,-1,0.0807586116540648,7.534952908764481
fixed-00000003,80.0,4.0,0,0.6740461612496447,4.000000000000128
fixed-00000003,80.0,4.0,1,0.0,0.0
fixed-00000003,80.0,4.0,2,0.0,0.0
fixed-00000003,80.0,4.0,3,0.0,0.0
fixed-00000003,80.0,4.0,4,0.0,0.0
fixed-00000003,80.0,4.0,5,0.0,0.0
fixed-00000003,80.0,4.0,6,0.0,0.0
fixed-00000003,80.0,4.0,7,0.0,0.0
fixed-00000003,80.0,4.0,8,0.0,0.0
fixed-00000003,80.0,4.0,9,0.0,0.0
fixed-00000003,80.0,4.0,10,0.0,0.0
fixed-00000003,80.0,4.0,11,0.0,0.0
fixed-00000003,80.0,4.0,12,0.0,0.0
fixed-00000003,80.0,4.0,13,0.0,0.0
fixed-00000003,80.0,4.0,14,0.0,0.0
fixed-00000003,80.0,4.0,15,0.0,0.0
fixed-00000003,80.0,4.0,16,0.0,0.0
fixed-00000003,80.0,4.0,17,0.0,0.0
fixed-00000003,80.0,4.0,18,0.0,0.0
fixed-00000003,80.0,4.0,19,0.0,0.0
fixed-00000003,80.0,4.0,20,0.0,0.0
fixed-00000002,70.0,4.0,-20,0.00033936327491494446,31.143727622325613
fixed-00000002,70.0,4.0,-19,0.00024788942967359585,30.3497443387063
fixed-00000002,70.0,4.0,-18,0.0002056447786164618,29.536506828714217
fixed-00000002,70.0,4.0,-17,0.0002731947167372379,28.702365570412915
fixed-00000002,70.0,4.0,-16,0.0002646282648589555,27.845428820199288
fixed-00000002,70.0,4.0,-15,0.0002866653503348191,26.963509729777833
fixed-00000002,70.0,4.0,-14,0.0003061633579761846,26.054057638388535
fixed-00000002,70.0,4.0,-13,0.0003553222828140904,25.114067339116176
fixed-00000002,70.0,4.0,-12,0.0004454756925399814,24.13995702449016
fixed-00000002,70.0,4.0,-11,0.00033756789310677516,23.127400592828295
fixed-00000002,70.0,4.0,-10,0.0006188093563325417,22.071091552917864
fixed-00000002,70.0,4.0,-9,0.0007275682216044406,20.964400995176362
fixed-00000002,70.0,4.0,-8,0.00037532691961389463,19.798865027537445
fixed-00000002,70.0,4.0,-7,0.0014777212337160428,18.563384620134798
fixed-00000002,70.0,4.0,-6,0.001217918811703899,17.242912058772163
fixed-00000002,70.0,4.0,-5,0.0007517076809079273,15.816153021261812
fixed-00000002,70.0,4.0,-4,0.00516883384877364,14.251197562253566
fixed-00000002,70.0,4.0,-3,0.0021201389410560475,12.496206306817058
fixed-00000002,70.0,4.0,-2,0.008076852019617142,10.45589172636997
fixed-00000002,70.0,4.0,-1,0.06279072152834186,7.9124896307686186
fixed-00000002,70.0,4.0,0,0.679396511740175,4.000000000000043
fixed-00000002,70.0,4.0,1,0.0,0.0
fixed-00000002,70.0,4.0,2,0.0,0.0
fixed-00000002,70.0,4.0,3,0.0,0.0
fixed-00000002,70.0,4.0,4,0.0,0.0
fixed-00000002,70.0,4.0,5,0.0,0.0
fixed-00000002,70.0,4.0,6,0.0,0.0
fixed-00000002,70.0,4.0,7,0.0,0.0
fixed-00000002,70.0,4.0,8,0.0,0.0
fixed-00000002,70.0,4.0,9,0.0,0.0
fixed-00000002,70.0,4.0,10,0.0,0.0
fixed-00000002,70.0,4.0,11,0.0,0.0
fixed-00000002,70.0,4.0,12,0.0,0.0
fixed-00000002,70.0,4.0,13,0.0,0.0
fixed-00000002,70.0,4.0,14,0.0,0.0
fixed-00000002,70.0,4.0,15,0.0,0.0
fixed-00000002,70.0,4.0,16,0.0,0.0
fixed-00000002,70.0,4.0,17,0.0,0.0
fixed-00000002,70.0,4.0,18,0.0,0.0
fixed-00000002,70.0,4.0,19,0.0,0.0
fixed-00000002,70.0,4.0,20,0.0,0.0
fixed-00000009,140.0,4.0,-20,0.0006388751036733597,22.071091552917864
fixed-00000009,140.0,4.0,-19,0.0006436380195627713,21.524522367911075
fixed-00000009,140.0,4.0,-18,0.0005234833134901852,20.964400995176362
fixed-00000009,140.0,4.0,-17,0.0007280347799588031,20.3896085063504
fixed-00000009,140.0,4.0,-16,0.0008342675064523945,19.798865027537445
fixed-00000009,140.0,4.0,-15,0.0007321272910354442,19.190695371391683
fixed-00000009,140.0,4.0,-14,0.0011096506873502054,18.563384620134798
fixed-00000009,140.0,4.0,-13,0.0013030256728545709,17.91491981726459
fixed-00000009,140.0,4.0,-12,0.0012784673166677486,17.242912058772163
fixed-00000009,140.0,4.0,-11,0.0019460101956121471,16.544490275662753
fixed-00000009,140.0,4.0,-10,0.002285611756516656,15.816153021261812
fixed-00000009,140.0,4.0,-9,0.002431640393894997,15.05355599411152
fixed-00000009,140.0,4.0,-8,0.0030026501654356373,14.251197562253566
fixed-00000009,140.0,4.0,-7,0.0040817623932588795,13.401935191968334
fixed-00000009,140.0,4.0,-6,0.00466403666655908,12.496206306817058
fixed-00000009,140.0,4.0,-5,0.003872982039036535,11.520697333479006
fixed-00000009,140.0,4.0,-4,0.012701634815450811,10.45589172636997
fixed-00000009,140.0,4.0,-3,0.009233015828056667,9.27106825583462
fixed-00000009,140.0,4.0,-2,0.019599451115165093,7.9124896307686186
fixed-00000009,140.0,4.0,-1,0.1792450776861746,6.268169548557026
fixed-00000009,140.0,4.0,0,0.5108831782541584,4.000000000000043
fixed-00000009,140.0,4.0,1,0.0,0.0
fixed-00000009,140.0,4.0,2,0.0,0.0
fixed-00000009,140.0,4.0,3,0.0,0.0
fixed-00000009,140.0,4.0,4,0.0,0.0
fixed-00000009,140.0,4.0,5,0.0,0.0
fixed-00000009,140.0,4.0,6,0.0,0.0
fixed-00000009,140.0,4.0,7,0.0,0.0
fixed-00000009,140.0,4.0,8,0.0,0.0
fixed-00000009,140.0,4.0,9,0.0,0.0
fixed-00000009,140.0,4.0,10,0.0,0.0
fixed-00000009,140.0,4.0,11,0.0,0.0
fixed-00000009,140.0,4.0,12,0.0,0.0
fixed-00000009,140.0,4.0,13,0.0,0.0
fixed-00000009,140.0,4.0,14,0.0,0.0
fixed-00000009,140.0,4.0,15,0.0,0.0
fixed-00000009,140.0,4.0,16,0.0,0.0
fixed-00000009,140.0,4.0,17,0.0,0.0
fixed-00000009,140.0,4.0,18,0.0,0.0
fixed-00000009,140.0,4.0,19,0.0,0.0
fixed-00000009,140.0,4.0,20,0.0,0.0
fixed-00000010,150.0,4.0,-20,0.000503926476478908,21.33937330915093
fixed-00000010,150.0,4.0,-19,0.0005004493205212783,20.81260721870089
fixed-00000010,150.0,4.0,-18,0.00042002061966151937,20.272780035826898
fixed-00000010,150.0,4.0,-17,0.0005875472707103124,19.71881735546995
fixed-00000010,150.0,4.0,-16,0.0006641342733580317,19.149490680969976
fixed-00000010,150.0,4.0,-15,0.0005825337610968679,18.563384620134798
fixed-00000010,150.0,4.0,-14,0.0008813516653868044,17.958854520446636
fixed-00000010,150.0,4.0,-13,0.0010045012817013802,17.333970900377437
fixed-00000010,150.0,4.0,-12,0.0009692542355187926,16.686445270170665
fixed-00000010,150.0,4.0,-11,0.0015153319188521768,16.013529106660258
fixed-00000010,150.0,4.0,-10,0.001815382419152012,15.311873059069754
fixed-00000010,150.0,4.0,-9,0.0019565882006268515,14.577325397340658
fixed-00000010,150.0,4.0,-8,0.0027069811074365326,13.804634215692602
fixed-00000010,150.0,4.0,-7,0.0036822587382575366,12.986990452752977
fixed-00000010,150.0,4.0,-6,0.004192257669007779,12.115293466158093
fixed-00000010,150.0,4.0,-5,0.004086283249179138,11.176900501616302
fixed-00000010,150.0,4.0,-4,0.011797362269964263,10.153332615240856
fixed-00000010,150.0,4.0,-3,0.00905058517182445,9.015622340555609
fixed-00000010,150.0,4.0,-2,0.01958041085923195,7.713422675659871
fixed-00000010,150.0,4.0,-1,0.17699653837145193,6.142998339829575
fixed-00000010,150.0,4.0,0,0.44989042067292423,4.000000000000043
fixed-00000010,150.0,4.0,1,0.0,0.0
fixed-00000010,150.0,4.0,2,0.0,0.0
fixed-00000010,150.0,4.0,3,0.0,0.0
fixed-00000010,150.0,4.0,4,0.0,0.0
fixed-00000010,150.0,4.0,5,0.0,0.0
fixed-00000010,150.0,4.0,6,0.0,0.0
fixed-00000010,150.0,4.0,7,0.0,0.0
fixed-00000010,150.0,4.0,8,0.0,0.0
fixed-00000010,150.0,4.0,9,0.0,0.0
fixed-00000010,150.0,4.0,10,0.0,0.0
fixed-00000010,150.0,4.0,11,0.0,0.0
fixed-00000010,150.0,4.0,12,0.0,0.0
fixed-00000010,150.0,4.0,13,0.0,0.0
fixed-00000010,150.0,4.0,14,0.0,0.0
fixed-00000010,150.0,4.0,15,0.0,0.0
fixed-00000010,150.0,4.0,16,0.0,0.0
fixed-00000010,150.0,4.0,17,0.0,0.0
fixed-00000010,150.0,4.0,18,0.0,0.0
fixed-00000010,150.0,4.0,19,0.0,0.0
fixed-00000010,150.0,4.0,20,0.0,0.0
fixed-00000011,160.0,4.0,-20,0.00041887751981584223,20.678914499078303
fixed-00000011,160.0,4.0,-19,0.0004083812032567884,20.170023522549073
fixed-00000011,160.0,4.0,-18,0.00034869256575396234,19.6485188177962
fixed-00000011,160.0,4.0,-17,0.0004944712798905056,19.113366448532148
fixed-00000011,160.0,4.0,-16,0.0005476569956886353,18.563384620134826
fixed-00000011,160.0,4.0,-15,0.0004885267291972451,17.997212298226287
fixed-00000011,160.0,4.0,-14,0.0007415192089099906,17.413268710318007
fixed-00000011,160.0,4.0,-13,0.000830681264501685,16.809700268524495
fixed-00000011,160.0,4.0,-12,0.0007907159872766589,16.18430978152439
fixed-00000011,160.0,4.0,-11,0.0012520600423740554,15.534460149598402
fixed-00000011,160.0,4.0,-10,0.001470518599750798,14.856940312447804
fixed-00000011,160.0,4.0,-9,0.001586550678709028,14.147773622565637
fixed-00000011,160.0,4.0,-8,0.002347449564038936,13.401935191968363
fixed-00000011,160.0,4.0,-7,0.003219776643105868,12.612919034749368
fixed-00000011,160.0,4.0,-6,0.0036651195691862204,11.772044157333355
fixed-00000011,160.0,4.0,-5,0.004115743966071005,10.867276770488644
fixed-00000011,160.0,4.0,-4,0.01081069866121157,9.881078656044693
fixed-00000011,160.0,4.0,-3,0.008651760773304488,8.786068711064956
fixed-00000011,160.0,4.0,-2,0.01948125093473905,7.534952908764481
fixed-00000011,160.0,4.0,-1,0.17220550662251363,6.03135129215535
fixed-00000011,160.0,4.0,0,0.39309016035888994,4.000000000000128
fixed-00000011,160.0,4.0,1,0.0,0.0
fixed-00000011,160.0,4.0,2,0.0,0.0
fixed-00000011,160.0,4.0,3,0.0,0.0
fixed-00000011,160.0,4.0,4,0.0,0.0
fixed-00000011,160.0,4.0,5,0.0,0.0
fixed-00000011,160.0,4.0,6,0.0,0.0
fixed-00000011,160.0,4.0,7,0.0,0.0
fixed-00000011,160.0,4.0,8,0.0,0.0
fixed-00000011,160.0,4.0,9,0.0,0.0
fixed-00000011,160.0,4.0,10,0.0,0.0
fixed-00000011,160.0,4.0,11,0.0,0.0
fixed-00000011,160.0,4.0,12,0.0,0.0
fixed-00000011,160.0,4.0,13,0.0,0.0
fixed-00000011,160.0,4.0,14,0.0,0.0
fixed-00000011,160.0,4.0,15,0.0,0.0
fixed-00000011,160.0,4.0,16,0.0,0.0
fixed-00000011,160.0,4.0,17,0.0,0.0
fixed-00000011,160.0,4.0,18,0.0,0.0
fixed-00000011,160.0,4.0,19,0.0,0.0
fixed-00000011,160.0,4.0,20,0.0,0.0
fixed-00000012,170.0,4.0,-20,0.0003443372924386307,20.078937587093307
fixed-00000012,170.0,4.0,-19,0.0003296173847132537,19.586289471248577
fixed-00000012,170.0,4.0,-18,0.00028270817038793613,19.08143745864639
fixed-00000012,170.0,4.0,-17,0.0004074237881352156,18.563384620134798
fixed-00000012,170.0,4.0,-16,0.0004401723198051466,18.030991870959312
fixed-00000012,170.0,4.0,-15,0.00039775077006793844,17.482947890801668
fixed-00000012,170.0,4.0,-14,0.0006103332958735014,16.917730332891097
fixed-00000012,170.0,4.0,-13,0.0006706013090701395,16.333555025629337
fixed-00000012,170.0,4.0,-12,0.0006394065426523581,15.728308285955407
fixed-00000012,170.0,4.0,-11,0.0010200639862303377,15.099454930199627
fixed-00000012,170.0,4.0,-10,0.0011663006872044473,14.443910384212742
fixed-00000012,170.0,4.0,-9,0.001245975669431347,13.757858124151412
fixed-00000012,170.0,4.0,-8,0.0018985147913823926,13.036480848951996
fixed-00000012,170.0,4.0,-7,0.002603346393893507,12.273549626976305
fixed-00000012,170.0,4.0,-6,0.002952813906900315,11.460766897267831
fixed-00000012,170.0,4.0,-5,0.003733228347598777,10.586654831666635
fixed-00000012,170.0,4.0,-4,0.009305863169984167,9.634532883621333
fixed-00000012,170.0,4.0,-3,0.007631362377250321,8.578462776597007
fixed-00000012,170.0,4.0,-2,0.018610707303718537,7.37391453146995
fixed-00000012,170.0,4.0,-1,0.15966001478701808,5.931100707011396
fixed-00000012,170.0,4.0,0,0.33188517899152237,4.000000000000043
fixed-00000012,170.0,4.0,1,0.0,0.0
fixed-00000012,170.0,4.0,2,0.0,0.0
fixed-00000012,170.0,4.0,3,0.0,0.0
fixed-00000012,170.0,4.0,4,0.0,0.0
fixed-00000012,170.0,4.0,5,0.0,0.0
fixed-00000012,170.0,4.0,6,0.0,0.0
fixed-00000012,170.0,4.0,7,0.0,0.0
fixed-00000012,170.0,4.0,8,0.0,0.0
fixed-00000012,170.0,4.0,9,0.0,0.0
fixed-00000012,170.0,4.0,10,0.0,0.0
fixed-00000012,170.0,4.0,11,0.0,0.0
fixed-00000012,170.0,4.0,12,0.0,0.0
fixed-00000012,170.0,4.0,13,0.0,0.0
fixed-00000012,170.0,4.0,14,0.0,0.0
fixed-00000012,170.0,4.0,15,0.0,0.0
fixed-00000012,170.0,4.0,16,0.0,0.0
fixed-00000012,170.0,4.0,17,0.0,0.0
fixed-00000012,170.0,4.0,18,0.0,0.0
fixed-00000012,170.0,4.0,19,0.0,0.0
fixed-00000012,170.0,4.0,20,0.0,0.0
fixed-00000013,180.0,4.0,-20,0.00031079608758440057,19.530814598225575
fixed-00000013,180.0,4.0,-19,0.0002918797494851699,19.053012891096714
fixed-00000013,180.0,4.0,-18,0.00025132069082661697,18.563384620134798
fixed-00000013,180.0,4.0,-17,0.00036481098375889317,18.06096687878967
fixed-00000013,180.0,4.0,-16,0.000385991215940127,17.544659849708694
fixed-00000013,180.0,4.0,-15,0.00034985710750339195,17.013197921647617
fixed-00000013,180.0,4.0,-14,0.000543312167551784,16.46511246866092
fixed-00000013,180.0,4.0,-13,0.0005818562570158258,15.898683146952209
fixed-00000013,180.0,4.0,-12,0.0005591129236914698,15.311873059069725
fixed-00000013,180.0,4.0,-11,0.0009004606778836814,14.702240730771123
fixed-00000013,180.0,4.0,-10,0.0010008247166284172,14.066817881848479
fixed-00000013,180.0,4.0,-9,0.0010716705881880426,13.401935191968363
fixed-00000013,180.0,4.0,-8,0.0016542077233809933,12.702966158118315
fixed-00000013,180.0,4.0,-7,0.0022152254227183034,11.96393641047473
fixed-00000013,180.0,4.0,-6,0.0025150455218490835,11.176900501616302
fixed-00000013,180.0,4.0,-5,0.003381209201092516,10.330890706572049
fixed-00000013,180.0,4.0,-4,0.00814765154981626,9.410012267886245
fixed-00000013,180.0,4.0,-3,0.006763577801250188,8.389645509317262
fixed-00000013,180.0,4.0,-2,0.017814088061190416,7.227774780095132
fixed-00000013,180.0,4.0,-1,0.14806539597558183,5.840549916165145
fixed-00000013,180.0,4.0,0,0.28002824439619506,4.000000000000043
fixed-00000013,180.0,4.0,1,0.0,0.0
fixed-00000013,180.0,4.0,2,0.0,0.0
fixed-00000013,180.0,4.0,3,0.0,0.0
fixed-00000013,180.0,4.0,4,0.0,0.0
fixed-00000013,180.0,4.0,5,0.0,0.0
fixed-00000013,180.0,4.0,6,0.0,0.0
fixed-00000013,180.0,4.0,7,0.0,0.0
fixed-00000013,180.0,4.0,8,0.0,0.0
fixed-00000013,180.0,4.0,9,0.0,0.0
fixed-00000013,180.0,4.0,10,0.0,0.0
fixed-00000013,180.0,4.0,11,0.0,0.0
fixed-00000013,180.0,4.0,12,0.0,0.0
fixed-00000013,180.0,4.0,13,0.0,0.0
fixed-00000013,180.0,4.0,14,0.0,0.0
fixed-00000013,180.0,4.0,15,0.0,0.0
fixed-00000013,180.0,4.0,16,0.0,0.0
fixed-00000013,180.0,4.0,17,0.0,0.0
fixed-00000013,180.0,4.0,18,0.0,0.0
fixed-00000013,180.0,4.0,19,0.0,0.0
fixed-00000013,180.0,4.0,20,0.0,0.0
fixed-00000014,190.0,4.0,-20,0.00031257373103204926,19.027545728760387
fixed-00000014,190.0,4.0,-19,0.0002868746591063627,18.563384620134798
fixed-00000014,190.0,4.0,-18,0.0002492769504364385,18.087745917971517
fixed-00000014,190.0,4.0,-17,0.000362094025408143,17.599698142746774
fixed-00000014,190.0,4.0,-16,0.00037577589944579986,17.098177750245895
fixed-00000014,190.0,4.0,-15,0.0003428864581746825,16.581961354199663
fixed-00000014,190.0,4.0,-14,0.0005365568904501029,16.04962995579325
fixed-00000014,190.0,4.0,-13,0.000559836057219973,15.49952217558176
fixed-00000014,190.0,4.0,-12,0.0005431824638900026,14.929672049973433
fixed-00000014,190.0,4.0,-11,0.0008833287926130348,14.337724668923613
fixed-00000014,190.0,4.0,-10,0.0009489752605979043,13.720819169692376
fixed-00000014,190.0,4.0,-9,0.0010275604821816003,13.075422179669076
fixed-00000014,190.0,4.0,-8,0.0016052789814017293,12.397083362613174
fixed-00000014,190.0,4.0,-7,0.0020657446540955694,11.680063301026976
fixed-00000014,190.0,4.0,-6,0.0023773672600691507,10.916741345033458
fixed-00000014,190.0,4.0,-5,0.0033026538993518,10.096619860707108
fixed-00000014,190.0,4.0,-4,0.0076184308526708105,9.204527144434891
fixed-00000014,190.0,4.0,-3,0.0064091111368198605,8.217053724399236
fixed-00000014,190.0,4.0,-2,0.01780418237506844,7.094480733772272
fixed-00000014,190.0,4.0,-1,0.1423483755255059,5.758328175331556
fixed-00000014,190.0,4.0,0,0.24351428539131476,4.000000000000043
fixed-00000014,190.0,4.0,1,0.0,0.0
fixed-00000014,190.0,4.0,2,0.0,0.0
fixed-00000014,190.0,4.0,3,0.0,0.0
fixed-00000014,190.0,4.0,4,0.0,0.0
fixed-00000014,190.0,4.0,5,0.0,0.0
fixed-00000014,190.0,4.0,6,0.0,0.0
fixed-00000014,190.0,4.0,7,0.0,0.0
fixed-00000014,190.0,4.0,8,0.0,0.0
fixed-00000014,190.0,4.0,9,0.0,0.0
fixed-00000014,190.0,4.0,10,0.0,0.0
fixed-00000014,190.0,4.0,11,0.0,0.0
fixed-00000014,190.0,4.0,12,0.0,0.0
fixed-00000014,190.0,4.0,13,0.0,0.0
fixed-00000014,190.0,4.0,14,0.0,0.0
fixed-00000014,190.0,4.0,15,0.0,0.0
fixed-00000014,190.0,4.0,16,0.0,0.0
fixed-00000014,190.0,4.0,17,0.0,0.0
fixed-00000014,190.0,4.0,18,0.0,0.0
fixed-00000014,190.0,4.0,19,0.0,0.0
fixed-00000014,190.0,4.0,20,0.0,0.0
fixed-00000015,200.0,4.0,-20,0.00032176735710819115,18.563384620134798
fixed-00000015,200.0,4.0,-19,0.0002869642077373096,18.11181433101568
fixed-00000015,200.0,4.0,-18,0.00025389597863096367,17.649090489235533
fixed-00000015,200.0,4.0,-17,0.00036843233949459956,17.17431076750566
fixed-00000015,200.0,4.0,-16,0.0003726829652949884,16.686445270170665
fixed-00000015,200.0,4.0,-15,0.00034625700221342073,16.184309781524362
fixed-00000015,200.0,4.0,-14,0.0005443846423494143,15.666531340439832
fixed-00000015,200.0,4.0,-13,0.0005499966890232627,15.13150326662813
fixed-00000015,200.0,4.0,-12,0.0005450664943000507,14.577325397340658
fixed-00000015,200.0,4.0,-11,0.0008930575610165838,14.001723117605522
fixed-00000015,200.0,4.0,-10,0.000921633214712697,13.401935191968334
fixed-00000015,200.0,4.0,-9,0.001020710824026673,12.774554314257855
fixed-00000015,200.0,4.0,-8,0.0016149335580270842,12.115293466158093
fixed-00000015,200.0,4.0,-7,0.0019812902262968182,11.41863095571108
fixed-00000015,200.0,4.0,-6,0.002328882195849404,10.677246924869166
fixed-00000015,200.0,4.0,-5,0.003349406009986294,9.88107865604465
fixed-00000015,200.0,4.0,-4,0.007295583348508088,9.015622340555609
fixed-00000015,200.0,4.0,-3,0.006184675522490714,8.058583440755712
fixed-00000015,200.0,4.0,-2,0.018397320984426212,6.972349028947534
fixed-00000015,200.0,4.0,-1,0.13803136587184778,5.683315135192018
fixed-00000015,200.0,4.0,0,0.2162079848764529,4.000000000000043
fixed-00000015,200.0,4.0,1,0.0,0.0
fixed-00000015,200.0,4.0,2,0.0,0.0
fixed-00000015,200.0,4.0,3,0.0,0.0
fixed-00000015,200.0,4.0,4,0.0,0.0
fixed-00000015,200.0,4.0,5,0.0,0.0
fixed-00000015,200.0,4.0,6,0.0,0.0
fixed-00000015,200.0,4.0,7,0.0,0.0
fixed-00000015,200.0,4.0,8,0.0,0.0
fixed-00000015,200.0,4.0,9,0.0,0.0
fixed-00000015,200.0,4.0,10,0.0,0.0
fixed-00000015,200.0,4.0,11,0.0,0.0
fixed-00000015,200.0,4.0,12,0.0,0.0
fixed-00000015,200.0,4.0,13,0.0,0.0
fixed-00000015,200.0,4.0,14,0.0,0.0
fixed-00000015,200.0,4.0,15,0.0,0.0
fixed-00000015,200.0,4.0,16,0.0,0.0
fixed-00000015,200.0,4.0,17,0.0,0.0
fixed-00000015,200.0,4.0,18,0.0,0.0
fixed-00000015,200.0,4.0,19,0.0,0.0
fixed-00000015,200.0,4.0,20,0.0,0.0
fixed-00000016,210.0,4.0,-20,0.00030110071288351844,18.133563909262662
fixed-00000016,210.0,4.0,-19,0.00025989922525989674,17.69366376630488
fixed-00000016,210.0,4.0,-18,0.00023048545919092855,17.242912058772163
fixed-00000016,210.0,4.0,-17,0.00034376662451949505,16.78043360412154
fixed-00000016,210.0,4.0,-16,0.0003352617820922361,16.30522983876051
fixed-00000016,210.0,4.0,-15,0.0003118410840632856,15.816153021261812
fixed-00000016,210.0,4.0,-14,0.0005103777055111438,15.311873059069725
fixed-00000016,210.0,4.0,-13,0.0004909604366066522,14.79083420461042
fixed-00000016,210.0,4.0,-12,0.0004902585386260637,14.251197562253566
fixed-00000016,210.0,4.0,-11,0.000840006991577494,13.690763273626388
fixed-00000016,210.0,4.0,-10,0.0008154022677615379,13.106862846525061
fixed-00000016,210.0,4.0,-9,0.0009187189717788381,12.496206306817086
fixed-00000016,210.0,4.0,-8,0.0015157476037813743,11.854658593029981
fixed-00000016,210.0,4.0,-7,0.0017496673582639705,11.176900501616302
fixed-00000016,210.0,4.0,-6,0.002091043376278643,10.45589172636997
fixed-00000016,210.0,4.0,-5,0.003138867561636754,9.681973335802653
fixed-00000016,210.0,4.0,-4,0.006642603729215491,8.841260597125114
fixed-00000016,210.0,4.0,-3,0.005405717349002005,7.912489630768675
fixed-00000016,210.0,4.0,-2,0.01817283767320836,6.85998498024081
fixed-00000016,210.0,4.0,-1,0.13342184200203583,5.614585555098117
fixed-00000016,210.0,4.0,0,0.17395814353889552,4.000000000000043
fixed-00000016,210.0,4.0,1,0.04570364626690333,0.6990406976807151
fixed-00000016,210.0,4.0,2,0.0,0.0
fixed-00000016,210.0,4.0,3,0.0,0.0
fixed-00000016,210.0,4.0,4,0.0,0.0
fixed-00000016,210.0,4.0,5,0.0,0.0
fixed-00000016,210.0,4.0,6,0.0,0.0
fixed-00000016,210.0,4.0,7,0.0,0.0
fixed-00000016,210.0,4.0,8,0.0,0.0
fixed-00000016,210.0,4.0,9,0.0,0.0
fixed-00000016,210.0,4.0,10,0.0,0.0
fixed-00000016,210.0,4.0,11,0.0,0.0
fixed-00000016,210.0,4.0,12,0.0,0.0
fixed-00000016,210.0,4.0,13,0.0,0.0
fixed-00000016,210.0,4.0,14,0.0,0.0
fixed-00000016,210.0,4.0,15,0.0,0.0
fixed-00000016,210.0,4.0,16,0.0,0.0
fixed-00000016,210.0,4.0,17,0.0,0.0
fixed-00000016,210.0,4.0,18,0.0,0.0
fixed-00000016,210.0,4.0,19,0.0,0.0
fixed-00000016,210.0,4.0,20,0.0,0.0
fixed-00000017,220.0,4.0,-20,0.0002791166508292683,17.73409081271616
fixed-00000017,220.0,4.0,-19,0.00023731089438847449,17.305048019521294
fixed-00000017,220.0,4.0,-18,0.00020988763845781506,16.86543602782575
fixed-00000017,220.0,4.0,-17,0.0003172663871833577,16.414405017153385
fixed-00000017,220.0,4.0,-16,0.0003060075890765541,15.950985698613678
fixed-00000017,220.0,4.0,-15,0.0002810508703143804,15.474064410036164
fixed-00000017,220.0,4.0,-14,0.00047357666889397663,14.982351111948859
fixed-00000017,220.0,4.0,-13,0.00044632311261396247,14.474337642723825
fixed-00000017,220.0,4.0,-12,0.0004405496167339308,13.948242344473982
fixed-00000017,220.0,4.0,-11,0.0007840381663769137,13.401935191968377
fixed-00000017,220.0,4.0,-10,0.0007354286960852222,12.832834315133255
fixed-00000017,220.0,4.0,-9,0.0008275793857193302,12.237759303340212
fixed-00000017,220.0,4.0,-8,0.0014186498395399145,11.612716944258509
fixed-00000017,220.0,4.0,-7,0.0015639191892711773,10.952576962541741
fixed-00000017,220.0,4.0,-6,0.0019057322077985063,10.250559696102783
fixed-00000017,220.0,4.0,-5,0.0029321247449230585,9.49738228221355
fixed-00000017,220.0,4.0,-4,0.006054501216573032,8.679735599183942
fixed-00000017,220.0,4.0,-3,0.005031815653743631,7.777311442431525
fixed-00000017,220.0,4.0,-2,0.017144380502543945,6.756222279782023
fixed-00000017,220.0,4.0,-1,0.12917888612038914,5.551368162118536
fixed-00000017,220.0,4.0,0,0.13840068482000373,4.000000000000043
fixed-00000017,220.0,4.0,1,0.06981799723277742,1.0924531720081205
fixed-00000017,220.0,4.0,2,0.0,0.0
fixed-00000017,220.0,4.0,3,0.0,0.0
fixed-00000017,220.0,4.0,4,0.0,0.0
fixed-00000017,220.0,4.0,5,0.0,0.0
fixed-00000017,220.0,4.0,6,0.0,0.0
fixed-00000017,220.0,4.0,7,0.0,0.0
fixed-00000017,220.0,4.0,8,0.0,0.0
fixed-00000017,220.0,4.0,9,0.0,0.0
fixed-00000017,220.0,4.0,10,0.0,0.0
fixed-00000017,220.0,4.0,11,0.0,0.0
fixed-00000017,220.0,4.0,12,0.0,0.0
fixed-00000017,220.0,4.0,13,0.0,0.0
fixed-00000017,220.0,4.0,14,0.0,0.0
fixed-00000017,220.0,4.0,15,0.0,0.0
fixed-00000017,220.0,4.0,16,0.0,0.0
fixed-00000017,220.0,4.0,17,0.0,0.0
fixed-00000017,220.0,4.0,18,0.0,0.0
fixed-00000017,220.0,4.0,19,0.0,0.0
fixed-00000017,220.0,4.0,20,0.0,0.0
fixed-00000018,230.0,4.0,-20,0.000273029446236773,17.361592560354026
fixed-00000018,230.0,4.0,-19,0.00022818032298012068,16.942685258157596
fixed-00000018,230.0,4.0,-18,0.00020198357608190056,16.513473571464004
fixed-00000018,230.0,4.0,-17,0.00030638630630211016,16.07313144984927
fixed-00000018,230.0,4.0,-16,0.00029369256216989144,15.62071704156071
fixed-00000018,230.0,4.0,-15,0.0002664739918514585,15.155148624219663
fixed-00000018,230.0,4.0,-14,0.0004585090462330887,14.675173695966748
fixed-00000018,230.0,4.0,-13,0.00042592350084399066,14.179328690446923
fixed-00000018,230.0,4.0,-12,0.00041448194900919785,13.665885586158865
fixed-00000018,230.0,4.0,-11,0.000762688551771606,13.13277978959242
fixed-00000018,230.0,4.0,-10,0.0006931043345984667,12.577510579407715
fixed-00000018,230.0,4.0,-9,0.0007782484816966553,11.997000160210277
fixed-00000018,230.0,4.0,-8,0.0013801065422146459,11.387388125912437
fixed-00000018,230.0,4.0,-7,0.0014470132853678574,10.743720994389975
fixed-00000018,230.0,4.0,-6,0.001805877826374932,10.059462823221452
fixed-00000018,230.0,4.0,-5,0.0028215480618904135,9.325682005200974
fixed-00000018,230.0,4.0,-4,0.005639294064771245,8.529606124486918
fixed-00000018,230.0,4.0,-3,0.004841193530157691,7.651815588106331
fixed-00000018,230.0,4.0,-2,0.016395052411500678,6.660077368214232
fixed-00000018,230.0,4.0,-1,0.12610285665664436,5.493014580257693
fixed-00000018,230.0,4.0,0,0.11102702079882226,4.000000000000043
fixed-00000018,230.0,4.0,1,0.0859967076162868,1.3553543387345144
fixed-00000018,230.0,4.0,2,0.0,0.0
fixed-00000018,230.0,4.0,3,0.0,0.0
fixed-00000018,230.0,4.0,4,0.0,0.0
fixed-00000018,230.0,4.0,5,0.0,0.0
fixed-00000018,230.0,4.0,6,0.0,0.0
fixed-00000018,230.0,4.0,7,0.0,0.0
fixed-00000018,230.0,4.0,8,0.0,0.0
fixed-00000018,230.0,4.0,9,0.0,0.0
fixed-00000018,230.0,4.0,10,0.0,0.0
fixed-00000018,230.0,4.0,11,0.0,0.0
fixed-00000018,230.0,4.0,12,0.0,0.0
fixed-00000018,230.0,4.0,13,0.0,0.0
fixed-00000018,230.0,4.0,14,0.0,0.0
fixed-00000018,230.0,4.0,15,0.0,0.0
fixed-00000018,230.0,4.0,16,0.0,0.0
fixed-00000018,230.0,4.0,17,0.0,0.0
fixed-00000018,230.0,4.0,18,0.0,0.0
fixed-00000018,230.0,4.0,19,0.0,0.0
fixed-00000018,230.0,4.0,20,0.0,0.0
fixed-00000019,240.0,4.0,-20,0.0002840401299119387,17.01319792164763
fixed-00000019,240.0,4.0,-19,0.00023240090268811578,16.60378152529381
fixed-00000019,240.0,4.0,-18,0.00020727054154111153,16.18430978152439
fixed-00000019,240.0,4.0,-17,0.0003125639570907581,15.753978980891489
fixed-00000019,240.0,4.0,-16,0.0002983412522789466,15.311873059069754
fixed-00000019,240.0,4.0,-15,0.0002692275056613309,14.856940312447833
fixed-00000019,240.0,4.0,-14,0.0004678141321672747,14.387963517781984
fixed-00000019,240.0,4.0,-13,0.00043126952910117587,13.903521017776214
fixed-00000019,240.0,4.0,-12,0.00041384907285337843,13.401935191968363
fixed-00000019,240.0,4.0,-11,0.0007828922327343524,12.881202923645205
fixed-00000019,240.0,4.0,-10,0.0006932830520969792,12.338899720932332
fixed-00000019,240.0,4.0,-9,0.0007745093306648992,11.772044157333369
fixed-00000019,240.0,4.0,-8,0.0014209424555520107,11.176900501616302
fixed-00000019,240.0,4.0,-7,0.0014121246856005608,10.548681150469449
fixed-00000019,240.0,4.0,-6,0.0018087602188353422,9.881078656044693
fixed-00000019,240.0,4.0,-5,0.0028648615378618235,9.165490343367907
fixed-00000019,240.0,4.0,-4,0.005459523702568707,8.389645509317262
fixed-00000019,240.0,4.0,-3,0.004905538408383174,7.534952908764538
fixed-00000019,240.0,4.0,-2,0.016147730096166296,6.570714442852491
fixed-00000019,240.0,4.0,-1,0.1262655242238328,5.438975549640787
fixed-00000019,240.0,4.0,0,0.0904393458851756,4.000000000000128
fixed-00000019,240.0,4.0,1,0.09991481852711644,1.5578535504268984
fixed-00000019,240.0,4.0,2,0.0,0.0
fixed-00000019,240.0,4.0,3,0.0,0.0
fixed-00000019,240.0,4.0,4,0.0,0.0
fixed-00000019,240.0,4.0,5,0.0,0.0
fixed-00000019,240.0,4.0,6,0.0,0.0
fixed-00000019,240.0,4.0,7,0.0,0.0
fixed-00000019,240.0,4.0,8,0.0,0.0
fixed-00000019,240.0,4.0,9,0.0,0.0
fixed-00000019,240.0,4.0,10,0.0,0.0
fixed-00000019,240.0,4.0,11,0.0,0.0
fixed-00000019,240.0,4.0,12,0.0,0.0
fixed-00000019,240.0,4.0,13,0.0,0.0
fixed-00000019,240.0,4.0,14,0.0,0.0
fixed-00000019,240.0,4.0,15,0.0,0.0
fixed-00000019,240.0,4.0,16,0.0,0.0
fixed-00000019,240.0,4.0,17,0.0,0.0
fixed-00000019,240.0,4.0,18,0.0,0.0
fixed-00000019,240.0,4.0,19,0.0,0.0
fixed-00000019,240.0,4.0,20,0.0,0.0
fixed-00000020,250.0,4.0,-20,0.0002895003278711366,16.686445270170665
fixed-00000020,250.0,4.0,-19,0.00023185426150293102,16.285941336994114
fixed-00000020,250.0,4.0,-18,0.0002097494793688734,15.875616848789647
fixed-00000020,250.0,4.0,-17,0.0003140375086134656,15.454689148224062
fixed-00000020,250.0,4.0,-16,0.00029751795036934037,15.022266470358943
fixed-00000020,250.0,4.0,-15,0.00026987768738014046,14.577325397340715
fixed-00000020,250.0,4.0,-14,0.00047073418486840075,14.11868194632234
fixed-00000020,250.0,4.0,-13,0.00043094070361966946,13.644953944975029
fixed-00000020,250.0,4.0,-12,0.0004112254770289772,13.154511253697052
fixed-00000020,250.0,4.0,-11,0.0007950956069858259,12.645408662197411
fixed-00000020,250.0,4.0,-10,0.0006893636639636468,12.115293466158121
fixed-00000020,250.0,4.0,-9,0.0007681123035814203,11.561274966505863
fixed-00000020,250.0,4.0,-8,0.001458010896433832,10.979734761202295
fixed-00000020,250.0,4.0,-7,0.0013781725860800159,10.366041263914951
fixed-00000020,250.0,4.0,-6,0.0018106295417933225,9.714101762495858
fixed-00000020,250.0,4.0,-5,0.0029334839826502426,9.01562234055568
fixed-00000020,250.0,4.0,-4,0.005274066876312319,8.258802394264194
fixed-00000020,250.0,4.0,-3,0.004996716372638579,7.425824639985038
fixed-00000020,250.0,4.0,-2,0.01594769933699267,6.487418295723927
fixed-00000020,250.0,4.0,-1,0.12601655183056248,5.388782503478367
fixed-00000020,250.0,4.0,0,0.0730996524829144,4.000000000000128
fixed-00000020,250.0,4.0,1,0.11188501511050168,1.7232677700620371
fixed-00000020,250.0,4.0,2,0.0,0.0
fixed-00000020,250.0,4.0,3,0.0,0.0
fixed-00000020,250.0,4.0,4,0.0,0.0
fixed-00000020,250.0,4.0,5,0.0,0.0
fixed-00000020,250.0,4.0,6,0.0,0.0
fixed-00000020,250.0,4.0,7,0.0,0.0
fixed-00000020,250.0,4.0,8,0.0,0.0
fixed-00000020,250.0,4.0,9,0.0,0.0
fixed-00000020,250.0,4.0,10,0.0,0.0
fixed-00000020,250.0,4.0,11,0.0,0.0
fixed-00000020,250.0,4.0,12,0.0,0.0
fixed-00000020,250.0,4.0,13,0.0,0.0
fixed-00000020,250.0,4.0,14,0.0,0.0
fixed-00000020,250.0,4.0,15,0.0,0.0
fixed-00000020,250.0,4.0,16,0.0,0.0
fixed-00000020,250.0,4.0,17,0.0,0.0
fixed-00000020,250.0,4.0,18,0.0,0.0
fixed-00000020,250.0,4.0,19,0.0,0.0
fixed-00000020,250.0,4.0,20,0.0,0.0
fixed-00000021,260.0,4.0,-20,0.00029558343775545686,16.379210436004684
fixed-00000021,260.0,4.0,-19,0.00023143521716209383,15.987097516269017
fixed-00000021,260.0,4.0,-18,0.00021254316788740422,15.58538591965737
fixed-00000021,260.0,4.0,-17,0.0003152603901625422,15.173312873518526
fixed-00000021,260.0,4.0,-16,0.0002965696637318462,14.750009564284554
fixed-00000021,260.0,4.0,-15,0.0002706239987466937,14.314479289708373
fixed-00000021,260.0,4.0,-14,0.00047234337382613624,13.865569460383654
fixed-00000021,260.0,4.0,-13,0.00043025883474631763,13.401935191968363
fixed-00000021,260.0,4.0,-12,0.00040775462542435545,12.921991178661202
fixed-00000021,260.0,4.0,-11,0.0008044383969611458,12.423846879528327
fixed-00000021,260.0,4.0,-10,0.0006842274834713393,11.905217349750558
fixed-00000021,260.0,4.0,-9,0.0007588822099479536,11.363297500741439
fixed-00000021,260.0,4.0,-8,0.001489136682805199,10.794579595613783
fixed-00000021,260.0,4.0,-7,0.00133972452082089,10.194579116674106
fixed-00000021,260.0,4.0,-6,0.0018038876799064355,9.557405601711935
fixed-00000021,260.0,4.0,-5,0.002988876372691488,8.875055586881174
fixed-00000021,260.0,4.0,-4,0.005058901534584061,8.136169892284855
fixed-00000021,260.0,4.0,-3,0.0050642347229103496,7.32365592105198
fixed-00000021,260.0,4.0,-2,0.015656709015104967,6.409572995038118
fixed-00000021,260.0,4.0,-1,0.12487394240142415,5.342033137263584
fixed-00000021,260.0,4.0,0,0.05806525672290248,3.999999999999943
fixed-00000021,260.0,4.0,1,0.12210564981165745,1.8629706538812485
fixed-00000021,260.0,4.0,2,0.0,0.0
fixed-00000021,260.0,4.0,3,0.0,0.0
fixed-00000021,260.0,4.0,4,0.0,0.0
fixed-00000021,260.0,4.0,5,0.0,0.0
fixed-00000021,260.0,4.0,6,0.0,0.0
fixed-00000021,260.0,4.0,7,0.0,0.0
fixed-00000021,260.0,4.0,8,0.0,0.0
fixed-00000021,260.0,4.0,9,0.0,0.0
fixed-00000021,260.0,4.0,10,0.0,0.0
fixed-00000021,260.0,4.0,11,0.0,0.0
fixed-00000021,260.0,4.0,12,0.0,0.0
fixed-00000021,260.0,4.0,13,0.0,0.0
fixed-00000021,260.0,4.0,14,0.0,0.0
fixed-00000021,260.0,4.0,15,0.0,0.0
fixed-00000021,260.0,4.0,16,0.0,0.0
fixed-00000021,260.0,4.0,17,0.0,0.0
fixed-00000021,260.0,4.0,18,0.0,0.0
fixed-00000021,260.0,4.0,19,0.0,0.0
fixed-00000021,260.0,4.0,20,0.0,0.0
fixed-00000022,270.0,4.0,-20,0.00030055956437444913,16.08964950237933
fixed-00000022,270.0,4.0,-19,0.0002301073213831483,15.705455556386227
fixed-00000022,270.0,4.0,-18,0.00021563823206015062,15.311873059069725
fixed-00000022,270.0,4.0,-17,0.00031641714572081876,14.908158060804453
fixed-00000022,270.0,4.0,-16,0.0002946950912023493,14.493463473362837
fixed-00000022,270.0,4.0,-15,0.00027317951006273973,14.066817881848507
fixed-00000022,270.0,4.0,-14,0.0004741829972598709,13.627098410003597
fixed-00000022,270.0,4.0,-13,0.00042979751998014536,13.172995462424524
fixed-00000022,270.0,4.0,-12,0.00040813707484871055,12.702966158118315
fixed-00000022,270.0,4.0,-11,0.0008155647694357893,12.215171679035521
fixed-00000022,270.0,4.0,-10,0.0006834257419988022,11.707391172695964
fixed-00000022,270.0,4.0,-9,0.0007566331502886252,11.176900501616302
fixed-00000022,270.0,4.0,-8,0.001530998823454494,10.620296524793474
fixed-00000022,270.0,4.0,-7,0.0013160333337169743,10.033233642263525
fixed-00000022,270.0,4.0,-6,0.001813918460823981,9.410012267886245
fixed-00000022,270.0,4.0,-5,0.0030881072341771725,8.742902716320742
fixed-00000022,270.0,4.0,-4,0.004878965183131503,8.020961125094075
fixed-00000022,270.0,4.0,-3,0.005190009561341691,7.227774780095174
fixed-00000022,270.0,4.0,-2,0.015484294341393949,6.336644982795491
fixed-00000022,270.0,4.0,-1,0.124007629742189,5.298379990270192
fixed-00000022,270.0,4.0,0,0.045815546630270924,4.000000000000043
fixed-00000022,270.0,4.0,1,0.13164878684525674,1.9835743440105915
fixed-00000022,270.0,4.0,2,0.0,0.0
fixed-00000022,270.0,4.0,3,0.0,0.0
fixed-00000022,270.0,4.0,4,0.0,0.0
fixed-00000022,270.0,4.0,5,0.0,0.0
fixed-00000022,270.0,4.0,6,0.0,0.0
fixed-00000022,270.0,4.0,7,0.0,0.0
fixed-00000022,270.0,4.0,8,0.0,0.0
fixed-00000022,270.0,4.0,9,0.0,0.0
fixed-00000022,270.0,4.0,10,0.0,0.0
fixed-00000022,270.0,4.0,11,0.0,0.0
fixed-00000022,270.0,4.0,12,0.0,0.0
fixed-00000022,270.0,4.0,13,0.0,0.0
fixed-00000022,270.0,4.0,14,0.0,0.0
fixed-00000022,270.0,4.0,15,0.0,0.0
fixed-00000022,270.0,4.0,16,0.0,0.0
fixed-00000022,270.0,4.0,17,0.0,0.0
fixed-00000022,270.0,4.0,18,0.0,0.0
fixed-00000022,270.0,4.0,19,0.0,0.0
fixed-00000022,270.0,4.0,20,0.0,0.0
fixed-00000023,280.0,4.0,-20,0.000288420382914832,15.816153021261812
fixed-00000023,280.0,4.0,-19,0.00021635630723697966,15.439449087160426
fixed-00000023,280.0,4.0,-18,0.00020711230955465566,15.05355599411152
fixed-00000023,280.0,4.0,-17,0.0003015828026093794,14.657747646499345
fixed-00000023,280.0,4.0,-16,0.00027744690230638715,14.251197562253566
fixed-00000023,280.0,4.0,-15,0.00026168044509812906,13.832958309872055
fixed-00000023,280.0,4.0,-14,0.0004529922619475641,13.401935191968334
fixed-00000023,280.0,4.0,-13,0.00040715475633315264,12.956852076462738
fixed-00000023,280.0,4.0,-12,0.0003889337837487563,12.496206306817058
fixed-00000023,280.0,4.0,-11,0.0007880461782522318,12.018208096115075
fixed-00000023,280.0,4.0,-10,0.0006491052764773659,11.520697333479006
fixed-00000023,280.0,4.0,-9,0.0007211636096030131,11.001026574425026
fixed-00000023,280.0,4.0,-8,0.0015033088887227814,10.45589172636997
fixed-00000023,280.0,4.0,-7,0.0012377543645773887,9.881078656044693
fixed-00000023,280.0,4.0,-6,0.001749405166542776,9.27106825583462
fixed-00000023,280.0,4.0,-5,0.00307083273498704,8.618389378622567
fixed-00000023,280.0,4.0,-4,0.004540976688581438,7.9124896307686186
fixed-00000023,280.0,4.0,-3,0.0051290606110603616,7.137595307370333
fixed-00000023,280.0,4.0,-2,0.014936609021847281,6.268169548557026
fixed-00000023,280.0,4.0,-1,0.11977897960223012,5.257521326257304
fixed-00000023,280.0,4.0,0,0.035065068696766434,4.000000000000043
fixed-00000023,280.0,4.0,1,0.1381842271983431,2.089341578597498
fixed-00000023,280.0,4.0,2,0.0,0.0
fixed-00000023,280.0,4.0,3,0.0,0.0
fixed-00000023,280.0,4.0,4,0.0,0.0
fixed-00000023,280.0,4.0,5,0.0,0.0
fixed-00000023,280.0,4.0,6,0.0,0.0
fixed-00000023,280.0,4.0,7,0.0,0.0
fixed-00000023,280.0,4.0,8,0.0,0.0
fixed-00000023,280.0,4.0,9,0.0,0.0
fixed-00000023,280.0,4.0,10,0.0,0.0
fixed-00000023,280.0,4.0,11,0.0,0.0
fixed-00000023,280.0,4.0,12,0.0,0.0
fixed-00000023,280.0,4.0,13,0.0,0.0
fixed-00000023,280.0,4.0,14,0.0,0.0
fixed-00000023,280.0,4.0,15,0.0,0.0
fixed-00000023,280.0,4.0,16,0.0,0.0
fixed-00000023,280.0,4.0,17,0.0,0.0
fixed-00000023,280.0,4.0,18,0.0,0.0
fixed-00000023,280.0,4.0,19,0.0,0.0
fixed-00000023,280.0,4.0,20,0.0,0.0
fixed-00000024,290.0,4.0,-20,0.00028121977734184636,15.557309048540347
fixed-00000024,290.0,4.0,-19,0.0002063990398556307,15.187703917530484
fixed-00000024,290.0,4.0,-18,0.00020215171993455319,14.809099185639653
fixed-00000024,290.0,4.0,-17,0.00029128055932378243,14.420785723786253
fixed-00000024,290.0,4.0,-16,0.00026468694172181927,14.02195663092941
fixed-00000024,290.0,4.0,-15,0.00025470739637094855,13.611687264434664
fixed-00000024,290.0,4.0,-14,0.00043774630257854515,13.18890970007432
fixed-00000024,290.0,4.0,-13,0.0003907808172675919,12.752379596207746
fixed-00000024,290.0,4.0,-12,0.00037595826629706103,12.300632504160816
fixed-00000024,290.0,4.0,-11,0.0007693705542145964,11.831925200795666
fixed-00000024,290.0,4.0,-10,0.0006244697545962671,11.344155244919335
fixed-00000024,290.0,4.0,-9,0.0006954389085394481,10.834747980635072
fixed-00000024,290.0,4.0,-8,0.0014907263682007051,10.300493276388579
fixed-00000024,290.0,4.0,-7,0.0011765050570472617,9.737301631890915
fixed-00000024,290.0,4.0,-6,0.001703903584343853,9.139824882054754
fixed-00000024,290.0,4.0,-5,0.00307985252370519,8.500836443523596
fixed-00000024,290.0,4.0,-4,0.004245344121864946,7.810153537213992
fixed-00000024,290.0,4.0,-3,0.005109561928975239,7.052604065868977
fixed-00000024,290.0,4.0,-2,0.014460235329039567,6.203739911827654
fixed-00000024,290.0,4.0,-1,0.11589141666836843,5.219193787774614
fixed-00000024,290.0,4.0,0,0.026745704141741277,4.000000000000043
fixed-00000024,290.0,4.0,1,0.14409318956074993,2.1832152248066166
fixed-00000024,290.0,4.0,2,0.0,0.0
fixed-00000024,290.0,4.0,3,0.0,0.0
fixed-00000024,290.0,4.0,4,0.0,0.0
fixed-00000024,290.0,4.0,5,0.0,0.0
fixed-00000024,290.0,4.0,6,0.0,0.0
fixed-00000024,290.0,4.0,7,0.0,0.0
fixed-00000024,290.0,4.0,8,0.0,0.0
fixed-00000024,290.0,4.0,9,0.0,0.0
fixed-00000024,290.0,4.0,10,0.0,0.0
fixed-00000024,290.0,4.0,11,0.0,0.0
fixed-00000024,290.0,4.0,12,0.0,0.0
fixed-00000024,290.0,4.0,13,0.0,0.0
fixed-00000024,290.0,4.0,14,0.0,0.0
fixed-00000024,290.0,4.0,15,0.0,0.0
fixed-00000024,290.0,4.0,16,0.0,0.0
fixed-00000024,290.0,4.0,17,0.0,0.0
fixed-00000024,290.0,4.0,18,0.0,0.0
fixed-00000024,290.0,4.0,19,0.0,0.0
fixed-00000024,290.0,4.0,20,0.0,0.0
fixed-00000025,300.0,4.0,-20,0.00026722838844141494,15.311873059069754
fixed-00000025,300.0,4.0,-19,0.00019186437994659264,14.949008768730735
fixed-00000025,300.0,4.0,-18,0.00019254791230933701,14.577325397340658
fixed-00000025,300.0,4.0,-17,0.0002746534446560719,14.196129966981303
fixed-00000025,300.0,4.0,-16,0.0002462221868013138,13.804634215692602
fixed-00000025,300.0,4.0,-15,0.00024209840184106018,13.401935191968363
fixed-00000025,300.0,4.0,-14,0.000413206784997494,12.986990452752977
fixed-00000025,300.0,4.0,-13,0.00036578010269867217,12.558585909081373
fixed-00000025,300.0,4.0,-12,0.00035518025888840634,12.115293466158093
fixed-00000025,300.0,4.0,-11,0.0007340161691677398,11.655414195869767
fixed-00000025,300.0,4.0,-10,0.0005864154856476507,11.176900501616302
fixed-00000025,300.0,4.0,-9,0.0006563598015445999,10.677246924869209
fixed-00000025,300.0,4.0,-8,0.0014458480375156885,10.153332615240856
fixed-00000025,300.0,4.0,-7,0.0010941887020602093,9.601186418732823
fixed-00000025,300.0,4.0,-6,0.0016268561859436531,9.015622340555609
fixed-00000025,300.0,4.0,-5,0.003030067726346829,8.389645509317319
fixed-00000025,300.0,4.0,-4,0.0038929588468083532,7.713422675659871
fixed-00000025,300.0,4.0,-3,0.005000491380527418,6.9723490289475905
fixed-00000025,300.0,4.0,-2,0.013814095378612126,6.142998339829575
fixed-00000025,300.0,4.0,-1,0.11041465421281974,5.1831664320526585
fixed-00000025,300.0,4.0,0,0.020363709486348584,4.000000000000043
fixed-00000025,300.0,4.0,1,0.14794185353256956,2.2673283559992825
fixed-00000025,300.0,4.0,2,0.0,0.0
fixed-00000025,300.0,4.0,3,0.0,0.0
fixed-00000025,300.0,4.0,4,0.0,0.0
fixed-00000025,300.0,4.0,5,0.0,0.0
fixed-00000025,300.0,4.0,6,0.0,0.0
fixed-00000025,300.0,4.0,7,0.0,0.0
fixed-00000025,300.0,4.0,8,0.0,0.0
fixed-00000025,300.0,4.0,9,0.0,0.0
fixed-00000025,300.0,4.0,10,0.0,0.0
fixed-00000025,300.0,4.0,11,0.0,0.0
fixed-00000025,300.0,4.0,12,0.0,0.0
fixed-00000025,300.0,4.0,13,0.0,0.0
fixed-00000025,300.0,4.0,14,0.0,0.0
fixed-00000025,300.0,4.0,15,0.0,0.0
fixed-00000025,300.0,4.0,16,0.0,0.0
fixed-00000025,300.0,4.0,17,0.0,0.0
fixed-00000025,300.0,4.0,18,0.0,0.0
fixed-00000025,300.0,4.0,19,0.0,0.0
fixed-00000025,300.0,4.0,20,0.0,0.0
fixed-00000026,310.0,4.0,-20,0.0002572945114867482,15.07874327797117
fixed-00000026,310.0,4.0,-19,0.00018027649671619738,14.722291275094364
fixed-00000026,310.0,4.0,-18,0.0001854967102316631,14.357192380701974
fixed-00000026,310.0,4.0,-17,0.00026130237570018444,13.982769016704736
fixed-00000026,310.0,4.0,-16,0.00023122518478749484,13.598250692153599
fixed-00000026,310.0,4.0,-15,0.000232376053228952,13.202755134906326
fixed-00000026,310.0,4.0,-14,0.000392730104213776,12.795264192127092
fixed-00000026,310.0,4.0,-13,0.0003453243604398952,12.37459260982395
fixed-00000026,310.0,4.0,-12,0.00033793465005874676,11.939346937600874
fixed-00000026,310.0,4.0,-11,0.0007039330801355384,11.487870450145792
fixed-00000026,310.0,4.0,-10,0.0005546456219993476,11.01816778980809
fixed-00000026,310.0,4.0,-9,0.0006219753517408886,10.527799382740596
fixed-00000026,310.0,4.0,-8,0.0014080670852498068,10.013729342403465
fixed-00000026,310.0,4.0,-7,0.0010213972069628627,9.472099061220248
fixed-00000026,310.0,4.0,-6,0.001557884611637749,8.89787662245989
fixed-00000026,310.0,4.0,-5,0.0029864669765718374,8.284287014836138
fixed-00000026,310.0,4.0,-4,0.0035641666266514717,7.621828010395305
fixed-00000026,310.0,4.0,-3,0.004902188709362324,6.896430508503414
fixed-00000026,310.0,4.0,-2,0.013180432305502844,6.085628867863377
fixed-00000026,310.0,4.0,-1,0.10498108852110008,5.149235852894208
fixed-00000026,310.0,4.0,0,0.016019509796983966,4.000000000000043
fixed-00000026,310.0,4.0,1,0.15096305074991892,2.3432844286040506
fixed-00000026,310.0,4.0,2,0.0,0.0
fixed-00000026,310.0,4.0,3,0.0,0.0
fixed-00000026,310.0,4.0,4,0.0,0.0
fixed-00000026,310.0,4.0,5,0.0,0.0
fixed-00000026,310.0,4.0,6,0.0,0.0
fixed-00000026,310.0,4.0,7,0.0,0.0
fixed-00000026,310.0,4.0,8,0.0,0.0
fixed-00000026,310.0,4.0,9,0.0,0.0
fixed-00000026,310.0,4.0,10,0.0,0.0
fixed-00000026,310.0,4.0,11,0.0,0.0
fixed-00000026,310.0,4.0,12,0.0,0.0
fixed-00000026,310.0,4.0,13,0.0,0.0
fixed-00000026,310.0,4.0,14,0.0,0.0
fixed-00000026,310.0,4.0,15,0.0,0.0
fixed-00000026,310.0,4.0,16,0.0,0.0
fixed-00000026,310.0,4.0,17,0.0,0.0
fixed-00000026,310.0,4.0,18,0.0,0.0
fixed-00000026,310.0,4.0,19,0.0,0.0
fixed-00000026,310.0,4.0,20,0.0,0.0
fixed-00000027,320.0,4.0,-20,0.0002547964199359958,14.856940312447804
fixed-00000027,320.0,4.0,-19,0.00017390571743974452,14.506598167644967
fixed-00000027,320.0,4.0,-18,0.00018366807714440935,14.147773622565637
fixed-00000027,320.0,4.0,-17,0.00025467258864708366,13.779803804715016
fixed-00000027,320.0,4.0,-16,0.0002224802600954251,13.401935191968363
fixed-00000027,320.0,4.0,-15,0.0002292550293609005,13.01330525646199
fixed-00000027,320.0,4.0,-14,0.00038144332731058497,12.612919034749368
fixed-00000027,320.0,4.0,-13,0.00033396433951673343,12.199618797218477
fixed-00000027,320.0,4.0,-12,0.000329859615816452,11.772044157333355
fixed-00000027,320.0,4.0,-11,0.000688476067842632,11.328578657906675
fixed-00000027,320.0,4.0,-10,0.0005374234886007884,10.867276770488644
fixed-00000027,320.0,4.0,-9,0.000601773681233932,10.385761741931148
fixed-00000027,320.0,4.0,-8,0.001397471606127063,9.881078656044693
fixed-00000027,320.0,4.0,-7,0.0009736861197397323,9.34947608678739
fixed-00000027,320.0,4.0,-6,0.0015185845224358248,8.786068711064956
fixed-00000027,320.0,4.0,-5,0.0029950526499525885,8.184290419985587
fixed-00000027,320.0,4.0,-4,0.003299325921138713,7.534952908764481
fixed-00000027,320.0,4.0,-3,0.0048817576358024094,6.824493664384079
fixed-00000027,320.0,4.0,-2,0.012692372704759232,6.03135129215535
fixed-00000027,320.0,4.0,-1,0.10050417166209624,5.117222163430583
fixed-00000027,320.0,4.0,0,0.013633530525210382,4.000000000000128
fixed-00000027,320.0,4.0,1,0.15422853377397297,2.4123233315560384
fixed-00000027,320.0,4.0,2,0.0,0.0
fixed-00000027,320.0,4.0,3,0.0,0.0
fixed-00000027,320.0,4.0,4,0.0,0.0
fixed-00000027,320.0,4.0,5,0.0,0.0
fixed-00000027,320.0,4.0,6,0.0,0.0
fixed-00000027,320.0,4.0,7,0.0,0.0
fixed-00000027,320.0,4.0,8,0.0,0.0
fixed-00000027,320.0,4.0,9,0.0,0.0
fixed-00000027,320.0,4.0,10,0.0,0.0
fixed-00000027,320.0,4.0,11,0.0,0.0
fixed-00000027,320.0,4.0,12,0.0,0.0
fixed-00000027,320.0,4.0,13,0.0,0.0
fixed-00000027,320.0,4.0,14,0.0,0.0
fixed-00000027,320.0,4.0,15,0.0,0.0
fixed-00000027,320.0,4.0,16,0.0,0.0
fixed-00000027,320.0,4.0,17,0.0,0.0
fixed-00000027,320.0,4.0,18,0.0,0.0
fixed-00000027,320.0,4.0,19,0.0,0.0
fixed-00000027,320.0,4.0,20,0.0,0.0
fixed-00000028,330.0,4.0,-20,0.00025200702703284845,14.645590225419767
fixed-00000028,330.0,4.0,-19,0.0001677325617066646,14.30107880549295
fixed-00000028,330.0,4.0,-18,0.00018222045897186317,13.948242344473968
fixed-00000028,330.0,4.0,-17,0.0002483938990264182,13.586432032334955
fixed-00000028,330.0,4.0,-16,0.00021389864497767006,13.214910572562928
fixed-00000028,330.0,4.0,-15,0.00022730590950361084,12.832834315133255
fixed-00000028,330.0,4.0,-14,0.00037083748375579264,12.43923046584949
fixed-00000028,330.0,4.0,-13,0.0003230471662044918,12.0329676048014
fixed-00000028,330.0,4.0,-12,0.00032433371392203683,11.612716944258466
fixed-00000028,330.0,4.0,-11,0.0006739448302132246,11.176900501616302
fixed-00000028,330.0,4.0,-10,0.0005222618362268938,10.723620343405443
fixed-00000028,330.0,4.0,-9,0.0005859430680878535,10.250559696102783
fixed-00000028,330.0,4.0,-8,0.001389900630914759,9.754840910694881
fixed-00000028,330.0,4.0,-7,0.000933490736294594,9.232814767905225
fixed-00000028,330.0,4.0,-6,0.0014872488806546538,8.6797355991839
fixed-00000028,330.0,4.0,-5,0.003019610547460783,8.089236042823956
fixed-00000028,330.0,4.0,-4,0.003056734038631994,7.452425884783267
fixed-00000028,330.0,4.0,-3,0.004885022110003501,6.756222279782023
fixed-00000028,330.0,4.0,-2,0.012265043949399462,5.9799161810314985
fixed-00000028,330.0,4.0,-1,0.09610225122557088,5.086965666639671
fixed-00000028,330.0,4.0,0,0.012985785090434208,3.999999999999943
fixed-00000028,330.0,4.0,1,0.15715401895735207,2.4754257179255603
fixed-00000028,330.0,4.0,2,0.0,0.0
fixed-00000028,330.0,4.0,3,0.0,0.0
fixed-00000028,330.0,4.0,4,0.0,0.0
fixed-00000028,330.0,4.0,5,0.0,0.0
fixed-00000028,330.0,4.0,6,0.0,0.0
fixed-00000028,330.0,4.0,7,0.0,0.0
fixed-00000028,330.0,4.0,8,0.0,0.0
fixed-00000028,330.0,4.0,9,0.0,0.0
fixed-00000028,330.0,4.0,10,0.0,0.0
fixed-00000028,330.0,4.0,11,0.0,0.0
fixed-00000028,330.0,4.0,12,0.0,0.0
fixed-00000028,330.0,4.0,13,0.0,0.0
fixed-00000028,330.0,4.0,14,0.0,0.0
fixed-00000028,330.0,4.0,15,0.0,0.0
fixed-00000028,330.0,4.0,16,0.0,0.0
fixed-00000028,330.0,4.0,17,0.0,0.0
fixed-00000028,330.0,4.0,18,0.0,0.0
fixed-00000028,330.0,4.0,19,0.0,0.0
fixed-00000028,330.0,4.0,20,0.0,0.0
fixed-00000029,340.0,4.0,-20,0.0002409051725720789,14.443910384212742
fixed-00000029,340.0,4.0,-19,0.0001567773412303362,14.104971406638299
fixed-00000029,340.0,4.0,-18,0.00017582454826818835,13.757858124151412
fixed-00000029,340.0,4.0,-17,0.0002356318496216361,13.401935191968363
fixed-00000029,340.0,4.0,-16,0.0001995554764855495,13.036480848951996
fixed-00000029,340.0,4.0,-15,0.00022004551773826332,12.660669518148893
fixed-00000029,340.0,4.0,-14,0.00035168435990836424,12.273549626976305
fixed-00000029,340.0,4.0,-13,0.00030367980638997894,11.87401493674271
fixed-00000029,340.0,4.0,-12,0.0003129349648631233,11.460766897267831
fixed-00000029,340.0,4.0,-11,0.0006448365810716064,11.032264333866962
fixed-00000029,340.0,4.0,-10,0.0004950446756832987,10.586654831666635
fixed-00000029,340.0,4.0,-9,0.0005619811510636021,10.121678956186614
fixed-00000029,340.0,4.0,-8,0.0013549962833235899,9.634532883621333
fixed-00000029,340.0,4.0,-7,0.0008790698332425149,9.12166497780018
fixed-00000029,340.0,4.0,-6,0.0014365117557477852,8.578462776597007
fixed-00000029,340.0,4.0,-5,0.003002648499211773,7.998748233012279
fixed-00000029,340.0,4.0,-4,0.002789777887362831,7.37391453146995
fixed-00000029,340.0,4.0,-3,0.0048320449202499186,6.691333557668287
fixed-00000029,340.0,4.0,-2,0.011764758208715042,5.931100707011396
fixed-00000029,340.0,4.0,-1,0.09070373254955241,5.058324079364041
fixed-00000029,340.0,4.0,0,0.013867961664790842,4.000000000000043
fixed-00000029,340.0,4.0,1,0.15858623359949775,2.533381666050957
fixed-00000029,340.0,4.0,2,0.0,0.0
fixed-00000029,340.0,4.0,3,0.0,0.0
fixed-00000029,340.0,4.0,4,0.0,0.0
fixed-00000029,340.0,4.0,5,0.0,0.0
fixed-00000029,340.0,4.0,6,0.0,0.0
fixed-00000029,340.0,4.0,7,0.0,0.0
fixed-00000029,340.0,4.0,8,0.0,0.0
fixed-00000029,340.0,4.0,9,0.0,0.0
fixed-00000029,340.0,4.0,10,0.0,0.0
fixed-00000029,340.0,4.0,11,0.0,0.0
fixed-00000029,340.0,4.0,12,0.0,0.0
fixed-00000029,340.0,4.0,13,0.0,0.0
fixed-00000029,340.0,4.0,14,0.0,0.0
fixed-00000029,340.0,4.0,15,0.0,0.0
fixed-00000029,340.0,4.0,16,0.0,0.0
fixed-00000029,340.0,4.0,17,0.0,0.0
fixed-00000029,340.0,4.0,18,0.0,0.0
fixed-00000029,340.0,4.0,19,0.0,0.0
fixed-00000029,340.0,4.0,20,0.0,0.0
fixed-00000030,350.0,4.0,-20,0.00023126507900631001,14.251197562253566
fixed-00000030,350.0,4.0,-19,0.00014669748622511407,13.917591470478868
fixed-00000030,350.0,4.0,-18,0.00016966671870596262,13.575955646065168
fixed-00000030,350.0,4.0,-17,0.00022334159943222237,13.2256676536188
fixed-00000030,350.0,4.0,-16,0.00018607367714049158,12.866020624889416
fixed-00000030,350.0,4.0,-15,0.00021246303832974867,12.496206306817086
fixed-00000030,350.0,4.0,-14,0.00033239521160583445,12.115293466158093
fixed-00000030,350.0,4.0,-13,0.00028491566776090175,11.722199994673844
fixed-00000030,350.0,4.0,-12,0.0003001070533497748,11.315656312084926
fixed-00000030,350.0,4.0,-11,0.0006137140085394027,10.894156499405454
fixed-00000030,350.0,4.0,-10,0.0004672117372073834,10.45589172636997
fixed-00000030,350.0,4.0,-9,0.0005340286946943475,9.998657437886877
fixed-00000030,350.0,4.0,-8,0.001311967256259129,9.519720429176374
fixed-00000030,350.0,4.0,-7,0.0008210361045428179,9.015622340555609
fixed-00000030,350.0,4.0,-6,0.001374789102355881,8.48187791167723
fixed-00000030,350.0,4.0,-5,0.002958633784470095,7.9124896307686186
fixed-00000030,350.0,4.0,-4,0.00251452750095849,7.299120418664657
fixed-00000030,350.0,4.0,-3,0.004738913000608302,6.629573746376295
fixed-00000030,350.0,4.0,-2,0.011188563693269841,5.884705145226178
fixed-00000030,350.0,4.0,-1,0.08483588170140266,5.031170204831909
fixed-00000030,350.0,4.0,0,0.016176277573259883,4.000000000000043
fixed-00000030,350.0,4.0,1,0.1587407948887969,2.586837597448465
fixed-00000030,350.0,4.0,2,0.0,0.0
fixed-00000030,350.0,4.0,3,0.0,0.0
fixed-00000030,350.0,4.0,4,0.0,0.0
fixed-00000030,350.0,4.0,5,0.0,0.0
fixed-00000030,350.0,4.0,6,0.0,0.0
fixed-00000030,350.0,4.0,7,0.0,0.0
fixed-00000030,350.0,4.0,8,0.0,0.0
fixed-00000030,350.0,4.0,9,0.0,0.0
fixed-00000030,350.0,4.0,10,0.0,0.0
fixed-00000030,350.0,4.0,11,0.0,0.0
fixed-00000030,350.0,4.0,12,0.0,0.0
fixed-00000030,350.0,4.0,13,0.0,0.0
fixed-00000030,350.0,4.0,14,0.0,0.0
fixed-00000030,350.0,4.0,15,0.0,0.0
fixed-00000030,350.0,4.0,16,0.0,0.0
fixed-00000030,350.0,4.0,17,0.0,0.0
fixed-00000030,350.0,4.0,18,0.0,0.0
fixed-00000030,350.0,4.0,19,0.0,0.0
fixed-00000030,350.0,4.0,20,0.0,0.0
fixed-00000031,360.0,4.0,-20,0.00022474147109924003,14.066817881848479
fixed-00000031,360.0,4.0,-19,0.00013941266177787702,13.738321991396589
fixed-00000031,360.0,4.0,-18,0.00016635837554340653,13.401935191968363
fixed-00000031,360.0,4.0,-17,0.00021458606252483718,13.057047439103869
fixed-00000031,360.0,4.0,-16,0.0001758726744035914,12.702966158118315
fixed-00000031,360.0,4.0,-15,0.0002090746883574438,12.338899720932332
fixed-00000031,360.0,4.0,-14,0.00031837811350257737,11.96393641047473
fixed-00000031,360.0,4.0,-13,0.00027104740817431944,11.577017268486188
fixed-00000031,360.0,4.0,-12,0.00029400564915086486,11.176900501616302
fixed-00000031,360.0,4.0,-11,0.0005914714345181328,10.762113997903853
fixed-00000031,360.0,4.0,-10,0.00044799627012876217,10.330890706572049
fixed-00000031,360.0,4.0,-9,0.0005174176327068268,9.881078656044693
fixed-00000031,360.0,4.0,-8,0.0012866364711620097,9.410012267886245
fixed-00000031,360.0,4.0,-7,0.0007806553065408449,8.914322439446764
fixed-00000031,360.0,4.0,-6,0.0013359539188527903,8.389645509317262
fixed-00000031,360.0,4.0,-5,0.0029574660107343485,7.830156313248764
fixed-00000031,360.0,4.0,-4,0.0022875614199854457,7.227774780095132
fixed-00000031,360.0,4.0,-3,0.004711608995360694,6.570714442852491
fixed-00000031,360.0,4.0,-2,0.010749701183044488,5.840549916165145
fixed-00000031,360.0,4.0,-1,0.07966766502475653,5.0053899709427725
fixed-00000031,360.0,4.0,0,0.01993449428902063,4.000000000000043
fixed-00000031,360.0,4.0,1,0.15930619564298965,2.636329350486079
fixed-00000031,360.0,4.0,2,0.0,0.0
fixed-00000031,360.0,4.0,3,0.0,0.0
fixed-00000031,360.0,4.0,4,0.0,0.0
fixed-00000031,360.0,4.0,5,0.0,0.0
fixed-00000031,360.0,4.0,6,0.0,0.0
fixed-00000031,360.0,4.0,7,0.0,0.0
fixed-00000031,360.0,4.0,8,0.0,0.0
fixed-00000031,360.0,4.0,9,0.0,0.0
fixed-00000031,360.0,4.0,10,0.0,0.0
fixed-00000031,360.0,4.0,11,0.0,0.0
fixed-00000031,360.0,4.0,12,0.0,0.0
fixed-00000031,360.0,4.0,13,0.0,0.0
fixed-00000031,360.0,4.0,14,0.0,0.0
fixed-00000031,360.0,4.0,15,0.0,0.0
fixed-00000031,360.0,4.0,16,0.0,0.0
fixed-00000031,360.0,4.0,17,0.0,0.0
fixed-00000031,360.0,4.0,18,0.0,0.0
fixed-00000031,360.0,4.0,19,0.0,0.0
fixed-00000031,360.0,4.0,20,0.0,0.0
fixed-00000032,370.0,4.0,-20,0.00021090411925461707,13.890198270635722
fixed-00000032,370.0,4.0,-19,0.00012816103228619171,13.566605144972584
fixed-00000032,370.0,4.0,-18,0.00015831683476308437,13.235254562125931
fixed-00000032,370.0,4.0,-17,0.00019993785984533162,12.8955483840206
fixed-00000032,370.0,4.0,-16,0.00016099350621672406,12.54680776935885
fixed-00000032,370.0,4.0,-15,0.000200110276574772,12.188257061712548
fixed-00000032,370.0,4.0,-14,0.00029651642009148095,11.819003290626839
fixed-00000032,370.0,4.0,-13,0.00024992054844776967,11.43800973111162
fixed-00000032,370.0,4.0,-12,0.00028114835977809956,11.044061270600096
fixed-00000032,370.0,4.0,-11,0.0005554254257167285,10.635718249445574
fixed-00000032,370.0,4.0,-10,0.0004171704352293687,10.211253708209213
fixed-00000032,370.0,4.0,-9,0.0004913827357202665,9.76856611165097
fixed-00000032,370.0,4.0,-8,0.0012324478289960005,9.30505470888508
fixed-00000032,370.0,4.0,-7,0.0007245786854180139,8.817435895697656
fixed-00000032,370.0,4.0,-6,0.001275442450848072,8.301462371876582
fixed-00000032,370.0,4.0,-5,0.002901061510139303,7.751473670819763
fixed-00000032,370.0,4.0,-4,0.002039556873883019,7.159634849526611
fixed-00000032,370.0,4.0,-3,0.004613619396981387,6.514549453118931
fixed-00000032,370.0,4.0,-2,0.010216578108999175,5.798473075777991
fixed-00000032,370.0,4.0,-1,0.07360016237032385,4.980880768645008
fixed-00000032,370.0,4.0,0,0.02479197259587191,4.000000000000043
fixed-00000032,370.0,4.0,1,0.1580539362309092,2.6823061129422996
fixed-00000032,370.0,4.0,2,0.0,0.0
fixed-00000032,370.0,4.0,3,0.0,0.0
fixed-00000032,370.0,4.0,4,0.0,0.0
fixed-00000032,370.0,4.0,5,0.0,0.0
fixed-00000032,370.0,4.0,6,0.0,0.0
fixed-00000032,370.0,4.0,7,0.0,0.0
fixed-00000032,370.0,4.0,8,0.0,0.0
fixed-00000032,370.0,4.0,9,0.0,0.0
fixed-00000032,370.0,4.0,10,0.0,0.0
fixed-00000032,370.0,4.0,11,0.0,0.0
fixed-00000032,370.0,4.0,12,0.0,0.0
fixed-00000032,370.0,4.0,13,0.0,0.0
fixed-00000032,370.0,4.0,14,0.0,0.0
fixed-00000032,370.0,4.0,15,0.0,0.0
fixed-00000032,370.0,4.0,16,0.0,0.0
fixed-00000032,370.0,4.0,17,0.0,0.0
fixed-00000032,370.0,4.0,18,0.0,0.0
fixed-00000032,370.0,4.0,19,0.0,0.0
fixed-00000032,370.0,4.0,20,0.0,0.0
fixed-00000033,380.0,4.0,-20,0.00019959492766535007,13.720819169692376
fixed-00000033,380.0,4.0,-19,0.00011890899680026964,13.401935191968363
fixed-00000033,380.0,4.0,-18,0.00015186501884309182,13.075422179669076
fixed-00000033,380.0,4.0,-17,0.00018747160918913328,12.740693447383023
fixed-00000033,380.0,4.0,-16,0.0001484209417368711,12.397083362613174
fixed-00000033,380.0,4.0,-15,0.0001930605532647,12.043831628706272
fixed-00000033,380.0,4.0,-14,0.00027748921324610167,11.680063301026976
fixed-00000033,380.0,4.0,-13,0.00023190340047406937,11.304763029146713
fixed-00000033,380.0,4.0,-12,0.0002708079643673903,10.916741345033458
fixed-00000033,380.0,4.0,-11,0.0005233739151471658,10.514589772150032
fixed-00000033,380.0,4.0,-10,0.0003907199451483381,10.096619860707108
fixed-00000033,380.0,4.0,-9,0.0004688547520646682,9.660778499992048
fixed-00000033,380.0,4.0,-8,0.0011837734854862794,9.204527144434891
fixed-00000033,380.0,4.0,-7,0.0006756717767911158,8.724664167273232
fixed-00000033,380.0,4.0,-6,0.0012207378099047702,8.217053724399236
fixed-00000033,380.0,4.0,-5,0.002852241556310006,7.676192887086515
fixed-00000033,380.0,4.0,-4,0.001813699658510668,7.094480733772272
fixed-00000033,380.0,4.0,-3,0.0045283551132672675,6.460892113517076
fixed-00000033,380.0,4.0,-2,0.009719056151701535,5.758328175331556
fixed-00000033,380.0,4.0,-1,0.06774898366400355,4.957550037925813
fixed-00000033,380.0,4.0,0,0.030788534537365214,4.000000000000043
fixed-00000033,380.0,4.0,1,0.15631106216760973,2.7251481303053993
fixed-00000033,380.0,4.0,2,0.0,0.0
fixed-00000033,380.0,4.0,3,0.0,0.0
fixed-00000033,380.0,4.0,4,0.0,0.0
fixed-00000033,380.0,4.0,5,0.0,0.0
fixed-00000033,380.0,4.0,6,0.0,0.0
fixed-00000033,380.0,4.0,7,0.0,0.0
fixed-00000033,380.0,4.0,8,0.0,0.0
fixed-00000033,380.0,4.0,9,0.0,0.0
fixed-00000033,380.0,4.0,10,0.0,0.0
fixed-00000033,380.0,4.0,11,0.0,0.0
fixed-00000033,380.0,4.0,12,0.0,0.0
fixed-00000033,380.0,4.0,13,0.0,0.0
fixed-00000033,380.0,4.0,14,0.0,0.0
fixed-00000033,380.0,4.0,15,0.0,0.0
fixed-00000033,380.0,4.0,16,0.0,0.0
fixed-00000033,380.0,4.0,17,0.0,0.0
fixed-00000033,380.0,4.0,18,0.0,0.0
fixed-00000033,380.0,4.0,19,0.0,0.0
fixed-00000033,380.0,4.0,20,0.0,0.0
fixed-00000034,390.0,4.0,-20,0.0001866346827264293,13.558208282247051
fixed-00000034,390.0,4.0,-19,0.00010937872476855844,13.243852394778827
fixed-00000034,390.0,4.0,-18,0.0001445760641160356,12.921991178661244
fixed-00000034,390.0,4.0,-17,0.00017407240919201463,12.592048975527604
fixed-00000034,390.0,4.0,-16,0.0001356056829196278,12.253372869543554
fixed-00000034,390.0,4.0,-15,0.00018523223829417141,11.905217349750572
fixed-00000034,390.0,4.0,-14,0.0002575083848122447,11.546724820999572
fixed-00000034,390.0,4.0,-13,0.0002132980956225681,11.17690050161633
fixed-00000034,390.0,4.0,-12,0.0002601104167978285,10.794579595613811
fixed-00000034,390.0,4.0,-11,0.0004894590325231899,10.398383618371724
fixed-00000034,390.0,4.0,-10,0.00036320797208620634,9.986661145214711
fixed-00000034,390.0,4.0,-9,0.0004468311203377699,9.557405601711977
fixed-00000034,390.0,4.0,-8,0.0011299097456946446,9.108138186577165
fixed-00000034,390.0,4.0,-7,0.0006273735943450915,8.635735946513421
fixed-00000034,390.0,4.0,-6,0.0011661352672525552,8.136169892284897
fixed-00000034,390.0,4.0,-5,0.0027944313793881697,7.604087921018774
fixed-00000034,390.0,4.0,-4,0.001602611747567165,7.032112732132049
fixed-00000034,390.0,4.0,-3,0.004438446772220763,6.409572995038175
fixed-00000034,390.0,4.0,-2,0.009241757920229637,5.719982428520552
fixed-00000034,390.0,4.0,-1,0.061872007248287286,4.935314059208693
fixed-00000034,390.0,4.0,0,0.03768985950734726,4.000000000000043
fixed-00000034,390.0,4.0,1,0.1536201884317831,2.7651800627454577
fixed-00000034,390.0,4.0,2,0.0,0.0
fixed-00000034,390.0,4.0,3,0.0,0.0
fixed-00000034,390.0,4.0,4,0.0,0.0
fixed-00000034,390.0,4.0,5,0.0,0.0
fixed-00000034,390.0,4.0,6,0.0,0.0
fixed-00000034,390.0,4.0,7,0.0,0.0
fixed-00000034,390.0,4.0,8,0.0,0.0
fixed-00000034,390.0,4.0,9,0.0,0.0
fixed-00000034,390.0,4.0,10,0.0,0.0
fixed-00000034,390.0,4.0,11,0.0,0.0
fixed-00000034,390.0,4.0,12,0.0,0.0
fixed-00000034,390.0,4.0,13,0.0,0.0
fixed-00000034,390.0,4.0,14,0.0,0.0
fixed-00000034,390.0,4.0,15,0.0,0.0
fixed-00000034,390.0,4.0,16,0.0,0.0
fixed-00000034,390.0,4.0,17,0.0,0.0
fixed-00000034,390.0,4.0,18,0.0,0.0
fixed-00000034,390.0,4.0,19,0.0,0.0
fixed-00000034,390.0,4.0,20,0.0,0.0
fixed-00000035,400.0,4.0,-20,0.00017411378937505083,13.401935191968334
fixed-00000035,400.0,4.0,-19,0.0001006789477354035,13.091937779982686
fixed-00000035,400.0,4.0,-18,0.0001375984578591808,12.774554314257855
fixed-00000035,400.0,4.0,-17,0.00016132443227030306,12.449219763534273
fixed-00000035,400.0,4.0,-16,0.00012386619975759985,12.115293466158093
fixed-00000035,400.0,4.0,-15,0.00017787588002964296,11.772044157333312
fixed-00000035,400.0,4.0,-14,0.00023856293273475643,11.41863095571108
fixed-00000035,400.0,4.0,-13,0.00019611162071475922,11.05407889093172
fixed-00000035,400.0,4.0,-12,0.0002503552943847836,10.677246924869166
fixed-00000035,400.0,4.0,-11,0.00045693942013909464,10.286785444979671
fixed-00000035,400.0,4.0,-10,0.000337665145811253,9.88107865604465
fixed-00000035,400.0,4.0,-9,0.0004267523168636807,9.458164744734603
fixed-00000035,400.0,4.0,-8,0.0010770599672947584,9.015622340555609
fixed-00000035,400.0,4.0,-7,0.0005834608595381175,8.550404058348832
fixed-00000035,400.0,4.0,-6,0.00111490498667589,8.058583440755712
fixed-00000035,400.0,4.0,-5,0.002737799021805033,7.5349529087644385
fixed-00000035,400.0,4.0,-4,0.0014122395465247096,6.972349028947534
fixed-00000035,400.0,4.0,-3,0.0043558766812216146,6.360437927763655
fixed-00000035,400.0,4.0,-2,0.00880271496822323,5.683315135192018
fixed-00000035,400.0,4.0,-1,0.05613265040568535,4.9140969160105215
fixed-00000035,400.0,4.0,0,0.045305552389953166,4.000000000000043
fixed-00000035,400.0,4.0,1,0.14969364815511768,2.802681229887611
fixed-00000035,400.0,4.0,2,0.0,0.0
fixed-00000035,400.0,4.0,3,0.0,0.0
fixed-00000035,400.0,4.0,4,0.0,0.0
fixed-00000035,400.0,4.0,5,0.0,0.0
fixed-00000035,400.0,4.0,6,0.0,0.0
fixed-00000035,400.0,4.0,7,0.0,0.0
fixed-00000035,400.0,4.0,8,0.0,0.0
fixed-00000035,400.0,4.0,9,0.0,0.0
fixed-00000035,400.0,4.0,10,0.0,0.0
fixed-00000035,400.0,4.0,11,0.0,0.0
fixed-00000035,400.0,4.0,12,0.0,0.0
fixed-00000035,400.0,4.0,13,0.0,0.0
fixed-00000035,400.0,4.0,14,0.0,0.0
fixed-00000035,400.0,4.0,15,0.0,0.0
fixed-00000035,400.0,4.0,16,0.0,0.0
fixed-00000035,400.0,4.0,17,0.0,0.0
fixed-00000035,400.0,4.0,18,0.0,0.0
fixed-00000035,400.0,4.0,19,0.0,0.0
fixed-00000035,400.0,4.0,20,0.0,0.0
fixed-00000036,410.0,4.0,-20,0.00016531253818538404,13.25160671143152
fixed-00000036,410.0,4.0,-19,9.536134258431921e-05,12.945808611381139
fixed-00000036,410.0,4.0,-18,0.0001346727983450865,12.632739563220795
fixed-00000036,410.0,4.0,-17,0.0001530325796029985,12.311844786384484
fixed-00000036,410.0,4.0,-16,0.0001165703116249897,11.982495438084868
fixed-00000036,410.0,4.0,-15,0.00017626051594376958,11.64397399180919
fixed-00000036,410.0,4.0,-14,0.0002267756883423054,11.29545568156965
fixed-00000036,410.0,4.0,-13,0.00018550869904954202,10.935984635208442
fixed-00000036,410.0,4.0,-12,0.00024986818929592875,10.564442711720147
fixed-00000036,410.0,4.0,-11,0.0004377011542807952,10.179508116212844
fixed-00000036,410.0,4.0,-10,0.000322480093001535,9.779599368767236
fixed-00000036,410.0,4.0,-9,0.0004243553250294776,9.362797745675024
fixed-00000036,410.0,4.0,-8,0.0010519450032388574,8.92673712909803
fixed-00000036,410.0,4.0,-7,0.0005581638868103251,8.46844277897803
fixed-00000036,410.0,4.0,-6,0.0011053622276152417,7.984086702197118
fixed-00000036,410.0,4.0,-5,0.0027463545729682253,7.4685999179504705
fixed-00000036,410.0,4.0,-4,0.0012792431574936412,6.915023699498562
fixed-00000036,410.0,4.0,-3,0.004393835649533735,6.313346294075288
fixed-00000036,410.0,4.0,-2,0.008596267772197694,5.648216320416552
fixed-00000036,410.0,4.0,-1,0.051055078487364125,4.893829601074785
fixed-00000036,410.0,4.0,0,0.053137287656406774,4.000000000000043
fixed-00000036,410.0,4.0,1,0.13990181041318725,2.837893584805059
fixed-00000036,410.0,4.0,2,0.001836155727357385,0.3323929222386681
fixed-00000036,410.0,4.0,3,0.0,0.0
fixed-00000036,410.0,4.0,4,0.0,0.0
fixed-00000036,410.0,4.0,5,0.0,0.0
fixed-00000036,410.0,4.0,6,0.0,0.0
fixed-00000036,410.0,4.0,7,0.0,0.0
fixed-00000036,410.0,4.0,8,0.0,0.0
fixed-00000036,410.0,4.0,9,0.0,0.0
fixed-00000036,410.0,4.0,10,0.0,0.0
fixed-00000036,410.0,4.0,11,0.0,0.0
fixed-00000036,410.0,4.0,12,0.0,0.0
fixed-00000036,410.0,4.0,13,0.0,0.0
fixed-00000036,410.0,4.0,14,0.0,0.0
fixed-00000036,410.0,4.0,15,0.0,0.0
fixed-00000036,410.0,4.0,16,0.0,0.0
fixed-00000036,410.0,4.0,17,0.0,0.0
fixed-00000036,410.0,4.0,18,0.0,0.0
fixed-00000036,410.0,4.0,19,0.0,0.0
fixed-00000036,410.0,4.0,20,0.0,0.0
fixed-00000037,420.0,4.0,-20,0.00014875445573808157,13.106862846525061
fixed-00000037,420.0,4.0,-19,8.526489253426831e-05,12.805114462386342
fixed-00000037,420.0,4.0,-18,0.0001252167395204996,12.496206306817086
fixed-00000037,420.0,4.0,-17,0.00013703172321628089,12.17959349512843
fixed-00000037,420.0,4.0,-16,0.00010340544751632462,11.854658593029981
fixed-00000037,420.0,4.0,-15,0.00016550594848941083,11.520697333478978
fixed-00000037,420.0,4.0,-14,0.000203529583871373,11.176900501616302
fixed-00000037,420.0,4.0,-13,0.0001649583422320802,10.822330651089075
fixed-00000037,420.0,4.0,-12,0.00023593666743017502,10.45589172636997
fixed-00000037,420.0,4.0,-11,0.00039682886062619125,10.076288755900379
fixed-00000037,420.0,4.0,-10,0.0002882555098251123,9.681973335802653
fixed-00000037,420.0,4.0,-9,0.00040042433368879033,9.27106825583462
fixed-00000037,420.0,4.0,-8,0.0009753275232602956,8.841260597125114
fixed-00000037,420.0,4.0,-7,0.0004978783017745685,8.389645509317234
fixed-00000037,420.0,4.0,-6,0.0010473740909622174,7.912489630768675
fixed-00000037,420.0,4.0,-5,0.002623294631115971,7.4048569993797315
fixed-00000037,420.0,4.0,-4,0.001085279373412463,6.85998498024081
fixed-00000037,420.0,4.0,-3,0.004252587355429951,6.268169548556969
fixed-00000037,420.0,4.0,-2,0.008096971043028874,5.614585555098117
fixed-00000037,420.0,4.0,-1,0.0448905628043702,4.874449243247412
fixed-00000037,420.0,4.0,0,0.061611844652689075,4.000000000000043
fixed-00000037,420.0,4.0,1,0.13146825004513382,2.871028001785845
fixed-00000037,420.0,4.0,2,0.0039371917008591065,0.6990406976807151
fixed-00000037,420.0,4.0,3,0.0,0.0
fixed-00000037,420.0,4.0,4,0.0,0.0
fixed-00000037,420.0,4.0,5,0.0,0.0
fixed-00000037,420.0,4.0,6,0.0,0.0
fixed-00000037,420.0,4.0,7,0.0,0.0
fixed-00000037,420.0,4.0,8,0.0,0.0
fixed-00000037,420.0,4.0,9,0.0,0.0
fixed-00000037,420.0,4.0,10,0.0,0.0
fixed-00000037,420.0,4.0,11,0.0,0.0
fixed-00000037,420.0,4.0,12,0.0,0.0
fixed-00000037,420.0,4.0,13,0.0,0.0
fixed-00000037,420.0,4.0,14,0.0,0.0
fixed-00000037,420.0,4.0,15,0.0,0.0
fixed-00000037,420.0,4.0,16,0.0,0.0
fixed-00000037,420.0,4.0,17,0.0,0.0
fixed-00000037,420.0,4.0,18,0.0,0.0
fixed-00000037,420.0,4.0,19,0.0,0.0
fixed-00000037,420.0,4.0,20,0.0,0.0
fixed-00000038,430.0,4.0,-20,0.00013357279958863767,12.96737328269542
fixed-00000038,430.0,4.0,-19,7.619726896739887e-05,12.669533796208484
fixed-00000038,430.0,4.0,-18,0.00011594690240089774,12.364642007157542
fixed-00000038,430.0,4.0,-17,0.00012193878217166164,12.052162591783855
fixed-00000038,430.0,4.0,-16,9.145344449427786e-05,11.731489136876604
fixed-00000038,430.0,4.0,-15,0.00015466734645500467,11.401930182797159
fixed-00000038,430.0,4.0,-14,0.00018116615768334673,11.062691533065163
fixed-00000038,430.0,4.0,-13,0.00014605525208832309,10.712853532213543
fixed-00000038,430.0,4.0,-12,0.00022136741174213652,10.351341443751252
fixed-00000038,430.0,4.0,-11,0.0003565322138722814,9.976886180480477
fixed-00000038,430.0,4.0,-10,0.0002560660415851241,9.587971244288596
fixed-00000038,430.0,4.0,-9,0.0003745363093336444,9.182759450054348
fixed-00000038,430.0,4.0,-8,0.0008964547478449935,8.758989138846587
fixed-00000038,430.0,4.0,-7,0.00044002267074660906,8.313822749096218
fixed-00000038,430.0,4.0,-6,0.0009834979774380494,7.843617934344664
fixed-00000038,430.0,4.0,-5,0.002485528776368209,7.343566490730254
fixed-00000038,430.0,4.0,-4,0.0009037078442240735,6.8070937630128014
fixed-00000038,430.0,4.0,-3,0.004090102843045362,6.224789929923276
fixed-00000038,430.0,4.0,-2,0.00757509225201832,5.582330930281415
fixed-00000038,430.0,4.0,-1,0.03897102055598433,4.855898436406804
fixed-00000038,430.0,4.0,0,0.07037542502689122,4.000000000000043
fixed-00000038,430.0,4.0,1,0.12370355913901872,2.902269292269864
fixed-00000038,430.0,4.0,2,0.00546917025173892,0.9215465625908905
fixed-00000038,430.0,4.0,3,0.0,0.0
fixed-00000038,430.0,4.0,4,0.0,0.0
fixed-00000038,430.0,4.0,5,0.0,0.0
fixed-00000038,430.0,4.0,6,0.0,0.0
fixed-00000038,430.0,4.0,7,0.0,0.0
fixed-00000038,430.0,4.0,8,0.0,0.0
fixed-00000038,430.0,4.0,9,0.0,0.0
fixed-00000038,430.0,4.0,10,0.0,0.0
fixed-00000038,430.0,4.0,11,0.0,0.0
fixed-00000038,430.0,4.0,12,0.0,0.0
fixed-00000038,430.0,4.0,13,0.0,0.0
fixed-00000038,430.0,4.0,14,0.0,0.0
fixed-00000038,430.0,4.0,15,0.0,0.0
fixed-00000038,430.0,4.0,16,0.0,0.0
fixed-00000038,430.0,4.0,17,0.0,0.0
fixed-00000038,430.0,4.0,18,0.0,0.0
fixed-00000038,430.0,4.0,19,0.0,0.0
fixed-00000038,430.0,4.0,20,0.0,0.0
fixed-00000039,440.0,4.0,-20,0.00012035725700139048,12.832834315133255
fixed-00000039,440.0,4.0,-19,6.877408034865812e-05,12.538770978052682
fixed-00000039,440.0,4.0,-18,0.00010788925529725475,12.237759303340212
fixed-00000039,440.0,4.0,-17,0.00010857869220496962,11.929273211537804
fixed-00000039,440.0,4.0,-16,8.15178988115221e-05,11.612716944258509
fixed-00000039,440.0,4.0,-15,0.000145305485463582,11.287411421865912
fixed-00000039,440.0,4.0,-14,0.00016119863741950028,10.952576962541741
fixed-00000039,440.0,4.0,-13,0.00013003729204707053,10.607311101353602
fixed-00000039,440.0,4.0,-12,0.000208850591898567,10.250559696102783
fixed-00000039,440.0,4.0,-11,0.00032001628422920257,9.88107865604465
fixed-00000039,440.0,4.0,-10,0.00022810334112348182,9.49738228221355
fixed-00000039,440.0,4.0,-9,0.00035189839414891664,9.09767200731369
fixed-00000039,440.0,4.0,-8,0.0008232376184502036,8.679735599183942
fixed-00000039,440.0,4.0,-7,0.00038875491130744167,8.240800326776181
fixed-00000039,440.0,4.0,-6,0.0009256752649712037,7.777311442431525
fixed-00000039,440.0,4.0,-5,0.0023544845952842546,7.284583534666609
fixed-00000039,440.0,4.0,-4,0.000744196872557101,6.756222279782023
fixed-00000039,440.0,4.0,-3,0.003942179253016151,6.183099336276953
fixed-00000039,440.0,4.0,-2,0.007092883552264032,5.551368162118536
fixed-00000039,440.0,4.0,-1,0.03349541947463365,4.838124655002829
fixed-00000039,440.0,4.0,0,0.07949622152758704,4.000000000000043
fixed-00000039,440.0,4.0,1,0.11621344263916678,2.931780248048341
fixed-00000039,440.0,4.0,2,0.006894811988640801,1.0924531720081205
fixed-00000039,440.0,4.0,3,0.0,0.0
fixed-00000039,440.0,4.0,4,0.0,0.0
fixed-00000039,440.0,4.0,5,0.0,0.0
fixed-00000039,440.0,4.0,6,0.0,0.0
fixed-00000039,440.0,4.0,7,0.0,0.0
fixed-00000039,440.0,4.0,8,0.0,0.0
fixed-00000039,440.0,4.0,9,0.0,0.0
fixed-00000039,440.0,4.0,10,0.0,0.0
fixed-00000039,440.0,4.0,11,0.0,0.0
fixed-00000039,440.0,4.0,12,0.0,0.0
fixed-00000039,440.0,4.0,13,0.0,0.0
fixed-00000039,440.0,4.0,14,0.0,0.0
fixed-00000039,440.0,4.0,15,0.0,0.0
fixed-00000039,440.0,4.0,16,0.0,0.0
fixed-00000039,440.0,4.0,17,0.0,0.0
fixed-00000039,440.0,4.0,18,0.0,0.0
fixed-00000039,440.0,4.0,19,0.0,0.0
fixed-00000039,440.0,4.0,20,0.0,0.0
fixed-00000040,450.0,4.0,-20,0.00010728376418313373,12.702966158118315
fixed-00000040,450.0,4.0,-19,6.194256121051598e-05,12.412553656294293
fixed-00000040,450.0,4.0,-18,9.977301493984688e-05,12.115293466158121
fixed-00000040,450.0,4.0,-17,9.546796333553358e-05,11.81066845284316
fixed-00000040,450.0,4.0,-16,7.246365423663398e-05,11.498093166079101
fixed-00000040,450.0,4.0,-15,0.00013578829363492513,11.17690050161626
fixed-00000040,450.0,4.0,-14,0.00014168878936922022,10.846324815409005
fixed-00000040,450.0,4.0,-13,0.00011517465596336181,10.505480264653997
fixed-00000040,450.0,4.0,-12,0.00019630695384825178,10.153332615240856
fixed-00000040,450.0,4.0,-11,0.0002840746144672046,9.788661932177646
fixed-00000040,450.0,4.0,-10,0.0002014199113351806,9.41001226788633
fixed-00000040,450.0,4.0,-9,0.0003300480833571216,9.015622340555637
fixed-00000040,450.0,4.0,-8,0.0007488965251740951,8.60332760953709
fixed-00000040,450.0,4.0,-7,0.0003394268221231501,8.170417848002046
fixed-00000040,450.0,4.0,-6,0.0008697978747690684,7.713422675659928
fixed-00000040,450.0,4.0,-5,0.0022146241472917397,7.227774780095174
fixed-00000040,450.0,4.0,-4,0.0006010801903518132,6.707252950125579
fixed-00000040,450.0,4.0,-3,0.0037925019389612076,6.142998339829504
fixed-00000040,450.0,4.0,-2,0.006626989248322673,5.521619808342521
fixed-00000040,450.0,4.0,-1,0.028338848550632706,4.821079743384956
fixed-00000040,450.0,4.0,0,0.0886272425152064,4.000000000000043
fixed-00000040,450.0,4.0,1,0.10854897829512328,2.9597049311129666
fixed-00000040,450.0,4.0,2,0.008304135040461695,1.2338425267338948
fixed-00000040,450.0,4.0,3,0.0,0.0
fixed-00000040,450.0,4.0,4,0.0,0.0
fixed-00000040,450.0,4.0,5,0.0,0.0
fixed-00000040,450.0,4.0,6,0.0,0.0
fixed-00000040,450.0,4.0,7,0.0,0.0
fixed-00000040,450.0,4.0,8,0.0,0.0
fixed-00000040,450.0,4.0,9,0.0,0.0
fixed-00000040,450.0,4.0,10,0.0,0.0
fixed-00000040,450.0,4.0,11,0.0,0.0
fixed-00000040,450.0,4.0,12,0.0,0.0
fixed-00000040,450.0,4.0,13,0.0,0.0
fixed-00000040,450.0,4.0,14,0.0,0.0
fixed-00000040,450.0,4.0,15,0.0,0.0
fixed-00000040,450.0,4.0,16,0.0,0.0
fixed-00000040,450.0,4.0,17,0.0,0.0
fixed-00000040,450.0,4.0,18,0.0,0.0
fixed-00000040,450.0,4.0,19,0.0,0.0
fixed-00000040,450.0,4.0,20,0.0,0.0
fixed-00000041,460.0,4.0,-20,9.462016772028697e-05,12.577510579407715
fixed-00000041,460.0,4.0,-19,5.5614374856571456e-05,12.290630459977635
fixed-00000041,460.0,4.0,-18,9.149658231095567e-05,11.997000160210277
fixed-00000041,460.0,4.0,-17,8.271609340675921e-05,11.696111205778067
fixed-00000041,460.0,4.0,-16,6.417837892507301e-05,11.387388125912437
fixed-00000041,460.0,4.0,-15,0.00012582388755987244,11.070175408225822
fixed-00000041,460.0,4.0,-14,0.00012261913538243231,10.743720994389975
fixed-00000041,460.0,4.0,-13,0.00010133370862539324,10.407155124901223
fixed-00000041,460.0,4.0,-12,0.00018298634856686095,10.059462823221452
fixed-00000041,460.0,4.0,-11,0.00024845994339084567,9.699447513130764
fixed-00000041,460.0,4.0,-10,0.00017574606116302932,9.325682005200974
fixed-00000041,460.0,4.0,-9,0.00030728275642557943,8.93644104020727
fixed-00000041,460.0,4.0,-8,0.0006723542697257434,8.529606124486918
fixed-00000041,460.0,4.0,-7,0.00029101081112259874,8.102527331430608
fixed-00000041,460.0,4.0,-6,0.0008123146054745524,7.651815588106331
fixed-00000041,460.0,4.0,-5,0.00206003348135516,7.1730172404364225
fixed-00000041,460.0,4.0,-4,0.00047121261950895297,6.660077368214232
fixed-00000041,460.0,4.0,-3,0.003628809170707424,6.104395321148445
fixed-00000041,460.0,4.0,-2,0.006155615907024102,5.493014580257693
fixed-00000041,460.0,4.0,-1,0.023488536006785094,4.804719468232179
fixed-00000041,460.0,4.0,0,0.0974867107217394,4.000000000000043
fixed-00000041,460.0,4.0,1,0.1005270786546704,2.986171373421186
fixed-00000041,460.0,4.0,2,0.009704888546229223,1.3553543387345144
fixed-00000041,460.0,4.0,3,0.0,0.0
fixed-00000041,460.0,4.0,4,0.0,0.0
fixed-00000041,460.0,4.0,5,0.0,0.0
fixed-00000041,460.0,4.0,6,0.0,0.0
fixed-00000041,460.0,4.0,7,0.0,0.0
fixed-00000041,460.0,4.0,8,0.0,0.0
fixed-00000041,460.0,4.0,9,0.0,0.0
fixed-00000041,460.0,4.0,10,0.0,0.0
fixed-00000041,460.0,4.0,11,0.0,0.0
fixed-00000041,460.0,4.0,12,0.0,0.0
fixed-00000041,460.0,4.0,13,0.0,0.0
fixed-00000041,460.0,4.0,14,0.0,0.0
fixed-00000041,460.0,4.0,15,0.0,0.0
fixed-00000041,460.0,4.0,16,0.0,0.0
fixed-00000041,460.0,4.0,17,0.0,0.0
fixed-00000041,460.0,4.0,18,0.0,0.0
fixed-00000041,460.0,4.0,19,0.0,0.0
fixed-00000041,460.0,4.0,20,0.0,0.0
fixed-00000042,470.0,4.0,-20,8.397422092238884e-05,12.456228814270318
fixed-00000042,470.0,4.0,-19,5.07488453081825e-05,12.172768968466443
fixed-00000042,470.0,4.0,-18,8.436316431805162e-05,11.882653470494859
fixed-00000042,470.0,4.0,-17,7.166909403446314e-05,11.585382237029776
fixed-00000042,470.0,4.0,-16,5.771694506088261e-05,11.28038946496281
fixed-00000042,470.0,4.0,-15,0.00011717876515244792,10.967030869800126
fixed-00000042,470.0,4.0,-14,0.00010585693923908925,10.644567549905517
fixed-00000042,470.0,4.0,-13,9.01824584242719e-05,10.31214531767661
fixed-00000042,470.0,4.0,-12,0.00017136413098324974,9.968767836736134
fixed-00000042,470.0,4.0,-11,0.00021655225189976912,9.613261133217293
fixed-00000042,470.0,4.0,-10,0.0001540715236726341,9.244225833195756
fixed-00000042,470.0,4.0,-9,0.00028709462709434086,8.85997150158471
fixed-00000042,470.0,4.0,-8,0.0006016056042924794,8.458424131399937
fixed-00000042,470.0,4.0,-7,0.00024831364690248493,8.036992005791461
fixed-00000042,470.0,4.0,-6,0.0007599407330529507,7.592364458324127
fixed-00000042,470.0,4.0,-5,0.0019110783073470804,7.12019728699272
fixed-00000042,470.0,4.0,-4,0.0003599113395964178,6.614595409808928
fixed-00000042,470.0,4.0,-3,0.003476478721570724,6.067205706207318
fixed-00000042,470.0,4.0,-2,0.005717047269925763,5.465486736837221
fixed-00000042,470.0,4.0,-1,0.019110868412936508,4.789003125134016
fixed-00000042,470.0,4.0,0,0.10634098490141307,4.000000000000043
fixed-00000042,470.0,4.0,1,0.0925977921434016,3.011293809692063
fixed-00000042,470.0,4.0,2,0.011120854859310575,1.462265398478209
fixed-00000042,470.0,4.0,3,0.0,0.0
fixed-00000042,470.0,4.0,4,0.0,0.0
fixed-00000042,470.0,4.0,5,0.0,0.0
fixed-00000042,470.0,4.0,6,0.0,0.0
fixed-00000042,470.0,4.0,7,0.0,0.0
fixed-00000042,470.0,4.0,8,0.0,0.0
fixed-00000042,470.0,4.0,9,0.0,0.0
fixed-00000042,470.0,4.0,10,0.0,0.0
fixed-00000042,470.0,4.0,11,0.0,0.0
fixed-00000042,470.0,4.0,12,0.0,0.0
fixed-00000042,470.0,4.0,13,0.0,0.0
fixed-00000042,470.0,4.0,14,0.0,0.0
fixed-00000042,470.0,4.0,15,0.0,0.0
fixed-00000042,470.0,4.0,16,0.0,0.0
fixed-00000042,470.0,4.0,17,0.0,0.0
fixed-00000042,470.0,4.0,18,0.0,0.0
fixed-00000042,470.0,4.0,19,0.0,0.0
fixed-00000042,470.0,4.0,20,0.0,0.0
fixed-00000043,480.0,4.0,-20,7.41746086741151e-05,12.338899720932332
fixed-00000043,480.0,4.0,-19,4.690489658938388e-05,12.058753916039905
fixed-00000043,480.0,4.0,-18,7.772793968857533e-05,11.772044157333369
fixed-00000043,480.0,4.0,-17,6.14797121689895e-05,11.478278496429667
fixed-00000043,480.0,4.0,-16,5.267220147512492e-05,11.176900501616302
fixed-00000043,480.0,4.0,-15,0.00010913504599128376,10.867276770488644
fixed-00000043,480.0,4.0,-14,9.040515641893627e-05,10.548681150469449
fixed-00000043,480.0,4.0,-13,8.111508971921961e-05,10.220274539944285
fixed-00000043,480.0,4.0,-12,0.00016085250375828038,9.881078656044693
fixed-00000043,480.0,4.0,-11,0.00018692018219147597,9.529941408533489
fixed-00000043,480.0,4.0,-10,0.0001353901095584744,9.165490343367907
fixed-00000043,480.0,4.0,-9,0.0002697527665518933,8.786068711064956
fixed-00000043,480.0,4.0,-8,0.000534074281553016,8.389645509317262
fixed-00000043,480.0,4.0,-7,0.00020999347940385888,7.973685246153153
fixed-00000043,480.0,4.0,-6,0.0007145175353803136,7.534952908764538
fixed-00000043,480.0,4.0,-5,0.001763694652540365,7.069209758944453
fixed-00000043,480.0,4.0,-4,0.00026659953690081494,6.570714442852491
fixed-00000043,480.0,4.0,-3,0.003339426248443758,6.03135129215535
fixed-00000043,480.0,4.0,-2,0.0053171539033607254,5.438975549640787
fixed-00000043,480.0,4.0,-1,0.015194977331844191,4.773893191801832
fixed-00000043,480.0,4.0,0,0.1150124608782373,4.000000000000128
fixed-00000043,480.0,4.0,1,0.08478883322484036,3.035174537183508
fixed-00000043,480.0,4.0,2,0.012585928144039757,1.5578535504268984
fixed-00000043,480.0,4.0,3,0.0,0.0
fixed-00000043,480.0,4.0,4,0.0,0.0
fixed-00000043,480.0,4.0,5,0.0,0.0
fixed-00000043,480.0,4.0,6,0.0,0.0
fixed-00000043,480.0,4.0,7,0.0,0.0
fixed-00000043,480.0,4.0,8,0.0,0.0
fixed-00000043,480.0,4.0,9,0.0,0.0
fixed-00000043,480.0,4.0,10,0.0,0.0
fixed-00000043,480.0,4.0,11,0.0,0.0
fixed-00000043,480.0,4.0,12,0.0,0.0
fixed-00000043,480.0,4.0,13,0.0,0.0
fixed-00000043,480.0,4.0,14,0.0,0.0
fixed-00000043,480.0,4.0,15,0.0,0.0
fixed-00000043,480.0,4.0,16,0.0,0.0
fixed-00000043,480.0,4.0,17,0.0,0.0
fixed-00000043,480.0,4.0,18,0.0,0.0
fixed-00000043,480.0,4.0,19,0.0,0.0
fixed-00000043,480.0,4.0,20,0.0,0.0
fixed-00000044,490.0,4.0,-20,6.334659849803306e-05,12.225318145104808
fixed-00000044,490.0,4.0,-19,4.251271567597487e-05,11.948385599975978
fixed-00000044,490.0,4.0,-18,6.959895150203343e-05,11.66497810905598
fixed-00000044,490.0,4.0,-17,5.060973196835507e-05,11.374611615381397
fixed-00000044,490.0,4.0,-16,4.735178867760395e-05,11.076738776861475
fixed-00000044,490.0,4.0,-15,9.876913828332236e-05,10.770736744273435
fixed-00000044,490.0,4.0,-14,7.398151867702709e-05,10.455891726370012
fixed-00000044,490.0,4.0,-13,7.164562521015797e-05,10.131379245325505
fixed-00000044,490.0,4.0,-12,0.00014687413936223062,9.796238513755625
fixed-00000044,490.0,4.0,-11,0.00015515851280065905,9.449338641416006
fixed-00000044,490.0,4.0,-10,0.00011556608242389305,9.089333242301052
fixed-00000044,490.0,4.0,-9,0.0002479773842701312,8.714598169784495
fixed-00000044,490.0,4.0,-8,0.0004584486480007046,8.323144017155428
fixed-00000044,490.0,4.0,-7,0.00016936387515848752,7.9124896307686186
fixed-00000044,490.0,4.0,-6,0.000662231949495007,7.479473036402908
fixed-00000044,490.0,4.0,-5,0.0015828274580011656,7.019957174357458
fixed-00000044,490.0,4.0,-4,0.0001826473319518137,6.528348627774008
fixed-00000044,490.0,4.0,-3,0.003165011645053701,5.996759649897882
fixed-00000044,490.0,4.0,-2,0.004871192619981474,5.413424829013778
fixed-00000044,490.0,4.0,-1,0.011592916371835607,4.7593550215627545
fixed-00000044,490.0,4.0,0,0.12223140999791297,4.000000000000128
fixed-00000044,490.0,4.0,1,0.07638320665920312,3.057905474932099
fixed-00000044,490.0,4.0,2,0.014005840228140673,1.6443284594506906
fixed-00000044,490.0,4.0,3,0.0,0.0
fixed-00000044,490.0,4.0,4,0.0,0.0
fixed-00000044,490.0,4.0,5,0.0,0.0
fixed-00000044,490.0,4.0,6,0.0,0.0
fixed-00000044,490.0,4.0,7,0.0,0.0
fixed-00000044,490.0,4.0,8,0.0,0.0
fixed-00000044,490.0,4.0,9,0.0,0.0
fixed-00000044,490.0,4.0,10,0.0,0.0
fixed-00000044,490.0,4.0,11,0.0,0.0
fixed-00000044,490.0,4.0,12,0.0,0.0
fixed-00000044,490.0,4.0,13,0.0,0.0
fixed-00000044,490.0,4.0,14,0.0,0.0
fixed-00000044,490.0,4.0,15,0.0,0.0
fixed-00000044,490.0,4.0,16,0.0,0.0
fixed-00000044,490.0,4.0,17,0.0,0.0
fixed-00000044,490.0,4.0,18,0.0,0.0
fixed-00000044,490.0,4.0,19,0.0,0.0
fixed-00000044,490.0,4.0,20,0.0,0.0
fixed-00000045,500.0,4.0,-20,5.3832638744325765e-05,12.115293466158121
fixed-00000045,500.0,4.0,-19,3.862333245635723e-05,11.8414784654246
fixed-00000045,500.0,4.0,-18,6.165070171084501e-05,11.561274966505863
fixed-00000045,500.0,4.0,-17,4.093946045067528e-05,11.274206572013128
fixed-00000045,500.0,4.0,-16,4.2802029996626874e-05,10.979734761202295
fixed-00000045,500.0,4.0,-15,8.823757031272133e-05,10.677246924869209
fixed-00000045,500.0,4.0,-14,5.907364887695786e-05,10.366041263914951
fixed-00000045,500.0,4.0,-13,6.347116930392855e-05,10.045307484204272
fixed-00000045,500.0,4.0,-12,0.0001320605517460092,9.714101762495858
fixed-00000045,500.0,4.0,-11,0.00012550881564183197,9.371313757611418
fixed-00000045,500.0,4.0,-10,9.785486564018945e-05,9.01562234055568
fixed-00000045,500.0,4.0,-9,0.00022425073766754736,8.645434936834732
fixed-00000045,500.0,4.0,-8,0.00038438060222123846,8.258802394264194
fixed-00000045,500.0,4.0,-7,0.00013189516059160182,7.85329610268785
fixed-00000045,500.0,4.0,-6,0.0006062001727655843,7.425824639985038
fixed-00000045,500.0,4.0,-5,0.00139134936834945,6.972349028947647
fixed-00000045,500.0,4.0,-4,0.00011243995211196331,6.487418295723927
fixed-00000045,500.0,4.0,-3,0.0029689892095670118,5.96336359338612
fixed-00000045,500.0,4.0,-2,0.004403099191674494,5.388782503478367
fixed-00000045,500.0,4.0,-1,0.008455460412160658,4.745356571759629
fixed-00000045,500.0,4.0,0,0.1282340036288888,4.000000000000128
fixed-00000045,500.0,4.0,1,0.06780869254170271,3.07956947893598
fixed-00000045,500.0,4.0,2,0.015330985988510015,1.7232677700620371
fixed-00000045,500.0,4.0,3,0.0,0.0
fixed-00000045,500.0,4.0,4,0.0,0.0
fixed-00000045,500.0,4.0,5,0.0,0.0
fixed-00000045,500.0,4.0,6,0.0,0.0
fixed-00000045,500.0,4.0,7,0.0,0.0
fixed-00000045,500.0,4.0,8,0.0,0.0
fixed-00000045,500.0,4.0,9,0.0,0.0
fixed-00000045,500.0,4.0,10,0.0,0.0
fixed-00000045,500.0,4.0,11,0.0,0.0
fixed-00000045,500.0,4.0,12,0.0,0.0
fixed-00000045,500.0,4.0,13,0.0,0.0
fixed-00000045,500.0,4.0,14,0.0,0.0
fixed-00000045,500.0,4.0,15,0.0,0.0
fixed-00000045,500.0,4.0,16,0.0,0.0
fixed-00000045,500.0,4.0,17,0.0,0.0
fixed-00000045,500.0,4.0,18,0.0,0.0
fixed-00000045,500.0,4.0,19,0.0,0.0
fixed-00000045,500.0,4.0,20,0.0,0.0
fixed-00000046,510.0,4.0,-20,4.510689529240041e-05,12.00864830157974
fixed-00000046,510.0,4.0,-19,3.4762773498304765e-05,11.73785984433411
fixed-00000046,510.0,4.0,-18,5.3514849210373926e-05,11.46076689726786
fixed-00000046,510.0,4.0,-17,3.2187569615672395e-05,11.17690050161626
fixed-00000046,510.0,4.0,-16,3.8512463468837866e-05,10.885730702301743
fixed-00000046,510.0,4.0,-15,7.704287697437003e-05,10.586654831666607
fixed-00000046,510.0,4.0,-14,4.5422326196690305e-05,10.278982730887435
fixed-00000046,510.0,4.0,-13,5.5908320199030946e-05,9.961917870049362
fixed-00000046,510.0,4.0,-12,0.00011570997996523593,9.63453288362129
fixed-00000046,510.0,4.0,-11,9.765403177426829e-05,9.295737359102532
fixed-00000046,510.0,4.0,-10,8.145294537615176e-05,8.944234651595096
fixed-00000046,510.0,4.0,-9,0.0001974955452211558,8.578462776597007
fixed-00000046,510.0,4.0,-8,0.00031128051415741276,8.19651155890179
fixed-00000046,510.0,4.0,-7,9.730735768605502e-05,7.796003222671089
fixed-00000046,510.0,4.0,-6,0.0005442604333102544,7.373914531470007
fixed-00000046,510.0,4.0,-5,0.0011869067508187127,6.926301171313213
fixed-00000046,510.0,4.0,-4,5.701812890470518e-05,6.447849394706807
fixed-00000046,510.0,4.0,-3,0.0027414036294565944,5.931100707011325
fixed-00000046,510.0,4.0,-2,0.0038998220389898056,5.3650002454304655
fixed-00000046,510.0,4.0,-1,0.005805641858407176,4.731868162490429
fixed-00000046,510.0,4.0,0,0.1323969674588803,3.999999999999943
fixed-00000046,510.0,4.0,1,0.059046888829196564,3.100241457700733
fixed-00000046,510.0,4.0,2,0.016478930463643394,1.7958468702815367
fixed-00000046,510.0,4.0,3,0.0,0.0
fixed-00000046,510.0,4.0,4,0.0,0.0
fixed-00000046,510.0,4.0,5,0.0,0.0
fixed-00000046,510.0,4.0,6,0.0,0.0
fixed-00000046,510.0,4.0,7,0.0,0.0
fixed-00000046,510.0,4.0,8,0.0,0.0
fixed-00000046,510.0,4.0,9,0.0,0.0
fixed-00000046,510.0,4.0,10,0.0,0.0
fixed-00000046,510.0,4.0,11,0.0,0.0
fixed-00000046,510.0,4.0,12,0.0,0.0
fixed-00000046,510.0,4.0,13,0.0,0.0
fixed-00000046,510.0,4.0,14,0.0,0.0
fixed-00000046,510.0,4.0,15,0.0,0.0
fixed-00000046,510.0,4.0,16,0.0,0.0
fixed-00000046,510.0,4.0,17,0.0,0.0
fixed-00000046,510.0,4.0,18,0.0,0.0
fixed-00000046,510.0,4.0,19,0.0,0.0
fixed-00000046,510.0,4.0,20,0.0,0.0
fixed-00000047,520.0,4.0,-20,4.0177474153085804e-05,11.905217349750558
fixed-00000047,520.0,4.0,-19,3.2267921787930506e-05,11.637368829002952
fixed-00000047,520.0,4.0,-18,4.777594425151873e-05,11.363297500741439
fixed-00000047,520.0,4.0,-17,2.643373207335534e-05,11.08254163405276
fixed-00000047,520.0,4.0,-16,3.5584978600372906e-05,10.794579595613783
fixed-00000047,520.0,4.0,-15,6.871191024928267e-05,10.498818374569126
fixed-00000047,520.0,4.0,-14,3.576814801454712e-05,10.194579116674106
fixed-00000047,520.0,4.0,-13,5.062420040344128e-05,9.881078656044693
fixed-00000047,520.0,4.0,-12,0.00010236248864922915,9.557405601711935
fixed-00000047,520.0,4.0,-11,7.6653969813008e-05,9.222488878015653
fixed-00000047,520.0,4.0,-10,6.947992633621558e-05,8.875055586881174
fixed-00000047,520.0,4.0,-9,0.00017207995661889464,8.513573397092799
fixed-00000047,520.0,4.0,-8,0.0002530510724511259,8.136169892284855
fixed-00000047,520.0,4.0,-7,7.083746104210273e-05,7.740516501892586
fixed-00000047,520.0,4.0,-6,0.0004811046432208728,7.32365592105198
fixed-00000047,520.0,4.0,-5,0.0010130564853003555,6.881735244987794
fixed-00000047,520.0,4.0,-4,2.0406882351245844e-05,6.409572995038118
fixed-00000047,520.0,4.0,-3,0.002515360677338402,5.899912923755764
fixed-00000047,520.0,4.0,-2,0.003429596886764087,5.342033137263584
fixed-00000047,520.0,4.0,-1,0.0037432361534127222,4.718862261789724
fixed-00000047,520.0,4.0,0,0.13628510634846686,3.999999999999943
fixed-00000047,520.0,4.0,1,0.05080740851237035,3.1199893233792295
fixed-00000047,520.0,4.0,2,0.017379771770790597,1.8629706538812485
fixed-00000047,520.0,4.0,3,0.0,0.0
fixed-00000047,520.0,4.0,4,0.0,0.0
fixed-00000047,520.0,4.0,5,0.0,0.0
fixed-00000047,520.0,4.0,6,0.0,0.0
fixed-00000047,520.0,4.0,7,0.0,0.0
fixed-00000047,520.0,4.0,8,0.0,0.0
fixed-00000047,520.0,4.0,9,0.0,0.0
fixed-00000047,520.0,4.0,10,0.0,0.0
fixed-00000047,520.0,4.0,11,0.0,0.0
fixed-00000047,520.0,4.0,12,0.0,0.0
fixed-00000047,520.0,4.0,13,0.0,0.0
fixed-00000047,520.0,4.0,14,0.0,0.0
fixed-00000047,520.0,4.0,15,0.0,0.0
fixed-00000047,520.0,4.0,16,0.0,0.0
fixed-00000047,520.0,4.0,17,0.0,0.0
fixed-00000047,520.0,4.0,18,0.0,0.0
fixed-00000047,520.0,4.0,19,0.0,0.0
fixed-00000047,520.0,4.0,20,0.0,0.0
fixed-00000048,530.0,4.0,-20,4.268539330041344e-05,11.804846353924574
fixed-00000048,530.0,4.0,-19,3.613148582182577e-05,11.539855263600288
fixed-00000048,530.0,4.0,-18,4.8852846231708567e-05,11.268720827871178
fixed-00000048,530.0,4.0,-17,2.6088829668309916e-05,10.990988342425112
fixed-00000048,530.0,4.0,-16,3.957174034805121e-05,10.706144262791852
fixed-00000048,530.0,4.0,-15,7.027333924506602e-05,10.413604963019466
fixed-00000048,530.0,4.0,-14,3.3305958176627946e-05,10.112702572883805
fixed-00000048,530.0,4.0,-13,5.5444217258085254e-05,9.802666908387508
fixed-00000048,530.0,4.0,-12,0.00010432669102184882,9.48260209177191
fixed-00000048,530.0,4.0,-11,6.897104429252462e-05,9.151455819110154
fixed-00000048,530.0,4.0,-10,7.311395288456875e-05,8.80797823524668
fixed-00000048,530.0,4.0,-9,0.00017146697940346003,8.450665768094211
fixed-00000048,530.0,4.0,-8,0.00022874863425207537,8.077682597631096
fixed-00000048,530.0,4.0,-7,6.467431865694843e-05,7.686747804566139
fixed-00000048,530.0,4.0,-6,0.0004671844036543401,7.2749678666584
fixed-00000048,530.0,4.0,-5,0.0009448491372509402,6.838578189041442
fixed-00000048,530.0,4.0,-4,5.972163080902756e-06,6.37252484677397
fixed-00000048,530.0,4.0,-3,0.002486098622420742,5.869746147798878
fixed-00000048,530.0,4.0,-2,0.0032663595586266297,5.319839372881049
fixed-00000048,530.0,4.0,-1,0.0023793196956784384,4.706313293920829
fixed-00000048,530.0,4.0,0,0.1456967843278155,4.000000000000043
fixed-00000048,530.0,4.0,1,0.045182710948644705,3.138874806668909
fixed-00000048,530.0,4.0,2,0.018902352576766555,1.9253541332400914
fixed-00000048,530.0,4.0,3,0.0,0.0
fixed-00000048,530.0,4.0,4,0.0,0.0
fixed-00000048,530.0,4.0,5,0.0,0.0
fixed-00000048,530.0,4.0,6,0.0,0.0
fixed-00000048,530.0,4.0,7,0.0,0.0
fixed-00000048,530.0,4.0,8,0.0,0.0
fixed-00000048,530.0,4.0,9,0.0,0.0
fixed-00000048,530.0,4.0,10,0.0,0.0
fixed-00000048,530.0,4.0,11,0.0,0.0
fixed-00000048,530.0,4.0,12,0.0,0.0
fixed-00000048,530.0,4.0,13,0.0,0.0
fixed-00000048,530.0,4.0,14,0.0,0.0
fixed-00000048,530.0,4.0,15,0.0,0.0
fixed-00000048,530.0,4.0,16,0.0,0.0
fixed-00000048,530.0,4.0,17,0.0,0.0
fixed-00000048,530.0,4.0,18,0.0,0.0
fixed-00000048,530.0,4.0,19,0.0,0.0
fixed-00000048,530.0,4.0,20,0.0,0.0
fixed-00000049,540.0,4.0,-20,4.162273323683575e-05,11.707391172695964
fixed-00000049,540.0,4.0,-19,3.8471057396222694e-05,11.445178839332968
fixed-00000049,540.0,4.0,-18,4.6548970489878465e-05,11.176900501616302
fixed-00000049,540.0,4.0,-17,2.3870609925231086e-05,10.902108289504397
fixed-00000049,540.0,4.0,-16,4.275313652823893e-05,10.620296524793474
fixed-00000049,540.0,4.0,-15,6.713938683666908e-05,10.33089070657202
fixed-00000049,540.0,4.0,-14,2.862714260440814e-05,10.033233642263525
fixed-00000049,540.0,4.0,-13,5.941453231436622e-05,9.726567764525285
fixed-00000049,540.0,4.0,-12,0.00010032993676856927,9.410012267886245
fixed-00000049,540.0,4.0,-11,5.723544822005115e-05,9.08253308010309
fixed-00000049,540.0,4.0,-10,7.553029261159682e-05,8.742902716320742
fixed-00000049,540.0,4.0,-9,0.00016614421199902653,8.389645509317262
fixed-00000049,540.0,4.0,-8,0.00019095918217625394,8.020961125094075
fixed-00000049,540.0,4.0,-7,5.7404235910452565e-05,7.634614812005779
fixed-00000049,540.0,4.0,-6,0.00045086008093328127,7.227774780095174
fixed-00000049,540.0,4.0,-5,0.0008221421751074926,6.796761790119547
fixed-00000049,540.0,4.0,-4,8.045704202629974e-09,6.336644982795491
fixed-00000049,540.0,4.0,-3,0.002413139859678933,5.840549916165088
fixed-00000049,540.0,4.0,-2,0.0030149563366424284,5.298379990270192
fixed-00000049,540.0,4.0,-1,0.0013857984157691547,4.694197467919281
fixed-00000049,540.0,4.0,0,0.15139603134578775,4.000000000000043
fixed-00000049,540.0,4.0,1,0.038959103015923244,3.1569541581493326
fixed-00000049,540.0,4.0,2,0.020376009623179564,1.9835743440105915
fixed-00000049,540.0,4.0,3,0.0,0.0
fixed-00000049,540.0,4.0,4,0.0,0.0
fixed-00000049,540.0,4.0,5,0.0,0.0
fixed-00000049,540.0,4.0,6,0.0,0.0
fixed-00000049,540.0,4.0,7,0.0,0.0
fixed-00000049,540.0,4.0,8,0.0,0.0
fixed-00000049,540.0,4.0,9,0.0,0.0
fixed-00000049,540.0,4.0,10,0.0,0.0
fixed-00000049,540.0,4.0,11,0.0,0.0
fixed-00000049,540.0,4.0,12,0.0,0.0
fixed-00000049,540.0,4.0,13,0.0,0.0
fixed-00000049,540.0,4.0,14,0.0,0.0
fixed-00000049,540.0,4.0,15,0.0,0.0
fixed-00000049,540.0,4.0,16,0.0,0.0
fixed-00000049,540.0,4.0,17,0.0,0.0
fixed-00000049,540.0,4.0,18,0.0,0.0
fixed-00000049,540.0,4.0,19,0.0,0.0
fixed-00000049,540.0,4.0,20,0.0,0.0
fixed-00000050,550.0,4.0,-20,4.113409566210269e-05,11.612716944258466
fixed-00000050,550.0,4.0,-19,4.009113705498971e-05,11.353208280905505
fixed-00000050,550.0,4.0,-18,4.389740565149345e-05,11.087708926153098
fixed-00000050,550.0,4.0,-17,2.2313997762855228e-05,10.81577766026615
fixed-00000050,550.0,4.0,-16,4.516565931060315e-05,10.536916458396973
fixed-00000050,550.0,4.0,-15,6.30996210261968e-05,10.250559696102755
fixed-00000050,550.0,4.0,-14,2.48279713184992e-05,9.956060565391013
fixed-00000050,550.0,4.0,-13,6.255189646278475e-05,9.652673766211109
fixed-00000050,550.0,4.0,-12,9.406458260681402e-05,9.339533143629737
fixed-00000050,550.0,4.0,-11,4.675727202247692e-05,9.015622340555552
fixed-00000050,550.0,4.0,-10,7.737068730076991e-05,8.679735599183942
fixed-00000050,550.0,4.0,-9,0.00015533903612824398,8.33042434034833
fixed-00000050,550.0,4.0,-8,0.00015422350958783698,7.965922654739103
fixed-00000050,550.0,4.0,-7,5.127798293353061e-05,7.58404054079962
fixed-00000050,550.0,4.0,-6,0.0004225741554055405,7.182005983087052
fixed-00000050,550.0,4.0,-5,0.0006899226019082784,6.756222279782023
fixed-00000050,550.0,4.0,-4,6.2755936307286335e-06,6.30187736209605
fixed-00000050,550.0,4.0,-3,0.002294802264324751,5.812277094742029
fixed-00000050,550.0,4.0,-2,0.002715800961201355,5.277618631405375
fixed-00000050,550.0,4.0,-1,0.000834640633232627,4.682492623926009
fixed-00000050,550.0,4.0,0,0.15499320180598858,4.000000000000043
fixed-00000050,550.0,4.0,1,0.032665574842926544,3.174278754446547
fixed-00000050,550.0,4.0,2,0.02150240756051636,2.038105178627262
fixed-00000050,550.0,4.0,3,0.0,0.0
fixed-00000050,550.0,4.0,4,0.0,0.0
fixed-00000050,550.0,4.0,5,0.0,0.0
fixed-00000050,550.0,4.0,6,0.0,0.0
fixed-00000050,550.0,4.0,7,0.0,0.0
fixed-00000050,550.0,4.0,8,0.0,0.0
fixed-00000050,550.0,4.0,9,0.0,0.0
fixed-00000050,550.0,4.0,10,0.0,0.0
fixed-00000050,550.0,4.0,11,0.0,0.0
fixed-00000050,550.0,4.0,12,0.0,0.0
fixed-00000050,550.0,4.0,13,0.0,0.0
fixed-00000050,550.0,4.0,14,0.0,0.0
fixed-00000050,550.0,4.0,15,0.0,0.0
fixed-00000050,550.0,4.0,16,0.0,0.0
fixed-00000050,550.0,4.0,17,0.0,0.0
fixed-00000050,550.0,4.0,18,0.0,0.0
fixed-00000050,550.0,4.0,19,0.0,0.0
fixed-00000050,550.0,4.0,20,0.0,0.0
fixed-00000051,560.0,4.0,-20,4.316629628961445e-05,11.520697333479006
fixed-00000051,560.0,4.0,-19,4.389604793023362e-05,11.26382061358683
fixed-00000051,560.0,4.0,-18,4.296870990075605e-05,11.001026574425026
fixed-00000051,560.0,4.0,-17,2.300821366822655e-05,10.731880470457497
fixed-00000051,560.0,4.0,-16,5.031890012378121e-05,10.45589172636997
fixed-00000051,560.0,4.0,-15,6.149373473767569e-05,10.172503356222151
fixed-00000051,560.0,4.0,-14,2.398904134461814e-05,9.881078656044693
fixed-00000051,560.0,4.0,-13,7.001433291683864e-05,9.580884258625872
fixed-00000051,560.0,4.0,-12,9.163517679092176e-05,9.27106825583462
fixed-00000051,560.0,4.0,-11,4.123647728585356e-05,8.950631511301339
fixed-00000051,560.0,4.0,-10,8.642085560628232e-05,8.618389378622567
fixed-00000051,560.0,4.0,-9,0.00015166046504032672,8.27291958508114
fixed-00000051,560.0,4.0,-8,0.0001276170587939724,7.9124896307686186
fixed-00000051,560.0,4.0,-7,5.524714650338272e-05,7.5349529087644385
fixed-00000051,560.0,4.0,-6,0.00041004071666884777,7.137595307370333
fixed-00000051,560.0,4.0,-5,0.0005783988645695696,6.71689997183698
fixed-00000051,560.0,4.0,-4,2.4199966132059805e-05,6.268169548557026
fixed-00000051,560.0,4.0,-3,0.002228141511407955,5.784883604631474
fixed-00000051,560.0,4.0,-2,0.002480134928639245,5.257521326257304
fixed-00000051,560.0,4.0,-1,0.0007669093554504264,4.671178095187116
fixed-00000051,560.0,4.0,0,0.15916691613037323,4.000000000000043
fixed-00000051,560.0,4.0,1,0.02715389369398376,3.1908956242289577
fixed-00000051,560.0,4.0,2,0.02280605634249999,2.089341578597498
fixed-00000051,560.0,4.0,3,0.0,0.0
fixed-00000051,560.0,4.0,4,0.0,0.0
fixed-00000051,560.0,4.0,5,0.0,0.0
fixed-00000051,560.0,4.0,6,0.0,0.0
fixed-00000051,560.0,4.0,7,0.0,0.0
fixed-00000051,560.0,4.0,8,0.0,0.0
fixed-00000051,560.0,4.0,9,0.0,0.0
fixed-00000051,560.0,4.0,10,0.0,0.0
fixed-00000051,560.0,4.0,11,0.0,0.0
fixed-00000051,560.0,4.0,12,0.0,0.0
fixed-00000051,560.0,4.0,13,0.0,0.0
fixed-00000051,560.0,4.0,14,0.0,0.0
fixed-00000051,560.0,4.0,15,0.0,0.0
fixed-00000051,560.0,4.0,16,0.0,0.0
fixed-00000051,560.0,4.0,17,0.0,0.0
fixed-00000051,560.0,4.0,18,0.0,0.0
fixed-00000051,560.0,4.0,19,0.0,0.0
fixed-00000051,560.0,4.0,20,0.0,0.0
fixed-00000052,570.0,4.0,-20,4.383126680833936e-05,11.43121385226128
fixed-00000052,570.0,4.0,-19,4.572207624112763e-05,11.17690050161626
fixed-00000052,570.0,4.0,-18,4.051580730878643e-05,10.916741345033486
fixed-00000052,570.0,4.0,-17,2.343252414532954e-05,10.650307942455399
fixed-00000052,570.0,4.0,-16,5.355204146434762e-05,10.377116972823487
fixed-00000052,570.0,4.0,-15,5.747074599873928e-05,10.096619860707065
fixed-00000052,570.0,4.0,-14,2.3286938992290624e-05,9.80818973735775
fixed-00000052,570.0,4.0,-13,7.516663939909384e-05,9.511104847972902
fixed-00000052,570.0,4.0,-12,8.515049307431335e-05,9.204527144434849
fixed-00000052,570.0,4.0,-11,3.6181780930691523e-05,8.887474237458349
fixed-00000052,570.0,4.0,-10,9.324032302384489e-05,8.558782002362335
fixed-00000052,570.0,4.0,-9,0.00014123787044619256,8.217053724399236
fixed-00000052,570.0,4.0,-8,0.00010037172614425824,7.860589341106007
fixed-00000052,570.0,4.0,-7,6.0750760120125825e-05,7.487284343186758
fixed-00000052,570.0,4.0,-6,0.0003857801491973387,7.094480733772272
fixed-00000052,570.0,4.0,-5,0.00045106011131160217,6.678738935066164
fixed-00000052,570.0,4.0,-4,5.809385546256617e-05,6.2354724211239585
fixed-00000052,570.0,4.0,-3,0.002106474123426863,5.758328175331485
fixed-00000052,570.0,4.0,-2,0.002173346202459423,5.23805629811234
fixed-00000052,570.0,4.0,-1,0.0011395552455226831,4.6602345838808645
fixed-00000052,570.0,4.0,0,0.1596067431329645,4.000000000000043
fixed-00000052,570.0,4.0,1,0.021645635479595284,3.2068479063504185
fixed-00000052,570.0,4.0,2,0.023629294166899257,2.13761682818793
fixed-00000052,570.0,4.0,3,0.0,0.0
fixed-00000052,570.0,4.0,4,0.0,0.0
fixed-00000052,570.0,4.0,5,0.0,0.0
fixed-00000052,570.0,4.0,6,0.0,0.0
fixed-00000052,570.0,4.0,7,0.0,0.0
fixed-00000052,570.0,4.0,8,0.0,0.0
fixed-00000052,570.0,4.0,9,0.0,0.0
fixed-00000052,570.0,4.0,10,0.0,0.0
fixed-00000052,570.0,4.0,11,0.0,0.0
fixed-00000052,570.0,4.0,12,0.0,0.0
fixed-00000052,570.0,4.0,13,0.0,0.0
fixed-00000052,570.0,4.0,14,0.0,0.0
fixed-00000052,570.0,4.0,15,0.0,0.0
fixed-00000052,570.0,4.0,16,0.0,0.0
fixed-00000052,570.0,4.0,17,0.0,0.0
fixed-00000052,570.0,4.0,18,0.0,0.0
fixed-00000052,570.0,4.0,19,0.0,0.0
fixed-00000052,570.0,4.0,20,0.0,0.0
fixed-00000053,580.0,4.0,-20,4.654622992234442e-05,11.344155244919335
fixed-00000053,580.0,4.0,-19,4.876066336857003e-05,11.09233964988806
fixed-00000053,580.0,4.0,-18,3.949564428849311e-05,10.834747980635072
fixed-00000053,580.0,4.0,-17,2.5655712338159478e-05,10.570957940814182
fixed-00000053,580.0,4.0,-16,5.8213465705240274e-05,10.300493276388579
fixed-00000053,580.0,4.0,-15,5.538709075232875e-05,10.022813603833598
fixed-00000053,580.0,4.0,-14,2.5060754235969074e-05,9.737301631890915
fixed-00000053,580.0,4.0,-13,8.26829796381925e-05,9.443246910942491
fixed-00000053,580.0,4.0,-12,8.13335130333283e-05,9.139824882054754
fixed-00000053,580.0,4.0,-11,3.5484450105868106e-05,8.826069448973215
fixed-00000053,580.0,4.0,-10,0.00010439685622936873,8.500836443523596
fixed-00000053,580.0,4.0,-9,0.00013454523715644581,8.162753991654597
fixed-00000053,580.0,4.0,-8,8.282018908399854e-05,7.810153537213992
fixed-00000053,580.0,4.0,-7,7.367664305625295e-05,7.440971426572531
fixed-00000053,580.0,4.0,-6,0.0003686292767848746,7.052604065868977
fixed-00000053,580.0,4.0,-5,0.0003451742166345543,6.641686697338955
fixed-00000053,580.0,4.0,-4,0.00010563449216508607,6.203739911827654
fixed-00000053,580.0,4.0,-3,0.0020104669480965364,5.732572121705644
fixed-00000053,580.0,4.0,-2,0.0019094851095146222,5.219193787774614
fixed-00000053,580.0,4.0,-1,0.001951070674570905,4.649644049178292
fixed-00000053,580.0,4.0,0,0.1600065467561588,4.000000000000043
fixed-00000053,580.0,4.0,1,0.016860122173342835,3.2221752503056678
fixed-00000053,580.0,4.0,2,0.02436876628843568,2.1832152248066166
fixed-00000053,580.0,4.0,3,0.0,0.0
fixed-00000053,580.0,4.0,4,0.0,0.0
fixed-00000053,580.0,4.0,5,0.0,0.0
fixed-00000053,580.0,4.0,6,0.0,0.0
fixed-00000053,580.0,4.0,7,0.0,0.0
fixed-00000053,580.0,4.0,8,0.0,0.0
fixed-00000053,580.0,4.0,9,0.0,0.0
fixed-00000053,580.0,4.0,10,0.0,0.0
fixed-00000053,580.0,4.0,11,0.0,0.0
fixed-00000053,580.0,4.0,12,0.0,0.0
fixed-00000053,580.0,4.0,13,0.0,0.0
fixed-00000053,580.0,4.0,14,0.0,0.0
fixed-00000053,580.0,4.0,15,0.0,0.0
fixed-00000053,580.0,4.0,16,0.0,0.0
fixed-00000053,580.0,4.0,17,0.0,0.0
fixed-00000053,580.0,4.0,18,0.0,0.0
fixed-00000053,580.0,4.0,19,0.0,0.0
fixed-00000053,580.0,4.0,20,0.0,0.0
fixed-00000054,590.0,4.0,-20,5.0440306895893774e-05,11.25941693133879
fixed-00000054,590.0,4.0,-19,5.2370600596679745e-05,11.010036261886782
fixed-00000054,590.0,4.0,-18,3.9262116780541744e-05,10.75494754101544
fixed-00000054,590.0,4.0,-17,2.9231786487080145e-05,10.493734460874393
fixed-00000054,590.0,4.0,-16,6.37073881819642e-05,10.225927654794972
fixed-00000054,590.0,4.0,-15,5.435249096271312e-05,9.950994721404186
fixed-00000054,590.0,4.0,-14,2.889153865536604e-05,9.668327699638112
fixed-00000054,590.0,4.0,-13,9.179147934009107e-05,9.377227150287212
fixed-00000054,590.0,4.0,-12,7.895096494523181e-05,9.07688164781861
fixed-00000054,590.0,4.0,-11,3.850287821815579e-05,8.76634095342068
fixed-00000054,590.0,4.0,-10,0.00011893887676909781,8.444480313277879
fixed-00000054,590.0,4.0,-9,0.00013009486002820943,8.109952006190454
fixed-00000054,590.0,4.0,-8,7.316179657911585e-05,7.761118089679513
fixed-00000054,590.0,4.0,-7,9.381047826109918e-05,7.395954575739296
fixed-00000054,590.0,4.0,-6,0.0003566836575706106,7.011910634381167
fixed-00000054,590.0,4.0,-5,0.0002537992505140871,6.6056939776244405
fixed-00000054,590.0,4.0,-4,0.0001687579204053598,6.172928768550506
fixed-00000054,590.0,4.0,-3,0.0019284920880093938,5.707579142086004
fixed-00000054,590.0,4.0,-2,0.0016652109741975194,5.200905894533889
fixed-00000054,590.0,4.0,-1,0.0031798505309909015,4.639389606148313
fixed-00000054,590.0,4.0,0,0.15962624190688277,4.000000000000043
fixed-00000054,590.0,4.0,1,0.012696753705089927,3.236914167432502
fixed-00000054,590.0,4.0,2,0.024937848800850104,2.226381561452442
fixed-00000054,590.0,4.0,3,0.0,0.0
fixed-00000054,590.0,4.0,4,0.0,0.0
fixed-00000054,590.0,4.0,5,0.0,0.0
fixed-00000054,590.0,4.0,6,0.0,0.0
fixed-00000054,590.0,4.0,7,0.0,0.0
fixed-00000054,590.0,4.0,8,0.0,0.0
fixed-00000054,590.0,4.0,9,0.0,0.0
fixed-00000054,590.0,4.0,10,0.0,0.0
fixed-00000054,590.0,4.0,11,0.0,0.0
fixed-00000054,590.0,4.0,12,0.0,0.0
fixed-00000054,590.0,4.0,13,0.0,0.0
fixed-00000054,590.0,4.0,14,0.0,0.0
fixed-00000054,590.0,4.0,15,0.0,0.0
fixed-00000054,590.0,4.0,16,0.0,0.0
fixed-00000054,590.0,4.0,17,0.0,0.0
fixed-00000054,590.0,4.0,18,0.0,0.0
fixed-00000054,590.0,4.0,19,0.0,0.0
fixed-00000054,590.0,4.0,20,0.0,0.0
fixed-00000055,600.0,4.0,-20,5.4528748934231665e-05,11.176900501616302
fixed-00000055,600.0,4.0,-19,5.5671893838212074e-05,10.929894547731365
fixed-00000055,600.0,4.0,-18,3.921007510082286e-05,10.677246924869209
fixed-00000055,600.0,4.0,-17,3.3585163019188864e-05,10.418547164640088
fixed-00000055,600.0,4.0,-16,6.907854223810615e-05,10.153332615240856
fixed-00000055,600.0,4.0,-15,5.351442507316936e-05,9.881078656044693
fixed-00000055,600.0,4.0,-14,3.427388374493802e-05,9.601186418732823
fixed-00000055,600.0,4.0,-13,0.00010115026739262104,9.312967191474854
fixed-00000055,600.0,4.0,-12,7.672954387356191e-05,9.015622340555609
fixed-00000055,600.0,4.0,-11,4.4680499494413156e-05,8.708217066446423
fixed-00000055,600.0,4.0,-10,0.00013501711879106655,8.389645509317319
fixed-00000055,600.0,4.0,-9,0.00012595641223770386,8.058583440755712
fixed-00000055,600.0,4.0,-8,7.039016478158727e-05,7.713422675659871
fixed-00000055,600.0,4.0,-7,0.0001202442220065962,7.352177750609371
fixed-00000055,600.0,4.0,-6,0.0003466741788204971,6.9723490289475905
fixed-00000055,600.0,4.0,-5,0.00017369638015336027,6.570714442852491
fixed-00000055,600.0,4.0,-4,0.00025231863100874836,6.142998339829575
fixed-00000055,600.0,4.0,-3,0.0018445277881092086,5.683315135192018
fixed-00000055,600.0,4.0,-2,0.001419818988325814,5.1831664320526585
fixed-00000055,600.0,4.0,-1,0.0047898828704200334,4.629455434298478
fixed-00000055,600.0,4.0,0,0.15753559061099975,4.000000000000043
fixed-00000055,600.0,4.0,1,0.009107379104073006,3.2510983398922093
fixed-00000055,600.0,4.0,2,0.025137168022958154,2.2673283559992825
fixed-00000055,600.0,4.0,3,0.0,0.0
fixed-00000055,600.0,4.0,4,0.0,0.0
fixed-00000055,600.0,4.0,5,0.0,0.0
fixed-00000055,600.0,4.0,6,0.0,0.0
fixed-00000055,600.0,4.0,7,0.0,0.0
fixed-00000055,600.0,4.0,8,0.0,0.0
fixed-00000055,600.0,4.0,9,0.0,0.0
fixed-00000055,600.0,4.0,10,0.0,0.0
fixed-00000055,600.0,4.0,11,0.0,0.0
fixed-00000055,600.0,4.0,12,0.0,0.0
fixed-00000055,600.0,4.0,13,0.0,0.0
fixed-00000055,600.0,4.0,14,0.0,0.0
fixed-00000055,600.0,4.0,15,0.0,0.0
fixed-00000055,600.0,4.0,16,0.0,0.0
fixed-00000055,600.0,4.0,17,0.0,0.0
fixed-00000055,600.0,4.0,18,0.0,0.0
fixed-00000055,600.0,4.0,19,0.0,0.0
fixed-00000055,600.0,4.0,20,0.0,0.0
fixed-00000056,610.0,4.0,-20,6.137671978822333e-05,11.096513256647427
fixed-00000056,610.0,4.0,-19,6.10362559165756e-05,10.851824276946246
fixed-00000056,610.0,4.0,-18,4.1105856232434726e-05,10.601558435056262
fixed-00000056,610.0,4.0,-17,4.0605390005325434e-05,10.345310958848756
fixed-00000056,610.0,4.0,-16,7.723666992993166e-05,10.08262574563632
fixed-00000056,610.0,4.0,-15,5.521598162529483e-05,9.81298576201776
fixed-00000056,610.0,4.0,-14,4.345816100439931e-05,9.535801004270269
fixed-00000056,610.0,4.0,-13,0.00011504049065910583,9.250393216009584
fixed-00000056,610.0,4.0,-12,7.786581692444456e-05,8.955976227169515
fixed-00000056,610.0,4.0,-11,5.7320459428629126e-05,8.651630275811442
fixed-00000056,610.0,4.0,-10,0.00015864639927689776,8.336267896291588
fixed-00000056,610.0,4.0,-9,0.00012701513976662266,8.008587719170848
fixed-00000056,610.0,4.0,-8,7.961622840728457e-05,7.6670104947684905
fixed-00000056,610.0,4.0,-7,0.00015996685169982877,7.309588189513036
fixed-00000056,610.0,4.0,-6,0.00034910768216505,6.933870854335623
fixed-00000056,610.0,4.0,-5,0.00011045780015547611,6.536704486950143
fixed-00000056,610.0,4.0,-4,0.00037521334452931903,6.113910379323968
fixed-00000056,610.0,4.0,-3,0.0017922730358531677,5.659748033833807
fixed-00000056,610.0,4.0,-2,0.0011810263779724415,5.1659507975543875
fixed-00000056,610.0,4.0,-1,0.0069087514075456815,4.619826694692961
fixed-00000056,610.0,4.0,0,0.1556638957962325,4.000000000000043
fixed-00000056,610.0,4.0,1,0.006254558702279496,3.2647588933231475
fixed-00000056,610.0,4.0,2,0.024910016494539142,2.306241453176753
fixed-00000056,610.0,4.0,3,0.0,0.0
fixed-00000056,610.0,4.0,4,0.0,0.0
fixed-00000056,610.0,4.0,5,0.0,0.0
fixed-00000056,610.0,4.0,6,0.0,0.0
fixed-00000056,610.0,4.0,7,0.0,0.0
fixed-00000056,610.0,4.0,8,0.0,0.0
fixed-00000056,610.0,4.0,9,0.0,0.0
fixed-00000056,610.0,4.0,10,0.0,0.0
fixed-00000056,610.0,4.0,11,0.0,0.0
fixed-00000056,610.0,4.0,12,0.0,0.0
fixed-00000056,610.0,4.0,13,0.0,0.0
fixed-00000056,610.0,4.0,14,0.0,0.0
fixed-00000056,610.0,4.0,15,0.0,0.0
fixed-00000056,610.0,4.0,16,0.0,0.0
fixed-00000056,610.0,4.0,17,0.0,0.0
fixed-00000056,610.0,4.0,18,0.0,0.0
fixed-00000056,610.0,4.0,19,0.0,0.0
fixed-00000056,610.0,4.0,20,0.0,0.0
fixed-00000057,620.0,4.0,-20,6.601966917760746e-05,11.01816778980809
fixed-00000057,620.0,4.0,-19,6.362839188950886e-05,10.775740371233866
fixed-00000057,620.0,4.0,-18,4.08120791614383e-05,10.527799382740596
fixed-00000057,620.0,4.0,-17,4.558583872895526e-05,10.273945610776423
fixed-00000057,620.0,4.0,-16,8.153763413476163e-05,10.013729342403465
fixed-00000057,620.0,4.0,-15,5.341815986283931e-05,9.746640945379099
fixed-00000057,620.0,4.0,-14,4.990915073662173e-05,9.472099061220248
fixed-00000057,620.0,4.0,-13,0.00012255811075957842,9.189435627547212
fixed-00000057,620.0,4.0,-12,7.289142167358802e-05,8.89787662245989
fixed-00000057,620.0,4.0,-11,6.583447229966792e-05,8.59651693548875
fixed-00000057,620.0,4.0,-10,0.00017121548064370456,8.284287014836138
fixed-00000057,620.0,4.0,-9,0.00011569934261138436,7.959907741050458
fixed-00000057,620.0,4.0,-8,8.288492681967053e-05,7.621828010395305
fixed-00000057,620.0,4.0,-7,0.00018304054583792264,7.268136168200272
fixed-00000057,620.0,4.0,-6,0.0003185351815149077,6.896430508503414
fixed-00000057,620.0,4.0,-5,5.808562761260956e-05,6.503623029707683
fixed-00000057,620.0,4.0,-4,0.0004956008650943957,6.085628867863377
fixed-00000057,620.0,4.0,-3,0.0016416339601000678,5.636847653619654
fixed-00000057,620.0,4.0,-2,0.001203485327630941,5.149235852894208
fixed-00000057,620.0,4.0,-1,0.009293561426288675,4.610489454720607
fixed-00000057,620.0,4.0,0,0.15510531442622655,4.000000000000043
fixed-00000057,620.0,4.0,1,0.004385464369552748,3.277924638120453
fixed-00000057,620.0,4.0,2,0.021116629585146825,2.3432844286040506
fixed-00000057,620.0,4.0,3,0.004030493988720115,0.4884414427613848
fixed-00000057,620.0,4.0,4,0.0,0.0
fixed-00000057,620.0,4.0,5,0.0,0.0
fixed-00000057,620.0,4.0,6,0.0,0.0
fixed-00000057,620.0,4.0,7,0.0,0.0
fixed-00000057,620.0,4.0,8,0.0,0.0
fixed-00000057,620.0,4.0,9,0.0,0.0
fixed-00000057,620.0,4.0,10,0.0,0.0
fixed-00000057,620.0,4.0,11,0.0,0.0
fixed-00000057,620.0,4.0,12,0.0,0.0
fixed-00000057,620.0,4.0,13,0.0,0.0
fixed-00000057,620.0,4.0,14,0.0,0.0
fixed-00000057,620.0,4.0,15,0.0,0.0
fixed-00000057,620.0,4.0,16,0.0,0.0
fixed-00000057,620.0,4.0,17,0.0,0.0
fixed-00000057,620.0,4.0,18,0.0,0.0
fixed-00000057,620.0,4.0,19,0.0,0.0
fixed-00000057,620.0,4.0,20,0.0,0.0
fixed-00000058,630.0,4.0,-20,7.036062050737997e-05,10.941781605456612
fixed-00000058,630.0,4.0,-19,6.577646385725053e-05,10.701562533089998
fixed-00000058,630.0,4.0,-18,4.11585456069907e-05,10.455891726370012
fixed-00000058,630.0,4.0,-17,5.0885582354680705e-05,10.20437539785597
fixed-00000058,630.0,4.0,-16,8.524846334566963e-05,9.946570071032795
fixed-00000058,630.0,4.0,-15,5.3202341173640266e-05,9.681973335802624
fixed-00000058,630.0,4.0,-14,5.743172869123407e-05,9.41001226788633
fixed-00000058,630.0,4.0,-13,0.00012988235997192532,9.130028747397347
fixed-00000058,630.0,4.0,-12,7.146543373975163e-05,8.841260597125114
fixed-00000058,630.0,4.0,-11,7.726375485827019e-05,8.542816986689516
fixed-00000058,630.0,4.0,-10,0.00018595066114884882,8.233645816218939
fixed-00000058,630.0,4.0,-9,0.00011180060699007546,7.912489630768675
fixed-00000058,630.0,4.0,-8,9.669441037345566e-05,7.57782471381698
fixed-00000058,630.0,4.0,-7,0.00021276437406836228,7.227774780095132
fixed-00000058,630.0,4.0,-6,0.000304896449147803,6.859984980240881
fixed-00000058,630.0,4.0,-5,3.757200008708904e-05,6.471431333409825
fixed-00000058,630.0,4.0,-4,0.0005955953546806532,6.058119851243731
fixed-00000058,630.0,4.0,-3,0.0015519750918547392,5.61458555509806
fixed-00000058,630.0,4.0,-2,0.0012244620131518266,5.1329998162636485
fixed-00000058,630.0,4.0,-1,0.011746933252921187,4.601430619700565
fixed-00000058,630.0,4.0,0,0.15204587562794272,4.000000000000043
fixed-00000058,630.0,4.0,1,0.0026980568937850498,3.290622283534958
fixed-00000058,630.0,4.0,2,0.019591649250123917,2.3786020958455225
fixed-00000058,630.0,4.0,3,0.005366712361866002,0.6990406976817525
fixed-00000058,630.0,4.0,4,0.0,0.0
fixed-00000058,630.0,4.0,5,0.0,0.0
fixed-00000058,630.0,4.0,6,0.0,0.0
fixed-00000058,630.0,4.0,7,0.0,0.0
fixed-00000058,630.0,4.0,8,0.0,0.0
fixed-00000058,630.0,4.0,9,0.0,0.0
fixed-00000058,630.0,4.0,10,0.0,0.0
fixed-00000058,630.0,4.0,11,0.0,0.0
fixed-00000058,630.0,4.0,12,0.0,0.0
fixed-00000058,630.0,4.0,13,0.0,0.0
fixed-00000058,630.0,4.0,14,0.0,0.0
fixed-00000058,630.0,4.0,15,0.0,0.0
fixed-00000058,630.0,4.0,16,0.0,0.0
fixed-00000058,630.0,4.0,17,0.0,0.0
fixed-00000058,630.0,4.0,18,0.0,0.0
fixed-00000058,630.0,4.0,19,0.0,0.0
fixed-00000058,630.0,4.0,20,0.0,0.0
fixed-00000059,640.0,4.0,-20,7.533910686148158e-05,10.867276770488644
fixed-00000059,640.0,4.0,-19,6.82009329887398e-05,10.62921490659339
fixed-00000059,640.0,4.0,-18,4.224571387466672e-05,10.385761741931148
fixed-00000059,640.0,4.0,-17,5.679832048186618e-05,10.13652878764816
fixed-00000059,640.0,4.0,-16,8.918732483485771e-05,9.881078656044693
fixed-00000059,640.0,4.0,-15,5.411626465419155e-05,9.618915986834352
fixed-00000059,640.0,4.0,-14,6.592478588266622e-05,9.34947608678739
fixed-00000059,640.0,4.0,-13,0.0001376945322413274,9.072110536405091
fixed-00000059,640.0,4.0,-12,7.176139680493135e-05,8.786068711064956
fixed-00000059,640.0,4.0,-11,9.074742273734568e-05,8.490473703062207
fixed-00000059,640.0,4.0,-10,0.00020192102853233378,8.184290419985587
fixed-00000059,640.0,4.0,-9,0.00011059353402150358,7.866282508187567
fixed-00000059,640.0,4.0,-8,0.00011651478536783755,7.534952908764481
fixed-00000059,640.0,4.0,-7,0.00024493868105921314,7.188459735617585
fixed-00000059,640.0,4.0,-6,0.0002971768409423529,6.824493664384079
fixed-00000059,640.0,4.0,-5,3.415236241862332e-05,6.440092835409786
fixed-00000059,640.0,4.0,-4,0.0006968630270606819,6.03135129215535
fixed-00000059,640.0,4.0,-3,0.0014840637308882834,5.592934917952817
fixed-00000059,640.0,4.0,-2,0.001274744321367876,5.117222163430583
fixed-00000059,640.0,4.0,-1,0.014407563935433486,4.592637870608058
fixed-00000059,640.0,4.0,0,0.14837076708462416,4.000000000000128
fixed-00000059,640.0,4.0,1,0.0014847617310413898,3.302876628141391
fixed-00000059,640.0,4.0,2,0.01837459208921567,2.4123233315560384
fixed-00000059,640.0,4.0,3,0.006233327381452389,0.8549436764009926
fixed-00000059,640.0,4.0,4,0.0,0.0
fixed-00000059,640.0,4.0,5,0.0,0.0
fixed-00000059,640.0,4.0,6,0.0,0.0
fixed-00000059,640.0,4.0,7,0.0,0.0
fixed-00000059,640.0,4.0,8,0.0,0.0
fixed-00000059,640.0,4.0,9,0.0,0.0
fixed-00000059,640.0,4.0,10,0.0,0.0
fixed-00000059,640.0,4.0,11,0.0,0.0
fixed-00000059,640.0,4.0,12,0.0,0.0
fixed-00000059,640.0,4.0,13,0.0,0.0
fixed-00000059,640.0,4.0,14,0.0,0.0
fixed-00000059,640.0,4.0,15,0.0,0.0
fixed-00000059,640.0,4.0,16,0.0,0.0
fixed-00000059,640.0,4.0,17,0.0,0.0
fixed-00000059,640.0,4.0,18,0.0,0.0
fixed-00000059,640.0,4.0,19,0.0,0.0
fixed-00000059,640.0,4.0,20,0.0,0.0
