case_id,energy_ev,grazing_angle_deg,order,efficiency,diffraction_angle_deg
fixed-00000000,50.0,4.0,-20,9.017145684713952e-05,36.946600757765104
fixed-00000000,50.0,4.0,-19,7.923221723667689e-05,35.99049916925804
fixed-00000000,50.0,4.0,-18,6.408359286937809e-05,35.01190478081956
fixed-00000000,50.0,4.0,-17,7.533720248161578e-05,34.00884370553947
fixed-00000000,50.0,4.0,-16,9.01018287172099e-05,32.97905073283735
fixed-00000000,50.0,4.0,-15,0.00010741095834839981,31.919905276127125
fixed-00000000,50.0,4.0,-14,9.237861910061323e-05,30.828348020108905
fixed-00000000,50.0,4.0,-13,0.0001507795596205208,29.700770649131364
fixed-00000000,50.0,4.0,-12,0.00017817574913189755,28.532867207683132
fixed-00000000,50.0,4.0,-11,0.00010108205620455387,27.319429403774024
fixed-00000000,50.0,4.0,-10,0.00029242535101758394,26.054057638388535
fixed-00000000,50.0,4.0,-9,0.0002889782327118088,24.728741050446132
fixed-00000000,50.0,4.0,-8,0.00016065991296097576,23.333225797914665
fixed-00000000,50.0,4.0,-7,0.0007265345953568242,21.854024375341254
fixed-00000000,50.0,4.0,-6,0.0004901172163277704,20.272780035826898
fixed-00000000,50.0,4.0,-5,0.0003713682115591624,18.563384620134798
fixed-00000000,50.0,4.0,-4,0.0027159416793245687,16.686445270170665
fixed-00000000,50.0,4.0,-3,0.0008884861767307289,14.577325397340658
fixed-00000000,50.0,4.0,-2,0.004646128870685486,12.115293466158093
fixed-00000000,50.0,4.0,-1,0.03340821363276753,9.015622340555609
fixed-00000000,50.0,4.0,0,0.6893896366848543,4.000000000000043
fixed-00000000,50.0,4.0,1,0.0,0.0
fixed-00000000,50.0,4.0,2,0.0,0.0
fixed-00000000,50.0,4.0,3,0.0,0.0
fixed-00000000,50.0,4.0,4,0.0,0.0
fixed-00000000,50.0,4.0,5,0.0,0.0
fixed-00000000,50.0,4.0,6,0.0,0.0
fixed-00000000,50.0,4.0,7,0.0,0.0
fixed-00000000,50.0,4.0,8,0.0,0.0
fixed-00000000,50.0,4.0,9,0.0,0.0
fixed-00000000,50.0,4.0,10,0.0,0.0
fixed-00000000,50.0,4.0,11,0.0,0.0
fixed-00000000,50.0,4.0,12,0.0,0.0
fixed-00000000,50.0,4.0,13,0.0,0.0
fixed-00000000,50.0,4.0,14,0.0,0.0
fixed-00000000,50.0,4.0,15,0.0,0.0
fixed-00000000,50.0,4.0,16,0.0,0.0
fixed-00000000,50.0,4.0,17,0.0,0.0
fixed-00000000,50.0,4.0,18,0.0,0.0
fixed-00000000,50.0,4.0,19,0.0,0.0
fixed-00000000,50.0,4.0,20,0.0,0.0
fixed-00000007,120.0,4.0,-20,0.0009521476640557225,23.80694914738052
fixed-00000007,120.0,4.0,-19,0.0008761769974159008,23.21337059431326
fixed-00000007,120.0,4.0,-18,0.0006484702146981213,22.605093498036354
fixed-00000007,120.0,4.0,-17,0.000997865484886075,21.980894517242845
fixed-00000007,120.0,4.0,-16,0.0011690720103785235,21.33937330915093
fixed-00000007,120.0,4.0,-15,0.0010621717180467867,20.67891449907833
fixed-00000007,120.0,4.0,-14,0.0015006569389477665,19.997638457525795
fixed-00000007,120.0,4.0,-13,0.0017275198871868384,19.293336575596342
fixed-00000007,120.0,4.0,-12,0.0015252449280077048,18.563384620134826
fixed-00000007,120.0,4.0,-11,0.0019466127382753156,17.80462435107323
fixed-00000007,120.0,4.0,-10,0.0021273511541618504,17.01319792164763
fixed-00000007,120.0,4.0,-9,0.002455430230357282,16.18430978152439
fixed-00000007,120.0,4.0,-8,0.002509388648639378,15.311873059069754
fixed-00000007,120.0,4.0,-7,0.0035757831264269847,14.387963517781984
fixed-00000007,120.0,4.0,-6,0.004046331241177188,13.401935191968363
fixed-00000007,120.0,4.0,-5,0.002688095999173488,12.338899720932332
fixed-00000007,120.0,4.0,-4,0.0123549372690906,11.176900501616302
fixed-00000007,120.0,4.0,-3,0.007651334997414578,9.881078656044693
fixed-00000007,120.0,4.0,-2,0.017623603928240604,8.389645509317262
fixed-00000007,120.0,4.0,-1,0.160399988453708,6.570714442852491
fixed-00000007,120.0,4.0,0,0.6086710400553953,4.000000000000128
fixed-00000007,120.0,4.0,1,0.0,0.0
fixed-00000007,120.0,4.0,2,0.0,0.0
fixed-00000007,120.0,4.0,3,0.0,0.0
fixed-00000007,120.0,4.0,4,0.0,0.0
fixed-00000007,120.0,4.0,5,0.0,0.0
fixed-00000007,120.0,4.0,6,0.0,0.0
fixed-00000007,120.0,4.0,7,0.0,0.0
fixed-00000007,120.0,4.0,8,0.0,0.0
fixed-00000007,120.0,4.0,9,0.0,0.0
fixed-00000007,120.0,4.0,10,0.0,0.0
fixed-00000007,120.0,4.0,11,0.0,0.0
fixed-00000007,120.0,4.0,12,0.0,0.0
fixed-00000007,120.0,4.0,13,0.0,0.0
fixed-00000007,120.0,4.0,14,0.0,0.0
fixed-00000007,120.0,4.0,15,0.0,0.0
fixed-00000007,120.0,4.0,16,0.0,0.0
fixed-00000007,120.0,4.0,17,0.0,0.0
fixed-00000007,120.0,4.0,18,0.0,0.0
fixed-00000007,120.0,4.0,19,0.0,0.0
fixed-00000007,120.0,4.0,20,0.0,0.0
fixed-00000006,110.0,4.0,-20,0.0011872809367346995,24.851951542714687
fixed-00000006,110.0,4.0,-19,0.00108575233040791,24.2300299857246
fixed-00000006,110.0,4.0,-18,0.0007199851267900162,23.592732267871042
fixed-00000006,110.0,4.0,-17,0.0010842403406683934,22.938772943565866
fixed-00000006,110.0,4.0,-16,0.0012453827167024174,22.266680028298126
fixed-00000006,110.0,4.0,-15,0.0010236346735766617,21.574754793732083
fixed-00000006,110.0,4.0,-14,0.0013802295887691519,20.861019691517996
fixed-00000006,110.0,4.0,-13,0.0015390999634036983,20.12314981933116
fixed-00000006,110.0,4.0,-12,0.0013423069810295047,19.358381089041814
fixed-00000006,110.0,4.0,-11,0.0015905617521281702,18.563384620134798
fixed-00000006,110.0,4.0,-10,0.0018009762432629058,17.73409081271616
fixed-00000006,110.0,4.0,-9,0.002108809009783101,16.86543602782575
fixed-00000006,110.0,4.0,-8,0.0019647433020193146,15.950985698613678
fixed-00000006,110.0,4.0,-7,0.0032001010543291466,14.982351111948859
fixed-00000006,110.0,4.0,-6,0.003448867835573508,13.948242344473982
fixed-00000006,110.0,4.0,-5,0.0021335595318133956,12.832834315133255
fixed-00000006,110.0,4.0,-4,0.011266292855512583,11.612716944258509
fixed-00000006,110.0,4.0,-3,0.006394209142993362,10.250559696102783
fixed-00000006,110.0,4.0,-2,0.016042576058892127,8.679735599183942
fixed-00000006,110.0,4.0,-1,0.14259997507107203,6.756222279782023
fixed-00000006,110.0,4.0,0,0.6398694141396992,4.000000000000043
fixed-00000006,110.0,4.0,1,0.0,0.0
fixed-00000006,110.0,4.0,2,0.0,0.0
fixed-00000006,110.0,4.0,3,0.0,0.0
fixed-00000006,110.0,4.0,4,0.0,0.0
fixed-00000006,110.0,4.0,5,0.0,0.0
fixed-00000006,110.0,4.0,6,0.0,0.0
fixed-00000006,110.0,4.0,7,0.0,0.0
fixed-00000006,110.0,4.0,8,0.0,0.0
fixed-00000006,110.0,4.0,9,0.0,0.0
fixed-00000006,110.0,4.0,10,0.0,0.0
fixed-00000006,110.0,4.0,11,0.0,0.0
fixed-00000006,110.0,4.0,12,0.0,0.0
fixed-00000006,110.0,4.0,13,0.0,0.0
fixed-00000006,110.0,4.0,14,0.0,0.0
fixed-00000006,110.0,4.0,15,0.0,0.0
fixed-00000006,110.0,4.0,16,0.0,0.0
fixed-00000006,110.0,4.0,17,0.0,0.0
fixed-00000006,110.0,4.0,18,0.0,0.0
fixed-00000006,110.0,4.0,19,0.0,0.0
fixed-00000006,110.0,4.0,20,0.0,0.0
fixed-00000005,100.0,4.0,-20,0.001176534603614327,26.054057638388535
fixed-00000005,100.0,4.0,-19,0.0009685949259755375,25.39947137852822
fixed-00000005,100.0,4.0,-18,0.0005695122952258227,24.728741050446132
fixed-00000005,100.0,4.0,-17,0.0009133581547523392,24.040510406174633
fixed-00000005,100.0,4.0,-16,0.0009783302882933114,23.333225797914665
fixed-00000005,100.0,4.0,-15,0.000789479459682618,22.60509349803634
fixed-00000005,100.0,4.0,-14,0.0010759774887813174,21.854024375341254
fixed-00000005,100.0,4.0,-13,0.001143603209622749,21.07756102550144
fixed-00000005,100.0,4.0,-12,0.001057912836704403,20.272780035826898
fixed-00000005,100.0,4.0,-11,0.0011879513182353626,19.43615815678045
fixed-00000005,100.0,4.0,-10,0.001393377807686452,18.563384620134798
fixed-00000005,100.0,4.0,-9,0.0016904366761477517,17.649090489235533
fixed-00000005,100.0,4.0,-8,0.0014414148906632845,16.686445270170665
fixed-00000005,100.0,4.0,-7,0.002669097217961596,15.666531340439832
fixed-00000005,100.0,4.0,-6,0.002780819014575554,14.577325397340658
fixed-00000005,100.0,4.0,-5,0.0016253351368686773,13.401935191968334
fixed-00000005,100.0,4.0,-4,0.009664069052824043,12.115293466158093
fixed-00000005,100.0,4.0,-3,0.005096927348808474,10.677246924869166
fixed-00000005,100.0,4.0,-2,0.013931536196166919,9.015622340555609
fixed-00000005,100.0,4.0,-1,0.12108955067289666,6.972349028947534
fixed-00000005,100.0,4.0,0,0.6567608526090878,4.000000000000043
fixed-00000005,100.0,4.0,1,0.0,0.0
fixed-00000005,100.0,4.0,2,0.0,0.0
fixed-00000005,100.0,4.0,3,0.0,0.0
fixed-00000005,100.0,4.0,4,0.0,0.0
fixed-00000005,100.0,4.0,5,0.0,0.0
fixed-00000005,100.0,4.0,6,0.0,0.0
fixed-00000005,100.0,4.0,7,0.0,0.0
fixed-00000005,100.0,4.0,8,0.0,0.0
fixed-00000005,100.0,4.0,9,0.0,0.0
fixed-00000005,100.0,4.0,10,0.0,0.0
fixed-00000005,100.0,4.0,11,0.0,0.0
fixed-00000005,100.0,4.0,12,0.0,0.0
fixed-00000005,100.0,4.0,13,0.0,0.0
fixed-00000005,100.0,4.0,14,0.0,0.0
fixed-00000005,100.0,4.0,15,0.0,0.0
fixed-00000005,100.0,4.0,16,0.0,0.0
fixed-00000005,100.0,4.0,17,0.0,0.0
fixed-00000005,100.0,4.0,18,0.0,0.0
fixed-00000005,100.0,4.0,19,0.0,0.0
fixed-00000005,100.0,4.0,20,0.0,0.0
fixed-00000008,130.0,4.0,-20,0.0007635818217140874,22.887737429280307
fixed-00000008,130.0,4.0,-19,0.0006866125004127433,22.319060381202533
fixed-00000008,130.0,4.0,-18,0.0005151881386319277,21.73628858867596
fixed-00000008,130.0,4.0,-17,0.0008009983993885996,21.138253797703968
fixed-00000008,130.0,4.0,-16,0.00091189095826566,20.523619220618087
fixed-00000008,130.0,4.0,-15,0.0008618449812640251,19.890843436975487
fixed-00000008,130.0,4.0,-14,0.0012916593838778827,19.238133704924607
fixed-00000008,130.0,4.0,-13,0.0015432081719365782,18.563384620134784
fixed-00000008,130.0,4.0,-12,0.001422930369143698,17.86409607789507
fixed-00000008,130.0,4.0,-11,0.0020314449981162085,17.137261306119782
fixed-00000008,130.0,4.0,-10,0.0022613809187116626,16.379210436004684
fixed-00000008,130.0,4.0,-9,0.0025414896509181324,15.58538591965737
fixed-00000008,130.0,4.0,-8,0.002944876899201232,14.750009564284554
fixed-00000008,130.0,4.0,-7,0.0037547094400438973,13.865569460383654
fixed-00000008,130.0,4.0,-6,0.0043685218641026655,12.921991178661202
fixed-00000008,130.0,4.0,-5,0.0032803744134873624,11.905217349750558
fixed-00000008,130.0,4.0,-4,0.012764966864572003,10.794579595613783
fixed-00000008,130.0,4.0,-3,0.008591741492015238,9.557405601711935
fixed-00000008,130.0,4.0,-2,0.01869298998927883,8.136169892284855
fixed-00000008,130.0,4.0,-1,0.17249460561513957,6.409572995038118
fixed-00000008,130.0,4.0,0,0.5651540806023254,3.999999999999943
fixed-00000008,130.0,4.0,1,0.0,0.0
fixed-00000008,130.0,4.0,2,0.0,0.0
fixed-00000008,130.0,4.0,3,0.0,0.0
fixed-00000008,130.0,4.0,4,0.0,0.0
fixed-00000008,130.0,4.0,5,0.0,0.0
fixed-00000008,130.0,4.0,6,0.0,0.0
fixed-00000008,130.0,4.0,7,0.0,0.0
fixed-00000008,130.0,4.0,8,0.0,0.0
fixed-00000008,130.0,4.0,9,0.0,0.0
fixed-00000008,130.0,4.0,10,0.0,0.0
fixed-00000008,130.0,4.0,11,0.0,0.0
fixed-00000008,130.0,4.0,12,0.0,0.0
fixed-00000008,130.0,4.0,13,0.0,0.0
fixed-00000008,130.0,4.0,14,0.0,0.0
fixed-00000008,130.0,4.0,15,0.0,0.0
fixed-00000008,130.0,4.0,16,0.0,0.0
fixed-00000008,130.0,4.0,17,0.0,0.0
fixed-00000008,130.0,4.0,18,0.0,0.0
fixed-00000008,130.0,4.0,19,0.0,0.0
fixed-00000008,130.0,4.0,20,0.0,0.0
fixed-00000002,70.0,4.0,-20,0.000360029663841078,31.143727622325613
fixed-00000002,70.0,4.0,-19,0.00026187765182371494,30.3497443387063
fixed-00000002,70.0,4.0,-18,0.0001853011043332292,29.536506828714217
fixed-00000002,70.0,4.0,-17,0.00026812952991916745,28.702365570412915
fixed-00000002,70.0,4.0,-16,0.00026573016823316773,27.845428820199288
fixed-00000002,70.0,4.0,-15,0.0002892291900374631,26.963509729777833
fixed-00000002,70.0,4.0,-14,0.00030675170735085185,26.054057638388535
fixed-00000002,70.0,4.0,-13,0.0003608614214376921,25.114067339116176
fixed-00000002,70.0,4.0,-12,0.0004321625186257666,24.13995702449016
fixed-00000002,70.0,4.0,-11,0.00032101351281322806,23.127400592828295
fixed-00000002,70.0,4.0,-10,0.0005882615184888796,22.071091552917864
fixed-00000002,70.0,4.0,-9,0.0006928753658491697,20.964400995176362
fixed-00000002,70.0,4.0,-8,0.0004110232269601889,19.798865027537445
fixed-00000002,70.0,4.0,-7,0.0013546097778177597,18.563384620134798
fixed-00000002,70.0,4.0,-6,0.0011469613019092224,17.242912058772163
fixed-00000002,70.0,4.0,-5,0.0006592624979023006,15.816153021261812
fixed-00000002,70.0,4.0,-4,0.0050509405653810365,14.251197562253566
fixed-00000002,70.0,4.0,-3,0.002053662614686237,12.496206306817058
fixed-00000002,70.0,4.0,-2,0.007836183251437933,10.45589172636997
fixed-00000002,70.0,4.0,-1,0.061828792099153256,7.9124896307686186
fixed-00000002,70.0,4.0,0,0.6745403603189386,4.000000000000043
fixed-00000002,70.0,4.0,1,0.0,0.0
fixed-00000002,70.0,4.0,2,0.0,0.0
fixed-00000002,70.0,4.0,3,0.0,0.0
fixed-00000002,70.0,4.0,4,0.0,0.0
fixed-00000002,70.0,4.0,5,0.0,0.0
fixed-00000002,70.0,4.0,6,0.0,0.0
fixed-00000002,70.0,4.0,7,0.0,0.0
fixed-00000002,70.0,4.0,8,0.0,0.0
fixed-00000002,70.0,4.0,9,0.0,0.0
fixed-00000002,70.0,4.0,10,0.0,0.0
fixed-00000002,70.0,4.0,11,0.0,0.0
fixed-00000002,70.0,4.0,12,0.0,0.0
fixed-00000002,70.0,4.0,13,0.0,0.0
fixed-00000002,70.0,4.0,14,0.0,0.0
fixed-00000002,70.0,4.0,15,0.0,0.0
fixed-00000002,70.0,4.0,16,0.0,0.0
fixed-00000002,70.0,4.0,17,0.0,0.0
fixed-00000002,70.0,4.0,18,0.0,0.0
fixed-00000002,70.0,4.0,19,0.0,0.0
fixed-00000002,70.0,4.0,20,0.0,0.0
fixed-00000004,90.0,4.0,-20,0.0009686868095058111,27.45669132490191
fixed-00000004,90.0,4.0,-19,0.0006991516353682077,26.763886623772734
fixed-00000004,90.0,4.0,-18,0.0004166839439992041,26.054057638388535
fixed-00000004,90.0,4.0,-17,0.000687628278562097,25.3257663055293
fixed-00000004,90.0,4.0,-16,0.0006719719811509595,24.57736462946967
fixed-00000004,90.0,4.0,-15,0.0005963811470307068,23.806949147380507
fixed-00000004,90.0,4.0,-14,0.0007726576905761354,23.01230186044222
fixed-00000004,90.0,4.0,-13,0.0007891434238956803,22.19081236476336
fixed-00000004,90.0,4.0,-12,0.0008262119026780732,21.33937330915093
fixed-00000004,90.0,4.0,-11,0.0008219813223397245,20.454237086533084
fixed-00000004,90.0,4.0,-10,0.0010482279128140562,19.530814598225575
fixed-00000004,90.0,4.0,-9,0.0013242569529939626,18.563384620134798
fixed-00000004,90.0,4.0,-8,0.000983823388711965,17.544659849708694
fixed-00000004,90.0,4.0,-7,0.0021745387913126293,16.46511246866092
fixed-00000004,90.0,4.0,-6,0.0021743509210135244,15.311873059069725
fixed-00000004,90.0,4.0,-5,0.0011921212854567912,14.066817881848479
fixed-00000004,90.0,4.0,-4,0.008039276324172851,12.702966158118315
fixed-00000004,90.0,4.0,-3,0.003925204937901976,11.176900501616302
fixed-00000004,90.0,4.0,-2,0.011762629464486392,9.410012267886245
fixed-00000004,90.0,4.0,-1,0.09971054862310069,7.227774780095132
fixed-00000004,90.0,4.0,0,0.6658630838300273,4.000000000000043
fixed-00000004,90.0,4.0,1,0.0,0.0
fixed-00000004,90.0,4.0,2,0.0,0.0
fixed-00000004,90.0,4.0,3,0.0,0.0
fixed-00000004,90.0,4.0,4,0.0,0.0
fixed-00000004,90.0,4.0,5,0.0,0.0
fixed-00000004,90.0,4.0,6,0.0,0.0
fixed-00000004,90.0,4.0,7,0.0,0.0
fixed-00000004,90.0,4.0,8,0.0,0.0
fixed-00000004,90.0,4.0,9,0.0,0.0
fixed-00000004,90.0,4.0,10,0.0,0.0
fixed-00000004,90.0,4.0,11,0.0,0.0
fixed-00000004,90.0,4.0,12,0.0,0.0
fixed-00000004,90.0,4.0,13,0.0,0.0
fixed-00000004,90.0,4.0,14,0.0,0.0
fixed-00000004,90.0,4.0,15,0.0,0.0
fixed-00000004,90.0,4.0,16,0.0,0.0
fixed-00000004,90.0,4.0,17,0.0,0.0
fixed-00000004,90.0,4.0,18,0.0,0.0
fixed-00000004,90.0,4.0,19,0.0,0.0
fixed-00000004,90.0,4.0,20,0.0,0.0
fixed-00000003,80.0,4.0,-20,0.0006275223468714399,29.122161170553625
fixed-00000003,80.0,4.0,-19,0.00043708725563358565,28.383796025086852
fixed-00000003,80.0,4.0,-18,0.0002863566783446303,27.62738395184673
fixed-00000003,80.0,4.0,-17,0.0004468037368397649,26.85139076255797
fixed-00000003,80.0,4.0,-16,0.0004275164152342905,26.05405763838855
fixed-00000003,80.0,4.0,-15,0.00042776517735232595,25.23335224938701
fixed-00000003,80.0,4.0,-14,0.0005002944862811259,24.38690529633689
fixed-00000003,80.0,4.0,-13,0.0005332284173937072,23.51192678300849
fixed-00000003,80.0,4.0,-12,0.0006128607444328954,22.605093498036354
fixed-00000003,80.0,4.0,-11,0.0005241678564808161,21.662394599301848
fixed-00000003,80.0,4.0,-10,0.0007876693089156726,20.678914499078303
fixed-00000003,80.0,4.0,-9,0.0009806059351893724,19.6485188177962
fixed-00000003,80.0,4.0,-8,0.0006385934313892644,18.563384620134826
fixed-00000003,80.0,4.0,-7,0.001735650700865661,17.413268710318007
fixed-00000003,80.0,4.0,-6,0.0016129544346762093,16.18430978152439
fixed-00000003,80.0,4.0,-5,0.0008760784258069653,14.856940312447804
fixed-00000003,80.0,4.0,-4,0.006463825920218585,13.401935191968363
fixed-00000003,80.0,4.0,-3,0.0028903362852632304,11.772044157333355
fixed-00000003,80.0,4.0,-2,0.009691584288609462,9.881078656044693
fixed-00000003,80.0,4.0,-1,0.07953107986038789,7.534952908764481
fixed-00000003,80.0,4.0,0,0.6696201081451494,4.000000000000128
fixed-00000003,80.0,4.0,1,0.0,0.0
fixed-00000003,80.0,4.0,2,0.0,0.0
fixed-00000003,80.0,4.0,3,0.0,0.0
fixed-00000003,80.0,4.0,4,0.0,0.0
fixed-00000003,80.0,4.0,5,0.0,0.0
fixed-00000003,80.0,4.0,6,0.0,0.0
fixed-00000003,80.0,4.0,7,0.0,0.0
fixed-00000003,80.0,4.0,8,0.0,0.0
fixed-00000003,80.0,4.0,9,0.0,0.0
fixed-00000003,80.0,4.0,10,0.0,0.0
fixed-00000003,80.0,4.0,11,0.0,0.0
fixed-00000003,80.0,4.0,12,0.0,0.0
fixed-00000003,80.0,4.0,13,0.0,0.0
fixed-00000003,80.0,4.0,14,0.0,0.0
fixed-00000003,80.0,4.0,15,0.0,0.0
fixed-00000003,80.0,4.0,16,0.0,0.0
fixed-00000003,80.0,4.0,17,0.0,0.0
fixed-00000003,80.0,4.0,18,0.0,0.0
fixed-00000003,80.0,4.0,19,0.0,0.0
fixed-00000003,80.0,4.0,20,0.0,0.0
fixed-00000001,60.0,4.0,-20,0.0002220915178425466,33.66867098629079
fixed-00000001,60.0,4.0,-19,0.00016079187655059375,32.804641534161746
fixed-00000001,60.0,4.0,-18,0.00012473760793341876,31.91990527612714
fixed-00000001,60.0,4.0,-17,0.00016359141671640648,31.012670458853336
fixed-00000001,60.0,4.0,-16,0.00016619230860015935,30.0808814961542
fixed-00000001,60.0,4.0,-15,0.0001988081051181207,29.122161170553625
fixed-00000001,60.0,4.0,-14,0.0001850176378608083,28.133735479709266
fixed-00000001,60.0,4.0,-13,0.0002448437255334195,27.112334302138407
fixed-00000001,60.0,4.0,-12,0.00030509339340214483,26.05405763838855
fixed-00000001,60.0,4.0,-11,0.0001887987782129021,24.95419162388059
fixed-00000001,60.0,4.0,-10,0.0004366305846063401,23.80694914738052
fixed-00000001,60.0,4.0,-9,0.00048160881582842696,22.605093498036354
fixed-00000001,60.0,4.0,-8,0.0002563677041186516,21.33937330915093
fixed-00000001,60.0,4.0,-7,0.001039810964240269,19.997638457525795
fixed-00000001,60.0,4.0,-6,0.0007934364401918534,18.563384620134826
fixed-00000001,60.0,4.0,-5,0.0004947850437751391,17.01319792164763
fixed-00000001,60.0,4.0,-4,0.003849448585547891,15.311873059069754
fixed-00000001,60.0,4.0,-3,0.0014061182728494664,13.401935191968363
fixed-00000001,60.0,4.0,-2,0.006192793419490077,11.176900501616302
fixed-00000001,60.0,4.0,-1,0.04670997764602981,8.389645509317262
fixed-00000001,60.0,4.0,0,0.6822469130845209,4.000000000000128
fixed-00000001,60.0,4.0,1,0.0,0.0
fixed-00000001,60.0,4.0,2,0.0,0.0
fixed-00000001,60.0,4.0,3,0.0,0.0
fixed-00000001,60.0,4.0,4,0.0,0.0
fixed-00000001,60.0,4.0,5,0.0,0.0
fixed-00000001,60.0,4.0,6,0.0,0.0
fixed-00000001,60.0,4.0,7,0.0,0.0
fixed-00000001,60.0,4.0,8,0.0,0.0
fixed-00000001,60.0,4.0,9,0.0,0.0
fixed-00000001,60.0,4.0,10,0.0,0.0
fixed-00000001,60.0,4.0,11,0.0,0.0
fixed-00000001,60.0,4.0,12,0.0,0.0
fixed-00000001,60.0,4.0,13,0.0,0.0
fixed-00000001,60.0,4.0,14,0.0,0.0
fixed-00000001,60.0,4.0,15,0.0,0.0
fixed-00000001,60.0,4.0,16,0.0,0.0
fixed-00000001,60.0,4.0,17,0.0,0.0
fixed-00000001,60.0,4.0,18,0.0,0.0
fixed-00000001,60.0,4.0,19,0.0,0.0
fixed-00000001,60.0,4.0,20,0.0,0.0
fixed-00000009,140.0,4.0,-20,0.0006024197025389652,22.071091552917864
fixed-00000009,140.0,4.0,-19,0.0005310197488582027,21.524522367911075
fixed-00000009,140.0,4.0,-18,0.00041279502331473413,20.964400995176362
fixed-00000009,140.0,4.0,-17,0.0006390042137071641,20.3896085063504
fixed-00000009,140.0,4.0,-16,0.0007091613518970953,19.798865027537445
fixed-00000009,140.0,4.0,-15,0.0006661261174555869,19.190695371391683
fixed-00000009,140.0,4.0,-14,0.001012148456534488,18.563384620134798
fixed-00000009,140.0,4.0,-13,0.0011868820368585943,17.91491981726459
fixed-00000009,140.0,4.0,-12,0.001131560723881279,17.242912058772163
fixed-00000009,140.0,4.0,-11,0.0017691882811684105,16.544490275662753
fixed-00000009,140.0,4.0,-10,0.0020965604786791206,15.816153021261812
fixed-00000009,140.0,4.0,-9,0.0023384506045916976,15.05355599411152
fixed-00000009,140.0,4.0,-8,0.0030985819591401943,14.251197562253566
fixed-00000009,140.0,4.0,-7,0.003746424948365607,13.401935191968334
fixed-00000009,140.0,4.0,-6,0.004390282502248062,12.496206306817058
fixed-00000009,140.0,4.0,-5,0.0038463244500894704,11.520697333479006
fixed-00000009,140.0,4.0,-4,0.012660612520560019,10.45589172636997
fixed-00000009,140.0,4.0,-3,0.00917233688892346,9.27106825583462
fixed-00000009,140.0,4.0,-2,0.019425380548218647,7.9124896307686186
fixed-00000009,140.0,4.0,-1,0.1792859656217842,6.268169548557026
fixed-00000009,140.0,4.0,0,0.5151337601229329,4.000000000000043
fixed-00000009,140.0,4.0,1,0.0,0.0
fixed-00000009,140.0,4.0,2,0.0,0.0
fixed-00000009,140.0,4.0,3,0.0,0.0
fixed-00000009,140.0,4.0,4,0.0,0.0
fixed-00000009,140.0,4.0,5,0.0,0.0
fixed-00000009,140.0,4.0,6,0.0,0.0
fixed-00000009,140.0,4.0,7,0.0,0.0
fixed-00000009,140.0,4.0,8,0.0,0.0
fixed-00000009,140.0,4.0,9,0.0,0.0
fixed-00000009,140.0,4.0,10,0.0,0.0
fixed-00000009,140.0,4.0,11,0.0,0.0
fixed-00000009,140.0,4.0,12,0.0,0.0
fixed-00000009,140.0,4.0,13,0.0,0.0
fixed-00000009,140.0,4.0,14,0.0,0.0
fixed-00000009,140.0,4.0,15,0.0,0.0
fixed-00000009,140.0,4.0,16,0.0,0.0
fixed-00000009,140.0,4.0,17,0.0,0.0
fixed-00000009,140.0,4.0,18,0.0,0.0
fixed-00000009,140.0,4.0,19,0.0,0.0
fixed-00000009,140.0,4.0,20,0.0,0.0
fixed-00000010,150.0,4.0,-20,0.00047033878978126333,21.33937330915093
fixed-00000010,150.0,4.0,-19,0.00039940493034359433,20.81260721870089
fixed-00000010,150.0,4.0,-18,0.0003219554423887226,20.272780035826898
fixed-00000010,150.0,4.0,-17,0.0005000773787474368,19.71881735546995
fixed-00000010,150.0,4.0,-16,0.0005448724454922843,19.149490680969976
fixed-00000010,150.0,4.0,-15,0.0005154899050433286,18.563384620134798
fixed-00000010,150.0,4.0,-14,0.000783225684261707,17.958854520446636
fixed-00000010,150.0,4.0,-13,0.0008838317275574948,17.333970900377437
fixed-00000010,150.0,4.0,-12,0.0008300203481970839,16.686445270170665
fixed-00000010,150.0,4.0,-11,0.0013459518328490998,16.013529106660258
fixed-00000010,150.0,4.0,-10,0.0016272459988990395,15.311873059069754
fixed-00000010,150.0,4.0,-9,0.0018278140661383184,14.577325397340658
fixed-00000010,150.0,4.0,-8,0.0026942331435757835,13.804634215692602
fixed-00000010,150.0,4.0,-7,0.00330328514784597,12.986990452752977
fixed-00000010,150.0,4.0,-6,0.003867781467787626,12.115293466158093
fixed-00000010,150.0,4.0,-5,0.004035550029373493,11.176900501616302
fixed-00000010,150.0,4.0,-4,0.011647129375410702,10.153332615240856
fixed-00000010,150.0,4.0,-3,0.00893421642927931,9.015622340555609
fixed-00000010,150.0,4.0,-2,0.01935184227948961,7.713422675659871
fixed-00000010,150.0,4.0,-1,0.17628194728757135,6.142998339829575
fixed-00000010,150.0,4.0,0,0.4528371886257075,4.000000000000043
fixed-00000010,150.0,4.0,1,0.0,0.0
fixed-00000010,150.0,4.0,2,0.0,0.0
fixed-00000010,150.0,4.0,3,0.0,0.0
fixed-00000010,150.0,4.0,4,0.0,0.0
fixed-00000010,150.0,4.0,5,0.0,0.0
fixed-00000010,150.0,4.0,6,0.0,0.0
fixed-00000010,150.0,4.0,7,0.0,0.0
fixed-00000010,150.0,4.0,8,0.0,0.0
fixed-00000010,150.0,4.0,9,0.0,0.0
fixed-00000010,150.0,4.0,10,0.0,0.0
fixed-00000010,150.0,4.0,11,0.0,0.0
fixed-00000010,150.0,4.0,12,0.0,0.0
fixed-00000010,150.0,4.0,13,0.0,0.0
fixed-00000010,150.0,4.0,14,0.0,0.0
fixed-00000010,150.0,4.0,15,0.0,0.0
fixed-00000010,150.0,4.0,16,0.0,0.0
fixed-00000010,150.0,4.0,17,0.0,0.0
fixed-00000010,150.0,4.0,18,0.0,0.0
fixed-00000010,150.0,4.0,19,0.0,0.0
fixed-00000010,150.0,4.0,20,0.0,0.0
fixed-00000011,160.0,4.0,-20,0.00038560972520398966,20.678914499078303
fixed-00000011,160.0,4.0,-19,0.00031582851624140947,20.170023522549073
fixed-00000011,160.0,4.0,-18,0.00026131166565075616,19.6485188177962
fixed-00000011,160.0,4.0,-17,0.000410265192569824,19.113366448532148
fixed-00000011,160.0,4.0,-16,0.0004360483340981869,18.563384620134826
fixed-00000011,160.0,4.0,-15,0.0004226554635398086,17.997212298226287
fixed-00000011,160.0,4.0,-14,0.0006424449984525909,17.413268710318007
fixed-00000011,160.0,4.0,-13,0.0007075096732214189,16.809700268524495
fixed-00000011,160.0,4.0,-12,0.0006573549005303316,16.18430978152439
fixed-00000011,160.0,4.0,-11,0.0010907904290002165,15.534460149598402
fixed-00000011,160.0,4.0,-10,0.0012918796439994153,14.856940312447804
fixed-00000011,160.0,4.0,-9,0.0014497136859568788,14.147773622565637
fixed-00000011,160.0,4.0,-8,0.002267280255809153,13.401935191968363
fixed-00000011,160.0,4.0,-7,0.002820420381271356,12.612919034749368
fixed-00000011,160.0,4.0,-6,0.0033167381160285996,11.772044157333355
fixed-00000011,160.0,4.0,-5,0.004026669703572531,10.867276770488644
fixed-00000011,160.0,4.0,-4,0.010561431130119935,9.881078656044693
fixed-00000011,160.0,4.0,-3,0.00848146127487659,8.786068711064956
fixed-00000011,160.0,4.0,-2,0.01917853810929406,7.534952908764481
fixed-00000011,160.0,4.0,-1,0.1706909518040335,6.03135129215535
fixed-00000011,160.0,4.0,0,0.39483034264959904,4.000000000000128
fixed-00000011,160.0,4.0,1,0.0,0.0
fixed-00000011,160.0,4.0,2,0.0,0.0
fixed-00000011,160.0,4.0,3,0.0,0.0
fixed-00000011,160.0,4.0,4,0.0,0.0
fixed-00000011,160.0,4.0,5,0.0,0.0
fixed-00000011,160.0,4.0,6,0.0,0.0
fixed-00000011,160.0,4.0,7,0.0,0.0
fixed-00000011,160.0,4.0,8,0.0,0.0
fixed-00000011,160.0,4.0,9,0.0,0.0
fixed-00000011,160.0,4.0,10,0.0,0.0
fixed-00000011,160.0,4.0,11,0.0,0.0
fixed-00000011,160.0,4.0,12,0.0,0.0
fixed-00000011,160.0,4.0,13,0.0,0.0
fixed-00000011,160.0,4.0,14,0.0,0.0
fixed-00000011,160.0,4.0,15,0.0,0.0
fixed-00000011,160.0,4.0,16,0.0,0.0
fixed-00000011,160.0,4.0,17,0.0,0.0
fixed-00000011,160.0,4.0,18,0.0,0.0
fixed-00000011,160.0,4.0,19,0.0,0.0
fixed-00000011,160.0,4.0,20,0.0,0.0
fixed-00000012,170.0,4.0,-20,0.00031141724793170547,20.078937587093307
fixed-00000012,170.0,4.0,-19,0.0002459468721560563,19.586289471248577
fixed-00000012,170.0,4.0,-18,0.0002069737800763672,19.08143745864639
fixed-00000012,170.0,4.0,-17,0.0003305526193201161,18.563384620134798
fixed-00000012,170.0,4.0,-16,0.0003412598211036415,18.030991870959312
fixed-00000012,170.0,4.0,-15,0.00033850531435508614,17.482947890801668
fixed-00000012,170.0,4.0,-14,0.0005153134331754102,16.917730332891097
fixed-00000012,170.0,4.0,-13,0.0005530310660058492,16.333555025629337
fixed-00000012,170.0,4.0,-12,0.0005149345152055566,15.728308285955407
fixed-00000012,170.0,4.0,-11,0.0008697074681231774,15.099454930199627
fixed-00000012,170.0,4.0,-10,0.0010001324204226023,14.443910384212742
fixed-00000012,170.0,4.0,-9,0.0011122661038227353,13.757858124151412
fixed-00000012,170.0,4.0,-8,0.0017798460005167451,13.036480848951996
fixed-00000012,170.0,4.0,-7,0.0022166382798118806,12.273549626976305
fixed-00000012,170.0,4.0,-6,0.002610792159354096,11.460766897267831
fixed-00000012,170.0,4.0,-5,0.003591514704808491,10.586654831666635
fixed-00000012,170.0,4.0,-4,0.008950015102392857,9.634532883621333
fixed-00000012,170.0,4.0,-3,0.0073897844016803235,8.578462776597007
fixed-00000012,170.0,4.0,-2,0.018162739310427445,7.37391453146995
fixed-00000012,170.0,4.0,-1,0.156908169080211,5.931100707011396
fixed-00000012,170.0,4.0,0,0.3317172688444061,4.000000000000043
fixed-00000012,170.0,4.0,1,0.0,0.0
fixed-00000012,170.0,4.0,2,0.0,0.0
fixed-00000012,170.0,4.0,3,0.0,0.0
fixed-00000012,170.0,4.0,4,0.0,0.0
fixed-00000012,170.0,4.0,5,0.0,0.0
fixed-00000012,170.0,4.0,6,0.0,0.0
fixed-00000012,170.0,4.0,7,0.0,0.0
fixed-00000012,170.0,4.0,8,0.0,0.0
fixed-00000012,170.0,4.0,9,0.0,0.0
fixed-00000012,170.0,4.0,10,0.0,0.0
fixed-00000012,170.0,4.0,11,0.0,0.0
fixed-00000012,170.0,4.0,12,0.0,0.0
fixed-00000012,170.0,4.0,13,0.0,0.0
fixed-00000012,170.0,4.0,14,0.0,0.0
fixed-00000012,170.0,4.0,15,0.0,0.0
fixed-00000012,170.0,4.0,16,0.0,0.0
fixed-00000012,170.0,4.0,17,0.0,0.0
fixed-00000012,170.0,4.0,18,0.0,0.0
fixed-00000012,170.0,4.0,19,0.0,0.0
fixed-00000012,170.0,4.0,20,0.0,0.0
fixed-00000013,180.0,4.0,-20,0.0002745870068829695,19.530814598225575
fixed-00000013,180.0,4.0,-19,0.0002095664626635664,19.053012891096714
fixed-00000013,180.0,4.0,-18,0.00018005076360939562,18.563384620134798
fixed-00000013,180.0,4.0,-17,0.00028998972050523706,18.06096687878967
fixed-00000013,180.0,4.0,-16,0.00029279039180391784,17.544659849708694
fixed-00000013,180.0,4.0,-15,0.0002948330355791736,17.013197921647617
fixed-00000013,180.0,4.0,-14,0.0004483901396518208,16.46511246866092
fixed-00000013,180.0,4.0,-13,0.00046727560172149,15.898683146952209
fixed-00000013,180.0,4.0,-12,0.00043955892874837996,15.311873059069725
fixed-00000013,180.0,4.0,-11,0.0007542768133510221,14.702240730771123
fixed-00000013,180.0,4.0,-10,0.0008399170939444823,14.066817881848479
fixed-00000013,180.0,4.0,-9,0.0009377486932256418,13.401935191968363
fixed-00000013,180.0,4.0,-8,0.0015112640728661701,12.702966158118315
fixed-00000013,180.0,4.0,-7,0.0018416178990231856,11.96393641047473
fixed-00000013,180.0,4.0,-6,0.002183515427071292,11.176900501616302
fixed-00000013,180.0,4.0,-5,0.0032024501604967378,10.330890706572049
fixed-00000013,180.0,4.0,-4,0.007717955274031203,9.410012267886245
fixed-00000013,180.0,4.0,-3,0.006463628115669241,8.389645509317262
fixed-00000013,180.0,4.0,-2,0.017198058576069916,7.227774780095132
fixed-00000013,180.0,4.0,-1,0.1440601089264675,5.840549916165145
fixed-00000013,180.0,4.0,0,0.27812564980218685,4.000000000000043
fixed-00000013,180.0,4.0,1,0.0,0.0
fixed-00000013,180.0,4.0,2,0.0,0.0
fixed-00000013,180.0,4.0,3,0.0,0.0
fixed-00000013,180.0,4.0,4,0.0,0.0
fixed-00000013,180.0,4.0,5,0.0,0.0
fixed-00000013,180.0,4.0,6,0.0,0.0
fixed-00000013,180.0,4.0,7,0.0,0.0
fixed-00000013,180.0,4.0,8,0.0,0.0
fixed-00000013,180.0,4.0,9,0.0,0.0
fixed-00000013,180.0,4.0,10,0.0,0.0
fixed-00000013,180.0,4.0,11,0.0,0.0
fixed-00000013,180.0,4.0,12,0.0,0.0
fixed-00000013,180.0,4.0,13,0.0,0.0
fixed-00000013,180.0,4.0,14,0.0,0.0
fixed-00000013,180.0,4.0,15,0.0,0.0
fixed-00000013,180.0,4.0,16,0.0,0.0
fixed-00000013,180.0,4.0,17,0.0,0.0
fixed-00000013,180.0,4.0,18,0.0,0.0
fixed-00000013,180.0,4.0,19,0.0,0.0
fixed-00000013,180.0,4.0,20,0.0,0.0
fixed-00000014,190.0,4.0,-20,0.0002689890515355683,19.027545728760387
fixed-00000014,190.0,4.0,-19,0.00019900648946039105,18.563384620134798
fixed-00000014,190.0,4.0,-18,0.00017589238862870306,18.087745917971517
fixed-00000014,190.0,4.0,-17,0.000282901591066413,17.599698142746774
fixed-00000014,190.0,4.0,-16,0.00028040704132460686,17.098177750245895
fixed-00000014,190.0,4.0,-15,0.00028753517978980165,16.581961354199663
fixed-00000014,190.0,4.0,-14,0.00043421937819710873,16.04962995579325
fixed-00000014,190.0,4.0,-13,0.00044013719769277264,15.49952217558176
fixed-00000014,190.0,4.0,-12,0.00042052946040952653,14.929672049973433
fixed-00000014,190.0,4.0,-11,0.0007308154998587169,14.337724668923613
fixed-00000014,190.0,4.0,-10,0.0007831760583030777,13.720819169692376
fixed-00000014,190.0,4.0,-9,0.0008863270213736036,13.075422179669076
fixed-00000014,190.0,4.0,-8,0.0014377171816947218,12.397083362613174
fixed-00000014,190.0,4.0,-7,0.0016895933563035076,11.680063301026976
fixed-00000014,190.0,4.0,-6,0.002043667440235594,10.916741345033458
fixed-00000014,190.0,4.0,-5,0.003098089596282334,10.096619860707108
fixed-00000014,190.0,4.0,-4,0.007140068586916132,9.204527144434891
fixed-00000014,190.0,4.0,-3,0.006067483043447163,8.217053724399236
fixed-00000014,190.0,4.0,-2,0.017032818333737383,7.094480733772272
fixed-00000014,190.0,4.0,-1,0.13734626035172354,5.758328175331556
fixed-00000014,190.0,4.0,0,0.24057145905994798,4.000000000000043
fixed-00000014,190.0,4.0,1,0.0,0.0
fixed-00000014,190.0,4.0,2,0.0,0.0
fixed-00000014,190.0,4.0,3,0.0,0.0
fixed-00000014,190.0,4.0,4,0.0,0.0
fixed-00000014,190.0,4.0,5,0.0,0.0
fixed-00000014,190.0,4.0,6,0.0,0.0
fixed-00000014,190.0,4.0,7,0.0,0.0
fixed-00000014,190.0,4.0,8,0.0,0.0
fixed-00000014,190.0,4.0,9,0.0,0.0
fixed-00000014,190.0,4.0,10,0.0,0.0
fixed-00000014,190.0,4.0,11,0.0,0.0
fixed-00000014,190.0,4.0,12,0.0,0.0
fixed-00000014,190.0,4.0,13,0.0,0.0
fixed-00000014,190.0,4.0,14,0.0,0.0
fixed-00000014,190.0,4.0,15,0.0,0.0
fixed-00000014,190.0,4.0,16,0.0,0.0
fixed-00000014,190.0,4.0,17,0.0,0.0
fixed-00000014,190.0,4.0,18,0.0,0.0
fixed-00000014,190.0,4.0,19,0.0,0.0
fixed-00000014,190.0,4.0,20,0.0,0.0
fixed-00000015,200.0,4.0,-20,0.0002691905390685676,18.563384620134798
fixed-00000015,200.0,4.0,-19,0.00019265931686324398,18.11181433101568
fixed-00000015,200.0,4.0,-18,0.0001769665619767742,17.649090489235533
fixed-00000015,200.0,4.0,-17,0.0002829261005999292,17.17431076750566
fixed-00000015,200.0,4.0,-16,0.00027392647274792964,16.686445270170665
fixed-00000015,200.0,4.0,-15,0.00028992252815794015,16.184309781524362
fixed-00000015,200.0,4.0,-14,0.0004327686761110127,15.666531340439832
fixed-00000015,200.0,4.0,-13,0.00042392401117539004,15.13150326662813
fixed-00000015,200.0,4.0,-12,0.00041767791860520734,14.577325397340658
fixed-00000015,200.0,4.0,-11,0.0007324491519793982,14.001723117605522
fixed-00000015,200.0,4.0,-10,0.0007501283215128896,13.401935191968334
fixed-00000015,200.0,4.0,-9,0.0008683625894225694,12.774554314257855
fixed-00000015,200.0,4.0,-8,0.0014216596295192959,12.115293466158093
fixed-00000015,200.0,4.0,-7,0.001597887242178957,11.41863095571108
fixed-00000015,200.0,4.0,-6,0.0019929032969157375,10.677246924869166
fixed-00000015,200.0,4.0,-5,0.003121796318066908,9.88107865604465
fixed-00000015,200.0,4.0,-4,0.006784799274703899,9.015622340555609
fixed-00000015,200.0,4.0,-3,0.005820047003072427,8.058583440755712
fixed-00000015,200.0,4.0,-2,0.017461446951627612,6.972349028947534
fixed-00000015,200.0,4.0,-1,0.13228237638082338,5.683315135192018
fixed-00000015,200.0,4.0,0,0.21265044512200695,4.000000000000043
fixed-00000015,200.0,4.0,1,0.0,0.0
fixed-00000015,200.0,4.0,2,0.0,0.0
fixed-00000015,200.0,4.0,3,0.0,0.0
fixed-00000015,200.0,4.0,4,0.0,0.0
fixed-00000015,200.0,4.0,5,0.0,0.0
fixed-00000015,200.0,4.0,6,0.0,0.0
fixed-00000015,200.0,4.0,7,0.0,0.0
fixed-00000015,200.0,4.0,8,0.0,0.0
fixed-00000015,200.0,4.0,9,0.0,0.0
fixed-00000015,200.0,4.0,10,0.0,0.0
fixed-00000015,200.0,4.0,11,0.0,0.0
fixed-00000015,200.0,4.0,12,0.0,0.0
fixed-00000015,200.0,4.0,13,0.0,0.0
fixed-00000015,200.0,4.0,14,0.0,0.0
fixed-00000015,200.0,4.0,15,0.0,0.0
fixed-00000015,200.0,4.0,16,0.0,0.0
fixed-00000015,200.0,4.0,17,0.0,0.0
fixed-00000015,200.0,4.0,18,0.0,0.0
fixed-00000015,200.0,4.0,19,0.0,0.0
fixed-00000015,200.0,4.0,20,0.0,0.0
fixed-00000016,210.0,4.0,-20,0.00024494042417263833,18.133563909262662
fixed-00000016,210.0,4.0,-19,0.00016598030292343317,17.69366376630488
fixed-00000016,210.0,4.0,-18,0.00015903379080167094,17.242912058772163
fixed-00000016,210.0,4.0,-17,0.0002604565323847427,16.78043360412154
fixed-00000016,210.0,4.0,-16,0.00024141125786353459,16.30522983876051
fixed-00000016,210.0,4.0,-15,0.0002631494276925839,15.816153021261812
fixed-00000016,210.0,4.0,-14,0.0003984621457805484,15.311873059069725
fixed-00000016,210.0,4.0,-13,0.0003708089506495647,14.79083420461042
fixed-00000016,210.0,4.0,-12,0.00037273385638274313,14.251197562253566
fixed-00000016,210.0,4.0,-11,0.0006869383298663759,13.690763273626388
fixed-00000016,210.0,4.0,-10,0.0006569259799619377,13.106862846525061
fixed-00000016,210.0,4.0,-9,0.0007745360402542993,12.496206306817086
fixed-00000016,210.0,4.0,-8,0.0013146213671290999,11.854658593029981
fixed-00000016,210.0,4.0,-7,0.001387711652387805,11.176900501616302
fixed-00000016,210.0,4.0,-6,0.0017888736118512518,10.45589172636997
fixed-00000016,210.0,4.0,-5,0.0029338535071468234,9.681973335802653
fixed-00000016,210.0,4.0,-4,0.006145970664191705,8.841260597125114
fixed-00000016,210.0,4.0,-3,0.005072507934433979,7.912489630768675
fixed-00000016,210.0,4.0,-2,0.017139047359458315,6.85998498024081
fixed-00000016,210.0,4.0,-1,0.12719572468504653,5.614585555098117
fixed-00000016,210.0,4.0,0,0.17079628858684875,4.000000000000043
fixed-00000016,210.0,4.0,1,0.04547893177240745,0.6990406976807151
fixed-00000016,210.0,4.0,2,0.0,0.0
fixed-00000016,210.0,4.0,3,0.0,0.0
fixed-00000016,210.0,4.0,4,0.0,0.0
fixed-00000016,210.0,4.0,5,0.0,0.0
fixed-00000016,210.0,4.0,6,0.0,0.0
fixed-00000016,210.0,4.0,7,0.0,0.0
fixed-00000016,210.0,4.0,8,0.0,0.0
fixed-00000016,210.0,4.0,9,0.0,0.0
fixed-00000016,210.0,4.0,10,0.0,0.0
fixed-00000016,210.0,4.0,11,0.0,0.0
fixed-00000016,210.0,4.0,12,0.0,0.0
fixed-00000016,210.0,4.0,13,0.0,0.0
fixed-00000016,210.0,4.0,14,0.0,0.0
fixed-00000016,210.0,4.0,15,0.0,0.0
fixed-00000016,210.0,4.0,16,0.0,0.0
fixed-00000016,210.0,4.0,17,0.0,0.0
fixed-00000016,210.0,4.0,18,0.0,0.0
fixed-00000016,210.0,4.0,19,0.0,0.0
fixed-00000016,210.0,4.0,20,0.0,0.0
fixed-00000017,220.0,4.0,-20,0.00022094408281170703,17.73409081271616
fixed-00000017,220.0,4.0,-19,0.00014484356478930007,17.305048019521294
fixed-00000017,220.0,4.0,-18,0.00014309496849603169,16.86543602782575
fixed-00000017,220.0,4.0,-17,0.00023683394649066602,16.414405017153385
fixed-00000017,220.0,4.0,-16,0.0002159239864234218,15.950985698613678
fixed-00000017,220.0,4.0,-15,0.0002368194354099342,15.474064410036164
fixed-00000017,220.0,4.0,-14,0.00036130633268835233,14.982351111948859
fixed-00000017,220.0,4.0,-13,0.00032947245639317567,14.474337642723825
fixed-00000017,220.0,4.0,-12,0.00033018962484887397,13.948242344473982
fixed-00000017,220.0,4.0,-11,0.0006338450681563329,13.401935191968377
fixed-00000017,220.0,4.0,-10,0.0005831453293236796,12.832834315133255
fixed-00000017,220.0,4.0,-9,0.0006913018223057922,12.237759303340212
fixed-00000017,220.0,4.0,-8,0.0012059737412040482,11.612716944258509
fixed-00000017,220.0,4.0,-7,0.0012234972195833331,10.952576962541741
fixed-00000017,220.0,4.0,-6,0.0016166566476522263,10.250559696102783
fixed-00000017,220.0,4.0,-5,0.00273305565597727,9.49738228221355
fixed-00000017,220.0,4.0,-4,0.005554428847090436,8.679735599183942
fixed-00000017,220.0,4.0,-3,0.004683459252943553,7.777311442431525
fixed-00000017,220.0,4.0,-2,0.016063123252116607,6.756222279782023
fixed-00000017,220.0,4.0,-1,0.12224760843801222,5.551368162118536
fixed-00000017,220.0,4.0,0,0.13549905251600267,4.000000000000043
fixed-00000017,220.0,4.0,1,0.06915131646574227,1.0924531720081205
fixed-00000017,220.0,4.0,2,0.0,0.0
fixed-00000017,220.0,4.0,3,0.0,0.0
fixed-00000017,220.0,4.0,4,0.0,0.0
fixed-00000017,220.0,4.0,5,0.0,0.0
fixed-00000017,220.0,4.0,6,0.0,0.0
fixed-00000017,220.0,4.0,7,0.0,0.0
fixed-00000017,220.0,4.0,8,0.0,0.0
fixed-00000017,220.0,4.0,9,0.0,0.0
fixed-00000017,220.0,4.0,10,0.0,0.0
fixed-00000017,220.0,4.0,11,0.0,0.0
fixed-00000017,220.0,4.0,12,0.0,0.0
fixed-00000017,220.0,4.0,13,0.0,0.0
fixed-00000017,220.0,4.0,14,0.0,0.0
fixed-00000017,220.0,4.0,15,0.0,0.0
fixed-00000017,220.0,4.0,16,0.0,0.0
fixed-00000017,220.0,4.0,17,0.0,0.0
fixed-00000017,220.0,4.0,18,0.0,0.0
fixed-00000017,220.0,4.0,19,0.0,0.0
fixed-00000017,220.0,4.0,20,0.0,0.0
fixed-00000019,240.0,4.0,-20,0.00021260202454329187,17.01319792164763
fixed-00000019,240.0,4.0,-19,0.00013268804824782956,16.60378152529381
fixed-00000019,240.0,4.0,-18,0.00014013998604076332,16.18430978152439
fixed-00000019,240.0,4.0,-17,0.00022864355757600511,15.753978980891489
fixed-00000019,240.0,4.0,-16,0.0002053669683636231,15.311873059069754
fixed-00000019,240.0,4.0,-15,0.00022738556174121795,14.856940312447833
fixed-00000019,240.0,4.0,-14,0.00034322113924763865,14.387963517781984
fixed-00000019,240.0,4.0,-13,0.0003076247304433979,13.903521017776214
fixed-00000019,240.0,4.0,-12,0.0003064896501979866,13.401935191968363
fixed-00000019,240.0,4.0,-11,0.0006217135997047196,12.881202923645205
fixed-00000019,240.0,4.0,-10,0.0005359499199891766,12.338899720932332
fixed-00000019,240.0,4.0,-9,0.0006420860066998292,11.772044157333369
fixed-00000019,240.0,4.0,-8,0.0011675641969032971,11.176900501616302
fixed-00000019,240.0,4.0,-7,0.0010913721157100604,10.548681150469449
fixed-00000019,240.0,4.0,-6,0.00152095516158022,9.881078656044693
fixed-00000019,240.0,4.0,-5,0.0026631936810441043,9.165490343367907
fixed-00000019,240.0,4.0,-4,0.004949820836626742,8.389645509317262
fixed-00000019,240.0,4.0,-3,0.004503012403322242,7.534952908764538
fixed-00000019,240.0,4.0,-2,0.014973872637724534,6.570714442852491
fixed-00000019,240.0,4.0,-1,0.11792097026092778,5.438975549640787
fixed-00000019,240.0,4.0,0,0.08816055867597587,4.000000000000128
fixed-00000019,240.0,4.0,1,0.09818735195981484,1.5578535504268984
fixed-00000019,240.0,4.0,2,0.0,0.0
fixed-00000019,240.0,4.0,3,0.0,0.0
fixed-00000019,240.0,4.0,4,0.0,0.0
fixed-00000019,240.0,4.0,5,0.0,0.0
fixed-00000019,240.0,4.0,6,0.0,0.0
fixed-00000019,240.0,4.0,7,0.0,0.0
fixed-00000019,240.0,4.0,8,0.0,0.0
fixed-00000019,240.0,4.0,9,0.0,0.0
fixed-00000019,240.0,4.0,10,0.0,0.0
fixed-00000019,240.0,4.0,11,0.0,0.0
fixed-00000019,240.0,4.0,12,0.0,0.0
fixed-00000019,240.0,4.0,13,0.0,0.0
fixed-00000019,240.0,4.0,14,0.0,0.0
fixed-00000019,240.0,4.0,15,0.0,0.0
fixed-00000019,240.0,4.0,16,0.0,0.0
fixed-00000019,240.0,4.0,17,0.0,0.0
fixed-00000019,240.0,4.0,18,0.0,0.0
fixed-00000019,240.0,4.0,19,0.0,0.0
fixed-00000019,240.0,4.0,20,0.0,0.0
fixed-00000018,230.0,4.0,-20,0.00021015668058272003,17.361592560354026
fixed-00000018,230.0,4.0,-19,0.00013401371888465365,16.942685258157596
fixed-00000018,230.0,4.0,-18,0.00013675442079784996,16.513473571464004
fixed-00000018,230.0,4.0,-17,0.00022593927446959365,16.07313144984927
fixed-00000018,230.0,4.0,-16,0.0002041090474130427,15.62071704156071
fixed-00000018,230.0,4.0,-15,0.0002245540901479133,15.155148624219663
fixed-00000018,230.0,4.0,-14,0.00034216269413496253,14.675173695966748
fixed-00000018,230.0,4.0,-13,0.0003081605844227925,14.179328690446923
fixed-00000018,230.0,4.0,-12,0.00030747142836075455,13.665885586158865
fixed-00000018,230.0,4.0,-11,0.0006098241749597894,13.13277978959242
fixed-00000018,230.0,4.0,-10,0.0005411286111346149,12.577510579407715
fixed-00000018,230.0,4.0,-9,0.000645381597983705,11.997000160210277
fixed-00000018,230.0,4.0,-8,0.0011505286258771319,11.387388125912437
fixed-00000018,230.0,4.0,-7,0.0011206687576796174,10.743720994389975
fixed-00000018,230.0,4.0,-6,0.0015207354024514956,10.059462823221452
fixed-00000018,230.0,4.0,-5,0.002620769389113049,9.325682005200974
fixed-00000018,230.0,4.0,-4,0.005130954397669208,8.529606124486918
fixed-00000018,230.0,4.0,-3,0.004465816572108779,7.651815588106331
fixed-00000018,230.0,4.0,-2,0.015252888005533271,6.660077368214232
fixed-00000018,230.0,4.0,-1,0.11837224629497778,5.493014580257693
fixed-00000018,230.0,4.0,0,0.10832266159506984,4.000000000000043
fixed-00000018,230.0,4.0,1,0.0847742956366306,1.3553543387345144
fixed-00000018,230.0,4.0,2,0.0,0.0
fixed-00000018,230.0,4.0,3,0.0,0.0
fixed-00000018,230.0,4.0,4,0.0,0.0
fixed-00000018,230.0,4.0,5,0.0,0.0
fixed-00000018,230.0,4.0,6,0.0,0.0
fixed-00000018,230.0,4.0,7,0.0,0.0
fixed-00000018,230.0,4.0,8,0.0,0.0
fixed-00000018,230.0,4.0,9,0.0,0.0
fixed-00000018,230.0,4.0,10,0.0,0.0
fixed-00000018,230.0,4.0,11,0.0,0.0
fixed-00000018,230.0,4.0,12,0.0,0.0
fixed-00000018,230.0,4.0,13,0.0,0.0
fixed-00000018,230.0,4.0,14,0.0,0.0
fixed-00000018,230.0,4.0,15,0.0,0.0
fixed-00000018,230.0,4.0,16,0.0,0.0
fixed-00000018,230.0,4.0,17,0.0,0.0
fixed-00000018,230.0,4.0,18,0.0,0.0
fixed-00000018,230.0,4.0,19,0.0,0.0
fixed-00000018,230.0,4.0,20,0.0,0.0
fixed-00000020,250.0,4.0,-20,0.00021054686187052643,16.686445270170665
fixed-00000020,250.0,4.0,-19,0.0001289574427679612,16.285941336994114
fixed-00000020,250.0,4.0,-18,0.00014149758445396713,15.875616848789647
fixed-00000020,250.0,4.0,-17,0.00022752968660832764,15.454689148224062
fixed-00000020,250.0,4.0,-16,0.00020269480622696055,15.022266470358943
fixed-00000020,250.0,4.0,-15,0.0002283210589054164,14.577325397340715
fixed-00000020,250.0,4.0,-14,0.00034019808624192793,14.11868194632234
fixed-00000020,250.0,4.0,-13,0.00030313325851182574,13.644953944975029
fixed-00000020,250.0,4.0,-12,0.0003048679898878496,13.154511253697052
fixed-00000020,250.0,4.0,-11,0.0006281610110034428,12.645408662197411
fixed-00000020,250.0,4.0,-10,0.0005290020400810984,12.115293466158121
fixed-00000020,250.0,4.0,-9,0.0006377320795406932,11.561274966505863
fixed-00000020,250.0,4.0,-8,0.0011826477941226385,10.979734761202295
fixed-00000020,250.0,4.0,-7,0.001065797038488135,10.366041263914951
fixed-00000020,250.0,4.0,-6,0.001524973516674879,9.714101762495858
fixed-00000020,250.0,4.0,-5,0.002734707346532974,9.01562234055568
fixed-00000020,250.0,4.0,-4,0.0047787225245243285,8.258802394264194
fixed-00000020,250.0,4.0,-3,0.0045790417841270045,7.425824639985038
fixed-00000020,250.0,4.0,-2,0.014785738514895584,6.487418295723927
fixed-00000020,250.0,4.0,-1,0.11738020953177805,5.388782503478367
fixed-00000020,250.0,4.0,0,0.07137154736442987,4.000000000000128
fixed-00000020,250.0,4.0,1,0.1097838182118324,1.7232677700620371
fixed-00000020,250.0,4.0,2,0.0,0.0
fixed-00000020,250.0,4.0,3,0.0,0.0
fixed-00000020,250.0,4.0,4,0.0,0.0
fixed-00000020,250.0,4.0,5,0.0,0.0
fixed-00000020,250.0,4.0,6,0.0,0.0
fixed-00000020,250.0,4.0,7,0.0,0.0
fixed-00000020,250.0,4.0,8,0.0,0.0
fixed-00000020,250.0,4.0,9,0.0,0.0
fixed-00000020,250.0,4.0,10,0.0,0.0
fixed-00000020,250.0,4.0,11,0.0,0.0
fixed-00000020,250.0,4.0,12,0.0,0.0
fixed-00000020,250.0,4.0,13,0.0,0.0
fixed-00000020,250.0,4.0,14,0.0,0.0
fixed-00000020,250.0,4.0,15,0.0,0.0
fixed-00000020,250.0,4.0,16,0.0,0.0
fixed-00000020,250.0,4.0,17,0.0,0.0
fixed-00000020,250.0,4.0,18,0.0,0.0
fixed-00000020,250.0,4.0,19,0.0,0.0
fixed-00000020,250.0,4.0,20,0.0,0.0
fixed-00000021,260.0,4.0,-20,0.0002088599909702719,16.379210436004684
fixed-00000021,260.0,4.0,-19,0.00012580651735202928,15.987097516269017
fixed-00000021,260.0,4.0,-18,0.00014327591875049455,15.58538591965737
fixed-00000021,260.0,4.0,-17,0.00022648347886663025,15.173312873518526
fixed-00000021,260.0,4.0,-16,0.00020034999039296962,14.750009564284554
fixed-00000021,260.0,4.0,-15,0.00022935167410434332,14.314479289708373
fixed-00000021,260.0,4.0,-14,0.00033628035058319144,13.865569460383654
fixed-00000021,260.0,4.0,-13,0.00029857589119106846,13.401935191968363
fixed-00000021,260.0,4.0,-12,0.0003029757745630282,12.921991178661202
fixed-00000021,260.0,4.0,-11,0.0006321242007743199,12.423846879528327
fixed-00000021,260.0,4.0,-10,0.0005209428894788453,11.905217349750558
fixed-00000021,260.0,4.0,-9,0.0006313280042883868,11.363297500741439
fixed-00000021,260.0,4.0,-8,0.0011914667046868219,10.794579595613783
fixed-00000021,260.0,4.0,-7,0.0010372673983681019,10.194579116674106
fixed-00000021,260.0,4.0,-6,0.0015212676190419503,9.557405601711935
fixed-00000021,260.0,4.0,-5,0.0027902820099987265,8.875055586881174
fixed-00000021,260.0,4.0,-4,0.004578747030748461,8.136169892284855
fixed-00000021,260.0,4.0,-3,0.004627933260736173,7.32365592105198
fixed-00000021,260.0,4.0,-2,0.014503572628631622,6.409572995038118
fixed-00000021,260.0,4.0,-1,0.11590981007947626,5.342033137263584
fixed-00000021,260.0,4.0,0,0.05675618604531806,3.999999999999943
fixed-00000021,260.0,4.0,1,0.11958549506506866,1.8629706538812485
fixed-00000021,260.0,4.0,2,0.0,0.0
fixed-00000021,260.0,4.0,3,0.0,0.0
fixed-00000021,260.0,4.0,4,0.0,0.0
fixed-00000021,260.0,4.0,5,0.0,0.0
fixed-00000021,260.0,4.0,6,0.0,0.0
fixed-00000021,260.0,4.0,7,0.0,0.0
fixed-00000021,260.0,4.0,8,0.0,0.0
fixed-00000021,260.0,4.0,9,0.0,0.0
fixed-00000021,260.0,4.0,10,0.0,0.0
fixed-00000021,260.0,4.0,11,0.0,0.0
fixed-00000021,260.0,4.0,12,0.0,0.0
fixed-00000021,260.0,4.0,13,0.0,0.0
fixed-00000021,260.0,4.0,14,0.0,0.0
fixed-00000021,260.0,4.0,15,0.0,0.0
fixed-00000021,260.0,4.0,16,0.0,0.0
fixed-00000021,260.0,4.0,17,0.0,0.0
fixed-00000021,260.0,4.0,18,0.0,0.0
fixed-00000021,260.0,4.0,19,0.0,0.0
fixed-00000021,260.0,4.0,20,0.0,0.0
fixed-00000022,270.0,4.0,-20,0.00020636349595020635,16.08964950237933
fixed-00000022,270.0,4.0,-19,0.00012265551087048683,15.705455556386227
fixed-00000022,270.0,4.0,-18,0.00014528363268616579,15.311873059069725
fixed-00000022,270.0,4.0,-17,0.00022535602636604025,14.908158060804453
fixed-00000022,270.0,4.0,-16,0.00019765675730577212,14.493463473362837
fixed-00000022,270.0,4.0,-15,0.00023211552065992394,14.066817881848507
fixed-00000022,270.0,4.0,-14,0.0003336593792443893,13.627098410003597
fixed-00000022,270.0,4.0,-13,0.0002948932632571452,13.172995462424524
fixed-00000022,270.0,4.0,-12,0.0003051931460015353,12.702966158118315
fixed-00000022,270.0,4.0,-11,0.0006393032156476426,12.215171679035521
fixed-00000022,270.0,4.0,-10,0.0005182405086155903,11.707391172695964
fixed-00000022,270.0,4.0,-9,0.0006328081135645936,11.176900501616302
fixed-00000022,270.0,4.0,-8,0.0012120613411920884,10.620296524793474
fixed-00000022,270.0,4.0,-7,0.0010240208121167532,10.033233642263525
fixed-00000022,270.0,4.0,-6,0.0015384958782340594,9.410012267886245
fixed-00000022,270.0,4.0,-5,0.00289573929351524,8.742902716320742
fixed-00000022,270.0,4.0,-4,0.004427799641869632,8.020961125094075
fixed-00000022,270.0,4.0,-3,0.004748139260078651,7.227774780095174
fixed-00000022,270.0,4.0,-2,0.014384316046381995,6.336644982795491
fixed-00000022,270.0,4.0,-1,0.1150474084026469,5.298379990270192
fixed-00000022,270.0,4.0,0,0.04495211291346918,4.000000000000043
fixed-00000022,270.0,4.0,1,0.1289364169712866,1.9835743440105915
fixed-00000022,270.0,4.0,2,0.0,0.0
fixed-00000022,270.0,4.0,3,0.0,0.0
fixed-00000022,270.0,4.0,4,0.0,0.0
fixed-00000022,270.0,4.0,5,0.0,0.0
fixed-00000022,270.0,4.0,6,0.0,0.0
fixed-00000022,270.0,4.0,7,0.0,0.0
fixed-00000022,270.0,4.0,8,0.0,0.0
fixed-00000022,270.0,4.0,9,0.0,0.0
fixed-00000022,270.0,4.0,10,0.0,0.0
fixed-00000022,270.0,4.0,11,0.0,0.0
fixed-00000022,270.0,4.0,12,0.0,0.0
fixed-00000022,270.0,4.0,13,0.0,0.0
fixed-00000022,270.0,4.0,14,0.0,0.0
fixed-00000022,270.0,4.0,15,0.0,0.0
fixed-00000022,270.0,4.0,16,0.0,0.0
fixed-00000022,270.0,4.0,17,0.0,0.0
fixed-00000022,270.0,4.0,18,0.0,0.0
fixed-00000022,270.0,4.0,19,0.0,0.0
fixed-00000022,270.0,4.0,20,0.0,0.0
fixed-00000023,280.0,4.0,-20,0.00019205865276337587,15.816153021261812
fixed-00000023,280.0,4.0,-19,0.00011250179423578352,15.439449087160426
fixed-00000023,280.0,4.0,-18,0.0001390333204972572,15.05355599411152
fixed-00000023,280.0,4.0,-17,0.0002121073782312334,14.657747646499345
fixed-00000023,280.0,4.0,-16,0.00018413879934878652,14.251197562253566
fixed-00000023,280.0,4.0,-15,0.00022263203737863004,13.832958309872055
fixed-00000023,280.0,4.0,-14,0.0003136844093490478,13.401935191968334
fixed-00000023,280.0,4.0,-13,0.00027481608876478675,12.956852076462738
fixed-00000023,280.0,4.0,-12,0.00029149750740822085,12.496206306817058
fixed-00000023,280.0,4.0,-11,0.0006143827733051791,12.018208096115075
fixed-00000023,280.0,4.0,-10,0.00048789564256348914,11.520697333479006
fixed-00000023,280.0,4.0,-9,0.0006031988984376935,11.001026574425026
fixed-00000023,280.0,4.0,-8,0.0011718813092293837,10.45589172636997
fixed-00000023,280.0,4.0,-7,0.0009633740840661878,9.881078656044693
fixed-00000023,280.0,4.0,-6,0.001487123568921772,9.27106825583462
fixed-00000023,280.0,4.0,-5,0.0028806334338301364,8.618389378622567
fixed-00000023,280.0,4.0,-4,0.004120590558000889,7.9124896307686186
fixed-00000023,280.0,4.0,-3,0.0046833914126976255,7.137595307370333
fixed-00000023,280.0,4.0,-2,0.013882970799551482,6.268169548557026
fixed-00000023,280.0,4.0,-1,0.11081937916870863,5.257521326257304
fixed-00000023,280.0,4.0,0,0.03445944036473559,4.000000000000043
fixed-00000023,280.0,4.0,1,0.13519931790270537,2.089341578597498
fixed-00000023,280.0,4.0,2,0.0,0.0
fixed-00000023,280.0,4.0,3,0.0,0.0
fixed-00000023,280.0,4.0,4,0.0,0.0
fixed-00000023,280.0,4.0,5,0.0,0.0
fixed-00000023,280.0,4.0,6,0.0,0.0
fixed-00000023,280.0,4.0,7,0.0,0.0
fixed-00000023,280.0,4.0,8,0.0,0.0
fixed-00000023,280.0,4.0,9,0.0,0.0
fixed-00000023,280.0,4.0,10,0.0,0.0
fixed-00000023,280.0,4.0,11,0.0,0.0
fixed-00000023,280.0,4.0,12,0.0,0.0
fixed-00000023,280.0,4.0,13,0.0,0.0
fixed-00000023,280.0,4.0,14,0.0,0.0
fixed-00000023,280.0,4.0,15,0.0,0.0
fixed-00000023,280.0,4.0,16,0.0,0.0
fixed-00000023,280.0,4.0,17,0.0,0.0
fixed-00000023,280.0,4.0,18,0.0,0.0
fixed-00000023,280.0,4.0,19,0.0,0.0
fixed-00000023,280.0,4.0,20,0.0,0.0
fixed-00000024,290.0,4.0,-20,0.00018170456614052694,15.557309048540347
fixed-00000024,290.0,4.0,-19,0.00010524338829352264,15.187703917530484
fixed-00000024,290.0,4.0,-18,0.000135515946883826,14.809099185639653
fixed-00000024,290.0,4.0,-17,0.00020272152773773147,14.420785723786253
fixed-00000024,290.0,4.0,-16,0.00017445960599973826,14.02195663092941
fixed-00000024,290.0,4.0,-15,0.0002172165577010966,13.611687264434664
fixed-00000024,290.0,4.0,-14,0.0002989444656108637,13.18890970007432
fixed-00000024,290.0,4.0,-13,0.0002601663473464264,12.752379596207746
fixed-00000024,290.0,4.0,-12,0.00028340019871450124,12.300632504160816
fixed-00000024,290.0,4.0,-11,0.0005975931376495476,11.831925200795666
fixed-00000024,290.0,4.0,-10,0.0004661825538539838,11.344155244919335
fixed-00000024,290.0,4.0,-9,0.0005834146858740939,10.834747980635072
fixed-00000024,290.0,4.0,-8,0.0011461162749685184,10.300493276388579
fixed-00000024,290.0,4.0,-7,0.0009184108710880124,9.737301631890915
fixed-00000024,290.0,4.0,-6,0.0014549285107376877,9.139824882054754
fixed-00000024,290.0,4.0,-5,0.002892585918589232,8.500836443523596
fixed-00000024,290.0,4.0,-4,0.003858101697542432,7.810153537213992
fixed-00000024,290.0,4.0,-3,0.004660959150616484,7.052604065868977
fixed-00000024,290.0,4.0,-2,0.013462510837881343,6.203739911827654
fixed-00000024,290.0,4.0,-1,0.10700454714839579,5.219193787774614
fixed-00000024,290.0,4.0,0,0.02630012342279953,4.000000000000043
fixed-00000024,290.0,4.0,1,0.140905008133891,2.1832152248066166
fixed-00000024,290.0,4.0,2,0.0,0.0
fixed-00000024,290.0,4.0,3,0.0,0.0
fixed-00000024,290.0,4.0,4,0.0,0.0
fixed-00000024,290.0,4.0,5,0.0,0.0
fixed-00000024,290.0,4.0,6,0.0,0.0
fixed-00000024,290.0,4.0,7,0.0,0.0
fixed-00000024,290.0,4.0,8,0.0,0.0
fixed-00000024,290.0,4.0,9,0.0,0.0
fixed-00000024,290.0,4.0,10,0.0,0.0
fixed-00000024,290.0,4.0,11,0.0,0.0
fixed-00000024,290.0,4.0,12,0.0,0.0
fixed-00000024,290.0,4.0,13,0.0,0.0
fixed-00000024,290.0,4.0,14,0.0,0.0
fixed-00000024,290.0,4.0,15,0.0,0.0
fixed-00000024,290.0,4.0,16,0.0,0.0
fixed-00000024,290.0,4.0,17,0.0,0.0
fixed-00000024,290.0,4.0,18,0.0,0.0
fixed-00000024,290.0,4.0,19,0.0,0.0
fixed-00000024,290.0,4.0,20,0.0,0.0
fixed-00000025,300.0,4.0,-20,0.000167301077243756,15.311873059069754
fixed-00000025,300.0,4.0,-19,9.58539816506801e-05,14.949008768730735
fixed-00000025,300.0,4.0,-18,0.0001288006858962481,14.577325397340658
fixed-00000025,300.0,4.0,-17,0.00018889246342163962,14.196129966981303
fixed-00000025,300.0,4.0,-16,0.0001611388590258058,13.804634215692602
fixed-00000025,300.0,4.0,-15,0.00020690877886981048,13.401935191968363
fixed-00000025,300.0,4.0,-14,0.0002777182831856366,12.986990452752977
fixed-00000025,300.0,4.0,-13,0.0002397159558708426,12.558585909081373
fixed-00000025,300.0,4.0,-12,0.0002690295372829629,12.115293466158093
fixed-00000025,300.0,4.0,-11,0.0005673310791125416,11.655414195869767
fixed-00000025,300.0,4.0,-10,0.00043376849148326073,11.176900501616302
fixed-00000025,300.0,4.0,-9,0.0005511574280334302,10.677246924869209
fixed-00000025,300.0,4.0,-8,0.0010936351729916986,10.153332615240856
fixed-00000025,300.0,4.0,-7,0.000855079231279351,9.601186418732823
fixed-00000025,300.0,4.0,-6,0.0013935107072618553,9.015622340555609
fixed-00000025,300.0,4.0,-5,0.0028429116828833628,8.389645509317319
fixed-00000025,300.0,4.0,-4,0.003539006455012469,7.713422675659871
fixed-00000025,300.0,4.0,-3,0.004548874434840943,6.9723490289475905
fixed-00000025,300.0,4.0,-2,0.012866988581217638,6.142998339829575
fixed-00000025,300.0,4.0,-1,0.1016094033559904,5.1831664320526585
fixed-00000025,300.0,4.0,0,0.019941386703152632,4.000000000000043
fixed-00000025,300.0,4.0,1,0.14449648835231343,2.2673283559992825
fixed-00000025,300.0,4.0,2,0.0,0.0
fixed-00000025,300.0,4.0,3,0.0,0.0
fixed-00000025,300.0,4.0,4,0.0,0.0
fixed-00000025,300.0,4.0,5,0.0,0.0
fixed-00000025,300.0,4.0,6,0.0,0.0
fixed-00000025,300.0,4.0,7,0.0,0.0
fixed-00000025,300.0,4.0,8,0.0,0.0
fixed-00000025,300.0,4.0,9,0.0,0.0
fixed-00000025,300.0,4.0,10,0.0,0.0
fixed-00000025,300.0,4.0,11,0.0,0.0
fixed-00000025,300.0,4.0,12,0.0,0.0
fixed-00000025,300.0,4.0,13,0.0,0.0
fixed-00000025,300.0,4.0,14,0.0,0.0
fixed-00000025,300.0,4.0,15,0.0,0.0
fixed-00000025,300.0,4.0,16,0.0,0.0
fixed-00000025,300.0,4.0,17,0.0,0.0
fixed-00000025,300.0,4.0,18,0.0,0.0
fixed-00000025,300.0,4.0,19,0.0,0.0
fixed-00000025,300.0,4.0,20,0.0,0.0
fixed-00000026,310.0,4.0,-20,0.00015608026608536496,15.07874327797117
fixed-00000026,310.0,4.0,-19,8.873916776259557e-05,14.722291275094364
fixed-00000026,310.0,4.0,-18,0.00012409241080157176,14.357192380701974
fixed-00000026,310.0,4.0,-17,0.00017795815529919262,13.982769016704736
fixed-00000026,310.0,4.0,-16,0.00015080040283378408,13.598250692153599
fixed-00000026,310.0,4.0,-15,0.0001990618840997121,13.202755134906326
fixed-00000026,310.0,4.0,-14,0.00026002765687458486,12.795264192127092
fixed-00000026,310.0,4.0,-13,0.00022317241942230483,12.37459260982395
fixed-00000026,310.0,4.0,-12,0.000257786444695604,11.939346937600874
fixed-00000026,310.0,4.0,-11,0.0005417053976213344,11.487870450145792
fixed-00000026,310.0,4.0,-10,0.0004067854013053669,11.01816778980809
fixed-00000026,310.0,4.0,-9,0.0005238777536643213,10.527799382740596
fixed-00000026,310.0,4.0,-8,0.0010481108604939015,10.013729342403465
fixed-00000026,310.0,4.0,-7,0.0008002327790122523,9.472099061220248
fixed-00000026,310.0,4.0,-6,0.001339589198774979,8.89787662245989
fixed-00000026,310.0,4.0,-5,0.002797614513097841,8.284287014836138
fixed-00000026,310.0,4.0,-4,0.0032424291020158712,7.621828010395305
fixed-00000026,310.0,4.0,-3,0.0044444421675336595,6.896430508503414
fixed-00000026,310.0,4.0,-2,0.012280161874965053,6.085628867863377
fixed-00000026,310.0,4.0,-1,0.09624617813934347,5.149235852894208
fixed-00000026,310.0,4.0,0,0.015505090827326698,4.000000000000043
fixed-00000026,310.0,4.0,1,0.147228406688174,2.3432844286040506
fixed-00000026,310.0,4.0,2,0.0,0.0
fixed-00000026,310.0,4.0,3,0.0,0.0
fixed-00000026,310.0,4.0,4,0.0,0.0
fixed-00000026,310.0,4.0,5,0.0,0.0
fixed-00000026,310.0,4.0,6,0.0,0.0
fixed-00000026,310.0,4.0,7,0.0,0.0
fixed-00000026,310.0,4.0,8,0.0,0.0
fixed-00000026,310.0,4.0,9,0.0,0.0
fixed-00000026,310.0,4.0,10,0.0,0.0
fixed-00000026,310.0,4.0,11,0.0,0.0
fixed-00000026,310.0,4.0,12,0.0,0.0
fixed-00000026,310.0,4.0,13,0.0,0.0
fixed-00000026,310.0,4.0,14,0.0,0.0
fixed-00000026,310.0,4.0,15,0.0,0.0
fixed-00000026,310.0,4.0,16,0.0,0.0
fixed-00000026,310.0,4.0,17,0.0,0.0
fixed-00000026,310.0,4.0,18,0.0,0.0
fixed-00000026,310.0,4.0,19,0.0,0.0
fixed-00000026,310.0,4.0,20,0.0,0.0
fixed-00000027,320.0,4.0,-20,0.00015003333794717344,14.856940312447804
fixed-00000027,320.0,4.0,-19,8.507957193824916e-05,14.506598167644967
fixed-00000027,320.0,4.0,-18,0.00012327270254668625,14.147773622565637
fixed-00000027,320.0,4.0,-17,0.00017233332314104712,13.779803804715016
fixed-00000027,320.0,4.0,-16,0.0001454214936588327,13.401935191968363
fixed-00000027,320.0,4.0,-15,0.00019701551965893119,13.01330525646199
fixed-00000027,320.0,4.0,-14,0.00024982551806925765,12.612919034749368
fixed-00000027,320.0,4.0,-13,0.00021389475427291104,12.199618797218477
fixed-00000027,320.0,4.0,-12,0.00025460849059476135,11.772044157333355
fixed-00000027,320.0,4.0,-11,0.000528983307191452,11.328578657906675
fixed-00000027,320.0,4.0,-10,0.00039244160118213,10.867276770488644
fixed-00000027,320.0,4.0,-9,0.0005110501430534378,10.385761741931148
fixed-00000027,320.0,4.0,-8,0.0010271221533000138,9.881078656044693
fixed-00000027,320.0,4.0,-7,0.0007680962444752931,9.34947608678739
fixed-00000027,320.0,4.0,-6,0.0013156440191250936,8.786068711064956
fixed-00000027,320.0,4.0,-5,0.002807044433684135,8.184290419985587
fixed-00000027,320.0,4.0,-4,0.003012399193275972,7.534952908764481
fixed-00000027,320.0,4.0,-3,0.0044202860561571265,6.824493664384079
fixed-00000027,320.0,4.0,-2,0.01185408714402306,6.03135129215535
fixed-00000027,320.0,4.0,-1,0.09194507319928732,5.117222163430583
fixed-00000027,320.0,4.0,0,0.012931583885101135,4.000000000000128
fixed-00000027,320.0,4.0,1,0.15033924841296434,2.4123233315560384
fixed-00000027,320.0,4.0,2,0.0,0.0
fixed-00000027,320.0,4.0,3,0.0,0.0
fixed-00000027,320.0,4.0,4,0.0,0.0
fixed-00000027,320.0,4.0,5,0.0,0.0
fixed-00000027,320.0,4.0,6,0.0,0.0
fixed-00000027,320.0,4.0,7,0.0,0.0
fixed-00000027,320.0,4.0,8,0.0,0.0
fixed-00000027,320.0,4.0,9,0.0,0.0
fixed-00000027,320.0,4.0,10,0.0,0.0
fixed-00000027,320.0,4.0,11,0.0,0.0
fixed-00000027,320.0,4.0,12,0.0,0.0
fixed-00000027,320.0,4.0,13,0.0,0.0
fixed-00000027,320.0,4.0,14,0.0,0.0
fixed-00000027,320.0,4.0,15,0.0,0.0
fixed-00000027,320.0,4.0,16,0.0,0.0
fixed-00000027,320.0,4.0,17,0.0,0.0
fixed-00000027,320.0,4.0,18,0.0,0.0
fixed-00000027,320.0,4.0,19,0.0,0.0
fixed-00000027,320.0,4.0,20,0.0,0.0
fixed-00000028,330.0,4.0,-20,0.00014422591631671282,14.645590225419767
fixed-00000028,330.0,4.0,-19,8.186442390912764e-05,14.30107880549295
fixed-00000028,330.0,4.0,-18,0.00012282399166087756,13.948242344473968
fixed-00000028,330.0,4.0,-17,0.0001671303240361748,13.586432032334955
fixed-00000028,330.0,4.0,-16,0.0001406379190365141,13.214910572562928
fixed-00000028,330.0,4.0,-15,0.00019623914083662184,12.832834315133255
fixed-00000028,330.0,4.0,-14,0.00024092381794801174,12.43923046584949
fixed-00000028,330.0,4.0,-13,0.00020572505074875706,12.0329676048014
fixed-00000028,330.0,4.0,-12,0.00025407208962353124,11.612716944258466
fixed-00000028,330.0,4.0,-11,0.0005183252288802068,11.176900501616302
fixed-00000028,330.0,4.0,-10,0.0003809117826806457,10.723620343405443
fixed-00000028,330.0,4.0,-9,0.0005031187729437653,10.250559696102783
fixed-00000028,330.0,4.0,-8,0.0010112099444121228,9.754840910694881
fixed-00000028,330.0,4.0,-7,0.0007434658328565843,9.232814767905225
fixed-00000028,330.0,4.0,-6,0.0013027258400679367,8.6797355991839
fixed-00000028,330.0,4.0,-5,0.0028372218225892268,8.089236042823956
fixed-00000028,330.0,4.0,-4,0.0028092508556694113,7.452425884783267
fixed-00000028,330.0,4.0,-3,0.004428720765267519,6.756222279782023
fixed-00000028,330.0,4.0,-2,0.011511479328339808,5.9799161810314985
fixed-00000028,330.0,4.0,-1,0.0879061095936257,5.086965666639671
fixed-00000028,330.0,4.0,0,0.01199771939765743,3.999999999999943
fixed-00000028,330.0,4.0,1,0.15333158982234749,2.4754257179255603
fixed-00000028,330.0,4.0,2,0.0,0.0
fixed-00000028,330.0,4.0,3,0.0,0.0
fixed-00000028,330.0,4.0,4,0.0,0.0
fixed-00000028,330.0,4.0,5,0.0,0.0
fixed-00000028,330.0,4.0,6,0.0,0.0
fixed-00000028,330.0,4.0,7,0.0,0.0
fixed-00000028,330.0,4.0,8,0.0,0.0
fixed-00000028,330.0,4.0,9,0.0,0.0
fixed-00000028,330.0,4.0,10,0.0,0.0
fixed-00000028,330.0,4.0,11,0.0,0.0
fixed-00000028,330.0,4.0,12,0.0,0.0
fixed-00000028,330.0,4.0,13,0.0,0.0
fixed-00000028,330.0,4.0,14,0.0,0.0
fixed-00000028,330.0,4.0,15,0.0,0.0
fixed-00000028,330.0,4.0,16,0.0,0.0
fixed-00000028,330.0,4.0,17,0.0,0.0
fixed-00000028,330.0,4.0,18,0.0,0.0
fixed-00000028,330.0,4.0,19,0.0,0.0
fixed-00000028,330.0,4.0,20,0.0,0.0
fixed-00000029,340.0,4.0,-20,0.00013389999276005953,14.443910384212742
fixed-00000029,340.0,4.0,-19,7.61551953925895e-05,14.104971406638299
fixed-00000029,340.0,4.0,-18,0.00011884890416631426,13.757858124151412
fixed-00000029,340.0,4.0,-17,0.00015729236979601974,13.401935191968363
fixed-00000029,340.0,4.0,-16,0.000132121649405754,13.036480848951996
fixed-00000029,340.0,4.0,-15,0.00019115275181632931,12.660669518148893
fixed-00000029,340.0,4.0,-14,0.00022646441068945708,12.273549626976305
fixed-00000029,340.0,4.0,-13,0.0001922723396823646,11.87401493674271
fixed-00000029,340.0,4.0,-12,0.0002488490197454492,11.460766897267831
fixed-00000029,340.0,4.0,-11,0.0004968163531026131,11.032264333866962
fixed-00000029,340.0,4.0,-10,0.000360518848987303,10.586654831666635
fixed-00000029,340.0,4.0,-9,0.0004872151753249529,10.121678956186614
fixed-00000029,340.0,4.0,-8,0.0009754389129869132,9.634532883621333
fixed-00000029,340.0,4.0,-7,0.0007066033938472225,9.12166497780018
fixed-00000029,340.0,4.0,-6,0.0012738861354325284,8.578462776597007
fixed-00000029,340.0,4.0,-5,0.0028291297749320887,7.998748233012279
fixed-00000029,340.0,4.0,-4,0.002584093519055693,7.37391453146995
fixed-00000029,340.0,4.0,-3,0.004390247778598972,6.691333557668287
fixed-00000029,340.0,4.0,-2,0.01110932206445491,5.931100707011396
fixed-00000029,340.0,4.0,-1,0.0830283525501531,5.058324079364041
fixed-00000029,340.0,4.0,0,0.012496973979832723,4.000000000000043
fixed-00000029,340.0,4.0,1,0.15499910193618346,2.533381666050957
fixed-00000029,340.0,4.0,2,0.0,0.0
fixed-00000029,340.0,4.0,3,0.0,0.0
fixed-00000029,340.0,4.0,4,0.0,0.0
fixed-00000029,340.0,4.0,5,0.0,0.0
fixed-00000029,340.0,4.0,6,0.0,0.0
fixed-00000029,340.0,4.0,7,0.0,0.0
fixed-00000029,340.0,4.0,8,0.0,0.0
fixed-00000029,340.0,4.0,9,0.0,0.0
fixed-00000029,340.0,4.0,10,0.0,0.0
fixed-00000029,340.0,4.0,11,0.0,0.0
fixed-00000029,340.0,4.0,12,0.0,0.0
fixed-00000029,340.0,4.0,13,0.0,0.0
fixed-00000029,340.0,4.0,14,0.0,0.0
fixed-00000029,340.0,4.0,15,0.0,0.0
fixed-00000029,340.0,4.0,16,0.0,0.0
fixed-00000029,340.0,4.0,17,0.0,0.0
fixed-00000029,340.0,4.0,18,0.0,0.0
fixed-00000029,340.0,4.0,19,0.0,0.0
fixed-00000029,340.0,4.0,20,0.0,0.0
fixed-00000030,350.0,4.0,-20,0.00012478703139193667,14.251197562253566
fixed-00000030,350.0,4.0,-19,7.135069264412306e-05,13.917591470478868
fixed-00000030,350.0,4.0,-18,0.00011522429035860816,13.575955646065168
fixed-00000030,350.0,4.0,-17,0.0001481505569804796,13.2256676536188
fixed-00000030,350.0,4.0,-16,0.00012452141015887715,12.866020624889416
fixed-00000030,350.0,4.0,-15,0.00018545940593857883,12.496206306817086
fixed-00000030,350.0,4.0,-14,0.00021203131471242913,12.115293466158093
fixed-00000030,350.0,4.0,-13,0.00017948360979328713,11.722199994673844
fixed-00000030,350.0,4.0,-12,0.00024231639876531527,11.315656312084926
fixed-00000030,350.0,4.0,-11,0.0004731530898967747,10.894156499405454
fixed-00000030,350.0,4.0,-10,0.00033941956571536494,10.45589172636997
fixed-00000030,350.0,4.0,-9,0.0004678729629733656,9.998657437886877
fixed-00000030,350.0,4.0,-8,0.0009329049812580852,9.519720429176374
fixed-00000030,350.0,4.0,-7,0.0006658179801841083,9.015622340555609
fixed-00000030,350.0,4.0,-6,0.0012326727117482812,8.48187791167723
fixed-00000030,350.0,4.0,-5,0.0027886723963655674,7.9124896307686186
fixed-00000030,350.0,4.0,-4,0.002344827105282342,7.299120418664657
fixed-00000030,350.0,4.0,-3,0.004303854337216503,6.629573746376295
fixed-00000030,350.0,4.0,-2,0.010609632031426399,5.884705145226178
fixed-00000030,350.0,4.0,-1,0.0775683794428932,5.031170204831909
fixed-00000030,350.0,4.0,0,0.014299483715653025,4.000000000000043
fixed-00000030,350.0,4.0,1,0.1552266133910122,2.586837597448465
fixed-00000030,350.0,4.0,2,0.0,0.0
fixed-00000030,350.0,4.0,3,0.0,0.0
fixed-00000030,350.0,4.0,4,0.0,0.0
fixed-00000030,350.0,4.0,5,0.0,0.0
fixed-00000030,350.0,4.0,6,0.0,0.0
fixed-00000030,350.0,4.0,7,0.0,0.0
fixed-00000030,350.0,4.0,8,0.0,0.0
fixed-00000030,350.0,4.0,9,0.0,0.0
fixed-00000030,350.0,4.0,10,0.0,0.0
fixed-00000030,350.0,4.0,11,0.0,0.0
fixed-00000030,350.0,4.0,12,0.0,0.0
fixed-00000030,350.0,4.0,13,0.0,0.0
fixed-00000030,350.0,4.0,14,0.0,0.0
fixed-00000030,350.0,4.0,15,0.0,0.0
fixed-00000030,350.0,4.0,16,0.0,0.0
fixed-00000030,350.0,4.0,17,0.0,0.0
fixed-00000030,350.0,4.0,18,0.0,0.0
fixed-00000030,350.0,4.0,19,0.0,0.0
fixed-00000030,350.0,4.0,20,0.0,0.0
fixed-00000032,370.0,4.0,-20,0.00010788872480448062,13.890198270635722
fixed-00000032,370.0,4.0,-19,6.31880839035478e-05,13.566605144972584
fixed-00000032,370.0,4.0,-18,0.0001089086081677869,13.235254562125931
fixed-00000032,370.0,4.0,-17,0.00013134545117368305,12.8955483840206
fixed-00000032,370.0,4.0,-16,0.00011184571075099606,12.54680776935885
fixed-00000032,370.0,4.0,-15,0.00017735028413117613,12.188257061712548
fixed-00000032,370.0,4.0,-14,0.00018697941574280077,11.819003290626839
fixed-00000032,370.0,4.0,-13,0.0001579881232117351,11.43800973111162
fixed-00000032,370.0,4.0,-12,0.00023586337944255035,11.044061270600096
fixed-00000032,370.0,4.0,-11,0.00043221213044665203,10.635718249445574
fixed-00000032,370.0,4.0,-10,0.00030441380732719984,10.211253708209213
fixed-00000032,370.0,4.0,-9,0.00044288104377494916,9.76856611165097
fixed-00000032,370.0,4.0,-8,0.0008614224564649162,9.30505470888508
fixed-00000032,370.0,4.0,-7,0.0006033445103882668,8.817435895697656
fixed-00000032,370.0,4.0,-6,0.0011811066518896834,8.301462371876582
fixed-00000032,370.0,4.0,-5,0.0027531649324859264,7.751473670819763
fixed-00000032,370.0,4.0,-4,0.001945575830854612,7.159634849526611
fixed-00000032,370.0,4.0,-3,0.004217244892790749,6.514549453118931
fixed-00000032,370.0,4.0,-2,0.009840418970975331,5.798473075777991
fixed-00000032,370.0,4.0,-1,0.06754701554320967,4.980880768645008
fixed-00000032,370.0,4.0,0,0.021713033025020336,4.000000000000043
fixed-00000032,370.0,4.0,1,0.1553931413440091,2.6823061129422996
fixed-00000032,370.0,4.0,2,0.0,0.0
fixed-00000032,370.0,4.0,3,0.0,0.0
fixed-00000032,370.0,4.0,4,0.0,0.0
fixed-00000032,370.0,4.0,5,0.0,0.0
fixed-00000032,370.0,4.0,6,0.0,0.0
fixed-00000032,370.0,4.0,7,0.0,0.0
fixed-00000032,370.0,4.0,8,0.0,0.0
fixed-00000032,370.0,4.0,9,0.0,0.0
fixed-00000032,370.0,4.0,10,0.0,0.0
fixed-00000032,370.0,4.0,11,0.0,0.0
fixed-00000032,370.0,4.0,12,0.0,0.0
fixed-00000032,370.0,4.0,13,0.0,0.0
fixed-00000032,370.0,4.0,14,0.0,0.0
fixed-00000032,370.0,4.0,15,0.0,0.0
fixed-00000032,370.0,4.0,16,0.0,0.0
fixed-00000032,370.0,4.0,17,0.0,0.0
fixed-00000032,370.0,4.0,18,0.0,0.0
fixed-00000032,370.0,4.0,19,0.0,0.0
fixed-00000032,370.0,4.0,20,0.0,0.0
fixed-00000031,360.0,4.0,-20,0.00011816616533306485,14.066817881848479
fixed-00000031,360.0,4.0,-19,6.83335782677218e-05,13.738321991396589
fixed-00000031,360.0,4.0,-18,0.00011377812396978833,13.401935191968363
fixed-00000031,360.0,4.0,-17,0.00014179414736040718,13.057047439103869
fixed-00000031,360.0,4.0,-16,0.00011978105289757564,12.702966158118315
fixed-00000031,360.0,4.0,-15,0.0001837990735560542,12.338899720932332
fixed-00000031,360.0,4.0,-14,0.00020216657320032132,11.96393641047473
fixed-00000031,360.0,4.0,-13,0.00017106607029376388,11.577017268486188
fixed-00000031,360.0,4.0,-12,0.00024205866294977138,11.176900501616302
fixed-00000031,360.0,4.0,-11,0.0004582085502343774,10.762113997903853
fixed-00000031,360.0,4.0,-10,0.00032648701957078974,10.330890706572049
fixed-00000031,360.0,4.0,-9,0.00046033001841731255,9.881078656044693
fixed-00000031,360.0,4.0,-8,0.0009079198151234598,9.410012267886245
fixed-00000031,360.0,4.0,-7,0.0006418262693479991,8.914322439446764
fixed-00000031,360.0,4.0,-6,0.0012174551290954597,8.389645509317262
fixed-00000031,360.0,4.0,-5,0.0027987364574527905,7.830156313248764
fixed-00000031,360.0,4.0,-4,0.0021572967836543493,7.227774780095132
fixed-00000031,360.0,4.0,-3,0.004294394522053681,6.570714442852491
fixed-00000031,360.0,4.0,-2,0.01027460704409334,5.840549916165145
fixed-00000031,360.0,4.0,-1,0.07299015699812626,5.0053899709427725
fixed-00000031,360.0,4.0,0,0.01748418477164267,4.000000000000043
fixed-00000031,360.0,4.0,1,0.15619815216750282,2.636329350486079
fixed-00000031,360.0,4.0,2,0.0,0.0
fixed-00000031,360.0,4.0,3,0.0,0.0
fixed-00000031,360.0,4.0,4,0.0,0.0
fixed-00000031,360.0,4.0,5,0.0,0.0
fixed-00000031,360.0,4.0,6,0.0,0.0
fixed-00000031,360.0,4.0,7,0.0,0.0
fixed-00000031,360.0,4.0,8,0.0,0.0
fixed-00000031,360.0,4.0,9,0.0,0.0
fixed-00000031,360.0,4.0,10,0.0,0.0
fixed-00000031,360.0,4.0,11,0.0,0.0
fixed-00000031,360.0,4.0,12,0.0,0.0
fixed-00000031,360.0,4.0,13,0.0,0.0
fixed-00000031,360.0,4.0,14,0.0,0.0
fixed-00000031,360.0,4.0,15,0.0,0.0
fixed-00000031,360.0,4.0,16,0.0,0.0
fixed-00000031,360.0,4.0,17,0.0,0.0
fixed-00000031,360.0,4.0,18,0.0,0.0
fixed-00000031,360.0,4.0,19,0.0,0.0
fixed-00000031,360.0,4.0,20,0.0,0.0
fixed-00000033,380.0,4.0,-20,9.956257329088424e-05,13.720819169692376
fixed-00000033,380.0,4.0,-19,5.940322365206609e-05,13.401935191968363
fixed-00000033,380.0,4.0,-18,0.00010531747815369056,13.075422179669076
fixed-00000033,380.0,4.0,-17,0.00012271702454722485,12.740693447383023
fixed-00000033,380.0,4.0,-16,0.00010583910653351836,12.397083362613174
fixed-00000033,380.0,4.0,-15,0.0001724612451429719,12.043831628706272
fixed-00000033,380.0,4.0,-14,0.00017412396653842762,11.680063301026976
fixed-00000033,380.0,4.0,-13,0.00014753019825717315,11.304763029146713
fixed-00000033,380.0,4.0,-12,0.00023189841053196218,10.916741345033458
fixed-00000033,380.0,4.0,-11,0.0004096239729176034,10.514589772150032
fixed-00000033,380.0,4.0,-10,0.0002861917466482086,10.096619860707108
fixed-00000033,380.0,4.0,-9,0.0004293849340046862,9.660778499992048
fixed-00000033,380.0,4.0,-8,0.0008206709418849549,9.204527144434891
fixed-00000033,380.0,4.0,-7,0.0005712587754158782,8.724664167273232
fixed-00000033,380.0,4.0,-6,0.0011506713792595582,8.217053724399236
fixed-00000033,380.0,4.0,-5,0.0027155325527566314,7.676192887086515
fixed-00000033,380.0,4.0,-4,0.0017530035899894565,7.094480733772272
fixed-00000033,380.0,4.0,-3,0.004153315786081267,6.460892113517076
fixed-00000033,380.0,4.0,-2,0.009440187743332617,5.758328175331556
fixed-00000033,380.0,4.0,-1,0.06231876947458889,4.957550037925813
fixed-00000033,380.0,4.0,0,0.02702614004399792,4.000000000000043
fixed-00000033,380.0,4.0,1,0.154161214164464,2.7251481303053993
fixed-00000033,380.0,4.0,2,0.0,0.0
fixed-00000033,380.0,4.0,3,0.0,0.0
fixed-00000033,380.0,4.0,4,0.0,0.0
fixed-00000033,380.0,4.0,5,0.0,0.0
fixed-00000033,380.0,4.0,6,0.0,0.0
fixed-00000033,380.0,4.0,7,0.0,0.0
fixed-00000033,380.0,4.0,8,0.0,0.0
fixed-00000033,380.0,4.0,9,0.0,0.0
fixed-00000033,380.0,4.0,10,0.0,0.0
fixed-00000033,380.0,4.0,11,0.0,0.0
fixed-00000033,380.0,4.0,12,0.0,0.0
fixed-00000033,380.0,4.0,13,0.0,0.0
fixed-00000033,380.0,4.0,14,0.0,0.0
fixed-00000033,380.0,4.0,15,0.0,0.0
fixed-00000033,380.0,4.0,16,0.0,0.0
fixed-00000033,380.0,4.0,17,0.0,0.0
fixed-00000033,380.0,4.0,18,0.0,0.0
fixed-00000033,380.0,4.0,19,0.0,0.0
fixed-00000033,380.0,4.0,20,0.0,0.0
fixed-00000034,390.0,4.0,-20,9.091351855756318e-05,13.558208282247051
fixed-00000034,390.0,4.0,-19,5.553544068996383e-05,13.243852394778827
fixed-00000034,390.0,4.0,-18,0.00010113125296071683,12.921991178661244
fixed-00000034,390.0,4.0,-17,0.00011358048369037758,12.592048975527604
fixed-00000034,390.0,4.0,-16,9.979597657159405e-05,12.253372869543554
fixed-00000034,390.0,4.0,-15,0.00016689111638829813,11.905217349750572
fixed-00000034,390.0,4.0,-14,0.00016086736179422333,11.546724820999572
fixed-00000034,390.0,4.0,-13,0.00013711420916675504,11.17690050161633
fixed-00000034,390.0,4.0,-12,0.00022753141220447636,10.794579595613811
fixed-00000034,390.0,4.0,-11,0.0003857620029725663,10.398383618371724
fixed-00000034,390.0,4.0,-10,0.00026741730954237013,9.986661145214711
fixed-00000034,390.0,4.0,-9,0.00041616476874295754,9.557405601711977
fixed-00000034,390.0,4.0,-8,0.0007776710103159574,9.108138186577165
fixed-00000034,390.0,4.0,-7,0.0005397161941317228,8.635735946513421
fixed-00000034,390.0,4.0,-6,0.0011207427391495084,8.136169892284897
fixed-00000034,390.0,4.0,-5,0.002670518767888861,7.604087921018774
fixed-00000034,390.0,4.0,-4,0.0015725436055391278,7.032112732132049
fixed-00000034,390.0,4.0,-3,0.004089121318392667,6.409572995038175
fixed-00000034,390.0,4.0,-2,0.009063396983220284,5.719982428520552
fixed-00000034,390.0,4.0,-1,0.05710509224468712,4.935314059208693
fixed-00000034,390.0,4.0,0,0.033238321497531816,4.000000000000043
fixed-00000034,390.0,4.0,1,0.1521211162085934,2.7651800627454577
fixed-00000034,390.0,4.0,2,0.0,0.0
fixed-00000034,390.0,4.0,3,0.0,0.0
fixed-00000034,390.0,4.0,4,0.0,0.0
fixed-00000034,390.0,4.0,5,0.0,0.0
fixed-00000034,390.0,4.0,6,0.0,0.0
fixed-00000034,390.0,4.0,7,0.0,0.0
fixed-00000034,390.0,4.0,8,0.0,0.0
fixed-00000034,390.0,4.0,9,0.0,0.0
fixed-00000034,390.0,4.0,10,0.0,0.0
fixed-00000034,390.0,4.0,11,0.0,0.0
fixed-00000034,390.0,4.0,12,0.0,0.0
fixed-00000034,390.0,4.0,13,0.0,0.0
fixed-00000034,390.0,4.0,14,0.0,0.0
fixed-00000034,390.0,4.0,15,0.0,0.0
fixed-00000034,390.0,4.0,16,0.0,0.0
fixed-00000034,390.0,4.0,17,0.0,0.0
fixed-00000034,390.0,4.0,18,0.0,0.0
fixed-00000034,390.0,4.0,19,0.0,0.0
fixed-00000034,390.0,4.0,20,0.0,0.0
fixed-00000035,400.0,4.0,-20,8.295952210482765e-05,13.401935191968334
fixed-00000035,400.0,4.0,-19,5.2267608497163226e-05,13.091937779982686
fixed-00000035,400.0,4.0,-18,9.71687906514611e-05,12.774554314257855
fixed-00000035,400.0,4.0,-17,0.00010496902639248105,12.449219763534273
fixed-00000035,400.0,4.0,-16,9.452964592518297e-05,12.115293466158093
fixed-00000035,400.0,4.0,-15,0.00016132831900461848,11.772044157333312
fixed-00000035,400.0,4.0,-14,0.00014840581904171618,11.41863095571108
fixed-00000035,400.0,4.0,-13,0.00012790390727449204,11.05407889093172
fixed-00000035,400.0,4.0,-12,0.00022362963000354975,10.677246924869166
fixed-00000035,400.0,4.0,-11,0.0003626308863560102,10.286785444979671
fixed-00000035,400.0,4.0,-10,0.0002502385668384508,9.88107865604465
fixed-00000035,400.0,4.0,-9,0.00040481025003590075,9.458164744734603
fixed-00000035,400.0,4.0,-8,0.0007364507392414784,9.015622340555609
fixed-00000035,400.0,4.0,-7,0.0005119032453781175,8.550404058348832
fixed-00000035,400.0,4.0,-6,0.0010931182199356336,8.058583440755712
fixed-00000035,400.0,4.0,-5,0.002625112585416029,7.5349529087644385
fixed-00000035,400.0,4.0,-4,0.001408302160789493,6.972349028947534
fixed-00000035,400.0,4.0,-3,0.004032560409901156,6.360437927763655
fixed-00000035,400.0,4.0,-2,0.008721106691083289,5.683315135192018
fixed-00000035,400.0,4.0,-1,0.05201411718916226,4.9140969160105215
fixed-00000035,400.0,4.0,0,0.0401666980306313,4.000000000000043
fixed-00000035,400.0,4.0,1,0.1489121355342508,2.802681229887611
fixed-00000035,400.0,4.0,2,0.0,0.0
fixed-00000035,400.0,4.0,3,0.0,0.0
fixed-00000035,400.0,4.0,4,0.0,0.0
fixed-00000035,400.0,4.0,5,0.0,0.0
fixed-00000035,400.0,4.0,6,0.0,0.0
fixed-00000035,400.0,4.0,7,0.0,0.0
fixed-00000035,400.0,4.0,8,0.0,0.0
fixed-00000035,400.0,4.0,9,0.0,0.0
fixed-00000035,400.0,4.0,10,0.0,0.0
fixed-00000035,400.0,4.0,11,0.0,0.0
fixed-00000035,400.0,4.0,12,0.0,0.0
fixed-00000035,400.0,4.0,13,0.0,0.0
fixed-00000035,400.0,4.0,14,0.0,0.0
fixed-00000035,400.0,4.0,15,0.0,0.0
fixed-00000035,400.0,4.0,16,0.0,0.0
fixed-00000035,400.0,4.0,17,0.0,0.0
fixed-00000035,400.0,4.0,18,0.0,0.0
fixed-00000035,400.0,4.0,19,0.0,0.0
fixed-00000035,400.0,4.0,20,0.0,0.0
fixed-00000037,420.0,4.0,-20,6.921462918651623e-05,13.106862846525061
fixed-00000037,420.0,4.0,-19,4.707262823817838e-05,12.805114462386342
fixed-00000037,420.0,4.0,-18,9.001355231676038e-05,12.496206306817086
fixed-00000037,420.0,4.0,-17,8.955735401038487e-05,12.17959349512843
fixed-00000037,420.0,4.0,-16,8.705281507073782e-05,11.854658593029981
fixed-00000037,420.0,4.0,-15,0.0001535582364954296,11.520697333478978
fixed-00000037,420.0,4.0,-14,0.0001269746920605601,11.176900501616302
fixed-00000037,420.0,4.0,-13,0.00011309832703565614,10.822330651089075
fixed-00000037,420.0,4.0,-12,0.00022040201997306633,10.45589172636997
fixed-00000037,420.0,4.0,-11,0.0003220746292810061,10.076288755900379
fixed-00000037,420.0,4.0,-10,0.00021721556048071955,9.681973335802653
fixed-00000037,420.0,4.0,-9,0.00038972344193428417,9.27106825583462
fixed-00000037,420.0,4.0,-8,0.0006622317795125124,8.841260597125114
fixed-00000037,420.0,4.0,-7,0.0004615820039400469,8.389645509317234
fixed-00000037,420.0,4.0,-6,0.0010730764313758552,7.912489630768675
fixed-00000037,420.0,4.0,-5,0.0025453908213891765,7.4048569993797315
fixed-00000037,420.0,4.0,-4,0.0011331687889617158,6.85998498024081
fixed-00000037,420.0,4.0,-3,0.003992508636129289,6.268169548556969
fixed-00000037,420.0,4.0,-2,0.008208434017824062,5.614585555098117
fixed-00000037,420.0,4.0,-1,0.04203815856036193,4.874449243247412
fixed-00000037,420.0,4.0,0,0.05518784762469983,4.000000000000043
fixed-00000037,420.0,4.0,1,0.1315159109359992,2.871028001785845
fixed-00000037,420.0,4.0,2,0.0046463381494333,0.6990406976807151
fixed-00000037,420.0,4.0,3,0.0,0.0
fixed-00000037,420.0,4.0,4,0.0,0.0
fixed-00000037,420.0,4.0,5,0.0,0.0
fixed-00000037,420.0,4.0,6,0.0,0.0
fixed-00000037,420.0,4.0,7,0.0,0.0
fixed-00000037,420.0,4.0,8,0.0,0.0
fixed-00000037,420.0,4.0,9,0.0,0.0
fixed-00000037,420.0,4.0,10,0.0,0.0
fixed-00000037,420.0,4.0,11,0.0,0.0
fixed-00000037,420.0,4.0,12,0.0,0.0
fixed-00000037,420.0,4.0,13,0.0,0.0
fixed-00000037,420.0,4.0,14,0.0,0.0
fixed-00000037,420.0,4.0,15,0.0,0.0
fixed-00000037,420.0,4.0,16,0.0,0.0
fixed-00000037,420.0,4.0,17,0.0,0.0
fixed-00000037,420.0,4.0,18,0.0,0.0
fixed-00000037,420.0,4.0,19,0.0,0.0
fixed-00000037,420.0,4.0,20,0.0,0.0
fixed-00000036,410.0,4.0,-20,7.771794947041822e-05,13.25160671143152
fixed-00000036,410.0,4.0,-19,5.122711778474743e-05,12.945808611381139
fixed-00000036,410.0,4.0,-18,9.587625404539712e-05,12.632739563220795
fixed-00000036,410.0,4.0,-17,9.937253628252517e-05,12.311844786384484
fixed-00000036,410.0,4.0,-16,9.271935333944844e-05,11.982495438084868
fixed-00000036,410.0,4.0,-15,0.00016049491644376933,11.64397399180919
fixed-00000036,410.0,4.0,-14,0.00014116741858423017,11.29545568156965
fixed-00000036,410.0,4.0,-13,0.00012367546324325974,10.935984635208442
fixed-00000036,410.0,4.0,-12,0.00022737826336528152,10.564442711720147
fixed-00000036,410.0,4.0,-11,0.0003500785949706676,10.179508116212844
fixed-00000036,410.0,4.0,-10,0.00024121032296906783,9.779599368767236
fixed-00000036,410.0,4.0,-9,0.00040847858264237124,9.362797745675024
fixed-00000036,410.0,4.0,-8,0.0007179901663942633,8.92673712909803
fixed-00000036,410.0,4.0,-7,0.0005034469858837332,8.46844277897803
fixed-00000036,410.0,4.0,-6,0.0011064122765619014,7.984086702197118
fixed-00000036,410.0,4.0,-5,0.0026474072772253348,7.4685999179504705
fixed-00000036,410.0,4.0,-4,0.001301966752766721,6.915023699498562
fixed-00000036,410.0,4.0,-3,0.0041023719295217725,6.313346294075288
fixed-00000036,410.0,4.0,-2,0.008625662493975353,5.648216320416552
fixed-00000036,410.0,4.0,-1,0.04761166839551661,4.893829601074785
fixed-00000036,410.0,4.0,0,0.04734200499874109,4.000000000000043
fixed-00000036,410.0,4.0,1,0.13972601852784838,2.837893584805059
fixed-00000036,410.0,4.0,2,0.0021697075590232525,0.3323929222386681
fixed-00000036,410.0,4.0,3,0.0,0.0
fixed-00000036,410.0,4.0,4,0.0,0.0
fixed-00000036,410.0,4.0,5,0.0,0.0
fixed-00000036,410.0,4.0,6,0.0,0.0
fixed-00000036,410.0,4.0,7,0.0,0.0
fixed-00000036,410.0,4.0,8,0.0,0.0
fixed-00000036,410.0,4.0,9,0.0,0.0
fixed-00000036,410.0,4.0,10,0.0,0.0
fixed-00000036,410.0,4.0,11,0.0,0.0
fixed-00000036,410.0,4.0,12,0.0,0.0
fixed-00000036,410.0,4.0,13,0.0,0.0
fixed-00000036,410.0,4.0,14,0.0,0.0
fixed-00000036,410.0,4.0,15,0.0,0.0
fixed-00000036,410.0,4.0,16,0.0,0.0
fixed-00000036,410.0,4.0,17,0.0,0.0
fixed-00000036,410.0,4.0,18,0.0,0.0
fixed-00000036,410.0,4.0,19,0.0,0.0
fixed-00000036,410.0,4.0,20,0.0,0.0
fixed-00000038,430.0,4.0,-20,6.169665718667643e-05,12.96737328269542
fixed-00000038,430.0,4.0,-19,4.3477053663050055e-05,12.669533796208484
fixed-00000038,430.0,4.0,-18,8.431410649815558e-05,12.364642007157542
fixed-00000038,430.0,4.0,-17,8.048849750301056e-05,12.052162591783855
fixed-00000038,430.0,4.0,-16,8.199622638958014e-05,11.731489136876604
fixed-00000038,430.0,4.0,-15,0.00014594563014566365,11.401930182797159
fixed-00000038,430.0,4.0,-14,0.00011327142819086188,11.062691533065163
fixed-00000038,430.0,4.0,-13,0.00010354023728133157,10.712853532213543
fixed-00000038,430.0,4.0,-12,0.00021232788541027074,10.351341443751252
fixed-00000038,430.0,4.0,-11,0.000293689503456268,9.976886180480477
fixed-00000038,430.0,4.0,-10,0.00019457913509313783,9.587971244288596
fixed-00000038,430.0,4.0,-9,0.0003696276565653526,9.182759450054348
fixed-00000038,430.0,4.0,-8,0.0006053015492631101,8.758989138846587
fixed-00000038,430.0,4.0,-7,0.00042060931452906323,8.313822749096218
fixed-00000038,430.0,4.0,-6,0.0010312555553710272,7.843617934344664
fixed-00000038,430.0,4.0,-5,0.0024245313281648704,7.343566490730254
fixed-00000038,430.0,4.0,-4,0.0009699387120888847,6.8070937630128014
fixed-00000038,430.0,4.0,-3,0.0038556692083645994,6.224789929923276
fixed-00000038,430.0,4.0,-2,0.0077507578562479385,5.582330930281415
fixed-00000038,430.0,4.0,-1,0.03663429602531993,4.855898436406804
fixed-00000038,430.0,4.0,0,0.06334590650972519,4.000000000000043
fixed-00000038,430.0,4.0,1,0.12401202326661309,2.902269292269864
fixed-00000038,430.0,4.0,2,0.006456315128467456,0.9215465625908905
fixed-00000038,430.0,4.0,3,0.0,0.0
fixed-00000038,430.0,4.0,4,0.0,0.0
fixed-00000038,430.0,4.0,5,0.0,0.0
fixed-00000038,430.0,4.0,6,0.0,0.0
fixed-00000038,430.0,4.0,7,0.0,0.0
fixed-00000038,430.0,4.0,8,0.0,0.0
fixed-00000038,430.0,4.0,9,0.0,0.0
fixed-00000038,430.0,4.0,10,0.0,0.0
fixed-00000038,430.0,4.0,11,0.0,0.0
fixed-00000038,430.0,4.0,12,0.0,0.0
fixed-00000038,430.0,4.0,13,0.0,0.0
fixed-00000038,430.0,4.0,14,0.0,0.0
fixed-00000038,430.0,4.0,15,0.0,0.0
fixed-00000038,430.0,4.0,16,0.0,0.0
fixed-00000038,430.0,4.0,17,0.0,0.0
fixed-00000038,430.0,4.0,18,0.0,0.0
fixed-00000038,430.0,4.0,19,0.0,0.0
fixed-00000038,430.0,4.0,20,0.0,0.0
fixed-00000040,450.0,4.0,-20,5.0088313604426165e-05,12.702966158118315
fixed-00000040,450.0,4.0,-19,3.824039551669559e-05,12.412553656294293
fixed-00000040,450.0,4.0,-18,7.461916862011976e-05,12.115293466158121
fixed-00000040,450.0,4.0,-17,6.549476559559771e-05,11.81066845284316
fixed-00000040,450.0,4.0,-16,7.523229815718235e-05,11.498093166079101
fixed-00000040,450.0,4.0,-15,0.00013283828029799123,11.17690050161626
fixed-00000040,450.0,4.0,-14,8.972748160274785e-05,10.846324815409005
fixed-00000040,450.0,4.0,-13,8.963911749539678e-05,10.505480264653997
fixed-00000040,450.0,4.0,-12,0.00019919352966439932,10.153332615240856
fixed-00000040,450.0,4.0,-11,0.00024314023135132062,9.788661932177646
fixed-00000040,450.0,4.0,-10,0.000156788572254331,9.41001226788633
fixed-00000040,450.0,4.0,-9,0.0003368058267262768,9.015622340555637
fixed-00000040,450.0,4.0,-8,0.0005032525994797026,8.60332760953709
fixed-00000040,450.0,4.0,-7,0.00035227735885194335,8.170417848002046
fixed-00000040,450.0,4.0,-6,0.0009602217811256372,7.713422675659928
fixed-00000040,450.0,4.0,-5,0.002190864613604509,7.227774780095174
fixed-00000040,450.0,4.0,-4,0.0006934657254272205,6.707252950125579
fixed-00000040,450.0,4.0,-3,0.00361289685464131,6.142998339829504
fixed-00000040,450.0,4.0,-2,0.006919642004856917,5.521619808342521
fixed-00000040,450.0,4.0,-1,0.02694409779285841,4.821079743384956
fixed-00000040,450.0,4.0,0,0.08067568201277424,4.000000000000043
fixed-00000040,450.0,4.0,1,0.10959556220732782,2.9597049311129666
fixed-00000040,450.0,4.0,2,0.009835167111663141,1.2338425267338948
fixed-00000040,450.0,4.0,3,0.0,0.0
fixed-00000040,450.0,4.0,4,0.0,0.0
fixed-00000040,450.0,4.0,5,0.0,0.0
fixed-00000040,450.0,4.0,6,0.0,0.0
fixed-00000040,450.0,4.0,7,0.0,0.0
fixed-00000040,450.0,4.0,8,0.0,0.0
fixed-00000040,450.0,4.0,9,0.0,0.0
fixed-00000040,450.0,4.0,10,0.0,0.0
fixed-00000040,450.0,4.0,11,0.0,0.0
fixed-00000040,450.0,4.0,12,0.0,0.0
fixed-00000040,450.0,4.0,13,0.0,0.0
fixed-00000040,450.0,4.0,14,0.0,0.0
fixed-00000040,450.0,4.0,15,0.0,0.0
fixed-00000040,450.0,4.0,16,0.0,0.0
fixed-00000040,450.0,4.0,17,0.0,0.0
fixed-00000040,450.0,4.0,18,0.0,0.0
fixed-00000040,450.0,4.0,19,0.0,0.0
fixed-00000040,450.0,4.0,20,0.0,0.0
fixed-00000039,440.0,4.0,-20,5.564102564002202e-05,12.832834315133255
fixed-00000039,440.0,4.0,-19,4.07823356638908e-05,12.538770978052682
fixed-00000039,440.0,4.0,-18,7.952673613637146e-05,12.237759303340212
fixed-00000039,440.0,4.0,-17,7.282698534763368e-05,11.929273211537804
fixed-00000039,440.0,4.0,-16,7.840840026137088e-05,11.612716944258509
fixed-00000039,440.0,4.0,-15,0.0001395108583320627,11.287411421865912
fixed-00000039,440.0,4.0,-14,0.00010133325618182692,10.952576962541741
fixed-00000039,440.0,4.0,-13,9.61732256467803e-05,10.607311101353602
fixed-00000039,440.0,4.0,-12,0.00020596368920675214,10.250559696102783
fixed-00000039,440.0,4.0,-11,0.0002683138881977451,9.88107865604465
fixed-00000039,440.0,4.0,-10,0.00017532721273259472,9.49738228221355
fixed-00000039,440.0,4.0,-9,0.00035307557690976996,9.09767200731369
fixed-00000039,440.0,4.0,-8,0.0005541036960098484,8.679735599183942
fixed-00000039,440.0,4.0,-7,0.000385680142046695,8.240800326776181
fixed-00000039,440.0,4.0,-6,0.00099535016616831,7.777311442431525
fixed-00000039,440.0,4.0,-5,0.002311769905787054,7.284583534666609
fixed-00000039,440.0,4.0,-4,0.000825376457280142,6.756222279782023
fixed-00000039,440.0,4.0,-3,0.0037347143938978103,6.183099336276953
fixed-00000039,440.0,4.0,-2,0.007330040162198008,5.551368162118536
fixed-00000039,440.0,4.0,-1,0.03164803124747694,4.838124655002829
fixed-00000039,440.0,4.0,0,0.07194413248580528,4.000000000000043
fixed-00000039,440.0,4.0,1,0.11686959272021738,2.931780248048341
fixed-00000039,440.0,4.0,2,0.008149775886885447,1.0924531720081205
fixed-00000039,440.0,4.0,3,0.0,0.0
fixed-00000039,440.0,4.0,4,0.0,0.0
fixed-00000039,440.0,4.0,5,0.0,0.0
fixed-00000039,440.0,4.0,6,0.0,0.0
fixed-00000039,440.0,4.0,7,0.0,0.0
fixed-00000039,440.0,4.0,8,0.0,0.0
fixed-00000039,440.0,4.0,9,0.0,0.0
fixed-00000039,440.0,4.0,10,0.0,0.0
fixed-00000039,440.0,4.0,11,0.0,0.0
fixed-00000039,440.0,4.0,12,0.0,0.0
fixed-00000039,440.0,4.0,13,0.0,0.0
fixed-00000039,440.0,4.0,14,0.0,0.0
fixed-00000039,440.0,4.0,15,0.0,0.0
fixed-00000039,440.0,4.0,16,0.0,0.0
fixed-00000039,440.0,4.0,17,0.0,0.0
fixed-00000039,440.0,4.0,18,0.0,0.0
fixed-00000039,440.0,4.0,19,0.0,0.0
fixed-00000039,440.0,4.0,20,0.0,0.0
fixed-00000041,460.0,4.0,-20,4.501929836545688e-05,12.577510579407715
fixed-00000041,460.0,4.0,-19,3.579210728359976e-05,12.290630459977635
fixed-00000041,460.0,4.0,-18,6.9491125441001e-05,11.997000160210277
fixed-00000041,460.0,4.0,-17,5.8487671355952714e-05,11.696111205778067
fixed-00000041,460.0,4.0,-16,7.22076982701847e-05,11.387388125912437
fixed-00000041,460.0,4.0,-15,0.00012547722974788007,11.070175408225822
fixed-00000041,460.0,4.0,-14,7.83617156831569e-05,10.743720994389975
fixed-00000041,460.0,4.0,-13,8.357198855062235e-05,10.407155124901223
fixed-00000041,460.0,4.0,-12,0.00019110436158819024,10.059462823221452
fixed-00000041,460.0,4.0,-11,0.0002175878372947939,9.699447513130764
fixed-00000041,460.0,4.0,-10,0.00013854754576454428,9.325682005200974
fixed-00000041,460.0,4.0,-9,0.00031895510458345664,8.93644104020727
fixed-00000041,460.0,4.0,-8,0.0004513007886053433,8.529606124486918
fixed-00000041,460.0,4.0,-7,0.00031876677955190914,8.102527331430608
fixed-00000041,460.0,4.0,-6,0.0009206590837497207,7.651815588106331
fixed-00000041,460.0,4.0,-5,0.002053211002962055,7.1730172404364225
fixed-00000041,460.0,4.0,-4,0.0005699965582109428,6.660077368214232
fixed-00000041,460.0,4.0,-3,0.0034734519330496235,6.104395321148445
fixed-00000041,460.0,4.0,-2,0.00648847638076154,5.493014580257693
fixed-00000041,460.0,4.0,-1,0.022479550123172647,4.804719468232179
fixed-00000041,460.0,4.0,0,0.08922344234696873,4.000000000000043
fixed-00000041,460.0,4.0,1,0.10190230163886055,2.986171373421186
fixed-00000041,460.0,4.0,2,0.011518873390279447,1.3553543387345144
fixed-00000041,460.0,4.0,3,0.0,0.0
fixed-00000041,460.0,4.0,4,0.0,0.0
fixed-00000041,460.0,4.0,5,0.0,0.0
fixed-00000041,460.0,4.0,6,0.0,0.0
fixed-00000041,460.0,4.0,7,0.0,0.0
fixed-00000041,460.0,4.0,8,0.0,0.0
fixed-00000041,460.0,4.0,9,0.0,0.0
fixed-00000041,460.0,4.0,10,0.0,0.0
fixed-00000041,460.0,4.0,11,0.0,0.0
fixed-00000041,460.0,4.0,12,0.0,0.0
fixed-00000041,460.0,4.0,13,0.0,0.0
fixed-00000041,460.0,4.0,14,0.0,0.0
fixed-00000041,460.0,4.0,15,0.0,0.0
fixed-00000041,460.0,4.0,16,0.0,0.0
fixed-00000041,460.0,4.0,17,0.0,0.0
fixed-00000041,460.0,4.0,18,0.0,0.0
fixed-00000041,460.0,4.0,19,0.0,0.0
fixed-00000041,460.0,4.0,20,0.0,0.0
fixed-00000042,470.0,4.0,-20,4.125571265962974e-05,12.456228814270318
fixed-00000042,470.0,4.0,-19,3.410474558261387e-05,12.172768968466443
fixed-00000042,470.0,4.0,-18,6.519319492624944e-05,11.882653470494859
fixed-00000042,470.0,4.0,-17,5.278994981294241e-05,11.585382237029776
fixed-00000042,470.0,4.0,-16,7.041420473553927e-05,11.28038946496281
fixed-00000042,470.0,4.0,-15,0.00011913101262930421,10.967030869800126
fixed-00000042,470.0,4.0,-14,6.86205839505097e-05,10.644567549905517
fixed-00000042,470.0,4.0,-13,7.935882632200845e-05,10.31214531767661
fixed-00000042,470.0,4.0,-12,0.00018432856908161217,9.968767836736134
fixed-00000042,470.0,4.0,-11,0.00019481043804367649,9.613261133217293
fixed-00000042,470.0,4.0,-10,0.00012328182474714776,9.244225833195756
fixed-00000042,470.0,4.0,-9,0.0003037691895032366,8.85997150158471
fixed-00000042,470.0,4.0,-8,0.0004045444270847664,8.458424131399937
fixed-00000042,470.0,4.0,-7,0.0002904619064269976,8.036992005791461
fixed-00000042,470.0,4.0,-6,0.000885450404736706,7.592364458324127
fixed-00000042,470.0,4.0,-5,0.0019216423453627851,7.12019728699272
fixed-00000042,470.0,4.0,-4,0.00046184589121123985,6.614595409808928
fixed-00000042,470.0,4.0,-3,0.003344947607582335,6.067205706207318
fixed-00000042,470.0,4.0,-2,0.006083219811728064,5.465486736837221
fixed-00000042,470.0,4.0,-1,0.018436970216692765,4.789003125134016
fixed-00000042,470.0,4.0,0,0.09788678014512346,4.000000000000043
fixed-00000042,470.0,4.0,1,0.0942947489222334,3.011293809692063
fixed-00000042,470.0,4.0,2,0.013235309021417792,1.462265398478209
fixed-00000042,470.0,4.0,3,0.0,0.0
fixed-00000042,470.0,4.0,4,0.0,0.0
fixed-00000042,470.0,4.0,5,0.0,0.0
fixed-00000042,470.0,4.0,6,0.0,0.0
fixed-00000042,470.0,4.0,7,0.0,0.0
fixed-00000042,470.0,4.0,8,0.0,0.0
fixed-00000042,470.0,4.0,9,0.0,0.0
fixed-00000042,470.0,4.0,10,0.0,0.0
fixed-00000042,470.0,4.0,11,0.0,0.0
fixed-00000042,470.0,4.0,12,0.0,0.0
fixed-00000042,470.0,4.0,13,0.0,0.0
fixed-00000042,470.0,4.0,14,0.0,0.0
fixed-00000042,470.0,4.0,15,0.0,0.0
fixed-00000042,470.0,4.0,16,0.0,0.0
fixed-00000042,470.0,4.0,17,0.0,0.0
fixed-00000042,470.0,4.0,18,0.0,0.0
fixed-00000042,470.0,4.0,19,0.0,0.0
fixed-00000042,470.0,4.0,20,0.0,0.0
fixed-00000043,480.0,4.0,-20,3.8284703851706114e-05,12.338899720932332
fixed-00000043,480.0,4.0,-19,3.273010776581137e-05,12.058753916039905
fixed-00000043,480.0,4.0,-18,6.116265097543582e-05,11.772044157333369
fixed-00000043,480.0,4.0,-17,4.780149010499561e-05,11.478278496429667
fixed-00000043,480.0,4.0,-16,6.938526482022012e-05,11.176900501616302
fixed-00000043,480.0,4.0,-15,0.0001133068753806778,10.867276770488644
fixed-00000043,480.0,4.0,-14,5.977254486956376e-05,10.548681150469449
fixed-00000043,480.0,4.0,-13,7.662306536711168e-05,10.220274539944285
fixed-00000043,480.0,4.0,-12,0.00017821521957335745,9.881078656044693
fixed-00000043,480.0,4.0,-11,0.00017373345687555047,9.529941408533489
fixed-00000043,480.0,4.0,-10,0.00010999838121110173,9.165490343367907
fixed-00000043,480.0,4.0,-9,0.00029102726724365176,8.786068711064956
fixed-00000043,480.0,4.0,-8,0.00036134243806147757,8.389645509317262
fixed-00000043,480.0,4.0,-7,0.000266699548745947,7.973685246153153
fixed-00000043,480.0,4.0,-6,0.0008571188524233406,7.534952908764538
fixed-00000043,480.0,4.0,-5,0.0017939730484909688,7.069209758944453
fixed-00000043,480.0,4.0,-4,0.0003697073524623145,6.570714442852491
fixed-00000043,480.0,4.0,-3,0.003235774124532858,6.03135129215535
fixed-00000043,480.0,4.0,-2,0.005717067933658196,5.438975549640787
fixed-00000043,480.0,4.0,-1,0.014819155713614635,4.773893191801832
fixed-00000043,480.0,4.0,0,0.10660963846653727,4.000000000000128
fixed-00000043,480.0,4.0,1,0.08686918730070768,3.035174537183508
fixed-00000043,480.0,4.0,2,0.015038553727677532,1.5578535504268984
fixed-00000043,480.0,4.0,3,0.0,0.0
fixed-00000043,480.0,4.0,4,0.0,0.0
fixed-00000043,480.0,4.0,5,0.0,0.0
fixed-00000043,480.0,4.0,6,0.0,0.0
fixed-00000043,480.0,4.0,7,0.0,0.0
fixed-00000043,480.0,4.0,8,0.0,0.0
fixed-00000043,480.0,4.0,9,0.0,0.0
fixed-00000043,480.0,4.0,10,0.0,0.0
fixed-00000043,480.0,4.0,11,0.0,0.0
fixed-00000043,480.0,4.0,12,0.0,0.0
fixed-00000043,480.0,4.0,13,0.0,0.0
fixed-00000043,480.0,4.0,14,0.0,0.0
fixed-00000043,480.0,4.0,15,0.0,0.0
fixed-00000043,480.0,4.0,16,0.0,0.0
fixed-00000043,480.0,4.0,17,0.0,0.0
fixed-00000043,480.0,4.0,18,0.0,0.0
fixed-00000043,480.0,4.0,19,0.0,0.0
fixed-00000043,480.0,4.0,20,0.0,0.0
fixed-00000044,490.0,4.0,-20,3.475476875637388e-05,12.225318145104808
fixed-00000044,490.0,4.0,-19,3.045006912579363e-05,11.948385599975978
fixed-00000044,490.0,4.0,-18,5.5682801135653815e-05,11.66497810905598
fixed-00000044,490.0,4.0,-17,4.207918902410673e-05,11.374611615381397
fixed-00000044,490.0,4.0,-16,6.684911979910862e-05,11.076738776861475
fixed-00000044,490.0,4.0,-15,0.00010482355288745637,10.770736744273435
fixed-00000044,490.0,4.0,-14,4.991852923742629e-05,10.455891726370012
fixed-00000044,490.0,4.0,-13,7.26030739971552e-05,10.131379245325505
fixed-00000044,490.0,4.0,-12,0.00016734989623167282,9.796238513755625
fixed-00000044,490.0,4.0,-11,0.0001494995531388992,9.449338641416006
fixed-00000044,490.0,4.0,-10,9.458950413998033e-05,9.089333242301052
fixed-00000044,490.0,4.0,-9,0.00027174901126155875,8.714598169784495
fixed-00000044,490.0,4.0,-8,0.0003117683660143164,8.323144017155428
fixed-00000044,490.0,4.0,-7,0.00023815671670392229,7.9124896307686186
fixed-00000044,490.0,4.0,-6,0.0008150654846005033,7.479473036402908
fixed-00000044,490.0,4.0,-5,0.0016269850406991728,7.019957174357458
fixed-00000044,490.0,4.0,-4,0.0002818087015704652,6.528348627774008
fixed-00000044,490.0,4.0,-3,0.0030810659043480847,5.996759649897882
fixed-00000044,490.0,4.0,-2,0.005279313638040113,5.413424829013778
fixed-00000044,490.0,4.0,-1,0.011431630566588451,4.7593550215627545
fixed-00000044,490.0,4.0,0,0.11396968989007496,4.000000000000128
fixed-00000044,490.0,4.0,1,0.07868826083355274,3.057905474932099
fixed-00000044,490.0,4.0,2,0.016798466297717772,1.6443284594506906
fixed-00000044,490.0,4.0,3,0.0,0.0
fixed-00000044,490.0,4.0,4,0.0,0.0
fixed-00000044,490.0,4.0,5,0.0,0.0
fixed-00000044,490.0,4.0,6,0.0,0.0
fixed-00000044,490.0,4.0,7,0.0,0.0
fixed-00000044,490.0,4.0,8,0.0,0.0
fixed-00000044,490.0,4.0,9,0.0,0.0
fixed-00000044,490.0,4.0,10,0.0,0.0
fixed-00000044,490.0,4.0,11,0.0,0.0
fixed-00000044,490.0,4.0,12,0.0,0.0
fixed-00000044,490.0,4.0,13,0.0,0.0
fixed-00000044,490.0,4.0,14,0.0,0.0
fixed-00000044,490.0,4.0,15,0.0,0.0
fixed-00000044,490.0,4.0,16,0.0,0.0
fixed-00000044,490.0,4.0,17,0.0,0.0
fixed-00000044,490.0,4.0,18,0.0,0.0
fixed-00000044,490.0,4.0,19,0.0,0.0
fixed-00000044,490.0,4.0,20,0.0,0.0
fixed-00000045,500.0,4.0,-20,3.166962503558458e-05,12.115293466158121
fixed-00000045,500.0,4.0,-19,2.8182549976099197e-05,11.8414784654246
fixed-00000045,500.0,4.0,-18,5.015677082433142e-05,11.561274966505863
fixed-00000045,500.0,4.0,-17,3.6910512712754635e-05,11.274206572013128
fixed-00000045,500.0,4.0,-16,6.400324508740029e-05,10.979734761202295
fixed-00000045,500.0,4.0,-15,9.55742460932619e-05,10.677246924869209
fixed-00000045,500.0,4.0,-14,4.086833102593359e-05,10.366041263914951
fixed-00000045,500.0,4.0,-13,6.855694667684205e-05,10.045307484204272
fixed-00000045,500.0,4.0,-12,0.00015457945115756163,9.714101762495858
fixed-00000045,500.0,4.0,-11,0.00012584625884932589,9.371313757611418
fixed-00000045,500.0,4.0,-10,8.011637541414757e-05,9.01562234055568
fixed-00000045,500.0,4.0,-9,0.00024958145781621085,8.645434936834732
fixed-00000045,500.0,4.0,-8,0.00026282384608202803,8.258802394264194
fixed-00000045,500.0,4.0,-7,0.00020977252818425918,7.85329610268785
fixed-00000045,500.0,4.0,-6,0.0007632484498790047,7.425824639985038
fixed-00000045,500.0,4.0,-5,0.0014436224800331056,6.972349028947647
fixed-00000045,500.0,4.0,-4,0.00020284589452609745,6.487418295723927
fixed-00000045,500.0,4.0,-3,0.002894231931527456,5.96336359338612
fixed-00000045,500.0,4.0,-2,0.004793390831803932,5.388782503478367
fixed-00000045,500.0,4.0,-1,0.008433170423732433,4.745356571759629
fixed-00000045,500.0,4.0,0,0.12007596174991092,4.000000000000128
fixed-00000045,500.0,4.0,1,0.0701523646841226,3.07956947893598
fixed-00000045,500.0,4.0,2,0.0184441709843764,1.7232677700620371
fixed-00000045,500.0,4.0,3,0.0,0.0
fixed-00000045,500.0,4.0,4,0.0,0.0
fixed-00000045,500.0,4.0,5,0.0,0.0
fixed-00000045,500.0,4.0,6,0.0,0.0
fixed-00000045,500.0,4.0,7,0.0,0.0
fixed-00000045,500.0,4.0,8,0.0,0.0
fixed-00000045,500.0,4.0,9,0.0,0.0
fixed-00000045,500.0,4.0,10,0.0,0.0
fixed-00000045,500.0,4.0,11,0.0,0.0
fixed-00000045,500.0,4.0,12,0.0,0.0
fixed-00000045,500.0,4.0,13,0.0,0.0
fixed-00000045,500.0,4.0,14,0.0,0.0
fixed-00000045,500.0,4.0,15,0.0,0.0
fixed-00000045,500.0,4.0,16,0.0,0.0
fixed-00000045,500.0,4.0,17,0.0,0.0
fixed-00000045,500.0,4.0,18,0.0,0.0
fixed-00000045,500.0,4.0,19,0.0,0.0
fixed-00000045,500.0,4.0,20,0.0,0.0
fixed-00000046,510.0,4.0,-20,2.8570714491261348e-05,12.00864830157974
fixed-00000046,510.0,4.0,-19,2.5576097209451504e-05,11.73785984433411
fixed-00000046,510.0,4.0,-18,4.423941512580901e-05,11.46076689726786
fixed-00000046,510.0,4.0,-17,3.191582362373613e-05,11.17690050161626
fixed-00000046,510.0,4.0,-16,6.017862716015658e-05,10.885730702301743
fixed-00000046,510.0,4.0,-15,8.500799196310814e-05,10.586654831666607
fixed-00000046,510.0,4.0,-14,3.234062715695276e-05,10.278982730887435
fixed-00000046,510.0,4.0,-13,6.365362323106721e-05,9.961917870049362
fixed-00000046,510.0,4.0,-12,0.00013894692656579822,9.63453288362129
fixed-00000046,510.0,4.0,-11,0.00010232325139358748,9.295737359102532
fixed-00000046,510.0,4.0,-10,6.584048833537845e-05,8.944234651595096
fixed-00000046,510.0,4.0,-9,0.00022297241653064065,8.578462776597007
fixed-00000046,510.0,4.0,-8,0.0002137480934216301,8.19651155890179
fixed-00000046,510.0,4.0,-7,0.00017997100559440226,7.796003222671089
fixed-00000046,510.0,4.0,-6,0.000697544234070425,7.373914531470007
fixed-00000046,510.0,4.0,-5,0.001240235470754592,6.926301171313213
fixed-00000046,510.0,4.0,-4,0.0001337192379598186,6.447849394706807
fixed-00000046,510.0,4.0,-3,0.002662521957271154,5.931100707011325
fixed-00000046,510.0,4.0,-2,0.004242420906960249,5.3650002454304655
fixed-00000046,510.0,4.0,-1,0.005857664803099431,4.731868162490429
fixed-00000046,510.0,4.0,0,0.12418314542563245,3.999999999999943
fixed-00000046,510.0,4.0,1,0.061217356041730044,3.100241457700733
fixed-00000046,510.0,4.0,2,0.019858155173143727,1.7958468702815367
fixed-00000046,510.0,4.0,3,0.0,0.0
fixed-00000046,510.0,4.0,4,0.0,0.0
fixed-00000046,510.0,4.0,5,0.0,0.0
fixed-00000046,510.0,4.0,6,0.0,0.0
fixed-00000046,510.0,4.0,7,0.0,0.0
fixed-00000046,510.0,4.0,8,0.0,0.0
fixed-00000046,510.0,4.0,9,0.0,0.0
fixed-00000046,510.0,4.0,10,0.0,0.0
fixed-00000046,510.0,4.0,11,0.0,0.0
fixed-00000046,510.0,4.0,12,0.0,0.0
fixed-00000046,510.0,4.0,13,0.0,0.0
fixed-00000046,510.0,4.0,14,0.0,0.0
fixed-00000046,510.0,4.0,15,0.0,0.0
fixed-00000046,510.0,4.0,16,0.0,0.0
fixed-00000046,510.0,4.0,17,0.0,0.0
fixed-00000046,510.0,4.0,18,0.0,0.0
fixed-00000046,510.0,4.0,19,0.0,0.0
fixed-00000046,510.0,4.0,20,0.0,0.0
fixed-00000047,520.0,4.0,-20,2.6934652109516356e-05,11.905217349750558
fixed-00000047,520.0,4.0,-19,2.436883741865383e-05,11.637368829002952
fixed-00000047,520.0,4.0,-18,4.030517939411622e-05,11.363297500741439
fixed-00000047,520.0,4.0,-17,2.8938242801031647e-05,11.08254163405276
fixed-00000047,520.0,4.0,-16,5.79811120604285e-05,10.794579595613783
fixed-00000047,520.0,4.0,-15,7.656482159384083e-05,10.498818374569126
fixed-00000047,520.0,4.0,-14,2.649809960209353e-05,10.194579116674106
fixed-00000047,520.0,4.0,-13,5.9960167637251853e-05,9.881078656044693
fixed-00000047,520.0,4.0,-12,0.0001264518679211438,9.557405601711935
fixed-00000047,520.0,4.0,-11,8.40624659512049e-05,9.222488878015653
fixed-00000047,520.0,4.0,-10,5.5325596617868976e-05,8.875055586881174
fixed-00000047,520.0,4.0,-9,0.00019912334363212506,8.513573397092799
fixed-00000047,520.0,4.0,-8,0.00017454424608635393,8.136169892284855
fixed-00000047,520.0,4.0,-7,0.00015507889533146482,7.740516501892586
fixed-00000047,520.0,4.0,-6,0.0006275352620910025,7.32365592105198
fixed-00000047,520.0,4.0,-5,0.0010625321464762703,6.881735244987794
fixed-00000047,520.0,4.0,-4,7.761623428970614e-05,6.409572995038118
fixed-00000047,520.0,4.0,-3,0.0024164802660003436,5.899912923755764
fixed-00000047,520.0,4.0,-2,0.003698641744926704,5.342033137263584
fixed-00000047,520.0,4.0,-1,0.0038235137834930666,4.718862261789724
fixed-00000047,520.0,4.0,0,0.1275506952518919,3.999999999999943
fixed-00000047,520.0,4.0,1,0.05258430770290976,3.1199893233792295
fixed-00000047,520.0,4.0,2,0.02091598206560445,1.8629706538812485
fixed-00000047,520.0,4.0,3,0.0,0.0
fixed-00000047,520.0,4.0,4,0.0,0.0
fixed-00000047,520.0,4.0,5,0.0,0.0
fixed-00000047,520.0,4.0,6,0.0,0.0
fixed-00000047,520.0,4.0,7,0.0,0.0
fixed-00000047,520.0,4.0,8,0.0,0.0
fixed-00000047,520.0,4.0,9,0.0,0.0
fixed-00000047,520.0,4.0,10,0.0,0.0
fixed-00000047,520.0,4.0,11,0.0,0.0
fixed-00000047,520.0,4.0,12,0.0,0.0
fixed-00000047,520.0,4.0,13,0.0,0.0
fixed-00000047,520.0,4.0,14,0.0,0.0
fixed-00000047,520.0,4.0,15,0.0,0.0
fixed-00000047,520.0,4.0,16,0.0,0.0
fixed-00000047,520.0,4.0,17,0.0,0.0
fixed-00000047,520.0,4.0,18,0.0,0.0
fixed-00000047,520.0,4.0,19,0.0,0.0
fixed-00000047,520.0,4.0,20,0.0,0.0
fixed-00000048,530.0,4.0,-20,3.082740845953209e-05,11.804846353924574
fixed-00000048,530.0,4.0,-19,2.783155282525447e-05,11.539855263600288
fixed-00000048,530.0,4.0,-18,4.231156300397055e-05,11.268720827871178
fixed-00000048,530.0,4.0,-17,3.1403307943420035e-05,10.990988342425112
fixed-00000048,530.0,4.0,-16,6.479020352425948e-05,10.706144262791852
fixed-00000048,530.0,4.0,-15,7.896256575835047e-05,10.413604963019466
fixed-00000048,530.0,4.0,-14,2.6678946374257014e-05,10.112702572883805
fixed-00000048,530.0,4.0,-13,6.748903386470515e-05,9.802666908387508
fixed-00000048,530.0,4.0,-12,0.00013237754735440443,9.48260209177191
fixed-00000048,530.0,4.0,-11,8.058487570100212e-05,9.151455819110154
fixed-00000048,530.0,4.0,-10,5.8951559337689825e-05,8.80797823524668
fixed-00000048,530.0,4.0,-9,0.00020649128401103428,8.450665768094211
fixed-00000048,530.0,4.0,-8,0.00016507085115017548,8.077682597631096
fixed-00000048,530.0,4.0,-7,0.00016397664850629595,7.686747804566139
fixed-00000048,530.0,4.0,-6,0.0006332250386052086,7.2749678666584
fixed-00000048,530.0,4.0,-5,0.0010175295837445495,6.838578189041442
fixed-00000048,530.0,4.0,-4,5.2458344927887466e-05,6.37252484677397
fixed-00000048,530.0,4.0,-3,0.0024134281962592025,5.869746147798878
fixed-00000048,530.0,4.0,-2,0.0035456226492676236,5.319839372881049
fixed-00000048,530.0,4.0,-1,0.002524701515469254,4.706313293920829
fixed-00000048,530.0,4.0,0,0.13778593050931534,4.000000000000043
fixed-00000048,530.0,4.0,1,0.04724025569806351,3.138874806668909
fixed-00000048,530.0,4.0,2,0.02292012244917596,1.9253541332400914
fixed-00000048,530.0,4.0,3,0.0,0.0
fixed-00000048,530.0,4.0,4,0.0,0.0
fixed-00000048,530.0,4.0,5,0.0,0.0
fixed-00000048,530.0,4.0,6,0.0,0.0
fixed-00000048,530.0,4.0,7,0.0,0.0
fixed-00000048,530.0,4.0,8,0.0,0.0
fixed-00000048,530.0,4.0,9,0.0,0.0
fixed-00000048,530.0,4.0,10,0.0,0.0
fixed-00000048,530.0,4.0,11,0.0,0.0
fixed-00000048,530.0,4.0,12,0.0,0.0
fixed-00000048,530.0,4.0,13,0.0,0.0
fixed-00000048,530.0,4.0,14,0.0,0.0
fixed-00000048,530.0,4.0,15,0.0,0.0
fixed-00000048,530.0,4.0,16,0.0,0.0
fixed-00000048,530.0,4.0,17,0.0,0.0
fixed-00000048,530.0,4.0,18,0.0,0.0
fixed-00000048,530.0,4.0,19,0.0,0.0
fixed-00000048,530.0,4.0,20,0.0,0.0
fixed-00000049,540.0,4.0,-20,3.265202234528725e-05,11.707391172695964
fixed-00000049,540.0,4.0,-19,2.8562836137742945e-05,11.445178839332968
fixed-00000049,540.0,4.0,-18,4.090438471257226e-05,11.176900501616302
fixed-00000049,540.0,4.0,-17,3.152204405875285e-05,10.902108289504397
fixed-00000049,540.0,4.0,-16,6.75276147752955e-05,10.620296524793474
fixed-00000049,540.0,4.0,-15,7.646461090322019e-05,10.33089070657202
fixed-00000049,540.0,4.0,-14,2.4633683757507065e-05,10.033233642263525
fixed-00000049,540.0,4.0,-13,7.239613586870973e-05,9.726567764525285
fixed-00000049,540.0,4.0,-12,0.00012920072635922867,9.410012267886245
fixed-00000049,540.0,4.0,-11,7.175311272807892e-05,9.08253308010309
fixed-00000049,540.0,4.0,-10,5.935958299917427e-05,8.742902716320742
fixed-00000049,540.0,4.0,-9,0.0002043657170454407,8.389645509317262
fixed-00000049,540.0,4.0,-8,0.000145659706146313,8.020961125094075
fixed-00000049,540.0,4.0,-7,0.00016849073395272613,7.634614812005779
fixed-00000049,540.0,4.0,-6,0.0006269206003585285,7.227774780095174
fixed-00000049,540.0,4.0,-5,0.0009133003615361097,6.796761790119547
fixed-00000049,540.0,4.0,-4,3.696816608313138e-05,6.336644982795491
fixed-00000049,540.0,4.0,-3,0.0023689164237321206,5.840549916165088
fixed-00000049,540.0,4.0,-2,0.003291347343751905,5.298379990270192
fixed-00000049,540.0,4.0,-1,0.001542181068446679,4.694197467919281
fixed-00000049,540.0,4.0,0,0.1448151601231422,4.000000000000043
fixed-00000049,540.0,4.0,1,0.04123057123724469,3.1569541581493326
fixed-00000049,540.0,4.0,2,0.024947627298660027,1.9835743440105915
fixed-00000049,540.0,4.0,3,0.0,0.0
fixed-00000049,540.0,4.0,4,0.0,0.0
fixed-00000049,540.0,4.0,5,0.0,0.0
fixed-00000049,540.0,4.0,6,0.0,0.0
fixed-00000049,540.0,4.0,7,0.0,0.0
fixed-00000049,540.0,4.0,8,0.0,0.0
fixed-00000049,540.0,4.0,9,0.0,0.0
fixed-00000049,540.0,4.0,10,0.0,0.0
fixed-00000049,540.0,4.0,11,0.0,0.0
fixed-00000049,540.0,4.0,12,0.0,0.0
fixed-00000049,540.0,4.0,13,0.0,0.0
fixed-00000049,540.0,4.0,14,0.0,0.0
fixed-00000049,540.0,4.0,15,0.0,0.0
fixed-00000049,540.0,4.0,16,0.0,0.0
fixed-00000049,540.0,4.0,17,0.0,0.0
fixed-00000049,540.0,4.0,18,0.0,0.0
fixed-00000049,540.0,4.0,19,0.0,0.0
fixed-00000049,540.0,4.0,20,0.0,0.0
fixed-00000050,550.0,4.0,-20,3.394375077587084e-05,11.612716944258466
fixed-00000050,550.0,4.0,-19,2.8842339737710792e-05,11.353208280905505
fixed-00000050,550.0,4.0,-18,3.9047121021811144e-05,11.087708926153098
fixed-00000050,550.0,4.0,-17,3.148659970661376e-05,10.81577766026615
fixed-00000050,550.0,4.0,-16,6.876903574198586e-05,10.536916458396973
fixed-00000050,550.0,4.0,-15,7.225749314960596e-05,10.250559696102755
fixed-00000050,550.0,4.0,-14,2.2718596180312564e-05,9.956060565391013
fixed-00000050,550.0,4.0,-13,7.512740723954132e-05,9.652673766211109
fixed-00000050,550.0,4.0,-12,0.00012259819065268745,9.339533143629737
fixed-00000050,550.0,4.0,-11,6.240008779487024e-05,9.015622340555552
fixed-00000050,550.0,4.0,-10,5.8481967206766445e-05,8.679735599183942
fixed-00000050,550.0,4.0,-9,0.00019540860777019737,8.33042434034833
fixed-00000050,550.0,4.0,-8,0.00012474561143228674,7.965922654739103
fixed-00000050,550.0,4.0,-7,0.00016801427225056107,7.58404054079962
fixed-00000050,550.0,4.0,-6,0.0005981707522167088,7.182005983087052
fixed-00000050,550.0,4.0,-5,0.0007883542909732632,6.756222279782023
fixed-00000050,550.0,4.0,-4,2.724413606309457e-05,6.30187736209605
fixed-00000050,550.0,4.0,-3,0.002256199499599765,5.812277094742029
fixed-00000050,550.0,4.0,-2,0.0029478635529810236,5.277618631405375
fixed-00000050,550.0,4.0,-1,0.0009510851354686085,4.682492623926009
fixed-00000050,550.0,4.0,0,0.1492311580328838,4.000000000000043
fixed-00000050,550.0,4.0,1,0.034839159217443995,3.174278754446547
fixed-00000050,550.0,4.0,2,0.026495351360924572,2.038105178627262
fixed-00000050,550.0,4.0,3,0.0,0.0
fixed-00000050,550.0,4.0,4,0.0,0.0
fixed-00000050,550.0,4.0,5,0.0,0.0
fixed-00000050,550.0,4.0,6,0.0,0.0
fixed-00000050,550.0,4.0,7,0.0,0.0
fixed-00000050,550.0,4.0,8,0.0,0.0
fixed-00000050,550.0,4.0,9,0.0,0.0
fixed-00000050,550.0,4.0,10,0.0,0.0
fixed-00000050,550.0,4.0,11,0.0,0.0
fixed-00000050,550.0,4.0,12,0.0,0.0
fixed-00000050,550.0,4.0,13,0.0,0.0
fixed-00000050,550.0,4.0,14,0.0,0.0
fixed-00000050,550.0,4.0,15,0.0,0.0
fixed-00000050,550.0,4.0,16,0.0,0.0
fixed-00000050,550.0,4.0,17,0.0,0.0
fixed-00000050,550.0,4.0,18,0.0,0.0
fixed-00000050,550.0,4.0,19,0.0,0.0
fixed-00000050,550.0,4.0,20,0.0,0.0
fixed-00000051,560.0,4.0,-20,3.688706842190019e-05,11.520697333479006
fixed-00000051,560.0,4.0,-19,3.0109620295692492e-05,11.26382061358683
fixed-00000051,560.0,4.0,-18,3.848522768733269e-05,11.001026574425026
fixed-00000051,560.0,4.0,-17,3.3089541069016964e-05,10.731880470457497
fixed-00000051,560.0,4.0,-16,7.21056039153028e-05,10.45589172636997
fixed-00000051,560.0,4.0,-15,7.051594761305237e-05,10.172503356222151
fixed-00000051,560.0,4.0,-14,2.298448544191484e-05,9.881078656044693
fixed-00000051,560.0,4.0,-13,8.155406062448907e-05,9.580884258625872
fixed-00000051,560.0,4.0,-12,0.00011957265132007701,9.27106825583462
fixed-00000051,560.0,4.0,-11,5.7565549596800126e-05,8.950631511301339
fixed-00000051,560.0,4.0,-10,6.317683010238206e-05,8.618389378622567
fixed-00000051,560.0,4.0,-9,0.00019462599568124717,8.27291958508114
fixed-00000051,560.0,4.0,-8,0.00011268329192179267,7.9124896307686186
fixed-00000051,560.0,4.0,-7,0.0001812575758321461,7.5349529087644385
fixed-00000051,560.0,4.0,-6,0.0005907447270963297,7.137595307370333
fixed-00000051,560.0,4.0,-5,0.0006896507448443925,6.71689997183698
fixed-00000051,560.0,4.0,-4,3.283311058985086e-05,6.268169548557026
fixed-00000051,560.0,4.0,-3,0.002209577333477004,5.784883604631474
fixed-00000051,560.0,4.0,-2,0.0026833309780160005,5.257521326257304
fixed-00000051,560.0,4.0,-1,0.0008274354394795517,4.671178095187116
fixed-00000051,560.0,4.0,0,0.1549515931431659,4.000000000000043
fixed-00000051,560.0,4.0,1,0.029329090419536404,3.1908956242289577
fixed-00000051,560.0,4.0,2,0.028393635309335263,2.089341578597498
fixed-00000051,560.0,4.0,3,0.0,0.0
fixed-00000051,560.0,4.0,4,0.0,0.0
fixed-00000051,560.0,4.0,5,0.0,0.0
fixed-00000051,560.0,4.0,6,0.0,0.0
fixed-00000051,560.0,4.0,7,0.0,0.0
fixed-00000051,560.0,4.0,8,0.0,0.0
fixed-00000051,560.0,4.0,9,0.0,0.0
fixed-00000051,560.0,4.0,10,0.0,0.0
fixed-00000051,560.0,4.0,11,0.0,0.0
fixed-00000051,560.0,4.0,12,0.0,0.0
fixed-00000051,560.0,4.0,13,0.0,0.0
fixed-00000051,560.0,4.0,14,0.0,0.0
fixed-00000051,560.0,4.0,15,0.0,0.0
fixed-00000051,560.0,4.0,16,0.0,0.0
fixed-00000051,560.0,4.0,17,0.0,0.0
fixed-00000051,560.0,4.0,18,0.0,0.0
fixed-00000051,560.0,4.0,19,0.0,0.0
fixed-00000051,560.0,4.0,20,0.0,0.0
fixed-00000052,570.0,4.0,-20,3.787815775229799e-05,11.43121385226128
fixed-00000052,570.0,4.0,-19,2.9597303661118492e-05,11.17690050161626
fixed-00000052,570.0,4.0,-18,3.6251960367442176e-05,10.916741345033486
fixed-00000052,570.0,4.0,-17,3.32129787757358e-05,10.650307942455399
fixed-00000052,570.0,4.0,-16,7.173743765385056e-05,10.377116972823487
fixed-00000052,570.0,4.0,-15,6.552008515636333e-05,10.096619860707065
fixed-00000052,570.0,4.0,-14,2.2470094227645407e-05,9.80818973735775
fixed-00000052,570.0,4.0,-13,8.364416275968645e-05,9.511104847972902
fixed-00000052,570.0,4.0,-12,0.00011016746993586929,9.204527144434849
fixed-00000052,570.0,4.0,-11,5.100557800690839e-05,8.887474237458349
fixed-00000052,570.0,4.0,-10,6.470698210609672e-05,8.558782002362335
fixed-00000052,570.0,4.0,-9,0.00018353252794016175,8.217053724399236
fixed-00000052,570.0,4.0,-8,9.72842002486064e-05,7.860589341106007
fixed-00000052,570.0,4.0,-7,0.00018625820069951036,7.487284343186758
fixed-00000052,570.0,4.0,-6,0.0005565353754188113,7.094480733772272
fixed-00000052,570.0,4.0,-5,0.0005624301802243895,6.678738935066164
fixed-00000052,570.0,4.0,-4,5.050778414507009e-05,6.2354724211239585
fixed-00000052,570.0,4.0,-3,0.002085003290604012,5.758328175331485
fixed-00000052,570.0,4.0,-2,0.0023092472178247152,5.23805629811234
fixed-00000052,570.0,4.0,-1,0.0011228367163906249,4.6602345838808645
fixed-00000052,570.0,4.0,0,0.15628516959720198,4.000000000000043
fixed-00000052,570.0,4.0,1,0.023573110874115323,3.2068479063504185
fixed-00000052,570.0,4.0,2,0.02962940243007021,2.13761682818793
fixed-00000052,570.0,4.0,3,0.0,0.0
fixed-00000052,570.0,4.0,4,0.0,0.0
fixed-00000052,570.0,4.0,5,0.0,0.0
fixed-00000052,570.0,4.0,6,0.0,0.0
fixed-00000052,570.0,4.0,7,0.0,0.0
fixed-00000052,570.0,4.0,8,0.0,0.0
fixed-00000052,570.0,4.0,9,0.0,0.0
fixed-00000052,570.0,4.0,10,0.0,0.0
fixed-00000052,570.0,4.0,11,0.0,0.0
fixed-00000052,570.0,4.0,12,0.0,0.0
fixed-00000052,570.0,4.0,13,0.0,0.0
fixed-00000052,570.0,4.0,14,0.0,0.0
fixed-00000052,570.0,4.0,15,0.0,0.0
fixed-00000052,570.0,4.0,16,0.0,0.0
fixed-00000052,570.0,4.0,17,0.0,0.0
fixed-00000052,570.0,4.0,18,0.0,0.0
fixed-00000052,570.0,4.0,19,0.0,0.0
fixed-00000052,570.0,4.0,20,0.0,0.0
fixed-00000053,580.0,4.0,-20,3.987845705043225e-05,11.344155244919335
fixed-00000053,580.0,4.0,-19,2.988202012974073e-05,11.09233964988806
fixed-00000053,580.0,4.0,-18,3.5151550701703914e-05,10.834747980635072
fixed-00000053,580.0,4.0,-17,3.452739253376283e-05,10.570957940814182
fixed-00000053,580.0,4.0,-16,7.268314866123483e-05,10.300493276388579
fixed-00000053,580.0,4.0,-15,6.23169310430845e-05,10.022813603833598
fixed-00000053,580.0,4.0,-14,2.3628872143918196e-05,9.737301631890915
fixed-00000053,580.0,4.0,-13,8.751577468887177e-05,9.443246910942491
fixed-00000053,580.0,4.0,-12,0.00010330803565479554,9.139824882054754
fixed-00000053,580.0,4.0,-11,4.814908704288905e-05,8.826069448973215
fixed-00000053,580.0,4.0,-10,6.957474191872278e-05,8.500836443523596
fixed-00000053,580.0,4.0,-9,0.00017690446069099054,8.162753991654597
fixed-00000053,580.0,4.0,-8,8.89938303173108e-05,7.810153537213992
fixed-00000053,580.0,4.0,-7,0.00019884255426403226,7.440971426572531
fixed-00000053,580.0,4.0,-6,0.0005303608814936964,7.052604065868977
fixed-00000053,580.0,4.0,-5,0.000457466429253204,6.641686697338955
fixed-00000053,580.0,4.0,-4,8.20697078693103e-05,6.203739911827654
fixed-00000053,580.0,4.0,-3,0.0019871501203444814,5.732572121705644
fixed-00000053,580.0,4.0,-2,0.0019776977068484726,5.219193787774614
fixed-00000053,580.0,4.0,-1,0.001854562536550716,4.649644049178292
fixed-00000053,580.0,4.0,0,0.15774484939968872,4.000000000000043
fixed-00000053,580.0,4.0,1,0.01854172910369044,3.2221752503056678
fixed-00000053,580.0,4.0,2,0.030809623740545834,2.1832152248066166
fixed-00000053,580.0,4.0,3,0.0,0.0
fixed-00000053,580.0,4.0,4,0.0,0.0
fixed-00000053,580.0,4.0,5,0.0,0.0
fixed-00000053,580.0,4.0,6,0.0,0.0
fixed-00000053,580.0,4.0,7,0.0,0.0
fixed-00000053,580.0,4.0,8,0.0,0.0
fixed-00000053,580.0,4.0,9,0.0,0.0
fixed-00000053,580.0,4.0,10,0.0,0.0
fixed-00000053,580.0,4.0,11,0.0,0.0
fixed-00000053,580.0,4.0,12,0.0,0.0
fixed-00000053,580.0,4.0,13,0.0,0.0
fixed-00000053,580.0,4.0,14,0.0,0.0
fixed-00000053,580.0,4.0,15,0.0,0.0
fixed-00000053,580.0,4.0,16,0.0,0.0
fixed-00000053,580.0,4.0,17,0.0,0.0
fixed-00000053,580.0,4.0,18,0.0,0.0
fixed-00000053,580.0,4.0,19,0.0,0.0
fixed-00000053,580.0,4.0,20,0.0,0.0
fixed-00000054,590.0,4.0,-20,4.22241771467966e-05,11.25941693133879
fixed-00000054,590.0,4.0,-19,3.0344936619544123e-05,11.010036261886782
fixed-00000054,590.0,4.0,-18,3.454399761219156e-05,10.75494754101544
fixed-00000054,590.0,4.0,-17,3.6407132458687186e-05,10.493734460874393
fixed-00000054,590.0,4.0,-16,7.385464061337736e-05,10.225927654794972
fixed-00000054,590.0,4.0,-15,5.9936782734223625e-05,9.950994721404186
fixed-00000054,590.0,4.0,-14,2.598696719680149e-05,9.668327699638112
fixed-00000054,590.0,4.0,-13,9.203674881742839e-05,9.377227150287212
fixed-00000054,590.0,4.0,-12,9.716345484079786e-05,9.07688164781861
fixed-00000054,590.0,4.0,-11,4.8057865363966185e-05,8.76634095342068
fixed-00000054,590.0,4.0,-10,7.67265401449426e-05,8.444480313277879
fixed-00000054,590.0,4.0,-9,0.00017216589002645786,8.109952006190454
fixed-00000054,590.0,4.0,-8,8.6069146207207e-05,7.761118089679513
fixed-00000054,590.0,4.0,-7,0.0002168287056944253,7.395954575739296
fixed-00000054,590.0,4.0,-6,0.000507344310600649,7.011910634381167
fixed-00000054,590.0,4.0,-5,0.00036582514627094145,6.6056939776244405
fixed-00000054,590.0,4.0,-4,0.00012982266283367296,6.172928768550506
fixed-00000054,590.0,4.0,-3,0.00190188082058904,5.707579142086004
fixed-00000054,590.0,4.0,-2,0.0016612437633987448,5.200905894533889
fixed-00000054,590.0,4.0,-1,0.003009402179783943,4.639389606148313
fixed-00000054,590.0,4.0,0,0.15848274665170187,4.000000000000043
fixed-00000054,590.0,4.0,1,0.014116460518896373,3.236914167432502
fixed-00000054,590.0,4.0,2,0.0318167508583328,2.226381561452442
fixed-00000054,590.0,4.0,3,0.0,0.0
fixed-00000054,590.0,4.0,4,0.0,0.0
fixed-00000054,590.0,4.0,5,0.0,0.0
fixed-00000054,590.0,4.0,6,0.0,0.0
fixed-00000054,590.0,4.0,7,0.0,0.0
fixed-00000054,590.0,4.0,8,0.0,0.0
fixed-00000054,590.0,4.0,9,0.0,0.0
fixed-00000054,590.0,4.0,10,0.0,0.0
fixed-00000054,590.0,4.0,11,0.0,0.0
fixed-00000054,590.0,4.0,12,0.0,0.0
fixed-00000054,590.0,4.0,13,0.0,0.0
fixed-00000054,590.0,4.0,14,0.0,0.0
fixed-00000054,590.0,4.0,15,0.0,0.0
fixed-00000054,590.0,4.0,16,0.0,0.0
fixed-00000054,590.0,4.0,17,0.0,0.0
fixed-00000054,590.0,4.0,18,0.0,0.0
fixed-00000054,590.0,4.0,19,0.0,0.0
fixed-00000054,590.0,4.0,20,0.0,0.0
fixed-00000055,600.0,4.0,-20,4.409729639745462e-05,11.176900501616302
fixed-00000055,600.0,4.0,-19,3.0374949677033736e-05,10.929894547731365
fixed-00000055,600.0,4.0,-18,3.384623979866662e-05,10.677246924869209
fixed-00000055,600.0,4.0,-17,3.812725932147965e-05,10.418547164640088
fixed-00000055,600.0,4.0,-16,7.403378466049104e-05,10.153332615240856
fixed-00000055,600.0,4.0,-15,5.743676294922927e-05,9.881078656044693
fixed-00000055,600.0,4.0,-14,2.8939171863261786e-05,9.601186418732823
fixed-00000055,600.0,4.0,-13,9.552286439774922e-05,9.312967191474854
fixed-00000055,600.0,4.0,-12,9.000091484266983e-05,9.015622340555609
fixed-00000055,600.0,4.0,-11,4.981975109619791e-05,8.708217066446423
fixed-00000055,600.0,4.0,-10,8.441512696839014e-05,8.389645509317319
fixed-00000055,600.0,4.0,-9,0.00016614440538357357,8.058583440755712
fixed-00000055,600.0,4.0,-8,8.687551407924109e-05,7.713422675659871
fixed-00000055,600.0,4.0,-7,0.0002359189154899285,7.352177750609371
fixed-00000055,600.0,4.0,-6,0.00048003510902758754,6.9723490289475905
fixed-00000055,600.0,4.0,-5,0.0002817392716172537,6.570714442852491
fixed-00000055,600.0,4.0,-4,0.00019749181726252916,6.142998339829575
fixed-00000055,600.0,4.0,-3,0.001807412824760821,5.683315135192018
fixed-00000055,600.0,4.0,-2,0.0013342038328863408,5.1831664320526585
fixed-00000055,600.0,4.0,-1,0.004554321637414373,4.629455434298478
fixed-00000055,600.0,4.0,0,0.15724768733940808,4.000000000000043
fixed-00000055,600.0,4.0,1,0.010232602663729239,3.2510983398922093
fixed-00000055,600.0,4.0,2,0.03235314748231143,2.2673283559992825
fixed-00000055,600.0,4.0,3,0.0,0.0
fixed-00000055,600.0,4.0,4,0.0,0.0
fixed-00000055,600.0,4.0,5,0.0,0.0
fixed-00000055,600.0,4.0,6,0.0,0.0
fixed-00000055,600.0,4.0,7,0.0,0.0
fixed-00000055,600.0,4.0,8,0.0,0.0
fixed-00000055,600.0,4.0,9,0.0,0.0
fixed-00000055,600.0,4.0,10,0.0,0.0
fixed-00000055,600.0,4.0,11,0.0,0.0
fixed-00000055,600.0,4.0,12,0.0,0.0
fixed-00000055,600.0,4.0,13,0.0,0.0
fixed-00000055,600.0,4.0,14,0.0,0.0
fixed-00000055,600.0,4.0,15,0.0,0.0
fixed-00000055,600.0,4.0,16,0.0,0.0
fixed-00000055,600.0,4.0,17,0.0,0.0
fixed-00000055,600.0,4.0,18,0.0,0.0
fixed-00000055,600.0,4.0,19,0.0,0.0
fixed-00000055,600.0,4.0,20,0.0,0.0
fixed-00000056,610.0,4.0,-20,4.7494089000510415e-05,11.096513256647427
fixed-00000056,610.0,4.0,-19,3.142289906195891e-05,10.851824276946246
fixed-00000056,610.0,4.0,-18,3.4526039933723694e-05,10.601558435056262
fixed-00000056,610.0,4.0,-17,4.1539121707188425e-05,10.345310958848756
fixed-00000056,610.0,4.0,-16,7.618562636184441e-05,10.08262574563632
fixed-00000056,610.0,4.0,-15,5.7294398462142476e-05,9.81298576201776
fixed-00000056,610.0,4.0,-14,3.438243225892265e-05,9.535801004270269
fixed-00000056,610.0,4.0,-13,0.00010184875411385734,9.250393216009584
fixed-00000056,610.0,4.0,-12,8.511825361579305e-05,8.955976227169515
fixed-00000056,610.0,4.0,-11,5.658551963094359e-05,8.651630275811442
fixed-00000056,610.0,4.0,-10,9.711805136831086e-05,8.336267896291588
fixed-00000056,610.0,4.0,-9,0.00016462198701818183,8.008587719170848
fixed-00000056,610.0,4.0,-8,9.662657480975155e-05,7.6670104947684905
fixed-00000056,610.0,4.0,-7,0.00026593549573582334,7.309588189513036
fixed-00000056,610.0,4.0,-6,0.0004617661506070022,6.933870854335623
fixed-00000056,610.0,4.0,-5,0.00021546007798598928,6.536704486950143
fixed-00000056,610.0,4.0,-4,0.0003020576834542136,6.113910379323968
fixed-00000056,610.0,4.0,-3,0.0017421516740825564,5.659748033833807
fixed-00000056,610.0,4.0,-2,0.001005619847690015,5.1659507975543875
fixed-00000056,610.0,4.0,-1,0.006633681752587154,4.619826694692961
fixed-00000056,610.0,4.0,0,0.1562397931517799,4.000000000000043
fixed-00000056,610.0,4.0,1,0.007113149074437031,3.2647588933231475
fixed-00000056,610.0,4.0,2,0.032408768148257404,2.306241453176753
fixed-00000056,610.0,4.0,3,0.0,0.0
fixed-00000056,610.0,4.0,4,0.0,0.0
fixed-00000056,610.0,4.0,5,0.0,0.0
fixed-00000056,610.0,4.0,6,0.0,0.0
fixed-00000056,610.0,4.0,7,0.0,0.0
fixed-00000056,610.0,4.0,8,0.0,0.0
fixed-00000056,610.0,4.0,9,0.0,0.0
fixed-00000056,610.0,4.0,10,0.0,0.0
fixed-00000056,610.0,4.0,11,0.0,0.0
fixed-00000056,610.0,4.0,12,0.0,0.0
fixed-00000056,610.0,4.0,13,0.0,0.0
fixed-00000056,610.0,4.0,14,0.0,0.0
fixed-00000056,610.0,4.0,15,0.0,0.0
fixed-00000056,610.0,4.0,16,0.0,0.0
fixed-00000056,610.0,4.0,17,0.0,0.0
fixed-00000056,610.0,4.0,18,0.0,0.0
fixed-00000056,610.0,4.0,19,0.0,0.0
fixed-00000056,610.0,4.0,20,0.0,0.0
fixed-00000057,620.0,4.0,-20,4.949188086352198e-05,11.01816778980809
fixed-00000057,620.0,4.0,-19,3.066574525335373e-05,10.775740371233866
fixed-00000057,620.0,4.0,-18,3.334700392657206e-05,10.527799382740596
fixed-00000057,620.0,4.0,-17,4.322746560783725e-05,10.273945610776423
fixed-00000057,620.0,4.0,-16,7.511665679103519e-05,10.013729342403465
fixed-00000057,620.0,4.0,-15,5.448867468175592e-05,9.746640945379099
fixed-00000057,620.0,4.0,-14,3.787699217641088e-05,9.472099061220248
fixed-00000057,620.0,4.0,-13,0.00010288907751741187,9.189435627547212
fixed-00000057,620.0,4.0,-12,7.57883213898557e-05,8.89787662245989
fixed-00000057,620.0,4.0,-11,5.943203437393094e-05,8.59651693548875
fixed-00000057,620.0,4.0,-10,0.00010289937565182817,8.284287014836138
fixed-00000057,620.0,4.0,-9,0.0001518796818299088,7.959907741050458
fixed-00000057,620.0,4.0,-8,9.724718636875384e-05,7.621828010395305
fixed-00000057,620.0,4.0,-7,0.0002709916763443793,7.268136168200272
fixed-00000057,620.0,4.0,-6,0.00040550837918732526,6.896430508503414
fixed-00000057,620.0,4.0,-5,0.00014518670689669675,6.503623029707683
fixed-00000057,620.0,4.0,-4,0.0003891348384096515,6.085628867863377
fixed-00000057,620.0,4.0,-3,0.0015739449636054692,5.636847653619654
fixed-00000057,620.0,4.0,-2,0.0009228802118770718,5.149235852894208
fixed-00000057,620.0,4.0,-1,0.009002519360568029,4.610489454720607
fixed-00000057,620.0,4.0,0,0.15712261827143253,4.000000000000043
fixed-00000057,620.0,4.0,1,0.005136735744833404,3.277924638120453
fixed-00000057,620.0,4.0,2,0.027858953045486443,2.3432844286040506
fixed-00000057,620.0,4.0,3,0.005493138215543433,0.4884414427613848
fixed-00000057,620.0,4.0,4,0.0,0.0
fixed-00000057,620.0,4.0,5,0.0,0.0
fixed-00000057,620.0,4.0,6,0.0,0.0
fixed-00000057,620.0,4.0,7,0.0,0.0
fixed-00000057,620.0,4.0,8,0.0,0.0
fixed-00000057,620.0,4.0,9,0.0,0.0
fixed-00000057,620.0,4.0,10,0.0,0.0
fixed-00000057,620.0,4.0,11,0.0,0.0
fixed-00000057,620.0,4.0,12,0.0,0.0
fixed-00000057,620.0,4.0,13,0.0,0.0
fixed-00000057,620.0,4.0,14,0.0,0.0
fixed-00000057,620.0,4.0,15,0.0,0.0
fixed-00000057,620.0,4.0,16,0.0,0.0
fixed-00000057,620.0,4.0,17,0.0,0.0
fixed-00000057,620.0,4.0,18,0.0,0.0
fixed-00000057,620.0,4.0,19,0.0,0.0
fixed-00000057,620.0,4.0,20,0.0,0.0
fixed-00000058,630.0,4.0,-20,5.076849294484846e-05,10.941781605456612
fixed-00000058,630.0,4.0,-19,3.0049948282401686e-05,10.701562533089998
fixed-00000058,630.0,4.0,-18,3.2827272756462364e-05,10.455891726370012
fixed-00000058,630.0,4.0,-17,4.471672591800608e-05,10.20437539785597
fixed-00000058,630.0,4.0,-16,7.380440020798738e-05,9.946570071032795
fixed-00000058,630.0,4.0,-15,5.288043168120593e-05,9.681973335802624
fixed-00000058,630.0,4.0,-14,4.188292987609846e-05,9.41001226788633
fixed-00000058,630.0,4.0,-13,0.00010415099512738811,9.130028747397347
fixed-00000058,630.0,4.0,-12,6.964166501940095e-05,8.841260597125114
fixed-00000058,630.0,4.0,-11,6.555627057043709e-05,8.542816986689516
fixed-00000058,630.0,4.0,-10,0.0001107374807864586,8.233645816218939
fixed-00000058,630.0,4.0,-9,0.00014661282897192234,7.912489630768675
fixed-00000058,630.0,4.0,-8,0.0001064320376685614,7.57782471381698
fixed-00000058,630.0,4.0,-7,0.00028778856325512475,7.227774780095132
fixed-00000058,630.0,4.0,-6,0.0003733694485479833,6.859984980240881
fixed-00000058,630.0,4.0,-5,0.00011353702879885877,6.471431333409825
fixed-00000058,630.0,4.0,-4,0.0004744302567814117,6.058119851243731
fixed-00000058,630.0,4.0,-3,0.0014752409664356985,5.61458555509806
fixed-00000058,630.0,4.0,-2,0.0008707048637445004,5.1329998162636485
fixed-00000058,630.0,4.0,-1,0.011479691955888025,4.601430619700565
fixed-00000058,630.0,4.0,0,0.15547999643972593,4.000000000000043
fixed-00000058,630.0,4.0,1,0.00326973511125175,3.290622283534958
fixed-00000058,630.0,4.0,2,0.026153575336509402,2.3786020958455225
fixed-00000058,630.0,4.0,3,0.007411733150253956,0.6990406976817525
fixed-00000058,630.0,4.0,4,0.0,0.0
fixed-00000058,630.0,4.0,5,0.0,0.0
fixed-00000058,630.0,4.0,6,0.0,0.0
fixed-00000058,630.0,4.0,7,0.0,0.0
fixed-00000058,630.0,4.0,8,0.0,0.0
fixed-00000058,630.0,4.0,9,0.0,0.0
fixed-00000058,630.0,4.0,10,0.0,0.0
fixed-00000058,630.0,4.0,11,0.0,0.0
fixed-00000058,630.0,4.0,12,0.0,0.0
fixed-00000058,630.0,4.0,13,0.0,0.0
fixed-00000058,630.0,4.0,14,0.0,0.0
fixed-00000058,630.0,4.0,15,0.0,0.0
fixed-00000058,630.0,4.0,16,0.0,0.0
fixed-00000058,630.0,4.0,17,0.0,0.0
fixed-00000058,630.0,4.0,18,0.0,0.0
fixed-00000058,630.0,4.0,19,0.0,0.0
fixed-00000058,630.0,4.0,20,0.0,0.0
fixed-00000059,640.0,4.0,-20,5.227162546351203e-05,10.867276770488644
fixed-00000059,640.0,4.0,-19,2.9809665091145066e-05,10.62921490659339
fixed-00000059,640.0,4.0,-18,3.293339850588803e-05,10.385761741931148
fixed-00000059,640.0,4.0,-17,4.6614061314006245e-05,10.13652878764816
fixed-00000059,640.0,4.0,-16,7.305019959110036e-05,9.881078656044693
fixed-00000059,640.0,4.0,-15,5.2394823981388146e-05,9.618915986834352
fixed-00000059,640.0,4.0,-14,4.65032312786162e-05,9.34947608678739
fixed-00000059,640.0,4.0,-13,0.00010591773537663751,9.072110536405091
fixed-00000059,640.0,4.0,-12,6.521787536439089e-05,8.786068711064956
fixed-00000059,640.0,4.0,-11,7.376370469374181e-05,8.490473703062207
fixed-00000059,640.0,4.0,-10,0.00011956459850971357,8.184290419985587
fixed-00000059,640.0,4.0,-9,0.00014419433370709976,7.866282508187567
fixed-00000059,640.0,4.0,-8,0.0001196929500183408,7.534952908764481
fixed-00000059,640.0,4.0,-7,0.0003078727517611942,7.188459735617585
fixed-00000059,640.0,4.0,-6,0.0003481305691550928,6.824493664384079
fixed-00000059,640.0,4.0,-5,0.00010059944246166024,6.440092835409786
fixed-00000059,640.0,4.0,-4,0.0005650809033290439,6.03135129215535
fixed-00000059,640.0,4.0,-3,0.0013977559329373338,5.592934917952817
fixed-00000059,640.0,4.0,-2,0.0008562530252316784,5.117222163430583
fixed-00000059,640.0,4.0,-1,0.014204371341749508,4.592637870608058
fixed-00000059,640.0,4.0,0,0.15316469118526793,4.000000000000128
fixed-00000059,640.0,4.0,1,0.0018803370876886672,3.302876628141391
fixed-00000059,640.0,4.0,2,0.0248020457462085,2.4123233315560384
fixed-00000059,640.0,4.0,3,0.008733782514670567,0.8549436764009926
fixed-00000059,640.0,4.0,4,0.0,0.0
fixed-00000059,640.0,4.0,5,0.0,0.0
fixed-00000059,640.0,4.0,6,0.0,0.0
fixed-00000059,640.0,4.0,7,0.0,0.0
fixed-00000059,640.0,4.0,8,0.0,0.0
fixed-00000059,640.0,4.0,9,0.0,0.0
fixed-00000059,640.0,4.0,10,0.0,0.0
fixed-00000059,640.0,4.0,11,0.0,0.0
fixed-00000059,640.0,4.0,12,0.0,0.0
fixed-00000059,640.0,4.0,13,0.0,0.0
fixed-00000059,640.0,4.0,14,0.0,0.0
fixed-00000059,640.0,4.0,15,0.0,0.0
fixed-00000059,640.0,4.0,16,0.0,0.0
fixed-00000059,640.0,4.0,17,0.0,0.0
fixed-00000059,640.0,4.0,18,0.0,0.0
fixed-00000059,640.0,4.0,19,0.0,0.0
fixed-00000059,640.0,4.0,20,0.0,0.0
