case_id,energy_ev,grazing_angle_deg,order,efficiency,diffraction_angle_deg
fixed-00000000,50.0,4.0,-20,8.411760272131945e-05,36.946600757765104
fixed-00000000,50.0,4.0,-19,7.14513948107642e-05,35.99049916925804
fixed-00000000,50.0,4.0,-18,6.951042550959483e-05,35.01190478081956
fixed-00000000,50.0,4.0,-17,7.69826449840364e-05,34.00884370553947
fixed-00000000,50.0,4.0,-16,9.291137686035116e-05,32.97905073283735
fixed-00000000,50.0,4.0,-15,0.00010787091578750286,31.919905276127125
fixed-00000000,50.0,4.0,-14,9.118299620692977e-05,30.828348020108905
fixed-00000000,50.0,4.0,-13,0.000151410277451204,29.700770649131364
fixed-00000000,50.0,4.0,-12,0.00017723773699897838,28.532867207683132
fixed-00000000,50.0,4.0,-11,0.0001086124166953591,27.319429403774024
fixed-00000000,50.0,4.0,-10,0.0003050968335823276,26.054057638388535
fixed-00000000,50.0,4.0,-9,0.000298044700959555,24.728741050446132
fixed-00000000,50.0,4.0,-8,0.0001488732203253558,23.333225797914665
fixed-00000000,50.0,4.0,-7,0.0007765549664320575,21.854024375341254
fixed-00000000,50.0,4.0,-6,0.0005075481310612419,20.272780035826898
fixed-00000000,50.0,4.0,-5,0.00042902456068962056,18.563384620134798
fixed-00000000,50.0,4.0,-4,0.0027522813001840075,16.686445270170665
fixed-00000000,50.0,4.0,-3,0.0008947263105065931,14.577325397340658
fixed-00000000,50.0,4.0,-2,0.004774768042723509,12.115293466158093
fixed-00000000,50.0,4.0,-1,0.03371177501076391,9.015622340555609
fixed-00000000,50.0,4.0,0,0.6928507725931986,4.000000000000043
fixed-00000000,50.0,4.0,1,0.0,0.0
fixed-00000000,50.0,4.0,2,0.0,0.0
fixed-00000000,50.0,4.0,3,0.0,0.0
fixed-00000000,50.0,4.0,4,0.0,0.0
fixed-00000000,50.0,4.0,5,0.0,0.0
fixed-00000000,50.0,4.0,6,0.0,0.0
fixed-00000000,50.0,4.0,7,0.0,0.0
fixed-00000000,50.0,4.0,8,0.0,0.0
fixed-00000000,50.0,4.0,9,0.0,0.0
fixed-00000000,50.0,4.0,10,0.0,0.0
fixed-00000000,50.0,4.0,11,0.0,0.0
fixed-00000000,50.0,4.0,12,0.0,0.0
fixed-00000000,50.0,4.0,13,0.0,0.0
fixed-00000000,50.0,4.0,14,0.0,0.0
fixed-00000000,50.0,4.0,15,0.0,0.0
fixed-00000000,50.0,4.0,16,0.0,0.0
fixed-00000000,50.0,4.0,17,0.0,0.0
fixed-00000000,50.0,4.0,18,0.0,0.0
fixed-00000000,50.0,4.0,19,0.0,0.0
fixed-00000000,50.0,4.0,20,0.0,0.0
fixed-00000006,110.0,4.0,-20,0.0011843579715971268,24.851951542714687
fixed-00000006,110.0,4.0,-19,0.0011841932234499908,24.2300299857246
fixed-00000006,110.0,4.0,-18,0.0008305534048035899,23.592732267871042
fixed-00000006,110.0,4.0,-17,0.0011283765229129215,22.938772943565866
fixed-00000006,110.0,4.0,-16,0.001308417558671589,22.266680028298126
fixed-00000006,110.0,4.0,-15,0.0010113288053005842,21.574754793732083
fixed-00000006,110.0,4.0,-14,0.0013996664950815304,20.861019691517996
fixed-00000006,110.0,4.0,-13,0.0015152504261161232,20.12314981933116
fixed-00000006,110.0,4.0,-12,0.001365476195796356,19.358381089041814
fixed-00000006,110.0,4.0,-11,0.001674815727211465,18.563384620134798
fixed-00000006,110.0,4.0,-10,0.0019082980675891965,17.73409081271616
fixed-00000006,110.0,4.0,-9,0.0021303084112848513,16.86543602782575
fixed-00000006,110.0,4.0,-8,0.0018339175480806894,15.950985698613678
fixed-00000006,110.0,4.0,-7,0.003462727016778758,14.982351111948859
fixed-00000006,110.0,4.0,-6,0.003646198854204218,13.948242344473982
fixed-00000006,110.0,4.0,-5,0.002283762127027268,12.832834315133255
fixed-00000006,110.0,4.0,-4,0.011369030572415156,11.612716944258509
fixed-00000006,110.0,4.0,-3,0.006557704941185889,10.250559696102783
fixed-00000006,110.0,4.0,-2,0.016411747076848733,8.679735599183942
fixed-00000006,110.0,4.0,-1,0.14412623808346653,6.756222279782023
fixed-00000006,110.0,4.0,0,0.6435287862650676,4.000000000000043
fixed-00000006,110.0,4.0,1,0.0,0.0
fixed-00000006,110.0,4.0,2,0.0,0.0
fixed-00000006,110.0,4.0,3,0.0,0.0
fixed-00000006,110.0,4.0,4,0.0,0.0
fixed-00000006,110.0,4.0,5,0.0,0.0
fixed-00000006,110.0,4.0,6,0.0,0.0
fixed-00000006,110.0,4.0,7,0.0,0.0
fixed-00000006,110.0,4.0,8,0.0,0.0
fixed-00000006,110.0,4.0,9,0.0,0.0
fixed-00000006,110.0,4.0,10,0.0,0.0
fixed-00000006,110.0,4.0,11,0.0,0.0
fixed-00000006,110.0,4.0,12,0.0,0.0
fixed-00000006,110.0,4.0,13,0.0,0.0
fixed-00000006,110.0,4.0,14,0.0,0.0
fixed-00000006,110.0,4.0,15,0.0,0.0
fixed-00000006,110.0,4.0,16,0.0,0.0
fixed-00000006,110.0,4.0,17,0.0,0.0
fixed-00000006,110.0,4.0,18,0.0,0.0
fixed-00000006,110.0,4.0,19,0.0,0.0
fixed-00000006,110.0,4.0,20,0.0,0.0
fixed-00000002,70.0,4.0,-20,0.0003406124858793881,31.143727622325613
fixed-00000002,70.0,4.0,-19,0.0002488019214380496,30.3497443387063
fixed-00000002,70.0,4.0,-18,0.00020640176598432788,29.536506828714217
fixed-00000002,70.0,4.0,-17,0.0002742003583631969,28.702365570412915
fixed-00000002,70.0,4.0,-16,0.0002656023730032336,27.845428820199288
fixed-00000002,70.0,4.0,-15,0.0002877205779485145,26.963509729777833
fixed-00000002,70.0,4.0,-14,0.00030729035860343454,26.054057638388535
fixed-00000002,70.0,4.0,-13,0.0003566302395802247,25.114067339116176
fixed-00000002,70.0,4.0,-12,0.00044711550792558423,24.13995702449016
fixed-00000002,70.0,4.0,-11,0.0003388104951927517,23.127400592828295
fixed-00000002,70.0,4.0,-10,0.000621087220468031,22.071091552917864
fixed-00000002,70.0,4.0,-9,0.0007302464318498976,20.964400995176362
fixed-00000002,70.0,4.0,-8,0.000376708514317535,19.798865027537445
fixed-00000002,70.0,4.0,-7,0.001483160789802399,18.563384620134798
fixed-00000002,70.0,4.0,-6,0.001222402023783238,17.242912058772163
fixed-00000002,70.0,4.0,-5,0.0007544747495522349,15.816153021261812
fixed-00000002,70.0,4.0,-4,0.005187860550819976,14.251197562253566
fixed-00000002,70.0,4.0,-3,0.0021279432646440226,12.496206306817058
fixed-00000002,70.0,4.0,-2,0.008106583262939284,10.45589172636997
fixed-00000002,70.0,4.0,-1,0.06302185690331193,7.9124896307686186
fixed-00000002,70.0,4.0,0,0.6818973998279722,4.000000000000043
fixed-00000002,70.0,4.0,1,0.0,0.0
fixed-00000002,70.0,4.0,2,0.0,0.0
fixed-00000002,70.0,4.0,3,0.0,0.0
fixed-00000002,70.0,4.0,4,0.0,0.0
fixed-00000002,70.0,4.0,5,0.0,0.0
fixed-00000002,70.0,4.0,6,0.0,0.0
fixed-00000002,70.0,4.0,7,0.0,0.0
fixed-00000002,70.0,4.0,8,0.0,0.0
fixed-00000002,70.0,4.0,9,0.0,0.0
fixed-00000002,70.0,4.0,10,0.0,0.0
fixed-00000002,70.0,4.0,11,0.0,0.0
fixed-00000002,70.0,4.0,12,0.0,0.0
fixed-00000002,70.0,4.0,13,0.0,0.0
fixed-00000002,70.0,4.0,14,0.0,0.0
fixed-00000002,70.0,4.0,15,0.0,0.0
fixed-00000002,70.0,4.0,16,0.0,0.0
fixed-00000002,70.0,4.0,17,0.0,0.0
fixed-00000002,70.0,4.0,18,0.0,0.0
fixed-00000002,70.0,4.0,19,0.0,0.0
fixed-00000002,70.0,4.0,20,0.0,0.0
fixed-00000004,90.0,4.0,-20,0.000937361229067286,27.45669132490191
fixed-00000004,90.0,4.0,-19,0.0007020017352156817,26.763886623772734
fixed-00000004,90.0,4.0,-18,0.0004650612287993307,26.054057638388535
fixed-00000004,90.0,4.0,-17,0.0007015394527401131,25.3257663055293
fixed-00000004,90.0,4.0,-16,0.0006666917716783155,24.57736462946967
fixed-00000004,90.0,4.0,-15,0.0005801033156935712,23.806949147380507
fixed-00000004,90.0,4.0,-14,0.0007843637201418168,23.01230186044222
fixed-00000004,90.0,4.0,-13,0.0007625410703546123,22.19081236476336
fixed-00000004,90.0,4.0,-12,0.0008541666539654292,21.33937330915093
fixed-00000004,90.0,4.0,-11,0.0008693156628493445,20.454237086533084
fixed-00000004,90.0,4.0,-10,0.001102820931666723,19.530814598225575
fixed-00000004,90.0,4.0,-9,0.0013827743446749633,18.563384620134798
fixed-00000004,90.0,4.0,-8,0.000910257518767879,17.544659849708694
fixed-00000004,90.0,4.0,-7,0.002370589628980938,16.46511246866092
fixed-00000004,90.0,4.0,-6,0.0023364056327688752,15.311873059069725
fixed-00000004,90.0,4.0,-5,0.0013172585433390278,14.066817881848479
fixed-00000004,90.0,4.0,-4,0.0082092090082758,12.702966158118315
fixed-00000004,90.0,4.0,-3,0.004096736855025863,11.176900501616302
fixed-00000004,90.0,4.0,-2,0.012087627813880859,9.410012267886245
fixed-00000004,90.0,4.0,-1,0.10146974480668648,7.227774780095132
fixed-00000004,90.0,4.0,0,0.6724358214338718,4.000000000000043
fixed-00000004,90.0,4.0,1,0.0,0.0
fixed-00000004,90.0,4.0,2,0.0,0.0
fixed-00000004,90.0,4.0,3,0.0,0.0
fixed-00000004,90.0,4.0,4,0.0,0.0
fixed-00000004,90.0,4.0,5,0.0,0.0
fixed-00000004,90.0,4.0,6,0.0,0.0
fixed-00000004,90.0,4.0,7,0.0,0.0
fixed-00000004,90.0,4.0,8,0.0,0.0
fixed-00000004,90.0,4.0,9,0.0,0.0
fixed-00000004,90.0,4.0,10,0.0,0.0
fixed-00000004,90.0,4.0,11,0.0,0.0
fixed-00000004,90.0,4.0,12,0.0,0.0
fixed-00000004,90.0,4.0,13,0.0,0.0
fixed-00000004,90.0,4.0,14,0.0,0.0
fixed-00000004,90.0,4.0,15,0.0,0.0
fixed-00000004,90.0,4.0,16,0.0,0.0
fixed-00000004,90.0,4.0,17,0.0,0.0
fixed-00000004,90.0,4.0,18,0.0,0.0
fixed-00000004,90.0,4.0,19,0.0,0.0
fixed-00000004,90.0,4.0,20,0.0,0.0
fixed-00000001,60.0,4.0,-20,0.00021134912210766371,33.66867098629079
fixed-00000001,60.0,4.0,-19,0.00014789045438598055,32.804641534161746
fixed-00000001,60.0,4.0,-18,0.0001371973083305857,31.91990527612714
fixed-00000001,60.0,4.0,-17,0.00016738904904037283,31.012670458853336
fixed-00000001,60.0,4.0,-16,0.00016742315290069074,30.0808814961542
fixed-00000001,60.0,4.0,-15,0.0001982679477953362,29.122161170553625
fixed-00000001,60.0,4.0,-14,0.00018316918282394805,28.133735479709266
fixed-00000001,60.0,4.0,-13,0.00024518072642840973,27.112334302138407
fixed-00000001,60.0,4.0,-12,0.0003105377798604147,26.05405763838855
fixed-00000001,60.0,4.0,-11,0.00019965527015802556,24.95419162388059
fixed-00000001,60.0,4.0,-10,0.0004616435028194981,23.80694914738052
fixed-00000001,60.0,4.0,-9,0.0005030319270794844,22.605093498036354
fixed-00000001,60.0,4.0,-8,0.00023637122283276117,21.33937330915093
fixed-00000001,60.0,4.0,-7,0.0011362718831515533,19.997638457525795
fixed-00000001,60.0,4.0,-6,0.000831599607191335,18.563384620134826
fixed-00000001,60.0,4.0,-5,0.0005795176401718677,17.01319792164763
fixed-00000001,60.0,4.0,-4,0.00395474608663795,15.311873059069754
fixed-00000001,60.0,4.0,-3,0.001435678510692483,13.401935191968363
fixed-00000001,60.0,4.0,-2,0.006437753380552263,11.176900501616302
fixed-00000001,60.0,4.0,-1,0.04757100753448828,8.389645509317262
fixed-00000001,60.0,4.0,0,0.6894954767609652,4.000000000000128
fixed-00000001,60.0,4.0,1,0.0,0.0
fixed-00000001,60.0,4.0,2,0.0,0.0
fixed-00000001,60.0,4.0,3,0.0,0.0
fixed-00000001,60.0,4.0,4,0.0,0.0
fixed-00000001,60.0,4.0,5,0.0,0.0
fixed-00000001,60.0,4.0,6,0.0,0.0
fixed-00000001,60.0,4.0,7,0.0,0.0
fixed-00000001,60.0,4.0,8,0.0,0.0
fixed-00000001,60.0,4.0,9,0.0,0.0
fixed-00000001,60.0,4.0,10,0.0,0.0
fixed-00000001,60.0,4.0,11,0.0,0.0
fixed-00000001,60.0,4.0,12,0.0,0.0
fixed-00000001,60.0,4.0,13,0.0,0.0
fixed-00000001,60.0,4.0,14,0.0,0.0
fixed-00000001,60.0,4.0,15,0.0,0.0
fixed-00000001,60.0,4.0,16,0.0,0.0
fixed-00000001,60.0,4.0,17,0.0,0.0
fixed-00000001,60.0,4.0,18,0.0,0.0
fixed-00000001,60.0,4.0,19,0.0,0.0
fixed-00000001,60.0,4.0,20,0.0,0.0
fixed-00000005,100.0,4.0,-20,0.0011556220719529256,26.054057638388535
fixed-00000005,100.0,4.0,-19,0.0010135019540972784,25.39947137852822
fixed-00000005,100.0,4.0,-18,0.0006400554604327918,24.728741050446132
fixed-00000005,100.0,4.0,-17,0.0009370545943616738,24.040510406174633
fixed-00000005,100.0,4.0,-16,0.000994666068524863,23.333225797914665
fixed-00000005,100.0,4.0,-15,0.0007641965619474099,22.60509349803634
fixed-00000005,100.0,4.0,-14,0.0010930010669982834,21.854024375341254
fixed-00000005,100.0,4.0,-13,0.0011100473914062423,21.07756102550144
fixed-00000005,100.0,4.0,-12,0.0010792091808539588,20.272780035826898
fixed-00000005,100.0,4.0,-11,0.0012579133400327056,19.43615815678045
fixed-00000005,100.0,4.0,-10,0.0014677173703258352,18.563384620134798
fixed-00000005,100.0,4.0,-9,0.001733442061299376,17.649090489235533
fixed-00000005,100.0,4.0,-8,0.0013442637499520482,16.686445270170665
fixed-00000005,100.0,4.0,-7,0.0028902888872249944,15.666531340439832
fixed-00000005,100.0,4.0,-6,0.002966368283357476,14.577325397340658
fixed-00000005,100.0,4.0,-5,0.0017680672787200695,13.401935191968334
fixed-00000005,100.0,4.0,-4,0.009793052295152578,12.115293466158093
fixed-00000005,100.0,4.0,-3,0.005278422186389364,10.677246924869166
fixed-00000005,100.0,4.0,-2,0.014264905066227598,9.015622340555609
fixed-00000005,100.0,4.0,-1,0.12273517374500166,6.972349028947534
fixed-00000005,100.0,4.0,0,0.6617835158296237,4.000000000000043
fixed-00000005,100.0,4.0,1,0.0,0.0
fixed-00000005,100.0,4.0,2,0.0,0.0
fixed-00000005,100.0,4.0,3,0.0,0.0
fixed-00000005,100.0,4.0,4,0.0,0.0
fixed-00000005,100.0,4.0,5,0.0,0.0
fixed-00000005,100.0,4.0,6,0.0,0.0
fixed-00000005,100.0,4.0,7,0.0,0.0
fixed-00000005,100.0,4.0,8,0.0,0.0
fixed-00000005,100.0,4.0,9,0.0,0.0
fixed-00000005,100.0,4.0,10,0.0,0.0
fixed-00000005,100.0,4.0,11,0.0,0.0
fixed-00000005,100.0,4.0,12,0.0,0.0
fixed-00000005,100.0,4.0,13,0.0,0.0
fixed-00000005,100.0,4.0,14,0.0,0.0
fixed-00000005,100.0,4.0,15,0.0,0.0
fixed-00000005,100.0,4.0,16,0.0,0.0
fixed-00000005,100.0,4.0,17,0.0,0.0
fixed-00000005,100.0,4.0,18,0.0,0.0
fixed-00000005,100.0,4.0,19,0.0,0.0
fixed-00000005,100.0,4.0,20,0.0,0.0
fixed-00000003,80.0,4.0,-20,0.0005991908052891987,29.122161170553625
fixed-00000003,80.0,4.0,-19,0.00042599451842409593,28.383796025086852
fixed-00000003,80.0,4.0,-18,0.00031989644885561605,27.62738395184673
fixed-00000003,80.0,4.0,-17,0.0004556664722215561,26.85139076255797
fixed-00000003,80.0,4.0,-16,0.00042311505873008975,26.05405763838855
fixed-00000003,80.0,4.0,-15,0.00042120641557404136,25.23335224938701
fixed-00000003,80.0,4.0,-14,0.0005052163722248491,24.38690529633689
fixed-00000003,80.0,4.0,-13,0.0005206927936804551,23.51192678300849
fixed-00000003,80.0,4.0,-12,0.0006373772175650426,22.605093498036354
fixed-00000003,80.0,4.0,-11,0.0005530032004231823,21.662394599301848
fixed-00000003,80.0,4.0,-10,0.0008317145429191727,20.678914499078303
fixed-00000003,80.0,4.0,-9,0.0010338261924377544,19.6485188177962
fixed-00000003,80.0,4.0,-8,0.0005868958139370472,18.563384620134826
fixed-00000003,80.0,4.0,-7,0.0019035545540869929,17.413268710318007
fixed-00000003,80.0,4.0,-6,0.001732281267934224,16.18430978152439
fixed-00000003,80.0,4.0,-5,0.0009869082024956744,14.856940312447804
fixed-00000003,80.0,4.0,-4,0.006639165965462583,13.401935191968363
fixed-00000003,80.0,4.0,-3,0.0030173232138646826,11.772044157333355
fixed-00000003,80.0,4.0,-2,0.010008056576454304,9.881078656044693
fixed-00000003,80.0,4.0,-1,0.08114710903826661,7.534952908764481
fixed-00000003,80.0,4.0,0,0.6772887277712,4.000000000000128
fixed-00000003,80.0,4.0,1,0.0,0.0
fixed-00000003,80.0,4.0,2,0.0,0.0
fixed-00000003,80.0,4.0,3,0.0,0.0
fixed-00000003,80.0,4.0,4,0.0,0.0
fixed-00000003,80.0,4.0,5,0.0,0.0
fixed-00000003,80.0,4.0,6,0.0,0.0
fixed-00000003,80.0,4.0,7,0.0,0.0
fixed-00000003,80.0,4.0,8,0.0,0.0
fixed-00000003,80.0,4.0,9,0.0,0.0
fixed-00000003,80.0,4.0,10,0.0,0.0
fixed-00000003,80.0,4.0,11,0.0,0.0
fixed-00000003,80.0,4.0,12,0.0,0.0
fixed-00000003,80.0,4.0,13,0.0,0.0
fixed-00000003,80.0,4.0,14,0.0,0.0
fixed-00000003,80.0,4.0,15,0.0,0.0
fixed-00000003,80.0,4.0,16,0.0,0.0
fixed-00000003,80.0,4.0,17,0.0,0.0
fixed-00000003,80.0,4.0,18,0.0,0.0
fixed-00000003,80.0,4.0,19,0.0,0.0
fixed-00000003,80.0,4.0,20,0.0,0.0
fixed-00000007,120.0,4.0,-20,0.00096882642868485,23.80694914738052
fixed-00000007,120.0,4.0,-19,0.0009889481640536705,23.21337059431326
fixed-00000007,120.0,4.0,-18,0.0007752044696571737,22.605093498036354
fixed-00000007,120.0,4.0,-17,0.0010803434295380832,21.980894517242845
fixed-00000007,120.0,4.0,-16,0.0012875521735286096,21.33937330915093
fixed-00000007,120.0,4.0,-15,0.0011079902096651727,20.67891449907833
fixed-00000007,120.0,4.0,-14,0.0015614373272529699,19.997638457525795
fixed-00000007,120.0,4.0,-13,0.0017574765499443964,19.293336575596342
fixed-00000007,120.0,4.0,-12,0.001598402236293044,18.563384620134826
fixed-00000007,120.0,4.0,-11,0.002058197084281895,17.80462435107323
fixed-00000007,120.0,4.0,-10,0.00226854912915479,17.01319792164763
fixed-00000007,120.0,4.0,-9,0.002485479866760462,16.18430978152439
fixed-00000007,120.0,4.0,-8,0.0023505233417655228,15.311873059069754
fixed-00000007,120.0,4.0,-7,0.003883083616822276,14.387963517781984
fixed-00000007,120.0,4.0,-6,0.004276241294958205,13.401935191968363
fixed-00000007,120.0,4.0,-5,0.0028127734056195065,12.338899720932332
fixed-00000007,120.0,4.0,-4,0.012469921670751397,11.176900501616302
fixed-00000007,120.0,4.0,-3,0.007800963910287304,9.881078656044693
fixed-00000007,120.0,4.0,-2,0.01802106284426273,8.389645509317262
fixed-00000007,120.0,4.0,-1,0.16200442044149602,6.570714442852491
fixed-00000007,120.0,4.0,0,0.6114854088144988,4.000000000000128
fixed-00000007,120.0,4.0,1,0.0,0.0
fixed-00000007,120.0,4.0,2,0.0,0.0
fixed-00000007,120.0,4.0,3,0.0,0.0
fixed-00000007,120.0,4.0,4,0.0,0.0
fixed-00000007,120.0,4.0,5,0.0,0.0
fixed-00000007,120.0,4.0,6,0.0,0.0
fixed-00000007,120.0,4.0,7,0.0,0.0
fixed-00000007,120.0,4.0,8,0.0,0.0
fixed-00000007,120.0,4.0,9,0.0,0.0
fixed-00000007,120.0,4.0,10,0.0,0.0
fixed-00000007,120.0,4.0,11,0.0,0.0
fixed-00000007,120.0,4.0,12,0.0,0.0
fixed-00000007,120.0,4.0,13,0.0,0.0
fixed-00000007,120.0,4.0,14,0.0,0.0
fixed-00000007,120.0,4.0,15,0.0,0.0
fixed-00000007,120.0,4.0,16,0.0,0.0
fixed-00000007,120.0,4.0,17,0.0,0.0
fixed-00000007,120.0,4.0,18,0.0,0.0
fixed-00000007,120.0,4.0,19,0.0,0.0
fixed-00000007,120.0,4.0,20,0.0,0.0
fixed-00000008,130.0,4.0,-20,0.0008025567292129469,22.887737429280307
fixed-00000008,130.0,4.0,-19,0.0008083486251839845,22.319060381202533
fixed-00000008,130.0,4.0,-18,0.0006378106829400003,21.73628858867596
fixed-00000008,130.0,4.0,-17,0.0008945296763161341,21.138253797703968
fixed-00000008,130.0,4.0,-16,0.0010455674606929671,20.523619220618087
fixed-00000008,130.0,4.0,-15,0.0009338727375145893,19.890843436975487
fixed-00000008,130.0,4.0,-14,0.0013961837902321404,19.238133704924607
fixed-00000008,130.0,4.0,-13,0.0016481508487832892,18.563384620134784
fixed-00000008,130.0,4.0,-12,0.0015621879273661628,17.86409607789507
fixed-00000008,130.0,4.0,-11,0.0022002571012075993,17.137261306119782
fixed-00000008,130.0,4.0,-10,0.0024452462098149687,16.379210436004684
fixed-00000008,130.0,4.0,-9,0.0026123696836626094,15.58538591965737
fixed-00000008,130.0,4.0,-8,0.0028095055799536163,14.750009564284554
fixed-00000008,130.0,4.0,-7,0.004101343610000535,13.865569460383654
fixed-00000008,130.0,4.0,-6,0.004649547737093194,12.921991178661202
fixed-00000008,130.0,4.0,-5,0.0033763560031199276,11.905217349750558
fixed-00000008,130.0,4.0,-4,0.012923743918604048,10.794579595613783
fixed-00000008,130.0,4.0,-3,0.008754801511087583,9.557405601711935
fixed-00000008,130.0,4.0,-2,0.019118002101692164,8.136169892284855
fixed-00000008,130.0,4.0,-1,0.1744819785775289,6.409572995038118
fixed-00000008,130.0,4.0,0,0.567986945459934,3.999999999999943
fixed-00000008,130.0,4.0,1,0.0,0.0
fixed-00000008,130.0,4.0,2,0.0,0.0
fixed-00000008,130.0,4.0,3,0.0,0.0
fixed-00000008,130.0,4.0,4,0.0,0.0
fixed-00000008,130.0,4.0,5,0.0,0.0
fixed-00000008,130.0,4.0,6,0.0,0.0
fixed-00000008,130.0,4.0,7,0.0,0.0
fixed-00000008,130.0,4.0,8,0.0,0.0
fixed-00000008,130.0,4.0,9,0.0,0.0
fixed-00000008,130.0,4.0,10,0.0,0.0
fixed-00000008,130.0,4.0,11,0.0,0.0
fixed-00000008,130.0,4.0,12,0.0,0.0
fixed-00000008,130.0,4.0,13,0.0,0.0
fixed-00000008,130.0,4.0,14,0.0,0.0
fixed-00000008,130.0,4.0,15,0.0,0.0
fixed-00000008,130.0,4.0,16,0.0,0.0
fixed-00000008,130.0,4.0,17,0.0,0.0
fixed-00000008,130.0,4.0,18,0.0,0.0
fixed-00000008,130.0,4.0,19,0.0,0.0
fixed-00000008,130.0,4.0,20,0.0,0.0
fixed-00000009,140.0,4.0,-20,0.0006483340802055477,22.071091552917864
fixed-00000009,140.0,4.0,-19,0.0006531675142750601,21.524522367911075
fixed-00000009,140.0,4.0,-18,0.000531233836790945,20.964400995176362
fixed-00000009,140.0,4.0,-17,0.0007388138255948776,20.3896085063504
fixed-00000009,140.0,4.0,-16,0.0008466193992084705,19.798865027537445
fixed-00000009,140.0,4.0,-15,0.0007429669290564921,19.190695371391683
fixed-00000009,140.0,4.0,-14,0.0011260798137165667,18.563384620134798
fixed-00000009,140.0,4.0,-13,0.001322317846222265,17.91491981726459
fixed-00000009,140.0,4.0,-12,0.0012973958870189772,17.242912058772163
fixed-00000009,140.0,4.0,-11,0.001974822188231451,16.544490275662753
fixed-00000009,140.0,4.0,-10,0.002319451779147492,15.816153021261812
fixed-00000009,140.0,4.0,-9,0.0024676424689302028,15.05355599411152
fixed-00000009,140.0,4.0,-8,0.0030471064250173967,14.251197562253566
fixed-00000009,140.0,4.0,-7,0.004142195636729803,13.401935191968334
fixed-00000009,140.0,4.0,-6,0.004733090873117742,12.496206306817058
fixed-00000009,140.0,4.0,-5,0.003930324148638543,11.520697333479006
fixed-00000009,140.0,4.0,-4,0.012889691080202674,10.45589172636997
fixed-00000009,140.0,4.0,-3,0.00936971685073975,9.27106825583462
fixed-00000009,140.0,4.0,-2,0.019889634199583575,7.9124896307686186
fixed-00000009,140.0,4.0,-1,0.18189892187824785,6.268169548557026
fixed-00000009,140.0,4.0,0,0.5184471480598536,4.000000000000043
fixed-00000009,140.0,4.0,1,0.0,0.0
fixed-00000009,140.0,4.0,2,0.0,0.0
fixed-00000009,140.0,4.0,3,0.0,0.0
fixed-00000009,140.0,4.0,4,0.0,0.0
fixed-00000009,140.0,4.0,5,0.0,0.0
fixed-00000009,140.0,4.0,6,0.0,0.0
fixed-00000009,140.0,4.0,7,0.0,0.0
fixed-00000009,140.0,4.0,8,0.0,0.0
fixed-00000009,140.0,4.0,9,0.0,0.0
fixed-00000009,140.0,4.0,10,0.0,0.0
fixed-00000009,140.0,4.0,11,0.0,0.0
fixed-00000009,140.0,4.0,12,0.0,0.0
fixed-00000009,140.0,4.0,13,0.0,0.0
fixed-00000009,140.0,4.0,14,0.0,0.0
fixed-00000009,140.0,4.0,15,0.0,0.0
fixed-00000009,140.0,4.0,16,0.0,0.0
fixed-00000009,140.0,4.0,17,0.0,0.0
fixed-00000009,140.0,4.0,18,0.0,0.0
fixed-00000009,140.0,4.0,19,0.0,0.0
fixed-00000009,140.0,4.0,20,0.0,0.0
fixed-00000010,150.0,4.0,-20,0.0005125007089220418,21.33937330915093
fixed-00000010,150.0,4.0,-19,0.0005089643896840262,20.81260721870089
fixed-00000010,150.0,4.0,-18,0.0004271672066974909,20.272780035826898
fixed-00000010,150.0,4.0,-17,0.0005975442982640133,19.71881735546995
fixed-00000010,150.0,4.0,-16,0.0006754344171270441,19.149490680969976
fixed-00000010,150.0,4.0,-15,0.000592445484546125,18.563384620134798
fixed-00000010,150.0,4.0,-14,0.0008963477300825356,17.958854520446636
fixed-00000010,150.0,4.0,-13,0.0010215927184103898,17.333970900377437
fixed-00000010,150.0,4.0,-12,0.000985745949091572,16.686445270170665
fixed-00000010,150.0,4.0,-11,0.0015411150612493047,16.013529106660258
fixed-00000010,150.0,4.0,-10,0.0018462708752294721,15.311873059069754
fixed-00000010,150.0,4.0,-9,0.001989879251624784,14.577325397340658
fixed-00000010,150.0,4.0,-8,0.002753039979747648,13.804634215692602
fixed-00000010,150.0,4.0,-7,0.0037449118112974533,12.986990452752977
fixed-00000010,150.0,4.0,-6,0.004263588296377757,12.115293466158093
fixed-00000010,150.0,4.0,-5,0.0041558107378948704,11.176900501616302
fixed-00000010,150.0,4.0,-4,0.011998092596787573,10.153332615240856
fixed-00000010,150.0,4.0,-3,0.00920457950360045,9.015622340555609
fixed-00000010,150.0,4.0,-2,0.019913568575437288,7.713422675659871
fixed-00000010,150.0,4.0,-1,0.18000810758335542,6.142998339829575
fixed-00000010,150.0,4.0,0,0.4575452378354243,4.000000000000043
fixed-00000010,150.0,4.0,1,0.0,0.0
fixed-00000010,150.0,4.0,2,0.0,0.0
fixed-00000010,150.0,4.0,3,0.0,0.0
fixed-00000010,150.0,4.0,4,0.0,0.0
fixed-00000010,150.0,4.0,5,0.0,0.0
fixed-00000010,150.0,4.0,6,0.0,0.0
fixed-00000010,150.0,4.0,7,0.0,0.0
fixed-00000010,150.0,4.0,8,0.0,0.0
fixed-00000010,150.0,4.0,9,0.0,0.0
fixed-00000010,150.0,4.0,10,0.0,0.0
fixed-00000010,150.0,4.0,11,0.0,0.0
fixed-00000010,150.0,4.0,12,0.0,0.0
fixed-00000010,150.0,4.0,13,0.0,0.0
fixed-00000010,150.0,4.0,14,0.0,0.0
fixed-00000010,150.0,4.0,15,0.0,0.0
fixed-00000010,150.0,4.0,16,0.0,0.0
fixed-00000010,150.0,4.0,17,0.0,0.0
fixed-00000010,150.0,4.0,18,0.0,0.0
fixed-00000010,150.0,4.0,19,0.0,0.0
fixed-00000010,150.0,4.0,20,0.0,0.0
fixed-00000012,170.0,4.0,-20,0.0003518807927366643,20.078937587093307
fixed-00000012,170.0,4.0,-19,0.000336838411579708,19.586289471248577
fixed-00000012,170.0,4.0,-18,0.00028890154303274783,19.08143745864639
fixed-00000012,170.0,4.0,-17,0.00041634934320785335,18.563384620134798
fixed-00000012,170.0,4.0,-16,0.0004498153067791121,18.030991870959312
fixed-00000012,170.0,4.0,-15,0.0004064644154337982,17.482947890801668
fixed-00000012,170.0,4.0,-14,0.0006237040503645855,16.917730332891097
fixed-00000012,170.0,4.0,-13,0.0006852923729947183,16.333555025629337
fixed-00000012,170.0,4.0,-12,0.000653414213476808,15.728308285955407
fixed-00000012,170.0,4.0,-11,0.0010424108337926397,15.099454930199627
fixed-00000012,170.0,4.0,-10,0.0011918511860168626,14.443910384212742
fixed-00000012,170.0,4.0,-9,0.001273271631966027,13.757858124151412
fixed-00000012,170.0,4.0,-8,0.001940106124093376,13.036480848951996
fixed-00000012,170.0,4.0,-7,0.0026603786838297486,12.273549626976305
fixed-00000012,170.0,4.0,-6,0.003017502086414621,11.460766897267831
fixed-00000012,170.0,4.0,-5,0.0038150133002343035,10.586654831666635
fixed-00000012,170.0,4.0,-4,0.00950972950435382,9.634532883621333
fixed-00000012,170.0,4.0,-3,0.007798544920736951,8.578462776597007
fixed-00000012,170.0,4.0,-2,0.019018417648125212,7.37391453146995
fixed-00000012,170.0,4.0,-1,0.16315773459715038,5.931100707011396
fixed-00000012,170.0,4.0,0,0.33915588710711714,4.000000000000043
fixed-00000012,170.0,4.0,1,0.0,0.0
fixed-00000012,170.0,4.0,2,0.0,0.0
fixed-00000012,170.0,4.0,3,0.0,0.0
fixed-00000012,170.0,4.0,4,0.0,0.0
fixed-00000012,170.0,4.0,5,0.0,0.0
fixed-00000012,170.0,4.0,6,0.0,0.0
fixed-00000012,170.0,4.0,7,0.0,0.0
fixed-00000012,170.0,4.0,8,0.0,0.0
fixed-00000012,170.0,4.0,9,0.0,0.0
fixed-00000012,170.0,4.0,10,0.0,0.0
fixed-00000012,170.0,4.0,11,0.0,0.0
fixed-00000012,170.0,4.0,12,0.0,0.0
fixed-00000012,170.0,4.0,13,0.0,0.0
fixed-00000012,170.0,4.0,14,0.0,0.0
fixed-00000012,170.0,4.0,15,0.0,0.0
fixed-00000012,170.0,4.0,16,0.0,0.0
fixed-00000012,170.0,4.0,17,0.0,0.0
fixed-00000012,170.0,4.0,18,0.0,0.0
fixed-00000012,170.0,4.0,19,0.0,0.0
fixed-00000012,170.0,4.0,20,0.0,0.0
fixed-00000011,160.0,4.0,-20,0.00042699607716327513,20.678914499078303
fixed-00000011,160.0,4.0,-19,0.000416296324172591,20.170023522549073
fixed-00000011,160.0,4.0,-18,0.0003554508195579422,19.6485188177962
fixed-00000011,160.0,4.0,-17,0.0005040549726229649,19.113366448532148
fixed-00000011,160.0,4.0,-16,0.0005582715178720548,18.563384620134826
fixed-00000011,160.0,4.0,-15,0.0004979952064468367,17.997212298226287
fixed-00000011,160.0,4.0,-14,0.0007558911098523128,17.413268710318007
fixed-00000011,160.0,4.0,-13,0.0008467812774273248,16.809700268524495
fixed-00000011,160.0,4.0,-12,0.0008060414052915953,16.18430978152439
fixed-00000011,160.0,4.0,-11,0.0012763270912739628,15.534460149598402
fixed-00000011,160.0,4.0,-10,0.0014990197463098025,14.856940312447804
fixed-00000011,160.0,4.0,-9,0.0016173007239140575,14.147773622565637
fixed-00000011,160.0,4.0,-8,0.0023929471212108633,13.401935191968363
fixed-00000011,160.0,4.0,-7,0.0032821813797803794,12.612919034749368
fixed-00000011,160.0,4.0,-6,0.0037361558077046277,11.772044157333355
fixed-00000011,160.0,4.0,-5,0.004195514070302401,10.867276770488644
fixed-00000011,160.0,4.0,-4,0.011020228351621905,9.881078656044693
fixed-00000011,160.0,4.0,-3,0.008819446582810865,8.786068711064956
fixed-00000011,160.0,4.0,-2,0.019858830645827257,7.534952908764481
fixed-00000011,160.0,4.0,-1,0.17554314164688367,6.03135129215535
fixed-00000011,160.0,4.0,0,0.4007089149079245,4.000000000000128
fixed-00000011,160.0,4.0,1,0.0,0.0
fixed-00000011,160.0,4.0,2,0.0,0.0
fixed-00000011,160.0,4.0,3,0.0,0.0
fixed-00000011,160.0,4.0,4,0.0,0.0
fixed-00000011,160.0,4.0,5,0.0,0.0
fixed-00000011,160.0,4.0,6,0.0,0.0
fixed-00000011,160.0,4.0,7,0.0,0.0
fixed-00000011,160.0,4.0,8,0.0,0.0
fixed-00000011,160.0,4.0,9,0.0,0.0
fixed-00000011,160.0,4.0,10,0.0,0.0
fixed-00000011,160.0,4.0,11,0.0,0.0
fixed-00000011,160.0,4.0,12,0.0,0.0
fixed-00000011,160.0,4.0,13,0.0,0.0
fixed-00000011,160.0,4.0,14,0.0,0.0
fixed-00000011,160.0,4.0,15,0.0,0.0
fixed-00000011,160.0,4.0,16,0.0,0.0
fixed-00000011,160.0,4.0,17,0.0,0.0
fixed-00000011,160.0,4.0,18,0.0,0.0
fixed-00000011,160.0,4.0,19,0.0,0.0
fixed-00000011,160.0,4.0,20,0.0,0.0
fixed-00000013,180.0,4.0,-20,0.00031843943580219685,19.530814598225575
fixed-00000013,180.0,4.0,-19,0.00029905789184975955,19.053012891096714
fixed-00000013,180.0,4.0,-18,0.00025750137208697325,18.563384620134798
fixed-00000013,180.0,4.0,-17,0.000373782709896819,18.06096687878967
fixed-00000013,180.0,4.0,-16,0.0003954838234416285,17.544659849708694
fixed-00000013,180.0,4.0,-15,0.00035846107584772716,17.013197921647617
fixed-00000013,180.0,4.0,-14,0.0005566737388631868,16.46511246866092
fixed-00000013,180.0,4.0,-13,0.0005961657356828242,15.898683146952209
fixed-00000013,180.0,4.0,-12,0.0005728630799500603,15.311873059069725
fixed-00000013,180.0,4.0,-11,0.0009226055336023971,14.702240730771123
fixed-00000013,180.0,4.0,-10,0.0010254378057880126,14.066817881848479
fixed-00000013,180.0,4.0,-9,0.0010980259761980905,13.401935191968363
fixed-00000013,180.0,4.0,-8,0.0016948893347636831,12.702966158118315
fixed-00000013,180.0,4.0,-7,0.0022697040341395393,11.96393641047473
fixed-00000013,180.0,4.0,-6,0.002576897551121754,11.176900501616302
fixed-00000013,180.0,4.0,-5,0.0034643626266135136,10.330890706572049
fixed-00000013,180.0,4.0,-4,0.008348025172394767,9.410012267886245
fixed-00000013,180.0,4.0,-3,0.006929913165169702,8.389645509317262
fixed-00000013,180.0,4.0,-2,0.01825218649187671,7.227774780095132
fixed-00000013,180.0,4.0,-1,0.15170673969146736,5.840549916165145
fixed-00000013,180.0,4.0,0,0.2869149249827293,4.000000000000043
fixed-00000013,180.0,4.0,1,0.0,0.0
fixed-00000013,180.0,4.0,2,0.0,0.0
fixed-00000013,180.0,4.0,3,0.0,0.0
fixed-00000013,180.0,4.0,4,0.0,0.0
fixed-00000013,180.0,4.0,5,0.0,0.0
fixed-00000013,180.0,4.0,6,0.0,0.0
fixed-00000013,180.0,4.0,7,0.0,0.0
fixed-00000013,180.0,4.0,8,0.0,0.0
fixed-00000013,180.0,4.0,9,0.0,0.0
fixed-00000013,180.0,4.0,10,0.0,0.0
fixed-00000013,180.0,4.0,11,0.0,0.0
fixed-00000013,180.0,4.0,12,0.0,0.0
fixed-00000013,180.0,4.0,13,0.0,0.0
fixed-00000013,180.0,4.0,14,0.0,0.0
fixed-00000013,180.0,4.0,15,0.0,0.0
fixed-00000013,180.0,4.0,16,0.0,0.0
fixed-00000013,180.0,4.0,17,0.0,0.0
fixed-00000013,180.0,4.0,18,0.0,0.0
fixed-00000013,180.0,4.0,19,0.0,0.0
fixed-00000013,180.0,4.0,20,0.0,0.0
fixed-00000014,190.0,4.0,-20,0.0003211505810599295,19.027545728760387
fixed-00000014,190.0,4.0,-19,0.0002947463408367198,18.563384620134798
fixed-00000014,190.0,4.0,-18,0.00025611697186831453,18.087745917971517
fixed-00000014,190.0,4.0,-17,0.0003720296848817111,17.599698142746774
fixed-00000014,190.0,4.0,-16,0.0003860869819638249,17.098177750245895
fixed-00000014,190.0,4.0,-15,0.00035229507264348354,16.581961354199663
fixed-00000014,190.0,4.0,-14,0.0005512797142959251,16.04962995579325
fixed-00000014,190.0,4.0,-13,0.0005751976485063602,15.49952217558176
fixed-00000014,190.0,4.0,-12,0.0005580870898007493,14.929672049973433
fixed-00000014,190.0,4.0,-11,0.0009075668453583365,14.337724668923613
fixed-00000014,190.0,4.0,-10,0.0009750146160595513,13.720819169692376
fixed-00000014,190.0,4.0,-9,0.0010557561725908632,13.075422179669076
fixed-00000014,190.0,4.0,-8,0.0016493269473998038,12.397083362613174
fixed-00000014,190.0,4.0,-7,0.00212242754307531,11.680063301026976
fixed-00000014,190.0,4.0,-6,0.0024426009007320476,10.916741345033458
fixed-00000014,190.0,4.0,-5,0.0033932768928298727,10.096619860707108
fixed-00000014,190.0,4.0,-4,0.007827476375003696,9.204527144434891
fixed-00000014,190.0,4.0,-3,0.006584973596057949,8.217053724399236
fixed-00000014,190.0,4.0,-2,0.018292719276732556,7.094480733772272
fixed-00000014,190.0,4.0,-1,0.14625433609539606,5.758328175331556
fixed-00000014,190.0,4.0,0,0.2501961824866071,4.000000000000043
fixed-00000014,190.0,4.0,1,0.0,0.0
fixed-00000014,190.0,4.0,2,0.0,0.0
fixed-00000014,190.0,4.0,3,0.0,0.0
fixed-00000014,190.0,4.0,4,0.0,0.0
fixed-00000014,190.0,4.0,5,0.0,0.0
fixed-00000014,190.0,4.0,6,0.0,0.0
fixed-00000014,190.0,4.0,7,0.0,0.0
fixed-00000014,190.0,4.0,8,0.0,0.0
fixed-00000014,190.0,4.0,9,0.0,0.0
fixed-00000014,190.0,4.0,10,0.0,0.0
fixed-00000014,190.0,4.0,11,0.0,0.0
fixed-00000014,190.0,4.0,12,0.0,0.0
fixed-00000014,190.0,4.0,13,0.0,0.0
fixed-00000014,190.0,4.0,14,0.0,0.0
fixed-00000014,190.0,4.0,15,0.0,0.0
fixed-00000014,190.0,4.0,16,0.0,0.0
fixed-00000014,190.0,4.0,17,0.0,0.0
fixed-00000014,190.0,4.0,18,0.0,0.0
fixed-00000014,190.0,4.0,19,0.0,0.0
fixed-00000014,190.0,4.0,20,0.0,0.0
fixed-00000015,200.0,4.0,-20,0.00033156469675528456,18.563384620134798
fixed-00000015,200.0,4.0,-19,0.00029570184301215254,18.11181433101568
fixed-00000015,200.0,4.0,-18,0.0002616267352870602,17.649090489235533
fixed-00000015,200.0,4.0,-17,0.0003796505587678123,17.17431076750566
fixed-00000015,200.0,4.0,-16,0.0003840306098307678,16.686445270170665
fixed-00000015,200.0,4.0,-15,0.00035680001529702764,16.184309781524362
fixed-00000015,200.0,4.0,-14,0.0005609603487470193,15.666531340439832
fixed-00000015,200.0,4.0,-13,0.0005667432739334464,15.13150326662813
fixed-00000015,200.0,4.0,-12,0.0005616629620800703,14.577325397340658
fixed-00000015,200.0,4.0,-11,0.0009202498415770459,14.001723117605522
fixed-00000015,200.0,4.0,-10,0.0009496955816219258,13.401935191968334
fixed-00000015,200.0,4.0,-9,0.0010517899574550259,12.774554314257855
fixed-00000015,200.0,4.0,-8,0.001664105893958477,12.115293466158093
fixed-00000015,200.0,4.0,-7,0.00204161758038566,11.41863095571108
fixed-00000015,200.0,4.0,-6,0.0023997932108009096,10.677246924869166
fixed-00000015,200.0,4.0,-5,0.003451390464191877,9.88107865604465
fixed-00000015,200.0,4.0,-4,0.007517723060352691,9.015622340555609
fixed-00000015,200.0,4.0,-3,0.006372989735733087,8.058583440755712
fixed-00000015,200.0,4.0,-2,0.018957492171152335,6.972349028947534
fixed-00000015,200.0,4.0,-1,0.1422342166070888,5.683315135192018
fixed-00000015,200.0,4.0,0,0.22279119791983196,4.000000000000043
fixed-00000015,200.0,4.0,1,0.0,0.0
fixed-00000015,200.0,4.0,2,0.0,0.0
fixed-00000015,200.0,4.0,3,0.0,0.0
fixed-00000015,200.0,4.0,4,0.0,0.0
fixed-00000015,200.0,4.0,5,0.0,0.0
fixed-00000015,200.0,4.0,6,0.0,0.0
fixed-00000015,200.0,4.0,7,0.0,0.0
fixed-00000015,200.0,4.0,8,0.0,0.0
fixed-00000015,200.0,4.0,9,0.0,0.0
fixed-00000015,200.0,4.0,10,0.0,0.0
fixed-00000015,200.0,4.0,11,0.0,0.0
fixed-00000015,200.0,4.0,12,0.0,0.0
fixed-00000015,200.0,4.0,13,0.0,0.0
fixed-00000015,200.0,4.0,14,0.0,0.0
fixed-00000015,200.0,4.0,15,0.0,0.0
fixed-00000015,200.0,4.0,16,0.0,0.0
fixed-00000015,200.0,4.0,17,0.0,0.0
fixed-00000015,200.0,4.0,18,0.0,0.0
fixed-00000015,200.0,4.0,19,0.0,0.0
fixed-00000015,200.0,4.0,20,0.0,0.0
fixed-00000016,210.0,4.0,-20,0.0003112241425244182,18.133563909262662
fixed-00000016,210.0,4.0,-19,0.0002686374029129691,17.69366376630488
fixed-00000016,210.0,4.0,-18,0.00023823470464114603,17.242912058772163
fixed-00000016,210.0,4.0,-17,0.000355324542144084,16.78043360412154
fixed-00000016,210.0,4.0,-16,0.0003465337549473997,16.30522983876051
fixed-00000016,210.0,4.0,-15,0.00032232562009584505,15.816153021261812
fixed-00000016,210.0,4.0,-14,0.0005275373221143256,15.311873059069725
fixed-00000016,210.0,4.0,-13,0.0005074672173075521,14.79083420461042
fixed-00000016,210.0,4.0,-12,0.0005067417205292274,14.251197562253566
fixed-00000016,210.0,4.0,-11,0.0008682492085940586,13.690763273626388
fixed-00000016,210.0,4.0,-10,0.0008428172393425164,13.106862846525061
fixed-00000016,210.0,4.0,-9,0.0009496075963240771,12.496206306817086
fixed-00000016,210.0,4.0,-8,0.0015667091710034992,11.854658593029981
fixed-00000016,210.0,4.0,-7,0.001808493636776358,11.176900501616302
fixed-00000016,210.0,4.0,-6,0.002161347196861145,10.45589172636997
fixed-00000016,210.0,4.0,-5,0.0032444007057068082,9.681973335802653
fixed-00000016,210.0,4.0,-4,0.006865937413287856,8.841260597125114
fixed-00000016,210.0,4.0,-3,0.005587465172569541,7.912489630768675
fixed-00000016,210.0,4.0,-2,0.018783834046476287,6.85998498024081
fixed-00000016,210.0,4.0,-1,0.13790767206577725,5.614585555098117
fixed-00000016,210.0,4.0,0,0.1798068610982552,4.000000000000043
fixed-00000016,210.0,4.0,1,0.047240267163229654,0.6990406976807151
fixed-00000016,210.0,4.0,2,0.0,0.0
fixed-00000016,210.0,4.0,3,0.0,0.0
fixed-00000016,210.0,4.0,4,0.0,0.0
fixed-00000016,210.0,4.0,5,0.0,0.0
fixed-00000016,210.0,4.0,6,0.0,0.0
fixed-00000016,210.0,4.0,7,0.0,0.0
fixed-00000016,210.0,4.0,8,0.0,0.0
fixed-00000016,210.0,4.0,9,0.0,0.0
fixed-00000016,210.0,4.0,10,0.0,0.0
fixed-00000016,210.0,4.0,11,0.0,0.0
fixed-00000016,210.0,4.0,12,0.0,0.0
fixed-00000016,210.0,4.0,13,0.0,0.0
fixed-00000016,210.0,4.0,14,0.0,0.0
fixed-00000016,210.0,4.0,15,0.0,0.0
fixed-00000016,210.0,4.0,16,0.0,0.0
fixed-00000016,210.0,4.0,17,0.0,0.0
fixed-00000016,210.0,4.0,18,0.0,0.0
fixed-00000016,210.0,4.0,19,0.0,0.0
fixed-00000016,210.0,4.0,20,0.0,0.0
fixed-00000017,220.0,4.0,-20,0.00028943268122475017,17.73409081271616
fixed-00000017,220.0,4.0,-19,0.0002460818021520101,17.305048019521294
fixed-00000017,220.0,4.0,-18,0.00021764499457230629,16.86543602782575
fixed-00000017,220.0,4.0,-17,0.00032899241529355547,16.414405017153385
fixed-00000017,220.0,4.0,-16,0.0003173174968903048,15.950985698613678
fixed-00000017,220.0,4.0,-15,0.00029143838862339473,15.474064410036164
fixed-00000017,220.0,4.0,-14,0.0004910798572433155,14.982351111948859
fixed-00000017,220.0,4.0,-13,0.0004628190213397665,14.474337642723825
fixed-00000017,220.0,4.0,-12,0.0004568321395552764,13.948242344473982
fixed-00000017,220.0,4.0,-11,0.0008130158770635812,13.401935191968377
fixed-00000017,220.0,4.0,-10,0.0007626098218259629,12.832834315133255
fixed-00000017,220.0,4.0,-9,0.0008581663609943274,12.237759303340212
fixed-00000017,220.0,4.0,-8,0.0014710825225122792,11.612716944258509
fixed-00000017,220.0,4.0,-7,0.0016217209644238445,10.952576962541741
fixed-00000017,220.0,4.0,-6,0.0019761672439129363,10.250559696102783
fixed-00000017,220.0,4.0,-5,0.00304049480418718,9.49738228221355
fixed-00000017,220.0,4.0,-4,0.006278272956431914,8.679735599183942
fixed-00000017,220.0,4.0,-3,0.005217789378615503,7.777311442431525
fixed-00000017,220.0,4.0,-2,0.017778029372471575,6.756222279782023
fixed-00000017,220.0,4.0,-1,0.13395328174212354,5.551368162118536
fixed-00000017,220.0,4.0,0,0.143515914123296,4.000000000000043
fixed-00000017,220.0,4.0,1,0.07239844013887106,1.0924531720081205
fixed-00000017,220.0,4.0,2,0.0,0.0
fixed-00000017,220.0,4.0,3,0.0,0.0
fixed-00000017,220.0,4.0,4,0.0,0.0
fixed-00000017,220.0,4.0,5,0.0,0.0
fixed-00000017,220.0,4.0,6,0.0,0.0
fixed-00000017,220.0,4.0,7,0.0,0.0
fixed-00000017,220.0,4.0,8,0.0,0.0
fixed-00000017,220.0,4.0,9,0.0,0.0
fixed-00000017,220.0,4.0,10,0.0,0.0
fixed-00000017,220.0,4.0,11,0.0,0.0
fixed-00000017,220.0,4.0,12,0.0,0.0
fixed-00000017,220.0,4.0,13,0.0,0.0
fixed-00000017,220.0,4.0,14,0.0,0.0
fixed-00000017,220.0,4.0,15,0.0,0.0
fixed-00000017,220.0,4.0,16,0.0,0.0
fixed-00000017,220.0,4.0,17,0.0,0.0
fixed-00000017,220.0,4.0,18,0.0,0.0
fixed-00000017,220.0,4.0,19,0.0,0.0
fixed-00000017,220.0,4.0,20,0.0,0.0
fixed-00000018,230.0,4.0,-20,0.00028407745560564895,17.361592560354026
fixed-00000018,230.0,4.0,-19,0.00023741353346647733,16.942685258157596
fixed-00000018,230.0,4.0,-18,0.0002101567474070796,16.513473571464004
fixed-00000018,230.0,4.0,-17,0.00031878408547639583,16.07313144984927
fixed-00000018,230.0,4.0,-16,0.000305576694900426,15.62071704156071
fixed-00000018,230.0,4.0,-15,0.0002772567378120668,15.155148624219663
fixed-00000018,230.0,4.0,-14,0.0004770624012221495,14.675173695966748
fixed-00000018,230.0,4.0,-13,0.0004431582969167488,14.179328690446923
fixed-00000018,230.0,4.0,-12,0.00043125376801626743,13.665885586158865
fixed-00000018,230.0,4.0,-11,0.000793550388769949,13.13277978959242
fixed-00000018,230.0,4.0,-10,0.0007211504786602022,12.577510579407715
fixed-00000018,230.0,4.0,-9,0.0008097399440118292,11.997000160210277
fixed-00000018,230.0,4.0,-8,0.0014359519106120595,11.387388125912437
fixed-00000018,230.0,4.0,-7,0.00150556600396279,10.743720994389975
fixed-00000018,230.0,4.0,-6,0.0018789518314678978,10.059462823221452
fixed-00000018,230.0,4.0,-5,0.002935720689979276,9.325682005200974
fixed-00000018,230.0,4.0,-4,0.00586748547240209,8.529606124486918
fixed-00000018,230.0,4.0,-3,0.0050370901713988735,7.651815588106331
fixed-00000018,230.0,4.0,-2,0.017058470570758093,6.660077368214232
fixed-00000018,230.0,4.0,-1,0.131205550014402,5.493014580257693
fixed-00000018,230.0,4.0,0,0.11551967748069544,4.000000000000043
fixed-00000018,230.0,4.0,1,0.08947652433397994,1.3553543387345144
fixed-00000018,230.0,4.0,2,0.0,0.0
fixed-00000018,230.0,4.0,3,0.0,0.0
fixed-00000018,230.0,4.0,4,0.0,0.0
fixed-00000018,230.0,4.0,5,0.0,0.0
fixed-00000018,230.0,4.0,6,0.0,0.0
fixed-00000018,230.0,4.0,7,0.0,0.0
fixed-00000018,230.0,4.0,8,0.0,0.0
fixed-00000018,230.0,4.0,9,0.0,0.0
fixed-00000018,230.0,4.0,10,0.0,0.0
fixed-00000018,230.0,4.0,11,0.0,0.0
fixed-00000018,230.0,4.0,12,0.0,0.0
fixed-00000018,230.0,4.0,13,0.0,0.0
fixed-00000018,230.0,4.0,14,0.0,0.0
fixed-00000018,230.0,4.0,15,0.0,0.0
fixed-00000018,230.0,4.0,16,0.0,0.0
fixed-00000018,230.0,4.0,17,0.0,0.0
fixed-00000018,230.0,4.0,18,0.0,0.0
fixed-00000018,230.0,4.0,19,0.0,0.0
fixed-00000018,230.0,4.0,20,0.0,0.0
fixed-00000019,240.0,4.0,-20,0.00029657707255208605,17.01319792164763
fixed-00000019,240.0,4.0,-19,0.00024265859686471922,16.60378152529381
fixed-00000019,240.0,4.0,-18,0.00021641903366121734,16.18430978152439
fixed-00000019,240.0,4.0,-17,0.0003263598823448383,15.753978980891489
fixed-00000019,240.0,4.0,-16,0.00031150941682024045,15.311873059069754
fixed-00000019,240.0,4.0,-15,0.00028111064976731515,14.856940312447833
fixed-00000019,240.0,4.0,-14,0.0004884624783817683,14.387963517781984
fixed-00000019,240.0,4.0,-13,0.0004503048722777231,13.903521017776214
fixed-00000019,240.0,4.0,-12,0.00043211551319633114,13.401935191968363
fixed-00000019,240.0,4.0,-11,0.0008174474732852227,12.881202923645205
fixed-00000019,240.0,4.0,-10,0.0007238831291361666,12.338899720932332
fixed-00000019,240.0,4.0,-9,0.0008086945672926081,11.772044157333369
fixed-00000019,240.0,4.0,-8,0.0014836599105318006,11.176900501616302
fixed-00000019,240.0,4.0,-7,0.0014744529424901738,10.548681150469449
fixed-00000019,240.0,4.0,-6,0.0018885951461054765,9.881078656044693
fixed-00000019,240.0,4.0,-5,0.0029913105885057355,9.165490343367907
fixed-00000019,240.0,4.0,-4,0.005700495763533646,8.389645509317262
fixed-00000019,240.0,4.0,-3,0.005122058706638236,7.534952908764538
fixed-00000019,240.0,4.0,-2,0.016860457435246806,6.570714442852491
fixed-00000019,240.0,4.0,-1,0.13183862276844024,5.438975549640787
fixed-00000019,240.0,4.0,0,0.0944311511703176,4.000000000000128
fixed-00000019,240.0,4.0,1,0.10432485153605622,1.5578535504268984
fixed-00000019,240.0,4.0,2,0.0,0.0
fixed-00000019,240.0,4.0,3,0.0,0.0
fixed-00000019,240.0,4.0,4,0.0,0.0
fixed-00000019,240.0,4.0,5,0.0,0.0
fixed-00000019,240.0,4.0,6,0.0,0.0
fixed-00000019,240.0,4.0,7,0.0,0.0
fixed-00000019,240.0,4.0,8,0.0,0.0
fixed-00000019,240.0,4.0,9,0.0,0.0
fixed-00000019,240.0,4.0,10,0.0,0.0
fixed-00000019,240.0,4.0,11,0.0,0.0
fixed-00000019,240.0,4.0,12,0.0,0.0
fixed-00000019,240.0,4.0,13,0.0,0.0
fixed-00000019,240.0,4.0,14,0.0,0.0
fixed-00000019,240.0,4.0,15,0.0,0.0
fixed-00000019,240.0,4.0,16,0.0,0.0
fixed-00000019,240.0,4.0,17,0.0,0.0
fixed-00000019,240.0,4.0,18,0.0,0.0
fixed-00000019,240.0,4.0,19,0.0,0.0
fixed-00000019,240.0,4.0,20,0.0,0.0
fixed-00000020,250.0,4.0,-20,0.0003033909717906803,16.686445270170665
fixed-00000020,250.0,4.0,-19,0.00024297896388737723,16.285941336994114
fixed-00000020,250.0,4.0,-18,0.00021981356237578317,15.875616848789647
fixed-00000020,250.0,4.0,-17,0.00032910548190941304,15.454689148224062
fixed-00000020,250.0,4.0,-16,0.00031179329139794385,15.022266470358943
fixed-00000020,250.0,4.0,-15,0.00028282680866367884,14.577325397340715
fixed-00000020,250.0,4.0,-14,0.0004933206910421492,14.11868194632234
fixed-00000020,250.0,4.0,-13,0.0004516178610807242,13.644953944975029
fixed-00000020,250.0,4.0,-12,0.00043095666943922093,13.154511253697052
fixed-00000020,250.0,4.0,-11,0.0008332454427385154,12.645408662197411
fixed-00000020,250.0,4.0,-10,0.0007224403283584913,12.115293466158121
fixed-00000020,250.0,4.0,-9,0.0008049674414589127,11.561274966505863
fixed-00000020,250.0,4.0,-8,0.0015279683653669658,10.979734761202295
fixed-00000020,250.0,4.0,-7,0.0014442992975545383,10.366041263914951
fixed-00000020,250.0,4.0,-6,0.001897506162694605,9.714101762495858
fixed-00000020,250.0,4.0,-5,0.003074236781606717,9.01562234055568
fixed-00000020,250.0,4.0,-4,0.005527124223519624,8.258802394264194
fixed-00000020,250.0,4.0,-3,0.005236466042041964,7.425824639985038
fixed-00000020,250.0,4.0,-2,0.016712892987912176,6.487418295723927
fixed-00000020,250.0,4.0,-1,0.13206300802050588,5.388782503478367
fixed-00000020,250.0,4.0,0,0.07660707940277106,4.000000000000128
fixed-00000020,250.0,4.0,1,0.11725341975536462,1.7232677700620371
fixed-00000020,250.0,4.0,2,0.0,0.0
fixed-00000020,250.0,4.0,3,0.0,0.0
fixed-00000020,250.0,4.0,4,0.0,0.0
fixed-00000020,250.0,4.0,5,0.0,0.0
fixed-00000020,250.0,4.0,6,0.0,0.0
fixed-00000020,250.0,4.0,7,0.0,0.0
fixed-00000020,250.0,4.0,8,0.0,0.0
fixed-00000020,250.0,4.0,9,0.0,0.0
fixed-00000020,250.0,4.0,10,0.0,0.0
fixed-00000020,250.0,4.0,11,0.0,0.0
fixed-00000020,250.0,4.0,12,0.0,0.0
fixed-00000020,250.0,4.0,13,0.0,0.0
fixed-00000020,250.0,4.0,14,0.0,0.0
fixed-00000020,250.0,4.0,15,0.0,0.0
fixed-00000020,250.0,4.0,16,0.0,0.0
fixed-00000020,250.0,4.0,17,0.0,0.0
fixed-00000020,250.0,4.0,18,0.0,0.0
fixed-00000020,250.0,4.0,19,0.0,0.0
fixed-00000020,250.0,4.0,20,0.0,0.0
fixed-00000021,260.0,4.0,-20,0.00031095285038535195,16.379210436004684
fixed-00000021,260.0,4.0,-19,0.00024346912331280453,15.987097516269017
fixed-00000021,260.0,4.0,-18,0.000223594746669126,15.58538591965737
fixed-00000021,260.0,4.0,-17,0.00033165294266502215,15.173312873518526
fixed-00000021,260.0,4.0,-16,0.0003119903570224324,14.750009564284554
fixed-00000021,260.0,4.0,-15,0.0002846955987520068,14.314479289708373
fixed-00000021,260.0,4.0,-14,0.0004969037493006808,13.865569460383654
fixed-00000021,260.0,4.0,-13,0.00045263094604960707,13.401935191968363
fixed-00000021,260.0,4.0,-12,0.0004289565883539565,12.921991178661202
fixed-00000021,260.0,4.0,-11,0.0008462666731058195,12.423846879528327
fixed-00000021,260.0,4.0,-10,0.0007198051687639978,11.905217349750558
fixed-00000021,260.0,4.0,-9,0.0007983417071063374,11.363297500741439
fixed-00000021,260.0,4.0,-8,0.001566567124490776,10.794579595613783
fixed-00000021,260.0,4.0,-7,0.001409385998227212,10.194579116674106
fixed-00000021,260.0,4.0,-6,0.0018976841872513548,9.557405601711935
fixed-00000021,260.0,4.0,-5,0.00314428857920911,8.875055586881174
fixed-00000021,260.0,4.0,-4,0.005321948563637693,8.136169892284855
fixed-00000021,260.0,4.0,-3,0.005327559061046798,7.32365592105198
fixed-00000021,260.0,4.0,-2,0.016470808827687936,6.409572995038118
fixed-00000021,260.0,4.0,-1,0.13136699614646205,5.342033137263584
fixed-00000021,260.0,4.0,0,0.06108446814019917,3.999999999999943
fixed-00000021,260.0,4.0,1,0.1284547610157482,1.8629706538812485
fixed-00000021,260.0,4.0,2,0.0,0.0
fixed-00000021,260.0,4.0,3,0.0,0.0
fixed-00000021,260.0,4.0,4,0.0,0.0
fixed-00000021,260.0,4.0,5,0.0,0.0
fixed-00000021,260.0,4.0,6,0.0,0.0
fixed-00000021,260.0,4.0,7,0.0,0.0
fixed-00000021,260.0,4.0,8,0.0,0.0
fixed-00000021,260.0,4.0,9,0.0,0.0
fixed-00000021,260.0,4.0,10,0.0,0.0
fixed-00000021,260.0,4.0,11,0.0,0.0
fixed-00000021,260.0,4.0,12,0.0,0.0
fixed-00000021,260.0,4.0,13,0.0,0.0
fixed-00000021,260.0,4.0,14,0.0,0.0
fixed-00000021,260.0,4.0,15,0.0,0.0
fixed-00000021,260.0,4.0,16,0.0,0.0
fixed-00000021,260.0,4.0,17,0.0,0.0
fixed-00000021,260.0,4.0,18,0.0,0.0
fixed-00000021,260.0,4.0,19,0.0,0.0
fixed-00000021,260.0,4.0,20,0.0,0.0
fixed-00000022,270.0,4.0,-20,0.0003174468219766684,16.08964950237933
fixed-00000022,270.0,4.0,-19,0.00024303614506054988,15.705455556386227
fixed-00000022,270.0,4.0,-18,0.00022775409462225539,15.311873059069725
fixed-00000022,270.0,4.0,-17,0.00033419537833393695,14.908158060804453
fixed-00000022,270.0,4.0,-16,0.0003112528471653023,14.493463473362837
fixed-00000022,270.0,4.0,-15,0.0002885283903011013,14.066817881848507
fixed-00000022,270.0,4.0,-14,0.0005008254714129929,13.627098410003597
fixed-00000022,270.0,4.0,-13,0.00045394614906072675,13.172995462424524
fixed-00000022,270.0,4.0,-12,0.0004310686888678196,12.702966158118315
fixed-00000022,270.0,4.0,-11,0.0008613881401923367,12.215171679035521
fixed-00000022,270.0,4.0,-10,0.000721824741482123,11.707391172695964
fixed-00000022,270.0,4.0,-9,0.0007991453855784796,11.176900501616302
fixed-00000022,270.0,4.0,-8,0.0016170196146217326,10.620296524793474
fixed-00000022,270.0,4.0,-7,0.0013899760610623538,10.033233642263525
fixed-00000022,270.0,4.0,-6,0.0019158353916031092,9.410012267886245
fixed-00000022,270.0,4.0,-5,0.0032616158113384594,8.742902716320742
fixed-00000022,270.0,4.0,-4,0.005153095011777225,8.020961125094075
fixed-00000022,270.0,4.0,-3,0.005481615747964874,7.227774780095174
fixed-00000022,270.0,4.0,-2,0.016354295826377253,6.336644982795491
fixed-00000022,270.0,4.0,-1,0.13097512981977094,5.298379990270192
fixed-00000022,270.0,4.0,0,0.048389741664596864,4.000000000000043
fixed-00000022,270.0,4.0,1,0.13904561343136987,1.9835743440105915
fixed-00000022,270.0,4.0,2,0.0,0.0
fixed-00000022,270.0,4.0,3,0.0,0.0
fixed-00000022,270.0,4.0,4,0.0,0.0
fixed-00000022,270.0,4.0,5,0.0,0.0
fixed-00000022,270.0,4.0,6,0.0,0.0
fixed-00000022,270.0,4.0,7,0.0,0.0
fixed-00000022,270.0,4.0,8,0.0,0.0
fixed-00000022,270.0,4.0,9,0.0,0.0
fixed-00000022,270.0,4.0,10,0.0,0.0
fixed-00000022,270.0,4.0,11,0.0,0.0
fixed-00000022,270.0,4.0,12,0.0,0.0
fixed-00000022,270.0,4.0,13,0.0,0.0
fixed-00000022,270.0,4.0,14,0.0,0.0
fixed-00000022,270.0,4.0,15,0.0,0.0
fixed-00000022,270.0,4.0,16,0.0,0.0
fixed-00000022,270.0,4.0,17,0.0,0.0
fixed-00000022,270.0,4.0,18,0.0,0.0
fixed-00000022,270.0,4.0,19,0.0,0.0
fixed-00000022,270.0,4.0,20,0.0,0.0
fixed-00000023,280.0,4.0,-20,0.00030588451807065124,15.816153021261812
fixed-00000023,280.0,4.0,-19,0.0002294568924078839,15.439449087160426
fixed-00000023,280.0,4.0,-18,0.00021965316166067502,15.05355599411152
fixed-00000023,280.0,4.0,-17,0.0003198439351001307,14.657747646499345
fixed-00000023,280.0,4.0,-16,0.0002942465825213355,14.251197562253566
fixed-00000023,280.0,4.0,-15,0.0002775254509699164,13.832958309872055
fixed-00000023,280.0,4.0,-14,0.0004804213846997124,13.401935191968334
fixed-00000023,280.0,4.0,-13,0.0004318083734668506,12.956852076462738
fixed-00000023,280.0,4.0,-12,0.00041248410324215426,12.496206306817058
fixed-00000023,280.0,4.0,-11,0.0008357631420359175,12.018208096115075
fixed-00000023,280.0,4.0,-10,0.0006884092333066014,11.520697333479006
fixed-00000023,280.0,4.0,-9,0.0007648307687000334,11.001026574425026
fixed-00000023,280.0,4.0,-8,0.0015943357064125412,10.45589172636997
fixed-00000023,280.0,4.0,-7,0.0013127015971350397,9.881078656044693
fixed-00000023,280.0,4.0,-6,0.0018553333535940124,9.27106825583462
fixed-00000023,280.0,4.0,-5,0.0032567746486019456,8.618389378622567
fixed-00000023,280.0,4.0,-4,0.004815937250755813,7.9124896307686186
fixed-00000023,280.0,4.0,-3,0.005439630227634228,7.137595307370333
fixed-00000023,280.0,4.0,-2,0.01584103524890835,6.268169548557026
fixed-00000023,280.0,4.0,-1,0.127031713502168,5.257521326257304
fixed-00000023,280.0,4.0,0,0.037188292765674376,4.000000000000043
fixed-00000023,280.0,4.0,1,0.1465514167700556,2.089341578597498
fixed-00000023,280.0,4.0,2,0.0,0.0
fixed-00000023,280.0,4.0,3,0.0,0.0
fixed-00000023,280.0,4.0,4,0.0,0.0
fixed-00000023,280.0,4.0,5,0.0,0.0
fixed-00000023,280.0,4.0,6,0.0,0.0
fixed-00000023,280.0,4.0,7,0.0,0.0
fixed-00000023,280.0,4.0,8,0.0,0.0
fixed-00000023,280.0,4.0,9,0.0,0.0
fixed-00000023,280.0,4.0,10,0.0,0.0
fixed-00000023,280.0,4.0,11,0.0,0.0
fixed-00000023,280.0,4.0,12,0.0,0.0
fixed-00000023,280.0,4.0,13,0.0,0.0
fixed-00000023,280.0,4.0,14,0.0,0.0
fixed-00000023,280.0,4.0,15,0.0,0.0
fixed-00000023,280.0,4.0,16,0.0,0.0
fixed-00000023,280.0,4.0,17,0.0,0.0
fixed-00000023,280.0,4.0,18,0.0,0.0
fixed-00000023,280.0,4.0,19,0.0,0.0
fixed-00000023,280.0,4.0,20,0.0,0.0
fixed-00000024,290.0,4.0,-20,0.00029952539872198927,15.557309048540347
fixed-00000024,290.0,4.0,-19,0.00021983430643799984,15.187703917530484
fixed-00000024,290.0,4.0,-18,0.00021531051296626923,14.809099185639653
fixed-00000024,290.0,4.0,-17,0.00031024107371141685,14.420785723786253
fixed-00000024,290.0,4.0,-16,0.0002819163805088992,14.02195663092941
fixed-00000024,290.0,4.0,-15,0.0002712872301392572,13.611687264434664
fixed-00000024,290.0,4.0,-14,0.00046624080659708576,13.18890970007432
fixed-00000024,290.0,4.0,-13,0.00041621816648655414,12.752379596207746
fixed-00000024,290.0,4.0,-12,0.00040043076159102864,12.300632504160816
fixed-00000024,290.0,4.0,-11,0.0008194516907534504,11.831925200795666
fixed-00000024,290.0,4.0,-10,0.0006651187693954443,11.344155244919335
fixed-00000024,290.0,4.0,-9,0.000740707564510497,10.834747980635072
fixed-00000024,290.0,4.0,-8,0.0015877631866478869,10.300493276388579
fixed-00000024,290.0,4.0,-7,0.001253088063867408,9.737301631890915
fixed-00000024,290.0,4.0,-6,0.0018148168855991616,9.139824882054754
fixed-00000024,290.0,4.0,-5,0.003280331361781688,8.500836443523596
fixed-00000024,290.0,4.0,-4,0.004521689060538329,7.810153537213992
fixed-00000024,290.0,4.0,-3,0.005442161957943029,7.052604065868977
fixed-00000024,290.0,4.0,-2,0.015401504806966062,6.203739911827654
fixed-00000024,290.0,4.0,-1,0.12343521182670368,5.219193787774614
fixed-00000024,290.0,4.0,0,0.028486679610080726,4.000000000000043
fixed-00000024,290.0,4.0,1,0.15347274101509123,2.1832152248066166
fixed-00000024,290.0,4.0,2,0.0,0.0
fixed-00000024,290.0,4.0,3,0.0,0.0
fixed-00000024,290.0,4.0,4,0.0,0.0
fixed-00000024,290.0,4.0,5,0.0,0.0
fixed-00000024,290.0,4.0,6,0.0,0.0
fixed-00000024,290.0,4.0,7,0.0,0.0
fixed-00000024,290.0,4.0,8,0.0,0.0
fixed-00000024,290.0,4.0,9,0.0,0.0
fixed-00000024,290.0,4.0,10,0.0,0.0
fixed-00000024,290.0,4.0,11,0.0,0.0
fixed-00000024,290.0,4.0,12,0.0,0.0
fixed-00000024,290.0,4.0,13,0.0,0.0
fixed-00000024,290.0,4.0,14,0.0,0.0
fixed-00000024,290.0,4.0,15,0.0,0.0
fixed-00000024,290.0,4.0,16,0.0,0.0
fixed-00000024,290.0,4.0,17,0.0,0.0
fixed-00000024,290.0,4.0,18,0.0,0.0
fixed-00000024,290.0,4.0,19,0.0,0.0
fixed-00000024,290.0,4.0,20,0.0,0.0
fixed-00000025,300.0,4.0,-20,0.0002858852617327045,15.311873059069754
fixed-00000025,300.0,4.0,-19,0.0002052596237927014,14.949008768730735
fixed-00000025,300.0,4.0,-18,0.00020599087779444002,14.577325397340658
fixed-00000025,300.0,4.0,-17,0.00029382870723146983,14.196129966981303
fixed-00000025,300.0,4.0,-16,0.0002634124867071318,13.804634215692602
fixed-00000025,300.0,4.0,-15,0.0002590007947100072,13.401935191968363
fixed-00000025,300.0,4.0,-14,0.0004420553166814303,12.986990452752977
fixed-00000025,300.0,4.0,-13,0.00039131748317058315,12.558585909081373
fixed-00000025,300.0,4.0,-12,0.0003799775984386585,12.115293466158093
fixed-00000025,300.0,4.0,-11,0.0007852623961939623,11.655414195869767
fixed-00000025,300.0,4.0,-10,0.0006273567923538311,11.176900501616302
fixed-00000025,300.0,4.0,-9,0.0007021843552992929,10.677246924869209
fixed-00000025,300.0,4.0,-8,0.0015467916677629058,10.153332615240856
fixed-00000025,300.0,4.0,-7,0.0011705808102870393,9.601186418732823
fixed-00000025,300.0,4.0,-6,0.0017404371190972263,9.015622340555609
fixed-00000025,300.0,4.0,-5,0.003241615571110606,8.389645509317319
fixed-00000025,300.0,4.0,-4,0.004164750479264466,7.713422675659871
fixed-00000025,300.0,4.0,-3,0.005349606736963954,6.9723490289475905
fixed-00000025,300.0,4.0,-2,0.014778543162830449,6.142998339829575
fixed-00000025,300.0,4.0,-1,0.11812338690085804,5.1831664320526585
fixed-00000025,300.0,4.0,0,0.021785426504676256,4.000000000000043
fixed-00000025,300.0,4.0,1,0.15827059304985625,2.2673283559992825
fixed-00000025,300.0,4.0,2,0.0,0.0
fixed-00000025,300.0,4.0,3,0.0,0.0
fixed-00000025,300.0,4.0,4,0.0,0.0
fixed-00000025,300.0,4.0,5,0.0,0.0
fixed-00000025,300.0,4.0,6,0.0,0.0
fixed-00000025,300.0,4.0,7,0.0,0.0
fixed-00000025,300.0,4.0,8,0.0,0.0
fixed-00000025,300.0,4.0,9,0.0,0.0
fixed-00000025,300.0,4.0,10,0.0,0.0
fixed-00000025,300.0,4.0,11,0.0,0.0
fixed-00000025,300.0,4.0,12,0.0,0.0
fixed-00000025,300.0,4.0,13,0.0,0.0
fixed-00000025,300.0,4.0,14,0.0,0.0
fixed-00000025,300.0,4.0,15,0.0,0.0
fixed-00000025,300.0,4.0,16,0.0,0.0
fixed-00000025,300.0,4.0,17,0.0,0.0
fixed-00000025,300.0,4.0,18,0.0,0.0
fixed-00000025,300.0,4.0,19,0.0,0.0
fixed-00000025,300.0,4.0,20,0.0,0.0
fixed-00000026,310.0,4.0,-20,0.0002765197826794296,15.07874327797117
fixed-00000026,310.0,4.0,-19,0.00019374691440605916,14.722291275094364
fixed-00000026,310.0,4.0,-18,0.00019935718684636785,14.357192380701974
fixed-00000026,310.0,4.0,-17,0.00028082711801629366,13.982769016704736
fixed-00000026,310.0,4.0,-16,0.0002485025330621642,13.598250692153599
fixed-00000026,310.0,4.0,-15,0.00024973939540130015,13.202755134906326
fixed-00000026,310.0,4.0,-14,0.0004220752414862776,12.795264192127092
fixed-00000026,310.0,4.0,-13,0.000371127299027795,12.37459260982395
fixed-00000026,310.0,4.0,-12,0.0003631854230163266,11.939346937600874
fixed-00000026,310.0,4.0,-11,0.0007565315762670903,11.487870450145792
fixed-00000026,310.0,4.0,-10,0.0005960892285386193,11.01816778980809
fixed-00000026,310.0,4.0,-9,0.0006684498946422743,10.527799382740596
fixed-00000026,310.0,4.0,-8,0.0015132790908032568,10.013729342403465
fixed-00000026,310.0,4.0,-7,0.00109771690063157,9.472099061220248
fixed-00000026,310.0,4.0,-6,0.0016742911139473928,8.89787662245989
fixed-00000026,310.0,4.0,-5,0.003209618404096703,8.284287014836138
fixed-00000026,310.0,4.0,-4,0.003830484277880531,7.621828010395305
fixed-00000026,310.0,4.0,-3,0.005268484542221726,6.896430508503414
fixed-00000026,310.0,4.0,-2,0.014165285748531388,6.085628867863377
fixed-00000026,310.0,4.0,-1,0.11282536737982339,5.149235852894208
fixed-00000026,310.0,4.0,0,0.017216501596152973,4.000000000000043
fixed-00000026,310.0,4.0,1,0.1622431420894934,2.3432844286040506
fixed-00000026,310.0,4.0,2,0.0,0.0
fixed-00000026,310.0,4.0,3,0.0,0.0
fixed-00000026,310.0,4.0,4,0.0,0.0
fixed-00000026,310.0,4.0,5,0.0,0.0
fixed-00000026,310.0,4.0,6,0.0,0.0
fixed-00000026,310.0,4.0,7,0.0,0.0
fixed-00000026,310.0,4.0,8,0.0,0.0
fixed-00000026,310.0,4.0,9,0.0,0.0
fixed-00000026,310.0,4.0,10,0.0,0.0
fixed-00000026,310.0,4.0,11,0.0,0.0
fixed-00000026,310.0,4.0,12,0.0,0.0
fixed-00000026,310.0,4.0,13,0.0,0.0
fixed-00000026,310.0,4.0,14,0.0,0.0
fixed-00000026,310.0,4.0,15,0.0,0.0
fixed-00000026,310.0,4.0,16,0.0,0.0
fixed-00000026,310.0,4.0,17,0.0,0.0
fixed-00000026,310.0,4.0,18,0.0,0.0
fixed-00000026,310.0,4.0,19,0.0,0.0
fixed-00000026,310.0,4.0,20,0.0,0.0
fixed-00000027,320.0,4.0,-20,0.0002751317107298319,14.856940312447804
fixed-00000027,320.0,4.0,-19,0.00018778512491233082,14.506598167644967
fixed-00000027,320.0,4.0,-18,0.0001983266181051281,14.147773622565637
fixed-00000027,320.0,4.0,-17,0.0002749979964713316,13.779803804715016
fixed-00000027,320.0,4.0,-16,0.00024023639962856777,13.401935191968363
fixed-00000027,320.0,4.0,-15,0.00024755186292384625,13.01330525646199
fixed-00000027,320.0,4.0,-14,0.00041188630207521324,12.612919034749368
fixed-00000027,320.0,4.0,-13,0.00036061801840496163,12.199618797218477
fixed-00000027,320.0,4.0,-12,0.00035618569689112165,11.772044157333355
fixed-00000027,320.0,4.0,-11,0.0007434233117940721,11.328578657906675
fixed-00000027,320.0,4.0,-10,0.0005803152330094427,10.867276770488644
fixed-00000027,320.0,4.0,-9,0.0006498012116169852,10.385761741931148
fixed-00000027,320.0,4.0,-8,0.0015090037520412854,9.881078656044693
fixed-00000027,320.0,4.0,-7,0.0010513959650813706,9.34947608678739
fixed-00000027,320.0,4.0,-6,0.0016397826847432402,8.786068711064956
fixed-00000027,320.0,4.0,-5,0.003234087666986715,8.184290419985587
fixed-00000027,320.0,4.0,-4,0.0035626449742354968,7.534952908764481
fixed-00000027,320.0,4.0,-3,0.005271370492741328,6.824493664384079
fixed-00000027,320.0,4.0,-2,0.013705350398401324,6.03135129215535
fixed-00000027,320.0,4.0,-1,0.10852540507367926,5.117222163430583
fixed-00000027,320.0,4.0,0,0.014721621982093631,4.000000000000128
fixed-00000027,320.0,4.0,1,0.1665375061048579,2.4123233315560384
fixed-00000027,320.0,4.0,2,0.0,0.0
fixed-00000027,320.0,4.0,3,0.0,0.0
fixed-00000027,320.0,4.0,4,0.0,0.0
fixed-00000027,320.0,4.0,5,0.0,0.0
fixed-00000027,320.0,4.0,6,0.0,0.0
fixed-00000027,320.0,4.0,7,0.0,0.0
fixed-00000027,320.0,4.0,8,0.0,0.0
fixed-00000027,320.0,4.0,9,0.0,0.0
fixed-00000027,320.0,4.0,10,0.0,0.0
fixed-00000027,320.0,4.0,11,0.0,0.0
fixed-00000027,320.0,4.0,12,0.0,0.0
fixed-00000027,320.0,4.0,13,0.0,0.0
fixed-00000027,320.0,4.0,14,0.0,0.0
fixed-00000027,320.0,4.0,15,0.0,0.0
fixed-00000027,320.0,4.0,16,0.0,0.0
fixed-00000027,320.0,4.0,17,0.0,0.0
fixed-00000027,320.0,4.0,18,0.0,0.0
fixed-00000027,320.0,4.0,19,0.0,0.0
fixed-00000027,320.0,4.0,20,0.0,0.0
fixed-00000028,330.0,4.0,-20,0.00027344925947588483,14.645590225419767
fixed-00000028,330.0,4.0,-19,0.0001820042295197667,14.30107880549295
fixed-00000028,330.0,4.0,-18,0.00019772484185814744,13.948242344473968
fixed-00000028,330.0,4.0,-17,0.0002695287053969657,13.586432032334955
fixed-00000028,330.0,4.0,-16,0.0002320983932897038,13.214910572562928
fixed-00000028,330.0,4.0,-15,0.00024664642633220277,12.832834315133255
fixed-00000028,330.0,4.0,-14,0.0004023905067762419,12.43923046584949
fixed-00000028,330.0,4.0,-13,0.00035053390936946725,12.0329676048014
fixed-00000028,330.0,4.0,-12,0.00035192992409487095,11.612716944258466
fixed-00000028,330.0,4.0,-11,0.0007312879998595655,11.176900501616302
fixed-00000028,330.0,4.0,-10,0.0005666989291935291,10.723620343405443
fixed-00000028,330.0,4.0,-9,0.0006357985328828411,10.250559696102783
fixed-00000028,330.0,4.0,-8,0.0015081615093977725,9.754840910694881
fixed-00000028,330.0,4.0,-7,0.0010129175903260922,9.232814767905225
fixed-00000028,330.0,4.0,-6,0.0016137927178449002,8.6797355991839
fixed-00000028,330.0,4.0,-5,0.0032765366816580603,8.089236042823956
fixed-00000028,330.0,4.0,-4,0.003316818856680918,7.452425884783267
fixed-00000028,330.0,4.0,-3,0.005300668375130917,6.756222279782023
fixed-00000028,330.0,4.0,-2,0.013308625655765134,5.9799161810314985
fixed-00000028,330.0,4.0,-1,0.10427919308842287,5.086965666639671
fixed-00000028,330.0,4.0,0,0.01409069167039284,3.999999999999943
fixed-00000028,330.0,4.0,1,0.17052560245451248,2.4754257179255603
fixed-00000028,330.0,4.0,2,0.0,0.0
fixed-00000028,330.0,4.0,3,0.0,0.0
fixed-00000028,330.0,4.0,4,0.0,0.0
fixed-00000028,330.0,4.0,5,0.0,0.0
fixed-00000028,330.0,4.0,6,0.0,0.0
fixed-00000028,330.0,4.0,7,0.0,0.0
fixed-00000028,330.0,4.0,8,0.0,0.0
fixed-00000028,330.0,4.0,9,0.0,0.0
fixed-00000028,330.0,4.0,10,0.0,0.0
fixed-00000028,330.0,4.0,11,0.0,0.0
fixed-00000028,330.0,4.0,12,0.0,0.0
fixed-00000028,330.0,4.0,13,0.0,0.0
fixed-00000028,330.0,4.0,14,0.0,0.0
fixed-00000028,330.0,4.0,15,0.0,0.0
fixed-00000028,330.0,4.0,16,0.0,0.0
fixed-00000028,330.0,4.0,17,0.0,0.0
fixed-00000028,330.0,4.0,18,0.0,0.0
fixed-00000028,330.0,4.0,19,0.0,0.0
fixed-00000028,330.0,4.0,20,0.0,0.0
fixed-00000029,340.0,4.0,-20,0.0002627193922970424,14.443910384212742
fixed-00000029,340.0,4.0,-19,0.000170973696306402,14.104971406638299
fixed-00000029,340.0,4.0,-18,0.00019174564820977275,13.757858124151412
fixed-00000029,340.0,4.0,-17,0.0002569685643420641,13.401935191968363
fixed-00000029,340.0,4.0,-16,0.00021762543722943142,13.036480848951996
fixed-00000029,340.0,4.0,-15,0.00023997087352114772,12.660669518148893
fixed-00000029,340.0,4.0,-14,0.0003835297529273905,12.273549626976305
fixed-00000029,340.0,4.0,-13,0.0003311783360059975,11.87401493674271
fixed-00000029,340.0,4.0,-12,0.0003412715589273518,11.460766897267831
fixed-00000029,340.0,4.0,-11,0.000703227219661907,11.032264333866962
fixed-00000029,340.0,4.0,-10,0.0005398714978462712,10.586654831666635
fixed-00000029,340.0,4.0,-9,0.0006128691422997445,10.121678956186614
fixed-00000029,340.0,4.0,-8,0.0014776926386377784,9.634532883621333
fixed-00000029,340.0,4.0,-7,0.0009586705420658246,9.12166497780018
fixed-00000029,340.0,4.0,-6,0.0015665894238310616,8.578462776597007
fixed-00000029,340.0,4.0,-5,0.0032745415159507133,7.998748233012279
fixed-00000029,340.0,4.0,-4,0.003042395243682023,7.37391453146995
fixed-00000029,340.0,4.0,-3,0.00526959172958498,6.691333557668287
fixed-00000029,340.0,4.0,-2,0.012830069583460188,5.931100707011396
fixed-00000029,340.0,4.0,-1,0.09891705205027111,5.058324079364041
fixed-00000029,340.0,4.0,0,0.015123720350514389,4.000000000000043
fixed-00000029,340.0,4.0,1,0.17294638580444374,2.533381666050957
fixed-00000029,340.0,4.0,2,0.0,0.0
fixed-00000029,340.0,4.0,3,0.0,0.0
fixed-00000029,340.0,4.0,4,0.0,0.0
fixed-00000029,340.0,4.0,5,0.0,0.0
fixed-00000029,340.0,4.0,6,0.0,0.0
fixed-00000029,340.0,4.0,7,0.0,0.0
fixed-00000029,340.0,4.0,8,0.0,0.0
fixed-00000029,340.0,4.0,9,0.0,0.0
fixed-00000029,340.0,4.0,10,0.0,0.0
fixed-00000029,340.0,4.0,11,0.0,0.0
fixed-00000029,340.0,4.0,12,0.0,0.0
fixed-00000029,340.0,4.0,13,0.0,0.0
fixed-00000029,340.0,4.0,14,0.0,0.0
fixed-00000029,340.0,4.0,15,0.0,0.0
fixed-00000029,340.0,4.0,16,0.0,0.0
fixed-00000029,340.0,4.0,17,0.0,0.0
fixed-00000029,340.0,4.0,18,0.0,0.0
fixed-00000029,340.0,4.0,19,0.0,0.0
fixed-00000029,340.0,4.0,20,0.0,0.0
fixed-00000030,350.0,4.0,-20,0.00025351467371500575,14.251197562253566
fixed-00000030,350.0,4.0,-19,0.00016081098588238053,13.917591470478868
fixed-00000030,350.0,4.0,-18,0.00018599004665059772,13.575955646065168
fixed-00000030,350.0,4.0,-17,0.00024482889051097284,13.2256676536188
fixed-00000030,350.0,4.0,-16,0.00020397548886287305,12.866020624889416
fixed-00000030,350.0,4.0,-15,0.00023290372273280117,12.496206306817086
fixed-00000030,350.0,4.0,-14,0.00036437435334707056,12.115293466158093
fixed-00000030,350.0,4.0,-13,0.00031232688851708215,11.722199994673844
fixed-00000030,350.0,4.0,-12,0.0003289798098201593,11.315656312084926
fixed-00000030,350.0,4.0,-11,0.0006727583226041221,10.894156499405454
fixed-00000030,350.0,4.0,-10,0.000512161332886402,10.45589172636997
fixed-00000030,350.0,4.0,-9,0.0005854066289281574,9.998657437886877
fixed-00000030,350.0,4.0,-8,0.0014381892515913713,9.519720429176374
fixed-00000030,350.0,4.0,-7,0.0009000265022534276,9.015622340555609
fixed-00000030,350.0,4.0,-6,0.0015070550738063972,8.48187791167723
fixed-00000030,350.0,4.0,-5,0.003243278586351827,7.9124896307686186
fixed-00000030,350.0,4.0,-4,0.0027564456410451273,7.299120418664657
fixed-00000030,350.0,4.0,-3,0.00519483524393336,6.629573746376295
fixed-00000030,350.0,4.0,-2,0.012264995157187009,5.884705145226178
fixed-00000030,350.0,4.0,-1,0.09299778834429691,5.031170204831909
fixed-00000030,350.0,4.0,0,0.01773256796282871,4.000000000000043
fixed-00000030,350.0,4.0,1,0.17401295947667036,2.586837597448465
fixed-00000030,350.0,4.0,2,0.0,0.0
fixed-00000030,350.0,4.0,3,0.0,0.0
fixed-00000030,350.0,4.0,4,0.0,0.0
fixed-00000030,350.0,4.0,5,0.0,0.0
fixed-00000030,350.0,4.0,6,0.0,0.0
fixed-00000030,350.0,4.0,7,0.0,0.0
fixed-00000030,350.0,4.0,8,0.0,0.0
fixed-00000030,350.0,4.0,9,0.0,0.0
fixed-00000030,350.0,4.0,10,0.0,0.0
fixed-00000030,350.0,4.0,11,0.0,0.0
fixed-00000030,350.0,4.0,12,0.0,0.0
fixed-00000030,350.0,4.0,13,0.0,0.0
fixed-00000030,350.0,4.0,14,0.0,0.0
fixed-00000030,350.0,4.0,15,0.0,0.0
fixed-00000030,350.0,4.0,16,0.0,0.0
fixed-00000030,350.0,4.0,17,0.0,0.0
fixed-00000030,350.0,4.0,18,0.0,0.0
fixed-00000030,350.0,4.0,19,0.0,0.0
fixed-00000030,350.0,4.0,20,0.0,0.0
fixed-00000031,360.0,4.0,-20,0.0002476785691259045,14.066817881848479
fixed-00000031,360.0,4.0,-19,0.000153641107795058,13.738321991396589
fixed-00000031,360.0,4.0,-18,0.0001833368991275599,13.401935191968363
fixed-00000031,360.0,4.0,-17,0.00023648670029860486,13.057047439103869
fixed-00000031,360.0,4.0,-16,0.0001938222266303164,12.702966158118315
fixed-00000031,360.0,4.0,-15,0.00023041283568865626,12.338899720932332
fixed-00000031,360.0,4.0,-14,0.0003508717603726223,11.96393641047473
fixed-00000031,360.0,4.0,-13,0.00029871048673636377,11.577017268486188
fixed-00000031,360.0,4.0,-12,0.0003240118441000324,11.176900501616302
fixed-00000031,360.0,4.0,-11,0.0006518369656644676,10.762113997903853
fixed-00000031,360.0,4.0,-10,0.0004937187365398945,10.330890706572049
fixed-00000031,360.0,4.0,-9,0.0005702252382816808,9.881078656044693
fixed-00000031,360.0,4.0,-8,0.0014179504948683553,9.410012267886245
fixed-00000031,360.0,4.0,-7,0.0008603289297648218,8.914322439446764
fixed-00000031,360.0,4.0,-6,0.0014723012776466722,8.389645509317262
fixed-00000031,360.0,4.0,-5,0.003259304774478969,7.830156313248764
fixed-00000031,360.0,4.0,-4,0.0025210297704219902,7.227774780095132
fixed-00000031,360.0,4.0,-3,0.005192475463224032,6.570714442852491
fixed-00000031,360.0,4.0,-2,0.011846814895911325,5.840549916165145
fixed-00000031,360.0,4.0,-1,0.08779854106330216,5.0053899709427725
fixed-00000031,360.0,4.0,0,0.02196900731139621,4.000000000000043
fixed-00000031,360.0,4.0,1,0.1755649742646919,2.636329350486079
fixed-00000031,360.0,4.0,2,0.0,0.0
fixed-00000031,360.0,4.0,3,0.0,0.0
fixed-00000031,360.0,4.0,4,0.0,0.0
fixed-00000031,360.0,4.0,5,0.0,0.0
fixed-00000031,360.0,4.0,6,0.0,0.0
fixed-00000031,360.0,4.0,7,0.0,0.0
fixed-00000031,360.0,4.0,8,0.0,0.0
fixed-00000031,360.0,4.0,9,0.0,0.0
fixed-00000031,360.0,4.0,10,0.0,0.0
fixed-00000031,360.0,4.0,11,0.0,0.0
fixed-00000031,360.0,4.0,12,0.0,0.0
fixed-00000031,360.0,4.0,13,0.0,0.0
fixed-00000031,360.0,4.0,14,0.0,0.0
fixed-00000031,360.0,4.0,15,0.0,0.0
fixed-00000031,360.0,4.0,16,0.0,0.0
fixed-00000031,360.0,4.0,17,0.0,0.0
fixed-00000031,360.0,4.0,18,0.0,0.0
fixed-00000031,360.0,4.0,19,0.0,0.0
fixed-00000031,360.0,4.0,20,0.0,0.0
fixed-00000032,370.0,4.0,-20,0.00023370476784980536,13.890198270635722
fixed-00000032,370.0,4.0,-19,0.00014201640254202927,13.566605144972584
fixed-00000032,370.0,4.0,-18,0.0001754323208374824,13.235254562125931
fixed-00000032,370.0,4.0,-17,0.00022155295631342783,12.8955483840206
fixed-00000032,370.0,4.0,-16,0.00017839836475779037,12.54680776935885
fixed-00000032,370.0,4.0,-15,0.00022174401285547025,12.188257061712548
fixed-00000032,370.0,4.0,-14,0.000328572535074456,11.819003290626839
fixed-00000032,370.0,4.0,-13,0.0002769392269923784,11.43800973111162
fixed-00000032,370.0,4.0,-12,0.0003115430480234961,11.044061270600096
fixed-00000032,370.0,4.0,-11,0.0006154719530076969,10.635718249445574
fixed-00000032,370.0,4.0,-10,0.0004622703438114452,10.211253708209213
fixed-00000032,370.0,4.0,-9,0.0005445056672329226,9.76856611165097
fixed-00000032,370.0,4.0,-8,0.0013656866199696167,9.30505470888508
fixed-00000032,370.0,4.0,-7,0.0008029122146263011,8.817435895697656
fixed-00000032,370.0,4.0,-6,0.0014133293504873545,8.301462371876582
fixed-00000032,370.0,4.0,-5,0.003214692577562205,7.751473670819763
fixed-00000032,370.0,4.0,-4,0.00226005147463174,7.159634849526611
fixed-00000032,370.0,4.0,-3,0.005112393508147612,6.514549453118931
fixed-00000032,370.0,4.0,-2,0.011321082886486986,5.798473075777991
fixed-00000032,370.0,4.0,-1,0.08155700761680577,4.980880768645008
fixed-00000032,370.0,4.0,0,0.027472209744097448,4.000000000000043
fixed-00000032,370.0,4.0,1,0.17514100058898655,2.6823061129422996
fixed-00000032,370.0,4.0,2,0.0,0.0
fixed-00000032,370.0,4.0,3,0.0,0.0
fixed-00000032,370.0,4.0,4,0.0,0.0
fixed-00000032,370.0,4.0,5,0.0,0.0
fixed-00000032,370.0,4.0,6,0.0,0.0
fixed-00000032,370.0,4.0,7,0.0,0.0
fixed-00000032,370.0,4.0,8,0.0,0.0
fixed-00000032,370.0,4.0,9,0.0,0.0
fixed-00000032,370.0,4.0,10,0.0,0.0
fixed-00000032,370.0,4.0,11,0.0,0.0
fixed-00000032,370.0,4.0,12,0.0,0.0
fixed-00000032,370.0,4.0,13,0.0,0.0
fixed-00000032,370.0,4.0,14,0.0,0.0
fixed-00000032,370.0,4.0,15,0.0,0.0
fixed-00000032,370.0,4.0,16,0.0,0.0
fixed-00000032,370.0,4.0,17,0.0,0.0
fixed-00000032,370.0,4.0,18,0.0,0.0
fixed-00000032,370.0,4.0,19,0.0,0.0
fixed-00000032,370.0,4.0,20,0.0,0.0
fixed-00000033,380.0,4.0,-20,0.00022242031007940977,13.720819169692376
fixed-00000033,380.0,4.0,-19,0.0001325072548130635,13.401935191968363
fixed-00000033,380.0,4.0,-18,0.00016923207907331892,13.075422179669076
fixed-00000033,380.0,4.0,-17,0.00020891058673016416,12.740693447383023
fixed-00000033,380.0,4.0,-16,0.00016539414237390853,12.397083362613174
fixed-00000033,380.0,4.0,-15,0.00021513867423140695,12.043831628706272
fixed-00000033,380.0,4.0,-14,0.0003092224716119574,11.680063301026976
fixed-00000033,380.0,4.0,-13,0.00025842353232740197,11.304763029146713
fixed-00000033,380.0,4.0,-12,0.00030177716493656796,10.916741345033458
fixed-00000033,380.0,4.0,-11,0.0005832261864373824,10.514589772150032
fixed-00000033,380.0,4.0,-10,0.0004354021035034048,10.096619860707108
fixed-00000033,380.0,4.0,-9,0.0005224722920377697,9.660778499992048
fixed-00000033,380.0,4.0,-8,0.0013191480804917786,9.204527144434891
fixed-00000033,380.0,4.0,-7,0.00075294060757775,8.724664167273232
fixed-00000033,380.0,4.0,-6,0.0013603395906929866,8.217053724399236
fixed-00000033,380.0,4.0,-5,0.00317841970633396,7.676192887086515
fixed-00000033,380.0,4.0,-4,0.0020211116843271053,7.094480733772272
fixed-00000033,380.0,4.0,-3,0.005046211144860859,6.460892113517076
fixed-00000033,380.0,4.0,-2,0.010830513120879912,5.758328175331556
fixed-00000033,380.0,4.0,-1,0.07549665780774494,4.957550037925813
fixed-00000033,380.0,4.0,0,0.03430946607106694,4.000000000000043
fixed-00000033,380.0,4.0,1,0.1741865653743124,2.7251481303053993
fixed-00000033,380.0,4.0,2,0.0,0.0
fixed-00000033,380.0,4.0,3,0.0,0.0
fixed-00000033,380.0,4.0,4,0.0,0.0
fixed-00000033,380.0,4.0,5,0.0,0.0
fixed-00000033,380.0,4.0,6,0.0,0.0
fixed-00000033,380.0,4.0,7,0.0,0.0
fixed-00000033,380.0,4.0,8,0.0,0.0
fixed-00000033,380.0,4.0,9,0.0,0.0
fixed-00000033,380.0,4.0,10,0.0,0.0
fixed-00000033,380.0,4.0,11,0.0,0.0
fixed-00000033,380.0,4.0,12,0.0,0.0
fixed-00000033,380.0,4.0,13,0.0,0.0
fixed-00000033,380.0,4.0,14,0.0,0.0
fixed-00000033,380.0,4.0,15,0.0,0.0
fixed-00000033,380.0,4.0,16,0.0,0.0
fixed-00000033,380.0,4.0,17,0.0,0.0
fixed-00000033,380.0,4.0,18,0.0,0.0
fixed-00000033,380.0,4.0,19,0.0,0.0
fixed-00000033,380.0,4.0,20,0.0,0.0
fixed-00000034,390.0,4.0,-20,0.00020918226300497585,13.558208282247051
fixed-00000034,390.0,4.0,-19,0.00012259291165738625,13.243852394778827
fixed-00000034,390.0,4.0,-18,0.00016204248763599258,12.921991178661244
fixed-00000034,390.0,4.0,-17,0.0001951023247639779,12.592048975527604
fixed-00000034,390.0,4.0,-16,0.0001519883829472495,12.253372869543554
fixed-00000034,390.0,4.0,-15,0.00020761038742540607,11.905217349750572
fixed-00000034,390.0,4.0,-14,0.00028861830979582195,11.546724820999572
fixed-00000034,390.0,4.0,-13,0.00023906691770887107,11.17690050161633
fixed-00000034,390.0,4.0,-12,0.0002915346966709966,10.794579595613811
fixed-00000034,390.0,4.0,-11,0.0005485912188224171,10.398383618371724
fixed-00000034,390.0,4.0,-10,0.0004070876025428135,9.986661145214711
fixed-00000034,390.0,4.0,-9,0.0005008133727765448,9.557405601711977
fixed-00000034,390.0,4.0,-8,0.0012664156208427603,9.108138186577165
fixed-00000034,390.0,4.0,-7,0.000703167419353872,8.635735946513421
fixed-00000034,390.0,4.0,-6,0.0013070175950702773,8.136169892284897
fixed-00000034,390.0,4.0,-5,0.0031320302915475006,7.604087921018774
fixed-00000034,390.0,4.0,-4,0.0017962253702108162,7.032112732132049
fixed-00000034,390.0,4.0,-3,0.004974661335595331,6.409572995038175
fixed-00000034,390.0,4.0,-2,0.010358266789734432,5.719982428520552
fixed-00000034,390.0,4.0,-1,0.06934684541901716,4.935314059208693
fixed-00000034,390.0,4.0,0,0.04224322076107907,4.000000000000043
fixed-00000034,390.0,4.0,1,0.17217924444683416,2.7651800627454577
fixed-00000034,390.0,4.0,2,0.0,0.0
fixed-00000034,390.0,4.0,3,0.0,0.0
fixed-00000034,390.0,4.0,4,0.0,0.0
fixed-00000034,390.0,4.0,5,0.0,0.0
fixed-00000034,390.0,4.0,6,0.0,0.0
fixed-00000034,390.0,4.0,7,0.0,0.0
fixed-00000034,390.0,4.0,8,0.0,0.0
fixed-00000034,390.0,4.0,9,0.0,0.0
fixed-00000034,390.0,4.0,10,0.0,0.0
fixed-00000034,390.0,4.0,11,0.0,0.0
fixed-00000034,390.0,4.0,12,0.0,0.0
fixed-00000034,390.0,4.0,13,0.0,0.0
fixed-00000034,390.0,4.0,14,0.0,0.0
fixed-00000034,390.0,4.0,15,0.0,0.0
fixed-00000034,390.0,4.0,16,0.0,0.0
fixed-00000034,390.0,4.0,17,0.0,0.0
fixed-00000034,390.0,4.0,18,0.0,0.0
fixed-00000034,390.0,4.0,19,0.0,0.0
fixed-00000034,390.0,4.0,20,0.0,0.0
fixed-00000035,400.0,4.0,-20,0.0001963081661022462,13.401935191968334
fixed-00000035,400.0,4.0,-19,0.00011351254639842442,13.091937779982686
fixed-00000035,400.0,4.0,-18,0.00015513820598464075,12.774554314257855
fixed-00000035,400.0,4.0,-17,0.00018188854288991304,12.449219763534273
fixed-00000035,400.0,4.0,-16,0.0001396554896872126,12.115293466158093
fixed-00000035,400.0,4.0,-15,0.00020054981244033458,11.772044157333312
fixed-00000035,400.0,4.0,-14,0.00026897267581865746,11.41863095571108
fixed-00000035,400.0,4.0,-13,0.00022111007262570192,11.05407889093172
fixed-00000035,400.0,4.0,-12,0.00028226821603887967,10.677246924869166
fixed-00000035,400.0,4.0,-11,0.0005151857294548257,10.286785444979671
fixed-00000035,400.0,4.0,-10,0.0003807075003581134,9.88107865604465
fixed-00000035,400.0,4.0,-9,0.00048115066017509895,9.458164744734603
fixed-00000035,400.0,4.0,-8,0.001214353370406149,9.015622340555609
fixed-00000035,400.0,4.0,-7,0.000657834923583488,8.550404058348832
fixed-00000035,400.0,4.0,-6,0.0012570225144037607,8.058583440755712
fixed-00000035,400.0,4.0,-5,0.003086787709670526,7.5349529087644385
fixed-00000035,400.0,4.0,-4,0.0015922584676975567,6.972349028947534
fixed-00000035,400.0,4.0,-3,0.004911122583267848,6.360437927763655
fixed-00000035,400.0,4.0,-2,0.009924801696265364,5.683315135192018
fixed-00000035,400.0,4.0,-1,0.06328790901140181,4.9140969160105215
fixed-00000035,400.0,4.0,0,0.05108067509094925,4.000000000000043
fixed-00000035,400.0,4.0,1,0.16877517657827074,2.802681229887611
fixed-00000035,400.0,4.0,2,0.0,0.0
fixed-00000035,400.0,4.0,3,0.0,0.0
fixed-00000035,400.0,4.0,4,0.0,0.0
fixed-00000035,400.0,4.0,5,0.0,0.0
fixed-00000035,400.0,4.0,6,0.0,0.0
fixed-00000035,400.0,4.0,7,0.0,0.0
fixed-00000035,400.0,4.0,8,0.0,0.0
fixed-00000035,400.0,4.0,9,0.0,0.0
fixed-00000035,400.0,4.0,10,0.0,0.0
fixed-00000035,400.0,4.0,11,0.0,0.0
fixed-00000035,400.0,4.0,12,0.0,0.0
fixed-00000035,400.0,4.0,13,0.0,0.0
fixed-00000035,400.0,4.0,14,0.0,0.0
fixed-00000035,400.0,4.0,15,0.0,0.0
fixed-00000035,400.0,4.0,16,0.0,0.0
fixed-00000035,400.0,4.0,17,0.0,0.0
fixed-00000035,400.0,4.0,18,0.0,0.0
fixed-00000035,400.0,4.0,19,0.0,0.0
fixed-00000035,400.0,4.0,20,0.0,0.0
fixed-00000036,410.0,4.0,-20,0.0001875205284036107,13.25160671143152
fixed-00000036,410.0,4.0,-19,0.00010817212987581072,12.945808611381139
fixed-00000036,410.0,4.0,-18,0.00015276466373617348,12.632739563220795
fixed-00000036,410.0,4.0,-17,0.000173590887328467,12.311844786384484
fixed-00000036,410.0,4.0,-16,0.00013223029948023813,11.982495438084868
fixed-00000036,410.0,4.0,-15,0.00019993925112566583,11.64397399180919
fixed-00000036,410.0,4.0,-14,0.00025724060239976077,11.29545568156965
fixed-00000036,410.0,4.0,-13,0.0002104298297702391,10.935984635208442
fixed-00000036,410.0,4.0,-12,0.00028343533649868467,10.564442711720147
fixed-00000036,410.0,4.0,-11,0.0004965016727379841,10.179508116212844
fixed-00000036,410.0,4.0,-10,0.00036580188111006763,9.779599368767236
fixed-00000036,410.0,4.0,-9,0.0004813629725482564,9.362797745675024
fixed-00000036,410.0,4.0,-8,0.0011932626830620473,8.92673712909803
fixed-00000036,410.0,4.0,-7,0.0006331472986828738,8.46844277897803
fixed-00000036,410.0,4.0,-6,0.0012538559462885836,7.984086702197118
fixed-00000036,410.0,4.0,-5,0.0031152982487580444,7.4685999179504705
fixed-00000036,410.0,4.0,-4,0.0014510959391410528,6.915023699498562
fixed-00000036,410.0,4.0,-3,0.004984100974816655,6.313346294075288
fixed-00000036,410.0,4.0,-2,0.009751085384302463,5.648216320416552
fixed-00000036,410.0,4.0,-1,0.057913788032835395,4.893829601074785
fixed-00000036,410.0,4.0,0,0.06027571997043504,4.000000000000043
fixed-00000036,410.0,4.0,1,0.15869613824380888,2.837893584805059
fixed-00000036,410.0,4.0,2,0.002082823819686627,0.3323929222386681
fixed-00000036,410.0,4.0,3,0.0,0.0
fixed-00000036,410.0,4.0,4,0.0,0.0
fixed-00000036,410.0,4.0,5,0.0,0.0
fixed-00000036,410.0,4.0,6,0.0,0.0
fixed-00000036,410.0,4.0,7,0.0,0.0
fixed-00000036,410.0,4.0,8,0.0,0.0
fixed-00000036,410.0,4.0,9,0.0,0.0
fixed-00000036,410.0,4.0,10,0.0,0.0
fixed-00000036,410.0,4.0,11,0.0,0.0
fixed-00000036,410.0,4.0,12,0.0,0.0
fixed-00000036,410.0,4.0,13,0.0,0.0
fixed-00000036,410.0,4.0,14,0.0,0.0
fixed-00000036,410.0,4.0,15,0.0,0.0
fixed-00000036,410.0,4.0,16,0.0,0.0
fixed-00000036,410.0,4.0,17,0.0,0.0
fixed-00000036,410.0,4.0,18,0.0,0.0
fixed-00000036,410.0,4.0,19,0.0,0.0
fixed-00000036,410.0,4.0,20,0.0,0.0
fixed-00000037,420.0,4.0,-20,0.00016979150761744805,13.106862846525061
fixed-00000037,420.0,4.0,-19,9.732316641139031e-05,12.805114462386342
fixed-00000037,420.0,4.0,-18,0.00014292505644040415,12.496206306817086
fixed-00000037,420.0,4.0,-17,0.0001564109307574362,12.17959349512843
fixed-00000037,420.0,4.0,-16,0.00011802918267246846,11.854658593029981
fixed-00000037,420.0,4.0,-15,0.00018891201862989774,11.520697333478978
fixed-00000037,420.0,4.0,-14,0.00023231300681923316,11.176900501616302
fixed-00000037,420.0,4.0,-13,0.0001882869691713684,10.822330651089075
fixed-00000037,420.0,4.0,-12,0.0002693031429978899,10.45589172636997
fixed-00000037,420.0,4.0,-11,0.0004529489229584547,10.076288755900379
fixed-00000037,420.0,4.0,-10,0.00032902098528341623,9.681973335802653
fixed-00000037,420.0,4.0,-9,0.0004570528725770902,9.27106825583462
fixed-00000037,420.0,4.0,-8,0.001113259631608887,8.841260597125114
fixed-00000037,420.0,4.0,-7,0.0005682889097262679,8.389645509317234
fixed-00000037,420.0,4.0,-6,0.0011954951202070292,7.912489630768675
fixed-00000037,420.0,4.0,-5,0.0029942844275279807,7.4048569993797315
fixed-00000037,420.0,4.0,-4,0.0012387610178365063,6.85998498024081
fixed-00000037,420.0,4.0,-3,0.0048539938838853885,6.268169548556969
fixed-00000037,420.0,4.0,-2,0.00924205539732778,5.614585555098117
fixed-00000037,420.0,4.0,-1,0.05123904557030683,4.874449243247412
fixed-00000037,420.0,4.0,0,0.07032507321388419,4.000000000000043
fixed-00000037,420.0,4.0,1,0.15006066385194242,2.871028001785845
fixed-00000037,420.0,4.0,2,0.004493994558689605,0.6990406976807151
fixed-00000037,420.0,4.0,3,0.0,0.0
fixed-00000037,420.0,4.0,4,0.0,0.0
fixed-00000037,420.0,4.0,5,0.0,0.0
fixed-00000037,420.0,4.0,6,0.0,0.0
fixed-00000037,420.0,4.0,7,0.0,0.0
fixed-00000037,420.0,4.0,8,0.0,0.0
fixed-00000037,420.0,4.0,9,0.0,0.0
fixed-00000037,420.0,4.0,10,0.0,0.0
fixed-00000037,420.0,4.0,11,0.0,0.0
fixed-00000037,420.0,4.0,12,0.0,0.0
fixed-00000037,420.0,4.0,13,0.0,0.0
fixed-00000037,420.0,4.0,14,0.0,0.0
fixed-00000037,420.0,4.0,15,0.0,0.0
fixed-00000037,420.0,4.0,16,0.0,0.0
fixed-00000037,420.0,4.0,17,0.0,0.0
fixed-00000037,420.0,4.0,18,0.0,0.0
fixed-00000037,420.0,4.0,19,0.0,0.0
fixed-00000037,420.0,4.0,20,0.0,0.0
fixed-00000038,430.0,4.0,-20,0.0001534377065677537,12.96737328269542
fixed-00000038,430.0,4.0,-19,8.75293041179807e-05,12.669533796208484
fixed-00000038,430.0,4.0,-18,0.00013319049119894528,12.364642007157542
fixed-00000038,430.0,4.0,-17,0.0001400734815449374,12.052162591783855
fixed-00000038,430.0,4.0,-16,0.00010505437352618774,11.731489136876604
fixed-00000038,430.0,4.0,-15,0.00017766942816248982,11.401930182797159
fixed-00000038,430.0,4.0,-14,0.00020810913470581597,11.062691533065163
fixed-00000038,430.0,4.0,-13,0.00016777654568613047,10.712853532213543
fixed-00000038,430.0,4.0,-12,0.0002542891072969798,10.351341443751252
fixed-00000038,430.0,4.0,-11,0.0004095555785501424,9.976886180480477
fixed-00000038,430.0,4.0,-10,0.00029414810703755513,9.587971244288596
fixed-00000038,430.0,4.0,-9,0.0004302372377272061,9.182759450054348
fixed-00000038,430.0,4.0,-8,0.0010297752309955358,8.758989138846587
fixed-00000038,430.0,4.0,-7,0.0005054627113087831,8.313822749096218
fixed-00000038,430.0,4.0,-6,0.0011297635037736788,7.843617934344664
fixed-00000038,430.0,4.0,-5,0.002855175875841526,7.343566490730254
fixed-00000038,430.0,4.0,-4,0.0010381070057082639,6.8070937630128014
fixed-00000038,430.0,4.0,-3,0.0046983817199000594,6.224789929923276
fixed-00000038,430.0,4.0,-2,0.00870165771600495,5.582330930281415
fixed-00000038,430.0,4.0,-1,0.04476677912816373,4.855898436406804
fixed-00000038,430.0,4.0,0,0.08084163728028677,4.000000000000043
fixed-00000038,430.0,4.0,1,0.14210071561735924,2.902269292269864
fixed-00000038,430.0,4.0,2,0.006282543622951723,0.9215465625908905
fixed-00000038,430.0,4.0,3,0.0,0.0
fixed-00000038,430.0,4.0,4,0.0,0.0
fixed-00000038,430.0,4.0,5,0.0,0.0
fixed-00000038,430.0,4.0,6,0.0,0.0
fixed-00000038,430.0,4.0,7,0.0,0.0
fixed-00000038,430.0,4.0,8,0.0,0.0
fixed-00000038,430.0,4.0,9,0.0,0.0
fixed-00000038,430.0,4.0,10,0.0,0.0
fixed-00000038,430.0,4.0,11,0.0,0.0
fixed-00000038,430.0,4.0,12,0.0,0.0
fixed-00000038,430.0,4.0,13,0.0,0.0
fixed-00000038,430.0,4.0,14,0.0,0.0
fixed-00000038,430.0,4.0,15,0.0,0.0
fixed-00000038,430.0,4.0,16,0.0,0.0
fixed-00000038,430.0,4.0,17,0.0,0.0
fixed-00000038,430.0,4.0,18,0.0,0.0
fixed-00000038,430.0,4.0,19,0.0,0.0
fixed-00000038,430.0,4.0,20,0.0,0.0
fixed-00000039,440.0,4.0,-20,0.00013916165066366843,12.832834315133255
fixed-00000039,440.0,4.0,-19,7.951921456704897e-05,12.538770978052682
fixed-00000039,440.0,4.0,-18,0.0001247456715955769,12.237759303340212
fixed-00000039,440.0,4.0,-17,0.00012554282484164122,11.929273211537804
fixed-00000039,440.0,4.0,-16,9.425410349052948e-05,11.612716944258509
fixed-00000039,440.0,4.0,-15,0.00016800774387342626,11.287411421865912
fixed-00000039,440.0,4.0,-14,0.00018638401228911926,10.952576962541741
fixed-00000039,440.0,4.0,-13,0.00015035407635531937,10.607311101353602
fixed-00000039,440.0,4.0,-12,0.00024148101938176433,10.250559696102783
fixed-00000039,440.0,4.0,-11,0.0003700150324302839,9.88107865604465
fixed-00000039,440.0,4.0,-10,0.0002637417822863381,9.49738228221355
fixed-00000039,440.0,4.0,-9,0.0004068783438217746,9.09767200731369
fixed-00000039,440.0,4.0,-8,0.0009518587306341991,8.679735599183942
fixed-00000039,440.0,4.0,-7,0.00044949325457397716,8.240800326776181
fixed-00000039,440.0,4.0,-6,0.0010703010442522226,7.777311442431525
fixed-00000039,440.0,4.0,-5,0.0027223448831020704,7.284583534666609
fixed-00000039,440.0,4.0,-4,0.0008604688058202374,6.756222279782023
fixed-00000039,440.0,4.0,-3,0.00455809799699454,6.183099336276953
fixed-00000039,440.0,4.0,-2,0.008201062467607113,5.551368162118536
fixed-00000039,440.0,4.0,-1,0.038728681426398355,4.838124655002829
fixed-00000039,440.0,4.0,0,0.09191656311323096,4.000000000000043
fixed-00000039,440.0,4.0,1,0.13437041446355957,2.931780248048341
fixed-00000039,440.0,4.0,2,0.007972044571801925,1.0924531720081205
fixed-00000039,440.0,4.0,3,0.0,0.0
fixed-00000039,440.0,4.0,4,0.0,0.0
fixed-00000039,440.0,4.0,5,0.0,0.0
fixed-00000039,440.0,4.0,6,0.0,0.0
fixed-00000039,440.0,4.0,7,0.0,0.0
fixed-00000039,440.0,4.0,8,0.0,0.0
fixed-00000039,440.0,4.0,9,0.0,0.0
fixed-00000039,440.0,4.0,10,0.0,0.0
fixed-00000039,440.0,4.0,11,0.0,0.0
fixed-00000039,440.0,4.0,12,0.0,0.0
fixed-00000039,440.0,4.0,13,0.0,0.0
fixed-00000039,440.0,4.0,14,0.0,0.0
fixed-00000039,440.0,4.0,15,0.0,0.0
fixed-00000039,440.0,4.0,16,0.0,0.0
fixed-00000039,440.0,4.0,17,0.0,0.0
fixed-00000039,440.0,4.0,18,0.0,0.0
fixed-00000039,440.0,4.0,19,0.0,0.0
fixed-00000039,440.0,4.0,20,0.0,0.0
fixed-00000040,450.0,4.0,-20,0.0001248761913720172,12.702966158118315
fixed-00000040,450.0,4.0,-19,7.209992291651283e-05,12.412553656294293
fixed-00000040,450.0,4.0,-18,0.00011613382697985343,12.115293466158121
fixed-00000040,450.0,4.0,-17,0.00011112283158740097,11.81066845284316
fixed-00000040,450.0,4.0,-16,8.434626826220361e-05,11.498093166079101
fixed-00000040,450.0,4.0,-15,0.00015805490300554133,11.17690050161626
fixed-00000040,450.0,4.0,-14,0.00016492296398490662,10.846324815409005
fixed-00000040,450.0,4.0,-13,0.00013406103420025338,10.505480264653997
fixed-00000040,450.0,4.0,-12,0.0002284974331676734,10.153332615240856
fixed-00000040,450.0,4.0,-11,0.00033065726384827574,9.788661932177646
fixed-00000040,450.0,4.0,-10,0.00023444881511699438,9.41001226788633
fixed-00000040,450.0,4.0,-9,0.00038416947739563844,9.015622340555637
fixed-00000040,450.0,4.0,-8,0.0008717008254468136,8.60332760953709
fixed-00000040,450.0,4.0,-7,0.0003950861448512612,8.170417848002046
fixed-00000040,450.0,4.0,-6,0.001012427618397378,7.713422675659928
fixed-00000040,450.0,4.0,-5,0.002577778948566862,7.227774780095174
fixed-00000040,450.0,4.0,-4,0.0006996455190756809,6.707252950125579
fixed-00000040,450.0,4.0,-3,0.00441439766319199,6.142998339829504
fixed-00000040,450.0,4.0,-2,0.007713685140476674,5.521619808342521
fixed-00000040,450.0,4.0,-1,0.03298586232331108,4.821079743384956
fixed-00000040,450.0,4.0,0,0.10316036710094315,4.000000000000043
fixed-00000040,450.0,4.0,1,0.1263488757131975,2.9597049311129666
fixed-00000040,450.0,4.0,2,0.009665849855171238,1.2338425267338948
fixed-00000040,450.0,4.0,3,0.0,0.0
fixed-00000040,450.0,4.0,4,0.0,0.0
fixed-00000040,450.0,4.0,5,0.0,0.0
fixed-00000040,450.0,4.0,6,0.0,0.0
fixed-00000040,450.0,4.0,7,0.0,0.0
fixed-00000040,450.0,4.0,8,0.0,0.0
fixed-00000040,450.0,4.0,9,0.0,0.0
fixed-00000040,450.0,4.0,10,0.0,0.0
fixed-00000040,450.0,4.0,11,0.0,0.0
fixed-00000040,450.0,4.0,12,0.0,0.0
fixed-00000040,450.0,4.0,13,0.0,0.0
fixed-00000040,450.0,4.0,14,0.0,0.0
fixed-00000040,450.0,4.0,15,0.0,0.0
fixed-00000040,450.0,4.0,16,0.0,0.0
fixed-00000040,450.0,4.0,17,0.0,0.0
fixed-00000040,450.0,4.0,18,0.0,0.0
fixed-00000040,450.0,4.0,19,0.0,0.0
fixed-00000040,450.0,4.0,20,0.0,0.0
fixed-00000041,460.0,4.0,-20,0.00011089011616488665,12.577510579407715
fixed-00000041,460.0,4.0,-19,6.517727284645798e-05,12.290630459977635
fixed-00000041,460.0,4.0,-18,0.00010722942989432714,11.997000160210277
fixed-00000041,460.0,4.0,-17,9.69391349389306e-05,11.696111205778067
fixed-00000041,460.0,4.0,-16,7.521385837439809e-05,11.387388125912437
fixed-00000041,460.0,4.0,-15,0.00014745931912822416,11.070175408225822
fixed-00000041,460.0,4.0,-14,0.0001437035094546823,10.743720994389975
fixed-00000041,460.0,4.0,-13,0.00011875805118108441,10.407155124901223
fixed-00000041,460.0,4.0,-12,0.00021445087171217402,10.059462823221452
fixed-00000041,460.0,4.0,-11,0.0002911826585044704,9.699447513130764
fixed-00000041,460.0,4.0,-10,0.00020596561607775694,9.325682005200974
fixed-00000041,460.0,4.0,-9,0.0003601200608334297,8.93644104020727
fixed-00000041,460.0,4.0,-8,0.0007879656617630342,8.529606124486918
fixed-00000041,460.0,4.0,-7,0.00034105015271183024,8.102527331430608
fixed-00000041,460.0,4.0,-6,0.0009519921929307058,7.651815588106331
fixed-00000041,460.0,4.0,-5,0.002414256469364211,7.1730172404364225
fixed-00000041,460.0,4.0,-4,0.0005522376822473662,6.660077368214232
fixed-00000041,460.0,4.0,-3,0.004252783314330103,6.104395321148445
fixed-00000041,460.0,4.0,-2,0.007214074752162747,5.493014580257693
fixed-00000041,460.0,4.0,-1,0.027527392405763768,4.804719468232179
fixed-00000041,460.0,4.0,0,0.114249561556723,4.000000000000043
fixed-00000041,460.0,4.0,1,0.11781272109648812,2.986171373421186
fixed-00000041,460.0,4.0,2,0.011373645219484215,1.3553543387345144
fixed-00000041,460.0,4.0,3,0.0,0.0
fixed-00000041,460.0,4.0,4,0.0,0.0
fixed-00000041,460.0,4.0,5,0.0,0.0
fixed-00000041,460.0,4.0,6,0.0,0.0
fixed-00000041,460.0,4.0,7,0.0,0.0
fixed-00000041,460.0,4.0,8,0.0,0.0
fixed-00000041,460.0,4.0,9,0.0,0.0
fixed-00000041,460.0,4.0,10,0.0,0.0
fixed-00000041,460.0,4.0,11,0.0,0.0
fixed-00000041,460.0,4.0,12,0.0,0.0
fixed-00000041,460.0,4.0,13,0.0,0.0
fixed-00000041,460.0,4.0,14,0.0,0.0
fixed-00000041,460.0,4.0,15,0.0,0.0
fixed-00000041,460.0,4.0,16,0.0,0.0
fixed-00000041,460.0,4.0,17,0.0,0.0
fixed-00000041,460.0,4.0,18,0.0,0.0
fixed-00000041,460.0,4.0,19,0.0,0.0
fixed-00000041,460.0,4.0,20,0.0,0.0
fixed-00000042,470.0,4.0,-20,9.910229749689068e-05,12.456228814270318
fixed-00000042,470.0,4.0,-19,5.989132271918809e-05,12.172768968466443
fixed-00000042,470.0,4.0,-18,9.956130960421403e-05,11.882653470494859
fixed-00000042,470.0,4.0,-17,8.458038431699628e-05,11.585382237029776
fixed-00000042,470.0,4.0,-16,6.811473565585975e-05,11.28038946496281
fixed-00000042,470.0,4.0,-15,0.00013828868808665607,10.967030869800126
fixed-00000042,470.0,4.0,-14,0.00012492721896495174,10.644567549905517
fixed-00000042,470.0,4.0,-13,0.00010642895790629894,10.31214531767661
fixed-00000042,470.0,4.0,-12,0.0002022356254390725,9.968767836736134
fixed-00000042,470.0,4.0,-11,0.0002555644512763885,9.613261133217293
fixed-00000042,470.0,4.0,-10,0.0001818277300710712,9.244225833195756
fixed-00000042,470.0,4.0,-9,0.00033881513673533325,8.85997150158471
fixed-00000042,470.0,4.0,-8,0.0007099857184443877,8.458424131399937
fixed-00000042,470.0,4.0,-7,0.00029304770723162407,8.036992005791461
fixed-00000042,470.0,4.0,-6,0.0008968451481868928,7.592364458324127
fixed-00000042,470.0,4.0,-5,0.002255361810734819,7.12019728699272
fixed-00000042,470.0,4.0,-4,0.0004247498846360715,6.614595409808928
fixed-00000042,470.0,4.0,-3,0.00410277135914286,6.067205706207318
fixed-00000042,470.0,4.0,-2,0.006746981551297875,5.465486736837221
fixed-00000042,470.0,4.0,-1,0.022553718820841277,4.789003125134016
fixed-00000042,470.0,4.0,0,0.12549846614894203,4.000000000000043
fixed-00000042,470.0,4.0,1,0.10927941746589032,3.011293809692063
fixed-00000042,470.0,4.0,2,0.013124292843463597,1.462265398478209
fixed-00000042,470.0,4.0,3,0.0,0.0
fixed-00000042,470.0,4.0,4,0.0,0.0
fixed-00000042,470.0,4.0,5,0.0,0.0
fixed-00000042,470.0,4.0,6,0.0,0.0
fixed-00000042,470.0,4.0,7,0.0,0.0
fixed-00000042,470.0,4.0,8,0.0,0.0
fixed-00000042,470.0,4.0,9,0.0,0.0
fixed-00000042,470.0,4.0,10,0.0,0.0
fixed-00000042,470.0,4.0,11,0.0,0.0
fixed-00000042,470.0,4.0,12,0.0,0.0
fixed-00000042,470.0,4.0,13,0.0,0.0
fixed-00000042,470.0,4.0,14,0.0,0.0
fixed-00000042,470.0,4.0,15,0.0,0.0
fixed-00000042,470.0,4.0,16,0.0,0.0
fixed-00000042,470.0,4.0,17,0.0,0.0
fixed-00000042,470.0,4.0,18,0.0,0.0
fixed-00000042,470.0,4.0,19,0.0,0.0
fixed-00000042,470.0,4.0,20,0.0,0.0
fixed-00000043,480.0,4.0,-20,8.816307909067133e-05,12.338899720932332
fixed-00000043,480.0,4.0,-19,5.575061576553635e-05,12.058753916039905
fixed-00000043,480.0,4.0,-18,9.238652709886441e-05,11.772044157333369
fixed-00000043,480.0,4.0,-17,7.307407242605169e-05,11.478278496429667
fixed-00000043,480.0,4.0,-16,6.260556742447301e-05,11.176900501616302
fixed-00000043,480.0,4.0,-15,0.00012971664917797273,10.867276770488644
fixed-00000043,480.0,4.0,-14,0.0001074545197883685,10.548681150469449
fixed-00000043,480.0,4.0,-13,9.641245431818619e-05,10.220274539944285
fixed-00000043,480.0,4.0,-12,0.00019118741931054698,9.881078656044693
fixed-00000043,480.0,4.0,-11,0.0002221711593867925,9.529941408533489
fixed-00000043,480.0,4.0,-10,0.00016092311304992315,9.165490343367907
fixed-00000043,480.0,4.0,-9,0.00032062500790437355,8.786068711064956
fixed-00000043,480.0,4.0,-8,0.000634794493243934,8.389645509317262
fixed-00000043,480.0,4.0,-7,0.0002495958126930898,7.973685246153153
fixed-00000043,480.0,4.0,-6,0.0008492672507403376,7.534952908764538
fixed-00000043,480.0,4.0,-5,0.0020963069967361078,7.069209758944453
fixed-00000043,480.0,4.0,-4,0.0003168771157336113,6.570714442852491
fixed-00000043,480.0,4.0,-3,0.003969203285621827,6.03135129215535
fixed-00000043,480.0,4.0,-2,0.006319907425178686,5.438975549640787
fixed-00000043,480.0,4.0,-1,0.018060573722390713,4.773893191801832
fixed-00000043,480.0,4.0,0,0.13670247630654916,4.000000000000128
fixed-00000043,480.0,4.0,1,0.10077902321601322,3.035174537183508
fixed-00000043,480.0,4.0,2,0.014959488135185918,1.5578535504268984
fixed-00000043,480.0,4.0,3,0.0,0.0
fixed-00000043,480.0,4.0,4,0.0,0.0
fixed-00000043,480.0,4.0,5,0.0,0.0
fixed-00000043,480.0,4.0,6,0.0,0.0
fixed-00000043,480.0,4.0,7,0.0,0.0
fixed-00000043,480.0,4.0,8,0.0,0.0
fixed-00000043,480.0,4.0,9,0.0,0.0
fixed-00000043,480.0,4.0,10,0.0,0.0
fixed-00000043,480.0,4.0,11,0.0,0.0
fixed-00000043,480.0,4.0,12,0.0,0.0
fixed-00000043,480.0,4.0,13,0.0,0.0
fixed-00000043,480.0,4.0,14,0.0,0.0
fixed-00000043,480.0,4.0,15,0.0,0.0
fixed-00000043,480.0,4.0,16,0.0,0.0
fixed-00000043,480.0,4.0,17,0.0,0.0
fixed-00000043,480.0,4.0,18,0.0,0.0
fixed-00000043,480.0,4.0,19,0.0,0.0
fixed-00000043,480.0,4.0,20,0.0,0.0
fixed-00000044,490.0,4.0,-20,7.58426786164954e-05,12.225318145104808
fixed-00000044,490.0,4.0,-19,5.089899550372106e-05,11.948385599975978
fixed-00000044,490.0,4.0,-18,8.332840335503844e-05,11.66497810905598
fixed-00000044,490.0,4.0,-17,6.059327142343895e-05,11.374611615381397
fixed-00000044,490.0,4.0,-16,5.669264926203155e-05,11.076738776861475
fixed-00000044,490.0,4.0,-15,0.00011825285318647072,10.770736744273435
fixed-00000044,490.0,4.0,-14,8.857549856850232e-05,10.455891726370012
fixed-00000044,490.0,4.0,-13,8.577881458403192e-05,10.131379245325505
fixed-00000044,490.0,4.0,-12,0.0001758472974530731,9.796238513755625
fixed-00000044,490.0,4.0,-11,0.00018576588956578565,9.449338641416006
fixed-00000044,490.0,4.0,-10,0.00013836325005698436,9.089333242301052
fixed-00000044,490.0,4.0,-9,0.0002968946952999018,8.714598169784495
fixed-00000044,490.0,4.0,-8,0.0005488846172784462,8.323144017155428
fixed-00000044,490.0,4.0,-7,0.0002027734757263764,7.9124896307686186
fixed-00000044,490.0,4.0,-6,0.0007928672747390621,7.479473036402908
fixed-00000044,490.0,4.0,-5,0.0018950642504707534,7.019957174357458
fixed-00000044,490.0,4.0,-4,0.00021867729642676683,6.528348627774008
fixed-00000044,490.0,4.0,-3,0.003789358335013469,5.996759649897882
fixed-00000044,490.0,4.0,-2,0.0058321094599542,5.413424829013778
fixed-00000044,490.0,4.0,-1,0.013879795465960758,4.7593550215627545
fixed-00000044,490.0,4.0,0,0.146343414881237,4.000000000000128
fixed-00000044,490.0,4.0,1,0.09145095603722389,3.057905474932099
fixed-00000044,490.0,4.0,2,0.016768705255892132,1.6443284594506906
fixed-00000044,490.0,4.0,3,0.0,0.0
fixed-00000044,490.0,4.0,4,0.0,0.0
fixed-00000044,490.0,4.0,5,0.0,0.0
fixed-00000044,490.0,4.0,6,0.0,0.0
fixed-00000044,490.0,4.0,7,0.0,0.0
fixed-00000044,490.0,4.0,8,0.0,0.0
fixed-00000044,490.0,4.0,9,0.0,0.0
fixed-00000044,490.0,4.0,10,0.0,0.0
fixed-00000044,490.0,4.0,11,0.0,0.0
fixed-00000044,490.0,4.0,12,0.0,0.0
fixed-00000044,490.0,4.0,13,0.0,0.0
fixed-00000044,490.0,4.0,14,0.0,0.0
fixed-00000044,490.0,4.0,15,0.0,0.0
fixed-00000044,490.0,4.0,16,0.0,0.0
fixed-00000044,490.0,4.0,17,0.0,0.0
fixed-00000044,490.0,4.0,18,0.0,0.0
fixed-00000044,490.0,4.0,19,0.0,0.0
fixed-00000044,490.0,4.0,20,0.0,0.0
fixed-00000045,500.0,4.0,-20,6.493218852362585e-05,12.115293466158121
fixed-00000045,500.0,4.0,-19,4.6586932444050226e-05,11.8414784654246
fixed-00000045,500.0,4.0,-18,7.436222855645098e-05,11.561274966505863
fixed-00000045,500.0,4.0,-17,4.938061417840063e-05,11.274206572013128
fixed-00000045,500.0,4.0,-16,5.162721994986378e-05,10.979734761202295
fixed-00000045,500.0,4.0,-15,0.00010643094382989404,10.677246924869209
fixed-00000045,500.0,4.0,-14,7.125382286896382e-05,10.366041263914951
fixed-00000045,500.0,4.0,-13,7.6558051531369e-05,10.045307484204272
fixed-00000045,500.0,4.0,-12,0.00015928962136209167,9.714101762495858
fixed-00000045,500.0,4.0,-11,0.00015138700737554763,9.371313757611418
fixed-00000045,500.0,4.0,-10,0.00011803119319267248,9.01562234055568
fixed-00000045,500.0,4.0,-9,0.0002704881557812576,8.645434936834732
fixed-00000045,500.0,4.0,-8,0.00046363459623061977,8.258802394264194
fixed-00000045,500.0,4.0,-7,0.0001590901288261763,7.85329610268785
fixed-00000045,500.0,4.0,-6,0.0007311903116623356,7.425824639985038
fixed-00000045,500.0,4.0,-5,0.0016782264736635614,6.972349028947647
fixed-00000045,500.0,4.0,-4,0.00013562352391449555,6.487418295723927
fixed-00000045,500.0,4.0,-3,0.003581153953753315,5.96336359338612
fixed-00000045,500.0,4.0,-2,0.0053109576916693215,5.388782503478367
fixed-00000045,500.0,4.0,-1,0.010198860065991874,4.745356571759629
fixed-00000045,500.0,4.0,0,0.1546740916475692,4.000000000000128
fixed-00000045,500.0,4.0,1,0.08178991240927268,3.07956947893598
fixed-00000045,500.0,4.0,2,0.018492024460976787,1.7232677700620371
fixed-00000045,500.0,4.0,3,0.0,0.0
fixed-00000045,500.0,4.0,4,0.0,0.0
fixed-00000045,500.0,4.0,5,0.0,0.0
fixed-00000045,500.0,4.0,6,0.0,0.0
fixed-00000045,500.0,4.0,7,0.0,0.0
fixed-00000045,500.0,4.0,8,0.0,0.0
fixed-00000045,500.0,4.0,9,0.0,0.0
fixed-00000045,500.0,4.0,10,0.0,0.0
fixed-00000045,500.0,4.0,11,0.0,0.0
fixed-00000045,500.0,4.0,12,0.0,0.0
fixed-00000045,500.0,4.0,13,0.0,0.0
fixed-00000045,500.0,4.0,14,0.0,0.0
fixed-00000045,500.0,4.0,15,0.0,0.0
fixed-00000045,500.0,4.0,16,0.0,0.0
fixed-00000045,500.0,4.0,17,0.0,0.0
fixed-00000045,500.0,4.0,18,0.0,0.0
fixed-00000045,500.0,4.0,19,0.0,0.0
fixed-00000045,500.0,4.0,20,0.0,0.0
fixed-00000046,510.0,4.0,-20,5.482093631492146e-05,12.00864830157974
fixed-00000046,510.0,4.0,-19,4.2249145717676594e-05,11.73785984433411
fixed-00000046,510.0,4.0,-18,6.50395936463135e-05,11.46076689726786
fixed-00000046,510.0,4.0,-17,3.9119356200296244e-05,11.17690050161626
fixed-00000046,510.0,4.0,-16,4.680635396139998e-05,10.885730702301743
fixed-00000046,510.0,4.0,-15,9.36345236077876e-05,10.586654831666607
fixed-00000046,510.0,4.0,-14,5.5204297160391754e-05,10.278982730887435
fixed-00000046,510.0,4.0,-13,6.794851299866993e-05,9.961917870049362
fixed-00000046,510.0,4.0,-12,0.0001406288196417668,9.63453288362129
fixed-00000046,510.0,4.0,-11,0.00011868441448007246,9.295737359102532
fixed-00000046,510.0,4.0,-10,9.899432674722592e-05,8.944234651595096
fixed-00000046,510.0,4.0,-9,0.0002400273979591272,8.578462776597007
fixed-00000046,510.0,4.0,-8,0.0003783166438762764,8.19651155890179
fixed-00000046,510.0,4.0,-7,0.00011826308204322936,7.796003222671089
fixed-00000046,510.0,4.0,-6,0.0006614701889770703,7.373914531470007
fixed-00000046,510.0,4.0,-5,0.0014425142536765446,6.926301171313213
fixed-00000046,510.0,4.0,-4,6.929732567977156e-05,6.447849394706807
fixed-00000046,510.0,4.0,-3,0.0033317813786499888,5.931100707011325
fixed-00000046,510.0,4.0,-2,0.004739672155512039,5.3650002454304655
fixed-00000046,510.0,4.0,-1,0.0070559217282375065,4.731868162490429
fixed-00000046,510.0,4.0,0,0.1609094501916396,3.999999999999943
fixed-00000046,510.0,4.0,1,0.07176299124814742,3.100241457700733
fixed-00000046,510.0,4.0,2,0.02002776718790523,1.7958468702815367
fixed-00000046,510.0,4.0,3,0.0,0.0
fixed-00000046,510.0,4.0,4,0.0,0.0
fixed-00000046,510.0,4.0,5,0.0,0.0
fixed-00000046,510.0,4.0,6,0.0,0.0
fixed-00000046,510.0,4.0,7,0.0,0.0
fixed-00000046,510.0,4.0,8,0.0,0.0
fixed-00000046,510.0,4.0,9,0.0,0.0
fixed-00000046,510.0,4.0,10,0.0,0.0
fixed-00000046,510.0,4.0,11,0.0,0.0
fixed-00000046,510.0,4.0,12,0.0,0.0
fixed-00000046,510.0,4.0,13,0.0,0.0
fixed-00000046,510.0,4.0,14,0.0,0.0
fixed-00000046,510.0,4.0,15,0.0,0.0
fixed-00000046,510.0,4.0,16,0.0,0.0
fixed-00000046,510.0,4.0,17,0.0,0.0
fixed-00000046,510.0,4.0,18,0.0,0.0
fixed-00000046,510.0,4.0,19,0.0,0.0
fixed-00000046,510.0,4.0,20,0.0,0.0
fixed-00000047,520.0,4.0,-20,4.920853272903019e-05,11.905217349750558
fixed-00000047,520.0,4.0,-19,3.95210778892931e-05,11.637368829002952
fixed-00000047,520.0,4.0,-18,5.8514980493879924e-05,11.363297500741439
fixed-00000047,520.0,4.0,-17,3.2375483957152064e-05,11.08254163405276
fixed-00000047,520.0,4.0,-16,4.358373991969323e-05,10.794579595613783
fixed-00000047,520.0,4.0,-15,8.41569151782111e-05,10.498818374569126
fixed-00000047,520.0,4.0,-14,4.380808199948664e-05,10.194579116674106
fixed-00000047,520.0,4.0,-13,6.200346524875788e-05,9.881078656044693
fixed-00000047,520.0,4.0,-12,0.00012537144206049353,9.557405601711935
fixed-00000047,520.0,4.0,-11,9.388418415705179e-05,9.222488878015653
fixed-00000047,520.0,4.0,-10,8.50975652700078e-05,8.875055586881174
fixed-00000047,520.0,4.0,-9,0.00021075994337092015,8.513573397092799
fixed-00000047,520.0,4.0,-8,0.00030993167796913455,8.136169892284855
fixed-00000047,520.0,4.0,-7,8.67602454761081e-05,7.740516501892586
fixed-00000047,520.0,4.0,-6,0.0005892469370229042,7.32365592105198
fixed-00000047,520.0,4.0,-5,0.00124077046315342,6.881735244987794
fixed-00000047,520.0,4.0,-4,2.4993924064328548e-05,6.409572995038118
fixed-00000047,520.0,4.0,-3,0.0030807613177598336,5.899912923755764
fixed-00000047,520.0,4.0,-2,0.004200498767211545,5.342033137263584
fixed-00000047,520.0,4.0,-1,0.004584637602300634,4.718862261789724
fixed-00000047,520.0,4.0,0,0.16691915700511528,3.999999999999943
fixed-00000047,520.0,4.0,1,0.062227854721080327,3.1199893233792295
fixed-00000047,520.0,4.0,2,0.02128638213411279,1.8629706538812485
fixed-00000047,520.0,4.0,3,0.0,0.0
fixed-00000047,520.0,4.0,4,0.0,0.0
fixed-00000047,520.0,4.0,5,0.0,0.0
fixed-00000047,520.0,4.0,6,0.0,0.0
fixed-00000047,520.0,4.0,7,0.0,0.0
fixed-00000047,520.0,4.0,8,0.0,0.0
fixed-00000047,520.0,4.0,9,0.0,0.0
fixed-00000047,520.0,4.0,10,0.0,0.0
fixed-00000047,520.0,4.0,11,0.0,0.0
fixed-00000047,520.0,4.0,12,0.0,0.0
fixed-00000047,520.0,4.0,13,0.0,0.0
fixed-00000047,520.0,4.0,14,0.0,0.0
fixed-00000047,520.0,4.0,15,0.0,0.0
fixed-00000047,520.0,4.0,16,0.0,0.0
fixed-00000047,520.0,4.0,17,0.0,0.0
fixed-00000047,520.0,4.0,18,0.0,0.0
fixed-00000047,520.0,4.0,19,0.0,0.0
fixed-00000047,520.0,4.0,20,0.0,0.0
fixed-00000048,530.0,4.0,-20,5.2693430856112715e-05,11.804846353924574
fixed-00000048,530.0,4.0,-19,4.460289112206804e-05,11.539855263600288
fixed-00000048,530.0,4.0,-18,6.03069077264402e-05,11.268720827871178
fixed-00000048,530.0,4.0,-17,3.220562904431937e-05,10.990988342425112
fixed-00000048,530.0,4.0,-16,4.884974935596729e-05,10.706144262791852
fixed-00000048,530.0,4.0,-15,8.674965968984459e-05,10.413604963019466
fixed-00000048,530.0,4.0,-14,4.111488892524103e-05,10.112702572883805
fixed-00000048,530.0,4.0,-13,6.844369472945465e-05,9.802666908387508
fixed-00000048,530.0,4.0,-12,0.0001287871764731656,9.48260209177191
fixed-00000048,530.0,4.0,-11,8.51420280451494e-05,9.151455819110154
fixed-00000048,530.0,4.0,-10,9.025628495035538e-05,8.80797823524668
fixed-00000048,530.0,4.0,-9,0.00021166920870833845,8.450665768094211
fixed-00000048,530.0,4.0,-8,0.00028238114751715784,8.077682597631096
fixed-00000048,530.0,4.0,-7,7.983789007944094e-05,7.686747804566139
fixed-00000048,530.0,4.0,-6,0.000576720680485701,7.2749678666584
fixed-00000048,530.0,4.0,-5,0.0011663789140419598,6.838578189041442
fixed-00000048,530.0,4.0,-4,7.3723992690007705e-06,6.37252484677397
fixed-00000048,530.0,4.0,-3,0.0030689904844038445,5.869746147798878
fixed-00000048,530.0,4.0,-2,0.004032191769731875,5.319839372881049
fixed-00000048,530.0,4.0,-1,0.002937176119860294,4.706313293920829
fixed-00000048,530.0,4.0,0,0.1798569214743853,4.000000000000043
fixed-00000048,530.0,4.0,1,0.05577627078443896,3.138874806668909
fixed-00000048,530.0,4.0,2,0.02333420712588503,1.9253541332400914
fixed-00000048,530.0,4.0,3,0.0,0.0
fixed-00000048,530.0,4.0,4,0.0,0.0
fixed-00000048,530.0,4.0,5,0.0,0.0
fixed-00000048,530.0,4.0,6,0.0,0.0
fixed-00000048,530.0,4.0,7,0.0,0.0
fixed-00000048,530.0,4.0,8,0.0,0.0
fixed-00000048,530.0,4.0,9,0.0,0.0
fixed-00000048,530.0,4.0,10,0.0,0.0
fixed-00000048,530.0,4.0,11,0.0,0.0
fixed-00000048,530.0,4.0,12,0.0,0.0
fixed-00000048,530.0,4.0,13,0.0,0.0
fixed-00000048,530.0,4.0,14,0.0,0.0
fixed-00000048,530.0,4.0,15,0.0,0.0
fixed-00000048,530.0,4.0,16,0.0,0.0
fixed-00000048,530.0,4.0,17,0.0,0.0
fixed-00000048,530.0,4.0,18,0.0,0.0
fixed-00000048,530.0,4.0,19,0.0,0.0
fixed-00000048,530.0,4.0,20,0.0,0.0
fixed-00000049,540.0,4.0,-20,5.179553457195944e-05,11.707391172695964
fixed-00000049,540.0,4.0,-19,4.787357360814617e-05,11.445178839332968
fixed-00000049,540.0,4.0,-18,5.7925768511614235e-05,11.176900501616302
fixed-00000049,540.0,4.0,-17,2.9704704748747006e-05,10.902108289504397
fixed-00000049,540.0,4.0,-16,5.320221400425376e-05,10.620296524793474
fixed-00000049,540.0,4.0,-15,8.354858418959563e-05,10.33089070657202
fixed-00000049,540.0,4.0,-14,3.562375747950177e-05,10.033233642263525
fixed-00000049,540.0,4.0,-13,7.393573711401726e-05,9.726567764525285
fixed-00000049,540.0,4.0,-12,0.00012485106825949505,9.410012267886245
fixed-00000049,540.0,4.0,-11,7.122407411725816e-05,9.08253308010309
fixed-00000049,540.0,4.0,-10,9.399026872968481e-05,8.742902716320742
fixed-00000049,540.0,4.0,-9,0.00020675067702931917,8.389645509317262
fixed-00000049,540.0,4.0,-8,0.00023763054833434057,8.020961125094075
fixed-00000049,540.0,4.0,-7,7.143411435185212e-05,7.634614812005779
fixed-00000049,540.0,4.0,-6,0.0005610525088830401,7.227774780095174
fixed-00000049,540.0,4.0,-5,0.0010230777784713146,6.796761790119547
fixed-00000049,540.0,4.0,-4,1.0012114000583616e-08,6.336644982795491
fixed-00000049,540.0,4.0,-3,0.0030029231458149077,5.840549916165088
fixed-00000049,540.0,4.0,-2,0.0037518265386115904,5.298379990270192
fixed-00000049,540.0,4.0,-1,0.001724494384963043,4.694197467919281
fixed-00000049,540.0,4.0,0,0.18839796826913865,4.000000000000043
fixed-00000049,540.0,4.0,1,0.048480899984913804,3.1569541581493326
fixed-00000049,540.0,4.0,2,0.025356006893414863,1.9835743440105915
fixed-00000049,540.0,4.0,3,0.0,0.0
fixed-00000049,540.0,4.0,4,0.0,0.0
fixed-00000049,540.0,4.0,5,0.0,0.0
fixed-00000049,540.0,4.0,6,0.0,0.0
fixed-00000049,540.0,4.0,7,0.0,0.0
fixed-00000049,540.0,4.0,8,0.0,0.0
fixed-00000049,540.0,4.0,9,0.0,0.0
fixed-00000049,540.0,4.0,10,0.0,0.0
fixed-00000049,540.0,4.0,11,0.0,0.0
fixed-00000049,540.0,4.0,12,0.0,0.0
fixed-00000049,540.0,4.0,13,0.0,0.0
fixed-00000049,540.0,4.0,14,0.0,0.0
fixed-00000049,540.0,4.0,15,0.0,0.0
fixed-00000049,540.0,4.0,16,0.0,0.0
fixed-00000049,540.0,4.0,17,0.0,0.0
fixed-00000049,540.0,4.0,18,0.0,0.0
fixed-00000049,540.0,4.0,19,0.0,0.0
fixed-00000049,540.0,4.0,20,0.0,0.0
fixed-00000050,550.0,4.0,-20,5.1607562177146885e-05,11.612716944258466
fixed-00000050,550.0,4.0,-19,5.029904790696778e-05,11.353208280905505
fixed-00000050,550.0,4.0,-18,5.507445964497187e-05,11.087708926153098
fixed-00000050,550.0,4.0,-17,2.799553529575279e-05,10.81577766026615
fixed-00000050,550.0,4.0,-16,5.6665633062434384e-05,10.536916458396973
fixed-00000050,550.0,4.0,-15,7.916589785305601e-05,10.250559696102755
fixed-00000050,550.0,4.0,-14,3.114961087457073e-05,9.956060565391013
fixed-00000050,550.0,4.0,-13,7.847871295188701e-05,9.652673766211109
fixed-00000050,550.0,4.0,-12,0.00011801508498996801,9.339533143629737
fixed-00000050,550.0,4.0,-11,5.866249845275919e-05,9.015622340555552
fixed-00000050,550.0,4.0,-10,9.707062939618211e-05,8.679735599183942
fixed-00000050,550.0,4.0,-9,0.00019489109548875448,8.33042434034833
fixed-00000050,550.0,4.0,-8,0.00019349153620909463,7.965922654739103
fixed-00000050,550.0,4.0,-7,6.433426212403528e-05,7.58404054079962
fixed-00000050,550.0,4.0,-6,0.0005301689911622085,7.182005983087052
fixed-00000050,550.0,4.0,-5,0.0008655890691722179,6.756222279782023
fixed-00000050,550.0,4.0,-4,7.87347049408256e-06,6.30187736209605
fixed-00000050,550.0,4.0,-3,0.0028790994097265925,5.812277094742029
fixed-00000050,550.0,4.0,-2,0.00340729180282141,5.277618631405375
fixed-00000050,550.0,4.0,-1,0.0010471548646397105,4.682492623926009
fixed-00000050,550.0,4.0,0,0.19445720564624044,4.000000000000043
fixed-00000050,550.0,4.0,1,0.04098280654099112,3.174278754446547
fixed-00000050,550.0,4.0,2,0.026977299908408303,2.038105178627262
fixed-00000050,550.0,4.0,3,0.0,0.0
fixed-00000050,550.0,4.0,4,0.0,0.0
fixed-00000050,550.0,4.0,5,0.0,0.0
fixed-00000050,550.0,4.0,6,0.0,0.0
fixed-00000050,550.0,4.0,7,0.0,0.0
fixed-00000050,550.0,4.0,8,0.0,0.0
fixed-00000050,550.0,4.0,9,0.0,0.0
fixed-00000050,550.0,4.0,10,0.0,0.0
fixed-00000050,550.0,4.0,11,0.0,0.0
fixed-00000050,550.0,4.0,12,0.0,0.0
fixed-00000050,550.0,4.0,13,0.0,0.0
fixed-00000050,550.0,4.0,14,0.0,0.0
fixed-00000050,550.0,4.0,15,0.0,0.0
fixed-00000050,550.0,4.0,16,0.0,0.0
fixed-00000050,550.0,4.0,17,0.0,0.0
fixed-00000050,550.0,4.0,18,0.0,0.0
fixed-00000050,550.0,4.0,19,0.0,0.0
fixed-00000050,550.0,4.0,20,0.0,0.0
fixed-00000051,560.0,4.0,-20,5.460984907141773e-05,11.520697333479006
fixed-00000051,560.0,4.0,-19,5.553306070594057e-05,11.26382061358683
fixed-00000051,560.0,4.0,-18,5.435988176355028e-05,11.001026574425026
fixed-00000051,560.0,4.0,-17,2.910778046359939e-05,10.731880470457497
fixed-00000051,560.0,4.0,-16,6.365863595901241e-05,10.45589172636997
fixed-00000051,560.0,4.0,-15,7.77959626262914e-05,10.172503356222151
fixed-00000051,560.0,4.0,-14,3.0348629366026557e-05,9.881078656044693
fixed-00000051,560.0,4.0,-13,8.857540447231877e-05,9.580884258625872
fixed-00000051,560.0,4.0,-12,0.00011592801802152515,9.27106825583462
fixed-00000051,560.0,4.0,-11,5.21684275553473e-05,8.950631511301339
fixed-00000051,560.0,4.0,-10,0.0001093313600411284,8.618389378622567
fixed-00000051,560.0,4.0,-9,0.0001918662432928234,8.27291958508114
fixed-00000051,560.0,4.0,-8,0.00016144883667848544,7.9124896307686186
fixed-00000051,560.0,4.0,-7,6.989337959259004e-05,7.5349529087644385
fixed-00000051,560.0,4.0,-6,0.0005187441030424743,7.137595307370333
fixed-00000051,560.0,4.0,-5,0.0007317346497670927,6.71689997183698
fixed-00000051,560.0,4.0,-4,3.06154711337411e-05,6.268169548557026
fixed-00000051,560.0,4.0,-3,0.002818830479024074,5.784883604631474
fixed-00000051,560.0,4.0,-2,0.0031376283297746476,5.257521326257304
fixed-00000051,560.0,4.0,-1,0.0009702200038570904,4.671178095187116
fixed-00000051,560.0,4.0,0,0.20136268371799015,4.000000000000043
fixed-00000051,560.0,4.0,1,0.03435249636384821,3.1908956242289577
fixed-00000051,560.0,4.0,2,0.028852030445748886,2.089341578597498
fixed-00000051,560.0,4.0,3,0.0,0.0
fixed-00000051,560.0,4.0,4,0.0,0.0
fixed-00000051,560.0,4.0,5,0.0,0.0
fixed-00000051,560.0,4.0,6,0.0,0.0
fixed-00000051,560.0,4.0,7,0.0,0.0
fixed-00000051,560.0,4.0,8,0.0,0.0
fixed-00000051,560.0,4.0,9,0.0,0.0
fixed-00000051,560.0,4.0,10,0.0,0.0
fixed-00000051,560.0,4.0,11,0.0,0.0
fixed-00000051,560.0,4.0,12,0.0,0.0
fixed-00000051,560.0,4.0,13,0.0,0.0
fixed-00000051,560.0,4.0,14,0.0,0.0
fixed-00000051,560.0,4.0,15,0.0,0.0
fixed-00000051,560.0,4.0,16,0.0,0.0
fixed-00000051,560.0,4.0,17,0.0,0.0
fixed-00000051,560.0,4.0,18,0.0,0.0
fixed-00000051,560.0,4.0,19,0.0,0.0
fixed-00000051,560.0,4.0,20,0.0,0.0
fixed-00000052,570.0,4.0,-20,5.592295881210683e-05,11.43121385226128
fixed-00000052,570.0,4.0,-19,5.833538413610507e-05,11.17690050161626
fixed-00000052,570.0,4.0,-18,5.1692866493592534e-05,10.916741345033486
fixed-00000052,570.0,4.0,-17,2.989683342653565e-05,10.650307942455399
fixed-00000052,570.0,4.0,-16,6.83253947966012e-05,10.377116972823487
fixed-00000052,570.0,4.0,-15,7.332514881310857e-05,10.096619860707065
fixed-00000052,570.0,4.0,-14,2.9711085828761433e-05,9.80818973735775
fixed-00000052,570.0,4.0,-13,9.590279235005463e-05,9.511104847972902
fixed-00000052,570.0,4.0,-12,0.00010864088272528363,9.204527144434849
fixed-00000052,570.0,4.0,-11,4.6163216171309983e-05,8.887474237458349
fixed-00000052,570.0,4.0,-10,0.00011896244675953429,8.558782002362335
fixed-00000052,570.0,4.0,-9,0.00018020103425733853,8.217053724399236
fixed-00000052,570.0,4.0,-8,0.0001280611836205809,7.860589341106007
fixed-00000052,570.0,4.0,-7,7.751001746898163e-05,7.487284343186758
fixed-00000052,570.0,4.0,-6,0.0004922049706760135,7.094480733772272
fixed-00000052,570.0,4.0,-5,0.0005754936570043146,6.678738935066164
fixed-00000052,570.0,4.0,-4,7.412015492218127e-05,6.2354724211239585
fixed-00000052,570.0,4.0,-3,0.002687585238142297,5.758328175331485
fixed-00000052,570.0,4.0,-2,0.00277290525724579,5.23805629811234
fixed-00000052,570.0,4.0,-1,0.0014539233223202323,4.6602345838808645
fixed-00000052,570.0,4.0,0,0.20363731126888357,4.000000000000043
fixed-00000052,570.0,4.0,1,0.02761699739777946,3.2068479063504185
fixed-00000052,570.0,4.0,2,0.030147886216312807,2.13761682818793
fixed-00000052,570.0,4.0,3,0.0,0.0
fixed-00000052,570.0,4.0,4,0.0,0.0
fixed-00000052,570.0,4.0,5,0.0,0.0
fixed-00000052,570.0,4.0,6,0.0,0.0
fixed-00000052,570.0,4.0,7,0.0,0.0
fixed-00000052,570.0,4.0,8,0.0,0.0
fixed-00000052,570.0,4.0,9,0.0,0.0
fixed-00000052,570.0,4.0,10,0.0,0.0
fixed-00000052,570.0,4.0,11,0.0,0.0
fixed-00000052,570.0,4.0,12,0.0,0.0
fixed-00000052,570.0,4.0,13,0.0,0.0
fixed-00000052,570.0,4.0,14,0.0,0.0
fixed-00000052,570.0,4.0,15,0.0,0.0
fixed-00000052,570.0,4.0,16,0.0,0.0
fixed-00000052,570.0,4.0,17,0.0,0.0
fixed-00000052,570.0,4.0,18,0.0,0.0
fixed-00000052,570.0,4.0,19,0.0,0.0
fixed-00000052,570.0,4.0,20,0.0,0.0
fixed-00000053,580.0,4.0,-20,5.990122309113698e-05,11.344155244919335
fixed-00000053,580.0,4.0,-19,6.275101934969837e-05,11.09233964988806
fixed-00000053,580.0,4.0,-18,5.08276911706978e-05,10.834747980635072
fixed-00000053,580.0,4.0,-17,3.3016821145215555e-05,10.570957940814182
fixed-00000053,580.0,4.0,-16,7.491600935103649e-05,10.300493276388579
fixed-00000053,580.0,4.0,-15,7.127869400077047e-05,10.022813603833598
fixed-00000053,580.0,4.0,-14,3.2251158317771856e-05,9.737301631890915
fixed-00000053,580.0,4.0,-13,0.00010640628934739392,9.443246910942491
fixed-00000053,580.0,4.0,-12,0.00010466963526634652,9.139824882054754
fixed-00000053,580.0,4.0,-11,4.566560955858539e-05,8.826069448973215
fixed-00000053,580.0,4.0,-10,0.00013435028756231856,8.500836443523596
fixed-00000053,580.0,4.0,-9,0.00017314880883380164,8.162753991654597
fixed-00000053,580.0,4.0,-8,0.00010658286677669702,7.810153537213992
fixed-00000053,580.0,4.0,-7,9.481586456479197e-05,7.440971426572531
fixed-00000053,580.0,4.0,-6,0.0004743959840239424,7.052604065868977
fixed-00000053,580.0,4.0,-5,0.00044421122377538117,6.641686697338955
fixed-00000053,580.0,4.0,-4,0.00013594302464144822,6.203739911827654
fixed-00000053,580.0,4.0,-3,0.0025873079168002833,5.732572121705644
fixed-00000053,580.0,4.0,-2,0.0024573524799982004,5.219193787774614
fixed-00000053,580.0,4.0,-1,0.002510869729708076,4.649644049178292
fixed-00000053,580.0,4.0,0,0.2059154494203632,4.000000000000043
fixed-00000053,580.0,4.0,1,0.021697609910280056,3.2221752503056678
fixed-00000053,580.0,4.0,2,0.031360625948324734,2.1832152248066166
fixed-00000053,580.0,4.0,3,0.0,0.0
fixed-00000053,580.0,4.0,4,0.0,0.0
fixed-00000053,580.0,4.0,5,0.0,0.0
fixed-00000053,580.0,4.0,6,0.0,0.0
fixed-00000053,580.0,4.0,7,0.0,0.0
fixed-00000053,580.0,4.0,8,0.0,0.0
fixed-00000053,580.0,4.0,9,0.0,0.0
fixed-00000053,580.0,4.0,10,0.0,0.0
fixed-00000053,580.0,4.0,11,0.0,0.0
fixed-00000053,580.0,4.0,12,0.0,0.0
fixed-00000053,580.0,4.0,13,0.0,0.0
fixed-00000053,580.0,4.0,14,0.0,0.0
fixed-00000053,580.0,4.0,15,0.0,0.0
fixed-00000053,580.0,4.0,16,0.0,0.0
fixed-00000053,580.0,4.0,17,0.0,0.0
fixed-00000053,580.0,4.0,18,0.0,0.0
fixed-00000053,580.0,4.0,19,0.0,0.0
fixed-00000053,580.0,4.0,20,0.0,0.0
fixed-00000054,590.0,4.0,-20,6.548458696375506e-05,11.25941693133879
fixed-00000054,590.0,4.0,-19,6.799060830846258e-05,11.010036261886782
fixed-00000054,590.0,4.0,-18,5.0972400029267014e-05,10.75494754101544
fixed-00000054,590.0,4.0,-17,3.795043254336252e-05,10.493734460874393
fixed-00000054,590.0,4.0,-16,8.27086958500476e-05,10.225927654794972
fixed-00000054,590.0,4.0,-15,7.056361549287578e-05,9.950994721404186
fixed-00000054,590.0,4.0,-14,3.750870270275909e-05,9.668327699638112
fixed-00000054,590.0,4.0,-13,0.00011916912249927756,9.377227150287212
fixed-00000054,590.0,4.0,-12,0.00010249880795727859,9.07688164781861
fixed-00000054,590.0,4.0,-11,4.998671166366258e-05,8.76634095342068
fixed-00000054,590.0,4.0,-10,0.00015441347799950418,8.444480313277879
fixed-00000054,590.0,4.0,-9,0.00016889683468100295,8.109952006190454
fixed-00000054,590.0,4.0,-8,9.498296749855205e-05,7.761118089679513
fixed-00000054,590.0,4.0,-7,0.00012179030620252831,7.395954575739296
fixed-00000054,590.0,4.0,-6,0.0004630678009343029,7.011910634381167
fixed-00000054,590.0,4.0,-5,0.0003294971841850269,6.6056939776244405
fixed-00000054,590.0,4.0,-4,0.0002190915042887433,6.172928768550506
fixed-00000054,590.0,4.0,-3,0.0025036823845424583,5.707579142086004
fixed-00000054,590.0,4.0,-2,0.0021618752851345936,5.200905894533889
fixed-00000054,590.0,4.0,-1,0.004128269858829269,4.639389606148313
fixed-00000054,590.0,4.0,0,0.207236219665024,4.000000000000043
fixed-00000054,590.0,4.0,1,0.016483675919625032,3.236914167432502
fixed-00000054,590.0,4.0,2,0.03237578890744588,2.226381561452442
fixed-00000054,590.0,4.0,3,0.0,0.0
fixed-00000054,590.0,4.0,4,0.0,0.0
fixed-00000054,590.0,4.0,5,0.0,0.0
fixed-00000054,590.0,4.0,6,0.0,0.0
fixed-00000054,590.0,4.0,7,0.0,0.0
fixed-00000054,590.0,4.0,8,0.0,0.0
fixed-00000054,590.0,4.0,9,0.0,0.0
fixed-00000054,590.0,4.0,10,0.0,0.0
fixed-00000054,590.0,4.0,11,0.0,0.0
fixed-00000054,590.0,4.0,12,0.0,0.0
fixed-00000054,590.0,4.0,13,0.0,0.0
fixed-00000054,590.0,4.0,14,0.0,0.0
fixed-00000054,590.0,4.0,15,0.0,0.0
fixed-00000054,590.0,4.0,16,0.0,0.0
fixed-00000054,590.0,4.0,17,0.0,0.0
fixed-00000054,590.0,4.0,18,0.0,0.0
fixed-00000054,590.0,4.0,19,0.0,0.0
fixed-00000054,590.0,4.0,20,0.0,0.0
fixed-00000055,600.0,4.0,-20,7.142697045686191e-05,11.176900501616302
fixed-00000055,600.0,4.0,-19,7.292437098191342e-05,10.929894547731365
fixed-00000055,600.0,4.0,-18,5.136110639941044e-05,10.677246924869209
fixed-00000055,600.0,4.0,-17,4.39930585910534e-05,10.418547164640088
fixed-00000055,600.0,4.0,-16,9.048568126137256e-05,10.153332615240856
fixed-00000055,600.0,4.0,-15,7.00983120542059e-05,9.881078656044693
fixed-00000055,600.0,4.0,-14,4.489521086655208e-05,9.601186418732823
fixed-00000055,600.0,4.0,-13,0.00013249629419282086,9.312967191474854
fixed-00000055,600.0,4.0,-12,0.00010050769494153663,9.015622340555609
fixed-00000055,600.0,4.0,-11,5.852679145884113e-05,8.708217066446423
fixed-00000055,600.0,4.0,-10,0.00017685833516356306,8.389645509317319
fixed-00000055,600.0,4.0,-9,0.00016498975515843753,8.058583440755712
fixed-00000055,600.0,4.0,-8,9.220376991176094e-05,7.713422675659871
fixed-00000055,600.0,4.0,-7,0.00015750738208266047,7.352177750609371
fixed-00000055,600.0,4.0,-6,0.0004541069951675284,6.9723490289475905
fixed-00000055,600.0,4.0,-5,0.00022752413096148243,6.570714442852491
fixed-00000055,600.0,4.0,-4,0.00033051107452538247,6.142998339829575
fixed-00000055,600.0,4.0,-3,0.002416138906598476,5.683315135192018
fixed-00000055,600.0,4.0,-2,0.0018598147017008662,5.1831664320526585
fixed-00000055,600.0,4.0,-1,0.0062742466857247615,4.629455434298478
fixed-00000055,600.0,4.0,0,0.2063551832089126,4.000000000000043
fixed-00000055,600.0,4.0,1,0.011929716175785763,3.2510983398922093
fixed-00000055,600.0,4.0,2,0.032927066782892166,2.2673283559992825
fixed-00000055,600.0,4.0,3,0.0,0.0
fixed-00000055,600.0,4.0,4,0.0,0.0
fixed-00000055,600.0,4.0,5,0.0,0.0
fixed-00000055,600.0,4.0,6,0.0,0.0
fixed-00000055,600.0,4.0,7,0.0,0.0
fixed-00000055,600.0,4.0,8,0.0,0.0
fixed-00000055,600.0,4.0,9,0.0,0.0
fixed-00000055,600.0,4.0,10,0.0,0.0
fixed-00000055,600.0,4.0,11,0.0,0.0
fixed-00000055,600.0,4.0,12,0.0,0.0
fixed-00000055,600.0,4.0,13,0.0,0.0
fixed-00000055,600.0,4.0,14,0.0,0.0
fixed-00000055,600.0,4.0,15,0.0,0.0
fixed-00000055,600.0,4.0,16,0.0,0.0
fixed-00000055,600.0,4.0,17,0.0,0.0
fixed-00000055,600.0,4.0,18,0.0,0.0
fixed-00000055,600.0,4.0,19,0.0,0.0
fixed-00000055,600.0,4.0,20,0.0,0.0
fixed-00000056,610.0,4.0,-20,8.112987864913484e-05,11.096513256647427
fixed-00000056,610.0,4.0,-19,8.067984168582852e-05,10.851824276946246
fixed-00000056,610.0,4.0,-18,5.4335147583858e-05,10.601558435056262
fixed-00000056,610.0,4.0,-17,5.367361395329799e-05,10.345310958848756
fixed-00000056,610.0,4.0,-16,0.0001020941112574896,10.08262574563632
fixed-00000056,610.0,4.0,-15,7.298640110142486e-05,9.81298576201776
fixed-00000056,610.0,4.0,-14,5.7444505681745224e-05,9.535801004270269
fixed-00000056,610.0,4.0,-13,0.0001520645136969506,9.250393216009584
fixed-00000056,610.0,4.0,-12,0.00010292573959301192,8.955976227169515
fixed-00000056,610.0,4.0,-11,7.576817290991224e-05,8.651630275811442
fixed-00000056,610.0,4.0,-10,0.0002097043173025113,8.336267896291588
fixed-00000056,610.0,4.0,-9,0.0001678930205365295,8.008587719170848
fixed-00000056,610.0,4.0,-8,0.00010523949424915617,7.6670104947684905
fixed-00000056,610.0,4.0,-7,0.00021144973714905875,7.309588189513036
fixed-00000056,610.0,4.0,-6,0.0004614626520814124,6.933870854335623
fixed-00000056,610.0,4.0,-5,0.00014600695432054746,6.536704486950143
fixed-00000056,610.0,4.0,-4,0.0004959700227420845,6.113910379323968
fixed-00000056,610.0,4.0,-3,0.002369088709963675,5.659748033833807
fixed-00000056,610.0,4.0,-2,0.0015611216607361973,5.1659507975543875
fixed-00000056,610.0,4.0,-1,0.009132227418558915,4.619826694692961
fixed-00000056,610.0,4.0,0,0.20576194067678252,4.000000000000043
fixed-00000056,610.0,4.0,1,0.008267492793207064,3.2647588933231475
fixed-00000056,610.0,4.0,2,0.03292692444827717,2.306241453176753
fixed-00000056,610.0,4.0,3,0.0,0.0
fixed-00000056,610.0,4.0,4,0.0,0.0
fixed-00000056,610.0,4.0,5,0.0,0.0
fixed-00000056,610.0,4.0,6,0.0,0.0
fixed-00000056,610.0,4.0,7,0.0,0.0
fixed-00000056,610.0,4.0,8,0.0,0.0
fixed-00000056,610.0,4.0,9,0.0,0.0
fixed-00000056,610.0,4.0,10,0.0,0.0
fixed-00000056,610.0,4.0,11,0.0,0.0
fixed-00000056,610.0,4.0,12,0.0,0.0
fixed-00000056,610.0,4.0,13,0.0,0.0
fixed-00000056,610.0,4.0,14,0.0,0.0
fixed-00000056,610.0,4.0,15,0.0,0.0
fixed-00000056,610.0,4.0,16,0.0,0.0
fixed-00000056,610.0,4.0,17,0.0,0.0
fixed-00000056,610.0,4.0,18,0.0,0.0
fixed-00000056,610.0,4.0,19,0.0,0.0
fixed-00000056,610.0,4.0,20,0.0,0.0
fixed-00000057,620.0,4.0,-20,8.807569582948302e-05,11.01816778980809
fixed-00000057,620.0,4.0,-19,8.488553426560232e-05,10.775740371233866
fixed-00000057,620.0,4.0,-18,5.444668710352795e-05,10.527799382740596
fixed-00000057,620.0,4.0,-17,6.081527696271975e-05,10.273945610776423
fixed-00000057,620.0,4.0,-16,0.00010877794378807266,10.013729342403465
fixed-00000057,620.0,4.0,-15,7.126424077032366e-05,9.746640945379099
fixed-00000057,620.0,4.0,-14,6.658293254334384e-05,9.472099061220248
fixed-00000057,620.0,4.0,-13,0.0001635026503337578,9.189435627547212
fixed-00000057,620.0,4.0,-12,9.724318167409186e-05,8.89787662245989
fixed-00000057,620.0,4.0,-11,8.782862788604798e-05,8.59651693548875
fixed-00000057,620.0,4.0,-10,0.00022841560374841236,8.284287014836138
fixed-00000057,620.0,4.0,-9,0.0001543524866823746,7.959907741050458
fixed-00000057,620.0,4.0,-8,0.00011057534359615246,7.621828010395305
fixed-00000057,620.0,4.0,-7,0.00024419121817034913,7.268136168200272
fixed-00000057,620.0,4.0,-6,0.0004249522620693764,6.896430508503414
fixed-00000057,620.0,4.0,-5,7.749102855862296e-05,6.503623029707683
fixed-00000057,620.0,4.0,-4,0.000661172520108416,6.085628867863377
fixed-00000057,620.0,4.0,-3,0.002190075399259416,5.636847653619654
fixed-00000057,620.0,4.0,-2,0.0016055489064404581,5.149235852894208
fixed-00000057,620.0,4.0,-1,0.012398379142924406,4.610489454720607
fixed-00000057,620.0,4.0,0,0.2069233103575471,4.000000000000043
fixed-00000057,620.0,4.0,1,0.005850571968857616,3.277924638120453
fixed-00000057,620.0,4.0,2,0.028171329354617265,2.3432844286040506
fixed-00000057,620.0,4.0,3,0.005377012139186507,0.4884414427613848
fixed-00000057,620.0,4.0,4,0.0,0.0
fixed-00000057,620.0,4.0,5,0.0,0.0
fixed-00000057,620.0,4.0,6,0.0,0.0
fixed-00000057,620.0,4.0,7,0.0,0.0
fixed-00000057,620.0,4.0,8,0.0,0.0
fixed-00000057,620.0,4.0,9,0.0,0.0
fixed-00000057,620.0,4.0,10,0.0,0.0
fixed-00000057,620.0,4.0,11,0.0,0.0
fixed-00000057,620.0,4.0,12,0.0,0.0
fixed-00000057,620.0,4.0,13,0.0,0.0
fixed-00000057,620.0,4.0,14,0.0,0.0
fixed-00000057,620.0,4.0,15,0.0,0.0
fixed-00000057,620.0,4.0,16,0.0,0.0
fixed-00000057,620.0,4.0,17,0.0,0.0
fixed-00000057,620.0,4.0,18,0.0,0.0
fixed-00000057,620.0,4.0,19,0.0,0.0
fixed-00000057,620.0,4.0,20,0.0,0.0
fixed-00000058,630.0,4.0,-20,9.475085086596158e-05,10.941781605456612
fixed-00000058,630.0,4.0,-19,8.85776144736381e-05,10.701562533089998
fixed-00000058,630.0,4.0,-18,5.542599238815428e-05,10.455891726370012
fixed-00000058,630.0,4.0,-17,6.852486788984821e-05,10.20437539785597
fixed-00000058,630.0,4.0,-16,0.00011479950544453652,9.946570071032795
fixed-00000058,630.0,4.0,-15,7.164472197533932e-05,9.681973335802624
fixed-00000058,630.0,4.0,-14,7.734020992078541e-05,9.41001226788633
fixed-00000058,630.0,4.0,-13,0.0001749055655148498,9.130028747397347
fixed-00000058,630.0,4.0,-12,9.6238643228512e-05,8.841260597125114
fixed-00000058,630.0,4.0,-11,0.00010404692939216348,8.542816986689516
fixed-00000058,630.0,4.0,-10,0.0002504097211748369,8.233645816218939
fixed-00000058,630.0,4.0,-9,0.00015055584449442887,7.912489630768675
fixed-00000058,630.0,4.0,-8,0.00013021314466529492,7.57782471381698
fixed-00000058,630.0,4.0,-7,0.00028651830145282135,7.227774780095132
fixed-00000058,630.0,4.0,-6,0.000410587595368557,6.859984980240881
fixed-00000058,630.0,4.0,-5,5.059618507222048e-05,6.471431333409825
fixed-00000058,630.0,4.0,-4,0.0008020561248729595,6.058119851243731
fixed-00000058,630.0,4.0,-3,0.002089961109148996,5.61458555509806
fixed-00000058,630.0,4.0,-2,0.0016489169191879832,5.1329998162636485
fixed-00000058,630.0,4.0,-1,0.01581896112845106,4.601430619700565
fixed-00000058,630.0,4.0,0,0.2047519760701468,4.000000000000043
fixed-00000058,630.0,4.0,1,0.0036333276274061986,3.290622283534958
fixed-00000058,630.0,4.0,2,0.026383016848494298,2.3786020958455225
fixed-00000058,630.0,4.0,3,0.007227061941364523,0.6990406976817525
fixed-00000058,630.0,4.0,4,0.0,0.0
fixed-00000058,630.0,4.0,5,0.0,0.0
fixed-00000058,630.0,4.0,6,0.0,0.0
fixed-00000058,630.0,4.0,7,0.0,0.0
fixed-00000058,630.0,4.0,8,0.0,0.0
fixed-00000058,630.0,4.0,9,0.0,0.0
fixed-00000058,630.0,4.0,10,0.0,0.0
fixed-00000058,630.0,4.0,11,0.0,0.0
fixed-00000058,630.0,4.0,12,0.0,0.0
fixed-00000058,630.0,4.0,13,0.0,0.0
fixed-00000058,630.0,4.0,14,0.0,0.0
fixed-00000058,630.0,4.0,15,0.0,0.0
fixed-00000058,630.0,4.0,16,0.0,0.0
fixed-00000058,630.0,4.0,17,0.0,0.0
fixed-00000058,630.0,4.0,18,0.0,0.0
fixed-00000058,630.0,4.0,19,0.0,0.0
fixed-00000058,630.0,4.0,20,0.0,0.0
fixed-00000059,640.0,4.0,-20,0.00010242589683746169,10.867276770488644
fixed-00000059,640.0,4.0,-19,9.272132385862912e-05,10.62921490659339
fixed-00000059,640.0,4.0,-18,5.7434383169782686e-05,10.385761741931148
fixed-00000059,640.0,4.0,-17,7.72191117809902e-05,10.13652878764816
fixed-00000059,640.0,4.0,-16,0.00012125298683909396,9.881078656044693
fixed-00000059,640.0,4.0,-15,7.357277211807383e-05,9.618915986834352
fixed-00000059,640.0,4.0,-14,8.962682993129568e-05,9.34947608678739
fixed-00000059,640.0,4.0,-13,0.000187200068357107,9.072110536405091
fixed-00000059,640.0,4.0,-12,9.756188694363165e-05,8.786068711064956
fixed-00000059,640.0,4.0,-11,0.00012337398924373315,8.490473703062207
fixed-00000059,640.0,4.0,-10,0.00027451801991484686,8.184290419985587
fixed-00000059,640.0,4.0,-9,0.00015035540476214865,7.866282508187567
fixed-00000059,640.0,4.0,-8,0.00015840553310602953,7.534952908764481
fixed-00000059,640.0,4.0,-7,0.0003330018780790936,7.188459735617585
fixed-00000059,640.0,4.0,-6,0.0004040213074042487,6.824493664384079
fixed-00000059,640.0,4.0,-5,4.6431216078484895e-05,6.440092835409786
fixed-00000059,640.0,4.0,-4,0.0009474073093379249,6.03135129215535
fixed-00000059,640.0,4.0,-3,0.002017631545322948,5.592934917952817
fixed-00000059,640.0,4.0,-2,0.0017330551926322438,5.117222163430583
fixed-00000059,640.0,4.0,-1,0.01958753851493194,4.592637870608058
fixed-00000059,640.0,4.0,0,0.20171474704426715,4.000000000000128
fixed-00000059,640.0,4.0,1,0.002018580498591083,3.302876628141391
fixed-00000059,640.0,4.0,2,0.024980838666175724,2.4123233315560384
fixed-00000059,640.0,4.0,3,0.00847440557664997,0.8549436764009926
fixed-00000059,640.0,4.0,4,0.0,0.0
fixed-00000059,640.0,4.0,5,0.0,0.0
fixed-00000059,640.0,4.0,6,0.0,0.0
fixed-00000059,640.0,4.0,7,0.0,0.0
fixed-00000059,640.0,4.0,8,0.0,0.0
fixed-00000059,640.0,4.0,9,0.0,0.0
fixed-00000059,640.0,4.0,10,0.0,0.0
fixed-00000059,640.0,4.0,11,0.0,0.0
fixed-00000059,640.0,4.0,12,0.0,0.0
fixed-00000059,640.0,4.0,13,0.0,0.0
fixed-00000059,640.0,4.0,14,0.0,0.0
fixed-00000059,640.0,4.0,15,0.0,0.0
fixed-00000059,640.0,4.0,16,0.0,0.0
fixed-00000059,640.0,4.0,17,0.0,0.0
fixed-00000059,640.0,4.0,18,0.0,0.0
fixed-00000059,640.0,4.0,19,0.0,0.0
fixed-00000059,640.0,4.0,20,0.0,0.0
