case_id,energy_ev,grazing_angle_deg,order,efficiency,diffraction_angle_deg
fixed-00000000,50.0,4.0,-20,8.333283724218062e-05,36.946600757765104
fixed-00000000,50.0,4.0,-19,7.078479725841152e-05,35.99049916925804
fixed-00000000,50.0,4.0,-18,6.886193600662002e-05,35.01190478081956
fixed-00000000,50.0,4.0,-17,7.626444427072768e-05,34.00884370553947
fixed-00000000,50.0,4.0,-16,9.204457087895838e-05,32.97905073283735
fixed-00000000,50.0,4.0,-15,0.00010686454651193542,31.919905276127125
fixed-00000000,50.0,4.0,-14,9.03323149536288e-05,30.828348020108905
fixed-00000000,50.0,4.0,-13,0.00014999771271937028,29.700770649131364
fixed-00000000,50.0,4.0,-12,0.0001755842179601835,28.532867207683132
fixed-00000000,50.0,4.0,-11,0.00010759912967253768,27.319429403774024
fixed-00000000,50.0,4.0,-10,0.00030225046783908117,26.054057638388535
fixed-00000000,50.0,4.0,-9,0.00029526412727477936,24.728741050446132
fixed-00000000,50.0,4.0,-8,0.0001474843247755548,23.333225797914665
fixed-00000000,50.0,4.0,-7,0.0007693101863789612,21.854024375341254
fixed-00000000,50.0,4.0,-6,0.0005028130192728344,20.272780035826898
fixed-00000000,50.0,4.0,-5,0.0004250220255003173,18.563384620134798
fixed-00000000,50.0,4.0,-4,0.0027266042090236774,16.686445270170665
fixed-00000000,50.0,4.0,-3,0.0008863790645194595,14.577325397340658
fixed-00000000,50.0,4.0,-2,0.004730222394611797,12.115293466158093
fixed-00000000,50.0,4.0,-1,0.03339726489144215,9.015622340555609
fixed-00000000,50.0,4.0,0,0.686386901168722,4.000000000000043
fixed-00000000,50.0,4.0,1,0.0,0.0
fixed-00000000,50.0,4.0,2,0.0,0.0
fixed-00000000,50.0,4.0,3,0.0,0.0
fixed-00000000,50.0,4.0,4,0.0,0.0
fixed-00000000,50.0,4.0,5,0.0,0.0
fixed-00000000,50.0,4.0,6,0.0,0.0
fixed-00000000,50.0,4.0,7,0.0,0.0
fixed-00000000,50.0,4.0,8,0.0,0.0
fixed-00000000,50.0,4.0,9,0.0,0.0
fixed-00000000,50.0,4.0,10,0.0,0.0
fixed-00000000,50.0,4.0,11,0.0,0.0
fixed-00000000,50.0,4.0,12,0.0,0.0
fixed-00000000,50.0,4.0,13,0.0,0.0
fixed-00000000,50.0,4.0,14,0.0,0.0
fixed-00000000,50.0,4.0,15,0.0,0.0
fixed-00000000,50.0,4.0,16,0.0,0.0
fixed-00000000,50.0,4.0,17,0.0,0.0
fixed-00000000,50.0,4.0,18,0.0,0.0
fixed-00000000,50.0,4.0,19,0.0,0.0
fixed-00000000,50.0,4.0,20,0.0,0.0
fixed-00000007,120.0,4.0,-20,0.0009179069077266833,23.80694914738052
fixed-00000007,120.0,4.0,-19,0.0009369710861425848,23.21337059431326
fixed-00000007,120.0,4.0,-18,0.0007344613199341048,22.605093498036354
fixed-00000007,120.0,4.0,-17,0.0010235628047805018,21.980894517242845
fixed-00000007,120.0,4.0,-16,0.0012198810841119836,21.33937330915093
fixed-00000007,120.0,4.0,-15,0.0010497565271064967,20.67891449907833
fixed-00000007,120.0,4.0,-14,0.0014793713984592536,19.997638457525795
fixed-00000007,120.0,4.0,-13,0.0016651072035178546,19.293336575596342
fixed-00000007,120.0,4.0,-12,0.0015143935080412887,18.563384620134826
fixed-00000007,120.0,4.0,-11,0.001950022486163845,17.80462435107323
fixed-00000007,120.0,4.0,-10,0.0021493188609596563,17.01319792164763
fixed-00000007,120.0,4.0,-9,0.0023548481659527013,16.18430978152439
fixed-00000007,120.0,4.0,-8,0.0022269846778521516,15.311873059069754
fixed-00000007,120.0,4.0,-7,0.0036789967424814296,14.387963517781984
fixed-00000007,120.0,4.0,-6,0.004051490863101817,13.401935191968363
fixed-00000007,120.0,4.0,-5,0.0026649398307526033,12.338899720932332
fixed-00000007,120.0,4.0,-4,0.011814528280293972,11.176900501616302
fixed-00000007,120.0,4.0,-3,0.007390961319975031,9.881078656044693
fixed-00000007,120.0,4.0,-2,0.01707391291108789,8.389645509317262
fixed-00000007,120.0,4.0,-1,0.15348980189090133,6.570714442852491
fixed-00000007,120.0,4.0,0,0.5793469956087299,4.000000000000128
fixed-00000007,120.0,4.0,1,0.0,0.0
fixed-00000007,120.0,4.0,2,0.0,0.0
fixed-00000007,120.0,4.0,3,0.0,0.0
fixed-00000007,120.0,4.0,4,0.0,0.0
fixed-00000007,120.0,4.0,5,0.0,0.0
fixed-00000007,120.0,4.0,6,0.0,0.0
fixed-00000007,120.0,4.0,7,0.0,0.0
fixed-00000007,120.0,4.0,8,0.0,0.0
fixed-00000007,120.0,4.0,9,0.0,0.0
fixed-00000007,120.0,4.0,10,0.0,0.0
fixed-00000007,120.0,4.0,11,0.0,0.0
fixed-00000007,120.0,4.0,12,0.0,0.0
fixed-00000007,120.0,4.0,13,0.0,0.0
fixed-00000007,120.0,4.0,14,0.0,0.0
fixed-00000007,120.0,4.0,15,0.0,0.0
fixed-00000007,120.0,4.0,16,0.0,0.0
fixed-00000007,120.0,4.0,17,0.0,0.0
fixed-00000007,120.0,4.0,18,0.0,0.0
fixed-00000007,120.0,4.0,19,0.0,0.0
fixed-00000007,120.0,4.0,20,0.0,0.0
fixed-00000001,60.0,4.0,-20,0.0002085156294436683,33.66867098629079
fixed-00000001,60.0,4.0,-19,0.00014590773255870862,32.804641534161746
fixed-00000001,60.0,4.0,-18,0.00013535794622300808,31.91990527612714
fixed-00000001,60.0,4.0,-17,0.0001651449155528088,31.012670458853336
fixed-00000001,60.0,4.0,-16,0.00016517856219316258,30.0808814961542
fixed-00000001,60.0,4.0,-15,0.00019560983041126055,29.122161170553625
fixed-00000001,60.0,4.0,-14,0.00018071348993709845,28.133735479709266
fixed-00000001,60.0,4.0,-13,0.0002418936638527059,27.112334302138407
fixed-00000001,60.0,4.0,-12,0.0003063744953747584,26.05405763838855
fixed-00000001,60.0,4.0,-11,0.00019697855336980722,24.95419162388059
fixed-00000001,60.0,4.0,-10,0.00045545439038990464,23.80694914738052
fixed-00000001,60.0,4.0,-9,0.0004962879327779178,22.605093498036354
fixed-00000001,60.0,4.0,-8,0.00023320226656174778,21.33937330915093
fixed-00000001,60.0,4.0,-7,0.0011210382355588556,19.997638457525795
fixed-00000001,60.0,4.0,-6,0.0008204506070778744,18.563384620134826
fixed-00000001,60.0,4.0,-5,0.0005717482254437268,17.01319792164763
fixed-00000001,60.0,4.0,-4,0.0039017260224299475,15.311873059069754
fixed-00000001,60.0,4.0,-3,0.0014164308105490645,13.401935191968363
fixed-00000001,60.0,4.0,-2,0.006351444401387854,11.176900501616302
fixed-00000001,60.0,4.0,-1,0.04693323767046595,8.389645509317262
fixed-00000001,60.0,4.0,0,0.6802516230095169,4.000000000000128
fixed-00000001,60.0,4.0,1,0.0,0.0
fixed-00000001,60.0,4.0,2,0.0,0.0
fixed-00000001,60.0,4.0,3,0.0,0.0
fixed-00000001,60.0,4.0,4,0.0,0.0
fixed-00000001,60.0,4.0,5,0.0,0.0
fixed-00000001,60.0,4.0,6,0.0,0.0
fixed-00000001,60.0,4.0,7,0.0,0.0
fixed-00000001,60.0,4.0,8,0.0,0.0
fixed-00000001,60.0,4.0,9,0.0,0.0
fixed-00000001,60.0,4.0,10,0.0,0.0
fixed-00000001,60.0,4.0,11,0.0,0.0
fixed-00000001,60.0,4.0,12,0.0,0.0
fixed-00000001,60.0,4.0,13,0.0,0.0
fixed-00000001,60.0,4.0,14,0.0,0.0
fixed-00000001,60.0,4.0,15,0.0,0.0
fixed-00000001,60.0,4.0,16,0.0,0.0
fixed-00000001,60.0,4.0,17,0.0,0.0
fixed-00000001,60.0,4.0,18,0.0,0.0
fixed-00000001,60.0,4.0,19,0.0,0.0
fixed-00000001,60.0,4.0,20,0.0,0.0
fixed-00000002,70.0,4.0,-20,0.00033441207868554183,31.143727622325613
fixed-00000002,70.0,4.0,-19,0.00024427280613112124,30.3497443387063
fixed-00000002,70.0,4.0,-18,0.00020264449034797618,29.536506828714217
fixed-00000002,70.0,4.0,-17,0.0002692088975535294,28.702365570412915
fixed-00000002,70.0,4.0,-16,0.00026076742733170276,27.845428820199288
fixed-00000002,70.0,4.0,-15,0.0002824829991300994,26.963509729777833
fixed-00000002,70.0,4.0,-14,0.0003016965373870302,26.054057638388535
fixed-00000002,70.0,4.0,-13,0.00035013825001816454,25.114067339116176
fixed-00000002,70.0,4.0,-12,0.0004389763517679215,24.13995702449016
fixed-00000002,70.0,4.0,-11,0.0003326428908950993,23.127400592828295
fixed-00000002,70.0,4.0,-10,0.0006097811356078312,22.071091552917864
fixed-00000002,70.0,4.0,-9,0.0007169532455545308,20.964400995176362
fixed-00000002,70.0,4.0,-8,0.00036985102588422877,19.798865027537445
fixed-00000002,70.0,4.0,-7,0.0014561617771062583,18.563384620134798
fixed-00000002,70.0,4.0,-6,0.0012001497851946569,17.242912058772163
fixed-00000002,70.0,4.0,-5,0.0007407405182523419,15.816153021261812
fixed-00000002,70.0,4.0,-4,0.005093422298514199,14.251197562253566
fixed-00000002,70.0,4.0,-3,0.00208920682580758,12.496206306817058
fixed-00000002,70.0,4.0,-2,0.007959013460701202,10.45589172636997
fixed-00000002,70.0,4.0,-1,0.06187462598514994,7.9124896307686186
fixed-00000002,70.0,4.0,0,0.6694843447620589,4.000000000000043
fixed-00000002,70.0,4.0,1,0.0,0.0
fixed-00000002,70.0,4.0,2,0.0,0.0
fixed-00000002,70.0,4.0,3,0.0,0.0
fixed-00000002,70.0,4.0,4,0.0,0.0
fixed-00000002,70.0,4.0,5,0.0,0.0
fixed-00000002,70.0,4.0,6,0.0,0.0
fixed-00000002,70.0,4.0,7,0.0,0.0
fixed-00000002,70.0,4.0,8,0.0,0.0
fixed-00000002,70.0,4.0,9,0.0,0.0
fixed-00000002,70.0,4.0,10,0.0,0.0
fixed-00000002,70.0,4.0,11,0.0,0.0
fixed-00000002,70.0,4.0,12,0.0,0.0
fixed-00000002,70.0,4.0,13,0.0,0.0
fixed-00000002,70.0,4.0,14,0.0,0.0
fixed-00000002,70.0,4.0,15,0.0,0.0
fixed-00000002,70.0,4.0,16,0.0,0.0
fixed-00000002,70.0,4.0,17,0.0,0.0
fixed-00000002,70.0,4.0,18,0.0,0.0
fixed-00000002,70.0,4.0,19,0.0,0.0
fixed-00000002,70.0,4.0,20,0.0,0.0
fixed-00000006,110.0,4.0,-20,0.0011318287186018597,24.851951542714687
fixed-00000006,110.0,4.0,-19,0.0011316712774491536,24.2300299857246
fixed-00000006,110.0,4.0,-18,0.0007937162736546565,23.592732267871042
fixed-00000006,110.0,4.0,-17,0.0010783301878795344,22.938772943565866
fixed-00000006,110.0,4.0,-16,0.001250385951158342,22.266680028298126
fixed-00000006,110.0,4.0,-15,0.0009664738307497763,21.574754793732083
fixed-00000006,110.0,4.0,-14,0.0013375877678788175,20.861019691517996
fixed-00000006,110.0,4.0,-13,0.0014480452610448698,20.12314981933116
fixed-00000006,110.0,4.0,-12,0.0013049138943063124,19.358381089041814
fixed-00000006,110.0,4.0,-11,0.0016005334399596598,18.563384620134798
fixed-00000006,110.0,4.0,-10,0.0018236602516697455,17.73409081271616
fixed-00000006,110.0,4.0,-9,0.002035823878586158,16.86543602782575
fixed-00000006,110.0,4.0,-8,0.0017525786951613463,15.950985698613678
fixed-00000006,110.0,4.0,-7,0.0033091463698121746,14.982351111948859
fixed-00000006,110.0,4.0,-6,0.003484480770080326,13.948242344473982
fixed-00000006,110.0,4.0,-5,0.0021824715363202617,12.832834315133255
fixed-00000006,110.0,4.0,-4,0.01086478548978699,11.612716944258509
fixed-00000006,110.0,4.0,-3,0.006266854243858846,10.250559696102783
fixed-00000006,110.0,4.0,-2,0.01568384484207797,8.679735599183942
fixed-00000006,110.0,4.0,-1,0.13773387715450425,6.756222279782023
fixed-00000006,110.0,4.0,0,0.6149866670459354,4.000000000000043
fixed-00000006,110.0,4.0,1,0.0,0.0
fixed-00000006,110.0,4.0,2,0.0,0.0
fixed-00000006,110.0,4.0,3,0.0,0.0
fixed-00000006,110.0,4.0,4,0.0,0.0
fixed-00000006,110.0,4.0,5,0.0,0.0
fixed-00000006,110.0,4.0,6,0.0,0.0
fixed-00000006,110.0,4.0,7,0.0,0.0
fixed-00000006,110.0,4.0,8,0.0,0.0
fixed-00000006,110.0,4.0,9,0.0,0.0
fixed-00000006,110.0,4.0,10,0.0,0.0
fixed-00000006,110.0,4.0,11,0.0,0.0
fixed-00000006,110.0,4.0,12,0.0,0.0
fixed-00000006,110.0,4.0,13,0.0,0.0
fixed-00000006,110.0,4.0,14,0.0,0.0
fixed-00000006,110.0,4.0,15,0.0,0.0
fixed-00000006,110.0,4.0,16,0.0,0.0
fixed-00000006,110.0,4.0,17,0.0,0.0
fixed-00000006,110.0,4.0,18,0.0,0.0
fixed-00000006,110.0,4.0,19,0.0,0.0
fixed-00000006,110.0,4.0,20,0.0,0.0
fixed-00000004,90.0,4.0,-20,0.0009093223340503005,27.45669132490191
fixed-00000004,90.0,4.0,-19,0.0006810030504556559,26.763886623772734
fixed-00000004,90.0,4.0,-18,0.0004511500464649067,26.054057638388535
fixed-00000004,90.0,4.0,-17,0.0006805545960427367,25.3257663055293
fixed-00000004,90.0,4.0,-16,0.0006467492991126675,24.57736462946967
fixed-00000004,90.0,4.0,-15,0.0005627509274537439,23.806949147380507
fixed-00000004,90.0,4.0,-14,0.0007609013757198352,23.01230186044222
fixed-00000004,90.0,4.0,-13,0.0007397314977429013,22.19081236476336
fixed-00000004,90.0,4.0,-12,0.0008286163235326485,21.33937330915093
fixed-00000004,90.0,4.0,-11,0.0008433121864398201,20.454237086533084
fixed-00000004,90.0,4.0,-10,0.0010698327096593907,19.530814598225575
fixed-00000004,90.0,4.0,-9,0.0013414119931286959,18.563384620134798
fixed-00000004,90.0,4.0,-8,0.0008830293657189734,17.544659849708694
fixed-00000004,90.0,4.0,-7,0.002299679171332193,16.46511246866092
fixed-00000004,90.0,4.0,-6,0.0022665177067240933,15.311873059069725
fixed-00000004,90.0,4.0,-5,0.0012778559385996984,14.066817881848479
fixed-00000004,90.0,4.0,-4,0.007963650367254799,12.702966158118315
fixed-00000004,90.0,4.0,-3,0.003974192876217838,11.176900501616302
fixed-00000004,90.0,4.0,-2,0.011726055650697788,9.410012267886245
fixed-00000004,90.0,4.0,-1,0.09843452270253993,7.227774780095132
fixed-00000004,90.0,4.0,0,0.6523215295065157,4.000000000000043
fixed-00000004,90.0,4.0,1,0.0,0.0
fixed-00000004,90.0,4.0,2,0.0,0.0
fixed-00000004,90.0,4.0,3,0.0,0.0
fixed-00000004,90.0,4.0,4,0.0,0.0
fixed-00000004,90.0,4.0,5,0.0,0.0
fixed-00000004,90.0,4.0,6,0.0,0.0
fixed-00000004,90.0,4.0,7,0.0,0.0
fixed-00000004,90.0,4.0,8,0.0,0.0
fixed-00000004,90.0,4.0,9,0.0,0.0
fixed-00000004,90.0,4.0,10,0.0,0.0
fixed-00000004,90.0,4.0,11,0.0,0.0
fixed-00000004,90.0,4.0,12,0.0,0.0
fixed-00000004,90.0,4.0,13,0.0,0.0
fixed-00000004,90.0,4.0,14,0.0,0.0
fixed-00000004,90.0,4.0,15,0.0,0.0
fixed-00000004,90.0,4.0,16,0.0,0.0
fixed-00000004,90.0,4.0,17,0.0,0.0
fixed-00000004,90.0,4.0,18,0.0,0.0
fixed-00000004,90.0,4.0,19,0.0,0.0
fixed-00000004,90.0,4.0,20,0.0,0.0
fixed-00000003,80.0,4.0,-20,0.0005849841521255575,29.122161170553625
fixed-00000003,80.0,4.0,-19,0.0004158943027341329,28.383796025086852
fixed-00000003,80.0,4.0,-18,0.0003123117899171686,27.62738395184673
fixed-00000003,80.0,4.0,-17,0.00044486274247135206,26.85139076255797
fixed-00000003,80.0,4.0,-16,0.00041308311425659124,26.05405763838855
fixed-00000003,80.0,4.0,-15,0.00041121972451747075,25.23335224938701
fixed-00000003,80.0,4.0,-14,0.0004932378276453351,24.38690529633689
fixed-00000003,80.0,4.0,-13,0.0005083473073022799,23.51192678300849
fixed-00000003,80.0,4.0,-12,0.0006222651748160172,22.605093498036354
fixed-00000003,80.0,4.0,-11,0.0005398916429736252,21.662394599301848
fixed-00000003,80.0,4.0,-10,0.0008119948143483943,20.678914499078303
fixed-00000003,80.0,4.0,-9,0.0010093144509060025,19.6485188177962
fixed-00000003,80.0,4.0,-8,0.0005729806717182472,18.563384620134826
fixed-00000003,80.0,4.0,-7,0.0018584217865457227,17.413268710318007
fixed-00000003,80.0,4.0,-6,0.0016912093440358987,16.18430978152439
fixed-00000003,80.0,4.0,-5,0.0009635088739121164,14.856940312447804
fixed-00000003,80.0,4.0,-4,0.006481753122450656,13.401935191968363
fixed-00000003,80.0,4.0,-3,0.002945783290348517,11.772044157333355
fixed-00000003,80.0,4.0,-2,0.009770768241305098,9.881078656044693
fixed-00000003,80.0,4.0,-1,0.07922313286379506,7.534952908764481
fixed-00000003,80.0,4.0,0,0.661230393827899,4.000000000000128
fixed-00000003,80.0,4.0,1,0.0,0.0
fixed-00000003,80.0,4.0,2,0.0,0.0
fixed-00000003,80.0,4.0,3,0.0,0.0
fixed-00000003,80.0,4.0,4,0.0,0.0
fixed-00000003,80.0,4.0,5,0.0,0.0
fixed-00000003,80.0,4.0,6,0.0,0.0
fixed-00000003,80.0,4.0,7,0.0,0.0
fixed-00000003,80.0,4.0,8,0.0,0.0
fixed-00000003,80.0,4.0,9,0.0,0.0
fixed-00000003,80.0,4.0,10,0.0,0.0
fixed-00000003,80.0,4.0,11,0.0,0.0
fixed-00000003,80.0,4.0,12,0.0,0.0
fixed-00000003,80.0,4.0,13,0.0,0.0
fixed-00000003,80.0,4.0,14,0.0,0.0
fixed-00000003,80.0,4.0,15,0.0,0.0
fixed-00000003,80.0,4.0,16,0.0,0.0
fixed-00000003,80.0,4.0,17,0.0,0.0
fixed-00000003,80.0,4.0,18,0.0,0.0
fixed-00000003,80.0,4.0,19,0.0,0.0
fixed-00000003,80.0,4.0,20,0.0,0.0
fixed-00000005,100.0,4.0,-20,0.001113096849710128,26.054057638388535
fixed-00000005,100.0,4.0,-19,0.000976206546811866,25.39947137852822
fixed-00000005,100.0,4.0,-18,0.0006165023444416588,24.728741050446132
fixed-00000005,100.0,4.0,-17,0.0009025723394394192,24.040510406174633
fixed-00000005,100.0,4.0,-16,0.0009580637946085227,23.333225797914665
fixed-00000005,100.0,4.0,-15,0.000736075232818522,22.60509349803634
fixed-00000005,100.0,4.0,-14,0.0010527802072433563,21.854024375341254
fixed-00000005,100.0,4.0,-13,0.001069199251546976,21.07756102550144
fixed-00000005,100.0,4.0,-12,0.0010394958425783017,20.272780035826898
fixed-00000005,100.0,4.0,-11,0.0012116239469470657,19.43615815678045
fixed-00000005,100.0,4.0,-10,0.0014137074921160469,18.563384620134798
fixed-00000005,100.0,4.0,-9,0.0016696538984641025,17.649090489235533
fixed-00000005,100.0,4.0,-8,0.0012947967865675205,16.686445270170665
fixed-00000005,100.0,4.0,-7,0.0027839304329706368,15.666531340439832
fixed-00000005,100.0,4.0,-6,0.002857210217268806,14.577325397340658
fixed-00000005,100.0,4.0,-5,0.0017030049579210842,13.401935191968334
fixed-00000005,100.0,4.0,-4,0.00943268212276315,12.115293466158093
fixed-00000005,100.0,4.0,-3,0.005084183877849454,10.677246924869166
fixed-00000005,100.0,4.0,-2,0.013739977174197468,9.015622340555609
fixed-00000005,100.0,4.0,-1,0.11821869671744346,6.972349028947534
fixed-00000005,100.0,4.0,0,0.6374308387993937,4.000000000000043
fixed-00000005,100.0,4.0,1,0.0,0.0
fixed-00000005,100.0,4.0,2,0.0,0.0
fixed-00000005,100.0,4.0,3,0.0,0.0
fixed-00000005,100.0,4.0,4,0.0,0.0
fixed-00000005,100.0,4.0,5,0.0,0.0
fixed-00000005,100.0,4.0,6,0.0,0.0
fixed-00000005,100.0,4.0,7,0.0,0.0
fixed-00000005,100.0,4.0,8,0.0,0.0
fixed-00000005,100.0,4.0,9,0.0,0.0
fixed-00000005,100.0,4.0,10,0.0,0.0
fixed-00000005,100.0,4.0,11,0.0,0.0
fixed-00000005,100.0,4.0,12,0.0,0.0
fixed-00000005,100.0,4.0,13,0.0,0.0
fixed-00000005,100.0,4.0,14,0.0,0.0
fixed-00000005,100.0,4.0,15,0.0,0.0
fixed-00000005,100.0,4.0,16,0.0,0.0
fixed-00000005,100.0,4.0,17,0.0,0.0
fixed-00000005,100.0,4.0,18,0.0,0.0
fixed-00000005,100.0,4.0,19,0.0,0.0
fixed-00000005,100.0,4.0,20,0.0,0.0
fixed-00000008,130.0,4.0,-20,0.0007532821608225205,22.887737429280307
fixed-00000008,130.0,4.0,-19,0.0007587184518079579,22.319060381202533
fixed-00000008,130.0,4.0,-18,0.0005986510260924497,21.73628858867596
fixed-00000008,130.0,4.0,-17,0.0008396082457075697,21.138253797703968
fixed-00000008,130.0,4.0,-16,0.0009813727645756663,20.523619220618087
fixed-00000008,130.0,4.0,-15,0.0008765357613263209,19.890843436975487
fixed-00000008,130.0,4.0,-14,0.0013104623064376358,19.238133704924607
fixed-00000008,130.0,4.0,-13,0.0015469593457281038,18.563384620134784
fixed-00000008,130.0,4.0,-12,0.0014662742890353354,17.86409607789507
fixed-00000008,130.0,4.0,-11,0.002065167935465637,17.137261306119782
fixed-00000008,130.0,4.0,-10,0.002295115449943178,16.379210436004684
fixed-00000008,130.0,4.0,-9,0.0024519780453482105,15.58538591965737
fixed-00000008,130.0,4.0,-8,0.0026370103907618543,14.750009564284554
fixed-00000008,130.0,4.0,-7,0.0038495334527275434,13.865569460383654
fixed-00000008,130.0,4.0,-6,0.004364079495887828,12.921991178661202
fixed-00000008,130.0,4.0,-5,0.003169057903521019,11.905217349750558
fixed-00000008,130.0,4.0,-4,0.012130264927776668,10.794579595613783
fixed-00000008,130.0,4.0,-3,0.008217283040305152,9.557405601711935
fixed-00000008,130.0,4.0,-2,0.017944214296097438,8.136169892284855
fixed-00000008,130.0,4.0,-1,0.16376931008523826,6.409572995038118
fixed-00000008,130.0,4.0,0,0.5331142560035992,3.999999999999943
fixed-00000008,130.0,4.0,1,0.0,0.0
fixed-00000008,130.0,4.0,2,0.0,0.0
fixed-00000008,130.0,4.0,3,0.0,0.0
fixed-00000008,130.0,4.0,4,0.0,0.0
fixed-00000008,130.0,4.0,5,0.0,0.0
fixed-00000008,130.0,4.0,6,0.0,0.0
fixed-00000008,130.0,4.0,7,0.0,0.0
fixed-00000008,130.0,4.0,8,0.0,0.0
fixed-00000008,130.0,4.0,9,0.0,0.0
fixed-00000008,130.0,4.0,10,0.0,0.0
fixed-00000008,130.0,4.0,11,0.0,0.0
fixed-00000008,130.0,4.0,12,0.0,0.0
fixed-00000008,130.0,4.0,13,0.0,0.0
fixed-00000008,130.0,4.0,14,0.0,0.0
fixed-00000008,130.0,4.0,15,0.0,0.0
fixed-00000008,130.0,4.0,16,0.0,0.0
fixed-00000008,130.0,4.0,17,0.0,0.0
fixed-00000008,130.0,4.0,18,0.0,0.0
fixed-00000008,130.0,4.0,19,0.0,0.0
fixed-00000008,130.0,4.0,20,0.0,0.0
fixed-00000009,140.0,4.0,-20,0.0006023992426895667,22.071091552917864
fixed-00000009,140.0,4.0,-19,0.0006068902252122517,21.524522367911075
fixed-00000009,140.0,4.0,-18,0.000493595617975968,20.964400995176362
fixed-00000009,140.0,4.0,-17,0.0006864684467702729,20.3896085063504
fixed-00000009,140.0,4.0,-16,0.0007866359343130433,19.798865027537445
fixed-00000009,140.0,4.0,-15,0.0006903273004947212,19.190695371391683
fixed-00000009,140.0,4.0,-14,0.0010462964198578058,18.563384620134798
fixed-00000009,140.0,4.0,-13,0.0012286308763942333,17.91491981726459
fixed-00000009,140.0,4.0,-12,0.0012054746521438576,17.242912058772163
fixed-00000009,140.0,4.0,-11,0.0018349049154720025,16.544490275662753
fixed-00000009,140.0,4.0,-10,0.0021551173042923147,15.816153021261812
fixed-00000009,140.0,4.0,-9,0.0022928085996048292,15.05355599411152
fixed-00000009,140.0,4.0,-8,0.002831217205554029,14.251197562253566
fixed-00000009,140.0,4.0,-7,0.003848718725147019,13.401935191968334
fixed-00000009,140.0,4.0,-6,0.004397748698700338,12.496206306817058
fixed-00000009,140.0,4.0,-5,0.0036518584522253453,11.520697333479006
fixed-00000009,140.0,4.0,-4,0.011976449152194531,10.45589172636997
fixed-00000009,140.0,4.0,-3,0.008705867094495211,9.27106825583462
fixed-00000009,140.0,4.0,-2,0.018480442329058253,7.9124896307686186
fixed-00000009,140.0,4.0,-1,0.16901128003446197,6.268169548557026
fixed-00000009,140.0,4.0,0,0.48171487339799585,4.000000000000043
fixed-00000009,140.0,4.0,1,0.0,0.0
fixed-00000009,140.0,4.0,2,0.0,0.0
fixed-00000009,140.0,4.0,3,0.0,0.0
fixed-00000009,140.0,4.0,4,0.0,0.0
fixed-00000009,140.0,4.0,5,0.0,0.0
fixed-00000009,140.0,4.0,6,0.0,0.0
fixed-00000009,140.0,4.0,7,0.0,0.0
fixed-00000009,140.0,4.0,8,0.0,0.0
fixed-00000009,140.0,4.0,9,0.0,0.0
fixed-00000009,140.0,4.0,10,0.0,0.0
fixed-00000009,140.0,4.0,11,0.0,0.0
fixed-00000009,140.0,4.0,12,0.0,0.0
fixed-00000009,140.0,4.0,13,0.0,0.0
fixed-00000009,140.0,4.0,14,0.0,0.0
fixed-00000009,140.0,4.0,15,0.0,0.0
fixed-00000009,140.0,4.0,16,0.0,0.0
fixed-00000009,140.0,4.0,17,0.0,0.0
fixed-00000009,140.0,4.0,18,0.0,0.0
fixed-00000009,140.0,4.0,19,0.0,0.0
fixed-00000009,140.0,4.0,20,0.0,0.0
fixed-00000010,150.0,4.0,-20,0.00047104023266622986,21.33937330915093
fixed-00000010,150.0,4.0,-19,0.00046778999591990316,20.81260721870089
fixed-00000010,150.0,4.0,-18,0.00039261007239070335,20.272780035826898
fixed-00000010,150.0,4.0,-17,0.0005492039335412409,19.71881735546995
fixed-00000010,150.0,4.0,-16,0.0006207928680986431,19.149490680969976
fixed-00000010,150.0,4.0,-15,0.0005445176055846465,18.563384620134798
fixed-00000010,150.0,4.0,-14,0.0008238346522797674,17.958854520446636
fixed-00000010,150.0,4.0,-13,0.0009389475241552395,17.333970900377437
fixed-00000010,150.0,4.0,-12,0.0009060007003434562,16.686445270170665
fixed-00000010,150.0,4.0,-11,0.0014164413519410892,16.013529106660258
fixed-00000010,150.0,4.0,-10,0.0016969105554257146,15.311873059069754
fixed-00000010,150.0,4.0,-9,0.0018289012470529466,14.577325397340658
fixed-00000010,150.0,4.0,-8,0.002530323509849085,13.804634215692602
fixed-00000010,150.0,4.0,-7,0.003441954518693931,12.986990452752977
fixed-00000010,150.0,4.0,-6,0.003918670917242157,12.115293466158093
fixed-00000010,150.0,4.0,-5,0.003819612388463225,11.176900501616302
fixed-00000010,150.0,4.0,-4,0.011027466362395745,10.153332615240856
fixed-00000010,150.0,4.0,-3,0.008459943948351277,9.015622340555609
fixed-00000010,150.0,4.0,-2,0.018302593170492064,7.713422675659871
fixed-00000010,150.0,4.0,-1,0.16544574358973096,6.142998339829575
fixed-00000010,150.0,4.0,0,0.42053057007206507,4.000000000000043
fixed-00000010,150.0,4.0,1,0.0,0.0
fixed-00000010,150.0,4.0,2,0.0,0.0
fixed-00000010,150.0,4.0,3,0.0,0.0
fixed-00000010,150.0,4.0,4,0.0,0.0
fixed-00000010,150.0,4.0,5,0.0,0.0
fixed-00000010,150.0,4.0,6,0.0,0.0
fixed-00000010,150.0,4.0,7,0.0,0.0
fixed-00000010,150.0,4.0,8,0.0,0.0
fixed-00000010,150.0,4.0,9,0.0,0.0
fixed-00000010,150.0,4.0,10,0.0,0.0
fixed-00000010,150.0,4.0,11,0.0,0.0
fixed-00000010,150.0,4.0,12,0.0,0.0
fixed-00000010,150.0,4.0,13,0.0,0.0
fixed-00000010,150.0,4.0,14,0.0,0.0
fixed-00000010,150.0,4.0,15,0.0,0.0
fixed-00000010,150.0,4.0,16,0.0,0.0
fixed-00000010,150.0,4.0,17,0.0,0.0
fixed-00000010,150.0,4.0,18,0.0,0.0
fixed-00000010,150.0,4.0,19,0.0,0.0
fixed-00000010,150.0,4.0,20,0.0,0.0
fixed-00000011,160.0,4.0,-20,0.0003879178163710426,20.678914499078303
fixed-00000011,160.0,4.0,-19,0.00037819729424486717,20.170023522549073
fixed-00000011,160.0,4.0,-18,0.0003229203103369251,19.6485188177962
fixed-00000011,160.0,4.0,-17,0.00045792435754883653,19.113366448532148
fixed-00000011,160.0,4.0,-16,0.000507179057929062,18.563384620134826
fixed-00000011,160.0,4.0,-15,0.0004524191752099742,17.997212298226287
fixed-00000011,160.0,4.0,-14,0.0006867126993208182,17.413268710318007
fixed-00000011,160.0,4.0,-13,0.0007692846882007415,16.809700268524495
fixed-00000011,160.0,4.0,-12,0.0007322732890723962,16.18430978152439
fixed-00000011,160.0,4.0,-11,0.0011595188918629795,15.534460149598402
fixed-00000011,160.0,4.0,-10,0.0013618309342528683,14.856940312447804
fixed-00000011,160.0,4.0,-9,0.0014692869531823581,14.147773622565637
fixed-00000011,160.0,4.0,-8,0.0021739469554811373,13.401935191968363
fixed-00000011,160.0,4.0,-7,0.002981799369766216,12.612919034749368
fixed-00000011,160.0,4.0,-6,0.003394226504784903,11.772044157333355
fixed-00000011,160.0,4.0,-5,0.0038115447512258103,10.867276770488644
fixed-00000011,160.0,4.0,-4,0.01001166789744714,9.881078656044693
fixed-00000011,160.0,4.0,-3,0.008012299510416427,8.786068711064956
fixed-00000011,160.0,4.0,-2,0.018041370007401598,7.534952908764481
fixed-00000011,160.0,4.0,-1,0.15947760606834102,6.03135129215535
fixed-00000011,160.0,4.0,0,0.3640364293371573,4.000000000000128
fixed-00000011,160.0,4.0,1,0.0,0.0
fixed-00000011,160.0,4.0,2,0.0,0.0
fixed-00000011,160.0,4.0,3,0.0,0.0
fixed-00000011,160.0,4.0,4,0.0,0.0
fixed-00000011,160.0,4.0,5,0.0,0.0
fixed-00000011,160.0,4.0,6,0.0,0.0
fixed-00000011,160.0,4.0,7,0.0,0.0
fixed-00000011,160.0,4.0,8,0.0,0.0
fixed-00000011,160.0,4.0,9,0.0,0.0
fixed-00000011,160.0,4.0,10,0.0,0.0
fixed-00000011,160.0,4.0,11,0.0,0.0
fixed-00000011,160.0,4.0,12,0.0,0.0
fixed-00000011,160.0,4.0,13,0.0,0.0
fixed-00000011,160.0,4.0,14,0.0,0.0
fixed-00000011,160.0,4.0,15,0.0,0.0
fixed-00000011,160.0,4.0,16,0.0,0.0
fixed-00000011,160.0,4.0,17,0.0,0.0
fixed-00000011,160.0,4.0,18,0.0,0.0
fixed-00000011,160.0,4.0,19,0.0,0.0
fixed-00000011,160.0,4.0,20,0.0,0.0
fixed-00000012,170.0,4.0,-20,0.00031574614318588534,20.078937587093307
fixed-00000012,170.0,4.0,-19,0.00030224846461780443,19.586289471248577
fixed-00000012,170.0,4.0,-18,0.000259234234592926,19.08143745864639
fixed-00000012,170.0,4.0,-17,0.00037359441620400387,18.563384620134798
fixed-00000012,170.0,4.0,-16,0.00040362375893522845,18.030991870959312
fixed-00000012,170.0,4.0,-15,0.00036472457197052024,17.482947890801668
fixed-00000012,170.0,4.0,-14,0.0005596558620333973,16.917730332891097
fixed-00000012,170.0,4.0,-13,0.0006149196778970422,16.333555025629337
fixed-00000012,170.0,4.0,-12,0.0005863150875715417,15.728308285955407
fixed-00000012,170.0,4.0,-11,0.0009353656328480654,15.099454930199627
fixed-00000012,170.0,4.0,-10,0.001069459950654296,14.443910384212742
fixed-00000012,170.0,4.0,-9,0.0011425193284764967,13.757858124151412
fixed-00000012,170.0,4.0,-8,0.0017408765658665406,13.036480848951996
fixed-00000012,170.0,4.0,-7,0.0023871843140407375,12.273549626976305
fixed-00000012,170.0,4.0,-6,0.0027076347033064565,11.460766897267831
fixed-00000012,170.0,4.0,-5,0.0034232494657737717,10.586654831666635
fixed-00000012,170.0,4.0,-4,0.008533175085767836,9.634532883621333
fixed-00000012,170.0,4.0,-3,0.006997712100266057,8.578462776597007
fixed-00000012,170.0,4.0,-2,0.017065415748303846,7.37391453146995
fixed-00000012,170.0,4.0,-1,0.1464030617566264,5.931100707011396
fixed-00000012,170.0,4.0,0,0.3043279585112228,4.000000000000043
fixed-00000012,170.0,4.0,1,0.0,0.0
fixed-00000012,170.0,4.0,2,0.0,0.0
fixed-00000012,170.0,4.0,3,0.0,0.0
fixed-00000012,170.0,4.0,4,0.0,0.0
fixed-00000012,170.0,4.0,5,0.0,0.0
fixed-00000012,170.0,4.0,6,0.0,0.0
fixed-00000012,170.0,4.0,7,0.0,0.0
fixed-00000012,170.0,4.0,8,0.0,0.0
fixed-00000012,170.0,4.0,9,0.0,0.0
fixed-00000012,170.0,4.0,10,0.0,0.0
fixed-00000012,170.0,4.0,11,0.0,0.0
fixed-00000012,170.0,4.0,12,0.0,0.0
fixed-00000012,170.0,4.0,13,0.0,0.0
fixed-00000012,170.0,4.0,14,0.0,0.0
fixed-00000012,170.0,4.0,15,0.0,0.0
fixed-00000012,170.0,4.0,16,0.0,0.0
fixed-00000012,170.0,4.0,17,0.0,0.0
fixed-00000012,170.0,4.0,18,0.0,0.0
fixed-00000012,170.0,4.0,19,0.0,0.0
fixed-00000012,170.0,4.0,20,0.0,0.0
fixed-00000013,180.0,4.0,-20,0.0002820137817418496,19.530814598225575
fixed-00000013,180.0,4.0,-19,0.000264849254075063,19.053012891096714
fixed-00000013,180.0,4.0,-18,0.00022804630200095805,18.563384620134798
fixed-00000013,180.0,4.0,-17,0.00033102644872539175,18.06096687878967
fixed-00000013,180.0,4.0,-16,0.0003502452150297716,17.544659849708694
fixed-00000013,180.0,4.0,-15,0.0003174574259384871,17.013197921647617
fixed-00000013,180.0,4.0,-14,0.0004929969364431938,16.46511246866092
fixed-00000013,180.0,4.0,-13,0.0005279715222497115,15.898683146952209
fixed-00000013,180.0,4.0,-12,0.0005073344109846759,15.311873059069725
fixed-00000013,180.0,4.0,-11,0.0008170705205896303,14.702240730771123
fixed-00000013,180.0,4.0,-10,0.0009081400135722345,14.066817881848479
fixed-00000013,180.0,4.0,-9,0.0009724249674615,13.401935191968363
fixed-00000013,180.0,4.0,-8,0.0015010143128991703,12.702966158118315
fixed-00000013,180.0,4.0,-7,0.0020100771014429984,11.96393641047473
fixed-00000013,180.0,4.0,-6,0.0022821313626637933,11.176900501616302
fixed-00000013,180.0,4.0,-5,0.0030680810722930694,10.330890706572049
fixed-00000013,180.0,4.0,-4,0.007393111167316553,9.410012267886245
fixed-00000013,180.0,4.0,-3,0.006137214173643049,8.389645509317262
fixed-00000013,180.0,4.0,-2,0.016164355161177382,7.227774780095132
fixed-00000013,180.0,4.0,-1,0.13435330730422654,5.840549916165145
fixed-00000013,180.0,4.0,0,0.2540952970498899,4.000000000000043
fixed-00000013,180.0,4.0,1,0.0,0.0
fixed-00000013,180.0,4.0,2,0.0,0.0
fixed-00000013,180.0,4.0,3,0.0,0.0
fixed-00000013,180.0,4.0,4,0.0,0.0
fixed-00000013,180.0,4.0,5,0.0,0.0
fixed-00000013,180.0,4.0,6,0.0,0.0
fixed-00000013,180.0,4.0,7,0.0,0.0
fixed-00000013,180.0,4.0,8,0.0,0.0
fixed-00000013,180.0,4.0,9,0.0,0.0
fixed-00000013,180.0,4.0,10,0.0,0.0
fixed-00000013,180.0,4.0,11,0.0,0.0
fixed-00000013,180.0,4.0,12,0.0,0.0
fixed-00000013,180.0,4.0,13,0.0,0.0
fixed-00000013,180.0,4.0,14,0.0,0.0
fixed-00000013,180.0,4.0,15,0.0,0.0
fixed-00000013,180.0,4.0,16,0.0,0.0
fixed-00000013,180.0,4.0,17,0.0,0.0
fixed-00000013,180.0,4.0,18,0.0,0.0
fixed-00000013,180.0,4.0,19,0.0,0.0
fixed-00000013,180.0,4.0,20,0.0,0.0
fixed-00000014,190.0,4.0,-20,0.00028049655723057075,19.027545728760387
fixed-00000014,190.0,4.0,-19,0.00025743479456940595,18.563384620134798
fixed-00000014,190.0,4.0,-18,0.00022369546590972914,18.087745917971517
fixed-00000014,190.0,4.0,-17,0.0003249349431425157,17.599698142746774
fixed-00000014,190.0,4.0,-16,0.00033721274573121624,17.098177750245895
fixed-00000014,190.0,4.0,-15,0.0003076985091530965,16.581961354199663
fixed-00000014,190.0,4.0,-14,0.00048149395034787114,16.04962995579325
fixed-00000014,190.0,4.0,-13,0.0005023841451591406,15.49952217558176
fixed-00000014,190.0,4.0,-12,0.00048743958926459653,14.929672049973433
fixed-00000014,190.0,4.0,-11,0.0007926791685677141,14.337724668923613
fixed-00000014,190.0,4.0,-10,0.0008515888159117346,13.720819169692376
fixed-00000014,190.0,4.0,-9,0.0009221094064637543,13.075422179669076
fixed-00000014,190.0,4.0,-8,0.0014405408483658348,12.397083362613174
fixed-00000014,190.0,4.0,-7,0.0018537522704742326,11.680063301026976
fixed-00000014,190.0,4.0,-6,0.002133395309709177,10.916741345033458
fixed-00000014,190.0,4.0,-5,0.002963726495613013,10.096619860707108
fixed-00000014,190.0,4.0,-4,0.00683660657796677,9.204527144434891
fixed-00000014,190.0,4.0,-3,0.005751390569035862,8.217053724399236
fixed-00000014,190.0,4.0,-2,0.01597706833527815,7.094480733772272
fixed-00000014,190.0,4.0,-1,0.12774019470681258,5.758328175331556
fixed-00000014,190.0,4.0,0,0.21852418136098237,4.000000000000043
fixed-00000014,190.0,4.0,1,0.0,0.0
fixed-00000014,190.0,4.0,2,0.0,0.0
fixed-00000014,190.0,4.0,3,0.0,0.0
fixed-00000014,190.0,4.0,4,0.0,0.0
fixed-00000014,190.0,4.0,5,0.0,0.0
fixed-00000014,190.0,4.0,6,0.0,0.0
fixed-00000014,190.0,4.0,7,0.0,0.0
fixed-00000014,190.0,4.0,8,0.0,0.0
fixed-00000014,190.0,4.0,9,0.0,0.0
fixed-00000014,190.0,4.0,10,0.0,0.0
fixed-00000014,190.0,4.0,11,0.0,0.0
fixed-00000014,190.0,4.0,12,0.0,0.0
fixed-00000014,190.0,4.0,13,0.0,0.0
fixed-00000014,190.0,4.0,14,0.0,0.0
fixed-00000014,190.0,4.0,15,0.0,0.0
fixed-00000014,190.0,4.0,16,0.0,0.0
fixed-00000014,190.0,4.0,17,0.0,0.0
fixed-00000014,190.0,4.0,18,0.0,0.0
fixed-00000014,190.0,4.0,19,0.0,0.0
fixed-00000014,190.0,4.0,20,0.0,0.0
fixed-00000015,200.0,4.0,-20,0.0002853887077429191,18.563384620134798
fixed-00000015,200.0,4.0,-19,0.0002545203626329458,18.11181433101568
fixed-00000015,200.0,4.0,-18,0.0002251907896867577,17.649090489235533
fixed-00000015,200.0,4.0,-17,0.000326777800594949,17.17431076750566
fixed-00000015,200.0,4.0,-16,0.00033054785550410434,16.686445270170665
fixed-00000015,200.0,4.0,-15,0.0003071095815831893,16.184309781524362
fixed-00000015,200.0,4.0,-14,0.00048283713733880045,15.666531340439832
fixed-00000015,200.0,4.0,-13,0.0004878146924346209,15.13150326662813
fixed-00000015,200.0,4.0,-12,0.00048344189988778303,14.577325397340658
fixed-00000015,200.0,4.0,-11,0.0007920894946247419,14.001723117605522
fixed-00000015,200.0,4.0,-10,0.0008174344175980838,13.401935191968334
fixed-00000015,200.0,4.0,-9,0.00090531042572549,12.774554314257855
fixed-00000015,200.0,4.0,-8,0.0014323510170767767,12.115293466158093
fixed-00000015,200.0,4.0,-7,0.0017572878194614433,11.41863095571108
fixed-00000015,200.0,4.0,-6,0.0020655814385033334,10.677246924869166
fixed-00000015,200.0,4.0,-5,0.002970725997463282,9.88107865604465
fixed-00000015,200.0,4.0,-4,0.006470753039629821,9.015622340555609
fixed-00000015,200.0,4.0,-3,0.005485443181793645,8.058583440755712
fixed-00000015,200.0,4.0,-2,0.016317340916318288,6.972349028947534
fixed-00000015,200.0,4.0,-1,0.12242569752316836,5.683315135192018
fixed-00000015,200.0,4.0,0,0.19176375739955606,4.000000000000043
fixed-00000015,200.0,4.0,1,0.0,0.0
fixed-00000015,200.0,4.0,2,0.0,0.0
fixed-00000015,200.0,4.0,3,0.0,0.0
fixed-00000015,200.0,4.0,4,0.0,0.0
fixed-00000015,200.0,4.0,5,0.0,0.0
fixed-00000015,200.0,4.0,6,0.0,0.0
fixed-00000015,200.0,4.0,7,0.0,0.0
fixed-00000015,200.0,4.0,8,0.0,0.0
fixed-00000015,200.0,4.0,9,0.0,0.0
fixed-00000015,200.0,4.0,10,0.0,0.0
fixed-00000015,200.0,4.0,11,0.0,0.0
fixed-00000015,200.0,4.0,12,0.0,0.0
fixed-00000015,200.0,4.0,13,0.0,0.0
fixed-00000015,200.0,4.0,14,0.0,0.0
fixed-00000015,200.0,4.0,15,0.0,0.0
fixed-00000015,200.0,4.0,16,0.0,0.0
fixed-00000015,200.0,4.0,17,0.0,0.0
fixed-00000015,200.0,4.0,18,0.0,0.0
fixed-00000015,200.0,4.0,19,0.0,0.0
fixed-00000015,200.0,4.0,20,0.0,0.0
fixed-00000016,210.0,4.0,-20,0.00026379454011475807,18.133563909262662
fixed-00000016,210.0,4.0,-19,0.0002276978886799879,17.69366376630488
fixed-00000016,210.0,4.0,-18,0.00020192846814657257,17.242912058772163
fixed-00000016,210.0,4.0,-17,0.00030117417442649546,16.78043360412154
fixed-00000016,210.0,4.0,-16,0.0002937230761698295,16.30522983876051
fixed-00000016,210.0,4.0,-15,0.00027320418663766266,15.816153021261812
fixed-00000016,210.0,4.0,-14,0.00044714225622647866,15.311873059069725
fixed-00000016,210.0,4.0,-13,0.00043013077368333883,14.79083420461042
fixed-00000016,210.0,4.0,-12,0.00042951584038336874,14.251197562253566
fixed-00000016,210.0,4.0,-11,0.0007359306987827984,13.690763273626388
fixed-00000016,210.0,4.0,-10,0.0007143744834503171,13.106862846525061
fixed-00000016,210.0,4.0,-9,0.0008048903183728326,12.496206306817086
fixed-00000016,210.0,4.0,-8,0.0013279475104538713,11.854658593029981
fixed-00000016,210.0,4.0,-7,0.0015328847670500222,11.176900501616302
fixed-00000016,210.0,4.0,-6,0.001831964529485607,10.45589172636997
fixed-00000016,210.0,4.0,-5,0.0027499640136136767,9.681973335802653
fixed-00000016,210.0,4.0,-4,0.005819589661984137,8.841260597125114
fixed-00000016,210.0,4.0,-3,0.004735952659872992,7.912489630768675
fixed-00000016,210.0,4.0,-2,0.015921235491855777,6.85998498024081
fixed-00000016,210.0,4.0,-1,0.11689096686332523,5.614585555098117
fixed-00000016,210.0,4.0,0,0.1524048483133694,4.000000000000043
fixed-00000016,210.0,4.0,1,0.040040995695713885,0.6990406976807151
fixed-00000016,210.0,4.0,2,0.0,0.0
fixed-00000016,210.0,4.0,3,0.0,0.0
fixed-00000016,210.0,4.0,4,0.0,0.0
fixed-00000016,210.0,4.0,5,0.0,0.0
fixed-00000016,210.0,4.0,6,0.0,0.0
fixed-00000016,210.0,4.0,7,0.0,0.0
fixed-00000016,210.0,4.0,8,0.0,0.0
fixed-00000016,210.0,4.0,9,0.0,0.0
fixed-00000016,210.0,4.0,10,0.0,0.0
fixed-00000016,210.0,4.0,11,0.0,0.0
fixed-00000016,210.0,4.0,12,0.0,0.0
fixed-00000016,210.0,4.0,13,0.0,0.0
fixed-00000016,210.0,4.0,14,0.0,0.0
fixed-00000016,210.0,4.0,15,0.0,0.0
fixed-00000016,210.0,4.0,16,0.0,0.0
fixed-00000016,210.0,4.0,17,0.0,0.0
fixed-00000016,210.0,4.0,18,0.0,0.0
fixed-00000016,210.0,4.0,19,0.0,0.0
fixed-00000016,210.0,4.0,20,0.0,0.0
fixed-00000017,220.0,4.0,-20,0.00024140066115208906,17.73409081271616
fixed-00000017,220.0,4.0,-19,0.0002052439603075238,17.305048019521294
fixed-00000017,220.0,4.0,-18,0.00018152630644152965,16.86543602782575
fixed-00000017,220.0,4.0,-17,0.0002743953662379147,16.414405017153385
fixed-00000017,220.0,4.0,-16,0.0002646579274334387,15.950985698613678
fixed-00000017,220.0,4.0,-15,0.00024307351678836897,15.474064410036164
fixed-00000017,220.0,4.0,-14,0.0004095840238751607,14.982351111948859
fixed-00000017,220.0,4.0,-13,0.0003860131387803643,14.474337642723825
fixed-00000017,220.0,4.0,-12,0.0003810197938170392,13.948242344473982
fixed-00000017,220.0,4.0,-11,0.0006780940197209184,13.401935191968377
fixed-00000017,220.0,4.0,-10,0.0006360529654455686,12.832834315133255
fixed-00000017,220.0,4.0,-9,0.000715751676852441,12.237759303340212
fixed-00000017,220.0,4.0,-8,0.001226952989693618,11.612716944258509
fixed-00000017,220.0,4.0,-7,0.001352592635218426,10.952576962541741
fixed-00000017,220.0,4.0,-6,0.0016482177382631065,10.250559696102783
fixed-00000017,220.0,4.0,-5,0.0025359176885430186,9.49738228221355
fixed-00000017,220.0,4.0,-4,0.005236379099149027,8.679735599183942
fixed-00000017,220.0,4.0,-3,0.004351885213584583,7.777311442431525
fixed-00000017,220.0,4.0,-2,0.014827724451625984,6.756222279782023
fixed-00000017,220.0,4.0,-1,0.11172342611486509,5.551368162118536
fixed-00000017,220.0,4.0,0,0.11969911762765895,4.000000000000043
fixed-00000017,220.0,4.0,1,0.060383752249222176,1.0924531720081205
fixed-00000017,220.0,4.0,2,0.0,0.0
fixed-00000017,220.0,4.0,3,0.0,0.0
fixed-00000017,220.0,4.0,4,0.0,0.0
fixed-00000017,220.0,4.0,5,0.0,0.0
fixed-00000017,220.0,4.0,6,0.0,0.0
fixed-00000017,220.0,4.0,7,0.0,0.0
fixed-00000017,220.0,4.0,8,0.0,0.0
fixed-00000017,220.0,4.0,9,0.0,0.0
fixed-00000017,220.0,4.0,10,0.0,0.0
fixed-00000017,220.0,4.0,11,0.0,0.0
fixed-00000017,220.0,4.0,12,0.0,0.0
fixed-00000017,220.0,4.0,13,0.0,0.0
fixed-00000017,220.0,4.0,14,0.0,0.0
fixed-00000017,220.0,4.0,15,0.0,0.0
fixed-00000017,220.0,4.0,16,0.0,0.0
fixed-00000017,220.0,4.0,17,0.0,0.0
fixed-00000017,220.0,4.0,18,0.0,0.0
fixed-00000017,220.0,4.0,19,0.0,0.0
fixed-00000017,220.0,4.0,20,0.0,0.0
fixed-00000018,230.0,4.0,-20,0.00023297019508110948,17.361592560354026
fixed-00000018,230.0,4.0,-19,0.00019470139609868034,16.942685258157596
fixed-00000018,230.0,4.0,-18,0.00017234827148341017,16.513473571464004
fixed-00000018,230.0,4.0,-17,0.0002614328913354017,16.07313144984927
fixed-00000018,230.0,4.0,-16,0.00025060159058175286,15.62071704156071
fixed-00000018,230.0,4.0,-15,0.00022737656586623126,15.155148624219663
fixed-00000018,230.0,4.0,-14,0.00039123597626441363,14.675173695966748
fixed-00000018,230.0,4.0,-13,0.00036343142634953326,14.179328690446923
fixed-00000018,230.0,4.0,-12,0.0003536685945388181,13.665885586158865
fixed-00000018,230.0,4.0,-11,0.0006507858516413333,13.13277978959242
fixed-00000018,230.0,4.0,-10,0.0005914111253148028,12.577510579407715
fixed-00000018,230.0,4.0,-9,0.0006640628075156952,11.997000160210277
fixed-00000018,230.0,4.0,-8,0.0011776154360055142,11.387388125912437
fixed-00000018,230.0,4.0,-7,0.0012347055309366228,10.743720994389975
fixed-00000018,230.0,4.0,-6,0.0015409169791099028,10.059462823221452
fixed-00000018,230.0,4.0,-5,0.002407566698279457,9.325682005200974
fixed-00000018,230.0,4.0,-4,0.00481188918081083,8.529606124486918
fixed-00000018,230.0,4.0,-3,0.004130887040543458,7.651815588106331
fixed-00000018,230.0,4.0,-2,0.0139895480554137,6.660077368214232
fixed-00000018,230.0,4.0,-1,0.1076008742665311,5.493014580257693
fixed-00000018,230.0,4.0,0,0.09473698552040011,4.000000000000043
fixed-00000018,230.0,4.0,1,0.073379153881905,1.3553543387345144
fixed-00000018,230.0,4.0,2,0.0,0.0
fixed-00000018,230.0,4.0,3,0.0,0.0
fixed-00000018,230.0,4.0,4,0.0,0.0
fixed-00000018,230.0,4.0,5,0.0,0.0
fixed-00000018,230.0,4.0,6,0.0,0.0
fixed-00000018,230.0,4.0,7,0.0,0.0
fixed-00000018,230.0,4.0,8,0.0,0.0
fixed-00000018,230.0,4.0,9,0.0,0.0
fixed-00000018,230.0,4.0,10,0.0,0.0
fixed-00000018,230.0,4.0,11,0.0,0.0
fixed-00000018,230.0,4.0,12,0.0,0.0
fixed-00000018,230.0,4.0,13,0.0,0.0
fixed-00000018,230.0,4.0,14,0.0,0.0
fixed-00000018,230.0,4.0,15,0.0,0.0
fixed-00000018,230.0,4.0,16,0.0,0.0
fixed-00000018,230.0,4.0,17,0.0,0.0
fixed-00000018,230.0,4.0,18,0.0,0.0
fixed-00000018,230.0,4.0,19,0.0,0.0
fixed-00000018,230.0,4.0,20,0.0,0.0
fixed-00000019,240.0,4.0,-20,0.00023897265954487477,17.01319792164763
fixed-00000019,240.0,4.0,-19,0.0001955268145146498,16.60378152529381
fixed-00000019,240.0,4.0,-18,0.00017438378363206051,16.18430978152439
fixed-00000019,240.0,4.0,-17,0.0002629707292663404,15.753978980891489
fixed-00000019,240.0,4.0,-16,0.0002510046820889432,15.311873059069754
fixed-00000019,240.0,4.0,-15,0.00022651029300144269,14.856940312447833
fixed-00000019,240.0,4.0,-14,0.00039358800241131794,14.387963517781984
fixed-00000019,240.0,4.0,-13,0.00036284178007497074,13.903521017776214
fixed-00000019,240.0,4.0,-12,0.0003481853554306363,13.401935191968363
fixed-00000019,240.0,4.0,-11,0.0006586739664270572,12.881202923645205
fixed-00000019,240.0,4.0,-10,0.0005832827031460933,12.338899720932332
fixed-00000019,240.0,4.0,-9,0.0006516211446906972,11.772044157333369
fixed-00000019,240.0,4.0,-8,0.0011954874044338918,11.176900501616302
fixed-00000019,240.0,4.0,-7,0.0011880687135003038,10.548681150469449
fixed-00000019,240.0,4.0,-6,0.0015217717303117016,9.881078656044693
fixed-00000019,240.0,4.0,-5,0.002410305829471753,9.165490343367907
fixed-00000019,240.0,4.0,-4,0.0045932837006363025,8.389645509317262
fixed-00000019,240.0,4.0,-3,0.004127196957395793,7.534952908764538
fixed-00000019,240.0,4.0,-2,0.01358563667707815,6.570714442852491
fixed-00000019,240.0,4.0,-1,0.10623149673235266,5.438975549640787
fixed-00000019,240.0,4.0,0,0.07608970964905487,4.000000000000128
fixed-00000019,240.0,4.0,1,0.084061748312716,1.5578535504268984
fixed-00000019,240.0,4.0,2,0.0,0.0
fixed-00000019,240.0,4.0,3,0.0,0.0
fixed-00000019,240.0,4.0,4,0.0,0.0
fixed-00000019,240.0,4.0,5,0.0,0.0
fixed-00000019,240.0,4.0,6,0.0,0.0
fixed-00000019,240.0,4.0,7,0.0,0.0
fixed-00000019,240.0,4.0,8,0.0,0.0
fixed-00000019,240.0,4.0,9,0.0,0.0
fixed-00000019,240.0,4.0,10,0.0,0.0
fixed-00000019,240.0,4.0,11,0.0,0.0
fixed-00000019,240.0,4.0,12,0.0,0.0
fixed-00000019,240.0,4.0,13,0.0,0.0
fixed-00000019,240.0,4.0,14,0.0,0.0
fixed-00000019,240.0,4.0,15,0.0,0.0
fixed-00000019,240.0,4.0,16,0.0,0.0
fixed-00000019,240.0,4.0,17,0.0,0.0
fixed-00000019,240.0,4.0,18,0.0,0.0
fixed-00000019,240.0,4.0,19,0.0,0.0
fixed-00000019,240.0,4.0,20,0.0,0.0
fixed-00000020,250.0,4.0,-20,0.00024001295691704965,16.686445270170665
fixed-00000020,250.0,4.0,-19,0.00019222094595315137,16.285941336994114
fixed-00000020,250.0,4.0,-18,0.00017389476939571442,15.875616848789647
fixed-00000020,250.0,4.0,-17,0.0002603557363110541,15.454689148224062
fixed-00000020,250.0,4.0,-16,0.000246660041904446,15.022266470358943
fixed-00000020,250.0,4.0,-15,0.00022374462312483163,14.577325397340715
fixed-00000020,250.0,4.0,-14,0.0003902665826426733,14.11868194632234
fixed-00000020,250.0,4.0,-13,0.0003572754244952376,13.644953944975029
fixed-00000020,250.0,4.0,-12,0.00034093033133034156,13.154511253697052
fixed-00000020,250.0,4.0,-11,0.0006591814560892962,12.645408662197411
fixed-00000020,250.0,4.0,-10,0.0005715233989397577,12.115293466158121
fixed-00000020,250.0,4.0,-9,0.0006368106958034423,11.561274966505863
fixed-00000020,250.0,4.0,-8,0.0012087775825460531,10.979734761202295
fixed-00000020,250.0,4.0,-7,0.0011425868839579326,10.366041263914951
fixed-00000020,250.0,4.0,-6,0.00150111937144547,9.714101762495858
fixed-00000020,250.0,4.0,-5,0.002432032356999913,9.01562234055568
fixed-00000020,250.0,4.0,-4,0.004372514515857282,8.258802394264194
fixed-00000020,250.0,4.0,-3,0.0041425744844290685,7.425824639985038
fixed-00000020,250.0,4.0,-2,0.013221589426314784,6.487418295723927
fixed-00000020,250.0,4.0,-1,0.10447520197216144,5.388782503478367
fixed-00000020,250.0,4.0,0,0.06060395119774326,4.000000000000128
fixed-00000020,250.0,4.0,1,0.09275931916503243,1.7232677700620371
fixed-00000020,250.0,4.0,2,0.0,0.0
fixed-00000020,250.0,4.0,3,0.0,0.0
fixed-00000020,250.0,4.0,4,0.0,0.0
fixed-00000020,250.0,4.0,5,0.0,0.0
fixed-00000020,250.0,4.0,6,0.0,0.0
fixed-00000020,250.0,4.0,7,0.0,0.0
fixed-00000020,250.0,4.0,8,0.0,0.0
fixed-00000020,250.0,4.0,9,0.0,0.0
fixed-00000020,250.0,4.0,10,0.0,0.0
fixed-00000020,250.0,4.0,11,0.0,0.0
fixed-00000020,250.0,4.0,12,0.0,0.0
fixed-00000020,250.0,4.0,13,0.0,0.0
fixed-00000020,250.0,4.0,14,0.0,0.0
fixed-00000020,250.0,4.0,15,0.0,0.0
fixed-00000020,250.0,4.0,16,0.0,0.0
fixed-00000020,250.0,4.0,17,0.0,0.0
fixed-00000020,250.0,4.0,18,0.0,0.0
fixed-00000020,250.0,4.0,19,0.0,0.0
fixed-00000020,250.0,4.0,20,0.0,0.0
fixed-00000021,260.0,4.0,-20,0.00024133611127758912,16.379210436004684
fixed-00000021,260.0,4.0,-19,0.0001889607744828827,15.987097516269017
fixed-00000021,260.0,4.0,-18,0.00017353591258723673,15.58538591965737
fixed-00000021,260.0,4.0,-17,0.00025740182595964425,15.173312873518526
fixed-00000021,260.0,4.0,-16,0.00024214133887690963,14.750009564284554
fixed-00000021,260.0,4.0,-15,0.0002209573850682115,14.314479289708373
fixed-00000021,260.0,4.0,-14,0.0003856559551934226,13.865569460383654
fixed-00000021,260.0,4.0,-13,0.00035129503469138865,13.401935191968363
fixed-00000021,260.0,4.0,-12,0.00033292093901681136,12.921991178661202
fixed-00000021,260.0,4.0,-11,0.0006568028166909579,12.423846879528327
fixed-00000021,260.0,4.0,-10,0.0005586537640408623,11.905217349750558
fixed-00000021,260.0,4.0,-9,0.000619607386859418,11.363297500741439
fixed-00000021,260.0,4.0,-8,0.001215840978500091,10.794579595613783
fixed-00000021,260.0,4.0,-7,0.0010938498736375024,10.194579116674106
fixed-00000021,260.0,4.0,-6,0.0014728268984080944,9.557405601711935
fixed-00000021,260.0,4.0,-5,0.002440339033716761,8.875055586881174
fixed-00000021,260.0,4.0,-4,0.00413046019412908,8.136169892284855
fixed-00000021,260.0,4.0,-3,0.004134814602282498,7.32365592105198
fixed-00000021,260.0,4.0,-2,0.012783291573448277,6.409572995038118
fixed-00000021,260.0,4.0,-1,0.10195629324804749,5.342033137263584
fixed-00000021,260.0,4.0,0,0.0474087566077828,3.999999999999943
fixed-00000021,260.0,4.0,1,0.09969605507785073,1.8629706538812485
fixed-00000021,260.0,4.0,2,0.0,0.0
fixed-00000021,260.0,4.0,3,0.0,0.0
fixed-00000021,260.0,4.0,4,0.0,0.0
fixed-00000021,260.0,4.0,5,0.0,0.0
fixed-00000021,260.0,4.0,6,0.0,0.0
fixed-00000021,260.0,4.0,7,0.0,0.0
fixed-00000021,260.0,4.0,8,0.0,0.0
fixed-00000021,260.0,4.0,9,0.0,0.0
fixed-00000021,260.0,4.0,10,0.0,0.0
fixed-00000021,260.0,4.0,11,0.0,0.0
fixed-00000021,260.0,4.0,12,0.0,0.0
fixed-00000021,260.0,4.0,13,0.0,0.0
fixed-00000021,260.0,4.0,14,0.0,0.0
fixed-00000021,260.0,4.0,15,0.0,0.0
fixed-00000021,260.0,4.0,16,0.0,0.0
fixed-00000021,260.0,4.0,17,0.0,0.0
fixed-00000021,260.0,4.0,18,0.0,0.0
fixed-00000021,260.0,4.0,19,0.0,0.0
fixed-00000021,260.0,4.0,20,0.0,0.0
fixed-00000022,270.0,4.0,-20,0.00024152874708449984,16.08964950237933
fixed-00000022,270.0,4.0,-19,0.0001849135399976872,15.705455556386227
fixed-00000022,270.0,4.0,-18,0.00017328622405147595,15.311873059069725
fixed-00000022,270.0,4.0,-17,0.0002542718509759054,14.908158060804453
fixed-00000022,270.0,4.0,-16,0.00023681607437180162,14.493463473362837
fixed-00000022,270.0,4.0,-15,0.00021952621914373565,14.066817881848507
fixed-00000022,270.0,4.0,-14,0.0003810520069634678,13.627098410003597
fixed-00000022,270.0,4.0,-13,0.0003453839731132331,13.172995462424524
fixed-00000022,270.0,4.0,-12,0.0003279777056242031,12.702966158118315
fixed-00000022,270.0,4.0,-11,0.0006553853554388198,12.215171679035521
fixed-00000022,270.0,4.0,-10,0.0005491988369553874,11.707391172695964
fixed-00000022,270.0,4.0,-9,0.0006080280864532201,11.176900501616302
fixed-00000022,270.0,4.0,-8,0.0012303059740801337,10.620296524793474
fixed-00000022,270.0,4.0,-7,0.0010575603637024695,10.033233642263525
fixed-00000022,270.0,4.0,-6,0.0014576593297508285,9.410012267886245
fixed-00000022,270.0,4.0,-5,0.002481593532668826,8.742902716320742
fixed-00000022,270.0,4.0,-4,0.003920721505579967,8.020961125094075
fixed-00000022,270.0,4.0,-3,0.004170675817009526,7.227774780095174
fixed-00000022,270.0,4.0,-2,0.012443131595390428,6.336644982795491
fixed-00000022,270.0,4.0,-1,0.0996521521545553,5.298379990270192
fixed-00000022,270.0,4.0,0,0.036817233208438625,4.000000000000043
fixed-00000022,270.0,4.0,1,0.10579256264264247,1.9835743440105915
fixed-00000022,270.0,4.0,2,0.0,0.0
fixed-00000022,270.0,4.0,3,0.0,0.0
fixed-00000022,270.0,4.0,4,0.0,0.0
fixed-00000022,270.0,4.0,5,0.0,0.0
fixed-00000022,270.0,4.0,6,0.0,0.0
fixed-00000022,270.0,4.0,7,0.0,0.0
fixed-00000022,270.0,4.0,8,0.0,0.0
fixed-00000022,270.0,4.0,9,0.0,0.0
fixed-00000022,270.0,4.0,10,0.0,0.0
fixed-00000022,270.0,4.0,11,0.0,0.0
fixed-00000022,270.0,4.0,12,0.0,0.0
fixed-00000022,270.0,4.0,13,0.0,0.0
fixed-00000022,270.0,4.0,14,0.0,0.0
fixed-00000022,270.0,4.0,15,0.0,0.0
fixed-00000022,270.0,4.0,16,0.0,0.0
fixed-00000022,270.0,4.0,17,0.0,0.0
fixed-00000022,270.0,4.0,18,0.0,0.0
fixed-00000022,270.0,4.0,19,0.0,0.0
fixed-00000022,270.0,4.0,20,0.0,0.0
fixed-00000023,280.0,4.0,-20,0.0002279815805493944,15.816153021261812
fixed-00000023,280.0,4.0,-19,0.00017101860966699538,15.439449087160426
fixed-00000023,280.0,4.0,-18,0.00016371170167071318,15.05355599411152
fixed-00000023,280.0,4.0,-17,0.00023838580099834754,14.657747646499345
fixed-00000023,280.0,4.0,-16,0.00021930760463979257,14.251197562253566
fixed-00000023,280.0,4.0,-15,0.00020684502554716135,13.832958309872055
fixed-00000023,280.0,4.0,-14,0.00035806724480338416,13.401935191968334
fixed-00000023,280.0,4.0,-13,0.0003218350379364337,12.956852076462738
fixed-00000023,280.0,4.0,-12,0.0003074322898124756,12.496206306817058
fixed-00000023,280.0,4.0,-11,0.0006229102515161198,12.018208096115075
fixed-00000023,280.0,4.0,-10,0.0005130845655868916,11.520697333479006
fixed-00000023,280.0,4.0,-9,0.0005700429972750946,11.001026574425026
fixed-00000023,280.0,4.0,-8,0.0011882888894373931,10.45589172636997
fixed-00000023,280.0,4.0,-7,0.0009783816022863794,9.881078656044693
fixed-00000023,280.0,4.0,-6,0.0013828154267705492,9.27106825583462
fixed-00000023,280.0,4.0,-5,0.0024273364227933095,8.618389378622567
fixed-00000023,280.0,4.0,-4,0.0035894101250342424,7.9124896307686186
fixed-00000023,280.0,4.0,-3,0.00405426042717819,7.137595307370333
fixed-00000023,280.0,4.0,-2,0.011806626488858914,6.268169548557026
fixed-00000023,280.0,4.0,-1,0.09467916521827006,5.257521326257304
fixed-00000023,280.0,4.0,0,0.027717145725870973,4.000000000000043
fixed-00000023,280.0,4.0,1,0.1092275733264579,2.089341578597498
fixed-00000023,280.0,4.0,2,0.0,0.0
fixed-00000023,280.0,4.0,3,0.0,0.0
fixed-00000023,280.0,4.0,4,0.0,0.0
fixed-00000023,280.0,4.0,5,0.0,0.0
fixed-00000023,280.0,4.0,6,0.0,0.0
fixed-00000023,280.0,4.0,7,0.0,0.0
fixed-00000023,280.0,4.0,8,0.0,0.0
fixed-00000023,280.0,4.0,9,0.0,0.0
fixed-00000023,280.0,4.0,10,0.0,0.0
fixed-00000023,280.0,4.0,11,0.0,0.0
fixed-00000023,280.0,4.0,12,0.0,0.0
fixed-00000023,280.0,4.0,13,0.0,0.0
fixed-00000023,280.0,4.0,14,0.0,0.0
fixed-00000023,280.0,4.0,15,0.0,0.0
fixed-00000023,280.0,4.0,16,0.0,0.0
fixed-00000023,280.0,4.0,17,0.0,0.0
fixed-00000023,280.0,4.0,18,0.0,0.0
fixed-00000023,280.0,4.0,19,0.0,0.0
fixed-00000023,280.0,4.0,20,0.0,0.0
fixed-00000024,290.0,4.0,-20,0.0002185217553062092,15.557309048540347
fixed-00000024,290.0,4.0,-19,0.00016038232057890629,15.187703917530484
fixed-00000024,290.0,4.0,-18,0.00015708194173189277,14.809099185639653
fixed-00000024,290.0,4.0,-17,0.00022633948334520592,14.420785723786253
fixed-00000024,290.0,4.0,-16,0.00020567491966034463,14.02195663092941
fixed-00000024,290.0,4.0,-15,0.00019792031652452285,13.611687264434664
fixed-00000024,290.0,4.0,-14,0.0003401506512893203,13.18890970007432
fixed-00000024,290.0,4.0,-13,0.0003036561330660092,12.752379596207746
fixed-00000024,290.0,4.0,-12,0.00029213827366503676,12.300632504160816
fixed-00000024,290.0,4.0,-11,0.0005978391903195182,11.831925200795666
fixed-00000024,290.0,4.0,-10,0.0004852440614236568,11.344155244919335
fixed-00000024,290.0,4.0,-9,0.0005403906241542321,10.834747980635072
fixed-00000024,290.0,4.0,-8,0.0011583685391532202,10.300493276388579
fixed-00000024,290.0,4.0,-7,0.000914202950527489,9.737301631890915
fixed-00000024,290.0,4.0,-6,0.001324017839864618,9.139824882054754
fixed-00000024,290.0,4.0,-5,0.0023931986076008095,8.500836443523596
fixed-00000024,290.0,4.0,-4,0.0032988435527460352,7.810153537213992
fixed-00000024,290.0,4.0,-3,0.003970383776416224,7.052604065868977
fixed-00000024,290.0,4.0,-2,0.011236322125386972,6.203739911827654
fixed-00000024,290.0,4.0,-1,0.09005339537165878,5.219193787774614
fixed-00000024,290.0,4.0,0,0.02078274249129125,4.000000000000043
fixed-00000024,290.0,4.0,1,0.11196757570933466,2.1832152248066166
fixed-00000024,290.0,4.0,2,0.0,0.0
fixed-00000024,290.0,4.0,3,0.0,0.0
fixed-00000024,290.0,4.0,4,0.0,0.0
fixed-00000024,290.0,4.0,5,0.0,0.0
fixed-00000024,290.0,4.0,6,0.0,0.0
fixed-00000024,290.0,4.0,7,0.0,0.0
fixed-00000024,290.0,4.0,8,0.0,0.0
fixed-00000024,290.0,4.0,9,0.0,0.0
fixed-00000024,290.0,4.0,10,0.0,0.0
fixed-00000024,290.0,4.0,11,0.0,0.0
fixed-00000024,290.0,4.0,12,0.0,0.0
fixed-00000024,290.0,4.0,13,0.0,0.0
fixed-00000024,290.0,4.0,14,0.0,0.0
fixed-00000024,290.0,4.0,15,0.0,0.0
fixed-00000024,290.0,4.0,16,0.0,0.0
fixed-00000024,290.0,4.0,17,0.0,0.0
fixed-00000024,290.0,4.0,18,0.0,0.0
fixed-00000024,290.0,4.0,19,0.0,0.0
fixed-00000024,290.0,4.0,20,0.0,0.0
fixed-00000025,300.0,4.0,-20,0.00020400738836069964,15.311873059069754
fixed-00000025,300.0,4.0,-19,0.00014647302743784084,14.949008768730735
fixed-00000025,300.0,4.0,-18,0.00014699484943810363,14.577325397340658
fixed-00000025,300.0,4.0,-17,0.0002096758217768434,14.196129966981303
fixed-00000025,300.0,4.0,-16,0.00018797084238978095,13.804634215692602
fixed-00000025,300.0,4.0,-15,0.00018482266414117054,13.401935191968363
fixed-00000025,300.0,4.0,-14,0.00031545015689356877,12.986990452752977
fixed-00000025,300.0,4.0,-13,0.0002792436982503606,12.558585909081373
fixed-00000025,300.0,4.0,-12,0.0002711515697703891,12.115293466158093
fixed-00000025,300.0,4.0,-11,0.0005603623273702636,11.655414195869767
fixed-00000025,300.0,4.0,-10,0.00044768107317863054,11.176900501616302
fixed-00000025,300.0,4.0,-9,0.0005010779345676316,10.677246924869209
fixed-00000025,300.0,4.0,-8,0.0011037887247697265,10.153332615240856
fixed-00000025,300.0,4.0,-7,0.0008353250969442738,9.601186418732823
fixed-00000025,300.0,4.0,-6,0.0012419738923268424,9.015622340555609
fixed-00000025,300.0,4.0,-5,0.002313213079693363,8.389645509317319
fixed-00000025,300.0,4.0,-4,0.0029719610703230572,7.713422675659871
fixed-00000025,300.0,4.0,-3,0.0038174731098422764,6.9723490289475905
fixed-00000025,300.0,4.0,-2,0.010545951113925554,6.142998339829575
fixed-00000025,300.0,4.0,-1,0.08429271071866443,5.1831664320526585
fixed-00000025,300.0,4.0,0,0.01554605487042686,4.000000000000043
fixed-00000025,300.0,4.0,1,0.11294171006474997,2.2673283559992825
fixed-00000025,300.0,4.0,2,0.0,0.0
fixed-00000025,300.0,4.0,3,0.0,0.0
fixed-00000025,300.0,4.0,4,0.0,0.0
fixed-00000025,300.0,4.0,5,0.0,0.0
fixed-00000025,300.0,4.0,6,0.0,0.0
fixed-00000025,300.0,4.0,7,0.0,0.0
fixed-00000025,300.0,4.0,8,0.0,0.0
fixed-00000025,300.0,4.0,9,0.0,0.0
fixed-00000025,300.0,4.0,10,0.0,0.0
fixed-00000025,300.0,4.0,11,0.0,0.0
fixed-00000025,300.0,4.0,12,0.0,0.0
fixed-00000025,300.0,4.0,13,0.0,0.0
fixed-00000025,300.0,4.0,14,0.0,0.0
fixed-00000025,300.0,4.0,15,0.0,0.0
fixed-00000025,300.0,4.0,16,0.0,0.0
fixed-00000025,300.0,4.0,17,0.0,0.0
fixed-00000025,300.0,4.0,18,0.0,0.0
fixed-00000025,300.0,4.0,19,0.0,0.0
fixed-00000025,300.0,4.0,20,0.0,0.0
fixed-00000026,310.0,4.0,-20,0.0001928624959427578,15.07874327797117
fixed-00000026,310.0,4.0,-19,0.00013513142940980668,14.722291275094364
fixed-00000026,310.0,4.0,-18,0.00013904439048359425,14.357192380701974
fixed-00000026,310.0,4.0,-17,0.00019586670575328375,13.982769016704736
fixed-00000026,310.0,4.0,-16,0.0001733214828612404,13.598250692153599
fixed-00000026,310.0,4.0,-15,0.00017418414937844906,13.202755134906326
fixed-00000026,310.0,4.0,-14,0.00029438213700267487,12.795264192127092
fixed-00000026,310.0,4.0,-13,0.0002588477992765303,12.37459260982395
fixed-00000026,310.0,4.0,-12,0.0002533086294739292,11.939346937600874
fixed-00000026,310.0,4.0,-11,0.0005276532718367202,11.487870450145792
fixed-00000026,310.0,4.0,-10,0.0004157505669452533,11.01816778980809
fixed-00000026,310.0,4.0,-9,0.0004662195009853551,10.527799382740596
fixed-00000026,310.0,4.0,-8,0.001055457152765998,10.013729342403465
fixed-00000026,310.0,4.0,-7,0.0007656176322827044,9.472099061220248
fixed-00000026,310.0,4.0,-6,0.0011677571855501668,8.89787662245989
fixed-00000026,310.0,4.0,-5,0.0022385921558296883,8.284287014836138
fixed-00000026,310.0,4.0,-4,0.002671623532114427,7.621828010395305
fixed-00000026,310.0,4.0,-3,0.0036745764400758275,6.896430508503414
fixed-00000026,310.0,4.0,-2,0.009879771851156495,6.085628867863377
fixed-00000026,310.0,4.0,-1,0.07869159214462981,5.149235852894208
fixed-00000026,310.0,4.0,0,0.012007883982340272,4.000000000000043
fixed-00000026,310.0,4.0,1,0.1131586934930096,2.3432844286040506
fixed-00000026,310.0,4.0,2,0.0,0.0
fixed-00000026,310.0,4.0,3,0.0,0.0
fixed-00000026,310.0,4.0,4,0.0,0.0
fixed-00000026,310.0,4.0,5,0.0,0.0
fixed-00000026,310.0,4.0,6,0.0,0.0
fixed-00000026,310.0,4.0,7,0.0,0.0
fixed-00000026,310.0,4.0,8,0.0,0.0
fixed-00000026,310.0,4.0,9,0.0,0.0
fixed-00000026,310.0,4.0,10,0.0,0.0
fixed-00000026,310.0,4.0,11,0.0,0.0
fixed-00000026,310.0,4.0,12,0.0,0.0
fixed-00000026,310.0,4.0,13,0.0,0.0
fixed-00000026,310.0,4.0,14,0.0,0.0
fixed-00000026,310.0,4.0,15,0.0,0.0
fixed-00000026,310.0,4.0,16,0.0,0.0
fixed-00000026,310.0,4.0,17,0.0,0.0
fixed-00000026,310.0,4.0,18,0.0,0.0
fixed-00000026,310.0,4.0,19,0.0,0.0
fixed-00000026,310.0,4.0,20,0.0,0.0
fixed-00000027,320.0,4.0,-20,0.00018741485602945726,14.856940312447804
fixed-00000027,320.0,4.0,-19,0.00012791590637284604,14.506598167644967
fixed-00000027,320.0,4.0,-18,0.00013509658512420811,14.147773622565637
fixed-00000027,320.0,4.0,-17,0.00018732377224111663,13.779803804715016
fixed-00000027,320.0,4.0,-16,0.00016364478718207366,13.401935191968363
fixed-00000027,320.0,4.0,-15,0.00016862795141507508,13.01330525646199
fixed-00000027,320.0,4.0,-14,0.0002805696653401491,12.612919034749368
fixed-00000027,320.0,4.0,-13,0.0002456466171119037,12.199618797218477
fixed-00000027,320.0,4.0,-12,0.00024262739807608604,11.772044157333355
fixed-00000027,320.0,4.0,-11,0.0005064068135920666,11.328578657906675
fixed-00000027,320.0,4.0,-10,0.0003953004746623454,10.867276770488644
fixed-00000027,320.0,4.0,-9,0.00044263309452740446,10.385761741931148
fixed-00000027,320.0,4.0,-8,0.001027906671268569,9.881078656044693
fixed-00000027,320.0,4.0,-7,0.0007161923389455085,9.34947608678739
fixed-00000027,320.0,4.0,-6,0.0011169909675825286,8.786068711064956
fixed-00000027,320.0,4.0,-5,0.0022030033284318137,8.184290419985587
fixed-00000027,320.0,4.0,-4,0.0024268107560529873,7.534952908764481
fixed-00000027,320.0,4.0,-3,0.0035907643628369512,6.824493664384079
fixed-00000027,320.0,4.0,-2,0.009335842331427568,6.03135129215535
fixed-00000027,320.0,4.0,-1,0.07392558681610666,5.117222163430583
fixed-00000027,320.0,4.0,0,0.010028108562896433,4.000000000000128
fixed-00000027,320.0,4.0,1,0.11344240417563255,2.4123233315560384
fixed-00000027,320.0,4.0,2,0.0,0.0
fixed-00000027,320.0,4.0,3,0.0,0.0
fixed-00000027,320.0,4.0,4,0.0,0.0
fixed-00000027,320.0,4.0,5,0.0,0.0
fixed-00000027,320.0,4.0,6,0.0,0.0
fixed-00000027,320.0,4.0,7,0.0,0.0
fixed-00000027,320.0,4.0,8,0.0,0.0
fixed-00000027,320.0,4.0,9,0.0,0.0
fixed-00000027,320.0,4.0,10,0.0,0.0
fixed-00000027,320.0,4.0,11,0.0,0.0
fixed-00000027,320.0,4.0,12,0.0,0.0
fixed-00000027,320.0,4.0,13,0.0,0.0
fixed-00000027,320.0,4.0,14,0.0,0.0
fixed-00000027,320.0,4.0,15,0.0,0.0
fixed-00000027,320.0,4.0,16,0.0,0.0
fixed-00000027,320.0,4.0,17,0.0,0.0
fixed-00000027,320.0,4.0,18,0.0,0.0
fixed-00000027,320.0,4.0,19,0.0,0.0
fixed-00000027,320.0,4.0,20,0.0,0.0
fixed-00000028,330.0,4.0,-20,0.00018178424812749576,14.645590225419767
fixed-00000028,330.0,4.0,-19,0.0001209932039409773,14.30107880549295
fixed-00000028,330.0,4.0,-18,0.0001314439899460804,13.948242344473968
fixed-00000028,330.0,4.0,-17,0.00017917793287600993,13.586432032334955
fixed-00000028,330.0,4.0,-16,0.00015429492110030548,13.214910572562928
fixed-00000028,330.0,4.0,-15,0.00016396619705634025,12.832834315133255
fixed-00000028,330.0,4.0,-14,0.00026750211672967424,12.43923046584949
fixed-00000028,330.0,4.0,-13,0.0002330287647516554,12.0329676048014
fixed-00000028,330.0,4.0,-12,0.00023395681073619685,11.612716944258466
fixed-00000028,330.0,4.0,-11,0.00048614737327842307,11.176900501616302
fixed-00000028,330.0,4.0,-10,0.0003767314599993919,10.723620343405443
fixed-00000028,330.0,4.0,-9,0.00042266765864423507,10.250559696102783
fixed-00000028,330.0,4.0,-8,0.0010025991899417855,9.754840910694881
fixed-00000028,330.0,4.0,-7,0.0006733697612693,9.232814767905225
fixed-00000028,330.0,4.0,-6,0.0010728209555562333,8.6797355991839
fixed-00000028,330.0,4.0,-5,0.0021781838366612865,8.089236042823956
fixed-00000028,330.0,4.0,-4,0.0022049627166388936,7.452425884783267
fixed-00000028,330.0,4.0,-3,0.0035237909109472106,6.756222279782023
fixed-00000028,330.0,4.0,-2,0.008847339770020186,5.9799161810314985
fixed-00000028,330.0,4.0,-1,0.06932296963339424,5.086965666639671
fixed-00000028,330.0,4.0,0,0.009367243472548597,3.999999999999943
fixed-00000028,330.0,4.0,1,0.11336241498001039,2.4754257179255603
fixed-00000028,330.0,4.0,2,0.0,0.0
fixed-00000028,330.0,4.0,3,0.0,0.0
fixed-00000028,330.0,4.0,4,0.0,0.0
fixed-00000028,330.0,4.0,5,0.0,0.0
fixed-00000028,330.0,4.0,6,0.0,0.0
fixed-00000028,330.0,4.0,7,0.0,0.0
fixed-00000028,330.0,4.0,8,0.0,0.0
fixed-00000028,330.0,4.0,9,0.0,0.0
fixed-00000028,330.0,4.0,10,0.0,0.0
fixed-00000028,330.0,4.0,11,0.0,0.0
fixed-00000028,330.0,4.0,12,0.0,0.0
fixed-00000028,330.0,4.0,13,0.0,0.0
fixed-00000028,330.0,4.0,14,0.0,0.0
fixed-00000028,330.0,4.0,15,0.0,0.0
fixed-00000028,330.0,4.0,16,0.0,0.0
fixed-00000028,330.0,4.0,17,0.0,0.0
fixed-00000028,330.0,4.0,18,0.0,0.0
fixed-00000028,330.0,4.0,19,0.0,0.0
fixed-00000028,330.0,4.0,20,0.0,0.0
fixed-00000029,340.0,4.0,-20,0.00017031860902313951,14.443910384212742
fixed-00000029,340.0,4.0,-19,0.00011084070300195686,14.104971406638299
fixed-00000029,340.0,4.0,-18,0.00012430697179903756,13.757858124151412
fixed-00000029,340.0,4.0,-17,0.00016659039920406435,13.401935191968363
fixed-00000029,340.0,4.0,-16,0.000141084605262261,13.036480848951996
fixed-00000029,340.0,4.0,-15,0.0001555709497758675,12.660669518148893
fixed-00000029,340.0,4.0,-14,0.00024863887460475404,12.273549626976305
fixed-00000029,340.0,4.0,-13,0.00021469992387682,11.87401493674271
fixed-00000029,340.0,4.0,-12,0.00022124326913007745,11.460766897267831
fixed-00000029,340.0,4.0,-11,0.00045589585463339297,11.032264333866962
fixed-00000029,340.0,4.0,-10,0.0003499938156847316,10.586654831666635
fixed-00000029,340.0,4.0,-9,0.00039731752923543944,10.121678956186614
fixed-00000029,340.0,4.0,-8,0.0009579747904256722,9.634532883621333
fixed-00000029,340.0,4.0,-7,0.0006214974532656474,9.12166497780018
fixed-00000029,340.0,4.0,-6,0.001015605773309608,8.578462776597007
fixed-00000029,340.0,4.0,-5,0.002122855687617722,7.998748233012279
fixed-00000029,340.0,4.0,-4,0.0019723573561584063,7.37391453146995
fixed-00000029,340.0,4.0,-3,0.003416228720900773,6.691333557668287
fixed-00000029,340.0,4.0,-2,0.008317618223836117,5.931100707011396
fixed-00000029,340.0,4.0,-1,0.06412703137963724,5.058324079364041
fixed-00000029,340.0,4.0,0,0.00980457129880304,4.000000000000043
fixed-00000029,340.0,4.0,1,0.1121195797852936,2.533381666050957
fixed-00000029,340.0,4.0,2,0.0,0.0
fixed-00000029,340.0,4.0,3,0.0,0.0
fixed-00000029,340.0,4.0,4,0.0,0.0
fixed-00000029,340.0,4.0,5,0.0,0.0
fixed-00000029,340.0,4.0,6,0.0,0.0
fixed-00000029,340.0,4.0,7,0.0,0.0
fixed-00000029,340.0,4.0,8,0.0,0.0
fixed-00000029,340.0,4.0,9,0.0,0.0
fixed-00000029,340.0,4.0,10,0.0,0.0
fixed-00000029,340.0,4.0,11,0.0,0.0
fixed-00000029,340.0,4.0,12,0.0,0.0
fixed-00000029,340.0,4.0,13,0.0,0.0
fixed-00000029,340.0,4.0,14,0.0,0.0
fixed-00000029,340.0,4.0,15,0.0,0.0
fixed-00000029,340.0,4.0,16,0.0,0.0
fixed-00000029,340.0,4.0,17,0.0,0.0
fixed-00000029,340.0,4.0,18,0.0,0.0
fixed-00000029,340.0,4.0,19,0.0,0.0
fixed-00000029,340.0,4.0,20,0.0,0.0
fixed-00000030,350.0,4.0,-20,0.00016015403655374877,14.251197562253566
fixed-00000030,350.0,4.0,-19,0.00010158989274208122,13.917591470478868
fixed-00000030,350.0,4.0,-18,0.00011749638114990954,13.575955646065168
fixed-00000030,350.0,4.0,-17,0.00015466692521470094,13.2256676536188
fixed-00000030,350.0,4.0,-16,0.0001288584105239496,12.866020624889416
fixed-00000030,350.0,4.0,-15,0.00014713338197529891,12.496206306817086
fixed-00000030,350.0,4.0,-14,0.00023018795184533405,12.115293466158093
fixed-00000030,350.0,4.0,-13,0.00019730775811626182,11.722199994673844
fixed-00000030,350.0,4.0,-12,0.00020782798768726458,11.315656312084926
fixed-00000030,350.0,4.0,-11,0.0004250048307314283,10.894156499405454
fixed-00000030,350.0,4.0,-10,0.0003235501268092885,10.45589172636997
fixed-00000030,350.0,4.0,-9,0.00036982172776935205,9.998657437886877
fixed-00000030,350.0,4.0,-8,0.0009085541700418723,9.519720429176374
fixed-00000030,350.0,4.0,-7,0.0005685780441383034,9.015622340555609
fixed-00000030,350.0,4.0,-6,0.0009520591050687411,8.48187791167723
fixed-00000030,350.0,4.0,-5,0.0020488918833018064,7.9124896307686186
fixed-00000030,350.0,4.0,-4,0.0017413425798407055,7.299120418664657
fixed-00000030,350.0,4.0,-3,0.0032817580984794907,6.629573746376295
fixed-00000030,350.0,4.0,-2,0.007748224013825248,5.884705145226178
fixed-00000030,350.0,4.0,-1,0.05874993733362241,5.031170204831909
fixed-00000030,350.0,4.0,0,0.011202279915770436,4.000000000000043
fixed-00000030,350.0,4.0,1,0.10993003862246688,2.586837597448465
fixed-00000030,350.0,4.0,2,0.0,0.0
fixed-00000030,350.0,4.0,3,0.0,0.0
fixed-00000030,350.0,4.0,4,0.0,0.0
fixed-00000030,350.0,4.0,5,0.0,0.0
fixed-00000030,350.0,4.0,6,0.0,0.0
fixed-00000030,350.0,4.0,7,0.0,0.0
fixed-00000030,350.0,4.0,8,0.0,0.0
fixed-00000030,350.0,4.0,9,0.0,0.0
fixed-00000030,350.0,4.0,10,0.0,0.0
fixed-00000030,350.0,4.0,11,0.0,0.0
fixed-00000030,350.0,4.0,12,0.0,0.0
fixed-00000030,350.0,4.0,13,0.0,0.0
fixed-00000030,350.0,4.0,14,0.0,0.0
fixed-00000030,350.0,4.0,15,0.0,0.0
fixed-00000030,350.0,4.0,16,0.0,0.0
fixed-00000030,350.0,4.0,17,0.0,0.0
fixed-00000030,350.0,4.0,18,0.0,0.0
fixed-00000030,350.0,4.0,19,0.0,0.0
fixed-00000030,350.0,4.0,20,0.0,0.0
fixed-00000031,360.0,4.0,-20,0.0001523569873375945,14.066817881848479
fixed-00000031,360.0,4.0,-19,9.451078628836196e-05,13.738321991396589
fixed-00000031,360.0,4.0,-18,0.00011277785444848983,13.401935191968363
fixed-00000031,360.0,4.0,-17,0.00014547242149395823,13.057047439103869
fixed-00000031,360.0,4.0,-16,0.00011922779848363937,12.702966158118315
fixed-00000031,360.0,4.0,-15,0.0001417361446059979,12.338899720932332
fixed-00000031,360.0,4.0,-14,0.00021583524380357864,11.96393641047473
fixed-00000031,360.0,4.0,-13,0.0001837487595552285,11.577017268486188
fixed-00000031,360.0,4.0,-12,0.00019931263573993326,11.176900501616302
fixed-00000031,360.0,4.0,-11,0.0004009709708611618,10.762113997903853
fixed-00000031,360.0,4.0,-10,0.00030370612829688906,10.330890706572049
fixed-00000031,360.0,4.0,-9,0.00035076833540771766,9.881078656044693
fixed-00000031,360.0,4.0,-8,0.0008722380234770139,9.410012267886245
fixed-00000031,360.0,4.0,-7,0.000529222711197567,8.914322439446764
fixed-00000031,360.0,4.0,-6,0.0009056713623111661,8.389645509317262
fixed-00000031,360.0,4.0,-5,0.0020049286379808825,7.830156313248764
fixed-00000031,360.0,4.0,-4,0.0015507861748613018,7.227774780095132
fixed-00000031,360.0,4.0,-3,0.0031940991955547136,6.570714442852491
fixed-00000031,360.0,4.0,-2,0.007287449347988057,5.840549916165145
fixed-00000031,360.0,4.0,-1,0.05400839182917316,5.0053899709427725
fixed-00000031,360.0,4.0,0,0.013514014476805373,4.000000000000043
fixed-00000031,360.0,4.0,1,0.10799703282916438,2.636329350486079
fixed-00000031,360.0,4.0,2,0.0,0.0
fixed-00000031,360.0,4.0,3,0.0,0.0
fixed-00000031,360.0,4.0,4,0.0,0.0
fixed-00000031,360.0,4.0,5,0.0,0.0
fixed-00000031,360.0,4.0,6,0.0,0.0
fixed-00000031,360.0,4.0,7,0.0,0.0
fixed-00000031,360.0,4.0,8,0.0,0.0
fixed-00000031,360.0,4.0,9,0.0,0.0
fixed-00000031,360.0,4.0,10,0.0,0.0
fixed-00000031,360.0,4.0,11,0.0,0.0
fixed-00000031,360.0,4.0,12,0.0,0.0
fixed-00000031,360.0,4.0,13,0.0,0.0
fixed-00000031,360.0,4.0,14,0.0,0.0
fixed-00000031,360.0,4.0,15,0.0,0.0
fixed-00000031,360.0,4.0,16,0.0,0.0
fixed-00000031,360.0,4.0,17,0.0,0.0
fixed-00000031,360.0,4.0,18,0.0,0.0
fixed-00000031,360.0,4.0,19,0.0,0.0
fixed-00000031,360.0,4.0,20,0.0,0.0
fixed-00000032,370.0,4.0,-20,0.00013987980578387244,13.890198270635722
fixed-00000032,370.0,4.0,-19,8.500137583187885e-05,13.566605144972584
fixed-00000032,370.0,4.0,-18,0.00010500187562596821,13.235254562125931
fixed-00000032,370.0,4.0,-17,0.00013260655649046003,12.8955483840206
fixed-00000032,370.0,4.0,-16,0.00010677714812612427,12.54680776935885
fixed-00000032,370.0,4.0,-15,0.00013272090996403489,12.188257061712548
fixed-00000032,370.0,4.0,-14,0.00019666120984603524,11.819003290626839
fixed-00000032,370.0,4.0,-13,0.00016575701746284217,11.43800973111162
fixed-00000032,370.0,4.0,-12,0.00018646851517744323,11.044061270600096
fixed-00000032,370.0,4.0,-11,0.0003683797213220141,10.635718249445574
fixed-00000032,370.0,4.0,-10,0.0002766836402479615,10.211253708209213
fixed-00000032,370.0,4.0,-9,0.0003259041211761163,9.76856611165097
fixed-00000032,370.0,4.0,-8,0.0008174072823612799,9.30505470888508
fixed-00000032,370.0,4.0,-7,0.0004805687349759366,8.817435895697656
fixed-00000032,370.0,4.0,-6,0.0008459229859695067,8.301462371876582
fixed-00000032,370.0,4.0,-5,0.0019240967034666857,7.751473670819763
fixed-00000032,370.0,4.0,-4,0.0013527133581468591,7.159634849526611
fixed-00000032,370.0,4.0,-3,0.0030599316290800004,6.514549453118931
fixed-00000032,370.0,4.0,-2,0.006776031528987227,5.798473075777991
fixed-00000032,370.0,4.0,-1,0.048814487144242906,4.980880768645008
fixed-00000032,370.0,4.0,0,0.016442999425359647,4.000000000000043
fixed-00000032,370.0,4.0,1,0.10482751110548612,2.6823061129422996
fixed-00000032,370.0,4.0,2,0.0,0.0
fixed-00000032,370.0,4.0,3,0.0,0.0
fixed-00000032,370.0,4.0,4,0.0,0.0
fixed-00000032,370.0,4.0,5,0.0,0.0
fixed-00000032,370.0,4.0,6,0.0,0.0
fixed-00000032,370.0,4.0,7,0.0,0.0
fixed-00000032,370.0,4.0,8,0.0,0.0
fixed-00000032,370.0,4.0,9,0.0,0.0
fixed-00000032,370.0,4.0,10,0.0,0.0
fixed-00000032,370.0,4.0,11,0.0,0.0
fixed-00000032,370.0,4.0,12,0.0,0.0
fixed-00000032,370.0,4.0,13,0.0,0.0
fixed-00000032,370.0,4.0,14,0.0,0.0
fixed-00000032,370.0,4.0,15,0.0,0.0
fixed-00000032,370.0,4.0,16,0.0,0.0
fixed-00000032,370.0,4.0,17,0.0,0.0
fixed-00000032,370.0,4.0,18,0.0,0.0
fixed-00000032,370.0,4.0,19,0.0,0.0
fixed-00000032,370.0,4.0,20,0.0,0.0
fixed-00000033,380.0,4.0,-20,0.00012943440571706134,13.720819169692376
fixed-00000033,380.0,4.0,-19,7.711075384170064e-05,13.401935191968363
fixed-00000033,380.0,4.0,-18,9.848225449958826e-05,13.075422179669076
fixed-00000033,380.0,4.0,-17,0.00012157261012614966,12.740693447383023
fixed-00000033,380.0,4.0,-16,9.62488206207733e-05,12.397083362613174
fixed-00000033,380.0,4.0,-15,0.0001251969590185211,12.043831628706272
fixed-00000033,380.0,4.0,-14,0.0001799477162547115,11.680063301026976
fixed-00000033,380.0,4.0,-13,0.00015038598012096535,11.304763029146713
fixed-00000033,380.0,4.0,-12,0.00017561502359473706,10.916741345033458
fixed-00000033,380.0,4.0,-11,0.0003394003668693696,10.514589772150032
fixed-00000033,380.0,4.0,-10,0.0002533761979506327,10.096619860707108
fixed-00000033,380.0,4.0,-9,0.0003040454830738949,9.660778499992048
fixed-00000033,380.0,4.0,-8,0.0007676598768803797,9.204527144434891
fixed-00000033,380.0,4.0,-7,0.0004381633136257868,8.724664167273232
fixed-00000033,380.0,4.0,-6,0.0007916307032926714,8.217053724399236
fixed-00000033,380.0,4.0,-5,0.0018496371381815514,7.676192887086515
fixed-00000033,380.0,4.0,-4,0.0011761578322379343,7.094480733772272
fixed-00000033,380.0,4.0,-3,0.0029365723859690893,6.460892113517076
fixed-00000033,380.0,4.0,-2,0.006302666464728124,5.758328175331556
fixed-00000033,380.0,4.0,-1,0.04393422989780474,4.957550037925813
fixed-00000033,380.0,4.0,0,0.019965916555879003,4.000000000000043
fixed-00000033,380.0,4.0,1,0.10136544888850653,2.7251481303053993
fixed-00000033,380.0,4.0,2,0.0,0.0
fixed-00000033,380.0,4.0,3,0.0,0.0
fixed-00000033,380.0,4.0,4,0.0,0.0
fixed-00000033,380.0,4.0,5,0.0,0.0
fixed-00000033,380.0,4.0,6,0.0,0.0
fixed-00000033,380.0,4.0,7,0.0,0.0
fixed-00000033,380.0,4.0,8,0.0,0.0
fixed-00000033,380.0,4.0,9,0.0,0.0
fixed-00000033,380.0,4.0,10,0.0,0.0
fixed-00000033,380.0,4.0,11,0.0,0.0
fixed-00000033,380.0,4.0,12,0.0,0.0
fixed-00000033,380.0,4.0,13,0.0,0.0
fixed-00000033,380.0,4.0,14,0.0,0.0
fixed-00000033,380.0,4.0,15,0.0,0.0
fixed-00000033,380.0,4.0,16,0.0,0.0
fixed-00000033,380.0,4.0,17,0.0,0.0
fixed-00000033,380.0,4.0,18,0.0,0.0
fixed-00000033,380.0,4.0,19,0.0,0.0
fixed-00000033,380.0,4.0,20,0.0,0.0
fixed-00000034,390.0,4.0,-20,0.0001182666610546809,13.558208282247051
fixed-00000034,390.0,4.0,-19,6.931110755956233e-05,13.243852394778827
fixed-00000034,390.0,4.0,-18,9.161495667176806e-05,12.921991178661244
fixed-00000034,390.0,4.0,-17,0.00011030619987743788,12.592048975527604
fixed-00000034,390.0,4.0,-16,8.593060574090748e-05,12.253372869543554
fixed-00000034,390.0,4.0,-15,0.00011737796010213077,11.905217349750572
fixed-00000034,390.0,4.0,-14,0.0001631779068093618,11.546724820999572
fixed-00000034,390.0,4.0,-13,0.00013516273186790122,11.17690050161633
fixed-00000034,390.0,4.0,-12,0.00016482676237252394,10.794579595613811
fixed-00000034,390.0,4.0,-11,0.0003101603874153602,10.398383618371724
fixed-00000034,390.0,4.0,-10,0.00023015761861390867,9.986661145214711
fixed-00000034,390.0,4.0,-9,0.00028314793309414707,9.557405601711977
fixed-00000034,390.0,4.0,-8,0.0007160011792252257,9.108138186577165
fixed-00000034,390.0,4.0,-7,0.0003975540834809731,8.635735946513421
fixed-00000034,390.0,4.0,-6,0.0007389565668146716,8.136169892284897
fixed-00000034,390.0,4.0,-5,0.00177077520618768,7.604087921018774
fixed-00000034,390.0,4.0,-4,0.001015542971879447,7.032112732132049
fixed-00000034,390.0,4.0,-3,0.0028125548389572796,6.409572995038175
fixed-00000034,390.0,4.0,-2,0.00585631692638462,5.719982428520552
fixed-00000034,390.0,4.0,-1,0.03920705199650299,4.935314059208693
fixed-00000034,390.0,4.0,0,0.02388330922440474,4.000000000000043
fixed-00000034,390.0,4.0,1,0.09734603714063655,2.7651800627454577
fixed-00000034,390.0,4.0,2,0.0,0.0
fixed-00000034,390.0,4.0,3,0.0,0.0
fixed-00000034,390.0,4.0,4,0.0,0.0
fixed-00000034,390.0,4.0,5,0.0,0.0
fixed-00000034,390.0,4.0,6,0.0,0.0
fixed-00000034,390.0,4.0,7,0.0,0.0
fixed-00000034,390.0,4.0,8,0.0,0.0
fixed-00000034,390.0,4.0,9,0.0,0.0
fixed-00000034,390.0,4.0,10,0.0,0.0
fixed-00000034,390.0,4.0,11,0.0,0.0
fixed-00000034,390.0,4.0,12,0.0,0.0
fixed-00000034,390.0,4.0,13,0.0,0.0
fixed-00000034,390.0,4.0,14,0.0,0.0
fixed-00000034,390.0,4.0,15,0.0,0.0
fixed-00000034,390.0,4.0,16,0.0,0.0
fixed-00000034,390.0,4.0,17,0.0,0.0
fixed-00000034,390.0,4.0,18,0.0,0.0
fixed-00000034,390.0,4.0,19,0.0,0.0
fixed-00000034,390.0,4.0,20,0.0,0.0
fixed-00000035,400.0,4.0,-20,0.00010774878306707525,13.401935191968334
fixed-00000035,400.0,4.0,-19,6.230427893103934e-05,13.091937779982686
fixed-00000035,400.0,4.0,-18,8.515159218260877e-05,12.774554314257855
fixed-00000035,400.0,4.0,-17,9.983420221053864e-05,12.449219763534273
fixed-00000035,400.0,4.0,-16,7.665350535950759e-05,12.115293466158093
fixed-00000035,400.0,4.0,-15,0.00011007691969126387,11.772044157333312
fixed-00000035,400.0,4.0,-14,0.0001476325670663156,11.41863095571108
fixed-00000035,400.0,4.0,-13,0.0001213619469955377,11.05407889093172
fixed-00000035,400.0,4.0,-12,0.00015493016607807621,10.677246924869166
fixed-00000035,400.0,4.0,-11,0.0002827729304616319,10.286785444979671
fixed-00000035,400.0,4.0,-10,0.0002089610976587156,9.88107865604465
fixed-00000035,400.0,4.0,-9,0.00026409190781592035,9.458164744734603
fixed-00000035,400.0,4.0,-8,0.000666529062303571,9.015622340555609
fixed-00000035,400.0,4.0,-7,0.0003610696074570086,8.550404058348832
fixed-00000035,400.0,4.0,-6,0.000689949118797104,8.058583440755712
fixed-00000035,400.0,4.0,-5,0.0016942627803377863,7.5349529087644385
fixed-00000035,400.0,4.0,-4,0.0008739519890033481,6.972349028947534
fixed-00000035,400.0,4.0,-3,0.002695595870243763,6.360437927763655
fixed-00000035,400.0,4.0,-2,0.005447482528045485,5.683315135192018
fixed-00000035,400.0,4.0,-1,0.03473719567675338,4.9140969160105215
fixed-00000035,400.0,4.0,0,0.028036941552537224,4.000000000000043
fixed-00000035,400.0,4.0,1,0.0926365940312828,2.802681229887611
fixed-00000035,400.0,4.0,2,0.0,0.0
fixed-00000035,400.0,4.0,3,0.0,0.0
fixed-00000035,400.0,4.0,4,0.0,0.0
fixed-00000035,400.0,4.0,5,0.0,0.0
fixed-00000035,400.0,4.0,6,0.0,0.0
fixed-00000035,400.0,4.0,7,0.0,0.0
fixed-00000035,400.0,4.0,8,0.0,0.0
fixed-00000035,400.0,4.0,9,0.0,0.0
fixed-00000035,400.0,4.0,10,0.0,0.0
fixed-00000035,400.0,4.0,11,0.0,0.0
fixed-00000035,400.0,4.0,12,0.0,0.0
fixed-00000035,400.0,4.0,13,0.0,0.0
fixed-00000035,400.0,4.0,14,0.0,0.0
fixed-00000035,400.0,4.0,15,0.0,0.0
fixed-00000035,400.0,4.0,16,0.0,0.0
fixed-00000035,400.0,4.0,17,0.0,0.0
fixed-00000035,400.0,4.0,18,0.0,0.0
fixed-00000035,400.0,4.0,19,0.0,0.0
fixed-00000035,400.0,4.0,20,0.0,0.0
fixed-00000036,410.0,4.0,-20,9.984669585838995e-05,13.25160671143152
fixed-00000036,410.0,4.0,-19,5.759705267477459e-05,12.945808611381139
fixed-00000036,410.0,4.0,-18,8.134067799310461e-05,12.632739563220795
fixed-00000036,410.0,4.0,-17,9.242975517628578e-05,12.311844786384484
fixed-00000036,410.0,4.0,-16,7.040700347777463e-05,11.982495438084868
fixed-00000036,410.0,4.0,-15,0.00010645913685956856,11.64397399180919
fixed-00000036,410.0,4.0,-14,0.00013696966624878267,11.29545568156965
fixed-00000036,410.0,4.0,-13,0.00011204492324903919,10.935984635208442
fixed-00000036,410.0,4.0,-12,0.00015091724666001775,10.564442711720147
fixed-00000036,410.0,4.0,-11,0.0002643659973288386,10.179508116212844
fixed-00000036,410.0,4.0,-10,0.00019477392410611707,9.779599368767236
fixed-00000036,410.0,4.0,-9,0.00025630528415570967,9.362797745675024
fixed-00000036,410.0,4.0,-8,0.0006353615639266111,8.92673712909803
fixed-00000036,410.0,4.0,-7,0.0003371239741234263,8.46844277897803
fixed-00000036,410.0,4.0,-6,0.0006676248962452227,7.984086702197118
fixed-00000036,410.0,4.0,-5,0.001658763653238138,7.4685999179504705
fixed-00000036,410.0,4.0,-4,0.0007726467930215774,6.915023699498562
fixed-00000036,410.0,4.0,-3,0.0026538215223504097,6.313346294075288
fixed-00000036,410.0,4.0,-2,0.00519203771951878,5.648216320416552
fixed-00000036,410.0,4.0,-1,0.03083662588277155,4.893829601074785
fixed-00000036,410.0,4.0,0,0.032094254057240736,4.000000000000043
fixed-00000036,410.0,4.0,1,0.0844989355780073,2.837893584805059
fixed-00000036,410.0,4.0,2,0.001109014987432471,0.3323929222386681
fixed-00000036,410.0,4.0,3,0.0,0.0
fixed-00000036,410.0,4.0,4,0.0,0.0
fixed-00000036,410.0,4.0,5,0.0,0.0
fixed-00000036,410.0,4.0,6,0.0,0.0
fixed-00000036,410.0,4.0,7,0.0,0.0
fixed-00000036,410.0,4.0,8,0.0,0.0
fixed-00000036,410.0,4.0,9,0.0,0.0
fixed-00000036,410.0,4.0,10,0.0,0.0
fixed-00000036,410.0,4.0,11,0.0,0.0
fixed-00000036,410.0,4.0,12,0.0,0.0
fixed-00000036,410.0,4.0,13,0.0,0.0
fixed-00000036,410.0,4.0,14,0.0,0.0
fixed-00000036,410.0,4.0,15,0.0,0.0
fixed-00000036,410.0,4.0,16,0.0,0.0
fixed-00000036,410.0,4.0,17,0.0,0.0
fixed-00000036,410.0,4.0,18,0.0,0.0
fixed-00000036,410.0,4.0,19,0.0,0.0
fixed-00000036,410.0,4.0,20,0.0,0.0
fixed-00000037,420.0,4.0,-20,8.763670860900546e-05,13.106862846525061
fixed-00000037,420.0,4.0,-19,5.023267709547269e-05,12.805114462386342
fixed-00000037,420.0,4.0,-18,7.376977623883363e-05,12.496206306817086
fixed-00000037,420.0,4.0,-17,8.073041669985253e-05,12.17959349512843
fixed-00000037,420.0,4.0,-16,6.091994372610931e-05,11.854658593029981
fixed-00000037,420.0,4.0,-15,9.750562770611782e-05,11.520697333478978
fixed-00000037,420.0,4.0,-14,0.0001199067466352298,11.176900501616302
fixed-00000037,420.0,4.0,-13,9.718301276481717e-05,10.822330651089075
fixed-00000037,420.0,4.0,-12,0.0001389989487788148,10.45589172636997
fixed-00000037,420.0,4.0,-11,0.00023378644393398296,10.076288755900379
fixed-00000037,420.0,4.0,-10,0.0001698218987400496,9.681973335802653
fixed-00000037,420.0,4.0,-9,0.0002359046690556111,9.27106825583462
fixed-00000037,420.0,4.0,-8,0.0005746012348349696,8.841260597125114
fixed-00000037,420.0,4.0,-7,0.00029331837785208825,8.389645509317234
fixed-00000037,420.0,4.0,-6,0.0006170465117084873,7.912489630768675
fixed-00000037,420.0,4.0,-5,0.001545479132319023,7.4048569993797315
fixed-00000037,420.0,4.0,-4,0.000639377904582414,6.85998498024081
fixed-00000037,420.0,4.0,-3,0.002505355265178439,6.268169548556969
fixed-00000037,420.0,4.0,-2,0.004770222770085527,5.614585555098117
fixed-00000037,420.0,4.0,-1,0.026446677864276697,4.874449243247412
fixed-00000037,420.0,4.0,0,0.03629779860979819,4.000000000000043
fixed-00000037,420.0,4.0,1,0.07745277049601505,2.871028001785845
fixed-00000037,420.0,4.0,2,0.0023195441112265937,0.6990406976807151
fixed-00000037,420.0,4.0,3,0.0,0.0
fixed-00000037,420.0,4.0,4,0.0,0.0
fixed-00000037,420.0,4.0,5,0.0,0.0
fixed-00000037,420.0,4.0,6,0.0,0.0
fixed-00000037,420.0,4.0,7,0.0,0.0
fixed-00000037,420.0,4.0,8,0.0,0.0
fixed-00000037,420.0,4.0,9,0.0,0.0
fixed-00000037,420.0,4.0,10,0.0,0.0
fixed-00000037,420.0,4.0,11,0.0,0.0
fixed-00000037,420.0,4.0,12,0.0,0.0
fixed-00000037,420.0,4.0,13,0.0,0.0
fixed-00000037,420.0,4.0,14,0.0,0.0
fixed-00000037,420.0,4.0,15,0.0,0.0
fixed-00000037,420.0,4.0,16,0.0,0.0
fixed-00000037,420.0,4.0,17,0.0,0.0
fixed-00000037,420.0,4.0,18,0.0,0.0
fixed-00000037,420.0,4.0,19,0.0,0.0
fixed-00000037,420.0,4.0,20,0.0,0.0
fixed-00000038,430.0,4.0,-20,7.671172502897497e-05,12.96737328269542
fixed-00000038,430.0,4.0,-19,4.376058571046955e-05,12.669533796208484
fixed-00000038,430.0,4.0,-18,6.658905796937173e-05,12.364642007157542
fixed-00000038,430.0,4.0,-17,7.003023337931364e-05,12.052162591783855
fixed-00000038,430.0,4.0,-16,5.252230625249577e-05,11.731489136876604
fixed-00000038,430.0,4.0,-15,8.882646009335275e-05,11.401930182797159
fixed-00000038,430.0,4.0,-14,0.00010404489922769435,11.062691533065163
fixed-00000038,430.0,4.0,-13,8.388047844877351e-05,10.712853532213543
fixed-00000038,430.0,4.0,-12,0.00012713274014047982,10.351341443751252
fixed-00000038,430.0,4.0,-11,0.00020475876255324582,9.976886180480477
fixed-00000038,430.0,4.0,-10,0.00014706038828138078,9.587971244288596
fixed-00000038,430.0,4.0,-9,0.0002150986313340225,9.182759450054348
fixed-00000038,430.0,4.0,-8,0.000514839775234104,8.758989138846587
fixed-00000038,430.0,4.0,-7,0.00025270787337529474,8.313822749096218
fixed-00000038,430.0,4.0,-6,0.0005648292664683991,7.843617934344664
fixed-00000038,430.0,4.0,-5,0.001427455295026862,7.343566490730254
fixed-00000038,430.0,4.0,-4,0.0005190052755212446,6.8070937630128014
fixed-00000038,430.0,4.0,-3,0.002348972587249825,6.224789929923276
fixed-00000038,430.0,4.0,-2,0.004350424605125812,5.582330930281415
fixed-00000038,430.0,4.0,-1,0.02238130983400834,4.855898436406804
fixed-00000038,430.0,4.0,0,0.04041706298053332,4.000000000000043
fixed-00000038,430.0,4.0,1,0.07104375623631963,2.902269292269864
fixed-00000038,430.0,4.0,2,0.0031409799433726533,0.9215465625908905
fixed-00000038,430.0,4.0,3,0.0,0.0
fixed-00000038,430.0,4.0,4,0.0,0.0
fixed-00000038,430.0,4.0,5,0.0,0.0
fixed-00000038,430.0,4.0,6,0.0,0.0
fixed-00000038,430.0,4.0,7,0.0,0.0
fixed-00000038,430.0,4.0,8,0.0,0.0
fixed-00000038,430.0,4.0,9,0.0,0.0
fixed-00000038,430.0,4.0,10,0.0,0.0
fixed-00000038,430.0,4.0,11,0.0,0.0
fixed-00000038,430.0,4.0,12,0.0,0.0
fixed-00000038,430.0,4.0,13,0.0,0.0
fixed-00000038,430.0,4.0,14,0.0,0.0
fixed-00000038,430.0,4.0,15,0.0,0.0
fixed-00000038,430.0,4.0,16,0.0,0.0
fixed-00000038,430.0,4.0,17,0.0,0.0
fixed-00000038,430.0,4.0,18,0.0,0.0
fixed-00000038,430.0,4.0,19,0.0,0.0
fixed-00000038,430.0,4.0,20,0.0,0.0
fixed-00000039,440.0,4.0,-20,6.734155198042014e-05,12.832834315133255
fixed-00000039,440.0,4.0,-19,3.848005032759467e-05,12.538770978052682
fixed-00000039,440.0,4.0,-18,6.036553237205267e-05,12.237759303340212
fixed-00000039,440.0,4.0,-17,6.075128186913172e-05,11.929273211537804
fixed-00000039,440.0,4.0,-16,4.561039323193719e-05,11.612716944258509
fixed-00000039,440.0,4.0,-15,8.130043128411396e-05,11.287411421865912
fixed-00000039,440.0,4.0,-14,9.01928698892894e-05,10.952576962541741
fixed-00000039,440.0,4.0,-13,7.275766563606304e-05,10.607311101353602
fixed-00000039,440.0,4.0,-12,0.00011685479829700988,10.250559696102783
fixed-00000039,440.0,4.0,-11,0.00017905354256081773,9.88107865604465
fixed-00000039,440.0,4.0,-10,0.00012762697809735722,9.49738228221355
fixed-00000039,440.0,4.0,-9,0.00019689202455928245,9.09767200731369
fixed-00000039,440.0,4.0,-8,0.0004606128475864251,8.679735599183942
fixed-00000039,440.0,4.0,-7,0.00021751375629266173,8.240800326776181
fixed-00000039,440.0,4.0,-6,0.0005179281293551525,7.777311442431525
fixed-00000039,440.0,4.0,-5,0.0013173667355895402,7.284583534666609
fixed-00000039,440.0,4.0,-4,0.00041638845571556306,6.756222279782023
fixed-00000039,440.0,4.0,-3,0.0022057038827335024,6.183099336276953
fixed-00000039,440.0,4.0,-2,0.003968566568614447,5.551368162118536
fixed-00000039,440.0,4.0,-1,0.018741151035296194,4.838124655002829
fixed-00000039,440.0,4.0,0,0.044479236795710204,4.000000000000043
fixed-00000039,440.0,4.0,1,0.0650230304618741,2.931780248048341
fixed-00000039,440.0,4.0,2,0.003857742785903756,1.0924531720081205
fixed-00000039,440.0,4.0,3,0.0,0.0
fixed-00000039,440.0,4.0,4,0.0,0.0
fixed-00000039,440.0,4.0,5,0.0,0.0
fixed-00000039,440.0,4.0,6,0.0,0.0
fixed-00000039,440.0,4.0,7,0.0,0.0
fixed-00000039,440.0,4.0,8,0.0,0.0
fixed-00000039,440.0,4.0,9,0.0,0.0
fixed-00000039,440.0,4.0,10,0.0,0.0
fixed-00000039,440.0,4.0,11,0.0,0.0
fixed-00000039,440.0,4.0,12,0.0,0.0
fixed-00000039,440.0,4.0,13,0.0,0.0
fixed-00000039,440.0,4.0,14,0.0,0.0
fixed-00000039,440.0,4.0,15,0.0,0.0
fixed-00000039,440.0,4.0,16,0.0,0.0
fixed-00000039,440.0,4.0,17,0.0,0.0
fixed-00000039,440.0,4.0,18,0.0,0.0
fixed-00000039,440.0,4.0,19,0.0,0.0
fixed-00000039,440.0,4.0,20,0.0,0.0
fixed-00000040,450.0,4.0,-20,5.844554811672855e-05,12.702966158118315
fixed-00000040,450.0,4.0,-19,3.374477927082059e-05,12.412553656294293
fixed-00000040,450.0,4.0,-18,5.435387721355367e-05,12.115293466158121
fixed-00000040,450.0,4.0,-17,5.200859130192782e-05,11.81066845284316
fixed-00000040,450.0,4.0,-16,3.9476411203951694e-05,11.498093166079101
fixed-00000040,450.0,4.0,-15,7.397411257663671e-05,11.17690050161626
fixed-00000040,450.0,4.0,-14,7.718855709186294e-05,10.846324815409005
fixed-00000040,450.0,4.0,-13,6.274431129619688e-05,10.505480264653997
fixed-00000040,450.0,4.0,-12,0.00010694318571076146,10.153332615240856
fixed-00000040,450.0,4.0,-11,0.00015475684205340634,9.788661932177646
fixed-00000040,450.0,4.0,-10,0.0001097285988168022,9.41001226788633
fixed-00000040,450.0,4.0,-9,0.00017980205377353154,9.015622340555637
fixed-00000040,450.0,4.0,-8,0.00040798035219754615,8.60332760953709
fixed-00000040,450.0,4.0,-7,0.00018491135928679127,8.170417848002046
fixed-00000040,450.0,4.0,-6,0.00047384442491099513,7.713422675659928
fixed-00000040,450.0,4.0,-5,0.001206472602322775,7.227774780095174
fixed-00000040,450.0,4.0,-4,0.00032745365950481985,6.707252950125579
fixed-00000040,450.0,4.0,-3,0.0020660614981590133,6.142998339829504
fixed-00000040,450.0,4.0,-2,0.0036102202596166593,5.521619808342521
fixed-00000040,450.0,4.0,-1,0.015438305592180866,4.821079743384956
fixed-00000040,450.0,4.0,0,0.04828193535448117,4.000000000000043
fixed-00000040,450.0,4.0,1,0.05913480555305435,2.9597049311129666
fixed-00000040,450.0,4.0,2,0.004523887913241366,1.2338425267338948
fixed-00000040,450.0,4.0,3,0.0,0.0
fixed-00000040,450.0,4.0,4,0.0,0.0
fixed-00000040,450.0,4.0,5,0.0,0.0
fixed-00000040,450.0,4.0,6,0.0,0.0
fixed-00000040,450.0,4.0,7,0.0,0.0
fixed-00000040,450.0,4.0,8,0.0,0.0
fixed-00000040,450.0,4.0,9,0.0,0.0
fixed-00000040,450.0,4.0,10,0.0,0.0
fixed-00000040,450.0,4.0,11,0.0,0.0
fixed-00000040,450.0,4.0,12,0.0,0.0
fixed-00000040,450.0,4.0,13,0.0,0.0
fixed-00000040,450.0,4.0,14,0.0,0.0
fixed-00000040,450.0,4.0,15,0.0,0.0
fixed-00000040,450.0,4.0,16,0.0,0.0
fixed-00000040,450.0,4.0,17,0.0,0.0
fixed-00000040,450.0,4.0,18,0.0,0.0
fixed-00000040,450.0,4.0,19,0.0,0.0
fixed-00000040,450.0,4.0,20,0.0,0.0
fixed-00000041,460.0,4.0,-20,5.015880878359071e-05,12.577510579407715
fixed-00000041,460.0,4.0,-19,2.948156678707314e-05,12.290630459977635
fixed-00000041,460.0,4.0,-18,4.850297444044073e-05,11.997000160210277
fixed-00000041,460.0,4.0,-17,4.384837622334623e-05,11.696111205778067
fixed-00000041,460.0,4.0,-16,3.402140488759009e-05,11.387388125912437
fixed-00000041,460.0,4.0,-15,6.670011762376656e-05,11.070175408225822
fixed-00000041,460.0,4.0,-14,6.50012562125058e-05,10.743720994389975
fixed-00000041,460.0,4.0,-13,5.371770349529223e-05,10.407155124901223
fixed-00000041,460.0,4.0,-12,9.700233564270858e-05,10.059462823221452
fixed-00000041,460.0,4.0,-11,0.00013171034348368838,9.699447513130764
fixed-00000041,460.0,4.0,-10,9.31642089496699e-05,9.325682005200974
fixed-00000041,460.0,4.0,-9,0.0001628927256566331,8.93644104020727
fixed-00000041,460.0,4.0,-8,0.0003564196731261306,8.529606124486918
fixed-00000041,460.0,4.0,-7,0.00015426685431594786,8.102527331430608
fixed-00000041,460.0,4.0,-6,0.0004306136202227441,7.651815588106331
fixed-00000041,460.0,4.0,-5,0.0010920380714663858,7.1730172404364225
fixed-00000041,460.0,4.0,-4,0.00024979308584861993,6.660077368214232
fixed-00000041,460.0,4.0,-3,0.0019236569717750447,6.104395321148445
fixed-00000041,460.0,4.0,-2,0.0032631347910774427,5.493014580257693
fixed-00000041,460.0,4.0,-1,0.012451436248281104,4.804719468232179
fixed-00000041,460.0,4.0,0,0.05167838315915974,4.000000000000043
fixed-00000041,460.0,4.0,1,0.053290103339475495,2.986171373421186
fixed-00000041,460.0,4.0,2,0.005144628894501551,1.3553543387345144
fixed-00000041,460.0,4.0,3,0.0,0.0
fixed-00000041,460.0,4.0,4,0.0,0.0
fixed-00000041,460.0,4.0,5,0.0,0.0
fixed-00000041,460.0,4.0,6,0.0,0.0
fixed-00000041,460.0,4.0,7,0.0,0.0
fixed-00000041,460.0,4.0,8,0.0,0.0
fixed-00000041,460.0,4.0,9,0.0,0.0
fixed-00000041,460.0,4.0,10,0.0,0.0
fixed-00000041,460.0,4.0,11,0.0,0.0
fixed-00000041,460.0,4.0,12,0.0,0.0
fixed-00000041,460.0,4.0,13,0.0,0.0
fixed-00000041,460.0,4.0,14,0.0,0.0
fixed-00000041,460.0,4.0,15,0.0,0.0
fixed-00000041,460.0,4.0,16,0.0,0.0
fixed-00000041,460.0,4.0,17,0.0,0.0
fixed-00000041,460.0,4.0,18,0.0,0.0
fixed-00000041,460.0,4.0,19,0.0,0.0
fixed-00000041,460.0,4.0,20,0.0,0.0
fixed-00000042,470.0,4.0,-20,4.32907415465083e-05,12.456228814270318
fixed-00000042,470.0,4.0,-19,2.6162256962773638e-05,12.172768968466443
fixed-00000042,470.0,4.0,-18,4.3491251272385014e-05,11.882653470494859
fixed-00000042,470.0,4.0,-17,3.6947151073730766e-05,11.585382237029776
fixed-00000042,470.0,4.0,-16,2.9754480887580577e-05,11.28038946496281
fixed-00000042,470.0,4.0,-15,6.0408487047971407e-05,10.967030869800126
fixed-00000042,470.0,4.0,-14,5.457181200572527e-05,10.644567549905517
fixed-00000042,470.0,4.0,-13,4.649123810606262e-05,10.31214531767661
fixed-00000042,470.0,4.0,-12,8.834235344194753e-05,9.968767836736134
fixed-00000042,470.0,4.0,-11,0.00011163792251161955,9.613261133217293
fixed-00000042,470.0,4.0,-10,7.942759620423518e-05,9.244225833195756
fixed-00000042,470.0,4.0,-9,0.0001480042227771195,8.85997150158471
fixed-00000042,470.0,4.0,-8,0.00031014223701375174,8.458424131399937
fixed-00000042,470.0,4.0,-7,0.0001280116896882143,8.036992005791461
fixed-00000042,470.0,4.0,-6,0.00039176782474308275,7.592364458324127
fixed-00000042,470.0,4.0,-5,0.0009852070810512678,7.12019728699272
fixed-00000042,470.0,4.0,-4,0.0001855429989225659,6.614595409808928
fixed-00000042,470.0,4.0,-3,0.001792208849029385,6.067205706207318
fixed-00000042,470.0,4.0,-2,0.0029472761170391635,5.465486736837221
fixed-00000042,470.0,4.0,-1,0.009852114805070923,4.789003125134016
fixed-00000042,470.0,4.0,0,0.05482134924982469,4.000000000000043
fixed-00000042,470.0,4.0,1,0.047736401045770614,3.011293809692063
fixed-00000042,470.0,4.0,2,0.005733069604010916,1.462265398478209
fixed-00000042,470.0,4.0,3,0.0,0.0
fixed-00000042,470.0,4.0,4,0.0,0.0
fixed-00000042,470.0,4.0,5,0.0,0.0
fixed-00000042,470.0,4.0,6,0.0,0.0
fixed-00000042,470.0,4.0,7,0.0,0.0
fixed-00000042,470.0,4.0,8,0.0,0.0
fixed-00000042,470.0,4.0,9,0.0,0.0
fixed-00000042,470.0,4.0,10,0.0,0.0
fixed-00000042,470.0,4.0,11,0.0,0.0
fixed-00000042,470.0,4.0,12,0.0,0.0
fixed-00000042,470.0,4.0,13,0.0,0.0
fixed-00000042,470.0,4.0,14,0.0,0.0
fixed-00000042,470.0,4.0,15,0.0,0.0
fixed-00000042,470.0,4.0,16,0.0,0.0
fixed-00000042,470.0,4.0,17,0.0,0.0
fixed-00000042,470.0,4.0,18,0.0,0.0
fixed-00000042,470.0,4.0,19,0.0,0.0
fixed-00000042,470.0,4.0,20,0.0,0.0
fixed-00000043,480.0,4.0,-20,3.716458785150102e-05,12.338899720932332
fixed-00000043,480.0,4.0,-19,2.3501319132271435e-05,12.058753916039905
fixed-00000043,480.0,4.0,-18,3.8944955621725007e-05,11.772044157333369
fixed-00000043,480.0,4.0,-17,3.080391261688938e-05,11.478278496429667
fixed-00000043,480.0,4.0,-16,2.639098060705199e-05,11.176900501616302
fixed-00000043,480.0,4.0,-15,5.46812322561816e-05,10.867276770488644
fixed-00000043,480.0,4.0,-14,4.529677254816109e-05,10.548681150469449
fixed-00000043,480.0,4.0,-13,4.064205975385672e-05,10.220274539944285
fixed-00000043,480.0,4.0,-12,8.059384624896139e-05,9.881078656044693
fixed-00000043,480.0,4.0,-11,9.365484572752363e-05,9.529941408533489
fixed-00000043,480.0,4.0,-10,6.783611954081265e-05,9.165490343367907
fixed-00000043,480.0,4.0,-9,0.00013515744228256136,8.786068711064956
fixed-00000043,480.0,4.0,-8,0.0002675935998962808,8.389645509317262
fixed-00000043,480.0,4.0,-7,0.0001052155347099334,7.973685246153153
fixed-00000043,480.0,4.0,-6,0.0003580032330436349,7.534952908764538
fixed-00000043,480.0,4.0,-5,0.0008836849432605509,7.069209758944453
fixed-00000043,480.0,4.0,-4,0.00013357754206497712,6.570714442852491
fixed-00000043,480.0,4.0,-3,0.001673192516986031,6.03135129215535
fixed-00000043,480.0,4.0,-2,0.0026641169652757693,5.438975549640787
fixed-00000043,480.0,4.0,-1,0.0076133205155413265,4.773893191801832
fixed-00000043,480.0,4.0,0,0.057626063456647794,4.000000000000128
fixed-00000043,480.0,4.0,1,0.042482759229042086,3.035174537183508
fixed-00000043,480.0,4.0,2,0.006306077518479406,1.5578535504268984
fixed-00000043,480.0,4.0,3,0.0,0.0
fixed-00000043,480.0,4.0,4,0.0,0.0
fixed-00000043,480.0,4.0,5,0.0,0.0
fixed-00000043,480.0,4.0,6,0.0,0.0
fixed-00000043,480.0,4.0,7,0.0,0.0
fixed-00000043,480.0,4.0,8,0.0,0.0
fixed-00000043,480.0,4.0,9,0.0,0.0
fixed-00000043,480.0,4.0,10,0.0,0.0
fixed-00000043,480.0,4.0,11,0.0,0.0
fixed-00000043,480.0,4.0,12,0.0,0.0
fixed-00000043,480.0,4.0,13,0.0,0.0
fixed-00000043,480.0,4.0,14,0.0,0.0
fixed-00000043,480.0,4.0,15,0.0,0.0
fixed-00000043,480.0,4.0,16,0.0,0.0
fixed-00000043,480.0,4.0,17,0.0,0.0
fixed-00000043,480.0,4.0,18,0.0,0.0
fixed-00000043,480.0,4.0,19,0.0,0.0
fixed-00000043,480.0,4.0,20,0.0,0.0
fixed-00000044,490.0,4.0,-20,3.0829170968309604e-05,12.225318145104808
fixed-00000044,490.0,4.0,-19,2.0689852509483374e-05,11.948385599975978
fixed-00000044,490.0,4.0,-18,3.387203142624779e-05,11.66497810905598
fixed-00000044,490.0,4.0,-17,2.4630463458289544e-05,11.374611615381397
fixed-00000044,490.0,4.0,-16,2.3044905699908214e-05,11.076738776861475
fixed-00000044,490.0,4.0,-15,4.8068416027479456e-05,10.770736744273435
fixed-00000044,490.0,4.0,-14,3.60049148946818e-05,10.455891726370012
fixed-00000044,490.0,4.0,-13,3.4868095226991174e-05,10.131379245325505
fixed-00000044,490.0,4.0,-12,7.147989095834617e-05,9.796238513755625
fixed-00000044,490.0,4.0,-11,7.55116838431143e-05,9.449338641416006
fixed-00000044,490.0,4.0,-10,5.624305957477078e-05,9.089333242301052
fixed-00000044,490.0,4.0,-9,0.00012068425704302754,8.714598169784495
fixed-00000044,490.0,4.0,-8,0.00022311524350976738,8.323144017155428
fixed-00000044,490.0,4.0,-7,8.242507075227695e-05,7.9124896307686186
fixed-00000044,490.0,4.0,-6,0.00032229136963514264,7.479473036402908
fixed-00000044,490.0,4.0,-5,0.0007703216821905283,7.019957174357458
fixed-00000044,490.0,4.0,-4,8.888978977810313e-05,6.528348627774008
fixed-00000044,490.0,4.0,-3,0.0015403303008460843,5.996759649897882
fixed-00000044,490.0,4.0,-2,0.0023706849880130478,5.413424829013778
fixed-00000044,490.0,4.0,-1,0.005641976196397235,4.7593550215627545
fixed-00000044,490.0,4.0,0,0.05948690420433883,4.000000000000128
fixed-00000044,490.0,4.0,1,0.03717375507190676,3.057905474932099
fixed-00000044,490.0,4.0,2,0.006816284586481536,1.6443284594506906
fixed-00000044,490.0,4.0,3,0.0,0.0
fixed-00000044,490.0,4.0,4,0.0,0.0
fixed-00000044,490.0,4.0,5,0.0,0.0
fixed-00000044,490.0,4.0,6,0.0,0.0
fixed-00000044,490.0,4.0,7,0.0,0.0
fixed-00000044,490.0,4.0,8,0.0,0.0
fixed-00000044,490.0,4.0,9,0.0,0.0
fixed-00000044,490.0,4.0,10,0.0,0.0
fixed-00000044,490.0,4.0,11,0.0,0.0
fixed-00000044,490.0,4.0,12,0.0,0.0
fixed-00000044,490.0,4.0,13,0.0,0.0
fixed-00000044,490.0,4.0,14,0.0,0.0
fixed-00000044,490.0,4.0,15,0.0,0.0
fixed-00000044,490.0,4.0,16,0.0,0.0
fixed-00000044,490.0,4.0,17,0.0,0.0
fixed-00000044,490.0,4.0,18,0.0,0.0
fixed-00000044,490.0,4.0,19,0.0,0.0
fixed-00000044,490.0,4.0,20,0.0,0.0
fixed-00000045,500.0,4.0,-20,2.5432448768291482e-05,12.115293466158121
fixed-00000045,500.0,4.0,-19,1.8247032782886438e-05,11.8414784654246
fixed-00000045,500.0,4.0,-18,2.912597913390514e-05,11.561274966505863
fixed-00000045,500.0,4.0,-17,1.9341253834097835e-05,11.274206572013128
fixed-00000045,500.0,4.0,-16,2.0221197779996026e-05,10.979734761202295
fixed-00000045,500.0,4.0,-15,4.1686559283764294e-05,10.677246924869209
fixed-00000045,500.0,4.0,-14,2.7908487929688008e-05,10.366041263914951
fixed-00000045,500.0,4.0,-13,2.9986032623300776e-05,10.045307484204272
fixed-00000045,500.0,4.0,-12,6.239009075041303e-05,9.714101762495858
fixed-00000045,500.0,4.0,-11,5.929481812957358e-05,9.371313757611418
fixed-00000045,500.0,4.0,-10,4.623011086159111e-05,9.01562234055568
fixed-00000045,500.0,4.0,-9,0.00010594400590445925,8.645434936834732
fixed-00000045,500.0,4.0,-8,0.00018159503605137854,8.258802394264194
fixed-00000045,500.0,4.0,-7,6.231195410024488e-05,7.85329610268785
fixed-00000045,500.0,4.0,-6,0.0002863904723380333,7.425824639985038
fixed-00000045,500.0,4.0,-5,0.0006573228129760201,6.972349028947647
fixed-00000045,500.0,4.0,-4,5.312062325568377e-05,6.487418295723927
fixed-00000045,500.0,4.0,-3,0.0014026558557633819,5.96336359338612
fixed-00000045,500.0,4.0,-2,0.0020801803000186506,5.388782503478367
fixed-00000045,500.0,4.0,-1,0.003994659536678561,4.745356571759629
fixed-00000045,500.0,4.0,0,0.06058229363665321,4.000000000000128
fixed-00000045,500.0,4.0,1,0.03203523251576551,3.07956947893598
fixed-00000045,500.0,4.0,2,0.007242901793686892,1.7232677700620371
fixed-00000045,500.0,4.0,3,0.0,0.0
fixed-00000045,500.0,4.0,4,0.0,0.0
fixed-00000045,500.0,4.0,5,0.0,0.0
fixed-00000045,500.0,4.0,6,0.0,0.0
fixed-00000045,500.0,4.0,7,0.0,0.0
fixed-00000045,500.0,4.0,8,0.0,0.0
fixed-00000045,500.0,4.0,9,0.0,0.0
fixed-00000045,500.0,4.0,10,0.0,0.0
fixed-00000045,500.0,4.0,11,0.0,0.0
fixed-00000045,500.0,4.0,12,0.0,0.0
fixed-00000045,500.0,4.0,13,0.0,0.0
fixed-00000045,500.0,4.0,14,0.0,0.0
fixed-00000045,500.0,4.0,15,0.0,0.0
fixed-00000045,500.0,4.0,16,0.0,0.0
fixed-00000045,500.0,4.0,17,0.0,0.0
fixed-00000045,500.0,4.0,18,0.0,0.0
fixed-00000045,500.0,4.0,19,0.0,0.0
fixed-00000045,500.0,4.0,20,0.0,0.0
fixed-00000046,510.0,4.0,-20,2.0674208077890556e-05,12.00864830157974
fixed-00000046,510.0,4.0,-19,1.593310308789125e-05,11.73785984433411
fixed-00000046,510.0,4.0,-18,2.452789358833592e-05,11.46076689726786
fixed-00000046,510.0,4.0,-17,1.4752789067885901e-05,11.17690050161626
fixed-00000046,510.0,4.0,-16,1.7651728814087956e-05,10.885730702301743
fixed-00000046,510.0,4.0,-15,3.531168481364763e-05,10.586654831666607
fixed-00000046,510.0,4.0,-14,2.081878207499705e-05,10.278982730887435
fixed-00000046,510.0,4.0,-13,2.5624912501455985e-05,9.961917870049362
fixed-00000046,510.0,4.0,-12,5.303429081036472e-05,9.63453288362129
fixed-00000046,510.0,4.0,-11,4.475856206592665e-05,9.295737359102532
fixed-00000046,510.0,4.0,-10,3.7332987126412364e-05,8.944234651595096
fixed-00000046,510.0,4.0,-9,9.051973029601379e-05,8.578462776597007
fixed-00000046,510.0,4.0,-8,0.00014267171523479593,8.19651155890179
fixed-00000046,510.0,4.0,-7,4.459966812768343e-05,7.796003222671089
fixed-00000046,510.0,4.0,-6,0.0002494552855805803,7.373914531470007
fixed-00000046,510.0,4.0,-5,0.0005440045690667005,6.926301171313213
fixed-00000046,510.0,4.0,-4,2.613358010003551e-05,6.447849394706807
fixed-00000046,510.0,4.0,-3,0.0012564896939474977,5.931100707011325
fixed-00000046,510.0,4.0,-2,0.0017874369711808218,5.3650002454304655
fixed-00000046,510.0,4.0,-1,0.0026609467804946285,4.731868162490429
fixed-00000046,510.0,4.0,0,0.0606825727282489,3.999999999999943
fixed-00000046,510.0,4.0,1,0.027063438041867456,3.100241457700733
fixed-00000046,510.0,4.0,2,0.007552921456863208,1.7958468702815367
fixed-00000046,510.0,4.0,3,0.0,0.0
fixed-00000046,510.0,4.0,4,0.0,0.0
fixed-00000046,510.0,4.0,5,0.0,0.0
fixed-00000046,510.0,4.0,6,0.0,0.0
fixed-00000046,510.0,4.0,7,0.0,0.0
fixed-00000046,510.0,4.0,8,0.0,0.0
fixed-00000046,510.0,4.0,9,0.0,0.0
fixed-00000046,510.0,4.0,10,0.0,0.0
fixed-00000046,510.0,4.0,11,0.0,0.0
fixed-00000046,510.0,4.0,12,0.0,0.0
fixed-00000046,510.0,4.0,13,0.0,0.0
fixed-00000046,510.0,4.0,14,0.0,0.0
fixed-00000046,510.0,4.0,15,0.0,0.0
fixed-00000046,510.0,4.0,16,0.0,0.0
fixed-00000046,510.0,4.0,17,0.0,0.0
fixed-00000046,510.0,4.0,18,0.0,0.0
fixed-00000046,510.0,4.0,19,0.0,0.0
fixed-00000046,510.0,4.0,20,0.0,0.0
fixed-00000047,520.0,4.0,-20,1.785465607879454e-05,11.905217349750558
fixed-00000047,520.0,4.0,-19,1.4339693025642593e-05,11.637368829002952
fixed-00000047,520.0,4.0,-18,2.1231375825177698e-05,11.363297500741439
fixed-00000047,520.0,4.0,-17,1.1747010109457343e-05,11.08254163405276
fixed-00000047,520.0,4.0,-16,1.581377545188772e-05,10.794579595613783
fixed-00000047,520.0,4.0,-15,3.053520789643054e-05,10.498818374569126
fixed-00000047,520.0,4.0,-14,1.5895174966495674e-05,10.194579116674106
fixed-00000047,520.0,4.0,-13,2.249712572829803e-05,9.881078656044693
fixed-00000047,520.0,4.0,-12,4.54893461753649e-05,9.557405601711935
fixed-00000047,520.0,4.0,-11,3.406461697593898e-05,9.222488878015653
fixed-00000047,520.0,4.0,-10,3.087651016553088e-05,8.875055586881174
fixed-00000047,520.0,4.0,-9,7.647141858090828e-05,8.513573397092799
fixed-00000047,520.0,4.0,-8,0.00011245455231381087,8.136169892284855
fixed-00000047,520.0,4.0,-7,3.147979137719414e-05,7.740516501892586
fixed-00000047,520.0,4.0,-6,0.00021380034767467054,7.32365592105198
fixed-00000047,520.0,4.0,-5,0.0004501969204064811,6.881735244987794
fixed-00000047,520.0,4.0,-4,9.068710109391789e-06,6.409572995038118
fixed-00000047,520.0,4.0,-3,0.001117812922656102,5.899912923755764
fixed-00000047,520.0,4.0,-2,0.0015240946374269317,5.342033137263584
fixed-00000047,520.0,4.0,-1,0.00166347426137939,4.718862261789724
fixed-00000047,520.0,4.0,0,0.060564377273749644,3.999999999999943
fixed-00000047,520.0,4.0,1,0.022578542438649485,3.1199893233792295
fixed-00000047,520.0,4.0,2,0.007723478248360093,1.8629706538812485
fixed-00000047,520.0,4.0,3,0.0,0.0
fixed-00000047,520.0,4.0,4,0.0,0.0
fixed-00000047,520.0,4.0,5,0.0,0.0
fixed-00000047,520.0,4.0,6,0.0,0.0
fixed-00000047,520.0,4.0,7,0.0,0.0
fixed-00000047,520.0,4.0,8,0.0,0.0
fixed-00000047,520.0,4.0,9,0.0,0.0
fixed-00000047,520.0,4.0,10,0.0,0.0
fixed-00000047,520.0,4.0,11,0.0,0.0
fixed-00000047,520.0,4.0,12,0.0,0.0
fixed-00000047,520.0,4.0,13,0.0,0.0
fixed-00000047,520.0,4.0,14,0.0,0.0
fixed-00000047,520.0,4.0,15,0.0,0.0
fixed-00000047,520.0,4.0,16,0.0,0.0
fixed-00000047,520.0,4.0,17,0.0,0.0
fixed-00000047,520.0,4.0,18,0.0,0.0
fixed-00000047,520.0,4.0,19,0.0,0.0
fixed-00000047,520.0,4.0,20,0.0,0.0
fixed-00000048,530.0,4.0,-20,1.838105910273e-05,11.804846353924574
fixed-00000048,530.0,4.0,-19,1.5558834650681264e-05,11.539855263600288
fixed-00000048,530.0,4.0,-18,2.103686962895849e-05,11.268720827871178
fixed-00000048,530.0,4.0,-17,1.1234295457449042e-05,10.990988342425112
fixed-00000048,530.0,4.0,-16,1.7040266983515638e-05,10.706144262791852
fixed-00000048,530.0,4.0,-15,3.0260899622476782e-05,10.413604963019466
fixed-00000048,530.0,4.0,-14,1.4342114207759265e-05,10.112702572883805
fixed-00000048,530.0,4.0,-13,2.3875226524282646e-05,9.802666908387508
fixed-00000048,530.0,4.0,-12,4.492485427436089e-05,9.48260209177191
fixed-00000048,530.0,4.0,-11,2.9700109182445427e-05,9.151455819110154
fixed-00000048,530.0,4.0,-10,3.148411635210253e-05,8.80797823524668
fixed-00000048,530.0,4.0,-9,7.383660870593547e-05,8.450665768094211
fixed-00000048,530.0,4.0,-8,9.850306722640505e-05,8.077682597631096
fixed-00000048,530.0,4.0,-7,2.7849865767797633e-05,7.686747804566139
fixed-00000048,530.0,4.0,-6,0.0002011775802323677,7.2749678666584
fixed-00000048,530.0,4.0,-5,0.00040686816946359887,6.838578189041442
fixed-00000048,530.0,4.0,-4,2.5717153825580986e-06,6.37252484677397
fixed-00000048,530.0,4.0,-3,0.0010705565108026938,5.869746147798878
fixed-00000048,530.0,4.0,-2,0.0014065501909596234,5.319839372881049
fixed-00000048,530.0,4.0,-1,0.001024575681961242,4.706313293920829
fixed-00000048,530.0,4.0,0,0.06273952274398614,4.000000000000043
fixed-00000048,530.0,4.0,1,0.01945644671758384,3.138874806668909
fixed-00000048,530.0,4.0,2,0.00813967573049916,1.9253541332400914
fixed-00000048,530.0,4.0,3,0.0,0.0
fixed-00000048,530.0,4.0,4,0.0,0.0
fixed-00000048,530.0,4.0,5,0.0,0.0
fixed-00000048,530.0,4.0,6,0.0,0.0
fixed-00000048,530.0,4.0,7,0.0,0.0
fixed-00000048,530.0,4.0,8,0.0,0.0
fixed-00000048,530.0,4.0,9,0.0,0.0
fixed-00000048,530.0,4.0,10,0.0,0.0
fixed-00000048,530.0,4.0,11,0.0,0.0
fixed-00000048,530.0,4.0,12,0.0,0.0
fixed-00000048,530.0,4.0,13,0.0,0.0
fixed-00000048,530.0,4.0,14,0.0,0.0
fixed-00000048,530.0,4.0,15,0.0,0.0
fixed-00000048,530.0,4.0,16,0.0,0.0
fixed-00000048,530.0,4.0,17,0.0,0.0
fixed-00000048,530.0,4.0,18,0.0,0.0
fixed-00000048,530.0,4.0,19,0.0,0.0
fixed-00000048,530.0,4.0,20,0.0,0.0
fixed-00000049,540.0,4.0,-20,1.7357361124585578e-05,11.707391172695964
fixed-00000049,540.0,4.0,-19,1.604306070606478e-05,11.445178839332968
fixed-00000049,540.0,4.0,-18,1.9411682701688934e-05,11.176900501616302
fixed-00000049,540.0,4.0,-17,9.954435101096955e-06,10.902108289504397
fixed-00000049,540.0,4.0,-16,1.7828757801821104e-05,10.620296524793474
fixed-00000049,540.0,4.0,-15,2.799822338375359e-05,10.33089070657202
fixed-00000049,540.0,4.0,-14,1.1937987092831678e-05,10.033233642263525
fixed-00000049,540.0,4.0,-13,2.4776832591958198e-05,9.726567764525285
fixed-00000049,540.0,4.0,-12,4.1839226035202176e-05,9.410012267886245
fixed-00000049,540.0,4.0,-11,2.3868118852986486e-05,9.08253308010309
fixed-00000049,540.0,4.0,-10,3.149736845116348e-05,8.742902716320742
fixed-00000049,540.0,4.0,-9,6.928485618706673e-05,8.389645509317262
fixed-00000049,540.0,4.0,-8,7.963310497243896e-05,8.020961125094075
fixed-00000049,540.0,4.0,-7,2.3938506082941132e-05,7.634614812005779
fixed-00000049,540.0,4.0,-6,0.00018801603433609045,7.227774780095174
fixed-00000049,540.0,4.0,-5,0.0003428467455007016,6.796761790119547
fixed-00000049,540.0,4.0,-4,3.355190360806324e-09,6.336644982795491
fixed-00000049,540.0,4.0,-3,0.001006318824625157,5.840549916165088
fixed-00000049,540.0,4.0,-2,0.0012572861472645229,5.298379990270192
fixed-00000049,540.0,4.0,-1,0.0005779006249185097,4.694197467919281
fixed-00000049,540.0,4.0,0,0.06313462342670723,4.000000000000043
fixed-00000049,540.0,4.0,1,0.0162465837187947,3.1569541581493326
fixed-00000049,540.0,4.0,2,0.008497129568477266,1.9835743440105915
fixed-00000049,540.0,4.0,3,0.0,0.0
fixed-00000049,540.0,4.0,4,0.0,0.0
fixed-00000049,540.0,4.0,5,0.0,0.0
fixed-00000049,540.0,4.0,6,0.0,0.0
fixed-00000049,540.0,4.0,7,0.0,0.0
fixed-00000049,540.0,4.0,8,0.0,0.0
fixed-00000049,540.0,4.0,9,0.0,0.0
fixed-00000049,540.0,4.0,10,0.0,0.0
fixed-00000049,540.0,4.0,11,0.0,0.0
fixed-00000049,540.0,4.0,12,0.0,0.0
fixed-00000049,540.0,4.0,13,0.0,0.0
fixed-00000049,540.0,4.0,14,0.0,0.0
fixed-00000049,540.0,4.0,15,0.0,0.0
fixed-00000049,540.0,4.0,16,0.0,0.0
fixed-00000049,540.0,4.0,17,0.0,0.0
fixed-00000049,540.0,4.0,18,0.0,0.0
fixed-00000049,540.0,4.0,19,0.0,0.0
fixed-00000049,540.0,4.0,20,0.0,0.0
fixed-00000050,550.0,4.0,-20,1.6601846372693968e-05,11.612716944258466
fixed-00000050,550.0,4.0,-19,1.6180905100261396e-05,11.353208280905505
fixed-00000050,550.0,4.0,-18,1.771712670609053e-05,11.087708926153098
fixed-00000050,550.0,4.0,-17,9.005997502963519e-06,10.81577766026615
fixed-00000050,550.0,4.0,-16,1.8228997748135697e-05,10.536916458396973
fixed-00000050,550.0,4.0,-15,2.546719935348591e-05,10.250559696102755
fixed-00000050,550.0,4.0,-14,1.002064489180277e-05,9.956060565391013
fixed-00000050,550.0,4.0,-13,2.5246136050404824e-05,9.652673766211109
fixed-00000050,550.0,4.0,-12,3.796475221864837e-05,9.339533143629737
fixed-00000050,550.0,4.0,-11,1.8871377489370647e-05,9.015622340555552
fixed-00000050,550.0,4.0,-10,3.1227045195515195e-05,8.679735599183942
fixed-00000050,550.0,4.0,-9,6.269530840468793e-05,8.33042434034833
fixed-00000050,550.0,4.0,-8,6.224507849321422e-05,7.965922654739103
fixed-00000050,550.0,4.0,-7,2.0695950190742106e-05,7.58404054079962
fixed-00000050,550.0,4.0,-6,0.00017055221699153968,7.182005983087052
fixed-00000050,550.0,4.0,-5,0.0002784548647919644,6.756222279782023
fixed-00000050,550.0,4.0,-4,2.5328487153493366e-06,6.30187736209605
fixed-00000050,550.0,4.0,-3,0.0009261891876993384,5.812277094742029
fixed-00000050,550.0,4.0,-2,0.0010961055448271094,5.277618631405375
fixed-00000050,550.0,4.0,-1,0.00033686350328839985,4.682492623926009
fixed-00000050,550.0,4.0,0,0.06255572861823408,4.000000000000043
fixed-00000050,550.0,4.0,1,0.013183925560751748,3.174278754446547
fixed-00000050,550.0,4.0,2,0.008678437223834125,2.038105178627262
fixed-00000050,550.0,4.0,3,0.0,0.0
fixed-00000050,550.0,4.0,4,0.0,0.0
fixed-00000050,550.0,4.0,5,0.0,0.0
fixed-00000050,550.0,4.0,6,0.0,0.0
fixed-00000050,550.0,4.0,7,0.0,0.0
fixed-00000050,550.0,4.0,8,0.0,0.0
fixed-00000050,550.0,4.0,9,0.0,0.0
fixed-00000050,550.0,4.0,10,0.0,0.0
fixed-00000050,550.0,4.0,11,0.0,0.0
fixed-00000050,550.0,4.0,12,0.0,0.0
fixed-00000050,550.0,4.0,13,0.0,0.0
fixed-00000050,550.0,4.0,14,0.0,0.0
fixed-00000050,550.0,4.0,15,0.0,0.0
fixed-00000050,550.0,4.0,16,0.0,0.0
fixed-00000050,550.0,4.0,17,0.0,0.0
fixed-00000050,550.0,4.0,18,0.0,0.0
fixed-00000050,550.0,4.0,19,0.0,0.0
fixed-00000050,550.0,4.0,20,0.0,0.0
fixed-00000051,560.0,4.0,-20,1.6851556926519514e-05,11.520697333479006
fixed-00000051,560.0,4.0,-19,1.7136442412909357e-05,11.26382061358683
fixed-00000051,560.0,4.0,-18,1.6774421787164188e-05,11.001026574425026
fixed-00000051,560.0,4.0,-17,8.982105386255437e-06,10.731880470457497
fixed-00000051,560.0,4.0,-16,1.9643839819534412e-05,10.45589172636997
fixed-00000051,560.0,4.0,-15,2.4006348948810595e-05,10.172503356222151
fixed-00000051,560.0,4.0,-14,9.365007669854768e-06,9.881078656044693
fixed-00000051,560.0,4.0,-13,2.7332678923956244e-05,9.580884258625872
fixed-00000051,560.0,4.0,-12,3.577317330640252e-05,9.27106825583462
fixed-00000051,560.0,4.0,-11,1.6098180853168972e-05,8.950631511301339
fixed-00000051,560.0,4.0,-10,3.3737570583237016e-05,8.618389378622567
fixed-00000051,560.0,4.0,-9,5.920625997149488e-05,8.27291958508114
fixed-00000051,560.0,4.0,-8,4.9820028955762464e-05,7.9124896307686186
fixed-00000051,560.0,4.0,-7,2.1567762684182626e-05,7.5349529087644385
fixed-00000051,560.0,4.0,-6,0.00016007452742241427,7.137595307370333
fixed-00000051,560.0,4.0,-5,0.00022579934417198087,6.71689997183698
fixed-00000051,560.0,4.0,-4,9.447349945387044e-06,6.268169548557026
fixed-00000051,560.0,4.0,-3,0.0008698372746161713,5.784883604631474
fixed-00000051,560.0,4.0,-2,0.0009682122055365929,5.257521326257304
fixed-00000051,560.0,4.0,-1,0.00029939137178101134,4.671178095187116
fixed-00000051,560.0,4.0,0,0.06213668020054028,4.000000000000043
fixed-00000051,560.0,4.0,1,0.010600524591935372,3.1908956242289577
fixed-00000051,560.0,4.0,2,0.008903185812990735,2.089341578597498
fixed-00000051,560.0,4.0,3,0.0,0.0
fixed-00000051,560.0,4.0,4,0.0,0.0
fixed-00000051,560.0,4.0,5,0.0,0.0
fixed-00000051,560.0,4.0,6,0.0,0.0
fixed-00000051,560.0,4.0,7,0.0,0.0
fixed-00000051,560.0,4.0,8,0.0,0.0
fixed-00000051,560.0,4.0,9,0.0,0.0
fixed-00000051,560.0,4.0,10,0.0,0.0
fixed-00000051,560.0,4.0,11,0.0,0.0
fixed-00000051,560.0,4.0,12,0.0,0.0
fixed-00000051,560.0,4.0,13,0.0,0.0
fixed-00000051,560.0,4.0,14,0.0,0.0
fixed-00000051,560.0,4.0,15,0.0,0.0
fixed-00000051,560.0,4.0,16,0.0,0.0
fixed-00000051,560.0,4.0,17,0.0,0.0
fixed-00000051,560.0,4.0,18,0.0,0.0
fixed-00000051,560.0,4.0,19,0.0,0.0
fixed-00000051,560.0,4.0,20,0.0,0.0
fixed-00000052,570.0,4.0,-20,1.65409157150622e-05,11.43121385226128
fixed-00000052,570.0,4.0,-19,1.72544638677486e-05,11.17690050161626
fixed-00000052,570.0,4.0,-18,1.5289737272545148e-05,10.916741345033486
fixed-00000052,570.0,4.0,-17,8.842897664215165e-06,10.650307942455399
fixed-00000052,570.0,4.0,-16,2.0209313322031507e-05,10.377116972823487
fixed-00000052,570.0,4.0,-15,2.1688142617544178e-05,10.096619860707065
fixed-00000052,570.0,4.0,-14,8.78795716349199e-06,9.80818973735775
fixed-00000052,570.0,4.0,-13,2.836616729152645e-05,9.511104847972902
fixed-00000052,570.0,4.0,-12,3.2133844891980826e-05,9.204527144434849
fixed-00000052,570.0,4.0,-11,1.3654175030176085e-05,8.887474237458349
fixed-00000052,570.0,4.0,-10,3.518676133926288e-05,8.558782002362335
fixed-00000052,570.0,4.0,-9,5.329993588916435e-05,8.217053724399236
fixed-00000052,570.0,4.0,-8,3.7877989463256904e-05,7.860589341106007
fixed-00000052,570.0,4.0,-7,2.2925944786559884e-05,7.487284343186758
fixed-00000052,570.0,4.0,-6,0.00014558458828762888,7.094480733772272
fixed-00000052,570.0,4.0,-5,0.00017021975012167025,6.678738935066164
fixed-00000052,570.0,4.0,-4,2.1923289850853375e-05,6.2354724211239585
fixed-00000052,570.0,4.0,-3,0.0007949350650511888,5.758328175331485
fixed-00000052,570.0,4.0,-2,0.0008201710553273838,5.23805629811234
fixed-00000052,570.0,4.0,-1,0.00043004203714370933,4.6602345838808645
fixed-00000052,570.0,4.0,0,0.06023192752475163,4.000000000000043
fixed-00000052,570.0,4.0,1,0.00816856682770631,3.2068479063504185
fixed-00000052,570.0,4.0,2,0.008917154161438201,2.13761682818793
fixed-00000052,570.0,4.0,3,0.0,0.0
fixed-00000052,570.0,4.0,4,0.0,0.0
fixed-00000052,570.0,4.0,5,0.0,0.0
fixed-00000052,570.0,4.0,6,0.0,0.0
fixed-00000052,570.0,4.0,7,0.0,0.0
fixed-00000052,570.0,4.0,8,0.0,0.0
fixed-00000052,570.0,4.0,9,0.0,0.0
fixed-00000052,570.0,4.0,10,0.0,0.0
fixed-00000052,570.0,4.0,11,0.0,0.0
fixed-00000052,570.0,4.0,12,0.0,0.0
fixed-00000052,570.0,4.0,13,0.0,0.0
fixed-00000052,570.0,4.0,14,0.0,0.0
fixed-00000052,570.0,4.0,15,0.0,0.0
fixed-00000052,570.0,4.0,16,0.0,0.0
fixed-00000052,570.0,4.0,17,0.0,0.0
fixed-00000052,570.0,4.0,18,0.0,0.0
fixed-00000052,570.0,4.0,19,0.0,0.0
fixed-00000052,570.0,4.0,20,0.0,0.0
fixed-00000053,580.0,4.0,-20,1.6969919876645555e-05,11.344155244919335
fixed-00000053,580.0,4.0,-19,1.777726255976527e-05,11.09233964988806
fixed-00000053,580.0,4.0,-18,1.4399402919858723e-05,10.834747980635072
fixed-00000053,580.0,4.0,-17,9.353612171881446e-06,10.570957940814182
fixed-00000053,580.0,4.0,-16,2.1223584604121775e-05,10.300493276388579
fixed-00000053,580.0,4.0,-15,2.019313903264829e-05,10.022813603833598
fixed-00000053,580.0,4.0,-14,9.136701127937037e-06,9.737301631890915
fixed-00000053,580.0,4.0,-13,3.014473013095473e-05,9.443246910942491
fixed-00000053,580.0,4.0,-12,2.9652738831144624e-05,9.139824882054754
fixed-00000053,580.0,4.0,-11,1.2936993525964152e-05,8.826069448973215
fixed-00000053,580.0,4.0,-10,3.806121974952083e-05,8.500836443523596
fixed-00000053,580.0,4.0,-9,4.905277824086681e-05,8.162753991654597
fixed-00000053,580.0,4.0,-8,3.0194754231843938e-05,7.810153537213992
fixed-00000053,580.0,4.0,-7,2.686118148625028e-05,7.440971426572531
fixed-00000053,580.0,4.0,-6,0.0001343956170384087,7.052604065868977
fixed-00000053,580.0,4.0,-5,0.0001258443231502271,6.641686697338955
fixed-00000053,580.0,4.0,-4,3.851243959483634e-05,6.203739911827654
fixed-00000053,580.0,4.0,-3,0.0007329801593117712,5.732572121705644
fixed-00000053,580.0,4.0,-2,0.000696163993693408,5.219193787774614
fixed-00000053,580.0,4.0,-1,0.0007113253442089603,4.649644049178292
fixed-00000053,580.0,4.0,0,0.05833551466404119,4.000000000000043
fixed-00000053,580.0,4.0,1,0.006146897887743518,3.2221752503056678
fixed-00000053,580.0,4.0,2,0.008884414744166803,2.1832152248066166
fixed-00000053,580.0,4.0,3,0.0,0.0
fixed-00000053,580.0,4.0,4,0.0,0.0
fixed-00000053,580.0,4.0,5,0.0,0.0
fixed-00000053,580.0,4.0,6,0.0,0.0
fixed-00000053,580.0,4.0,7,0.0,0.0
fixed-00000053,580.0,4.0,8,0.0,0.0
fixed-00000053,580.0,4.0,9,0.0,0.0
fixed-00000053,580.0,4.0,10,0.0,0.0
fixed-00000053,580.0,4.0,11,0.0,0.0
fixed-00000053,580.0,4.0,12,0.0,0.0
fixed-00000053,580.0,4.0,13,0.0,0.0
fixed-00000053,580.0,4.0,14,0.0,0.0
fixed-00000053,580.0,4.0,15,0.0,0.0
fixed-00000053,580.0,4.0,16,0.0,0.0
fixed-00000053,580.0,4.0,17,0.0,0.0
fixed-00000053,580.0,4.0,18,0.0,0.0
fixed-00000053,580.0,4.0,19,0.0,0.0
fixed-00000053,580.0,4.0,20,0.0,0.0
fixed-00000054,590.0,4.0,-20,1.775547238147049e-05,11.25941693133879
fixed-00000054,590.0,4.0,-19,1.8434954299833322e-05,11.010036261886782
fixed-00000054,590.0,4.0,-18,1.3820642122059109e-05,10.75494754101544
fixed-00000054,590.0,4.0,-17,1.0289869542301423e-05,10.493734460874393
fixed-00000054,590.0,4.0,-16,2.242561239159648e-05,10.225927654794972
fixed-00000054,590.0,4.0,-15,1.913259873982131e-05,9.950994721404186
fixed-00000054,590.0,4.0,-14,1.0170099038301044e-05,9.668327699638112
fixed-00000054,590.0,4.0,-13,3.231148215733764e-05,9.377227150287212
fixed-00000054,590.0,4.0,-12,2.779149778903559e-05,9.07688164781861
fixed-00000054,590.0,4.0,-11,1.3553382857494868e-05,8.76634095342068
fixed-00000054,590.0,4.0,-10,4.1867626735807116e-05,8.444480313277879
fixed-00000054,590.0,4.0,-9,4.579463996858007e-05,8.109952006190454
fixed-00000054,590.0,4.0,-8,2.575365493355085e-05,7.761118089679513
fixed-00000054,590.0,4.0,-7,3.302218916501241e-05,7.395954575739296
fixed-00000054,590.0,4.0,-6,0.00012555607252723547,7.011910634381167
fixed-00000054,590.0,4.0,-5,8.933977329364016e-05,6.6056939776244405
fixed-00000054,590.0,4.0,-4,5.940440848419361e-05,6.172928768550506
fixed-00000054,590.0,4.0,-3,0.0006788477333654497,5.707579142086004
fixed-00000054,590.0,4.0,-2,0.0005861702531411952,5.200905894533889
fixed-00000054,590.0,4.0,-1,0.0011193379214909076,4.639389606148313
fixed-00000054,590.0,4.0,0,0.05618996996559339,4.000000000000043
fixed-00000054,590.0,4.0,1,0.004469379225038173,3.236914167432502
fixed-00000054,590.0,4.0,2,0.008778362244120822,2.226381561452442
fixed-00000054,590.0,4.0,3,0.0,0.0
fixed-00000054,590.0,4.0,4,0.0,0.0
fixed-00000054,590.0,4.0,5,0.0,0.0
fixed-00000054,590.0,4.0,6,0.0,0.0
fixed-00000054,590.0,4.0,7,0.0,0.0
fixed-00000054,590.0,4.0,8,0.0,0.0
fixed-00000054,590.0,4.0,9,0.0,0.0
fixed-00000054,590.0,4.0,10,0.0,0.0
fixed-00000054,590.0,4.0,11,0.0,0.0
fixed-00000054,590.0,4.0,12,0.0,0.0
fixed-00000054,590.0,4.0,13,0.0,0.0
fixed-00000054,590.0,4.0,14,0.0,0.0
fixed-00000054,590.0,4.0,15,0.0,0.0
fixed-00000054,590.0,4.0,16,0.0,0.0
fixed-00000054,590.0,4.0,17,0.0,0.0
fixed-00000054,590.0,4.0,18,0.0,0.0
fixed-00000054,590.0,4.0,19,0.0,0.0
fixed-00000054,590.0,4.0,20,0.0,0.0
fixed-00000055,600.0,4.0,-20,1.8521610542887322e-05,11.176900501616302
fixed-00000055,600.0,4.0,-19,1.8909899016755457e-05,10.929894547731365
fixed-00000055,600.0,4.0,-18,1.3318364249484818e-05,10.677246924869209
fixed-00000055,600.0,4.0,-17,1.1407767858585346e-05,10.418547164640088
fixed-00000055,600.0,4.0,-16,2.3463693578368392e-05,10.153332615240856
fixed-00000055,600.0,4.0,-15,1.8177078311978944e-05,9.881078656044693
fixed-00000055,600.0,4.0,-14,1.1641703485286154e-05,9.601186418732823
fixed-00000055,600.0,4.0,-13,3.435739670489544e-05,9.312967191474854
fixed-00000055,600.0,4.0,-12,2.6062485506014195e-05,9.015622340555609
fixed-00000055,600.0,4.0,-11,1.5176486287908909e-05,8.708217066446423
fixed-00000055,600.0,4.0,-10,4.586084477909221e-05,8.389645509317319
fixed-00000055,600.0,4.0,-9,4.278322276676288e-05,8.058583440755712
fixed-00000055,600.0,4.0,-8,2.3909208328008616e-05,7.713422675659871
fixed-00000055,600.0,4.0,-7,4.084298087830386e-05,7.352177750609371
fixed-00000055,600.0,4.0,-6,0.00011775374001580324,6.9723490289475905
fixed-00000055,600.0,4.0,-5,5.899890917706735e-05,6.570714442852491
fixed-00000055,600.0,4.0,-4,8.570428457647467e-05,6.142998339829575
fixed-00000055,600.0,4.0,-3,0.0006265250165210587,5.683315135192018
fixed-00000055,600.0,4.0,-2,0.00048226549952365145,5.1831664320526585
fixed-00000055,600.0,4.0,-1,0.0016269646160224551,4.629455434298478
fixed-00000055,600.0,4.0,0,0.05350962406014327,4.000000000000043
fixed-00000055,600.0,4.0,1,0.0030934751324576144,3.2510983398922093
fixed-00000055,600.0,4.0,2,0.008538263675073479,2.2673283559992825
fixed-00000055,600.0,4.0,3,0.0,0.0
fixed-00000055,600.0,4.0,4,0.0,0.0
fixed-00000055,600.0,4.0,5,0.0,0.0
fixed-00000055,600.0,4.0,6,0.0,0.0
fixed-00000055,600.0,4.0,7,0.0,0.0
fixed-00000055,600.0,4.0,8,0.0,0.0
fixed-00000055,600.0,4.0,9,0.0,0.0
fixed-00000055,600.0,4.0,10,0.0,0.0
fixed-00000055,600.0,4.0,11,0.0,0.0
fixed-00000055,600.0,4.0,12,0.0,0.0
fixed-00000055,600.0,4.0,13,0.0,0.0
fixed-00000055,600.0,4.0,14,0.0,0.0
fixed-00000055,600.0,4.0,15,0.0,0.0
fixed-00000055,600.0,4.0,16,0.0,0.0
fixed-00000055,600.0,4.0,17,0.0,0.0
fixed-00000055,600.0,4.0,18,0.0,0.0
fixed-00000055,600.0,4.0,19,0.0,0.0
fixed-00000055,600.0,4.0,20,0.0,0.0
fixed-00000056,610.0,4.0,-20,2.010458283799664e-05,11.096513256647427
fixed-00000056,610.0,4.0,-19,1.999306035627222e-05,10.851824276946246
fixed-00000056,610.0,4.0,-18,1.3464650678681807e-05,10.601558435056262
fixed-00000056,610.0,4.0,-17,1.3300717761522733e-05,10.345310958848756
fixed-00000056,610.0,4.0,-16,2.5299674438373306e-05,10.08262574563632
fixed-00000056,610.0,4.0,-15,1.8086568985722168e-05,9.81298576201776
fixed-00000056,610.0,4.0,-14,1.4235172568925458e-05,9.535801004270269
fixed-00000056,610.0,4.0,-13,3.7682709049295734e-05,9.250393216009584
fixed-00000056,610.0,4.0,-12,2.5505758079077875e-05,8.955976227169515
fixed-00000056,610.0,4.0,-11,1.877591257517834e-05,8.651630275811442
fixed-00000056,610.0,4.0,-10,5.196627788545113e-05,8.336267896291588
fixed-00000056,610.0,4.0,-9,4.160512989173716e-05,8.008587719170848
fixed-00000056,610.0,4.0,-8,2.6079123563234784e-05,7.6670104947684905
fixed-00000056,610.0,4.0,-7,5.239880580828652e-05,7.309588189513036
fixed-00000056,610.0,4.0,-6,0.0001143538517484435,6.933870854335623
fixed-00000056,610.0,4.0,-5,3.618160111832412e-05,6.536704486950143
fixed-00000056,610.0,4.0,-4,0.0001229050329349611,6.113910379323968
fixed-00000056,610.0,4.0,-3,0.0005870776711747888,5.659748033833807
fixed-00000056,610.0,4.0,-2,0.0003868574718840216,5.1659507975543875
fixed-00000056,610.0,4.0,-1,0.0022630333693196,4.619826694692961
fixed-00000056,610.0,4.0,0,0.05098932785458367,4.000000000000043
fixed-00000056,610.0,4.0,1,0.0020487457456013847,3.2647588933231475
fixed-00000056,610.0,4.0,2,0.008159534948076795,2.306241453176753
fixed-00000056,610.0,4.0,3,0.0,0.0
fixed-00000056,610.0,4.0,4,0.0,0.0
fixed-00000056,610.0,4.0,5,0.0,0.0
fixed-00000056,610.0,4.0,6,0.0,0.0
fixed-00000056,610.0,4.0,7,0.0,0.0
fixed-00000056,610.0,4.0,8,0.0,0.0
fixed-00000056,610.0,4.0,9,0.0,0.0
fixed-00000056,610.0,4.0,10,0.0,0.0
fixed-00000056,610.0,4.0,11,0.0,0.0
fixed-00000056,610.0,4.0,12,0.0,0.0
fixed-00000056,610.0,4.0,13,0.0,0.0
fixed-00000056,610.0,4.0,14,0.0,0.0
fixed-00000056,610.0,4.0,15,0.0,0.0
fixed-00000056,610.0,4.0,16,0.0,0.0
fixed-00000056,610.0,4.0,17,0.0,0.0
fixed-00000056,610.0,4.0,18,0.0,0.0
fixed-00000056,610.0,4.0,19,0.0,0.0
fixed-00000056,610.0,4.0,20,0.0,0.0
fixed-00000057,620.0,4.0,-20,2.084214375439978e-05,11.01816778980809
fixed-00000057,620.0,4.0,-19,2.0087227142183754e-05,10.775740371233866
fixed-00000057,620.0,4.0,-18,1.2884209075787837e-05,10.527799382740596
fixed-00000057,620.0,4.0,-17,1.4391265751389548e-05,10.273945610776423
fixed-00000057,620.0,4.0,-16,2.5741102813746984e-05,10.013729342403465
fixed-00000057,620.0,4.0,-15,1.6863897999271264e-05,9.746640945379099
fixed-00000057,620.0,4.0,-14,1.5756117945915082e-05,9.472099061220248
fixed-00000057,620.0,4.0,-13,3.869110212968434e-05,9.189435627547212
fixed-00000057,620.0,4.0,-12,2.3011528350687037e-05,8.89787662245989
fixed-00000057,620.0,4.0,-11,2.0783677845664338e-05,8.59651693548875
fixed-00000057,620.0,4.0,-10,5.405203790032176e-05,8.284287014836138
fixed-00000057,620.0,4.0,-9,3.6525816639716374e-05,7.959907741050458
fixed-00000057,620.0,4.0,-8,2.6166437689972732e-05,7.621828010395305
fixed-00000057,620.0,4.0,-7,5.7785163372671704e-05,7.268136168200272
fixed-00000057,620.0,4.0,-6,0.00010056027433441509,6.896430508503414
fixed-00000057,620.0,4.0,-5,1.833739877595695e-05,6.503623029707683
fixed-00000057,620.0,4.0,-4,0.00015645919774777975,6.085628867863377
fixed-00000057,620.0,4.0,-3,0.0005182572317420109,5.636847653619654
fixed-00000057,620.0,4.0,-2,0.0003799354725228267,5.149235852894208
fixed-00000057,620.0,4.0,-1,0.0029339399250239134,4.610489454720607
fixed-00000057,620.0,4.0,0,0.048966123287380356,4.000000000000043
fixed-00000057,620.0,4.0,1,0.0013844734449384132,3.277924638120453
fixed-00000057,620.0,4.0,2,0.006666434941351083,2.3432844286040506
fixed-00000057,620.0,4.0,3,0.0012724107248729037,0.4884414427613848
fixed-00000057,620.0,4.0,4,0.0,0.0
fixed-00000057,620.0,4.0,5,0.0,0.0
fixed-00000057,620.0,4.0,6,0.0,0.0
fixed-00000057,620.0,4.0,7,0.0,0.0
fixed-00000057,620.0,4.0,8,0.0,0.0
fixed-00000057,620.0,4.0,9,0.0,0.0
fixed-00000057,620.0,4.0,10,0.0,0.0
fixed-00000057,620.0,4.0,11,0.0,0.0
fixed-00000057,620.0,4.0,12,0.0,0.0
fixed-00000057,620.0,4.0,13,0.0,0.0
fixed-00000057,620.0,4.0,14,0.0,0.0
fixed-00000057,620.0,4.0,15,0.0,0.0
fixed-00000057,620.0,4.0,16,0.0,0.0
fixed-00000057,620.0,4.0,17,0.0,0.0
fixed-00000057,620.0,4.0,18,0.0,0.0
fixed-00000057,620.0,4.0,19,0.0,0.0
fixed-00000057,620.0,4.0,20,0.0,0.0
fixed-00000058,630.0,4.0,-20,2.1395174333855153e-05,10.941781605456612
fixed-00000058,630.0,4.0,-19,2.000122939709989e-05,10.701562533089998
fixed-00000058,630.0,4.0,-18,1.2515441908263596e-05,10.455891726370012
fixed-00000058,630.0,4.0,-17,1.5473227747386697e-05,10.20437539785597
fixed-00000058,630.0,4.0,-16,2.5922251990125035e-05,9.946570071032795
fixed-00000058,630.0,4.0,-15,1.617770503118122e-05,9.681973335802624
fixed-00000058,630.0,4.0,-14,1.7463772189370357e-05,9.41001226788633
fixed-00000058,630.0,4.0,-13,3.9494474529263206e-05,9.130028747397347
fixed-00000058,630.0,4.0,-12,2.1731124635920246e-05,8.841260597125114
fixed-00000058,630.0,4.0,-11,2.3494271269360848e-05,8.542816986689516
fixed-00000058,630.0,4.0,-10,5.6543657291338935e-05,8.233645816218939
fixed-00000058,630.0,4.0,-9,3.399619645100485e-05,7.912489630768675
fixed-00000058,630.0,4.0,-8,2.9402722035864147e-05,7.57782471381698
fixed-00000058,630.0,4.0,-7,6.469713942827891e-05,7.227774780095132
fixed-00000058,630.0,4.0,-6,9.271255193956728e-05,6.859984980240881
fixed-00000058,630.0,4.0,-5,1.142484938504168e-05,6.471431333409825
fixed-00000058,630.0,4.0,-4,0.00018110793159492245,6.058119851243731
fixed-00000058,630.0,4.0,-3,0.0004719227518545013,5.61458555509806
fixed-00000058,630.0,4.0,-2,0.0003723329619274572,5.1329998162636485
fixed-00000058,630.0,4.0,-1,0.0035719935813819013,4.601430619700565
fixed-00000058,630.0,4.0,0,0.04623393017778017,4.000000000000043
fixed-00000058,630.0,4.0,1,0.0008204219517810559,3.290622283534958
fixed-00000058,630.0,4.0,2,0.005957405551165916,2.3786020958455225
fixed-00000058,630.0,4.0,3,0.001631903552779715,0.6990406976817525
fixed-00000058,630.0,4.0,4,0.0,0.0
fixed-00000058,630.0,4.0,5,0.0,0.0
fixed-00000058,630.0,4.0,6,0.0,0.0
fixed-00000058,630.0,4.0,7,0.0,0.0
fixed-00000058,630.0,4.0,8,0.0,0.0
fixed-00000058,630.0,4.0,9,0.0,0.0
fixed-00000058,630.0,4.0,10,0.0,0.0
fixed-00000058,630.0,4.0,11,0.0,0.0
fixed-00000058,630.0,4.0,12,0.0,0.0
fixed-00000058,630.0,4.0,13,0.0,0.0
fixed-00000058,630.0,4.0,14,0.0,0.0
fixed-00000058,630.0,4.0,15,0.0,0.0
fixed-00000058,630.0,4.0,16,0.0,0.0
fixed-00000058,630.0,4.0,17,0.0,0.0
fixed-00000058,630.0,4.0,18,0.0,0.0
fixed-00000058,630.0,4.0,19,0.0,0.0
fixed-00000058,630.0,4.0,20,0.0,0.0
fixed-00000059,640.0,4.0,-20,2.205277444984882e-05,10.867276770488644
fixed-00000059,640.0,4.0,-19,1.9963334516763284e-05,10.62921490659339
fixed-00000059,640.0,4.0,-18,1.2365891213228447e-05,10.385761741931148
fixed-00000059,640.0,4.0,-17,1.662563578062825e-05,10.13652878764816
fixed-00000059,640.0,4.0,-16,2.6106334947462616e-05,9.881078656044693
fixed-00000059,640.0,4.0,-15,1.5840561803863983e-05,9.618915986834352
fixed-00000059,640.0,4.0,-14,1.9297075506854843e-05,9.34947608678739
fixed-00000059,640.0,4.0,-13,4.030504991356509e-05,9.072110536405091
fixed-00000059,640.0,4.0,-12,2.1005530379526606e-05,8.786068711064956
fixed-00000059,640.0,4.0,-11,2.6562996681275114e-05,8.490473703062207
fixed-00000059,640.0,4.0,-10,5.910501311214344e-05,8.184290419985587
fixed-00000059,640.0,4.0,-9,3.237222158569054e-05,7.866282508187567
fixed-00000059,640.0,4.0,-8,3.41054518540245e-05,7.534952908764481
fixed-00000059,640.0,4.0,-7,7.16968611981772e-05,7.188459735617585
fixed-00000059,640.0,4.0,-6,8.698767636135773e-05,6.824493664384079
fixed-00000059,640.0,4.0,-5,9.996857896552214e-06,6.440092835409786
fixed-00000059,640.0,4.0,-4,0.00020398122301161956,6.03135129215535
fixed-00000059,640.0,4.0,-3,0.000434405504523084,5.592934917952817
fixed-00000059,640.0,4.0,-2,0.0003731348853396606,5.117222163430583
fixed-00000059,640.0,4.0,-1,0.004217288617770092,4.592637870608058
fixed-00000059,640.0,4.0,0,0.04343012809382175,4.000000000000128
fixed-00000059,640.0,4.0,1,0.0004346098185982524,3.302876628141391
fixed-00000059,640.0,4.0,2,0.005378491355047117,2.4123233315560384
fixed-00000059,640.0,4.0,3,0.0018245791401267088,0.8549436764009926
fixed-00000059,640.0,4.0,4,0.0,0.0
fixed-00000059,640.0,4.0,5,0.0,0.0
fixed-00000059,640.0,4.0,6,0.0,0.0
fixed-00000059,640.0,4.0,7,0.0,0.0
fixed-00000059,640.0,4.0,8,0.0,0.0
fixed-00000059,640.0,4.0,9,0.0,0.0
fixed-00000059,640.0,4.0,10,0.0,0.0
fixed-00000059,640.0,4.0,11,0.0,0.0
fixed-00000059,640.0,4.0,12,0.0,0.0
fixed-00000059,640.0,4.0,13,0.0,0.0
fixed-00000059,640.0,4.0,14,0.0,0.0
fixed-00000059,640.0,4.0,15,0.0,0.0
fixed-00000059,640.0,4.0,16,0.0,0.0
fixed-00000059,640.0,4.0,17,0.0,0.0
fixed-00000059,640.0,4.0,18,0.0,0.0
fixed-00000059,640.0,4.0,19,0.0,0.0
fixed-00000059,640.0,4.0,20,0.0,0.0
