case_id,energy_ev,grazing_angle_deg,order,efficiency,diffraction_angle_deg
fixed-00000000,50.0,4.0,-20,8.374225169765336e-05,36.946600757765104
fixed-00000000,50.0,4.0,-19,7.111526705209669e-05,35.99049916925804
fixed-00000000,50.0,4.0,-18,6.920537004007184e-05,35.01190478081956
fixed-00000000,50.0,4.0,-17,7.664461309574008e-05,34.00884370553947
fixed-00000000,50.0,4.0,-16,9.248521670814338e-05,32.97905073283735
fixed-00000000,50.0,4.0,-15,0.00010739942391461553,31.919905276127125
fixed-00000000,50.0,4.0,-14,9.078516229783445e-05,30.828348020108905
fixed-00000000,50.0,4.0,-13,0.00015073189865430283,29.700770649131364
fixed-00000000,50.0,4.0,-12,0.00017646151857055658,28.532867207683132
fixed-00000000,50.0,4.0,-11,0.00010814285474519081,27.319429403774024
fixed-00000000,50.0,4.0,-10,0.00030375160993819647,26.054057638388535
fixed-00000000,50.0,4.0,-9,0.0002967326298450795,24.728741050446132
fixed-00000000,50.0,4.0,-8,0.0001482397963988406,23.333225797914665
fixed-00000000,50.0,4.0,-7,0.0007731531008206314,21.854024375341254
fixed-00000000,50.0,4.0,-6,0.000505300417125427,20.272780035826898
fixed-00000000,50.0,4.0,-5,0.00042720236715810026,18.563384620134798
fixed-00000000,50.0,4.0,-4,0.002740237791591626,16.686445270170665
fixed-00000000,50.0,4.0,-3,0.0008907452841524232,14.577325397340658
fixed-00000000,50.0,4.0,-2,0.0047541061153352805,12.115293466158093
fixed-00000000,50.0,4.0,-1,0.03356441868361892,9.015622340555609
fixed-00000000,50.0,4.0,0,0.6898279577231564,4.000000000000043
fixed-00000000,50.0,4.0,1,0.0,0.0
fixed-00000000,50.0,4.0,2,0.0,0.0
fixed-00000000,50.0,4.0,3,0.0,0.0
fixed-00000000,50.0,4.0,4,0.0,0.0
fixed-00000000,50.0,4.0,5,0.0,0.0
fixed-00000000,50.0,4.0,6,0.0,0.0
fixed-00000000,50.0,4.0,7,0.0,0.0
fixed-00000000,50.0,4.0,8,0.0,0.0
fixed-00000000,50.0,4.0,9,0.0,0.0
fixed-00000000,50.0,4.0,10,0.0,0.0
fixed-00000000,50.0,4.0,11,0.0,0.0
fixed-00000000,50.0,4.0,12,0.0,0.0
fixed-00000000,50.0,4.0,13,0.0,0.0
fixed-00000000,50.0,4.0,14,0.0,0.0
fixed-00000000,50.0,4.0,15,0.0,0.0
fixed-00000000,50.0,4.0,16,0.0,0.0
fixed-00000000,50.0,4.0,17,0.0,0.0
fixed-00000000,50.0,4.0,18,0.0,0.0
fixed-00000000,50.0,4.0,19,0.0,0.0
fixed-00000000,50.0,4.0,20,0.0,0.0
fixed-00000006,110.0,4.0,-20,0.001159551505247437,24.851951542714687
fixed-00000006,110.0,4.0,-19,0.0011591828130495898,24.2300299857246
fixed-00000006,110.0,4.0,-18,0.0008131154227609196,23.592732267871042
fixed-00000006,110.0,4.0,-17,0.0011047353859269429,22.938772943565866
fixed-00000006,110.0,4.0,-16,0.0012807766158130346,22.266680028298126
fixed-00000006,110.0,4.0,-15,0.0009901187776700051,21.574754793732083
fixed-00000006,110.0,4.0,-14,0.0013703526612633516,20.861019691517996
fixed-00000006,110.0,4.0,-13,0.001483281011967759,20.12314981933116
fixed-00000006,110.0,4.0,-12,0.0013368868952103753,19.358381089041814
fixed-00000006,110.0,4.0,-11,0.0016397561928511194,18.563384620134798
fixed-00000006,110.0,4.0,-10,0.0018681653925985287,17.73409081271616
fixed-00000006,110.0,4.0,-9,0.0020857138828717513,16.86543602782575
fixed-00000006,110.0,4.0,-8,0.0017955720497095501,15.950985698613678
fixed-00000006,110.0,4.0,-7,0.0033901508875331513,14.982351111948859
fixed-00000006,110.0,4.0,-6,0.0035697555482636385,13.948242344473982
fixed-00000006,110.0,4.0,-5,0.0022361687030293866,12.832834315133255
fixed-00000006,110.0,4.0,-4,0.01113088889205943,11.612716944258509
fixed-00000006,110.0,4.0,-3,0.006419951431352448,10.250559696102783
fixed-00000006,110.0,4.0,-2,0.016068983418554787,8.679735599183942
fixed-00000006,110.0,4.0,-1,0.1411061253653607,6.756222279782023
fixed-00000006,110.0,4.0,0,0.6300513923807964,4.000000000000043
fixed-00000006,110.0,4.0,1,0.0,0.0
fixed-00000006,110.0,4.0,2,0.0,0.0
fixed-00000006,110.0,4.0,3,0.0,0.0
fixed-00000006,110.0,4.0,4,0.0,0.0
fixed-00000006,110.0,4.0,5,0.0,0.0
fixed-00000006,110.0,4.0,6,0.0,0.0
fixed-00000006,110.0,4.0,7,0.0,0.0
fixed-00000006,110.0,4.0,8,0.0,0.0
fixed-00000006,110.0,4.0,9,0.0,0.0
fixed-00000006,110.0,4.0,10,0.0,0.0
fixed-00000006,110.0,4.0,11,0.0,0.0
fixed-00000006,110.0,4.0,12,0.0,0.0
fixed-00000006,110.0,4.0,13,0.0,0.0
fixed-00000006,110.0,4.0,14,0.0,0.0
fixed-00000006,110.0,4.0,15,0.0,0.0
fixed-00000006,110.0,4.0,16,0.0,0.0
fixed-00000006,110.0,4.0,17,0.0,0.0
fixed-00000006,110.0,4.0,18,0.0,0.0
fixed-00000006,110.0,4.0,19,0.0,0.0
fixed-00000006,110.0,4.0,20,0.0,0.0
fixed-00000005,100.0,4.0,-20,0.0011355737549592362,26.054057638388535
fixed-00000005,100.0,4.0,-19,0.000995691987975745,25.39947137852822
fixed-00000005,100.0,4.0,-18,0.0006289088107155322,24.728741050446132
fixed-00000005,100.0,4.0,-17,0.0009208030369254617,24.040510406174633
fixed-00000005,100.0,4.0,-16,0.0009772011603923405,23.333225797914665
fixed-00000005,100.0,4.0,-15,0.000750929926714027,22.60509349803634
fixed-00000005,100.0,4.0,-14,0.0010740572056516155,21.854024375341254
fixed-00000005,100.0,4.0,-13,0.0010906147756828111,21.07756102550144
fixed-00000005,100.0,4.0,-12,0.0010605154297743447,20.272780035826898
fixed-00000005,100.0,4.0,-11,0.0012361255108675232,19.43615815678045
fixed-00000005,100.0,4.0,-10,0.0014421523016794895,18.563384620134798
fixed-00000005,100.0,4.0,-9,0.0017034040426584902,17.649090489235533
fixed-00000005,100.0,4.0,-8,0.0013210215019760182,16.686445270170665
fixed-00000005,100.0,4.0,-7,0.0028401460488621058,15.666531340439832
fixed-00000005,100.0,4.0,-6,0.0029148561185906867,14.577325397340658
fixed-00000005,100.0,4.0,-5,0.0017376285738241164,13.401935191968334
fixed-00000005,100.0,4.0,-4,0.009623222836611737,12.115293466158093
fixed-00000005,100.0,4.0,-3,0.005186542864598921,10.677246924869166
fixed-00000005,100.0,4.0,-2,0.0140183857969691,9.015622340555609
fixed-00000005,100.0,4.0,-1,0.12060568943221142,6.972349028947534
fixed-00000005,100.0,4.0,0,0.6503085060308103,4.000000000000043
fixed-00000005,100.0,4.0,1,0.0,0.0
fixed-00000005,100.0,4.0,2,0.0,0.0
fixed-00000005,100.0,4.0,3,0.0,0.0
fixed-00000005,100.0,4.0,4,0.0,0.0
fixed-00000005,100.0,4.0,5,0.0,0.0
fixed-00000005,100.0,4.0,6,0.0,0.0
fixed-00000005,100.0,4.0,7,0.0,0.0
fixed-00000005,100.0,4.0,8,0.0,0.0
fixed-00000005,100.0,4.0,9,0.0,0.0
fixed-00000005,100.0,4.0,10,0.0,0.0
fixed-00000005,100.0,4.0,11,0.0,0.0
fixed-00000005,100.0,4.0,12,0.0,0.0
fixed-00000005,100.0,4.0,13,0.0,0.0
fixed-00000005,100.0,4.0,14,0.0,0.0
fixed-00000005,100.0,4.0,15,0.0,0.0
fixed-00000005,100.0,4.0,16,0.0,0.0
fixed-00000005,100.0,4.0,17,0.0,0.0
fixed-00000005,100.0,4.0,18,0.0,0.0
fixed-00000005,100.0,4.0,19,0.0,0.0
fixed-00000005,100.0,4.0,20,0.0,0.0
fixed-00000004,90.0,4.0,-20,0.0009241355084998369,27.45669132490191
fixed-00000004,90.0,4.0,-19,0.0006919248845614293,26.763886623772734
fixed-00000004,90.0,4.0,-18,0.00045848829898514486,26.054057638388535
fixed-00000004,90.0,4.0,-17,0.0006916651289374165,25.3257663055293
fixed-00000004,90.0,4.0,-16,0.0006571521177921794,24.57736462946967
fixed-00000004,90.0,4.0,-15,0.0005719408405604959,23.806949147380507
fixed-00000004,90.0,4.0,-14,0.0007733377252349026,23.01230186044222
fixed-00000004,90.0,4.0,-13,0.0007516911433549304,22.19081236476336
fixed-00000004,90.0,4.0,-12,0.0008421693501479903,21.33937330915093
fixed-00000004,90.0,4.0,-11,0.000857110707809931,20.454237086533084
fixed-00000004,90.0,4.0,-10,0.001087240118753998,19.530814598225575
fixed-00000004,90.0,4.0,-9,0.0013633280985625362,18.563384620134798
fixed-00000004,90.0,4.0,-8,0.0008975174163683648,17.544659849708694
fixed-00000004,90.0,4.0,-7,0.002337235495276628,16.46511246866092
fixed-00000004,90.0,4.0,-6,0.00230345733627723,15.311873059069725
fixed-00000004,90.0,4.0,-5,0.0012989241822809357,14.066817881848479
fixed-00000004,90.0,4.0,-4,0.008093705693578269,12.702966158118315
fixed-00000004,90.0,4.0,-3,0.0040388029566400755,11.176900501616302
fixed-00000004,90.0,4.0,-2,0.01191828396129485,9.410012267886245
fixed-00000004,90.0,4.0,-1,0.1000412512143336,7.227774780095132
fixed-00000004,90.0,4.0,0,0.6629761143022876,4.000000000000043
fixed-00000004,90.0,4.0,1,0.0,0.0
fixed-00000004,90.0,4.0,2,0.0,0.0
fixed-00000004,90.0,4.0,3,0.0,0.0
fixed-00000004,90.0,4.0,4,0.0,0.0
fixed-00000004,90.0,4.0,5,0.0,0.0
fixed-00000004,90.0,4.0,6,0.0,0.0
fixed-00000004,90.0,4.0,7,0.0,0.0
fixed-00000004,90.0,4.0,8,0.0,0.0
fixed-00000004,90.0,4.0,9,0.0,0.0
fixed-00000004,90.0,4.0,10,0.0,0.0
fixed-00000004,90.0,4.0,11,0.0,0.0
fixed-00000004,90.0,4.0,12,0.0,0.0
fixed-00000004,90.0,4.0,13,0.0,0.0
fixed-00000004,90.0,4.0,14,0.0,0.0
fixed-00000004,90.0,4.0,15,0.0,0.0
fixed-00000004,90.0,4.0,16,0.0,0.0
fixed-00000004,90.0,4.0,17,0.0,0.0
fixed-00000004,90.0,4.0,18,0.0,0.0
fixed-00000004,90.0,4.0,19,0.0,0.0
fixed-00000004,90.0,4.0,20,0.0,0.0
fixed-00000007,120.0,4.0,-20,0.0009446950421335936,23.80694914738052
fixed-00000007,120.0,4.0,-19,0.0009641971681681895,23.21337059431326
fixed-00000007,120.0,4.0,-18,0.0007559294806068895,22.605093498036354
fixed-00000007,120.0,4.0,-17,0.0010534613512662879,21.980894517242845
fixed-00000007,120.0,4.0,-16,0.0012553445343327458,21.33937330915093
fixed-00000007,120.0,4.0,-15,0.0010804438138258138,20.67891449907833
fixed-00000007,120.0,4.0,-14,0.0015225874810462212,19.997638457525795
fixed-00000007,120.0,4.0,-13,0.0017135315165557686,19.293336575596342
fixed-00000007,120.0,4.0,-12,0.0015586685835988214,18.563384620134826
fixed-00000007,120.0,4.0,-11,0.0020069962546512984,17.80462435107323
fixed-00000007,120.0,4.0,-10,0.002211923084854331,17.01319792164763
fixed-00000007,120.0,4.0,-9,0.002423693336782432,16.18430978152439
fixed-00000007,120.0,4.0,-8,0.0022920912778808485,15.311873059069754
fixed-00000007,120.0,4.0,-7,0.0037864153280868437,14.387963517781984
fixed-00000007,120.0,4.0,-6,0.0041698078988262315,13.401935191968363
fixed-00000007,120.0,4.0,-5,0.002743024124187339,12.338899720932332
fixed-00000007,120.0,4.0,-4,0.01215969840686714,11.176900501616302
fixed-00000007,120.0,4.0,-3,0.0076064718217229805,9.881078656044693
fixed-00000007,120.0,4.0,-2,0.017573808869763587,8.389645509317262
fixed-00000007,120.0,4.0,-1,0.15797268592138167,6.570714442852491
fixed-00000007,120.0,4.0,0,0.5962748587292039,4.000000000000128
fixed-00000007,120.0,4.0,1,0.0,0.0
fixed-00000007,120.0,4.0,2,0.0,0.0
fixed-00000007,120.0,4.0,3,0.0,0.0
fixed-00000007,120.0,4.0,4,0.0,0.0
fixed-00000007,120.0,4.0,5,0.0,0.0
fixed-00000007,120.0,4.0,6,0.0,0.0
fixed-00000007,120.0,4.0,7,0.0,0.0
fixed-00000007,120.0,4.0,8,0.0,0.0
fixed-00000007,120.0,4.0,9,0.0,0.0
fixed-00000007,120.0,4.0,10,0.0,0.0
fixed-00000007,120.0,4.0,11,0.0,0.0
fixed-00000007,120.0,4.0,12,0.0,0.0
fixed-00000007,120.0,4.0,13,0.0,0.0
fixed-00000007,120.0,4.0,14,0.0,0.0
fixed-00000007,120.0,4.0,15,0.0,0.0
fixed-00000007,120.0,4.0,16,0.0,0.0
fixed-00000007,120.0,4.0,17,0.0,0.0
fixed-00000007,120.0,4.0,18,0.0,0.0
fixed-00000007,120.0,4.0,19,0.0,0.0
fixed-00000007,120.0,4.0,20,0.0,0.0
fixed-00000001,60.0,4.0,-20,0.00020999574080004805,33.66867098629079
fixed-00000001,60.0,4.0,-19,0.00014690702164836192,32.804641534161746
fixed-00000001,60.0,4.0,-18,0.0001363275141418645,31.91990527612714
fixed-00000001,60.0,4.0,-17,0.00016633492681274103,31.012670458853336
fixed-00000001,60.0,4.0,-16,0.00016633047110952955,30.0808814961542
fixed-00000001,60.0,4.0,-15,0.00019701974508567064,29.122161170553625
fixed-00000001,60.0,4.0,-14,0.00018202321593076956,28.133735479709266
fixed-00000001,60.0,4.0,-13,0.0002436096667967217,27.112334302138407
fixed-00000001,60.0,4.0,-12,0.00030858388887271087,26.05405763838855
fixed-00000001,60.0,4.0,-11,0.00019841523414275124,24.95419162388059
fixed-00000001,60.0,4.0,-10,0.0004587242713283865,23.80694914738052
fixed-00000001,60.0,4.0,-9,0.0004998568559755023,22.605093498036354
fixed-00000001,60.0,4.0,-8,0.0002349213690454175,21.33937330915093
fixed-00000001,60.0,4.0,-7,0.001129123299042858,19.997638457525795
fixed-00000001,60.0,4.0,-6,0.0008263267780285027,18.563384620134826
fixed-00000001,60.0,4.0,-5,0.0005759691841834949,17.01319792164763
fixed-00000001,60.0,4.0,-4,0.003929876538719292,15.311873059069754
fixed-00000001,60.0,4.0,-3,0.0014265387190281786,13.401935191968363
fixed-00000001,60.0,4.0,-2,0.006397631298517479,11.176900501616302
fixed-00000001,60.0,4.0,-1,0.047271979720704786,8.389645509317262
fixed-00000001,60.0,4.0,0,0.6851680753214096,4.000000000000128
fixed-00000001,60.0,4.0,1,0.0,0.0
fixed-00000001,60.0,4.0,2,0.0,0.0
fixed-00000001,60.0,4.0,3,0.0,0.0
fixed-00000001,60.0,4.0,4,0.0,0.0
fixed-00000001,60.0,4.0,5,0.0,0.0
fixed-00000001,60.0,4.0,6,0.0,0.0
fixed-00000001,60.0,4.0,7,0.0,0.0
fixed-00000001,60.0,4.0,8,0.0,0.0
fixed-00000001,60.0,4.0,9,0.0,0.0
fixed-00000001,60.0,4.0,10,0.0,0.0
fixed-00000001,60.0,4.0,11,0.0,0.0
fixed-00000001,60.0,4.0,12,0.0,0.0
fixed-00000001,60.0,4.0,13,0.0,0.0
fixed-00000001,60.0,4.0,14,0.0,0.0
fixed-00000001,60.0,4.0,15,0.0,0.0
fixed-00000001,60.0,4.0,16,0.0,0.0
fixed-00000001,60.0,4.0,17,0.0,0.0
fixed-00000001,60.0,4.0,18,0.0,0.0
fixed-00000001,60.0,4.0,19,0.0,0.0
fixed-00000001,60.0,4.0,20,0.0,0.0
fixed-00000002,70.0,4.0,-20,0.00033767790288692954,31.143727622325613
fixed-00000002,70.0,4.0,-19,0.0002465970002715928,30.3497443387063
fixed-00000002,70.0,4.0,-18,0.00020462960681889866,29.536506828714217
fixed-00000002,70.0,4.0,-17,0.000271857940726747,28.702365570412915
fixed-00000002,70.0,4.0,-16,0.00026327202701062344,27.845428820199288
fixed-00000002,70.0,4.0,-15,0.0002852640603025676,26.963509729777833
fixed-00000002,70.0,4.0,-14,0.0003046736721398659,26.054057638388535
fixed-00000002,70.0,4.0,-13,0.00035353841462380255,25.114067339116176
fixed-00000002,70.0,4.0,-12,0.00044330116012571233,24.13995702449016
fixed-00000002,70.0,4.0,-11,0.0003359358220940028,23.127400592828295
fixed-00000002,70.0,4.0,-10,0.0006157582914437809,22.071091552917864
fixed-00000002,70.0,4.0,-9,0.0007240010337142234,20.964400995176362
fixed-00000002,70.0,4.0,-8,0.0003735366857977527,19.798865027537445
fixed-00000002,70.0,4.0,-7,0.0014704909337250162,18.563384620134798
fixed-00000002,70.0,4.0,-6,0.0012119073294430374,17.242912058772163
fixed-00000002,70.0,4.0,-5,0.0007481541131075162,15.816153021261812
fixed-00000002,70.0,4.0,-4,0.0051435449926652095,14.251197562253566
fixed-00000002,70.0,4.0,-3,0.002109609661556958,12.496206306817058
fixed-00000002,70.0,4.0,-2,0.008037794683877867,10.45589172636997
fixed-00000002,70.0,4.0,-1,0.062483448497931755,7.9124896307686186
fixed-00000002,70.0,4.0,0,0.6760785148468462,4.000000000000043
fixed-00000002,70.0,4.0,1,0.0,0.0
fixed-00000002,70.0,4.0,2,0.0,0.0
fixed-00000002,70.0,4.0,3,0.0,0.0
fixed-00000002,70.0,4.0,4,0.0,0.0
fixed-00000002,70.0,4.0,5,0.0,0.0
fixed-00000002,70.0,4.0,6,0.0,0.0
fixed-00000002,70.0,4.0,7,0.0,0.0
fixed-00000002,70.0,4.0,8,0.0,0.0
fixed-00000002,70.0,4.0,9,0.0,0.0
fixed-00000002,70.0,4.0,10,0.0,0.0
fixed-00000002,70.0,4.0,11,0.0,0.0
fixed-00000002,70.0,4.0,12,0.0,0.0
fixed-00000002,70.0,4.0,13,0.0,0.0
fixed-00000002,70.0,4.0,14,0.0,0.0
fixed-00000002,70.0,4.0,15,0.0,0.0
fixed-00000002,70.0,4.0,16,0.0,0.0
fixed-00000002,70.0,4.0,17,0.0,0.0
fixed-00000002,70.0,4.0,18,0.0,0.0
fixed-00000002,70.0,4.0,19,0.0,0.0
fixed-00000002,70.0,4.0,20,0.0,0.0
fixed-00000003,80.0,4.0,-20,0.0005924793250573638,29.122161170553625
fixed-00000003,80.0,4.0,-19,0.00042111862610468454,28.383796025086852
fixed-00000003,80.0,4.0,-18,0.0003163168988271237,27.62738395184673
fixed-00000003,80.0,4.0,-17,0.00045059010486642984,26.85139076255797
fixed-00000003,80.0,4.0,-16,0.0004183023773819992,26.05405763838855
fixed-00000003,80.0,4.0,-15,0.0004165172128335593,25.23335224938701
fixed-00000003,80.0,4.0,-14,0.0004996004925796386,24.38690529633689
fixed-00000003,80.0,4.0,-13,0.0005148206597390197,23.51192678300849
fixed-00000003,80.0,4.0,-12,0.0006302906120322494,22.605093498036354
fixed-00000003,80.0,4.0,-11,0.0005468700911801716,21.662394599301848
fixed-00000003,80.0,4.0,-10,0.0008224158181499112,20.678914499078303
fixed-00000003,80.0,4.0,-9,0.0010223102050450547,19.6485188177962
fixed-00000003,80.0,4.0,-8,0.0005804202205345819,18.563384620134826
fixed-00000003,80.0,4.0,-7,0.001882358451921613,17.413268710318007
fixed-00000003,80.0,4.0,-6,0.0017129219734238162,16.18430978152439
fixed-00000003,80.0,4.0,-5,0.0009760830667057158,14.856940312447804
fixed-00000003,80.0,4.0,-4,0.00656522758429752,13.401935191968363
fixed-00000003,80.0,4.0,-3,0.0029834968961829625,11.772044157333355
fixed-00000003,80.0,4.0,-2,0.009897195603231988,9.881078656044693
fixed-00000003,80.0,4.0,-1,0.08024300302268496,7.534952908764481
fixed-00000003,80.0,4.0,0,0.6697495859025808,4.000000000000128
fixed-00000003,80.0,4.0,1,0.0,0.0
fixed-00000003,80.0,4.0,2,0.0,0.0
fixed-00000003,80.0,4.0,3,0.0,0.0
fixed-00000003,80.0,4.0,4,0.0,0.0
fixed-00000003,80.0,4.0,5,0.0,0.0
fixed-00000003,80.0,4.0,6,0.0,0.0
fixed-00000003,80.0,4.0,7,0.0,0.0
fixed-00000003,80.0,4.0,8,0.0,0.0
fixed-00000003,80.0,4.0,9,0.0,0.0
fixed-00000003,80.0,4.0,10,0.0,0.0
fixed-00000003,80.0,4.0,11,0.0,0.0
fixed-00000003,80.0,4.0,12,0.0,0.0
fixed-00000003,80.0,4.0,13,0.0,0.0
fixed-00000003,80.0,4.0,14,0.0,0.0
fixed-00000003,80.0,4.0,15,0.0,0.0
fixed-00000003,80.0,4.0,16,0.0,0.0
fixed-00000003,80.0,4.0,17,0.0,0.0
fixed-00000003,80.0,4.0,18,0.0,0.0
fixed-00000003,80.0,4.0,19,0.0,0.0
fixed-00000003,80.0,4.0,20,0.0,0.0
fixed-00000008,130.0,4.0,-20,0.0007791324643699587,22.887737429280307
fixed-00000008,130.0,4.0,-19,0.0007846783093298,22.319060381202533
fixed-00000008,130.0,4.0,-18,0.0006192534150985253,21.73628858867596
fixed-00000008,130.0,4.0,-17,0.0008684596287580386,21.138253797703968
fixed-00000008,130.0,4.0,-16,0.001014981919397063,20.523619220618087
fixed-00000008,130.0,4.0,-15,0.0009067252858439617,19.890843436975487
fixed-00000008,130.0,4.0,-14,0.0013555122759444781,19.238133704924607
fixed-00000008,130.0,4.0,-13,0.0015999727940086098,18.563384620134784
fixed-00000008,130.0,4.0,-12,0.001516753193515052,17.86409607789507
fixed-00000008,130.0,4.0,-11,0.0021361583956029584,17.137261306119782
fixed-00000008,130.0,4.0,-10,0.002373823440940666,16.379210436004684
fixed-00000008,130.0,4.0,-9,0.002536351529212874,15.58538591965737
fixed-00000008,130.0,4.0,-8,0.0027276810452627497,14.750009564284554
fixed-00000008,130.0,4.0,-7,0.003981774290236675,13.865569460383654
fixed-00000008,130.0,4.0,-6,0.004514095227229694,12.921991178661202
fixed-00000008,130.0,4.0,-5,0.0032781848216493813,11.905217349750558
fixed-00000008,130.0,4.0,-4,0.012547239571975876,10.794579595613783
fixed-00000008,130.0,4.0,-3,0.008499356888192517,9.557405601711935
fixed-00000008,130.0,4.0,-2,0.018562096448477637,8.136169892284855
fixed-00000008,130.0,4.0,-1,0.16939718526883618,6.409572995038118
fixed-00000008,130.0,4.0,0,0.5514412010612456,3.999999999999943
fixed-00000008,130.0,4.0,1,0.0,0.0
fixed-00000008,130.0,4.0,2,0.0,0.0
fixed-00000008,130.0,4.0,3,0.0,0.0
fixed-00000008,130.0,4.0,4,0.0,0.0
fixed-00000008,130.0,4.0,5,0.0,0.0
fixed-00000008,130.0,4.0,6,0.0,0.0
fixed-00000008,130.0,4.0,7,0.0,0.0
fixed-00000008,130.0,4.0,8,0.0,0.0
fixed-00000008,130.0,4.0,9,0.0,0.0
fixed-00000008,130.0,4.0,10,0.0,0.0
fixed-00000008,130.0,4.0,11,0.0,0.0
fixed-00000008,130.0,4.0,12,0.0,0.0
fixed-00000008,130.0,4.0,13,0.0,0.0
fixed-00000008,130.0,4.0,14,0.0,0.0
fixed-00000008,130.0,4.0,15,0.0,0.0
fixed-00000008,130.0,4.0,16,0.0,0.0
fixed-00000008,130.0,4.0,17,0.0,0.0
fixed-00000008,130.0,4.0,18,0.0,0.0
fixed-00000008,130.0,4.0,19,0.0,0.0
fixed-00000008,130.0,4.0,20,0.0,0.0
fixed-00000009,140.0,4.0,-20,0.0006264428954860277,22.071091552917864
fixed-00000009,140.0,4.0,-19,0.0006310640757382366,21.524522367911075
fixed-00000009,140.0,4.0,-18,0.0005133593868219911,20.964400995176362
fixed-00000009,140.0,4.0,-17,0.0007138931802823862,20.3896085063504
fixed-00000009,140.0,4.0,-16,0.0008179863678638758,19.798865027537445
fixed-00000009,140.0,4.0,-15,0.0007179871630779094,19.190695371391683
fixed-00000009,140.0,4.0,-14,0.001088122779905053,18.563384620134798
fixed-00000009,140.0,4.0,-13,0.0012776393104903334,17.91491981726459
fixed-00000009,140.0,4.0,-12,0.0012537683851868303,17.242912058772163
fixed-00000009,140.0,4.0,-11,0.0019082629846132353,16.544490275662753
fixed-00000009,140.0,4.0,-10,0.002241126847407778,15.816153021261812
fixed-00000009,140.0,4.0,-9,0.0023845918235698015,15.05355599411152
fixed-00000009,140.0,4.0,-8,0.0029444122782081093,14.251197562253566
fixed-00000009,140.0,4.0,-7,0.0040024787996112915,13.401935191968334
fixed-00000009,140.0,4.0,-6,0.004573615578114425,12.496206306817058
fixed-00000009,140.0,4.0,-5,0.003797996072240339,11.520697333479006
fixed-00000009,140.0,4.0,-4,0.01245520961696962,10.45589172636997
fixed-00000009,140.0,4.0,-3,0.009053562983877897,9.27106825583462
fixed-00000009,140.0,4.0,-2,0.019220193571452084,7.9124896307686186
fixed-00000009,140.0,4.0,-1,0.17576575981146278,6.268169548557026
fixed-00000009,140.0,4.0,0,0.5009724778043884,4.000000000000043
fixed-00000009,140.0,4.0,1,0.0,0.0
fixed-00000009,140.0,4.0,2,0.0,0.0
fixed-00000009,140.0,4.0,3,0.0,0.0
fixed-00000009,140.0,4.0,4,0.0,0.0
fixed-00000009,140.0,4.0,5,0.0,0.0
fixed-00000009,140.0,4.0,6,0.0,0.0
fixed-00000009,140.0,4.0,7,0.0,0.0
fixed-00000009,140.0,4.0,8,0.0,0.0
fixed-00000009,140.0,4.0,9,0.0,0.0
fixed-00000009,140.0,4.0,10,0.0,0.0
fixed-00000009,140.0,4.0,11,0.0,0.0
fixed-00000009,140.0,4.0,12,0.0,0.0
fixed-00000009,140.0,4.0,13,0.0,0.0
fixed-00000009,140.0,4.0,14,0.0,0.0
fixed-00000009,140.0,4.0,15,0.0,0.0
fixed-00000009,140.0,4.0,16,0.0,0.0
fixed-00000009,140.0,4.0,17,0.0,0.0
fixed-00000009,140.0,4.0,18,0.0,0.0
fixed-00000009,140.0,4.0,19,0.0,0.0
fixed-00000009,140.0,4.0,20,0.0,0.0
fixed-00000010,150.0,4.0,-20,0.0004926888578265969,21.33937330915093
fixed-00000010,150.0,4.0,-19,0.0004892617107642552,20.81260721870089
fixed-00000010,150.0,4.0,-18,0.00041071992149967136,20.272780035826898
fixed-00000010,150.0,4.0,-17,0.0005744641864602868,19.71881735546995
fixed-00000010,150.0,4.0,-16,0.0006492968905038733,19.149490680969976
fixed-00000010,150.0,4.0,-15,0.0005696409514432913,18.563384620134798
fixed-00000010,150.0,4.0,-14,0.0008617459237306163,17.958854520446636
fixed-00000010,150.0,4.0,-13,0.0009820872835044681,17.333970900377437
fixed-00000010,150.0,4.0,-12,0.0009478029550184969,16.686445270170665
fixed-00000010,150.0,4.0,-11,0.0014816399866330232,16.013529106660258
fixed-00000010,150.0,4.0,-10,0.0017749245888205906,15.311873059069754
fixed-00000010,150.0,4.0,-9,0.0019132233801590025,14.577325397340658
fixed-00000010,150.0,4.0,-8,0.0026468012128302567,13.804634215692602
fixed-00000010,150.0,4.0,-7,0.003600297718351291,12.986990452752977
fixed-00000010,150.0,4.0,-6,0.004099154052408438,12.115293466158093
fixed-00000010,150.0,4.0,-5,0.00399553237984296,11.176900501616302
fixed-00000010,150.0,4.0,-4,0.011535003029918136,10.153332615240856
fixed-00000010,150.0,4.0,-3,0.008849102995629902,9.015622340555609
fixed-00000010,150.0,4.0,-2,0.019145829001556113,7.713422675659871
fixed-00000010,150.0,4.0,-1,0.17305847262347795,6.142998339829575
fixed-00000010,150.0,4.0,0,0.43988595796666824,4.000000000000043
fixed-00000010,150.0,4.0,1,0.0,0.0
fixed-00000010,150.0,4.0,2,0.0,0.0
fixed-00000010,150.0,4.0,3,0.0,0.0
fixed-00000010,150.0,4.0,4,0.0,0.0
fixed-00000010,150.0,4.0,5,0.0,0.0
fixed-00000010,150.0,4.0,6,0.0,0.0
fixed-00000010,150.0,4.0,7,0.0,0.0
fixed-00000010,150.0,4.0,8,0.0,0.0
fixed-00000010,150.0,4.0,9,0.0,0.0
fixed-00000010,150.0,4.0,10,0.0,0.0
fixed-00000010,150.0,4.0,11,0.0,0.0
fixed-00000010,150.0,4.0,12,0.0,0.0
fixed-00000010,150.0,4.0,13,0.0,0.0
fixed-00000010,150.0,4.0,14,0.0,0.0
fixed-00000010,150.0,4.0,15,0.0,0.0
fixed-00000010,150.0,4.0,16,0.0,0.0
fixed-00000010,150.0,4.0,17,0.0,0.0
fixed-00000010,150.0,4.0,18,0.0,0.0
fixed-00000010,150.0,4.0,19,0.0,0.0
fixed-00000010,150.0,4.0,20,0.0,0.0
fixed-00000011,160.0,4.0,-20,0.00040826495650755,20.678914499078303
fixed-00000011,160.0,4.0,-19,0.00039802282829839655,20.170023522549073
fixed-00000011,160.0,4.0,-18,0.00033992695042289777,19.6485188177962
fixed-00000011,160.0,4.0,-17,0.0004819631592802686,19.113366448532148
fixed-00000011,160.0,4.0,-16,0.0005337743034205712,18.563384620134826
fixed-00000011,160.0,4.0,-15,0.00047624740964696545,17.997212298226287
fixed-00000011,160.0,4.0,-14,0.0007227766990385295,17.413268710318007
fixed-00000011,160.0,4.0,-13,0.0008096409379294337,16.809700268524495
fixed-00000011,160.0,4.0,-12,0.0007708378444256087,16.18430978152439
fixed-00000011,160.0,4.0,-11,0.0012204303880791498,15.534460149598402
fixed-00000011,160.0,4.0,-10,0.0014333127712813068,14.856940312447804
fixed-00000011,160.0,4.0,-9,0.0015466177370829202,14.147773622565637
fixed-00000011,160.0,4.0,-8,0.0022881627207027625,13.401935191968363
fixed-00000011,160.0,4.0,-7,0.0031383879718570734,12.612919034749368
fixed-00000011,160.0,4.0,-6,0.0035726898456838042,11.772044157333355
fixed-00000011,160.0,4.0,-5,0.004011866144720299,10.867276770488644
fixed-00000011,160.0,4.0,-4,0.010537587503229617,9.881078656044693
fixed-00000011,160.0,4.0,-3,0.008433084398633989,8.786068711064956
fixed-00000011,160.0,4.0,-2,0.01898982934058585,7.534952908764481
fixed-00000011,160.0,4.0,-1,0.16785308174907088,6.03135129215535
fixed-00000011,160.0,4.0,0,0.38315972690493005,4.000000000000128
fixed-00000011,160.0,4.0,1,0.0,0.0
fixed-00000011,160.0,4.0,2,0.0,0.0
fixed-00000011,160.0,4.0,3,0.0,0.0
fixed-00000011,160.0,4.0,4,0.0,0.0
fixed-00000011,160.0,4.0,5,0.0,0.0
fixed-00000011,160.0,4.0,6,0.0,0.0
fixed-00000011,160.0,4.0,7,0.0,0.0
fixed-00000011,160.0,4.0,8,0.0,0.0
fixed-00000011,160.0,4.0,9,0.0,0.0
fixed-00000011,160.0,4.0,10,0.0,0.0
fixed-00000011,160.0,4.0,11,0.0,0.0
fixed-00000011,160.0,4.0,12,0.0,0.0
fixed-00000011,160.0,4.0,13,0.0,0.0
fixed-00000011,160.0,4.0,14,0.0,0.0
fixed-00000011,160.0,4.0,15,0.0,0.0
fixed-00000011,160.0,4.0,16,0.0,0.0
fixed-00000011,160.0,4.0,17,0.0,0.0
fixed-00000011,160.0,4.0,18,0.0,0.0
fixed-00000011,160.0,4.0,19,0.0,0.0
fixed-00000011,160.0,4.0,20,0.0,0.0
fixed-00000012,170.0,4.0,-20,0.00033450468945772004,20.078937587093307
fixed-00000012,170.0,4.0,-19,0.0003202029899904344,19.586289471248577
fixed-00000012,170.0,4.0,-18,0.0002747019817731948,19.08143745864639
fixed-00000012,170.0,4.0,-17,0.00039580929325890257,18.563384620134798
fixed-00000012,170.0,4.0,-16,0.00042760844410594934,18.030991870959312
fixed-00000012,170.0,4.0,-15,0.00038648773884862586,17.482947890801668
fixed-00000012,170.0,4.0,-14,0.0005929463788758922,16.917730332891097
fixed-00000012,170.0,4.0,-13,0.0006514718149826015,16.333555025629337
fixed-00000012,170.0,4.0,-12,0.0006212930902773547,15.728308285955407
fixed-00000012,170.0,4.0,-11,0.0009910181901697634,15.099454930199627
fixed-00000012,170.0,4.0,-10,0.0011330585794984767,14.443910384212742
fixed-00000012,170.0,4.0,-9,0.0012106396383620409,13.757858124151412
fixed-00000012,170.0,4.0,-8,0.0018444723084673545,13.036480848951996
fixed-00000012,170.0,4.0,-7,0.0025292037053285185,12.273549626976305
fixed-00000012,170.0,4.0,-6,0.002868917764416918,11.460766897267831
fixed-00000012,170.0,4.0,-5,0.0036270143786437887,10.586654831666635
fixed-00000012,170.0,4.0,-4,0.009040916186661245,9.634532883621333
fixed-00000012,170.0,4.0,-3,0.007414078343233889,8.578462776597007
fixed-00000012,170.0,4.0,-2,0.018081406460044733,7.37391453146995
fixed-00000012,170.0,4.0,-1,0.15511216650646317,5.931100707011396
fixed-00000012,170.0,4.0,0,0.3224357660058618,4.000000000000043
fixed-00000012,170.0,4.0,1,0.0,0.0
fixed-00000012,170.0,4.0,2,0.0,0.0
fixed-00000012,170.0,4.0,3,0.0,0.0
fixed-00000012,170.0,4.0,4,0.0,0.0
fixed-00000012,170.0,4.0,5,0.0,0.0
fixed-00000012,170.0,4.0,6,0.0,0.0
fixed-00000012,170.0,4.0,7,0.0,0.0
fixed-00000012,170.0,4.0,8,0.0,0.0
fixed-00000012,170.0,4.0,9,0.0,0.0
fixed-00000012,170.0,4.0,10,0.0,0.0
fixed-00000012,170.0,4.0,11,0.0,0.0
fixed-00000012,170.0,4.0,12,0.0,0.0
fixed-00000012,170.0,4.0,13,0.0,0.0
fixed-00000012,170.0,4.0,14,0.0,0.0
fixed-00000012,170.0,4.0,15,0.0,0.0
fixed-00000012,170.0,4.0,16,0.0,0.0
fixed-00000012,170.0,4.0,17,0.0,0.0
fixed-00000012,170.0,4.0,18,0.0,0.0
fixed-00000012,170.0,4.0,19,0.0,0.0
fixed-00000012,170.0,4.0,20,0.0,0.0
fixed-00000013,180.0,4.0,-20,0.0003008652521098503,19.530814598225575
fixed-00000013,180.0,4.0,-19,0.0002825574745512909,19.053012891096714
fixed-00000013,180.0,4.0,-18,0.00024335600707646164,18.563384620134798
fixed-00000013,180.0,4.0,-17,0.0003531736712486519,18.06096687878967
fixed-00000013,180.0,4.0,-16,0.000373670077706848,17.544659849708694
fixed-00000013,180.0,4.0,-15,0.0003387715533825466,17.013197921647617
fixed-00000013,180.0,4.0,-14,0.0005259921253383022,16.46511246866092
fixed-00000013,180.0,4.0,-13,0.0005632918657946002,15.898683146952209
fixed-00000013,180.0,4.0,-12,0.0005413892596808574,15.311873059069725
fixed-00000013,180.0,4.0,-11,0.0008717664151232595,14.702240730771123
fixed-00000013,180.0,4.0,-10,0.0009689135137631946,14.066817881848479
fixed-00000013,180.0,4.0,-9,0.001037661887458707,13.401935191968363
fixed-00000013,180.0,4.0,-8,0.0016015086738379867,12.702966158118315
fixed-00000013,180.0,4.0,-7,0.0021446378366474406,11.96393641047473
fixed-00000013,180.0,4.0,-6,0.002435093287393542,11.176900501616302
fixed-00000013,180.0,4.0,-5,0.003273537870687581,10.330890706572049
fixed-00000013,180.0,4.0,-4,0.007888060418107093,9.410012267886245
fixed-00000013,180.0,4.0,-3,0.006548135586487816,8.389645509317262
fixed-00000013,180.0,4.0,-2,0.017246934108558258,7.227774780095132
fixed-00000013,180.0,4.0,-1,0.14334542470322076,5.840549916165145
fixed-00000013,180.0,4.0,0,0.27110544535346653,4.000000000000043
fixed-00000013,180.0,4.0,1,0.0,0.0
fixed-00000013,180.0,4.0,2,0.0,0.0
fixed-00000013,180.0,4.0,3,0.0,0.0
fixed-00000013,180.0,4.0,4,0.0,0.0
fixed-00000013,180.0,4.0,5,0.0,0.0
fixed-00000013,180.0,4.0,6,0.0,0.0
fixed-00000013,180.0,4.0,7,0.0,0.0
fixed-00000013,180.0,4.0,8,0.0,0.0
fixed-00000013,180.0,4.0,9,0.0,0.0
fixed-00000013,180.0,4.0,10,0.0,0.0
fixed-00000013,180.0,4.0,11,0.0,0.0
fixed-00000013,180.0,4.0,12,0.0,0.0
fixed-00000013,180.0,4.0,13,0.0,0.0
fixed-00000013,180.0,4.0,14,0.0,0.0
fixed-00000013,180.0,4.0,15,0.0,0.0
fixed-00000013,180.0,4.0,16,0.0,0.0
fixed-00000013,180.0,4.0,17,0.0,0.0
fixed-00000013,180.0,4.0,18,0.0,0.0
fixed-00000013,180.0,4.0,19,0.0,0.0
fixed-00000013,180.0,4.0,20,0.0,0.0
fixed-00000014,190.0,4.0,-20,0.0003014667033515011,19.027545728760387
fixed-00000014,190.0,4.0,-19,0.00027669287487772434,18.563384620134798
fixed-00000014,190.0,4.0,-18,0.0002404893633371418,18.087745917971517
fixed-00000014,190.0,4.0,-17,0.00034924909252481067,17.599698142746774
fixed-00000014,190.0,4.0,-16,0.000362444910968532,17.098177750245895
fixed-00000014,190.0,4.0,-15,0.0003308015005501219,16.581961354199663
fixed-00000014,190.0,4.0,-14,0.0005175354556350962,16.04962995579325
fixed-00000014,190.0,4.0,-13,0.000539981697957104,15.49952217558176
fixed-00000014,190.0,4.0,-12,0.0005240308671893251,14.929672049973433
fixed-00000014,190.0,4.0,-11,0.0008520249162724657,14.337724668923613
fixed-00000014,190.0,4.0,-10,0.0009153358303267506,13.720819169692376
fixed-00000014,190.0,4.0,-9,0.0009912941737988466,13.075422179669076
fixed-00000014,190.0,4.0,-8,0.0015484031216898555,12.397083362613174
fixed-00000014,190.0,4.0,-7,0.001992553244818423,11.680063301026976
fixed-00000014,190.0,4.0,-6,0.0022933257042321987,10.916741345033458
fixed-00000014,190.0,4.0,-5,0.003185679806704695,10.096619860707108
fixed-00000014,190.0,4.0,-4,0.007348498572394208,9.204527144434891
fixed-00000014,190.0,4.0,-3,0.006182120677884776,8.217053724399236
fixed-00000014,190.0,4.0,-2,0.01717366489358116,7.094480733772272
fixed-00000014,190.0,4.0,-1,0.1373018590017644,5.758328175331556
fixed-00000014,190.0,4.0,0,0.23488496399258832,4.000000000000043
fixed-00000014,190.0,4.0,1,0.0,0.0
fixed-00000014,190.0,4.0,2,0.0,0.0
fixed-00000014,190.0,4.0,3,0.0,0.0
fixed-00000014,190.0,4.0,4,0.0,0.0
fixed-00000014,190.0,4.0,5,0.0,0.0
fixed-00000014,190.0,4.0,6,0.0,0.0
fixed-00000014,190.0,4.0,7,0.0,0.0
fixed-00000014,190.0,4.0,8,0.0,0.0
fixed-00000014,190.0,4.0,9,0.0,0.0
fixed-00000014,190.0,4.0,10,0.0,0.0
fixed-00000014,190.0,4.0,11,0.0,0.0
fixed-00000014,190.0,4.0,12,0.0,0.0
fixed-00000014,190.0,4.0,13,0.0,0.0
fixed-00000014,190.0,4.0,14,0.0,0.0
fixed-00000014,190.0,4.0,15,0.0,0.0
fixed-00000014,190.0,4.0,16,0.0,0.0
fixed-00000014,190.0,4.0,17,0.0,0.0
fixed-00000014,190.0,4.0,18,0.0,0.0
fixed-00000014,190.0,4.0,19,0.0,0.0
fixed-00000014,190.0,4.0,20,0.0,0.0
fixed-00000015,200.0,4.0,-20,0.00030912180238384793,18.563384620134798
fixed-00000015,200.0,4.0,-19,0.00027570996214739253,18.11181433101568
fixed-00000015,200.0,4.0,-18,0.00024399435484422967,17.649090489235533
fixed-00000015,200.0,4.0,-17,0.00035397751498180834,17.17431076750566
fixed-00000015,200.0,4.0,-16,0.00035807216879670233,16.686445270170665
fixed-00000015,200.0,4.0,-15,0.00033275667627960607,16.184309781524362
fixed-00000015,200.0,4.0,-14,0.0005230407604607567,15.666531340439832
fixed-00000015,200.0,4.0,-13,0.0005284377894302449,15.13150326662813
fixed-00000015,200.0,4.0,-12,0.0005238079350852411,14.577325397340658
fixed-00000015,200.0,4.0,-11,0.0008580549947262158,14.001723117605522
fixed-00000015,200.0,4.0,-10,0.0008855169830456991,13.401935191968334
fixed-00000015,200.0,4.0,-9,0.000980865646390575,12.774554314257855
fixed-00000015,200.0,4.0,-8,0.0015516511796175296,12.115293466158093
fixed-00000015,200.0,4.0,-7,0.0019036736236977918,11.41863095571108
fixed-00000015,200.0,4.0,-6,0.002237837619246421,10.677246924869166
fixed-00000015,200.0,4.0,-5,0.003218197378158212,9.88107865604465
fixed-00000015,200.0,4.0,-4,0.007009735524664421,9.015622340555609
fixed-00000015,200.0,4.0,-3,0.005942483133200358,8.058583440755712
fixed-00000015,200.0,4.0,-2,0.01767669173570212,6.972349028947534
fixed-00000015,200.0,4.0,-1,0.13261979366861432,5.683315135192018
fixed-00000015,200.0,4.0,0,0.2077352190698011,4.000000000000043
fixed-00000015,200.0,4.0,1,0.0,0.0
fixed-00000015,200.0,4.0,2,0.0,0.0
fixed-00000015,200.0,4.0,3,0.0,0.0
fixed-00000015,200.0,4.0,4,0.0,0.0
fixed-00000015,200.0,4.0,5,0.0,0.0
fixed-00000015,200.0,4.0,6,0.0,0.0
fixed-00000015,200.0,4.0,7,0.0,0.0
fixed-00000015,200.0,4.0,8,0.0,0.0
fixed-00000015,200.0,4.0,9,0.0,0.0
fixed-00000015,200.0,4.0,10,0.0,0.0
fixed-00000015,200.0,4.0,11,0.0,0.0
fixed-00000015,200.0,4.0,12,0.0,0.0
fixed-00000015,200.0,4.0,13,0.0,0.0
fixed-00000015,200.0,4.0,14,0.0,0.0
fixed-00000015,200.0,4.0,15,0.0,0.0
fixed-00000015,200.0,4.0,16,0.0,0.0
fixed-00000015,200.0,4.0,17,0.0,0.0
fixed-00000015,200.0,4.0,18,0.0,0.0
fixed-00000015,200.0,4.0,19,0.0,0.0
fixed-00000015,200.0,4.0,20,0.0,0.0
fixed-00000016,210.0,4.0,-20,0.0002880742876191596,18.133563909262662
fixed-00000016,210.0,4.0,-19,0.0002486908081874073,17.69366376630488
fixed-00000016,210.0,4.0,-18,0.00022059558508433897,17.242912058772163
fixed-00000016,210.0,4.0,-17,0.00032892023156839804,16.78043360412154
fixed-00000016,210.0,4.0,-16,0.0003208065204788152,16.30522983876051
fixed-00000016,210.0,4.0,-15,0.0002984636311444606,15.816153021261812
fixed-00000016,210.0,4.0,-14,0.0004883519997159507,15.311873059069725
fixed-00000016,210.0,4.0,-13,0.00046979200261386395,14.79083420461042
fixed-00000016,210.0,4.0,-12,0.0004692208643360498,14.251197562253566
fixed-00000016,210.0,4.0,-11,0.0008037701623478322,13.690763273626388
fixed-00000016,210.0,4.0,-10,0.0007802503039494341,13.106862846525061
fixed-00000016,210.0,4.0,-9,0.0008792611691316268,12.496206306817086
fixed-00000016,210.0,4.0,-8,0.0014503775956505702,11.854658593029981
fixed-00000016,210.0,4.0,-7,0.001674257423543415,11.176900501616302
fixed-00000016,210.0,4.0,-6,0.002001108749274223,10.45589172636997
fixed-00000016,210.0,4.0,-5,0.0030035459490246985,9.681973335802653
fixed-00000016,210.0,4.0,-4,0.006356243945408894,8.841260597125114
fixed-00000016,210.0,4.0,-3,0.005172836019345986,7.912489630768675
fixed-00000016,210.0,4.0,-2,0.017389504029056146,6.85998498024081
fixed-00000016,210.0,4.0,-1,0.12766644244383799,5.614585555098117
fixed-00000016,210.0,4.0,0,0.16645801229527366,4.000000000000043
fixed-00000016,210.0,4.0,1,0.04373215711073996,0.6990406976807151
fixed-00000016,210.0,4.0,2,0.0,0.0
fixed-00000016,210.0,4.0,3,0.0,0.0
fixed-00000016,210.0,4.0,4,0.0,0.0
fixed-00000016,210.0,4.0,5,0.0,0.0
fixed-00000016,210.0,4.0,6,0.0,0.0
fixed-00000016,210.0,4.0,7,0.0,0.0
fixed-00000016,210.0,4.0,8,0.0,0.0
fixed-00000016,210.0,4.0,9,0.0,0.0
fixed-00000016,210.0,4.0,10,0.0,0.0
fixed-00000016,210.0,4.0,11,0.0,0.0
fixed-00000016,210.0,4.0,12,0.0,0.0
fixed-00000016,210.0,4.0,13,0.0,0.0
fixed-00000016,210.0,4.0,14,0.0,0.0
fixed-00000016,210.0,4.0,15,0.0,0.0
fixed-00000016,210.0,4.0,16,0.0,0.0
fixed-00000016,210.0,4.0,17,0.0,0.0
fixed-00000016,210.0,4.0,18,0.0,0.0
fixed-00000016,210.0,4.0,19,0.0,0.0
fixed-00000016,210.0,4.0,20,0.0,0.0
fixed-00000017,220.0,4.0,-20,0.00026589071256612483,17.73409081271616
fixed-00000017,220.0,4.0,-19,0.00022610682572225506,17.305048019521294
fixed-00000017,220.0,4.0,-18,0.00020002491046884553,16.86543602782575
fixed-00000017,220.0,4.0,-17,0.00030225917135033505,16.414405017153385
fixed-00000017,220.0,4.0,-16,0.0002915622424783434,15.950985698613678
fixed-00000017,220.0,4.0,-15,0.00026784706375462163,15.474064410036164
fixed-00000017,220.0,4.0,-14,0.0004511930378633787,14.982351111948859
fixed-00000017,220.0,4.0,-13,0.00042525156697702753,14.474337642723825
fixed-00000017,220.0,4.0,-12,0.0004198463436579644,13.948242344473982
fixed-00000017,220.0,4.0,-11,0.000746995306794856,13.401935191968377
fixed-00000017,220.0,4.0,-10,0.0007007094727068191,12.832834315133255
fixed-00000017,220.0,4.0,-9,0.0007886548565659413,12.237759303340212
fixed-00000017,220.0,4.0,-8,0.0013516408399994882,11.612716944258509
fixed-00000017,220.0,4.0,-7,0.0014901017847755759,10.952576962541741
fixed-00000017,220.0,4.0,-6,0.0018159733342656072,10.250559696102783
fixed-00000017,220.0,4.0,-5,0.0027936726601546025,9.49738228221355
fixed-00000017,220.0,4.0,-4,0.005768659977064527,8.679735599183942
fixed-00000017,220.0,4.0,-3,0.004794433230652516,7.777311442431525
fixed-00000017,220.0,4.0,-2,0.016334977955127398,6.756222279782023
fixed-00000017,220.0,4.0,-1,0.12307628750597259,5.551368162118536
fixed-00000017,220.0,4.0,0,0.13186597389337396,4.000000000000043
fixed-00000017,220.0,4.0,1,0.06651975704915626,1.0924531720081205
fixed-00000017,220.0,4.0,2,0.0,0.0
fixed-00000017,220.0,4.0,3,0.0,0.0
fixed-00000017,220.0,4.0,4,0.0,0.0
fixed-00000017,220.0,4.0,5,0.0,0.0
fixed-00000017,220.0,4.0,6,0.0,0.0
fixed-00000017,220.0,4.0,7,0.0,0.0
fixed-00000017,220.0,4.0,8,0.0,0.0
fixed-00000017,220.0,4.0,9,0.0,0.0
fixed-00000017,220.0,4.0,10,0.0,0.0
fixed-00000017,220.0,4.0,11,0.0,0.0
fixed-00000017,220.0,4.0,12,0.0,0.0
fixed-00000017,220.0,4.0,13,0.0,0.0
fixed-00000017,220.0,4.0,14,0.0,0.0
fixed-00000017,220.0,4.0,15,0.0,0.0
fixed-00000017,220.0,4.0,16,0.0,0.0
fixed-00000017,220.0,4.0,17,0.0,0.0
fixed-00000017,220.0,4.0,18,0.0,0.0
fixed-00000017,220.0,4.0,19,0.0,0.0
fixed-00000017,220.0,4.0,20,0.0,0.0
fixed-00000018,230.0,4.0,-20,0.0002589204245708077,17.361592560354026
fixed-00000018,230.0,4.0,-19,0.00021643600063850352,16.942685258157596
fixed-00000018,230.0,4.0,-18,0.00019163271363374662,16.513473571464004
fixed-00000018,230.0,4.0,-17,0.00029058166485318963,16.07313144984927
fixed-00000018,230.0,4.0,-16,0.000278577787305966,15.62071704156071
fixed-00000018,230.0,4.0,-15,0.00025282099606184694,15.155148624219663
fixed-00000018,230.0,4.0,-14,0.00043487645938712047,14.675173695966748
fixed-00000018,230.0,4.0,-13,0.00040399856754359874,14.179328690446923
fixed-00000018,230.0,4.0,-12,0.0003932398425882732,13.665885586158865
fixed-00000018,230.0,4.0,-11,0.0007233934073494954,13.13277978959242
fixed-00000018,230.0,4.0,-10,0.0006574235467291802,12.577510579407715
fixed-00000018,230.0,4.0,-9,0.0007383307361516272,11.997000160210277
fixed-00000018,230.0,4.0,-8,0.001309016606556813,11.387388125912437
fixed-00000018,230.0,4.0,-7,0.0013725323594757542,10.743720994389975
fixed-00000018,230.0,4.0,-6,0.001713125764209054,10.059462823221452
fixed-00000018,230.0,4.0,-5,0.0026762479458733667,9.325682005200974
fixed-00000018,230.0,4.0,-4,0.005348958575429865,8.529606124486918
fixed-00000018,230.0,4.0,-3,0.004592145298459925,7.651815588106331
fixed-00000018,230.0,4.0,-2,0.015550892968910305,6.660077368214232
fixed-00000018,230.0,4.0,-1,0.11960629407968433,5.493014580257693
fixed-00000018,230.0,4.0,0,0.10531039926019728,4.000000000000043
fixed-00000018,230.0,4.0,1,0.08156642295034847,1.3553543387345144
fixed-00000018,230.0,4.0,2,0.0,0.0
fixed-00000018,230.0,4.0,3,0.0,0.0
fixed-00000018,230.0,4.0,4,0.0,0.0
fixed-00000018,230.0,4.0,5,0.0,0.0
fixed-00000018,230.0,4.0,6,0.0,0.0
fixed-00000018,230.0,4.0,7,0.0,0.0
fixed-00000018,230.0,4.0,8,0.0,0.0
fixed-00000018,230.0,4.0,9,0.0,0.0
fixed-00000018,230.0,4.0,10,0.0,0.0
fixed-00000018,230.0,4.0,11,0.0,0.0
fixed-00000018,230.0,4.0,12,0.0,0.0
fixed-00000018,230.0,4.0,13,0.0,0.0
fixed-00000018,230.0,4.0,14,0.0,0.0
fixed-00000018,230.0,4.0,15,0.0,0.0
fixed-00000018,230.0,4.0,16,0.0,0.0
fixed-00000018,230.0,4.0,17,0.0,0.0
fixed-00000018,230.0,4.0,18,0.0,0.0
fixed-00000018,230.0,4.0,19,0.0,0.0
fixed-00000018,230.0,4.0,20,0.0,0.0
fixed-00000019,240.0,4.0,-20,0.0002680952161970249,17.01319792164763
fixed-00000019,240.0,4.0,-19,0.0002194104779349379,16.60378152529381
fixed-00000019,240.0,4.0,-18,0.00019572986042001747,16.18430978152439
fixed-00000019,240.0,4.0,-17,0.00029504897749528514,15.753978980891489
fixed-00000019,240.0,4.0,-16,0.0002816662877925754,15.311873059069754
fixed-00000019,240.0,4.0,-15,0.00025423986900957065,14.856940312447833
fixed-00000019,240.0,4.0,-14,0.0004416217375619169,14.387963517781984
fixed-00000019,240.0,4.0,-13,0.0004071572557226343,13.903521017776214
fixed-00000019,240.0,4.0,-12,0.0003908052802322706,13.401935191968363
fixed-00000019,240.0,4.0,-11,0.0007390766142853052,12.881202923645205
fixed-00000019,240.0,4.0,-10,0.0006545147439926133,12.338899720932332
fixed-00000019,240.0,4.0,-9,0.0007313508743985932,11.772044157333369
fixed-00000019,240.0,4.0,-8,0.0013414330949864642,11.176900501616302
fixed-00000019,240.0,4.0,-7,0.0013331656766999243,10.548681150469449
fixed-00000019,240.0,4.0,-6,0.001707839298735155,9.881078656044693
fixed-00000019,240.0,4.0,-5,0.0027045917869694316,9.165490343367907
fixed-00000019,240.0,4.0,-4,0.005154186819939725,8.389645509317262
fixed-00000019,240.0,4.0,-3,0.004631405200002994,7.534952908764538
fixed-00000019,240.0,4.0,-2,0.015244500638591157,6.570714442852491
fixed-00000019,240.0,4.0,-1,0.11919917455863717,5.438975549640787
fixed-00000019,240.0,4.0,0,0.08538106198519015,4.000000000000128
fixed-00000019,240.0,4.0,1,0.09432329812817876,1.5578535504268984
fixed-00000019,240.0,4.0,2,0.0,0.0
fixed-00000019,240.0,4.0,3,0.0,0.0
fixed-00000019,240.0,4.0,4,0.0,0.0
fixed-00000019,240.0,4.0,5,0.0,0.0
fixed-00000019,240.0,4.0,6,0.0,0.0
fixed-00000019,240.0,4.0,7,0.0,0.0
fixed-00000019,240.0,4.0,8,0.0,0.0
fixed-00000019,240.0,4.0,9,0.0,0.0
fixed-00000019,240.0,4.0,10,0.0,0.0
fixed-00000019,240.0,4.0,11,0.0,0.0
fixed-00000019,240.0,4.0,12,0.0,0.0
fixed-00000019,240.0,4.0,13,0.0,0.0
fixed-00000019,240.0,4.0,14,0.0,0.0
fixed-00000019,240.0,4.0,15,0.0,0.0
fixed-00000019,240.0,4.0,16,0.0,0.0
fixed-00000019,240.0,4.0,17,0.0,0.0
fixed-00000019,240.0,4.0,18,0.0,0.0
fixed-00000019,240.0,4.0,19,0.0,0.0
fixed-00000019,240.0,4.0,20,0.0,0.0
fixed-00000020,250.0,4.0,-20,0.00027190832052151147,16.686445270170665
fixed-00000020,250.0,4.0,-19,0.0002178295573980316,16.285941336994114
fixed-00000020,250.0,4.0,-18,0.00019710419046236105,15.875616848789647
fixed-00000020,250.0,4.0,-17,0.0002949877444455134,15.454689148224062
fixed-00000020,250.0,4.0,-16,0.0002795223931120419,15.022266470358943
fixed-00000020,250.0,4.0,-15,0.0002536100732326959,14.577325397340715
fixed-00000020,250.0,4.0,-14,0.00044220431705347725,14.11868194632234
fixed-00000020,250.0,4.0,-13,0.0004048647312566886,13.644953944975029
fixed-00000020,250.0,4.0,-12,0.00038643326657201847,13.154511253697052
fixed-00000020,250.0,4.0,-11,0.0007469275586292959,12.645408662197411
fixed-00000020,250.0,4.0,-10,0.0006476389794360743,12.115293466158121
fixed-00000020,250.0,4.0,-9,0.000721772889626216,11.561274966505863
fixed-00000020,250.0,4.0,-8,0.0013696994645221634,10.979734761202295
fixed-00000020,250.0,4.0,-7,0.001294757885041388,10.366041263914951
fixed-00000020,250.0,4.0,-6,0.0017012652694815568,9.714101762495858
fixed-00000020,250.0,4.0,-5,0.002755835877700848,9.01562234055568
fixed-00000020,250.0,4.0,-4,0.004954785335930516,8.258802394264194
fixed-00000020,250.0,4.0,-3,0.004694463819443239,7.425824639985038
fixed-00000020,250.0,4.0,-2,0.01498207122325733,6.487418295723927
fixed-00000020,250.0,4.0,-1,0.11838278579456427,5.388782503478367
fixed-00000020,250.0,4.0,0,0.06867430851874723,4.000000000000128
fixed-00000020,250.0,4.0,1,0.10510748583839497,1.7232677700620371
fixed-00000020,250.0,4.0,2,0.0,0.0
fixed-00000020,250.0,4.0,3,0.0,0.0
fixed-00000020,250.0,4.0,4,0.0,0.0
fixed-00000020,250.0,4.0,5,0.0,0.0
fixed-00000020,250.0,4.0,6,0.0,0.0
fixed-00000020,250.0,4.0,7,0.0,0.0
fixed-00000020,250.0,4.0,8,0.0,0.0
fixed-00000020,250.0,4.0,9,0.0,0.0
fixed-00000020,250.0,4.0,10,0.0,0.0
fixed-00000020,250.0,4.0,11,0.0,0.0
fixed-00000020,250.0,4.0,12,0.0,0.0
fixed-00000020,250.0,4.0,13,0.0,0.0
fixed-00000020,250.0,4.0,14,0.0,0.0
fixed-00000020,250.0,4.0,15,0.0,0.0
fixed-00000020,250.0,4.0,16,0.0,0.0
fixed-00000020,250.0,4.0,17,0.0,0.0
fixed-00000020,250.0,4.0,18,0.0,0.0
fixed-00000020,250.0,4.0,19,0.0,0.0
fixed-00000020,250.0,4.0,20,0.0,0.0
fixed-00000021,260.0,4.0,-20,0.0002762048842880824,16.379210436004684
fixed-00000021,260.0,4.0,-19,0.00021633500952871477,15.987097516269017
fixed-00000021,260.0,4.0,-18,0.00019871533258175705,15.58538591965737
fixed-00000021,260.0,4.0,-17,0.00029462703438049866,15.173312873518526
fixed-00000021,260.0,4.0,-16,0.0002772208181573487,14.750009564284554
fixed-00000021,260.0,4.0,-15,0.00025301997660104477,14.314479289708373
fixed-00000021,260.0,4.0,-14,0.00044145736756920177,13.865569460383654
fixed-00000021,260.0,4.0,-13,0.000402175023627981,13.401935191968363
fixed-00000021,260.0,4.0,-12,0.0003812265546673167,12.921991178661202
fixed-00000021,260.0,4.0,-11,0.0007518604233556368,12.423846879528327
fixed-00000021,260.0,4.0,-10,0.0006395500843288886,11.905217349750558
fixed-00000021,260.0,4.0,-9,0.0007094807179395211,11.363297500741439
fixed-00000021,260.0,4.0,-8,0.0013918251085404468,10.794579595613783
fixed-00000021,260.0,4.0,-7,0.0012522407616743544,10.194579116674106
fixed-00000021,260.0,4.0,-6,0.0016863273636224562,9.557405601711935
fixed-00000021,260.0,4.0,-5,0.0027935896045824158,8.875055586881174
fixed-00000021,260.0,4.0,-4,0.0047284921085185205,8.136169892284855
fixed-00000021,260.0,4.0,-3,0.0047337330621712225,7.32365592105198
fixed-00000021,260.0,4.0,-2,0.014633883430163305,6.409572995038118
fixed-00000021,260.0,4.0,-1,0.11671280110670493,5.342033137263584
fixed-00000021,260.0,4.0,0,0.054272999264547594,3.999999999999943
fixed-00000021,260.0,4.0,1,0.1141256566802369,1.8629706538812485
fixed-00000021,260.0,4.0,2,0.0,0.0
fixed-00000021,260.0,4.0,3,0.0,0.0
fixed-00000021,260.0,4.0,4,0.0,0.0
fixed-00000021,260.0,4.0,5,0.0,0.0
fixed-00000021,260.0,4.0,6,0.0,0.0
fixed-00000021,260.0,4.0,7,0.0,0.0
fixed-00000021,260.0,4.0,8,0.0,0.0
fixed-00000021,260.0,4.0,9,0.0,0.0
fixed-00000021,260.0,4.0,10,0.0,0.0
fixed-00000021,260.0,4.0,11,0.0,0.0
fixed-00000021,260.0,4.0,12,0.0,0.0
fixed-00000021,260.0,4.0,13,0.0,0.0
fixed-00000021,260.0,4.0,14,0.0,0.0
fixed-00000021,260.0,4.0,15,0.0,0.0
fixed-00000021,260.0,4.0,16,0.0,0.0
fixed-00000021,260.0,4.0,17,0.0,0.0
fixed-00000021,260.0,4.0,18,0.0,0.0
fixed-00000021,260.0,4.0,19,0.0,0.0
fixed-00000021,260.0,4.0,20,0.0,0.0
fixed-00000022,270.0,4.0,-20,0.00027936467802223167,16.08964950237933
fixed-00000022,270.0,4.0,-19,0.00021396205873173922,15.705455556386227
fixed-00000022,270.0,4.0,-18,0.00020054312359689565,15.311873059069725
fixed-00000022,270.0,4.0,-17,0.0002941407338715698,14.908158060804453
fixed-00000022,270.0,4.0,-16,0.0002740191849771623,14.493463473362837
fixed-00000022,270.0,4.0,-15,0.00025405887044163477,14.066817881848507
fixed-00000022,270.0,4.0,-14,0.00044083077225254513,13.627098410003597
fixed-00000022,270.0,4.0,-13,0.00039962756936088586,13.172995462424524
fixed-00000022,270.0,4.0,-12,0.00037956761706058127,12.702966158118315
fixed-00000022,270.0,4.0,-11,0.000758228135329459,12.215171679035521
fixed-00000022,270.0,4.0,-10,0.0006354304946795715,11.707391172695964
fixed-00000022,270.0,4.0,-9,0.0007036423972381535,11.176900501616302
fixed-00000022,270.0,4.0,-8,0.0014233861186202013,10.620296524793474
fixed-00000022,270.0,4.0,-7,0.001223599520844948,10.033233642263525
fixed-00000022,270.0,4.0,-6,0.0016867523674377347,9.410012267886245
fixed-00000022,270.0,4.0,-5,0.002871075208474517,8.742902716320742
fixed-00000022,270.0,4.0,-4,0.004536221165743211,8.020961125094075
fixed-00000022,270.0,4.0,-3,0.004825684148393667,7.227774780095174
fixed-00000022,270.0,4.0,-2,0.014396230873619287,6.336644982795491
fixed-00000022,270.0,4.0,-1,0.1152906030664921,5.298379990270192
fixed-00000022,270.0,4.0,0,0.04259731044957269,4.000000000000043
fixed-00000022,270.0,4.0,1,0.12239490972438902,1.9835743440105915
fixed-00000022,270.0,4.0,2,0.0,0.0
fixed-00000022,270.0,4.0,3,0.0,0.0
fixed-00000022,270.0,4.0,4,0.0,0.0
fixed-00000022,270.0,4.0,5,0.0,0.0
fixed-00000022,270.0,4.0,6,0.0,0.0
fixed-00000022,270.0,4.0,7,0.0,0.0
fixed-00000022,270.0,4.0,8,0.0,0.0
fixed-00000022,270.0,4.0,9,0.0,0.0
fixed-00000022,270.0,4.0,10,0.0,0.0
fixed-00000022,270.0,4.0,11,0.0,0.0
fixed-00000022,270.0,4.0,12,0.0,0.0
fixed-00000022,270.0,4.0,13,0.0,0.0
fixed-00000022,270.0,4.0,14,0.0,0.0
fixed-00000022,270.0,4.0,15,0.0,0.0
fixed-00000022,270.0,4.0,16,0.0,0.0
fixed-00000022,270.0,4.0,17,0.0,0.0
fixed-00000022,270.0,4.0,18,0.0,0.0
fixed-00000022,270.0,4.0,19,0.0,0.0
fixed-00000022,270.0,4.0,20,0.0,0.0
fixed-00000023,280.0,4.0,-20,0.0002666050905612681,15.816153021261812
fixed-00000023,280.0,4.0,-19,0.00020007841315549657,15.439449087160426
fixed-00000023,280.0,4.0,-18,0.0001915576859776057,15.05355599411152
fixed-00000023,280.0,4.0,-17,0.00027880824213815124,14.657747646499345
fixed-00000023,280.0,4.0,-16,0.0002565734792267694,14.251197562253566
fixed-00000023,280.0,4.0,-15,0.0002420298548890422,13.832958309872055
fixed-00000023,280.0,4.0,-14,0.0004188164816408657,13.401935191968334
fixed-00000023,280.0,4.0,-13,0.0003765059906956567,12.956852076462738
fixed-00000023,280.0,4.0,-12,0.0003597253585363328,12.496206306817058
fixed-00000023,280.0,4.0,-11,0.0007286222535480165,12.018208096115075
fixed-00000023,280.0,4.0,-10,0.0006002180200263067,11.520697333479006
fixed-00000023,280.0,4.0,-9,0.0006669817344223833,11.001026574425026
fixed-00000023,280.0,4.0,-8,0.0013899732482325505,10.45589172636997
fixed-00000023,280.0,4.0,-7,0.001144513981142917,9.881078656044693
fixed-00000023,280.0,4.0,-6,0.001617850129371335,9.27106825583462
fixed-00000023,280.0,4.0,-5,0.0028393486851023796,8.618389378622567
fixed-00000023,280.0,4.0,-4,0.004198840401796179,7.9124896307686186
fixed-00000023,280.0,4.0,-3,0.004742888136340761,7.137595307370333
fixed-00000023,280.0,4.0,-2,0.013810851340405885,6.268169548557026
fixed-00000023,280.0,4.0,-1,0.11074859418482842,5.257521326257304
fixed-00000023,280.0,4.0,0,0.032423432218881554,4.000000000000043
fixed-00000023,280.0,4.0,1,0.12776652754367326,2.089341578597498
fixed-00000023,280.0,4.0,2,0.0,0.0
fixed-00000023,280.0,4.0,3,0.0,0.0
fixed-00000023,280.0,4.0,4,0.0,0.0
fixed-00000023,280.0,4.0,5,0.0,0.0
fixed-00000023,280.0,4.0,6,0.0,0.0
fixed-00000023,280.0,4.0,7,0.0,0.0
fixed-00000023,280.0,4.0,8,0.0,0.0
fixed-00000023,280.0,4.0,9,0.0,0.0
fixed-00000023,280.0,4.0,10,0.0,0.0
fixed-00000023,280.0,4.0,11,0.0,0.0
fixed-00000023,280.0,4.0,12,0.0,0.0
fixed-00000023,280.0,4.0,13,0.0,0.0
fixed-00000023,280.0,4.0,14,0.0,0.0
fixed-00000023,280.0,4.0,15,0.0,0.0
fixed-00000023,280.0,4.0,16,0.0,0.0
fixed-00000023,280.0,4.0,17,0.0,0.0
fixed-00000023,280.0,4.0,18,0.0,0.0
fixed-00000023,280.0,4.0,19,0.0,0.0
fixed-00000023,280.0,4.0,20,0.0,0.0
fixed-00000024,290.0,4.0,-20,0.0002584658460090267,15.557309048540347
fixed-00000024,290.0,4.0,-19,0.00018979102457511562,15.187703917530484
fixed-00000024,290.0,4.0,-18,0.00018590638498078432,14.809099185639653
fixed-00000024,290.0,4.0,-17,0.00026774874455690934,14.420785723786253
fixed-00000024,290.0,4.0,-16,0.00024338935410790093,14.02195663092941
fixed-00000024,290.0,4.0,-15,0.00023424074725757606,13.611687264434664
fixed-00000024,290.0,4.0,-14,0.0004024163195410875,13.18890970007432
fixed-00000024,290.0,4.0,-13,0.00035931877548615827,12.752379596207746
fixed-00000024,290.0,4.0,-12,0.00034574774821961147,12.300632504160816
fixed-00000024,290.0,4.0,-11,0.0007073085293858446,11.831925200795666
fixed-00000024,290.0,4.0,-10,0.0005741638375849193,11.344155244919335
fixed-00000024,290.0,4.0,-9,0.0006395361114406818,10.834747980635072
fixed-00000024,290.0,4.0,-8,0.0013705024948392041,10.300493276388579
fixed-00000024,290.0,4.0,-7,0.0010817024726110511,9.737301631890915
fixed-00000024,290.0,4.0,-6,0.0015668230802608936,9.139824882054754
fixed-00000024,290.0,4.0,-5,0.0028314976123694456,8.500836443523596
fixed-00000024,290.0,4.0,-4,0.0039031910686869397,7.810153537213992
fixed-00000024,290.0,4.0,-3,0.0046980317958122,7.052604065868977
fixed-00000024,290.0,4.0,-2,0.013294379470071746,6.203739911827654
fixed-00000024,290.0,4.0,-1,0.10654526604769272,5.219193787774614
fixed-00000024,290.0,4.0,0,0.024590445400491837,4.000000000000043
fixed-00000024,290.0,4.0,1,0.1324729941924633,2.1832152248066166
fixed-00000024,290.0,4.0,2,0.0,0.0
fixed-00000024,290.0,4.0,3,0.0,0.0
fixed-00000024,290.0,4.0,4,0.0,0.0
fixed-00000024,290.0,4.0,5,0.0,0.0
fixed-00000024,290.0,4.0,6,0.0,0.0
fixed-00000024,290.0,4.0,7,0.0,0.0
fixed-00000024,290.0,4.0,8,0.0,0.0
fixed-00000024,290.0,4.0,9,0.0,0.0
fixed-00000024,290.0,4.0,10,0.0,0.0
fixed-00000024,290.0,4.0,11,0.0,0.0
fixed-00000024,290.0,4.0,12,0.0,0.0
fixed-00000024,290.0,4.0,13,0.0,0.0
fixed-00000024,290.0,4.0,14,0.0,0.0
fixed-00000024,290.0,4.0,15,0.0,0.0
fixed-00000024,290.0,4.0,16,0.0,0.0
fixed-00000024,290.0,4.0,17,0.0,0.0
fixed-00000024,290.0,4.0,18,0.0,0.0
fixed-00000024,290.0,4.0,19,0.0,0.0
fixed-00000024,290.0,4.0,20,0.0,0.0
fixed-00000025,300.0,4.0,-20,0.0002441556586207657,15.311873059069754
fixed-00000025,300.0,4.0,-19,0.0001753938517611887,14.949008768730735
fixed-00000025,300.0,4.0,-18,0.0001760320795767445,14.577325397340658
fixed-00000025,300.0,4.0,-17,0.00025097480546600986,14.196129966981303
fixed-00000025,300.0,4.0,-16,0.0002250857432018448,13.804634215692602
fixed-00000025,300.0,4.0,-15,0.00022133443166737923,13.401935191968363
fixed-00000025,300.0,4.0,-14,0.00037761835895242586,12.986990452752977
fixed-00000025,300.0,4.0,-13,0.0003343608187835472,12.558585909081373
fixed-00000025,300.0,4.0,-12,0.0003247175691112364,12.115293466158093
fixed-00000025,300.0,4.0,-11,0.0006708327200841426,11.655414195869767
fixed-00000025,300.0,4.0,-10,0.0005360120496689702,11.176900501616302
fixed-00000025,300.0,4.0,-9,0.0006000492047902263,10.677246924869209
fixed-00000025,300.0,4.0,-8,0.0013214208083010264,10.153332615240856
fixed-00000025,300.0,4.0,-7,0.001000109425833246,9.601186418732823
fixed-00000025,300.0,4.0,-6,0.001487182044498588,9.015622340555609
fixed-00000025,300.0,4.0,-5,0.0027693343848900374,8.389645509317319
fixed-00000025,300.0,4.0,-4,0.003558172816120647,7.713422675659871
fixed-00000025,300.0,4.0,-3,0.004570728870853964,6.9723490289475905
fixed-00000025,300.0,4.0,-2,0.01262561119072795,6.142998339829575
fixed-00000025,300.0,4.0,-1,0.10091323118203917,5.1831664320526585
fixed-00000025,300.0,4.0,0,0.018612690553934757,4.000000000000043
fixed-00000025,300.0,4.0,1,0.13521142686574678,2.2673283559992825
fixed-00000025,300.0,4.0,2,0.0,0.0
fixed-00000025,300.0,4.0,3,0.0,0.0
fixed-00000025,300.0,4.0,4,0.0,0.0
fixed-00000025,300.0,4.0,5,0.0,0.0
fixed-00000025,300.0,4.0,6,0.0,0.0
fixed-00000025,300.0,4.0,7,0.0,0.0
fixed-00000025,300.0,4.0,8,0.0,0.0
fixed-00000025,300.0,4.0,9,0.0,0.0
fixed-00000025,300.0,4.0,10,0.0,0.0
fixed-00000025,300.0,4.0,11,0.0,0.0
fixed-00000025,300.0,4.0,12,0.0,0.0
fixed-00000025,300.0,4.0,13,0.0,0.0
fixed-00000025,300.0,4.0,14,0.0,0.0
fixed-00000025,300.0,4.0,15,0.0,0.0
fixed-00000025,300.0,4.0,16,0.0,0.0
fixed-00000025,300.0,4.0,17,0.0,0.0
fixed-00000025,300.0,4.0,18,0.0,0.0
fixed-00000025,300.0,4.0,19,0.0,0.0
fixed-00000025,300.0,4.0,20,0.0,0.0
fixed-00000026,310.0,4.0,-20,0.00023364425082221684,15.07874327797117
fixed-00000026,310.0,4.0,-19,0.00016380389390673018,14.722291275094364
fixed-00000026,310.0,4.0,-18,0.00016855388748345508,14.357192380701974
fixed-00000026,310.0,4.0,-17,0.00023731811765995373,13.982769016704736
fixed-00000026,310.0,4.0,-16,0.00021009776981586865,13.598250692153599
fixed-00000026,310.0,4.0,-15,0.00021115340446376337,13.202755134906326
fixed-00000026,310.0,4.0,-14,0.00035671865687614116,12.795264192127092
fixed-00000026,310.0,4.0,-13,0.0003137508738107242,12.37459260982395
fixed-00000026,310.0,4.0,-12,0.00030707214556289337,11.939346937600874
fixed-00000026,310.0,4.0,-11,0.0006394238341815524,11.487870450145792
fixed-00000026,310.0,4.0,-10,0.0005038984916073597,11.01816778980809
fixed-00000026,310.0,4.0,-9,0.0005651586147966796,10.527799382740596
fixed-00000026,310.0,4.0,-8,0.001279063221412849,10.013729342403465
fixed-00000026,310.0,4.0,-7,0.0009279075256289648,9.472099061220248
fixed-00000026,310.0,4.0,-6,0.0014154796779449344,8.89787662245989
fixed-00000026,310.0,4.0,-5,0.002712883026987068,8.284287014836138
fixed-00000026,310.0,4.0,-4,0.0032378669227322494,7.621828010395305
fixed-00000026,310.0,4.0,-3,0.004453654671942739,6.896430508503414
fixed-00000026,310.0,4.0,-2,0.011973196753883896,6.085628867863377
fixed-00000026,310.0,4.0,-1,0.09536393649221735,5.149235852894208
fixed-00000026,310.0,4.0,0,0.014552975934623676,4.000000000000043
fixed-00000026,310.0,4.0,1,0.13713383343847624,2.3432844286040506
fixed-00000026,310.0,4.0,2,0.0,0.0
fixed-00000026,310.0,4.0,3,0.0,0.0
fixed-00000026,310.0,4.0,4,0.0,0.0
fixed-00000026,310.0,4.0,5,0.0,0.0
fixed-00000026,310.0,4.0,6,0.0,0.0
fixed-00000026,310.0,4.0,7,0.0,0.0
fixed-00000026,310.0,4.0,8,0.0,0.0
fixed-00000026,310.0,4.0,9,0.0,0.0
fixed-00000026,310.0,4.0,10,0.0,0.0
fixed-00000026,310.0,4.0,11,0.0,0.0
fixed-00000026,310.0,4.0,12,0.0,0.0
fixed-00000026,310.0,4.0,13,0.0,0.0
fixed-00000026,310.0,4.0,14,0.0,0.0
fixed-00000026,310.0,4.0,15,0.0,0.0
fixed-00000026,310.0,4.0,16,0.0,0.0
fixed-00000026,310.0,4.0,17,0.0,0.0
fixed-00000026,310.0,4.0,18,0.0,0.0
fixed-00000026,310.0,4.0,19,0.0,0.0
fixed-00000026,310.0,4.0,20,0.0,0.0
fixed-00000027,320.0,4.0,-20,0.00022991755545676275,14.856940312447804
fixed-00000027,320.0,4.0,-19,0.000157027516875986,14.506598167644967
fixed-00000027,320.0,4.0,-18,0.0001658429460050179,14.147773622565637
fixed-00000027,320.0,4.0,-17,0.00022983993494140565,13.779803804715016
fixed-00000027,320.0,4.0,-16,0.00020088889882149198,13.401935191968363
fixed-00000027,320.0,4.0,-15,0.00020700790878342077,13.01330525646199
fixed-00000027,320.0,4.0,-14,0.00034428713782747456,12.612919034749368
fixed-00000027,320.0,4.0,-13,0.0003015319102438131,12.199618797218477
fixed-00000027,320.0,4.0,-12,0.00029785134160349226,11.772044157333355
fixed-00000027,320.0,4.0,-11,0.0006214531942266091,11.328578657906675
fixed-00000027,320.0,4.0,-10,0.00048519412381634123,10.867276770488644
fixed-00000027,320.0,4.0,-9,0.0005433692578469491,10.385761741931148
fixed-00000027,320.0,4.0,-8,0.0012614650537831915,9.881078656044693
fixed-00000027,320.0,4.0,-7,0.0008790157089664072,9.34947608678739
fixed-00000027,320.0,4.0,-6,0.0013711134940753373,8.786068711064956
fixed-00000027,320.0,4.0,-5,0.002703594016970193,8.184290419985587
fixed-00000027,320.0,4.0,-4,0.002978469356364831,7.534952908764481
fixed-00000027,320.0,4.0,-3,0.00440726587796814,6.824493664384079
fixed-00000027,320.0,4.0,-2,0.011457426322285457,6.03135129215535
fixed-00000027,320.0,4.0,-1,0.09072396837789064,5.117222163430583
fixed-00000027,320.0,4.0,0,0.012307502623049377,4.000000000000128
fixed-00000027,320.0,4.0,1,0.13922058535693577,2.4123233315560384
fixed-00000027,320.0,4.0,2,0.0,0.0
fixed-00000027,320.0,4.0,3,0.0,0.0
fixed-00000027,320.0,4.0,4,0.0,0.0
fixed-00000027,320.0,4.0,5,0.0,0.0
fixed-00000027,320.0,4.0,6,0.0,0.0
fixed-00000027,320.0,4.0,7,0.0,0.0
fixed-00000027,320.0,4.0,8,0.0,0.0
fixed-00000027,320.0,4.0,9,0.0,0.0
fixed-00000027,320.0,4.0,10,0.0,0.0
fixed-00000027,320.0,4.0,11,0.0,0.0
fixed-00000027,320.0,4.0,12,0.0,0.0
fixed-00000027,320.0,4.0,13,0.0,0.0
fixed-00000027,320.0,4.0,14,0.0,0.0
fixed-00000027,320.0,4.0,15,0.0,0.0
fixed-00000027,320.0,4.0,16,0.0,0.0
fixed-00000027,320.0,4.0,17,0.0,0.0
fixed-00000027,320.0,4.0,18,0.0,0.0
fixed-00000027,320.0,4.0,19,0.0,0.0
fixed-00000027,320.0,4.0,20,0.0,0.0
fixed-00000028,330.0,4.0,-20,0.00022592168954880564,14.645590225419767
fixed-00000028,330.0,4.0,-19,0.0001504765157278178,14.30107880549295
fixed-00000028,330.0,4.0,-18,0.00016346694569031043,13.948242344473968
fixed-00000028,330.0,4.0,-17,0.0002227162723276552,13.586432032334955
fixed-00000028,330.0,4.0,-16,0.00019189494037555362,13.214910572562928
fixed-00000028,330.0,4.0,-15,0.00020391523789472526,12.832834315133255
fixed-00000028,330.0,4.0,-14,0.0003325412364281437,12.43923046584949
fixed-00000028,330.0,4.0,-13,0.0002897928986384049,12.0329676048014
fixed-00000028,330.0,4.0,-12,0.0002909613748561549,11.612716944258466
fixed-00000028,330.0,4.0,-11,0.0006043914115031079,11.176900501616302
fixed-00000028,330.0,4.0,-10,0.0004684593281082956,10.723620343405443
fixed-00000028,330.0,4.0,-9,0.0005256453627325449,10.250559696102783
fixed-00000028,330.0,4.0,-8,0.001246499599683211,9.754840910694881
fixed-00000028,330.0,4.0,-7,0.0008372754382232725,9.232814767905225
fixed-00000028,330.0,4.0,-6,0.0013341231915797319,8.6797355991839
fixed-00000028,330.0,4.0,-5,0.0027080986260237232,8.089236042823956
fixed-00000028,330.0,4.0,-4,0.0027416090521220873,7.452425884783267
fixed-00000028,330.0,4.0,-3,0.00438165872604962,6.756222279782023
fixed-00000028,330.0,4.0,-2,0.010999936771986041,5.9799161810314985
fixed-00000028,330.0,4.0,-1,0.0861885422145374,5.086965666639671
fixed-00000028,330.0,4.0,0,0.011646549441809418,3.999999999999943
fixed-00000028,330.0,4.0,1,0.1409425526591117,2.4754257179255603
fixed-00000028,330.0,4.0,2,0.0,0.0
fixed-00000028,330.0,4.0,3,0.0,0.0
fixed-00000028,330.0,4.0,4,0.0,0.0
fixed-00000028,330.0,4.0,5,0.0,0.0
fixed-00000028,330.0,4.0,6,0.0,0.0
fixed-00000028,330.0,4.0,7,0.0,0.0
fixed-00000028,330.0,4.0,8,0.0,0.0
fixed-00000028,330.0,4.0,9,0.0,0.0
fixed-00000028,330.0,4.0,10,0.0,0.0
fixed-00000028,330.0,4.0,11,0.0,0.0
fixed-00000028,330.0,4.0,12,0.0,0.0
fixed-00000028,330.0,4.0,13,0.0,0.0
fixed-00000028,330.0,4.0,14,0.0,0.0
fixed-00000028,330.0,4.0,15,0.0,0.0
fixed-00000028,330.0,4.0,16,0.0,0.0
fixed-00000028,330.0,4.0,17,0.0,0.0
fixed-00000028,330.0,4.0,18,0.0,0.0
fixed-00000028,330.0,4.0,19,0.0,0.0
fixed-00000028,330.0,4.0,20,0.0,0.0
fixed-00000029,340.0,4.0,-20,0.000214520158036434,14.443910384212742
fixed-00000029,340.0,4.0,-19,0.00013971361105513018,14.104971406638299
fixed-00000029,340.0,4.0,-18,0.00015667129576507085,13.757858124151412
fixed-00000029,340.0,4.0,-17,0.00020985701819817559,13.401935191968363
fixed-00000029,340.0,4.0,-16,0.0001778378779828146,13.036480848951996
fixed-00000029,340.0,4.0,-15,0.00019607892321460858,12.660669518148893
fixed-00000029,340.0,4.0,-14,0.0003132543541801939,12.273549626976305
fixed-00000029,340.0,4.0,-13,0.00027060779310077637,11.87401493674271
fixed-00000029,340.0,4.0,-12,0.00027885564917126443,11.460766897267831
fixed-00000029,340.0,4.0,-11,0.0005744199187425891,11.032264333866962
fixed-00000029,340.0,4.0,-10,0.00044108946915429276,10.586654831666635
fixed-00000029,340.0,4.0,-9,0.000500777433587389,10.121678956186614
fixed-00000029,340.0,4.0,-8,0.0012070763344349685,9.634532883621333
fixed-00000029,340.0,4.0,-7,0.0007832061852931414,9.12166497780018
fixed-00000029,340.0,4.0,-6,0.0012800017941042405,8.578462776597007
fixed-00000029,340.0,4.0,-5,0.002674897428587799,7.998748233012279
fixed-00000029,340.0,4.0,-4,0.002485482229357569,7.37391453146995
fixed-00000029,340.0,4.0,-3,0.004305210395080167,6.691333557668287
fixed-00000029,340.0,4.0,-2,0.010480782729305721,5.931100707011396
fixed-00000029,340.0,4.0,-1,0.08080391173166834,5.058324079364041
fixed-00000029,340.0,4.0,0,0.01235437084724443,4.000000000000043
fixed-00000029,340.0,4.0,1,0.14127755618779084,2.533381666050957
fixed-00000029,340.0,4.0,2,0.0,0.0
fixed-00000029,340.0,4.0,3,0.0,0.0
fixed-00000029,340.0,4.0,4,0.0,0.0
fixed-00000029,340.0,4.0,5,0.0,0.0
fixed-00000029,340.0,4.0,6,0.0,0.0
fixed-00000029,340.0,4.0,7,0.0,0.0
fixed-00000029,340.0,4.0,8,0.0,0.0
fixed-00000029,340.0,4.0,9,0.0,0.0
fixed-00000029,340.0,4.0,10,0.0,0.0
fixed-00000029,340.0,4.0,11,0.0,0.0
fixed-00000029,340.0,4.0,12,0.0,0.0
fixed-00000029,340.0,4.0,13,0.0,0.0
fixed-00000029,340.0,4.0,14,0.0,0.0
fixed-00000029,340.0,4.0,15,0.0,0.0
fixed-00000029,340.0,4.0,16,0.0,0.0
fixed-00000029,340.0,4.0,17,0.0,0.0
fixed-00000029,340.0,4.0,18,0.0,0.0
fixed-00000029,340.0,4.0,19,0.0,0.0
fixed-00000029,340.0,4.0,20,0.0,0.0
fixed-00000030,350.0,4.0,-20,0.00020451358782106038,14.251197562253566
fixed-00000030,350.0,4.0,-19,0.0001298360606891222,13.917591470478868
fixed-00000030,350.0,4.0,-18,0.0001501409910861213,13.575955646065168
fixed-00000030,350.0,4.0,-17,0.00019753816123806417,13.2256676536188
fixed-00000030,350.0,4.0,-16,0.0001646891512010908,12.866020624889416
fixed-00000030,350.0,4.0,-15,0.00018801683324150186,12.496206306817086
fixed-00000030,350.0,4.0,-14,0.0002940319990384177,12.115293466158093
fixed-00000030,350.0,4.0,-13,0.0002521492492004573,11.722199994673844
fixed-00000030,350.0,4.0,-12,0.00026558216560176233,11.315656312084926
fixed-00000030,350.0,4.0,-11,0.0005429320786934927,10.894156499405454
fixed-00000030,350.0,4.0,-10,0.0004134366041736736,10.45589172636997
fixed-00000030,350.0,4.0,-9,0.00047259362361846285,9.998657437886877
fixed-00000030,350.0,4.0,-8,0.0011607043730165012,9.519720429176374
fixed-00000030,350.0,4.0,-7,0.0007264795187453255,9.015622340555609
fixed-00000030,350.0,4.0,-6,0.0012165797787300587,8.48187791167723
fixed-00000030,350.0,4.0,-5,0.002617559645304866,7.9124896307686186
fixed-00000030,350.0,4.0,-4,0.0022248689797488294,7.299120418664657
fixed-00000030,350.0,4.0,-3,0.004193215421618194,6.629573746376295
fixed-00000030,350.0,4.0,-2,0.009898923261811545,5.884705145226178
fixed-00000030,350.0,4.0,-1,0.0750570194729526,5.031170204831909
fixed-00000030,350.0,4.0,0,0.014311350459996543,4.000000000000043
fixed-00000030,350.0,4.0,1,0.14044312053496072,2.586837597448465
fixed-00000030,350.0,4.0,2,0.0,0.0
fixed-00000030,350.0,4.0,3,0.0,0.0
fixed-00000030,350.0,4.0,4,0.0,0.0
fixed-00000030,350.0,4.0,5,0.0,0.0
fixed-00000030,350.0,4.0,6,0.0,0.0
fixed-00000030,350.0,4.0,7,0.0,0.0
fixed-00000030,350.0,4.0,8,0.0,0.0
fixed-00000030,350.0,4.0,9,0.0,0.0
fixed-00000030,350.0,4.0,10,0.0,0.0
fixed-00000030,350.0,4.0,11,0.0,0.0
fixed-00000030,350.0,4.0,12,0.0,0.0
fixed-00000030,350.0,4.0,13,0.0,0.0
fixed-00000030,350.0,4.0,14,0.0,0.0
fixed-00000030,350.0,4.0,15,0.0,0.0
fixed-00000030,350.0,4.0,16,0.0,0.0
fixed-00000030,350.0,4.0,17,0.0,0.0
fixed-00000030,350.0,4.0,18,0.0,0.0
fixed-00000030,350.0,4.0,19,0.0,0.0
fixed-00000030,350.0,4.0,20,0.0,0.0
fixed-00000031,360.0,4.0,-20,0.00019733225464173054,14.066817881848479
fixed-00000031,360.0,4.0,-19,0.00012251886943017465,13.738321991396589
fixed-00000031,360.0,4.0,-18,0.00014616623151439574,13.401935191968363
fixed-00000031,360.0,4.0,-17,0.00018844612532876388,13.057047439103869
fixed-00000031,360.0,4.0,-16,0.000154564336247428,12.702966158118315
fixed-00000031,360.0,4.0,-15,0.0001837038296768151,12.338899720932332
fixed-00000031,360.0,4.0,-14,0.0002796346932766787,11.96393641047473
fixed-00000031,360.0,4.0,-13,0.00023818577714538293,11.577017268486188
fixed-00000031,360.0,4.0,-12,0.00025833617108808447,11.176900501616302
fixed-00000031,360.0,4.0,-11,0.0005195475400323185,10.762113997903853
fixed-00000031,360.0,4.0,-10,0.00039363640934457733,10.330890706572049
fixed-00000031,360.0,4.0,-9,0.00045464798176329525,9.881078656044693
fixed-00000031,360.0,4.0,-8,0.0011302362323964302,9.410012267886245
fixed-00000031,360.0,4.0,-7,0.0006858697271916863,8.914322439446764
fixed-00000031,360.0,4.0,-6,0.0011738449372876321,8.389645509317262
fixed-00000031,360.0,4.0,-5,0.002598010248052783,7.830156313248764
fixed-00000031,360.0,4.0,-4,0.0020097439640702763,7.227774780095132
fixed-00000031,360.0,4.0,-3,0.004139567903329342,6.570714442852491
fixed-00000031,360.0,4.0,-2,0.009443348754740791,5.840549916165145
fixed-00000031,360.0,4.0,-1,0.06998605484934871,5.0053899709427725
fixed-00000031,360.0,4.0,0,0.0175112976251323,4.000000000000043
fixed-00000031,360.0,4.0,1,0.13994646479982664,2.636329350486079
fixed-00000031,360.0,4.0,2,0.0,0.0
fixed-00000031,360.0,4.0,3,0.0,0.0
fixed-00000031,360.0,4.0,4,0.0,0.0
fixed-00000031,360.0,4.0,5,0.0,0.0
fixed-00000031,360.0,4.0,6,0.0,0.0
fixed-00000031,360.0,4.0,7,0.0,0.0
fixed-00000031,360.0,4.0,8,0.0,0.0
fixed-00000031,360.0,4.0,9,0.0,0.0
fixed-00000031,360.0,4.0,10,0.0,0.0
fixed-00000031,360.0,4.0,11,0.0,0.0
fixed-00000031,360.0,4.0,12,0.0,0.0
fixed-00000031,360.0,4.0,13,0.0,0.0
fixed-00000031,360.0,4.0,14,0.0,0.0
fixed-00000031,360.0,4.0,15,0.0,0.0
fixed-00000031,360.0,4.0,16,0.0,0.0
fixed-00000031,360.0,4.0,17,0.0,0.0
fixed-00000031,360.0,4.0,18,0.0,0.0
fixed-00000031,360.0,4.0,19,0.0,0.0
fixed-00000031,360.0,4.0,20,0.0,0.0
fixed-00000032,370.0,4.0,-20,0.0001838283040711114,13.890198270635722
fixed-00000032,370.0,4.0,-19,0.00011181493147966514,13.566605144972584
fixed-00000032,370.0,4.0,-18,0.0001380821323214219,13.235254562125931
fixed-00000032,370.0,4.0,-17,0.00017429933835283668,12.8955483840206
fixed-00000032,370.0,4.0,-16,0.00014046393248005271,12.54680776935885
fixed-00000032,370.0,4.0,-15,0.00017454153631730457,12.188257061712548
fixed-00000032,370.0,4.0,-14,0.00025853295956177467,11.819003290626839
fixed-00000032,370.0,4.0,-13,0.000218030012335231,11.43800973111162
fixed-00000032,370.0,4.0,-12,0.00024523472645171285,11.044061270600096
fixed-00000032,370.0,4.0,-11,0.0004843297800492203,10.635718249445574
fixed-00000032,370.0,4.0,-10,0.00036389375434867864,10.211253708209213
fixed-00000032,370.0,4.0,-9,0.00042862287350804197,9.76856611165097
fixed-00000032,370.0,4.0,-8,0.0010747539209373911,9.30505470888508
fixed-00000032,370.0,4.0,-7,0.0006319801148739091,8.817435895697656
fixed-00000032,370.0,4.0,-6,0.0011125164927542424,8.301462371876582
fixed-00000032,370.0,4.0,-5,0.0025299188025516566,7.751473670819763
fixed-00000032,370.0,4.0,-4,0.0017788418909378278,7.159634849526611
fixed-00000032,370.0,4.0,-3,0.004023995739062668,6.514549453118931
fixed-00000032,370.0,4.0,-2,0.008909719355070726,5.798473075777991
fixed-00000032,370.0,4.0,-1,0.06418583293882527,4.980880768645008
fixed-00000032,370.0,4.0,0,0.021619780291523526,4.000000000000043
fixed-00000032,370.0,4.0,1,0.1378367606640904,2.6823061129422996
fixed-00000032,370.0,4.0,2,0.0,0.0
fixed-00000032,370.0,4.0,3,0.0,0.0
fixed-00000032,370.0,4.0,4,0.0,0.0
fixed-00000032,370.0,4.0,5,0.0,0.0
fixed-00000032,370.0,4.0,6,0.0,0.0
fixed-00000032,370.0,4.0,7,0.0,0.0
fixed-00000032,370.0,4.0,8,0.0,0.0
fixed-00000032,370.0,4.0,9,0.0,0.0
fixed-00000032,370.0,4.0,10,0.0,0.0
fixed-00000032,370.0,4.0,11,0.0,0.0
fixed-00000032,370.0,4.0,12,0.0,0.0
fixed-00000032,370.0,4.0,13,0.0,0.0
fixed-00000032,370.0,4.0,14,0.0,0.0
fixed-00000032,370.0,4.0,15,0.0,0.0
fixed-00000032,370.0,4.0,16,0.0,0.0
fixed-00000032,370.0,4.0,17,0.0,0.0
fixed-00000032,370.0,4.0,18,0.0,0.0
fixed-00000032,370.0,4.0,19,0.0,0.0
fixed-00000032,370.0,4.0,20,0.0,0.0
fixed-00000033,380.0,4.0,-20,0.0001726641841239565,13.720819169692376
fixed-00000033,380.0,4.0,-19,0.00010297056163334593,13.401935191968363
fixed-00000033,380.0,4.0,-18,0.0001314581827065329,13.075422179669076
fixed-00000033,380.0,4.0,-17,0.0001622049919314286,12.740693447383023
fixed-00000033,380.0,4.0,-16,0.0001285315712696059,12.397083362613174
fixed-00000033,380.0,4.0,-15,0.00016712748080712368,12.043831628706272
fixed-00000033,380.0,4.0,-14,0.00024012956500254082,11.680063301026976
fixed-00000033,380.0,4.0,-13,0.0002008068481074928,11.304763029146713
fixed-00000033,380.0,4.0,-12,0.0002344430880703838,10.916741345033458
fixed-00000033,380.0,4.0,-11,0.00045296495980422854,10.514589772150032
fixed-00000033,380.0,4.0,-10,0.0003382833092455918,10.096619860707108
fixed-00000033,380.0,4.0,-9,0.0004059084108214936,9.660778499992048
fixed-00000033,380.0,4.0,-8,0.0010245888434699307,9.204527144434891
fixed-00000033,380.0,4.0,-7,0.00058492862918885,8.724664167273232
fixed-00000033,380.0,4.0,-6,0.0010568352483090403,8.217053724399236
fixed-00000033,380.0,4.0,-5,0.0024687546857248156,7.676192887086515
fixed-00000033,380.0,4.0,-4,0.0015700521347560116,7.094480733772272
fixed-00000033,380.0,4.0,-3,0.003920119014933089,6.460892113517076
fixed-00000033,380.0,4.0,-2,0.00841249586736652,5.758328175331556
fixed-00000033,380.0,4.0,-1,0.05864182226739644,4.957550037925813
fixed-00000033,380.0,4.0,0,0.026648408860640346,4.000000000000043
fixed-00000033,380.0,4.0,1,0.13529852542415022,2.7251481303053993
fixed-00000033,380.0,4.0,2,0.0,0.0
fixed-00000033,380.0,4.0,3,0.0,0.0
fixed-00000033,380.0,4.0,4,0.0,0.0
fixed-00000033,380.0,4.0,5,0.0,0.0
fixed-00000033,380.0,4.0,6,0.0,0.0
fixed-00000033,380.0,4.0,7,0.0,0.0
fixed-00000033,380.0,4.0,8,0.0,0.0
fixed-00000033,380.0,4.0,9,0.0,0.0
fixed-00000033,380.0,4.0,10,0.0,0.0
fixed-00000033,380.0,4.0,11,0.0,0.0
fixed-00000033,380.0,4.0,12,0.0,0.0
fixed-00000033,380.0,4.0,13,0.0,0.0
fixed-00000033,380.0,4.0,14,0.0,0.0
fixed-00000033,380.0,4.0,15,0.0,0.0
fixed-00000033,380.0,4.0,16,0.0,0.0
fixed-00000033,380.0,4.0,17,0.0,0.0
fixed-00000033,380.0,4.0,18,0.0,0.0
fixed-00000033,380.0,4.0,19,0.0,0.0
fixed-00000033,380.0,4.0,20,0.0,0.0
fixed-00000034,390.0,4.0,-20,0.0001602070773146297,13.558208282247051
fixed-00000034,390.0,4.0,-19,9.39935956340424e-05,13.243852394778827
fixed-00000034,390.0,4.0,-18,0.00012418056815372675,12.921991178661244
fixed-00000034,390.0,4.0,-17,0.0001494508819039054,12.592048975527604
fixed-00000034,390.0,4.0,-16,0.000116536921089718,12.253372869543554
fixed-00000034,390.0,4.0,-15,0.0001591127760681488,11.905217349750572
fixed-00000034,390.0,4.0,-14,0.00022112375510847625,11.546724820999572
fixed-00000034,390.0,4.0,-13,0.0001832858585936768,11.17690050161633
fixed-00000034,390.0,4.0,-12,0.00022344652455065218,10.794579595613811
fixed-00000034,390.0,4.0,-11,0.0004203571856932,10.398383618371724
fixed-00000034,390.0,4.0,-10,0.0003120601367855867,9.986661145214711
fixed-00000034,390.0,4.0,-9,0.0003838649359523756,9.557405601711977
fixed-00000034,390.0,4.0,-8,0.0009704611711162033,9.108138186577165
fixed-00000034,390.0,4.0,-7,0.0005389601966891443,8.635735946513421
fixed-00000034,390.0,4.0,-6,0.001001809230826697,8.136169892284897
fixed-00000034,390.0,4.0,-5,0.0024001602154882155,7.604087921018774
fixed-00000034,390.0,4.0,-4,0.0013766954053194452,7.032112732132049
fixed-00000034,390.0,4.0,-3,0.0038128128114700427,6.409572995038175
fixed-00000034,390.0,4.0,-2,0.00793799340914038,5.719982428520552
fixed-00000034,390.0,4.0,-1,0.053144274176170896,4.935314059208693
fixed-00000034,390.0,4.0,0,0.032371519712141465,4.000000000000043
fixed-00000034,390.0,4.0,1,0.13194967763096016,2.7651800627454577
fixed-00000034,390.0,4.0,2,0.0,0.0
fixed-00000034,390.0,4.0,3,0.0,0.0
fixed-00000034,390.0,4.0,4,0.0,0.0
fixed-00000034,390.0,4.0,5,0.0,0.0
fixed-00000034,390.0,4.0,6,0.0,0.0
fixed-00000034,390.0,4.0,7,0.0,0.0
fixed-00000034,390.0,4.0,8,0.0,0.0
fixed-00000034,390.0,4.0,9,0.0,0.0
fixed-00000034,390.0,4.0,10,0.0,0.0
fixed-00000034,390.0,4.0,11,0.0,0.0
fixed-00000034,390.0,4.0,12,0.0,0.0
fixed-00000034,390.0,4.0,13,0.0,0.0
fixed-00000034,390.0,4.0,14,0.0,0.0
fixed-00000034,390.0,4.0,15,0.0,0.0
fixed-00000034,390.0,4.0,16,0.0,0.0
fixed-00000034,390.0,4.0,17,0.0,0.0
fixed-00000034,390.0,4.0,18,0.0,0.0
fixed-00000034,390.0,4.0,19,0.0,0.0
fixed-00000034,390.0,4.0,20,0.0,0.0
fixed-00000035,400.0,4.0,-20,0.0001482763121634007,13.401935191968334
fixed-00000035,400.0,4.0,-19,8.583878428099751e-05,13.091937779982686
fixed-00000035,400.0,4.0,-18,0.00011724899249938102,12.774554314257855
fixed-00000035,400.0,4.0,-17,0.00013741108586557777,12.449219763534273
fixed-00000035,400.0,4.0,-16,0.00010561430094110966,12.115293466158093
fixed-00000035,400.0,4.0,-15,0.00015158340320167452,11.772044157333312
fixed-00000035,400.0,4.0,-14,0.00020323797899139616,11.41863095571108
fixed-00000035,400.0,4.0,-13,0.00016719754936067943,11.05407889093172
fixed-00000035,400.0,4.0,-12,0.0002133659328546823,10.677246924869166
fixed-00000035,400.0,4.0,-11,0.00038933535528696655,10.286785444979671
fixed-00000035,400.0,4.0,-10,0.00028784032174242007,9.88107865604465
fixed-00000035,400.0,4.0,-9,0.0003637215346937634,9.458164744734603
fixed-00000035,400.0,4.0,-8,0.0009177857558911261,9.015622340555609
fixed-00000035,400.0,4.0,-7,0.0004973019669918614,8.550404058348832
fixed-00000035,400.0,4.0,-6,0.0009502505226924599,8.058583440755712
fixed-00000035,400.0,4.0,-5,0.002333012962205862,7.5349529087644385
fixed-00000035,400.0,4.0,-4,0.001203629864543427,6.972349028947534
fixed-00000035,400.0,4.0,-3,0.003712435231883676,6.360437927763655
fixed-00000035,400.0,4.0,-2,0.007501388075987254,5.683315135192018
fixed-00000035,400.0,4.0,-1,0.04783534213370572,4.9140969160105215
fixed-00000035,400.0,4.0,0,0.0386064489314256,4.000000000000043
fixed-00000035,400.0,4.0,1,0.1275654682766908,2.802681229887611
fixed-00000035,400.0,4.0,2,0.0,0.0
fixed-00000035,400.0,4.0,3,0.0,0.0
fixed-00000035,400.0,4.0,4,0.0,0.0
fixed-00000035,400.0,4.0,5,0.0,0.0
fixed-00000035,400.0,4.0,6,0.0,0.0
fixed-00000035,400.0,4.0,7,0.0,0.0
fixed-00000035,400.0,4.0,8,0.0,0.0
fixed-00000035,400.0,4.0,9,0.0,0.0
fixed-00000035,400.0,4.0,10,0.0,0.0
fixed-00000035,400.0,4.0,11,0.0,0.0
fixed-00000035,400.0,4.0,12,0.0,0.0
fixed-00000035,400.0,4.0,13,0.0,0.0
fixed-00000035,400.0,4.0,14,0.0,0.0
fixed-00000035,400.0,4.0,15,0.0,0.0
fixed-00000035,400.0,4.0,16,0.0,0.0
fixed-00000035,400.0,4.0,17,0.0,0.0
fixed-00000035,400.0,4.0,18,0.0,0.0
fixed-00000035,400.0,4.0,19,0.0,0.0
fixed-00000035,400.0,4.0,20,0.0,0.0
fixed-00000036,410.0,4.0,-20,0.0001396403178525772,13.25160671143152
fixed-00000036,410.0,4.0,-19,8.065140819145076e-05,12.945808611381139
fixed-00000036,410.0,4.0,-18,0.00011382171700155929,12.632739563220795
fixed-00000036,410.0,4.0,-17,0.00012929327533918103,12.311844786384484
fixed-00000036,410.0,4.0,-16,9.859538296990308e-05,11.982495438084868
fixed-00000036,410.0,4.0,-15,0.0001489867448159421,11.64397399180919
fixed-00000036,410.0,4.0,-14,0.00019163403914829657,11.29545568156965
fixed-00000036,410.0,4.0,-13,0.00015688819392625303,10.935984635208442
fixed-00000036,410.0,4.0,-12,0.0002112243518045601,10.564442711720147
fixed-00000036,410.0,4.0,-11,0.000369931445461918,10.179508116212844
fixed-00000036,410.0,4.0,-10,0.00027268809106839885,9.779599368767236
fixed-00000036,410.0,4.0,-9,0.00035875138754970834,9.362797745675024
fixed-00000036,410.0,4.0,-8,0.0008891517583195781,8.92673712909803
fixed-00000036,410.0,4.0,-7,0.00047191501118388395,8.46844277897803
fixed-00000036,410.0,4.0,-6,0.0009345063055825852,7.984086702197118
fixed-00000036,410.0,4.0,-5,0.002321426235303045,7.4685999179504705
fixed-00000036,410.0,4.0,-4,0.0010815029847913004,6.915023699498562
fixed-00000036,410.0,4.0,-3,0.0037145764245190443,6.313346294075288
fixed-00000036,410.0,4.0,-2,0.007266372973408441,5.648216320416552
fixed-00000036,410.0,4.0,-1,0.04315758353301329,4.893829601074785
fixed-00000036,410.0,4.0,0,0.04491495961795835,4.000000000000043
fixed-00000036,410.0,4.0,1,0.11825915018852699,2.837893584805059
fixed-00000036,410.0,4.0,2,0.00155234682979572,0.3323929222386681
fixed-00000036,410.0,4.0,3,0.0,0.0
fixed-00000036,410.0,4.0,4,0.0,0.0
fixed-00000036,410.0,4.0,5,0.0,0.0
fixed-00000036,410.0,4.0,6,0.0,0.0
fixed-00000036,410.0,4.0,7,0.0,0.0
fixed-00000036,410.0,4.0,8,0.0,0.0
fixed-00000036,410.0,4.0,9,0.0,0.0
fixed-00000036,410.0,4.0,10,0.0,0.0
fixed-00000036,410.0,4.0,11,0.0,0.0
fixed-00000036,410.0,4.0,12,0.0,0.0
fixed-00000036,410.0,4.0,13,0.0,0.0
fixed-00000036,410.0,4.0,14,0.0,0.0
fixed-00000036,410.0,4.0,15,0.0,0.0
fixed-00000036,410.0,4.0,16,0.0,0.0
fixed-00000036,410.0,4.0,17,0.0,0.0
fixed-00000036,410.0,4.0,18,0.0,0.0
fixed-00000036,410.0,4.0,19,0.0,0.0
fixed-00000036,410.0,4.0,20,0.0,0.0
fixed-00000037,420.0,4.0,-20,0.00012460710177571085,13.106862846525061
fixed-00000037,420.0,4.0,-19,7.151732987699989e-05,12.805114462386342
fixed-00000037,420.0,4.0,-18,0.00010494351568379223,12.496206306817086
fixed-00000037,420.0,4.0,-17,0.00011481143435455087,12.17959349512843
fixed-00000037,420.0,4.0,-16,8.673972830313768e-05,11.854658593029981
fixed-00000037,420.0,4.0,-15,0.00013872814104055466,11.520697333478978
fixed-00000037,420.0,4.0,-14,0.0001705618509217667,11.176900501616302
fixed-00000037,420.0,4.0,-13,0.00013835937412215958,10.822330651089075
fixed-00000037,420.0,4.0,-12,0.00019778604971224176,10.45589172636997
fixed-00000037,420.0,4.0,-11,0.00033260714094344285,10.076288755900379
fixed-00000037,420.0,4.0,-10,0.00024174044501831614,9.681973335802653
fixed-00000037,420.0,4.0,-9,0.00033570658817794923,9.27106825583462
fixed-00000037,420.0,4.0,-8,0.0008175669448950761,8.841260597125114
fixed-00000037,420.0,4.0,-7,0.0004174748445018373,8.389645509317234
fixed-00000037,420.0,4.0,-6,0.0008781412280983187,7.912489630768675
fixed-00000037,420.0,4.0,-5,0.0021990658373505874,7.4048569993797315
fixed-00000037,420.0,4.0,-4,0.0009099504234276862,6.85998498024081
fixed-00000037,420.0,4.0,-3,0.003565425630284097,6.268169548556969
fixed-00000037,420.0,4.0,-2,0.006787724142266322,5.614585555098117
fixed-00000037,420.0,4.0,-1,0.037633143395978695,4.874449243247412
fixed-00000037,420.0,4.0,0,0.05164796859451949,4.000000000000043
fixed-00000037,420.0,4.0,1,0.11021179823102543,2.871028001785845
fixed-00000037,420.0,4.0,2,0.0033010846444742163,0.6990406976807151
fixed-00000037,420.0,4.0,3,0.0,0.0
fixed-00000037,420.0,4.0,4,0.0,0.0
fixed-00000037,420.0,4.0,5,0.0,0.0
fixed-00000037,420.0,4.0,6,0.0,0.0
fixed-00000037,420.0,4.0,7,0.0,0.0
fixed-00000037,420.0,4.0,8,0.0,0.0
fixed-00000037,420.0,4.0,9,0.0,0.0
fixed-00000037,420.0,4.0,10,0.0,0.0
fixed-00000037,420.0,4.0,11,0.0,0.0
fixed-00000037,420.0,4.0,12,0.0,0.0
fixed-00000037,420.0,4.0,13,0.0,0.0
fixed-00000037,420.0,4.0,14,0.0,0.0
fixed-00000037,420.0,4.0,15,0.0,0.0
fixed-00000037,420.0,4.0,16,0.0,0.0
fixed-00000037,420.0,4.0,17,0.0,0.0
fixed-00000037,420.0,4.0,18,0.0,0.0
fixed-00000037,420.0,4.0,19,0.0,0.0
fixed-00000037,420.0,4.0,20,0.0,0.0
fixed-00000038,430.0,4.0,-20,0.0001109354239991349,12.96737328269542
fixed-00000038,430.0,4.0,-19,6.337097945046111e-05,12.669533796208484
fixed-00000038,430.0,4.0,-18,9.6340991564011e-05,12.364642007157542
fixed-00000038,430.0,4.0,-17,0.00010129532691815173,12.052162591783855
fixed-00000038,430.0,4.0,-16,7.606601843006758e-05,11.731489136876604
fixed-00000038,430.0,4.0,-15,0.00012853451222725166,11.401930182797159
fixed-00000038,430.0,4.0,-14,0.0001505294962881717,11.062691533065163
fixed-00000038,430.0,4.0,-13,0.0001214707659684027,10.712853532213543
fixed-00000038,430.0,4.0,-12,0.00018398969271231626,10.351341443751252
fixed-00000038,430.0,4.0,-11,0.000296295107463187,9.976886180480477
fixed-00000038,430.0,4.0,-10,0.00021293436730766198,9.587971244288596
fixed-00000038,430.0,4.0,-9,0.0003113302410065435,9.182759450054348
fixed-00000038,430.0,4.0,-8,0.000745082450694911,8.758989138846587
fixed-00000038,430.0,4.0,-7,0.00036584881635823833,8.313822749096218
fixed-00000038,430.0,4.0,-6,0.000817586172801915,7.843617934344664
fixed-00000038,430.0,4.0,-5,0.0020659328193990945,7.343566490730254
fixed-00000038,430.0,4.0,-4,0.0007513117732741593,6.8070937630128014
fixed-00000038,430.0,4.0,-3,0.003400148589877242,6.224789929923276
fixed-00000038,430.0,4.0,-2,0.006296462032965523,5.582330930281415
fixed-00000038,430.0,4.0,-1,0.032394245166360025,4.855898436406804
fixed-00000038,430.0,4.0,0,0.05849522529355779,4.000000000000043
fixed-00000038,430.0,4.0,1,0.10282499063787968,2.902269292269864
fixed-00000038,430.0,4.0,2,0.004546698414789058,0.9215465625908905
fixed-00000038,430.0,4.0,3,0.0,0.0
fixed-00000038,430.0,4.0,4,0.0,0.0
fixed-00000038,430.0,4.0,5,0.0,0.0
fixed-00000038,430.0,4.0,6,0.0,0.0
fixed-00000038,430.0,4.0,7,0.0,0.0
fixed-00000038,430.0,4.0,8,0.0,0.0
fixed-00000038,430.0,4.0,9,0.0,0.0
fixed-00000038,430.0,4.0,10,0.0,0.0
fixed-00000038,430.0,4.0,11,0.0,0.0
fixed-00000038,430.0,4.0,12,0.0,0.0
fixed-00000038,430.0,4.0,13,0.0,0.0
fixed-00000038,430.0,4.0,14,0.0,0.0
fixed-00000038,430.0,4.0,15,0.0,0.0
fixed-00000038,430.0,4.0,16,0.0,0.0
fixed-00000038,430.0,4.0,17,0.0,0.0
fixed-00000038,430.0,4.0,18,0.0,0.0
fixed-00000038,430.0,4.0,19,0.0,0.0
fixed-00000038,430.0,4.0,20,0.0,0.0
fixed-00000039,440.0,4.0,-20,9.908690868767931e-05,12.832834315133255
fixed-00000039,440.0,4.0,-19,5.670104945110193e-05,12.538770978052682
fixed-00000039,440.0,4.0,-18,8.885811046685768e-05,12.237759303340212
fixed-00000039,440.0,4.0,-17,8.94102684043732e-05,11.929273211537804
fixed-00000039,440.0,4.0,-16,6.721494276064602e-05,11.612716944258509
fixed-00000039,440.0,4.0,-15,0.00011969687393195827,11.287411421865912
fixed-00000039,440.0,4.0,-14,0.0001327724113109016,10.952576962541741
fixed-00000039,440.0,4.0,-13,0.0001072141293367124,10.607311101353602
fixed-00000039,440.0,4.0,-12,0.00017207019368322912,10.250559696102783
fixed-00000039,440.0,4.0,-11,0.00026363762619850385,9.88107865604465
fixed-00000039,440.0,4.0,-10,0.0001880440679273664,9.49738228221355
fixed-00000039,440.0,4.0,-9,0.00028996386600038324,9.09767200731369
fixed-00000039,440.0,4.0,-8,0.0006782925423824274,8.679735599183942
fixed-00000039,440.0,4.0,-7,0.00032043195672993587,8.240800326776181
fixed-00000039,440.0,4.0,-6,0.0007628307670798041,7.777311442431525
fixed-00000039,440.0,4.0,-5,0.0019400483906159606,7.284583534666609
fixed-00000039,440.0,4.0,-4,0.0006133523267354676,6.756222279782023
fixed-00000039,440.0,4.0,-3,0.0032487636168392416,6.183099336276953
fixed-00000039,440.0,4.0,-2,0.0058445580624598235,5.551368162118536
fixed-00000039,440.0,4.0,-1,0.02760167976950089,4.838124655002829
fixed-00000039,440.0,4.0,0,0.0655042299083149,4.000000000000043
fixed-00000039,440.0,4.0,1,0.09576248165722538,2.931780248048341
fixed-00000039,440.0,4.0,2,0.005682183994047616,1.0924531720081205
fixed-00000039,440.0,4.0,3,0.0,0.0
fixed-00000039,440.0,4.0,4,0.0,0.0
fixed-00000039,440.0,4.0,5,0.0,0.0
fixed-00000039,440.0,4.0,6,0.0,0.0
fixed-00000039,440.0,4.0,7,0.0,0.0
fixed-00000039,440.0,4.0,8,0.0,0.0
fixed-00000039,440.0,4.0,9,0.0,0.0
fixed-00000039,440.0,4.0,10,0.0,0.0
fixed-00000039,440.0,4.0,11,0.0,0.0
fixed-00000039,440.0,4.0,12,0.0,0.0
fixed-00000039,440.0,4.0,13,0.0,0.0
fixed-00000039,440.0,4.0,14,0.0,0.0
fixed-00000039,440.0,4.0,15,0.0,0.0
fixed-00000039,440.0,4.0,16,0.0,0.0
fixed-00000039,440.0,4.0,17,0.0,0.0
fixed-00000039,440.0,4.0,18,0.0,0.0
fixed-00000039,440.0,4.0,19,0.0,0.0
fixed-00000039,440.0,4.0,20,0.0,0.0
fixed-00000040,450.0,4.0,-20,8.753484914653711e-05,12.702966158118315
fixed-00000040,450.0,4.0,-19,5.061448479416633e-05,12.412553656294293
fixed-00000040,450.0,4.0,-18,8.143367093749564e-05,12.115293466158121
fixed-00000040,450.0,4.0,-17,7.791232208290604e-05,11.81066845284316
fixed-00000040,450.0,4.0,-16,5.921877656644982e-05,11.498093166079101
fixed-00000040,450.0,4.0,-15,0.00011085357041760594,11.17690050161626
fixed-00000040,450.0,4.0,-14,0.0001156630699010374,10.846324815409005
fixed-00000040,450.0,4.0,-13,9.411917510292342e-05,10.505480264653997
fixed-00000040,450.0,4.0,-12,0.00016028914256055896,10.153332615240856
fixed-00000040,450.0,4.0,-11,0.00023194705020547417,9.788661932177646
fixed-00000040,450.0,4.0,-10,0.0001645796681619034,9.41001226788633
fixed-00000040,450.0,4.0,-9,0.0002695334421576484,9.015622340555637
fixed-00000040,450.0,4.0,-8,0.0006115638008650637,8.60332760953709
fixed-00000040,450.0,4.0,-7,0.0002773024297335519,8.170417848002046
fixed-00000040,450.0,4.0,-6,0.0007104089329241121,7.713422675659928
fixed-00000040,450.0,4.0,-5,0.001808626320736119,7.227774780095174
fixed-00000040,450.0,4.0,-4,0.0004910199908505969,6.707252950125579
fixed-00000040,450.0,4.0,-3,0.003097689330421745,6.142998339829504
fixed-00000040,450.0,4.0,-2,0.005412255828008233,5.521619808342521
fixed-00000040,450.0,4.0,-1,0.0231456680767695,4.821079743384956
fixed-00000040,450.0,4.0,0,0.07238135585006315,4.000000000000043
fixed-00000040,450.0,4.0,1,0.0886544496107501,2.9597049311129666
fixed-00000040,450.0,4.0,2,0.006782952046746897,1.2338425267338948
fixed-00000040,450.0,4.0,3,0.0,0.0
fixed-00000040,450.0,4.0,4,0.0,0.0
fixed-00000040,450.0,4.0,5,0.0,0.0
fixed-00000040,450.0,4.0,6,0.0,0.0
fixed-00000040,450.0,4.0,7,0.0,0.0
fixed-00000040,450.0,4.0,8,0.0,0.0
fixed-00000040,450.0,4.0,9,0.0,0.0
fixed-00000040,450.0,4.0,10,0.0,0.0
fixed-00000040,450.0,4.0,11,0.0,0.0
fixed-00000040,450.0,4.0,12,0.0,0.0
fixed-00000040,450.0,4.0,13,0.0,0.0
fixed-00000040,450.0,4.0,14,0.0,0.0
fixed-00000040,450.0,4.0,15,0.0,0.0
fixed-00000040,450.0,4.0,16,0.0,0.0
fixed-00000040,450.0,4.0,17,0.0,0.0
fixed-00000040,450.0,4.0,18,0.0,0.0
fixed-00000040,450.0,4.0,19,0.0,0.0
fixed-00000040,450.0,4.0,20,0.0,0.0
fixed-00000041,460.0,4.0,-20,7.649716265312217e-05,12.577510579407715
fixed-00000041,460.0,4.0,-19,4.502936333637779e-05,12.290630459977635
fixed-00000041,460.0,4.0,-18,7.399023017800087e-05,11.997000160210277
fixed-00000041,460.0,4.0,-17,6.68889495961118e-05,11.696111205778067
fixed-00000041,460.0,4.0,-16,5.197057869163462e-05,11.387388125912437
fixed-00000041,460.0,4.0,-15,0.00010177588752451278,11.070175408225822
fixed-00000041,460.0,4.0,-14,9.918379366175227e-05,10.743720994389975
fixed-00000041,460.0,4.0,-13,8.205762519638429e-05,10.407155124901223
fixed-00000041,460.0,4.0,-12,0.00014804529862610786,10.059462823221452
fixed-00000041,460.0,4.0,-11,0.0002010227959121639,9.699447513130764
fixed-00000041,460.0,4.0,-10,0.00014230379097861158,9.325682005200974
fixed-00000041,460.0,4.0,-9,0.00024865228884471424,8.93644104020727
fixed-00000041,460.0,4.0,-8,0.0005440746360551949,8.529606124486918
fixed-00000041,460.0,4.0,-7,0.00023560201324394355,8.102527331430608
fixed-00000041,460.0,4.0,-6,0.0006574247866271755,7.651815588106331
fixed-00000041,460.0,4.0,-5,0.001667124423938035,7.1730172404364225
fixed-00000041,460.0,4.0,-4,0.00038145547449187683,6.660077368214232
fixed-00000041,460.0,4.0,-3,0.002937100549852783,6.104395321148445
fixed-00000041,460.0,4.0,-2,0.004981726140639176,5.493014580257693
fixed-00000041,460.0,4.0,-1,0.0190105386803346,4.804719468232179
fixed-00000041,460.0,4.0,0,0.07889593285993529,4.000000000000043
fixed-00000041,460.0,4.0,1,0.08135923768558567,2.986171373421186
fixed-00000041,460.0,4.0,2,0.00785524713926436,1.3553543387345144
fixed-00000041,460.0,4.0,3,0.0,0.0
fixed-00000041,460.0,4.0,4,0.0,0.0
fixed-00000041,460.0,4.0,5,0.0,0.0
fixed-00000041,460.0,4.0,6,0.0,0.0
fixed-00000041,460.0,4.0,7,0.0,0.0
fixed-00000041,460.0,4.0,8,0.0,0.0
fixed-00000041,460.0,4.0,9,0.0,0.0
fixed-00000041,460.0,4.0,10,0.0,0.0
fixed-00000041,460.0,4.0,11,0.0,0.0
fixed-00000041,460.0,4.0,12,0.0,0.0
fixed-00000041,460.0,4.0,13,0.0,0.0
fixed-00000041,460.0,4.0,14,0.0,0.0
fixed-00000041,460.0,4.0,15,0.0,0.0
fixed-00000041,460.0,4.0,16,0.0,0.0
fixed-00000041,460.0,4.0,17,0.0,0.0
fixed-00000041,460.0,4.0,18,0.0,0.0
fixed-00000041,460.0,4.0,19,0.0,0.0
fixed-00000041,460.0,4.0,20,0.0,0.0
fixed-00000042,470.0,4.0,-20,6.725697574953334e-05,12.456228814270318
fixed-00000042,470.0,4.0,-19,4.070600597689675e-05,12.172768968466443
fixed-00000042,470.0,4.0,-18,6.757874541056e-05,11.882653470494859
fixed-00000042,470.0,4.0,-17,5.7414850992401055e-05,11.585382237029776
fixed-00000042,470.0,4.0,-16,4.630217802976201e-05,11.28038946496281
fixed-00000042,470.0,4.0,-15,9.389339429700378e-05,10.967030869800126
fixed-00000042,470.0,4.0,-14,8.482744254071999e-05,10.644567549905517
fixed-00000042,470.0,4.0,-13,7.234928535303286e-05,10.31214531767661
fixed-00000042,470.0,4.0,-12,0.000137345331528188,9.968767836736134
fixed-00000042,470.0,4.0,-11,0.00017357848192463672,9.613261133217293
fixed-00000042,470.0,4.0,-10,0.0001236001959385687,9.244225833195756
fixed-00000042,470.0,4.0,-9,0.00023014908808747752,8.85997150158471
fixed-00000042,470.0,4.0,-8,0.0004823085775054112,8.458424131399937
fixed-00000042,470.0,4.0,-7,0.0001991804257269164,8.036992005791461
fixed-00000042,470.0,4.0,-6,0.0006093195475923011,7.592364458324127
fixed-00000042,470.0,4.0,-5,0.001532251493319525,7.12019728699272
fixed-00000042,470.0,4.0,-4,0.0002886679346855025,6.614595409808928
fixed-00000042,470.0,4.0,-3,0.0027877215687061585,6.067205706207318
fixed-00000042,470.0,4.0,-2,0.004583946774947593,5.465486736837221
fixed-00000042,470.0,4.0,-1,0.015324399379374215,4.789003125134016
fixed-00000042,470.0,4.0,0,0.08526537573720522,4.000000000000043
fixed-00000042,470.0,4.0,1,0.07424832631199146,3.011293809692063
fixed-00000042,470.0,4.0,2,0.008917968673071755,1.462265398478209
fixed-00000042,470.0,4.0,3,0.0,0.0
fixed-00000042,470.0,4.0,4,0.0,0.0
fixed-00000042,470.0,4.0,5,0.0,0.0
fixed-00000042,470.0,4.0,6,0.0,0.0
fixed-00000042,470.0,4.0,7,0.0,0.0
fixed-00000042,470.0,4.0,8,0.0,0.0
fixed-00000042,470.0,4.0,9,0.0,0.0
fixed-00000042,470.0,4.0,10,0.0,0.0
fixed-00000042,470.0,4.0,11,0.0,0.0
fixed-00000042,470.0,4.0,12,0.0,0.0
fixed-00000042,470.0,4.0,13,0.0,0.0
fixed-00000042,470.0,4.0,14,0.0,0.0
fixed-00000042,470.0,4.0,15,0.0,0.0
fixed-00000042,470.0,4.0,16,0.0,0.0
fixed-00000042,470.0,4.0,17,0.0,0.0
fixed-00000042,470.0,4.0,18,0.0,0.0
fixed-00000042,470.0,4.0,19,0.0,0.0
fixed-00000042,470.0,4.0,20,0.0,0.0
fixed-00000043,480.0,4.0,-20,5.8842814543720075e-05,12.338899720932332
fixed-00000043,480.0,4.0,-19,3.7262297330424045e-05,12.058753916039905
fixed-00000043,480.0,4.0,-18,6.166334289420699e-05,11.772044157333369
fixed-00000043,480.0,4.0,-17,4.87826003913075e-05,11.478278496429667
fixed-00000043,480.0,4.0,-16,4.185062311359052e-05,11.176900501616302
fixed-00000043,480.0,4.0,-15,8.660855378114717e-05,10.867276770488644
fixed-00000043,480.0,4.0,-14,7.175563362419115e-05,10.548681150469449
fixed-00000043,480.0,4.0,-13,6.445521075442515e-05,10.220274539944285
fixed-00000043,480.0,4.0,-12,0.00012768717766285592,9.881078656044693
fixed-00000043,480.0,4.0,-11,0.0001484037225306429,9.529941408533489
fixed-00000043,480.0,4.0,-10,0.0001075855476273498,9.165490343367907
fixed-00000043,480.0,4.0,-9,0.0002141850210271463,8.786068711064956
fixed-00000043,480.0,4.0,-8,0.00042411086537624945,8.389645509317262
fixed-00000043,480.0,4.0,-7,0.00016685557098274962,7.973685246153153
fixed-00000043,480.0,4.0,-6,0.0005674566657683637,7.534952908764538
fixed-00000043,480.0,4.0,-5,0.0014007007304548365,7.069209758944453
fixed-00000043,480.0,4.0,-4,0.0002118142823410062,6.570714442852491
fixed-00000043,480.0,4.0,-3,0.0026524600767590953,6.03135129215535
fixed-00000043,480.0,4.0,-2,0.004222984661586098,5.438975549640787
fixed-00000043,480.0,4.0,-1,0.012069280170864198,4.773893191801832
fixed-00000043,480.0,4.0,0,0.0913467173146477,4.000000000000128
fixed-00000043,480.0,4.0,1,0.06734418828023932,3.035174537183508
fixed-00000043,480.0,4.0,2,0.009997343664898945,1.5578535504268984
fixed-00000043,480.0,4.0,3,0.0,0.0
fixed-00000043,480.0,4.0,4,0.0,0.0
fixed-00000043,480.0,4.0,5,0.0,0.0
fixed-00000043,480.0,4.0,6,0.0,0.0
fixed-00000043,480.0,4.0,7,0.0,0.0
fixed-00000043,480.0,4.0,8,0.0,0.0
fixed-00000043,480.0,4.0,9,0.0,0.0
fixed-00000043,480.0,4.0,10,0.0,0.0
fixed-00000043,480.0,4.0,11,0.0,0.0
fixed-00000043,480.0,4.0,12,0.0,0.0
fixed-00000043,480.0,4.0,13,0.0,0.0
fixed-00000043,480.0,4.0,14,0.0,0.0
fixed-00000043,480.0,4.0,15,0.0,0.0
fixed-00000043,480.0,4.0,16,0.0,0.0
fixed-00000043,480.0,4.0,17,0.0,0.0
fixed-00000043,480.0,4.0,18,0.0,0.0
fixed-00000043,480.0,4.0,19,0.0,0.0
fixed-00000043,480.0,4.0,20,0.0,0.0
fixed-00000044,490.0,4.0,-20,4.976495397263567e-05,12.225318145104808
fixed-00000044,490.0,4.0,-19,3.344168548795417e-05,11.948385599975978
fixed-00000044,490.0,4.0,-18,5.4669679464331995e-05,11.66497810905598
fixed-00000044,490.0,4.0,-17,3.976658343607487e-05,11.374611615381397
fixed-00000044,490.0,4.0,-16,3.725406604172423e-05,11.076738776861475
fixed-00000044,490.0,4.0,-15,7.761235941271137e-05,10.770736744273435
fixed-00000044,490.0,4.0,-14,5.814879796402849e-05,10.455891726370012
fixed-00000044,490.0,4.0,-13,5.637501366660319e-05,10.131379245325505
fixed-00000044,490.0,4.0,-12,0.00011545015946379827,9.796238513755625
fixed-00000044,490.0,4.0,-11,0.00012199144434699738,9.449338641416006
fixed-00000044,490.0,4.0,-10,9.094331250183435e-05,9.089333242301052
fixed-00000044,490.0,4.0,-9,0.00019497582950006757,8.714598169784495
fixed-00000044,490.0,4.0,-8,0.0003605321527193308,8.323144017155428
fixed-00000044,490.0,4.0,-7,0.00013327807787078384,7.9124896307686186
fixed-00000044,490.0,4.0,-6,0.0005208274423070018,7.479473036402908
fixed-00000044,490.0,4.0,-5,0.0012449102688185396,7.019957174357458
fixed-00000044,490.0,4.0,-4,0.00014372243855184462,6.528348627774008
fixed-00000044,490.0,4.0,-3,0.0024896089893341354,5.996759649897882
fixed-00000044,490.0,4.0,-2,0.0038314316654251093,5.413424829013778
fixed-00000044,490.0,4.0,-1,0.009119400659068301,4.7593550215627545
fixed-00000044,490.0,4.0,0,0.09614352191799562,4.000000000000128
fixed-00000044,490.0,4.0,1,0.06008250757926994,3.057905474932099
fixed-00000044,490.0,4.0,2,0.011017761729957883,1.6443284594506906
fixed-00000044,490.0,4.0,3,0.0,0.0
fixed-00000044,490.0,4.0,4,0.0,0.0
fixed-00000044,490.0,4.0,5,0.0,0.0
fixed-00000044,490.0,4.0,6,0.0,0.0
fixed-00000044,490.0,4.0,7,0.0,0.0
fixed-00000044,490.0,4.0,8,0.0,0.0
fixed-00000044,490.0,4.0,9,0.0,0.0
fixed-00000044,490.0,4.0,10,0.0,0.0
fixed-00000044,490.0,4.0,11,0.0,0.0
fixed-00000044,490.0,4.0,12,0.0,0.0
fixed-00000044,490.0,4.0,13,0.0,0.0
fixed-00000044,490.0,4.0,14,0.0,0.0
fixed-00000044,490.0,4.0,15,0.0,0.0
fixed-00000044,490.0,4.0,16,0.0,0.0
fixed-00000044,490.0,4.0,17,0.0,0.0
fixed-00000044,490.0,4.0,18,0.0,0.0
fixed-00000044,490.0,4.0,19,0.0,0.0
fixed-00000044,490.0,4.0,20,0.0,0.0
fixed-00000045,500.0,4.0,-20,4.187252155476788e-05,12.115293466158121
fixed-00000045,500.0,4.0,-19,3.0077451928284265e-05,11.8414784654246
fixed-00000045,500.0,4.0,-18,4.793861733258362e-05,11.561274966505863
fixed-00000045,500.0,4.0,-17,3.1848721046302896e-05,11.274206572013128
fixed-00000045,500.0,4.0,-16,3.3336416216468084e-05,10.979734761202295
fixed-00000045,500.0,4.0,-15,6.8641249413373e-05,10.677246924869209
fixed-00000045,500.0,4.0,-14,4.5970225307066524e-05,10.366041263914951
fixed-00000045,500.0,4.0,-13,4.944391277744618e-05,10.045307484204272
fixed-00000045,500.0,4.0,-12,0.00010276870412296426,9.714101762495858
fixed-00000045,500.0,4.0,-11,9.770205162383832e-05,9.371313757611418
fixed-00000045,500.0,4.0,-10,7.624256530212065e-05,9.01562234055568
fixed-00000045,500.0,4.0,-9,0.00017456512946955875,8.645434936834732
fixed-00000045,500.0,4.0,-8,0.00029929659290560585,8.258802394264194
fixed-00000045,500.0,4.0,-7,0.00010277384651015313,7.85329610268785
fixed-00000045,500.0,4.0,-6,0.00047203554988280654,7.425824639985038
fixed-00000045,500.0,4.0,-5,0.00108351664549606,6.972349028947647
fixed-00000045,500.0,4.0,-4,8.761475534460932e-05,6.487418295723927
fixed-00000045,500.0,4.0,-3,0.0023123602473256507,5.96336359338612
fixed-00000045,500.0,4.0,-2,0.0034291223873671463,5.388782503478367
fixed-00000045,500.0,4.0,-1,0.006585936842727823,4.745356571759629
fixed-00000045,500.0,4.0,0,0.09987174723295128,4.000000000000128
fixed-00000045,500.0,4.0,1,0.052812597719305306,3.07956947893598
fixed-00000045,500.0,4.0,2,0.011941330545154564,1.7232677700620371
fixed-00000045,500.0,4.0,3,0.0,0.0
fixed-00000045,500.0,4.0,4,0.0,0.0
fixed-00000045,500.0,4.0,5,0.0,0.0
fixed-00000045,500.0,4.0,6,0.0,0.0
fixed-00000045,500.0,4.0,7,0.0,0.0
fixed-00000045,500.0,4.0,8,0.0,0.0
fixed-00000045,500.0,4.0,9,0.0,0.0
fixed-00000045,500.0,4.0,10,0.0,0.0
fixed-00000045,500.0,4.0,11,0.0,0.0
fixed-00000045,500.0,4.0,12,0.0,0.0
fixed-00000045,500.0,4.0,13,0.0,0.0
fixed-00000045,500.0,4.0,14,0.0,0.0
fixed-00000045,500.0,4.0,15,0.0,0.0
fixed-00000045,500.0,4.0,16,0.0,0.0
fixed-00000045,500.0,4.0,17,0.0,0.0
fixed-00000045,500.0,4.0,18,0.0,0.0
fixed-00000045,500.0,4.0,19,0.0,0.0
fixed-00000045,500.0,4.0,20,0.0,0.0
fixed-00000046,510.0,4.0,-20,3.473215733759694e-05,12.00864830157974
fixed-00000046,510.0,4.0,-19,2.6793865157973175e-05,11.73785984433411
fixed-00000046,510.0,4.0,-18,4.1184417649985096e-05,11.46076689726786
fixed-00000046,510.0,4.0,-17,2.478674765507867e-05,11.17690050161626
fixed-00000046,510.0,4.0,-16,2.968770501533419e-05,10.885730702301743
fixed-00000046,510.0,4.0,-15,5.931882889664152e-05,10.586654831666607
fixed-00000046,510.0,4.0,-14,3.498868364939282e-05,10.278982730887435
fixed-00000046,510.0,4.0,-13,4.310736901387628e-05,9.961917870049362
fixed-00000046,510.0,4.0,-12,8.912580609112325e-05,9.63453288362129
fixed-00000046,510.0,4.0,-11,7.524970638268933e-05,9.295737359102532
fixed-00000046,510.0,4.0,-10,6.28195699603934e-05,8.944234651595096
fixed-00000046,510.0,4.0,-9,0.0001521749510855227,8.578462776597007
fixed-00000046,510.0,4.0,-8,0.00023993293315475214,8.19651155890179
fixed-00000046,510.0,4.0,-7,7.506313243795162e-05,7.796003222671089
fixed-00000046,510.0,4.0,-6,0.0004195178409299172,7.373914531470007
fixed-00000046,510.0,4.0,-5,0.0009150038483419571,6.926301171313213
fixed-00000046,510.0,4.0,-4,4.3991394026054426e-05,6.447849394706807
fixed-00000046,510.0,4.0,-3,0.0021135999260245746,5.931100707011325
fixed-00000046,510.0,4.0,-2,0.0030066387388816246,5.3650002454304655
fixed-00000046,510.0,4.0,-1,0.00447664135722693,4.731868162490429
fixed-00000046,510.0,4.0,0,0.10207815673305728,3.999999999999943
fixed-00000046,510.0,4.0,1,0.04552652663058784,3.100241457700733
fixed-00000046,510.0,4.0,2,0.01270643295156225,1.7958468702815367
fixed-00000046,510.0,4.0,3,0.0,0.0
fixed-00000046,510.0,4.0,4,0.0,0.0
fixed-00000046,510.0,4.0,5,0.0,0.0
fixed-00000046,510.0,4.0,6,0.0,0.0
fixed-00000046,510.0,4.0,7,0.0,0.0
fixed-00000046,510.0,4.0,8,0.0,0.0
fixed-00000046,510.0,4.0,9,0.0,0.0
fixed-00000046,510.0,4.0,10,0.0,0.0
fixed-00000046,510.0,4.0,11,0.0,0.0
fixed-00000046,510.0,4.0,12,0.0,0.0
fixed-00000046,510.0,4.0,13,0.0,0.0
fixed-00000046,510.0,4.0,14,0.0,0.0
fixed-00000046,510.0,4.0,15,0.0,0.0
fixed-00000046,510.0,4.0,16,0.0,0.0
fixed-00000046,510.0,4.0,17,0.0,0.0
fixed-00000046,510.0,4.0,18,0.0,0.0
fixed-00000046,510.0,4.0,19,0.0,0.0
fixed-00000046,510.0,4.0,20,0.0,0.0
fixed-00000047,520.0,4.0,-20,3.0619242291830004e-05,11.905217349750558
fixed-00000047,520.0,4.0,-19,2.461253243288719e-05,11.637368829002952
fixed-00000047,520.0,4.0,-18,3.638393108419871e-05,11.363297500741439
fixed-00000047,520.0,4.0,-17,2.01458772305302e-05,11.08254163405276
fixed-00000047,520.0,4.0,-16,2.7145427037341312e-05,10.794579595613783
fixed-00000047,520.0,4.0,-15,5.235345716478513e-05,10.498818374569126
fixed-00000047,520.0,4.0,-14,2.726714322812515e-05,10.194579116674106
fixed-00000047,520.0,4.0,-13,3.862755086379734e-05,9.881078656044693
fixed-00000047,520.0,4.0,-12,7.802583227051531e-05,9.557405601711935
fixed-00000047,520.0,4.0,-11,5.8458095152198575e-05,9.222488878015653
fixed-00000047,520.0,4.0,-10,5.3031757208282696e-05,8.875055586881174
fixed-00000047,520.0,4.0,-9,0.00013121791304807436,8.513573397092799
fixed-00000047,520.0,4.0,-8,0.0001930439201793863,8.136169892284855
fixed-00000047,520.0,4.0,-7,5.4086609704427743e-05,7.740516501892586
fixed-00000047,520.0,4.0,-6,0.00036701308941167963,7.32365592105198
fixed-00000047,520.0,4.0,-5,0.0007729657744887195,6.881735244987794
fixed-00000047,520.0,4.0,-4,1.5590116454218747e-05,6.409572995038118
fixed-00000047,520.0,4.0,-3,0.0019194044147950035,5.899912923755764
fixed-00000047,520.0,4.0,-2,0.0026170095900119664,5.342033137263584
fixed-00000047,520.0,4.0,-1,0.002856850461349129,4.718862261789724
fixed-00000047,520.0,4.0,0,0.1039995527417546,3.999999999999943
fixed-00000047,520.0,4.0,1,0.03877245291223248,3.1199893233792295
fixed-00000047,520.0,4.0,2,0.013263710800824221,1.8629706538812485
fixed-00000047,520.0,4.0,3,0.0,0.0
fixed-00000047,520.0,4.0,4,0.0,0.0
fixed-00000047,520.0,4.0,5,0.0,0.0
fixed-00000047,520.0,4.0,6,0.0,0.0
fixed-00000047,520.0,4.0,7,0.0,0.0
fixed-00000047,520.0,4.0,8,0.0,0.0
fixed-00000047,520.0,4.0,9,0.0,0.0
fixed-00000047,520.0,4.0,10,0.0,0.0
fixed-00000047,520.0,4.0,11,0.0,0.0
fixed-00000047,520.0,4.0,12,0.0,0.0
fixed-00000047,520.0,4.0,13,0.0,0.0
fixed-00000047,520.0,4.0,14,0.0,0.0
fixed-00000047,520.0,4.0,15,0.0,0.0
fixed-00000047,520.0,4.0,16,0.0,0.0
fixed-00000047,520.0,4.0,17,0.0,0.0
fixed-00000047,520.0,4.0,18,0.0,0.0
fixed-00000047,520.0,4.0,19,0.0,0.0
fixed-00000047,520.0,4.0,20,0.0,0.0
fixed-00000048,530.0,4.0,-20,3.219457083660106e-05,11.804846353924574
fixed-00000048,530.0,4.0,-19,2.7267699408574674e-05,11.539855263600288
fixed-00000048,530.0,4.0,-18,3.681224637189564e-05,11.268720827871178
fixed-00000048,530.0,4.0,-17,1.9676779336851244e-05,10.990988342425112
fixed-00000048,530.0,4.0,-16,2.986699242384157e-05,10.706144262791852
fixed-00000048,530.0,4.0,-15,5.297916805342792e-05,10.413604963019466
fixed-00000048,530.0,4.0,-14,2.5124765933025417e-05,10.112702572883805
fixed-00000048,530.0,4.0,-13,4.18574870910303e-05,9.802666908387508
fixed-00000048,530.0,4.0,-12,7.86858427375143e-05,9.48260209177191
fixed-00000048,530.0,4.0,-11,5.2047519024259794e-05,9.151455819110154
fixed-00000048,530.0,4.0,-10,5.521528776961571e-05,8.80797823524668
fixed-00000048,530.0,4.0,-9,0.0001293753039843535,8.450665768094211
fixed-00000048,530.0,4.0,-8,0.00017267648258249992,8.077682597631096
fixed-00000048,530.0,4.0,-7,4.886248080781484e-05,7.686747804566139
fixed-00000048,530.0,4.0,-6,0.0003526546620523374,7.2749678666584
fixed-00000048,530.0,4.0,-5,0.0007133837888997675,6.838578189041442
fixed-00000048,530.0,4.0,-4,4.518465490510683e-06,6.37252484677397
fixed-00000048,530.0,4.0,-3,0.0018772231530170846,5.869746147798878
fixed-00000048,530.0,4.0,-2,0.0024664124938500362,5.319839372881049
fixed-00000048,530.0,4.0,-1,0.0017969964833392021,4.706313293920829
fixed-00000048,530.0,4.0,0,0.11002076346446424,4.000000000000043
fixed-00000048,530.0,4.0,1,0.03412009398602942,3.138874806668909
fixed-00000048,530.0,4.0,2,0.014274985898538303,1.9253541332400914
fixed-00000048,530.0,4.0,3,0.0,0.0
fixed-00000048,530.0,4.0,4,0.0,0.0
fixed-00000048,530.0,4.0,5,0.0,0.0
fixed-00000048,530.0,4.0,6,0.0,0.0
fixed-00000048,530.0,4.0,7,0.0,0.0
fixed-00000048,530.0,4.0,8,0.0,0.0
fixed-00000048,530.0,4.0,9,0.0,0.0
fixed-00000048,530.0,4.0,10,0.0,0.0
fixed-00000048,530.0,4.0,11,0.0,0.0
fixed-00000048,530.0,4.0,12,0.0,0.0
fixed-00000048,530.0,4.0,13,0.0,0.0
fixed-00000048,530.0,4.0,14,0.0,0.0
fixed-00000048,530.0,4.0,15,0.0,0.0
fixed-00000048,530.0,4.0,16,0.0,0.0
fixed-00000048,530.0,4.0,17,0.0,0.0
fixed-00000048,530.0,4.0,18,0.0,0.0
fixed-00000048,530.0,4.0,19,0.0,0.0
fixed-00000048,530.0,4.0,20,0.0,0.0
fixed-00000049,540.0,4.0,-20,3.106519994571762e-05,11.707391172695964
fixed-00000049,540.0,4.0,-19,2.8718938078324646e-05,11.445178839332968
fixed-00000049,540.0,4.0,-18,3.4698624654021785e-05,11.176900501616302
fixed-00000049,540.0,4.0,-17,1.7815617726551827e-05,10.902108289504397
fixed-00000049,540.0,4.0,-16,3.191854710871429e-05,10.620296524793474
fixed-00000049,540.0,4.0,-15,5.0071132954845716e-05,10.33089070657202
fixed-00000049,540.0,4.0,-14,2.1367112798900344e-05,10.033233642263525
fixed-00000049,540.0,4.0,-13,4.436877365489084e-05,9.726567764525285
fixed-00000049,540.0,4.0,-12,7.485651956847272e-05,9.410012267886245
fixed-00000049,540.0,4.0,-11,4.273127857803774e-05,9.08253308010309
fixed-00000049,540.0,4.0,-10,5.642116504743072e-05,8.742902716320742
fixed-00000049,540.0,4.0,-9,0.00012401249238852416,8.389645509317262
fixed-00000049,540.0,4.0,-8,0.00014261040402446215,8.020961125094075
fixed-00000049,540.0,4.0,-7,4.290009684339602e-05,7.634614812005779
fixed-00000049,540.0,4.0,-6,0.0003366901873964471,7.227774780095174
fixed-00000049,540.0,4.0,-5,0.0006141166870992753,6.796761790119547
fixed-00000049,540.0,4.0,-4,6.209865860648757e-09,6.336644982795491
fixed-00000049,540.0,4.0,-3,0.0018026913772477367,5.840549916165088
fixed-00000049,540.0,4.0,-2,0.0022523444009340306,5.298379990270192
fixed-00000049,540.0,4.0,-1,0.001035526644095015,4.694197467919281
fixed-00000049,540.0,4.0,0,0.11310821759367752,4.000000000000043
fixed-00000049,540.0,4.0,1,0.02910730109321914,3.1569541581493326
fixed-00000049,540.0,4.0,2,0.01522403954414672,1.9835743440105915
fixed-00000049,540.0,4.0,3,0.0,0.0
fixed-00000049,540.0,4.0,4,0.0,0.0
fixed-00000049,540.0,4.0,5,0.0,0.0
fixed-00000049,540.0,4.0,6,0.0,0.0
fixed-00000049,540.0,4.0,7,0.0,0.0
fixed-00000049,540.0,4.0,8,0.0,0.0
fixed-00000049,540.0,4.0,9,0.0,0.0
fixed-00000049,540.0,4.0,10,0.0,0.0
fixed-00000049,540.0,4.0,11,0.0,0.0
fixed-00000049,540.0,4.0,12,0.0,0.0
fixed-00000049,540.0,4.0,13,0.0,0.0
fixed-00000049,540.0,4.0,14,0.0,0.0
fixed-00000049,540.0,4.0,15,0.0,0.0
fixed-00000049,540.0,4.0,16,0.0,0.0
fixed-00000049,540.0,4.0,17,0.0,0.0
fixed-00000049,540.0,4.0,18,0.0,0.0
fixed-00000049,540.0,4.0,19,0.0,0.0
fixed-00000049,540.0,4.0,20,0.0,0.0
fixed-00000050,550.0,4.0,-20,3.037369697804846e-05,11.612716944258466
fixed-00000050,550.0,4.0,-19,2.9600115592200533e-05,11.353208280905505
fixed-00000050,550.0,4.0,-18,3.2364671172696926e-05,11.087708926153098
fixed-00000050,550.0,4.0,-17,1.6477316770085038e-05,10.81577766026615
fixed-00000050,550.0,4.0,-16,3.3349707405151264e-05,10.536916458396973
fixed-00000050,550.0,4.0,-15,4.654306247537859e-05,10.250559696102755
fixed-00000050,550.0,4.0,-14,1.8333219858840063e-05,9.956060565391013
fixed-00000050,550.0,4.0,-13,4.619863857742124e-05,9.652673766211109
fixed-00000050,550.0,4.0,-12,6.941278280048308e-05,9.339533143629737
fixed-00000050,550.0,4.0,-11,3.453065716023817e-05,9.015622340555552
fixed-00000050,550.0,4.0,-10,5.7159380981836e-05,8.679735599183942
fixed-00000050,550.0,4.0,-9,0.00011467847779188683,8.33042434034833
fixed-00000050,550.0,4.0,-8,0.00011392261306546712,7.965922654739103
fixed-00000050,550.0,4.0,-7,3.789709809326472e-05,7.58404054079962
fixed-00000050,550.0,4.0,-6,0.0003121266424060191,7.182005983087052
fixed-00000050,550.0,4.0,-5,0.0005097517149356922,6.756222279782023
fixed-00000050,550.0,4.0,-4,4.629031869877047e-06,6.30187736209605
fixed-00000050,550.0,4.0,-3,0.0016956568804783673,5.812277094742029
fixed-00000050,550.0,4.0,-2,0.00200686213274508,5.277618631405375
fixed-00000050,550.0,4.0,-1,0.0006169109983394172,4.682492623926009
fixed-00000050,550.0,4.0,0,0.11454083389250347,4.000000000000043
fixed-00000050,550.0,4.0,1,0.02414081484871757,3.174278754446547
fixed-00000050,550.0,4.0,2,0.0158914190275921,2.038105178627262
fixed-00000050,550.0,4.0,3,0.0,0.0
fixed-00000050,550.0,4.0,4,0.0,0.0
fixed-00000050,550.0,4.0,5,0.0,0.0
fixed-00000050,550.0,4.0,6,0.0,0.0
fixed-00000050,550.0,4.0,7,0.0,0.0
fixed-00000050,550.0,4.0,8,0.0,0.0
fixed-00000050,550.0,4.0,9,0.0,0.0
fixed-00000050,550.0,4.0,10,0.0,0.0
fixed-00000050,550.0,4.0,11,0.0,0.0
fixed-00000050,550.0,4.0,12,0.0,0.0
fixed-00000050,550.0,4.0,13,0.0,0.0
fixed-00000050,550.0,4.0,14,0.0,0.0
fixed-00000050,550.0,4.0,15,0.0,0.0
fixed-00000050,550.0,4.0,16,0.0,0.0
fixed-00000050,550.0,4.0,17,0.0,0.0
fixed-00000050,550.0,4.0,18,0.0,0.0
fixed-00000050,550.0,4.0,19,0.0,0.0
fixed-00000050,550.0,4.0,20,0.0,0.0
fixed-00000051,560.0,4.0,-20,3.153021215634862e-05,11.520697333479006
fixed-00000051,560.0,4.0,-19,3.204852897734209e-05,11.26382061358683
fixed-00000051,560.0,4.0,-18,3.133073724314342e-05,11.001026574425026
fixed-00000051,560.0,4.0,-17,1.6808261842584916e-05,10.731880470457497
fixed-00000051,560.0,4.0,-16,3.674137640967392e-05,10.45589172636997
fixed-00000051,560.0,4.0,-15,4.485593353528137e-05,10.172503356222151
fixed-00000051,560.0,4.0,-14,1.7523383030904657e-05,9.881078656044693
fixed-00000051,560.0,4.0,-13,5.1134135535113e-05,9.580884258625872
fixed-00000051,560.0,4.0,-12,6.686852903253312e-05,9.27106825583462
fixed-00000051,560.0,4.0,-11,3.0121070399533708e-05,8.950631511301339
fixed-00000051,560.0,4.0,-10,6.313148237692953e-05,8.618389378622567
fixed-00000051,560.0,4.0,-9,0.00011071854957579955,8.27291958508114
fixed-00000051,560.0,4.0,-8,9.322628600935887e-05,7.9124896307686186
fixed-00000051,560.0,4.0,-7,4.036789883637266e-05,7.5349529087644385
fixed-00000051,560.0,4.0,-6,0.00029951087303447307,7.137595307370333
fixed-00000051,560.0,4.0,-5,0.0004226207606373669,6.71689997183698
fixed-00000051,560.0,4.0,-4,1.7670375668849244e-05,6.268169548557026
fixed-00000051,560.0,4.0,-3,0.0016281819363889553,5.784883604631474
fixed-00000051,560.0,4.0,-2,0.0018124845276146452,5.257521326257304
fixed-00000051,560.0,4.0,-1,0.0005605235538891978,4.671178095187116
fixed-00000051,560.0,4.0,0,0.1163273307512455,4.000000000000043
fixed-00000051,560.0,4.0,1,0.019846125989727535,3.1908956242289577
fixed-00000051,560.0,4.0,2,0.016668762063618496,2.089341578597498
fixed-00000051,560.0,4.0,3,0.0,0.0
fixed-00000051,560.0,4.0,4,0.0,0.0
fixed-00000051,560.0,4.0,5,0.0,0.0
fixed-00000051,560.0,4.0,6,0.0,0.0
fixed-00000051,560.0,4.0,7,0.0,0.0
fixed-00000051,560.0,4.0,8,0.0,0.0
fixed-00000051,560.0,4.0,9,0.0,0.0
fixed-00000051,560.0,4.0,10,0.0,0.0
fixed-00000051,560.0,4.0,11,0.0,0.0
fixed-00000051,560.0,4.0,12,0.0,0.0
fixed-00000051,560.0,4.0,13,0.0,0.0
fixed-00000051,560.0,4.0,14,0.0,0.0
fixed-00000051,560.0,4.0,15,0.0,0.0
fixed-00000051,560.0,4.0,16,0.0,0.0
fixed-00000051,560.0,4.0,17,0.0,0.0
fixed-00000051,560.0,4.0,18,0.0,0.0
fixed-00000051,560.0,4.0,19,0.0,0.0
fixed-00000051,560.0,4.0,20,0.0,0.0
fixed-00000052,570.0,4.0,-20,3.1663576205655e-05,11.43121385226128
fixed-00000052,570.0,4.0,-19,3.300438425888374e-05,11.17690050161626
fixed-00000052,570.0,4.0,-18,2.9211688075238258e-05,10.916741345033486
fixed-00000052,570.0,4.0,-17,1.6931879187421336e-05,10.650307942455399
fixed-00000052,570.0,4.0,-16,3.866031203656613e-05,10.377116972823487
fixed-00000052,570.0,4.0,-15,4.144936757547157e-05,10.096619860707065
fixed-00000052,570.0,4.0,-14,1.682547480975442e-05,9.80818973735775
fixed-00000052,570.0,4.0,-13,5.4276113312147724e-05,9.511104847972902
fixed-00000052,570.0,4.0,-12,6.143384675375448e-05,9.204527144434849
fixed-00000052,570.0,4.0,-11,2.6137646786229244e-05,8.887474237458349
fixed-00000052,570.0,4.0,-10,6.734009765510277e-05,8.558782002362335
fixed-00000052,570.0,4.0,-9,0.00010194311094591814,8.217053724399236
fixed-00000052,570.0,4.0,-8,7.249935473760465e-05,7.860589341106007
fixed-00000052,570.0,4.0,-7,4.3879318176173123e-05,7.487284343186758
fixed-00000052,570.0,4.0,-6,0.00027860953601498725,7.094480733772272
fixed-00000052,570.0,4.0,-5,0.00032585965142185603,6.678738935066164
fixed-00000052,570.0,4.0,-4,4.195676807305753e-05,6.2354724211239585
fixed-00000052,570.0,4.0,-3,0.0015219331383914399,5.758328175331485
fixed-00000052,570.0,4.0,-2,0.0015704386568221418,5.23805629811234
fixed-00000052,570.0,4.0,-1,0.0008234417942336995,4.6602345838808645
fixed-00000052,570.0,4.0,0,0.1153385848903474,4.000000000000043
fixed-00000052,570.0,4.0,1,0.01564263106493149,3.2068479063504185
fixed-00000052,570.0,4.0,2,0.017076345470129702,2.13761682818793
fixed-00000052,570.0,4.0,3,0.0,0.0
fixed-00000052,570.0,4.0,4,0.0,0.0
fixed-00000052,570.0,4.0,5,0.0,0.0
fixed-00000052,570.0,4.0,6,0.0,0.0
fixed-00000052,570.0,4.0,7,0.0,0.0
fixed-00000052,570.0,4.0,8,0.0,0.0
fixed-00000052,570.0,4.0,9,0.0,0.0
fixed-00000052,570.0,4.0,10,0.0,0.0
fixed-00000052,570.0,4.0,11,0.0,0.0
fixed-00000052,570.0,4.0,12,0.0,0.0
fixed-00000052,570.0,4.0,13,0.0,0.0
fixed-00000052,570.0,4.0,14,0.0,0.0
fixed-00000052,570.0,4.0,15,0.0,0.0
fixed-00000052,570.0,4.0,16,0.0,0.0
fixed-00000052,570.0,4.0,17,0.0,0.0
fixed-00000052,570.0,4.0,18,0.0,0.0
fixed-00000052,570.0,4.0,19,0.0,0.0
fixed-00000052,570.0,4.0,20,0.0,0.0
fixed-00000053,580.0,4.0,-20,3.32471641409098e-05,11.344155244919335
fixed-00000053,580.0,4.0,-19,3.479439558228963e-05,11.09233964988806
fixed-00000053,580.0,4.0,-18,2.815464852667921e-05,10.834747980635072
fixed-00000053,580.0,4.0,-17,1.833185673064556e-05,10.570957940814182
fixed-00000053,580.0,4.0,-16,4.1544176730716406e-05,10.300493276388579
fixed-00000053,580.0,4.0,-15,3.9491958726588114e-05,10.022813603833598
fixed-00000053,580.0,4.0,-14,1.7906287563696594e-05,9.737301631890915
fixed-00000053,580.0,4.0,-13,5.9019030421643596e-05,9.443246910942491
fixed-00000053,580.0,4.0,-12,5.800806651491931e-05,9.139824882054754
fixed-00000053,580.0,4.0,-11,2.5348248380266145e-05,8.826069448973215
fixed-00000053,580.0,4.0,-10,7.45309153134408e-05,8.500836443523596
fixed-00000053,580.0,4.0,-9,9.59979798948747e-05,8.162753991654597
fixed-00000053,580.0,4.0,-8,5.914138292132033e-05,7.810153537213992
fixed-00000053,580.0,4.0,-7,5.259999983291654e-05,7.440971426572531
fixed-00000053,580.0,4.0,-6,0.0002631698228920292,7.052604065868977
fixed-00000053,580.0,4.0,-5,0.0002464993155302751,6.641686697338955
fixed-00000053,580.0,4.0,-4,7.543173746971902e-05,6.203739911827654
fixed-00000053,580.0,4.0,-3,0.001435918238968095,5.732572121705644
fixed-00000053,580.0,4.0,-2,0.0013640042375151788,5.219193787774614
fixed-00000053,580.0,4.0,-1,0.001393692522860785,4.649644049178292
fixed-00000053,580.0,4.0,0,0.11430592806450247,4.000000000000043
fixed-00000053,580.0,4.0,1,0.012045084438621621,3.2221752503056678
fixed-00000053,580.0,4.0,2,0.01740932356582493,2.1832152248066166
fixed-00000053,580.0,4.0,3,0.0,0.0
fixed-00000053,580.0,4.0,4,0.0,0.0
fixed-00000053,580.0,4.0,5,0.0,0.0
fixed-00000053,580.0,4.0,6,0.0,0.0
fixed-00000053,580.0,4.0,7,0.0,0.0
fixed-00000053,580.0,4.0,8,0.0,0.0
fixed-00000053,580.0,4.0,9,0.0,0.0
fixed-00000053,580.0,4.0,10,0.0,0.0
fixed-00000053,580.0,4.0,11,0.0,0.0
fixed-00000053,580.0,4.0,12,0.0,0.0
fixed-00000053,580.0,4.0,13,0.0,0.0
fixed-00000053,580.0,4.0,14,0.0,0.0
fixed-00000053,580.0,4.0,15,0.0,0.0
fixed-00000053,580.0,4.0,16,0.0,0.0
fixed-00000053,580.0,4.0,17,0.0,0.0
fixed-00000053,580.0,4.0,18,0.0,0.0
fixed-00000053,580.0,4.0,19,0.0,0.0
fixed-00000053,580.0,4.0,20,0.0,0.0
fixed-00000054,590.0,4.0,-20,3.5615637846945716e-05,11.25941693133879
fixed-00000054,590.0,4.0,-19,3.693576457743368e-05,11.010036261886782
fixed-00000054,590.0,4.0,-18,2.7668980113773968e-05,10.75494754101544
fixed-00000054,590.0,4.0,-17,2.06488395026585e-05,10.493734460874393
fixed-00000054,590.0,4.0,-16,4.493657703171993e-05,10.225927654794972
fixed-00000054,590.0,4.0,-15,3.830844873545902e-05,9.950994721404186
fixed-00000054,590.0,4.0,-14,2.0408866648015306e-05,9.668327699638112
fixed-00000054,590.0,4.0,-13,6.475855569138041e-05,9.377227150287212
fixed-00000054,590.0,4.0,-12,5.565616093093923e-05,9.07688164781861
fixed-00000054,590.0,4.0,-11,2.7192562905695404e-05,8.76634095342068
fixed-00000054,590.0,4.0,-10,8.392321746214421e-05,8.444480313277879
fixed-00000054,590.0,4.0,-9,9.174269678062308e-05,8.109952006190454
fixed-00000054,590.0,4.0,-8,5.1644299299675785e-05,7.761118089679513
fixed-00000054,590.0,4.0,-7,6.619271273825605e-05,7.395954575739296
fixed-00000054,590.0,4.0,-6,0.000251675329192923,7.011910634381167
fixed-00000054,590.0,4.0,-5,0.00017912451646225213,6.6056939776244405
fixed-00000054,590.0,4.0,-4,0.00011911733796157555,6.172928768550506
fixed-00000054,590.0,4.0,-3,0.0013613131256314255,5.707579142086004
fixed-00000054,590.0,4.0,-2,0.0011756842674654853,5.200905894533889
fixed-00000054,590.0,4.0,-1,0.0022450341918031514,4.639389606148313
fixed-00000054,590.0,4.0,0,0.11270836469377575,4.000000000000043
fixed-00000054,590.0,4.0,1,0.008965318318547098,3.236914167432502
fixed-00000054,590.0,4.0,2,0.017608586903096052,2.226381561452442
fixed-00000054,590.0,4.0,3,0.0,0.0
fixed-00000054,590.0,4.0,4,0.0,0.0
fixed-00000054,590.0,4.0,5,0.0,0.0
fixed-00000054,590.0,4.0,6,0.0,0.0
fixed-00000054,590.0,4.0,7,0.0,0.0
fixed-00000054,590.0,4.0,8,0.0,0.0
fixed-00000054,590.0,4.0,9,0.0,0.0
fixed-00000054,590.0,4.0,10,0.0,0.0
fixed-00000054,590.0,4.0,11,0.0,0.0
fixed-00000054,590.0,4.0,12,0.0,0.0
fixed-00000054,590.0,4.0,13,0.0,0.0
fixed-00000054,590.0,4.0,14,0.0,0.0
fixed-00000054,590.0,4.0,15,0.0,0.0
fixed-00000054,590.0,4.0,16,0.0,0.0
fixed-00000054,590.0,4.0,17,0.0,0.0
fixed-00000054,590.0,4.0,18,0.0,0.0
fixed-00000054,590.0,4.0,19,0.0,0.0
fixed-00000054,590.0,4.0,20,0.0,0.0
fixed-00000055,600.0,4.0,-20,3.805245207454716e-05,11.176900501616302
fixed-00000055,600.0,4.0,-19,3.8800595251349894e-05,10.929894547731365
fixed-00000055,600.0,4.0,-18,2.731354508759989e-05,10.677246924869209
fixed-00000055,600.0,4.0,-17,2.3447246843520387e-05,10.418547164640088
fixed-00000055,600.0,4.0,-16,4.815030548131557e-05,10.153332615240856
fixed-00000055,600.0,4.0,-15,3.727897510601316e-05,9.881078656044693
fixed-00000055,600.0,4.0,-14,2.3929030561470005e-05,9.601186418732823
fixed-00000055,600.0,4.0,-13,7.051844891459349e-05,9.312967191474854
fixed-00000055,600.0,4.0,-12,5.34557424311481e-05,9.015622340555609
fixed-00000055,600.0,4.0,-11,3.1189588342919036e-05,8.708217066446423
fixed-00000055,600.0,4.0,-10,9.414146397986477e-05,8.389645509317319
fixed-00000055,600.0,4.0,-9,8.777723639658892e-05,8.058583440755712
fixed-00000055,600.0,4.0,-8,4.911124503731553e-05,7.713422675659871
fixed-00000055,600.0,4.0,-7,8.384237249241487e-05,7.352177750609371
fixed-00000055,600.0,4.0,-6,0.0002417200680734378,6.9723490289475905
fixed-00000055,600.0,4.0,-5,0.00012112836122562608,6.570714442852491
fixed-00000055,600.0,4.0,-4,0.00017600438529498548,6.142998339829575
fixed-00000055,600.0,4.0,-3,0.0012866094728175954,5.683315135192018
fixed-00000055,600.0,4.0,-2,0.0009905853113762123,5.1831664320526585
fixed-00000055,600.0,4.0,-1,0.0033417893211165465,4.629455434298478
fixed-00000055,600.0,4.0,0,0.10991695889999412,4.000000000000043
fixed-00000055,600.0,4.0,1,0.006354850115973404,3.2510983398922093
fixed-00000055,600.0,4.0,2,0.01753928508788057,2.2673283559992825
fixed-00000055,600.0,4.0,3,0.0,0.0
fixed-00000055,600.0,4.0,4,0.0,0.0
fixed-00000055,600.0,4.0,5,0.0,0.0
fixed-00000055,600.0,4.0,6,0.0,0.0
fixed-00000055,600.0,4.0,7,0.0,0.0
fixed-00000055,600.0,4.0,8,0.0,0.0
fixed-00000055,600.0,4.0,9,0.0,0.0
fixed-00000055,600.0,4.0,10,0.0,0.0
fixed-00000055,600.0,4.0,11,0.0,0.0
fixed-00000055,600.0,4.0,12,0.0,0.0
fixed-00000055,600.0,4.0,13,0.0,0.0
fixed-00000055,600.0,4.0,14,0.0,0.0
fixed-00000055,600.0,4.0,15,0.0,0.0
fixed-00000055,600.0,4.0,16,0.0,0.0
fixed-00000055,600.0,4.0,17,0.0,0.0
fixed-00000055,600.0,4.0,18,0.0,0.0
fixed-00000055,600.0,4.0,19,0.0,0.0
fixed-00000055,600.0,4.0,20,0.0,0.0
fixed-00000056,610.0,4.0,-20,4.2321094782418286e-05,11.096513256647427
fixed-00000056,610.0,4.0,-19,4.203057425935922e-05,10.851824276946246
fixed-00000056,610.0,4.0,-18,2.8300995814724063e-05,10.601558435056262
fixed-00000056,610.0,4.0,-17,2.8010498744232967e-05,10.345310958848756
fixed-00000056,610.0,4.0,-16,5.319313479987574e-05,10.08262574563632
fixed-00000056,610.0,4.0,-15,3.801329600752119e-05,9.81298576201776
fixed-00000056,610.0,4.0,-14,2.99795917028477e-05,9.535801004270269
fixed-00000056,610.0,4.0,-13,7.924201595345866e-05,9.250393216009584
fixed-00000056,610.0,4.0,-12,5.3605736222481124e-05,8.955976227169515
fixed-00000056,610.0,4.0,-11,3.953775642388377e-05,8.651630275811442
fixed-00000056,610.0,4.0,-10,0.00010929094992725527,8.336267896291588
fixed-00000056,610.0,4.0,-9,8.746109866608986e-05,8.008587719170848
fixed-00000056,610.0,4.0,-8,5.489447770166273e-05,7.6670104947684905
fixed-00000056,610.0,4.0,-7,0.0001102053570256599,7.309588189513036
fixed-00000056,610.0,4.0,-6,0.00024049940071176347,6.933870854335623
fixed-00000056,610.0,4.0,-5,7.609353132585224e-05,6.536704486950143
fixed-00000056,610.0,4.0,-4,0.0002585987500346574,6.113910379323968
fixed-00000056,610.0,4.0,-3,0.001235097992202887,5.659748033833807
fixed-00000056,610.0,4.0,-2,0.0008140932281245438,5.1659507975543875
fixed-00000056,610.0,4.0,-1,0.0047621790791874405,4.619826694692961
fixed-00000056,610.0,4.0,0,0.10730543117652915,4.000000000000043
fixed-00000056,610.0,4.0,1,0.004311862265088353,3.2647588933231475
fixed-00000056,610.0,4.0,2,0.01717161559829184,2.306241453176753
fixed-00000056,610.0,4.0,3,0.0,0.0
fixed-00000056,610.0,4.0,4,0.0,0.0
fixed-00000056,610.0,4.0,5,0.0,0.0
fixed-00000056,610.0,4.0,6,0.0,0.0
fixed-00000056,610.0,4.0,7,0.0,0.0
fixed-00000056,610.0,4.0,8,0.0,0.0
fixed-00000056,610.0,4.0,9,0.0,0.0
fixed-00000056,610.0,4.0,10,0.0,0.0
fixed-00000056,610.0,4.0,11,0.0,0.0
fixed-00000056,610.0,4.0,12,0.0,0.0
fixed-00000056,610.0,4.0,13,0.0,0.0
fixed-00000056,610.0,4.0,14,0.0,0.0
fixed-00000056,610.0,4.0,15,0.0,0.0
fixed-00000056,610.0,4.0,16,0.0,0.0
fixed-00000056,610.0,4.0,17,0.0,0.0
fixed-00000056,610.0,4.0,18,0.0,0.0
fixed-00000056,610.0,4.0,19,0.0,0.0
fixed-00000056,610.0,4.0,20,0.0,0.0
fixed-00000057,620.0,4.0,-20,4.4970480676961875e-05,11.01816778980809
fixed-00000057,620.0,4.0,-19,4.3281037785024046e-05,10.775740371233866
fixed-00000057,620.0,4.0,-18,2.776484781178889e-05,10.527799382740596
fixed-00000057,620.0,4.0,-17,3.1064352903237584e-05,10.273945610776423
fixed-00000057,620.0,4.0,-16,5.54702666016007e-05,10.013729342403465
fixed-00000057,620.0,4.0,-15,3.6334884633157616e-05,9.746640945379099
fixed-00000057,620.0,4.0,-14,3.401165653795421e-05,9.472099061220248
fixed-00000057,620.0,4.0,-13,8.338938974987678e-05,9.189435627547212
fixed-00000057,620.0,4.0,-12,4.957407139284943e-05,8.89787662245989
fixed-00000057,620.0,4.0,-11,4.485999860165533e-05,8.59651693548875
fixed-00000057,620.0,4.0,-10,0.00011650732644708711,8.284287014836138
fixed-00000057,620.0,4.0,-9,7.869909555518434e-05,7.959907741050458
fixed-00000057,620.0,4.0,-8,5.646069112840289e-05,7.621828010395305
fixed-00000057,620.0,4.0,-7,0.00012456010698911005,7.268136168200272
fixed-00000057,620.0,4.0,-6,0.00021675522571259248,6.896430508503414
fixed-00000057,620.0,4.0,-5,3.951838667813262e-05,6.503623029707683
fixed-00000057,620.0,4.0,-4,0.00033740476198340023,6.085628867863377
fixed-00000057,620.0,4.0,-3,0.001117417108260388,5.636847653619654
fixed-00000057,620.0,4.0,-2,0.0008194940343588796,5.149235852894208
fixed-00000057,620.0,4.0,-1,0.006327732279429793,4.610489454720607
fixed-00000057,620.0,4.0,0,0.10561376780313111,4.000000000000043
fixed-00000057,620.0,4.0,1,0.0029864481585241123,3.277924638120453
fixed-00000057,620.0,4.0,2,0.014378531349701221,2.3432844286040506
fixed-00000057,620.0,4.0,3,0.002744756766896495,0.4884414427613848
fixed-00000057,620.0,4.0,4,0.0,0.0
fixed-00000057,620.0,4.0,5,0.0,0.0
fixed-00000057,620.0,4.0,6,0.0,0.0
fixed-00000057,620.0,4.0,7,0.0,0.0
fixed-00000057,620.0,4.0,8,0.0,0.0
fixed-00000057,620.0,4.0,9,0.0,0.0
fixed-00000057,620.0,4.0,10,0.0,0.0
fixed-00000057,620.0,4.0,11,0.0,0.0
fixed-00000057,620.0,4.0,12,0.0,0.0
fixed-00000057,620.0,4.0,13,0.0,0.0
fixed-00000057,620.0,4.0,14,0.0,0.0
fixed-00000057,620.0,4.0,15,0.0,0.0
fixed-00000057,620.0,4.0,16,0.0,0.0
fixed-00000057,620.0,4.0,17,0.0,0.0
fixed-00000057,620.0,4.0,18,0.0,0.0
fixed-00000057,620.0,4.0,19,0.0,0.0
fixed-00000057,620.0,4.0,20,0.0,0.0
fixed-00000058,630.0,4.0,-20,4.7333931137788695e-05,10.941781605456612
fixed-00000058,630.0,4.0,-19,4.418787404930754e-05,10.701562533089998
fixed-00000058,630.0,4.0,-18,2.76622889979703e-05,10.455891726370012
fixed-00000058,630.0,4.0,-17,3.424546077960774e-05,10.20437539785597
fixed-00000058,630.0,4.0,-16,5.7276548942679194e-05,9.946570071032795
fixed-00000058,630.0,4.0,-15,3.574885532271749e-05,9.681973335802624
fixed-00000058,630.0,4.0,-14,3.865178510503651e-05,9.41001226788633
fixed-00000058,630.0,4.0,-13,8.727782989947097e-05,9.130028747397347
fixed-00000058,630.0,4.0,-12,4.801045223231587e-05,8.841260597125114
fixed-00000058,630.0,4.0,-11,5.1994594108686926e-05,8.542816986689516
fixed-00000058,630.0,4.0,-10,0.00012496543158766084,8.233645816218939
fixed-00000058,630.0,4.0,-9,7.511226428216647e-05,7.912489630768675
fixed-00000058,630.0,4.0,-8,6.505580600487178e-05,7.57782471381698
fixed-00000058,630.0,4.0,-7,0.00014299391198202427,7.227774780095132
fixed-00000058,630.0,4.0,-6,0.000204906728763994,6.859984980240881
fixed-00000058,630.0,4.0,-5,2.524799614337221e-05,6.471431333409825
fixed-00000058,630.0,4.0,-4,0.000400451096867272,6.058119851243731
fixed-00000058,630.0,4.0,-3,0.0010432512086158252,5.61458555509806
fixed-00000058,630.0,4.0,-2,0.0008234612245234482,5.1329998162636485
fixed-00000058,630.0,4.0,-1,0.007898860978080497,4.601430619700565
fixed-00000058,630.0,4.0,0,0.10224489368155713,4.000000000000043
fixed-00000058,630.0,4.0,1,0.0018145853195832746,3.290622283534958
fixed-00000058,630.0,4.0,2,0.013174372375011165,2.3786020958455225
fixed-00000058,630.0,4.0,3,0.00360935031421647,0.6990406976817525
fixed-00000058,630.0,4.0,4,0.0,0.0
fixed-00000058,630.0,4.0,5,0.0,0.0
fixed-00000058,630.0,4.0,6,0.0,0.0
fixed-00000058,630.0,4.0,7,0.0,0.0
fixed-00000058,630.0,4.0,8,0.0,0.0
fixed-00000058,630.0,4.0,9,0.0,0.0
fixed-00000058,630.0,4.0,10,0.0,0.0
fixed-00000058,630.0,4.0,11,0.0,0.0
fixed-00000058,630.0,4.0,12,0.0,0.0
fixed-00000058,630.0,4.0,13,0.0,0.0
fixed-00000058,630.0,4.0,14,0.0,0.0
fixed-00000058,630.0,4.0,15,0.0,0.0
fixed-00000058,630.0,4.0,16,0.0,0.0
fixed-00000058,630.0,4.0,17,0.0,0.0
fixed-00000058,630.0,4.0,18,0.0,0.0
fixed-00000058,630.0,4.0,19,0.0,0.0
fixed-00000058,630.0,4.0,20,0.0,0.0
fixed-00000059,640.0,4.0,-20,5.0044218572753935e-05,10.867276770488644
fixed-00000059,640.0,4.0,-19,4.5240474877326224e-05,10.62921490659339
fixed-00000059,640.0,4.0,-18,2.8043970925721596e-05,10.385761741931148
fixed-00000059,640.0,4.0,-17,3.774175356195727e-05,10.13652878764816
fixed-00000059,640.0,4.0,-16,5.9169656742777154e-05,9.881078656044693
fixed-00000059,640.0,4.0,-15,3.591475765610411e-05,9.618915986834352
fixed-00000059,640.0,4.0,-14,4.380661786927223e-05,9.34947608678739
fixed-00000059,640.0,4.0,-13,9.13634784037489e-05,9.072110536405091
fixed-00000059,640.0,4.0,-12,4.761218973663915e-05,8.786068711064956
fixed-00000059,640.0,4.0,-11,6.0296783581140694e-05,8.490473703062207
fixed-00000059,640.0,4.0,-10,0.00013399011760123993,8.184290419985587
fixed-00000059,640.0,4.0,-9,7.337572326007239e-05,7.866282508187567
fixed-00000059,640.0,4.0,-8,7.740471845825602e-05,7.534952908764481
fixed-00000059,640.0,4.0,-7,0.00016254653540696552,7.188459735617585
fixed-00000059,640.0,4.0,-6,0.0001972123054363615,6.824493664384079
fixed-00000059,640.0,4.0,-5,2.2673263756595515e-05,6.440092835409786
fixed-00000059,640.0,4.0,-4,0.0004626332506935699,6.03135129215535
fixed-00000059,640.0,4.0,-3,0.0009850062537099628,5.592934917952817
fixed-00000059,640.0,4.0,-2,0.0008464929136260928,5.117222163430583
fixed-00000059,640.0,4.0,-1,0.00956572153941977,4.592637870608058
fixed-00000059,640.0,4.0,0,0.09851484189432351,4.000000000000128
fixed-00000059,640.0,4.0,1,0.0009860258439679422,3.302876628141391
fixed-00000059,640.0,4.0,2,0.012199982892272128,2.4123233315560384
fixed-00000059,640.0,4.0,3,0.00413931840049872,0.8549436764009926
fixed-00000059,640.0,4.0,4,0.0,0.0
fixed-00000059,640.0,4.0,5,0.0,0.0
fixed-00000059,640.0,4.0,6,0.0,0.0
fixed-00000059,640.0,4.0,7,0.0,0.0
fixed-00000059,640.0,4.0,8,0.0,0.0
fixed-00000059,640.0,4.0,9,0.0,0.0
fixed-00000059,640.0,4.0,10,0.0,0.0
fixed-00000059,640.0,4.0,11,0.0,0.0
fixed-00000059,640.0,4.0,12,0.0,0.0
fixed-00000059,640.0,4.0,13,0.0,0.0
fixed-00000059,640.0,4.0,14,0.0,0.0
fixed-00000059,640.0,4.0,15,0.0,0.0
fixed-00000059,640.0,4.0,16,0.0,0.0
fixed-00000059,640.0,4.0,17,0.0,0.0
fixed-00000059,640.0,4.0,18,0.0,0.0
fixed-00000059,640.0,4.0,19,0.0,0.0
fixed-00000059,640.0,4.0,20,0.0,0.0
