case_id,energy_ev,grazing_angle_deg,order,efficiency,diffraction_angle_deg
fixed-00000000,50.0,4.0,-20,9.010289209369744e-05,36.946600757765104
fixed-00000000,50.0,4.0,-19,7.913990904283402e-05,35.99049916925804
fixed-00000000,50.0,4.0,-18,6.407231169062607e-05,35.01190478081956
fixed-00000000,50.0,4.0,-17,7.528315179531382e-05,34.00884370553947
fixed-00000000,50.0,4.0,-16,9.002732380840656e-05,32.97905073283735
fixed-00000000,50.0,4.0,-15,0.00010738650162420213,31.919905276127125
fixed-00000000,50.0,4.0,-14,9.235134065386252e-05,30.828348020108905
fixed-00000000,50.0,4.0,-13,0.00015076018262102683,29.700770649131364
fixed-00000000,50.0,4.0,-12,0.00017810944962081071,28.532867207683132
fixed-00000000,50.0,4.0,-11,0.00010112047349845523,27.319429403774024
fixed-00000000,50.0,4.0,-10,0.00029243534110047953,26.054057638388535
fixed-00000000,50.0,4.0,-9,0.0002889138234682191,24.728741050446132
fixed-00000000,50.0,4.0,-8,0.00016072107471320875,23.333225797914665
fixed-00000000,50.0,4.0,-7,0.0007264508175861909,21.854024375341254
fixed-00000000,50.0,4.0,-6,0.0004901470084828741,20.272780035826898
fixed-00000000,50.0,4.0,-5,0.0003713144819691857,18.563384620134798
fixed-00000000,50.0,4.0,-4,0.0027158538356112424,16.686445270170665
fixed-00000000,50.0,4.0,-3,0.0008887023297807625,14.577325397340658
fixed-00000000,50.0,4.0,-2,0.0046458332490239606,12.115293466158093
fixed-00000000,50.0,4.0,-1,0.033409473645815084,9.015622340555609
fixed-00000000,50.0,4.0,0,0.689384143094807,4.000000000000043
fixed-00000000,50.0,4.0,1,0.0,0.0
fixed-00000000,50.0,4.0,2,0.0,0.0
fixed-00000000,50.0,4.0,3,0.0,0.0
fixed-00000000,50.0,4.0,4,0.0,0.0
fixed-00000000,50.0,4.0,5,0.0,0.0
fixed-00000000,50.0,4.0,6,0.0,0.0
fixed-00000000,50.0,4.0,7,0.0,0.0
fixed-00000000,50.0,4.0,8,0.0,0.0
fixed-00000000,50.0,4.0,9,0.0,0.0
fixed-00000000,50.0,4.0,10,0.0,0.0
fixed-00000000,50.0,4.0,11,0.0,0.0
fixed-00000000,50.0,4.0,12,0.0,0.0
fixed-00000000,50.0,4.0,13,0.0,0.0
fixed-00000000,50.0,4.0,14,0.0,0.0
fixed-00000000,50.0,4.0,15,0.0,0.0
fixed-00000000,50.0,4.0,16,0.0,0.0
fixed-00000000,50.0,4.0,17,0.0,0.0
fixed-00000000,50.0,4.0,18,0.0,0.0
fixed-00000000,50.0,4.0,19,0.0,0.0
fixed-00000000,50.0,4.0,20,0.0,0.0
fixed-00000007,120.0,4.0,-20,0.0009495974453659682,23.80694914738052
fixed-00000007,120.0,4.0,-19,0.0008709179067694185,23.21337059431326
fixed-00000007,120.0,4.0,-18,0.0006429185638200267,22.605093498036354
fixed-00000007,120.0,4.0,-17,0.0009945845538409262,21.980894517242845
fixed-00000007,120.0,4.0,-16,0.0011645305029617397,21.33937330915093
fixed-00000007,120.0,4.0,-15,0.0010619936845220133,20.67891449907833
fixed-00000007,120.0,4.0,-14,0.0015030703832028005,19.997638457525795
fixed-00000007,120.0,4.0,-13,0.0017293448679086328,19.293336575596342
fixed-00000007,120.0,4.0,-12,0.0015281705427468686,18.563384620134826
fixed-00000007,120.0,4.0,-11,0.0019495316225524744,17.80462435107323
fixed-00000007,120.0,4.0,-10,0.0021285003540490563,17.01319792164763
fixed-00000007,120.0,4.0,-9,0.002457421356545445,16.18430978152439
fixed-00000007,120.0,4.0,-8,0.002510652706508207,15.311873059069754
fixed-00000007,120.0,4.0,-7,0.003575516106025431,14.387963517781984
fixed-00000007,120.0,4.0,-6,0.004047871650787259,13.401935191968363
fixed-00000007,120.0,4.0,-5,0.0026878981323020298,12.338899720932332
fixed-00000007,120.0,4.0,-4,0.012354813482198992,11.176900501616302
fixed-00000007,120.0,4.0,-3,0.007652884604045357,9.881078656044693
fixed-00000007,120.0,4.0,-2,0.017622272543022365,8.389645509317262
fixed-00000007,120.0,4.0,-1,0.16040197075335705,6.570714442852491
fixed-00000007,120.0,4.0,0,0.6086741609542147,4.000000000000128
fixed-00000007,120.0,4.0,1,0.0,0.0
fixed-00000007,120.0,4.0,2,0.0,0.0
fixed-00000007,120.0,4.0,3,0.0,0.0
fixed-00000007,120.0,4.0,4,0.0,0.0
fixed-00000007,120.0,4.0,5,0.0,0.0
fixed-00000007,120.0,4.0,6,0.0,0.0
fixed-00000007,120.0,4.0,7,0.0,0.0
fixed-00000007,120.0,4.0,8,0.0,0.0
fixed-00000007,120.0,4.0,9,0.0,0.0
fixed-00000007,120.0,4.0,10,0.0,0.0
fixed-00000007,120.0,4.0,11,0.0,0.0
fixed-00000007,120.0,4.0,12,0.0,0.0
fixed-00000007,120.0,4.0,13,0.0,0.0
fixed-00000007,120.0,4.0,14,0.0,0.0
fixed-00000007,120.0,4.0,15,0.0,0.0
fixed-00000007,120.0,4.0,16,0.0,0.0
fixed-00000007,120.0,4.0,17,0.0,0.0
fixed-00000007,120.0,4.0,18,0.0,0.0
fixed-00000007,120.0,4.0,19,0.0,0.0
fixed-00000007,120.0,4.0,20,0.0,0.0
fixed-00000004,90.0,4.0,-20,0.0009681928363594192,27.45669132490191
fixed-00000004,90.0,4.0,-19,0.00069911575463788,26.763886623772734
fixed-00000004,90.0,4.0,-18,0.0004165993094293198,26.054057638388535
fixed-00000004,90.0,4.0,-17,0.0006875828919319772,25.3257663055293
fixed-00000004,90.0,4.0,-16,0.0006720237100009021,24.57736462946967
fixed-00000004,90.0,4.0,-15,0.0005963583614374943,23.806949147380507
fixed-00000004,90.0,4.0,-14,0.0007726887197439545,23.01230186044222
fixed-00000004,90.0,4.0,-13,0.0007892156465537631,22.19081236476336
fixed-00000004,90.0,4.0,-12,0.0008261819419054918,21.33937330915093
fixed-00000004,90.0,4.0,-11,0.0008220354921834713,20.454237086533084
fixed-00000004,90.0,4.0,-10,0.0010482509881238205,19.530814598225575
fixed-00000004,90.0,4.0,-9,0.0013242122237703095,18.563384620134798
fixed-00000004,90.0,4.0,-8,0.0009838756398142243,17.544659849708694
fixed-00000004,90.0,4.0,-7,0.0021745077892393215,16.46511246866092
fixed-00000004,90.0,4.0,-6,0.0021743223979277288,15.311873059069725
fixed-00000004,90.0,4.0,-5,0.0011921344664909228,14.066817881848479
fixed-00000004,90.0,4.0,-4,0.008039184877159296,12.702966158118315
fixed-00000004,90.0,4.0,-3,0.003925198177831868,11.176900501616302
fixed-00000004,90.0,4.0,-2,0.01176255029616563,9.410012267886245
fixed-00000004,90.0,4.0,-1,0.09971043818671646,7.227774780095132
fixed-00000004,90.0,4.0,0,0.6658630459988887,4.000000000000043
fixed-00000004,90.0,4.0,1,0.0,0.0
fixed-00000004,90.0,4.0,2,0.0,0.0
fixed-00000004,90.0,4.0,3,0.0,0.0
fixed-00000004,90.0,4.0,4,0.0,0.0
fixed-00000004,90.0,4.0,5,0.0,0.0
fixed-00000004,90.0,4.0,6,0.0,0.0
fixed-00000004,90.0,4.0,7,0.0,0.0
fixed-00000004,90.0,4.0,8,0.0,0.0
fixed-00000004,90.0,4.0,9,0.0,0.0
fixed-00000004,90.0,4.0,10,0.0,0.0
fixed-00000004,90.0,4.0,11,0.0,0.0
fixed-00000004,90.0,4.0,12,0.0,0.0
fixed-00000004,90.0,4.0,13,0.0,0.0
fixed-00000004,90.0,4.0,14,0.0,0.0
fixed-00000004,90.0,4.0,15,0.0,0.0
fixed-00000004,90.0,4.0,16,0.0,0.0
fixed-00000004,90.0,4.0,17,0.0,0.0
fixed-00000004,90.0,4.0,18,0.0,0.0
fixed-00000004,90.0,4.0,19,0.0,0.0
fixed-00000004,90.0,4.0,20,0.0,0.0
fixed-00000003,80.0,4.0,-20,0.0006273363893143779,29.122161170553625
fixed-00000003,80.0,4.0,-19,0.00043703451068889855,28.383796025086852
fixed-00000003,80.0,4.0,-18,0.0002862882066223366,27.62738395184673
fixed-00000003,80.0,4.0,-17,0.00044677587929043707,26.85139076255797
fixed-00000003,80.0,4.0,-16,0.0004274935579823267,26.05405763838855
fixed-00000003,80.0,4.0,-15,0.0004277343900131493,25.23335224938701
fixed-00000003,80.0,4.0,-14,0.0005003031610435942,24.38690529633689
fixed-00000003,80.0,4.0,-13,0.0005332253633718737,23.51192678300849
fixed-00000003,80.0,4.0,-12,0.0006128434906302876,22.605093498036354
fixed-00000003,80.0,4.0,-11,0.0005241941639944519,21.662394599301848
fixed-00000003,80.0,4.0,-10,0.0007876642084245876,20.678914499078303
fixed-00000003,80.0,4.0,-9,0.0009805942978573202,19.6485188177962
fixed-00000003,80.0,4.0,-8,0.0006386183080076701,18.563384620134826
fixed-00000003,80.0,4.0,-7,0.0017356232303004208,17.413268710318007
fixed-00000003,80.0,4.0,-6,0.001612959650727852,16.18430978152439
fixed-00000003,80.0,4.0,-5,0.000876075184535303,14.856940312447804
fixed-00000003,80.0,4.0,-4,0.0064637657926155225,13.401935191968363
fixed-00000003,80.0,4.0,-3,0.0028903581561526394,11.772044157333355
fixed-00000003,80.0,4.0,-2,0.009691491383288306,9.881078656044693
fixed-00000003,80.0,4.0,-1,0.07953098336459019,7.534952908764481
fixed-00000003,80.0,4.0,0,0.6696197158927609,4.000000000000128
fixed-00000003,80.0,4.0,1,0.0,0.0
fixed-00000003,80.0,4.0,2,0.0,0.0
fixed-00000003,80.0,4.0,3,0.0,0.0
fixed-00000003,80.0,4.0,4,0.0,0.0
fixed-00000003,80.0,4.0,5,0.0,0.0
fixed-00000003,80.0,4.0,6,0.0,0.0
fixed-00000003,80.0,4.0,7,0.0,0.0
fixed-00000003,80.0,4.0,8,0.0,0.0
fixed-00000003,80.0,4.0,9,0.0,0.0
fixed-00000003,80.0,4.0,10,0.0,0.0
fixed-00000003,80.0,4.0,11,0.0,0.0
fixed-00000003,80.0,4.0,12,0.0,0.0
fixed-00000003,80.0,4.0,13,0.0,0.0
fixed-00000003,80.0,4.0,14,0.0,0.0
fixed-00000003,80.0,4.0,15,0.0,0.0
fixed-00000003,80.0,4.0,16,0.0,0.0
fixed-00000003,80.0,4.0,17,0.0,0.0
fixed-00000003,80.0,4.0,18,0.0,0.0
fixed-00000003,80.0,4.0,19,0.0,0.0
fixed-00000003,80.0,4.0,20,0.0,0.0
fixed-00000005,100.0,4.0,-20,0.0011737949418423753,26.054057638388535
fixed-00000005,100.0,4.0,-19,0.0009679274857310008,25.39947137852822
fixed-00000005,100.0,4.0,-18,0.0005695353543964597,24.728741050446132
fixed-00000005,100.0,4.0,-17,0.0009130875381993213,24.040510406174633
fixed-00000005,100.0,4.0,-16,0.0009785655265067555,23.333225797914665
fixed-00000005,100.0,4.0,-15,0.0007897984278255306,22.60509349803634
fixed-00000005,100.0,4.0,-14,0.0010759724363414301,21.854024375341254
fixed-00000005,100.0,4.0,-13,0.0011440496268417847,21.07756102550144
fixed-00000005,100.0,4.0,-12,0.0010580855384003185,20.272780035826898
fixed-00000005,100.0,4.0,-11,0.0011879571410368806,19.43615815678045
fixed-00000005,100.0,4.0,-10,0.0013936993362184938,18.563384620134798
fixed-00000005,100.0,4.0,-9,0.0016904389067109904,17.649090489235533
fixed-00000005,100.0,4.0,-8,0.0014414140142700932,16.686445270170665
fixed-00000005,100.0,4.0,-7,0.002669335090034907,15.666531340439832
fixed-00000005,100.0,4.0,-6,0.002780774017531065,14.577325397340658
fixed-00000005,100.0,4.0,-5,0.00162534993181721,13.401935191968334
fixed-00000005,100.0,4.0,-4,0.009664302323598857,12.115293466158093
fixed-00000005,100.0,4.0,-3,0.005096852964294648,10.677246924869166
fixed-00000005,100.0,4.0,-2,0.013931682132781446,9.015622340555609
fixed-00000005,100.0,4.0,-1,0.12109018872435848,6.972349028947534
fixed-00000005,100.0,4.0,0,0.6567599019580384,4.000000000000043
fixed-00000005,100.0,4.0,1,0.0,0.0
fixed-00000005,100.0,4.0,2,0.0,0.0
fixed-00000005,100.0,4.0,3,0.0,0.0
fixed-00000005,100.0,4.0,4,0.0,0.0
fixed-00000005,100.0,4.0,5,0.0,0.0
fixed-00000005,100.0,4.0,6,0.0,0.0
fixed-00000005,100.0,4.0,7,0.0,0.0
fixed-00000005,100.0,4.0,8,0.0,0.0
fixed-00000005,100.0,4.0,9,0.0,0.0
fixed-00000005,100.0,4.0,10,0.0,0.0
fixed-00000005,100.0,4.0,11,0.0,0.0
fixed-00000005,100.0,4.0,12,0.0,0.0
fixed-00000005,100.0,4.0,13,0.0,0.0
fixed-00000005,100.0,4.0,14,0.0,0.0
fixed-00000005,100.0,4.0,15,0.0,0.0
fixed-00000005,100.0,4.0,16,0.0,0.0
fixed-00000005,100.0,4.0,17,0.0,0.0
fixed-00000005,100.0,4.0,18,0.0,0.0
fixed-00000005,100.0,4.0,19,0.0,0.0
fixed-00000005,100.0,4.0,20,0.0,0.0
fixed-00000008,130.0,4.0,-20,0.0007675244305975224,22.887737429280307
fixed-00000008,130.0,4.0,-19,0.0006882044210577121,22.319060381202533
fixed-00000008,130.0,4.0,-18,0.0005126319732566278,21.73628858867596
fixed-00000008,130.0,4.0,-17,0.0007967407262707332,21.138253797703968
fixed-00000008,130.0,4.0,-16,0.0009060486383866208,20.523619220618087
fixed-00000008,130.0,4.0,-15,0.0008549430694899164,19.890843436975487
fixed-00000008,130.0,4.0,-14,0.0012880900604497684,19.238133704924607
fixed-00000008,130.0,4.0,-13,0.0015401068258566214,18.563384620134784
fixed-00000008,130.0,4.0,-12,0.001424449939909742,17.86409607789507
fixed-00000008,130.0,4.0,-11,0.0020353532220084717,17.137261306119782
fixed-00000008,130.0,4.0,-10,0.0022650994717545326,16.379210436004684
fixed-00000008,130.0,4.0,-9,0.002543898245428294,15.58538591965737
fixed-00000008,130.0,4.0,-8,0.002948339575405186,14.750009564284554
fixed-00000008,130.0,4.0,-7,0.003755550363772713,13.865569460383654
fixed-00000008,130.0,4.0,-6,0.004369798933178373,12.921991178661202
fixed-00000008,130.0,4.0,-5,0.0032812925867979144,11.905217349750558
fixed-00000008,130.0,4.0,-4,0.012764511830209713,10.794579595613783
fixed-00000008,130.0,4.0,-3,0.00859275994786969,9.557405601711935
fixed-00000008,130.0,4.0,-2,0.018692537665698342,8.136169892284855
fixed-00000008,130.0,4.0,-1,0.1724951048333239,6.409572995038118
fixed-00000008,130.0,4.0,0,0.5651591831436172,3.999999999999943
fixed-00000008,130.0,4.0,1,0.0,0.0
fixed-00000008,130.0,4.0,2,0.0,0.0
fixed-00000008,130.0,4.0,3,0.0,0.0
fixed-00000008,130.0,4.0,4,0.0,0.0
fixed-00000008,130.0,4.0,5,0.0,0.0
fixed-00000008,130.0,4.0,6,0.0,0.0
fixed-00000008,130.0,4.0,7,0.0,0.0
fixed-00000008,130.0,4.0,8,0.0,0.0
fixed-00000008,130.0,4.0,9,0.0,0.0
fixed-00000008,130.0,4.0,10,0.0,0.0
fixed-00000008,130.0,4.0,11,0.0,0.0
fixed-00000008,130.0,4.0,12,0.0,0.0
fixed-00000008,130.0,4.0,13,0.0,0.0
fixed-00000008,130.0,4.0,14,0.0,0.0
fixed-00000008,130.0,4.0,15,0.0,0.0
fixed-00000008,130.0,4.0,16,0.0,0.0
fixed-00000008,130.0,4.0,17,0.0,0.0
fixed-00000008,130.0,4.0,18,0.0,0.0
fixed-00000008,130.0,4.0,19,0.0,0.0
fixed-00000008,130.0,4.0,20,0.0,0.0
fixed-00000002,70.0,4.0,-20,0.00035992065209435655,31.143727622325613
fixed-00000002,70.0,4.0,-19,0.000261810143501328,30.3497443387063
fixed-00000002,70.0,4.0,-18,0.00018524797461488677,29.536506828714217
fixed-00000002,70.0,4.0,-17,0.00026809774903473356,28.702365570412915
fixed-00000002,70.0,4.0,-16,0.0002656859360777673,27.845428820199288
fixed-00000002,70.0,4.0,-15,0.000289200570841655,26.963509729777833
fixed-00000002,70.0,4.0,-14,0.00030674413736983064,26.054057638388535
fixed-00000002,70.0,4.0,-13,0.000360842196178452,25.114067339116176
fixed-00000002,70.0,4.0,-12,0.00043214383710832045,24.13995702449016
fixed-00000002,70.0,4.0,-11,0.0003210268592819573,23.127400592828295
fixed-00000002,70.0,4.0,-10,0.0005882580789431411,22.071091552917864
fixed-00000002,70.0,4.0,-9,0.0006928629946263384,20.964400995176362
fixed-00000002,70.0,4.0,-8,0.0004110410432663131,19.798865027537445
fixed-00000002,70.0,4.0,-7,0.0013545868929659883,18.563384620134798
fixed-00000002,70.0,4.0,-6,0.0011469674934764813,17.242912058772163
fixed-00000002,70.0,4.0,-5,0.0006592583224197413,15.816153021261812
fixed-00000002,70.0,4.0,-4,0.005050877416282316,14.251197562253566
fixed-00000002,70.0,4.0,-3,0.002053685929704251,12.496206306817058
fixed-00000002,70.0,4.0,-2,0.007836068016954405,10.45589172636997
fixed-00000002,70.0,4.0,-1,0.061828609692908654,7.9124896307686186
fixed-00000002,70.0,4.0,0,0.6745391129654659,4.000000000000043
fixed-00000002,70.0,4.0,1,0.0,0.0
fixed-00000002,70.0,4.0,2,0.0,0.0
fixed-00000002,70.0,4.0,3,0.0,0.0
fixed-00000002,70.0,4.0,4,0.0,0.0
fixed-00000002,70.0,4.0,5,0.0,0.0
fixed-00000002,70.0,4.0,6,0.0,0.0
fixed-00000002,70.0,4.0,7,0.0,0.0
fixed-00000002,70.0,4.0,8,0.0,0.0
fixed-00000002,70.0,4.0,9,0.0,0.0
fixed-00000002,70.0,4.0,10,0.0,0.0
fixed-00000002,70.0,4.0,11,0.0,0.0
fixed-00000002,70.0,4.0,12,0.0,0.0
fixed-00000002,70.0,4.0,13,0.0,0.0
fixed-00000002,70.0,4.0,14,0.0,0.0
fixed-00000002,70.0,4.0,15,0.0,0.0
fixed-00000002,70.0,4.0,16,0.0,0.0
fixed-00000002,70.0,4.0,17,0.0,0.0
fixed-00000002,70.0,4.0,18,0.0,0.0
fixed-00000002,70.0,4.0,19,0.0,0.0
fixed-00000002,70.0,4.0,20,0.0,0.0
fixed-00000001,60.0,4.0,-20,0.0002220612678054073,33.66867098629079
fixed-00000001,60.0,4.0,-19,0.00016075375310264087,32.804641534161746
fixed-00000001,60.0,4.0,-18,0.00012470948195750318,31.91990527612714
fixed-00000001,60.0,4.0,-17,0.0001635759200512995,31.012670458853336
fixed-00000001,60.0,4.0,-16,0.00016616220185155842,30.0808814961542
fixed-00000001,60.0,4.0,-15,0.00019878692094442744,29.122161170553625
fixed-00000001,60.0,4.0,-14,0.00018500962850946054,28.133735479709266
fixed-00000001,60.0,4.0,-13,0.00024482310857646837,27.112334302138407
fixed-00000001,60.0,4.0,-12,0.00030507300766274376,26.05405763838855
fixed-00000001,60.0,4.0,-11,0.00018880092312864106,24.95419162388059
fixed-00000001,60.0,4.0,-10,0.00043662086131270316,23.80694914738052
fixed-00000001,60.0,4.0,-9,0.0004815907842143993,22.605093498036354
fixed-00000001,60.0,4.0,-8,0.0002563739195947876,21.33937330915093
fixed-00000001,60.0,4.0,-7,0.001039783704519242,19.997638457525795
fixed-00000001,60.0,4.0,-6,0.0007934276509438679,18.563384620134826
fixed-00000001,60.0,4.0,-5,0.0004947820006474965,17.01319792164763
fixed-00000001,60.0,4.0,-4,0.0038493677071664476,15.311873059069754
fixed-00000001,60.0,4.0,-3,0.0014061131129625762,13.401935191968363
fixed-00000001,60.0,4.0,-2,0.006192680259209413,11.176900501616302
fixed-00000001,60.0,4.0,-1,0.04670954183735499,8.389645509317262
fixed-00000001,60.0,4.0,0,0.6822447013349481,4.000000000000128
fixed-00000001,60.0,4.0,1,0.0,0.0
fixed-00000001,60.0,4.0,2,0.0,0.0
fixed-00000001,60.0,4.0,3,0.0,0.0
fixed-00000001,60.0,4.0,4,0.0,0.0
fixed-00000001,60.0,4.0,5,0.0,0.0
fixed-00000001,60.0,4.0,6,0.0,0.0
fixed-00000001,60.0,4.0,7,0.0,0.0
fixed-00000001,60.0,4.0,8,0.0,0.0
fixed-00000001,60.0,4.0,9,0.0,0.0
fixed-00000001,60.0,4.0,10,0.0,0.0
fixed-00000001,60.0,4.0,11,0.0,0.0
fixed-00000001,60.0,4.0,12,0.0,0.0
fixed-00000001,60.0,4.0,13,0.0,0.0
fixed-00000001,60.0,4.0,14,0.0,0.0
fixed-00000001,60.0,4.0,15,0.0,0.0
fixed-00000001,60.0,4.0,16,0.0,0.0
fixed-00000001,60.0,4.0,17,0.0,0.0
fixed-00000001,60.0,4.0,18,0.0,0.0
fixed-00000001,60.0,4.0,19,0.0,0.0
fixed-00000001,60.0,4.0,20,0.0,0.0
fixed-00000006,110.0,4.0,-20,0.001180617754877779,24.851951542714687
fixed-00000006,110.0,4.0,-19,0.0010818367749282683,24.2300299857246
fixed-00000006,110.0,4.0,-18,0.0007196308964767072,23.592732267871042
fixed-00000006,110.0,4.0,-17,0.0010840805081415385,22.938772943565866
fixed-00000006,110.0,4.0,-16,0.0012452757427364896,22.266680028298126
fixed-00000006,110.0,4.0,-15,0.0010253521506961914,21.574754793732083
fixed-00000006,110.0,4.0,-14,0.0013808966107168176,20.861019691517996
fixed-00000006,110.0,4.0,-13,0.0015399905600492019,20.12314981933116
fixed-00000006,110.0,4.0,-12,0.001343677973215772,19.358381089041814
fixed-00000006,110.0,4.0,-11,0.0015906702557896843,18.563384620134798
fixed-00000006,110.0,4.0,-10,0.0018015140477614826,17.73409081271616
fixed-00000006,110.0,4.0,-9,0.0021096877963827742,16.86543602782575
fixed-00000006,110.0,4.0,-8,0.0019644041826089313,15.950985698613678
fixed-00000006,110.0,4.0,-7,0.0032006026419513223,14.982351111948859
fixed-00000006,110.0,4.0,-6,0.00344955038445628,13.948242344473982
fixed-00000006,110.0,4.0,-5,0.0021330949450282105,12.832834315133255
fixed-00000006,110.0,4.0,-4,0.011267363527525455,11.612716944258509
fixed-00000006,110.0,4.0,-3,0.0063947510438609545,10.250559696102783
fixed-00000006,110.0,4.0,-2,0.01604242811194991,8.679735599183942
fixed-00000006,110.0,4.0,-1,0.14260343863452585,6.756222279782023
fixed-00000006,110.0,4.0,0,0.6398662824613108,4.000000000000043
fixed-00000006,110.0,4.0,1,0.0,0.0
fixed-00000006,110.0,4.0,2,0.0,0.0
fixed-00000006,110.0,4.0,3,0.0,0.0
fixed-00000006,110.0,4.0,4,0.0,0.0
fixed-00000006,110.0,4.0,5,0.0,0.0
fixed-00000006,110.0,4.0,6,0.0,0.0
fixed-00000006,110.0,4.0,7,0.0,0.0
fixed-00000006,110.0,4.0,8,0.0,0.0
fixed-00000006,110.0,4.0,9,0.0,0.0
fixed-00000006,110.0,4.0,10,0.0,0.0
fixed-00000006,110.0,4.0,11,0.0,0.0
fixed-00000006,110.0,4.0,12,0.0,0.0
fixed-00000006,110.0,4.0,13,0.0,0.0
fixed-00000006,110.0,4.0,14,0.0,0.0
fixed-00000006,110.0,4.0,15,0.0,0.0
fixed-00000006,110.0,4.0,16,0.0,0.0
fixed-00000006,110.0,4.0,17,0.0,0.0
fixed-00000006,110.0,4.0,18,0.0,0.0
fixed-00000006,110.0,4.0,19,0.0,0.0
fixed-00000006,110.0,4.0,20,0.0,0.0
fixed-00000009,140.0,4.0,-20,0.0006061455843046741,22.071091552917864
fixed-00000009,140.0,4.0,-19,0.0005344255268750722,21.524522367911075
fixed-00000009,140.0,4.0,-18,0.000415142095386374,20.964400995176362
fixed-00000009,140.0,4.0,-17,0.0006387016917534508,20.3896085063504
fixed-00000009,140.0,4.0,-16,0.0007092982500440582,19.798865027537445
fixed-00000009,140.0,4.0,-15,0.0006611770789462231,19.190695371391683
fixed-00000009,140.0,4.0,-14,0.0010062688009446995,18.563384620134798
fixed-00000009,140.0,4.0,-13,0.001178894324124392,17.91491981726459
fixed-00000009,140.0,4.0,-12,0.001127116144770386,17.242912058772163
fixed-00000009,140.0,4.0,-11,0.0017679661428160478,16.544490275662753
fixed-00000009,140.0,4.0,-10,0.002098555102554903,15.816153021261812
fixed-00000009,140.0,4.0,-9,0.0023408314989409595,15.05355599411152
fixed-00000009,140.0,4.0,-8,0.0031028620725231885,14.251197562253566
fixed-00000009,140.0,4.0,-7,0.0037494695703132338,13.401935191968334
fixed-00000009,140.0,4.0,-6,0.004391750831672422,12.496206306817058
fixed-00000009,140.0,4.0,-5,0.003848181036041297,11.520697333479006
fixed-00000009,140.0,4.0,-4,0.012660914464162006,10.45589172636997
fixed-00000009,140.0,4.0,-3,0.009173245104279389,9.27106825583462
fixed-00000009,140.0,4.0,-2,0.019425397766755306,7.9124896307686186
fixed-00000009,140.0,4.0,-1,0.1792871815662234,6.268169548557026
fixed-00000009,140.0,4.0,0,0.5151369268405871,4.000000000000043
fixed-00000009,140.0,4.0,1,0.0,0.0
fixed-00000009,140.0,4.0,2,0.0,0.0
fixed-00000009,140.0,4.0,3,0.0,0.0
fixed-00000009,140.0,4.0,4,0.0,0.0
fixed-00000009,140.0,4.0,5,0.0,0.0
fixed-00000009,140.0,4.0,6,0.0,0.0
fixed-00000009,140.0,4.0,7,0.0,0.0
fixed-00000009,140.0,4.0,8,0.0,0.0
fixed-00000009,140.0,4.0,9,0.0,0.0
fixed-00000009,140.0,4.0,10,0.0,0.0
fixed-00000009,140.0,4.0,11,0.0,0.0
fixed-00000009,140.0,4.0,12,0.0,0.0
fixed-00000009,140.0,4.0,13,0.0,0.0
fixed-00000009,140.0,4.0,14,0.0,0.0
fixed-00000009,140.0,4.0,15,0.0,0.0
fixed-00000009,140.0,4.0,16,0.0,0.0
fixed-00000009,140.0,4.0,17,0.0,0.0
fixed-00000009,140.0,4.0,18,0.0,0.0
fixed-00000009,140.0,4.0,19,0.0,0.0
fixed-00000009,140.0,4.0,20,0.0,0.0
fixed-00000010,150.0,4.0,-20,0.0004721651909498194,21.33937330915093
fixed-00000010,150.0,4.0,-19,0.0004013410623529623,20.81260721870089
fixed-00000010,150.0,4.0,-18,0.0003246296191751487,20.272780035826898
fixed-00000010,150.0,4.0,-17,0.0005021213518333838,19.71881735546995
fixed-00000010,150.0,4.0,-16,0.0005475367200813771,19.149490680969976
fixed-00000010,150.0,4.0,-15,0.0005159868512909425,18.563384620134798
fixed-00000010,150.0,4.0,-14,0.0007813210804094746,17.958854520446636
fixed-00000010,150.0,4.0,-13,0.000880953821029371,17.333970900377437
fixed-00000010,150.0,4.0,-12,0.0008245518148226515,16.686445270170665
fixed-00000010,150.0,4.0,-11,0.0013411686876719316,16.013529106660258
fixed-00000010,150.0,4.0,-10,0.0016225794154814397,15.311873059069754
fixed-00000010,150.0,4.0,-9,0.0018267041764071924,14.577325397340658
fixed-00000010,150.0,4.0,-8,0.0026948234724591693,13.804634215692602
fixed-00000010,150.0,4.0,-7,0.0033063004263328352,12.986990452752977
fixed-00000010,150.0,4.0,-6,0.003869019606167233,12.115293466158093
fixed-00000010,150.0,4.0,-5,0.004037986666840213,11.176900501616302
fixed-00000010,150.0,4.0,-4,0.011648280664845368,10.153332615240856
fixed-00000010,150.0,4.0,-3,0.00893525925896445,9.015622340555609
fixed-00000010,150.0,4.0,-2,0.019352134764208613,7.713422675659871
fixed-00000010,150.0,4.0,-1,0.17628358520460788,6.142998339829575
fixed-00000010,150.0,4.0,0,0.4528382526688784,4.000000000000043
fixed-00000010,150.0,4.0,1,0.0,0.0
fixed-00000010,150.0,4.0,2,0.0,0.0
fixed-00000010,150.0,4.0,3,0.0,0.0
fixed-00000010,150.0,4.0,4,0.0,0.0
fixed-00000010,150.0,4.0,5,0.0,0.0
fixed-00000010,150.0,4.0,6,0.0,0.0
fixed-00000010,150.0,4.0,7,0.0,0.0
fixed-00000010,150.0,4.0,8,0.0,0.0
fixed-00000010,150.0,4.0,9,0.0,0.0
fixed-00000010,150.0,4.0,10,0.0,0.0
fixed-00000010,150.0,4.0,11,0.0,0.0
fixed-00000010,150.0,4.0,12,0.0,0.0
fixed-00000010,150.0,4.0,13,0.0,0.0
fixed-00000010,150.0,4.0,14,0.0,0.0
fixed-00000010,150.0,4.0,15,0.0,0.0
fixed-00000010,150.0,4.0,16,0.0,0.0
fixed-00000010,150.0,4.0,17,0.0,0.0
fixed-00000010,150.0,4.0,18,0.0,0.0
fixed-00000010,150.0,4.0,19,0.0,0.0
fixed-00000010,150.0,4.0,20,0.0,0.0
fixed-00000011,160.0,4.0,-20,0.0003862965763146938,20.678914499078303
fixed-00000011,160.0,4.0,-19,0.00031671606366891273,20.170023522549073
fixed-00000011,160.0,4.0,-18,0.0002627064957469627,19.6485188177962
fixed-00000011,160.0,4.0,-17,0.0004123483755885314,19.113366448532148
fixed-00000011,160.0,4.0,-16,0.0004380844533876115,18.563384620134826
fixed-00000011,160.0,4.0,-15,0.00042489892761616107,17.997212298226287
fixed-00000011,160.0,4.0,-14,0.0006430488833760034,17.413268710318007
fixed-00000011,160.0,4.0,-13,0.0007083869955666214,16.809700268524495
fixed-00000011,160.0,4.0,-12,0.0006548045858129833,16.18430978152439
fixed-00000011,160.0,4.0,-11,0.0010873709571607472,15.534460149598402
fixed-00000011,160.0,4.0,-10,0.0012866859135091417,14.856940312447804
fixed-00000011,160.0,4.0,-9,0.0014463220384757147,14.147773622565637
fixed-00000011,160.0,4.0,-8,0.002264444567669934,13.401935191968363
fixed-00000011,160.0,4.0,-7,0.0028206290267282995,12.612919034749368
fixed-00000011,160.0,4.0,-6,0.0033170276570396746,11.772044157333355
fixed-00000011,160.0,4.0,-5,0.004028657883265235,10.867276770488644
fixed-00000011,160.0,4.0,-4,0.010562862213034757,9.881078656044693
fixed-00000011,160.0,4.0,-3,0.008482324825469591,8.786068711064956
fixed-00000011,160.0,4.0,-2,0.019179137678817487,7.534952908764481
fixed-00000011,160.0,4.0,-1,0.17069187151415655,6.03135129215535
fixed-00000011,160.0,4.0,0,0.3948303293531907,4.000000000000128
fixed-00000011,160.0,4.0,1,0.0,0.0
fixed-00000011,160.0,4.0,2,0.0,0.0
fixed-00000011,160.0,4.0,3,0.0,0.0
fixed-00000011,160.0,4.0,4,0.0,0.0
fixed-00000011,160.0,4.0,5,0.0,0.0
fixed-00000011,160.0,4.0,6,0.0,0.0
fixed-00000011,160.0,4.0,7,0.0,0.0
fixed-00000011,160.0,4.0,8,0.0,0.0
fixed-00000011,160.0,4.0,9,0.0,0.0
fixed-00000011,160.0,4.0,10,0.0,0.0
fixed-00000011,160.0,4.0,11,0.0,0.0
fixed-00000011,160.0,4.0,12,0.0,0.0
fixed-00000011,160.0,4.0,13,0.0,0.0
fixed-00000011,160.0,4.0,14,0.0,0.0
fixed-00000011,160.0,4.0,15,0.0,0.0
fixed-00000011,160.0,4.0,16,0.0,0.0
fixed-00000011,160.0,4.0,17,0.0,0.0
fixed-00000011,160.0,4.0,18,0.0,0.0
fixed-00000011,160.0,4.0,19,0.0,0.0
fixed-00000011,160.0,4.0,20,0.0,0.0
fixed-00000012,170.0,4.0,-20,0.00031147068229526716,20.078937587093307
fixed-00000012,170.0,4.0,-19,0.00024617028450414977,19.586289471248577
fixed-00000012,170.0,4.0,-18,0.00020726332956666734,19.08143745864639
fixed-00000012,170.0,4.0,-17,0.00033152832115460225,18.563384620134798
fixed-00000012,170.0,4.0,-16,0.00034203605442877365,18.030991870959312
fixed-00000012,170.0,4.0,-15,0.0003399407272095797,17.482947890801668
fixed-00000012,170.0,4.0,-14,0.0005164765425089916,16.917730332891097
fixed-00000012,170.0,4.0,-13,0.000554495213725804,16.333555025629337
fixed-00000012,170.0,4.0,-12,0.0005151074768577838,15.728308285955407
fixed-00000012,170.0,4.0,-11,0.0008688782801370514,15.099454930199627
fixed-00000012,170.0,4.0,-10,0.0009985582808085325,14.443910384212742
fixed-00000012,170.0,4.0,-9,0.0011099640144323804,13.757858124151412
fixed-00000012,170.0,4.0,-8,0.0017773027496850913,13.036480848951996
fixed-00000012,170.0,4.0,-7,0.0022146100021948802,12.273549626976305
fixed-00000012,170.0,4.0,-6,0.00260994974704662,11.460766897267831
fixed-00000012,170.0,4.0,-5,0.003591675018462511,10.586654831666635
fixed-00000012,170.0,4.0,-4,0.008950617359612957,9.634532883621333
fixed-00000012,170.0,4.0,-3,0.007389799956294903,8.578462776597007
fixed-00000012,170.0,4.0,-2,0.018163489721393023,7.37391453146995
fixed-00000012,170.0,4.0,-1,0.15690681435061943,5.931100707011396
fixed-00000012,170.0,4.0,0,0.33171684382959726,4.000000000000043
fixed-00000012,170.0,4.0,1,0.0,0.0
fixed-00000012,170.0,4.0,2,0.0,0.0
fixed-00000012,170.0,4.0,3,0.0,0.0
fixed-00000012,170.0,4.0,4,0.0,0.0
fixed-00000012,170.0,4.0,5,0.0,0.0
fixed-00000012,170.0,4.0,6,0.0,0.0
fixed-00000012,170.0,4.0,7,0.0,0.0
fixed-00000012,170.0,4.0,8,0.0,0.0
fixed-00000012,170.0,4.0,9,0.0,0.0
fixed-00000012,170.0,4.0,10,0.0,0.0
fixed-00000012,170.0,4.0,11,0.0,0.0
fixed-00000012,170.0,4.0,12,0.0,0.0
fixed-00000012,170.0,4.0,13,0.0,0.0
fixed-00000012,170.0,4.0,14,0.0,0.0
fixed-00000012,170.0,4.0,15,0.0,0.0
fixed-00000012,170.0,4.0,16,0.0,0.0
fixed-00000012,170.0,4.0,17,0.0,0.0
fixed-00000012,170.0,4.0,18,0.0,0.0
fixed-00000012,170.0,4.0,19,0.0,0.0
fixed-00000012,170.0,4.0,20,0.0,0.0
fixed-00000013,180.0,4.0,-20,0.0002746089869513394,19.530814598225575
fixed-00000013,180.0,4.0,-19,0.00020969620129343894,19.053012891096714
fixed-00000013,180.0,4.0,-18,0.00018019224910383234,18.563384620134798
fixed-00000013,180.0,4.0,-17,0.00029055084931628146,18.06096687878967
fixed-00000013,180.0,4.0,-16,0.0002932502494738069,17.544659849708694
fixed-00000013,180.0,4.0,-15,0.0002956701963851227,17.013197921647617
fixed-00000013,180.0,4.0,-14,0.00044923555355279993,16.46511246866092
fixed-00000013,180.0,4.0,-13,0.0004682044576893484,15.898683146952209
fixed-00000013,180.0,4.0,-12,0.00043993748221821095,15.311873059069725
fixed-00000013,180.0,4.0,-11,0.0007539211584488188,14.702240730771123
fixed-00000013,180.0,4.0,-10,0.0008393728387823416,14.066817881848479
fixed-00000013,180.0,4.0,-9,0.0009363628868833215,13.401935191968363
fixed-00000013,180.0,4.0,-8,0.0015097500434637296,12.702966158118315
fixed-00000013,180.0,4.0,-7,0.0018399389171630254,11.96393641047473
fixed-00000013,180.0,4.0,-6,0.0021827766725752806,11.176900501616302
fixed-00000013,180.0,4.0,-5,0.0032021729290705936,10.330890706572049
fixed-00000013,180.0,4.0,-4,0.0077182520359591784,9.410012267886245
fixed-00000013,180.0,4.0,-3,0.006463469142346505,8.389645509317262
fixed-00000013,180.0,4.0,-2,0.01719875182122444,7.227774780095132
fixed-00000013,180.0,4.0,-1,0.1440583007428064,5.840549916165145
fixed-00000013,180.0,4.0,0,0.27812529779814343,4.000000000000043
fixed-00000013,180.0,4.0,1,0.0,0.0
fixed-00000013,180.0,4.0,2,0.0,0.0
fixed-00000013,180.0,4.0,3,0.0,0.0
fixed-00000013,180.0,4.0,4,0.0,0.0
fixed-00000013,180.0,4.0,5,0.0,0.0
fixed-00000013,180.0,4.0,6,0.0,0.0
fixed-00000013,180.0,4.0,7,0.0,0.0
fixed-00000013,180.0,4.0,8,0.0,0.0
fixed-00000013,180.0,4.0,9,0.0,0.0
fixed-00000013,180.0,4.0,10,0.0,0.0
fixed-00000013,180.0,4.0,11,0.0,0.0
fixed-00000013,180.0,4.0,12,0.0,0.0
fixed-00000013,180.0,4.0,13,0.0,0.0
fixed-00000013,180.0,4.0,14,0.0,0.0
fixed-00000013,180.0,4.0,15,0.0,0.0
fixed-00000013,180.0,4.0,16,0.0,0.0
fixed-00000013,180.0,4.0,17,0.0,0.0
fixed-00000013,180.0,4.0,18,0.0,0.0
fixed-00000013,180.0,4.0,19,0.0,0.0
fixed-00000013,180.0,4.0,20,0.0,0.0
fixed-00000014,190.0,4.0,-20,0.00026896538856108416,19.027545728760387
fixed-00000014,190.0,4.0,-19,0.00019905585109261287,18.563384620134798
fixed-00000014,190.0,4.0,-18,0.00017596957467875935,18.087745917971517
fixed-00000014,190.0,4.0,-17,0.00028327918642366914,17.599698142746774
fixed-00000014,190.0,4.0,-16,0.00028076371715144197,17.098177750245895
fixed-00000014,190.0,4.0,-15,0.00028817487134618616,16.581961354199663
fixed-00000014,190.0,4.0,-14,0.0004350081963699682,16.04962995579325
fixed-00000014,190.0,4.0,-13,0.0004409093674696753,15.49952217558176
fixed-00000014,190.0,4.0,-12,0.0004210296884951875,14.929672049973433
fixed-00000014,190.0,4.0,-11,0.0007306728559530434,14.337724668923613
fixed-00000014,190.0,4.0,-10,0.0007830224742012578,13.720819169692376
fixed-00000014,190.0,4.0,-9,0.0008853132499439534,13.075422179669076
fixed-00000014,190.0,4.0,-8,0.0014365789009891448,12.397083362613174
fixed-00000014,190.0,4.0,-7,0.001688140926146622,11.680063301026976
fixed-00000014,190.0,4.0,-6,0.0020429248832463517,10.916741345033458
fixed-00000014,190.0,4.0,-5,0.0030975882912881365,10.096619860707108
fixed-00000014,190.0,4.0,-4,0.007140136407107387,9.204527144434891
fixed-00000014,190.0,4.0,-3,0.006067196753548025,8.217053724399236
fixed-00000014,190.0,4.0,-2,0.017033500665579574,7.094480733772272
fixed-00000014,190.0,4.0,-1,0.13734411912473124,5.758328175331556
fixed-00000014,190.0,4.0,0,0.24057125441324773,4.000000000000043
fixed-00000014,190.0,4.0,1,0.0,0.0
fixed-00000014,190.0,4.0,2,0.0,0.0
fixed-00000014,190.0,4.0,3,0.0,0.0
fixed-00000014,190.0,4.0,4,0.0,0.0
fixed-00000014,190.0,4.0,5,0.0,0.0
fixed-00000014,190.0,4.0,6,0.0,0.0
fixed-00000014,190.0,4.0,7,0.0,0.0
fixed-00000014,190.0,4.0,8,0.0,0.0
fixed-00000014,190.0,4.0,9,0.0,0.0
fixed-00000014,190.0,4.0,10,0.0,0.0
fixed-00000014,190.0,4.0,11,0.0,0.0
fixed-00000014,190.0,4.0,12,0.0,0.0
fixed-00000014,190.0,4.0,13,0.0,0.0
fixed-00000014,190.0,4.0,14,0.0,0.0
fixed-00000014,190.0,4.0,15,0.0,0.0
fixed-00000014,190.0,4.0,16,0.0,0.0
fixed-00000014,190.0,4.0,17,0.0,0.0
fixed-00000014,190.0,4.0,18,0.0,0.0
fixed-00000014,190.0,4.0,19,0.0,0.0
fixed-00000014,190.0,4.0,20,0.0,0.0
fixed-00000015,200.0,4.0,-20,0.0002691107486410139,18.563384620134798
fixed-00000015,200.0,4.0,-19,0.00019262101705527483,18.11181433101568
fixed-00000015,200.0,4.0,-18,0.0001769885755442599,17.649090489235533
fixed-00000015,200.0,4.0,-17,0.00028315505842762715,17.17431076750566
fixed-00000015,200.0,4.0,-16,0.00027421113042332726,16.686445270170665
fixed-00000015,200.0,4.0,-15,0.00029045171586230086,16.184309781524362
fixed-00000015,200.0,4.0,-14,0.0004335629441738623,15.666531340439832
fixed-00000015,200.0,4.0,-13,0.000424645915123815,15.13150326662813
fixed-00000015,200.0,4.0,-12,0.000418307481359835,14.577325397340658
fixed-00000015,200.0,4.0,-11,0.0007325130713310475,14.001723117605522
fixed-00000015,200.0,4.0,-10,0.0007502355051562936,13.401935191968334
fixed-00000015,200.0,4.0,-9,0.0008675840164748804,12.774554314257855
fixed-00000015,200.0,4.0,-8,0.0014206969092274296,12.115293466158093
fixed-00000015,200.0,4.0,-7,0.00159656397856313,11.41863095571108
fixed-00000015,200.0,4.0,-6,0.001992088620251291,10.677246924869166
fixed-00000015,200.0,4.0,-5,0.003121118611322086,9.88107865604465
fixed-00000015,200.0,4.0,-4,0.006784659354059122,9.015622340555609
fixed-00000015,200.0,4.0,-3,0.005819674744106878,8.058583440755712
fixed-00000015,200.0,4.0,-2,0.017462112926882573,6.972349028947534
fixed-00000015,200.0,4.0,-1,0.13228006730590017,5.683315135192018
fixed-00000015,200.0,4.0,0,0.21265039440960248,4.000000000000043
fixed-00000015,200.0,4.0,1,0.0,0.0
fixed-00000015,200.0,4.0,2,0.0,0.0
fixed-00000015,200.0,4.0,3,0.0,0.0
fixed-00000015,200.0,4.0,4,0.0,0.0
fixed-00000015,200.0,4.0,5,0.0,0.0
fixed-00000015,200.0,4.0,6,0.0,0.0
fixed-00000015,200.0,4.0,7,0.0,0.0
fixed-00000015,200.0,4.0,8,0.0,0.0
fixed-00000015,200.0,4.0,9,0.0,0.0
fixed-00000015,200.0,4.0,10,0.0,0.0
fixed-00000015,200.0,4.0,11,0.0,0.0
fixed-00000015,200.0,4.0,12,0.0,0.0
fixed-00000015,200.0,4.0,13,0.0,0.0
fixed-00000015,200.0,4.0,14,0.0,0.0
fixed-00000015,200.0,4.0,15,0.0,0.0
fixed-00000015,200.0,4.0,16,0.0,0.0
fixed-00000015,200.0,4.0,17,0.0,0.0
fixed-00000015,200.0,4.0,18,0.0,0.0
fixed-00000015,200.0,4.0,19,0.0,0.0
fixed-00000015,200.0,4.0,20,0.0,0.0
fixed-00000016,210.0,4.0,-20,0.0002448121339076197,18.133563909262662
fixed-00000016,210.0,4.0,-19,0.00016585753937998699,17.69366376630488
fixed-00000016,210.0,4.0,-18,0.00015900430214064301,17.242912058772163
fixed-00000016,210.0,4.0,-17,0.00026053514413856767,16.78043360412154
fixed-00000016,210.0,4.0,-16,0.00024160215366163246,16.30522983876051
fixed-00000016,210.0,4.0,-15,0.0002635434764738658,15.816153021261812
fixed-00000016,210.0,4.0,-14,0.0003991991821309783,15.311873059069725
fixed-00000016,210.0,4.0,-13,0.0003714335626012773,14.79083420461042
fixed-00000016,210.0,4.0,-12,0.0003734169832215104,14.251197562253566
fixed-00000016,210.0,4.0,-11,0.0006871746138068653,13.690763273626388
fixed-00000016,210.0,4.0,-10,0.0006572414378406017,13.106862846525061
fixed-00000016,210.0,4.0,-9,0.0007739958965625089,12.496206306817086
fixed-00000016,210.0,4.0,-8,0.0013138527670338046,11.854658593029981
fixed-00000016,210.0,4.0,-7,0.0013865917505467876,11.176900501616302
fixed-00000016,210.0,4.0,-6,0.0017880668888246574,10.45589172636997
fixed-00000016,210.0,4.0,-5,0.0029330887984822993,9.681973335802653
fixed-00000016,210.0,4.0,-4,0.0061456848000772165,8.841260597125114
fixed-00000016,210.0,4.0,-3,0.005072096500298929,7.912489630768675
fixed-00000016,210.0,4.0,-2,0.017139656870740816,6.85998498024081
fixed-00000016,210.0,4.0,-1,0.12719341593883093,5.614585555098117
fixed-00000016,210.0,4.0,0,0.1707964818327306,4.000000000000043
fixed-00000016,210.0,4.0,1,0.04547865407035523,0.6990406976807151
fixed-00000016,210.0,4.0,2,0.0,0.0
fixed-00000016,210.0,4.0,3,0.0,0.0
fixed-00000016,210.0,4.0,4,0.0,0.0
fixed-00000016,210.0,4.0,5,0.0,0.0
fixed-00000016,210.0,4.0,6,0.0,0.0
fixed-00000016,210.0,4.0,7,0.0,0.0
fixed-00000016,210.0,4.0,8,0.0,0.0
fixed-00000016,210.0,4.0,9,0.0,0.0
fixed-00000016,210.0,4.0,10,0.0,0.0
fixed-00000016,210.0,4.0,11,0.0,0.0
fixed-00000016,210.0,4.0,12,0.0,0.0
fixed-00000016,210.0,4.0,13,0.0,0.0
fixed-00000016,210.0,4.0,14,0.0,0.0
fixed-00000016,210.0,4.0,15,0.0,0.0
fixed-00000016,210.0,4.0,16,0.0,0.0
fixed-00000016,210.0,4.0,17,0.0,0.0
fixed-00000016,210.0,4.0,18,0.0,0.0
fixed-00000016,210.0,4.0,19,0.0,0.0
fixed-00000016,210.0,4.0,20,0.0,0.0
fixed-00000017,220.0,4.0,-20,0.0002207862984728794,17.73409081271616
fixed-00000017,220.0,4.0,-19,0.00014464332659690075,17.305048019521294
fixed-00000017,220.0,4.0,-18,0.000143018498557695,16.86543602782575
fixed-00000017,220.0,4.0,-17,0.00023675834620618682,16.414405017153385
fixed-00000017,220.0,4.0,-16,0.00021601681549334413,15.950985698613678
fixed-00000017,220.0,4.0,-15,0.00023706378509366405,15.474064410036164
fixed-00000017,220.0,4.0,-14,0.0003619325371573939,14.982351111948859
fixed-00000017,220.0,4.0,-13,0.00032999643375459755,14.474337642723825
fixed-00000017,220.0,4.0,-12,0.00033089238009349385,13.948242344473982
fixed-00000017,220.0,4.0,-11,0.000634283616456353,13.401935191968377
fixed-00000017,220.0,4.0,-10,0.0005836305977261137,12.832834315133255
fixed-00000017,220.0,4.0,-9,0.0006910685413053433,12.237759303340212
fixed-00000017,220.0,4.0,-8,0.00120542378868458,11.612716944258509
fixed-00000017,220.0,4.0,-7,0.0012226497744886756,10.952576962541741
fixed-00000017,220.0,4.0,-6,0.0016158249342204088,10.250559696102783
fixed-00000017,220.0,4.0,-5,0.0027322233274635318,9.49738228221355
fixed-00000017,220.0,4.0,-4,0.005553935960863213,8.679735599183942
fixed-00000017,220.0,4.0,-3,0.004682984166957299,7.777311442431525
fixed-00000017,220.0,4.0,-2,0.016063657398534843,6.756222279782023
fixed-00000017,220.0,4.0,-1,0.1222453311327804,5.551368162118536
fixed-00000017,220.0,4.0,0,0.1354995417050561,4.000000000000043
fixed-00000017,220.0,4.0,1,0.06915085198600215,1.0924531720081205
fixed-00000017,220.0,4.0,2,0.0,0.0
fixed-00000017,220.0,4.0,3,0.0,0.0
fixed-00000017,220.0,4.0,4,0.0,0.0
fixed-00000017,220.0,4.0,5,0.0,0.0
fixed-00000017,220.0,4.0,6,0.0,0.0
fixed-00000017,220.0,4.0,7,0.0,0.0
fixed-00000017,220.0,4.0,8,0.0,0.0
fixed-00000017,220.0,4.0,9,0.0,0.0
fixed-00000017,220.0,4.0,10,0.0,0.0
fixed-00000017,220.0,4.0,11,0.0,0.0
fixed-00000017,220.0,4.0,12,0.0,0.0
fixed-00000017,220.0,4.0,13,0.0,0.0
fixed-00000017,220.0,4.0,14,0.0,0.0
fixed-00000017,220.0,4.0,15,0.0,0.0
fixed-00000017,220.0,4.0,16,0.0,0.0
fixed-00000017,220.0,4.0,17,0.0,0.0
fixed-00000017,220.0,4.0,18,0.0,0.0
fixed-00000017,220.0,4.0,19,0.0,0.0
fixed-00000017,220.0,4.0,20,0.0,0.0
fixed-00000018,230.0,4.0,-20,0.00020996362773958476,17.361592560354026
fixed-00000018,230.0,4.0,-19,0.00013376191912509473,16.942685258157596
fixed-00000018,230.0,4.0,-18,0.00013662715095679405,16.513473571464004
fixed-00000018,230.0,4.0,-17,0.00022574818400955955,16.07313144984927
fixed-00000018,230.0,4.0,-16,0.00020409668557878354,15.62071704156071
fixed-00000018,230.0,4.0,-15,0.0002246763809197801,15.155148624219663
fixed-00000018,230.0,4.0,-14,0.0003426302782122879,14.675173695966748
fixed-00000018,230.0,4.0,-13,0.0003085823201722944,14.179328690446923
fixed-00000018,230.0,4.0,-12,0.00030812041562207836,13.665885586158865
fixed-00000018,230.0,4.0,-11,0.0006104238625499217,13.13277978959242
fixed-00000018,230.0,4.0,-10,0.000541678523120534,12.577510579407715
fixed-00000018,230.0,4.0,-9,0.0006454401119515307,11.997000160210277
fixed-00000018,230.0,4.0,-8,0.0011501983832276708,11.387388125912437
fixed-00000018,230.0,4.0,-7,0.0011201618627333949,10.743720994389975
fixed-00000018,230.0,4.0,-6,0.0015199403121670906,10.059462823221452
fixed-00000018,230.0,4.0,-5,0.0026199843872337218,9.325682005200974
fixed-00000018,230.0,4.0,-4,0.0051302986658032235,8.529606124486918
fixed-00000018,230.0,4.0,-3,0.004465329895978608,7.651815588106331
fixed-00000018,230.0,4.0,-2,0.015253250456329174,6.660077368214232
fixed-00000018,230.0,4.0,-1,0.11837043180733839,5.493014580257693
fixed-00000018,230.0,4.0,0,0.1083233422735326,4.000000000000043
fixed-00000018,230.0,4.0,1,0.08477377023656618,1.3553543387345144
fixed-00000018,230.0,4.0,2,0.0,0.0
fixed-00000018,230.0,4.0,3,0.0,0.0
fixed-00000018,230.0,4.0,4,0.0,0.0
fixed-00000018,230.0,4.0,5,0.0,0.0
fixed-00000018,230.0,4.0,6,0.0,0.0
fixed-00000018,230.0,4.0,7,0.0,0.0
fixed-00000018,230.0,4.0,8,0.0,0.0
fixed-00000018,230.0,4.0,9,0.0,0.0
fixed-00000018,230.0,4.0,10,0.0,0.0
fixed-00000018,230.0,4.0,11,0.0,0.0
fixed-00000018,230.0,4.0,12,0.0,0.0
fixed-00000018,230.0,4.0,13,0.0,0.0
fixed-00000018,230.0,4.0,14,0.0,0.0
fixed-00000018,230.0,4.0,15,0.0,0.0
fixed-00000018,230.0,4.0,16,0.0,0.0
fixed-00000018,230.0,4.0,17,0.0,0.0
fixed-00000018,230.0,4.0,18,0.0,0.0
fixed-00000018,230.0,4.0,19,0.0,0.0
fixed-00000018,230.0,4.0,20,0.0,0.0
fixed-00000019,240.0,4.0,-20,0.00021236573890760896,17.01319792164763
fixed-00000019,240.0,4.0,-19,0.00013242111975135713,16.60378152529381
fixed-00000019,240.0,4.0,-18,0.0001399629112431091,16.18430978152439
fixed-00000019,240.0,4.0,-17,0.00022838994485063852,15.753978980891489
fixed-00000019,240.0,4.0,-16,0.0002052657082820146,15.311873059069754
fixed-00000019,240.0,4.0,-15,0.00022742432468470083,14.856940312447833
fixed-00000019,240.0,4.0,-14,0.0003435428842694625,14.387963517781984
fixed-00000019,240.0,4.0,-13,0.00030796780983140053,13.903521017776214
fixed-00000019,240.0,4.0,-12,0.0003070613678805519,13.401935191968363
fixed-00000019,240.0,4.0,-11,0.0006224068917940942,12.881202923645205
fixed-00000019,240.0,4.0,-10,0.0005364932977807005,12.338899720932332
fixed-00000019,240.0,4.0,-9,0.0006423251652507248,11.772044157333369
fixed-00000019,240.0,4.0,-8,0.0011673859887839804,11.176900501616302
fixed-00000019,240.0,4.0,-7,0.0010911029516669493,10.548681150469449
fixed-00000019,240.0,4.0,-6,0.001520238955388294,9.881078656044693
fixed-00000019,240.0,4.0,-5,0.002662504546262069,9.165490343367907
fixed-00000019,240.0,4.0,-4,0.0049491312456671245,8.389645509317262
fixed-00000019,240.0,4.0,-3,0.004502576938049462,7.534952908764538
fixed-00000019,240.0,4.0,-2,0.014974052768493208,6.570714442852491
fixed-00000019,240.0,4.0,-1,0.11791980696738094,5.438975549640787
fixed-00000019,240.0,4.0,0,0.0881612024694938,4.000000000000128
fixed-00000019,240.0,4.0,1,0.09818691236573954,1.5578535504268984
fixed-00000019,240.0,4.0,2,0.0,0.0
fixed-00000019,240.0,4.0,3,0.0,0.0
fixed-00000019,240.0,4.0,4,0.0,0.0
fixed-00000019,240.0,4.0,5,0.0,0.0
fixed-00000019,240.0,4.0,6,0.0,0.0
fixed-00000019,240.0,4.0,7,0.0,0.0
fixed-00000019,240.0,4.0,8,0.0,0.0
fixed-00000019,240.0,4.0,9,0.0,0.0
fixed-00000019,240.0,4.0,10,0.0,0.0
fixed-00000019,240.0,4.0,11,0.0,0.0
fixed-00000019,240.0,4.0,12,0.0,0.0
fixed-00000019,240.0,4.0,13,0.0,0.0
fixed-00000019,240.0,4.0,14,0.0,0.0
fixed-00000019,240.0,4.0,15,0.0,0.0
fixed-00000019,240.0,4.0,16,0.0,0.0
fixed-00000019,240.0,4.0,17,0.0,0.0
fixed-00000019,240.0,4.0,18,0.0,0.0
fixed-00000019,240.0,4.0,19,0.0,0.0
fixed-00000019,240.0,4.0,20,0.0,0.0
fixed-00000020,250.0,4.0,-20,0.00021026579902773656,16.686445270170665
fixed-00000020,250.0,4.0,-19,0.00012870274345345954,16.285941336994114
fixed-00000020,250.0,4.0,-18,0.0001412789072498472,15.875616848789647
fixed-00000020,250.0,4.0,-17,0.00022724331119541746,15.454689148224062
fixed-00000020,250.0,4.0,-16,0.00020252465901141525,15.022266470358943
fixed-00000020,250.0,4.0,-15,0.00022829884133960873,14.577325397340715
fixed-00000020,250.0,4.0,-14,0.000340395070988132,14.11868194632234
fixed-00000020,250.0,4.0,-13,0.0003034200546135421,13.644953944975029
fixed-00000020,250.0,4.0,-12,0.0003053749436466319,13.154511253697052
fixed-00000020,250.0,4.0,-11,0.0006289291822372696,12.645408662197411
fixed-00000020,250.0,4.0,-10,0.0005295471158049714,12.115293466158121
fixed-00000020,250.0,4.0,-9,0.0006380919970262406,11.561274966505863
fixed-00000020,250.0,4.0,-8,0.0011825853184714845,10.979734761202295
fixed-00000020,250.0,4.0,-7,0.0010656670318836144,10.366041263914951
fixed-00000020,250.0,4.0,-6,0.0015243000229203775,9.714101762495858
fixed-00000020,250.0,4.0,-5,0.002734068340574605,9.01562234055568
fixed-00000020,250.0,4.0,-4,0.004778012431570639,8.258802394264194
fixed-00000020,250.0,4.0,-3,0.0045786436400334874,7.425824639985038
fixed-00000020,250.0,4.0,-2,0.014785804850022547,6.487418295723927
fixed-00000020,250.0,4.0,-1,0.11737940001564309,5.388782503478367
fixed-00000020,250.0,4.0,0,0.0713721232371972,4.000000000000128
fixed-00000020,250.0,4.0,1,0.1097834497488815,1.7232677700620371
fixed-00000020,250.0,4.0,2,0.0,0.0
fixed-00000020,250.0,4.0,3,0.0,0.0
fixed-00000020,250.0,4.0,4,0.0,0.0
fixed-00000020,250.0,4.0,5,0.0,0.0
fixed-00000020,250.0,4.0,6,0.0,0.0
fixed-00000020,250.0,4.0,7,0.0,0.0
fixed-00000020,250.0,4.0,8,0.0,0.0
fixed-00000020,250.0,4.0,9,0.0,0.0
fixed-00000020,250.0,4.0,10,0.0,0.0
fixed-00000020,250.0,4.0,11,0.0,0.0
fixed-00000020,250.0,4.0,12,0.0,0.0
fixed-00000020,250.0,4.0,13,0.0,0.0
fixed-00000020,250.0,4.0,14,0.0,0.0
fixed-00000020,250.0,4.0,15,0.0,0.0
fixed-00000020,250.0,4.0,16,0.0,0.0
fixed-00000020,250.0,4.0,17,0.0,0.0
fixed-00000020,250.0,4.0,18,0.0,0.0
fixed-00000020,250.0,4.0,19,0.0,0.0
fixed-00000020,250.0,4.0,20,0.0,0.0
fixed-00000021,260.0,4.0,-20,0.00020853063617446685,16.379210436004684
fixed-00000021,260.0,4.0,-19,0.0001255836625293577,15.987097516269017
fixed-00000021,260.0,4.0,-18,0.00014302098538833776,15.58538591965737
fixed-00000021,260.0,4.0,-17,0.0002261859871004722,15.173312873518526
fixed-00000021,260.0,4.0,-16,0.00020012174504899046,14.750009564284554
fixed-00000021,260.0,4.0,-15,0.00022927286888224706,14.314479289708373
fixed-00000021,260.0,4.0,-14,0.0003363426766998598,13.865569460383654
fixed-00000021,260.0,4.0,-13,0.00029878640131319946,13.401935191968363
fixed-00000021,260.0,4.0,-12,0.00030339021889208773,12.921991178661202
fixed-00000021,260.0,4.0,-11,0.0006329060009831186,12.423846879528327
fixed-00000021,260.0,4.0,-10,0.0005214671166437701,11.905217349750558
fixed-00000021,260.0,4.0,-9,0.0006317799859652003,11.363297500741439
fixed-00000021,260.0,4.0,-8,0.0011915451769467702,10.794579595613783
fixed-00000021,260.0,4.0,-7,0.0010372800026096991,10.194579116674106
fixed-00000021,260.0,4.0,-6,0.0015206843126267845,9.557405601711935
fixed-00000021,260.0,4.0,-5,0.0027897276727160475,8.875055586881174
fixed-00000021,260.0,4.0,-4,0.0045780611656858865,8.136169892284855
fixed-00000021,260.0,4.0,-3,0.0046275732972809085,7.32365592105198
fixed-00000021,260.0,4.0,-2,0.014503525810341717,6.409572995038118
fixed-00000021,260.0,4.0,-1,0.11590934067564967,5.342033137263584
fixed-00000021,260.0,4.0,0,0.056756659590662104,3.999999999999943
fixed-00000021,260.0,4.0,1,0.11958522818195384,1.8629706538812485
fixed-00000021,260.0,4.0,2,0.0,0.0
fixed-00000021,260.0,4.0,3,0.0,0.0
fixed-00000021,260.0,4.0,4,0.0,0.0
fixed-00000021,260.0,4.0,5,0.0,0.0
fixed-00000021,260.0,4.0,6,0.0,0.0
fixed-00000021,260.0,4.0,7,0.0,0.0
fixed-00000021,260.0,4.0,8,0.0,0.0
fixed-00000021,260.0,4.0,9,0.0,0.0
fixed-00000021,260.0,4.0,10,0.0,0.0
fixed-00000021,260.0,4.0,11,0.0,0.0
fixed-00000021,260.0,4.0,12,0.0,0.0
fixed-00000021,260.0,4.0,13,0.0,0.0
fixed-00000021,260.0,4.0,14,0.0,0.0
fixed-00000021,260.0,4.0,15,0.0,0.0
fixed-00000021,260.0,4.0,16,0.0,0.0
fixed-00000021,260.0,4.0,17,0.0,0.0
fixed-00000021,260.0,4.0,18,0.0,0.0
fixed-00000021,260.0,4.0,19,0.0,0.0
fixed-00000021,260.0,4.0,20,0.0,0.0
fixed-00000022,270.0,4.0,-20,0.00020599062002120712,16.08964950237933
fixed-00000022,270.0,4.0,-19,0.0001224649892678743,15.705455556386227
fixed-00000022,270.0,4.0,-18,0.00014500286604679982,15.311873059069725
fixed-00000022,270.0,4.0,-17,0.0002250533077286012,14.908158060804453
fixed-00000022,270.0,4.0,-16,0.00019739219143947716,14.493463473362837
fixed-00000022,270.0,4.0,-15,0.00023199553651999976,14.066817881848507
fixed-00000022,270.0,4.0,-14,0.00033362470492678375,13.627098410003597
fixed-00000022,270.0,4.0,-13,0.00029505430742131865,13.172995462424524
fixed-00000022,270.0,4.0,-12,0.00030555078880965055,12.702966158118315
fixed-00000022,270.0,4.0,-11,0.000640103065029733,12.215171679035521
fixed-00000022,270.0,4.0,-10,0.0005187721877960653,11.707391172695964
fixed-00000022,270.0,4.0,-9,0.0006333168939067117,11.176900501616302
fixed-00000022,270.0,4.0,-8,0.0012122406815046364,10.620296524793474
fixed-00000022,270.0,4.0,-7,0.0010241054397405955,10.033233642263525
fixed-00000022,270.0,4.0,-6,0.0015379479795159644,9.410012267886245
fixed-00000022,270.0,4.0,-5,0.002895221049840867,8.742902716320742
fixed-00000022,270.0,4.0,-4,0.0044271266353244874,8.020961125094075
fixed-00000022,270.0,4.0,-3,0.004747802572002252,7.227774780095174
fixed-00000022,270.0,4.0,-2,0.014384220458892913,6.336644982795491
fixed-00000022,270.0,4.0,-1,0.11504706824995635,5.298379990270192
fixed-00000022,270.0,4.0,0,0.04495252432157826,4.000000000000043
fixed-00000022,270.0,4.0,1,0.12893620390349794,1.9835743440105915
fixed-00000022,270.0,4.0,2,0.0,0.0
fixed-00000022,270.0,4.0,3,0.0,0.0
fixed-00000022,270.0,4.0,4,0.0,0.0
fixed-00000022,270.0,4.0,5,0.0,0.0
fixed-00000022,270.0,4.0,6,0.0,0.0
fixed-00000022,270.0,4.0,7,0.0,0.0
fixed-00000022,270.0,4.0,8,0.0,0.0
fixed-00000022,270.0,4.0,9,0.0,0.0
fixed-00000022,270.0,4.0,10,0.0,0.0
fixed-00000022,270.0,4.0,11,0.0,0.0
fixed-00000022,270.0,4.0,12,0.0,0.0
fixed-00000022,270.0,4.0,13,0.0,0.0
fixed-00000022,270.0,4.0,14,0.0,0.0
fixed-00000022,270.0,4.0,15,0.0,0.0
fixed-00000022,270.0,4.0,16,0.0,0.0
fixed-00000022,270.0,4.0,17,0.0,0.0
fixed-00000022,270.0,4.0,18,0.0,0.0
fixed-00000022,270.0,4.0,19,0.0,0.0
fixed-00000022,270.0,4.0,20,0.0,0.0
fixed-00000023,280.0,4.0,-20,0.0001916605567581592,15.816153021261812
fixed-00000023,280.0,4.0,-19,0.00011235108873454662,15.439449087160426
fixed-00000023,280.0,4.0,-18,0.00013874275671140834,15.05355599411152
fixed-00000023,280.0,4.0,-17,0.00021181043804096428,14.657747646499345
fixed-00000023,280.0,4.0,-16,0.00018384892661079872,14.251197562253566
fixed-00000023,280.0,4.0,-15,0.00022246539956633998,13.832958309872055
fixed-00000023,280.0,4.0,-14,0.00031353491541289487,13.401935191968334
fixed-00000023,280.0,4.0,-13,0.0002748914950993913,12.956852076462738
fixed-00000023,280.0,4.0,-12,0.0002917695946092791,12.496206306817058
fixed-00000023,280.0,4.0,-11,0.0006151454716713089,12.018208096115075
fixed-00000023,280.0,4.0,-10,0.0004884244121329831,11.520697333479006
fixed-00000023,280.0,4.0,-9,0.0006037761303483334,11.001026574425026
fixed-00000023,280.0,4.0,-8,0.001172217755005842,10.45589172636997
fixed-00000023,280.0,4.0,-7,0.0009635792671705357,9.881078656044693
fixed-00000023,280.0,4.0,-6,0.0014866401213305361,9.27106825583462
fixed-00000023,280.0,4.0,-5,0.0028801699938772727,8.618389378622567
fixed-00000023,280.0,4.0,-4,0.004119922305803312,7.9124896307686186
fixed-00000023,280.0,4.0,-3,0.0046830484818341294,7.137595307370333
fixed-00000023,280.0,4.0,-2,0.013882818599192881,6.268169548557026
fixed-00000023,280.0,4.0,-1,0.11081914330832325,5.257521326257304
fixed-00000023,280.0,4.0,0,0.034459827487206274,4.000000000000043
fixed-00000023,280.0,4.0,1,0.1351991521789024,2.089341578597498
fixed-00000023,280.0,4.0,2,0.0,0.0
fixed-00000023,280.0,4.0,3,0.0,0.0
fixed-00000023,280.0,4.0,4,0.0,0.0
fixed-00000023,280.0,4.0,5,0.0,0.0
fixed-00000023,280.0,4.0,6,0.0,0.0
fixed-00000023,280.0,4.0,7,0.0,0.0
fixed-00000023,280.0,4.0,8,0.0,0.0
fixed-00000023,280.0,4.0,9,0.0,0.0
fixed-00000023,280.0,4.0,10,0.0,0.0
fixed-00000023,280.0,4.0,11,0.0,0.0
fixed-00000023,280.0,4.0,12,0.0,0.0
fixed-00000023,280.0,4.0,13,0.0,0.0
fixed-00000023,280.0,4.0,14,0.0,0.0
fixed-00000023,280.0,4.0,15,0.0,0.0
fixed-00000023,280.0,4.0,16,0.0,0.0
fixed-00000023,280.0,4.0,17,0.0,0.0
fixed-00000023,280.0,4.0,18,0.0,0.0
fixed-00000023,280.0,4.0,19,0.0,0.0
fixed-00000023,280.0,4.0,20,0.0,0.0
fixed-00000024,290.0,4.0,-20,0.00018130142170872803,15.557309048540347
fixed-00000024,290.0,4.0,-19,0.00010512533305583215,15.187703917530484
fixed-00000024,290.0,4.0,-18,0.0001352331108808225,14.809099185639653
fixed-00000024,290.0,4.0,-17,0.0002024341371423594,14.420785723786253
fixed-00000024,290.0,4.0,-16,0.00017416589720795607,14.02195663092941
fixed-00000024,290.0,4.0,-15,0.00021701189309698357,13.611687264434664
fixed-00000024,290.0,4.0,-14,0.00029871183180228233,13.18890970007432
fixed-00000024,290.0,4.0,-13,0.00026016194109115793,12.752379596207746
fixed-00000024,290.0,4.0,-12,0.0002835962814193466,12.300632504160816
fixed-00000024,290.0,4.0,-11,0.0005982772556027486,11.831925200795666
fixed-00000024,290.0,4.0,-10,0.00046669625261366057,11.344155244919335
fixed-00000024,290.0,4.0,-9,0.0005840197954447613,10.834747980635072
fixed-00000024,290.0,4.0,-8,0.0011465829836893396,10.300493276388579
fixed-00000024,290.0,4.0,-7,0.0009187064170462765,9.737301631890915
fixed-00000024,290.0,4.0,-6,0.0014545236028926406,9.139824882054754
fixed-00000024,290.0,4.0,-5,0.0028921881021645663,8.500836443523596
fixed-00000024,290.0,4.0,-4,0.0038574787020520733,7.810153537213992
fixed-00000024,290.0,4.0,-3,0.004660615396967884,7.052604065868977
fixed-00000024,290.0,4.0,-2,0.013462325995462815,6.203739911827654
fixed-00000024,290.0,4.0,-1,0.10700438951592808,5.219193787774614
fixed-00000024,290.0,4.0,0,0.026300472349921788,4.000000000000043
fixed-00000024,290.0,4.0,1,0.14090489299741804,2.1832152248066166
fixed-00000024,290.0,4.0,2,0.0,0.0
fixed-00000024,290.0,4.0,3,0.0,0.0
fixed-00000024,290.0,4.0,4,0.0,0.0
fixed-00000024,290.0,4.0,5,0.0,0.0
fixed-00000024,290.0,4.0,6,0.0,0.0
fixed-00000024,290.0,4.0,7,0.0,0.0
fixed-00000024,290.0,4.0,8,0.0,0.0
fixed-00000024,290.0,4.0,9,0.0,0.0
fixed-00000024,290.0,4.0,10,0.0,0.0
fixed-00000024,290.0,4.0,11,0.0,0.0
fixed-00000024,290.0,4.0,12,0.0,0.0
fixed-00000024,290.0,4.0,13,0.0,0.0
fixed-00000024,290.0,4.0,14,0.0,0.0
fixed-00000024,290.0,4.0,15,0.0,0.0
fixed-00000024,290.0,4.0,16,0.0,0.0
fixed-00000024,290.0,4.0,17,0.0,0.0
fixed-00000024,290.0,4.0,18,0.0,0.0
fixed-00000024,290.0,4.0,19,0.0,0.0
fixed-00000024,290.0,4.0,20,0.0,0.0
fixed-00000025,300.0,4.0,-20,0.00016692706353745054,15.311873059069754
fixed-00000025,300.0,4.0,-19,9.576368779773904e-05,14.949008768730735
fixed-00000025,300.0,4.0,-18,0.0001285487828735958,14.577325397340658
fixed-00000025,300.0,4.0,-17,0.00018862138248980088,14.196129966981303
fixed-00000025,300.0,4.0,-16,0.000160860214427747,13.804634215692602
fixed-00000025,300.0,4.0,-15,0.00020667078001778422,13.401935191968363
fixed-00000025,300.0,4.0,-14,0.00027742142798845086,12.986990452752977
fixed-00000025,300.0,4.0,-13,0.00023962245977650904,12.558585909081373
fixed-00000025,300.0,4.0,-12,0.00026914329532009787,12.115293466158093
fixed-00000025,300.0,4.0,-11,0.0005678811282512933,11.655414195869767
fixed-00000025,300.0,4.0,-10,0.00043424286149322224,11.176900501616302
fixed-00000025,300.0,4.0,-9,0.0005517663694367598,10.677246924869209
fixed-00000025,300.0,4.0,-8,0.0010942299699381551,10.153332615240856
fixed-00000025,300.0,4.0,-7,0.000855467896187757,9.601186418732823
fixed-00000025,300.0,4.0,-6,0.0013932156020339897,9.015622340555609
fixed-00000025,300.0,4.0,-5,0.002842600511680399,8.389645509317319
fixed-00000025,300.0,4.0,-4,0.003538455300861362,7.713422675659871
fixed-00000025,300.0,4.0,-3,0.004548519496887526,6.9723490289475905
fixed-00000025,300.0,4.0,-2,0.012866775077002554,6.142998339829575
fixed-00000025,300.0,4.0,-1,0.10160931359097339,5.1831664320526585
fixed-00000025,300.0,4.0,0,0.019941708296842955,4.000000000000043
fixed-00000025,300.0,4.0,1,0.14449642363218784,2.2673283559992825
fixed-00000025,300.0,4.0,2,0.0,0.0
fixed-00000025,300.0,4.0,3,0.0,0.0
fixed-00000025,300.0,4.0,4,0.0,0.0
fixed-00000025,300.0,4.0,5,0.0,0.0
fixed-00000025,300.0,4.0,6,0.0,0.0
fixed-00000025,300.0,4.0,7,0.0,0.0
fixed-00000025,300.0,4.0,8,0.0,0.0
fixed-00000025,300.0,4.0,9,0.0,0.0
fixed-00000025,300.0,4.0,10,0.0,0.0
fixed-00000025,300.0,4.0,11,0.0,0.0
fixed-00000025,300.0,4.0,12,0.0,0.0
fixed-00000025,300.0,4.0,13,0.0,0.0
fixed-00000025,300.0,4.0,14,0.0,0.0
fixed-00000025,300.0,4.0,15,0.0,0.0
fixed-00000025,300.0,4.0,16,0.0,0.0
fixed-00000025,300.0,4.0,17,0.0,0.0
fixed-00000025,300.0,4.0,18,0.0,0.0
fixed-00000025,300.0,4.0,19,0.0,0.0
fixed-00000025,300.0,4.0,20,0.0,0.0
fixed-00000026,310.0,4.0,-20,0.0001557683744002111,15.07874327797117
fixed-00000026,310.0,4.0,-19,8.867027042444413e-05,14.722291275094364
fixed-00000026,310.0,4.0,-18,0.00012389236582691855,14.357192380701974
fixed-00000026,310.0,4.0,-17,0.0001777091877355253,13.982769016704736
fixed-00000026,310.0,4.0,-16,0.00015055402505464763,13.598250692153599
fixed-00000026,310.0,4.0,-15,0.0001988028008534499,13.202755134906326
fixed-00000026,310.0,4.0,-14,0.0002597012213144576,12.795264192127092
fixed-00000026,310.0,4.0,-13,0.00022300473886078772,12.37459260982395
fixed-00000026,310.0,4.0,-12,0.0002578273084862241,11.939346937600874
fixed-00000026,310.0,4.0,-11,0.0005420890162078814,11.487870450145792
fixed-00000026,310.0,4.0,-10,0.0004071940470237176,11.01816778980809
fixed-00000026,310.0,4.0,-9,0.0005244456723657092,10.527799382740596
fixed-00000026,310.0,4.0,-8,0.0010487800472534319,10.013729342403465
fixed-00000026,310.0,4.0,-7,0.0008006770232154259,9.472099061220248
fixed-00000026,310.0,4.0,-6,0.0013394257076207747,8.89787662245989
fixed-00000026,310.0,4.0,-5,0.002797409224923949,8.284287014836138
fixed-00000026,310.0,4.0,-4,0.003241997011856104,7.621828010395305
fixed-00000026,310.0,4.0,-3,0.004444091569304275,6.896430508503414
fixed-00000026,310.0,4.0,-2,0.012279939411606225,6.085628867863377
fixed-00000026,310.0,4.0,-1,0.09624614276812764,5.149235852894208
fixed-00000026,310.0,4.0,0,0.015505373753619609,4.000000000000043
fixed-00000026,310.0,4.0,1,0.14722839225875428,2.3432844286040506
fixed-00000026,310.0,4.0,2,0.0,0.0
fixed-00000026,310.0,4.0,3,0.0,0.0
fixed-00000026,310.0,4.0,4,0.0,0.0
fixed-00000026,310.0,4.0,5,0.0,0.0
fixed-00000026,310.0,4.0,6,0.0,0.0
fixed-00000026,310.0,4.0,7,0.0,0.0
fixed-00000026,310.0,4.0,8,0.0,0.0
fixed-00000026,310.0,4.0,9,0.0,0.0
fixed-00000026,310.0,4.0,10,0.0,0.0
fixed-00000026,310.0,4.0,11,0.0,0.0
fixed-00000026,310.0,4.0,12,0.0,0.0
fixed-00000026,310.0,4.0,13,0.0,0.0
fixed-00000026,310.0,4.0,14,0.0,0.0
fixed-00000026,310.0,4.0,15,0.0,0.0
fixed-00000026,310.0,4.0,16,0.0,0.0
fixed-00000026,310.0,4.0,17,0.0,0.0
fixed-00000026,310.0,4.0,18,0.0,0.0
fixed-00000026,310.0,4.0,19,0.0,0.0
fixed-00000026,310.0,4.0,20,0.0,0.0
fixed-00000027,320.0,4.0,-20,0.0001497982362360201,14.856940312447804
fixed-00000027,320.0,4.0,-19,8.502485907975204e-05,14.506598167644967
fixed-00000027,320.0,4.0,-18,0.00012313037355787072,14.147773622565637
fixed-00000027,320.0,4.0,-17,0.0001721076356994302,13.779803804715016
fixed-00000027,320.0,4.0,-16,0.0001452106863649882,13.401935191968363
fixed-00000027,320.0,4.0,-15,0.00019674932938828818,13.01330525646199
fixed-00000027,320.0,4.0,-14,0.0002494956576860996,12.612919034749368
fixed-00000027,320.0,4.0,-13,0.0002136833506535147,12.199618797218477
fixed-00000027,320.0,4.0,-12,0.0002546012500213927,11.772044157333355
fixed-00000027,320.0,4.0,-11,0.0005292277888527775,11.328578657906675
fixed-00000027,320.0,4.0,-10,0.00039278818651789687,10.867276770488644
fixed-00000027,320.0,4.0,-9,0.000511560620755734,10.385761741931148
fixed-00000027,320.0,4.0,-8,0.0010278042925104085,9.881078656044693
fixed-00000027,320.0,4.0,-7,0.0007685513578034787,9.34947608678739
fixed-00000027,320.0,4.0,-6,0.0013155786872903654,8.786068711064956
fixed-00000027,320.0,4.0,-5,0.002806924603135486,8.184290419985587
fixed-00000027,320.0,4.0,-4,0.0030120837330597514,7.534952908764481
fixed-00000027,320.0,4.0,-3,0.004419956732478958,6.824493664384079
fixed-00000027,320.0,4.0,-2,0.01185388469223435,6.03135129215535
fixed-00000027,320.0,4.0,-1,0.0919450416792532,5.117222163430583
fixed-00000027,320.0,4.0,0,0.012931830992771967,4.000000000000128
fixed-00000027,320.0,4.0,1,0.15033926014636273,2.4123233315560384
fixed-00000027,320.0,4.0,2,0.0,0.0
fixed-00000027,320.0,4.0,3,0.0,0.0
fixed-00000027,320.0,4.0,4,0.0,0.0
fixed-00000027,320.0,4.0,5,0.0,0.0
fixed-00000027,320.0,4.0,6,0.0,0.0
fixed-00000027,320.0,4.0,7,0.0,0.0
fixed-00000027,320.0,4.0,8,0.0,0.0
fixed-00000027,320.0,4.0,9,0.0,0.0
fixed-00000027,320.0,4.0,10,0.0,0.0
fixed-00000027,320.0,4.0,11,0.0,0.0
fixed-00000027,320.0,4.0,12,0.0,0.0
fixed-00000027,320.0,4.0,13,0.0,0.0
fixed-00000027,320.0,4.0,14,0.0,0.0
fixed-00000027,320.0,4.0,15,0.0,0.0
fixed-00000027,320.0,4.0,16,0.0,0.0
fixed-00000027,320.0,4.0,17,0.0,0.0
fixed-00000027,320.0,4.0,18,0.0,0.0
fixed-00000027,320.0,4.0,19,0.0,0.0
fixed-00000027,320.0,4.0,20,0.0,0.0
fixed-00000028,330.0,4.0,-20,0.00014406915724856297,14.645590225419767
fixed-00000028,330.0,4.0,-19,8.181840576526105e-05,14.30107880549295
fixed-00000028,330.0,4.0,-18,0.00012273474244135852,13.948242344473968
fixed-00000028,330.0,4.0,-17,0.00016692724255574113,13.586432032334955
fixed-00000028,330.0,4.0,-16,0.00014045612078778688,13.214910572562928
fixed-00000028,330.0,4.0,-15,0.00019597261745486484,12.832834315133255
fixed-00000028,330.0,4.0,-14,0.00024059708495861385,12.43923046584949
fixed-00000028,330.0,4.0,-13,0.0002054864822330446,12.0329676048014
fixed-00000028,330.0,4.0,-12,0.00025403387098570204,11.612716944258466
fixed-00000028,330.0,4.0,-11,0.0005184674530704892,11.176900501616302
fixed-00000028,330.0,4.0,-10,0.0003812130170996989,10.723620343405443
fixed-00000028,330.0,4.0,-9,0.0005035890014770079,10.250559696102783
fixed-00000028,330.0,4.0,-8,0.0010118891863255524,9.754840910694881
fixed-00000028,330.0,4.0,-7,0.0007439223855421149,9.232814767905225
fixed-00000028,330.0,4.0,-6,0.0013027163069541127,8.6797355991839
fixed-00000028,330.0,4.0,-5,0.0028371538028268395,8.089236042823956
fixed-00000028,330.0,4.0,-4,0.0028090128770893496,7.452425884783267
fixed-00000028,330.0,4.0,-3,0.0044284057780911035,6.756222279782023
fixed-00000028,330.0,4.0,-2,0.011511304239198938,5.9799161810314985
fixed-00000028,330.0,4.0,-1,0.08790604888551545,5.086965666639671
fixed-00000028,330.0,4.0,0,0.011997952659548292,3.999999999999943
fixed-00000028,330.0,4.0,1,0.15333160363152504,2.4754257179255603
fixed-00000028,330.0,4.0,2,0.0,0.0
fixed-00000028,330.0,4.0,3,0.0,0.0
fixed-00000028,330.0,4.0,4,0.0,0.0
fixed-00000028,330.0,4.0,5,0.0,0.0
fixed-00000028,330.0,4.0,6,0.0,0.0
fixed-00000028,330.0,4.0,7,0.0,0.0
fixed-00000028,330.0,4.0,8,0.0,0.0
fixed-00000028,330.0,4.0,9,0.0,0.0
fixed-00000028,330.0,4.0,10,0.0,0.0
fixed-00000028,330.0,4.0,11,0.0,0.0
fixed-00000028,330.0,4.0,12,0.0,0.0
fixed-00000028,330.0,4.0,13,0.0,0.0
fixed-00000028,330.0,4.0,14,0.0,0.0
fixed-00000028,330.0,4.0,15,0.0,0.0
fixed-00000028,330.0,4.0,16,0.0,0.0
fixed-00000028,330.0,4.0,17,0.0,0.0
fixed-00000028,330.0,4.0,18,0.0,0.0
fixed-00000028,330.0,4.0,19,0.0,0.0
fixed-00000028,330.0,4.0,20,0.0,0.0
fixed-00000029,340.0,4.0,-20,0.00013382314029630507,14.443910384212742
fixed-00000029,340.0,4.0,-19,7.61160738879519e-05,14.104971406638299
fixed-00000029,340.0,4.0,-18,0.00011880862335838301,13.757858124151412
fixed-00000029,340.0,4.0,-17,0.00015711422474559426,13.401935191968363
fixed-00000029,340.0,4.0,-16,0.00013196331443271516,13.036480848951996
fixed-00000029,340.0,4.0,-15,0.00019088754957344422,12.660669518148893
fixed-00000029,340.0,4.0,-14,0.00022614035742121673,12.273549626976305
fixed-00000029,340.0,4.0,-13,0.00019200743112754895,11.87401493674271
fixed-00000029,340.0,4.0,-12,0.0002487816913818518,11.460766897267831
fixed-00000029,340.0,4.0,-11,0.0004968657217383051,11.032264333866962
fixed-00000029,340.0,4.0,-10,0.00036077906813310195,10.586654831666635
fixed-00000029,340.0,4.0,-9,0.00048766580459458006,10.121678956186614
fixed-00000029,340.0,4.0,-8,0.0009761294216464115,9.634532883621333
fixed-00000029,340.0,4.0,-7,0.0007070754943597272,9.12166497780018
fixed-00000029,340.0,4.0,-6,0.001273919079931431,8.578462776597007
fixed-00000029,340.0,4.0,-5,0.0028290962967508636,7.998748233012279
fixed-00000029,340.0,4.0,-4,0.0025839031342764426,7.37391453146995
fixed-00000029,340.0,4.0,-3,0.004389925992731724,6.691333557668287
fixed-00000029,340.0,4.0,-2,0.011109162527965868,5.931100707011396
fixed-00000029,340.0,4.0,-1,0.08302825636977254,5.058324079364041
fixed-00000029,340.0,4.0,0,0.012497219463695036,4.000000000000043
fixed-00000029,340.0,4.0,1,0.1549991069833184,2.533381666050957
fixed-00000029,340.0,4.0,2,0.0,0.0
fixed-00000029,340.0,4.0,3,0.0,0.0
fixed-00000029,340.0,4.0,4,0.0,0.0
fixed-00000029,340.0,4.0,5,0.0,0.0
fixed-00000029,340.0,4.0,6,0.0,0.0
fixed-00000029,340.0,4.0,7,0.0,0.0
fixed-00000029,340.0,4.0,8,0.0,0.0
fixed-00000029,340.0,4.0,9,0.0,0.0
fixed-00000029,340.0,4.0,10,0.0,0.0
fixed-00000029,340.0,4.0,11,0.0,0.0
fixed-00000029,340.0,4.0,12,0.0,0.0
fixed-00000029,340.0,4.0,13,0.0,0.0
fixed-00000029,340.0,4.0,14,0.0,0.0
fixed-00000029,340.0,4.0,15,0.0,0.0
fixed-00000029,340.0,4.0,16,0.0,0.0
fixed-00000029,340.0,4.0,17,0.0,0.0
fixed-00000029,340.0,4.0,18,0.0,0.0
fixed-00000029,340.0,4.0,19,0.0,0.0
fixed-00000029,340.0,4.0,20,0.0,0.0
fixed-00000030,350.0,4.0,-20,0.00012480106587207197,14.251197562253566
fixed-00000030,350.0,4.0,-19,7.132584820987926e-05,13.917591470478868
fixed-00000030,350.0,4.0,-18,0.00011523669025864277,13.575955646065168
fixed-00000030,350.0,4.0,-17,0.00014801289108834267,13.2256676536188
fixed-00000030,350.0,4.0,-16,0.0001243918511337393,12.866020624889416
fixed-00000030,350.0,4.0,-15,0.00018521273044352536,12.496206306817086
fixed-00000030,350.0,4.0,-14,0.00021172877830231653,12.115293466158093
fixed-00000030,350.0,4.0,-13,0.00017920839886173244,11.722199994673844
fixed-00000030,350.0,4.0,-12,0.00024221822750055698,11.315656312084926
fixed-00000030,350.0,4.0,-11,0.00047310148871728883,10.894156499405454
fixed-00000030,350.0,4.0,-10,0.0003396074603689217,10.45589172636997
fixed-00000030,350.0,4.0,-9,0.00046827015512729557,9.998657437886877
fixed-00000030,350.0,4.0,-8,0.0009335527200017555,9.519720429176374
fixed-00000030,350.0,4.0,-7,0.0006662759452858222,9.015622340555609
fixed-00000030,350.0,4.0,-6,0.0012327686897346745,8.48187791167723
fixed-00000030,350.0,4.0,-5,0.0027886954598804058,7.9124896307686186
fixed-00000030,350.0,4.0,-4,0.002344711953943512,7.299120418664657
fixed-00000030,350.0,4.0,-3,0.004303549392848569,6.629573746376295
fixed-00000030,350.0,4.0,-2,0.01060948846202206,5.884705145226178
fixed-00000030,350.0,4.0,-1,0.07756826278766249,5.031170204831909
fixed-00000030,350.0,4.0,0,0.014299733088083487,4.000000000000043
fixed-00000030,350.0,4.0,1,0.15522661227543263,2.586837597448465
fixed-00000030,350.0,4.0,2,0.0,0.0
fixed-00000030,350.0,4.0,3,0.0,0.0
fixed-00000030,350.0,4.0,4,0.0,0.0
fixed-00000030,350.0,4.0,5,0.0,0.0
fixed-00000030,350.0,4.0,6,0.0,0.0
fixed-00000030,350.0,4.0,7,0.0,0.0
fixed-00000030,350.0,4.0,8,0.0,0.0
fixed-00000030,350.0,4.0,9,0.0,0.0
fixed-00000030,350.0,4.0,10,0.0,0.0
fixed-00000030,350.0,4.0,11,0.0,0.0
fixed-00000030,350.0,4.0,12,0.0,0.0
fixed-00000030,350.0,4.0,13,0.0,0.0
fixed-00000030,350.0,4.0,14,0.0,0.0
fixed-00000030,350.0,4.0,15,0.0,0.0
fixed-00000030,350.0,4.0,16,0.0,0.0
fixed-00000030,350.0,4.0,17,0.0,0.0
fixed-00000030,350.0,4.0,18,0.0,0.0
fixed-00000030,350.0,4.0,19,0.0,0.0
fixed-00000030,350.0,4.0,20,0.0,0.0
fixed-00000031,360.0,4.0,-20,0.00011824840933618171,14.066817881848479
fixed-00000031,360.0,4.0,-19,6.831952911058128e-05,13.738321991396589
fixed-00000031,360.0,4.0,-18,0.00011382659426473871,13.401935191968363
fixed-00000031,360.0,4.0,-17,0.0001416897702390039,13.057047439103869
fixed-00000031,360.0,4.0,-16,0.00011966760493202144,12.702966158118315
fixed-00000031,360.0,4.0,-15,0.00018356818983939358,12.338899720932332
fixed-00000031,360.0,4.0,-14,0.00020187917977030516,11.96393641047473
fixed-00000031,360.0,4.0,-13,0.0001707863466667691,11.577017268486188
fixed-00000031,360.0,4.0,-12,0.0002419421108473914,11.176900501616302
fixed-00000031,360.0,4.0,-11,0.0004580984460740673,10.762113997903853
fixed-00000031,360.0,4.0,-10,0.00032663188331039035,10.330890706572049
fixed-00000031,360.0,4.0,-9,0.00046070271239467446,9.881078656044693
fixed-00000031,360.0,4.0,-8,0.0009085358233523305,9.410012267886245
fixed-00000031,360.0,4.0,-7,0.0006422718982354435,8.914322439446764
fixed-00000031,360.0,4.0,-6,0.0012175717032097695,8.389645509317262
fixed-00000031,360.0,4.0,-5,0.002798778514846193,7.830156313248764
fixed-00000031,360.0,4.0,-4,0.002157216143756019,7.227774780095132
fixed-00000031,360.0,4.0,-3,0.004294099445162628,6.570714442852491
fixed-00000031,360.0,4.0,-2,0.010274479893626658,5.840549916165145
fixed-00000031,360.0,4.0,-1,0.07299001266828395,5.0053899709427725
fixed-00000031,360.0,4.0,0,0.017484440966786894,4.000000000000043
fixed-00000031,360.0,4.0,1,0.15619813464779866,2.636329350486079
fixed-00000031,360.0,4.0,2,0.0,0.0
fixed-00000031,360.0,4.0,3,0.0,0.0
fixed-00000031,360.0,4.0,4,0.0,0.0
fixed-00000031,360.0,4.0,5,0.0,0.0
fixed-00000031,360.0,4.0,6,0.0,0.0
fixed-00000031,360.0,4.0,7,0.0,0.0
fixed-00000031,360.0,4.0,8,0.0,0.0
fixed-00000031,360.0,4.0,9,0.0,0.0
fixed-00000031,360.0,4.0,10,0.0,0.0
fixed-00000031,360.0,4.0,11,0.0,0.0
fixed-00000031,360.0,4.0,12,0.0,0.0
fixed-00000031,360.0,4.0,13,0.0,0.0
fixed-00000031,360.0,4.0,14,0.0,0.0
fixed-00000031,360.0,4.0,15,0.0,0.0
fixed-00000031,360.0,4.0,16,0.0,0.0
fixed-00000031,360.0,4.0,17,0.0,0.0
fixed-00000031,360.0,4.0,18,0.0,0.0
fixed-00000031,360.0,4.0,19,0.0,0.0
fixed-00000031,360.0,4.0,20,0.0,0.0
fixed-00000032,370.0,4.0,-20,0.00010803248120017908,13.890198270635722
fixed-00000032,370.0,4.0,-19,6.318822768887866e-05,13.566605144972584
fixed-00000032,370.0,4.0,-18,0.00010898745365367052,13.235254562125931
fixed-00000032,370.0,4.0,-17,0.00013127886833065087,12.8955483840206
fixed-00000032,370.0,4.0,-16,0.00011174711691208059,12.54680776935885
fixed-00000032,370.0,4.0,-15,0.00017713818152636734,12.188257061712548
fixed-00000032,370.0,4.0,-14,0.0001867099816602073,11.819003290626839
fixed-00000032,370.0,4.0,-13,0.00015770410667119466,11.43800973111162
fixed-00000032,370.0,4.0,-12,0.00023572196783872357,11.044061270600096
fixed-00000032,370.0,4.0,-11,0.00043203832290004274,10.635718249445574
fixed-00000032,370.0,4.0,-10,0.000304506047138527,10.211253708209213
fixed-00000032,370.0,4.0,-9,0.000443231639932687,9.76856611165097
fixed-00000032,370.0,4.0,-8,0.0008620133301637718,9.30505470888508
fixed-00000032,370.0,4.0,-7,0.0006037861483085401,8.817435895697656
fixed-00000032,370.0,4.0,-6,0.0011812542903080483,8.301462371876582
fixed-00000032,370.0,4.0,-5,0.0027532300309205003,7.751473670819763
fixed-00000032,370.0,4.0,-4,0.0019455241155342806,7.159634849526611
fixed-00000032,370.0,4.0,-3,0.004216947684798587,6.514549453118931
fixed-00000032,370.0,4.0,-2,0.009840294727961807,5.798473075777991
fixed-00000032,370.0,4.0,-1,0.06754684887235568,4.980880768645008
fixed-00000032,370.0,4.0,0,0.0217133145970521,4.000000000000043
fixed-00000032,370.0,4.0,1,0.1553931040567984,2.6823061129422996
fixed-00000032,370.0,4.0,2,0.0,0.0
fixed-00000032,370.0,4.0,3,0.0,0.0
fixed-00000032,370.0,4.0,4,0.0,0.0
fixed-00000032,370.0,4.0,5,0.0,0.0
fixed-00000032,370.0,4.0,6,0.0,0.0
fixed-00000032,370.0,4.0,7,0.0,0.0
fixed-00000032,370.0,4.0,8,0.0,0.0
fixed-00000032,370.0,4.0,9,0.0,0.0
fixed-00000032,370.0,4.0,10,0.0,0.0
fixed-00000032,370.0,4.0,11,0.0,0.0
fixed-00000032,370.0,4.0,12,0.0,0.0
fixed-00000032,370.0,4.0,13,0.0,0.0
fixed-00000032,370.0,4.0,14,0.0,0.0
fixed-00000032,370.0,4.0,15,0.0,0.0
fixed-00000032,370.0,4.0,16,0.0,0.0
fixed-00000032,370.0,4.0,17,0.0,0.0
fixed-00000032,370.0,4.0,18,0.0,0.0
fixed-00000032,370.0,4.0,19,0.0,0.0
fixed-00000032,370.0,4.0,20,0.0,0.0
fixed-00000033,380.0,4.0,-20,9.975499525163037e-05,13.720819169692376
fixed-00000033,380.0,4.0,-19,5.9419668875014676e-05,13.401935191968363
fixed-00000033,380.0,4.0,-18,0.00010541823404517956,13.075422179669076
fixed-00000033,380.0,4.0,-17,0.0001226888152776806,12.740693447383023
fixed-00000033,380.0,4.0,-16,0.00010575285304040356,12.397083362613174
fixed-00000033,380.0,4.0,-15,0.00017227228188502615,12.043831628706272
fixed-00000033,380.0,4.0,-14,0.00017387613351734578,11.680063301026976
fixed-00000033,380.0,4.0,-13,0.0001472491610865265,11.304763029146713
fixed-00000033,380.0,4.0,-12,0.00023173512202845175,10.916741345033458
fixed-00000033,380.0,4.0,-11,0.0004094023941222218,10.514589772150032
fixed-00000033,380.0,4.0,-10,0.0002862332295081535,10.096619860707108
fixed-00000033,380.0,4.0,-9,0.0004297104205858688,9.660778499992048
fixed-00000033,380.0,4.0,-8,0.0008212223890209457,9.204527144434891
fixed-00000033,380.0,4.0,-7,0.0005716855442171083,8.724664167273232
fixed-00000033,380.0,4.0,-6,0.0011508418398536926,8.217053724399236
fixed-00000033,380.0,4.0,-5,0.0027156160434947786,7.676192887086515
fixed-00000033,380.0,4.0,-4,0.0017529761842564968,7.094480733772272
fixed-00000033,380.0,4.0,-3,0.004153025210494619,6.460892113517076
fixed-00000033,380.0,4.0,-2,0.009440066793226893,5.758328175331556
fixed-00000033,380.0,4.0,-1,0.062318587297922286,4.957550037925813
fixed-00000033,380.0,4.0,0,0.027026441518158067,4.000000000000043
fixed-00000033,380.0,4.0,1,0.15416115674496236,2.7251481303053993
fixed-00000033,380.0,4.0,2,0.0,0.0
fixed-00000033,380.0,4.0,3,0.0,0.0
fixed-00000033,380.0,4.0,4,0.0,0.0
fixed-00000033,380.0,4.0,5,0.0,0.0
fixed-00000033,380.0,4.0,6,0.0,0.0
fixed-00000033,380.0,4.0,7,0.0,0.0
fixed-00000033,380.0,4.0,8,0.0,0.0
fixed-00000033,380.0,4.0,9,0.0,0.0
fixed-00000033,380.0,4.0,10,0.0,0.0
fixed-00000033,380.0,4.0,11,0.0,0.0
fixed-00000033,380.0,4.0,12,0.0,0.0
fixed-00000033,380.0,4.0,13,0.0,0.0
fixed-00000033,380.0,4.0,14,0.0,0.0
fixed-00000033,380.0,4.0,15,0.0,0.0
fixed-00000033,380.0,4.0,16,0.0,0.0
fixed-00000033,380.0,4.0,17,0.0,0.0
fixed-00000033,380.0,4.0,18,0.0,0.0
fixed-00000033,380.0,4.0,19,0.0,0.0
fixed-00000033,380.0,4.0,20,0.0,0.0
fixed-00000034,390.0,4.0,-20,9.11413384514869e-05,13.558208282247051
fixed-00000034,390.0,4.0,-19,5.556844507737001e-05,13.243852394778827
fixed-00000034,390.0,4.0,-18,0.00010124607368408001,12.921991178661244
fixed-00000034,390.0,4.0,-17,0.00011358778132997901,12.592048975527604
fixed-00000034,390.0,4.0,-16,9.971899345345117e-05,12.253372869543554
fixed-00000034,390.0,4.0,-15,0.00016672403075273243,11.905217349750572
fixed-00000034,390.0,4.0,-14,0.00016063985860280015,11.546724820999572
fixed-00000034,390.0,4.0,-13,0.00013683535555171405,11.17690050161633
fixed-00000034,390.0,4.0,-12,0.00022734376870771353,10.794579595613811
fixed-00000034,390.0,4.0,-11,0.0003854986389167231,10.398383618371724
fixed-00000034,390.0,4.0,-10,0.0002674122660103354,9.986661145214711
fixed-00000034,390.0,4.0,-9,0.0004164733990337824,9.557405601711977
fixed-00000034,390.0,4.0,-8,0.0007781942028331138,9.108138186577165
fixed-00000034,390.0,4.0,-7,0.0005401355500491978,8.635735946513421
fixed-00000034,390.0,4.0,-6,0.0011209326624298233,8.136169892284897
fixed-00000034,390.0,4.0,-5,0.002670615342110978,7.604087921018774
fixed-00000034,390.0,4.0,-4,0.0015725299562934566,7.032112732132049
fixed-00000034,390.0,4.0,-3,0.004088829791121668,6.409572995038175
fixed-00000034,390.0,4.0,-2,0.009063273730279653,5.719982428520552
fixed-00000034,390.0,4.0,-1,0.05710489575277669,4.935314059208693
fixed-00000034,390.0,4.0,0,0.03323864896800124,4.000000000000043
fixed-00000034,390.0,4.0,1,0.15212103607239447,2.7651800627454577
fixed-00000034,390.0,4.0,2,0.0,0.0
fixed-00000034,390.0,4.0,3,0.0,0.0
fixed-00000034,390.0,4.0,4,0.0,0.0
fixed-00000034,390.0,4.0,5,0.0,0.0
fixed-00000034,390.0,4.0,6,0.0,0.0
fixed-00000034,390.0,4.0,7,0.0,0.0
fixed-00000034,390.0,4.0,8,0.0,0.0
fixed-00000034,390.0,4.0,9,0.0,0.0
fixed-00000034,390.0,4.0,10,0.0,0.0
fixed-00000034,390.0,4.0,11,0.0,0.0
fixed-00000034,390.0,4.0,12,0.0,0.0
fixed-00000034,390.0,4.0,13,0.0,0.0
fixed-00000034,390.0,4.0,14,0.0,0.0
fixed-00000034,390.0,4.0,15,0.0,0.0
fixed-00000034,390.0,4.0,16,0.0,0.0
fixed-00000034,390.0,4.0,17,0.0,0.0
fixed-00000034,390.0,4.0,18,0.0,0.0
fixed-00000034,390.0,4.0,19,0.0,0.0
fixed-00000034,390.0,4.0,20,0.0,0.0
fixed-00000035,400.0,4.0,-20,8.321215855324638e-05,13.401935191968334
fixed-00000035,400.0,4.0,-19,5.231834231671662e-05,13.091937779982686
fixed-00000035,400.0,4.0,-18,9.729163801258252e-05,12.774554314257855
fixed-00000035,400.0,4.0,-17,0.00010501009682573562,12.449219763534273
fixed-00000035,400.0,4.0,-16,9.446127085951701e-05,12.115293466158093
fixed-00000035,400.0,4.0,-15,0.00016118479032668957,11.772044157333312
fixed-00000035,400.0,4.0,-14,0.00014820065577699426,11.41863095571108
fixed-00000035,400.0,4.0,-13,0.00012762923577228007,11.05407889093172
fixed-00000035,400.0,4.0,-12,0.00022341569642462037,10.677246924869166
fixed-00000035,400.0,4.0,-11,0.00036233108723373664,10.286785444979671
fixed-00000035,400.0,4.0,-10,0.00025018703483751587,9.88107865604465
fixed-00000035,400.0,4.0,-9,0.0004051011744000123,9.458164744734603
fixed-00000035,400.0,4.0,-8,0.0007369444468613237,9.015622340555609
fixed-00000035,400.0,4.0,-7,0.000512315316713698,8.550404058348832
fixed-00000035,400.0,4.0,-6,0.001093327452538957,8.058583440755712
fixed-00000035,400.0,4.0,-5,0.0026252224166580713,7.5349529087644385
fixed-00000035,400.0,4.0,-4,0.0014082993101894453,6.972349028947534
fixed-00000035,400.0,4.0,-3,0.004032268046553149,6.360437927763655
fixed-00000035,400.0,4.0,-2,0.008720979530421424,5.683315135192018
fixed-00000035,400.0,4.0,-1,0.05201391042996129,4.9140969160105215
fixed-00000035,400.0,4.0,0,0.040167050830477044,4.000000000000043
fixed-00000035,400.0,4.0,1,0.14891203076969592,2.802681229887611
fixed-00000035,400.0,4.0,2,0.0,0.0
fixed-00000035,400.0,4.0,3,0.0,0.0
fixed-00000035,400.0,4.0,4,0.0,0.0
fixed-00000035,400.0,4.0,5,0.0,0.0
fixed-00000035,400.0,4.0,6,0.0,0.0
fixed-00000035,400.0,4.0,7,0.0,0.0
fixed-00000035,400.0,4.0,8,0.0,0.0
fixed-00000035,400.0,4.0,9,0.0,0.0
fixed-00000035,400.0,4.0,10,0.0,0.0
fixed-00000035,400.0,4.0,11,0.0,0.0
fixed-00000035,400.0,4.0,12,0.0,0.0
fixed-00000035,400.0,4.0,13,0.0,0.0
fixed-00000035,400.0,4.0,14,0.0,0.0
fixed-00000035,400.0,4.0,15,0.0,0.0
fixed-00000035,400.0,4.0,16,0.0,0.0
fixed-00000035,400.0,4.0,17,0.0,0.0
fixed-00000035,400.0,4.0,18,0.0,0.0
fixed-00000035,400.0,4.0,19,0.0,0.0
fixed-00000035,400.0,4.0,20,0.0,0.0
fixed-00000036,410.0,4.0,-20,7.79943010643356e-05,13.25160671143152
fixed-00000036,410.0,4.0,-19,5.1297004857131245e-05,12.945808611381139
fixed-00000036,410.0,4.0,-18,9.600553424637934e-05,12.632739563220795
fixed-00000036,410.0,4.0,-17,9.944468450752812e-05,12.311844786384484
fixed-00000036,410.0,4.0,-16,9.265582939695433e-05,11.982495438084868
fixed-00000036,410.0,4.0,-15,0.0001603703965500656,11.64397399180919
fixed-00000036,410.0,4.0,-14,0.0001409773842366454,11.29545568156965
fixed-00000036,410.0,4.0,-13,0.00012339357137651868,10.935984635208442
fixed-00000036,410.0,4.0,-12,0.00022712400683503397,10.564442711720147
fixed-00000036,410.0,4.0,-11,0.0003497289796031899,10.179508116212844
fixed-00000036,410.0,4.0,-10,0.00024111243822433475,9.779599368767236
fixed-00000036,410.0,4.0,-9,0.0004087682765968175,9.362797745675024
fixed-00000036,410.0,4.0,-8,0.0007184873040068376,8.92673712909803
fixed-00000036,410.0,4.0,-7,0.000503881004207084,8.46844277897803
fixed-00000036,410.0,4.0,-6,0.00110665230012571,7.984086702197118
fixed-00000036,410.0,4.0,-5,0.0026475328648825507,7.4685999179504705
fixed-00000036,410.0,4.0,-4,0.0013019652893716503,6.915023699498562
fixed-00000036,410.0,4.0,-3,0.004102056579193,6.313346294075288
fixed-00000036,410.0,4.0,-2,0.008625521826169519,5.648216320416552
fixed-00000036,410.0,4.0,-1,0.04761144328928772,4.893829601074785
fixed-00000036,410.0,4.0,0,0.04734239546605942,4.000000000000043
fixed-00000036,410.0,4.0,1,0.1397258829251409,2.837893584805059
fixed-00000036,410.0,4.0,2,0.0021697146885170217,0.3323929222386681
fixed-00000036,410.0,4.0,3,0.0,0.0
fixed-00000036,410.0,4.0,4,0.0,0.0
fixed-00000036,410.0,4.0,5,0.0,0.0
fixed-00000036,410.0,4.0,6,0.0,0.0
fixed-00000036,410.0,4.0,7,0.0,0.0
fixed-00000036,410.0,4.0,8,0.0,0.0
fixed-00000036,410.0,4.0,9,0.0,0.0
fixed-00000036,410.0,4.0,10,0.0,0.0
fixed-00000036,410.0,4.0,11,0.0,0.0
fixed-00000036,410.0,4.0,12,0.0,0.0
fixed-00000036,410.0,4.0,13,0.0,0.0
fixed-00000036,410.0,4.0,14,0.0,0.0
fixed-00000036,410.0,4.0,15,0.0,0.0
fixed-00000036,410.0,4.0,16,0.0,0.0
fixed-00000036,410.0,4.0,17,0.0,0.0
fixed-00000036,410.0,4.0,18,0.0,0.0
fixed-00000036,410.0,4.0,19,0.0,0.0
fixed-00000036,410.0,4.0,20,0.0,0.0
fixed-00000037,420.0,4.0,-20,6.949835197838661e-05,13.106862846525061
fixed-00000037,420.0,4.0,-19,4.7161422132143556e-05,12.805114462386342
fixed-00000037,420.0,4.0,-18,9.014202812445401e-05,12.496206306817086
fixed-00000037,420.0,4.0,-17,8.965957843643624e-05,12.17959349512843
fixed-00000037,420.0,4.0,-16,8.69973686627627e-05,11.854658593029981
fixed-00000037,420.0,4.0,-15,0.0001534615326762544,11.520697333478978
fixed-00000037,420.0,4.0,-14,0.00012681175415101543,11.176900501616302
fixed-00000037,420.0,4.0,-13,0.00011282562364259302,10.822330651089075
fixed-00000037,420.0,4.0,-12,0.00022011192368378356,10.45589172636997
fixed-00000037,420.0,4.0,-11,0.0003216851276724971,10.076288755900379
fixed-00000037,420.0,4.0,-10,0.00021706189753511242,9.681973335802653
fixed-00000037,420.0,4.0,-9,0.0003899833272415197,9.27106825583462
fixed-00000037,420.0,4.0,-8,0.0006626942879589351,8.841260597125114
fixed-00000037,420.0,4.0,-7,0.0004620163119658583,8.389645509317234
fixed-00000037,420.0,4.0,-6,0.0010733613158858863,7.912489630768675
fixed-00000037,420.0,4.0,-5,0.0025455530084610603,7.4048569993797315
fixed-00000037,420.0,4.0,-4,0.001133180845589131,6.85998498024081
fixed-00000037,420.0,4.0,-3,0.003992175533788366,6.268169548556969
fixed-00000037,420.0,4.0,-2,0.008208279166461722,5.614585555098117
fixed-00000037,420.0,4.0,-1,0.04203791422198758,4.874449243247412
fixed-00000037,420.0,4.0,0,0.05518829577616429,4.000000000000043
fixed-00000037,420.0,4.0,1,0.13151579301405608,2.871028001785845
fixed-00000037,420.0,4.0,2,0.00464634593015775,0.6990406976807151
fixed-00000037,420.0,4.0,3,0.0,0.0
fixed-00000037,420.0,4.0,4,0.0,0.0
fixed-00000037,420.0,4.0,5,0.0,0.0
fixed-00000037,420.0,4.0,6,0.0,0.0
fixed-00000037,420.0,4.0,7,0.0,0.0
fixed-00000037,420.0,4.0,8,0.0,0.0
fixed-00000037,420.0,4.0,9,0.0,0.0
fixed-00000037,420.0,4.0,10,0.0,0.0
fixed-00000037,420.0,4.0,11,0.0,0.0
fixed-00000037,420.0,4.0,12,0.0,0.0
fixed-00000037,420.0,4.0,13,0.0,0.0
fixed-00000037,420.0,4.0,14,0.0,0.0
fixed-00000037,420.0,4.0,15,0.0,0.0
fixed-00000037,420.0,4.0,16,0.0,0.0
fixed-00000037,420.0,4.0,17,0.0,0.0
fixed-00000037,420.0,4.0,18,0.0,0.0
fixed-00000037,420.0,4.0,19,0.0,0.0
fixed-00000037,420.0,4.0,20,0.0,0.0
fixed-00000038,430.0,4.0,-20,6.197698844155006e-05,12.96737328269542
fixed-00000038,430.0,4.0,-19,4.358270886455532e-05,12.669533796208484
fixed-00000038,430.0,4.0,-18,8.443717397663374e-05,12.364642007157542
fixed-00000038,430.0,4.0,-17,8.061525088556722e-05,12.052162591783855
fixed-00000038,430.0,4.0,-16,8.19511669278788e-05,11.731489136876604
fixed-00000038,430.0,4.0,-15,0.0001458795989560928,11.401930182797159
fixed-00000038,430.0,4.0,-14,0.00011314088466507568,11.062691533065163
fixed-00000038,430.0,4.0,-13,0.00010328461570288418,10.712853532213543
fixed-00000038,430.0,4.0,-12,0.00021201106797517439,10.351341443751252
fixed-00000038,430.0,4.0,-11,0.00029327929750955635,9.976886180480477
fixed-00000038,430.0,4.0,-10,0.0001943761358616879,9.587971244288596
fixed-00000038,430.0,4.0,-9,0.00036984451331107716,9.182759450054348
fixed-00000038,430.0,4.0,-8,0.000605705349349289,8.758989138846587
fixed-00000038,430.0,4.0,-7,0.0004210265224352226,8.313822749096218
fixed-00000038,430.0,4.0,-6,0.0010315792885445254,7.843617934344664
fixed-00000038,430.0,4.0,-5,0.002424731609783764,7.343566490730254
fixed-00000038,430.0,4.0,-4,0.0009699675283745794,6.8070937630128014
fixed-00000038,430.0,4.0,-3,0.003855331728010993,6.224789929923276
fixed-00000038,430.0,4.0,-2,0.007750597453479475,5.582330930281415
fixed-00000038,430.0,4.0,-1,0.03663404277565605,4.855898436406804
fixed-00000038,430.0,4.0,0,0.06334640105783733,4.000000000000043
fixed-00000038,430.0,4.0,1,0.12401193173370728,2.902269292269864
fixed-00000038,430.0,4.0,2,0.006456316312228387,0.9215465625908905
fixed-00000038,430.0,4.0,3,0.0,0.0
fixed-00000038,430.0,4.0,4,0.0,0.0
fixed-00000038,430.0,4.0,5,0.0,0.0
fixed-00000038,430.0,4.0,6,0.0,0.0
fixed-00000038,430.0,4.0,7,0.0,0.0
fixed-00000038,430.0,4.0,8,0.0,0.0
fixed-00000038,430.0,4.0,9,0.0,0.0
fixed-00000038,430.0,4.0,10,0.0,0.0
fixed-00000038,430.0,4.0,11,0.0,0.0
fixed-00000038,430.0,4.0,12,0.0,0.0
fixed-00000038,430.0,4.0,13,0.0,0.0
fixed-00000038,430.0,4.0,14,0.0,0.0
fixed-00000038,430.0,4.0,15,0.0,0.0
fixed-00000038,430.0,4.0,16,0.0,0.0
fixed-00000038,430.0,4.0,17,0.0,0.0
fixed-00000038,430.0,4.0,18,0.0,0.0
fixed-00000038,430.0,4.0,19,0.0,0.0
fixed-00000038,430.0,4.0,20,0.0,0.0
fixed-00000039,440.0,4.0,-20,5.591235562565858e-05,12.832834315133255
fixed-00000039,440.0,4.0,-19,4.0901002724591976e-05,12.538770978052682
fixed-00000039,440.0,4.0,-18,7.964224370166808e-05,12.237759303340212
fixed-00000039,440.0,4.0,-17,7.297029817473196e-05,11.929273211537804
fixed-00000039,440.0,4.0,-16,7.837308703441837e-05,11.612716944258509
fixed-00000039,440.0,4.0,-15,0.00013947131782515953,11.287411421865912
fixed-00000039,440.0,4.0,-14,0.0001012322718774816,10.952576962541741
fixed-00000039,440.0,4.0,-13,9.593261659385302e-05,10.607311101353602
fixed-00000039,440.0,4.0,-12,0.00020562461055139209,10.250559696102783
fixed-00000039,440.0,4.0,-11,0.0002678940629775728,9.88107865604465
fixed-00000039,440.0,4.0,-10,0.00017508789107266857,9.49738228221355
fixed-00000039,440.0,4.0,-9,0.00035325440874268234,9.09767200731369
fixed-00000039,440.0,4.0,-8,0.0005544541954178148,8.679735599183942
fixed-00000039,440.0,4.0,-7,0.000386081154373079,8.240800326776181
fixed-00000039,440.0,4.0,-6,0.000995701999180256,7.777311442431525
fixed-00000039,440.0,4.0,-5,0.0023119986503101425,7.284583534666609
fixed-00000039,440.0,4.0,-4,0.000825415807078159,6.756222279782023
fixed-00000039,440.0,4.0,-3,0.003734374273024306,6.183099336276953
fixed-00000039,440.0,4.0,-2,0.007329879363725749,5.551368162118536
fixed-00000039,440.0,4.0,-1,0.031647776764870225,4.838124655002829
fixed-00000039,440.0,4.0,0,0.07194466198278791,4.000000000000043
fixed-00000039,440.0,4.0,1,0.11686952972005654,2.931780248048341
fixed-00000039,440.0,4.0,2,0.008149768161332374,1.0924531720081205
fixed-00000039,440.0,4.0,3,0.0,0.0
fixed-00000039,440.0,4.0,4,0.0,0.0
fixed-00000039,440.0,4.0,5,0.0,0.0
fixed-00000039,440.0,4.0,6,0.0,0.0
fixed-00000039,440.0,4.0,7,0.0,0.0
fixed-00000039,440.0,4.0,8,0.0,0.0
fixed-00000039,440.0,4.0,9,0.0,0.0
fixed-00000039,440.0,4.0,10,0.0,0.0
fixed-00000039,440.0,4.0,11,0.0,0.0
fixed-00000039,440.0,4.0,12,0.0,0.0
fixed-00000039,440.0,4.0,13,0.0,0.0
fixed-00000039,440.0,4.0,14,0.0,0.0
fixed-00000039,440.0,4.0,15,0.0,0.0
fixed-00000039,440.0,4.0,16,0.0,0.0
fixed-00000039,440.0,4.0,17,0.0,0.0
fixed-00000039,440.0,4.0,18,0.0,0.0
fixed-00000039,440.0,4.0,19,0.0,0.0
fixed-00000039,440.0,4.0,20,0.0,0.0
fixed-00000040,450.0,4.0,-20,5.034789778513385e-05,12.702966158118315
fixed-00000040,450.0,4.0,-19,3.836912801467094e-05,12.412553656294293
fixed-00000040,450.0,4.0,-18,7.472657610130398e-05,12.115293466158121
fixed-00000040,450.0,4.0,-17,6.564847228788405e-05,11.81066845284316
fixed-00000040,450.0,4.0,-16,7.520666951408481e-05,11.498093166079101
fixed-00000040,450.0,4.0,-15,0.0001328222108589713,11.17690050161626
fixed-00000040,450.0,4.0,-14,8.965370748393178e-05,10.846324815409005
fixed-00000040,450.0,4.0,-13,8.941085044444004e-05,10.505480264653997
fixed-00000040,450.0,4.0,-12,0.00019883250749032206,10.153332615240856
fixed-00000040,450.0,4.0,-11,0.00024271308440082203,9.788661932177646
fixed-00000040,450.0,4.0,-10,0.00015651904960560896,9.41001226788633
fixed-00000040,450.0,4.0,-9,0.00033694899733565785,9.015622340555637
fixed-00000040,450.0,4.0,-8,0.0005035574404954152,8.60332760953709
fixed-00000040,450.0,4.0,-7,0.00035266998511192254,8.170417848002046
fixed-00000040,450.0,4.0,-6,0.0009606039511480746,7.713422675659928
fixed-00000040,450.0,4.0,-5,0.002191121638239032,7.227774780095174
fixed-00000040,450.0,4.0,-4,0.0006935119718720267,6.707252950125579
fixed-00000040,450.0,4.0,-3,0.0036125469994390137,6.142998339829504
fixed-00000040,450.0,4.0,-2,0.0069194807465906335,5.521619808342521
fixed-00000040,450.0,4.0,-1,0.026943844501340984,4.821079743384956
fixed-00000040,450.0,4.0,0,0.08067624498873656,4.000000000000043
fixed-00000040,450.0,4.0,1,0.10959552817984536,2.9597049311129666
fixed-00000040,450.0,4.0,2,0.009835149799179682,1.2338425267338948
fixed-00000040,450.0,4.0,3,0.0,0.0
fixed-00000040,450.0,4.0,4,0.0,0.0
fixed-00000040,450.0,4.0,5,0.0,0.0
fixed-00000040,450.0,4.0,6,0.0,0.0
fixed-00000040,450.0,4.0,7,0.0,0.0
fixed-00000040,450.0,4.0,8,0.0,0.0
fixed-00000040,450.0,4.0,9,0.0,0.0
fixed-00000040,450.0,4.0,10,0.0,0.0
fixed-00000040,450.0,4.0,11,0.0,0.0
fixed-00000040,450.0,4.0,12,0.0,0.0
fixed-00000040,450.0,4.0,13,0.0,0.0
fixed-00000040,450.0,4.0,14,0.0,0.0
fixed-00000040,450.0,4.0,15,0.0,0.0
fixed-00000040,450.0,4.0,16,0.0,0.0
fixed-00000040,450.0,4.0,17,0.0,0.0
fixed-00000040,450.0,4.0,18,0.0,0.0
fixed-00000040,450.0,4.0,19,0.0,0.0
fixed-00000040,450.0,4.0,20,0.0,0.0
fixed-00000041,460.0,4.0,-20,4.526474560023891e-05,12.577510579407715
fixed-00000041,460.0,4.0,-19,3.5927811750081057e-05,12.290630459977635
fixed-00000041,460.0,4.0,-18,6.959051990225364e-05,11.997000160210277
fixed-00000041,460.0,4.0,-17,5.864641266913125e-05,11.696111205778067
fixed-00000041,460.0,4.0,-16,7.219367576215024e-05,11.387388125912437
fixed-00000041,460.0,4.0,-15,0.00012548333195087184,11.070175408225822
fixed-00000041,460.0,4.0,-14,7.831554392397816e-05,10.743720994389975
fixed-00000041,460.0,4.0,-13,8.335757052462129e-05,10.407155124901223
fixed-00000041,460.0,4.0,-12,0.00019072779503246035,10.059462823221452
fixed-00000041,460.0,4.0,-11,0.00021716055915124325,9.699447513130764
fixed-00000041,460.0,4.0,-10,0.00013825308305616862,9.325682005200974
fixed-00000041,460.0,4.0,-9,0.00031905582490438373,8.93644104020727
fixed-00000041,460.0,4.0,-8,0.0004515532106458764,8.529606124486918
fixed-00000041,460.0,4.0,-7,0.00031914840136950334,8.102527331430608
fixed-00000041,460.0,4.0,-6,0.0009210752480866936,7.651815588106331
fixed-00000041,460.0,4.0,-5,0.0020535007571916087,7.1730172404364225
fixed-00000041,460.0,4.0,-4,0.0005700506297570832,6.660077368214232
fixed-00000041,460.0,4.0,-3,0.003473092485273748,6.104395321148445
fixed-00000041,460.0,4.0,-2,0.006488317125357061,5.493014580257693
fixed-00000041,460.0,4.0,-1,0.02247930297728237,4.804719468232179
fixed-00000041,460.0,4.0,0,0.08922403697200797,4.000000000000043
fixed-00000041,460.0,4.0,1,0.10190229631547801,2.986171373421186
fixed-00000041,460.0,4.0,2,0.011518846092716754,1.3553543387345144
fixed-00000041,460.0,4.0,3,0.0,0.0
fixed-00000041,460.0,4.0,4,0.0,0.0
fixed-00000041,460.0,4.0,5,0.0,0.0
fixed-00000041,460.0,4.0,6,0.0,0.0
fixed-00000041,460.0,4.0,7,0.0,0.0
fixed-00000041,460.0,4.0,8,0.0,0.0
fixed-00000041,460.0,4.0,9,0.0,0.0
fixed-00000041,460.0,4.0,10,0.0,0.0
fixed-00000041,460.0,4.0,11,0.0,0.0
fixed-00000041,460.0,4.0,12,0.0,0.0
fixed-00000041,460.0,4.0,13,0.0,0.0
fixed-00000041,460.0,4.0,14,0.0,0.0
fixed-00000041,460.0,4.0,15,0.0,0.0
fixed-00000041,460.0,4.0,16,0.0,0.0
fixed-00000041,460.0,4.0,17,0.0,0.0
fixed-00000041,460.0,4.0,18,0.0,0.0
fixed-00000041,460.0,4.0,19,0.0,0.0
fixed-00000041,460.0,4.0,20,0.0,0.0
fixed-00000042,470.0,4.0,-20,4.1487772838780586e-05,12.456228814270318
fixed-00000042,470.0,4.0,-19,3.424446593748644e-05,12.172768968466443
fixed-00000042,470.0,4.0,-18,6.528555865989265e-05,11.882653470494859
fixed-00000042,470.0,4.0,-17,5.294891698767032e-05,11.585382237029776
fixed-00000042,470.0,4.0,-16,7.04124671693145e-05,11.28038946496281
fixed-00000042,470.0,4.0,-15,0.00011915501224068812,10.967030869800126
fixed-00000042,470.0,4.0,-14,6.859847152798996e-05,10.644567549905517
fixed-00000042,470.0,4.0,-13,7.91556584122118e-05,10.31214531767661
fixed-00000042,470.0,4.0,-12,0.00018394224018895237,9.968767836736134
fixed-00000042,470.0,4.0,-11,0.00019438938159803033,9.613261133217293
fixed-00000042,470.0,4.0,-10,0.00012297167034068082,9.244225833195756
fixed-00000042,470.0,4.0,-9,0.00030383041582875896,8.85997150158471
fixed-00000042,470.0,4.0,-8,0.00040474991736144395,8.458424131399937
fixed-00000042,470.0,4.0,-7,0.00029083378771076163,8.036992005791461
fixed-00000042,470.0,4.0,-6,0.000885893543957911,7.592364458324127
fixed-00000042,470.0,4.0,-5,0.0019219571539354858,7.12019728699272
fixed-00000042,470.0,4.0,-4,0.0004619037688683551,6.614595409808928
fixed-00000042,470.0,4.0,-3,0.0033445812286382053,6.067205706207318
fixed-00000042,470.0,4.0,-2,0.006083066042366124,5.465486736837221
fixed-00000042,470.0,4.0,-1,0.018436736682107057,4.789003125134016
fixed-00000042,470.0,4.0,0,0.09788739483957175,4.000000000000043
fixed-00000042,470.0,4.0,1,0.09429476850160337,3.011293809692063
fixed-00000042,470.0,4.0,2,0.01323527296283119,1.462265398478209
fixed-00000042,470.0,4.0,3,0.0,0.0
fixed-00000042,470.0,4.0,4,0.0,0.0
fixed-00000042,470.0,4.0,5,0.0,0.0
fixed-00000042,470.0,4.0,6,0.0,0.0
fixed-00000042,470.0,4.0,7,0.0,0.0
fixed-00000042,470.0,4.0,8,0.0,0.0
fixed-00000042,470.0,4.0,9,0.0,0.0
fixed-00000042,470.0,4.0,10,0.0,0.0
fixed-00000042,470.0,4.0,11,0.0,0.0
fixed-00000042,470.0,4.0,12,0.0,0.0
fixed-00000042,470.0,4.0,13,0.0,0.0
fixed-00000042,470.0,4.0,14,0.0,0.0
fixed-00000042,470.0,4.0,15,0.0,0.0
fixed-00000042,470.0,4.0,16,0.0,0.0
fixed-00000042,470.0,4.0,17,0.0,0.0
fixed-00000042,470.0,4.0,18,0.0,0.0
fixed-00000042,470.0,4.0,19,0.0,0.0
fixed-00000042,470.0,4.0,20,0.0,0.0
fixed-00000043,480.0,4.0,-20,3.8507644864481356e-05,12.338899720932332
fixed-00000043,480.0,4.0,-19,3.2873023697711574e-05,12.058753916039905
fixed-00000043,480.0,4.0,-18,6.124989335936867e-05,11.772044157333369
fixed-00000043,480.0,4.0,-17,4.79583763279972e-05,11.478278496429667
fixed-00000043,480.0,4.0,-16,6.939488393536604e-05,11.176900501616302
fixed-00000043,480.0,4.0,-15,0.00011334541326504601,10.867276770488644
fixed-00000043,480.0,4.0,-14,5.976878288174225e-05,10.548681150469449
fixed-00000043,480.0,4.0,-13,7.642405487673148e-05,10.220274539944285
fixed-00000043,480.0,4.0,-12,0.00017781385340899335,9.881078656044693
fixed-00000043,480.0,4.0,-11,0.0001733114397448976,9.529941408533489
fixed-00000043,480.0,4.0,-10,0.00010967364542208404,9.165490343367907
fixed-00000043,480.0,4.0,-9,0.00029105627176958696,8.786068711064956
fixed-00000043,480.0,4.0,-8,0.0003615195991661201,8.389645509317262
fixed-00000043,480.0,4.0,-7,0.0002670824590994667,7.973685246153153
fixed-00000043,480.0,4.0,-6,0.0008575984086753708,7.534952908764538
fixed-00000043,480.0,4.0,-5,0.0017943137456142338,7.069209758944453
fixed-00000043,480.0,4.0,-4,0.0003697631280518781,6.570714442852491
fixed-00000043,480.0,4.0,-3,0.003235384789448124,6.03135129215535
fixed-00000043,480.0,4.0,-2,0.005716914591856391,5.438975549640787
fixed-00000043,480.0,4.0,-1,0.014818933794426633,4.773893191801832
fixed-00000043,480.0,4.0,0,0.10661026954313269,4.000000000000128
fixed-00000043,480.0,4.0,1,0.08686923038804224,3.035174537183508
fixed-00000043,480.0,4.0,2,0.015038511837433006,1.5578535504268984
fixed-00000043,480.0,4.0,3,0.0,0.0
fixed-00000043,480.0,4.0,4,0.0,0.0
fixed-00000043,480.0,4.0,5,0.0,0.0
fixed-00000043,480.0,4.0,6,0.0,0.0
fixed-00000043,480.0,4.0,7,0.0,0.0
fixed-00000043,480.0,4.0,8,0.0,0.0
fixed-00000043,480.0,4.0,9,0.0,0.0
fixed-00000043,480.0,4.0,10,0.0,0.0
fixed-00000043,480.0,4.0,11,0.0,0.0
fixed-00000043,480.0,4.0,12,0.0,0.0
fixed-00000043,480.0,4.0,13,0.0,0.0
fixed-00000043,480.0,4.0,14,0.0,0.0
fixed-00000043,480.0,4.0,15,0.0,0.0
fixed-00000043,480.0,4.0,16,0.0,0.0
fixed-00000043,480.0,4.0,17,0.0,0.0
fixed-00000043,480.0,4.0,18,0.0,0.0
fixed-00000043,480.0,4.0,19,0.0,0.0
fixed-00000043,480.0,4.0,20,0.0,0.0
fixed-00000044,490.0,4.0,-20,3.496812385291562e-05,12.225318145104808
fixed-00000044,490.0,4.0,-19,3.059336042959901e-05,11.948385599975978
fixed-00000044,490.0,4.0,-18,5.576664758025535e-05,11.66497810905598
fixed-00000044,490.0,4.0,-17,4.223095639036073e-05,11.374611615381397
fixed-00000044,490.0,4.0,-16,6.687347476472076e-05,11.076738776861475
fixed-00000044,490.0,4.0,-15,0.00010487721124173995,10.770736744273435
fixed-00000044,490.0,4.0,-14,4.993484272476239e-05,10.455891726370012
fixed-00000044,490.0,4.0,-13,7.241300680379682e-05,10.131379245325505
fixed-00000044,490.0,4.0,-12,0.00016694475483660124,9.796238513755625
fixed-00000044,490.0,4.0,-11,0.0001490813982916954,9.449338641416006
fixed-00000044,490.0,4.0,-10,9.424817390038618e-05,9.089333242301052
fixed-00000044,490.0,4.0,-9,0.0002717250150073428,8.714598169784495
fixed-00000044,490.0,4.0,-8,0.0003118976848129941,8.323144017155428
fixed-00000044,490.0,4.0,-7,0.0002385512924675252,7.9124896307686186
fixed-00000044,490.0,4.0,-6,0.0008156112062514251,7.479473036402908
fixed-00000044,490.0,4.0,-5,0.0016273792204497387,7.019957174357458
fixed-00000044,490.0,4.0,-4,0.00028186698623478847,6.528348627774008
fixed-00000044,490.0,4.0,-3,0.003080640454765979,5.996759649897882
fixed-00000044,490.0,4.0,-2,0.005279157112804889,5.413424829013778
fixed-00000044,490.0,4.0,-1,0.011431416000910254,4.7593550215627545
fixed-00000044,490.0,4.0,0,0.11397035340901805,4.000000000000128
fixed-00000044,490.0,4.0,1,0.07868832550641366,3.057905474932099
fixed-00000044,490.0,4.0,2,0.016798419151632646,1.6443284594506906
fixed-00000044,490.0,4.0,3,0.0,0.0
fixed-00000044,490.0,4.0,4,0.0,0.0
fixed-00000044,490.0,4.0,5,0.0,0.0
fixed-00000044,490.0,4.0,6,0.0,0.0
fixed-00000044,490.0,4.0,7,0.0,0.0
fixed-00000044,490.0,4.0,8,0.0,0.0
fixed-00000044,490.0,4.0,9,0.0,0.0
fixed-00000044,490.0,4.0,10,0.0,0.0
fixed-00000044,490.0,4.0,11,0.0,0.0
fixed-00000044,490.0,4.0,12,0.0,0.0
fixed-00000044,490.0,4.0,13,0.0,0.0
fixed-00000044,490.0,4.0,14,0.0,0.0
fixed-00000044,490.0,4.0,15,0.0,0.0
fixed-00000044,490.0,4.0,16,0.0,0.0
fixed-00000044,490.0,4.0,17,0.0,0.0
fixed-00000044,490.0,4.0,18,0.0,0.0
fixed-00000044,490.0,4.0,19,0.0,0.0
fixed-00000044,490.0,4.0,20,0.0,0.0
fixed-00000045,500.0,4.0,-20,3.187167190325212e-05,12.115293466158121
fixed-00000045,500.0,4.0,-19,2.8321607962152696e-05,11.8414784654246
fixed-00000045,500.0,4.0,-18,5.023853275342449e-05,11.561274966505863
fixed-00000045,500.0,4.0,-17,3.705349672533396e-05,11.274206572013128
fixed-00000045,500.0,4.0,-16,6.404631906543364e-05,10.979734761202295
fixed-00000045,500.0,4.0,-15,9.563923675561211e-05,10.677246924869209
fixed-00000045,500.0,4.0,-14,4.09042218374901e-05,10.366041263914951
fixed-00000045,500.0,4.0,-13,6.838205287139492e-05,10.045307484204272
fixed-00000045,500.0,4.0,-12,0.0001541947921104099,9.714101762495858
fixed-00000045,500.0,4.0,-11,0.00012545000878968893,9.371313757611418
fixed-00000045,500.0,4.0,-10,7.976811333397533e-05,9.01562234055568
fixed-00000045,500.0,4.0,-9,0.00024948940804730746,8.645434936834732
fixed-00000045,500.0,4.0,-8,0.00026288517393666057,8.258802394264194
fixed-00000045,500.0,4.0,-7,0.00021016001598101302,7.85329610268785
fixed-00000045,500.0,4.0,-6,0.0007638597914310499,7.425824639985038
fixed-00000045,500.0,4.0,-5,0.001444075552866106,6.972349028947647
fixed-00000045,500.0,4.0,-4,0.0002029082368837068,6.487418295723927
fixed-00000045,500.0,4.0,-3,0.0028937819824192577,5.96336359338612
fixed-00000045,500.0,4.0,-2,0.00479323691966104,5.388782503478367
fixed-00000045,500.0,4.0,-1,0.008432970407426054,4.745356571759629
fixed-00000045,500.0,4.0,0,0.12007666705956975,4.000000000000128
fixed-00000045,500.0,4.0,1,0.07015243709139066,3.07956947893598
fixed-00000045,500.0,4.0,2,0.01844411692431022,1.7232677700620371
fixed-00000045,500.0,4.0,3,0.0,0.0
fixed-00000045,500.0,4.0,4,0.0,0.0
fixed-00000045,500.0,4.0,5,0.0,0.0
fixed-00000045,500.0,4.0,6,0.0,0.0
fixed-00000045,500.0,4.0,7,0.0,0.0
fixed-00000045,500.0,4.0,8,0.0,0.0
fixed-00000045,500.0,4.0,9,0.0,0.0
fixed-00000045,500.0,4.0,10,0.0,0.0
fixed-00000045,500.0,4.0,11,0.0,0.0
fixed-00000045,500.0,4.0,12,0.0,0.0
fixed-00000045,500.0,4.0,13,0.0,0.0
fixed-00000045,500.0,4.0,14,0.0,0.0
fixed-00000045,500.0,4.0,15,0.0,0.0
fixed-00000045,500.0,4.0,16,0.0,0.0
fixed-00000045,500.0,4.0,17,0.0,0.0
fixed-00000045,500.0,4.0,18,0.0,0.0
fixed-00000045,500.0,4.0,19,0.0,0.0
fixed-00000045,500.0,4.0,20,0.0,0.0
fixed-00000046,510.0,4.0,-20,2.8757499424316806e-05,12.00864830157974
fixed-00000046,510.0,4.0,-19,2.5704921642770457e-05,11.73785984433411
fixed-00000046,510.0,4.0,-18,4.431979749137472e-05,11.46076689726786
fixed-00000046,510.0,4.0,-17,3.204626003263029e-05,11.17690050161626
fixed-00000046,510.0,4.0,-16,6.024418528083559e-05,10.885730702301743
fixed-00000046,510.0,4.0,-15,8.507905272201919e-05,10.586654831666607
fixed-00000046,510.0,4.0,-14,3.239430121640248e-05,10.278982730887435
fixed-00000046,510.0,4.0,-13,6.350198248304719e-05,9.961917870049362
fixed-00000046,510.0,4.0,-12,0.00013861343777896276,9.63453288362129
fixed-00000046,510.0,4.0,-11,0.00010197094102919463,9.295737359102532
fixed-00000046,510.0,4.0,-10,6.549904308653852e-05,8.944234651595096
fixed-00000046,510.0,4.0,-9,0.00022279922235928212,8.578462776597007
fixed-00000046,510.0,4.0,-8,0.00021372187213794956,8.19651155890179
fixed-00000046,510.0,4.0,-7,0.00018032362344691936,7.796003222671089
fixed-00000046,510.0,4.0,-6,0.0006982104083492122,7.373914531470007
fixed-00000046,510.0,4.0,-5,0.0012407463406852225,6.926301171313213
fixed-00000046,510.0,4.0,-4,0.00013378568890083466,6.447849394706807
fixed-00000046,510.0,4.0,-3,0.0026620680528835674,5.931100707011325
fixed-00000046,510.0,4.0,-2,0.004242277605298222,5.3650002454304655
fixed-00000046,510.0,4.0,-1,0.00585748632244931,4.731868162490429
fixed-00000046,510.0,4.0,0,0.1241839247041778,3.999999999999943
fixed-00000046,510.0,4.0,1,0.061217411740739844,3.100241457700733
fixed-00000046,510.0,4.0,2,0.019858087215005482,1.7958468702815367
fixed-00000046,510.0,4.0,3,0.0,0.0
fixed-00000046,510.0,4.0,4,0.0,0.0
fixed-00000046,510.0,4.0,5,0.0,0.0
fixed-00000046,510.0,4.0,6,0.0,0.0
fixed-00000046,510.0,4.0,7,0.0,0.0
fixed-00000046,510.0,4.0,8,0.0,0.0
fixed-00000046,510.0,4.0,9,0.0,0.0
fixed-00000046,510.0,4.0,10,0.0,0.0
fixed-00000046,510.0,4.0,11,0.0,0.0
fixed-00000046,510.0,4.0,12,0.0,0.0
fixed-00000046,510.0,4.0,13,0.0,0.0
fixed-00000046,510.0,4.0,14,0.0,0.0
fixed-00000046,510.0,4.0,15,0.0,0.0
fixed-00000046,510.0,4.0,16,0.0,0.0
fixed-00000046,510.0,4.0,17,0.0,0.0
fixed-00000046,510.0,4.0,18,0.0,0.0
fixed-00000046,510.0,4.0,19,0.0,0.0
fixed-00000046,510.0,4.0,20,0.0,0.0
fixed-00000047,520.0,4.0,-20,2.7094132098272237e-05,11.905217349750558
fixed-00000047,520.0,4.0,-19,2.447789255016918e-05,11.637368829002952
fixed-00000047,520.0,4.0,-18,4.03792221582508e-05,11.363297500741439
fixed-00000047,520.0,4.0,-17,2.905172282078825e-05,11.08254163405276
fixed-00000047,520.0,4.0,-16,5.807079644988346e-05,10.794579595613783
fixed-00000047,520.0,4.0,-15,7.663362046567084e-05,10.498818374569126
fixed-00000047,520.0,4.0,-14,2.6563974011182215e-05,10.194579116674106
fixed-00000047,520.0,4.0,-13,5.984149015135451e-05,9.881078656044693
fixed-00000047,520.0,4.0,-12,0.0001262014782012008,9.557405601711935
fixed-00000047,520.0,4.0,-11,8.378826104633105e-05,9.222488878015653
fixed-00000047,520.0,4.0,-10,5.502655802766235e-05,8.875055586881174
fixed-00000047,520.0,4.0,-9,0.00019889994838460717,8.513573397092799
fixed-00000047,520.0,4.0,-8,0.00017444777428343174,8.136169892284855
fixed-00000047,520.0,4.0,-7,0.00015533375949764987,7.740516501892586
fixed-00000047,520.0,4.0,-6,0.0006281355324119574,7.32365592105198
fixed-00000047,520.0,4.0,-5,0.001063000986294477,6.881735244987794
fixed-00000047,520.0,4.0,-4,7.767604779545067e-05,6.409572995038118
fixed-00000047,520.0,4.0,-3,0.0024161224994455003,5.899912923755764
fixed-00000047,520.0,4.0,-2,0.0036985380018877585,5.342033137263584
fixed-00000047,520.0,4.0,-1,0.003823390111527891,4.718862261789724
fixed-00000047,520.0,4.0,0,0.12755150649702474,3.999999999999943
fixed-00000047,520.0,4.0,1,0.052584316232959304,3.1199893233792295
fixed-00000047,520.0,4.0,2,0.02091589124434857,1.8629706538812485
fixed-00000047,520.0,4.0,3,0.0,0.0
fixed-00000047,520.0,4.0,4,0.0,0.0
fixed-00000047,520.0,4.0,5,0.0,0.0
fixed-00000047,520.0,4.0,6,0.0,0.0
fixed-00000047,520.0,4.0,7,0.0,0.0
fixed-00000047,520.0,4.0,8,0.0,0.0
fixed-00000047,520.0,4.0,9,0.0,0.0
fixed-00000047,520.0,4.0,10,0.0,0.0
fixed-00000047,520.0,4.0,11,0.0,0.0
fixed-00000047,520.0,4.0,12,0.0,0.0
fixed-00000047,520.0,4.0,13,0.0,0.0
fixed-00000047,520.0,4.0,14,0.0,0.0
fixed-00000047,520.0,4.0,15,0.0,0.0
fixed-00000047,520.0,4.0,16,0.0,0.0
fixed-00000047,520.0,4.0,17,0.0,0.0
fixed-00000047,520.0,4.0,18,0.0,0.0
fixed-00000047,520.0,4.0,19,0.0,0.0
fixed-00000047,520.0,4.0,20,0.0,0.0
fixed-00000048,530.0,4.0,-20,3.0987512320178346e-05,11.804846353924574
fixed-00000048,530.0,4.0,-19,2.79392434362431e-05,11.539855263600288
fixed-00000048,530.0,4.0,-18,4.2383315065730704e-05,11.268720827871178
fixed-00000048,530.0,4.0,-17,3.15136260864832e-05,10.990988342425112
fixed-00000048,530.0,4.0,-16,6.489279968131848e-05,10.706144262791852
fixed-00000048,530.0,4.0,-15,7.903040691410814e-05,10.413604963019466
fixed-00000048,530.0,4.0,-14,2.674214910070505e-05,10.112702572883805
fixed-00000048,530.0,4.0,-13,6.736229433609487e-05,9.802666908387508
fixed-00000048,530.0,4.0,-12,0.00013212208212166527,9.48260209177191
fixed-00000048,530.0,4.0,-11,8.031302319058989e-05,9.151455819110154
fixed-00000048,530.0,4.0,-10,5.86564666854252e-05,8.80797823524668
fixed-00000048,530.0,4.0,-9,0.00020628278008192596,8.450665768094211
fixed-00000048,530.0,4.0,-8,0.00016501632657250602,8.077682597631096
fixed-00000048,530.0,4.0,-7,0.0001642553463211973,7.686747804566139
fixed-00000048,530.0,4.0,-6,0.0006337827487038336,7.2749678666584
fixed-00000048,530.0,4.0,-5,0.0010179381863081353,6.838578189041442
fixed-00000048,530.0,4.0,-4,5.249131176051139e-05,6.37252484677397
fixed-00000048,530.0,4.0,-3,0.002413089191639491,5.869746147798878
fixed-00000048,530.0,4.0,-2,0.0035455257443917027,5.319839372881049
fixed-00000048,530.0,4.0,-1,0.0025246118684227143,4.706313293920829
fixed-00000048,530.0,4.0,0,0.13778664247272707,4.000000000000043
fixed-00000048,530.0,4.0,1,0.0472402680810359,3.138874806668909
fixed-00000048,530.0,4.0,2,0.022920039260613204,1.9253541332400914
fixed-00000048,530.0,4.0,3,0.0,0.0
fixed-00000048,530.0,4.0,4,0.0,0.0
fixed-00000048,530.0,4.0,5,0.0,0.0
fixed-00000048,530.0,4.0,6,0.0,0.0
fixed-00000048,530.0,4.0,7,0.0,0.0
fixed-00000048,530.0,4.0,8,0.0,0.0
fixed-00000048,530.0,4.0,9,0.0,0.0
fixed-00000048,530.0,4.0,10,0.0,0.0
fixed-00000048,530.0,4.0,11,0.0,0.0
fixed-00000048,530.0,4.0,12,0.0,0.0
fixed-00000048,530.0,4.0,13,0.0,0.0
fixed-00000048,530.0,4.0,14,0.0,0.0
fixed-00000048,530.0,4.0,15,0.0,0.0
fixed-00000048,530.0,4.0,16,0.0,0.0
fixed-00000048,530.0,4.0,17,0.0,0.0
fixed-00000048,530.0,4.0,18,0.0,0.0
fixed-00000048,530.0,4.0,19,0.0,0.0
fixed-00000048,530.0,4.0,20,0.0,0.0
fixed-00000049,540.0,4.0,-20,3.282341772169439e-05,11.707391172695964
fixed-00000049,540.0,4.0,-19,2.8673241066867746e-05,11.445178839332968
fixed-00000049,540.0,4.0,-18,4.0980471064968964e-05,11.176900501616302
fixed-00000049,540.0,4.0,-17,3.163154478373593e-05,10.902108289504397
fixed-00000049,540.0,4.0,-16,6.764665894336985e-05,10.620296524793474
fixed-00000049,540.0,4.0,-15,7.65362537842649e-05,10.33089070657202
fixed-00000049,540.0,4.0,-14,2.4696324870825024e-05,10.033233642263525
fixed-00000049,540.0,4.0,-13,7.225875695821555e-05,9.726567764525285
fixed-00000049,540.0,4.0,-12,0.00012893861086135343,9.410012267886245
fixed-00000049,540.0,4.0,-11,7.146032776828472e-05,9.08253308010309
fixed-00000049,540.0,4.0,-10,5.903472354963322e-05,8.742902716320742
fixed-00000049,540.0,4.0,-9,0.00020412289921864355,8.389645509317262
fixed-00000049,540.0,4.0,-8,0.00014562337043715995,8.020961125094075
fixed-00000049,540.0,4.0,-7,0.00016885298723803269,7.634614812005779
fixed-00000049,540.0,4.0,-6,0.0006275652570728568,7.227774780095174
fixed-00000049,540.0,4.0,-5,0.0009137485921779236,6.796761790119547
fixed-00000049,540.0,4.0,-4,3.6975895212750525e-05,6.336644982795491
fixed-00000049,540.0,4.0,-3,0.0023685083873645992,5.840549916165088
fixed-00000049,540.0,4.0,-2,0.0032912328562203865,5.298379990270192
fixed-00000049,540.0,4.0,-1,0.001542098158588902,4.694197467919281
fixed-00000049,540.0,4.0,0,0.14481587657753076,4.000000000000043
fixed-00000049,540.0,4.0,1,0.041230587888461276,3.1569541581493326
fixed-00000049,540.0,4.0,2,0.02494754746392593,1.9835743440105915
fixed-00000049,540.0,4.0,3,0.0,0.0
fixed-00000049,540.0,4.0,4,0.0,0.0
fixed-00000049,540.0,4.0,5,0.0,0.0
fixed-00000049,540.0,4.0,6,0.0,0.0
fixed-00000049,540.0,4.0,7,0.0,0.0
fixed-00000049,540.0,4.0,8,0.0,0.0
fixed-00000049,540.0,4.0,9,0.0,0.0
fixed-00000049,540.0,4.0,10,0.0,0.0
fixed-00000049,540.0,4.0,11,0.0,0.0
fixed-00000049,540.0,4.0,12,0.0,0.0
fixed-00000049,540.0,4.0,13,0.0,0.0
fixed-00000049,540.0,4.0,14,0.0,0.0
fixed-00000049,540.0,4.0,15,0.0,0.0
fixed-00000049,540.0,4.0,16,0.0,0.0
fixed-00000049,540.0,4.0,17,0.0,0.0
fixed-00000049,540.0,4.0,18,0.0,0.0
fixed-00000049,540.0,4.0,19,0.0,0.0
fixed-00000049,540.0,4.0,20,0.0,0.0
fixed-00000050,550.0,4.0,-20,3.4111726592098526e-05,11.612716944258466
fixed-00000050,550.0,4.0,-19,2.8946327079272724e-05,11.353208280905505
fixed-00000050,550.0,4.0,-18,3.912375752712537e-05,11.087708926153098
fixed-00000050,550.0,4.0,-17,3.159030292183562e-05,10.81577766026615
fixed-00000050,550.0,4.0,-16,6.890586086610901e-05,10.536916458396973
fixed-00000050,550.0,4.0,-15,7.232940201744558e-05,10.250559696102755
fixed-00000050,550.0,4.0,-14,2.2782572813686078e-05,9.956060565391013
fixed-00000050,550.0,4.0,-13,7.499790852762821e-05,9.652673766211109
fixed-00000050,550.0,4.0,-12,0.00012236741382307007,9.339533143629737
fixed-00000050,550.0,4.0,-11,6.211764817573826e-05,9.015622340555552
fixed-00000050,550.0,4.0,-10,5.814757804459975e-05,8.679735599183942
fixed-00000050,550.0,4.0,-9,0.00019512707456842713,8.33042434034833
fixed-00000050,550.0,4.0,-8,0.00012470702915216576,7.965922654739103
fixed-00000050,550.0,4.0,-7,0.0001684040688772016,7.58404054079962
fixed-00000050,550.0,4.0,-6,0.0005988492879978997,7.182005983087052
fixed-00000050,550.0,4.0,-5,0.000788809513496101,6.756222279782023
fixed-00000050,550.0,4.0,-4,2.7227385224456174e-05,6.30187736209605
fixed-00000050,550.0,4.0,-3,0.0022557792702155347,5.812277094742029
fixed-00000050,550.0,4.0,-2,0.002947749693626046,5.277618631405375
fixed-00000050,550.0,4.0,-1,0.0009510169206069086,4.682492623926009
fixed-00000050,550.0,4.0,0,0.14923188716053976,4.000000000000043
fixed-00000050,550.0,4.0,1,0.0348391588935937,3.174278754446547
fixed-00000050,550.0,4.0,2,0.026495262737282498,2.038105178627262
fixed-00000050,550.0,4.0,3,0.0,0.0
fixed-00000050,550.0,4.0,4,0.0,0.0
fixed-00000050,550.0,4.0,5,0.0,0.0
fixed-00000050,550.0,4.0,6,0.0,0.0
fixed-00000050,550.0,4.0,7,0.0,0.0
fixed-00000050,550.0,4.0,8,0.0,0.0
fixed-00000050,550.0,4.0,9,0.0,0.0
fixed-00000050,550.0,4.0,10,0.0,0.0
fixed-00000050,550.0,4.0,11,0.0,0.0
fixed-00000050,550.0,4.0,12,0.0,0.0
fixed-00000050,550.0,4.0,13,0.0,0.0
fixed-00000050,550.0,4.0,14,0.0,0.0
fixed-00000050,550.0,4.0,15,0.0,0.0
fixed-00000050,550.0,4.0,16,0.0,0.0
fixed-00000050,550.0,4.0,17,0.0,0.0
fixed-00000050,550.0,4.0,18,0.0,0.0
fixed-00000050,550.0,4.0,19,0.0,0.0
fixed-00000050,550.0,4.0,20,0.0,0.0
fixed-00000051,560.0,4.0,-20,3.7063774158088994e-05,11.520697333479006
fixed-00000051,560.0,4.0,-19,3.021427153897532e-05,11.26382061358683
fixed-00000051,560.0,4.0,-18,3.856611637665298e-05,11.001026574425026
fixed-00000051,560.0,4.0,-17,3.319161241630973e-05,10.731880470457497
fixed-00000051,560.0,4.0,-16,7.22605980155031e-05,10.45589172636997
fixed-00000051,560.0,4.0,-15,7.059042804786496e-05,10.172503356222151
fixed-00000051,560.0,4.0,-14,2.3049490510172958e-05,9.881078656044693
fixed-00000051,560.0,4.0,-13,8.14211877450586e-05,9.580884258625872
fixed-00000051,560.0,4.0,-12,0.00011934977447158627,9.27106825583462
fixed-00000051,560.0,4.0,-11,5.72598890263954e-05,8.950631511301339
fixed-00000051,560.0,4.0,-10,6.280187062679133e-05,8.618389378622567
fixed-00000051,560.0,4.0,-9,0.0001943025469137262,8.27291958508114
fixed-00000051,560.0,4.0,-8,0.00011267437410230386,7.9124896307686186
fixed-00000051,560.0,4.0,-7,0.0001817468781857375,7.5349529087644385
fixed-00000051,560.0,4.0,-6,0.0005915127869437555,7.137595307370333
fixed-00000051,560.0,4.0,-5,0.00069013249038833,6.71689997183698
fixed-00000051,560.0,4.0,-4,3.277893987539872e-05,6.268169548557026
fixed-00000051,560.0,4.0,-3,0.0022090944530188884,5.784883604631474
fixed-00000051,560.0,4.0,-2,0.002683202181396927,5.257521326257304
fixed-00000051,560.0,4.0,-1,0.0008273803114683384,4.671178095187116
fixed-00000051,560.0,4.0,0,0.1549523053750975,4.000000000000043
fixed-00000051,560.0,4.0,1,0.029329090044327495,3.1908956242289577
fixed-00000051,560.0,4.0,2,0.02839354718564439,2.089341578597498
fixed-00000051,560.0,4.0,3,0.0,0.0
fixed-00000051,560.0,4.0,4,0.0,0.0
fixed-00000051,560.0,4.0,5,0.0,0.0
fixed-00000051,560.0,4.0,6,0.0,0.0
fixed-00000051,560.0,4.0,7,0.0,0.0
fixed-00000051,560.0,4.0,8,0.0,0.0
fixed-00000051,560.0,4.0,9,0.0,0.0
fixed-00000051,560.0,4.0,10,0.0,0.0
fixed-00000051,560.0,4.0,11,0.0,0.0
fixed-00000051,560.0,4.0,12,0.0,0.0
fixed-00000051,560.0,4.0,13,0.0,0.0
fixed-00000051,560.0,4.0,14,0.0,0.0
fixed-00000051,560.0,4.0,15,0.0,0.0
fixed-00000051,560.0,4.0,16,0.0,0.0
fixed-00000051,560.0,4.0,17,0.0,0.0
fixed-00000051,560.0,4.0,18,0.0,0.0
fixed-00000051,560.0,4.0,19,0.0,0.0
fixed-00000051,560.0,4.0,20,0.0,0.0
fixed-00000052,570.0,4.0,-20,3.8049729589625213e-05,11.43121385226128
fixed-00000052,570.0,4.0,-19,2.969560764992612e-05,11.17690050161626
fixed-00000052,570.0,4.0,-18,3.6334654298542024e-05,10.916741345033486
fixed-00000052,570.0,4.0,-17,3.330897272399881e-05,10.650307942455399
fixed-00000052,570.0,4.0,-16,7.190781434244846e-05,10.377116972823487
fixed-00000052,570.0,4.0,-15,6.559337027004576e-05,10.096619860707065
fixed-00000052,570.0,4.0,-14,2.2539360046953798e-05,9.80818973735775
fixed-00000052,570.0,4.0,-13,8.352942249064664e-05,9.511104847972902
fixed-00000052,570.0,4.0,-12,0.0001099944165822886,9.204527144434849
fixed-00000052,570.0,4.0,-11,5.0701665587469594e-05,8.887474237458349
fixed-00000052,570.0,4.0,-10,6.430070417133553e-05,8.558782002362335
fixed-00000052,570.0,4.0,-9,0.00018314466043463273,8.217053724399236
fixed-00000052,570.0,4.0,-8,9.727322244868046e-05,7.860589341106007
fixed-00000052,570.0,4.0,-7,0.00018680182261847982,7.487284343186758
fixed-00000052,570.0,4.0,-6,0.0005573794654024929,7.094480733772272
fixed-00000052,570.0,4.0,-5,0.0005629392579044621,6.678738935066164
fixed-00000052,570.0,4.0,-4,5.0411098740924456e-05,6.2354724211239585
fixed-00000052,570.0,4.0,-3,0.002084481118764085,5.758328175331485
fixed-00000052,570.0,4.0,-2,0.002309117457970034,5.23805629811234
fixed-00000052,570.0,4.0,-1,0.0011227906012104593,4.6602345838808645
fixed-00000052,570.0,4.0,0,0.15628595528612996,4.000000000000043
fixed-00000052,570.0,4.0,1,0.02357308015607019,3.2068479063504185
fixed-00000052,570.0,4.0,2,0.029629284205866597,2.13761682818793
fixed-00000052,570.0,4.0,3,0.0,0.0
fixed-00000052,570.0,4.0,4,0.0,0.0
fixed-00000052,570.0,4.0,5,0.0,0.0
fixed-00000052,570.0,4.0,6,0.0,0.0
fixed-00000052,570.0,4.0,7,0.0,0.0
fixed-00000052,570.0,4.0,8,0.0,0.0
fixed-00000052,570.0,4.0,9,0.0,0.0
fixed-00000052,570.0,4.0,10,0.0,0.0
fixed-00000052,570.0,4.0,11,0.0,0.0
fixed-00000052,570.0,4.0,12,0.0,0.0
fixed-00000052,570.0,4.0,13,0.0,0.0
fixed-00000052,570.0,4.0,14,0.0,0.0
fixed-00000052,570.0,4.0,15,0.0,0.0
fixed-00000052,570.0,4.0,16,0.0,0.0
fixed-00000052,570.0,4.0,17,0.0,0.0
fixed-00000052,570.0,4.0,18,0.0,0.0
fixed-00000052,570.0,4.0,19,0.0,0.0
fixed-00000052,570.0,4.0,20,0.0,0.0
fixed-00000053,580.0,4.0,-20,4.004339175821216e-05,11.344155244919335
fixed-00000053,580.0,4.0,-19,2.997551644967696e-05,11.09233964988806
fixed-00000053,580.0,4.0,-18,3.5235389553891156e-05,10.834747980635072
fixed-00000053,580.0,4.0,-17,3.461851801684379e-05,10.570957940814182
fixed-00000053,580.0,4.0,-16,7.28657586345357e-05,10.300493276388579
fixed-00000053,580.0,4.0,-15,6.238974845796679e-05,10.022813603833598
fixed-00000053,580.0,4.0,-14,2.3704438442841974e-05,9.737301631890915
fixed-00000053,580.0,4.0,-13,8.742047975794302e-05,9.443246910942491
fixed-00000053,580.0,4.0,-12,0.00010317825253559574,9.139824882054754
fixed-00000053,580.0,4.0,-11,4.783587670212465e-05,8.826069448973215
fixed-00000053,580.0,4.0,-10,6.912841473784618e-05,8.500836443523596
fixed-00000053,580.0,4.0,-9,0.00017646047011473534,8.162753991654597
fixed-00000053,580.0,4.0,-8,8.899852508357167e-05,7.810153537213992
fixed-00000053,580.0,4.0,-7,0.00019945214935305203,7.440971426572531
fixed-00000053,580.0,4.0,-6,0.0005312689834061773,7.052604065868977
fixed-00000053,580.0,4.0,-5,0.0004579820086508329,6.641686697338955
fixed-00000053,580.0,4.0,-4,8.192263090836271e-05,6.203739911827654
fixed-00000053,580.0,4.0,-3,0.001986593187143662,5.732572121705644
fixed-00000053,580.0,4.0,-2,0.0019775717607054726,5.219193787774614
fixed-00000053,580.0,4.0,-1,0.0018545260350966322,4.649644049178292
fixed-00000053,580.0,4.0,0,0.15774569830920968,4.000000000000043
fixed-00000053,580.0,4.0,1,0.01854167336121728,3.2221752503056678
fixed-00000053,580.0,4.0,2,0.030809469444816034,2.1832152248066166
fixed-00000053,580.0,4.0,3,0.0,0.0
fixed-00000053,580.0,4.0,4,0.0,0.0
fixed-00000053,580.0,4.0,5,0.0,0.0
fixed-00000053,580.0,4.0,6,0.0,0.0
fixed-00000053,580.0,4.0,7,0.0,0.0
fixed-00000053,580.0,4.0,8,0.0,0.0
fixed-00000053,580.0,4.0,9,0.0,0.0
fixed-00000053,580.0,4.0,10,0.0,0.0
fixed-00000053,580.0,4.0,11,0.0,0.0
fixed-00000053,580.0,4.0,12,0.0,0.0
fixed-00000053,580.0,4.0,13,0.0,0.0
fixed-00000053,580.0,4.0,14,0.0,0.0
fixed-00000053,580.0,4.0,15,0.0,0.0
fixed-00000053,580.0,4.0,16,0.0,0.0
fixed-00000053,580.0,4.0,17,0.0,0.0
fixed-00000053,580.0,4.0,18,0.0,0.0
fixed-00000053,580.0,4.0,19,0.0,0.0
fixed-00000053,580.0,4.0,20,0.0,0.0
fixed-00000054,590.0,4.0,-20,4.2380034675760396e-05,11.25941693133879
fixed-00000054,590.0,4.0,-19,3.043494436857351e-05,11.010036261886782
fixed-00000054,590.0,4.0,-18,3.462868650350552e-05,10.75494754101544
fixed-00000054,590.0,4.0,-17,3.6493970860652605e-05,10.493734460874393
fixed-00000054,590.0,4.0,-16,7.404553986545732e-05,10.225927654794972
fixed-00000054,590.0,4.0,-15,6.000957979950867e-05,9.950994721404186
fixed-00000054,590.0,4.0,-14,2.60723350829543e-05,9.668327699638112
fixed-00000054,590.0,4.0,-13,9.196571052507076e-05,9.377227150287212
fixed-00000054,590.0,4.0,-12,9.707619622448652e-05,9.07688164781861
fixed-00000054,590.0,4.0,-11,4.772527590628354e-05,8.76634095342068
fixed-00000054,590.0,4.0,-10,7.622868544865743e-05,8.444480313277879
fixed-00000054,590.0,4.0,-9,0.00017166324046247994,8.109952006190454
fixed-00000054,590.0,4.0,-8,8.609792282478154e-05,7.761118089679513
fixed-00000054,590.0,4.0,-7,0.00021751657627885567,7.395954575739296
fixed-00000054,590.0,4.0,-6,0.0005083197963015637,7.011910634381167
fixed-00000054,590.0,4.0,-5,0.00036633829022820135,6.6056939776244405
fixed-00000054,590.0,4.0,-4,0.00012961381284245336,6.172928768550506
fixed-00000054,590.0,4.0,-3,0.0019012834643853782,5.707579142086004
fixed-00000054,590.0,4.0,-2,0.001661126722545468,5.200905894533889
fixed-00000054,590.0,4.0,-1,0.0030093743569431226,4.639389606148313
fixed-00000054,590.0,4.0,0,0.15848368024308196,4.000000000000043
fixed-00000054,590.0,4.0,1,0.014116380972448958,3.236914167432502
fixed-00000054,590.0,4.0,2,0.031816546344674075,2.226381561452442
fixed-00000054,590.0,4.0,3,0.0,0.0
fixed-00000054,590.0,4.0,4,0.0,0.0
fixed-00000054,590.0,4.0,5,0.0,0.0
fixed-00000054,590.0,4.0,6,0.0,0.0
fixed-00000054,590.0,4.0,7,0.0,0.0
fixed-00000054,590.0,4.0,8,0.0,0.0
fixed-00000054,590.0,4.0,9,0.0,0.0
fixed-00000054,590.0,4.0,10,0.0,0.0
fixed-00000054,590.0,4.0,11,0.0,0.0
fixed-00000054,590.0,4.0,12,0.0,0.0
fixed-00000054,590.0,4.0,13,0.0,0.0
fixed-00000054,590.0,4.0,14,0.0,0.0
fixed-00000054,590.0,4.0,15,0.0,0.0
fixed-00000054,590.0,4.0,16,0.0,0.0
fixed-00000054,590.0,4.0,17,0.0,0.0
fixed-00000054,590.0,4.0,18,0.0,0.0
fixed-00000054,590.0,4.0,19,0.0,0.0
fixed-00000054,590.0,4.0,20,0.0,0.0
fixed-00000055,600.0,4.0,-20,4.4236873637468346e-05,11.176900501616302
fixed-00000055,600.0,4.0,-19,3.0460968942086542e-05,10.929894547731365
fixed-00000055,600.0,4.0,-18,3.39302931907029e-05,10.677246924869209
fixed-00000055,600.0,4.0,-17,3.8210320645760745e-05,10.418547164640088
fixed-00000055,600.0,4.0,-16,7.422655428555989e-05,10.153332615240856
fixed-00000055,600.0,4.0,-15,5.750925576273176e-05,9.881078656044693
fixed-00000055,600.0,4.0,-14,2.903751624259169e-05,9.601186418732823
fixed-00000055,600.0,4.0,-13,9.548598273748442e-05,9.312967191474854
fixed-00000055,600.0,4.0,-12,8.996226419009988e-05,9.015622340555609
fixed-00000055,600.0,4.0,-11,4.94675306358016e-05,8.708217066446423
fixed-00000055,600.0,4.0,-10,8.38641171061979e-05,8.389645509317319
fixed-00000055,600.0,4.0,-9,0.00016558093686687447,8.058583440755712
fixed-00000055,600.0,4.0,-8,8.692142749214244e-05,7.713422675659871
fixed-00000055,600.0,4.0,-7,0.00023666752476581086,7.352177750609371
fixed-00000055,600.0,4.0,-6,0.0004810639358358395,6.9723490289475905
fixed-00000055,600.0,4.0,-5,0.0002822372104670138,6.570714442852491
fixed-00000055,600.0,4.0,-4,0.00019721129990291785,6.142998339829575
fixed-00000055,600.0,4.0,-3,0.001806781300580564,5.683315135192018
fixed-00000055,600.0,4.0,-2,0.0013341102453490192,5.1831664320526585
fixed-00000055,600.0,4.0,-1,0.004554294549181503,4.629455434298478
fixed-00000055,600.0,4.0,0,0.15724877277922356,4.000000000000043
fixed-00000055,600.0,4.0,1,0.010232494552560293,3.2510983398922093
fixed-00000055,600.0,4.0,2,0.03235286711800193,2.2673283559992825
fixed-00000055,600.0,4.0,3,0.0,0.0
fixed-00000055,600.0,4.0,4,0.0,0.0
fixed-00000055,600.0,4.0,5,0.0,0.0
fixed-00000055,600.0,4.0,6,0.0,0.0
fixed-00000055,600.0,4.0,7,0.0,0.0
fixed-00000055,600.0,4.0,8,0.0,0.0
fixed-00000055,600.0,4.0,9,0.0,0.0
fixed-00000055,600.0,4.0,10,0.0,0.0
fixed-00000055,600.0,4.0,11,0.0,0.0
fixed-00000055,600.0,4.0,12,0.0,0.0
fixed-00000055,600.0,4.0,13,0.0,0.0
fixed-00000055,600.0,4.0,14,0.0,0.0
fixed-00000055,600.0,4.0,15,0.0,0.0
fixed-00000055,600.0,4.0,16,0.0,0.0
fixed-00000055,600.0,4.0,17,0.0,0.0
fixed-00000055,600.0,4.0,18,0.0,0.0
fixed-00000055,600.0,4.0,19,0.0,0.0
fixed-00000055,600.0,4.0,20,0.0,0.0
fixed-00000056,610.0,4.0,-20,4.7613806797834866e-05,11.096513256647427
fixed-00000056,610.0,4.0,-19,3.150601781223517e-05,10.851824276946246
fixed-00000056,610.0,4.0,-18,3.460820185647604e-05,10.601558435056262
fixed-00000056,610.0,4.0,-17,4.16203816916613e-05,10.345310958848756
fixed-00000056,610.0,4.0,-16,7.637560353009316e-05,10.08262574563632
fixed-00000056,610.0,4.0,-15,5.736851537837293e-05,9.81298576201776
fixed-00000056,610.0,4.0,-14,3.449756324828761e-05,9.535801004270269
fixed-00000056,610.0,4.0,-13,0.00010184886016269276,9.250393216009584
fixed-00000056,610.0,4.0,-12,8.51159236987129e-05,8.955976227169515
fixed-00000056,610.0,4.0,-11,5.620136616990469e-05,8.651630275811442
fixed-00000056,610.0,4.0,-10,9.650924783703396e-05,8.336267896291588
fixed-00000056,610.0,4.0,-9,0.0001640159907664634,8.008587719170848
fixed-00000056,610.0,4.0,-8,9.670408332917752e-05,7.6670104947684905
fixed-00000056,610.0,4.0,-7,0.00026674268640646833,7.309588189513036
fixed-00000056,610.0,4.0,-6,0.0004628194960684542,6.933870854335623
fixed-00000056,610.0,4.0,-5,0.00021590827435399678,6.536704486950143
fixed-00000056,610.0,4.0,-4,0.00030169869884512135,6.113910379323968
fixed-00000056,610.0,4.0,-3,0.0017415028307290357,5.659748033833807
fixed-00000056,610.0,4.0,-2,0.0010055678401862053,5.1659507975543875
fixed-00000056,610.0,4.0,-1,0.006633647458481504,4.619826694692961
fixed-00000056,610.0,4.0,0,0.15624100915459235,4.000000000000043
fixed-00000056,610.0,4.0,1,0.007113025197500022,3.2647588933231475
fixed-00000056,610.0,4.0,2,0.03240841781431893,2.306241453176753
fixed-00000056,610.0,4.0,3,0.0,0.0
fixed-00000056,610.0,4.0,4,0.0,0.0
fixed-00000056,610.0,4.0,5,0.0,0.0
fixed-00000056,610.0,4.0,6,0.0,0.0
fixed-00000056,610.0,4.0,7,0.0,0.0
fixed-00000056,610.0,4.0,8,0.0,0.0
fixed-00000056,610.0,4.0,9,0.0,0.0
fixed-00000056,610.0,4.0,10,0.0,0.0
fixed-00000056,610.0,4.0,11,0.0,0.0
fixed-00000056,610.0,4.0,12,0.0,0.0
fixed-00000056,610.0,4.0,13,0.0,0.0
fixed-00000056,610.0,4.0,14,0.0,0.0
fixed-00000056,610.0,4.0,15,0.0,0.0
fixed-00000056,610.0,4.0,16,0.0,0.0
fixed-00000056,610.0,4.0,17,0.0,0.0
fixed-00000056,610.0,4.0,18,0.0,0.0
fixed-00000056,610.0,4.0,19,0.0,0.0
fixed-00000056,610.0,4.0,20,0.0,0.0
fixed-00000057,620.0,4.0,-20,4.959808517662763e-05,11.01816778980809
fixed-00000057,620.0,4.0,-19,3.0748593218812124e-05,10.775740371233866
fixed-00000057,620.0,4.0,-18,3.342523778824407e-05,10.527799382740596
fixed-00000057,620.0,4.0,-17,4.330504177015242e-05,10.273945610776423
fixed-00000057,620.0,4.0,-16,7.529531769211622e-05,10.013729342403465
fixed-00000057,620.0,4.0,-15,5.455869104318164e-05,9.746640945379099
fixed-00000057,620.0,4.0,-14,3.7998475565711185e-05,9.472099061220248
fixed-00000057,620.0,4.0,-13,0.00010291425009962131,9.189435627547212
fixed-00000057,620.0,4.0,-12,7.58068275643693e-05,8.89787662245989
fixed-00000057,620.0,4.0,-11,5.9020555353757184e-05,8.59651693548875
fixed-00000057,620.0,4.0,-10,0.00010226092833943293,8.284287014836138
fixed-00000057,620.0,4.0,-9,0.00015126963443732347,7.959907741050458
fixed-00000057,620.0,4.0,-8,9.738843004490311e-05,7.621828010395305
fixed-00000057,620.0,4.0,-7,0.0002718518223259978,7.268136168200272
fixed-00000057,620.0,4.0,-6,0.00040653309076855396,6.896430508503414
fixed-00000057,620.0,4.0,-5,0.00014554657580788987,6.503623029707683
fixed-00000057,620.0,4.0,-4,0.00038869921253139667,6.085628867863377
fixed-00000057,620.0,4.0,-3,0.0015733011759748712,5.636847653619654
fixed-00000057,620.0,4.0,-2,0.0009228721249108066,5.149235852894208
fixed-00000057,620.0,4.0,-1,0.009002496416826941,4.610489454720607
fixed-00000057,620.0,4.0,0,0.15712385183424393,4.000000000000043
fixed-00000057,620.0,4.0,1,0.005136617253245951,3.277924638120453
fixed-00000057,620.0,4.0,2,0.027858594594910045,2.3432844286040506
fixed-00000057,620.0,4.0,3,0.005493106002319593,0.4884414427613848
fixed-00000057,620.0,4.0,4,0.0,0.0
fixed-00000057,620.0,4.0,5,0.0,0.0
fixed-00000057,620.0,4.0,6,0.0,0.0
fixed-00000057,620.0,4.0,7,0.0,0.0
fixed-00000057,620.0,4.0,8,0.0,0.0
fixed-00000057,620.0,4.0,9,0.0,0.0
fixed-00000057,620.0,4.0,10,0.0,0.0
fixed-00000057,620.0,4.0,11,0.0,0.0
fixed-00000057,620.0,4.0,12,0.0,0.0
fixed-00000057,620.0,4.0,13,0.0,0.0
fixed-00000057,620.0,4.0,14,0.0,0.0
fixed-00000057,620.0,4.0,15,0.0,0.0
fixed-00000057,620.0,4.0,16,0.0,0.0
fixed-00000057,620.0,4.0,17,0.0,0.0
fixed-00000057,620.0,4.0,18,0.0,0.0
fixed-00000057,620.0,4.0,19,0.0,0.0
fixed-00000057,620.0,4.0,20,0.0,0.0
fixed-00000058,630.0,4.0,-20,5.085832321118296e-05,10.941781605456612
fixed-00000058,630.0,4.0,-19,3.0134685323578214e-05,10.701562533089998
fixed-00000058,630.0,4.0,-18,3.2904493004198624e-05,10.455891726370012
fixed-00000058,630.0,4.0,-17,4.479312576284133e-05,10.20437539785597
fixed-00000058,630.0,4.0,-16,7.397108865827488e-05,9.946570071032795
fixed-00000058,630.0,4.0,-15,5.294986236596744e-05,9.681973335802624
fixed-00000058,630.0,4.0,-14,4.201958261869703e-05,9.41001226788633
fixed-00000058,630.0,4.0,-13,0.00010421567784930614,9.130028747397347
fixed-00000058,630.0,4.0,-12,6.968891604345329e-05,8.841260597125114
fixed-00000058,630.0,4.0,-11,6.510010649132934e-05,8.542816986689516
fixed-00000058,630.0,4.0,-10,0.00011003184282172051,8.233645816218939
fixed-00000058,630.0,4.0,-9,0.00014594248297631934,7.912489630768675
fixed-00000058,630.0,4.0,-8,0.0001066132212861216,7.57782471381698
fixed-00000058,630.0,4.0,-7,0.0002887404872740063,7.227774780095132
fixed-00000058,630.0,4.0,-6,0.00037444935274825477,6.859984980240881
fixed-00000058,630.0,4.0,-5,0.00011385237257517103,6.471431333409825
fixed-00000058,630.0,4.0,-4,0.00047389261630818126,6.058119851243731
fixed-00000058,630.0,4.0,-3,0.0014745445000443939,5.61458555509806
fixed-00000058,630.0,4.0,-2,0.0008707368807064891,5.1329998162636485
fixed-00000058,630.0,4.0,-1,0.011479686886463893,4.601430619700565
fixed-00000058,630.0,4.0,0,0.15548134682469905,4.000000000000043
fixed-00000058,630.0,4.0,1,0.003269623811736364,3.290622283534958
fixed-00000058,630.0,4.0,2,0.026153159020472518,2.3786020958455225
fixed-00000058,630.0,4.0,3,0.007411672803081299,0.6990406976817525
fixed-00000058,630.0,4.0,4,0.0,0.0
fixed-00000058,630.0,4.0,5,0.0,0.0
fixed-00000058,630.0,4.0,6,0.0,0.0
fixed-00000058,630.0,4.0,7,0.0,0.0
fixed-00000058,630.0,4.0,8,0.0,0.0
fixed-00000058,630.0,4.0,9,0.0,0.0
fixed-00000058,630.0,4.0,10,0.0,0.0
fixed-00000058,630.0,4.0,11,0.0,0.0
fixed-00000058,630.0,4.0,12,0.0,0.0
fixed-00000058,630.0,4.0,13,0.0,0.0
fixed-00000058,630.0,4.0,14,0.0,0.0
fixed-00000058,630.0,4.0,15,0.0,0.0
fixed-00000058,630.0,4.0,16,0.0,0.0
fixed-00000058,630.0,4.0,17,0.0,0.0
fixed-00000058,630.0,4.0,18,0.0,0.0
fixed-00000058,630.0,4.0,19,0.0,0.0
fixed-00000058,630.0,4.0,20,0.0,0.0
fixed-00000059,640.0,4.0,-20,5.234128031475161e-05,10.867276770488644
fixed-00000059,640.0,4.0,-19,2.9895161172157256e-05,10.62921490659339
fixed-00000059,640.0,4.0,-18,3.300868494370276e-05,10.385761741931148
fixed-00000059,640.0,4.0,-17,4.6690846661130347e-05,10.13652878764816
fixed-00000059,640.0,4.0,-16,7.320207075215528e-05,9.881078656044693
fixed-00000059,640.0,4.0,-15,5.246597809959694e-05,9.618915986834352
fixed-00000059,640.0,4.0,-14,4.6655162784890425e-05,9.34947608678739
fixed-00000059,640.0,4.0,-13,0.0001060270859116218,9.072110536405091
fixed-00000059,640.0,4.0,-12,6.528979902053187e-05,8.786068711064956
fixed-00000059,640.0,4.0,-11,7.326202475042277e-05,8.490473703062207
fixed-00000059,640.0,4.0,-10,0.00011879373637732632,8.184290419985587
fixed-00000059,640.0,4.0,-9,0.00014346359031423554,7.866282508187567
fixed-00000059,640.0,4.0,-8,0.0001199079626273005,7.534952908764481
fixed-00000059,640.0,4.0,-7,0.00030890380828224573,7.188459735617585
fixed-00000059,640.0,4.0,-6,0.000349254685073263,6.824493664384079
fixed-00000059,640.0,4.0,-5,0.00010086013858812544,6.440092835409786
fixed-00000059,640.0,4.0,-4,0.0005644415662205473,6.03135129215535
fixed-00000059,640.0,4.0,-3,0.0013970172490915536,5.592934917952817
fixed-00000059,640.0,4.0,-2,0.0008563339364330652,5.117222163430583
fixed-00000059,640.0,4.0,-1,0.014204386495838472,4.592637870608058
fixed-00000059,640.0,4.0,0,0.1531661320640132,4.000000000000128
fixed-00000059,640.0,4.0,1,0.0018802480372822903,3.302876628141391
fixed-00000059,640.0,4.0,2,0.024801579023423607,2.4123233315560384
fixed-00000059,640.0,4.0,3,0.008733691121268296,0.8549436764009926
fixed-00000059,640.0,4.0,4,0.0,0.0
fixed-00000059,640.0,4.0,5,0.0,0.0
fixed-00000059,640.0,4.0,6,0.0,0.0
fixed-00000059,640.0,4.0,7,0.0,0.0
fixed-00000059,640.0,4.0,8,0.0,0.0
fixed-00000059,640.0,4.0,9,0.0,0.0
fixed-00000059,640.0,4.0,10,0.0,0.0
fixed-00000059,640.0,4.0,11,0.0,0.0
fixed-00000059,640.0,4.0,12,0.0,0.0
fixed-00000059,640.0,4.0,13,0.0,0.0
fixed-00000059,640.0,4.0,14,0.0,0.0
fixed-00000059,640.0,4.0,15,0.0,0.0
fixed-00000059,640.0,4.0,16,0.0,0.0
fixed-00000059,640.0,4.0,17,0.0,0.0
fixed-00000059,640.0,4.0,18,0.0,0.0
fixed-00000059,640.0,4.0,19,0.0,0.0
fixed-00000059,640.0,4.0,20,0.0,0.0
