case_id,energy_ev,grazing_angle_deg,order,efficiency,diffraction_angle_deg
fixed-00000000,50.0,4.0,-20,8.405681336392743e-05,36.946600757765104
fixed-00000000,50.0,4.0,-19,7.138239787850674e-05,35.99049916925804
fixed-00000000,50.0,4.0,-18,6.946532670559734e-05,35.01190478081956
fixed-00000000,50.0,4.0,-17,7.693251384736272e-05,34.00884370553947
fixed-00000000,50.0,4.0,-16,9.283261964135406e-05,32.97905073283735
fixed-00000000,50.0,4.0,-15,0.00010780284919944582,31.919905276127125
fixed-00000000,50.0,4.0,-14,9.112617930354472e-05,30.828348020108905
fixed-00000000,50.0,4.0,-13,0.00015129809404838582,29.700770649131364
fixed-00000000,50.0,4.0,-12,0.00017712436233448131,28.532867207683132
fixed-00000000,50.0,4.0,-11,0.00010854907258498691,27.319429403774024
fixed-00000000,50.0,4.0,-10,0.0003048925944545976,26.054057638388535
fixed-00000000,50.0,4.0,-9,0.00029784724891239277,24.728741050446132
fixed-00000000,50.0,4.0,-8,0.00014879663068999036,23.333225797914665
fixed-00000000,50.0,4.0,-7,0.0007760573017795115,21.854024375341254
fixed-00000000,50.0,4.0,-6,0.0005071984809815772,20.272780035826898
fixed-00000000,50.0,4.0,-5,0.0004288070707064913,18.563384620134798
fixed-00000000,50.0,4.0,-4,0.0027505309679540474,16.686445270170665
fixed-00000000,50.0,4.0,-3,0.0008940911975369877,14.577325397340658
fixed-00000000,50.0,4.0,-2,0.0047719640008227985,12.115293466158093
fixed-00000000,50.0,4.0,-1,0.03369049696853008,9.015622340555609
fixed-00000000,50.0,4.0,0,0.692419163804016,4.000000000000043
fixed-00000000,50.0,4.0,1,0.0,0.0
fixed-00000000,50.0,4.0,2,0.0,0.0
fixed-00000000,50.0,4.0,3,0.0,0.0
fixed-00000000,50.0,4.0,4,0.0,0.0
fixed-00000000,50.0,4.0,5,0.0,0.0
fixed-00000000,50.0,4.0,6,0.0,0.0
fixed-00000000,50.0,4.0,7,0.0,0.0
fixed-00000000,50.0,4.0,8,0.0,0.0
fixed-00000000,50.0,4.0,9,0.0,0.0
fixed-00000000,50.0,4.0,10,0.0,0.0
fixed-00000000,50.0,4.0,11,0.0,0.0
fixed-00000000,50.0,4.0,12,0.0,0.0
fixed-00000000,50.0,4.0,13,0.0,0.0
fixed-00000000,50.0,4.0,14,0.0,0.0
fixed-00000000,50.0,4.0,15,0.0,0.0
fixed-00000000,50.0,4.0,16,0.0,0.0
fixed-00000000,50.0,4.0,17,0.0,0.0
fixed-00000000,50.0,4.0,18,0.0,0.0
fixed-00000000,50.0,4.0,19,0.0,0.0
fixed-00000000,50.0,4.0,20,0.0,0.0
fixed-00000006,110.0,4.0,-20,0.0011807853473911663,24.851951542714687
fixed-00000006,110.0,4.0,-19,0.001180409903658874,24.2300299857246
fixed-00000006,110.0,4.0,-18,0.0008280052870346527,23.592732267871042
fixed-00000006,110.0,4.0,-17,0.0011249654289127084,22.938772943565866
fixed-00000006,110.0,4.0,-16,0.0013042303462928641,22.266680028298126
fixed-00000006,110.0,4.0,-15,0.0010082499479832211,21.574754793732083
fixed-00000006,110.0,4.0,-14,0.0013954467187147247,20.861019691517996
fixed-00000006,110.0,4.0,-13,0.0015104430265228553,20.12314981933116
fixed-00000006,110.0,4.0,-12,0.0013613681236581447,19.358381089041814
fixed-00000006,110.0,4.0,-11,0.0016697835991333213,18.563384620134798
fixed-00000006,110.0,4.0,-10,0.0019023754547348808,17.73409081271616
fixed-00000006,110.0,4.0,-9,0.002123907718286102,16.86543602782575
fixed-00000006,110.0,4.0,-8,0.001828452774100563,15.950985698613678
fixed-00000006,110.0,4.0,-7,0.0034522317252221523,14.982351111948859
fixed-00000006,110.0,4.0,-6,0.003635125327407134,13.948242344473982
fixed-00000006,110.0,4.0,-5,0.002277117684624423,12.832834315133255
fixed-00000006,110.0,4.0,-4,0.011334719025161578,11.612716944258509
fixed-00000006,110.0,4.0,-3,0.006537514329289144,10.250559696102783
fixed-00000006,110.0,4.0,-2,0.01636324051345372,8.679735599183942
fixed-00000006,110.0,4.0,-1,0.14369007715875862,6.756222279782023
fixed-00000006,110.0,4.0,0,0.6415889668203172,4.000000000000043
fixed-00000006,110.0,4.0,1,0.0,0.0
fixed-00000006,110.0,4.0,2,0.0,0.0
fixed-00000006,110.0,4.0,3,0.0,0.0
fixed-00000006,110.0,4.0,4,0.0,0.0
fixed-00000006,110.0,4.0,5,0.0,0.0
fixed-00000006,110.0,4.0,6,0.0,0.0
fixed-00000006,110.0,4.0,7,0.0,0.0
fixed-00000006,110.0,4.0,8,0.0,0.0
fixed-00000006,110.0,4.0,9,0.0,0.0
fixed-00000006,110.0,4.0,10,0.0,0.0
fixed-00000006,110.0,4.0,11,0.0,0.0
fixed-00000006,110.0,4.0,12,0.0,0.0
fixed-00000006,110.0,4.0,13,0.0,0.0
fixed-00000006,110.0,4.0,14,0.0,0.0
fixed-00000006,110.0,4.0,15,0.0,0.0
fixed-00000006,110.0,4.0,16,0.0,0.0
fixed-00000006,110.0,4.0,17,0.0,0.0
fixed-00000006,110.0,4.0,18,0.0,0.0
fixed-00000006,110.0,4.0,19,0.0,0.0
fixed-00000006,110.0,4.0,20,0.0,0.0
fixed-00000001,60.0,4.0,-20,0.00021113256323892894,33.66867098629079
fixed-00000001,60.0,4.0,-19,0.00014770231015279897,32.804641534161746
fixed-00000001,60.0,4.0,-18,0.0001370655299536275,31.91990527612714
fixed-00000001,60.0,4.0,-17,0.00016723538925283586,31.012670458853336
fixed-00000001,60.0,4.0,-16,0.00016723090942845234,30.0808814961542
fixed-00000001,60.0,4.0,-15,0.00019808632132318227,29.122161170553625
fixed-00000001,60.0,4.0,-14,0.00018300860770814086,28.133735479709266
fixed-00000001,60.0,4.0,-13,0.00024492845990408524,27.112334302138407
fixed-00000001,60.0,4.0,-12,0.00031025442317884064,26.05405763838855
fixed-00000001,60.0,4.0,-11,0.00019948936493002306,24.95419162388059
fixed-00000001,60.0,4.0,-10,0.00046120759809929437,23.80694914738052
fixed-00000001,60.0,4.0,-9,0.0005025628560492966,22.605093498036354
fixed-00000001,60.0,4.0,-8,0.0002361931276186437,21.33937330915093
fixed-00000001,60.0,4.0,-7,0.0011352358644583507,19.997638457525795
fixed-00000001,60.0,4.0,-6,0.0008308001393430324,18.563384620134826
fixed-00000001,60.0,4.0,-5,0.0005790872221503086,17.01319792164763
fixed-00000001,60.0,4.0,-4,0.003951151121785725,15.311873059069754
fixed-00000001,60.0,4.0,-3,0.001434261357685254,13.401935191968363
fixed-00000001,60.0,4.0,-2,0.006432265195320017,11.176900501616302
fixed-00000001,60.0,4.0,-1,0.04752788894568277,8.389645509317262
fixed-00000001,60.0,4.0,0,0.6888772669434047,4.000000000000128
fixed-00000001,60.0,4.0,1,0.0,0.0
fixed-00000001,60.0,4.0,2,0.0,0.0
fixed-00000001,60.0,4.0,3,0.0,0.0
fixed-00000001,60.0,4.0,4,0.0,0.0
fixed-00000001,60.0,4.0,5,0.0,0.0
fixed-00000001,60.0,4.0,6,0.0,0.0
fixed-00000001,60.0,4.0,7,0.0,0.0
fixed-00000001,60.0,4.0,8,0.0,0.0
fixed-00000001,60.0,4.0,9,0.0,0.0
fixed-00000001,60.0,4.0,10,0.0,0.0
fixed-00000001,60.0,4.0,11,0.0,0.0
fixed-00000001,60.0,4.0,12,0.0,0.0
fixed-00000001,60.0,4.0,13,0.0,0.0
fixed-00000001,60.0,4.0,14,0.0,0.0
fixed-00000001,60.0,4.0,15,0.0,0.0
fixed-00000001,60.0,4.0,16,0.0,0.0
fixed-00000001,60.0,4.0,17,0.0,0.0
fixed-00000001,60.0,4.0,18,0.0,0.0
fixed-00000001,60.0,4.0,19,0.0,0.0
fixed-00000001,60.0,4.0,20,0.0,0.0
fixed-00000005,100.0,4.0,-20,0.0011527323904023253,26.054057638388535
fixed-00000005,100.0,4.0,-19,0.001010736995629954,25.39947137852822
fixed-00000005,100.0,4.0,-18,0.0006384116870922428,24.728741050446132
fixed-00000005,100.0,4.0,-17,0.0009347164648789464,24.040510406174633
fixed-00000005,100.0,4.0,-16,0.0009919667697528155,23.333225797914665
fixed-00000005,100.0,4.0,-15,0.0007622765546186621,22.60509349803634
fixed-00000005,100.0,4.0,-14,0.0010902863197503828,21.854024375341254
fixed-00000005,100.0,4.0,-13,0.0011070940763562047,21.07756102550144
fixed-00000005,100.0,4.0,-12,0.001076539926256233,20.272780035826898
fixed-00000005,100.0,4.0,-11,0.0012548034936143502,19.43615815678045
fixed-00000005,100.0,4.0,-10,0.001463943370282355,18.563384620134798
fixed-00000005,100.0,4.0,-9,0.0017291426517559772,17.649090489235533
fixed-00000005,100.0,4.0,-8,0.0013409822718211282,16.686445270170665
fixed-00000005,100.0,4.0,-7,0.0028830609457983283,15.666531340439832
fixed-00000005,100.0,4.0,-6,0.002958899892312589,14.577325397340658
fixed-00000005,100.0,4.0,-5,0.0017638843190837567,13.401935191968334
fixed-00000005,100.0,4.0,-4,0.009768630716742745,12.115293466158093
fixed-00000005,100.0,4.0,-3,0.005264912057119404,10.677246924869166
fixed-00000005,100.0,4.0,-2,0.014230205038423307,9.015622340555609
fixed-00000005,100.0,4.0,-1,0.1224280537201251,6.972349028947534
fixed-00000005,100.0,4.0,0,0.6601347339898416,4.000000000000043
fixed-00000005,100.0,4.0,1,0.0,0.0
fixed-00000005,100.0,4.0,2,0.0,0.0
fixed-00000005,100.0,4.0,3,0.0,0.0
fixed-00000005,100.0,4.0,4,0.0,0.0
fixed-00000005,100.0,4.0,5,0.0,0.0
fixed-00000005,100.0,4.0,6,0.0,0.0
fixed-00000005,100.0,4.0,7,0.0,0.0
fixed-00000005,100.0,4.0,8,0.0,0.0
fixed-00000005,100.0,4.0,9,0.0,0.0
fixed-00000005,100.0,4.0,10,0.0,0.0
fixed-00000005,100.0,4.0,11,0.0,0.0
fixed-00000005,100.0,4.0,12,0.0,0.0
fixed-00000005,100.0,4.0,13,0.0,0.0
fixed-00000005,100.0,4.0,14,0.0,0.0
fixed-00000005,100.0,4.0,15,0.0,0.0
fixed-00000005,100.0,4.0,16,0.0,0.0
fixed-00000005,100.0,4.0,17,0.0,0.0
fixed-00000005,100.0,4.0,18,0.0,0.0
fixed-00000005,100.0,4.0,19,0.0,0.0
fixed-00000005,100.0,4.0,20,0.0,0.0
fixed-00000007,120.0,4.0,-20,0.0009653183721357486,23.80694914738052
fixed-00000007,120.0,4.0,-19,0.0009852462427365981,23.21337059431326
fixed-00000007,120.0,4.0,-18,0.0007724319310714373,22.605093498036354
fixed-00000007,120.0,4.0,-17,0.0010764591231637807,21.980894517242845
fixed-00000007,120.0,4.0,-16,0.0012827495522943883,21.33937330915093
fixed-00000007,120.0,4.0,-15,0.001104030631081668,20.67891449907833
fixed-00000007,120.0,4.0,-14,0.0015558265928000497,19.997638457525795
fixed-00000007,120.0,4.0,-13,0.0017509390654037124,19.293336575596342
fixed-00000007,120.0,4.0,-12,0.0015926953701594355,18.563384620134826
fixed-00000007,120.0,4.0,-11,0.002050810336684884,17.80462435107323
fixed-00000007,120.0,4.0,-10,0.0022602108578221123,17.01319792164763
fixed-00000007,120.0,4.0,-9,0.002476604197196813,16.18430978152439
fixed-00000007,120.0,4.0,-8,0.0023421291765788636,15.311873059069754
fixed-00000007,120.0,4.0,-7,0.003869075328778697,14.387963517781984
fixed-00000007,120.0,4.0,-6,0.004260837617950051,13.401935191968363
fixed-00000007,120.0,4.0,-5,0.0028029061910914096,12.338899720932332
fixed-00000007,120.0,4.0,-4,0.012425152825263502,11.176900501616302
fixed-00000007,120.0,4.0,-3,0.00777252623244286,9.881078656044693
fixed-00000007,120.0,4.0,-2,0.017957456971586357,8.389645509317262
fixed-00000007,120.0,4.0,-1,0.16142133621357058,6.570714442852491
fixed-00000007,120.0,4.0,0,0.6092919411051075,4.000000000000128
fixed-00000007,120.0,4.0,1,0.0,0.0
fixed-00000007,120.0,4.0,2,0.0,0.0
fixed-00000007,120.0,4.0,3,0.0,0.0
fixed-00000007,120.0,4.0,4,0.0,0.0
fixed-00000007,120.0,4.0,5,0.0,0.0
fixed-00000007,120.0,4.0,6,0.0,0.0
fixed-00000007,120.0,4.0,7,0.0,0.0
fixed-00000007,120.0,4.0,8,0.0,0.0
fixed-00000007,120.0,4.0,9,0.0,0.0
fixed-00000007,120.0,4.0,10,0.0,0.0
fixed-00000007,120.0,4.0,11,0.0,0.0
fixed-00000007,120.0,4.0,12,0.0,0.0
fixed-00000007,120.0,4.0,13,0.0,0.0
fixed-00000007,120.0,4.0,14,0.0,0.0
fixed-00000007,120.0,4.0,15,0.0,0.0
fixed-00000007,120.0,4.0,16,0.0,0.0
fixed-00000007,120.0,4.0,17,0.0,0.0
fixed-00000007,120.0,4.0,18,0.0,0.0
fixed-00000007,120.0,4.0,19,0.0,0.0
fixed-00000007,120.0,4.0,20,0.0,0.0
fixed-00000002,70.0,4.0,-20,0.00034016849252337285,31.143727622325613
fixed-00000002,70.0,4.0,-19,0.00024841581023221995,30.3497443387063
fixed-00000002,70.0,4.0,-18,0.00020613888051935534,29.536506828714217
fixed-00000002,70.0,4.0,-17,0.0002738630662145867,28.702365570412915
fixed-00000002,70.0,4.0,-16,0.00026521382591553327,27.845428820199288
fixed-00000002,70.0,4.0,-15,0.0002873680644620497,26.963509729777833
fixed-00000002,70.0,4.0,-14,0.00030692083455067593,26.054057638388535
fixed-00000002,70.0,4.0,-13,0.0003561459856375371,25.114067339116176
fixed-00000002,70.0,4.0,-12,0.00044657078856687833,24.13995702449016
fixed-00000002,70.0,4.0,-11,0.00033841356277488336,23.127400592828295
fixed-00000002,70.0,4.0,-10,0.0006202999010845438,22.071091552917864
fixed-00000002,70.0,4.0,-9,0.0007293410025304437,20.964400995176362
fixed-00000002,70.0,4.0,-8,0.00037629175680040214,19.798865027537445
fixed-00000002,70.0,4.0,-7,0.0014813367410719236,18.563384620134798
fixed-00000002,70.0,4.0,-6,0.0012208459179892093,17.242912058772163
fixed-00000002,70.0,4.0,-5,0.0007536722262699043,15.816153021261812
fixed-00000002,70.0,4.0,-4,0.00518148191345212,14.251197562253566
fixed-00000002,70.0,4.0,-3,0.0021251693766437155,12.496206306817058
fixed-00000002,70.0,4.0,-2,0.008097078539790192,10.45589172636997
fixed-00000002,70.0,4.0,-1,0.06294430373289896,7.9124896307686186
fixed-00000002,70.0,4.0,0,0.6810650245595157,4.000000000000043
fixed-00000002,70.0,4.0,1,0.0,0.0
fixed-00000002,70.0,4.0,2,0.0,0.0
fixed-00000002,70.0,4.0,3,0.0,0.0
fixed-00000002,70.0,4.0,4,0.0,0.0
fixed-00000002,70.0,4.0,5,0.0,0.0
fixed-00000002,70.0,4.0,6,0.0,0.0
fixed-00000002,70.0,4.0,7,0.0,0.0
fixed-00000002,70.0,4.0,8,0.0,0.0
fixed-00000002,70.0,4.0,9,0.0,0.0
fixed-00000002,70.0,4.0,10,0.0,0.0
fixed-00000002,70.0,4.0,11,0.0,0.0
fixed-00000002,70.0,4.0,12,0.0,0.0
fixed-00000002,70.0,4.0,13,0.0,0.0
fixed-00000002,70.0,4.0,14,0.0,0.0
fixed-00000002,70.0,4.0,15,0.0,0.0
fixed-00000002,70.0,4.0,16,0.0,0.0
fixed-00000002,70.0,4.0,17,0.0,0.0
fixed-00000002,70.0,4.0,18,0.0,0.0
fixed-00000002,70.0,4.0,19,0.0,0.0
fixed-00000002,70.0,4.0,20,0.0,0.0
fixed-00000004,90.0,4.0,-20,0.0009354300323851777,27.45669132490191
fixed-00000004,90.0,4.0,-19,0.0007003813956073329,26.763886623772734
fixed-00000004,90.0,4.0,-18,0.0004640918138337877,26.054057638388535
fixed-00000004,90.0,4.0,-17,0.0007001184653232483,25.3257663055293
fixed-00000004,90.0,4.0,-16,0.0006651836458770104,24.57736462946967
fixed-00000004,90.0,4.0,-15,0.0005789309404163046,23.806949147380507
fixed-00000004,90.0,4.0,-14,0.0007827892410881128,23.01230186044222
fixed-00000004,90.0,4.0,-13,0.0007608781007815564,22.19081236476336
fixed-00000004,90.0,4.0,-12,0.0008524621067332114,21.33937330915093
fixed-00000004,90.0,4.0,-11,0.0008675860734599916,20.454237086533084
fixed-00000004,90.0,4.0,-10,0.00110052806124449,19.530814598225575
fixed-00000004,90.0,4.0,-9,0.0013799903105770563,18.563384620134798
fixed-00000004,90.0,4.0,-8,0.0009084866214291435,17.544659849708694
fixed-00000004,90.0,4.0,-7,0.0023658005291750874,16.46511246866092
fixed-00000004,90.0,4.0,-6,0.0023316095430306306,15.311873059069725
fixed-00000004,90.0,4.0,-5,0.0013147992677711945,14.066817881848479
fixed-00000004,90.0,4.0,-4,0.008192624684826027,12.702966158118315
fixed-00000004,90.0,4.0,-3,0.00408816406877395,11.176900501616302
fixed-00000004,90.0,4.0,-2,0.012063945870868733,9.410012267886245
fixed-00000004,90.0,4.0,-1,0.10126392720824046,7.227774780095132
fixed-00000004,90.0,4.0,0,0.6710788216320308,4.000000000000043
fixed-00000004,90.0,4.0,1,0.0,0.0
fixed-00000004,90.0,4.0,2,0.0,0.0
fixed-00000004,90.0,4.0,3,0.0,0.0
fixed-00000004,90.0,4.0,4,0.0,0.0
fixed-00000004,90.0,4.0,5,0.0,0.0
fixed-00000004,90.0,4.0,6,0.0,0.0
fixed-00000004,90.0,4.0,7,0.0,0.0
fixed-00000004,90.0,4.0,8,0.0,0.0
fixed-00000004,90.0,4.0,9,0.0,0.0
fixed-00000004,90.0,4.0,10,0.0,0.0
fixed-00000004,90.0,4.0,11,0.0,0.0
fixed-00000004,90.0,4.0,12,0.0,0.0
fixed-00000004,90.0,4.0,13,0.0,0.0
fixed-00000004,90.0,4.0,14,0.0,0.0
fixed-00000004,90.0,4.0,15,0.0,0.0
fixed-00000004,90.0,4.0,16,0.0,0.0
fixed-00000004,90.0,4.0,17,0.0,0.0
fixed-00000004,90.0,4.0,18,0.0,0.0
fixed-00000004,90.0,4.0,19,0.0,0.0
fixed-00000004,90.0,4.0,20,0.0,0.0
fixed-00000008,130.0,4.0,-20,0.0007991320038997299,22.887737429280307
fixed-00000008,130.0,4.0,-19,0.0008048202050705782,22.319060381202533
fixed-00000008,130.0,4.0,-18,0.0006351490217130227,21.73628858867596
fixed-00000008,130.0,4.0,-17,0.0008907521059293011,21.138253797703968
fixed-00000008,130.0,4.0,-16,0.0010410354750468064,20.523619220618087
fixed-00000008,130.0,4.0,-15,0.00093000000359243,19.890843436975487
fixed-00000008,130.0,4.0,-14,0.0013903069002036068,19.238133704924607
fixed-00000008,130.0,4.0,-13,0.0016410424716355192,18.563384620134784
fixed-00000008,130.0,4.0,-12,0.0015556867084663777,17.86409607789507
fixed-00000008,130.0,4.0,-11,0.0021909914133867326,17.137261306119782
fixed-00000008,130.0,4.0,-10,0.002434757079204836,16.379210436004684
fixed-00000008,130.0,4.0,-9,0.002601457098534655,15.58538591965737
fixed-00000008,130.0,4.0,-8,0.002797697849059333,14.750009564284554
fixed-00000008,130.0,4.0,-7,0.004083982394709142,13.865569460383654
fixed-00000008,130.0,4.0,-6,0.0046299674698414,12.921991178661202
fixed-00000008,130.0,4.0,-5,0.003362332498616595,11.905217349750558
fixed-00000008,130.0,4.0,-4,0.012869314476160701,10.794579595613783
fixed-00000008,130.0,4.0,-3,0.008717526752543498,9.557405601711935
fixed-00000008,130.0,4.0,-2,0.019038566623516422,8.136169892284855
fixed-00000008,130.0,4.0,-1,0.17374543907411902,6.409572995038118
fixed-00000008,130.0,4.0,0,0.5655961369717741,3.999999999999943
fixed-00000008,130.0,4.0,1,0.0,0.0
fixed-00000008,130.0,4.0,2,0.0,0.0
fixed-00000008,130.0,4.0,3,0.0,0.0
fixed-00000008,130.0,4.0,4,0.0,0.0
fixed-00000008,130.0,4.0,5,0.0,0.0
fixed-00000008,130.0,4.0,6,0.0,0.0
fixed-00000008,130.0,4.0,7,0.0,0.0
fixed-00000008,130.0,4.0,8,0.0,0.0
fixed-00000008,130.0,4.0,9,0.0,0.0
fixed-00000008,130.0,4.0,10,0.0,0.0
fixed-00000008,130.0,4.0,11,0.0,0.0
fixed-00000008,130.0,4.0,12,0.0,0.0
fixed-00000008,130.0,4.0,13,0.0,0.0
fixed-00000008,130.0,4.0,14,0.0,0.0
fixed-00000008,130.0,4.0,15,0.0,0.0
fixed-00000008,130.0,4.0,16,0.0,0.0
fixed-00000008,130.0,4.0,17,0.0,0.0
fixed-00000008,130.0,4.0,18,0.0,0.0
fixed-00000008,130.0,4.0,19,0.0,0.0
fixed-00000008,130.0,4.0,20,0.0,0.0
fixed-00000003,80.0,4.0,-20,0.000598193398323413,29.122161170553625
fixed-00000003,80.0,4.0,-19,0.0004251800381767888,28.383796025086852
fixed-00000003,80.0,4.0,-18,0.0003193675671943493,27.62738395184673
fixed-00000003,80.0,4.0,-17,0.0004549357499603144,26.85139076255797
fixed-00000003,80.0,4.0,-16,0.0004223366285881352,26.05405763838855
fixed-00000003,80.0,4.0,-15,0.0004205342473021817,25.23335224938701
fixed-00000003,80.0,4.0,-14,0.0005044188106164375,24.38690529633689
fixed-00000003,80.0,4.0,-13,0.0005197857662739014,23.51192678300849
fixed-00000003,80.0,4.0,-12,0.0006363693502830847,22.605093498036354
fixed-00000003,80.0,4.0,-11,0.0005521442933942521,21.662394599301848
fixed-00000003,80.0,4.0,-10,0.0008303474776042076,20.678914499078303
fixed-00000003,80.0,4.0,-9,0.0010321697143396476,19.6485188177962
fixed-00000003,80.0,4.0,-8,0.0005860179916718447,18.563384620134826
fixed-00000003,80.0,4.0,-7,0.0019005125606851648,17.413268710318007
fixed-00000003,80.0,4.0,-6,0.0017294419788336617,16.18430978152439
fixed-00000003,80.0,4.0,-5,0.0009854967456663555,14.856940312447804
fixed-00000003,80.0,4.0,-4,0.006628544884730461,13.401935191968363
fixed-00000003,80.0,4.0,-3,0.0030122707607429947,11.772044157333355
fixed-00000003,80.0,4.0,-2,0.009992647542925939,9.881078656044693
fixed-00000003,80.0,4.0,-1,0.08101689399063568,7.534952908764481
fixed-00000003,80.0,4.0,0,0.6762088799942066,4.000000000000128
fixed-00000003,80.0,4.0,1,0.0,0.0
fixed-00000003,80.0,4.0,2,0.0,0.0
fixed-00000003,80.0,4.0,3,0.0,0.0
fixed-00000003,80.0,4.0,4,0.0,0.0
fixed-00000003,80.0,4.0,5,0.0,0.0
fixed-00000003,80.0,4.0,6,0.0,0.0
fixed-00000003,80.0,4.0,7,0.0,0.0
fixed-00000003,80.0,4.0,8,0.0,0.0
fixed-00000003,80.0,4.0,9,0.0,0.0
fixed-00000003,80.0,4.0,10,0.0,0.0
fixed-00000003,80.0,4.0,11,0.0,0.0
fixed-00000003,80.0,4.0,12,0.0,0.0
fixed-00000003,80.0,4.0,13,0.0,0.0
fixed-00000003,80.0,4.0,14,0.0,0.0
fixed-00000003,80.0,4.0,15,0.0,0.0
fixed-00000003,80.0,4.0,16,0.0,0.0
fixed-00000003,80.0,4.0,17,0.0,0.0
fixed-00000003,80.0,4.0,18,0.0,0.0
fixed-00000003,80.0,4.0,19,0.0,0.0
fixed-00000003,80.0,4.0,20,0.0,0.0
fixed-00000009,140.0,4.0,-20,0.0006451300353904878,22.071091552917864
fixed-00000009,140.0,4.0,-19,0.0006498890680192165,21.524522367911075
fixed-00000009,140.0,4.0,-18,0.0005286731827831816,20.964400995176362
fixed-00000009,140.0,4.0,-17,0.0007351890108088486,20.3896085063504
fixed-00000009,140.0,4.0,-16,0.0008423873560566684,19.798865027537445
fixed-00000009,140.0,4.0,-15,0.0007394051193876118,19.190695371391683
fixed-00000009,140.0,4.0,-14,0.0011205820874777563,18.563384620134798
fixed-00000009,140.0,4.0,-13,0.0013157520015506206,17.91491981726459
fixed-00000009,140.0,4.0,-12,0.0012911689932719416,17.242912058772163
fixed-00000009,140.0,4.0,-11,0.0019651875305294326,16.544490275662753
fixed-00000009,140.0,4.0,-10,0.002307980907439312,15.816153021261812
fixed-00000009,140.0,4.0,-9,0.002455725523613614,15.05355599411152
fixed-00000009,140.0,4.0,-8,0.0030322457337006417,14.251197562253566
fixed-00000009,140.0,4.0,-7,0.004121874967772703,13.401935191968334
fixed-00000009,140.0,4.0,-6,0.00471004907395786,12.496206306817058
fixed-00000009,140.0,4.0,-5,0.003911292406942131,11.520697333479006
fixed-00000009,140.0,4.0,-4,0.0128267554455341,10.45589172636997
fixed-00000009,140.0,4.0,-3,0.00932363580189957,9.27106825583462
fixed-00000009,140.0,4.0,-2,0.019793542633032336,7.9124896307686186
fixed-00000009,140.0,4.0,-1,0.18100895016077978,6.268169548557026
fixed-00000009,140.0,4.0,0,0.5159167653818719,4.000000000000043
fixed-00000009,140.0,4.0,1,0.0,0.0
fixed-00000009,140.0,4.0,2,0.0,0.0
fixed-00000009,140.0,4.0,3,0.0,0.0
fixed-00000009,140.0,4.0,4,0.0,0.0
fixed-00000009,140.0,4.0,5,0.0,0.0
fixed-00000009,140.0,4.0,6,0.0,0.0
fixed-00000009,140.0,4.0,7,0.0,0.0
fixed-00000009,140.0,4.0,8,0.0,0.0
fixed-00000009,140.0,4.0,9,0.0,0.0
fixed-00000009,140.0,4.0,10,0.0,0.0
fixed-00000009,140.0,4.0,11,0.0,0.0
fixed-00000009,140.0,4.0,12,0.0,0.0
fixed-00000009,140.0,4.0,13,0.0,0.0
fixed-00000009,140.0,4.0,14,0.0,0.0
fixed-00000009,140.0,4.0,15,0.0,0.0
fixed-00000009,140.0,4.0,16,0.0,0.0
fixed-00000009,140.0,4.0,17,0.0,0.0
fixed-00000009,140.0,4.0,18,0.0,0.0
fixed-00000009,140.0,4.0,19,0.0,0.0
fixed-00000009,140.0,4.0,20,0.0,0.0
fixed-00000010,150.0,4.0,-20,0.000509597545879512,21.33937330915093
fixed-00000010,150.0,4.0,-19,0.0005060527818675113,20.81260721870089
fixed-00000010,150.0,4.0,-18,0.00042481550113260865,20.272780035826898
fixed-00000010,150.0,4.0,-17,0.0005941793384717968,19.71881735546995
fixed-00000010,150.0,4.0,-16,0.0006715802411436431,19.149490680969976
fixed-00000010,150.0,4.0,-15,0.0005891905738816992,18.563384620134798
fixed-00000010,150.0,4.0,-14,0.0008913203554916862,17.958854520446636
fixed-00000010,150.0,4.0,-13,0.00101579173460727,17.333970900377437
fixed-00000010,150.0,4.0,-12,0.0009803307953531353,16.686445270170665
fixed-00000010,150.0,4.0,-11,0.001532488687476833,16.013529106660258
fixed-00000010,150.0,4.0,-10,0.0018358385829429797,15.311873059069754
fixed-00000010,150.0,4.0,-9,0.0019788836783304667,14.577325397340658
fixed-00000010,150.0,4.0,-8,0.0027376373162551395,13.804634215692602
fixed-00000010,150.0,4.0,-7,0.003723857060216192,12.986990452752977
fixed-00000010,150.0,4.0,-6,0.004239833745184058,12.115293466158093
fixed-00000010,150.0,4.0,-5,0.004132655859586566,11.176900501616302
fixed-00000010,150.0,4.0,-4,0.01193087512002934,10.153332615240856
fixed-00000010,150.0,4.0,-3,0.009152797141994958,9.015622340555609
fixed-00000010,150.0,4.0,-2,0.01980289855967408,7.713422675659871
fixed-00000010,150.0,4.0,-1,0.17899770116908112,6.142998339829575
fixed-00000010,150.0,4.0,0,0.45498249267404317,4.000000000000043
fixed-00000010,150.0,4.0,1,0.0,0.0
fixed-00000010,150.0,4.0,2,0.0,0.0
fixed-00000010,150.0,4.0,3,0.0,0.0
fixed-00000010,150.0,4.0,4,0.0,0.0
fixed-00000010,150.0,4.0,5,0.0,0.0
fixed-00000010,150.0,4.0,6,0.0,0.0
fixed-00000010,150.0,4.0,7,0.0,0.0
fixed-00000010,150.0,4.0,8,0.0,0.0
fixed-00000010,150.0,4.0,9,0.0,0.0
fixed-00000010,150.0,4.0,10,0.0,0.0
fixed-00000010,150.0,4.0,11,0.0,0.0
fixed-00000010,150.0,4.0,12,0.0,0.0
fixed-00000010,150.0,4.0,13,0.0,0.0
fixed-00000010,150.0,4.0,14,0.0,0.0
fixed-00000010,150.0,4.0,15,0.0,0.0
fixed-00000010,150.0,4.0,16,0.0,0.0
fixed-00000010,150.0,4.0,17,0.0,0.0
fixed-00000010,150.0,4.0,18,0.0,0.0
fixed-00000010,150.0,4.0,19,0.0,0.0
fixed-00000010,150.0,4.0,20,0.0,0.0
fixed-00000011,160.0,4.0,-20,0.00042424405703107707,20.678914499078303
fixed-00000011,160.0,4.0,-19,0.0004136010617045767,20.170023522549073
fixed-00000011,160.0,4.0,-18,0.0003532313666479112,19.6485188177962
fixed-00000011,160.0,4.0,-17,0.0005008267370819398,19.113366448532148
fixed-00000011,160.0,4.0,-16,0.000554665719926644,18.563384620134826
fixed-00000011,160.0,4.0,-15,0.0004948872784662661,17.997212298226287
fixed-00000011,160.0,4.0,-14,0.00075106548882053,17.413268710318007
fixed-00000011,160.0,4.0,-13,0.0008413295110702878,16.809700268524495
fixed-00000011,160.0,4.0,-12,0.0008010077015418853,16.18430978152439
fixed-00000011,160.0,4.0,-11,0.0012681968680139104,15.534460149598402
fixed-00000011,160.0,4.0,-10,0.0014894112644017554,14.856940312447804
fixed-00000011,160.0,4.0,-9,0.0016071508783638345,14.147773622565637
fixed-00000011,160.0,4.0,-8,0.002377719224501345,13.401935191968363
fixed-00000011,160.0,4.0,-7,0.003261221480059987,12.612919034749368
fixed-00000011,160.0,4.0,-6,0.003712521514490064,11.772044157333355
fixed-00000011,160.0,4.0,-5,0.004168886754477764,10.867276770488644
fixed-00000011,160.0,4.0,-4,0.010950018615196618,9.881078656044693
fixed-00000011,160.0,4.0,-3,0.008763147268790388,8.786068711064956
fixed-00000011,160.0,4.0,-2,0.019733073126566372,7.534952908764481
fixed-00000011,160.0,4.0,-1,0.17442269107678843,6.03135129215535
fixed-00000011,160.0,4.0,0,0.39815623271614536,4.000000000000128
fixed-00000011,160.0,4.0,1,0.0,0.0
fixed-00000011,160.0,4.0,2,0.0,0.0
fixed-00000011,160.0,4.0,3,0.0,0.0
fixed-00000011,160.0,4.0,4,0.0,0.0
fixed-00000011,160.0,4.0,5,0.0,0.0
fixed-00000011,160.0,4.0,6,0.0,0.0
fixed-00000011,160.0,4.0,7,0.0,0.0
fixed-00000011,160.0,4.0,8,0.0,0.0
fixed-00000011,160.0,4.0,9,0.0,0.0
fixed-00000011,160.0,4.0,10,0.0,0.0
fixed-00000011,160.0,4.0,11,0.0,0.0
fixed-00000011,160.0,4.0,12,0.0,0.0
fixed-00000011,160.0,4.0,13,0.0,0.0
fixed-00000011,160.0,4.0,14,0.0,0.0
fixed-00000011,160.0,4.0,15,0.0,0.0
fixed-00000011,160.0,4.0,16,0.0,0.0
fixed-00000011,160.0,4.0,17,0.0,0.0
fixed-00000011,160.0,4.0,18,0.0,0.0
fixed-00000011,160.0,4.0,19,0.0,0.0
fixed-00000011,160.0,4.0,20,0.0,0.0
fixed-00000012,170.0,4.0,-20,0.0003493214172546838,20.078937587093307
fixed-00000012,170.0,4.0,-19,0.00033438623074007374,19.586289471248577
fixed-00000012,170.0,4.0,-18,0.0002868697767772597,19.08143745864639
fixed-00000012,170.0,4.0,-17,0.0004133414796304393,18.563384620134798
fixed-00000012,170.0,4.0,-16,0.00044654915889913275,18.030991870959312
fixed-00000012,170.0,4.0,-15,0.00040360703135441277,17.482947890801668
fixed-00000012,170.0,4.0,-14,0.0006192106596793752,16.917730332891097
fixed-00000012,170.0,4.0,-13,0.0006803284524355459,16.333555025629337
fixed-00000012,170.0,4.0,-12,0.0006488129753220083,15.728308285955407
fixed-00000012,170.0,4.0,-11,0.0010349148745163695,15.099454930199627
fixed-00000012,170.0,4.0,-10,0.0011832468760442129,14.443910384212742
fixed-00000012,170.0,4.0,-9,0.0012642643513994115,13.757858124151412
fixed-00000012,170.0,4.0,-8,0.0019261723413365574,13.036480848951996
fixed-00000012,170.0,4.0,-7,0.002641233593177554,12.273549626976305
fixed-00000012,170.0,4.0,-6,0.0029959951266391063,11.460766897267831
fixed-00000012,170.0,4.0,-5,0.003787671273622331,10.586654831666635
fixed-00000012,170.0,4.0,-4,0.009441379314368323,9.634532883621333
fixed-00000012,170.0,4.0,-3,0.007742481454278901,8.578462776597007
fixed-00000012,170.0,4.0,-2,0.01888231384983069,7.37391453146995
fixed-00000012,170.0,4.0,-1,0.16198278692392096,5.931100707011396
fixed-00000012,170.0,4.0,0,0.336717906518329,4.000000000000043
fixed-00000012,170.0,4.0,1,0.0,0.0
fixed-00000012,170.0,4.0,2,0.0,0.0
fixed-00000012,170.0,4.0,3,0.0,0.0
fixed-00000012,170.0,4.0,4,0.0,0.0
fixed-00000012,170.0,4.0,5,0.0,0.0
fixed-00000012,170.0,4.0,6,0.0,0.0
fixed-00000012,170.0,4.0,7,0.0,0.0
fixed-00000012,170.0,4.0,8,0.0,0.0
fixed-00000012,170.0,4.0,9,0.0,0.0
fixed-00000012,170.0,4.0,10,0.0,0.0
fixed-00000012,170.0,4.0,11,0.0,0.0
fixed-00000012,170.0,4.0,12,0.0,0.0
fixed-00000012,170.0,4.0,13,0.0,0.0
fixed-00000012,170.0,4.0,14,0.0,0.0
fixed-00000012,170.0,4.0,15,0.0,0.0
fixed-00000012,170.0,4.0,16,0.0,0.0
fixed-00000012,170.0,4.0,17,0.0,0.0
fixed-00000012,170.0,4.0,18,0.0,0.0
fixed-00000012,170.0,4.0,19,0.0,0.0
fixed-00000012,170.0,4.0,20,0.0,0.0
fixed-00000013,180.0,4.0,-20,0.0003158454594614212,19.530814598225575
fixed-00000013,180.0,4.0,-19,0.0002966261299637449,19.053012891096714
fixed-00000013,180.0,4.0,-18,0.00025547280494757216,18.563384620134798
fixed-00000013,180.0,4.0,-17,0.00037075833677356493,18.06096687878967
fixed-00000013,180.0,4.0,-16,0.0003922752679236379,17.544659849708694
fixed-00000013,180.0,4.0,-15,0.00035563913140591836,17.013197921647617
fixed-00000013,180.0,4.0,-14,0.0005521814943252677,16.46511246866092
fixed-00000013,180.0,4.0,-13,0.00059133840453539,15.898683146952209
fixed-00000013,180.0,4.0,-12,0.0005683452584579166,15.311873059069725
fixed-00000013,180.0,4.0,-11,0.0009151720313222148,14.702240730771123
fixed-00000013,180.0,4.0,-10,0.0010171561248328582,14.066817881848479
fixed-00000013,180.0,4.0,-9,0.0010893275089485506,13.401935191968363
fixed-00000013,180.0,4.0,-8,0.0016812484637977558,12.702966158118315
fixed-00000013,180.0,4.0,-7,0.002251420255892296,11.96393641047473
fixed-00000013,180.0,4.0,-6,0.002556337605604988,11.176900501616302
fixed-00000013,180.0,4.0,-5,0.0034365286970865546,10.330890706572049
fixed-00000013,180.0,4.0,-4,0.008280810261554682,9.410012267886245
fixed-00000013,180.0,4.0,-3,0.006874170009419358,8.389645509317262
fixed-00000013,180.0,4.0,-2,0.018105666206443567,7.227774780095132
fixed-00000013,180.0,4.0,-1,0.15048265364506352,5.840549916165145
fixed-00000013,180.0,4.0,0,0.28460389941904973,4.000000000000043
fixed-00000013,180.0,4.0,1,0.0,0.0
fixed-00000013,180.0,4.0,2,0.0,0.0
fixed-00000013,180.0,4.0,3,0.0,0.0
fixed-00000013,180.0,4.0,4,0.0,0.0
fixed-00000013,180.0,4.0,5,0.0,0.0
fixed-00000013,180.0,4.0,6,0.0,0.0
fixed-00000013,180.0,4.0,7,0.0,0.0
fixed-00000013,180.0,4.0,8,0.0,0.0
fixed-00000013,180.0,4.0,9,0.0,0.0
fixed-00000013,180.0,4.0,10,0.0,0.0
fixed-00000013,180.0,4.0,11,0.0,0.0
fixed-00000013,180.0,4.0,12,0.0,0.0
fixed-00000013,180.0,4.0,13,0.0,0.0
fixed-00000013,180.0,4.0,14,0.0,0.0
fixed-00000013,180.0,4.0,15,0.0,0.0
fixed-00000013,180.0,4.0,16,0.0,0.0
fixed-00000013,180.0,4.0,17,0.0,0.0
fixed-00000013,180.0,4.0,18,0.0,0.0
fixed-00000013,180.0,4.0,19,0.0,0.0
fixed-00000013,180.0,4.0,20,0.0,0.0
fixed-00000014,190.0,4.0,-20,0.0003182378433084943,19.027545728760387
fixed-00000014,190.0,4.0,-19,0.0002920858017850336,18.563384620134798
fixed-00000014,190.0,4.0,-18,0.00025386822317756907,18.087745917971517
fixed-00000014,190.0,4.0,-17,0.0003686784535304174,17.599698142746774
fixed-00000014,190.0,4.0,-16,0.0003826083793084027,17.098177750245895
fixed-00000014,190.0,4.0,-15,0.00034920458852644393,16.581961354199663
fixed-00000014,190.0,4.0,-14,0.0005463268925091122,16.04962995579325
fixed-00000014,190.0,4.0,-13,0.0005700218600379368,15.49952217558176
fixed-00000014,190.0,4.0,-12,0.0005531836555991597,14.929672049973433
fixed-00000014,190.0,4.0,-11,0.0008994246090371751,14.337724668923613
fixed-00000014,190.0,4.0,-10,0.0009662576241679811,13.720819169692376
fixed-00000014,190.0,4.0,-9,0.0010464416681738654,13.075422179669076
fixed-00000014,190.0,4.0,-8,0.001634543598150459,12.397083362613174
fixed-00000014,190.0,4.0,-7,0.00210340259889003,11.680063301026976
fixed-00000014,190.0,4.0,-6,0.002420907576210289,10.916741345033458
fixed-00000014,190.0,4.0,-5,0.0033629049572849786,10.096619860707108
fixed-00000014,190.0,4.0,-4,0.007757308887633867,9.204527144434891
fixed-00000014,190.0,4.0,-3,0.0065260432735385265,8.217053724399236
fixed-00000014,190.0,4.0,-2,0.018129067046796486,7.094480733772272
fixed-00000014,190.0,4.0,-1,0.14494021066075027,5.758328175331556
fixed-00000014,190.0,4.0,0,0.2479520409238669,4.000000000000043
fixed-00000014,190.0,4.0,1,0.0,0.0
fixed-00000014,190.0,4.0,2,0.0,0.0
fixed-00000014,190.0,4.0,3,0.0,0.0
fixed-00000014,190.0,4.0,4,0.0,0.0
fixed-00000014,190.0,4.0,5,0.0,0.0
fixed-00000014,190.0,4.0,6,0.0,0.0
fixed-00000014,190.0,4.0,7,0.0,0.0
fixed-00000014,190.0,4.0,8,0.0,0.0
fixed-00000014,190.0,4.0,9,0.0,0.0
fixed-00000014,190.0,4.0,10,0.0,0.0
fixed-00000014,190.0,4.0,11,0.0,0.0
fixed-00000014,190.0,4.0,12,0.0,0.0
fixed-00000014,190.0,4.0,13,0.0,0.0
fixed-00000014,190.0,4.0,14,0.0,0.0
fixed-00000014,190.0,4.0,15,0.0,0.0
fixed-00000014,190.0,4.0,16,0.0,0.0
fixed-00000014,190.0,4.0,17,0.0,0.0
fixed-00000014,190.0,4.0,18,0.0,0.0
fixed-00000014,190.0,4.0,19,0.0,0.0
fixed-00000014,190.0,4.0,20,0.0,0.0
fixed-00000015,200.0,4.0,-20,0.0003282329954762887,18.563384620134798
fixed-00000015,200.0,4.0,-19,0.0002927554965725751,18.11181433101568
fixed-00000015,200.0,4.0,-18,0.0002590790987637263,17.649090489235533
fixed-00000015,200.0,4.0,-17,0.00037586187443827733,17.17431076750566
fixed-00000015,200.0,4.0,-16,0.0003802096767502999,16.686445270170665
fixed-00000015,200.0,4.0,-15,0.00035332907539263174,16.184309781524362
fixed-00000015,200.0,4.0,-14,0.0005553773115914022,15.666531340439832
fixed-00000015,200.0,4.0,-13,0.0005611080072966754,15.13150326662813
fixed-00000015,200.0,4.0,-12,0.0005561919161359733,14.577325397340658
fixed-00000015,200.0,4.0,-11,0.0009111035165764586,14.001723117605522
fixed-00000015,200.0,4.0,-10,0.0009402633190178469,13.401935191968334
fixed-00000015,200.0,4.0,-9,0.001041506832555228,12.774554314257855
fixed-00000015,200.0,4.0,-8,0.001647580696969922,12.115293466158093
fixed-00000015,200.0,4.0,-7,0.0020213666299073595,11.41863095571108
fixed-00000015,200.0,4.0,-6,0.0023761900308884834,10.677246924869166
fixed-00000015,200.0,4.0,-5,0.0034171596999008793,9.88107865604465
fixed-00000015,200.0,4.0,-4,0.007443106474580322,9.015622340555609
fixed-00000015,200.0,4.0,-3,0.006309872109750589,8.058583440755712
fixed-00000015,200.0,4.0,-2,0.018769538200724568,6.972349028947534
fixed-00000015,200.0,4.0,-1,0.14081889986279128,5.683315135192018
fixed-00000015,200.0,4.0,0,0.22057827269179597,4.000000000000043
fixed-00000015,200.0,4.0,1,0.0,0.0
fixed-00000015,200.0,4.0,2,0.0,0.0
fixed-00000015,200.0,4.0,3,0.0,0.0
fixed-00000015,200.0,4.0,4,0.0,0.0
fixed-00000015,200.0,4.0,5,0.0,0.0
fixed-00000015,200.0,4.0,6,0.0,0.0
fixed-00000015,200.0,4.0,7,0.0,0.0
fixed-00000015,200.0,4.0,8,0.0,0.0
fixed-00000015,200.0,4.0,9,0.0,0.0
fixed-00000015,200.0,4.0,10,0.0,0.0
fixed-00000015,200.0,4.0,11,0.0,0.0
fixed-00000015,200.0,4.0,12,0.0,0.0
fixed-00000015,200.0,4.0,13,0.0,0.0
fixed-00000015,200.0,4.0,14,0.0,0.0
fixed-00000015,200.0,4.0,15,0.0,0.0
fixed-00000015,200.0,4.0,16,0.0,0.0
fixed-00000015,200.0,4.0,17,0.0,0.0
fixed-00000015,200.0,4.0,18,0.0,0.0
fixed-00000015,200.0,4.0,19,0.0,0.0
fixed-00000015,200.0,4.0,20,0.0,0.0
fixed-00000016,210.0,4.0,-20,0.000307770852298412,18.133563909262662
fixed-00000016,210.0,4.0,-19,0.0002656945978316762,17.69366376630488
fixed-00000016,210.0,4.0,-18,0.00023567841405002353,17.242912058772163
fixed-00000016,210.0,4.0,-17,0.00035140956468085715,16.78043360412154
fixed-00000016,210.0,4.0,-16,0.0003427410930932599,16.30522983876051
fixed-00000016,210.0,4.0,-15,0.00031887054862337553,15.816153021261812
fixed-00000016,210.0,4.0,-14,0.0005217421950997324,15.311873059069725
fixed-00000016,210.0,4.0,-13,0.0005019131913591521,14.79083420461042
fixed-00000016,210.0,4.0,-12,0.0005013030025221134,14.251197562253566
fixed-00000016,210.0,4.0,-11,0.0008587265110062965,13.690763273626388
fixed-00000016,210.0,4.0,-10,0.0008335985243156458,13.106862846525061
fixed-00000016,210.0,4.0,-9,0.0009393790804901424,12.496206306817086
fixed-00000016,210.0,4.0,-8,0.0015495445721904438,11.854658593029981
fixed-00000016,210.0,4.0,-7,0.0017887317832826562,11.176900501616302
fixed-00000016,210.0,4.0,-6,0.002137930984386039,10.45589172636997
fixed-00000016,210.0,4.0,-5,0.0032089080364952807,9.681973335802653
fixed-00000016,210.0,4.0,-4,0.0067908407677166336,8.841260597125114
fixed-00000016,210.0,4.0,-3,0.00552651943924534,7.912489630768675
fixed-00000016,210.0,4.0,-2,0.0185784802951408,6.85998498024081
fixed-00000016,210.0,4.0,-1,0.13639540732906733,5.614585555098117
fixed-00000016,210.0,4.0,0,0.1778392814555678,4.000000000000043
fixed-00000016,210.0,4.0,1,0.046722265211722826,0.6990406976807151
fixed-00000016,210.0,4.0,2,0.0,0.0
fixed-00000016,210.0,4.0,3,0.0,0.0
fixed-00000016,210.0,4.0,4,0.0,0.0
fixed-00000016,210.0,4.0,5,0.0,0.0
fixed-00000016,210.0,4.0,6,0.0,0.0
fixed-00000016,210.0,4.0,7,0.0,0.0
fixed-00000016,210.0,4.0,8,0.0,0.0
fixed-00000016,210.0,4.0,9,0.0,0.0
fixed-00000016,210.0,4.0,10,0.0,0.0
fixed-00000016,210.0,4.0,11,0.0,0.0
fixed-00000016,210.0,4.0,12,0.0,0.0
fixed-00000016,210.0,4.0,13,0.0,0.0
fixed-00000016,210.0,4.0,14,0.0,0.0
fixed-00000016,210.0,4.0,15,0.0,0.0
fixed-00000016,210.0,4.0,16,0.0,0.0
fixed-00000016,210.0,4.0,17,0.0,0.0
fixed-00000016,210.0,4.0,18,0.0,0.0
fixed-00000016,210.0,4.0,19,0.0,0.0
fixed-00000016,210.0,4.0,20,0.0,0.0
fixed-00000017,220.0,4.0,-20,0.0002859083327222855,17.73409081271616
fixed-00000017,220.0,4.0,-19,0.00024312931029248135,17.305048019521294
fixed-00000017,220.0,4.0,-18,0.00021508381433537168,16.86543602782575
fixed-00000017,220.0,4.0,-17,0.00032501479610463023,16.414405017153385
fixed-00000017,220.0,4.0,-16,0.0003135125474193572,15.950985698613678
fixed-00000017,220.0,4.0,-15,0.0002880119680885764,15.474064410036164
fixed-00000017,220.0,4.0,-14,0.0004851611699650489,14.982351111948859
fixed-00000017,220.0,4.0,-13,0.0004572666917491697,14.474337642723825
fixed-00000017,220.0,4.0,-12,0.00045145453542287217,13.948242344473982
fixed-00000017,220.0,4.0,-11,0.0008032329548328086,13.401935191968377
fixed-00000017,220.0,4.0,-10,0.0007534624851347372,12.832834315133255
fixed-00000017,220.0,4.0,-9,0.0008480288497403826,12.237759303340212
fixed-00000017,220.0,4.0,-8,0.001453399313101233,11.612716944258509
fixed-00000017,220.0,4.0,-7,0.001602284309820472,10.952576962541741
fixed-00000017,220.0,4.0,-6,0.0019526891453152514,10.250559696102783
fixed-00000017,220.0,4.0,-5,0.00300399470417003,9.49738228221355
fixed-00000017,220.0,4.0,-4,0.006202954364846901,8.679735599183942
fixed-00000017,220.0,4.0,-3,0.005155382819109498,7.777311442431525
fixed-00000017,220.0,4.0,-2,0.017564759096443793,6.756222279782023
fixed-00000017,220.0,4.0,-1,0.13234210333589663,5.551368162118536
fixed-00000017,220.0,4.0,0,0.14179352251455155,4.000000000000043
fixed-00000017,220.0,4.0,1,0.07152770643046062,1.0924531720081205
fixed-00000017,220.0,4.0,2,0.0,0.0
fixed-00000017,220.0,4.0,3,0.0,0.0
fixed-00000017,220.0,4.0,4,0.0,0.0
fixed-00000017,220.0,4.0,5,0.0,0.0
fixed-00000017,220.0,4.0,6,0.0,0.0
fixed-00000017,220.0,4.0,7,0.0,0.0
fixed-00000017,220.0,4.0,8,0.0,0.0
fixed-00000017,220.0,4.0,9,0.0,0.0
fixed-00000017,220.0,4.0,10,0.0,0.0
fixed-00000017,220.0,4.0,11,0.0,0.0
fixed-00000017,220.0,4.0,12,0.0,0.0
fixed-00000017,220.0,4.0,13,0.0,0.0
fixed-00000017,220.0,4.0,14,0.0,0.0
fixed-00000017,220.0,4.0,15,0.0,0.0
fixed-00000017,220.0,4.0,16,0.0,0.0
fixed-00000017,220.0,4.0,17,0.0,0.0
fixed-00000017,220.0,4.0,18,0.0,0.0
fixed-00000017,220.0,4.0,19,0.0,0.0
fixed-00000017,220.0,4.0,20,0.0,0.0
fixed-00000018,230.0,4.0,-20,0.00028029856407264954,17.361592560354026
fixed-00000018,230.0,4.0,-19,0.0002343063522051691,16.942685258157596
fixed-00000018,230.0,4.0,-18,0.00020745514591953326,16.513473571464004
fixed-00000018,230.0,4.0,-17,0.00031457396047145244,16.07313144984927
fixed-00000018,230.0,4.0,-16,0.0003015789654054276,15.62071704156071
fixed-00000018,230.0,4.0,-15,0.00027369552742322544,15.155148624219663
fixed-00000018,230.0,4.0,-14,0.0004707826635046812,14.675173695966748
fixed-00000018,230.0,4.0,-13,0.00043735529384206575,14.179328690446923
fixed-00000018,230.0,4.0,-12,0.0004257082591933734,13.665885586158865
fixed-00000018,230.0,4.0,-11,0.0007831214307476688,13.13277978959242
fixed-00000018,230.0,4.0,-10,0.0007117046731295756,12.577510579407715
fixed-00000018,230.0,4.0,-9,0.000799292081716046,11.997000160210277
fixed-00000018,230.0,4.0,-8,0.0014170974567701035,11.387388125912437
fixed-00000018,230.0,4.0,-7,0.0014858574797334666,10.743720994389975
fixed-00000018,230.0,4.0,-6,0.0018545724717531512,10.059462823221452
fixed-00000018,230.0,4.0,-5,0.002897216229944569,9.325682005200974
fixed-00000018,230.0,4.0,-4,0.005790603079932216,8.529606124486918
fixed-00000018,230.0,4.0,-3,0.0049713024196717205,7.651815588106331
fixed-00000018,230.0,4.0,-2,0.016834874948387785,6.660077368214232
fixed-00000018,230.0,4.0,-1,0.12948176081573762,5.493014580257693
fixed-00000018,230.0,4.0,0,0.11400550475491068,4.000000000000043
fixed-00000018,230.0,4.0,1,0.08830107268448682,1.3553543387345144
fixed-00000018,230.0,4.0,2,0.0,0.0
fixed-00000018,230.0,4.0,3,0.0,0.0
fixed-00000018,230.0,4.0,4,0.0,0.0
fixed-00000018,230.0,4.0,5,0.0,0.0
fixed-00000018,230.0,4.0,6,0.0,0.0
fixed-00000018,230.0,4.0,7,0.0,0.0
fixed-00000018,230.0,4.0,8,0.0,0.0
fixed-00000018,230.0,4.0,9,0.0,0.0
fixed-00000018,230.0,4.0,10,0.0,0.0
fixed-00000018,230.0,4.0,11,0.0,0.0
fixed-00000018,230.0,4.0,12,0.0,0.0
fixed-00000018,230.0,4.0,13,0.0,0.0
fixed-00000018,230.0,4.0,14,0.0,0.0
fixed-00000018,230.0,4.0,15,0.0,0.0
fixed-00000018,230.0,4.0,16,0.0,0.0
fixed-00000018,230.0,4.0,17,0.0,0.0
fixed-00000018,230.0,4.0,18,0.0,0.0
fixed-00000018,230.0,4.0,19,0.0,0.0
fixed-00000018,230.0,4.0,20,0.0,0.0
fixed-00000019,240.0,4.0,-20,0.00029228384206349983,17.01319792164763
fixed-00000019,240.0,4.0,-19,0.00023920657141708474,16.60378152529381
fixed-00000019,240.0,4.0,-18,0.00021338939359541662,16.18430978152439
fixed-00000019,240.0,4.0,-17,0.00032166947983082304,15.753978980891489
fixed-00000019,240.0,4.0,-16,0.0003070793501786139,15.311873059069754
fixed-00000019,240.0,4.0,-15,0.0002771784098722119,14.856940312447833
fixed-00000019,240.0,4.0,-14,0.0004814666222857732,14.387963517781984
fixed-00000019,240.0,4.0,-13,0.0004438926166410391,13.903521017776214
fixed-00000019,240.0,4.0,-12,0.00042606530032615467,13.401935191968363
fixed-00000019,240.0,4.0,-11,0.0008057590712242988,12.881202923645205
fixed-00000019,240.0,4.0,-10,0.0007135676897747345,12.338899720932332
fixed-00000019,240.0,4.0,-9,0.0007973362840932822,11.772044157333369
fixed-00000019,240.0,4.0,-8,0.0014624625699610917,11.176900501616302
fixed-00000019,240.0,4.0,-7,0.0014534492320320775,10.548681150469449
fixed-00000019,240.0,4.0,-6,0.0018619274112466756,9.881078656044693
fixed-00000019,240.0,4.0,-5,0.002948610907431718,9.165490343367907
fixed-00000019,240.0,4.0,-4,0.005619218230801662,8.389645509317262
fixed-00000019,240.0,4.0,-3,0.005049269155981192,7.534952908764538
fixed-00000019,240.0,4.0,-2,0.01661992063936106,6.570714442852491
fixed-00000019,240.0,4.0,-1,0.12995380225356995,5.438975549640787
fixed-00000019,240.0,4.0,0,0.09308448390273867,4.000000000000128
fixed-00000019,240.0,4.0,1,0.10283352446223527,1.5578535504268984
fixed-00000019,240.0,4.0,2,0.0,0.0
fixed-00000019,240.0,4.0,3,0.0,0.0
fixed-00000019,240.0,4.0,4,0.0,0.0
fixed-00000019,240.0,4.0,5,0.0,0.0
fixed-00000019,240.0,4.0,6,0.0,0.0
fixed-00000019,240.0,4.0,7,0.0,0.0
fixed-00000019,240.0,4.0,8,0.0,0.0
fixed-00000019,240.0,4.0,9,0.0,0.0
fixed-00000019,240.0,4.0,10,0.0,0.0
fixed-00000019,240.0,4.0,11,0.0,0.0
fixed-00000019,240.0,4.0,12,0.0,0.0
fixed-00000019,240.0,4.0,13,0.0,0.0
fixed-00000019,240.0,4.0,14,0.0,0.0
fixed-00000019,240.0,4.0,15,0.0,0.0
fixed-00000019,240.0,4.0,16,0.0,0.0
fixed-00000019,240.0,4.0,17,0.0,0.0
fixed-00000019,240.0,4.0,18,0.0,0.0
fixed-00000019,240.0,4.0,19,0.0,0.0
fixed-00000019,240.0,4.0,20,0.0,0.0
fixed-00000020,250.0,4.0,-20,0.0002986274210180573,16.686445270170665
fixed-00000020,250.0,4.0,-19,0.00023923460239287813,16.285941336994114
fixed-00000020,250.0,4.0,-18,0.0002164726550358366,15.875616848789647
fixed-00000020,250.0,4.0,-17,0.0003239747470277514,15.454689148224062
fixed-00000020,250.0,4.0,-16,0.00030698969127441935,15.022266470358943
fixed-00000020,250.0,4.0,-15,0.00027853109448222645,14.577325397340715
fixed-00000020,250.0,4.0,-14,0.0004856575720502236,14.11868194632234
fixed-00000020,250.0,4.0,-13,0.00044464880782046066,13.644953944975029
fixed-00000020,250.0,4.0,-12,0.00042440617326697705,13.154511253697052
fixed-00000020,250.0,4.0,-11,0.000820324475885739,12.645408662197411
fixed-00000020,250.0,4.0,-10,0.0007112792937296704,12.115293466158121
fixed-00000020,250.0,4.0,-9,0.0007926979806150349,11.561274966505863
fixed-00000020,250.0,4.0,-8,0.0015042931304035186,10.979734761202295
fixed-00000020,250.0,4.0,-7,0.0014219874085174048,10.366041263914951
fixed-00000020,250.0,4.0,-6,0.001868440285013914,9.714101762495858
fixed-00000020,250.0,4.0,-5,0.003026638387999352,9.01562234055568
fixed-00000020,250.0,4.0,-4,0.005441667852344962,8.258802394264194
fixed-00000020,250.0,4.0,-3,0.005155765813911551,7.425824639985038
fixed-00000020,250.0,4.0,-2,0.01645428607086789,6.487418295723927
fixed-00000020,250.0,4.0,-1,0.1300156830322778,5.388782503478367
fixed-00000020,250.0,4.0,0,0.07542259686580441,4.000000000000128
fixed-00000020,250.0,4.0,1,0.11543588429148005,1.7232677700620371
fixed-00000020,250.0,4.0,2,0.0,0.0
fixed-00000020,250.0,4.0,3,0.0,0.0
fixed-00000020,250.0,4.0,4,0.0,0.0
fixed-00000020,250.0,4.0,5,0.0,0.0
fixed-00000020,250.0,4.0,6,0.0,0.0
fixed-00000020,250.0,4.0,7,0.0,0.0
fixed-00000020,250.0,4.0,8,0.0,0.0
fixed-00000020,250.0,4.0,9,0.0,0.0
fixed-00000020,250.0,4.0,10,0.0,0.0
fixed-00000020,250.0,4.0,11,0.0,0.0
fixed-00000020,250.0,4.0,12,0.0,0.0
fixed-00000020,250.0,4.0,13,0.0,0.0
fixed-00000020,250.0,4.0,14,0.0,0.0
fixed-00000020,250.0,4.0,15,0.0,0.0
fixed-00000020,250.0,4.0,16,0.0,0.0
fixed-00000020,250.0,4.0,17,0.0,0.0
fixed-00000020,250.0,4.0,18,0.0,0.0
fixed-00000020,250.0,4.0,19,0.0,0.0
fixed-00000020,250.0,4.0,20,0.0,0.0
fixed-00000021,260.0,4.0,-20,0.0003056752294291103,16.379210436004684
fixed-00000021,260.0,4.0,-19,0.0002394173942350227,15.987097516269017
fixed-00000021,260.0,4.0,-18,0.0002199177434337335,15.58538591965737
fixed-00000021,260.0,4.0,-17,0.00032606297518020824,15.173312873518526
fixed-00000021,260.0,4.0,-16,0.0003067995608085977,14.750009564284554
fixed-00000021,260.0,4.0,-15,0.00028001655219465503,14.314479289708373
fixed-00000021,260.0,4.0,-14,0.0004885597242883706,13.865569460383654
fixed-00000021,260.0,4.0,-13,0.0004450860560811788,13.401935191968363
fixed-00000021,260.0,4.0,-12,0.00042190243978762747,12.921991178661202
fixed-00000021,260.0,4.0,-11,0.000832081981461972,12.423846879528327
fixed-00000021,260.0,4.0,-10,0.0007077884204058408,11.905217349750558
fixed-00000021,260.0,4.0,-9,0.0007851804713398781,11.363297500741439
fixed-00000021,260.0,4.0,-8,0.0015403292395602813,10.794579595613783
fixed-00000021,260.0,4.0,-7,0.0013858516047314088,10.194579116674106
fixed-00000021,260.0,4.0,-6,0.0018662541218143198,9.557405601711935
fixed-00000021,260.0,4.0,-5,0.0030916583735023854,8.875055586881174
fixed-00000021,260.0,4.0,-4,0.005233009958714554,8.136169892284855
fixed-00000021,260.0,4.0,-3,0.005238810108535751,7.32365592105198
fixed-00000021,260.0,4.0,-2,0.01619528085639662,6.409572995038118
fixed-00000021,260.0,4.0,-1,0.12916575442741182,5.342033137263584
fixed-00000021,260.0,4.0,0,0.06006378759288413,3.999999999999943
fixed-00000021,260.0,4.0,1,0.12630256839735587,1.8629706538812485
fixed-00000021,260.0,4.0,2,0.0,0.0
fixed-00000021,260.0,4.0,3,0.0,0.0
fixed-00000021,260.0,4.0,4,0.0,0.0
fixed-00000021,260.0,4.0,5,0.0,0.0
fixed-00000021,260.0,4.0,6,0.0,0.0
fixed-00000021,260.0,4.0,7,0.0,0.0
fixed-00000021,260.0,4.0,8,0.0,0.0
fixed-00000021,260.0,4.0,9,0.0,0.0
fixed-00000021,260.0,4.0,10,0.0,0.0
fixed-00000021,260.0,4.0,11,0.0,0.0
fixed-00000021,260.0,4.0,12,0.0,0.0
fixed-00000021,260.0,4.0,13,0.0,0.0
fixed-00000021,260.0,4.0,14,0.0,0.0
fixed-00000021,260.0,4.0,15,0.0,0.0
fixed-00000021,260.0,4.0,16,0.0,0.0
fixed-00000021,260.0,4.0,17,0.0,0.0
fixed-00000021,260.0,4.0,18,0.0,0.0
fixed-00000021,260.0,4.0,19,0.0,0.0
fixed-00000021,260.0,4.0,20,0.0,0.0
fixed-00000022,270.0,4.0,-20,0.00031163939782204874,16.08964950237933
fixed-00000022,270.0,4.0,-19,0.00023868087981623347,15.705455556386227
fixed-00000022,270.0,4.0,-18,0.00022371166862446287,15.311873059069725
fixed-00000022,270.0,4.0,-17,0.0003281225165171984,14.908158060804453
fixed-00000022,270.0,4.0,-16,0.00030567634535091714,14.493463473362837
fixed-00000022,270.0,4.0,-15,0.0002834100357865582,14.066817881848507
fixed-00000022,270.0,4.0,-14,0.0004917595072462212,13.627098410003597
fixed-00000022,270.0,4.0,-13,0.00044579613983556184,13.172995462424524
fixed-00000022,270.0,4.0,-12,0.0004234186814558433,12.702966158118315
fixed-00000022,270.0,4.0,-11,0.0008458254679104542,12.215171679035521
fixed-00000022,270.0,4.0,-10,0.0007088411395514701,11.707391172695964
fixed-00000022,270.0,4.0,-9,0.0007849334944910631,11.176900501616302
fixed-00000022,270.0,4.0,-8,0.0015878284828827313,10.620296524793474
fixed-00000022,270.0,4.0,-7,0.0013649607407459064,10.033233642263525
fixed-00000022,270.0,4.0,-6,0.0018816211690920325,9.410012267886245
fixed-00000022,270.0,4.0,-5,0.0032027676347816908,8.742902716320742
fixed-00000022,270.0,4.0,-4,0.005060286226905707,8.020961125094075
fixed-00000022,270.0,4.0,-3,0.00538319057631592,7.227774780095174
fixed-00000022,270.0,4.0,-2,0.01605941292264899,6.336644982795491
fixed-00000022,270.0,4.0,-1,0.1286100102867093,5.298379990270192
fixed-00000022,270.0,4.0,0,0.0475185348102142,4.000000000000043
fixed-00000022,270.0,4.0,1,0.136535070335403,1.9835743440105915
fixed-00000022,270.0,4.0,2,0.0,0.0
fixed-00000022,270.0,4.0,3,0.0,0.0
fixed-00000022,270.0,4.0,4,0.0,0.0
fixed-00000022,270.0,4.0,5,0.0,0.0
fixed-00000022,270.0,4.0,6,0.0,0.0
fixed-00000022,270.0,4.0,7,0.0,0.0
fixed-00000022,270.0,4.0,8,0.0,0.0
fixed-00000022,270.0,4.0,9,0.0,0.0
fixed-00000022,270.0,4.0,10,0.0,0.0
fixed-00000022,270.0,4.0,11,0.0,0.0
fixed-00000022,270.0,4.0,12,0.0,0.0
fixed-00000022,270.0,4.0,13,0.0,0.0
fixed-00000022,270.0,4.0,14,0.0,0.0
fixed-00000022,270.0,4.0,15,0.0,0.0
fixed-00000022,270.0,4.0,16,0.0,0.0
fixed-00000022,270.0,4.0,17,0.0,0.0
fixed-00000022,270.0,4.0,18,0.0,0.0
fixed-00000022,270.0,4.0,19,0.0,0.0
fixed-00000022,270.0,4.0,20,0.0,0.0
fixed-00000023,280.0,4.0,-20,0.0002998689728275123,15.816153021261812
fixed-00000023,280.0,4.0,-19,0.00022504187039935566,15.439449087160426
fixed-00000023,280.0,4.0,-18,0.00021545802599038923,15.05355599411152
fixed-00000023,280.0,4.0,-17,0.00031359469172100593,14.657747646499345
fixed-00000023,280.0,4.0,-16,0.0002885857337102545,14.251197562253566
fixed-00000023,280.0,4.0,-15,0.00027222752508729786,13.832958309872055
fixed-00000023,280.0,4.0,-14,0.00047107153088668204,13.401935191968334
fixed-00000023,280.0,4.0,-13,0.00042348202900261404,12.956852076462738
fixed-00000023,280.0,4.0,-12,0.0004046077047411409,12.496206306817058
fixed-00000023,280.0,4.0,-11,0.0008195312636031599,12.018208096115075
fixed-00000023,280.0,4.0,-10,0.0006751062433164206,11.520697333479006
fixed-00000023,280.0,4.0,-9,0.0007501999574535106,11.001026574425026
fixed-00000023,280.0,4.0,-8,0.0015633979431065263,10.45589172636997
fixed-00000023,280.0,4.0,-7,0.0012873131236523859,9.881078656044693
fixed-00000023,280.0,4.0,-6,0.0018197066509949107,9.27106825583462
fixed-00000023,280.0,4.0,-5,0.0031936095890304534,8.618389378622567
fixed-00000023,280.0,4.0,-4,0.004722722869629254,7.9124896307686186
fixed-00000023,280.0,4.0,-3,0.005334650552568704,7.137595307370333
fixed-00000023,280.0,4.0,-2,0.015534008734050203,6.268169548557026
fixed-00000023,280.0,4.0,-1,0.12456651562946637,5.257521326257304
fixed-00000023,280.0,4.0,0,0.03646885096811046,4.000000000000043
fixed-00000023,280.0,4.0,1,0.14370774877404174,2.089341578597498
fixed-00000023,280.0,4.0,2,0.0,0.0
fixed-00000023,280.0,4.0,3,0.0,0.0
fixed-00000023,280.0,4.0,4,0.0,0.0
fixed-00000023,280.0,4.0,5,0.0,0.0
fixed-00000023,280.0,4.0,6,0.0,0.0
fixed-00000023,280.0,4.0,7,0.0,0.0
fixed-00000023,280.0,4.0,8,0.0,0.0
fixed-00000023,280.0,4.0,9,0.0,0.0
fixed-00000023,280.0,4.0,10,0.0,0.0
fixed-00000023,280.0,4.0,11,0.0,0.0
fixed-00000023,280.0,4.0,12,0.0,0.0
fixed-00000023,280.0,4.0,13,0.0,0.0
fixed-00000023,280.0,4.0,14,0.0,0.0
fixed-00000023,280.0,4.0,15,0.0,0.0
fixed-00000023,280.0,4.0,16,0.0,0.0
fixed-00000023,280.0,4.0,17,0.0,0.0
fixed-00000023,280.0,4.0,18,0.0,0.0
fixed-00000023,280.0,4.0,19,0.0,0.0
fixed-00000023,280.0,4.0,20,0.0,0.0
fixed-00000024,290.0,4.0,-20,0.00029320998305935826,15.557309048540347
fixed-00000024,290.0,4.0,-19,0.00021530358443778454,15.187703917530484
fixed-00000024,290.0,4.0,-18,0.0002108967541844527,14.809099185639653
fixed-00000024,290.0,4.0,-17,0.0003037407304211252,14.420785723786253
fixed-00000024,290.0,4.0,-16,0.0002761068415682026,14.02195663092941
fixed-00000024,290.0,4.0,-15,0.0002657284379956594,13.611687264434664
fixed-00000024,290.0,4.0,-14,0.0004565109241989783,13.18890970007432
fixed-00000024,290.0,4.0,-13,0.00040762001517804543,12.752379596207746
fixed-00000024,290.0,4.0,-12,0.0003922247096227292,12.300632504160816
fixed-00000024,290.0,4.0,-11,0.0008023881109294425,11.831925200795666
fixed-00000024,290.0,4.0,-10,0.0006513455131154576,11.344155244919335
fixed-00000024,290.0,4.0,-9,0.0007255054209167011,10.834747980635072
fixed-00000024,290.0,4.0,-8,0.0015547315805918016,10.300493276388579
fixed-00000024,290.0,4.0,-7,0.0012271097654367668,9.737301631890915
fixed-00000024,290.0,4.0,-6,0.0017774424587001863,9.139824882054754
fixed-00000024,290.0,4.0,-5,0.0032121202076597142,8.500836443523596
fixed-00000024,290.0,4.0,-4,0.00442787549998837,7.810153537213992
fixed-00000024,290.0,4.0,-3,0.0053295622788564236,7.052604065868977
fixed-00000024,290.0,4.0,-2,0.015081469522546825,6.203739911827654
fixed-00000024,290.0,4.0,-1,0.1208675580749952,5.219193787774614
fixed-00000024,290.0,4.0,0,0.02789600324620251,4.000000000000043
fixed-00000024,290.0,4.0,1,0.15028060760352102,2.1832152248066166
fixed-00000024,290.0,4.0,2,0.0,0.0
fixed-00000024,290.0,4.0,3,0.0,0.0
fixed-00000024,290.0,4.0,4,0.0,0.0
fixed-00000024,290.0,4.0,5,0.0,0.0
fixed-00000024,290.0,4.0,6,0.0,0.0
fixed-00000024,290.0,4.0,7,0.0,0.0
fixed-00000024,290.0,4.0,8,0.0,0.0
fixed-00000024,290.0,4.0,9,0.0,0.0
fixed-00000024,290.0,4.0,10,0.0,0.0
fixed-00000024,290.0,4.0,11,0.0,0.0
fixed-00000024,290.0,4.0,12,0.0,0.0
fixed-00000024,290.0,4.0,13,0.0,0.0
fixed-00000024,290.0,4.0,14,0.0,0.0
fixed-00000024,290.0,4.0,15,0.0,0.0
fixed-00000024,290.0,4.0,16,0.0,0.0
fixed-00000024,290.0,4.0,17,0.0,0.0
fixed-00000024,290.0,4.0,18,0.0,0.0
fixed-00000024,290.0,4.0,19,0.0,0.0
fixed-00000024,290.0,4.0,20,0.0,0.0
fixed-00000025,300.0,4.0,-20,0.00027943779280514375,15.311873059069754
fixed-00000025,300.0,4.0,-19,0.00020073944255318872,14.949008768730735
fixed-00000025,300.0,4.0,-18,0.00020146989857904217,14.577325397340658
fixed-00000025,300.0,4.0,-17,0.0002872423522161912,14.196129966981303
fixed-00000025,300.0,4.0,-16,0.0002576121463968372,13.804634215692602
fixed-00000025,300.0,4.0,-15,0.000253318745124726,13.401935191968363
fixed-00000025,300.0,4.0,-14,0.0004321867506346286,12.986990452752977
fixed-00000025,300.0,4.0,-13,0.0003826782050811273,12.558585909081373
fixed-00000025,300.0,4.0,-12,0.00037164144099742047,12.115293466158093
fixed-00000025,300.0,4.0,-11,0.0007677725582963012,11.655414195869767
fixed-00000025,300.0,4.0,-10,0.0006134693945762967,11.176900501616302
fixed-00000025,300.0,4.0,-9,0.000686760349148842,10.677246924869209
fixed-00000025,300.0,4.0,-8,0.0015123749993112888,10.153332615240856
fixed-00000025,300.0,4.0,-7,0.0011446319618278662,9.601186418732823
fixed-00000025,300.0,4.0,-6,0.0017020898485896547,9.015622340555609
fixed-00000025,300.0,4.0,-5,0.0031695218223676473,8.389645509317319
fixed-00000025,300.0,4.0,-4,0.004072352710450148,7.713422675659871
fixed-00000025,300.0,4.0,-3,0.005231229922735644,6.9723490289475905
fixed-00000025,300.0,4.0,-2,0.014450096892625835,6.142998339829575
fixed-00000025,300.0,4.0,-1,0.11549587155030565,5.1831664320526585
fixed-00000025,300.0,4.0,0,0.021302349476303797,4.000000000000043
fixed-00000025,300.0,4.0,1,0.15475038710483074,2.2673283559992825
fixed-00000025,300.0,4.0,2,0.0,0.0
fixed-00000025,300.0,4.0,3,0.0,0.0
fixed-00000025,300.0,4.0,4,0.0,0.0
fixed-00000025,300.0,4.0,5,0.0,0.0
fixed-00000025,300.0,4.0,6,0.0,0.0
fixed-00000025,300.0,4.0,7,0.0,0.0
fixed-00000025,300.0,4.0,8,0.0,0.0
fixed-00000025,300.0,4.0,9,0.0,0.0
fixed-00000025,300.0,4.0,10,0.0,0.0
fixed-00000025,300.0,4.0,11,0.0,0.0
fixed-00000025,300.0,4.0,12,0.0,0.0
fixed-00000025,300.0,4.0,13,0.0,0.0
fixed-00000025,300.0,4.0,14,0.0,0.0
fixed-00000025,300.0,4.0,15,0.0,0.0
fixed-00000025,300.0,4.0,16,0.0,0.0
fixed-00000025,300.0,4.0,17,0.0,0.0
fixed-00000025,300.0,4.0,18,0.0,0.0
fixed-00000025,300.0,4.0,19,0.0,0.0
fixed-00000025,300.0,4.0,20,0.0,0.0
fixed-00000026,310.0,4.0,-20,0.00026986494157968394,15.07874327797117
fixed-00000026,310.0,4.0,-19,0.0001891975860912607,14.722291275094364
fixed-00000026,310.0,4.0,-18,0.00019468394723464754,14.357192380701974
fixed-00000026,310.0,4.0,-17,0.00027410834947886567,13.982769016704736
fixed-00000026,310.0,4.0,-16,0.00024266816828514038,13.598250692153599
fixed-00000026,310.0,4.0,-15,0.00024388745265263966,13.202755134906326
fixed-00000026,310.0,4.0,-14,0.0004120189525721015,12.795264192127092
fixed-00000026,310.0,4.0,-13,0.000362390090633699,12.37459260982395
fixed-00000026,310.0,4.0,-12,0.00035467599280298076,11.939346937600874
fixed-00000026,310.0,4.0,-11,0.0007385504888256974,11.487870450145792
fixed-00000026,310.0,4.0,-10,0.000582015335370625,11.01816778980809
fixed-00000026,310.0,4.0,-9,0.0006527723067383024,10.527799382740596
fixed-00000026,310.0,4.0,-8,0.001477349946804164,10.013729342403465
fixed-00000026,310.0,4.0,-7,0.0010717563531479739,9.472099061220248
fixed-00000026,310.0,4.0,-6,0.001634914359123263,8.89787662245989
fixed-00000026,310.0,4.0,-5,0.0031334476111182187,8.284287014836138
fixed-00000026,310.0,4.0,-4,0.0037398171145705005,7.621828010395305
fixed-00000026,310.0,4.0,-3,0.005144082311592784,6.896430508503414
fixed-00000026,310.0,4.0,-2,0.013829341107851879,6.085628867863377
fixed-00000026,310.0,4.0,-1,0.1101477269811502,5.149235852894208
fixed-00000026,310.0,4.0,0,0.016809050454214387,4.000000000000043
fixed-00000026,310.0,4.0,1,0.15839300055207478,2.3432844286040506
fixed-00000026,310.0,4.0,2,0.0,0.0
fixed-00000026,310.0,4.0,3,0.0,0.0
fixed-00000026,310.0,4.0,4,0.0,0.0
fixed-00000026,310.0,4.0,5,0.0,0.0
fixed-00000026,310.0,4.0,6,0.0,0.0
fixed-00000026,310.0,4.0,7,0.0,0.0
fixed-00000026,310.0,4.0,8,0.0,0.0
fixed-00000026,310.0,4.0,9,0.0,0.0
fixed-00000026,310.0,4.0,10,0.0,0.0
fixed-00000026,310.0,4.0,11,0.0,0.0
fixed-00000026,310.0,4.0,12,0.0,0.0
fixed-00000026,310.0,4.0,13,0.0,0.0
fixed-00000026,310.0,4.0,14,0.0,0.0
fixed-00000026,310.0,4.0,15,0.0,0.0
fixed-00000026,310.0,4.0,16,0.0,0.0
fixed-00000026,310.0,4.0,17,0.0,0.0
fixed-00000026,310.0,4.0,18,0.0,0.0
fixed-00000026,310.0,4.0,19,0.0,0.0
fixed-00000026,310.0,4.0,20,0.0,0.0
fixed-00000027,320.0,4.0,-20,0.00026808146444593444,14.856940312447804
fixed-00000027,320.0,4.0,-19,0.0001830924419790094,14.506598167644967
fixed-00000027,320.0,4.0,-18,0.00019337114012337375,14.147773622565637
fixed-00000027,320.0,4.0,-17,0.0002679909597370328,13.779803804715016
fixed-00000027,320.0,4.0,-16,0.00023423435448418538,13.401935191968363
fixed-00000027,320.0,4.0,-15,0.0002413690560875243,13.01330525646199
fixed-00000027,320.0,4.0,-14,0.0004014352010455574,12.612919034749368
fixed-00000027,320.0,4.0,-13,0.0003515830529545751,12.199618797218477
fixed-00000027,320.0,4.0,-12,0.0003472915484231756,11.772044157333355
fixed-00000027,320.0,4.0,-11,0.000724607923313638,11.328578657906675
fixed-00000027,320.0,4.0,-10,0.0005657312726505021,10.867276770488644
fixed-00000027,320.0,4.0,-9,0.0006335628703476894,10.385761741931148
fixed-00000027,320.0,4.0,-8,0.0014708550562558633,9.881078656044693
fixed-00000027,320.0,4.0,-7,0.0010249231210837685,9.34947608678739
fixed-00000027,320.0,4.0,-6,0.001598703990580754,8.786068711064956
fixed-00000027,320.0,4.0,-5,0.0031523623409128293,8.184290419985587
fixed-00000027,320.0,4.0,-4,0.0034728641111173466,7.534952908764481
fixed-00000027,320.0,4.0,-3,0.005138825908361245,6.824493664384079
fixed-00000027,320.0,4.0,-2,0.01335923923320113,6.03135129215535
fixed-00000027,320.0,4.0,-1,0.10578319804581143,5.117222163430583
fixed-00000027,320.0,4.0,0,0.01435041930706213,4.000000000000128
fixed-00000027,320.0,4.0,1,0.16232974610991047,2.4123233315560384
fixed-00000027,320.0,4.0,2,0.0,0.0
fixed-00000027,320.0,4.0,3,0.0,0.0
fixed-00000027,320.0,4.0,4,0.0,0.0
fixed-00000027,320.0,4.0,5,0.0,0.0
fixed-00000027,320.0,4.0,6,0.0,0.0
fixed-00000027,320.0,4.0,7,0.0,0.0
fixed-00000027,320.0,4.0,8,0.0,0.0
fixed-00000027,320.0,4.0,9,0.0,0.0
fixed-00000027,320.0,4.0,10,0.0,0.0
fixed-00000027,320.0,4.0,11,0.0,0.0
fixed-00000027,320.0,4.0,12,0.0,0.0
fixed-00000027,320.0,4.0,13,0.0,0.0
fixed-00000027,320.0,4.0,14,0.0,0.0
fixed-00000027,320.0,4.0,15,0.0,0.0
fixed-00000027,320.0,4.0,16,0.0,0.0
fixed-00000027,320.0,4.0,17,0.0,0.0
fixed-00000027,320.0,4.0,18,0.0,0.0
fixed-00000027,320.0,4.0,19,0.0,0.0
fixed-00000027,320.0,4.0,20,0.0,0.0
fixed-00000028,330.0,4.0,-20,0.0002660027512777014,14.645590225419767
fixed-00000028,330.0,4.0,-19,0.00017717275072712667,14.30107880549295
fixed-00000028,330.0,4.0,-18,0.0001924678298193749,13.948242344473968
fixed-00000028,330.0,4.0,-17,0.0002622286568048697,13.586432032334955
fixed-00000028,330.0,4.0,-16,0.00022593927213500508,13.214910572562928
fixed-00000028,330.0,4.0,-15,0.00024009210632131923,12.832834315133255
fixed-00000028,330.0,4.0,-14,0.00039153781108770244,12.43923046584949
fixed-00000028,330.0,4.0,-13,0.0003412054349120074,12.0329676048014
fixed-00000028,330.0,4.0,-12,0.000342581212020194,11.612716944258466
fixed-00000028,330.0,4.0,-11,0.0007116172804369417,11.176900501616302
fixed-00000028,330.0,4.0,-10,0.0005515693087608146,10.723620343405443
fixed-00000028,330.0,4.0,-9,0.0006189007924049559,10.250559696102783
fixed-00000028,330.0,4.0,-8,0.0014676427201145655,9.754840910694881
fixed-00000028,330.0,4.0,-7,0.0009858175662081359,9.232814767905225
fixed-00000028,330.0,4.0,-6,0.001570811727782038,8.6797355991839
fixed-00000028,330.0,4.0,-5,0.003188545936834694,8.089236042823956
fixed-00000028,330.0,4.0,-4,0.0032280014913520804,7.452425884783267
fixed-00000028,330.0,4.0,-3,0.00515901451789275,6.756222279782023
fixed-00000028,330.0,4.0,-2,0.012951449907588182,5.9799161810314985
fixed-00000028,330.0,4.0,-1,0.1014793639489337,5.086965666639671
fixed-00000028,330.0,4.0,0,0.013712778974874927,3.999999999999943
fixed-00000028,330.0,4.0,1,0.16594735483034204,2.4754257179255603
fixed-00000028,330.0,4.0,2,0.0,0.0
fixed-00000028,330.0,4.0,3,0.0,0.0
fixed-00000028,330.0,4.0,4,0.0,0.0
fixed-00000028,330.0,4.0,5,0.0,0.0
fixed-00000028,330.0,4.0,6,0.0,0.0
fixed-00000028,330.0,4.0,7,0.0,0.0
fixed-00000028,330.0,4.0,8,0.0,0.0
fixed-00000028,330.0,4.0,9,0.0,0.0
fixed-00000028,330.0,4.0,10,0.0,0.0
fixed-00000028,330.0,4.0,11,0.0,0.0
fixed-00000028,330.0,4.0,12,0.0,0.0
fixed-00000028,330.0,4.0,13,0.0,0.0
fixed-00000028,330.0,4.0,14,0.0,0.0
fixed-00000028,330.0,4.0,15,0.0,0.0
fixed-00000028,330.0,4.0,16,0.0,0.0
fixed-00000028,330.0,4.0,17,0.0,0.0
fixed-00000028,330.0,4.0,18,0.0,0.0
fixed-00000028,330.0,4.0,19,0.0,0.0
fixed-00000028,330.0,4.0,20,0.0,0.0
fixed-00000029,340.0,4.0,-20,0.00025512917220948017,14.443910384212742
fixed-00000029,340.0,4.0,-19,0.00016616162444201961,14.104971406638299
fixed-00000029,340.0,4.0,-18,0.0001863294263970309,13.757858124151412
fixed-00000029,340.0,4.0,-17,0.0002495832924295955,13.401935191968363
fixed-00000029,340.0,4.0,-16,0.00021150287699088927,13.036480848951996
fixed-00000029,340.0,4.0,-15,0.00023319698169797643,12.660669518148893
fixed-00000029,340.0,4.0,-14,0.0003725539119705224,12.273549626976305
fixed-00000029,340.0,4.0,-13,0.00032183428764540463,11.87401493674271
fixed-00000029,340.0,4.0,-12,0.00033164347625978726,11.460766897267831
fixed-00000029,340.0,4.0,-11,0.0006831585418865085,11.032264333866962
fixed-00000029,340.0,4.0,-10,0.0005245884217395593,10.586654831666635
fixed-00000029,340.0,4.0,-9,0.0005955754147385966,10.121678956186614
fixed-00000029,340.0,4.0,-8,0.0014355778441378145,9.634532883621333
fixed-00000029,340.0,4.0,-7,0.0009314683876433039,9.12166497780018
fixed-00000029,340.0,4.0,-6,0.001522308211711277,8.578462776597007
fixed-00000029,340.0,4.0,-5,0.0031812598543068675,7.998748233012279
fixed-00000029,340.0,4.0,-4,0.0029559880503615492,7.37391453146995
fixed-00000029,340.0,4.0,-3,0.005120193712042216,6.691333557668287
fixed-00000029,340.0,4.0,-2,0.012464811914696809,5.931100707011396
fixed-00000029,340.0,4.0,-1,0.09610022340132311,5.058324079364041
fixed-00000029,340.0,4.0,0,0.01469307330498553,4.000000000000043
fixed-00000029,340.0,4.0,1,0.1680216269272359,2.533381666050957
fixed-00000029,340.0,4.0,2,0.0,0.0
fixed-00000029,340.0,4.0,3,0.0,0.0
fixed-00000029,340.0,4.0,4,0.0,0.0
fixed-00000029,340.0,4.0,5,0.0,0.0
fixed-00000029,340.0,4.0,6,0.0,0.0
fixed-00000029,340.0,4.0,7,0.0,0.0
fixed-00000029,340.0,4.0,8,0.0,0.0
fixed-00000029,340.0,4.0,9,0.0,0.0
fixed-00000029,340.0,4.0,10,0.0,0.0
fixed-00000029,340.0,4.0,11,0.0,0.0
fixed-00000029,340.0,4.0,12,0.0,0.0
fixed-00000029,340.0,4.0,13,0.0,0.0
fixed-00000029,340.0,4.0,14,0.0,0.0
fixed-00000029,340.0,4.0,15,0.0,0.0
fixed-00000029,340.0,4.0,16,0.0,0.0
fixed-00000029,340.0,4.0,17,0.0,0.0
fixed-00000029,340.0,4.0,18,0.0,0.0
fixed-00000029,340.0,4.0,19,0.0,0.0
fixed-00000029,340.0,4.0,20,0.0,0.0
fixed-00000030,350.0,4.0,-20,0.0002457583331469962,14.251197562253566
fixed-00000030,350.0,4.0,-19,0.00015602041017073712,13.917591470478868
fixed-00000030,350.0,4.0,-18,0.00018042028453702313,13.575955646065168
fixed-00000030,350.0,4.0,-17,0.00023737615556999186,13.2256676536188
fixed-00000030,350.0,4.0,-16,0.00019790240696371866,12.866020624889416
fixed-00000030,350.0,4.0,-15,0.0002259346385406768,12.496206306817086
fixed-00000030,350.0,4.0,-14,0.000353330136864967,12.115293466158093
fixed-00000030,350.0,4.0,-13,0.0003030007925047493,11.722199994673844
fixed-00000030,350.0,4.0,-12,0.00031914275734561907,11.315656312084926
fixed-00000030,350.0,4.0,-11,0.0006524264920162248,10.894156499405454
fixed-00000030,350.0,4.0,-10,0.000496815354843691,10.45589172636997
fixed-00000030,350.0,4.0,-9,0.0005679027121561851,9.998657437886877
fixed-00000030,350.0,4.0,-8,0.0013947864052854383,9.519720429176374
fixed-00000030,350.0,4.0,-7,0.0008729903841327929,9.015622340555609
fixed-00000030,350.0,4.0,-6,0.001461930337961886,8.48187791167723
fixed-00000030,350.0,4.0,-5,0.003145449171356829,7.9124896307686186
fixed-00000030,350.0,4.0,-4,0.0026735636382846932,7.299120418664657
fixed-00000030,350.0,4.0,-3,0.005038871223778148,6.629573746376295
fixed-00000030,350.0,4.0,-2,0.011895262836527839,5.884705145226178
fixed-00000030,350.0,4.0,-1,0.09019394844705252,5.031170204831909
fixed-00000030,350.0,4.0,0,0.01719755480114393,4.000000000000043
fixed-00000030,350.0,4.0,1,0.16876662119308009,2.586837597448465
fixed-00000030,350.0,4.0,2,0.0,0.0
fixed-00000030,350.0,4.0,3,0.0,0.0
fixed-00000030,350.0,4.0,4,0.0,0.0
fixed-00000030,350.0,4.0,5,0.0,0.0
fixed-00000030,350.0,4.0,6,0.0,0.0
fixed-00000030,350.0,4.0,7,0.0,0.0
fixed-00000030,350.0,4.0,8,0.0,0.0
fixed-00000030,350.0,4.0,9,0.0,0.0
fixed-00000030,350.0,4.0,10,0.0,0.0
fixed-00000030,350.0,4.0,11,0.0,0.0
fixed-00000030,350.0,4.0,12,0.0,0.0
fixed-00000030,350.0,4.0,13,0.0,0.0
fixed-00000030,350.0,4.0,14,0.0,0.0
fixed-00000030,350.0,4.0,15,0.0,0.0
fixed-00000030,350.0,4.0,16,0.0,0.0
fixed-00000030,350.0,4.0,17,0.0,0.0
fixed-00000030,350.0,4.0,18,0.0,0.0
fixed-00000030,350.0,4.0,19,0.0,0.0
fixed-00000030,350.0,4.0,20,0.0,0.0
fixed-00000031,360.0,4.0,-20,0.00023966714333454486,14.066817881848479
fixed-00000031,360.0,4.0,-19,0.00014880358760517806,13.738321991396589
fixed-00000031,360.0,4.0,-18,0.000177524162092165,13.401935191968363
fixed-00000031,360.0,4.0,-17,0.00022887461865779237,13.057047439103869
fixed-00000031,360.0,4.0,-16,0.000187723963307858,12.702966158118315
fixed-00000031,360.0,4.0,-15,0.00022311492947867708,12.338899720932332
fixed-00000031,360.0,4.0,-14,0.0003396264246639811,11.96393641047473
fixed-00000031,360.0,4.0,-13,0.0002892852204774861,11.577017268486188
fixed-00000031,360.0,4.0,-12,0.000313758600980238,11.176900501616302
fixed-00000031,360.0,4.0,-11,0.0006310092334986351,10.762113997903853
fixed-00000031,360.0,4.0,-10,0.0004780856221977794,10.330890706572049
fixed-00000031,360.0,4.0,-9,0.0005521863782981486,9.881078656044693
fixed-00000031,360.0,4.0,-8,0.0013727126850268457,9.410012267886245
fixed-00000031,360.0,4.0,-7,0.0008330135309816348,8.914322439446764
fixed-00000031,360.0,4.0,-6,0.0014256770305909761,8.389645509317262
fixed-00000031,360.0,4.0,-5,0.0031553771867410024,7.830156313248764
fixed-00000031,360.0,4.0,-4,0.0024409065592296076,7.227774780095132
fixed-00000031,360.0,4.0,-3,0.0050276545810089175,6.570714442852491
fixed-00000031,360.0,4.0,-2,0.011469287794180695,5.840549916165145
fixed-00000031,360.0,4.0,-1,0.08500058882645055,5.0053899709427725
fixed-00000031,360.0,4.0,0,0.021268102802130193,4.000000000000043
fixed-00000031,360.0,4.0,1,0.16997003099791244,2.636329350486079
fixed-00000031,360.0,4.0,2,0.0,0.0
fixed-00000031,360.0,4.0,3,0.0,0.0
fixed-00000031,360.0,4.0,4,0.0,0.0
fixed-00000031,360.0,4.0,5,0.0,0.0
fixed-00000031,360.0,4.0,6,0.0,0.0
fixed-00000031,360.0,4.0,7,0.0,0.0
fixed-00000031,360.0,4.0,8,0.0,0.0
fixed-00000031,360.0,4.0,9,0.0,0.0
fixed-00000031,360.0,4.0,10,0.0,0.0
fixed-00000031,360.0,4.0,11,0.0,0.0
fixed-00000031,360.0,4.0,12,0.0,0.0
fixed-00000031,360.0,4.0,13,0.0,0.0
fixed-00000031,360.0,4.0,14,0.0,0.0
fixed-00000031,360.0,4.0,15,0.0,0.0
fixed-00000031,360.0,4.0,16,0.0,0.0
fixed-00000031,360.0,4.0,17,0.0,0.0
fixed-00000031,360.0,4.0,18,0.0,0.0
fixed-00000031,360.0,4.0,19,0.0,0.0
fixed-00000031,360.0,4.0,20,0.0,0.0
fixed-00000032,370.0,4.0,-20,0.0002257238251946052,13.890198270635722
fixed-00000032,370.0,4.0,-19,0.0001372981934147596,13.566605144972584
fixed-00000032,370.0,4.0,-18,0.0001695518394521113,13.235254562125931
fixed-00000032,370.0,4.0,-17,0.00021402315372866392,12.8955483840206
fixed-00000032,370.0,4.0,-16,0.00017247646547949007,12.54680776935885
fixed-00000032,370.0,4.0,-15,0.00021432054999345724,12.188257061712548
fixed-00000032,370.0,4.0,-14,0.00031745409862776817,11.819003290626839
fixed-00000032,370.0,4.0,-13,0.00026772029824361176,11.43800973111162
fixed-00000032,370.0,4.0,-12,0.00030112512218912613,11.044061270600096
fixed-00000032,370.0,4.0,-11,0.0005947113049907756,10.635718249445574
fixed-00000032,370.0,4.0,-10,0.00044682722071044743,10.211253708209213
fixed-00000032,370.0,4.0,-9,0.0005263084760696704,9.76856611165097
fixed-00000032,370.0,4.0,-8,0.001319696482012056,9.30505470888508
fixed-00000032,370.0,4.0,-7,0.0007760119949813684,8.817435895697656
fixed-00000032,370.0,4.0,-6,0.001366065359768706,8.301462371876582
fixed-00000032,370.0,4.0,-5,0.003106501756785001,7.751473670819763
fixed-00000032,370.0,4.0,-4,0.0021842501244180882,7.159634849526611
fixed-00000032,370.0,4.0,-3,0.004941087366157989,6.514549453118931
fixed-00000032,370.0,4.0,-2,0.010940295317412032,5.798473075777991
fixed-00000032,370.0,4.0,-1,0.07881415110400486,4.980880768645008
fixed-00000032,370.0,4.0,0,0.026547051782525442,4.000000000000043
fixed-00000032,370.0,4.0,1,0.1692505461917123,2.6823061129422996
fixed-00000032,370.0,4.0,2,0.0,0.0
fixed-00000032,370.0,4.0,3,0.0,0.0
fixed-00000032,370.0,4.0,4,0.0,0.0
fixed-00000032,370.0,4.0,5,0.0,0.0
fixed-00000032,370.0,4.0,6,0.0,0.0
fixed-00000032,370.0,4.0,7,0.0,0.0
fixed-00000032,370.0,4.0,8,0.0,0.0
fixed-00000032,370.0,4.0,9,0.0,0.0
fixed-00000032,370.0,4.0,10,0.0,0.0
fixed-00000032,370.0,4.0,11,0.0,0.0
fixed-00000032,370.0,4.0,12,0.0,0.0
fixed-00000032,370.0,4.0,13,0.0,0.0
fixed-00000032,370.0,4.0,14,0.0,0.0
fixed-00000032,370.0,4.0,15,0.0,0.0
fixed-00000032,370.0,4.0,16,0.0,0.0
fixed-00000032,370.0,4.0,17,0.0,0.0
fixed-00000032,370.0,4.0,18,0.0,0.0
fixed-00000032,370.0,4.0,19,0.0,0.0
fixed-00000032,370.0,4.0,20,0.0,0.0
fixed-00000033,380.0,4.0,-20,0.00021441350881142045,13.720819169692376
fixed-00000033,380.0,4.0,-19,0.00012786832159840527,13.401935191968363
fixed-00000033,380.0,4.0,-18,0.000163244105076507,13.075422179669076
fixed-00000033,380.0,4.0,-17,0.00020142533695220637,12.740693447383023
fixed-00000033,380.0,4.0,-16,0.00015960985382571687,12.397083362613174
fixed-00000033,380.0,4.0,-15,0.0002075380586916799,12.043831628706272
fixed-00000033,380.0,4.0,-14,0.0002981916768829837,11.680063301026976
fixed-00000033,380.0,4.0,-13,0.00024936092632377985,11.304763029146713
fixed-00000033,380.0,4.0,-12,0.0002911302386467617,10.916741345033458
fixed-00000033,380.0,4.0,-11,0.0005624895915329169,10.514589772150032
fixed-00000033,380.0,4.0,-10,0.0004200784990569596,10.096619860707108
fixed-00000033,380.0,4.0,-9,0.0005040550074810135,9.660778499992048
fixed-00000033,380.0,4.0,-8,0.001272329233373087,9.204527144434891
fixed-00000033,380.0,4.0,-7,0.000726361407404551,8.724664167273232
fixed-00000033,380.0,4.0,-6,0.001312372655482813,8.217053724399236
fixed-00000033,380.0,4.0,-5,0.0030656870574900545,7.676192887086515
fixed-00000033,380.0,4.0,-4,0.0019496827841738256,7.094480733772272
fixed-00000033,380.0,4.0,-3,0.004867983926224993,6.460892113517076
fixed-00000033,380.0,4.0,-2,0.010446594734949235,5.758328175331556
fixed-00000033,380.0,4.0,-1,0.0728211177045351,4.957550037925813
fixed-00000033,380.0,4.0,0,0.0330918590733866,4.000000000000043
fixed-00000033,380.0,4.0,1,0.16801302320101844,2.7251481303053993
fixed-00000033,380.0,4.0,2,0.0,0.0
fixed-00000033,380.0,4.0,3,0.0,0.0
fixed-00000033,380.0,4.0,4,0.0,0.0
fixed-00000033,380.0,4.0,5,0.0,0.0
fixed-00000033,380.0,4.0,6,0.0,0.0
fixed-00000033,380.0,4.0,7,0.0,0.0
fixed-00000033,380.0,4.0,8,0.0,0.0
fixed-00000033,380.0,4.0,9,0.0,0.0
fixed-00000033,380.0,4.0,10,0.0,0.0
fixed-00000033,380.0,4.0,11,0.0,0.0
fixed-00000033,380.0,4.0,12,0.0,0.0
fixed-00000033,380.0,4.0,13,0.0,0.0
fixed-00000033,380.0,4.0,14,0.0,0.0
fixed-00000033,380.0,4.0,15,0.0,0.0
fixed-00000033,380.0,4.0,16,0.0,0.0
fixed-00000033,380.0,4.0,17,0.0,0.0
fixed-00000033,380.0,4.0,18,0.0,0.0
fixed-00000033,380.0,4.0,19,0.0,0.0
fixed-00000033,380.0,4.0,20,0.0,0.0
fixed-00000034,390.0,4.0,-20,0.00020125501261985808,13.558208282247051
fixed-00000034,390.0,4.0,-19,0.00011807644576378286,13.243852394778827
fixed-00000034,390.0,4.0,-18,0.0001559978637013511,12.921991178661244
fixed-00000034,390.0,4.0,-17,0.00018774288644283742,12.592048975527604
fixed-00000034,390.0,4.0,-16,0.00014639577675167335,12.253372869543554
fixed-00000034,390.0,4.0,-15,0.0001998803317077413,11.905217349750572
fixed-00000034,390.0,4.0,-14,0.0002777796391448367,11.546724820999572
fixed-00000034,390.0,4.0,-13,0.0002302469928458242,11.17690050161633
fixed-00000034,390.0,4.0,-12,0.00028069754390431297,10.794579595613811
fixed-00000034,390.0,4.0,-11,0.000528060258819837,10.398383618371724
fixed-00000034,390.0,4.0,-10,0.0003920155577371788,9.986661145214711
fixed-00000034,390.0,4.0,-9,0.00048221803820624125,9.557405601711977
fixed-00000034,390.0,4.0,-8,0.0012191107815824219,9.108138186577165
fixed-00000034,390.0,4.0,-7,0.0006770514948803067,8.635735946513421
fixed-00000034,390.0,4.0,-6,0.0012584907781368398,8.136169892284897
fixed-00000034,390.0,4.0,-5,0.0030151244411575798,7.604087921018774
fixed-00000034,390.0,4.0,-4,0.0017294295346711535,7.032112732132049
fixed-00000034,390.0,4.0,-3,0.00478972404560237,6.409572995038175
fixed-00000034,390.0,4.0,-2,0.009971850123671236,5.719982428520552
fixed-00000034,390.0,4.0,-1,0.0667607932762767,4.935314059208693
fixed-00000034,390.0,4.0,0,0.040665685420353696,4.000000000000043
fixed-00000034,390.0,4.0,1,0.16575755879156848,2.7651800627454577
fixed-00000034,390.0,4.0,2,0.0,0.0
fixed-00000034,390.0,4.0,3,0.0,0.0
fixed-00000034,390.0,4.0,4,0.0,0.0
fixed-00000034,390.0,4.0,5,0.0,0.0
fixed-00000034,390.0,4.0,6,0.0,0.0
fixed-00000034,390.0,4.0,7,0.0,0.0
fixed-00000034,390.0,4.0,8,0.0,0.0
fixed-00000034,390.0,4.0,9,0.0,0.0
fixed-00000034,390.0,4.0,10,0.0,0.0
fixed-00000034,390.0,4.0,11,0.0,0.0
fixed-00000034,390.0,4.0,12,0.0,0.0
fixed-00000034,390.0,4.0,13,0.0,0.0
fixed-00000034,390.0,4.0,14,0.0,0.0
fixed-00000034,390.0,4.0,15,0.0,0.0
fixed-00000034,390.0,4.0,16,0.0,0.0
fixed-00000034,390.0,4.0,17,0.0,0.0
fixed-00000034,390.0,4.0,18,0.0,0.0
fixed-00000034,390.0,4.0,19,0.0,0.0
fixed-00000034,390.0,4.0,20,0.0,0.0
fixed-00000035,400.0,4.0,-20,0.00018848733446655318,13.401935191968334
fixed-00000035,400.0,4.0,-19,0.00010911738636407972,13.091937779982686
fixed-00000035,400.0,4.0,-18,0.00014904572242627022,12.774554314257855
fixed-00000035,400.0,4.0,-17,0.00017467556970539774,12.449219763534273
fixed-00000035,400.0,4.0,-16,0.0001342558212804797,12.115293466158093
fixed-00000035,400.0,4.0,-15,0.00019269127483671517,11.772044157333312
fixed-00000035,400.0,4.0,-14,0.00025835404430778105,11.41863095571108
fixed-00000035,400.0,4.0,-13,0.00021253981805000155,11.05407889093172
fixed-00000035,400.0,4.0,-12,0.0002712285958759865,10.677246924869166
fixed-00000035,400.0,4.0,-11,0.0004949191294342325,10.286785444979671
fixed-00000035,400.0,4.0,-10,0.00036589967882014456,9.88107865604465
fixed-00000035,400.0,4.0,-9,0.00046235910215356314,9.458164744734603
fixed-00000035,400.0,4.0,-8,0.0011666798844353016,9.015622340555609
fixed-00000035,400.0,4.0,-7,0.0006321651841460255,8.550404058348832
fixed-00000035,400.0,4.0,-6,0.0012079487646035531,8.058583440755712
fixed-00000035,400.0,4.0,-5,0.0029657022629312664,7.5349529087644385
fixed-00000035,400.0,4.0,-4,0.0015300419975519698,6.972349028947534
fixed-00000035,400.0,4.0,-3,0.004719209771459329,6.360437927763655
fixed-00000035,400.0,4.0,-2,0.009535687950506116,5.683315135192018
fixed-00000035,400.0,4.0,-1,0.060807798633012645,4.9140969160105215
fixed-00000035,400.0,4.0,0,0.04907612379976411,4.000000000000043
fixed-00000035,400.0,4.0,1,0.1621599211272132,2.802681229887611
fixed-00000035,400.0,4.0,2,0.0,0.0
fixed-00000035,400.0,4.0,3,0.0,0.0
fixed-00000035,400.0,4.0,4,0.0,0.0
fixed-00000035,400.0,4.0,5,0.0,0.0
fixed-00000035,400.0,4.0,6,0.0,0.0
fixed-00000035,400.0,4.0,7,0.0,0.0
fixed-00000035,400.0,4.0,8,0.0,0.0
fixed-00000035,400.0,4.0,9,0.0,0.0
fixed-00000035,400.0,4.0,10,0.0,0.0
fixed-00000035,400.0,4.0,11,0.0,0.0
fixed-00000035,400.0,4.0,12,0.0,0.0
fixed-00000035,400.0,4.0,13,0.0,0.0
fixed-00000035,400.0,4.0,14,0.0,0.0
fixed-00000035,400.0,4.0,15,0.0,0.0
fixed-00000035,400.0,4.0,16,0.0,0.0
fixed-00000035,400.0,4.0,17,0.0,0.0
fixed-00000035,400.0,4.0,18,0.0,0.0
fixed-00000035,400.0,4.0,19,0.0,0.0
fixed-00000035,400.0,4.0,20,0.0,0.0
fixed-00000036,410.0,4.0,-20,0.00017967881588805903,13.25160671143152
fixed-00000036,410.0,4.0,-19,0.00010377625707529083,12.945808611381139
fixed-00000036,410.0,4.0,-18,0.00014645735306028938,12.632739563220795
fixed-00000036,410.0,4.0,-17,0.0001663650081329579,12.311844786384484
fixed-00000036,410.0,4.0,-16,0.00012686523445731995,11.982495438084868
fixed-00000036,410.0,4.0,-15,0.0001917051056830635,11.64397399180919
fixed-00000036,410.0,4.0,-14,0.00024658048454432376,11.29545568156965
fixed-00000036,410.0,4.0,-13,0.00020187210502661465,10.935984635208442
fixed-00000036,410.0,4.0,-12,0.00027178784754009145,10.564442711720147
fixed-00000036,410.0,4.0,-11,0.00047600037798917655,10.179508116212844
fixed-00000036,410.0,4.0,-10,0.0003508748337401527,9.779599368767236
fixed-00000036,410.0,4.0,-9,0.0004616147077320626,9.362797745675024
fixed-00000036,410.0,4.0,-8,0.0011440946106146296,8.92673712909803
fixed-00000036,410.0,4.0,-7,0.0006072252750014451,8.46844277897803
fixed-00000036,410.0,4.0,-6,0.001202453481982708,7.984086702197118
fixed-00000036,410.0,4.0,-5,0.002987039298858396,7.4685999179504705
fixed-00000036,410.0,4.0,-4,0.0013915979186745738,6.915023699498562
fixed-00000036,410.0,4.0,-3,0.004779641752089895,6.313346294075288
fixed-00000036,410.0,4.0,-2,0.009349830419617072,5.648216320416552
fixed-00000036,410.0,4.0,-1,0.055531981200361506,4.893829601074785
fixed-00000036,410.0,4.0,0,0.05779324255287635,4.000000000000043
fixed-00000036,410.0,4.0,1,0.15216711334211916,2.837893584805059
fixed-00000036,410.0,4.0,2,0.001997444896392646,0.3323929222386681
fixed-00000036,410.0,4.0,3,0.0,0.0
fixed-00000036,410.0,4.0,4,0.0,0.0
fixed-00000036,410.0,4.0,5,0.0,0.0
fixed-00000036,410.0,4.0,6,0.0,0.0
fixed-00000036,410.0,4.0,7,0.0,0.0
fixed-00000036,410.0,4.0,8,0.0,0.0
fixed-00000036,410.0,4.0,9,0.0,0.0
fixed-00000036,410.0,4.0,10,0.0,0.0
fixed-00000036,410.0,4.0,11,0.0,0.0
fixed-00000036,410.0,4.0,12,0.0,0.0
fixed-00000036,410.0,4.0,13,0.0,0.0
fixed-00000036,410.0,4.0,14,0.0,0.0
fixed-00000036,410.0,4.0,15,0.0,0.0
fixed-00000036,410.0,4.0,16,0.0,0.0
fixed-00000036,410.0,4.0,17,0.0,0.0
fixed-00000036,410.0,4.0,18,0.0,0.0
fixed-00000036,410.0,4.0,19,0.0,0.0
fixed-00000036,410.0,4.0,20,0.0,0.0
fixed-00000037,420.0,4.0,-20,0.00016234344491459232,13.106862846525061
fixed-00000037,420.0,4.0,-19,9.317582656102366e-05,12.805114462386342
fixed-00000037,420.0,4.0,-18,0.00013672488658167566,12.496206306817086
fixed-00000037,420.0,4.0,-17,0.0001495812317523668,12.17959349512843
fixed-00000037,420.0,4.0,-16,0.00011300821624945305,11.854658593029981
fixed-00000037,420.0,4.0,-15,0.00018074093693037905,11.520697333478978
fixed-00000037,420.0,4.0,-14,0.000222215251418729,11.176900501616302
fixed-00000037,420.0,4.0,-13,0.0001802604916664281,10.822330651089075
fixed-00000037,420.0,4.0,-12,0.0002576840983279579,10.45589172636997
fixed-00000037,420.0,4.0,-11,0.0004333347641865882,10.076288755900379
fixed-00000037,420.0,4.0,-10,0.00031494975856271706,9.681973335802653
fixed-00000037,420.0,4.0,-9,0.00043737285619105897,9.27106825583462
fixed-00000037,420.0,4.0,-8,0.0010651610734151364,8.841260597125114
fixed-00000037,420.0,4.0,-7,0.0005439040267833514,8.389645509317234
fixed-00000037,420.0,4.0,-6,0.0011440798322042394,7.912489630768675
fixed-00000037,420.0,4.0,-5,0.002865036731791448,7.4048569993797315
fixed-00000037,420.0,4.0,-4,0.0011855222080892492,6.85998498024081
fixed-00000037,420.0,4.0,-3,0.004645188525843153,6.268169548556969
fixed-00000037,420.0,4.0,-2,0.008843336412469696,5.614585555098117
fixed-00000037,420.0,4.0,-1,0.04903006373476956,4.874449243247412
fixed-00000037,420.0,4.0,0,0.067289175536457,4.000000000000043
fixed-00000037,420.0,4.0,1,0.14358862970155598,2.871028001785845
fixed-00000037,420.0,4.0,2,0.0043007938191454605,0.6990406976807151
fixed-00000037,420.0,4.0,3,0.0,0.0
fixed-00000037,420.0,4.0,4,0.0,0.0
fixed-00000037,420.0,4.0,5,0.0,0.0
fixed-00000037,420.0,4.0,6,0.0,0.0
fixed-00000037,420.0,4.0,7,0.0,0.0
fixed-00000037,420.0,4.0,8,0.0,0.0
fixed-00000037,420.0,4.0,9,0.0,0.0
fixed-00000037,420.0,4.0,10,0.0,0.0
fixed-00000037,420.0,4.0,11,0.0,0.0
fixed-00000037,420.0,4.0,12,0.0,0.0
fixed-00000037,420.0,4.0,13,0.0,0.0
fixed-00000037,420.0,4.0,14,0.0,0.0
fixed-00000037,420.0,4.0,15,0.0,0.0
fixed-00000037,420.0,4.0,16,0.0,0.0
fixed-00000037,420.0,4.0,17,0.0,0.0
fixed-00000037,420.0,4.0,18,0.0,0.0
fixed-00000037,420.0,4.0,19,0.0,0.0
fixed-00000037,420.0,4.0,20,0.0,0.0
fixed-00000038,430.0,4.0,-20,0.00014638561021201342,12.96737328269542
fixed-00000038,430.0,4.0,-19,8.362161663222249e-05,12.669533796208484
fixed-00000038,430.0,4.0,-18,0.0001271274253987452,12.364642007157542
fixed-00000038,430.0,4.0,-17,0.0001336649530690455,12.052162591783855
fixed-00000038,430.0,4.0,-16,0.00010037344360238383,11.731489136876604
fixed-00000038,430.0,4.0,-15,0.0001696086094720877,11.401930182797159
fixed-00000038,430.0,4.0,-14,0.00019863224364854694,11.062691533065163
fixed-00000038,430.0,4.0,-13,0.00016028759397308448,10.712853532213543
fixed-00000038,430.0,4.0,-12,0.00024278487853098476,10.351341443751252
fixed-00000038,430.0,4.0,-11,0.0003909782695667253,9.976886180480477
fixed-00000038,430.0,4.0,-10,0.00028097902518211117,9.587971244288596
fixed-00000038,430.0,4.0,-9,0.0004108179845921126,9.182759450054348
fixed-00000038,430.0,4.0,-8,0.0009831787293127171,8.758989138846587
fixed-00000038,430.0,4.0,-7,0.0004827583498338745,8.313822749096218
fixed-00000038,430.0,4.0,-6,0.001078851520028862,7.843617934344664
fixed-00000038,430.0,4.0,-5,0.0027261160188752705,7.343566490730254
fixed-00000038,430.0,4.0,-4,0.0009913986752425029,6.8070937630128014
fixed-00000038,430.0,4.0,-3,0.0044866897172951585,6.224789929923276
fixed-00000038,430.0,4.0,-2,0.008308540262843549,5.582330930281415
fixed-00000038,430.0,4.0,-1,0.04274605148732436,4.855898436406804
fixed-00000038,430.0,4.0,0,0.077187781327211,4.000000000000043
fixed-00000038,430.0,4.0,1,0.13568343146809414,2.902269292269864
fixed-00000038,430.0,4.0,2,0.005999627512164921,0.9215465625908905
fixed-00000038,430.0,4.0,3,0.0,0.0
fixed-00000038,430.0,4.0,4,0.0,0.0
fixed-00000038,430.0,4.0,5,0.0,0.0
fixed-00000038,430.0,4.0,6,0.0,0.0
fixed-00000038,430.0,4.0,7,0.0,0.0
fixed-00000038,430.0,4.0,8,0.0,0.0
fixed-00000038,430.0,4.0,9,0.0,0.0
fixed-00000038,430.0,4.0,10,0.0,0.0
fixed-00000038,430.0,4.0,11,0.0,0.0
fixed-00000038,430.0,4.0,12,0.0,0.0
fixed-00000038,430.0,4.0,13,0.0,0.0
fixed-00000038,430.0,4.0,14,0.0,0.0
fixed-00000038,430.0,4.0,15,0.0,0.0
fixed-00000038,430.0,4.0,16,0.0,0.0
fixed-00000038,430.0,4.0,17,0.0,0.0
fixed-00000038,430.0,4.0,18,0.0,0.0
fixed-00000038,430.0,4.0,19,0.0,0.0
fixed-00000038,430.0,4.0,20,0.0,0.0
fixed-00000039,440.0,4.0,-20,0.00013246796348112265,12.832834315133255
fixed-00000039,440.0,4.0,-19,7.580287494591951e-05,12.538770978052682
fixed-00000039,440.0,4.0,-18,0.00011879321989372828,12.237759303340212
fixed-00000039,440.0,4.0,-17,0.00011953139245831161,11.929273211537804
fixed-00000039,440.0,4.0,-16,8.98587583458452e-05,11.612716944258509
fixed-00000039,440.0,4.0,-15,0.00016002115047105875,11.287411421865912
fixed-00000039,440.0,4.0,-14,0.0001775016615794378,10.952576962541741
fixed-00000039,440.0,4.0,-13,0.00014333313610985566,10.607311101353602
fixed-00000039,440.0,4.0,-12,0.0002300383414409004,10.250559696102783
fixed-00000039,440.0,4.0,-11,0.00035245361775884876,9.88107865604465
fixed-00000039,440.0,4.0,-10,0.000251393600355013,9.49738228221355
fixed-00000039,440.0,4.0,-9,0.00038764881578104985,9.09767200731369
fixed-00000039,440.0,4.0,-8,0.0009068002314720071,8.679735599183942
fixed-00000039,440.0,4.0,-7,0.0004283811989339392,8.240800326776181
fixed-00000039,440.0,4.0,-6,0.0010198182538352731,7.777311442431525
fixed-00000039,440.0,4.0,-5,0.0025936247559177417,7.284583534666609
fixed-00000039,440.0,4.0,-4,0.0008199825253924617,6.756222279782023
fixed-00000039,440.0,4.0,-3,0.004343228644974087,6.183099336276953
fixed-00000039,440.0,4.0,-2,0.00781351153482394,5.551368162118536
fixed-00000039,440.0,4.0,-1,0.03690031666290668,4.838124655002829
fixed-00000039,440.0,4.0,0,0.08757172920495666,4.000000000000043
fixed-00000039,440.0,4.0,1,0.12802358143006987,2.931780248048341
fixed-00000039,440.0,4.0,2,0.0075964358136254235,1.0924531720081205
fixed-00000039,440.0,4.0,3,0.0,0.0
fixed-00000039,440.0,4.0,4,0.0,0.0
fixed-00000039,440.0,4.0,5,0.0,0.0
fixed-00000039,440.0,4.0,6,0.0,0.0
fixed-00000039,440.0,4.0,7,0.0,0.0
fixed-00000039,440.0,4.0,8,0.0,0.0
fixed-00000039,440.0,4.0,9,0.0,0.0
fixed-00000039,440.0,4.0,10,0.0,0.0
fixed-00000039,440.0,4.0,11,0.0,0.0
fixed-00000039,440.0,4.0,12,0.0,0.0
fixed-00000039,440.0,4.0,13,0.0,0.0
fixed-00000039,440.0,4.0,14,0.0,0.0
fixed-00000039,440.0,4.0,15,0.0,0.0
fixed-00000039,440.0,4.0,16,0.0,0.0
fixed-00000039,440.0,4.0,17,0.0,0.0
fixed-00000039,440.0,4.0,18,0.0,0.0
fixed-00000039,440.0,4.0,19,0.0,0.0
fixed-00000039,440.0,4.0,20,0.0,0.0
fixed-00000040,450.0,4.0,-20,0.00011859660888376665,12.702966158118315
fixed-00000040,450.0,4.0,-19,6.85750454306297e-05,12.412553656294293
fixed-00000040,450.0,4.0,-18,0.00011033042629657162,12.115293466158121
fixed-00000040,450.0,4.0,-17,0.00010555952605600629,11.81066845284316
fixed-00000040,450.0,4.0,-16,8.023257195850497e-05,11.498093166079101
fixed-00000040,450.0,4.0,-15,0.0001501899833308388,11.17690050161626
fixed-00000040,450.0,4.0,-14,0.00015670613472339265,10.846324815409005
fixed-00000040,450.0,4.0,-13,0.0001275173842986595,10.505480264653997
fixed-00000040,450.0,4.0,-12,0.00021716777870657878,10.153332615240856
fixed-00000040,450.0,4.0,-11,0.00031425351003818157,9.788661932177646
fixed-00000040,450.0,4.0,-10,0.00022298079822520055,9.41001226788633
fixed-00000040,450.0,4.0,-9,0.0003651774411258072,9.015622340555637
fixed-00000040,450.0,4.0,-8,0.0008285773449754439,8.60332760953709
fixed-00000040,450.0,4.0,-7,0.0003757032555865124,8.170417848002046
fixed-00000040,450.0,4.0,-6,0.000962497693055863,7.713422675659928
fixed-00000040,450.0,4.0,-5,0.0024504177532556235,7.227774780095174
fixed-00000040,450.0,4.0,-4,0.000665258538476874,6.707252950125579
fixed-00000040,450.0,4.0,-3,0.0041969050446233405,6.142998339829504
fixed-00000040,450.0,4.0,-2,0.007332795953513924,5.521619808342521
fixed-00000040,450.0,4.0,-1,0.03135891329016712,4.821079743384956
fixed-00000040,450.0,4.0,0,0.09806589528538952,4.000000000000043
fixed-00000040,450.0,4.0,1,0.12011349980955177,2.9597049311129666
fixed-00000040,450.0,4.0,2,0.009189884015436267,1.2338425267338948
fixed-00000040,450.0,4.0,3,0.0,0.0
fixed-00000040,450.0,4.0,4,0.0,0.0
fixed-00000040,450.0,4.0,5,0.0,0.0
fixed-00000040,450.0,4.0,6,0.0,0.0
fixed-00000040,450.0,4.0,7,0.0,0.0
fixed-00000040,450.0,4.0,8,0.0,0.0
fixed-00000040,450.0,4.0,9,0.0,0.0
fixed-00000040,450.0,4.0,10,0.0,0.0
fixed-00000040,450.0,4.0,11,0.0,0.0
fixed-00000040,450.0,4.0,12,0.0,0.0
fixed-00000040,450.0,4.0,13,0.0,0.0
fixed-00000040,450.0,4.0,14,0.0,0.0
fixed-00000040,450.0,4.0,15,0.0,0.0
fixed-00000040,450.0,4.0,16,0.0,0.0
fixed-00000040,450.0,4.0,17,0.0,0.0
fixed-00000040,450.0,4.0,18,0.0,0.0
fixed-00000040,450.0,4.0,19,0.0,0.0
fixed-00000040,450.0,4.0,20,0.0,0.0
fixed-00000041,460.0,4.0,-20,0.0001050663334857703,12.577510579407715
fixed-00000041,460.0,4.0,-19,6.18463475097098e-05,12.290630459977635
fixed-00000041,460.0,4.0,-18,0.00010162314429649584,11.997000160210277
fixed-00000041,460.0,4.0,-17,9.186976929648425e-05,11.696111205778067
fixed-00000041,460.0,4.0,-16,7.137987819265728e-05,11.387388125912437
fixed-00000041,460.0,4.0,-15,0.00013978582954702929,11.070175408225822
fixed-00000041,460.0,4.0,-14,0.0001362256739966051,10.743720994389975
fixed-00000041,460.0,4.0,-13,0.00011270344565625247,10.407155124901223
fixed-00000041,460.0,4.0,-12,0.00020333534182154735,10.059462823221452
fixed-00000041,460.0,4.0,-11,0.00027609818954098595,9.699447513130764
fixed-00000041,460.0,4.0,-10,0.00019544957016308278,9.325682005200974
fixed-00000041,460.0,4.0,-9,0.0003415157294163062,8.93644104020727
fixed-00000041,460.0,4.0,-8,0.0007472685936357553,8.529606124486918
fixed-00000041,460.0,4.0,-7,0.00032359160568678607,8.102527331430608
fixed-00000041,460.0,4.0,-6,0.0009029512922825125,7.651815588106331
fixed-00000041,460.0,4.0,-5,0.002289740489879429,7.1730172404364225
fixed-00000041,460.0,4.0,-4,0.0005239165310571231,6.660077368214232
fixed-00000041,460.0,4.0,-3,0.004034010872421253,6.104395321148445
fixed-00000041,460.0,4.0,-2,0.0068422367820437395,5.493014580257693
fixed-00000041,460.0,4.0,-1,0.026110348769264453,4.804719468232179
fixed-00000041,460.0,4.0,0,0.10836096536182553,4.000000000000043
fixed-00000041,460.0,4.0,1,0.11174423341141936,2.986171373421186
fixed-00000041,460.0,4.0,2,0.010788923234833304,1.3553543387345144
fixed-00000041,460.0,4.0,3,0.0,0.0
fixed-00000041,460.0,4.0,4,0.0,0.0
fixed-00000041,460.0,4.0,5,0.0,0.0
fixed-00000041,460.0,4.0,6,0.0,0.0
fixed-00000041,460.0,4.0,7,0.0,0.0
fixed-00000041,460.0,4.0,8,0.0,0.0
fixed-00000041,460.0,4.0,9,0.0,0.0
fixed-00000041,460.0,4.0,10,0.0,0.0
fixed-00000041,460.0,4.0,11,0.0,0.0
fixed-00000041,460.0,4.0,12,0.0,0.0
fixed-00000041,460.0,4.0,13,0.0,0.0
fixed-00000041,460.0,4.0,14,0.0,0.0
fixed-00000041,460.0,4.0,15,0.0,0.0
fixed-00000041,460.0,4.0,16,0.0,0.0
fixed-00000041,460.0,4.0,17,0.0,0.0
fixed-00000041,460.0,4.0,18,0.0,0.0
fixed-00000041,460.0,4.0,19,0.0,0.0
fixed-00000041,460.0,4.0,20,0.0,0.0
fixed-00000042,470.0,4.0,-20,9.36726516436842e-05,12.456228814270318
fixed-00000042,470.0,4.0,-19,5.669359163396568e-05,12.172768968466443
fixed-00000042,470.0,4.0,-18,9.41207987248004e-05,11.882653470494859
fixed-00000042,470.0,4.0,-17,7.996495941497244e-05,11.585382237029776
fixed-00000042,470.0,4.0,-16,6.448770175271877e-05,11.28038946496281
fixed-00000042,470.0,4.0,-15,0.0001307707210681019,10.967030869800126
fixed-00000042,470.0,4.0,-14,0.00011814404954116055,10.644567549905517
fixed-00000042,470.0,4.0,-13,0.00010076500360025738,10.31214531767661
fixed-00000042,470.0,4.0,-12,0.00019128872881584385,9.968767836736134
fixed-00000042,470.0,4.0,-11,0.00024175271767670647,9.613261133217293
fixed-00000042,470.0,4.0,-10,0.00017214508931179511,9.244225833195756
fixed-00000042,470.0,4.0,-9,0.0003205418488457601,8.85997150158471
fixed-00000042,470.0,4.0,-8,0.0006717388473379093,8.458424131399937
fixed-00000042,470.0,4.0,-7,0.0002774100147297748,8.036992005791461
fixed-00000042,470.0,4.0,-6,0.0008486343176335415,7.592364458324127
fixed-00000042,470.0,4.0,-5,0.0021340546280098037,7.12019728699272
fixed-00000042,470.0,4.0,-4,0.000402044406325904,6.614595409808928
fixed-00000042,470.0,4.0,-3,0.0038826198840320094,6.067205706207318
fixed-00000042,470.0,4.0,-2,0.006384325857914224,5.465486736837221
fixed-00000042,470.0,4.0,-1,0.021343170856485783,4.789003125134016
fixed-00000042,470.0,4.0,0,0.11875398424756684,4.000000000000043
fixed-00000042,470.0,4.0,1,0.10340990697605111,3.011293809692063
fixed-00000042,470.0,4.0,2,0.012420566990595548,1.462265398478209
fixed-00000042,470.0,4.0,3,0.0,0.0
fixed-00000042,470.0,4.0,4,0.0,0.0
fixed-00000042,470.0,4.0,5,0.0,0.0
fixed-00000042,470.0,4.0,6,0.0,0.0
fixed-00000042,470.0,4.0,7,0.0,0.0
fixed-00000042,470.0,4.0,8,0.0,0.0
fixed-00000042,470.0,4.0,9,0.0,0.0
fixed-00000042,470.0,4.0,10,0.0,0.0
fixed-00000042,470.0,4.0,11,0.0,0.0
fixed-00000042,470.0,4.0,12,0.0,0.0
fixed-00000042,470.0,4.0,13,0.0,0.0
fixed-00000042,470.0,4.0,14,0.0,0.0
fixed-00000042,470.0,4.0,15,0.0,0.0
fixed-00000042,470.0,4.0,16,0.0,0.0
fixed-00000042,470.0,4.0,17,0.0,0.0
fixed-00000042,470.0,4.0,18,0.0,0.0
fixed-00000042,470.0,4.0,19,0.0,0.0
fixed-00000042,470.0,4.0,20,0.0,0.0
fixed-00000043,480.0,4.0,-20,8.31297374684965e-05,12.338899720932332
fixed-00000043,480.0,4.0,-19,5.2642026364148435e-05,12.058753916039905
fixed-00000043,480.0,4.0,-18,8.711441738424421e-05,11.772044157333369
fixed-00000043,480.0,4.0,-17,6.891724665119307e-05,11.478278496429667
fixed-00000043,480.0,4.0,-16,5.912414862040393e-05,11.176900501616302
fixed-00000043,480.0,4.0,-15,0.00012235557381442945,10.867276770488644
fixed-00000043,480.0,4.0,-14,0.00010137222414187257,10.548681150469449
fixed-00000043,480.0,4.0,-13,9.105860741095051e-05,10.220274539944285
fixed-00000043,480.0,4.0,-12,0.0001803890864078206,9.881078656044693
fixed-00000043,480.0,4.0,-11,0.0002096562271703329,9.529941408533489
fixed-00000043,480.0,4.0,-10,0.00015199066188482493,9.165490343367907
fixed-00000043,480.0,4.0,-9,0.00030258825492519387,8.786068711064956
fixed-00000043,480.0,4.0,-8,0.0005991593904820645,8.389645509317262
fixed-00000043,480.0,4.0,-7,0.00023572393534381655,7.973685246153153
fixed-00000043,480.0,4.0,-6,0.0008016700767265876,7.534952908764538
fixed-00000043,480.0,4.0,-5,0.0019788292741865243,7.069209758944453
fixed-00000043,480.0,4.0,-4,0.00029923901192732867,6.570714442852491
fixed-00000043,480.0,4.0,-3,0.0037472427438497518,6.03135129215535
fixed-00000043,480.0,4.0,-2,0.005965989373100201,5.438975549640787
fixed-00000043,480.0,4.0,-1,0.017050783512270812,4.773893191801832
fixed-00000043,480.0,4.0,0,0.1290493782096976,4.000000000000128
fixed-00000043,480.0,4.0,1,0.09513998837709856,3.035174537183508
fixed-00000043,480.0,4.0,2,0.014123671015564663,1.5578535504268984
fixed-00000043,480.0,4.0,3,0.0,0.0
fixed-00000043,480.0,4.0,4,0.0,0.0
fixed-00000043,480.0,4.0,5,0.0,0.0
fixed-00000043,480.0,4.0,6,0.0,0.0
fixed-00000043,480.0,4.0,7,0.0,0.0
fixed-00000043,480.0,4.0,8,0.0,0.0
fixed-00000043,480.0,4.0,9,0.0,0.0
fixed-00000043,480.0,4.0,10,0.0,0.0
fixed-00000043,480.0,4.0,11,0.0,0.0
fixed-00000043,480.0,4.0,12,0.0,0.0
fixed-00000043,480.0,4.0,13,0.0,0.0
fixed-00000043,480.0,4.0,14,0.0,0.0
fixed-00000043,480.0,4.0,15,0.0,0.0
fixed-00000043,480.0,4.0,16,0.0,0.0
fixed-00000043,480.0,4.0,17,0.0,0.0
fixed-00000043,480.0,4.0,18,0.0,0.0
fixed-00000043,480.0,4.0,19,0.0,0.0
fixed-00000043,480.0,4.0,20,0.0,0.0
fixed-00000044,490.0,4.0,-20,7.133527395858635e-05,12.225318145104808
fixed-00000044,490.0,4.0,-19,4.793678292623057e-05,11.948385599975978
fixed-00000044,490.0,4.0,-18,7.836592321497285e-05,11.66497810905598
fixed-00000044,490.0,4.0,-17,5.700316984858936e-05,11.374611615381397
fixed-00000044,490.0,4.0,-16,5.3401616901302996e-05,11.076738776861475
fixed-00000044,490.0,4.0,-15,0.00011125296979722711,10.770736744273435
fixed-00000044,490.0,4.0,-14,8.335304470305269e-05,10.455891726370012
fixed-00000044,490.0,4.0,-13,8.081042427041148e-05,10.131379245325505
fixed-00000044,490.0,4.0,-12,0.00016549133670335734,9.796238513755625
fixed-00000044,490.0,4.0,-11,0.0001748679021763356,9.449338641416006
fixed-00000044,490.0,4.0,-10,0.00013036214432323112,9.089333242301052
fixed-00000044,490.0,4.0,-9,0.0002794869301062333,8.714598169784495
fixed-00000044,490.0,4.0,-8,0.0005168026458791525,8.323144017155428
fixed-00000044,490.0,4.0,-7,0.00019104665911705724,7.9124896307686186
fixed-00000044,490.0,4.0,-6,0.0007465769646355822,7.479473036402908
fixed-00000044,490.0,4.0,-5,0.001784509137270775,7.019957174357458
fixed-00000044,490.0,4.0,-4,0.00020601806511726055,6.528348627774008
fixed-00000044,490.0,4.0,-3,0.0035687150318990616,5.996759649897882
fixed-00000044,490.0,4.0,-2,0.005492142676490603,5.413424829013778
fixed-00000044,490.0,4.0,-1,0.013072150025708069,4.7593550215627545
fixed-00000044,490.0,4.0,0,0.13781635323394092,4.000000000000128
fixed-00000044,490.0,4.0,1,0.08612490912063965,3.057905474932099
fixed-00000044,490.0,4.0,2,0.015793344284999202,1.6443284594506906
fixed-00000044,490.0,4.0,3,0.0,0.0
fixed-00000044,490.0,4.0,4,0.0,0.0
fixed-00000044,490.0,4.0,5,0.0,0.0
fixed-00000044,490.0,4.0,6,0.0,0.0
fixed-00000044,490.0,4.0,7,0.0,0.0
fixed-00000044,490.0,4.0,8,0.0,0.0
fixed-00000044,490.0,4.0,9,0.0,0.0
fixed-00000044,490.0,4.0,10,0.0,0.0
fixed-00000044,490.0,4.0,11,0.0,0.0
fixed-00000044,490.0,4.0,12,0.0,0.0
fixed-00000044,490.0,4.0,13,0.0,0.0
fixed-00000044,490.0,4.0,14,0.0,0.0
fixed-00000044,490.0,4.0,15,0.0,0.0
fixed-00000044,490.0,4.0,16,0.0,0.0
fixed-00000044,490.0,4.0,17,0.0,0.0
fixed-00000044,490.0,4.0,18,0.0,0.0
fixed-00000044,490.0,4.0,19,0.0,0.0
fixed-00000044,490.0,4.0,20,0.0,0.0
fixed-00000045,500.0,4.0,-20,6.0919714568965153e-05,12.115293466158121
fixed-00000045,500.0,4.0,-19,4.37592415836779e-05,11.8414784654246
fixed-00000045,500.0,4.0,-18,6.974518792502247e-05,11.561274966505863
fixed-00000045,500.0,4.0,-17,4.6336234921740465e-05,11.274206572013128
fixed-00000045,500.0,4.0,-16,4.8500660701868134e-05,10.979734761202295
fixed-00000045,500.0,4.0,-15,9.986514226162443e-05,10.677246924869209
fixed-00000045,500.0,4.0,-14,6.688140337367928e-05,10.366041263914951
fixed-00000045,500.0,4.0,-13,7.19352200854465e-05,10.045307484204272
fixed-00000045,500.0,4.0,-12,0.00014951667321025087,9.714101762495858
fixed-00000045,500.0,4.0,-11,0.00014214527515238207,9.371313757611418
fixed-00000045,500.0,4.0,-10,0.00011092418473379477,9.01562234055568
fixed-00000045,500.0,4.0,-9,0.00025397223444187486,8.645434936834732
fixed-00000045,500.0,4.0,-8,0.0004354422025295282,8.258802394264194
fixed-00000045,500.0,4.0,-7,0.0001495241547935928,7.85329610268785
fixed-00000045,500.0,4.0,-6,0.0006867575655230802,7.425824639985038
fixed-00000045,500.0,4.0,-5,0.0015763924006345523,6.972349028947647
fixed-00000045,500.0,4.0,-4,0.000127469416443958,6.487418295723927
fixed-00000045,500.0,4.0,-3,0.003364218848474391,5.96336359338612
fixed-00000045,500.0,4.0,-2,0.004988979629211464,5.388782503478367
fixed-00000045,500.0,4.0,-1,0.009581782460925756,4.745356571759629
fixed-00000045,500.0,4.0,0,0.14530193332105276,4.000000000000128
fixed-00000045,500.0,4.0,1,0.0768362701658055,3.07956947893598
fixed-00000045,500.0,4.0,2,0.017373265840534207,1.7232677700620371
fixed-00000045,500.0,4.0,3,0.0,0.0
fixed-00000045,500.0,4.0,4,0.0,0.0
fixed-00000045,500.0,4.0,5,0.0,0.0
fixed-00000045,500.0,4.0,6,0.0,0.0
fixed-00000045,500.0,4.0,7,0.0,0.0
fixed-00000045,500.0,4.0,8,0.0,0.0
fixed-00000045,500.0,4.0,9,0.0,0.0
fixed-00000045,500.0,4.0,10,0.0,0.0
fixed-00000045,500.0,4.0,11,0.0,0.0
fixed-00000045,500.0,4.0,12,0.0,0.0
fixed-00000045,500.0,4.0,13,0.0,0.0
fixed-00000045,500.0,4.0,14,0.0,0.0
fixed-00000045,500.0,4.0,15,0.0,0.0
fixed-00000045,500.0,4.0,16,0.0,0.0
fixed-00000045,500.0,4.0,17,0.0,0.0
fixed-00000045,500.0,4.0,18,0.0,0.0
fixed-00000045,500.0,4.0,19,0.0,0.0
fixed-00000045,500.0,4.0,20,0.0,0.0
fixed-00000046,510.0,4.0,-20,5.1302530360436217e-05,12.00864830157974
fixed-00000046,510.0,4.0,-19,3.9576956518401474e-05,11.73785984433411
fixed-00000046,510.0,4.0,-18,6.083310104604723e-05,11.46076689726786
fixed-00000046,510.0,4.0,-17,3.6612262859198656e-05,11.17690050161626
fixed-00000046,510.0,4.0,-16,4.385141910641346e-05,10.885730702301743
fixed-00000046,510.0,4.0,-15,8.76192627724065e-05,10.586654831666607
fixed-00000046,510.0,4.0,-14,5.16814428699944e-05,10.278982730887435
fixed-00000046,510.0,4.0,-13,6.367347372341272e-05,9.961917870049362
fixed-00000046,510.0,4.0,-12,0.0001316468576496595,9.63453288362129
fixed-00000046,510.0,4.0,-11,0.00011115060630376989,9.295737359102532
fixed-00000046,510.0,4.0,-10,9.279017320453062e-05,8.944234651595096
fixed-00000046,510.0,4.0,-9,0.00022477613389456893,8.578462776597007
fixed-00000046,510.0,4.0,-8,0.00035440259204157557,8.19651155890179
fixed-00000046,510.0,4.0,-7,0.00011087501975234045,7.796003222671089
fixed-00000046,510.0,4.0,-6,0.0006196657052383611,7.373914531470007
fixed-00000046,510.0,4.0,-5,0.0013515432471758767,6.926301171313213
fixed-00000046,510.0,4.0,-4,6.497925843427377e-05,6.447849394706807
fixed-00000046,510.0,4.0,-3,0.003121977806351656,5.931100707011325
fixed-00000046,510.0,4.0,-2,0.004441076714154098,5.3650002454304655
fixed-00000046,510.0,4.0,-1,0.006612403223606063,4.731868162490429
fixed-00000046,510.0,4.0,0,0.15077864827205023,3.999999999999943
fixed-00000046,510.0,4.0,1,0.06724678781017344,3.100241457700733
fixed-00000046,510.0,4.0,2,0.018768548003919392,1.7958468702815367
fixed-00000046,510.0,4.0,3,0.0,0.0
fixed-00000046,510.0,4.0,4,0.0,0.0
fixed-00000046,510.0,4.0,5,0.0,0.0
fixed-00000046,510.0,4.0,6,0.0,0.0
fixed-00000046,510.0,4.0,7,0.0,0.0
fixed-00000046,510.0,4.0,8,0.0,0.0
fixed-00000046,510.0,4.0,9,0.0,0.0
fixed-00000046,510.0,4.0,10,0.0,0.0
fixed-00000046,510.0,4.0,11,0.0,0.0
fixed-00000046,510.0,4.0,12,0.0,0.0
fixed-00000046,510.0,4.0,13,0.0,0.0
fixed-00000046,510.0,4.0,14,0.0,0.0
fixed-00000046,510.0,4.0,15,0.0,0.0
fixed-00000046,510.0,4.0,16,0.0,0.0
fixed-00000046,510.0,4.0,17,0.0,0.0
fixed-00000046,510.0,4.0,18,0.0,0.0
fixed-00000046,510.0,4.0,19,0.0,0.0
fixed-00000046,510.0,4.0,20,0.0,0.0
fixed-00000047,520.0,4.0,-20,4.593143458324532e-05,11.905217349750558
fixed-00000047,520.0,4.0,-19,3.69208654020418e-05,11.637368829002952
fixed-00000047,520.0,4.0,-18,5.4578951841701464e-05,11.363297500741439
fixed-00000047,520.0,4.0,-17,3.022050752650697e-05,11.08254163405276
fixed-00000047,520.0,4.0,-16,4.072041999983085e-05,10.794579595613783
fixed-00000047,520.0,4.0,-15,7.853458194857718e-05,10.498818374569126
fixed-00000047,520.0,4.0,-14,4.090300450670486e-05,10.194579116674106
fixed-00000047,520.0,4.0,-13,5.7944569911349354e-05,9.881078656044693
fixed-00000047,520.0,4.0,-12,0.00011704530035652466,9.557405601711935
fixed-00000047,520.0,4.0,-11,8.769205154566422e-05,9.222488878015653
fixed-00000047,520.0,4.0,-10,7.955208897173543e-05,8.875055586881174
fixed-00000047,520.0,4.0,-9,0.0001968378881447946,8.513573397092799
fixed-00000047,520.0,4.0,-8,0.00028958209046794724,8.136169892284855
fixed-00000047,520.0,4.0,-7,8.113445629356126e-05,7.740516501892586
fixed-00000047,520.0,4.0,-6,0.0005505504527786869,7.32365592105198
fixed-00000047,520.0,4.0,-5,0.0011595135688739558,6.881735244987794
fixed-00000047,520.0,4.0,-4,2.3386483807706506e-05,6.409572995038118
fixed-00000047,520.0,4.0,-3,0.002879267797572919,5.899912923755764
fixed-00000047,520.0,4.0,-2,0.0039257341393922575,5.342033137263584
fixed-00000047,520.0,4.0,-1,0.004285515586209798,4.718862261789724
fixed-00000047,520.0,4.0,0,0.1560080621171758,3.999999999999943
fixed-00000047,520.0,4.0,1,0.058161935151652924,3.1199893233792295
fixed-00000047,520.0,4.0,2,0.019896679975705923,1.8629706538812485
fixed-00000047,520.0,4.0,3,0.0,0.0
fixed-00000047,520.0,4.0,4,0.0,0.0
fixed-00000047,520.0,4.0,5,0.0,0.0
fixed-00000047,520.0,4.0,6,0.0,0.0
fixed-00000047,520.0,4.0,7,0.0,0.0
fixed-00000047,520.0,4.0,8,0.0,0.0
fixed-00000047,520.0,4.0,9,0.0,0.0
fixed-00000047,520.0,4.0,10,0.0,0.0
fixed-00000047,520.0,4.0,11,0.0,0.0
fixed-00000047,520.0,4.0,12,0.0,0.0
fixed-00000047,520.0,4.0,13,0.0,0.0
fixed-00000047,520.0,4.0,14,0.0,0.0
fixed-00000047,520.0,4.0,15,0.0,0.0
fixed-00000047,520.0,4.0,16,0.0,0.0
fixed-00000047,520.0,4.0,17,0.0,0.0
fixed-00000047,520.0,4.0,18,0.0,0.0
fixed-00000047,520.0,4.0,19,0.0,0.0
fixed-00000047,520.0,4.0,20,0.0,0.0
fixed-00000048,530.0,4.0,-20,4.9061070267786906e-05,11.804846353924574
fixed-00000048,530.0,4.0,-19,4.155304704991091e-05,11.539855263600288
fixed-00000048,530.0,4.0,-18,5.609791213347726e-05,11.268720827871178
fixed-00000048,530.0,4.0,-17,2.9985299651564312e-05,10.990988342425112
fixed-00000048,530.0,4.0,-16,4.551409060336616e-05,10.706144262791852
fixed-00000048,530.0,4.0,-15,8.07345654579482e-05,10.413604963019466
fixed-00000048,530.0,4.0,-14,3.828744645045858e-05,10.112702572883805
fixed-00000048,530.0,4.0,-13,6.378631744552949e-05,9.802666908387508
fixed-00000048,530.0,4.0,-12,0.00011990877838434892,9.48260209177191
fixed-00000048,530.0,4.0,-11,7.931483233844442e-05,9.151455819110154
fixed-00000048,530.0,4.0,-10,8.414217188574847e-05,8.80797823524668
fixed-00000048,530.0,4.0,-9,0.0001971540764406342,8.450665768094211
fixed-00000048,530.0,4.0,-8,0.0002631404247806618,8.077682597631096
fixed-00000048,530.0,4.0,-7,7.446117597086385e-05,7.686747804566139
fixed-00000048,530.0,4.0,-6,0.0005374078518711818,7.2749678666584
fixed-00000048,530.0,4.0,-5,0.0010871203213966062,6.838578189041442
fixed-00000048,530.0,4.0,-4,6.885656406405409e-06,6.37252484677397
fixed-00000048,530.0,4.0,-3,0.0028606865886152306,5.869746147798878
fixed-00000048,530.0,4.0,-2,0.0037585479018890145,5.319839372881049
fixed-00000048,530.0,4.0,-1,0.0027384297553623895,4.706313293920829
fixed-00000048,530.0,4.0,0,0.16765983415778646,4.000000000000043
fixed-00000048,530.0,4.0,1,0.05199536086652838,3.138874806668909
fixed-00000048,530.0,4.0,2,0.021753546266988968,1.9253541332400914
fixed-00000048,530.0,4.0,3,0.0,0.0
fixed-00000048,530.0,4.0,4,0.0,0.0
fixed-00000048,530.0,4.0,5,0.0,0.0
fixed-00000048,530.0,4.0,6,0.0,0.0
fixed-00000048,530.0,4.0,7,0.0,0.0
fixed-00000048,530.0,4.0,8,0.0,0.0
fixed-00000048,530.0,4.0,9,0.0,0.0
fixed-00000048,530.0,4.0,10,0.0,0.0
fixed-00000048,530.0,4.0,11,0.0,0.0
fixed-00000048,530.0,4.0,12,0.0,0.0
fixed-00000048,530.0,4.0,13,0.0,0.0
fixed-00000048,530.0,4.0,14,0.0,0.0
fixed-00000048,530.0,4.0,15,0.0,0.0
fixed-00000048,530.0,4.0,16,0.0,0.0
fixed-00000048,530.0,4.0,17,0.0,0.0
fixed-00000048,530.0,4.0,18,0.0,0.0
fixed-00000048,530.0,4.0,19,0.0,0.0
fixed-00000048,530.0,4.0,20,0.0,0.0
fixed-00000049,540.0,4.0,-20,4.810581772979313e-05,11.707391172695964
fixed-00000049,540.0,4.0,-19,4.44725288426656e-05,11.445178839332968
fixed-00000049,540.0,4.0,-18,5.373233444489645e-05,11.176900501616302
fixed-00000049,540.0,4.0,-17,2.75882614821321e-05,10.902108289504397
fixed-00000049,540.0,4.0,-16,4.9427263049800244e-05,10.620296524793474
fixed-00000049,540.0,4.0,-15,7.753733436961479e-05,10.33089070657202
fixed-00000049,540.0,4.0,-14,3.308790658073729e-05,10.033233642263525
fixed-00000049,540.0,4.0,-13,6.870698215579506e-05,9.726567764525285
fixed-00000049,540.0,4.0,-12,0.00011591858711806065,9.410012267886245
fixed-00000049,540.0,4.0,-11,6.61712495727705e-05,9.08253308010309
fixed-00000049,540.0,4.0,-10,8.737063616577273e-05,8.742902716320742
fixed-00000049,540.0,4.0,-9,0.00019203875608346386,8.389645509317262
fixed-00000049,540.0,4.0,-8,0.0002208384338217867,8.020961125094075
fixed-00000049,540.0,4.0,-7,6.643267202351847e-05,7.634614812005779
fixed-00000049,540.0,4.0,-6,0.000521379447568504,7.227774780095174
fixed-00000049,540.0,4.0,-5,0.000950986488612465,6.796761790119547
fixed-00000049,540.0,4.0,-4,9.616248269472815e-09,6.336644982795491
fixed-00000049,540.0,4.0,-3,0.0027915462629721083,5.840549916165088
fixed-00000049,540.0,4.0,-2,0.0034878535919737057,5.298379990270192
fixed-00000049,540.0,4.0,-1,0.0016035581963812918,4.694197467919281
fixed-00000049,540.0,4.0,0,0.17515301072618084,4.000000000000043
fixed-00000049,540.0,4.0,1,0.04507392591849813,3.1569541581493326
fixed-00000049,540.0,4.0,2,0.023575089576168735,1.9835743440105915
fixed-00000049,540.0,4.0,3,0.0,0.0
fixed-00000049,540.0,4.0,4,0.0,0.0
fixed-00000049,540.0,4.0,5,0.0,0.0
fixed-00000049,540.0,4.0,6,0.0,0.0
fixed-00000049,540.0,4.0,7,0.0,0.0
fixed-00000049,540.0,4.0,8,0.0,0.0
fixed-00000049,540.0,4.0,9,0.0,0.0
fixed-00000049,540.0,4.0,10,0.0,0.0
fixed-00000049,540.0,4.0,11,0.0,0.0
fixed-00000049,540.0,4.0,12,0.0,0.0
fixed-00000049,540.0,4.0,13,0.0,0.0
fixed-00000049,540.0,4.0,14,0.0,0.0
fixed-00000049,540.0,4.0,15,0.0,0.0
fixed-00000049,540.0,4.0,16,0.0,0.0
fixed-00000049,540.0,4.0,17,0.0,0.0
fixed-00000049,540.0,4.0,18,0.0,0.0
fixed-00000049,540.0,4.0,19,0.0,0.0
fixed-00000049,540.0,4.0,20,0.0,0.0
fixed-00000050,550.0,4.0,-20,4.78101864550348e-05,11.612716944258466
fixed-00000050,550.0,4.0,-19,4.659251873673685e-05,11.353208280905505
fixed-00000050,550.0,4.0,-18,5.094411011082489e-05,11.087708926153098
fixed-00000050,550.0,4.0,-17,2.593637473982113e-05,10.81577766026615
fixed-00000050,550.0,4.0,-16,5.249462159359378e-05,10.536916458396973
fixed-00000050,550.0,4.0,-15,7.32618257416736e-05,10.250559696102755
fixed-00000050,550.0,4.0,-14,2.885768763696302e-05,9.956060565391013
fixed-00000050,550.0,4.0,-13,7.271967998994598e-05,9.652673766211109
fixed-00000050,550.0,4.0,-12,0.0001092602619448123,9.339533143629737
fixed-00000050,550.0,4.0,-11,5.4353513779998946e-05,9.015622340555552
fixed-00000050,550.0,4.0,-10,8.997260571773618e-05,8.679735599183942
fixed-00000050,550.0,4.0,-9,0.00018051142768600676,8.33042434034833
fixed-00000050,550.0,4.0,-8,0.0001793216471488852,7.965922654739103
fixed-00000050,550.0,4.0,-7,5.9652512081528776e-05,7.58404054079962
fixed-00000050,550.0,4.0,-6,0.0004913077582159559,7.182005983087052
fixed-00000050,550.0,4.0,-5,0.0008023825533804041,6.756222279782023
fixed-00000050,550.0,4.0,-4,7.28639904997629e-06,6.30187736209605
fixed-00000050,550.0,4.0,-3,0.0026690748800853484,5.812277094742029
fixed-00000050,550.0,4.0,-2,0.003158932309933641,5.277618631405375
fixed-00000050,550.0,4.0,-1,0.0009710582771035553,4.682492623926009
fixed-00000050,550.0,4.0,0,0.18029476718206244,4.000000000000043
fixed-00000050,550.0,4.0,1,0.03799922215355612,3.174278754446547
fixed-00000050,550.0,4.0,2,0.02501413335667913,2.038105178627262
fixed-00000050,550.0,4.0,3,0.0,0.0
fixed-00000050,550.0,4.0,4,0.0,0.0
fixed-00000050,550.0,4.0,5,0.0,0.0
fixed-00000050,550.0,4.0,6,0.0,0.0
fixed-00000050,550.0,4.0,7,0.0,0.0
fixed-00000050,550.0,4.0,8,0.0,0.0
fixed-00000050,550.0,4.0,9,0.0,0.0
fixed-00000050,550.0,4.0,10,0.0,0.0
fixed-00000050,550.0,4.0,11,0.0,0.0
fixed-00000050,550.0,4.0,12,0.0,0.0
fixed-00000050,550.0,4.0,13,0.0,0.0
fixed-00000050,550.0,4.0,14,0.0,0.0
fixed-00000050,550.0,4.0,15,0.0,0.0
fixed-00000050,550.0,4.0,16,0.0,0.0
fixed-00000050,550.0,4.0,17,0.0,0.0
fixed-00000050,550.0,4.0,18,0.0,0.0
fixed-00000050,550.0,4.0,19,0.0,0.0
fixed-00000050,550.0,4.0,20,0.0,0.0
fixed-00000051,560.0,4.0,-20,5.046372102257445e-05,11.520697333479006
fixed-00000051,560.0,4.0,-19,5.1293280789766037e-05,11.26382061358683
fixed-00000051,560.0,4.0,-18,5.014446385040339e-05,11.001026574425026
fixed-00000051,560.0,4.0,-17,2.6901418623274356e-05,10.731880470457497
fixed-00000051,560.0,4.0,-16,5.880412602139303e-05,10.45589172636997
fixed-00000051,560.0,4.0,-15,7.179137599541348e-05,10.172503356222151
fixed-00000051,560.0,4.0,-14,2.804596138644232e-05,9.881078656044693
fixed-00000051,560.0,4.0,-13,8.183956192806285e-05,9.580884258625872
fixed-00000051,560.0,4.0,-12,0.00010702226732744098,9.27106825583462
fixed-00000051,560.0,4.0,-11,4.82084067815997e-05,8.950631511301339
fixed-00000051,560.0,4.0,-10,0.00010104116961260202,8.618389378622567
fixed-00000051,560.0,4.0,-9,0.00017720369181506532,8.27291958508114
fixed-00000051,560.0,4.0,-8,0.00014920753675296027,7.9124896307686186
fixed-00000051,560.0,4.0,-7,6.460833105228707e-05,7.5349529087644385
fixed-00000051,560.0,4.0,-6,0.0004793635090398867,7.137595307370333
fixed-00000051,560.0,4.0,-5,0.0006763993866390174,6.71689997183698
fixed-00000051,560.0,4.0,-4,2.8281221315453437e-05,6.268169548557026
fixed-00000051,560.0,4.0,-3,0.002605885383977143,5.784883604631474
fixed-00000051,560.0,4.0,-2,0.0029008594393761995,5.257521326257304
fixed-00000051,560.0,4.0,-1,0.0008971111297882921,4.671178095187116
fixed-00000051,560.0,4.0,0,0.18618047786112374,4.000000000000043
fixed-00000051,560.0,4.0,1,0.031763483238181144,3.1908956242289577
fixed-00000051,560.0,4.0,2,0.026678150923914627,2.089341578597498
fixed-00000051,560.0,4.0,3,0.0,0.0
fixed-00000051,560.0,4.0,4,0.0,0.0
fixed-00000051,560.0,4.0,5,0.0,0.0
fixed-00000051,560.0,4.0,6,0.0,0.0
fixed-00000051,560.0,4.0,7,0.0,0.0
fixed-00000051,560.0,4.0,8,0.0,0.0
fixed-00000051,560.0,4.0,9,0.0,0.0
fixed-00000051,560.0,4.0,10,0.0,0.0
fixed-00000051,560.0,4.0,11,0.0,0.0
fixed-00000051,560.0,4.0,12,0.0,0.0
fixed-00000051,560.0,4.0,13,0.0,0.0
fixed-00000051,560.0,4.0,14,0.0,0.0
fixed-00000051,560.0,4.0,15,0.0,0.0
fixed-00000051,560.0,4.0,16,0.0,0.0
fixed-00000051,560.0,4.0,17,0.0,0.0
fixed-00000051,560.0,4.0,18,0.0,0.0
fixed-00000051,560.0,4.0,19,0.0,0.0
fixed-00000051,560.0,4.0,20,0.0,0.0
fixed-00000052,570.0,4.0,-20,5.154329773599494e-05,11.43121385226128
fixed-00000052,570.0,4.0,-19,5.3725921336232674e-05,11.17690050161626
fixed-00000052,570.0,4.0,-18,4.755201137274291e-05,10.916741345033486
fixed-00000052,570.0,4.0,-17,2.756242328784354e-05,10.650307942455399
fixed-00000052,570.0,4.0,-16,6.293287785702839e-05,10.377116972823487
fixed-00000052,570.0,4.0,-15,6.747301947307094e-05,10.096619860707065
fixed-00000052,570.0,4.0,-14,2.738921377787291e-05,9.80818973735775
fixed-00000052,570.0,4.0,-13,8.835293430629583e-05,9.511104847972902
fixed-00000052,570.0,4.0,-12,0.00010000459309238503,9.204527144434849
fixed-00000052,570.0,4.0,-11,4.2547957996616834e-05,8.887474237458349
fixed-00000052,570.0,4.0,-10,0.00010961903609574085,8.558782002362335
fixed-00000052,570.0,4.0,-9,0.00016594727283775958,8.217053724399236
fixed-00000052,570.0,4.0,-8,0.0001180174912219954,7.860589341106007
fixed-00000052,570.0,4.0,-7,7.142859500510295e-05,7.487284343186758
fixed-00000052,570.0,4.0,-6,0.0004535322912875257,7.094480733772272
fixed-00000052,570.0,4.0,-5,0.0005304480114404944,6.678738935066164
fixed-00000052,570.0,4.0,-4,6.829898729011728e-05,6.2354724211239585
fixed-00000052,570.0,4.0,-3,0.0024774666126429865,5.758328175331485
fixed-00000052,570.0,4.0,-2,0.0025564259305063284,5.23805629811234
fixed-00000052,570.0,4.0,-1,0.001340433098674094,4.6602345838808645
fixed-00000052,570.0,4.0,0,0.18775298730753476,4.000000000000043
fixed-00000052,570.0,4.0,1,0.025463731105966798,3.2068479063504185
fixed-00000052,570.0,4.0,2,0.027797591563659456,2.13761682818793
fixed-00000052,570.0,4.0,3,0.0,0.0
fixed-00000052,570.0,4.0,4,0.0,0.0
fixed-00000052,570.0,4.0,5,0.0,0.0
fixed-00000052,570.0,4.0,6,0.0,0.0
fixed-00000052,570.0,4.0,7,0.0,0.0
fixed-00000052,570.0,4.0,8,0.0,0.0
fixed-00000052,570.0,4.0,9,0.0,0.0
fixed-00000052,570.0,4.0,10,0.0,0.0
fixed-00000052,570.0,4.0,11,0.0,0.0
fixed-00000052,570.0,4.0,12,0.0,0.0
fixed-00000052,570.0,4.0,13,0.0,0.0
fixed-00000052,570.0,4.0,14,0.0,0.0
fixed-00000052,570.0,4.0,15,0.0,0.0
fixed-00000052,570.0,4.0,16,0.0,0.0
fixed-00000052,570.0,4.0,17,0.0,0.0
fixed-00000052,570.0,4.0,18,0.0,0.0
fixed-00000052,570.0,4.0,19,0.0,0.0
fixed-00000052,570.0,4.0,20,0.0,0.0
fixed-00000053,580.0,4.0,-20,5.506263199520367e-05,11.344155244919335
fixed-00000053,580.0,4.0,-19,5.762509522084992e-05,11.09233964988806
fixed-00000053,580.0,4.0,-18,4.6628610013425876e-05,10.834747980635072
fixed-00000053,580.0,4.0,-17,3.036049260232371e-05,10.570957940814182
fixed-00000053,580.0,4.0,-16,6.880381451999964e-05,10.300493276388579
fixed-00000053,580.0,4.0,-15,6.54050126174878e-05,10.022813603833598
fixed-00000053,580.0,4.0,-14,2.965568186030368e-05,9.737301631890915
fixed-00000053,580.0,4.0,-13,9.774497274556913e-05,9.443246910942491
fixed-00000053,580.0,4.0,-12,9.607065449934322e-05,9.139824882054754
fixed-00000053,580.0,4.0,-11,4.19807616183477e-05,8.826069448973215
fixed-00000053,580.0,4.0,-10,0.00012343514005514757,8.500836443523596
fixed-00000053,580.0,4.0,-9,0.0001589880393055923,8.162753991654597
fixed-00000053,580.0,4.0,-8,9.794760809319878e-05,7.810153537213992
fixed-00000053,580.0,4.0,-7,8.711402937924081e-05,7.440971426572531
fixed-00000053,580.0,4.0,-6,0.0004358514022047413,7.052604065868977
fixed-00000053,580.0,4.0,-5,0.00040824237040451876,6.641686697338955
fixed-00000053,580.0,4.0,-4,0.0001249270459113598,6.203739911827654
fixed-00000053,580.0,4.0,-3,0.0023781107234410142,5.732572121705644
fixed-00000053,580.0,4.0,-2,0.002259009612124513,5.219193787774614
fixed-00000053,580.0,4.0,-1,0.0023081781704901347,4.649644049178292
fixed-00000053,580.0,4.0,0,0.18930893549929367,4.000000000000043
fixed-00000053,580.0,4.0,1,0.019948590170999998,3.2221752503056678
fixed-00000053,580.0,4.0,2,0.02883262983656726,2.1832152248066166
fixed-00000053,580.0,4.0,3,0.0,0.0
fixed-00000053,580.0,4.0,4,0.0,0.0
fixed-00000053,580.0,4.0,5,0.0,0.0
fixed-00000053,580.0,4.0,6,0.0,0.0
fixed-00000053,580.0,4.0,7,0.0,0.0
fixed-00000053,580.0,4.0,8,0.0,0.0
fixed-00000053,580.0,4.0,9,0.0,0.0
fixed-00000053,580.0,4.0,10,0.0,0.0
fixed-00000053,580.0,4.0,11,0.0,0.0
fixed-00000053,580.0,4.0,12,0.0,0.0
fixed-00000053,580.0,4.0,13,0.0,0.0
fixed-00000053,580.0,4.0,14,0.0,0.0
fixed-00000053,580.0,4.0,15,0.0,0.0
fixed-00000053,580.0,4.0,16,0.0,0.0
fixed-00000053,580.0,4.0,17,0.0,0.0
fixed-00000053,580.0,4.0,18,0.0,0.0
fixed-00000053,580.0,4.0,19,0.0,0.0
fixed-00000053,580.0,4.0,20,0.0,0.0
fixed-00000054,590.0,4.0,-20,6.002932655375764e-05,11.25941693133879
fixed-00000054,590.0,4.0,-19,6.225436935482605e-05,11.010036261886782
fixed-00000054,590.0,4.0,-18,4.6635420367786604e-05,10.75494754101544
fixed-00000054,590.0,4.0,-17,3.480313717215979e-05,10.493734460874393
fixed-00000054,590.0,4.0,-16,7.573955205961673e-05,10.225927654794972
fixed-00000054,590.0,4.0,-15,6.456799647366031e-05,9.950994721404186
fixed-00000054,590.0,4.0,-14,3.439866852506384e-05,9.668327699638112
fixed-00000054,590.0,4.0,-13,0.00010914903457445581,9.377227150287212
fixed-00000054,590.0,4.0,-12,9.380716059640506e-05,9.07688164781861
fixed-00000054,590.0,4.0,-11,4.5832430280048216e-05,8.76634095342068
fixed-00000054,590.0,4.0,-10,0.0001414506248105592,8.444480313277879
fixed-00000054,590.0,4.0,-9,0.00015463017474608216,8.109952006190454
fixed-00000054,590.0,4.0,-8,8.704526142765953e-05,7.761118089679513
fixed-00000054,590.0,4.0,-7,0.00011156627281306997,7.395954575739296
fixed-00000054,590.0,4.0,-6,0.00042419289488990675,7.011910634381167
fixed-00000054,590.0,4.0,-5,0.00030191019289630913,6.6056939776244405
fixed-00000054,590.0,4.0,-4,0.00020076949371055383,6.172928768550506
fixed-00000054,590.0,4.0,-3,0.0022944615090602196,5.707579142086004
fixed-00000054,590.0,4.0,-2,0.001981588399991362,5.200905894533889
fixed-00000054,590.0,4.0,-1,0.0037839527457925346,4.639389606148313
fixed-00000054,590.0,4.0,0,0.18996731881141607,4.000000000000043
fixed-00000054,590.0,4.0,1,0.015110834833710608,3.236914167432502
fixed-00000054,590.0,4.0,2,0.02967886235531285,2.226381561452442
fixed-00000054,590.0,4.0,3,0.0,0.0
fixed-00000054,590.0,4.0,4,0.0,0.0
fixed-00000054,590.0,4.0,5,0.0,0.0
fixed-00000054,590.0,4.0,6,0.0,0.0
fixed-00000054,590.0,4.0,7,0.0,0.0
fixed-00000054,590.0,4.0,8,0.0,0.0
fixed-00000054,590.0,4.0,9,0.0,0.0
fixed-00000054,590.0,4.0,10,0.0,0.0
fixed-00000054,590.0,4.0,11,0.0,0.0
fixed-00000054,590.0,4.0,12,0.0,0.0
fixed-00000054,590.0,4.0,13,0.0,0.0
fixed-00000054,590.0,4.0,14,0.0,0.0
fixed-00000054,590.0,4.0,15,0.0,0.0
fixed-00000054,590.0,4.0,16,0.0,0.0
fixed-00000054,590.0,4.0,17,0.0,0.0
fixed-00000054,590.0,4.0,18,0.0,0.0
fixed-00000054,590.0,4.0,19,0.0,0.0
fixed-00000054,590.0,4.0,20,0.0,0.0
fixed-00000055,600.0,4.0,-20,6.529140894745477e-05,11.176900501616302
fixed-00000055,600.0,4.0,-19,6.657509290065128e-05,10.929894547731365
fixed-00000055,600.0,4.0,-18,4.686530683030763e-05,10.677246924869209
fixed-00000055,600.0,4.0,-17,4.023140951214051e-05,10.418547164640088
fixed-00000055,600.0,4.0,-16,8.261757428842015e-05,10.153332615240856
fixed-00000055,600.0,4.0,-15,6.396425660087127e-05,9.881078656044693
fixed-00000055,600.0,4.0,-14,4.1058066824296075e-05,9.601186418732823
fixed-00000055,600.0,4.0,-13,0.00012099742947978506,9.312967191474854
fixed-00000055,600.0,4.0,-12,9.172078405944448e-05,9.015622340555609
fixed-00000055,600.0,4.0,-11,5.3515924897844556e-05,8.708217066446423
fixed-00000055,600.0,4.0,-10,0.0001615304267798511,8.389645509317319
fixed-00000055,600.0,4.0,-9,0.00015061051589052688,8.058583440755712
fixed-00000055,600.0,4.0,-8,8.426637992653423e-05,7.713422675659871
fixed-00000055,600.0,4.0,-7,0.00014385897178985507,7.352177750609371
fixed-00000055,600.0,4.0,-6,0.0004147497192683146,6.9723490289475905
fixed-00000055,600.0,4.0,-5,0.0002078352625587399,6.570714442852491
fixed-00000055,600.0,4.0,-4,0.0003019930036132118,6.142998339829575
fixed-00000055,600.0,4.0,-3,0.002207598739782461,5.683315135192018
fixed-00000055,600.0,4.0,-2,0.0016996726133627427,5.1831664320526585
fixed-00000055,600.0,4.0,-1,0.005733930963340008,4.629455434298478
fixed-00000055,600.0,4.0,0,0.18859844037752457,4.000000000000043
fixed-00000055,600.0,4.0,1,0.010903820781613522,3.2510983398922093
fixed-00000055,600.0,4.0,2,0.030094371660342817,2.2673283559992825
fixed-00000055,600.0,4.0,3,0.0,0.0
fixed-00000055,600.0,4.0,4,0.0,0.0
fixed-00000055,600.0,4.0,5,0.0,0.0
fixed-00000055,600.0,4.0,6,0.0,0.0
fixed-00000055,600.0,4.0,7,0.0,0.0
fixed-00000055,600.0,4.0,8,0.0,0.0
fixed-00000055,600.0,4.0,9,0.0,0.0
fixed-00000055,600.0,4.0,10,0.0,0.0
fixed-00000055,600.0,4.0,11,0.0,0.0
fixed-00000055,600.0,4.0,12,0.0,0.0
fixed-00000055,600.0,4.0,13,0.0,0.0
fixed-00000055,600.0,4.0,14,0.0,0.0
fixed-00000055,600.0,4.0,15,0.0,0.0
fixed-00000055,600.0,4.0,16,0.0,0.0
fixed-00000055,600.0,4.0,17,0.0,0.0
fixed-00000055,600.0,4.0,18,0.0,0.0
fixed-00000055,600.0,4.0,19,0.0,0.0
fixed-00000055,600.0,4.0,20,0.0,0.0
fixed-00000056,610.0,4.0,-20,7.39454060049188e-05,11.096513256647427
fixed-00000056,610.0,4.0,-19,7.343779489181289e-05,10.851824276946246
fixed-00000056,610.0,4.0,-18,4.944883010759622e-05,10.601558435056262
fixed-00000056,610.0,4.0,-17,4.8941259971919397e-05,10.345310958848756
fixed-00000056,610.0,4.0,-16,9.294154533746273e-05,10.08262574563632
fixed-00000056,610.0,4.0,-15,6.641861750771784e-05,9.81298576201776
fixed-00000056,610.0,4.0,-14,5.238175174168058e-05,9.535801004270269
fixed-00000056,610.0,4.0,-13,0.0001384553748538905,9.250393216009584
fixed-00000056,610.0,4.0,-12,9.366246193637447e-05,8.955976227169515
fixed-00000056,610.0,4.0,-11,6.908222640077486e-05,8.651630275811442
fixed-00000056,610.0,4.0,-10,0.00019095828467063935,8.336267896291588
fixed-00000056,610.0,4.0,-9,0.0001528161424875768,8.008587719170848
fixed-00000056,610.0,4.0,-8,9.591421162298827e-05,7.6670104947684905
fixed-00000056,610.0,4.0,-7,0.00019255597973247412,7.309588189513036
fixed-00000056,610.0,4.0,-6,0.00042021185701838343,6.933870854335623
fixed-00000056,610.0,4.0,-5,0.00013295419452560367,6.536704486950143
fixed-00000056,610.0,4.0,-4,0.000451835890871644,6.113910379323968
fixed-00000056,610.0,4.0,-3,0.002158021264781747,5.659748033833807
fixed-00000056,610.0,4.0,-2,0.001422421952669641,5.1659507975543875
fixed-00000056,610.0,4.0,-1,0.008320703121908317,4.619826694692961
fixed-00000056,610.0,4.0,0,0.18748909298484637,4.000000000000043
fixed-00000056,610.0,4.0,1,0.00753388841825769,3.2647588933231475
fixed-00000056,610.0,4.0,2,0.03000305388374764,2.306241453176753
fixed-00000056,610.0,4.0,3,0.0,0.0
fixed-00000056,610.0,4.0,4,0.0,0.0
fixed-00000056,610.0,4.0,5,0.0,0.0
fixed-00000056,610.0,4.0,6,0.0,0.0
fixed-00000056,610.0,4.0,7,0.0,0.0
fixed-00000056,610.0,4.0,8,0.0,0.0
fixed-00000056,610.0,4.0,9,0.0,0.0
fixed-00000056,610.0,4.0,10,0.0,0.0
fixed-00000056,610.0,4.0,11,0.0,0.0
fixed-00000056,610.0,4.0,12,0.0,0.0
fixed-00000056,610.0,4.0,13,0.0,0.0
fixed-00000056,610.0,4.0,14,0.0,0.0
fixed-00000056,610.0,4.0,15,0.0,0.0
fixed-00000056,610.0,4.0,16,0.0,0.0
fixed-00000056,610.0,4.0,17,0.0,0.0
fixed-00000056,610.0,4.0,18,0.0,0.0
fixed-00000056,610.0,4.0,19,0.0,0.0
fixed-00000056,610.0,4.0,20,0.0,0.0
fixed-00000057,620.0,4.0,-20,8.003740659691517e-05,11.01816778980809
fixed-00000057,620.0,4.0,-19,7.703057576858542e-05,10.775740371233866
fixed-00000057,620.0,4.0,-18,4.941522483107573e-05,10.527799382740596
fixed-00000057,620.0,4.0,-17,5.528760659345613e-05,10.273945610776423
fixed-00000057,620.0,4.0,-16,9.872467928291526e-05,10.013729342403465
fixed-00000057,620.0,4.0,-15,6.46679753308901e-05,9.746640945379099
fixed-00000057,620.0,4.0,-14,6.053314846504275e-05,9.472099061220248
fixed-00000057,620.0,4.0,-13,0.00014841447973889925,9.189435627547212
fixed-00000057,620.0,4.0,-12,8.82307693625935e-05,8.89787662245989
fixed-00000057,620.0,4.0,-11,7.984077319095936e-05,8.59651693548875
fixed-00000057,620.0,4.0,-10,0.00020735700659615488,8.284287014836138
fixed-00000057,620.0,4.0,-9,0.00014006680415552342,7.959907741050458
fixed-00000057,620.0,4.0,-8,0.00010048741362246247,7.621828010395305
fixed-00000057,620.0,4.0,-7,0.00022168915650372308,7.268136168200272
fixed-00000057,620.0,4.0,-6,0.0003857758661061508,6.896430508503414
fixed-00000057,620.0,4.0,-5,7.033389759234167e-05,6.503623029707683
fixed-00000057,620.0,4.0,-4,0.0006005050805791209,6.085628867863377
fixed-00000057,620.0,4.0,-3,0.001988752757050315,5.636847653619654
fixed-00000057,620.0,4.0,-2,0.0014585162587628176,5.149235852894208
fixed-00000057,620.0,4.0,-1,0.011261949475772479,4.610489454720607
fixed-00000057,620.0,4.0,0,0.18796890646138556,4.000000000000043
fixed-00000057,620.0,4.0,1,0.005315210376811814,3.277924638120453
fixed-00000057,620.0,4.0,2,0.025590572806398464,2.3432844286040506
fixed-00000057,620.0,4.0,3,0.0048850537075595815,0.4884414427613848
fixed-00000057,620.0,4.0,4,0.0,0.0
fixed-00000057,620.0,4.0,5,0.0,0.0
fixed-00000057,620.0,4.0,6,0.0,0.0
fixed-00000057,620.0,4.0,7,0.0,0.0
fixed-00000057,620.0,4.0,8,0.0,0.0
fixed-00000057,620.0,4.0,9,0.0,0.0
fixed-00000057,620.0,4.0,10,0.0,0.0
fixed-00000057,620.0,4.0,11,0.0,0.0
fixed-00000057,620.0,4.0,12,0.0,0.0
fixed-00000057,620.0,4.0,13,0.0,0.0
fixed-00000057,620.0,4.0,14,0.0,0.0
fixed-00000057,620.0,4.0,15,0.0,0.0
fixed-00000057,620.0,4.0,16,0.0,0.0
fixed-00000057,620.0,4.0,17,0.0,0.0
fixed-00000057,620.0,4.0,18,0.0,0.0
fixed-00000057,620.0,4.0,19,0.0,0.0
fixed-00000057,620.0,4.0,20,0.0,0.0
fixed-00000058,630.0,4.0,-20,8.583798025536318e-05,10.941781605456612
fixed-00000058,630.0,4.0,-19,8.013274555898494e-05,10.701562533089998
fixed-00000058,630.0,4.0,-18,5.0164331585176115e-05,10.455891726370012
fixed-00000058,630.0,4.0,-17,6.210262100730117e-05,10.20437539785597
fixed-00000058,630.0,4.0,-16,0.00010386847572252424,9.946570071032795
fixed-00000058,630.0,4.0,-15,6.482896018947931e-05,9.681973335802624
fixed-00000058,630.0,4.0,-14,7.009329432247241e-05,9.41001226788633
fixed-00000058,630.0,4.0,-13,0.00015827446526326544,9.130028747397347
fixed-00000058,630.0,4.0,-12,8.706482119078676e-05,8.841260597125114
fixed-00000058,630.0,4.0,-11,9.428988539944023e-05,8.542816986689516
fixed-00000058,630.0,4.0,-10,0.00022661925581458672,8.233645816218939
fixed-00000058,630.0,4.0,-9,0.0001362127527422062,7.912489630768675
fixed-00000058,630.0,4.0,-8,0.00011797581263823593,7.57782471381698
fixed-00000058,630.0,4.0,-7,0.0002593131036934102,7.227774780095132
fixed-00000058,630.0,4.0,-6,0.0003715892450731375,6.859984980240881
fixed-00000058,630.0,4.0,-5,4.57861188020378e-05,6.471431333409825
fixed-00000058,630.0,4.0,-4,0.0007262002652192405,6.058119851243731
fixed-00000058,630.0,4.0,-3,0.00189188969717871,5.61458555509806
fixed-00000058,630.0,4.0,-2,0.0014933103300873035,5.1329998162636485
fixed-00000058,630.0,4.0,-1,0.014324233301109409,4.601430619700565
fixed-00000058,630.0,4.0,0,0.18541657018727015,4.000000000000043
fixed-00000058,630.0,4.0,1,0.003290669823738998,3.290622283534958
fixed-00000058,630.0,4.0,2,0.02389113873747527,2.3786020958455225
fixed-00000058,630.0,4.0,3,0.006545396369139943,0.6990406976817525
fixed-00000058,630.0,4.0,4,0.0,0.0
fixed-00000058,630.0,4.0,5,0.0,0.0
fixed-00000058,630.0,4.0,6,0.0,0.0
fixed-00000058,630.0,4.0,7,0.0,0.0
fixed-00000058,630.0,4.0,8,0.0,0.0
fixed-00000058,630.0,4.0,9,0.0,0.0
fixed-00000058,630.0,4.0,10,0.0,0.0
fixed-00000058,630.0,4.0,11,0.0,0.0
fixed-00000058,630.0,4.0,12,0.0,0.0
fixed-00000058,630.0,4.0,13,0.0,0.0
fixed-00000058,630.0,4.0,14,0.0,0.0
fixed-00000058,630.0,4.0,15,0.0,0.0
fixed-00000058,630.0,4.0,16,0.0,0.0
fixed-00000058,630.0,4.0,17,0.0,0.0
fixed-00000058,630.0,4.0,18,0.0,0.0
fixed-00000058,630.0,4.0,19,0.0,0.0
fixed-00000058,630.0,4.0,20,0.0,0.0
fixed-00000059,640.0,4.0,-20,9.249803953562317e-05,10.867276770488644
fixed-00000059,640.0,4.0,-19,8.361915428311994e-05,10.62921490659339
fixed-00000059,640.0,4.0,-18,5.1834405759620475e-05,10.385761741931148
fixed-00000059,640.0,4.0,-17,6.975907133093552e-05,10.13652878764816
fixed-00000059,640.0,4.0,-16,0.00010936482584388707,9.881078656044693
fixed-00000059,640.0,4.0,-15,6.638218696045932e-05,9.618915986834352
fixed-00000059,640.0,4.0,-14,8.096891883131458e-05,9.34947608678739
fixed-00000059,640.0,4.0,-13,0.00016886950937631485,9.072110536405091
fixed-00000059,640.0,4.0,-12,8.80028569580857e-05,8.786068711064956
fixed-00000059,640.0,4.0,-11,0.00011144812389169342,8.490473703062207
fixed-00000059,640.0,4.0,-10,0.00024765744273225556,8.184290419985587
fixed-00000059,640.0,4.0,-9,0.00013562227055654923,7.866282508187567
fixed-00000059,640.0,4.0,-8,0.00014306916787573974,7.534952908764481
fixed-00000059,640.0,4.0,-7,0.00030043901747799193,7.188459735617585
fixed-00000059,640.0,4.0,-6,0.0003645126679047696,6.824493664384079
fixed-00000059,640.0,4.0,-5,4.1907587073424715e-05,6.440092835409786
fixed-00000059,640.0,4.0,-4,0.0008550971507515101,6.03135129215535
fixed-00000059,640.0,4.0,-3,0.0018206128499347722,5.592934917952817
fixed-00000059,640.0,4.0,-2,0.0015645950166527374,5.117222163430583
fixed-00000059,640.0,4.0,-1,0.01768057358820941,4.592637870608058
fixed-00000059,640.0,4.0,0,0.1820875617657855,4.000000000000128
fixed-00000059,640.0,4.0,1,0.0018224973853053386,3.302876628141391
fixed-00000059,640.0,4.0,2,0.022549547821647874,2.4123233315560384
fixed-00000059,640.0,4.0,3,0.007650810582709698,0.8549436764009926
fixed-00000059,640.0,4.0,4,0.0,0.0
fixed-00000059,640.0,4.0,5,0.0,0.0
fixed-00000059,640.0,4.0,6,0.0,0.0
fixed-00000059,640.0,4.0,7,0.0,0.0
fixed-00000059,640.0,4.0,8,0.0,0.0
fixed-00000059,640.0,4.0,9,0.0,0.0
fixed-00000059,640.0,4.0,10,0.0,0.0
fixed-00000059,640.0,4.0,11,0.0,0.0
fixed-00000059,640.0,4.0,12,0.0,0.0
fixed-00000059,640.0,4.0,13,0.0,0.0
fixed-00000059,640.0,4.0,14,0.0,0.0
fixed-00000059,640.0,4.0,15,0.0,0.0
fixed-00000059,640.0,4.0,16,0.0,0.0
fixed-00000059,640.0,4.0,17,0.0,0.0
fixed-00000059,640.0,4.0,18,0.0,0.0
fixed-00000059,640.0,4.0,19,0.0,0.0
fixed-00000059,640.0,4.0,20,0.0,0.0
