case_id,energy_ev,grazing_angle_deg,order,efficiency,diffraction_angle_deg
fixed-00000000,50.0,4.0,-20,8.66729171860968e-05,36.946600757765104
fixed-00000000,50.0,4.0,-19,7.494718518595961e-05,35.99049916925804
fixed-00000000,50.0,4.0,-18,6.8715110475365e-05,35.01190478081956
fixed-00000000,50.0,4.0,-17,7.727747064510383e-05,34.00884370553947
fixed-00000000,50.0,4.0,-16,9.30937279929663e-05,32.97905073283735
fixed-00000000,50.0,4.0,-15,0.00010854564025126012,31.919905276127125
fixed-00000000,50.0,4.0,-14,9.187435555411907e-05,30.828348020108905
fixed-00000000,50.0,4.0,-13,0.00015348416236664035,29.700770649131364
fixed-00000000,50.0,4.0,-12,0.00018014452635582863,28.532867207683132
fixed-00000000,50.0,4.0,-11,0.00010652004811090177,27.319429403774024
fixed-00000000,50.0,4.0,-10,0.00030467816605367294,26.054057638388535
fixed-00000000,50.0,4.0,-9,0.00029832340153825634,24.728741050446132
fixed-00000000,50.0,4.0,-8,0.00015279816627248213,23.333225797914665
fixed-00000000,50.0,4.0,-7,0.0007704753039590533,21.854024375341254
fixed-00000000,50.0,4.0,-6,0.0005042017173421315,20.272780035826898
fixed-00000000,50.0,4.0,-5,0.00041666808301817846,18.563384620134798
fixed-00000000,50.0,4.0,-4,0.002766331712992362,16.686445270170665
fixed-00000000,50.0,4.0,-3,0.0009004909502200682,14.577325397340658
fixed-00000000,50.0,4.0,-2,0.004772618120282989,12.115293466158093
fixed-00000000,50.0,4.0,-1,0.03382681099608474,9.015622340555609
fixed-00000000,50.0,4.0,0,0.6937881060942063,4.000000000000043
fixed-00000000,50.0,4.0,1,0.0,0.0
fixed-00000000,50.0,4.0,2,0.0,0.0
fixed-00000000,50.0,4.0,3,0.0,0.0
fixed-00000000,50.0,4.0,4,0.0,0.0
fixed-00000000,50.0,4.0,5,0.0,0.0
fixed-00000000,50.0,4.0,6,0.0,0.0
fixed-00000000,50.0,4.0,7,0.0,0.0
fixed-00000000,50.0,4.0,8,0.0,0.0
fixed-00000000,50.0,4.0,9,0.0,0.0
fixed-00000000,50.0,4.0,10,0.0,0.0
fixed-00000000,50.0,4.0,11,0.0,0.0
fixed-00000000,50.0,4.0,12,0.0,0.0
fixed-00000000,50.0,4.0,13,0.0,0.0
fixed-00000000,50.0,4.0,14,0.0,0.0
fixed-00000000,50.0,4.0,15,0.0,0.0
fixed-00000000,50.0,4.0,16,0.0,0.0
fixed-00000000,50.0,4.0,17,0.0,0.0
fixed-00000000,50.0,4.0,18,0.0,0.0
fixed-00000000,50.0,4.0,19,0.0,0.0
fixed-00000000,50.0,4.0,20,0.0,0.0
fixed-00000007,120.0,4.0,-20,0.0010059551979788273,23.80694914738052
fixed-00000007,120.0,4.0,-19,0.0009978747221315754,23.21337059431326
fixed-00000007,120.0,4.0,-18,0.0007603376238958425,22.605093498036354
fixed-00000007,120.0,4.0,-17,0.0010940198951642534,21.980894517242845
fixed-00000007,120.0,4.0,-16,0.0012922863026890842,21.33937330915093
fixed-00000007,120.0,4.0,-15,0.0011171712448232716,20.67891449907833
fixed-00000007,120.0,4.0,-14,0.001583228568650336,19.997638457525795
fixed-00000007,120.0,4.0,-13,0.0017809746767900815,19.293336575596342
fixed-00000007,120.0,4.0,-12,0.001602470562978937,18.563384620134826
fixed-00000007,120.0,4.0,-11,0.0020383464133137993,17.80462435107323
fixed-00000007,120.0,4.0,-10,0.002253154126229331,17.01319792164763
fixed-00000007,120.0,4.0,-9,0.0024965226526265883,16.18430978152439
fixed-00000007,120.0,4.0,-8,0.0023932661577987175,15.311873059069754
fixed-00000007,120.0,4.0,-7,0.003825503631331182,14.387963517781984
fixed-00000007,120.0,4.0,-6,0.004223407858165767,13.401935191968363
fixed-00000007,120.0,4.0,-5,0.002794629347332016,12.338899720932332
fixed-00000007,120.0,4.0,-4,0.01255325759900728,11.176900501616302
fixed-00000007,120.0,4.0,-3,0.007810953146605508,9.881078656044693
fixed-00000007,120.0,4.0,-2,0.018078282833267276,8.389645509317262
fixed-00000007,120.0,4.0,-1,0.1627344095155967,6.570714442852491
fixed-00000007,120.0,4.0,0,0.6133598259012529,4.000000000000128
fixed-00000007,120.0,4.0,1,0.0,0.0
fixed-00000007,120.0,4.0,2,0.0,0.0
fixed-00000007,120.0,4.0,3,0.0,0.0
fixed-00000007,120.0,4.0,4,0.0,0.0
fixed-00000007,120.0,4.0,5,0.0,0.0
fixed-00000007,120.0,4.0,6,0.0,0.0
fixed-00000007,120.0,4.0,7,0.0,0.0
fixed-00000007,120.0,4.0,8,0.0,0.0
fixed-00000007,120.0,4.0,9,0.0,0.0
fixed-00000007,120.0,4.0,10,0.0,0.0
fixed-00000007,120.0,4.0,11,0.0,0.0
fixed-00000007,120.0,4.0,12,0.0,0.0
fixed-00000007,120.0,4.0,13,0.0,0.0
fixed-00000007,120.0,4.0,14,0.0,0.0
fixed-00000007,120.0,4.0,15,0.0,0.0
fixed-00000007,120.0,4.0,16,0.0,0.0
fixed-00000007,120.0,4.0,17,0.0,0.0
fixed-00000007,120.0,4.0,18,0.0,0.0
fixed-00000007,120.0,4.0,19,0.0,0.0
fixed-00000007,120.0,4.0,20,0.0,0.0
fixed-00000001,60.0,4.0,-20,0.00021730326736751958,33.66867098629079
fixed-00000001,60.0,4.0,-19,0.00015486707991248903,32.804641534161746
fixed-00000001,60.0,4.0,-18,0.00013527772170128673,31.91990527612714
fixed-00000001,60.0,4.0,-17,0.00016811006489847176,31.012670458853336
fixed-00000001,60.0,4.0,-16,0.00016852172204194122,30.0808814961542
fixed-00000001,60.0,4.0,-15,0.00019953002456503228,29.122161170553625
fixed-00000001,60.0,4.0,-14,0.00018524605123780571,28.133735479709266
fixed-00000001,60.0,4.0,-13,0.00024882270273196783,27.112334302138407
fixed-00000001,60.0,4.0,-12,0.00031409394424721334,26.05405763838855
fixed-00000001,60.0,4.0,-11,0.00019575512263405575,24.95419162388059
fixed-00000001,60.0,4.0,-10,0.0004595987054034159,23.80694914738052
fixed-00000001,60.0,4.0,-9,0.0005026183394775737,22.605093498036354
fixed-00000001,60.0,4.0,-8,0.00024223795314091414,21.33937330915093
fixed-00000001,60.0,4.0,-7,0.0011203575560592921,19.997638457525795
fixed-00000001,60.0,4.0,-6,0.0008246124315601537,18.563384620134826
fixed-00000001,60.0,4.0,-5,0.000560131875213957,17.01319792164763
fixed-00000001,60.0,4.0,-4,0.003963090612768428,15.311873059069754
fixed-00000001,60.0,4.0,-3,0.0014438141873679335,13.401935191968363
fixed-00000001,60.0,4.0,-2,0.006415629594236484,11.176900501616302
fixed-00000001,60.0,4.0,-1,0.047653233929853184,8.389645509317262
fixed-00000001,60.0,4.0,0,0.6897674829529761,4.000000000000128
fixed-00000001,60.0,4.0,1,0.0,0.0
fixed-00000001,60.0,4.0,2,0.0,0.0
fixed-00000001,60.0,4.0,3,0.0,0.0
fixed-00000001,60.0,4.0,4,0.0,0.0
fixed-00000001,60.0,4.0,5,0.0,0.0
fixed-00000001,60.0,4.0,6,0.0,0.0
fixed-00000001,60.0,4.0,7,0.0,0.0
fixed-00000001,60.0,4.0,8,0.0,0.0
fixed-00000001,60.0,4.0,9,0.0,0.0
fixed-00000001,60.0,4.0,10,0.0,0.0
fixed-00000001,60.0,4.0,11,0.0,0.0
fixed-00000001,60.0,4.0,12,0.0,0.0
fixed-00000001,60.0,4.0,13,0.0,0.0
fixed-00000001,60.0,4.0,14,0.0,0.0
fixed-00000001,60.0,4.0,15,0.0,0.0
fixed-00000001,60.0,4.0,16,0.0,0.0
fixed-00000001,60.0,4.0,17,0.0,0.0
fixed-00000001,60.0,4.0,18,0.0,0.0
fixed-00000001,60.0,4.0,19,0.0,0.0
fixed-00000001,60.0,4.0,20,0.0,0.0
fixed-00000006,110.0,4.0,-20,0.0012295622023726623,24.851951542714687
fixed-00000006,110.0,4.0,-19,0.0011993438096997895,24.2300299857246
fixed-00000006,110.0,4.0,-18,0.000816587191797716,23.592732267871042
fixed-00000006,110.0,4.0,-17,0.0011459346273329854,22.938772943565866
fixed-00000006,110.0,4.0,-16,0.0013199063499354396,22.266680028298126
fixed-00000006,110.0,4.0,-15,0.001025620450225605,21.574754793732083
fixed-00000006,110.0,4.0,-14,0.001421727918605496,20.861019691517996
fixed-00000006,110.0,4.0,-13,0.0015419927601374173,20.12314981933116
fixed-00000006,110.0,4.0,-12,0.001373024331209832,19.358381089041814
fixed-00000006,110.0,4.0,-11,0.0016554653871976581,18.563384620134798
fixed-00000006,110.0,4.0,-10,0.0018970305810554213,17.73409081271616
fixed-00000006,110.0,4.0,-9,0.002137496457160936,16.86543602782575
fixed-00000006,110.0,4.0,-8,0.001869641344903985,15.950985698613678
fixed-00000006,110.0,4.0,-7,0.0034125127869256856,14.982351111948859
fixed-00000006,110.0,4.0,-6,0.0035978104640518728,13.948242344473982
fixed-00000006,110.0,4.0,-5,0.0022595423807753572,12.832834315133255
fixed-00000006,110.0,4.0,-4,0.011438649286792486,11.612716944258509
fixed-00000006,110.0,4.0,-3,0.006560098076492759,10.250559696102783
fixed-00000006,110.0,4.0,-2,0.01645252057103609,8.679735599183942
fixed-00000006,110.0,4.0,-1,0.14470445646471974,6.756222279782023
fixed-00000006,110.0,4.0,0,0.6451723902740157,4.000000000000043
fixed-00000006,110.0,4.0,1,0.0,0.0
fixed-00000006,110.0,4.0,2,0.0,0.0
fixed-00000006,110.0,4.0,3,0.0,0.0
fixed-00000006,110.0,4.0,4,0.0,0.0
fixed-00000006,110.0,4.0,5,0.0,0.0
fixed-00000006,110.0,4.0,6,0.0,0.0
fixed-00000006,110.0,4.0,7,0.0,0.0
fixed-00000006,110.0,4.0,8,0.0,0.0
fixed-00000006,110.0,4.0,9,0.0,0.0
fixed-00000006,110.0,4.0,10,0.0,0.0
fixed-00000006,110.0,4.0,11,0.0,0.0
fixed-00000006,110.0,4.0,12,0.0,0.0
fixed-00000006,110.0,4.0,13,0.0,0.0
fixed-00000006,110.0,4.0,14,0.0,0.0
fixed-00000006,110.0,4.0,15,0.0,0.0
fixed-00000006,110.0,4.0,16,0.0,0.0
fixed-00000006,110.0,4.0,17,0.0,0.0
fixed-00000006,110.0,4.0,18,0.0,0.0
fixed-00000006,110.0,4.0,19,0.0,0.0
fixed-00000006,110.0,4.0,20,0.0,0.0
fixed-00000003,80.0,4.0,-20,0.0006213483083653406,29.122161170553625
fixed-00000003,80.0,4.0,-19,0.00043986908662788424,28.383796025086852
fixed-00000003,80.0,4.0,-18,0.0003147448030964541,27.62738395184673
fixed-00000003,80.0,4.0,-17,0.00046090472780689607,26.85139076255797
fixed-00000003,80.0,4.0,-16,0.0004290106063949802,26.05405763838855
fixed-00000003,80.0,4.0,-15,0.0004260082629278584,25.23335224938701
fixed-00000003,80.0,4.0,-14,0.0005118856797814955,24.38690529633689
fixed-00000003,80.0,4.0,-13,0.0005314567952691281,23.51192678300849
fixed-00000003,80.0,4.0,-12,0.0006408419520596448,22.605093498036354
fixed-00000003,80.0,4.0,-11,0.0005444193963101208,21.662394599301848
fixed-00000003,80.0,4.0,-10,0.0008288894626754078,20.678914499078303
fixed-00000003,80.0,4.0,-9,0.001030624489486958,19.6485188177962
fixed-00000003,80.0,4.0,-8,0.0006016141180900876,18.563384620134826
fixed-00000003,80.0,4.0,-7,0.001875147374883813,17.413268710318007
fixed-00000003,80.0,4.0,-6,0.0017074084635355694,16.18430978152439
fixed-00000003,80.0,4.0,-5,0.0009643800512325988,14.856940312447804
fixed-00000003,80.0,4.0,-4,0.0066594583128151,13.401935191968363
fixed-00000003,80.0,4.0,-3,0.0030159887372442004,11.772044157333355
fixed-00000003,80.0,4.0,-2,0.01000384052229616,9.881078656044693
fixed-00000003,80.0,4.0,-1,0.08131710933840385,7.534952908764481
fixed-00000003,80.0,4.0,0,0.6779539866919585,4.000000000000128
fixed-00000003,80.0,4.0,1,0.0,0.0
fixed-00000003,80.0,4.0,2,0.0,0.0
fixed-00000003,80.0,4.0,3,0.0,0.0
fixed-00000003,80.0,4.0,4,0.0,0.0
fixed-00000003,80.0,4.0,5,0.0,0.0
fixed-00000003,80.0,4.0,6,0.0,0.0
fixed-00000003,80.0,4.0,7,0.0,0.0
fixed-00000003,80.0,4.0,8,0.0,0.0
fixed-00000003,80.0,4.0,9,0.0,0.0
fixed-00000003,80.0,4.0,10,0.0,0.0
fixed-00000003,80.0,4.0,11,0.0,0.0
fixed-00000003,80.0,4.0,12,0.0,0.0
fixed-00000003,80.0,4.0,13,0.0,0.0
fixed-00000003,80.0,4.0,14,0.0,0.0
fixed-00000003,80.0,4.0,15,0.0,0.0
fixed-00000003,80.0,4.0,16,0.0,0.0
fixed-00000003,80.0,4.0,17,0.0,0.0
fixed-00000003,80.0,4.0,18,0.0,0.0
fixed-00000003,80.0,4.0,19,0.0,0.0
fixed-00000003,80.0,4.0,20,0.0,0.0
fixed-00000004,90.0,4.0,-20,0.0009722125716760068,27.45669132490191
fixed-00000004,90.0,4.0,-19,0.0007198852880563204,26.763886623772734
fixed-00000004,90.0,4.0,-18,0.0004575287523776363,26.054057638388535
fixed-00000004,90.0,4.0,-17,0.0007111606498930404,25.3257663055293
fixed-00000004,90.0,4.0,-16,0.0006763903588427614,24.57736462946967
fixed-00000004,90.0,4.0,-15,0.0005882942478895435,23.806949147380507
fixed-00000004,90.0,4.0,-14,0.0007952888159638616,23.01230186044222
fixed-00000004,90.0,4.0,-13,0.0007789584401008222,22.19081236476336
fixed-00000004,90.0,4.0,-12,0.0008584530209269654,21.33937330915093
fixed-00000004,90.0,4.0,-11,0.0008567665786367838,20.454237086533084
fixed-00000004,90.0,4.0,-10,0.0010987305594236565,19.530814598225575
fixed-00000004,90.0,4.0,-9,0.0013806632281450424,18.563384620134798
fixed-00000004,90.0,4.0,-8,0.0009311143190884156,17.544659849708694
fixed-00000004,90.0,4.0,-7,0.002335288652992816,16.46511246866092
fixed-00000004,90.0,4.0,-6,0.002301585257528604,15.311873059069725
fixed-00000004,90.0,4.0,-5,0.0012930603389591263,14.066817881848479
fixed-00000004,90.0,4.0,-4,0.008242874043439843,12.702966158118315
fixed-00000004,90.0,4.0,-3,0.004092992729300882,11.176900501616302
fixed-00000004,90.0,4.0,-2,0.012097488639363618,9.410012267886245
fixed-00000004,90.0,4.0,-1,0.1017456267235357,7.227774780095132
fixed-00000004,90.0,4.0,0,0.6734496198487194,4.000000000000043
fixed-00000004,90.0,4.0,1,0.0,0.0
fixed-00000004,90.0,4.0,2,0.0,0.0
fixed-00000004,90.0,4.0,3,0.0,0.0
fixed-00000004,90.0,4.0,4,0.0,0.0
fixed-00000004,90.0,4.0,5,0.0,0.0
fixed-00000004,90.0,4.0,6,0.0,0.0
fixed-00000004,90.0,4.0,7,0.0,0.0
fixed-00000004,90.0,4.0,8,0.0,0.0
fixed-00000004,90.0,4.0,9,0.0,0.0
fixed-00000004,90.0,4.0,10,0.0,0.0
fixed-00000004,90.0,4.0,11,0.0,0.0
fixed-00000004,90.0,4.0,12,0.0,0.0
fixed-00000004,90.0,4.0,13,0.0,0.0
fixed-00000004,90.0,4.0,14,0.0,0.0
fixed-00000004,90.0,4.0,15,0.0,0.0
fixed-00000004,90.0,4.0,16,0.0,0.0
fixed-00000004,90.0,4.0,17,0.0,0.0
fixed-00000004,90.0,4.0,18,0.0,0.0
fixed-00000004,90.0,4.0,19,0.0,0.0
fixed-00000004,90.0,4.0,20,0.0,0.0
fixed-00000005,100.0,4.0,-20,0.0011992943235278734,26.054057638388535
fixed-00000005,100.0,4.0,-19,0.0010322094971325305,25.39947137852822
fixed-00000005,100.0,4.0,-18,0.0006296612365476388,24.728741050446132
fixed-00000005,100.0,4.0,-17,0.0009513216312539617,24.040510406174633
fixed-00000005,100.0,4.0,-16,0.0010067971619018418,23.333225797914665
fixed-00000005,100.0,4.0,-15,0.0007761850709623031,22.60509349803634
fixed-00000005,100.0,4.0,-14,0.0011091909409811419,21.854024375341254
fixed-00000005,100.0,4.0,-13,0.0011324370438919617,21.07756102550144
fixed-00000005,100.0,4.0,-12,0.0010852716880715221,20.272780035826898
fixed-00000005,100.0,4.0,-11,0.0012413728650623637,19.43615815678045
fixed-00000005,100.0,4.0,-10,0.001460854036412366,18.563384620134798
fixed-00000005,100.0,4.0,-9,0.0017352036487527347,17.649090489235533
fixed-00000005,100.0,4.0,-8,0.0013723764649912148,16.686445270170665
fixed-00000005,100.0,4.0,-7,0.0028483904913261093,15.666531340439832
fixed-00000005,100.0,4.0,-6,0.0029236258484260846,14.577325397340658
fixed-00000005,100.0,4.0,-5,0.0017430138426707265,13.401935191968334
fixed-00000005,100.0,4.0,-4,0.009844904345139724,12.115293466158093
fixed-00000005,100.0,4.0,-3,0.005275839529662956,10.677246924869166
fixed-00000005,100.0,4.0,-2,0.014291425268134919,9.015622340555609
fixed-00000005,100.0,4.0,-1,0.12315856260019713,6.972349028947534
fixed-00000005,100.0,4.0,0,0.663158000869898,4.000000000000043
fixed-00000005,100.0,4.0,1,0.0,0.0
fixed-00000005,100.0,4.0,2,0.0,0.0
fixed-00000005,100.0,4.0,3,0.0,0.0
fixed-00000005,100.0,4.0,4,0.0,0.0
fixed-00000005,100.0,4.0,5,0.0,0.0
fixed-00000005,100.0,4.0,6,0.0,0.0
fixed-00000005,100.0,4.0,7,0.0,0.0
fixed-00000005,100.0,4.0,8,0.0,0.0
fixed-00000005,100.0,4.0,9,0.0,0.0
fixed-00000005,100.0,4.0,10,0.0,0.0
fixed-00000005,100.0,4.0,11,0.0,0.0
fixed-00000005,100.0,4.0,12,0.0,0.0
fixed-00000005,100.0,4.0,13,0.0,0.0
fixed-00000005,100.0,4.0,14,0.0,0.0
fixed-00000005,100.0,4.0,15,0.0,0.0
fixed-00000005,100.0,4.0,16,0.0,0.0
fixed-00000005,100.0,4.0,17,0.0,0.0
fixed-00000005,100.0,4.0,18,0.0,0.0
fixed-00000005,100.0,4.0,19,0.0,0.0
fixed-00000005,100.0,4.0,20,0.0,0.0
fixed-00000002,70.0,4.0,-20,0.0003528156928076643,31.143727622325613
fixed-00000002,70.0,4.0,-19,0.00025857069950057277,30.3497443387063
fixed-00000002,70.0,4.0,-18,0.00020318695315635333,29.536506828714217
fixed-00000002,70.0,4.0,-17,0.0002766231240451554,28.702365570412915
fixed-00000002,70.0,4.0,-16,0.00026859460743216385,27.845428820199288
fixed-00000002,70.0,4.0,-15,0.0002902867628333358,26.963509729777833
fixed-00000002,70.0,4.0,-14,0.00031110449408465056,26.054057638388535
fixed-00000002,70.0,4.0,-13,0.0003633611883758861,25.114067339116176
fixed-00000002,70.0,4.0,-12,0.0004504883100587896,24.13995702449016
fixed-00000002,70.0,4.0,-11,0.0003332808246448266,23.127400592828295
fixed-00000002,70.0,4.0,-10,0.0006192429996183484,22.071091552917864
fixed-00000002,70.0,4.0,-9,0.0007280318695837088,20.964400995176362
fixed-00000002,70.0,4.0,-8,0.000386856446019934,19.798865027537445
fixed-00000002,70.0,4.0,-7,0.0014628213922249452,18.563384620134798
fixed-00000002,70.0,4.0,-6,0.0012070156606465733,17.242912058772163
fixed-00000002,70.0,4.0,-5,0.0007346461552080511,15.816153021261812
fixed-00000002,70.0,4.0,-4,0.0052032191089402425,14.251197562253566
fixed-00000002,70.0,4.0,-3,0.002130497540075369,12.496206306817058
fixed-00000002,70.0,4.0,-2,0.008097945752205345,10.45589172636997
fixed-00000002,70.0,4.0,-1,0.06315315122444794,7.9124896307686186
fixed-00000002,70.0,4.0,0,0.6824685542958455,4.000000000000043
fixed-00000002,70.0,4.0,1,0.0,0.0
fixed-00000002,70.0,4.0,2,0.0,0.0
fixed-00000002,70.0,4.0,3,0.0,0.0
fixed-00000002,70.0,4.0,4,0.0,0.0
fixed-00000002,70.0,4.0,5,0.0,0.0
fixed-00000002,70.0,4.0,6,0.0,0.0
fixed-00000002,70.0,4.0,7,0.0,0.0
fixed-00000002,70.0,4.0,8,0.0,0.0
fixed-00000002,70.0,4.0,9,0.0,0.0
fixed-00000002,70.0,4.0,10,0.0,0.0
fixed-00000002,70.0,4.0,11,0.0,0.0
fixed-00000002,70.0,4.0,12,0.0,0.0
fixed-00000002,70.0,4.0,13,0.0,0.0
fixed-00000002,70.0,4.0,14,0.0,0.0
fixed-00000002,70.0,4.0,15,0.0,0.0
fixed-00000002,70.0,4.0,16,0.0,0.0
fixed-00000002,70.0,4.0,17,0.0,0.0
fixed-00000002,70.0,4.0,18,0.0,0.0
fixed-00000002,70.0,4.0,19,0.0,0.0
fixed-00000002,70.0,4.0,20,0.0,0.0
fixed-00000008,130.0,4.0,-20,0.0008312212953618999,22.887737429280307
fixed-00000008,130.0,4.0,-19,0.000812193456125383,22.319060381202533
fixed-00000008,130.0,4.0,-18,0.0006235090647575061,21.73628858867596
fixed-00000008,130.0,4.0,-17,0.0009041246593432846,21.138253797703968
fixed-00000008,130.0,4.0,-16,0.0010446393187099091,20.523619220618087
fixed-00000008,130.0,4.0,-15,0.0009376219350026592,19.890843436975487
fixed-00000008,130.0,4.0,-14,0.0014101732885489324,19.238133704924607
fixed-00000008,130.0,4.0,-13,0.0016610584366976262,18.563384620134784
fixed-00000008,130.0,4.0,-12,0.0015586480823072755,17.86409607789507
fixed-00000008,130.0,4.0,-11,0.002180001345844857,17.137261306119782
fixed-00000008,130.0,4.0,-10,0.0024273861245179594,16.379210436004684
fixed-00000008,130.0,4.0,-9,0.0026235826211216968,15.58538591965737
fixed-00000008,130.0,4.0,-8,0.00285506353566906,14.750009564284554
fixed-00000008,130.0,4.0,-7,0.004039828074413751,13.865569460383654
fixed-00000008,130.0,4.0,-6,0.004593172057557439,12.921991178661202
fixed-00000008,130.0,4.0,-5,0.0033677014561585682,11.905217349750558
fixed-00000008,130.0,4.0,-4,0.013014989928344515,10.794579595613783
fixed-00000008,130.0,4.0,-3,0.008770953419562234,9.557405601711935
fixed-00000008,130.0,4.0,-2,0.019193952808450262,8.136169892284855
fixed-00000008,130.0,4.0,-1,0.17534579997065974,6.409572995038118
fixed-00000008,130.0,4.0,0,0.570022748923829,3.999999999999943
fixed-00000008,130.0,4.0,1,0.0,0.0
fixed-00000008,130.0,4.0,2,0.0,0.0
fixed-00000008,130.0,4.0,3,0.0,0.0
fixed-00000008,130.0,4.0,4,0.0,0.0
fixed-00000008,130.0,4.0,5,0.0,0.0
fixed-00000008,130.0,4.0,6,0.0,0.0
fixed-00000008,130.0,4.0,7,0.0,0.0
fixed-00000008,130.0,4.0,8,0.0,0.0
fixed-00000008,130.0,4.0,9,0.0,0.0
fixed-00000008,130.0,4.0,10,0.0,0.0
fixed-00000008,130.0,4.0,11,0.0,0.0
fixed-00000008,130.0,4.0,12,0.0,0.0
fixed-00000008,130.0,4.0,13,0.0,0.0
fixed-00000008,130.0,4.0,14,0.0,0.0
fixed-00000008,130.0,4.0,15,0.0,0.0
fixed-00000008,130.0,4.0,16,0.0,0.0
fixed-00000008,130.0,4.0,17,0.0,0.0
fixed-00000008,130.0,4.0,18,0.0,0.0
fixed-00000008,130.0,4.0,19,0.0,0.0
fixed-00000008,130.0,4.0,20,0.0,0.0
fixed-00000009,140.0,4.0,-20,0.0006700637051170275,22.071091552917864
fixed-00000009,140.0,4.0,-19,0.0006528742165477433,21.524522367911075
fixed-00000009,140.0,4.0,-18,0.0005177125834902784,20.964400995176362
fixed-00000009,140.0,4.0,-17,0.0007453551543697471,20.3896085063504
fixed-00000009,140.0,4.0,-16,0.000842748819405682,19.798865027537445
fixed-00000009,140.0,4.0,-15,0.0007442171688107021,19.190695371391683
fixed-00000009,140.0,4.0,-14,0.0011344263763540616,18.563384620134798
fixed-00000009,140.0,4.0,-13,0.0013259108919158715,17.91491981726459
fixed-00000009,140.0,4.0,-12,0.00128841551102351,17.242912058772163
fixed-00000009,140.0,4.0,-11,0.0019546630623918167,16.544490275662753
fixed-00000009,140.0,4.0,-10,0.0023007420162646586,15.816153021261812
fixed-00000009,140.0,4.0,-9,0.00247511325291426,15.05355599411152
fixed-00000009,140.0,4.0,-8,0.003088264669180425,14.251197562253566
fixed-00000009,140.0,4.0,-7,0.004078156101693156,13.401935191968334
fixed-00000009,140.0,4.0,-6,0.0046744359368120275,12.496206306817058
fixed-00000009,140.0,4.0,-5,0.0039320683625087725,11.520697333479006
fixed-00000009,140.0,4.0,-4,0.012983579448387681,10.45589172636997
fixed-00000009,140.0,4.0,-3,0.009390368655169483,9.27106825583462
fixed-00000009,140.0,4.0,-2,0.019984160499633224,7.9124896307686186
fixed-00000009,140.0,4.0,-1,0.1828708290329234,6.268169548557026
fixed-00000009,140.0,4.0,0,0.5205710337324116,4.000000000000043
fixed-00000009,140.0,4.0,1,0.0,0.0
fixed-00000009,140.0,4.0,2,0.0,0.0
fixed-00000009,140.0,4.0,3,0.0,0.0
fixed-00000009,140.0,4.0,4,0.0,0.0
fixed-00000009,140.0,4.0,5,0.0,0.0
fixed-00000009,140.0,4.0,6,0.0,0.0
fixed-00000009,140.0,4.0,7,0.0,0.0
fixed-00000009,140.0,4.0,8,0.0,0.0
fixed-00000009,140.0,4.0,9,0.0,0.0
fixed-00000009,140.0,4.0,10,0.0,0.0
fixed-00000009,140.0,4.0,11,0.0,0.0
fixed-00000009,140.0,4.0,12,0.0,0.0
fixed-00000009,140.0,4.0,13,0.0,0.0
fixed-00000009,140.0,4.0,14,0.0,0.0
fixed-00000009,140.0,4.0,15,0.0,0.0
fixed-00000009,140.0,4.0,16,0.0,0.0
fixed-00000009,140.0,4.0,17,0.0,0.0
fixed-00000009,140.0,4.0,18,0.0,0.0
fixed-00000009,140.0,4.0,19,0.0,0.0
fixed-00000009,140.0,4.0,20,0.0,0.0
fixed-00000010,150.0,4.0,-20,0.000529778645421562,21.33937330915093
fixed-00000010,150.0,4.0,-19,0.0005064320120144817,20.81260721870089
fixed-00000010,150.0,4.0,-18,0.00041520234961475684,20.272780035826898
fixed-00000010,150.0,4.0,-17,0.000601525727172854,19.71881735546995
fixed-00000010,150.0,4.0,-16,0.0006702561139144363,19.149490680969976
fixed-00000010,150.0,4.0,-15,0.0005921336267425538,18.563384620134798
fixed-00000010,150.0,4.0,-14,0.0009018760178101181,17.958854520446636
fixed-00000010,150.0,4.0,-13,0.001020511868013064,17.333970900377437
fixed-00000010,150.0,4.0,-12,0.0009756799811060946,16.686445270170665
fixed-00000010,150.0,4.0,-11,0.0015229699184406544,16.013529106660258
fixed-00000010,150.0,4.0,-10,0.0018289631130297191,15.311873059069754
fixed-00000010,150.0,4.0,-9,0.0019919352918420113,14.577325397340658
fixed-00000010,150.0,4.0,-8,0.002781531754287624,13.804634215692602
fixed-00000010,150.0,4.0,-7,0.0036799205170708394,12.986990452752977
fixed-00000010,150.0,4.0,-6,0.004205445094664678,12.115293466158093
fixed-00000010,150.0,4.0,-5,0.004163741940155416,11.176900501616302
fixed-00000010,150.0,4.0,-4,0.012083152445193035,10.153332615240856
fixed-00000010,150.0,4.0,-3,0.009224411860706069,9.015622340555609
fixed-00000010,150.0,4.0,-2,0.020019710484687262,7.713422675659871
fixed-00000010,150.0,4.0,-1,0.1810157304857093,6.142998339829575
fixed-00000010,150.0,4.0,0,0.4596158874484188,4.000000000000043
fixed-00000010,150.0,4.0,1,0.0,0.0
fixed-00000010,150.0,4.0,2,0.0,0.0
fixed-00000010,150.0,4.0,3,0.0,0.0
fixed-00000010,150.0,4.0,4,0.0,0.0
fixed-00000010,150.0,4.0,5,0.0,0.0
fixed-00000010,150.0,4.0,6,0.0,0.0
fixed-00000010,150.0,4.0,7,0.0,0.0
fixed-00000010,150.0,4.0,8,0.0,0.0
fixed-00000010,150.0,4.0,9,0.0,0.0
fixed-00000010,150.0,4.0,10,0.0,0.0
fixed-00000010,150.0,4.0,11,0.0,0.0
fixed-00000010,150.0,4.0,12,0.0,0.0
fixed-00000010,150.0,4.0,13,0.0,0.0
fixed-00000010,150.0,4.0,14,0.0,0.0
fixed-00000010,150.0,4.0,15,0.0,0.0
fixed-00000010,150.0,4.0,16,0.0,0.0
fixed-00000010,150.0,4.0,17,0.0,0.0
fixed-00000010,150.0,4.0,18,0.0,0.0
fixed-00000010,150.0,4.0,19,0.0,0.0
fixed-00000010,150.0,4.0,20,0.0,0.0
fixed-00000011,160.0,4.0,-20,0.00044125654175548553,20.678914499078303
fixed-00000011,160.0,4.0,-19,0.0004124129932857765,20.170023522549073
fixed-00000011,160.0,4.0,-18,0.00034468571885049346,19.6485188177962
fixed-00000011,160.0,4.0,-17,0.0005064206213761431,19.113366448532148
fixed-00000011,160.0,4.0,-16,0.0005523105537959747,18.563384620134826
fixed-00000011,160.0,4.0,-15,0.0004967922617577718,17.997212298226287
fixed-00000011,160.0,4.0,-14,0.0007593573684054249,17.413268710318007
fixed-00000011,160.0,4.0,-13,0.0008430914463724911,16.809700268524495
fixed-00000011,160.0,4.0,-12,0.0007956247724672079,16.18430978152439
fixed-00000011,160.0,4.0,-11,0.0012600299371872843,15.534460149598402
fixed-00000011,160.0,4.0,-10,0.0014828662054436007,14.856940312447804
fixed-00000011,160.0,4.0,-9,0.0016169227895605693,14.147773622565637
fixed-00000011,160.0,4.0,-8,0.0024112877443750952,13.401935191968363
fixed-00000011,160.0,4.0,-7,0.003217389820467577,12.612919034749368
fixed-00000011,160.0,4.0,-6,0.003680602660033326,11.772044157333355
fixed-00000011,160.0,4.0,-5,0.004207257904947263,10.867276770488644
fixed-00000011,160.0,4.0,-4,0.01109492704475377,9.881078656044693
fixed-00000011,160.0,4.0,-3,0.008837992183937337,8.786068711064956
fixed-00000011,160.0,4.0,-2,0.01997325022414651,7.534952908764481
fixed-00000011,160.0,4.0,-1,0.17656484027754518,6.03135129215535
fixed-00000011,160.0,4.0,0,0.40268747157252627,4.000000000000128
fixed-00000011,160.0,4.0,1,0.0,0.0
fixed-00000011,160.0,4.0,2,0.0,0.0
fixed-00000011,160.0,4.0,3,0.0,0.0
fixed-00000011,160.0,4.0,4,0.0,0.0
fixed-00000011,160.0,4.0,5,0.0,0.0
fixed-00000011,160.0,4.0,6,0.0,0.0
fixed-00000011,160.0,4.0,7,0.0,0.0
fixed-00000011,160.0,4.0,8,0.0,0.0
fixed-00000011,160.0,4.0,9,0.0,0.0
fixed-00000011,160.0,4.0,10,0.0,0.0
fixed-00000011,160.0,4.0,11,0.0,0.0
fixed-00000011,160.0,4.0,12,0.0,0.0
fixed-00000011,160.0,4.0,13,0.0,0.0
fixed-00000011,160.0,4.0,14,0.0,0.0
fixed-00000011,160.0,4.0,15,0.0,0.0
fixed-00000011,160.0,4.0,16,0.0,0.0
fixed-00000011,160.0,4.0,17,0.0,0.0
fixed-00000011,160.0,4.0,18,0.0,0.0
fixed-00000011,160.0,4.0,19,0.0,0.0
fixed-00000011,160.0,4.0,20,0.0,0.0
fixed-00000012,170.0,4.0,-20,0.0003632982196533134,20.078937587093307
fixed-00000012,170.0,4.0,-19,0.0003321414727792649,19.586289471248577
fixed-00000012,170.0,4.0,-18,0.0002793422507487156,19.08143745864639
fixed-00000012,170.0,4.0,-17,0.0004178709816992516,18.563384620134798
fixed-00000012,170.0,4.0,-16,0.00044381837746613854,18.030991870959312
fixed-00000012,170.0,4.0,-15,0.00040501775055106913,17.482947890801668
fixed-00000012,170.0,4.0,-14,0.0006253931914245736,16.917730332891097
fixed-00000012,170.0,4.0,-13,0.0006800704783508194,16.333555025629337
fixed-00000012,170.0,4.0,-12,0.0006429779478728853,15.728308285955407
fixed-00000012,170.0,4.0,-11,0.0010278431338358463,15.099454930199627
fixed-00000012,170.0,4.0,-10,0.0011768023260749125,14.443910384212742
fixed-00000012,170.0,4.0,-9,0.001271556890642335,13.757858124151412
fixed-00000012,170.0,4.0,-8,0.0019501565412973023,13.036480848951996
fixed-00000012,170.0,4.0,-7,0.0025996724002582123,12.273549626976305
fixed-00000012,170.0,4.0,-6,0.0029675474854323645,11.460766897267831
fixed-00000012,170.0,4.0,-5,0.0038266611371760096,10.586654831666635
fixed-00000012,170.0,4.0,-4,0.00956818657248959,9.634532883621333
fixed-00000012,170.0,4.0,-3,0.00781153076659535,8.578462776597007
fixed-00000012,170.0,4.0,-2,0.019130456697220993,7.37391453146995
fixed-00000012,170.0,4.0,-1,0.16411109433737783,5.931100707011396
fixed-00000012,170.0,4.0,0,0.34092529325292686,4.000000000000043
fixed-00000012,170.0,4.0,1,0.0,0.0
fixed-00000012,170.0,4.0,2,0.0,0.0
fixed-00000012,170.0,4.0,3,0.0,0.0
fixed-00000012,170.0,4.0,4,0.0,0.0
fixed-00000012,170.0,4.0,5,0.0,0.0
fixed-00000012,170.0,4.0,6,0.0,0.0
fixed-00000012,170.0,4.0,7,0.0,0.0
fixed-00000012,170.0,4.0,8,0.0,0.0
fixed-00000012,170.0,4.0,9,0.0,0.0
fixed-00000012,170.0,4.0,10,0.0,0.0
fixed-00000012,170.0,4.0,11,0.0,0.0
fixed-00000012,170.0,4.0,12,0.0,0.0
fixed-00000012,170.0,4.0,13,0.0,0.0
fixed-00000012,170.0,4.0,14,0.0,0.0
fixed-00000012,170.0,4.0,15,0.0,0.0
fixed-00000012,170.0,4.0,16,0.0,0.0
fixed-00000012,170.0,4.0,17,0.0,0.0
fixed-00000012,170.0,4.0,18,0.0,0.0
fixed-00000012,170.0,4.0,19,0.0,0.0
fixed-00000012,170.0,4.0,20,0.0,0.0
fixed-00000013,180.0,4.0,-20,0.000328001467752985,19.530814598225575
fixed-00000013,180.0,4.0,-19,0.0002934305449662476,19.053012891096714
fixed-00000013,180.0,4.0,-18,0.0002484177900399503,18.563384620134798
fixed-00000013,180.0,4.0,-17,0.00037499387793302793,18.06096687878967
fixed-00000013,180.0,4.0,-16,0.00038960322441504604,17.544659849708694
fixed-00000013,180.0,4.0,-15,0.0003571416164470651,17.013197921647617
fixed-00000013,180.0,4.0,-14,0.0005574417655333172,16.46511246866092
fixed-00000013,180.0,4.0,-13,0.0005900122759754689,15.898683146952209
fixed-00000013,180.0,4.0,-12,0.0005623839337615655,15.311873059069725
fixed-00000013,180.0,4.0,-11,0.0009085415256098326,14.702240730771123
fixed-00000013,180.0,4.0,-10,0.0010107179674027705,14.066817881848479
fixed-00000013,180.0,4.0,-9,0.001095507236694449,13.401935191968363
fixed-00000013,180.0,4.0,-8,0.001699793713420844,12.702966158118315
fixed-00000013,180.0,4.0,-7,0.002211893401037558,11.96393641047473
fixed-00000013,180.0,4.0,-6,0.0025318119421816124,11.176900501616302
fixed-00000013,180.0,4.0,-5,0.0034761487138855562,10.330890706572049
fixed-00000013,180.0,4.0,-4,0.008395301677601373,9.410012267886245
fixed-00000013,180.0,4.0,-3,0.006938332526472233,8.389645509317262
fixed-00000013,180.0,4.0,-2,0.0183593928161058,7.227774780095132
fixed-00000013,180.0,4.0,-1,0.1525877664631316,5.840549916165145
fixed-00000013,180.0,4.0,0,0.2884710068347112,4.000000000000043
fixed-00000013,180.0,4.0,1,0.0,0.0
fixed-00000013,180.0,4.0,2,0.0,0.0
fixed-00000013,180.0,4.0,3,0.0,0.0
fixed-00000013,180.0,4.0,4,0.0,0.0
fixed-00000013,180.0,4.0,5,0.0,0.0
fixed-00000013,180.0,4.0,6,0.0,0.0
fixed-00000013,180.0,4.0,7,0.0,0.0
fixed-00000013,180.0,4.0,8,0.0,0.0
fixed-00000013,180.0,4.0,9,0.0,0.0
fixed-00000013,180.0,4.0,10,0.0,0.0
fixed-00000013,180.0,4.0,11,0.0,0.0
fixed-00000013,180.0,4.0,12,0.0,0.0
fixed-00000013,180.0,4.0,13,0.0,0.0
fixed-00000013,180.0,4.0,14,0.0,0.0
fixed-00000013,180.0,4.0,15,0.0,0.0
fixed-00000013,180.0,4.0,16,0.0,0.0
fixed-00000013,180.0,4.0,17,0.0,0.0
fixed-00000013,180.0,4.0,18,0.0,0.0
fixed-00000013,180.0,4.0,19,0.0,0.0
fixed-00000013,180.0,4.0,20,0.0,0.0
fixed-00000014,190.0,4.0,-20,0.000329599715124943,19.027545728760387
fixed-00000014,190.0,4.0,-19,0.0002878587247361352,18.563384620134798
fixed-00000014,190.0,4.0,-18,0.0002468373628540334,18.087745917971517
fixed-00000014,190.0,4.0,-17,0.000373121707736031,17.599698142746774
fixed-00000014,190.0,4.0,-16,0.0003799922818161856,17.098177750245895
fixed-00000014,190.0,4.0,-15,0.00035119679777416754,16.581961354199663
fixed-00000014,190.0,4.0,-14,0.0005514606096811825,16.04962995579325
fixed-00000014,190.0,4.0,-13,0.0005680134728573722,15.49952217558176
fixed-00000014,190.0,4.0,-12,0.0005471606391581875,14.929672049973433
fixed-00000014,190.0,4.0,-11,0.0008930187095573949,14.337724668923613
fixed-00000014,190.0,4.0,-10,0.0009597297523424654,13.720819169692376
fixed-00000014,190.0,4.0,-9,0.0010527581845934085,13.075422179669076
fixed-00000014,190.0,4.0,-8,0.0016508312257391953,12.397083362613174
fixed-00000014,190.0,4.0,-7,0.0020643549815031674,11.680063301026976
fixed-00000014,190.0,4.0,-6,0.0024003389941370332,10.916741345033458
fixed-00000014,190.0,4.0,-5,0.003407644146327839,10.096619860707108
fixed-00000014,190.0,4.0,-4,0.007870897511192299,9.204527144434891
fixed-00000014,190.0,4.0,-3,0.006592164300071418,8.217053724399236
fixed-00000014,190.0,4.0,-2,0.018401471550719223,7.094480733772272
fixed-00000014,190.0,4.0,-1,0.14711640865271694,5.758328175331556
fixed-00000014,190.0,4.0,0,0.25162037086642847,4.000000000000043
fixed-00000014,190.0,4.0,1,0.0,0.0
fixed-00000014,190.0,4.0,2,0.0,0.0
fixed-00000014,190.0,4.0,3,0.0,0.0
fixed-00000014,190.0,4.0,4,0.0,0.0
fixed-00000014,190.0,4.0,5,0.0,0.0
fixed-00000014,190.0,4.0,6,0.0,0.0
fixed-00000014,190.0,4.0,7,0.0,0.0
fixed-00000014,190.0,4.0,8,0.0,0.0
fixed-00000014,190.0,4.0,9,0.0,0.0
fixed-00000014,190.0,4.0,10,0.0,0.0
fixed-00000014,190.0,4.0,11,0.0,0.0
fixed-00000014,190.0,4.0,12,0.0,0.0
fixed-00000014,190.0,4.0,13,0.0,0.0
fixed-00000014,190.0,4.0,14,0.0,0.0
fixed-00000014,190.0,4.0,15,0.0,0.0
fixed-00000014,190.0,4.0,16,0.0,0.0
fixed-00000014,190.0,4.0,17,0.0,0.0
fixed-00000014,190.0,4.0,18,0.0,0.0
fixed-00000014,190.0,4.0,19,0.0,0.0
fixed-00000014,190.0,4.0,20,0.0,0.0
fixed-00000015,200.0,4.0,-20,0.00033872355576650967,18.563384620134798
fixed-00000015,200.0,4.0,-19,0.00028745221805318,18.11181433101568
fixed-00000015,200.0,4.0,-18,0.000252058713218322,17.649090489235533
fixed-00000015,200.0,4.0,-17,0.00038054566993610684,17.17431076750566
fixed-00000015,200.0,4.0,-16,0.00037754881380416724,16.686445270170665
fixed-00000015,200.0,4.0,-15,0.00035612353999307913,16.184309781524362
fixed-00000015,200.0,4.0,-14,0.0005605434587746754,15.666531340439832
fixed-00000015,200.0,4.0,-13,0.000558430063687612,15.13150326662813
fixed-00000015,200.0,4.0,-12,0.0005505197973673456,14.577325397340658
fixed-00000015,200.0,4.0,-11,0.0009052660246139531,14.001723117605522
fixed-00000015,200.0,4.0,-10,0.0009338516582374449,13.401935191968334
fixed-00000015,200.0,4.0,-9,0.0010480503918977022,12.774554314257855
fixed-00000015,200.0,4.0,-8,0.0016625833530696124,12.115293466158093
fixed-00000015,200.0,4.0,-7,0.0019819759497047627,11.41863095571108
fixed-00000015,200.0,4.0,-6,0.002360712043845688,10.677246924869166
fixed-00000015,200.0,4.0,-5,0.0034700509941792412,9.88107865604465
fixed-00000015,200.0,4.0,-4,0.0075602122800451695,9.015622340555609
fixed-00000015,200.0,4.0,-3,0.00638047123048724,8.058583440755712
fixed-00000015,200.0,4.0,-2,0.019072584117937524,6.972349028947534
fixed-00000015,200.0,4.0,-1,0.14309856150850792,5.683315135192018
fixed-00000015,200.0,4.0,0,0.22413704688123845,4.000000000000043
fixed-00000015,200.0,4.0,1,0.0,0.0
fixed-00000015,200.0,4.0,2,0.0,0.0
fixed-00000015,200.0,4.0,3,0.0,0.0
fixed-00000015,200.0,4.0,4,0.0,0.0
fixed-00000015,200.0,4.0,5,0.0,0.0
fixed-00000015,200.0,4.0,6,0.0,0.0
fixed-00000015,200.0,4.0,7,0.0,0.0
fixed-00000015,200.0,4.0,8,0.0,0.0
fixed-00000015,200.0,4.0,9,0.0,0.0
fixed-00000015,200.0,4.0,10,0.0,0.0
fixed-00000015,200.0,4.0,11,0.0,0.0
fixed-00000015,200.0,4.0,12,0.0,0.0
fixed-00000015,200.0,4.0,13,0.0,0.0
fixed-00000015,200.0,4.0,14,0.0,0.0
fixed-00000015,200.0,4.0,15,0.0,0.0
fixed-00000015,200.0,4.0,16,0.0,0.0
fixed-00000015,200.0,4.0,17,0.0,0.0
fixed-00000015,200.0,4.0,18,0.0,0.0
fixed-00000015,200.0,4.0,19,0.0,0.0
fixed-00000015,200.0,4.0,20,0.0,0.0
fixed-00000016,210.0,4.0,-20,0.0003160417123883379,18.133563909262662
fixed-00000016,210.0,4.0,-19,0.00025882124875066634,17.69366376630488
fixed-00000016,210.0,4.0,-18,0.00022919076930687652,17.242912058772163
fixed-00000016,210.0,4.0,-17,0.00035647969096834275,16.78043360412154
fixed-00000016,210.0,4.0,-16,0.0003396730566369764,16.30522983876051
fixed-00000016,210.0,4.0,-15,0.00032230053759606676,15.816153021261812
fixed-00000016,210.0,4.0,-14,0.0005266709875850018,15.311873059069725
fixed-00000016,210.0,4.0,-13,0.0004983767618217404,14.79083420461042
fixed-00000016,210.0,4.0,-12,0.0004965276271349485,14.251197562253566
fixed-00000016,210.0,4.0,-11,0.0008545587735212192,13.690763273626388
fixed-00000016,210.0,4.0,-10,0.0008284011617518978,13.106862846525061
fixed-00000016,210.0,4.0,-9,0.0009463757685155141,12.496206306817086
fixed-00000016,210.0,4.0,-8,0.0015623579453107952,11.854658593029981
fixed-00000016,210.0,4.0,-7,0.0017497164504730305,11.176900501616302
fixed-00000016,210.0,4.0,-6,0.002129613342279505,10.45589172636997
fixed-00000016,210.0,4.0,-5,0.0032712974985781747,9.681973335802653
fixed-00000016,210.0,4.0,-4,0.006907924845992781,8.841260597125114
fixed-00000016,210.0,4.0,-3,0.005594453808375306,7.912489630768675
fixed-00000016,210.0,4.0,-2,0.01890369783711951,6.85998498024081
fixed-00000016,210.0,4.0,-1,0.13878567535172717,5.614585555098117
fixed-00000016,210.0,4.0,0,0.18096558012593786,4.000000000000043
fixed-00000016,210.0,4.0,1,0.04764795832733886,0.6990406976807151
fixed-00000016,210.0,4.0,2,0.0,0.0
fixed-00000016,210.0,4.0,3,0.0,0.0
fixed-00000016,210.0,4.0,4,0.0,0.0
fixed-00000016,210.0,4.0,5,0.0,0.0
fixed-00000016,210.0,4.0,6,0.0,0.0
fixed-00000016,210.0,4.0,7,0.0,0.0
fixed-00000016,210.0,4.0,8,0.0,0.0
fixed-00000016,210.0,4.0,9,0.0,0.0
fixed-00000016,210.0,4.0,10,0.0,0.0
fixed-00000016,210.0,4.0,11,0.0,0.0
fixed-00000016,210.0,4.0,12,0.0,0.0
fixed-00000016,210.0,4.0,13,0.0,0.0
fixed-00000016,210.0,4.0,14,0.0,0.0
fixed-00000016,210.0,4.0,15,0.0,0.0
fixed-00000016,210.0,4.0,16,0.0,0.0
fixed-00000016,210.0,4.0,17,0.0,0.0
fixed-00000016,210.0,4.0,18,0.0,0.0
fixed-00000016,210.0,4.0,19,0.0,0.0
fixed-00000016,210.0,4.0,20,0.0,0.0
fixed-00000017,220.0,4.0,-20,0.0002924875227892789,17.73409081271616
fixed-00000017,220.0,4.0,-19,0.00023533063338740487,17.305048019521294
fixed-00000017,220.0,4.0,-18,0.00020914532135126745,16.86543602782575
fixed-00000017,220.0,4.0,-17,0.00033026554162452154,16.414405017153385
fixed-00000017,220.0,4.0,-16,0.0003104025426029786,15.950985698613678
fixed-00000017,220.0,4.0,-15,0.00029143579750060634,15.474064410036164
fixed-00000017,220.0,4.0,-14,0.0004895883238706254,14.982351111948859
fixed-00000017,220.0,4.0,-13,0.0004530739174037332,14.474337642723825
fixed-00000017,220.0,4.0,-12,0.00044675269973320396,13.948242344473982
fixed-00000017,220.0,4.0,-11,0.0007997125744270499,13.401935191968377
fixed-00000017,220.0,4.0,-10,0.000748850513885659,12.832834315133255
fixed-00000017,220.0,4.0,-9,0.0008556795422801686,12.237759303340212
fixed-00000017,220.0,4.0,-8,0.001463735398568343,11.612716944258509
fixed-00000017,220.0,4.0,-7,0.001565939806749377,10.952576962541741
fixed-00000017,220.0,4.0,-6,0.0019484657890378983,10.250559696102783
fixed-00000017,220.0,4.0,-5,0.0030714634945177752,9.49738228221355
fixed-00000017,220.0,4.0,-4,0.006317184728532117,8.679735599183942
fixed-00000017,220.0,4.0,-3,0.005224971005029404,7.777311442431525
fixed-00000017,220.0,4.0,-2,0.01789744593171835,6.756222279782023
fixed-00000017,220.0,4.0,-1,0.134831289695534,5.551368162118536
fixed-00000017,220.0,4.0,0,0.14449014467508103,4.000000000000043
fixed-00000017,220.0,4.0,1,0.07305322055174926,1.0924531720081205
fixed-00000017,220.0,4.0,2,0.0,0.0
fixed-00000017,220.0,4.0,3,0.0,0.0
fixed-00000017,220.0,4.0,4,0.0,0.0
fixed-00000017,220.0,4.0,5,0.0,0.0
fixed-00000017,220.0,4.0,6,0.0,0.0
fixed-00000017,220.0,4.0,7,0.0,0.0
fixed-00000017,220.0,4.0,8,0.0,0.0
fixed-00000017,220.0,4.0,9,0.0,0.0
fixed-00000017,220.0,4.0,10,0.0,0.0
fixed-00000017,220.0,4.0,11,0.0,0.0
fixed-00000017,220.0,4.0,12,0.0,0.0
fixed-00000017,220.0,4.0,13,0.0,0.0
fixed-00000017,220.0,4.0,14,0.0,0.0
fixed-00000017,220.0,4.0,15,0.0,0.0
fixed-00000017,220.0,4.0,16,0.0,0.0
fixed-00000017,220.0,4.0,17,0.0,0.0
fixed-00000017,220.0,4.0,18,0.0,0.0
fixed-00000017,220.0,4.0,19,0.0,0.0
fixed-00000017,220.0,4.0,20,0.0,0.0
fixed-00000018,230.0,4.0,-20,0.0002856278750324177,17.361592560354026
fixed-00000018,230.0,4.0,-19,0.0002256118911588717,16.942685258157596
fixed-00000018,230.0,4.0,-18,0.00020199914653866162,16.513473571464004
fixed-00000018,230.0,4.0,-17,0.00032026494856310367,16.07313144984927
fixed-00000018,230.0,4.0,-16,0.0002985773885085729,15.62071704156071
fixed-00000018,230.0,4.0,-15,0.0002773210753039642,15.155148624219663
fixed-00000018,230.0,4.0,-14,0.0004750116189963214,14.675173695966748
fixed-00000018,230.0,4.0,-13,0.0004326376842547724,14.179328690446923
fixed-00000018,230.0,4.0,-12,0.00042103199889769095,13.665885586158865
fixed-00000018,230.0,4.0,-11,0.0007801468186840051,13.13277978959242
fixed-00000018,230.0,4.0,-10,0.0007075533259557364,12.577510579407715
fixed-00000018,230.0,4.0,-9,0.0008079182973324281,11.997000160210277
fixed-00000018,230.0,4.0,-8,0.0014256546948773316,11.387388125912437
fixed-00000018,230.0,4.0,-7,0.0014519575244831585,10.743720994389975
fixed-00000018,230.0,4.0,-6,0.0018543890888905383,10.059462823221452
fixed-00000018,230.0,4.0,-5,0.0029708503694599736,9.325682005200974
fixed-00000018,230.0,4.0,-4,0.0059044420601271266,8.529606124486918
fixed-00000018,230.0,4.0,-3,0.005044792553816868,7.651815588106331
fixed-00000018,230.0,4.0,-2,0.017178586836874944,6.660077368214232
fixed-00000018,230.0,4.0,-1,0.13208777971509536,5.493014580257693
fixed-00000018,230.0,4.0,0,0.11634156097057065,4.000000000000043
fixed-00000018,230.0,4.0,1,0.09032491463820043,1.3553543387345144
fixed-00000018,230.0,4.0,2,0.0,0.0
fixed-00000018,230.0,4.0,3,0.0,0.0
fixed-00000018,230.0,4.0,4,0.0,0.0
fixed-00000018,230.0,4.0,5,0.0,0.0
fixed-00000018,230.0,4.0,6,0.0,0.0
fixed-00000018,230.0,4.0,7,0.0,0.0
fixed-00000018,230.0,4.0,8,0.0,0.0
fixed-00000018,230.0,4.0,9,0.0,0.0
fixed-00000018,230.0,4.0,10,0.0,0.0
fixed-00000018,230.0,4.0,11,0.0,0.0
fixed-00000018,230.0,4.0,12,0.0,0.0
fixed-00000018,230.0,4.0,13,0.0,0.0
fixed-00000018,230.0,4.0,14,0.0,0.0
fixed-00000018,230.0,4.0,15,0.0,0.0
fixed-00000018,230.0,4.0,16,0.0,0.0
fixed-00000018,230.0,4.0,17,0.0,0.0
fixed-00000018,230.0,4.0,18,0.0,0.0
fixed-00000018,230.0,4.0,19,0.0,0.0
fixed-00000018,230.0,4.0,20,0.0,0.0
fixed-00000019,240.0,4.0,-20,0.0002965968733705176,17.01319792164763
fixed-00000019,240.0,4.0,-19,0.0002294507965114361,16.60378152529381
fixed-00000019,240.0,4.0,-18,0.00020835190164750274,16.18430978152439
fixed-00000019,240.0,4.0,-17,0.00032809718955747005,15.753978980891489
fixed-00000019,240.0,4.0,-16,0.000304203297486732,15.311873059069754
fixed-00000019,240.0,4.0,-15,0.00028129607305148234,14.856940312447833
fixed-00000019,240.0,4.0,-14,0.0004858759490174357,14.387963517781984
fixed-00000019,240.0,4.0,-13,0.0004387082428719469,13.903521017776214
fixed-00000019,240.0,4.0,-12,0.0004214986440678404,13.401935191968363
fixed-00000019,240.0,4.0,-11,0.000803646281115308,12.881202923645205
fixed-00000019,240.0,4.0,-10,0.000710120440090163,12.338899720932332
fixed-00000019,240.0,4.0,-9,0.0008078478504967765,11.772044157333369
fixed-00000019,240.0,4.0,-8,0.0014703783673631393,11.176900501616302
fixed-00000019,240.0,4.0,-7,0.001421782087559759,10.548681150469449
fixed-00000019,240.0,4.0,-6,0.0018669493881141813,9.881078656044693
fixed-00000019,240.0,4.0,-5,0.003033150869339398,9.165490343367907
fixed-00000019,240.0,4.0,-4,0.005738879875933209,8.389645509317262
fixed-00000019,240.0,4.0,-3,0.005132585146735841,7.534952908764538
fixed-00000019,240.0,4.0,-2,0.016989136076053152,6.570714442852491
fixed-00000019,240.0,4.0,-1,0.13277591215907136,5.438975549640787
fixed-00000019,240.0,4.0,0,0.09514949557959355,4.000000000000128
fixed-00000019,240.0,4.0,1,0.10537193672555806,1.5578535504268984
fixed-00000019,240.0,4.0,2,0.0,0.0
fixed-00000019,240.0,4.0,3,0.0,0.0
fixed-00000019,240.0,4.0,4,0.0,0.0
fixed-00000019,240.0,4.0,5,0.0,0.0
fixed-00000019,240.0,4.0,6,0.0,0.0
fixed-00000019,240.0,4.0,7,0.0,0.0
fixed-00000019,240.0,4.0,8,0.0,0.0
fixed-00000019,240.0,4.0,9,0.0,0.0
fixed-00000019,240.0,4.0,10,0.0,0.0
fixed-00000019,240.0,4.0,11,0.0,0.0
fixed-00000019,240.0,4.0,12,0.0,0.0
fixed-00000019,240.0,4.0,13,0.0,0.0
fixed-00000019,240.0,4.0,14,0.0,0.0
fixed-00000019,240.0,4.0,15,0.0,0.0
fixed-00000019,240.0,4.0,16,0.0,0.0
fixed-00000019,240.0,4.0,17,0.0,0.0
fixed-00000019,240.0,4.0,18,0.0,0.0
fixed-00000019,240.0,4.0,19,0.0,0.0
fixed-00000019,240.0,4.0,20,0.0,0.0
fixed-00000020,250.0,4.0,-20,0.0003016608456746449,16.686445270170665
fixed-00000020,250.0,4.0,-19,0.00022864024959424372,16.285941336994114
fixed-00000020,250.0,4.0,-18,0.00021196242081310377,15.875616848789647
fixed-00000020,250.0,4.0,-17,0.00033085937758825973,15.454689148224062
fixed-00000020,250.0,4.0,-16,0.0003041845299019823,15.022266470358943
fixed-00000020,250.0,4.0,-15,0.0002831097631872414,14.577325397340715
fixed-00000020,250.0,4.0,-14,0.0004901553735967088,14.11868194632234
fixed-00000020,250.0,4.0,-13,0.0004390458191552385,13.644953944975029
fixed-00000020,250.0,4.0,-12,0.0004202144058614887,13.154511253697052
fixed-00000020,250.0,4.0,-11,0.0008194318911087719,12.645408662197411
fixed-00000020,250.0,4.0,-10,0.0007088263784925889,12.115293466158121
fixed-00000020,250.0,4.0,-9,0.000805142698741334,11.561274966505863
fixed-00000020,250.0,4.0,-8,0.0015117735028876997,10.979734761202295
fixed-00000020,250.0,4.0,-7,0.0013931250970472683,10.366041263914951
fixed-00000020,250.0,4.0,-6,0.001879500078398712,9.714101762495858
fixed-00000020,250.0,4.0,-5,0.003123592939693715,9.01562234055568
fixed-00000020,250.0,4.0,-4,0.005567760044527433,8.258802394264194
fixed-00000020,250.0,4.0,-3,0.005251479400252687,7.425824639985038
fixed-00000020,250.0,4.0,-2,0.01685399861568366,6.487418295723927
fixed-00000020,250.0,4.0,-1,0.13307577387522415,5.388782503478367
fixed-00000020,250.0,4.0,0,0.07724086936414169,4.000000000000128
fixed-00000020,250.0,4.0,1,0.11850951846132667,1.7232677700620371
fixed-00000020,250.0,4.0,2,0.0,0.0
fixed-00000020,250.0,4.0,3,0.0,0.0
fixed-00000020,250.0,4.0,4,0.0,0.0
fixed-00000020,250.0,4.0,5,0.0,0.0
fixed-00000020,250.0,4.0,6,0.0,0.0
fixed-00000020,250.0,4.0,7,0.0,0.0
fixed-00000020,250.0,4.0,8,0.0,0.0
fixed-00000020,250.0,4.0,9,0.0,0.0
fixed-00000020,250.0,4.0,10,0.0,0.0
fixed-00000020,250.0,4.0,11,0.0,0.0
fixed-00000020,250.0,4.0,12,0.0,0.0
fixed-00000020,250.0,4.0,13,0.0,0.0
fixed-00000020,250.0,4.0,14,0.0,0.0
fixed-00000020,250.0,4.0,15,0.0,0.0
fixed-00000020,250.0,4.0,16,0.0,0.0
fixed-00000020,250.0,4.0,17,0.0,0.0
fixed-00000020,250.0,4.0,18,0.0,0.0
fixed-00000020,250.0,4.0,19,0.0,0.0
fixed-00000020,250.0,4.0,20,0.0,0.0
fixed-00000021,260.0,4.0,-20,0.0003074020594616106,16.379210436004684
fixed-00000021,260.0,4.0,-19,0.00022808896828647882,15.987097516269017
fixed-00000021,260.0,4.0,-18,0.00021607446380979078,15.58538591965737
fixed-00000021,260.0,4.0,-17,0.0003334618696385863,15.173312873518526
fixed-00000021,260.0,4.0,-16,0.0003041602971497749,14.750009564284554
fixed-00000021,260.0,4.0,-15,0.0002850824172142449,14.314479289708373
fixed-00000021,260.0,4.0,-14,0.0004931679686154982,13.865569460383654
fixed-00000021,260.0,4.0,-13,0.0004391317155401655,13.401935191968363
fixed-00000021,260.0,4.0,-12,0.00041812048295777773,12.921991178661202
fixed-00000021,260.0,4.0,-11,0.0008325261448383711,12.423846879528327
fixed-00000021,260.0,4.0,-10,0.0007064162384101628,11.905217349750558
fixed-00000021,260.0,4.0,-9,0.0007995750793638047,11.363297500741439
fixed-00000021,260.0,4.0,-8,0.0015473228042521697,10.794579595613783
fixed-00000021,260.0,4.0,-7,0.001360210277165682,10.194579116674106
fixed-00000021,260.0,4.0,-6,0.0018835708614985639,9.557405601711935
fixed-00000021,260.0,4.0,-5,0.003200970338293734,8.875055586881174
fixed-00000021,260.0,4.0,-4,0.005364220773178002,8.136169892284855
fixed-00000021,260.0,4.0,-3,0.005346894935793772,7.32365592105198
fixed-00000021,260.0,4.0,-2,0.01662308783968157,6.409572995038118
fixed-00000021,260.0,4.0,-1,0.1324437176199118,5.342033137263584
fixed-00000021,260.0,4.0,0,0.061630107545682974,3.999999999999943
fixed-00000021,260.0,4.0,1,0.12991809043028535,1.8629706538812485
fixed-00000021,260.0,4.0,2,0.0,0.0
fixed-00000021,260.0,4.0,3,0.0,0.0
fixed-00000021,260.0,4.0,4,0.0,0.0
fixed-00000021,260.0,4.0,5,0.0,0.0
fixed-00000021,260.0,4.0,6,0.0,0.0
fixed-00000021,260.0,4.0,7,0.0,0.0
fixed-00000021,260.0,4.0,8,0.0,0.0
fixed-00000021,260.0,4.0,9,0.0,0.0
fixed-00000021,260.0,4.0,10,0.0,0.0
fixed-00000021,260.0,4.0,11,0.0,0.0
fixed-00000021,260.0,4.0,12,0.0,0.0
fixed-00000021,260.0,4.0,13,0.0,0.0
fixed-00000021,260.0,4.0,14,0.0,0.0
fixed-00000021,260.0,4.0,15,0.0,0.0
fixed-00000021,260.0,4.0,16,0.0,0.0
fixed-00000021,260.0,4.0,17,0.0,0.0
fixed-00000021,260.0,4.0,18,0.0,0.0
fixed-00000021,260.0,4.0,19,0.0,0.0
fixed-00000021,260.0,4.0,20,0.0,0.0
fixed-00000022,270.0,4.0,-20,0.00031190595357748636,16.08964950237933
fixed-00000022,270.0,4.0,-19,0.00022674504417507344,15.705455556386227
fixed-00000022,270.0,4.0,-18,0.0002205691410882549,15.311873059069725
fixed-00000022,270.0,4.0,-17,0.0003358920938775862,14.908158060804453
fixed-00000022,270.0,4.0,-16,0.0003031686696951352,14.493463473362837
fixed-00000022,270.0,4.0,-15,0.00028904994699808964,14.066817881848507
fixed-00000022,270.0,4.0,-14,0.0004965259258391956,13.627098410003597
fixed-00000022,270.0,4.0,-13,0.0004395800961417638,13.172995462424524
fixed-00000022,270.0,4.0,-12,0.0004203276329518302,12.702966158118315
fixed-00000022,270.0,4.0,-11,0.0008480248139896844,12.215171679035521
fixed-00000022,270.0,4.0,-10,0.0007088940192945166,11.707391172695964
fixed-00000022,270.0,4.0,-9,0.0008016034340194748,11.176900501616302
fixed-00000022,270.0,4.0,-8,0.0015948725859855283,10.620296524793474
fixed-00000022,270.0,4.0,-7,0.0013429611981071426,10.033233642263525
fixed-00000022,270.0,4.0,-6,0.0019064626400561065,9.410012267886245
fixed-00000022,270.0,4.0,-5,0.0033272985801615106,8.742902716320742
fixed-00000022,270.0,4.0,-4,0.005198452537226656,8.020961125094075
fixed-00000022,270.0,4.0,-3,0.005507515905948635,7.227774780095174
fixed-00000022,270.0,4.0,-2,0.016523176357436397,6.336644982795491
fixed-00000022,270.0,4.0,-1,0.13214698532926736,5.298379990270192
fixed-00000022,270.0,4.0,0,0.04886439458807667,4.000000000000043
fixed-00000022,270.0,4.0,1,0.14074524804874755,1.9835743440105915
fixed-00000022,270.0,4.0,2,0.0,0.0
fixed-00000022,270.0,4.0,3,0.0,0.0
fixed-00000022,270.0,4.0,4,0.0,0.0
fixed-00000022,270.0,4.0,5,0.0,0.0
fixed-00000022,270.0,4.0,6,0.0,0.0
fixed-00000022,270.0,4.0,7,0.0,0.0
fixed-00000022,270.0,4.0,8,0.0,0.0
fixed-00000022,270.0,4.0,9,0.0,0.0
fixed-00000022,270.0,4.0,10,0.0,0.0
fixed-00000022,270.0,4.0,11,0.0,0.0
fixed-00000022,270.0,4.0,12,0.0,0.0
fixed-00000022,270.0,4.0,13,0.0,0.0
fixed-00000022,270.0,4.0,14,0.0,0.0
fixed-00000022,270.0,4.0,15,0.0,0.0
fixed-00000022,270.0,4.0,16,0.0,0.0
fixed-00000022,270.0,4.0,17,0.0,0.0
fixed-00000022,270.0,4.0,18,0.0,0.0
fixed-00000022,270.0,4.0,19,0.0,0.0
fixed-00000022,270.0,4.0,20,0.0,0.0
fixed-00000023,280.0,4.0,-20,0.00029859238312131953,15.816153021261812
fixed-00000023,280.0,4.0,-19,0.00021300566068511344,15.439449087160426
fixed-00000023,280.0,4.0,-18,0.00021310209056392158,15.05355599411152
fixed-00000023,280.0,4.0,-17,0.00032125361745572546,14.657747646499345
fixed-00000023,280.0,4.0,-16,0.0002862018726773809,14.251197562253566
fixed-00000023,280.0,4.0,-15,0.00027811500839084466,13.832958309872055
fixed-00000023,280.0,4.0,-14,0.0004755890492620807,13.401935191968334
fixed-00000023,280.0,4.0,-13,0.0004170817196579271,12.956852076462738
fixed-00000023,280.0,4.0,-12,0.0004022523984579376,12.496206306817058
fixed-00000023,280.0,4.0,-11,0.0008231990038926742,12.018208096115075
fixed-00000023,280.0,4.0,-10,0.0006763013200104652,11.520697333479006
fixed-00000023,280.0,4.0,-9,0.0007679915564417166,11.001026574425026
fixed-00000023,280.0,4.0,-8,0.0015696012569914918,10.45589172636997
fixed-00000023,280.0,4.0,-7,0.0012691195110671946,9.881078656044693
fixed-00000023,280.0,4.0,-6,0.0018506870197637698,9.27106825583462
fixed-00000023,280.0,4.0,-5,0.0033283845498636474,8.618389378622567
fixed-00000023,280.0,4.0,-4,0.004861450063615295,7.9124896307686186
fixed-00000023,280.0,4.0,-3,0.005470277205784652,7.137595307370333
fixed-00000023,280.0,4.0,-2,0.01601992789908086,6.268169548557026
fixed-00000023,280.0,4.0,-1,0.12824761202750162,5.257521326257304
fixed-00000023,280.0,4.0,0,0.037584612619429976,4.000000000000043
fixed-00000023,280.0,4.0,1,0.14845940755527912,2.089341578597498
fixed-00000023,280.0,4.0,2,0.0,0.0
fixed-00000023,280.0,4.0,3,0.0,0.0
fixed-00000023,280.0,4.0,4,0.0,0.0
fixed-00000023,280.0,4.0,5,0.0,0.0
fixed-00000023,280.0,4.0,6,0.0,0.0
fixed-00000023,280.0,4.0,7,0.0,0.0
fixed-00000023,280.0,4.0,8,0.0,0.0
fixed-00000023,280.0,4.0,9,0.0,0.0
fixed-00000023,280.0,4.0,10,0.0,0.0
fixed-00000023,280.0,4.0,11,0.0,0.0
fixed-00000023,280.0,4.0,12,0.0,0.0
fixed-00000023,280.0,4.0,13,0.0,0.0
fixed-00000023,280.0,4.0,14,0.0,0.0
fixed-00000023,280.0,4.0,15,0.0,0.0
fixed-00000023,280.0,4.0,16,0.0,0.0
fixed-00000023,280.0,4.0,17,0.0,0.0
fixed-00000023,280.0,4.0,18,0.0,0.0
fixed-00000023,280.0,4.0,19,0.0,0.0
fixed-00000023,280.0,4.0,20,0.0,0.0
fixed-00000024,290.0,4.0,-20,0.0002904615757121563,15.557309048540347
fixed-00000024,290.0,4.0,-19,0.00020318306165224782,15.187703917530484
fixed-00000024,290.0,4.0,-18,0.0002093652037614074,14.809099185639653
fixed-00000024,290.0,4.0,-17,0.0003114206590672541,14.420785723786253
fixed-00000024,290.0,4.0,-16,0.0002739097973244748,14.02195663092941
fixed-00000024,290.0,4.0,-15,0.00027198600914906903,13.611687264434664
fixed-00000024,290.0,4.0,-14,0.00046092366872373477,13.18890970007432
fixed-00000024,290.0,4.0,-13,0.00040112601206599596,12.752379596207746
fixed-00000024,290.0,4.0,-12,0.0003906779801764704,12.300632504160816
fixed-00000024,290.0,4.0,-11,0.0008077138947389292,11.831925200795666
fixed-00000024,290.0,4.0,-10,0.0006538382803240264,11.344155244919335
fixed-00000024,290.0,4.0,-9,0.000744734700922444,10.834747980635072
fixed-00000024,290.0,4.0,-8,0.0015604770509046332,10.300493276388579
fixed-00000024,290.0,4.0,-7,0.0012128601017128637,9.737301631890915
fixed-00000024,290.0,4.0,-6,0.0018151837688148219,9.139824882054754
fixed-00000024,290.0,4.0,-5,0.003358698942284967,8.500836443523596
fixed-00000024,290.0,4.0,-4,0.004567912358873521,7.810153537213992
fixed-00000024,290.0,4.0,-3,0.005478334461711847,7.052604065868977
fixed-00000024,290.0,4.0,-2,0.01559213784235379,6.203739911827654
fixed-00000024,290.0,4.0,-1,0.12470322567987738,5.219193787774614
fixed-00000024,290.0,4.0,0,0.02881732540217152,4.000000000000043
fixed-00000024,290.0,4.0,1,0.15560245472287537,2.1832152248066166
fixed-00000024,290.0,4.0,2,0.0,0.0
fixed-00000024,290.0,4.0,3,0.0,0.0
fixed-00000024,290.0,4.0,4,0.0,0.0
fixed-00000024,290.0,4.0,5,0.0,0.0
fixed-00000024,290.0,4.0,6,0.0,0.0
fixed-00000024,290.0,4.0,7,0.0,0.0
fixed-00000024,290.0,4.0,8,0.0,0.0
fixed-00000024,290.0,4.0,9,0.0,0.0
fixed-00000024,290.0,4.0,10,0.0,0.0
fixed-00000024,290.0,4.0,11,0.0,0.0
fixed-00000024,290.0,4.0,12,0.0,0.0
fixed-00000024,290.0,4.0,13,0.0,0.0
fixed-00000024,290.0,4.0,14,0.0,0.0
fixed-00000024,290.0,4.0,15,0.0,0.0
fixed-00000024,290.0,4.0,16,0.0,0.0
fixed-00000024,290.0,4.0,17,0.0,0.0
fixed-00000024,290.0,4.0,18,0.0,0.0
fixed-00000024,290.0,4.0,19,0.0,0.0
fixed-00000024,290.0,4.0,20,0.0,0.0
fixed-00000025,300.0,4.0,-20,0.0002753055679001023,15.311873059069754
fixed-00000025,300.0,4.0,-19,0.00018882658004214594,14.949008768730735
fixed-00000025,300.0,4.0,-18,0.0002007676351241815,14.577325397340658
fixed-00000025,300.0,4.0,-17,0.00029473438403563543,14.196129966981303
fixed-00000025,300.0,4.0,-16,0.0002556096376548245,13.804634215692602
fixed-00000025,300.0,4.0,-15,0.0002597780172861118,13.401935191968363
fixed-00000025,300.0,4.0,-14,0.0004363218323257007,12.986990452752977
fixed-00000025,300.0,4.0,-13,0.0003761690543512208,12.558585909081373
fixed-00000025,300.0,4.0,-12,0.0003708861862340569,12.115293466158093
fixed-00000025,300.0,4.0,-11,0.0007745259593070597,11.655414195869767
fixed-00000025,300.0,4.0,-10,0.0006170419710027501,11.176900501616302
fixed-00000025,300.0,4.0,-9,0.0007067865540968477,10.677246924869209
fixed-00000025,300.0,4.0,-8,0.0015172780145667887,10.153332615240856
fixed-00000025,300.0,4.0,-7,0.0011341831317139258,9.601186418732823
fixed-00000025,300.0,4.0,-6,0.0017455808890877369,9.015622340555609
fixed-00000025,300.0,4.0,-5,0.003324797235399845,8.389645509317319
fixed-00000025,300.0,4.0,-4,0.0042101587660398985,7.713422675659871
fixed-00000025,300.0,4.0,-3,0.0053900815453349965,6.9723490289475905
fixed-00000025,300.0,4.0,-2,0.014976891048460754,6.142998339829575
fixed-00000025,300.0,4.0,-1,0.11941217122633606,5.1831664320526585
fixed-00000025,300.0,4.0,0,0.022059497483361497,4.000000000000043
fixed-00000025,300.0,4.0,1,0.16060065965428602,2.2673283559992825
fixed-00000025,300.0,4.0,2,0.0,0.0
fixed-00000025,300.0,4.0,3,0.0,0.0
fixed-00000025,300.0,4.0,4,0.0,0.0
fixed-00000025,300.0,4.0,5,0.0,0.0
fixed-00000025,300.0,4.0,6,0.0,0.0
fixed-00000025,300.0,4.0,7,0.0,0.0
fixed-00000025,300.0,4.0,8,0.0,0.0
fixed-00000025,300.0,4.0,9,0.0,0.0
fixed-00000025,300.0,4.0,10,0.0,0.0
fixed-00000025,300.0,4.0,11,0.0,0.0
fixed-00000025,300.0,4.0,12,0.0,0.0
fixed-00000025,300.0,4.0,13,0.0,0.0
fixed-00000025,300.0,4.0,14,0.0,0.0
fixed-00000025,300.0,4.0,15,0.0,0.0
fixed-00000025,300.0,4.0,16,0.0,0.0
fixed-00000025,300.0,4.0,17,0.0,0.0
fixed-00000025,300.0,4.0,18,0.0,0.0
fixed-00000025,300.0,4.0,19,0.0,0.0
fixed-00000025,300.0,4.0,20,0.0,0.0
fixed-00000026,310.0,4.0,-20,0.00026443389029237325,15.07874327797117
fixed-00000026,310.0,4.0,-19,0.00017752499549117387,14.722291275094364
fixed-00000026,310.0,4.0,-18,0.00019487589542816356,14.357192380701974
fixed-00000026,310.0,4.0,-17,0.00028153760112289766,13.982769016704736
fixed-00000026,310.0,4.0,-16,0.0002409262648734143,13.598250692153599
fixed-00000026,310.0,4.0,-15,0.000250596513426392,13.202755134906326
fixed-00000026,310.0,4.0,-14,0.0004159689338942862,12.795264192127092
fixed-00000026,310.0,4.0,-13,0.00035592377974838404,12.37459260982395
fixed-00000026,310.0,4.0,-12,0.00035468631217340285,11.939346937600874
fixed-00000026,310.0,4.0,-11,0.000746778245598113,11.487870450145792
fixed-00000026,310.0,4.0,-10,0.0005867299335647357,11.01816778980809
fixed-00000026,310.0,4.0,-9,0.0006737228252236327,10.527799382740596
fixed-00000026,310.0,4.0,-8,0.0014815708826556573,10.013729342403465
fixed-00000026,310.0,4.0,-7,0.0010651294910252176,9.472099061220248
fixed-00000026,310.0,4.0,-6,0.001684188724547978,8.89787662245989
fixed-00000026,310.0,4.0,-5,0.0032975631162177714,8.284287014836138
fixed-00000026,310.0,4.0,-4,0.003874935020247209,7.621828010395305
fixed-00000026,310.0,4.0,-3,0.005313095274259817,6.896430508503414
fixed-00000026,310.0,4.0,-2,0.014370550210771221,6.085628867863377
fixed-00000026,310.0,4.0,-1,0.1141272441629068,5.149235852894208
fixed-00000026,310.0,4.0,0,0.017450256112748395,4.000000000000043
fixed-00000026,310.0,4.0,1,0.16476970174318215,2.3432844286040506
fixed-00000026,310.0,4.0,2,0.0,0.0
fixed-00000026,310.0,4.0,3,0.0,0.0
fixed-00000026,310.0,4.0,4,0.0,0.0
fixed-00000026,310.0,4.0,5,0.0,0.0
fixed-00000026,310.0,4.0,6,0.0,0.0
fixed-00000026,310.0,4.0,7,0.0,0.0
fixed-00000026,310.0,4.0,8,0.0,0.0
fixed-00000026,310.0,4.0,9,0.0,0.0
fixed-00000026,310.0,4.0,10,0.0,0.0
fixed-00000026,310.0,4.0,11,0.0,0.0
fixed-00000026,310.0,4.0,12,0.0,0.0
fixed-00000026,310.0,4.0,13,0.0,0.0
fixed-00000026,310.0,4.0,14,0.0,0.0
fixed-00000026,310.0,4.0,15,0.0,0.0
fixed-00000026,310.0,4.0,16,0.0,0.0
fixed-00000026,310.0,4.0,17,0.0,0.0
fixed-00000026,310.0,4.0,18,0.0,0.0
fixed-00000026,310.0,4.0,19,0.0,0.0
fixed-00000026,310.0,4.0,20,0.0,0.0
fixed-00000027,320.0,4.0,-20,0.0002613270031526904,14.856940312447804
fixed-00000027,320.0,4.0,-19,0.0001715803427314061,14.506598167644967
fixed-00000027,320.0,4.0,-18,0.00019455986422031794,14.147773622565637
fixed-00000027,320.0,4.0,-17,0.0002755587339907879,13.779803804715016
fixed-00000027,320.0,4.0,-16,0.00023283006863860677,13.401935191968363
fixed-00000027,320.0,4.0,-15,0.0002485313696092748,13.01330525646199
fixed-00000027,320.0,4.0,-14,0.00040542411223540677,12.612919034749368
fixed-00000027,320.0,4.0,-13,0.00034523036058661403,12.199618797218477
fixed-00000027,320.0,4.0,-12,0.0003481935324295606,11.772044157333355
fixed-00000027,320.0,4.0,-11,0.0007346781001325343,11.328578657906675
fixed-00000027,320.0,4.0,-10,0.0005719396890676205,10.867276770488644
fixed-00000027,320.0,4.0,-9,0.0006561006480647122,10.385761741931148
fixed-00000027,320.0,4.0,-8,0.001475015760569298,9.881078656044693
fixed-00000027,320.0,4.0,-7,0.0010224304132288222,9.34947608678739
fixed-00000027,320.0,4.0,-6,0.0016550318029375584,8.786068711064956
fixed-00000027,320.0,4.0,-5,0.003328674759861628,8.184290419985587
fixed-00000027,320.0,4.0,-4,0.003607204902920751,7.534952908764481
fixed-00000027,320.0,4.0,-3,0.005321699214071145,6.824493664384079
fixed-00000027,320.0,4.0,-2,0.013921199040775498,6.03135129215535
fixed-00000027,320.0,4.0,-1,0.1098602691862643,5.117222163430583
fixed-00000027,320.0,4.0,0,0.014937169602978405,4.000000000000128
fixed-00000027,320.0,4.0,1,0.16928804329647124,2.4123233315560384
fixed-00000027,320.0,4.0,2,0.0,0.0
fixed-00000027,320.0,4.0,3,0.0,0.0
fixed-00000027,320.0,4.0,4,0.0,0.0
fixed-00000027,320.0,4.0,5,0.0,0.0
fixed-00000027,320.0,4.0,6,0.0,0.0
fixed-00000027,320.0,4.0,7,0.0,0.0
fixed-00000027,320.0,4.0,8,0.0,0.0
fixed-00000027,320.0,4.0,9,0.0,0.0
fixed-00000027,320.0,4.0,10,0.0,0.0
fixed-00000027,320.0,4.0,11,0.0,0.0
fixed-00000027,320.0,4.0,12,0.0,0.0
fixed-00000027,320.0,4.0,13,0.0,0.0
fixed-00000027,320.0,4.0,14,0.0,0.0
fixed-00000027,320.0,4.0,15,0.0,0.0
fixed-00000027,320.0,4.0,16,0.0,0.0
fixed-00000027,320.0,4.0,17,0.0,0.0
fixed-00000027,320.0,4.0,18,0.0,0.0
fixed-00000027,320.0,4.0,19,0.0,0.0
fixed-00000027,320.0,4.0,20,0.0,0.0
fixed-00000028,330.0,4.0,-20,0.00025792179007858615,14.645590225419767
fixed-00000028,330.0,4.0,-19,0.00016590063877139932,14.30107880549295
fixed-00000028,330.0,4.0,-18,0.00019466193250887318,13.948242344473968
fixed-00000028,330.0,4.0,-17,0.00026987019345262264,13.586432032334955
fixed-00000028,330.0,4.0,-16,0.0002248965957469483,13.214910572562928
fixed-00000028,330.0,4.0,-15,0.0002477937030992811,12.832834315133255
fixed-00000028,330.0,4.0,-14,0.0003956237367555789,12.43923046584949
fixed-00000028,330.0,4.0,-13,0.0003350747290239686,12.0329676048014
fixed-00000028,330.0,4.0,-12,0.0003445719872953364,11.612716944258466
fixed-00000028,330.0,4.0,-11,0.0007237284367402851,11.176900501616302
fixed-00000028,330.0,4.0,-10,0.0005594398428572949,10.723620343405443
fixed-00000028,330.0,4.0,-9,0.0006432378592230284,10.250559696102783
fixed-00000028,330.0,4.0,-8,0.0014721367352636776,9.754840910694881
fixed-00000028,330.0,4.0,-7,0.0009876043406089909,9.232814767905225
fixed-00000028,330.0,4.0,-6,0.00163497998531112,8.6797355991839
fixed-00000028,330.0,4.0,-5,0.0033787745837409486,8.089236042823956
fixed-00000028,330.0,4.0,-4,0.0033619622761645635,7.452425884783267
fixed-00000028,330.0,4.0,-3,0.005358178869779795,6.756222279782023
fixed-00000028,330.0,4.0,-2,0.013537933168303495,5.9799161810314985
fixed-00000028,330.0,4.0,-1,0.10565851547657475,5.086965666639671
fixed-00000028,330.0,4.0,0,0.01431235648565406,3.999999999999943
fixed-00000028,330.0,4.0,1,0.17352515923516706,2.4754257179255603
fixed-00000028,330.0,4.0,2,0.0,0.0
fixed-00000028,330.0,4.0,3,0.0,0.0
fixed-00000028,330.0,4.0,4,0.0,0.0
fixed-00000028,330.0,4.0,5,0.0,0.0
fixed-00000028,330.0,4.0,6,0.0,0.0
fixed-00000028,330.0,4.0,7,0.0,0.0
fixed-00000028,330.0,4.0,8,0.0,0.0
fixed-00000028,330.0,4.0,9,0.0,0.0
fixed-00000028,330.0,4.0,10,0.0,0.0
fixed-00000028,330.0,4.0,11,0.0,0.0
fixed-00000028,330.0,4.0,12,0.0,0.0
fixed-00000028,330.0,4.0,13,0.0,0.0
fixed-00000028,330.0,4.0,14,0.0,0.0
fixed-00000028,330.0,4.0,15,0.0,0.0
fixed-00000028,330.0,4.0,16,0.0,0.0
fixed-00000028,330.0,4.0,17,0.0,0.0
fixed-00000028,330.0,4.0,18,0.0,0.0
fixed-00000028,330.0,4.0,19,0.0,0.0
fixed-00000028,330.0,4.0,20,0.0,0.0
fixed-00000029,340.0,4.0,-20,0.00024587973969840236,14.443910384212742
fixed-00000029,340.0,4.0,-19,0.00015537634280873437,14.104971406638299
fixed-00000029,340.0,4.0,-18,0.00018936700607981815,13.757858124151412
fixed-00000029,340.0,4.0,-17,0.00025697019568529525,13.401935191968363
fixed-00000029,340.0,4.0,-16,0.00021077251371747505,13.036480848951996
fixed-00000029,340.0,4.0,-15,0.00024130287881625784,12.660669518148893
fixed-00000029,340.0,4.0,-14,0.0003765615477815719,12.273549626976305
fixed-00000029,340.0,4.0,-13,0.0003160325517482789,11.87401493674271
fixed-00000029,340.0,4.0,-12,0.00033482240449473813,11.460766897267831
fixed-00000029,340.0,4.0,-11,0.0006970373586282355,11.032264333866962
fixed-00000029,340.0,4.0,-10,0.0005338262961141861,10.586654831666635
fixed-00000029,340.0,4.0,-9,0.000621134126204218,10.121678956186614
fixed-00000029,340.0,4.0,-8,0.0014402612200781967,9.634532883621333
fixed-00000029,340.0,4.0,-7,0.0009371191206001393,9.12166497780018
fixed-00000029,340.0,4.0,-6,0.0015936466781078529,8.578462776597007
fixed-00000029,340.0,4.0,-5,0.0033832036642192096,7.998748233012279
fixed-00000029,340.0,4.0,-4,0.003087389836083409,7.37391453146995
fixed-00000029,340.0,4.0,-3,0.005334279141652752,6.691333557668287
fixed-00000029,340.0,4.0,-2,0.013071887996958687,5.931100707011396
fixed-00000029,340.0,4.0,-1,0.10032652785405222,5.058324079364041
fixed-00000029,340.0,4.0,0,0.015377325859897975,4.000000000000043
fixed-00000029,340.0,4.0,1,0.17619171641891188,2.533381666050957
fixed-00000029,340.0,4.0,2,0.0,0.0
fixed-00000029,340.0,4.0,3,0.0,0.0
fixed-00000029,340.0,4.0,4,0.0,0.0
fixed-00000029,340.0,4.0,5,0.0,0.0
fixed-00000029,340.0,4.0,6,0.0,0.0
fixed-00000029,340.0,4.0,7,0.0,0.0
fixed-00000029,340.0,4.0,8,0.0,0.0
fixed-00000029,340.0,4.0,9,0.0,0.0
fixed-00000029,340.0,4.0,10,0.0,0.0
fixed-00000029,340.0,4.0,11,0.0,0.0
fixed-00000029,340.0,4.0,12,0.0,0.0
fixed-00000029,340.0,4.0,13,0.0,0.0
fixed-00000029,340.0,4.0,14,0.0,0.0
fixed-00000029,340.0,4.0,15,0.0,0.0
fixed-00000029,340.0,4.0,16,0.0,0.0
fixed-00000029,340.0,4.0,17,0.0,0.0
fixed-00000029,340.0,4.0,18,0.0,0.0
fixed-00000029,340.0,4.0,19,0.0,0.0
fixed-00000029,340.0,4.0,20,0.0,0.0
fixed-00000030,350.0,4.0,-20,0.00023544772097827435,14.251197562253566
fixed-00000030,350.0,4.0,-19,0.0001458060350651614,13.917591470478868
fixed-00000030,350.0,4.0,-18,0.00018439253063287978,13.575955646065168
fixed-00000030,350.0,4.0,-17,0.0002445582742734957,13.2256676536188
fixed-00000030,350.0,4.0,-16,0.00019753928085123454,12.866020624889416
fixed-00000030,350.0,4.0,-15,0.0002343548175143409,12.496206306817086
fixed-00000030,350.0,4.0,-14,0.0003572442174813029,12.115293466158093
fixed-00000030,350.0,4.0,-13,0.00029754235086454725,11.722199994673844
fixed-00000030,350.0,4.0,-12,0.00032334741983592924,11.315656312084926
fixed-00000030,350.0,4.0,-11,0.000667868693528906,10.894156499405454
fixed-00000030,350.0,4.0,-10,0.0005073134870208203,10.45589172636997
fixed-00000030,350.0,4.0,-9,0.0005944455097618675,9.998657437886877
fixed-00000030,350.0,4.0,-8,0.001399438777416098,9.519720429176374
fixed-00000030,350.0,4.0,-7,0.0008823180502333639,9.015622340555609
fixed-00000030,350.0,4.0,-6,0.0015394301797471014,8.48187791167723
fixed-00000030,350.0,4.0,-5,0.0033568051364146157,7.9124896307686186
fixed-00000030,350.0,4.0,-4,0.002800092749480509,7.299120418664657
fixed-00000030,350.0,4.0,-3,0.005265103333121566,6.629573746376295
fixed-00000030,350.0,4.0,-2,0.012514856291908877,5.884705145226178
fixed-00000030,350.0,4.0,-1,0.09440665338708275,5.031170204831909
fixed-00000030,350.0,4.0,0,0.01804519156458564,4.000000000000043
fixed-00000030,350.0,4.0,1,0.1774713674047776,2.586837597448465
fixed-00000030,350.0,4.0,2,0.0,0.0
fixed-00000030,350.0,4.0,3,0.0,0.0
fixed-00000030,350.0,4.0,4,0.0,0.0
fixed-00000030,350.0,4.0,5,0.0,0.0
fixed-00000030,350.0,4.0,6,0.0,0.0
fixed-00000030,350.0,4.0,7,0.0,0.0
fixed-00000030,350.0,4.0,8,0.0,0.0
fixed-00000030,350.0,4.0,9,0.0,0.0
fixed-00000030,350.0,4.0,10,0.0,0.0
fixed-00000030,350.0,4.0,11,0.0,0.0
fixed-00000030,350.0,4.0,12,0.0,0.0
fixed-00000030,350.0,4.0,13,0.0,0.0
fixed-00000030,350.0,4.0,14,0.0,0.0
fixed-00000030,350.0,4.0,15,0.0,0.0
fixed-00000030,350.0,4.0,16,0.0,0.0
fixed-00000030,350.0,4.0,17,0.0,0.0
fixed-00000030,350.0,4.0,18,0.0,0.0
fixed-00000030,350.0,4.0,19,0.0,0.0
fixed-00000030,350.0,4.0,20,0.0,0.0
fixed-00000031,360.0,4.0,-20,0.00022827503545140473,14.066817881848479
fixed-00000031,360.0,4.0,-19,0.0001391196296148488,13.738321991396589
fixed-00000031,360.0,4.0,-18,0.00018246996259930256,13.401935191968363
fixed-00000031,360.0,4.0,-17,0.0002359041999269599,13.057047439103869
fixed-00000031,360.0,4.0,-16,0.00018779706194943423,12.702966158118315
fixed-00000031,360.0,4.0,-15,0.0002320747487960942,12.338899720932332
fixed-00000031,360.0,4.0,-14,0.0003436074547254026,11.96393641047473
fixed-00000031,360.0,4.0,-13,0.0002843045201191457,11.577017268486188
fixed-00000031,360.0,4.0,-12,0.0003192782593366585,11.176900501616302
fixed-00000031,360.0,4.0,-11,0.0006483783653015305,10.762113997903853
fixed-00000031,360.0,4.0,-10,0.0004901531411961876,10.330890706572049
fixed-00000031,360.0,4.0,-9,0.0005803688177341165,9.881078656044693
fixed-00000031,360.0,4.0,-8,0.0013780120203833919,9.410012267886245
fixed-00000031,360.0,4.0,-7,0.0008463796886212667,8.914322439446764
fixed-00000031,360.0,4.0,-6,0.0015109688411286193,8.389645509317262
fixed-00000031,360.0,4.0,-5,0.0033799856434324096,7.830156313248764
fixed-00000031,360.0,4.0,-4,0.0025643323296806733,7.227774780095132
fixed-00000031,360.0,4.0,-3,0.005270931337285108,6.570714442852491
fixed-00000031,360.0,4.0,-2,0.012110011582668345,5.840549916165145
fixed-00000031,360.0,4.0,-1,0.08922976898217588,5.0053899709427725
fixed-00000031,360.0,4.0,0,0.02237911567120193,4.000000000000043
fixed-00000031,360.0,4.0,1,0.17928274547121184,2.636329350486079
fixed-00000031,360.0,4.0,2,0.0,0.0
fixed-00000031,360.0,4.0,3,0.0,0.0
fixed-00000031,360.0,4.0,4,0.0,0.0
fixed-00000031,360.0,4.0,5,0.0,0.0
fixed-00000031,360.0,4.0,6,0.0,0.0
fixed-00000031,360.0,4.0,7,0.0,0.0
fixed-00000031,360.0,4.0,8,0.0,0.0
fixed-00000031,360.0,4.0,9,0.0,0.0
fixed-00000031,360.0,4.0,10,0.0,0.0
fixed-00000031,360.0,4.0,11,0.0,0.0
fixed-00000031,360.0,4.0,12,0.0,0.0
fixed-00000031,360.0,4.0,13,0.0,0.0
fixed-00000031,360.0,4.0,14,0.0,0.0
fixed-00000031,360.0,4.0,15,0.0,0.0
fixed-00000031,360.0,4.0,16,0.0,0.0
fixed-00000031,360.0,4.0,17,0.0,0.0
fixed-00000031,360.0,4.0,18,0.0,0.0
fixed-00000031,360.0,4.0,19,0.0,0.0
fixed-00000031,360.0,4.0,20,0.0,0.0
fixed-00000032,370.0,4.0,-20,0.00021354416800518222,13.890198270635722
fixed-00000032,370.0,4.0,-19,0.00012834397800803797,13.566605144972584
fixed-00000032,370.0,4.0,-18,0.0001752398374802144,13.235254562125931
fixed-00000032,370.0,4.0,-17,0.0002206085024480762,12.8955483840206
fixed-00000032,370.0,4.0,-16,0.00017291857655867552,12.54680776935885
fixed-00000032,370.0,4.0,-15,0.00022358854369355577,12.188257061712548
fixed-00000032,370.0,4.0,-14,0.0003212802785368229,11.819003290626839
fixed-00000032,370.0,4.0,-13,0.000263267033864448,11.43800973111162
fixed-00000032,370.0,4.0,-12,0.0003078605253850311,11.044061270600096
fixed-00000032,370.0,4.0,-11,0.0006134207375398345,10.635718249445574
fixed-00000032,370.0,4.0,-10,0.00045990329860416885,10.211253708209213
fixed-00000032,370.0,4.0,-9,0.000555313503593155,9.76856611165097
fixed-00000032,370.0,4.0,-8,0.0013252163497148692,9.30505470888508
fixed-00000032,370.0,4.0,-7,0.0007926104592324121,8.817435895697656
fixed-00000032,370.0,4.0,-6,0.0014575129523779686,8.301462371876582
fixed-00000032,370.0,4.0,-5,0.003340014829111249,7.751473670819763
fixed-00000032,370.0,4.0,-4,0.002301798771213129,7.159634849526611
fixed-00000032,370.0,4.0,-3,0.005197765180029688,6.514549453118931
fixed-00000032,370.0,4.0,-2,0.011593955930121105,5.798473075777991
fixed-00000032,370.0,4.0,-1,0.08298111159849035,4.980880768645008
fixed-00000032,370.0,4.0,0,0.02801510804337855,4.000000000000043
fixed-00000032,370.0,4.0,1,0.1790860924148321,2.6823061129422996
fixed-00000032,370.0,4.0,2,0.0,0.0
fixed-00000032,370.0,4.0,3,0.0,0.0
fixed-00000032,370.0,4.0,4,0.0,0.0
fixed-00000032,370.0,4.0,5,0.0,0.0
fixed-00000032,370.0,4.0,6,0.0,0.0
fixed-00000032,370.0,4.0,7,0.0,0.0
fixed-00000032,370.0,4.0,8,0.0,0.0
fixed-00000032,370.0,4.0,9,0.0,0.0
fixed-00000032,370.0,4.0,10,0.0,0.0
fixed-00000032,370.0,4.0,11,0.0,0.0
fixed-00000032,370.0,4.0,12,0.0,0.0
fixed-00000032,370.0,4.0,13,0.0,0.0
fixed-00000032,370.0,4.0,14,0.0,0.0
fixed-00000032,370.0,4.0,15,0.0,0.0
fixed-00000032,370.0,4.0,16,0.0,0.0
fixed-00000032,370.0,4.0,17,0.0,0.0
fixed-00000032,370.0,4.0,18,0.0,0.0
fixed-00000032,370.0,4.0,19,0.0,0.0
fixed-00000032,370.0,4.0,20,0.0,0.0
fixed-00000033,380.0,4.0,-20,0.0002015117883885088,13.720819169692376
fixed-00000033,380.0,4.0,-19,0.00011964787754306162,13.401935191968363
fixed-00000033,380.0,4.0,-18,0.00016973279485512572,13.075422179669076
fixed-00000033,380.0,4.0,-17,0.00020761807738218176,12.740693447383023
fixed-00000033,380.0,4.0,-16,0.00016047620169416823,12.397083362613174
fixed-00000033,380.0,4.0,-15,0.0002171561435720441,12.043831628706272
fixed-00000033,380.0,4.0,-14,0.00030192017310041736,11.680063301026976
fixed-00000033,380.0,4.0,-13,0.0002454899284311581,11.304763029146713
fixed-00000033,380.0,4.0,-12,0.00029909606811426905,10.916741345033458
fixed-00000033,380.0,4.0,-11,0.0005825484703395847,10.514589772150032
fixed-00000033,380.0,4.0,-10,0.00043422382180895473,10.096619860707108
fixed-00000033,380.0,4.0,-9,0.0005340887180446936,9.660778499992048
fixed-00000033,380.0,4.0,-8,0.0012782459346878515,9.204527144434891
fixed-00000033,380.0,4.0,-7,0.0007462503666017488,8.724664167273232
fixed-00000033,380.0,4.0,-6,0.0014100713928058856,8.217053724399236
fixed-00000033,380.0,4.0,-5,0.003308472346857239,7.676192887086515
fixed-00000033,380.0,4.0,-4,0.0020611229602846377,7.094480733772272
fixed-00000033,380.0,4.0,-3,0.005138834524361057,6.460892113517076
fixed-00000033,380.0,4.0,-2,0.011113091485310405,5.758328175331556
fixed-00000033,380.0,4.0,-1,0.07690657002246185,4.957550037925813
fixed-00000033,380.0,4.0,0,0.035028137898002444,4.000000000000043
fixed-00000033,380.0,4.0,1,0.17835557856800335,2.7251481303053993
fixed-00000033,380.0,4.0,2,0.0,0.0
fixed-00000033,380.0,4.0,3,0.0,0.0
fixed-00000033,380.0,4.0,4,0.0,0.0
fixed-00000033,380.0,4.0,5,0.0,0.0
fixed-00000033,380.0,4.0,6,0.0,0.0
fixed-00000033,380.0,4.0,7,0.0,0.0
fixed-00000033,380.0,4.0,8,0.0,0.0
fixed-00000033,380.0,4.0,9,0.0,0.0
fixed-00000033,380.0,4.0,10,0.0,0.0
fixed-00000033,380.0,4.0,11,0.0,0.0
fixed-00000033,380.0,4.0,12,0.0,0.0
fixed-00000033,380.0,4.0,13,0.0,0.0
fixed-00000033,380.0,4.0,14,0.0,0.0
fixed-00000033,380.0,4.0,15,0.0,0.0
fixed-00000033,380.0,4.0,16,0.0,0.0
fixed-00000033,380.0,4.0,17,0.0,0.0
fixed-00000033,380.0,4.0,18,0.0,0.0
fixed-00000033,380.0,4.0,19,0.0,0.0
fixed-00000033,380.0,4.0,20,0.0,0.0
fixed-00000034,390.0,4.0,-20,0.00018782666561376144,13.558208282247051
fixed-00000034,390.0,4.0,-19,0.00011064790880303765,13.243852394778827
fixed-00000034,390.0,4.0,-18,0.00016317031712100754,12.921991178661244
fixed-00000034,390.0,4.0,-17,0.00019343557701899378,12.592048975527604
fixed-00000034,390.0,4.0,-16,0.00014768016816167604,12.253372869543554
fixed-00000034,390.0,4.0,-15,0.0002097963595858229,11.905217349750572
fixed-00000034,390.0,4.0,-14,0.00028135173789526637,11.546724820999572
fixed-00000034,390.0,4.0,-13,0.00022701865026769215,11.17690050161633
fixed-00000034,390.0,4.0,-12,0.00028989577641484336,10.794579595613811
fixed-00000034,390.0,4.0,-11,0.0005492232279958816,10.398383618371724
fixed-00000034,390.0,4.0,-10,0.0004070068472519061,9.986661145214711
fixed-00000034,390.0,4.0,-9,0.0005131664868395172,9.557405601711977
fixed-00000034,390.0,4.0,-8,0.0012254475023934913,9.108138186577165
fixed-00000034,390.0,4.0,-7,0.0006999565922741708,8.635735946513421
fixed-00000034,390.0,4.0,-6,0.0013621099699891812,8.136169892284897
fixed-00000034,390.0,4.0,-5,0.0032661709217449647,7.604087921018774
fixed-00000034,390.0,4.0,-4,0.001834217389109311,7.032112732132049
fixed-00000034,390.0,4.0,-3,0.005074903144559465,6.409572995038175
fixed-00000034,390.0,4.0,-2,0.010650657771862838,5.719982428520552
fixed-00000034,390.0,4.0,-1,0.07073321652699409,4.935314059208693
fixed-00000034,390.0,4.0,0,0.043183459721907055,4.000000000000043
fixed-00000034,390.0,4.0,1,0.17656178329885186,2.7651800627454577
fixed-00000034,390.0,4.0,2,0.0,0.0
fixed-00000034,390.0,4.0,3,0.0,0.0
fixed-00000034,390.0,4.0,4,0.0,0.0
fixed-00000034,390.0,4.0,5,0.0,0.0
fixed-00000034,390.0,4.0,6,0.0,0.0
fixed-00000034,390.0,4.0,7,0.0,0.0
fixed-00000034,390.0,4.0,8,0.0,0.0
fixed-00000034,390.0,4.0,9,0.0,0.0
fixed-00000034,390.0,4.0,10,0.0,0.0
fixed-00000034,390.0,4.0,11,0.0,0.0
fixed-00000034,390.0,4.0,12,0.0,0.0
fixed-00000034,390.0,4.0,13,0.0,0.0
fixed-00000034,390.0,4.0,14,0.0,0.0
fixed-00000034,390.0,4.0,15,0.0,0.0
fixed-00000034,390.0,4.0,16,0.0,0.0
fixed-00000034,390.0,4.0,17,0.0,0.0
fixed-00000034,390.0,4.0,18,0.0,0.0
fixed-00000034,390.0,4.0,19,0.0,0.0
fixed-00000034,390.0,4.0,20,0.0,0.0
fixed-00000035,400.0,4.0,-20,0.0001746962611672909,13.401935191968334
fixed-00000035,400.0,4.0,-19,0.00010252374686606942,13.091937779982686
fixed-00000035,400.0,4.0,-18,0.00015686945131552563,12.774554314257855
fixed-00000035,400.0,4.0,-17,0.00017981017311978357,12.449219763534273
fixed-00000035,400.0,4.0,-16,0.00013596063728471262,12.115293466158093
fixed-00000035,400.0,4.0,-15,0.00020284149889338978,11.772044157333312
fixed-00000035,400.0,4.0,-14,0.0002617375964597169,11.41863095571108
fixed-00000035,400.0,4.0,-13,0.0002099730182313218,11.05407889093172
fixed-00000035,400.0,4.0,-12,0.00028158795771177596,10.677246924869166
fixed-00000035,400.0,4.0,-11,0.0005169881621221778,10.286785444979671
fixed-00000035,400.0,4.0,-10,0.00038162277374721823,9.88107865604465
fixed-00000035,400.0,4.0,-9,0.0004942818458466282,9.458164744734603
fixed-00000035,400.0,4.0,-8,0.0011735225995824208,9.015622340555609
fixed-00000035,400.0,4.0,-7,0.0006580688738043015,8.550404058348832
fixed-00000035,400.0,4.0,-6,0.0013171853108372431,8.058583440755712
fixed-00000035,400.0,4.0,-5,0.0032243186428378896,7.5349529087644385
fixed-00000035,400.0,4.0,-4,0.001627922954693919,6.972349028947534
fixed-00000035,400.0,4.0,-3,0.005019347205249784,6.360437927763655
fixed-00000035,400.0,4.0,-2,0.010227125318436997,5.683315135192018
fixed-00000035,400.0,4.0,-1,0.06464009680496616,4.9140969160105215
fixed-00000035,400.0,4.0,0,0.05228815635736614,4.000000000000043
fixed-00000035,400.0,4.0,1,0.17334085462847118,2.802681229887611
fixed-00000035,400.0,4.0,2,0.0,0.0
fixed-00000035,400.0,4.0,3,0.0,0.0
fixed-00000035,400.0,4.0,4,0.0,0.0
fixed-00000035,400.0,4.0,5,0.0,0.0
fixed-00000035,400.0,4.0,6,0.0,0.0
fixed-00000035,400.0,4.0,7,0.0,0.0
fixed-00000035,400.0,4.0,8,0.0,0.0
fixed-00000035,400.0,4.0,9,0.0,0.0
fixed-00000035,400.0,4.0,10,0.0,0.0
fixed-00000035,400.0,4.0,11,0.0,0.0
fixed-00000035,400.0,4.0,12,0.0,0.0
fixed-00000035,400.0,4.0,13,0.0,0.0
fixed-00000035,400.0,4.0,14,0.0,0.0
fixed-00000035,400.0,4.0,15,0.0,0.0
fixed-00000035,400.0,4.0,16,0.0,0.0
fixed-00000035,400.0,4.0,17,0.0,0.0
fixed-00000035,400.0,4.0,18,0.0,0.0
fixed-00000035,400.0,4.0,19,0.0,0.0
fixed-00000035,400.0,4.0,20,0.0,0.0
fixed-00000036,410.0,4.0,-20,0.00016573546920051858,13.25160671143152
fixed-00000036,410.0,4.0,-19,9.81466468789663e-05,12.945808611381139
fixed-00000036,410.0,4.0,-18,0.0001550877451914622,12.632739563220795
fixed-00000036,410.0,4.0,-17,0.00017103479309802785,12.311844786384484
fixed-00000036,410.0,4.0,-16,0.0001292247005451029,11.982495438084868
fixed-00000036,410.0,4.0,-15,0.0002025386749661709,11.64397399180919
fixed-00000036,410.0,4.0,-14,0.0002500697560263646,11.29545568156965
fixed-00000036,410.0,4.0,-13,0.00020018675954827506,10.935984635208442
fixed-00000036,410.0,4.0,-12,0.0002838912306023853,10.564442711720147
fixed-00000036,410.0,4.0,-11,0.0004994752126964075,10.179508116212844
fixed-00000036,410.0,4.0,-10,0.0003673902176440243,9.779599368767236
fixed-00000036,410.0,4.0,-9,0.000495293482374092,9.362797745675024
fixed-00000036,410.0,4.0,-8,0.0011524255236703715,8.92673712909803
fixed-00000036,410.0,4.0,-7,0.0006370492435330838,8.46844277897803
fixed-00000036,410.0,4.0,-6,0.0013205929227963398,7.984086702197118
fixed-00000036,410.0,4.0,-5,0.0032592799825757507,7.4685999179504705
fixed-00000036,410.0,4.0,-4,0.0014857280482931544,6.915023699498562
fixed-00000036,410.0,4.0,-3,0.005104987684599011,6.313346294075288
fixed-00000036,410.0,4.0,-2,0.010071779111495741,5.648216320416552
fixed-00000036,410.0,4.0,-1,0.059243022418249254,4.893829601074785
fixed-00000036,410.0,4.0,0,0.06178541451040762,4.000000000000043
fixed-00000036,410.0,4.0,1,0.16323839407507512,2.837893584805059
fixed-00000036,410.0,4.0,2,0.0021703145368225205,0.3323929222386681
fixed-00000036,410.0,4.0,3,0.0,0.0
fixed-00000036,410.0,4.0,4,0.0,0.0
fixed-00000036,410.0,4.0,5,0.0,0.0
fixed-00000036,410.0,4.0,6,0.0,0.0
fixed-00000036,410.0,4.0,7,0.0,0.0
fixed-00000036,410.0,4.0,8,0.0,0.0
fixed-00000036,410.0,4.0,9,0.0,0.0
fixed-00000036,410.0,4.0,10,0.0,0.0
fixed-00000036,410.0,4.0,11,0.0,0.0
fixed-00000036,410.0,4.0,12,0.0,0.0
fixed-00000036,410.0,4.0,13,0.0,0.0
fixed-00000036,410.0,4.0,14,0.0,0.0
fixed-00000036,410.0,4.0,15,0.0,0.0
fixed-00000036,410.0,4.0,16,0.0,0.0
fixed-00000036,410.0,4.0,17,0.0,0.0
fixed-00000036,410.0,4.0,18,0.0,0.0
fixed-00000036,410.0,4.0,19,0.0,0.0
fixed-00000036,410.0,4.0,20,0.0,0.0
fixed-00000037,420.0,4.0,-20,0.00014861049541854592,13.106862846525061
fixed-00000037,420.0,4.0,-19,8.846107622451716e-05,12.805114462386342
fixed-00000037,420.0,4.0,-18,0.0001456492715369004,12.496206306817086
fixed-00000037,420.0,4.0,-17,0.00015381750914059516,12.17959349512843
fixed-00000037,420.0,4.0,-16,0.00011601546401893171,11.854658593029981
fixed-00000037,420.0,4.0,-15,0.00019203003651901905,11.520697333478978
fixed-00000037,420.0,4.0,-14,0.0002256408597993969,11.176900501616302
fixed-00000037,420.0,4.0,-13,0.00017957597459935864,10.822330651089075
fixed-00000037,420.0,4.0,-12,0.00027131207356677085,10.45589172636997
fixed-00000037,420.0,4.0,-11,0.00045721574106505163,10.076288755900379
fixed-00000037,420.0,4.0,-10,0.00033109780712899984,9.681973335802653
fixed-00000037,420.0,4.0,-9,0.00047067660523526333,9.27106825583462
fixed-00000037,420.0,4.0,-8,0.0010734623501261766,8.841260597125114
fixed-00000037,420.0,4.0,-7,0.0005745807284733864,8.389645509317234
fixed-00000037,420.0,4.0,-6,0.0012669182279452585,7.912489630768675
fixed-00000037,420.0,4.0,-5,0.0031405242959794606,7.4048569993797315
fixed-00000037,420.0,4.0,-4,0.001270980992404098,6.85998498024081
fixed-00000037,420.0,4.0,-3,0.004981120684819119,6.268169548556969
fixed-00000037,420.0,4.0,-2,0.009566995234569308,5.614585555098117
fixed-00000037,420.0,4.0,-1,0.05248938082187014,4.874449243247412
fixed-00000037,420.0,4.0,0,0.07219034405883594,4.000000000000043
fixed-00000037,420.0,4.0,1,0.15456421345335422,2.871028001785845
fixed-00000037,420.0,4.0,2,0.004689227250470036,0.6990406976807151
fixed-00000037,420.0,4.0,3,0.0,0.0
fixed-00000037,420.0,4.0,4,0.0,0.0
fixed-00000037,420.0,4.0,5,0.0,0.0
fixed-00000037,420.0,4.0,6,0.0,0.0
fixed-00000037,420.0,4.0,7,0.0,0.0
fixed-00000037,420.0,4.0,8,0.0,0.0
fixed-00000037,420.0,4.0,9,0.0,0.0
fixed-00000037,420.0,4.0,10,0.0,0.0
fixed-00000037,420.0,4.0,11,0.0,0.0
fixed-00000037,420.0,4.0,12,0.0,0.0
fixed-00000037,420.0,4.0,13,0.0,0.0
fixed-00000037,420.0,4.0,14,0.0,0.0
fixed-00000037,420.0,4.0,15,0.0,0.0
fixed-00000037,420.0,4.0,16,0.0,0.0
fixed-00000037,420.0,4.0,17,0.0,0.0
fixed-00000037,420.0,4.0,18,0.0,0.0
fixed-00000037,420.0,4.0,19,0.0,0.0
fixed-00000037,420.0,4.0,20,0.0,0.0
fixed-00000038,430.0,4.0,-20,0.0001329813055639651,12.96737328269542
fixed-00000038,430.0,4.0,-19,7.978767763658488e-05,12.669533796208484
fixed-00000038,430.0,4.0,-18,0.00013629627221043347,12.364642007157542
fixed-00000038,430.0,4.0,-17,0.00013747044310628148,12.052162591783855
fixed-00000038,430.0,4.0,-16,0.00010398285100652924,11.731489136876604
fixed-00000038,430.0,4.0,-15,0.0001811541949094081,11.401930182797159
fixed-00000038,430.0,4.0,-14,0.00020189573286597608,11.062691533065163
fixed-00000038,430.0,4.0,-13,0.00016054608274964255,10.712853532213543
fixed-00000038,430.0,4.0,-12,0.00025760529041357085,10.351341443751252
fixed-00000038,430.0,4.0,-11,0.0004148470366773179,9.976886180480477
fixed-00000038,430.0,4.0,-10,0.0002966184859636964,9.587971244288596
fixed-00000038,430.0,4.0,-9,0.0004436308871340509,9.182759450054348
fixed-00000038,430.0,4.0,-8,0.0009912268777790942,8.758989138846587
fixed-00000038,430.0,4.0,-7,0.000513949638634034,8.313822749096218
fixed-00000038,430.0,4.0,-6,0.001204863129748592,7.843617934344664
fixed-00000038,430.0,4.0,-5,0.003001687686328114,7.343566490730254
fixed-00000038,430.0,4.0,-4,0.001067223485310572,6.8070937630128014
fixed-00000038,430.0,4.0,-3,0.004830197471898421,6.224789929923276
fixed-00000038,430.0,4.0,-2,0.009027171299304408,5.582330930281415
fixed-00000038,430.0,4.0,-1,0.04592222597644236,4.855898436406804
fixed-00000038,430.0,4.0,0,0.0831076371460652,4.000000000000043
fixed-00000038,430.0,4.0,1,0.1465728375452107,2.902269292269864
fixed-00000038,430.0,4.0,2,0.00656549088390752,0.9215465625908905
fixed-00000038,430.0,4.0,3,0.0,0.0
fixed-00000038,430.0,4.0,4,0.0,0.0
fixed-00000038,430.0,4.0,5,0.0,0.0
fixed-00000038,430.0,4.0,6,0.0,0.0
fixed-00000038,430.0,4.0,7,0.0,0.0
fixed-00000038,430.0,4.0,8,0.0,0.0
fixed-00000038,430.0,4.0,9,0.0,0.0
fixed-00000038,430.0,4.0,10,0.0,0.0
fixed-00000038,430.0,4.0,11,0.0,0.0
fixed-00000038,430.0,4.0,12,0.0,0.0
fixed-00000038,430.0,4.0,13,0.0,0.0
fixed-00000038,430.0,4.0,14,0.0,0.0
fixed-00000038,430.0,4.0,15,0.0,0.0
fixed-00000038,430.0,4.0,16,0.0,0.0
fixed-00000038,430.0,4.0,17,0.0,0.0
fixed-00000038,430.0,4.0,18,0.0,0.0
fixed-00000038,430.0,4.0,19,0.0,0.0
fixed-00000038,430.0,4.0,20,0.0,0.0
fixed-00000039,440.0,4.0,-20,0.00011949504751022201,12.832834315133255
fixed-00000039,440.0,4.0,-19,7.281551179630122e-05,12.538770978052682
fixed-00000039,440.0,4.0,-18,0.00012819985079644858,12.237759303340212
fixed-00000039,440.0,4.0,-17,0.00012298027917943268,11.929273211537804
fixed-00000039,440.0,4.0,-16,9.412663916773226e-05,11.612716944258509
fixed-00000039,440.0,4.0,-15,0.000171851912461044,11.287411421865912
fixed-00000039,440.0,4.0,-14,0.00018062436037367366,10.952576962541741
fixed-00000039,440.0,4.0,-13,0.0001446023909331589,10.607311101353602
fixed-00000039,440.0,4.0,-12,0.0002460424068399436,10.250559696102783
fixed-00000039,440.0,4.0,-11,0.00037619916452461064,9.88107865604465
fixed-00000039,440.0,4.0,-10,0.00026650127645940066,9.49738228221355
fixed-00000039,440.0,4.0,-9,0.00042017583305128616,9.09767200731369
fixed-00000039,440.0,4.0,-8,0.0009146827963248922,8.679735599183942
fixed-00000039,440.0,4.0,-7,0.0004600546872534183,8.240800326776181
fixed-00000039,440.0,4.0,-6,0.001148998097262804,7.777311442431525
fixed-00000039,440.0,4.0,-5,0.00286901873947692,7.284583534666609
fixed-00000039,440.0,4.0,-4,0.0008864958869495699,6.756222279782023
fixed-00000039,440.0,4.0,-3,0.004694905883564753,6.183099336276953
fixed-00000039,440.0,4.0,-2,0.008527070142117286,5.551368162118536
fixed-00000039,440.0,4.0,-1,0.03978600545531141,4.838124655002829
fixed-00000039,440.0,4.0,0,0.09464116381786927,4.000000000000043
fixed-00000039,440.0,4.0,1,0.13880950802648043,2.931780248048341
fixed-00000039,440.0,4.0,2,0.008344522971884422,1.0924531720081205
fixed-00000039,440.0,4.0,3,0.0,0.0
fixed-00000039,440.0,4.0,4,0.0,0.0
fixed-00000039,440.0,4.0,5,0.0,0.0
fixed-00000039,440.0,4.0,6,0.0,0.0
fixed-00000039,440.0,4.0,7,0.0,0.0
fixed-00000039,440.0,4.0,8,0.0,0.0
fixed-00000039,440.0,4.0,9,0.0,0.0
fixed-00000039,440.0,4.0,10,0.0,0.0
fixed-00000039,440.0,4.0,11,0.0,0.0
fixed-00000039,440.0,4.0,12,0.0,0.0
fixed-00000039,440.0,4.0,13,0.0,0.0
fixed-00000039,440.0,4.0,14,0.0,0.0
fixed-00000039,440.0,4.0,15,0.0,0.0
fixed-00000039,440.0,4.0,16,0.0,0.0
fixed-00000039,440.0,4.0,17,0.0,0.0
fixed-00000039,440.0,4.0,18,0.0,0.0
fixed-00000039,440.0,4.0,19,0.0,0.0
fixed-00000039,440.0,4.0,20,0.0,0.0
fixed-00000040,450.0,4.0,-20,0.00010627561685439838,12.702966158118315
fixed-00000040,450.0,4.0,-19,6.640811144902822e-05,12.412553656294293
fixed-00000040,450.0,4.0,-18,0.00011983833861632396,12.115293466158121
fixed-00000040,450.0,4.0,-17,0.000108681576629657,11.81066845284316
fixed-00000040,450.0,4.0,-16,8.51757293058773e-05,11.498093166079101
fixed-00000040,450.0,4.0,-15,0.00016224782741562806,11.17690050161626
fixed-00000040,450.0,4.0,-14,0.00015964712201306194,10.846324815409005
fixed-00000040,450.0,4.0,-13,0.00012985162768890392,10.505480264653997
fixed-00000040,450.0,4.0,-12,0.00023424762296192712,10.153332615240856
fixed-00000040,450.0,4.0,-11,0.00033751561901403896,9.788661932177646
fixed-00000040,450.0,4.0,-10,0.0002372738695596921,9.41001226788633
fixed-00000040,450.0,4.0,-9,0.00039727979349468495,9.015622340555637
fixed-00000040,450.0,4.0,-8,0.0008361563326694831,8.60332760953709
fixed-00000040,450.0,4.0,-7,0.00040743697634048416,8.170417848002046
fixed-00000040,450.0,4.0,-6,0.0010942644639347734,7.713422675659928
fixed-00000040,450.0,4.0,-5,0.002723579345387558,7.227774780095174
fixed-00000040,450.0,4.0,-4,0.0007224911006711716,6.707252950125579
fixed-00000040,450.0,4.0,-3,0.004555887472709115,6.142998339829504
fixed-00000040,450.0,4.0,-2,0.008038913563353678,5.521619808342521
fixed-00000040,450.0,4.0,-1,0.03393793240895466,4.821079743384956
fixed-00000040,450.0,4.0,0,0.10639474173306868,4.000000000000043
fixed-00000040,450.0,4.0,1,0.13073295109472,2.9597049311129666
fixed-00000040,450.0,4.0,2,0.010134542873599075,1.2338425267338948
fixed-00000040,450.0,4.0,3,0.0,0.0
fixed-00000040,450.0,4.0,4,0.0,0.0
fixed-00000040,450.0,4.0,5,0.0,0.0
fixed-00000040,450.0,4.0,6,0.0,0.0
fixed-00000040,450.0,4.0,7,0.0,0.0
fixed-00000040,450.0,4.0,8,0.0,0.0
fixed-00000040,450.0,4.0,9,0.0,0.0
fixed-00000040,450.0,4.0,10,0.0,0.0
fixed-00000040,450.0,4.0,11,0.0,0.0
fixed-00000040,450.0,4.0,12,0.0,0.0
fixed-00000040,450.0,4.0,13,0.0,0.0
fixed-00000040,450.0,4.0,14,0.0,0.0
fixed-00000040,450.0,4.0,15,0.0,0.0
fixed-00000040,450.0,4.0,16,0.0,0.0
fixed-00000040,450.0,4.0,17,0.0,0.0
fixed-00000040,450.0,4.0,18,0.0,0.0
fixed-00000040,450.0,4.0,19,0.0,0.0
fixed-00000040,450.0,4.0,20,0.0,0.0
fixed-00000041,460.0,4.0,-20,9.360127565848835e-05,12.577510579407715
fixed-00000041,460.0,4.0,-19,6.046643264092734e-05,12.290630459977635
fixed-00000041,460.0,4.0,-18,0.00011110454962259635,11.997000160210277
fixed-00000041,460.0,4.0,-17,9.47044874415533e-05,11.696111205778067
fixed-00000041,460.0,4.0,-16,7.698390346053141e-05,11.387388125912437
fixed-00000041,460.0,4.0,-15,0.0001519479750322257,11.070175408225822
fixed-00000041,460.0,4.0,-14,0.00013893921928116357,10.743720994389975
fixed-00000041,460.0,4.0,-13,0.0001161003945583533,10.407155124901223
fixed-00000041,460.0,4.0,-12,0.00022125149897822183,10.059462823221452
fixed-00000041,460.0,4.0,-11,0.0002984558505936389,9.699447513130764
fixed-00000041,460.0,4.0,-10,0.00020863200011662258,9.325682005200974
fixed-00000041,460.0,4.0,-9,0.00037288302239653646,8.93644104020727
fixed-00000041,460.0,4.0,-8,0.0007542836658437038,8.529606124486918
fixed-00000041,460.0,4.0,-7,0.0003548344602608191,8.102527331430608
fixed-00000041,460.0,4.0,-6,0.0010360650357422803,7.651815588106331
fixed-00000041,460.0,4.0,-5,0.002557436591925868,7.1730172404364225
fixed-00000041,460.0,4.0,-4,0.000571686881405432,6.660077368214232
fixed-00000041,460.0,4.0,-3,0.004397605730548348,6.104395321148445
fixed-00000041,460.0,4.0,-2,0.00753537550696424,5.493014580257693
fixed-00000041,460.0,4.0,-1,0.028364467531552216,4.804719468232179
fixed-00000041,460.0,4.0,0,0.11803068533564223,4.000000000000043
fixed-00000041,460.0,4.0,1,0.12209993335578193,2.986171373421186
fixed-00000041,460.0,4.0,2,0.011945619040650514,1.3553543387345144
fixed-00000041,460.0,4.0,3,0.0,0.0
fixed-00000041,460.0,4.0,4,0.0,0.0
fixed-00000041,460.0,4.0,5,0.0,0.0
fixed-00000041,460.0,4.0,6,0.0,0.0
fixed-00000041,460.0,4.0,7,0.0,0.0
fixed-00000041,460.0,4.0,8,0.0,0.0
fixed-00000041,460.0,4.0,9,0.0,0.0
fixed-00000041,460.0,4.0,10,0.0,0.0
fixed-00000041,460.0,4.0,11,0.0,0.0
fixed-00000041,460.0,4.0,12,0.0,0.0
fixed-00000041,460.0,4.0,13,0.0,0.0
fixed-00000041,460.0,4.0,14,0.0,0.0
fixed-00000041,460.0,4.0,15,0.0,0.0
fixed-00000041,460.0,4.0,16,0.0,0.0
fixed-00000041,460.0,4.0,17,0.0,0.0
fixed-00000041,460.0,4.0,18,0.0,0.0
fixed-00000041,460.0,4.0,19,0.0,0.0
fixed-00000041,460.0,4.0,20,0.0,0.0
fixed-00000042,470.0,4.0,-20,8.316656472626733e-05,12.456228814270318
fixed-00000042,470.0,4.0,-19,5.6073828405035714e-05,12.172768968466443
fixed-00000042,470.0,4.0,-18,0.00010358708239348698,11.882653470494859
fixed-00000042,470.0,4.0,-17,8.262482431748737e-05,11.585382237029776
fixed-00000042,470.0,4.0,-16,7.082704988651384e-05,11.28038946496281
fixed-00000042,470.0,4.0,-15,0.00014306940762792082,10.967030869800126
fixed-00000042,470.0,4.0,-14,0.00012067702180975539,10.644567549905517
fixed-00000042,470.0,4.0,-13,0.00010530134000252021,10.31214531767661
fixed-00000042,470.0,4.0,-12,0.00021001103164875373,9.968767836736134
fixed-00000042,470.0,4.0,-11,0.00026310872536938886,9.613261133217293
fixed-00000042,470.0,4.0,-10,0.00018421654862534292,9.244225833195756
fixed-00000042,470.0,4.0,-9,0.0003513123930972073,8.85997150158471
fixed-00000042,470.0,4.0,-8,0.0006782241611281979,8.458424131399937
fixed-00000042,470.0,4.0,-7,0.0003081540221257688,8.036992005791461
fixed-00000042,470.0,4.0,-6,0.00098295789406275,7.592364458324127
fixed-00000042,470.0,4.0,-5,0.002395629306734357,7.12019728699272
fixed-00000042,470.0,4.0,-4,0.00044092677811325613,6.614595409808928
fixed-00000042,470.0,4.0,-3,0.004250873053414059,6.067205706207318
fixed-00000042,470.0,4.0,-2,0.007063637340435213,5.465486736837221
fixed-00000042,470.0,4.0,-1,0.023275322776911477,4.789003125134016
fixed-00000042,470.0,4.0,0,0.12988031410746334,4.000000000000043
fixed-00000042,470.0,4.0,1,0.11344808123286448,3.011293809692063
fixed-00000042,470.0,4.0,2,0.013808746955046943,1.462265398478209
fixed-00000042,470.0,4.0,3,0.0,0.0
fixed-00000042,470.0,4.0,4,0.0,0.0
fixed-00000042,470.0,4.0,5,0.0,0.0
fixed-00000042,470.0,4.0,6,0.0,0.0
fixed-00000042,470.0,4.0,7,0.0,0.0
fixed-00000042,470.0,4.0,8,0.0,0.0
fixed-00000042,470.0,4.0,9,0.0,0.0
fixed-00000042,470.0,4.0,10,0.0,0.0
fixed-00000042,470.0,4.0,11,0.0,0.0
fixed-00000042,470.0,4.0,12,0.0,0.0
fixed-00000042,470.0,4.0,13,0.0,0.0
fixed-00000042,470.0,4.0,14,0.0,0.0
fixed-00000042,470.0,4.0,15,0.0,0.0
fixed-00000042,470.0,4.0,16,0.0,0.0
fixed-00000042,470.0,4.0,17,0.0,0.0
fixed-00000042,470.0,4.0,18,0.0,0.0
fixed-00000042,470.0,4.0,19,0.0,0.0
fixed-00000042,470.0,4.0,20,0.0,0.0
fixed-00000043,480.0,4.0,-20,7.38147275018047e-05,12.338899720932332
fixed-00000043,480.0,4.0,-19,5.2751771330631755e-05,12.058753916039905
fixed-00000043,480.0,4.0,-18,9.646070126762509e-05,11.772044157333369
fixed-00000043,480.0,4.0,-17,7.150939075967223e-05,11.478278496429667
fixed-00000043,480.0,4.0,-16,6.627881965207883e-05,11.176900501616302
fixed-00000043,480.0,4.0,-15,0.00013481340322520112,10.867276770488644
fixed-00000043,480.0,4.0,-14,0.00010374625842211303,10.548681150469449
fixed-00000043,480.0,4.0,-13,9.687234895028039e-05,10.220274539944285
fixed-00000043,480.0,4.0,-12,0.00019990027404609466,9.881078656044693
fixed-00000043,480.0,4.0,-11,0.00022976595324276832,9.529941408533489
fixed-00000043,480.0,4.0,-10,0.0001628051880374736,9.165490343367907
fixed-00000043,480.0,4.0,-9,0.0003328571779090359,8.786068711064956
fixed-00000043,480.0,4.0,-8,0.0006051118195386576,8.389645509317262
fixed-00000043,480.0,4.0,-7,0.00026589753562156546,7.973685246153153
fixed-00000043,480.0,4.0,-6,0.000937411421981391,7.534952908764538
fixed-00000043,480.0,4.0,-5,0.002233315615319334,7.069209758944453
fixed-00000043,480.0,4.0,-4,0.0003300498702129426,6.570714442852491
fixed-00000043,480.0,4.0,-3,0.004121268422143447,6.03135129215535
fixed-00000043,480.0,4.0,-2,0.006632297949133472,5.438975549640787
fixed-00000043,480.0,4.0,-1,0.018669472606407223,4.773893191801832
fixed-00000043,480.0,4.0,0,0.14174668923266992,4.000000000000128
fixed-00000043,480.0,4.0,1,0.10481573125888642,3.035174537183508
fixed-00000043,480.0,4.0,2,0.01576959309226197,1.5578535504268984
fixed-00000043,480.0,4.0,3,0.0,0.0
fixed-00000043,480.0,4.0,4,0.0,0.0
fixed-00000043,480.0,4.0,5,0.0,0.0
fixed-00000043,480.0,4.0,6,0.0,0.0
fixed-00000043,480.0,4.0,7,0.0,0.0
fixed-00000043,480.0,4.0,8,0.0,0.0
fixed-00000043,480.0,4.0,9,0.0,0.0
fixed-00000043,480.0,4.0,10,0.0,0.0
fixed-00000043,480.0,4.0,11,0.0,0.0
fixed-00000043,480.0,4.0,12,0.0,0.0
fixed-00000043,480.0,4.0,13,0.0,0.0
fixed-00000043,480.0,4.0,14,0.0,0.0
fixed-00000043,480.0,4.0,15,0.0,0.0
fixed-00000043,480.0,4.0,16,0.0,0.0
fixed-00000043,480.0,4.0,17,0.0,0.0
fixed-00000043,480.0,4.0,18,0.0,0.0
fixed-00000043,480.0,4.0,19,0.0,0.0
fixed-00000043,480.0,4.0,20,0.0,0.0
fixed-00000044,490.0,4.0,-20,6.352668918169393e-05,12.225318145104808
fixed-00000044,490.0,4.0,-19,4.86727961980275e-05,11.948385599975978
fixed-00000044,490.0,4.0,-18,8.726056325277293e-05,11.66497810905598
fixed-00000044,490.0,4.0,-17,5.953533715568673e-05,11.374611615381397
fixed-00000044,490.0,4.0,-16,6.120255071274657e-05,11.076738776861475
fixed-00000044,490.0,4.0,-15,0.00012352392603067277,10.770736744273435
fixed-00000044,490.0,4.0,-14,8.545888794745777e-05,10.455891726370012
fixed-00000044,490.0,4.0,-13,8.776935858300153e-05,10.131379245325505
fixed-00000044,490.0,4.0,-12,0.0001851601354253661,9.796238513755625
fixed-00000044,490.0,4.0,-11,0.00019293835489755774,9.449338641416006
fixed-00000044,490.0,4.0,-10,0.00013937665345023045,9.089333242301052
fixed-00000044,490.0,4.0,-9,0.00030838558776805357,8.714598169784495
fixed-00000044,490.0,4.0,-8,0.0005216592048263458,8.323144017155428
fixed-00000044,490.0,4.0,-7,0.00021957185830120818,7.9124896307686186
fixed-00000044,490.0,4.0,-6,0.0008810839185904226,7.479473036402908
fixed-00000044,490.0,4.0,-5,0.002025120303522152,7.019957174357458
fixed-00000044,490.0,4.0,-4,0.0002286907416710412,6.528348627774008
fixed-00000044,490.0,4.0,-3,0.0039423305742566014,5.996759649897882
fixed-00000044,490.0,4.0,-2,0.006133963895668342,5.413424829013778
fixed-00000044,490.0,4.0,-1,0.014369977345232095,4.7593550215627545
fixed-00000044,490.0,4.0,0,0.15203155750551298,4.000000000000128
fixed-00000044,490.0,4.0,1,0.09528794325554285,3.057905474932099
fixed-00000044,490.0,4.0,2,0.01771082526891279,1.6443284594506906
fixed-00000044,490.0,4.0,3,0.0,0.0
fixed-00000044,490.0,4.0,4,0.0,0.0
fixed-00000044,490.0,4.0,5,0.0,0.0
fixed-00000044,490.0,4.0,6,0.0,0.0
fixed-00000044,490.0,4.0,7,0.0,0.0
fixed-00000044,490.0,4.0,8,0.0,0.0
fixed-00000044,490.0,4.0,9,0.0,0.0
fixed-00000044,490.0,4.0,10,0.0,0.0
fixed-00000044,490.0,4.0,11,0.0,0.0
fixed-00000044,490.0,4.0,12,0.0,0.0
fixed-00000044,490.0,4.0,13,0.0,0.0
fixed-00000044,490.0,4.0,14,0.0,0.0
fixed-00000044,490.0,4.0,15,0.0,0.0
fixed-00000044,490.0,4.0,16,0.0,0.0
fixed-00000044,490.0,4.0,17,0.0,0.0
fixed-00000044,490.0,4.0,18,0.0,0.0
fixed-00000044,490.0,4.0,19,0.0,0.0
fixed-00000044,490.0,4.0,20,0.0,0.0
fixed-00000045,500.0,4.0,-20,5.467770041134629e-05,12.115293466158121
fixed-00000045,500.0,4.0,-19,4.502775398644316e-05,11.8414784654246
fixed-00000045,500.0,4.0,-18,7.81081626566011e-05,11.561274966505863
fixed-00000045,500.0,4.0,-17,4.887520334693135e-05,11.274206572013128
fixed-00000045,500.0,4.0,-16,5.6833770600808665e-05,10.979734761202295
fixed-00000045,500.0,4.0,-15,0.00011174423167597318,10.677246924869209
fixed-00000045,500.0,4.0,-14,6.872511304015885e-05,10.366041263914951
fixed-00000045,500.0,4.0,-13,7.989102568911407e-05,10.045307484204272
fixed-00000045,500.0,4.0,-12,0.00016887377387888382,9.714101762495858
fixed-00000045,500.0,4.0,-11,0.00015787685963426532,9.371313757611418
fixed-00000045,500.0,4.0,-10,0.00011806349475841383,9.01562234055568
fixed-00000045,500.0,4.0,-9,0.0002810634139383521,8.645434936834732
fixed-00000045,500.0,4.0,-8,0.0004389872702859001,8.258802394264194
fixed-00000045,500.0,4.0,-7,0.0001759176510155959,7.85329610268785
fixed-00000045,500.0,4.0,-6,0.0008178543562847864,7.425824639985038
fixed-00000045,500.0,4.0,-5,0.0017989937017172876,6.972349028947647
fixed-00000045,500.0,4.0,-4,0.0001425706130055737,6.487418295723927
fixed-00000045,500.0,4.0,-3,0.0037321550753296497,5.96336359338612
fixed-00000045,500.0,4.0,-2,0.005596809328693524,5.388782503478367
fixed-00000045,500.0,4.0,-1,0.010573259158732824,4.745356571759629
fixed-00000045,500.0,4.0,0,0.16097828035668388,4.000000000000128
fixed-00000045,500.0,4.0,1,0.08537018103685791,3.07956947893598
fixed-00000045,500.0,4.0,2,0.019567841187922215,1.7232677700620371
fixed-00000045,500.0,4.0,3,0.0,0.0
fixed-00000045,500.0,4.0,4,0.0,0.0
fixed-00000045,500.0,4.0,5,0.0,0.0
fixed-00000045,500.0,4.0,6,0.0,0.0
fixed-00000045,500.0,4.0,7,0.0,0.0
fixed-00000045,500.0,4.0,8,0.0,0.0
fixed-00000045,500.0,4.0,9,0.0,0.0
fixed-00000045,500.0,4.0,10,0.0,0.0
fixed-00000045,500.0,4.0,11,0.0,0.0
fixed-00000045,500.0,4.0,12,0.0,0.0
fixed-00000045,500.0,4.0,13,0.0,0.0
fixed-00000045,500.0,4.0,14,0.0,0.0
fixed-00000045,500.0,4.0,15,0.0,0.0
fixed-00000045,500.0,4.0,16,0.0,0.0
fixed-00000045,500.0,4.0,17,0.0,0.0
fixed-00000045,500.0,4.0,18,0.0,0.0
fixed-00000045,500.0,4.0,19,0.0,0.0
fixed-00000045,500.0,4.0,20,0.0,0.0
fixed-00000046,510.0,4.0,-20,4.6635944869445994e-05,12.00864830157974
fixed-00000046,510.0,4.0,-19,4.123834681334897e-05,11.73785984433411
fixed-00000046,510.0,4.0,-18,6.853432193933206e-05,11.46076689726786
fixed-00000046,510.0,4.0,-17,3.9177194990362074e-05,11.17690050161626
fixed-00000046,510.0,4.0,-16,5.2495180583617434e-05,10.885730702301743
fixed-00000046,510.0,4.0,-15,9.881628119643996e-05,10.586654831666607
fixed-00000046,510.0,4.0,-14,5.3249134290601376e-05,10.278982730887435
fixed-00000046,510.0,4.0,-13,7.234923912799896e-05,9.961917870049362
fixed-00000046,510.0,4.0,-12,0.00015007464080194554,9.63453288362129
fixed-00000046,510.0,4.0,-11,0.00012422742154319594,9.295737359102532
fixed-00000046,510.0,4.0,-10,9.796221011221876e-05,8.944234651595096
fixed-00000046,510.0,4.0,-9,0.00024942755480225127,8.578462776597007
fixed-00000046,510.0,4.0,-8,0.0003564154369823844,8.19651155890179
fixed-00000046,510.0,4.0,-7,0.00013444947232789023,7.796003222671089
fixed-00000046,510.0,4.0,-6,0.0007444037333952058,7.373914531470007
fixed-00000046,510.0,4.0,-5,0.0015511814818715667,6.926301171313213
fixed-00000046,510.0,4.0,-4,7.342957383685803e-05,6.447849394706807
fixed-00000046,510.0,4.0,-3,0.0034768929380471756,5.931100707011325
fixed-00000046,510.0,4.0,-2,0.005002682733348932,5.3650002454304655
fixed-00000046,510.0,4.0,-1,0.007322455787548045,4.731868162490429
fixed-00000046,510.0,4.0,0,0.16774675481304707,3.999999999999943
fixed-00000046,510.0,4.0,1,0.07502344207533415,3.100241457700733
fixed-00000046,510.0,4.0,2,0.021231060896030038,1.7958468702815367
fixed-00000046,510.0,4.0,3,0.0,0.0
fixed-00000046,510.0,4.0,4,0.0,0.0
fixed-00000046,510.0,4.0,5,0.0,0.0
fixed-00000046,510.0,4.0,6,0.0,0.0
fixed-00000046,510.0,4.0,7,0.0,0.0
fixed-00000046,510.0,4.0,8,0.0,0.0
fixed-00000046,510.0,4.0,9,0.0,0.0
fixed-00000046,510.0,4.0,10,0.0,0.0
fixed-00000046,510.0,4.0,11,0.0,0.0
fixed-00000046,510.0,4.0,12,0.0,0.0
fixed-00000046,510.0,4.0,13,0.0,0.0
fixed-00000046,510.0,4.0,14,0.0,0.0
fixed-00000046,510.0,4.0,15,0.0,0.0
fixed-00000046,510.0,4.0,16,0.0,0.0
fixed-00000046,510.0,4.0,17,0.0,0.0
fixed-00000046,510.0,4.0,18,0.0,0.0
fixed-00000046,510.0,4.0,19,0.0,0.0
fixed-00000046,510.0,4.0,20,0.0,0.0
fixed-00000047,520.0,4.0,-20,4.239291508607629e-05,11.905217349750558
fixed-00000047,520.0,4.0,-19,3.898379606148467e-05,11.637368829002952
fixed-00000047,520.0,4.0,-18,6.203333183836532e-05,11.363297500741439
fixed-00000047,520.0,4.0,-17,3.288285507725536e-05,11.08254163405276
fixed-00000047,520.0,4.0,-16,4.9707336474903085e-05,10.794579595613783
fixed-00000047,520.0,4.0,-15,8.913555673917933e-05,10.498818374569126
fixed-00000047,520.0,4.0,-14,4.2310889832034127e-05,10.194579116674106
fixed-00000047,520.0,4.0,-13,6.715044619283426e-05,9.881078656044693
fixed-00000047,520.0,4.0,-12,0.00013456666467596357,9.557405601711935
fixed-00000047,520.0,4.0,-11,9.873010501667932e-05,9.222488878015653
fixed-00000047,520.0,4.0,-10,8.332525680309671e-05,8.875055586881174
fixed-00000047,520.0,4.0,-9,0.00021932137797234556,8.513573397092799
fixed-00000047,520.0,4.0,-8,0.00029038356588584693,8.136169892284855
fixed-00000047,520.0,4.0,-7,0.00010219345894611637,7.740516501892586
fixed-00000047,520.0,4.0,-6,0.0006675664740951929,7.32365592105198
fixed-00000047,520.0,4.0,-5,0.0013380823471239877,6.881735244987794
fixed-00000047,520.0,4.0,-4,2.6764209078217447e-05,6.409572995038118
fixed-00000047,520.0,4.0,-3,0.003217201319678784,5.899912923755764
fixed-00000047,520.0,4.0,-2,0.004437865980305724,5.342033137263584
fixed-00000047,520.0,4.0,-1,0.0047603385749598265,4.718862261789724
fixed-00000047,520.0,4.0,0,0.17424441951197717,3.999999999999943
fixed-00000047,520.0,4.0,1,0.06513452788462755,3.1199893233792295
fixed-00000047,520.0,4.0,2,0.022599592653758514,1.8629706538812485
fixed-00000047,520.0,4.0,3,0.0,0.0
fixed-00000047,520.0,4.0,4,0.0,0.0
fixed-00000047,520.0,4.0,5,0.0,0.0
fixed-00000047,520.0,4.0,6,0.0,0.0
fixed-00000047,520.0,4.0,7,0.0,0.0
fixed-00000047,520.0,4.0,8,0.0,0.0
fixed-00000047,520.0,4.0,9,0.0,0.0
fixed-00000047,520.0,4.0,10,0.0,0.0
fixed-00000047,520.0,4.0,11,0.0,0.0
fixed-00000047,520.0,4.0,12,0.0,0.0
fixed-00000047,520.0,4.0,13,0.0,0.0
fixed-00000047,520.0,4.0,14,0.0,0.0
fixed-00000047,520.0,4.0,15,0.0,0.0
fixed-00000047,520.0,4.0,16,0.0,0.0
fixed-00000047,520.0,4.0,17,0.0,0.0
fixed-00000047,520.0,4.0,18,0.0,0.0
fixed-00000047,520.0,4.0,19,0.0,0.0
fixed-00000047,520.0,4.0,20,0.0,0.0
fixed-00000048,530.0,4.0,-20,4.689553147634847e-05,11.804846353924574
fixed-00000048,530.0,4.0,-19,4.451354691506311e-05,11.539855263600288
fixed-00000048,530.0,4.0,-18,6.415934006952328e-05,11.268720827871178
fixed-00000048,530.0,4.0,-17,3.3448168085411043e-05,10.990988342425112
fixed-00000048,530.0,4.0,-16,5.620418651425857e-05,10.706144262791852
fixed-00000048,530.0,4.0,-15,9.218140989523928e-05,10.413604963019466
fixed-00000048,530.0,4.0,-14,4.010060809231501e-05,10.112702572883805
fixed-00000048,530.0,4.0,-13,7.511251454531377e-05,9.802666908387508
fixed-00000048,530.0,4.0,-12,0.000138857518685819,9.48260209177191
fixed-00000048,530.0,4.0,-11,8.981299606241179e-05,9.151455819110154
fixed-00000048,530.0,4.0,-10,8.784800784710921e-05,8.80797823524668
fixed-00000048,530.0,4.0,-9,0.00022108217384302967,8.450665768094211
fixed-00000048,530.0,4.0,-8,0.00026436645047811535,8.077682597631096
fixed-00000048,530.0,4.0,-7,9.723005155321409e-05,7.686747804566139
fixed-00000048,530.0,4.0,-6,0.0006581434552094328,7.2749678666584
fixed-00000048,530.0,4.0,-5,0.0012630517682108507,6.838578189041442
fixed-00000048,530.0,4.0,-4,7.985507412043537e-06,6.37252484677397
fixed-00000048,530.0,4.0,-3,0.003212186665946931,5.869746147798878
fixed-00000048,530.0,4.0,-2,0.004268565802428445,5.319839372881049
fixed-00000048,530.0,4.0,-1,0.0030558645758620292,4.706313293920829
fixed-00000048,530.0,4.0,0,0.18818597163488615,4.000000000000043
fixed-00000048,530.0,4.0,1,0.05850351062300764,3.138874806668909
fixed-00000048,530.0,4.0,2,0.024828931224591486,1.9253541332400914
fixed-00000048,530.0,4.0,3,0.0,0.0
fixed-00000048,530.0,4.0,4,0.0,0.0
fixed-00000048,530.0,4.0,5,0.0,0.0
fixed-00000048,530.0,4.0,6,0.0,0.0
fixed-00000048,530.0,4.0,7,0.0,0.0
fixed-00000048,530.0,4.0,8,0.0,0.0
fixed-00000048,530.0,4.0,9,0.0,0.0
fixed-00000048,530.0,4.0,10,0.0,0.0
fixed-00000048,530.0,4.0,11,0.0,0.0
fixed-00000048,530.0,4.0,12,0.0,0.0
fixed-00000048,530.0,4.0,13,0.0,0.0
fixed-00000048,530.0,4.0,14,0.0,0.0
fixed-00000048,530.0,4.0,15,0.0,0.0
fixed-00000048,530.0,4.0,16,0.0,0.0
fixed-00000048,530.0,4.0,17,0.0,0.0
fixed-00000048,530.0,4.0,18,0.0,0.0
fixed-00000048,530.0,4.0,19,0.0,0.0
fixed-00000048,530.0,4.0,20,0.0,0.0
fixed-00000049,540.0,4.0,-20,4.8046628717244953e-05,11.707391172695964
fixed-00000049,540.0,4.0,-19,4.802365479138014e-05,11.445178839332968
fixed-00000049,540.0,4.0,-18,6.154494331131832e-05,11.176900501616302
fixed-00000049,540.0,4.0,-17,3.190830159079723e-05,10.902108289504397
fixed-00000049,540.0,4.0,-16,6.141842996422983e-05,10.620296524793474
fixed-00000049,540.0,4.0,-15,8.923059149522369e-05,10.33089070657202
fixed-00000049,540.0,4.0,-14,3.524574746608149e-05,10.033233642263525
fixed-00000049,540.0,4.0,-13,8.205253213099525e-05,9.726567764525285
fixed-00000049,540.0,4.0,-12,0.00013512961459649094,9.410012267886245
fixed-00000049,540.0,4.0,-11,7.48176271835502e-05,9.08253308010309
fixed-00000049,540.0,4.0,-10,9.0354376372771e-05,8.742902716320742
fixed-00000049,540.0,4.0,-9,0.000216205160316495,8.389645509317262
fixed-00000049,540.0,4.0,-8,0.00022202343541657122,8.020961125094075
fixed-00000049,540.0,4.0,-7,8.998389753511476e-05,7.634614812005779
fixed-00000049,540.0,4.0,-6,0.0006431923153433839,7.227774780095174
fixed-00000049,540.0,4.0,-5,0.001113443918558757,6.796761790119547
fixed-00000049,540.0,4.0,-4,4.731424552337667e-08,6.336644982795491
fixed-00000049,540.0,4.0,-3,0.0031506410380440445,5.840549916165088
fixed-00000049,540.0,4.0,-2,0.0039795949046957,5.298379990270192
fixed-00000049,540.0,4.0,-1,0.001800253919272437,4.694197467919281
fixed-00000049,540.0,4.0,0,0.19762621614127013,4.000000000000043
fixed-00000049,540.0,4.0,1,0.050970939496667915,3.1569541581493326
fixed-00000049,540.0,4.0,2,0.02704853210271041,1.9835743440105915
fixed-00000049,540.0,4.0,3,0.0,0.0
fixed-00000049,540.0,4.0,4,0.0,0.0
fixed-00000049,540.0,4.0,5,0.0,0.0
fixed-00000049,540.0,4.0,6,0.0,0.0
fixed-00000049,540.0,4.0,7,0.0,0.0
fixed-00000049,540.0,4.0,8,0.0,0.0
fixed-00000049,540.0,4.0,9,0.0,0.0
fixed-00000049,540.0,4.0,10,0.0,0.0
fixed-00000049,540.0,4.0,11,0.0,0.0
fixed-00000049,540.0,4.0,12,0.0,0.0
fixed-00000049,540.0,4.0,13,0.0,0.0
fixed-00000049,540.0,4.0,14,0.0,0.0
fixed-00000049,540.0,4.0,15,0.0,0.0
fixed-00000049,540.0,4.0,16,0.0,0.0
fixed-00000049,540.0,4.0,17,0.0,0.0
fixed-00000049,540.0,4.0,18,0.0,0.0
fixed-00000049,540.0,4.0,19,0.0,0.0
fixed-00000049,540.0,4.0,20,0.0,0.0
fixed-00000050,550.0,4.0,-20,4.963180372711025e-05,11.612716944258466
fixed-00000050,550.0,4.0,-19,5.062529111618622e-05,11.353208280905505
fixed-00000050,550.0,4.0,-18,5.851851326701693e-05,11.087708926153098
fixed-00000050,550.0,4.0,-17,3.107594290979087e-05,10.81577766026615
fixed-00000050,550.0,4.0,-16,6.550191080643834e-05,10.536916458396973
fixed-00000050,550.0,4.0,-15,8.487308538764079e-05,10.250559696102755
fixed-00000050,550.0,4.0,-14,3.135014075101725e-05,9.956060565391013
fixed-00000050,550.0,4.0,-13,8.764004753581758e-05,9.652673766211109
fixed-00000050,550.0,4.0,-12,0.00012805214681825962,9.339533143629737
fixed-00000050,550.0,4.0,-11,6.108134630212148e-05,9.015622340555552
fixed-00000050,550.0,4.0,-10,9.231036771200928e-05,8.679735599183942
fixed-00000050,550.0,4.0,-9,0.00020411699277980304,8.33042434034833
fixed-00000050,550.0,4.0,-8,0.00018032151826777654,7.965922654739103
fixed-00000050,550.0,4.0,-7,8.32570346898996e-05,7.58404054079962
fixed-00000050,550.0,4.0,-6,0.0006101832507585808,7.182005983087052
fixed-00000050,550.0,4.0,-5,0.0009468294466146502,6.756222279782023
fixed-00000050,550.0,4.0,-4,7.816793992624855e-06,6.30187736209605
fixed-00000050,550.0,4.0,-3,0.0030256458350562997,5.812277094742029
fixed-00000050,550.0,4.0,-2,0.003618128744861153,5.277618631405375
fixed-00000050,550.0,4.0,-1,0.0011005835778792484,4.682492623926009
fixed-00000050,550.0,4.0,0,0.20442806815726539,4.000000000000043
fixed-00000050,550.0,4.0,1,0.04317172777749283,3.174278754446547
fixed-00000050,550.0,4.0,2,0.02884319550785399,2.038105178627262
fixed-00000050,550.0,4.0,3,0.0,0.0
fixed-00000050,550.0,4.0,4,0.0,0.0
fixed-00000050,550.0,4.0,5,0.0,0.0
fixed-00000050,550.0,4.0,6,0.0,0.0
fixed-00000050,550.0,4.0,7,0.0,0.0
fixed-00000050,550.0,4.0,8,0.0,0.0
fixed-00000050,550.0,4.0,9,0.0,0.0
fixed-00000050,550.0,4.0,10,0.0,0.0
fixed-00000050,550.0,4.0,11,0.0,0.0
fixed-00000050,550.0,4.0,12,0.0,0.0
fixed-00000050,550.0,4.0,13,0.0,0.0
fixed-00000050,550.0,4.0,14,0.0,0.0
fixed-00000050,550.0,4.0,15,0.0,0.0
fixed-00000050,550.0,4.0,16,0.0,0.0
fixed-00000050,550.0,4.0,17,0.0,0.0
fixed-00000050,550.0,4.0,18,0.0,0.0
fixed-00000050,550.0,4.0,19,0.0,0.0
fixed-00000050,550.0,4.0,20,0.0,0.0
fixed-00000051,560.0,4.0,-20,5.452638083184715e-05,11.520697333479006
fixed-00000051,560.0,4.0,-19,5.591905585727813e-05,11.26382061358683
fixed-00000051,560.0,4.0,-18,5.760071519233382e-05,11.001026574425026
fixed-00000051,560.0,4.0,-17,3.326971912328058e-05,10.731880470457497
fixed-00000051,560.0,4.0,-16,7.326554309795417e-05,10.45589172636997
fixed-00000051,560.0,4.0,-15,8.367409638061518e-05,10.172503356222151
fixed-00000051,560.0,4.0,-14,3.1227082275982696e-05,9.881078656044693
fixed-00000051,560.0,4.0,-13,9.901965947194681e-05,9.580884258625872
fixed-00000051,560.0,4.0,-12,0.00012579215108158735,9.27106825583462
fixed-00000051,560.0,4.0,-11,5.330559802932427e-05,8.950631511301339
fixed-00000051,560.0,4.0,-10,0.00010344720581149129,8.618389378622567
fixed-00000051,560.0,4.0,-9,0.00020133403460916434,8.27291958508114
fixed-00000051,560.0,4.0,-8,0.00015076698248178154,7.9124896307686186
fixed-00000051,560.0,4.0,-7,9.027284223780197e-05,7.5349529087644385
fixed-00000051,560.0,4.0,-6,0.0005984852296603586,7.137595307370333
fixed-00000051,560.0,4.0,-5,0.0008054420102040215,6.71689997183698
fixed-00000051,560.0,4.0,-4,3.1368815977799884e-05,6.268169548557026
fixed-00000051,560.0,4.0,-3,0.0029687319364301947,5.784883604631474
fixed-00000051,560.0,4.0,-2,0.003335921829115473,5.257521326257304
fixed-00000051,560.0,4.0,-1,0.0010311443640961045,4.671178095187116
fixed-00000051,560.0,4.0,0,0.21223791420807728,4.000000000000043
fixed-00000051,560.0,4.0,1,0.03627069726029457,3.1908956242289577
fixed-00000051,560.0,4.0,2,0.03092876301434459,2.089341578597498
fixed-00000051,560.0,4.0,3,0.0,0.0
fixed-00000051,560.0,4.0,4,0.0,0.0
fixed-00000051,560.0,4.0,5,0.0,0.0
fixed-00000051,560.0,4.0,6,0.0,0.0
fixed-00000051,560.0,4.0,7,0.0,0.0
fixed-00000051,560.0,4.0,8,0.0,0.0
fixed-00000051,560.0,4.0,9,0.0,0.0
fixed-00000051,560.0,4.0,10,0.0,0.0
fixed-00000051,560.0,4.0,11,0.0,0.0
fixed-00000051,560.0,4.0,12,0.0,0.0
fixed-00000051,560.0,4.0,13,0.0,0.0
fixed-00000051,560.0,4.0,14,0.0,0.0
fixed-00000051,560.0,4.0,15,0.0,0.0
fixed-00000051,560.0,4.0,16,0.0,0.0
fixed-00000051,560.0,4.0,17,0.0,0.0
fixed-00000051,560.0,4.0,18,0.0,0.0
fixed-00000051,560.0,4.0,19,0.0,0.0
fixed-00000051,560.0,4.0,20,0.0,0.0
fixed-00000052,570.0,4.0,-20,5.753595823863865e-05,11.43121385226128
fixed-00000052,570.0,4.0,-19,5.860491884643456e-05,11.17690050161626
fixed-00000052,570.0,4.0,-18,5.460590111463988e-05,10.916741345033486
fixed-00000052,570.0,4.0,-17,3.495623310263753e-05,10.650307942455399
fixed-00000052,570.0,4.0,-16,7.817672157535198e-05,10.377116972823487
fixed-00000052,570.0,4.0,-15,7.905671915519679e-05,10.096619860707065
fixed-00000052,570.0,4.0,-14,3.1186312747679916e-05,9.80818973735775
fixed-00000052,570.0,4.0,-13,0.00010699014165262708,9.511104847972902
fixed-00000052,570.0,4.0,-12,0.00011763539948513792,9.204527144434849
fixed-00000052,570.0,4.0,-11,4.583098730814643e-05,8.887474237458349
fixed-00000052,570.0,4.0,-10,0.0001120418007457838,8.558782002362335
fixed-00000052,570.0,4.0,-9,0.00018935571319786415,8.217053724399236
fixed-00000052,570.0,4.0,-8,0.00012009959326897606,7.860589341106007
fixed-00000052,570.0,4.0,-7,9.801563000138005e-05,7.487284343186758
fixed-00000052,570.0,4.0,-6,0.0005679321597149486,7.094480733772272
fixed-00000052,570.0,4.0,-5,0.0006379816599452974,6.678738935066164
fixed-00000052,570.0,4.0,-4,7.682072367012399e-05,6.2354724211239585
fixed-00000052,570.0,4.0,-3,0.0028342778477206156,5.758328175331485
fixed-00000052,570.0,4.0,-2,0.002948634092871035,5.23805629811234
fixed-00000052,570.0,4.0,-1,0.0015531288422819152,4.6602345838808645
fixed-00000052,570.0,4.0,0,0.2151161677374439,4.000000000000043
fixed-00000052,570.0,4.0,1,0.029214762819773792,3.2068479063504185
fixed-00000052,570.0,4.0,2,0.032395784532389824,2.13761682818793
fixed-00000052,570.0,4.0,3,0.0,0.0
fixed-00000052,570.0,4.0,4,0.0,0.0
fixed-00000052,570.0,4.0,5,0.0,0.0
fixed-00000052,570.0,4.0,6,0.0,0.0
fixed-00000052,570.0,4.0,7,0.0,0.0
fixed-00000052,570.0,4.0,8,0.0,0.0
fixed-00000052,570.0,4.0,9,0.0,0.0
fixed-00000052,570.0,4.0,10,0.0,0.0
fixed-00000052,570.0,4.0,11,0.0,0.0
fixed-00000052,570.0,4.0,12,0.0,0.0
fixed-00000052,570.0,4.0,13,0.0,0.0
fixed-00000052,570.0,4.0,14,0.0,0.0
fixed-00000052,570.0,4.0,15,0.0,0.0
fixed-00000052,570.0,4.0,16,0.0,0.0
fixed-00000052,570.0,4.0,17,0.0,0.0
fixed-00000052,570.0,4.0,18,0.0,0.0
fixed-00000052,570.0,4.0,19,0.0,0.0
fixed-00000052,570.0,4.0,20,0.0,0.0
fixed-00000053,580.0,4.0,-20,6.30240866778881e-05,11.344155244919335
fixed-00000053,580.0,4.0,-19,6.284810277544505e-05,11.09233964988806
fixed-00000053,580.0,4.0,-18,5.350594964605025e-05,10.834747980635072
fixed-00000053,580.0,4.0,-17,3.903594576096063e-05,10.570957940814182
fixed-00000053,580.0,4.0,-16,8.508004771849062e-05,10.300493276388579
fixed-00000053,580.0,4.0,-15,7.693276277082734e-05,10.022813603833598
fixed-00000053,580.0,4.0,-14,3.4348562397938194e-05,9.737301631890915
fixed-00000053,580.0,4.0,-13,0.00011814798067424485,9.443246910942491
fixed-00000053,580.0,4.0,-12,0.0001127962465075559,9.139824882054754
fixed-00000053,580.0,4.0,-11,4.3955362805494884e-05,8.826069448973215
fixed-00000053,580.0,4.0,-10,0.00012656729419264676,8.500836443523596
fixed-00000053,580.0,4.0,-9,0.0001823488622377265,8.162753991654597
fixed-00000053,580.0,4.0,-8,0.00010130833330818292,7.810153537213992
fixed-00000053,580.0,4.0,-7,0.00011600526757325424,7.440971426572531
fixed-00000053,580.0,4.0,-6,0.0005466332710075871,7.052604065868977
fixed-00000053,580.0,4.0,-5,0.0004967732066502698,6.641686697338955
fixed-00000053,580.0,4.0,-4,0.00014178297473194226,6.203739911827654
fixed-00000053,580.0,4.0,-3,0.002732165209315191,5.732572121705644
fixed-00000053,580.0,4.0,-2,0.0026121268719040826,5.219193787774614
fixed-00000053,580.0,4.0,-1,0.002684780366416762,4.649644049178292
fixed-00000053,580.0,4.0,0,0.2180319861268264,4.000000000000043
fixed-00000053,580.0,4.0,1,0.022996607986366376,3.2221752503056678
fixed-00000053,580.0,4.0,2,0.033783697481895296,2.1832152248066166
fixed-00000053,580.0,4.0,3,0.0,0.0
fixed-00000053,580.0,4.0,4,0.0,0.0
fixed-00000053,580.0,4.0,5,0.0,0.0
fixed-00000053,580.0,4.0,6,0.0,0.0
fixed-00000053,580.0,4.0,7,0.0,0.0
fixed-00000053,580.0,4.0,8,0.0,0.0
fixed-00000053,580.0,4.0,9,0.0,0.0
fixed-00000053,580.0,4.0,10,0.0,0.0
fixed-00000053,580.0,4.0,11,0.0,0.0
fixed-00000053,580.0,4.0,12,0.0,0.0
fixed-00000053,580.0,4.0,13,0.0,0.0
fixed-00000053,580.0,4.0,14,0.0,0.0
fixed-00000053,580.0,4.0,15,0.0,0.0
fixed-00000053,580.0,4.0,16,0.0,0.0
fixed-00000053,580.0,4.0,17,0.0,0.0
fixed-00000053,580.0,4.0,18,0.0,0.0
fixed-00000053,580.0,4.0,19,0.0,0.0
fixed-00000053,580.0,4.0,20,0.0,0.0
fixed-00000054,590.0,4.0,-20,6.99729189368227e-05,11.25941693133879
fixed-00000054,590.0,4.0,-19,6.782264470647323e-05,11.010036261886782
fixed-00000054,590.0,4.0,-18,5.34423356258227e-05,10.75494754101544
fixed-00000054,590.0,4.0,-17,4.4954173752999114e-05,10.493734460874393
fixed-00000054,590.0,4.0,-16,9.312846129843419e-05,10.225927654794972
fixed-00000054,590.0,4.0,-15,7.615593964243852e-05,9.950994721404186
fixed-00000054,590.0,4.0,-14,4.02575198751981e-05,9.668327699638112
fixed-00000054,590.0,4.0,-13,0.00013146898717057167,9.377227150287212
fixed-00000054,590.0,4.0,-12,0.00010961820535266556,9.07688164781861
fixed-00000054,590.0,4.0,-11,4.6943504581346094e-05,8.76634095342068
fixed-00000054,590.0,4.0,-10,0.00014595205320751706,8.444480313277879
fixed-00000054,590.0,4.0,-9,0.0001783430201214384,8.109952006190454
fixed-00000054,590.0,4.0,-8,9.251029975122382e-05,7.761118089679513
fixed-00000054,590.0,4.0,-7,0.00014395910805146015,7.395954575739296
fixed-00000054,590.0,4.0,-6,0.0005316914513623459,7.011910634381167
fixed-00000054,590.0,4.0,-5,0.00037266525713040453,6.6056939776244405
fixed-00000054,590.0,4.0,-4,0.00022962404659144622,6.172928768550506
fixed-00000054,590.0,4.0,-3,0.002647160030085129,5.707579142086004
fixed-00000054,590.0,4.0,-2,0.002295447178747295,5.200905894533889
fixed-00000054,590.0,4.0,-1,0.004417058626395456,4.639389606148313
fixed-00000054,590.0,4.0,0,0.21995698586227175,4.000000000000043
fixed-00000054,590.0,4.0,1,0.01750251676951457,3.236914167432502
fixed-00000054,590.0,4.0,2,0.034968293849606,2.226381561452442
fixed-00000054,590.0,4.0,3,0.0,0.0
fixed-00000054,590.0,4.0,4,0.0,0.0
fixed-00000054,590.0,4.0,5,0.0,0.0
fixed-00000054,590.0,4.0,6,0.0,0.0
fixed-00000054,590.0,4.0,7,0.0,0.0
fixed-00000054,590.0,4.0,8,0.0,0.0
fixed-00000054,590.0,4.0,9,0.0,0.0
fixed-00000054,590.0,4.0,10,0.0,0.0
fixed-00000054,590.0,4.0,11,0.0,0.0
fixed-00000054,590.0,4.0,12,0.0,0.0
fixed-00000054,590.0,4.0,13,0.0,0.0
fixed-00000054,590.0,4.0,14,0.0,0.0
fixed-00000054,590.0,4.0,15,0.0,0.0
fixed-00000054,590.0,4.0,16,0.0,0.0
fixed-00000054,590.0,4.0,17,0.0,0.0
fixed-00000054,590.0,4.0,18,0.0,0.0
fixed-00000054,590.0,4.0,19,0.0,0.0
fixed-00000054,590.0,4.0,20,0.0,0.0
fixed-00000055,600.0,4.0,-20,7.706435977157257e-05,11.176900501616302
fixed-00000055,600.0,4.0,-19,7.238237449320854e-05,10.929894547731365
fixed-00000055,600.0,4.0,-18,5.362122177568009e-05,10.677246924869209
fixed-00000055,600.0,4.0,-17,5.190735299778215e-05,10.418547164640088
fixed-00000055,600.0,4.0,-16,0.00010095087055086549,10.153332615240856
fixed-00000055,600.0,4.0,-15,7.558062929033792e-05,9.881078656044693
fixed-00000055,600.0,4.0,-14,4.828102167269661e-05,9.601186418732823
fixed-00000055,600.0,4.0,-13,0.0001450551965153697,9.312967191474854
fixed-00000055,600.0,4.0,-12,0.00010635316587189718,9.015622340555609
fixed-00000055,600.0,4.0,-11,5.422868871691386e-05,8.708217066446423
fixed-00000055,600.0,4.0,-10,0.00016793591421700461,8.389645509317319
fixed-00000055,600.0,4.0,-9,0.00017468048107962305,8.058583440755712
fixed-00000055,600.0,4.0,-8,9.270666757744228e-05,7.713422675659871
fixed-00000055,600.0,4.0,-7,0.000180380772454339,7.352177750609371
fixed-00000055,600.0,4.0,-6,0.0005180117032533122,6.9723490289475905
fixed-00000055,600.0,4.0,-5,0.0002613317043685365,6.570714442852491
fixed-00000055,600.0,4.0,-4,0.00034783627108805063,6.142998339829575
fixed-00000055,600.0,4.0,-3,0.002556891732177317,5.683315135192018
fixed-00000055,600.0,4.0,-2,0.0019699816018871946,5.1831664320526585
fixed-00000055,600.0,4.0,-1,0.006719548083536682,4.629455434298478
fixed-00000055,600.0,4.0,0,0.21952766012061398,4.000000000000043
fixed-00000055,600.0,4.0,1,0.012686821215839727,3.2510983398922093
fixed-00000055,600.0,4.0,2,0.0356564150438171,2.2673283559992825
fixed-00000055,600.0,4.0,3,0.0,0.0
fixed-00000055,600.0,4.0,4,0.0,0.0
fixed-00000055,600.0,4.0,5,0.0,0.0
fixed-00000055,600.0,4.0,6,0.0,0.0
fixed-00000055,600.0,4.0,7,0.0,0.0
fixed-00000055,600.0,4.0,8,0.0,0.0
fixed-00000055,600.0,4.0,9,0.0,0.0
fixed-00000055,600.0,4.0,10,0.0,0.0
fixed-00000055,600.0,4.0,11,0.0,0.0
fixed-00000055,600.0,4.0,12,0.0,0.0
fixed-00000055,600.0,4.0,13,0.0,0.0
fixed-00000055,600.0,4.0,14,0.0,0.0
fixed-00000055,600.0,4.0,15,0.0,0.0
fixed-00000055,600.0,4.0,16,0.0,0.0
fixed-00000055,600.0,4.0,17,0.0,0.0
fixed-00000055,600.0,4.0,18,0.0,0.0
fixed-00000055,600.0,4.0,19,0.0,0.0
fixed-00000055,600.0,4.0,20,0.0,0.0
fixed-00000056,610.0,4.0,-20,8.793910841932998e-05,11.096513256647427
fixed-00000056,610.0,4.0,-19,7.974402925349504e-05,10.851824276946246
fixed-00000056,610.0,4.0,-18,5.65422850178513e-05,10.601558435056262
fixed-00000056,610.0,4.0,-17,6.277726242570694e-05,10.345310958848756
fixed-00000056,610.0,4.0,-16,0.00011282140155896355,10.08262574563632
fixed-00000056,610.0,4.0,-15,7.8592086090019e-05,9.81298576201776
fixed-00000056,610.0,4.0,-14,6.16796807679323e-05,9.535801004270269
fixed-00000056,610.0,4.0,-13,0.00016503962714844127,9.250393216009584
fixed-00000056,610.0,4.0,-12,0.00010744304740605855,8.955976227169515
fixed-00000056,610.0,4.0,-11,7.028589122870152e-05,8.651630275811442
fixed-00000056,610.0,4.0,-10,0.0002005132073913562,8.336267896291588
fixed-00000056,610.0,4.0,-9,0.00017818487658697902,8.008587719170848
fixed-00000056,610.0,4.0,-8,0.00010921722678982198,7.6670104947684905
fixed-00000056,610.0,4.0,-7,0.00023561466275785943,7.309588189513036
fixed-00000056,610.0,4.0,-6,0.0005209408199366278,6.933870854335623
fixed-00000056,610.0,4.0,-5,0.0001716831569710153,6.536704486950143
fixed-00000056,610.0,4.0,-4,0.0005238925731252805,6.113910379323968
fixed-00000056,610.0,4.0,-3,0.0025088268077667966,5.659748033833807
fixed-00000056,610.0,4.0,-2,0.0016467730953388935,5.1659507975543875
fixed-00000056,610.0,4.0,-1,0.009793959056044922,4.619826694692961
fixed-00000056,610.0,4.0,0,0.2194071374858335,4.000000000000043
fixed-00000056,610.0,4.0,1,0.00880330469451976,3.2647588933231475
fixed-00000056,610.0,4.0,2,0.035753918736620066,2.306241453176753
fixed-00000056,610.0,4.0,3,0.0,0.0
fixed-00000056,610.0,4.0,4,0.0,0.0
fixed-00000056,610.0,4.0,5,0.0,0.0
fixed-00000056,610.0,4.0,6,0.0,0.0
fixed-00000056,610.0,4.0,7,0.0,0.0
fixed-00000056,610.0,4.0,8,0.0,0.0
fixed-00000056,610.0,4.0,9,0.0,0.0
fixed-00000056,610.0,4.0,10,0.0,0.0
fixed-00000056,610.0,4.0,11,0.0,0.0
fixed-00000056,610.0,4.0,12,0.0,0.0
fixed-00000056,610.0,4.0,13,0.0,0.0
fixed-00000056,610.0,4.0,14,0.0,0.0
fixed-00000056,610.0,4.0,15,0.0,0.0
fixed-00000056,610.0,4.0,16,0.0,0.0
fixed-00000056,610.0,4.0,17,0.0,0.0
fixed-00000056,610.0,4.0,18,0.0,0.0
fixed-00000056,610.0,4.0,19,0.0,0.0
fixed-00000056,610.0,4.0,20,0.0,0.0
fixed-00000057,620.0,4.0,-20,9.583902508225244e-05,11.01816778980809
fixed-00000057,620.0,4.0,-19,8.317470705099918e-05,10.775740371233866
fixed-00000057,620.0,4.0,-18,5.6311662822515254e-05,10.527799382740596
fixed-00000057,620.0,4.0,-17,7.106863444722936e-05,10.273945610776423
fixed-00000057,620.0,4.0,-16,0.00011953008736460709,10.013729342403465
fixed-00000057,620.0,4.0,-15,7.667581014035391e-05,9.746640945379099
fixed-00000057,620.0,4.0,-14,7.161631461542388e-05,9.472099061220248
fixed-00000057,620.0,4.0,-13,0.00017645986349719073,9.189435627547212
fixed-00000057,620.0,4.0,-12,0.00010021143075662015,8.89787662245989
fixed-00000057,620.0,4.0,-11,8.16743785196115e-05,8.59651693548875
fixed-00000057,620.0,4.0,-10,0.00021972179124486827,8.284287014836138
fixed-00000057,620.0,4.0,-9,0.00016503683838402363,7.959907741050458
fixed-00000057,620.0,4.0,-8,0.00011765161505430034,7.621828010395305
fixed-00000057,620.0,4.0,-7,0.0002662078546373264,7.268136168200272
fixed-00000057,620.0,4.0,-6,0.00047495752313397914,6.896430508503414
fixed-00000057,620.0,4.0,-5,9.405140054825962e-05,6.503623029707683
fixed-00000057,620.0,4.0,-4,0.0007014819767711879,6.085628867863377
fixed-00000057,620.0,4.0,-3,0.0023206412652850973,5.636847653619654
fixed-00000057,620.0,4.0,-2,0.0016893077561667834,5.149235852894208
fixed-00000057,620.0,4.0,-1,0.013320284628732165,4.610489454720607
fixed-00000057,620.0,4.0,0,0.2212253175919947,4.000000000000043
fixed-00000057,620.0,4.0,1,0.006246527155448472,3.277924638120453
fixed-00000057,620.0,4.0,2,0.03068088810839407,2.3432844286040506
fixed-00000057,620.0,4.0,3,0.005873947118756258,0.4884414427613848
fixed-00000057,620.0,4.0,4,0.0,0.0
fixed-00000057,620.0,4.0,5,0.0,0.0
fixed-00000057,620.0,4.0,6,0.0,0.0
fixed-00000057,620.0,4.0,7,0.0,0.0
fixed-00000057,620.0,4.0,8,0.0,0.0
fixed-00000057,620.0,4.0,9,0.0,0.0
fixed-00000057,620.0,4.0,10,0.0,0.0
fixed-00000057,620.0,4.0,11,0.0,0.0
fixed-00000057,620.0,4.0,12,0.0,0.0
fixed-00000057,620.0,4.0,13,0.0,0.0
fixed-00000057,620.0,4.0,14,0.0,0.0
fixed-00000057,620.0,4.0,15,0.0,0.0
fixed-00000057,620.0,4.0,16,0.0,0.0
fixed-00000057,620.0,4.0,17,0.0,0.0
fixed-00000057,620.0,4.0,18,0.0,0.0
fixed-00000057,620.0,4.0,19,0.0,0.0
fixed-00000057,620.0,4.0,20,0.0,0.0
fixed-00000058,630.0,4.0,-20,0.00010295436328689787,10.941781605456612
fixed-00000058,630.0,4.0,-19,8.615026640632664e-05,10.701562533089998
fixed-00000058,630.0,4.0,-18,5.707937919374535e-05,10.455891726370012
fixed-00000058,630.0,4.0,-17,7.955177726495704e-05,10.20437539785597
fixed-00000058,630.0,4.0,-16,0.00012529766403417144,9.946570071032795
fixed-00000058,630.0,4.0,-15,7.687835680794107e-05,9.681973335802624
fixed-00000058,630.0,4.0,-14,8.299183342000904e-05,9.41001226788633
fixed-00000058,630.0,4.0,-13,0.0001876051692276518,9.130028747397347
fixed-00000058,630.0,4.0,-12,9.781278247696352e-05,8.841260597125114
fixed-00000058,630.0,4.0,-11,9.758546944097366e-05,8.542816986689516
fixed-00000058,630.0,4.0,-10,0.0002424408318461904,8.233645816218939
fixed-00000058,630.0,4.0,-9,0.00016204960333101272,7.912489630768675
fixed-00000058,630.0,4.0,-8,0.00014018262579399543,7.57782471381698
fixed-00000058,630.0,4.0,-7,0.00030871806684981695,7.227774780095132
fixed-00000058,630.0,4.0,-6,0.00045455901248292105,6.859984980240881
fixed-00000058,630.0,4.0,-5,6.232203543213752e-05,6.471431333409825
fixed-00000058,630.0,4.0,-4,0.0008544202074703627,6.058119851243731
fixed-00000058,630.0,4.0,-3,0.00221672837431487,5.61458555509806
fixed-00000058,630.0,4.0,-2,0.001732913052976294,5.1329998162636485
fixed-00000058,630.0,4.0,-1,0.017030727295689763,4.601430619700565
fixed-00000058,630.0,4.0,0,0.2195021165748279,4.000000000000043
fixed-00000058,630.0,4.0,1,0.0038889916935595558,3.290622283534958
fixed-00000058,630.0,4.0,2,0.028817636689487475,2.3786020958455225
fixed-00000058,630.0,4.0,3,0.007919717758576762,0.6990406976817525
fixed-00000058,630.0,4.0,4,0.0,0.0
fixed-00000058,630.0,4.0,5,0.0,0.0
fixed-00000058,630.0,4.0,6,0.0,0.0
fixed-00000058,630.0,4.0,7,0.0,0.0
fixed-00000058,630.0,4.0,8,0.0,0.0
fixed-00000058,630.0,4.0,9,0.0,0.0
fixed-00000058,630.0,4.0,10,0.0,0.0
fixed-00000058,630.0,4.0,11,0.0,0.0
fixed-00000058,630.0,4.0,12,0.0,0.0
fixed-00000058,630.0,4.0,13,0.0,0.0
fixed-00000058,630.0,4.0,14,0.0,0.0
fixed-00000058,630.0,4.0,15,0.0,0.0
fixed-00000058,630.0,4.0,16,0.0,0.0
fixed-00000058,630.0,4.0,17,0.0,0.0
fixed-00000058,630.0,4.0,18,0.0,0.0
fixed-00000058,630.0,4.0,19,0.0,0.0
fixed-00000058,630.0,4.0,20,0.0,0.0
fixed-00000059,640.0,4.0,-20,0.00011085139560569873,10.867276770488644
fixed-00000059,640.0,4.0,-19,8.960443616254894e-05,10.62921490659339
fixed-00000059,640.0,4.0,-18,5.90041532167199e-05,10.385761741931148
fixed-00000059,640.0,4.0,-17,8.902560376868996e-05,10.13652878764816
fixed-00000059,640.0,4.0,-16,0.00013153702842565689,9.881078656044693
fixed-00000059,640.0,4.0,-15,7.87265645421809e-05,9.618915986834352
fixed-00000059,640.0,4.0,-14,9.591393257122085e-05,9.34947608678739
fixed-00000059,640.0,4.0,-13,0.00019962142600256981,9.072110536405091
fixed-00000059,640.0,4.0,-12,9.784850865260252e-05,8.786068711064956
fixed-00000059,640.0,4.0,-11,0.00011688627612840136,8.490473703062207
fixed-00000059,640.0,4.0,-10,0.0002674955268227981,8.184290419985587
fixed-00000059,640.0,4.0,-9,0.00016292624522753365,7.866282508187567
fixed-00000059,640.0,4.0,-8,0.00017127202222041947,7.534952908764481
fixed-00000059,640.0,4.0,-7,0.0003560478256136302,7.188459735617585
fixed-00000059,640.0,4.0,-6,0.00044283949747310367,6.824493664384079
fixed-00000059,640.0,4.0,-5,5.563358467758121e-05,6.440092835409786
fixed-00000059,640.0,4.0,-4,0.0010131268533882666,6.03135129215535
fixed-00000059,640.0,4.0,-3,0.002142126019136791,5.592934917952817
fixed-00000059,640.0,4.0,-2,0.001821437930162694,5.117222163430583
fixed-00000059,640.0,4.0,-1,0.021135130757574058,4.592637870608058
fixed-00000059,640.0,4.0,0,0.2168426187059397,4.000000000000128
fixed-00000059,640.0,4.0,1,0.002168272359548712,3.302876628141391
fixed-00000059,640.0,4.0,2,0.027365021061036315,2.4123233315560384
fixed-00000059,640.0,4.0,3,0.009317124196187677,0.8549436764009926
fixed-00000059,640.0,4.0,4,0.0,0.0
fixed-00000059,640.0,4.0,5,0.0,0.0
fixed-00000059,640.0,4.0,6,0.0,0.0
fixed-00000059,640.0,4.0,7,0.0,0.0
fixed-00000059,640.0,4.0,8,0.0,0.0
fixed-00000059,640.0,4.0,9,0.0,0.0
fixed-00000059,640.0,4.0,10,0.0,0.0
fixed-00000059,640.0,4.0,11,0.0,0.0
fixed-00000059,640.0,4.0,12,0.0,0.0
fixed-00000059,640.0,4.0,13,0.0,0.0
fixed-00000059,640.0,4.0,14,0.0,0.0
fixed-00000059,640.0,4.0,15,0.0,0.0
fixed-00000059,640.0,4.0,16,0.0,0.0
fixed-00000059,640.0,4.0,17,0.0,0.0
fixed-00000059,640.0,4.0,18,0.0,0.0
fixed-00000059,640.0,4.0,19,0.0,0.0
fixed-00000059,640.0,4.0,20,0.0,0.0
