case_id,energy_ev,grazing_angle_deg,order,efficiency,diffraction_angle_deg
mono-00000000,50.045,4.880034143622709,-5,1.8472240432768976e-05,22.771782017983327
mono-00000000,50.045,4.880034143622709,-4,4.1094311393800844e-05,20.45972785882188
mono-00000000,50.045,4.880034143622709,-3,0.0006982273416299467,17.86493378480536
mono-00000000,50.045,4.880034143622709,-2,0.0050727536152959185,14.83961112712636
mono-00000000,50.045,4.880034143622709,-1,0.04467782556364133,11.034899121714332
mono-00000000,50.045,4.880034143622709,0,0.7834079099033368,4.880034143622737
mono-00000000,50.045,4.880034143622709,1,0.0,0.0
mono-00000000,50.045,4.880034143622709,2,0.0,0.0
mono-00000000,50.045,4.880034143622709,3,0.0,0.0
mono-00000000,50.045,4.880034143622709,4,0.0,0.0
mono-00000000,50.045,4.880034143622709,5,0.0,0.0
mono-00000001,50.796,4.84413830130174,-5,1.949146982662091e-05,22.60065845528048
mono-00000001,50.796,4.84413830130174,-4,3.89615657171443e-05,20.306385939313813
mono-00000001,50.796,4.84413830130174,-3,0.000689953192372102,17.73139941623694
mono-00000001,50.796,4.84413830130174,-2,0.005083911836194183,14.729002076732911
mono-00000001,50.796,4.84413830130174,-1,0.045222130409381174,10.952919565040716
mono-00000001,50.796,4.84413830130174,0,0.7808557285797879,4.84413830130174
mono-00000001,50.796,4.84413830130174,1,0.0,0.0
mono-00000001,50.796,4.84413830130174,2,0.0,0.0
mono-00000001,50.796,4.84413830130174,3,0.0,0.0
mono-00000001,50.796,4.84413830130174,4,0.0,0.0
mono-00000001,50.796,4.84413830130174,5,0.0,0.0
mono-00000008,56.051,4.6133346466067024,-5,2.8334210225459474e-05,21.502314526860516
mono-00000008,56.051,4.6133346466067024,-4,2.6750541065509423e-05,19.32195267442154
mono-00000008,56.051,4.6133346466067024,-3,0.0006434024607533801,16.87393490426942
mono-00000008,56.051,4.6133346466067024,-2,0.005227221415301927,14.018581800165776
mono-00000008,56.051,4.6133346466067024,-1,0.04962366858238165,10.426237762954102
mono-00000008,56.051,4.6133346466067024,0,0.7697721116016997,4.613334646606603
mono-00000008,56.051,4.6133346466067024,1,0.0,0.0
mono-00000008,56.051,4.6133346466067024,2,0.0,0.0
mono-00000008,56.051,4.6133346466067024,3,0.0,0.0
mono-00000008,56.051,4.6133346466067024,4,0.0,0.0
mono-00000008,56.051,4.6133346466067024,5,0.0,0.0
mono-00000005,53.799,4.708131785958301,-5,2.4230058297007707e-05,21.953030750871903
mono-00000005,53.799,4.708131785958301,-4,3.158546779080598e-05,19.72596988489171
mono-00000005,53.799,4.708131785958301,-3,0.0006632940876840183,17.225883256433363
mono-00000005,53.799,4.708131785958301,-2,0.005166652895295394,14.310209846424925
mono-00000005,53.799,4.708131785958301,-1,0.047715803006775,10.642470637169637
mono-00000005,53.799,4.708131785958301,0,0.7742401874414812,4.708131785958287
mono-00000005,53.799,4.708131785958301,1,0.0,0.0
mono-00000005,53.799,4.708131785958301,2,0.0,0.0
mono-00000005,53.799,4.708131785958301,3,0.0,0.0
mono-00000005,53.799,4.708131785958301,4,0.0,0.0
mono-00000005,53.799,4.708131785958301,5,0.0,0.0
mono-00000006,54.55,4.675872308031984,-5,2.550722399148272e-05,21.7995898430964
mono-00000006,54.55,4.675872308031984,-4,2.9859298475761573e-05,19.588434087583607
mono-00000006,54.55,4.675872308031984,-3,0.00065589856127183,17.106078924574575
mono-00000006,54.55,4.675872308031984,-2,0.005181949599650157,14.210944040219758
mono-00000006,54.55,4.675872308031984,-1,0.04831121806825766,10.568872787516028
mono-00000006,54.55,4.675872308031984,0,0.7723496121976083,4.675872308032041
mono-00000006,54.55,4.675872308031984,1,0.0,0.0
mono-00000006,54.55,4.675872308031984,2,0.0,0.0
mono-00000006,54.55,4.675872308031984,3,0.0,0.0
mono-00000006,54.55,4.675872308031984,4,0.0,0.0
mono-00000006,54.55,4.675872308031984,5,0.0,0.0
mono-00000007,55.3,4.6443085794076495,-5,2.6879382520742442e-05,21.649520429616302
mono-00000007,55.3,4.6443085794076495,-4,2.8248983278545054e-05,19.453913307418887
mono-00000007,55.3,4.6443085794076495,-3,0.0006492579340254347,16.98889474920381
mono-00000007,55.3,4.6443085794076495,-2,0.00520190874007415,14.1138438994695
mono-00000007,55.3,4.6443085794076495,-1,0.04894420120012994,10.496876033570445
mono-00000007,55.3,4.6443085794076495,0,0.7708384591056312,4.644308579407635
mono-00000007,55.3,4.6443085794076495,1,0.0,0.0
mono-00000007,55.3,4.6443085794076495,2,0.0,0.0
mono-00000007,55.3,4.6443085794076495,3,0.0,0.0
mono-00000007,55.3,4.6443085794076495,4,0.0,0.0
mono-00000007,55.3,4.6443085794076495,5,0.0,0.0
mono-00000014,60.546,4.440068186412077,-5,3.818678813512177e-05,20.679915762342986
mono-00000014,60.546,4.440068186412077,-4,1.9715861536732383e-05,18.584605612957503
mono-00000014,60.546,4.440068186412077,-3,0.0006197077003849384,16.231476817935075
mono-00000014,60.546,4.440068186412077,-2,0.0054654443884872205,13.486114718199829
mono-00000014,60.546,4.440068186412077,-1,0.05454080815176319,10.031327177713692
mono-00000014,60.546,4.440068186412077,0,0.7711361761148735,4.440068186412105
mono-00000014,60.546,4.440068186412077,1,0.0,0.0
mono-00000014,60.546,4.440068186412077,2,0.0,0.0
mono-00000014,60.546,4.440068186412077,3,0.0,0.0
mono-00000014,60.546,4.440068186412077,4,0.0,0.0
mono-00000014,60.546,4.440068186412077,5,0.0,0.0
mono-00000024,68.039,4.190114693416149,-5,5.546798006035154e-05,19.496583882073566
mono-00000024,68.039,4.190114693416149,-4,1.278813911999496e-05,17.523310133206962
mono-00000024,68.039,4.190114693416149,-3,0.0005824654582262322,15.306457114620315
mono-00000024,68.039,4.190114693416149,-2,0.00591860996189544,12.719200605245334
mono-00000024,68.039,4.190114693416149,-1,0.06406314691548438,9.46231066086267
mono-00000024,68.039,4.190114693416149,0,0.7826602136052987,4.190114693416135
mono-00000024,68.039,4.190114693416149,1,0.0,0.0
mono-00000024,68.039,4.190114693416149,2,0.0,0.0
mono-00000024,68.039,4.190114693416149,3,0.0,0.0
mono-00000024,68.039,4.190114693416149,4,0.0,0.0
mono-00000024,68.039,4.190114693416149,5,0.0,0.0
mono-00000002,51.547,4.80902300671049,-5,2.0612477115393406e-05,22.43333615017744
mono-00000002,51.547,4.80902300671049,-4,3.69855474367484e-05,20.156441235992816
mono-00000002,51.547,4.80902300671049,-3,0.0006828703347807309,17.600815490259393
mono-00000002,51.547,4.80902300671049,-2,0.005102146994472957,14.620830093250177
mono-00000002,51.547,4.80902300671049,-1,0.045819656236775023,10.872740387147815
mono-00000002,51.547,4.80902300671049,0,0.7788860794960227,4.809023006710504
mono-00000002,51.547,4.80902300671049,1,0.0,0.0
mono-00000002,51.547,4.80902300671049,2,0.0,0.0
mono-00000002,51.547,4.80902300671049,3,0.0,0.0
mono-00000002,51.547,4.80902300671049,4,0.0,0.0
mono-00000002,51.547,4.80902300671049,5,0.0,0.0
mono-00000003,52.298,4.774660378832877,-5,2.1784135956567676e-05,22.26967640476707
mono-00000003,52.298,4.774660378832877,-4,3.511842693277171e-05,20.00977012355895
mono-00000003,52.298,4.774660378832877,-3,0.0006763459426424204,17.47307492783368
mono-00000003,52.298,4.774660378832877,-2,0.005123800206725879,14.515006975671824
mono-00000003,52.298,4.774660378832877,-1,0.046447327434069076,10.79429664034376
mono-00000003,52.298,4.774660378832877,0,0.7772645969523198,4.774660378832806
mono-00000003,52.298,4.774660378832877,1,0.0,0.0
mono-00000003,52.298,4.774660378832877,2,0.0,0.0
mono-00000003,52.298,4.774660378832877,3,0.0,0.0
mono-00000003,52.298,4.774660378832877,4,0.0,0.0
mono-00000003,52.298,4.774660378832877,5,0.0,0.0
mono-00000004,53.048,4.741068228534061,-5,2.299166378354206e-05,22.109758434607585
mono-00000004,53.048,4.741068228534061,-4,3.332563647929196e-05,19.866444235155598
mono-00000004,53.048,4.741068228534061,-3,0.0006699083844186363,17.34824067676918
mono-00000004,53.048,4.741068228534061,-2,0.005145823514799786,14.411585351565364
mono-00000004,53.048,4.741068228534061,-1,0.04708278427945362,10.71762774766799
mono-00000004,53.048,4.741068228534061,0,0.7757587081631175,4.74106822853409
mono-00000004,53.048,4.741068228534061,1,0.0,0.0
mono-00000004,53.048,4.741068228534061,2,0.0,0.0
mono-00000004,53.048,4.741068228534061,3,0.0,0.0
mono-00000004,53.048,4.741068228534061,4,0.0,0.0
mono-00000004,53.048,4.741068228534061,5,0.0,0.0
mono-00000023,67.289,4.213250738668066,-5,5.383129863765902e-05,19.605968272608692
mono-00000023,67.289,4.213250738668066,-4,1.3324871591892167e-05,17.621430174675737
mono-00000023,67.289,4.213250738668066,-3,0.0005883797956967684,15.391992513402329
mono-00000023,67.289,4.213250738668066,-2,0.005889243692248253,12.790128695454797
mono-00000023,67.289,4.213250738668066,-1,0.063196758272875,9.514947007002021
mono-00000023,67.289,4.213250738668066,0,0.7823469338265192,4.21325073866808
mono-00000023,67.289,4.213250738668066,1,0.0,0.0
mono-00000023,67.289,4.213250738668066,2,0.0,0.0
mono-00000023,67.289,4.213250738668066,3,0.0,0.0
mono-00000023,67.289,4.213250738668066,4,0.0,0.0
mono-00000023,67.289,4.213250738668066,5,0.0,0.0
mono-00000022,66.54,4.236742654869346,-5,5.218923094303793e-05,19.71706520355349
mono-00000022,66.54,4.236742654869346,-4,1.3897876176625167e-05,17.721083037506176
mono-00000022,66.54,4.236742654869346,-3,0.0005937660160390651,15.478861169880275
mono-00000022,66.54,4.236742654869346,-2,0.00585572429750272,12.862159789046316
mono-00000022,66.54,4.236742654869346,-1,0.06230449572022056,9.568399679868094
mono-00000022,66.54,4.236742654869346,0,0.7817985268020046,4.236742654869374
mono-00000022,66.54,4.236742654869346,1,0.0,0.0
mono-00000022,66.54,4.236742654869346,2,0.0,0.0
mono-00000022,66.54,4.236742654869346,3,0.0,0.0
mono-00000022,66.54,4.236742654869346,4,0.0,0.0
mono-00000022,66.54,4.236742654869346,5,0.0,0.0
mono-00000026,69.537,4.145022637644317,-5,5.869498559243564e-05,19.28347780571042
mono-00000026,69.537,4.145022637644317,-4,1.1834062107432779e-05,17.332140251962656
mono-00000026,69.537,4.145022637644317,-3,0.0005691640223607871,15.139797963228006
mono-00000026,69.537,4.145022637644317,-2,0.005964734563049558,12.58099552165855
mono-00000026,69.537,4.145022637644317,-1,0.06571072333913776,9.359741289563573
mono-00000026,69.537,4.145022637644317,0,0.7826102531900848,4.145022637644274
mono-00000026,69.537,4.145022637644317,1,0.0,0.0
mono-00000026,69.537,4.145022637644317,2,0.0,0.0
mono-00000026,69.537,4.145022637644317,3,0.0,0.0
mono-00000026,69.537,4.145022637644317,4,0.0,0.0
mono-00000026,69.537,4.145022637644317,5,0.0,0.0
mono-00000027,70.286,4.123015725158552,-5,6.033213798533692e-05,19.17951246179662
mono-00000027,70.286,4.123015725158552,-4,1.1416694142478139e-05,17.23887218461931
mono-00000027,70.286,4.123015725158552,-3,0.000561325692548332,15.058484270418475
mono-00000027,70.286,4.123015725158552,-2,0.00597733072145367,12.513561282110558
mono-00000027,70.286,4.123015725158552,-1,0.06645180563797898,9.309691792330227
mono-00000027,70.286,4.123015725158552,0,0.7819372842860666,4.123015725158538
mono-00000027,70.286,4.123015725158552,1,0.0,0.0
mono-00000027,70.286,4.123015725158552,2,0.0,0.0
mono-00000027,70.286,4.123015725158552,3,0.0,0.0
mono-00000027,70.286,4.123015725158552,4,0.0,0.0
mono-00000027,70.286,4.123015725158552,5,0.0,0.0
mono-00000028,71.036,4.101326940109914,-5,6.20091892320631e-05,19.077075373620715
mono-00000028,71.036,4.101326940109914,-4,1.1067088798395175e-05,17.146972290927337
mono-00000028,71.036,4.101326940109914,-3,0.0005533423316790224,14.97836088501299
mono-00000028,71.036,4.101326940109914,-2,0.005988386140351362,12.44711200815641
mono-00000028,71.036,4.101326940109914,-1,0.06718581961578729,9.26037145632246
mono-00000028,71.036,4.101326940109914,0,0.781196479801667,4.101326940109999
mono-00000028,71.036,4.101326940109914,1,0.0,0.0
mono-00000028,71.036,4.101326940109914,2,0.0,0.0
mono-00000028,71.036,4.101326940109914,3,0.0,0.0
mono-00000028,71.036,4.101326940109914,4,0.0,0.0
mono-00000028,71.036,4.101326940109914,5,0.0,0.0
mono-00000009,56.8,4.583052285488435,-5,2.984649175323973e-05,21.358451752693057
mono-00000009,56.8,4.583052285488435,-4,2.5352837301588195e-05,19.192982599374744
mono-00000009,56.8,4.583052285488435,-3,0.000638121778270132,16.761574756418355
mono-00000009,56.8,4.583052285488435,-2,0.0052564291008397055,13.925469141086424
mono-00000009,56.8,4.583052285488435,-1,0.05033843876823309,10.357189182370789
mono-00000009,56.8,4.583052285488435,0,0.7690662434173389,4.5830522854885345
mono-00000009,56.8,4.583052285488435,1,0.0,0.0
mono-00000009,56.8,4.583052285488435,2,0.0,0.0
mono-00000009,56.8,4.583052285488435,3,0.0,0.0
mono-00000009,56.8,4.583052285488435,4,0.0,0.0
mono-00000009,56.8,4.583052285488435,5,0.0,0.0
mono-00000010,57.549,4.55335847744027,-5,3.1418876066122095e-05,21.217438747204085
mono-00000010,57.549,4.55335847744027,-4,2.4043357663935808e-05,19.066561243942104
mono-00000010,57.549,4.55335847744027,-3,0.0006332993801781249,16.65142976464307
mono-00000010,57.549,4.55335847744027,-2,0.005289047170792492,13.834187591702204
mono-00000010,57.549,4.55335847744027,-1,0.05108693526492109,10.28949452111388
mono-00000010,57.549,4.55335847744027,0,0.7686711929464528,4.553358477440241
mono-00000010,57.549,4.55335847744027,1,0.0,0.0
mono-00000010,57.549,4.55335847744027,2,0.0,0.0
mono-00000010,57.549,4.55335847744027,3,0.0,0.0
mono-00000010,57.549,4.55335847744027,4,0.0,0.0
mono-00000010,57.549,4.55335847744027,5,0.0,0.0
mono-00000011,58.299,4.52419589193093,-5,3.30655038244777e-05,21.07899985674277
mono-00000011,58.299,4.52419589193093,-4,2.2830760827442646e-05,18.942441864711625
mono-00000011,58.299,4.52419589193093,-3,0.0006291486553446273,16.54328529156801
mono-00000011,58.299,4.52419589193093,-2,0.005326851484757869,13.744559564265217
mono-00000011,58.299,4.52419589193093,-1,0.051884593755746666,10.223022329420644
mono-00000011,58.299,4.52419589193093,0,0.7687051995390262,4.52419589193083
mono-00000011,58.299,4.52419589193093,1,0.0,0.0
mono-00000011,58.299,4.52419589193093,2,0.0,0.0
mono-00000011,58.299,4.52419589193093,3,0.0,0.0
mono-00000011,58.299,4.52419589193093,4,0.0,0.0
mono-00000011,58.299,4.52419589193093,5,0.0,0.0
mono-00000031,73.284,4.038312945961437,-5,6.729844652679987e-05,18.779598915403184
mono-00000031,73.284,4.038312945961437,-4,1.0484750811989527e-05,16.8800799505336
mono-00000031,73.284,4.038312945961437,-3,0.0005301567109326376,14.745655488331451
mono-00000031,73.284,4.038312945961437,-2,0.006025740541986633,12.25410876156289
mono-00000031,73.284,4.038312945961437,-1,0.06946086267644046,9.117109078697936
mono-00000031,73.284,4.038312945961437,0,0.7794721531043755,4.0383129459615645
mono-00000031,73.284,4.038312945961437,1,0.0,0.0
mono-00000031,73.284,4.038312945961437,2,0.0,0.0
mono-00000031,73.284,4.038312945961437,3,0.0,0.0
mono-00000031,73.284,4.038312945961437,4,0.0,0.0
mono-00000031,73.284,4.038312945961437,5,0.0,0.0
mono-00000012,59.048,4.495624288811442,-5,3.477715461290088e-05,20.943415469704817
mono-00000012,59.048,4.495624288811442,-4,2.174752300898309e-05,18.820876222967826
mono-00000012,59.048,4.495624288811442,-3,0.000626250869417808,16.437361024105627
mono-00000012,59.048,4.495624288811442,-2,0.0053742158462730845,13.656767413540422
mono-00000012,59.048,4.495624288811442,-1,0.052767580385694936,10.157908092646522
mono-00000012,59.048,4.495624288811442,0,0.7695160975231602,4.4956242888113565
mono-00000012,59.048,4.495624288811442,1,0.0,0.0
mono-00000012,59.048,4.495624288811442,2,0.0,0.0
mono-00000012,59.048,4.495624288811442,3,0.0,0.0
mono-00000012,59.048,4.495624288811442,4,0.0,0.0
mono-00000012,59.048,4.495624288811442,5,0.0,0.0
mono-00000032,74.034,4.017927003154924,-5,6.909364482233702e-05,18.683405573264224
mono-00000032,74.034,4.017927003154924,-4,1.0424447549781207e-05,16.79377144223278
mono-00000032,74.034,4.017927003154924,-3,0.0005221829686968179,14.670398058985413
mono-00000032,74.034,4.017927003154924,-2,0.00603521959175938,12.191687277972989
mono-00000032,74.034,4.017927003154924,-1,0.07020598616769694,9.070771577347031
mono-00000032,74.034,4.017927003154924,0,0.7787953382328919,4.017927003154867
mono-00000032,74.034,4.017927003154924,1,0.0,0.0
mono-00000032,74.034,4.017927003154924,2,0.0,0.0
mono-00000032,74.034,4.017927003154924,3,0.0,0.0
mono-00000032,74.034,4.017927003154924,4,0.0,0.0
mono-00000032,74.034,4.017927003154924,5,0.0,0.0
mono-00000030,72.534,4.059012353194532,-5,6.551359350641351e-05,18.87729360426755
mono-00000030,72.534,4.059012353194532,-4,1.0609317964383458e-05,16.96773304247759
mono-00000030,72.534,4.059012353194532,-3,0.0005378997899427115,14.822083143138329
mono-00000030,72.534,4.059012353194532,-2,0.006013719744836675,12.317498974680888
mono-00000030,72.534,4.059012353194532,-1,0.06869897995430808,9.164164051799688
mono-00000030,72.534,4.059012353194532,0,0.7800296565290985,4.059012353194575
mono-00000030,72.534,4.059012353194532,1,0.0,0.0
mono-00000030,72.534,4.059012353194532,2,0.0,0.0
mono-00000030,72.534,4.059012353194532,3,0.0,0.0
mono-00000030,72.534,4.059012353194532,4,0.0,0.0
mono-00000030,72.534,4.059012353194532,5,0.0,0.0
mono-00000029,71.785,4.080005095155585,-5,6.374784046864066e-05,18.976395749525224
mono-00000029,71.785,4.080005095155585,-4,1.0801884561262845e-05,17.056646352481707
mono-00000029,71.785,4.080005095155585,-3,0.0005455873448589212,14.899607351448452
mono-00000029,71.785,4.080005095155585,-2,0.006000934592491176,12.381796717106525
mono-00000029,71.785,4.080005095155585,-1,0.06793794609345123,9.211890984771927
mono-00000029,71.785,4.080005095155585,0,0.7805828873169248,4.080005095155585
mono-00000029,71.785,4.080005095155585,1,0.0,0.0
mono-00000029,71.785,4.080005095155585,2,0.0,0.0
mono-00000029,71.785,4.080005095155585,3,0.0,0.0
mono-00000029,71.785,4.080005095155585,4,0.0,0.0
mono-00000029,71.785,4.080005095155585,5,0.0,0.0
mono-00000013,59.797,4.467587206951549,-5,3.6482085215033476e-05,20.810414443668563
mono-00000013,59.797,4.467587206951549,-4,2.071202246194194e-05,18.701621575603582
mono-00000013,59.797,4.467587206951549,-3,0.0006231595061999207,16.333445771699246
mono-00000013,59.797,4.467587206951549,-2,0.005420866812714968,13.570636375438312
mono-00000013,59.797,4.467587206951549,-1,0.0536569521851136,10.094022426989014
mono-00000013,59.797,4.467587206951549,0,0.7703653391108426,4.467587206951578
mono-00000013,59.797,4.467587206951549,1,0.0,0.0
mono-00000013,59.797,4.467587206951549,2,0.0,0.0
mono-00000013,59.797,4.467587206951549,3,0.0,0.0
mono-00000013,59.797,4.467587206951549,4,0.0,0.0
mono-00000013,59.797,4.467587206951549,5,0.0,0.0
mono-00000033,74.784,3.997846692579188,-5,7.093809652345755e-05,18.58867551141752
mono-00000033,74.784,3.997846692579188,-4,1.0445127365648658e-05,16.708773487888024
mono-00000033,74.784,3.997846692579188,-3,0.0005143123767100253,14.596281292768609
mono-00000033,74.784,3.997846692579188,-2,0.006045166105725555,12.130210098836471
mono-00000033,74.784,3.997846692579188,-1,0.07096123561251717,9.025133498337894
mono-00000033,74.784,3.997846692579188,0,0.7781790505236578,3.9978466925792446
mono-00000033,74.784,3.997846692579188,1,0.0,0.0
mono-00000033,74.784,3.997846692579188,2,0.0,0.0
mono-00000033,74.784,3.997846692579188,3,0.0,0.0
mono-00000033,74.784,3.997846692579188,4,0.0,0.0
mono-00000033,74.784,3.997846692579188,5,0.0,0.0
mono-00000015,61.296,4.413015726751524,-5,3.99284192793602e-05,20.5516725170893
mono-00000015,61.296,4.413015726751524,-4,1.8766536131364807e-05,18.46960724125904
mono-00000015,61.296,4.413015726751524,-3,0.000616039993755028,16.131261766974205
mono-00000015,61.296,4.413015726751524,-2,0.005508985930788732,13.403043195809786
mono-00000015,61.296,4.413015726751524,-1,0.05542660541796236,9.969704419539752
mono-00000015,61.296,4.413015726751524,0,0.7718701249652838,4.413015726751524
mono-00000015,61.296,4.413015726751524,1,0.0,0.0
mono-00000015,61.296,4.413015726751524,2,0.0,0.0
mono-00000015,61.296,4.413015726751524,3,0.0,0.0
mono-00000015,61.296,4.413015726751524,4,0.0,0.0
mono-00000015,61.296,4.413015726751524,5,0.0,0.0
mono-00000016,62.045,4.3864868554830565,-5,4.174432566702408e-05,20.4259524263083
mono-00000016,62.045,4.3864868554830565,-4,1.7906704648816026e-05,18.356866826637045
mono-00000016,62.045,4.3864868554830565,-3,0.0006129421613778447,16.033010346408915
mono-00000016,62.045,4.3864868554830565,-2,0.005557293615291004,13.321595882923049
mono-00000016,62.045,4.3864868554830565,-1,0.05636017200482779,9.909283474941716
mono-00000016,62.045,4.3864868554830565,0,0.7729745635593148,4.38648685548317
mono-00000016,62.045,4.3864868554830565,1,0.0,0.0
mono-00000016,62.045,4.3864868554830565,2,0.0,0.0
mono-00000016,62.045,4.3864868554830565,3,0.0,0.0
mono-00000016,62.045,4.3864868554830565,4,0.0,0.0
mono-00000016,62.045,4.3864868554830565,5,0.0,0.0
mono-00000017,62.794,4.360430703171204,-5,4.3602045048902726e-05,20.30251185728433
mono-00000017,62.794,4.360430703171204,-4,1.7170436046284126e-05,18.2461661801496
mono-00000017,62.794,4.360430703171204,-3,0.0006111806565618564,15.936532663212319
mono-00000017,62.794,4.360430703171204,-2,0.005616689370438082,13.24161558372812
mono-00000017,62.794,4.360430703171204,-1,0.05739851778328185,9.849947918564823
mono-00000017,62.794,4.360430703171204,0,0.7749404648522714,4.360430703171161
mono-00000017,62.794,4.360430703171204,1,0.0,0.0
mono-00000017,62.794,4.360430703171204,2,0.0,0.0
mono-00000017,62.794,4.360430703171204,3,0.0,0.0
mono-00000017,62.794,4.360430703171204,4,0.0,0.0
mono-00000017,62.794,4.360430703171204,5,0.0,0.0
mono-00000034,75.534,3.9780644532864926,-5,7.281828272594226e-05,18.495372001188187
mono-00000034,75.534,3.9780644532864926,-4,1.0543231750097507e-05,16.62505325152776
mono-00000034,75.534,3.9780644532864926,-3,0.0005065088446324405,14.523276662446861
mono-00000034,75.534,3.9780644532864926,-2,0.006055269213931799,12.06965365266123
mono-00000034,75.534,3.9780644532864926,-1,0.0717242710440837,8.980177421627374
mono-00000034,75.534,3.9780644532864926,0,0.7776094419551994,3.9780644532865637
mono-00000034,75.534,3.9780644532864926,1,0.0,0.0
mono-00000034,75.534,3.9780644532864926,2,0.0,0.0
mono-00000034,75.534,3.9780644532864926,3,0.0,0.0
mono-00000034,75.534,3.9780644532864926,4,0.0,0.0
mono-00000034,75.534,3.9780644532864926,5,0.0,0.0
mono-00000018,63.543,4.334833396586845,-5,4.543021895443918e-05,20.181282740287216
mono-00000018,63.543,4.334833396586845,-4,1.6488654288803887e-05,18.13744452315474
mono-00000018,63.543,4.334833396586845,-3,0.0006094114419913563,15.84177598108866
mono-00000018,63.543,4.334833396586845,-2,0.005676904896686995,13.163058780573351
mono-00000018,63.543,4.334833396586845,-1,0.0584583081189082,9.791665638602623
mono-00000018,63.543,4.334833396586845,0,0.7770411654194265,4.334833396586774
mono-00000018,63.543,4.334833396586845,1,0.0,0.0
mono-00000018,63.543,4.334833396586845,2,0.0,0.0
mono-00000018,63.543,4.334833396586845,3,0.0,0.0
mono-00000018,63.543,4.334833396586845,4,0.0,0.0
mono-00000018,63.543,4.334833396586845,5,0.0,0.0
mono-00000019,64.293,4.309648337450497,-5,4.715091365216e-05,20.06204223518189
mono-00000019,64.293,4.309648337450497,-4,1.5802384111278377e-05,18.030502250058447
mono-00000019,64.293,4.309648337450497,-3,0.0006064772406775171,15.748566547182932
mono-00000019,64.293,4.309648337450497,-2,0.005728815750026056,13.085781610093633
mono-00000019,64.293,4.309648337450497,-1,0.059464571206203555,9.73433005959616
mono-00000019,64.293,4.309648337450497,0,0.7786575659981555,4.309648337450454
mono-00000019,64.293,4.309648337450497,1,0.0,0.0
mono-00000019,64.293,4.309648337450497,2,0.0,0.0
mono-00000019,64.293,4.309648337450497,3,0.0,0.0
mono-00000019,64.293,4.309648337450497,4,0.0,0.0
mono-00000019,64.293,4.309648337450497,5,0.0,0.0
mono-00000021,65.791,4.260631931094082,-5,5.0529186054902926e-05,19.830072534304534
mono-00000021,65.791,4.260631931094082,-4,1.4495470867887706e-05,17.822446012911954
mono-00000021,65.791,4.260631931094082,-3,0.0005983970145923989,15.567217466858736
mono-00000021,65.791,4.260631931094082,-2,0.005816244273288059,12.93542175805689
mono-00000021,65.791,4.260631931094082,-1,0.061370843644374465,9.622763448509076
mono-00000021,65.791,4.260631931094082,0,0.7808907821998865,4.2606319310941245
mono-00000021,65.791,4.260631931094082,1,0.0,0.0
mono-00000021,65.791,4.260631931094082,2,0.0,0.0
mono-00000021,65.791,4.260631931094082,3,0.0,0.0
mono-00000021,65.791,4.260631931094082,4,0.0,0.0
mono-00000021,65.791,4.260631931094082,5,0.0,0.0
mono-00000020,65.042,4.284929896453605,-5,4.885127208244261e-05,19.945045656087757
mono-00000020,65.042,4.284929896453605,-4,1.5130547238315968e-05,17.92556858106876
mono-00000020,65.042,4.284929896453605,-3,0.0006026359182773056,15.65710435641762
mono-00000020,65.042,4.284929896453605,-2,0.005773921113882558,13.009950062700668
mono-00000020,65.042,4.284929896453605,-1,0.060423809265147434,9.678064493180884
mono-00000020,65.042,4.284929896453605,0,0.7798416366989964,4.284929896453605
mono-00000020,65.042,4.284929896453605,1,0.0,0.0
mono-00000020,65.042,4.284929896453605,2,0.0,0.0
mono-00000020,65.042,4.284929896453605,3,0.0,0.0
mono-00000020,65.042,4.284929896453605,4,0.0,0.0
mono-00000020,65.042,4.284929896453605,5,0.0,0.0
mono-00000035,76.284,3.9585729836183106,-5,7.475313860759631e-05,18.40345959181228
mono-00000035,76.284,3.9585729836183106,-4,1.0727033820793196e-05,16.542579037590286
mono-00000035,76.284,3.9585729836183106,-3,0.0004990089727925508,14.45135662974576
mono-00000035,76.284,3.9585729836183106,-2,0.006067821854116336,12.009995183563404
mono-00000035,76.284,3.9585729836183106,-1,0.07251686126856847,8.935886528601074
mono-00000035,76.284,3.9585729836183106,0,0.777228191521539,3.9585729836182963
mono-00000035,76.284,3.9585729836183106,1,0.0,0.0
mono-00000035,76.284,3.9585729836183106,2,0.0,0.0
mono-00000035,76.284,3.9585729836183106,3,0.0,0.0
mono-00000035,76.284,3.9585729836183106,4,0.0,0.0
mono-00000035,76.284,3.9585729836183106,5,0.0,0.0
mono-00000025,68.788,4.167385723146467,-5,5.7094703070716215e-05,19.389152491457622
mono-00000025,68.788,4.167385723146467,-4,1.2294227796582024e-05,17.4269387940747
mono-00000025,68.788,4.167385723146467,-3,0.000576136315739027,15.222443327842015
mono-00000025,68.788,4.167385723146467,-2,0.005944429731259621,12.64953184591819
mono-00000025,68.788,4.167385723146467,-1,0.06490678227216894,9.410606773631102
mono-00000025,68.788,4.167385723146467,0,0.7827892674582466,4.167385723146438
mono-00000025,68.788,4.167385723146467,1,0.0,0.0
mono-00000025,68.788,4.167385723146467,2,0.0,0.0
mono-00000025,68.788,4.167385723146467,3,0.0,0.0
mono-00000025,68.788,4.167385723146467,4,0.0,0.0
mono-00000025,68.788,4.167385723146467,5,0.0,0.0
mono-00000036,77.034,3.9393652298841033,-5,7.672274623902298e-05,18.312904053829456
mono-00000036,77.034,3.9393652298841033,-4,1.0989840846840517e-05,16.461320240498424
mono-00000036,77.034,3.9393652298841033,-3,0.000491796964586772,14.380494601701727
mono-00000036,77.034,3.9393652298841033,-2,0.00608280500855093,11.951212715337618
mono-00000036,77.034,3.9393652298841033,-1,0.07334022834902233,8.892244575636681
mono-00000036,77.034,3.9393652298841033,0,0.7770438204192908,3.9393652298839754
mono-00000036,77.034,3.9393652298841033,1,0.0,0.0
mono-00000036,77.034,3.9393652298841033,2,0.0,0.0
mono-00000036,77.034,3.9393652298841033,3,0.0,0.0
mono-00000036,77.034,3.9393652298841033,4,0.0,0.0
mono-00000036,77.034,3.9393652298841033,5,0.0,0.0
mono-00000037,77.784,3.920434375638891,-5,7.873896421841531e-05,18.223672325510833
mono-00000037,77.784,3.920434375638891,-4,1.1335198888042096e-05,16.381247296933296
mono-00000037,77.784,3.920434375638891,-3,0.0004850060402826346,14.31066488934492
mono-00000037,77.784,3.920434375638891,-2,0.006101645367841116,11.893285017443091
mono-00000037,77.784,3.920434375638891,-1,0.07420875149636047,8.849235869074505
mono-00000037,77.784,3.920434375638891,0,0.7771423176446891,3.9204343756388482
mono-00000037,77.784,3.920434375638891,1,0.0,0.0
mono-00000037,77.784,3.920434375638891,2,0.0,0.0
mono-00000037,77.784,3.920434375638891,3,0.0,0.0
mono-00000037,77.784,3.920434375638891,4,0.0,0.0
mono-00000037,77.784,3.920434375638891,5,0.0,0.0
mono-00000040,80.035,3.8652143786316913,-5,8.460247315088006e-05,17.963492729023983
mono-00000040,80.035,3.8652143786316913,-4,1.269097730800669e-05,16.147761136111455
mono-00000040,80.035,3.8652143786316913,-3,0.0004636050721863142,14.107036968807463
mono-00000040,80.035,3.8652143786316913,-2,0.006146549473281827,11.724355304580655
mono-00000040,80.035,3.8652143786316913,-1,0.07676066382497139,8.72380550784365
mono-00000040,80.035,3.8652143786316913,0,0.7770711161292583,3.8652143786316913
mono-00000040,80.035,3.8652143786316913,1,0.0,0.0
mono-00000040,80.035,3.8652143786316913,2,0.0,0.0
mono-00000040,80.035,3.8652143786316913,3,0.0,0.0
mono-00000040,80.035,3.8652143786316913,4,0.0,0.0
mono-00000040,80.035,3.8652143786316913,5,0.0,0.0
mono-00000041,80.785,3.847327689852065,-5,8.652700523585765e-05,17.87924884028824
mono-00000041,80.785,3.847327689852065,-4,1.3261056646816385e-05,16.072156704901943
mono-00000041,80.785,3.847327689852065,-3,0.00045604232902333823,14.041097617787528
mono-00000041,80.785,3.847327689852065,-2,0.006156312493883354,11.669649226411977
mono-00000041,80.785,3.847327689852065,-1,0.07757673132673032,8.683183803514666
mono-00000041,80.785,3.847327689852065,0,0.7768191141677051,3.847327689851994
mono-00000041,80.785,3.847327689852065,1,0.0,0.0
mono-00000041,80.785,3.847327689852065,2,0.0,0.0
mono-00000041,80.785,3.847327689852065,3,0.0,0.0
mono-00000041,80.785,3.847327689852065,4,0.0,0.0
mono-00000041,80.785,3.847327689852065,5,0.0,0.0
mono-00000042,81.535,3.829687031585067,-5,8.842311169756944e-05,17.796179246445433
mono-00000042,81.535,3.829687031585067,-4,1.388682771599774e-05,15.997604409895857
mono-00000042,81.535,3.829687031585067,-3,0.00044817747838445565,13.976074368631387
mono-00000042,81.535,3.829687031585067,-2,0.006162387195661803,11.615701856535281
mono-00000042,81.535,3.829687031585067,-1,0.07836410131343804,8.643124321190768
mono-00000042,81.535,3.829687031585067,0,0.7763899254561342,3.8296870315850526
mono-00000042,81.535,3.829687031585067,1,0.0,0.0
mono-00000042,81.535,3.829687031585067,2,0.0,0.0
mono-00000042,81.535,3.829687031585067,3,0.0,0.0
mono-00000042,81.535,3.829687031585067,4,0.0,0.0
mono-00000042,81.535,3.829687031585067,5,0.0,0.0
mono-00000043,82.285,3.8122868150777123,-5,9.02371158888492e-05,17.71425691591061
mono-00000043,82.285,3.8122868150777123,-4,1.4559898297132038e-05,15.924080071391472
mono-00000043,82.285,3.8122868150777123,-3,0.00043891712742266426,13.911946203038397
mono-00000043,82.285,3.8122868150777123,-2,0.0061526620661328515,11.562495818094561
mono-00000043,82.285,3.8122868150777123,-1,0.07899787839238769,8.603614210387818
mono-00000043,82.285,3.8122868150777123,0,0.7750209822622895,3.8122868150777265
mono-00000043,82.285,3.8122868150777123,1,0.0,0.0
mono-00000043,82.285,3.8122868150777123,2,0.0,0.0
mono-00000043,82.285,3.8122868150777123,3,0.0,0.0
mono-00000043,82.285,3.8122868150777123,4,0.0,0.0
mono-00000043,82.285,3.8122868150777123,5,0.0,0.0
mono-00000044,83.035,3.7951216277027555,-5,9.19928491416802e-05,17.63345568034957
mono-00000044,83.035,3.7951216277027555,-4,1.5291095408721135e-05,15.85156028059005
mono-00000044,83.035,3.7951216277027555,-3,0.0004288425083443157,13.848692771701252
mono-00000044,83.035,3.7951216277027555,-2,0.006132783534220955,11.510014286362448
mono-00000044,83.035,3.7951216277027555,-1,0.07953205795691354,8.564641028103694
mono-00000044,83.035,3.7951216277027555,0,0.7730686372937277,3.795121627702727
mono-00000044,83.035,3.7951216277027555,1,0.0,0.0
mono-00000044,83.035,3.7951216277027555,2,0.0,0.0
mono-00000044,83.035,3.7951216277027555,3,0.0,0.0
mono-00000044,83.035,3.7951216277027555,4,0.0,0.0
mono-00000044,83.035,3.7951216277027555,5,0.0,0.0
mono-00000038,78.534,3.901773831521936,-5,8.070698309647609e-05,18.13573246213123
mono-00000038,78.534,3.901773831521936,-4,1.1728251788547184e-05,16.30233164063739
mono-00000038,78.534,3.901773831521936,-3,0.0004780444471366369,14.241842668568253
mono-00000038,78.534,3.901773831521936,-2,0.006118617891133001,11.836191572785708
mono-00000038,78.534,3.901773831521936,-1,0.07506971567495307,8.806845241505812
mono-00000038,78.534,3.901773831521936,0,0.7771942808761361,3.9017738315218935
mono-00000038,78.534,3.901773831521936,1,0.0,0.0
mono-00000038,78.534,3.901773831521936,2,0.0,0.0
mono-00000038,78.534,3.901773831521936,3,0.0,0.0
mono-00000038,78.534,3.901773831521936,4,0.0,0.0
mono-00000038,78.534,3.901773831521936,5,0.0,0.0
mono-00000048,86.035,3.7287086948137613,-5,0.00010175328352867393,17.32096661557894
mono-00000048,86.035,3.7287086948137613,-4,1.984341315848887e-05,15.571083688778785
mono-00000048,86.035,3.7287086948137613,-3,0.00040484706937917185,13.604041334897616
mono-00000048,86.035,3.7287086948137613,-2,0.0062262856751392455,11.307014834909168
mono-00000048,86.035,3.7287086948137613,-1,0.08347735811808549,8.413882086222102
mono-00000048,86.035,3.7287086948137613,0,0.7755630237683309,3.7287086948137187
mono-00000048,86.035,3.7287086948137613,1,0.0,0.0
mono-00000048,86.035,3.7287086948137613,2,0.0,0.0
mono-00000048,86.035,3.7287086948137613,3,0.0,0.0
mono-00000048,86.035,3.7287086948137613,4,0.0,0.0
mono-00000048,86.035,3.7287086948137613,5,0.0,0.0
mono-00000045,83.785,3.7781862258865857,-5,9.438241409242814e-05,17.55375019955322
mono-00000045,83.785,3.7781862258865857,-4,1.633292085991088e-05,15.78002236827976
mono-00000045,83.785,3.7781862258865857,-3,0.00042084135860216747,13.786294367174875
mono-00000045,83.785,3.7781862258865857,-2,0.006133443439216266,11.458240966387507
mono-00000045,83.785,3.7781862258865857,-1,0.08026202039717723,8.526192722355049
mono-00000045,83.785,3.7781862258865857,0,0.7721574420772052,3.7781862258865857
mono-00000045,83.785,3.7781862258865857,1,0.0,0.0
mono-00000045,83.785,3.7781862258865857,2,0.0,0.0
mono-00000045,83.785,3.7781862258865857,3,0.0,0.0
mono-00000045,83.785,3.7781862258865857,4,0.0,0.0
mono-00000045,83.785,3.7781862258865857,5,0.0,0.0
mono-00000039,79.284,3.8833772256221835,-5,8.266609709085602e-05,18.049053587909597
mono-00000039,79.284,3.8833772256221835,-4,1.2181733196770964e-05,16.22454565959073
mono-00000039,79.284,3.8833772256221835,-3,0.00047101313667204954,14.174003943046856
mono-00000039,79.284,3.8833772256221835,-2,0.006134624970446146,11.779912547185802
mono-00000039,79.284,3.8833772256221835,-1,0.07593042065310696,8.765058029300278
mono-00000039,79.284,3.8833772256221835,0,0.7772365418895092,3.8833772256221977
mono-00000039,79.284,3.8833772256221835,1,0.0,0.0
mono-00000039,79.284,3.8833772256221835,2,0.0,0.0
mono-00000039,79.284,3.8833772256221835,3,0.0,0.0
mono-00000039,79.284,3.8833772256221835,4,0.0,0.0
mono-00000039,79.284,3.8833772256221835,5,0.0,0.0
mono-00000068,101.036,3.4420818221091736,-5,0.00014472152857585035,15.97468668356069
mono-00000068,101.036,3.4420818221091736,-4,5.567474329147599e-05,14.362457883472558
mono-00000068,101.036,3.4420818221091736,-3,0.0002717480027204635,12.549559328524609
mono-00000068,101.036,3.4420818221091736,-2,0.006451326745056491,10.431855977631542
mono-00000068,101.036,3.4420818221091736,-1,0.10321958760073201,7.763763172255153
mono-00000068,101.036,3.4420818221091736,0,0.7848709544045791,3.442081822109259
mono-00000068,101.036,3.4420818221091736,1,0.0,0.0
mono-00000068,101.036,3.4420818221091736,2,0.0,0.0
mono-00000068,101.036,3.4420818221091736,3,0.0,0.0
mono-00000068,101.036,3.4420818221091736,4,0.0,0.0
mono-00000068,101.036,3.4420818221091736,5,0.0,0.0
mono-00000051,88.285,3.6811253427744646,-5,0.0001085842887402544,17.09720537312957
mono-00000051,88.285,3.6811253427744646,-4,2.3690437209617955e-05,15.370230846661158
mono-00000051,88.285,3.6811253427744646,-3,0.00038857025804428806,13.428830514967771
mono-00000051,88.285,3.6811253427744646,-2,0.006317532742115942,11.161622581294125
mono-00000051,88.285,3.6811253427744646,-1,0.08680629660897474,8.305895861025192
mono-00000051,88.285,3.6811253427744646,0,0.7794735663686786,3.681125342774493
mono-00000051,88.285,3.6811253427744646,1,0.0,0.0
mono-00000051,88.285,3.6811253427744646,2,0.0,0.0
mono-00000051,88.285,3.6811253427744646,3,0.0,0.0
mono-00000051,88.285,3.6811253427744646,4,0.0,0.0
mono-00000051,88.285,3.6811253427744646,5,0.0,0.0
mono-00000054,90.535,3.635318318833498,-5,0.000115138311663534,16.881898292304825
mono-00000054,90.535,3.635318318833498,-4,2.8001444442095656e-05,15.17695540052074
mono-00000054,90.535,3.635318318833498,-3,0.00037023374342670114,13.26021976216748
mono-00000054,90.535,3.635318318833498,-2,0.0063831058865291175,11.021698507102386
mono-00000054,90.535,3.635318318833498,-1,0.08996696397290034,8.201963472695667
mono-00000054,90.535,3.635318318833498,0,0.7821836908186326,3.6353183188335407
mono-00000054,90.535,3.635318318833498,1,0.0,0.0
mono-00000054,90.535,3.635318318833498,2,0.0,0.0
mono-00000054,90.535,3.635318318833498,3,0.0,0.0
mono-00000054,90.535,3.635318318833498,4,0.0,0.0
mono-00000054,90.535,3.635318318833498,5,0.0,0.0
mono-00000053,89.785,3.6503968072436237,-5,0.00011296378076412364,16.95276096884558
mono-00000053,89.785,3.6503968072436237,-4,2.6502577978256606e-05,15.240568150339627
mono-00000053,89.785,3.6503968072436237,-3,0.0003765370136770474,13.315715691143396
mono-00000053,89.785,3.6503968072436237,-2,0.0063638683742443134,11.067753536293623
mono-00000053,89.785,3.6503968072436237,-1,0.08893110446974717,8.236172897670414
mono-00000053,89.785,3.6503968072436237,0,0.7814062307297942,3.650396807243652
mono-00000053,89.785,3.6503968072436237,1,0.0,0.0
mono-00000053,89.785,3.6503968072436237,2,0.0,0.0
mono-00000053,89.785,3.6503968072436237,3,0.0,0.0
mono-00000053,89.785,3.6503968072436237,4,0.0,0.0
mono-00000053,89.785,3.6503968072436237,5,0.0,0.0
mono-00000055,91.285,3.6204251450509872,-5,0.00011731777474386799,16.811916907430643
mono-00000055,91.285,3.6204251450509872,-4,2.956753867628295e-05,15.1141326216066
mono-00000055,91.285,3.6204251450509872,-3,0.00036385332652071897,13.20541198144332
mono-00000055,91.285,3.6204251450509872,-2,0.006401022644526028,10.976213669527652
mono-00000055,91.285,3.6204251450509872,-1,0.09099871908320178,8.16817680994096
mono-00000055,91.285,3.6204251450509872,0,0.7829115049411706,3.6204251450510014
mono-00000055,91.285,3.6204251450509872,1,0.0,0.0
mono-00000055,91.285,3.6204251450509872,2,0.0,0.0
mono-00000055,91.285,3.6204251450509872,3,0.0,0.0
mono-00000055,91.285,3.6204251450509872,4,0.0,0.0
mono-00000055,91.285,3.6204251450509872,5,0.0,0.0
mono-00000063,97.285,3.507520670765615,-5,0.00013410442480335302,16.281722241989044
mono-00000063,97.285,3.507520670765615,-4,4.417217023466071e-05,14.638136347522305
mono-00000063,97.285,3.507520670765615,-3,0.00030813922910818563,12.790111200663148
mono-00000063,97.285,3.507520670765615,-2,0.006464263419882891,10.631528264459476
mono-00000063,97.285,3.507520670765615,-1,0.09872114075991523,7.912115873396985
mono-00000063,97.285,3.507520670765615,0,0.7853830358865278,3.5075206707656577
mono-00000063,97.285,3.507520670765615,1,0.0,0.0
mono-00000063,97.285,3.507520670765615,2,0.0,0.0
mono-00000063,97.285,3.507520670765615,3,0.0,0.0
mono-00000063,97.285,3.507520670765615,4,0.0,0.0
mono-00000063,97.285,3.507520670765615,5,0.0,0.0
mono-00000064,98.036,3.4941201506268698,-5,0.0001362057884742945,16.21883223954761
mono-00000064,98.036,3.4941201506268698,-4,4.632545918715774e-05,14.581670930238388
mono-00000064,98.036,3.4941201506268698,-3,0.00030073612447950316,12.740842059557735
mono-00000064,98.036,3.4941201506268698,-2,0.006462314980133947,10.59063328873573
mono-00000064,98.036,3.4941201506268698,-1,0.0996134914760475,7.881732839999231
mono-00000064,98.036,3.4941201506268698,0,0.785258132623895,3.4941201506268555
mono-00000064,98.036,3.4941201506268698,1,0.0,0.0
mono-00000064,98.036,3.4941201506268698,2,0.0,0.0
mono-00000064,98.036,3.4941201506268698,3,0.0,0.0
mono-00000064,98.036,3.4941201506268698,4,0.0,0.0
mono-00000064,98.036,3.4941201506268698,5,0.0,0.0
mono-00000065,98.785,3.480907133459027,-5,0.00013831918782130812,16.156830046472436
mono-00000065,98.785,3.480907133459027,-4,4.855028113101208e-05,14.52600175611046
mono-00000065,98.785,3.480907133459027,-3,0.00029341651852619107,12.692266911241873
mono-00000065,98.785,3.480907133459027,-2,0.006460159474435064,10.550313677858966
mono-00000065,98.785,3.480907133459027,-1,0.10050884650499509,7.851776691494948
mono-00000065,98.785,3.480907133459027,0,0.7851504941230307,3.4809071334590413
mono-00000065,98.785,3.480907133459027,1,0.0,0.0
mono-00000065,98.785,3.480907133459027,2,0.0,0.0
mono-00000065,98.785,3.480907133459027,3,0.0,0.0
mono-00000065,98.785,3.480907133459027,4,0.0,0.0
mono-00000065,98.785,3.480907133459027,5,0.0,0.0
mono-00000046,84.535,3.7614755283807,-5,9.688172463152225e-05,17.47511592804298
mono-00000046,84.535,3.7614755283807,-4,1.7488363773091622e-05,15.709444375060144
mono-00000046,84.535,3.7614755283807,-3,0.0004134223191715807,13.724731898077906
mono-00000046,84.535,3.7614755283807,-2,0.0061398700690395444,11.407160071737223
mono-00000046,84.535,3.7614755283807,-1,0.08105669159080614,8.488257616519007
mono-00000046,84.535,3.7614755283807,0,0.7716185035626756,3.761475528380714
mono-00000046,84.535,3.7614755283807,1,0.0,0.0
mono-00000046,84.535,3.7614755283807,2,0.0,0.0
mono-00000046,84.535,3.7614755283807,3,0.0,0.0
mono-00000046,84.535,3.7614755283807,4,0.0,0.0
mono-00000046,84.535,3.7614755283807,5,0.0,0.0
mono-00000052,89.035,3.6656644853887883,-5,0.00011078723423164555,17.024523591712025
mono-00000052,89.035,3.6656644853887883,-4,2.5069031848456452e-05,15.304987567488098
mono-00000052,89.035,3.6656644853887883,-3,0.0003826878833581258,13.37191429047337
mono-00000052,89.035,3.6656644853887883,-2,0.006342439814794415,11.11439077069781
mono-00000052,89.035,3.6656644853887883,-1,0.08788188544603405,8.270813975556166
mono-00000052,89.035,3.6656644853887883,0,0.7805267759063476,3.6656644853888025
mono-00000052,89.035,3.6656644853887883,1,0.0,0.0
mono-00000052,89.035,3.6656644853887883,2,0.0,0.0
mono-00000052,89.035,3.6656644853887883,3,0.0,0.0
mono-00000052,89.035,3.6656644853887883,4,0.0,0.0
mono-00000052,89.035,3.6656644853887883,5,0.0,0.0
mono-00000047,85.285,3.7449846098577524,-5,9.932332380011088e-05,17.39752908330773
mono-00000047,85.285,3.7449846098577524,-4,1.8634299925184896e-05,15.639805023019065
mono-00000047,85.285,3.7449846098577524,-3,0.0004092775838053822,13.663986864550722
mono-00000047,85.285,3.7449846098577524,-2,0.00618455911164608,11.356756304274569
mono-00000047,85.285,3.7449846098577524,-1,0.08227578080100643,8.450824394434761
mono-00000047,85.285,3.7449846098577524,0,0.7736693029224526,3.7449846098577524
mono-00000047,85.285,3.7449846098577524,1,0.0,0.0
mono-00000047,85.285,3.7449846098577524,2,0.0,0.0
mono-00000047,85.285,3.7449846098577524,3,0.0,0.0
mono-00000047,85.285,3.7449846098577524,4,0.0,0.0
mono-00000047,85.285,3.7449846098577524,5,0.0,0.0
mono-00000049,86.785,3.7126431517592238,-5,0.00010406880364199977,17.245406179056147
mono-00000049,86.785,3.7126431517592238,-4,2.1079720115570496e-05,15.503260377833811
mono-00000049,86.785,3.7126431517592238,-3,0.00039956819553542037,13.544877923346817
mono-00000049,86.785,3.7126431517592238,-2,0.006258358363290377,11.257921285267415
mono-00000049,86.785,3.7126431517592238,-1,0.0845914639416523,8.377420054775229
mono-00000049,86.785,3.7126431517592238,0,0.7769212293301837,3.7126431517592096
mono-00000049,86.785,3.7126431517592238,1,0.0,0.0
mono-00000049,86.785,3.7126431517592238,2,0.0,0.0
mono-00000049,86.785,3.7126431517592238,3,0.0,0.0
mono-00000049,86.785,3.7126431517592238,4,0.0,0.0
mono-00000049,86.785,3.7126431517592238,5,0.0,0.0
mono-00000050,87.535,3.6967834876830494,-5,0.00010635596655402957,17.17082610450194
mono-00000050,87.535,3.6967834876830494,-4,2.236727334487292e-05,15.43631570010767
mono-00000050,87.535,3.6967834876830494,-3,0.00039416062878730657,13.486479768864811
mono-00000050,87.535,3.6967834876830494,-2,0.006288995011985513,11.209461710230883
mono-00000050,87.535,3.6967834876830494,-1,0.08570329238926061,8.34142798289514
mono-00000050,87.535,3.6967834876830494,0,0.778234281932116,3.696783487683035
mono-00000050,87.535,3.6967834876830494,1,0.0,0.0
mono-00000050,87.535,3.6967834876830494,2,0.0,0.0
mono-00000050,87.535,3.6967834876830494,3,0.0,0.0
mono-00000050,87.535,3.6967834876830494,4,0.0,0.0
mono-00000050,87.535,3.6967834876830494,5,0.0,0.0
mono-00000061,95.786,3.5347357338578007,-5,0.0001299678838487008,16.409470076076346
mono-00000061,95.786,3.5347357338578007,-4,4.011278960729173e-05,14.752831231068953
mono-00000061,95.786,3.5347357338578007,-3,0.0003230372120467294,12.890186268775068
mono-00000061,95.786,3.5347357338578007,-2,0.0064665230736313225,10.71459167488294
mono-00000061,95.786,3.5347357338578007,-1,0.09694408151943815,7.973826214168653
mono-00000061,95.786,3.5347357338578007,0,0.7856221235539225,3.5347357338577723
mono-00000061,95.786,3.5347357338578007,1,0.0,0.0
mono-00000061,95.786,3.5347357338578007,2,0.0,0.0
mono-00000061,95.786,3.5347357338578007,3,0.0,0.0
mono-00000061,95.786,3.5347357338578007,4,0.0,0.0
mono-00000061,95.786,3.5347357338578007,5,0.0,0.0
mono-00000056,92.035,3.6057135210034517,-5,0.0001194787397671697,16.742798696495782
mono-00000056,92.035,3.6057135210034517,-4,3.118395204684349e-05,15.052083597030375
mono-00000056,92.035,3.6057135210034517,-3,0.00035745434178195484,13.151278243611301
mono-00000056,92.035,3.6057135210034517,-2,0.0064184246329066505,10.931287354190047
mono-00000056,92.035,3.6057135210034517,-1,0.09203621073981066,8.134804272989783
mono-00000056,92.035,3.6057135210034517,0,0.7836503341251129,3.605713521003466
mono-00000056,92.035,3.6057135210034517,1,0.0,0.0
mono-00000056,92.035,3.6057135210034517,2,0.0,0.0
mono-00000056,92.035,3.6057135210034517,3,0.0,0.0
mono-00000056,92.035,3.6057135210034517,4,0.0,0.0
mono-00000056,92.035,3.6057135210034517,5,0.0,0.0
mono-00000057,92.785,3.591179788015509,-5,0.00012164211418531107,16.674526058996136
mono-00000057,92.785,3.591179788015509,-4,3.285982313233434e-05,14.99079257249528
mono-00000057,92.785,3.591179788015509,-3,0.0003510917511929515,13.097804844802823
mono-00000057,92.785,3.591179788015509,-2,0.006435979613650273,10.886908223349536
mono-00000057,92.785,3.591179788015509,-1,0.09308641811057912,8.10183747042565
mono-00000057,92.785,3.591179788015509,0,0.784432044011535,3.591179788015509
mono-00000057,92.785,3.591179788015509,1,0.0,0.0
mono-00000057,92.785,3.591179788015509,2,0.0,0.0
mono-00000057,92.785,3.591179788015509,3,0.0,0.0
mono-00000057,92.785,3.591179788015509,4,0.0,0.0
mono-00000057,92.785,3.591179788015509,5,0.0,0.0
mono-00000058,93.536,3.5768013587702256,-5,0.00012376557479747507,16.606992512860415
mono-00000058,93.536,3.5768013587702256,-4,3.4587154429769746e-05,14.930163997172357
mono-00000058,93.536,3.5768013587702256,-3,0.00034441663835593864,13.044908459014806
mono-00000058,93.536,3.5768013587702256,-2,0.006449188412676703,10.843007154717029
mono-00000058,93.536,3.5768013587702256,-1,0.09410010109734131,8.06922508318776
mono-00000058,93.536,3.5768013587702256,0,0.7849985079695591,3.5768013587702683
mono-00000058,93.536,3.5768013587702256,1,0.0,0.0
mono-00000058,93.536,3.5768013587702256,2,0.0,0.0
mono-00000058,93.536,3.5768013587702256,3,0.0,0.0
mono-00000058,93.536,3.5768013587702256,4,0.0,0.0
mono-00000058,93.536,3.5768013587702256,5,0.0,0.0
mono-00000062,96.536,3.521040247869635,-5,0.00013202877338437804,16.345179137742832
mono-00000062,96.536,3.521040247869635,-4,4.2103455014756755e-05,14.695109840918676
mono-00000062,96.536,3.521040247869635,-3,0.00031558334024413097,12.839822862691506
mono-00000062,96.536,3.521040247869635,-2,0.0064659503601572155,10.672789848844303
mono-00000062,96.536,3.521040247869635,-1,0.09783589203402285,7.94277067278982
mono-00000062,96.536,3.521040247869635,0,0.7855211307777469,3.5210402478696636
mono-00000062,96.536,3.521040247869635,1,0.0,0.0
mono-00000062,96.536,3.521040247869635,2,0.0,0.0
mono-00000062,96.536,3.521040247869635,3,0.0,0.0
mono-00000062,96.536,3.521040247869635,4,0.0,0.0
mono-00000062,96.536,3.521040247869635,5,0.0,0.0
mono-00000059,94.286,3.562613063371728,-5,0.00012587609422862599,16.540361267863204
mono-00000059,94.286,3.562613063371728,-4,3.637141430721219e-05,14.870344436289685
mono-00000059,94.286,3.562613063371728,-3,0.00033765831754305355,12.99271699733768
mono-00000059,94.286,3.562613063371728,-2,0.006460672117082276,10.799690340227002
mono-00000059,94.286,3.562613063371728,-1,0.09510354206879902,8.037046025558553
mono-00000059,94.286,3.562613063371728,0,0.7854995533836222,3.5626130633716855
mono-00000059,94.286,3.562613063371728,1,0.0,0.0
mono-00000059,94.286,3.562613063371728,2,0.0,0.0
mono-00000059,94.286,3.562613063371728,3,0.0,0.0
mono-00000059,94.286,3.562613063371728,4,0.0,0.0
mono-00000059,94.286,3.562613063371728,5,0.0,0.0
mono-00000060,95.036,3.548592278494411,-5,0.00012793293431209512,16.474525692682533
mono-00000060,95.036,3.548592278494411,-4,3.8211378035610896e-05,14.811238202766887
mono-00000060,95.036,3.548592278494411,-3,0.0003304371820759035,12.941147012906612
mono-00000060,95.036,3.548592278494411,-2,0.006465230966574861,10.756888555570171
mono-00000060,95.036,3.548592278494411,-1,0.09603800131195452,8.005248901215893
mono-00000060,95.036,3.548592278494411,0,0.78563655719387,3.5485922784943824
mono-00000060,95.036,3.548592278494411,1,0.0,0.0
mono-00000060,95.036,3.548592278494411,2,0.0,0.0
mono-00000060,95.036,3.548592278494411,3,0.0,0.0
mono-00000060,95.036,3.548592278494411,4,0.0,0.0
mono-00000060,95.036,3.548592278494411,5,0.0,0.0
mono-00000067,100.285,3.4548903244918563,-5,0.00014257573385125543,16.03476858182505
mono-00000067,100.285,3.4548903244918563,-4,5.3228141290967335e-05,14.41640536129529
mono-00000067,100.285,3.4548903244918563,-3,0.000278898848146534,12.596634357749664
mono-00000067,100.285,3.4548903244918563,-2,0.006454276352216614,10.470932314286571
mono-00000067,100.285,3.4548903244918563,-1,0.10230707851173254,7.792797255889255
mono-00000067,100.285,3.4548903244918563,0,0.7849339619907061,3.4548903244918137
mono-00000067,100.285,3.4548903244918563,1,0.0,0.0
mono-00000067,100.285,3.4548903244918563,2,0.0,0.0
mono-00000067,100.285,3.4548903244918563,3,0.0,0.0
mono-00000067,100.285,3.4548903244918563,4,0.0,0.0
mono-00000067,100.285,3.4548903244918563,5,0.0,0.0
mono-00000069,101.786,3.429431498642529,-5,0.00014690145844611327,15.915353831696137
mono-00000069,101.786,3.429431498642529,-4,5.8199590461775295e-05,14.309182188987279
mono-00000069,101.786,3.429431498642529,-3,0.00026470975426578917,12.503069807125456
mono-00000069,101.786,3.429431498642529,-2,0.006448988060995714,10.393265057793712
mono-00000069,101.786,3.429431498642529,-1,0.10414717344063175,7.735089231396728
mono-00000069,101.786,3.429431498642529,0,0.784875257970124,3.4294314986426855
mono-00000069,101.786,3.429431498642529,1,0.0,0.0
mono-00000069,101.786,3.429431498642529,2,0.0,0.0
mono-00000069,101.786,3.429431498642529,3,0.0,0.0
mono-00000069,101.786,3.429431498642529,4,0.0,0.0
mono-00000069,101.786,3.429431498642529,5,0.0,0.0
mono-00000066,99.536,3.467808194353296,-5,0.00014045008785223628,16.09537081719816
mono-00000066,99.536,3.467808194353296,-4,5.085680302121889e-05,14.470819236137004
mono-00000066,99.536,3.467808194353296,-3,0.0002861235372599673,12.64411564775854
mono-00000066,99.536,3.467808194353296,-2,0.006457504858227193,10.510345255400779
mono-00000066,99.536,3.467808194353296,-1,0.101408763761768,7.822080894373201
mono-00000066,99.536,3.467808194353296,0,0.7850444938094693,3.4678081943534096
mono-00000066,99.536,3.467808194353296,1,0.0,0.0
mono-00000066,99.536,3.467808194353296,2,0.0,0.0
mono-00000066,99.536,3.467808194353296,3,0.0,0.0
mono-00000066,99.536,3.467808194353296,4,0.0,0.0
mono-00000066,99.536,3.467808194353296,5,0.0,0.0
mono-00000071,103.286,3.4045437123573805,-5,0.00015125233632105035,15.798644918676501
mono-00000071,103.286,3.4045437123573805,-4,6.34551910392438e-05,14.204385562560049
mono-00000071,103.286,3.4045437123573805,-3,0.0002507031420094059,12.411619999757391
mono-00000071,103.286,3.4045437123573805,-2,0.006441784712197069,10.317350889055092
mono-00000071,103.286,3.4045437123573805,-1,0.10599806557228982,7.678681739054966
mono-00000071,103.286,3.4045437123573805,0,0.7848431877493135,3.404543712357494
mono-00000071,103.286,3.4045437123573805,1,0.0,0.0
mono-00000071,103.286,3.4045437123573805,2,0.0,0.0
mono-00000071,103.286,3.4045437123573805,3,0.0,0.0
mono-00000071,103.286,3.4045437123573805,4,0.0,0.0
mono-00000071,103.286,3.4045437123573805,5,0.0,0.0
mono-00000070,102.536,3.41691963115062,-5,0.00014908700551576352,15.856677246697203
mono-00000070,102.536,3.41691963115062,-4,6.0797014349645435e-05,14.256495000637273
mono-00000070,102.536,3.41691963115062,-3,0.00025773037565301804,12.457093151219581
mono-00000070,102.536,3.41691963115062,-2,0.006446368051259,10.35509927797861
mono-00000070,102.536,3.41691963115062,-1,0.10508011999580069,7.706730666713369
mono-00000070,102.536,3.41691963115062,0,0.7848956892178289,3.4169196311506482
mono-00000070,102.536,3.41691963115062,1,0.0,0.0
mono-00000070,102.536,3.41691963115062,2,0.0,0.0
mono-00000070,102.536,3.41691963115062,3,0.0,0.0
mono-00000070,102.536,3.41691963115062,4,0.0,0.0
mono-00000070,102.536,3.41691963115062,5,0.0,0.0
mono-00000077,107.787,3.332995018589287,-5,0.00016413993652049272,15.463272910298997
mono-00000077,107.787,3.332995018589287,-4,8.086115250371721e-05,13.903227903196623
mono-00000077,107.787,3.332995018589287,-3,0.00020883770112542786,12.148802893850203
mono-00000077,107.787,3.332995018589287,-2,0.006389090334510764,10.099168821368195
mono-00000077,107.787,3.332995018589287,-1,0.11136899070006681,7.516551984664758
mono-00000077,107.787,3.332995018589287,0,0.7838249617839513,3.3329950185891306
mono-00000077,107.787,3.332995018589287,1,0.0,0.0
mono-00000077,107.787,3.332995018589287,2,0.0,0.0
mono-00000077,107.787,3.332995018589287,3,0.0,0.0
mono-00000077,107.787,3.332995018589287,4,0.0,0.0
mono-00000077,107.787,3.332995018589287,5,0.0,0.0
mono-00000072,104.037,3.3922850629281953,-5,0.0001534334620203969,15.741169027336653
mono-00000072,104.037,3.3922850629281953,-4,6.619049837348595e-05,14.15277504332343
mono-00000072,104.037,3.3922850629281953,-3,0.00024374914441155487,12.366581583512456
mono-00000072,104.037,3.3922850629281953,-2,0.006437266026139223,10.27996282376101
mono-00000072,104.037,3.3922850629281953,-1,0.10692680958772612,7.650900061773115
mono-00000072,104.037,3.3922850629281953,0,0.7848261686301272,3.3922850629282664
mono-00000072,104.037,3.3922850629281953,1,0.0,0.0
mono-00000072,104.037,3.3922850629281953,2,0.0,0.0
mono-00000072,104.037,3.3922850629281953,3,0.0,0.0
mono-00000072,104.037,3.3922850629281953,4,0.0,0.0
mono-00000072,104.037,3.3922850629281953,5,0.0,0.0
mono-00000074,105.537,3.368191618226504,-5,0.00015774412019234818,15.62822341146935
mono-00000074,105.537,3.368191618226504,-4,7.185382628909649e-05,14.05135334699365
mono-00000074,105.537,3.368191618226504,-3,0.000229770103184137,12.278073103732794
mono-00000074,105.537,3.368191618226504,-2,0.006422467154374559,10.206487022890244
mono-00000074,105.537,3.368191618226504,-1,0.10873552393883054,7.596301525606151
mono-00000074,105.537,3.368191618226504,0,0.7845719443333711,3.368191618226362
mono-00000074,105.537,3.368191618226504,1,0.0,0.0
mono-00000074,105.537,3.368191618226504,2,0.0,0.0
mono-00000074,105.537,3.368191618226504,3,0.0,0.0
mono-00000074,105.537,3.368191618226504,4,0.0,0.0
mono-00000074,105.537,3.368191618226504,5,0.0,0.0
mono-00000075,106.287,3.3563358208779306,-5,0.0001598826401912152,15.572654767285357
mono-00000075,106.287,3.3563358208779306,-4,7.478533981768568e-05,14.001453395108669
mono-00000075,106.287,3.3563358208779306,-3,0.000222784447640093,12.234525614454299
mono-00000075,106.287,3.3563358208779306,-2,0.00641286300890748,10.170335051881565
mono-00000075,106.287,3.3563358208779306,-1,0.10962467611775217,7.569436969241707
mono-00000075,106.287,3.3563358208779306,0,0.7843735389710192,3.3563358208780585
mono-00000075,106.287,3.3563358208779306,1,0.0,0.0
mono-00000075,106.287,3.3563358208779306,2,0.0,0.0
mono-00000075,106.287,3.3563358208779306,3,0.0,0.0
mono-00000075,106.287,3.3563358208779306,4,0.0,0.0
mono-00000075,106.287,3.3563358208779306,5,0.0,0.0
mono-00000073,104.787,3.3801739433676232,-5,0.00015558539940908032,15.684391216288219
mono-00000073,104.787,3.3801739433676232,-4,6.898662857795192e-05,14.101790658255055
mono-00000073,104.787,3.3801739433676232,-3,0.0002367212406972458,12.32208894148323
mono-00000073,104.787,3.3801739433676232,-2,0.006429937723036659,10.243027279933955
mono-00000073,104.787,3.3801739433676232,-1,0.10782786130348028,7.623454161205686
mono-00000073,104.787,3.3801739433676232,0,0.7846870205887362,3.380173943367552
mono-00000073,104.787,3.3801739433676232,1,0.0,0.0
mono-00000073,104.787,3.3801739433676232,2,0.0,0.0
mono-00000073,104.787,3.3801739433676232,3,0.0,0.0
mono-00000073,104.787,3.3801739433676232,4,0.0,0.0
mono-00000073,104.787,3.3801739433676232,5,0.0,0.0
mono-00000078,108.537,3.3215057508031123,-5,0.00016622326471419204,15.409439313110227
mono-00000078,108.537,3.3215057508031123,-4,8.400346725790107e-05,13.854884103375952
mono-00000078,108.537,3.3215057508031123,-3,0.00020175227617358165,12.106611767241787
mono-00000078,108.537,3.3215057508031123,-2,0.006372087375730938,10.064141400712387
mono-00000078,108.537,3.3215057508031123,-1,0.11218595121449673,7.4905218065157015
mono-00000078,108.537,3.3215057508031123,0,0.7833167647474986,3.32150575080324
mono-00000078,108.537,3.3215057508031123,1,0.0,0.0
mono-00000078,108.537,3.3215057508031123,2,0.0,0.0
mono-00000078,108.537,3.3215057508031123,3,0.0,0.0
mono-00000078,108.537,3.3215057508031123,4,0.0,0.0
mono-00000078,108.537,3.3215057508031123,5,0.0,0.0
mono-00000076,107.037,3.3446043401491323,-5,0.00016202065204416876,15.517674706204474
mono-00000076,107.037,3.3446043401491323,-4,7.778743717802614e-05,13.952081327971214
mono-00000076,107.037,3.3446043401491323,-3,0.00021583316309766313,12.191438226306076
mono-00000076,107.037,3.3446043401491323,-2,0.0064023024440444274,10.134564538521587
mono-00000076,107.037,3.3446043401491323,-1,0.11051000260225462,7.542855433855166
mono-00000076,107.037,3.3446043401491323,0,0.7841564115885454,3.3446043401492886
mono-00000076,107.037,3.3446043401491323,1,0.0,0.0
mono-00000076,107.037,3.3446043401491323,2,0.0,0.0
mono-00000076,107.037,3.3446043401491323,3,0.0,0.0
mono-00000076,107.037,3.3446043401491323,4,0.0,0.0
mono-00000076,107.037,3.3446043401491323,5,0.0,0.0
mono-00000080,110.038,3.298864275204309,-5,0.00017041536682426385,15.303367719978922
mono-00000080,110.038,3.298864275204309,-4,9.053221178121781e-05,13.759627582670504
mono-00000080,110.038,3.298864275204309,-3,0.00018781484041568747,12.023476856424082
mono-00000080,110.038,3.298864275204309,-2,0.006335844150699356,9.99512071733622
mono-00000080,110.038,3.298864275204309,-1,0.11381101644864439,7.439228756165633
mono-00000080,110.038,3.298864275204309,0,0.7822599264156278,3.2988642752042807
mono-00000080,110.038,3.298864275204309,1,0.0,0.0
mono-00000080,110.038,3.298864275204309,2,0.0,0.0
mono-00000080,110.038,3.298864275204309,3,0.0,0.0
mono-00000080,110.038,3.298864275204309,4,0.0,0.0
mono-00000080,110.038,3.298864275204309,5,0.0,0.0
mono-00000081,110.788,3.287723183980944,-5,0.00017251689442948564,15.251181432346414
mono-00000081,110.788,3.287723183980944,-4,9.391084473677262e-05,13.712761339327812
mono-00000081,110.788,3.287723183980944,-3,0.00018098152882946883,11.982573672069151
mono-00000081,110.788,3.287723183980944,-2,0.006316720160058832,9.961161193482212
mono-00000081,110.788,3.287723183980944,-1,0.1146190466877772,7.413990984829297
mono-00000081,110.788,3.287723183980944,0,0.7817174896131887,3.287723183980958
mono-00000081,110.788,3.287723183980944,1,0.0,0.0
mono-00000081,110.788,3.287723183980944,2,0.0,0.0
mono-00000081,110.788,3.287723183980944,3,0.0,0.0
mono-00000081,110.788,3.287723183980944,4,0.0,0.0
mono-00000081,110.788,3.287723183980944,5,0.0,0.0
mono-00000079,109.287,3.3101344818469016,-5,0.0001683133948210491,15.356164091822492
mono-00000079,109.287,3.3101344818469016,-4,8.722067999613455e-05,13.807041129083046
mono-00000079,109.287,3.3101344818469016,-3,0.00019475511140306195,12.0648571861567
mono-00000079,109.287,3.3101344818469016,-2,0.006354699758231941,10.029475933563688
mono-00000079,109.287,3.3101344818469016,-1,0.11300493849954757,7.464760200176357
mono-00000079,109.287,3.3101344818469016,0,0.7828195826298561,3.3101344818470295
mono-00000079,109.287,3.3101344818469016,1,0.0,0.0
mono-00000079,109.287,3.3101344818469016,2,0.0,0.0
mono-00000079,109.287,3.3101344818469016,3,0.0,0.0
mono-00000079,109.287,3.3101344818469016,4,0.0,0.0
mono-00000079,109.287,3.3101344818469016,5,0.0,0.0
mono-00000084,113.038,3.254965195981967,-5,0.00017887558809627998,15.097768796413831
mono-00000084,113.038,3.254965195981967,-4,0.00010452142795114515,13.574984777769444
mono-00000084,113.038,3.254965195981967,-3,0.000161114604365696,11.862324257843028
mono-00000084,113.038,3.254965195981967,-2,0.006257037234619308,9.861322564856025
mono-00000084,113.038,3.254965195981967,-1,0.11704932865527154,7.339791464765341
mono-00000084,113.038,3.254965195981967,0,0.7801228665254719,3.2549651959820096
mono-00000084,113.038,3.254965195981967,1,0.0,0.0
mono-00000084,113.038,3.254965195981967,2,0.0,0.0
mono-00000084,113.038,3.254965195981967,3,0.0,0.0
mono-00000084,113.038,3.254965195981967,4,0.0,0.0
mono-00000084,113.038,3.254965195981967,5,0.0,0.0
mono-00000082,111.538,3.276694211792872,-5,0.00017463078687427464,15.199525428091306
mono-00000082,111.538,3.276694211792872,-4,9.737158753559781e-05,13.666370754313164
mono-00000082,111.538,3.276694211792872,-3,0.00017425796711220966,11.942085122660401
mono-00000082,111.538,3.276694211792872,-2,0.006297218198038893,9.927545479345454
mono-00000082,111.538,3.276694211792872,-1,0.1154278586904612,7.389008342413149
mono-00000082,111.538,3.276694211792872,0,0.7811782214372995,3.276694211793
mono-00000082,111.538,3.276694211792872,1,0.0,0.0
mono-00000082,111.538,3.276694211792872,2,0.0,0.0
mono-00000082,111.538,3.276694211792872,3,0.0,0.0
mono-00000082,111.538,3.276694211792872,4,0.0,0.0
mono-00000082,111.538,3.276694211792872,5,0.0,0.0
mono-00000083,112.288,3.265775490684973,-5,0.00017675170960161534,15.148390786716575
mono-00000083,112.288,3.265775490684973,-4,0.00010090879834286739,13.6204478355655
mono-00000083,112.288,3.265775490684973,-3,0.00016763843134490045,11.902004249889771
mono-00000083,112.288,3.265775490684973,-2,0.0062773943909644695,9.894267812505475
mono-00000083,112.288,3.265775490684973,-1,0.11623890460397183,7.364276559179501
mono-00000083,112.288,3.265775490684973,0,0.780650435965123,3.2657754906848027
mono-00000083,112.288,3.265775490684973,1,0.0,0.0
mono-00000083,112.288,3.265775490684973,2,0.0,0.0
mono-00000083,112.288,3.265775490684973,3,0.0,0.0
mono-00000083,112.288,3.265775490684973,4,0.0,0.0
mono-00000083,112.288,3.265775490684973,5,0.0,0.0
mono-00000085,113.788,3.244261545008044,-5,0.0001810007766448047,15.047650947827236
mono-00000085,113.788,3.244261545008044,-4,0.00010821071776361425,13.529973956781532
mono-00000085,113.788,3.244261545008044,-3,0.0001546836840150354,11.82303850815876
mono-00000085,113.788,3.244261545008044,-2,0.006235934613076423,9.82870423860578
mono-00000085,113.788,3.244261545008044,-1,0.11785581820388732,7.315548985227579
mono-00000085,113.788,3.244261545008044,0,0.7795816992848102,3.2442615450081576
mono-00000085,113.788,3.244261545008044,1,0.0,0.0
mono-00000085,113.788,3.244261545008044,2,0.0,0.0
mono-00000085,113.788,3.244261545008044,3,0.0,0.0
mono-00000085,113.788,3.244261545008044,4,0.0,0.0
mono-00000085,113.788,3.244261545008044,5,0.0,0.0
mono-00000098,123.54,3.114051735297224,-5,0.00020843842084113367,14.438340371829653
mono-00000098,123.54,3.114051735297224,-4,0.00016297293960246267,12.982711068220624
mono-00000098,123.54,3.114051735297224,-3,8.07455580157678e-05,11.345347074691148
mono-00000098,123.54,3.114051735297224,-2,0.005898928351247733,9.432052790262361
mono-00000098,123.54,3.114051735297224,-1,0.12800955141527556,7.020723251711743
mono-00000098,123.54,3.114051735297224,0,0.771655441871168,3.1140517352972097
mono-00000098,123.54,3.114051735297224,1,0.0,0.0
mono-00000098,123.54,3.114051735297224,2,0.0,0.0
mono-00000098,123.54,3.114051735297224,3,0.0,0.0
mono-00000098,123.54,3.114051735297224,4,0.0,0.0
mono-00000098,123.54,3.114051735297224,5,0.0,0.0
mono-00000107,130.29,3.032589878363453,-5,0.00022787483310636266,14.05748497527155
mono-00000107,130.29,3.032589878363453,-4,0.0002087740451930566,12.640601352535043
mono-00000107,130.29,3.032589878363453,-3,4.29135878967118e-05,11.04669486416553
mono-00000107,130.29,3.032589878363453,-2,0.00563526399745755,9.184037426354962
mono-00000107,130.29,3.032589878363453,-1,0.1351747633316513,6.836351228559991
mono-00000107,130.29,3.032589878363453,0,0.7670713604480999,3.0325898783635097
mono-00000107,130.29,3.032589878363453,1,0.0,0.0
mono-00000107,130.29,3.032589878363453,2,0.0,0.0
mono-00000107,130.29,3.032589878363453,3,0.0,0.0
mono-00000107,130.29,3.032589878363453,4,0.0,0.0
mono-00000107,130.29,3.032589878363453,5,0.0,0.0
mono-00000086,114.537,3.233676858435402,-5,0.00018312585554123174,14.998094764249345
mono-00000086,114.537,3.233676858435402,-4,0.00011196860201972136,13.485467052752455
mono-00000086,114.537,3.233676858435402,-3,0.00014836763626943945,11.784192124020848
mono-00000086,114.537,3.233676858435402,-2,0.0062145705774031695,9.796450313053455
mono-00000086,114.537,3.233676858435402,-1,0.11866409497548089,7.29157698818041
mono-00000086,114.537,3.233676858435402,0,0.779056470781222,3.2336768584353734
mono-00000086,114.537,3.233676858435402,1,0.0,0.0
mono-00000086,114.537,3.233676858435402,2,0.0,0.0
mono-00000086,114.537,3.233676858435402,3,0.0,0.0
mono-00000086,114.537,3.233676858435402,4,0.0,0.0
mono-00000086,114.537,3.233676858435402,5,0.0,0.0
mono-00000104,128.04,3.059029428192744,-5,0.00022121101727274467,14.181068554243552
mono-00000104,128.04,3.059029428192744,-4,0.000192670445416182,12.75161548781277
mono-00000104,128.04,3.059029428192744,-3,5.4195019515501484e-05,11.143609874304502
mono-00000104,128.04,3.059029428192744,-2,0.00572042644362735,9.264522796921312
mono-00000104,128.04,3.059029428192744,-1,0.13267626424898177,6.89618531820004
mono-00000104,128.04,3.059029428192744,0,0.768176864715949,3.059029428192872
mono-00000104,128.04,3.059029428192744,1,0.0,0.0
mono-00000104,128.04,3.059029428192744,2,0.0,0.0
mono-00000104,128.04,3.059029428192744,3,0.0,0.0
mono-00000104,128.04,3.059029428192744,4,0.0,0.0
mono-00000104,128.04,3.059029428192744,5,0.0,0.0
mono-00000093,119.789,3.1622573600480735,-5,0.00019791209118477526,14.663836848958752
mono-00000093,119.789,3.1622573600480735,-4,0.0001403972804127922,13.185253454515276
mono-00000093,119.789,3.1622573600480735,-3,0.00010681973904566246,11.522148837069963
mono-00000093,119.789,3.1622573600480735,-2,0.006040871902804644,9.578867080212532
mono-00000093,119.789,3.1622573600480735,-1,0.1241669789092772,7.129854290006733
mono-00000093,119.789,3.1622573600480735,0,0.7748462851594322,3.1622573600482013
mono-00000093,119.789,3.1622573600480735,1,0.0,0.0
mono-00000093,119.789,3.1622573600480735,2,0.0,0.0
mono-00000093,119.789,3.1622573600480735,3,0.0,0.0
mono-00000093,119.789,3.1622573600480735,4,0.0,0.0
mono-00000093,119.789,3.1622573600480735,5,0.0,0.0
mono-00000100,125.039,3.09539474251514,-5,0.00021263964168018857,14.351091260329412
mono-00000100,125.039,3.09539474251514,-4,0.00017252927899773042,12.904340624416363
mono-00000100,125.039,3.09539474251514,-3,7.126744007669397e-05,11.276934115400437
mono-00000100,125.039,3.09539474251514,-2,0.0058388779307586925,9.375241288069702
mono-00000100,125.039,3.09539474251514,-1,0.1295335154095971,6.978491881487258
mono-00000100,125.039,3.09539474251514,0,0.7703765954492064,3.0953947425152677
mono-00000100,125.039,3.09539474251514,1,0.0,0.0
mono-00000100,125.039,3.09539474251514,2,0.0,0.0
mono-00000100,125.039,3.09539474251514,3,0.0,0.0
mono-00000100,125.039,3.09539474251514,4,0.0,0.0
mono-00000100,125.039,3.09539474251514,5,0.0,0.0
mono-00000101,125.789,3.086185009043035,-5,0.00021474025449947986,14.308027124564688
mono-00000101,125.789,3.086185009043035,-4,0.0001774261316262485,12.865658236052653
mono-00000101,125.789,3.086185009043035,-3,6.67366417048026e-05,11.243166086100246
mono-00000101,125.789,3.086185009043035,-2,0.005808207839534207,9.347199203890327
mono-00000101,125.789,3.086185009043035,-1,0.13029466209607468,6.957646155893329
mono-00000101,125.789,3.086185009043035,0,0.7697408249773717,3.0861850090430636
mono-00000101,125.789,3.086185009043035,1,0.0,0.0
mono-00000101,125.789,3.086185009043035,2,0.0,0.0
mono-00000101,125.789,3.086185009043035,3,0.0,0.0
mono-00000101,125.789,3.086185009043035,4,0.0,0.0
mono-00000101,125.789,3.086185009043035,5,0.0,0.0
mono-00000103,127.29,3.0679974833653603,-5,0.00021904069173155202,14.22299310480912
mono-00000103,127.29,3.0679974833653603,-4,0.0001875051510036015,12.789275296437594
mono-00000103,127.29,3.0679974833653603,-3,5.821838802098258e-05,11.17648617259762
mono-00000103,127.29,3.0679974833653603,-2,0.005749522800645324,9.291825174032397
mono-00000103,127.29,3.0679974833653603,-1,0.1318744020853862,6.916481876681274
mono-00000103,127.29,3.0679974833653603,0,0.7686663586932188,3.067997483365332
mono-00000103,127.29,3.0679974833653603,1,0.0,0.0
mono-00000103,127.29,3.0679974833653603,2,0.0,0.0
mono-00000103,127.29,3.0679974833653603,3,0.0,0.0
mono-00000103,127.29,3.0679974833653603,4,0.0,0.0
mono-00000103,127.29,3.0679974833653603,5,0.0,0.0
mono-00000099,124.29,3.104674974124805,-5,0.0002105418127410587,14.394488398495298
mono-00000099,124.29,3.104674974124805,-4,0.000167716442526354,12.943321760486015
mono-00000099,124.29,3.104674974124805,-3,7.593095369995301e-05,11.3109626078257
mono-00000099,124.29,3.104674974124805,-2,0.005869173667961108,9.403499381469118
mono-00000099,124.29,3.104674974124805,-1,0.12877422769889782,6.999497931514782
mono-00000099,124.29,3.104674974124805,0,0.7710214434584622,3.104674974124663
mono-00000099,124.29,3.104674974124805,1,0.0,0.0
mono-00000099,124.29,3.104674974124805,2,0.0,0.0
mono-00000099,124.29,3.104674974124805,3,0.0,0.0
mono-00000099,124.29,3.104674974124805,4,0.0,0.0
mono-00000099,124.29,3.104674974124805,5,0.0,0.0
mono-00000105,128.79,3.050139558163721,-5,0.00022341555695987094,14.139512577041032
mono-00000105,128.79,3.050139558163721,-4,0.00019794148433362625,12.714286420050811
mono-00000105,128.79,3.050139558163721,-3,5.0297528153525224e-05,11.1110220045895
mono-00000105,128.79,3.050139558163721,-2,0.005692082512604604,9.237459684489266
mono-00000105,128.79,3.050139558163721,-1,0.13350129413159012,6.876066399490682
mono-00000105,128.79,3.050139558163721,0,0.7677771201367368,3.050139558163707
mono-00000105,128.79,3.050139558163721,1,0.0,0.0
mono-00000105,128.79,3.050139558163721,2,0.0,0.0
mono-00000105,128.79,3.050139558163721,3,0.0,0.0
mono-00000105,128.79,3.050139558163721,4,0.0,0.0
mono-00000105,128.79,3.050139558163721,5,0.0,0.0
mono-00000087,115.288,3.223167246175464,-5,0.0001852499344794605,14.948894614804956
mono-00000087,115.288,3.223167246175464,-4,0.00011581098492535006,13.441279402483744
mono-00000087,115.288,3.223167246175464,-3,0.00014211845017021328,11.745623942373399
mono-00000087,115.288,3.223167246175464,-2,0.006192020776959824,9.764426987728669
mono-00000087,115.288,3.223167246175464,-1,0.1194649354883633,7.26777604012868
mono-00000087,115.288,3.223167246175464,0,0.7784947782573955,3.2231672461755068
mono-00000087,115.288,3.223167246175464,1,0.0,0.0
mono-00000087,115.288,3.223167246175464,2,0.0,0.0
mono-00000087,115.288,3.223167246175464,3,0.0,0.0
mono-00000087,115.288,3.223167246175464,4,0.0,0.0
mono-00000087,115.288,3.223167246175464,5,0.0,0.0
mono-00000088,116.038,3.2127732320668656,-5,0.0001873728464468732,14.900240070912545
mono-00000088,116.038,3.2127732320668656,-4,0.00011972214960151136,13.397581279365752
mono-00000088,116.038,3.2127732320668656,-3,0.0001359858196802938,11.707482596158357
mono-00000088,116.038,3.2127732320668656,-2,0.0061691273245658845,9.732757685096004
mono-00000088,116.038,3.2127732320668656,-1,0.1202661710854099,7.244237883662819
mono-00000088,116.038,3.2127732320668656,0,0.777943890627102,3.2127732320669793
mono-00000088,116.038,3.2127732320668656,1,0.0,0.0
mono-00000088,116.038,3.2127732320668656,2,0.0,0.0
mono-00000088,116.038,3.2127732320668656,3,0.0,0.0
mono-00000088,116.038,3.2127732320668656,4,0.0,0.0
mono-00000088,116.038,3.2127732320668656,5,0.0,0.0
mono-00000090,117.538,3.192283340421298,-5,0.00019159170729789936,14.80433943558613
mono-00000090,117.538,3.192283340421298,-4,0.0001277634177114379,13.311448580177341
mono-00000090,117.538,3.192283340421298,-3,0.00012398633800117485,11.6323015072458
mono-00000090,117.538,3.192283340421298,-2,0.0061199018926433564,9.670332653533109
mono-00000090,117.538,3.192283340421298,-1,0.12183814239724892,7.197839621753971
mono-00000090,117.538,3.192283340421298,0,0.7767370357611741,3.1922833404213975
mono-00000090,117.538,3.192283340421298,1,0.0,0.0
mono-00000090,117.538,3.192283340421298,2,0.0,0.0
mono-00000090,117.538,3.192283340421298,3,0.0,0.0
mono-00000090,117.538,3.192283340421298,4,0.0,0.0
mono-00000090,117.538,3.192283340421298,5,0.0,0.0
mono-00000089,116.788,3.2024791269310953,-5,0.00018948788939597767,14.852057538850815
mono-00000089,116.788,3.2024791269310953,-4,0.00012370663118434902,13.3543066036316
mono-00000089,116.788,3.2024791269310953,-3,0.0001299423081810542,11.669710423557817
mono-00000089,116.788,3.2024791269310953,-2,0.006145153464356717,9.70139454081172
mono-00000089,116.788,3.2024791269310953,-1,0.12105832467626243,7.220926955062481
mono-00000089,116.788,3.2024791269310953,0,0.7773618509991306,3.2024791269311237
mono-00000089,116.788,3.2024791269310953,1,0.0,0.0
mono-00000089,116.788,3.2024791269310953,2,0.0,0.0
mono-00000089,116.788,3.2024791269310953,3,0.0,0.0
mono-00000089,116.788,3.2024791269310953,4,0.0,0.0
mono-00000089,116.788,3.2024791269310953,5,0.0,0.0
mono-00000091,118.288,3.1821843174079163,-5,0.00019369831709194796,14.757078347554184
mono-00000091,118.288,3.1821843174079163,-4,0.0001318954931629765,13.269000565586765
mono-00000091,118.288,3.1821843174079163,-3,0.00011814680537261687,11.595250061837007
mono-00000091,118.288,3.1821843174079163,-2,0.006094312269586059,9.639567231072562
mono-00000091,118.288,3.1821843174079163,-1,0.12261961319056598,7.174972331948624
mono-00000091,118.288,3.1821843174079163,0,0.7761245045213537,3.1821843174080016
mono-00000091,118.288,3.1821843174079163,1,0.0,0.0
mono-00000091,118.288,3.1821843174079163,2,0.0,0.0
mono-00000091,118.288,3.1821843174079163,3,0.0,0.0
mono-00000091,118.288,3.1821843174079163,4,0.0,0.0
mono-00000091,118.288,3.1821843174079163,5,0.0,0.0
mono-00000109,131.791,3.015328275115209,-5,0.00023221565315116084,13.976815353925375
mono-00000109,131.791,3.015328275115209,-4,0.00021992042239119542,12.568134879868339
mono-00000109,131.791,3.015328275115209,-3,3.5954132414507434e-05,10.983430426129104
mono-00000109,131.791,3.015328275115209,-2,0.00557098354716778,9.131496732249772
mono-00000109,131.791,3.015328275115209,-1,0.13676374176121991,6.79729056963518
mono-00000109,131.791,3.015328275115209,0,0.7661225892798312,3.0153282751151806
mono-00000109,131.791,3.015328275115209,1,0.0,0.0
mono-00000109,131.791,3.015328275115209,2,0.0,0.0
mono-00000109,131.791,3.015328275115209,3,0.0,0.0
mono-00000109,131.791,3.015328275115209,4,0.0,0.0
mono-00000109,131.791,3.015328275115209,5,0.0,0.0
mono-00000092,119.039,3.1721672615179273,-5,0.0001958054044834703,14.710204907794449
mono-00000092,119.039,3.1721672615179273,-4,0.00013611110494493538,13.226900270991024
mono-00000092,119.039,3.1721672615179273,-3,0.00011241885873345423,11.558501729662382
mono-00000092,119.039,3.1721672615179273,-2,0.0060677669341216815,9.609053148491498
mono-00000092,119.039,3.1721672615179273,-1,0.1233934993692399,7.1522915544374825
mono-00000092,119.039,3.1721672615179273,0,0.7754807203231645,3.172167261517913
mono-00000092,119.039,3.1721672615179273,1,0.0,0.0
mono-00000092,119.039,3.1721672615179273,2,0.0,0.0
mono-00000092,119.039,3.1721672615179273,3,0.0,0.0
mono-00000092,119.039,3.1721672615179273,4,0.0,0.0
mono-00000092,119.039,3.1721672615179273,5,0.0,0.0
mono-00000094,120.539,3.152439756266503,-5,0.0002000180924835738,14.617904524779291
mono-00000094,120.539,3.152439756266503,-4,0.00014475911239138098,13.143997576067022
mono-00000094,120.539,3.152439756266503,-3,0.00010134670627798992,11.486136806788721
mono-00000094,120.539,3.152439756266503,-2,0.0060134977999287825,9.548963718678834
mono-00000094,120.539,3.152439756266503,-1,0.12493913030676466,7.107626871475929
mono-00000094,120.539,3.152439756266503,0,0.7742119613698826,3.15243975626656
mono-00000094,120.539,3.152439756266503,1,0.0,0.0
mono-00000094,120.539,3.152439756266503,2,0.0,0.0
mono-00000094,120.539,3.152439756266503,3,0.0,0.0
mono-00000094,120.539,3.152439756266503,4,0.0,0.0
mono-00000094,120.539,3.152439756266503,5,0.0,0.0
mono-00000112,134.04,2.9900075659990932,-5,0.0002383478409810203,13.858503156935583
mono-00000112,134.04,2.9900075659990932,-4,0.00023714359010496803,12.461851368654067
mono-00000112,134.04,2.9900075659990932,-3,2.6438046296854378e-05,10.890641132918532
mono-00000112,134.04,2.9900075659990932,-2,0.0054564087451502265,9.054434084733785
mono-00000112,134.04,2.9900075659990932,-1,0.13890009769431133,6.739997867590262
mono-00000112,134.04,2.9900075659990932,0,0.7640165695500755,2.9900075659992638
mono-00000112,134.04,2.9900075659990932,1,0.0,0.0
mono-00000112,134.04,2.9900075659990932,2,0.0,0.0
mono-00000112,134.04,2.9900075659990932,3,0.0,0.0
mono-00000112,134.04,2.9900075659990932,4,0.0,0.0
mono-00000112,134.04,2.9900075659990932,5,0.0,0.0
mono-00000095,121.289,3.1427130263212177,-5,0.00020212301655885557,14.572401153023932
mono-00000095,121.289,3.1427130263212177,-4,0.00014919694796069856,13.103126557365258
mono-00000095,121.289,3.1427130263212177,-3,9.60027619107561e-05,11.450460345037868
mono-00000095,121.289,3.1427130263212177,-2,0.0059855603574654245,9.519338678443773
mono-00000095,121.289,3.1427130263212177,-1,0.1257082651589534,7.0856060481121546
mono-00000095,121.289,3.1427130263212177,0,0.7735709349875908,3.142713026321232
mono-00000095,121.289,3.1427130263212177,1,0.0,0.0
mono-00000095,121.289,3.1427130263212177,2,0.0,0.0
mono-00000095,121.289,3.1427130263212177,3,0.0,0.0
mono-00000095,121.289,3.1427130263212177,4,0.0,0.0
mono-00000095,121.289,3.1427130263212177,5,0.0,0.0
mono-00000110,132.541,3.0068129306438607,-5,0.000234364419622877,13.937024296644466
mono-00000110,132.541,3.0068129306438607,-4,0.00022562132430398337,12.532389640812013
mono-00000110,132.541,3.0068129306438607,-3,3.268075382391624e-05,10.952223825398619
mono-00000110,132.541,3.0068129306438607,-2,0.00553702881398155,9.105579499747805
mono-00000110,132.541,3.0068129306438607,-1,0.13753915282142146,6.77802244566017
mono-00000110,132.541,3.0068129306438607,0,0.7656022436467376,3.006812930643676
mono-00000110,132.541,3.0068129306438607,1,0.0,0.0
mono-00000110,132.541,3.0068129306438607,2,0.0,0.0
mono-00000110,132.541,3.0068129306438607,3,0.0,0.0
mono-00000110,132.541,3.0068129306438607,4,0.0,0.0
mono-00000110,132.541,3.0068129306438607,5,0.0,0.0
mono-00000097,122.789,3.1235266445050485,-5,0.00020633267431918316,14.482654868198523
mono-00000097,122.789,3.1235266445050485,-4,0.00015830059067753978,13.022515439896893
mono-00000097,122.789,3.1235266445050485,-3,8.570267939772886e-05,11.38009352080526
mono-00000097,122.789,3.1235266445050485,-2,0.005928337318755414,9.460906490738253
mono-00000097,122.789,3.1235266445050485,-1,0.12724384732252814,7.042171532353819
mono-00000097,122.789,3.1235266445050485,0,0.7722964946178302,3.1235266445051337
mono-00000097,122.789,3.1235266445050485,1,0.0,0.0
mono-00000097,122.789,3.1235266445050485,2,0.0,0.0
mono-00000097,122.789,3.1235266445050485,3,0.0,0.0
mono-00000097,122.789,3.1235266445050485,4,0.0,0.0
mono-00000097,122.789,3.1235266445050485,5,0.0,0.0
mono-00000096,122.04,3.1330629863794144,-5,0.00020423205678073367,14.527260269282024
mono-00000096,122.04,3.1330629863794144,-4,0.00015371682792577758,13.06258071248557
mono-00000096,122.04,3.1330629863794144,-3,9.077954658122267e-05,11.415067362615645
mono-00000096,122.04,3.1330629863794144,-2,0.005957245271692344,9.489948715084907
mono-00000096,122.04,3.1330629863794144,-1,0.126479591563048,7.063759683766747
mono-00000096,122.04,3.1330629863794144,0,0.7729398605358465,3.1330629863795423
mono-00000096,122.04,3.1330629863794144,1,0.0,0.0
mono-00000096,122.04,3.1330629863794144,2,0.0,0.0
mono-00000096,122.04,3.1330629863794144,3,0.0,0.0
mono-00000096,122.04,3.1330629863794144,4,0.0,0.0
mono-00000096,122.04,3.1330629863794144,5,0.0,0.0
mono-00000113,134.792,2.98168230309102,-5,0.00024027979060029455,13.819608269928665
mono-00000113,134.792,2.98168230309102,-4,0.00024301748188757213,12.42691030110079
mono-00000113,134.792,2.98168230309102,-3,2.3583050963040883e-05,10.860135814777351
mono-00000113,134.792,2.98168230309102,-2,0.005413403241974604,9.029098589389491
mono-00000113,134.792,2.98168230309102,-1,0.13954354361545515,6.7211616409157955
mono-00000113,134.792,2.98168230309102,0,0.763112335617627,2.9816823030911053
mono-00000113,134.792,2.98168230309102,1,0.0,0.0
mono-00000113,134.792,2.98168230309102,2,0.0,0.0
mono-00000113,134.792,2.98168230309102,3,0.0,0.0
mono-00000113,134.792,2.98168230309102,4,0.0,0.0
mono-00000113,134.792,2.98168230309102,5,0.0,0.0
mono-00000102,126.54,3.0770448764668714,-5,0.00021687442429030331,14.265291709597179
mono-00000102,126.54,3.0770448764668714,-4,0.00018242162841344115,12.827270759040061
mono-00000102,126.54,3.0770448764668714,-3,6.238253759253317e-05,11.209655179467845
mono-00000102,126.54,3.0770448764668714,-2,0.005778358457437684,9.319370362304312
mono-00000102,126.54,3.0770448764668714,-1,0.13107498541117144,6.936958704532245
mono-00000102,126.54,3.0770448764668714,0,0.7691686712298109,3.077044876466857
mono-00000102,126.54,3.0770448764668714,1,0.0,0.0
mono-00000102,126.54,3.0770448764668714,2,0.0,0.0
mono-00000102,126.54,3.0770448764668714,3,0.0,0.0
mono-00000102,126.54,3.0770448764668714,4,0.0,0.0
mono-00000102,126.54,3.0770448764668714,5,0.0,0.0
mono-00000114,135.541,2.9734589961697964,-5,0.00024205102797622465,13.78119227098692
mono-00000114,135.541,2.9734589961697964,-4,0.0002488301533488667,12.392399157578566
mono-00000114,135.541,2.9734589961697964,-3,2.0953791002901333e-05,10.830005590251844
mono-00000114,135.541,2.9734589961697964,-2,0.005366469100703989,9.00407439999752
mono-00000114,135.541,2.9734589961697964,-1,0.1401079206945316,6.70255667002445
mono-00000114,135.541,2.9734589961697964,0,0.7619752115408644,2.9734589961698106
mono-00000114,135.541,2.9734589961697964,1,0.0,0.0
mono-00000114,135.541,2.9734589961697964,2,0.0,0.0
mono-00000114,135.541,2.9734589961697964,3,0.0,0.0
mono-00000114,135.541,2.9734589961697964,4,0.0,0.0
mono-00000114,135.541,2.9734589961697964,5,0.0,0.0
mono-00000106,129.54,3.0413267438071756,-5,0.0002256408421146369,14.098319804121829
mono-00000106,129.54,3.0413267438071756,-4,0.0002033115129582662,12.677283280134091
mono-00000106,129.54,3.0413267438071756,-3,4.6536121382909566e-05,11.078718370560466
mono-00000106,129.54,3.0413267438071756,-2,0.005663843151242561,9.210632362353223
mono-00000106,129.54,3.0413267438071756,-1,0.13433686566883818,6.856122544345254
mono-00000106,129.54,3.0413267438071756,0,0.7674185008570287,3.0413267438071614
mono-00000106,129.54,3.0413267438071756,1,0.0,0.0
mono-00000106,129.54,3.0413267438071756,2,0.0,0.0
mono-00000106,129.54,3.0413267438071756,3,0.0,0.0
mono-00000106,129.54,3.0413267438071756,4,0.0,0.0
mono-00000106,129.54,3.0413267438071756,5,0.0,0.0
mono-00000108,131.041,3.0239163773659357,-5,0.0002300423060125674,14.01694919351381
mono-00000108,131.041,3.0239163773659357,-4,0.00021430201150016232,12.604187738893572
mono-00000108,131.041,3.0239163773659357,-3,3.935743177978128e-05,11.014905312674713
mono-00000108,131.041,3.0239163773659357,-2,0.005603309581198829,9.157636537673625
mono-00000108,131.041,3.0239163773659357,-1,0.13596935783704844,6.816723956036924
mono-00000108,131.041,3.0239163773659357,0,0.7665917471156628,3.023916377366092
mono-00000108,131.041,3.0239163773659357,1,0.0,0.0
mono-00000108,131.041,3.0239163773659357,2,0.0,0.0
mono-00000108,131.041,3.0239163773659357,3,0.0,0.0
mono-00000108,131.041,3.0239163773659357,4,0.0,0.0
mono-00000108,131.041,3.0239163773659357,5,0.0,0.0
mono-00000111,133.291,2.998369322406063,-5,0.00023635475384453785,13.89757116970226
mono-00000111,133.291,2.998369322406063,-4,0.00023133473968366797,12.496947671809735
mono-00000111,133.291,2.998369322406063,-3,2.9471282200041912e-05,10.921281720626155
mono-00000111,133.291,2.998369322406063,-2,0.005496936596837555,9.079881699407593
mono-00000111,133.291,2.998369322406063,-1,0.13822092930811491,6.758917254980219
mono-00000111,133.291,2.998369322406063,0,0.7648045278987582,2.9983693224062193
mono-00000111,133.291,2.998369322406063,1,0.0,0.0
mono-00000111,133.291,2.998369322406063,2,0.0,0.0
mono-00000111,133.291,2.998369322406063,3,0.0,0.0
mono-00000111,133.291,2.998369322406063,4,0.0,0.0
mono-00000111,133.291,2.998369322406063,5,0.0,0.0
mono-00000117,137.792,2.9491487138617885,-5,0.00024726300604335696,13.6676391602184
mono-00000117,137.792,2.9491487138617885,-4,0.00026672098512336214,12.29038669618879
mono-00000117,137.792,2.9491487138617885,-3,1.4312006460493754e-05,10.740941354554522
mono-00000117,137.792,2.9491487138617885,-2,0.005223877990978052,8.930102214748729
mono-00000117,137.792,2.9491487138617885,-1,0.1417878207934534,6.647558762276688
mono-00000117,137.792,2.9491487138617885,0,0.758598013993054,2.9491487138617742
mono-00000117,137.792,2.9491487138617885,1,0.0,0.0
mono-00000117,137.792,2.9491487138617885,2,0.0,0.0
mono-00000117,137.792,2.9491487138617885,3,0.0,0.0
mono-00000117,137.792,2.9491487138617885,4,0.0,0.0
mono-00000117,137.792,2.9491487138617885,5,0.0,0.0
mono-00000116,137.042,2.957182185660727,-5,0.00024553777696292373,13.705160995399666
mono-00000116,137.042,2.957182185660727,-4,0.00026069241179491027,12.324095375666928
mono-00000116,137.042,2.957182185660727,-3,1.630035568574444e-05,10.770371702787713
mono-00000116,137.042,2.957182185660727,-2,0.005271232566142988,8.95454576151333
mono-00000116,137.042,2.957182185660727,-1,0.14122544752106556,6.665732585692595
mono-00000116,137.042,2.957182185660727,0,0.7597036712235509,2.9571821856606846
mono-00000116,137.042,2.957182185660727,1,0.0,0.0
mono-00000116,137.042,2.957182185660727,2,0.0,0.0
mono-00000116,137.042,2.957182185660727,3,0.0,0.0
mono-00000116,137.042,2.957182185660727,4,0.0,0.0
mono-00000116,137.042,2.957182185660727,5,0.0,0.0
mono-00000121,140.792,2.917657322831232,-5,0.0002538685560127949,13.52057578580363
mono-00000121,140.792,2.917657322831232,-4,0.0002914768668555816,12.158266082275446
mono-00000121,140.792,2.917657322831232,-3,8.487727143295895e-06,10.625587319899438
mono-00000121,140.792,2.917657322831232,-2,0.005030230791683814,8.834292272107092
mono-00000121,140.792,2.917657322831232,-1,0.14398073943036965,6.576322161967624
mono-00000121,140.792,2.917657322831232,0,0.754164434216031,2.9176573228312606
mono-00000121,140.792,2.917657322831232,1,0.0,0.0
mono-00000121,140.792,2.917657322831232,2,0.0,0.0
mono-00000121,140.792,2.917657322831232,3,0.0,0.0
mono-00000121,140.792,2.917657322831232,4,0.0,0.0
mono-00000121,140.792,2.917657322831232,5,0.0,0.0
mono-00000115,136.292,2.9652816655907515,-5,0.00024380268878267987,13.74299356943611
mono-00000115,136.292,2.9652816655907515,-4,0.0002547306897884645,12.358082945680891
mono-00000115,136.292,2.9652816655907515,-3,1.8515173672736075e-05,10.80004530489525
mono-00000115,136.292,2.9652816655907515,-2,0.005318811354852105,8.979191135264074
mono-00000115,136.292,2.9652816655907515,-1,0.14066663740300964,6.684056285618553
mono-00000115,136.292,2.9652816655907515,0,0.7608309357366433,2.9652816655907515
mono-00000115,136.292,2.9652816655907515,1,0.0,0.0
mono-00000115,136.292,2.9652816655907515,2,0.0,0.0
mono-00000115,136.292,2.9652816655907515,3,0.0,0.0
mono-00000115,136.292,2.9652816655907515,4,0.0,0.0
mono-00000115,136.292,2.9652816655907515,5,0.0,0.0
mono-00000119,139.291,2.933286740992372,-5,0.0002506220200380017,13.593559881688478
mono-00000119,139.291,2.933286740992372,-4,0.00027896531001523695,12.2238349441797
mono-00000119,139.291,2.933286740992372,-3,1.096565284689417e-05,10.682835709087627
mono-00000119,139.291,2.933286740992372,-2,0.005127841113155594,8.88184162950813
mono-00000119,139.291,2.933286740992372,-1,0.1428938130738164,6.611676398941782
mono-00000119,139.291,2.933286740992372,0,0.756382817460039,2.9332867409923864
mono-00000119,139.291,2.933286740992372,1,0.0,0.0
mono-00000119,139.291,2.933286740992372,2,0.0,0.0
mono-00000119,139.291,2.933286740992372,3,0.0,0.0
mono-00000119,139.291,2.933286740992372,4,0.0,0.0
mono-00000119,139.291,2.933286740992372,5,0.0,0.0
mono-00000122,141.542,2.9099408454262488,-5,0.0002554315489776066,13.484545759896108
mono-00000122,141.542,2.9099408454262488,-4,0.00029782157692016657,12.12589636511322
mono-00000122,141.542,2.9099408454262488,-3,7.577050901508952e-06,10.597324887291336
mono-00000122,141.542,2.9099408454262488,-2,0.004980444274993998,8.81081778137009
mono-00000122,141.542,2.9099408454262488,-1,0.1445088052668442,6.558867993397925
mono-00000122,141.542,2.9099408454262488,0,0.7530386433074963,2.909940845426206
mono-00000122,141.542,2.9099408454262488,1,0.0,0.0
mono-00000122,141.542,2.9099408454262488,2,0.0,0.0
mono-00000122,141.542,2.9099408454262488,3,0.0,0.0
mono-00000122,141.542,2.9099408454262488,4,0.0,0.0
mono-00000122,141.542,2.9099408454262488,5,0.0,0.0
mono-00000123,142.293,2.90227510242768,-5,0.00025694689718158134,13.448754785338721
mono-00000123,142.293,2.90227510242768,-4,0.0003042301516028455,12.093741174980877
mono-00000123,142.293,2.90227510242768,-3,6.891174889262106e-06,10.569249548527253
mono-00000123,142.293,2.90227510242768,-2,0.004929830126394465,8.787498503526734
mono-00000123,142.293,2.90227510242768,-1,0.14502542347014957,6.541529069746687
mono-00000123,142.293,2.90227510242768,0,0.7518944179871103,2.902275102427623
mono-00000123,142.293,2.90227510242768,1,0.0,0.0
mono-00000123,142.293,2.90227510242768,2,0.0,0.0
mono-00000123,142.293,2.90227510242768,3,0.0,0.0
mono-00000123,142.293,2.90227510242768,4,0.0,0.0
mono-00000123,142.293,2.90227510242768,5,0.0,0.0
mono-00000124,143.042,2.894689798347315,-5,0.00025841331279243614,13.41334148991875
mono-00000124,143.042,2.894689798347315,-4,0.0003106827710167743,12.061925064110468
mono-00000124,143.042,2.894689798347315,-3,6.435647009397151e-06,10.541470058676424
mono-00000124,143.042,2.894689798347315,-2,0.004878800202466672,8.764424775403697
mono-00000124,143.042,2.894689798347315,-1,0.14553255872893697,6.524372565046818
mono-00000124,143.042,2.894689798347315,0,0.7507489611731328,2.8946897983473434
mono-00000124,143.042,2.894689798347315,1,0.0,0.0
mono-00000124,143.042,2.894689798347315,2,0.0,0.0
mono-00000124,143.042,2.894689798347315,3,0.0,0.0
mono-00000124,143.042,2.894689798347315,4,0.0,0.0
mono-00000124,143.042,2.894689798347315,5,0.0,0.0
mono-00000120,140.042,2.9254355135446275,-5,0.0002522632028359818,13.55689618003177
mono-00000120,140.042,2.9254355135446275,-4,0.0002851922958822207,12.190896424127288
mono-00000120,140.042,2.9254355135446275,-3,9.618440881718015e-06,10.65407708951237
mono-00000120,140.042,2.9254355135446275,-2,0.005079270015593537,8.857955396668274
mono-00000120,140.042,2.9254355135446275,-1,0.1434411956193316,6.593916421144073
mono-00000120,140.042,2.9254355135446275,0,0.755274529178631,2.9254355135446275
mono-00000120,140.042,2.9254355135446275,1,0.0,0.0
mono-00000120,140.042,2.9254355135446275,2,0.0,0.0
mono-00000120,140.042,2.9254355135446275,3,0.0,0.0
mono-00000120,140.042,2.9254355135446275,4,0.0,0.0
mono-00000120,140.042,2.9254355135446275,5,0.0,0.0
mono-00000118,138.541,2.9411909399872798,-5,0.00024895452110442476,13.630473251426139
mono-00000118,138.541,2.9411909399872798,-4,0.00027280733865552297,12.256997510427794
mono-00000118,138.541,2.9411909399872798,-3,1.2531467801671824e-05,10.711789716942206
mono-00000118,138.541,2.9411909399872798,-2,0.005176053884294524,8.905889949827937
mono-00000118,138.541,2.9411909399872798,-1,0.1423427500085245,6.629556720382425
mono-00000118,138.541,2.9411909399872798,0,0.7574907932088024,2.9411909399873366
mono-00000118,138.541,2.9411909399872798,1,0.0,0.0
mono-00000118,138.541,2.9411909399872798,2,0.0,0.0
mono-00000118,138.541,2.9411909399872798,3,0.0,0.0
mono-00000118,138.541,2.9411909399872798,4,0.0,0.0
mono-00000118,138.541,2.9411909399872798,5,0.0,0.0
mono-00000125,143.793,2.887143640462824,-5,0.0002597167165066151,13.378113035870456
mono-00000125,143.793,2.887143640462824,-4,0.0003171083057352551,12.030274788838767
mono-00000125,143.793,2.887143640462824,-3,6.22118413965681e-06,10.513835159588822
mono-00000125,143.793,2.887143640462824,-2,0.004824789984010922,8.741470966299985
mono-00000125,143.793,2.887143640462824,-1,0.14598649255785023,6.507305070563547
mono-00000125,143.793,2.887143640462824,0,0.7494641894844828,2.8871436404627246
mono-00000125,143.793,2.887143640462824,1,0.0,0.0
mono-00000125,143.793,2.887143640462824,2,0.0,0.0
mono-00000125,143.793,2.887143640462824,3,0.0,0.0
mono-00000125,143.793,2.887143640462824,4,0.0,0.0
mono-00000125,143.793,2.887143640462824,5,0.0,0.0
mono-00000131,148.293,2.8431308988778454,-5,0.0002647113158925403,13.172685176294706
mono-00000131,148.293,2.8431308988778454,-4,0.00035460257359573057,11.845707842162625
mono-00000131,148.293,2.8431308988778454,-3,1.0386328917711762e-05,10.352679633732564
mono-00000131,148.293,2.8431308988778454,-2,0.004469389487429961,8.607610137229429
mono-00000131,148.293,2.8431308988778454,-1,0.14798143400432712,6.407768671467551
mono-00000131,148.293,2.8431308988778454,0,0.7401166967059407,2.8431308988779875
mono-00000131,148.293,2.8431308988778454,1,0.0,0.0
mono-00000131,148.293,2.8431308988778454,2,0.0,0.0
mono-00000131,148.293,2.8431308988778454,3,0.0,0.0
mono-00000131,148.293,2.8431308988778454,4,0.0,0.0
mono-00000131,148.293,2.8431308988778454,5,0.0,0.0
mono-00000146,159.546,2.7413159977862165,-5,0.00025858085620771693,12.69773140842834
mono-00000146,159.546,2.7413159977862165,-4,0.0004363463897760969,11.418955844552116
mono-00000146,159.546,2.7413159977862165,-3,6.04921685470975e-05,9.980033137104883
mono-00000146,159.546,2.7413159977862165,-2,0.0035281422332056954,8.298055671561258
mono-00000146,159.546,2.7413159977862165,-1,0.15046264137553983,6.177570048061753
mono-00000146,159.546,2.7413159977862165,0,0.7132922707618321,2.7413159977861454
mono-00000146,159.546,2.7413159977862165,1,0.0,0.0
mono-00000146,159.546,2.7413159977862165,2,0.0,0.0
mono-00000146,159.546,2.7413159977862165,3,0.0,0.0
mono-00000146,159.546,2.7413159977862165,4,0.0,0.0
mono-00000146,159.546,2.7413159977862165,5,0.0,0.0
mono-00000134,150.543,2.8218661430282452,-5,0.0002659967231089068,13.073457594516356
mono-00000134,150.543,2.8218661430282452,-4,0.00037289157694639553,11.756553931867757
mono-00000134,150.543,2.8218661430282452,-3,1.5913301406631934e-05,10.274832015993042
mono-00000134,150.543,2.8218661430282452,-2,0.004289707091748189,8.542945331573534
mono-00000134,150.543,2.8218661430282452,-1,0.1488353390065678,6.359683272680741
mono-00000134,150.543,2.8218661430282452,0,0.7352837942801099,2.8218661430280605
mono-00000134,150.543,2.8218661430282452,1,0.0,0.0
mono-00000134,150.543,2.8218661430282452,2,0.0,0.0
mono-00000134,150.543,2.8218661430282452,3,0.0,0.0
mono-00000134,150.543,2.8218661430282452,4,0.0,0.0
mono-00000134,150.543,2.8218661430282452,5,0.0,0.0
mono-00000137,152.793,2.8010714927026896,-5,0.00026639505454445055,12.976439177122955
mono-00000137,152.793,2.8010714927026896,-4,0.00039077217252093884,11.66938319492975
mono-00000137,152.793,2.8010714927026896,-3,2.367647177828252e-05,10.198714544215335
mono-00000137,152.793,2.8010714927026896,-2,0.004108754688922337,8.479716355636569
mono-00000137,152.793,2.8010714927026896,-1,0.14959888271383068,6.312664409393335
mono-00000137,152.793,2.8010714927026896,0,0.7303965223385468,2.8010714927026754
mono-00000137,152.793,2.8010714927026896,1,0.0,0.0
mono-00000137,152.793,2.8010714927026896,2,0.0,0.0
mono-00000137,152.793,2.8010714927026896,3,0.0,0.0
mono-00000137,152.793,2.8010714927026896,4,0.0,0.0
mono-00000137,152.793,2.8010714927026896,5,0.0,0.0
mono-00000126,144.542,2.8796760545441487,-5,0.000260814782622214,13.34325342420334
mono-00000126,144.542,2.8796760545441487,-4,0.0003234368595236511,11.998955667073318
mono-00000126,144.542,2.8796760545441487,-3,6.262474816791687e-06,10.486489201118474
mono-00000126,144.542,2.8796760545441487,-2,0.0047674683063767195,8.71875697921925
mono-00000126,144.542,2.8796760545441487,-1,0.14637082247473465,6.490415745213568
mono-00000126,144.542,2.8796760545441487,0,0.7480107922302223,2.879676054544305
mono-00000126,144.542,2.8796760545441487,1,0.0,0.0
mono-00000126,144.542,2.8796760545441487,2,0.0,0.0
mono-00000126,144.542,2.8796760545441487,3,0.0,0.0
mono-00000126,144.542,2.8796760545441487,4,0.0,0.0
mono-00000126,144.542,2.8796760545441487,5,0.0,0.0
mono-00000139,154.294,2.787452089442965,-5,0.00026609221671904,12.91290546811436
mono-00000139,154.294,2.787452089442965,-4,0.00040238558260236653,11.612297448683137
mono-00000139,154.294,2.787452089442965,-3,3.0123544240408914e-05,10.148866468842598
mono-00000139,154.294,2.787452089442965,-2,0.0039863839233414255,8.438308034907152
mono-00000139,154.294,2.787452089442965,-1,0.15003777768386378,6.281871386975396
mono-00000139,154.294,2.787452089442965,0,0.7270669853111917,2.787452089442951
mono-00000139,154.294,2.787452089442965,1,0.0,0.0
mono-00000139,154.294,2.787452089442965,2,0.0,0.0
mono-00000139,154.294,2.787452089442965,3,0.0,0.0
mono-00000139,154.294,2.787452089442965,4,0.0,0.0
mono-00000139,154.294,2.787452089442965,5,0.0,0.0
mono-00000141,155.794,2.7740383106392272,-5,0.0002651128745840632,12.850337334351664
mono-00000141,155.794,2.7740383106392272,-4,0.0004134708371007622,11.556078580960246
mono-00000141,155.794,2.7740383106392272,-3,3.757853941034365e-05,10.09977473950866
mono-00000141,155.794,2.7740383106392272,-2,0.003861633079235823,8.397527458768906
mono-00000141,155.794,2.7740383106392272,-1,0.15038653717984599,6.251544707010467
mono-00000141,155.794,2.7740383106392272,0,0.7236048918382385,2.774038310639341
mono-00000141,155.794,2.7740383106392272,1,0.0,0.0
mono-00000141,155.794,2.7740383106392272,2,0.0,0.0
mono-00000141,155.794,2.7740383106392272,3,0.0,0.0
mono-00000141,155.794,2.7740383106392272,4,0.0,0.0
mono-00000141,155.794,2.7740383106392272,5,0.0,0.0
mono-00000136,152.043,2.8079518806874404,-5,0.00026636716342270386,13.00853825954131
mono-00000136,152.043,2.8079518806874404,-4,0.00038485734323076006,11.698224304424741
mono-00000136,152.043,2.8079518806874404,-3,2.0833140695430324e-05,10.223898762129636
mono-00000136,152.043,2.8079518806874404,-2,0.004169535506750768,8.500636432391161
mono-00000136,152.043,2.8079518806874404,-1,0.14935980179046113,6.328221299595157
mono-00000136,152.043,2.8079518806874404,0,0.7320423343277221,2.8079518806875967
mono-00000136,152.043,2.8079518806874404,1,0.0,0.0
mono-00000136,152.043,2.8079518806874404,2,0.0,0.0
mono-00000136,152.043,2.8079518806874404,3,0.0,0.0
mono-00000136,152.043,2.8079518806874404,4,0.0,0.0
mono-00000136,152.043,2.8079518806874404,5,0.0,0.0
mono-00000127,145.292,2.872256259432092,-5,0.0002618358579179797,13.308618907660005
mono-00000127,145.292,2.872256259432092,-4,0.0003297982224636601,11.967838557467587
mono-00000127,145.292,2.872256259432092,-3,6.555203591759625e-06,10.459319430493693
mono-00000127,145.292,2.872256259432092,-2,0.004709416155778058,8.696189164816076
mono-00000127,145.292,2.872256259432092,-1,0.1467422168385029,6.47363495888861
mono-00000127,145.292,2.872256259432092,0,0.746541432643252,2.872256259432035
mono-00000127,145.292,2.872256259432092,1,0.0,0.0
mono-00000127,145.292,2.872256259432092,2,0.0,0.0
mono-00000127,145.292,2.872256259432092,3,0.0,0.0
mono-00000127,145.292,2.872256259432092,4,0.0,0.0
mono-00000127,145.292,2.872256259432092,5,0.0,0.0
mono-00000128,146.043,2.8648837440509,-5,0.00026274120114626553,13.274207056878367
mono-00000128,146.043,2.8648837440509,-4,0.00033611703002322304,11.936921282241471
mono-00000128,146.043,2.8648837440509,-3,7.116372788520815e-06,10.432323950511531
mono-00000128,146.043,2.8648837440509,-2,0.004650403479189093,8.673765950988866
mono-00000128,146.043,2.8648837440509,-1,0.14708862279595963,6.456961545890508
mono-00000128,146.043,2.8648837440509,0,0.7450130690954042,2.8648837440508714
mono-00000128,146.043,2.8648837440509,1,0.0,0.0
mono-00000128,146.043,2.8648837440509,2,0.0,0.0
mono-00000128,146.043,2.8648837440509,3,0.0,0.0
mono-00000128,146.043,2.8648837440509,4,0.0,0.0
mono-00000128,146.043,2.8648837440509,5,0.0,0.0
mono-00000145,158.794,2.747781630926184,-5,0.0002603661291934461,12.727882024156713
mono-00000145,158.794,2.747781630926184,-4,0.0004325481248137253,11.44604774413817
mono-00000145,158.794,2.747781630926184,-3,5.548869146884464e-05,10.00369126366742
mono-00000145,158.794,2.747781630926184,-2,0.003597147698735974,8.317709210915723
mono-00000145,158.794,2.747781630926184,-1,0.15055710593716257,6.192186109459698
mono-00000145,158.794,2.747781630926184,0,0.7156119950695615,2.747781630926127
mono-00000145,158.794,2.747781630926184,1,0.0,0.0
mono-00000145,158.794,2.747781630926184,2,0.0,0.0
mono-00000145,158.794,2.747781630926184,3,0.0,0.0
mono-00000145,158.794,2.747781630926184,4,0.0,0.0
mono-00000145,158.794,2.747781630926184,5,0.0,0.0
mono-00000147,160.295,2.734921314994949,-5,0.0002566482927913875,12.667913064041855
mono-00000147,160.295,2.734921314994949,-4,0.00043987882918875693,11.392162351790034
mono-00000147,160.295,2.734921314994949,-3,6.567299422876288e-05,9.956635456543069
mono-00000147,160.295,2.734921314994949,-2,0.0034592978319393057,8.278618371351087
mono-00000147,160.295,2.734921314994949,-1,0.15034467095991538,6.163114694657111
mono-00000147,160.295,2.734921314994949,0,0.7109483791714903,2.7349213149948497
mono-00000147,160.295,2.734921314994949,1,0.0,0.0
mono-00000147,160.295,2.734921314994949,2,0.0,0.0
mono-00000147,160.295,2.734921314994949,3,0.0,0.0
mono-00000147,160.295,2.734921314994949,4,0.0,0.0
mono-00000147,160.295,2.734921314994949,5,0.0,0.0
mono-00000130,147.544,2.8503170686925614,-5,0.0002641430540814657,13.206221599298871
mono-00000130,147.544,2.8503170686925614,-4,0.000348465056372406,11.87583921456961
mono-00000130,147.544,2.8503170686925614,-3,9.04313307230285e-06,10.378989456273345
mono-00000130,147.544,2.8503170686925614,-2,0.004529908369764558,8.62946430869576
mono-00000130,147.544,2.8503170686925614,-1,0.14769477530190753,6.424019379539601
mono-00000130,147.544,2.8503170686925614,0,0.7417535802774807,2.85031706869259
mono-00000130,147.544,2.8503170686925614,1,0.0,0.0
mono-00000130,147.544,2.8503170686925614,2,0.0,0.0
mono-00000130,147.544,2.8503170686925614,3,0.0,0.0
mono-00000130,147.544,2.8503170686925614,4,0.0,0.0
mono-00000130,147.544,2.8503170686925614,5,0.0,0.0
mono-00000129,146.792,2.8575871184760757,-5,0.0002634892621099892,13.240151357438663
mono-00000129,146.792,2.8575871184760757,-4,0.0003422860480506128,11.906323777353037
mono-00000129,146.792,2.8575871184760757,-3,7.950364171316709e-06,10.405607488857257
mono-00000129,146.792,2.8575871184760757,-2,0.0045905531491772815,8.65157433220611
mono-00000129,146.792,2.8575871184760757,-1,0.14739859186595872,6.440460197480789
mono-00000129,146.792,2.8575871184760757,0,0.7433952521865878,2.857587118475962
mono-00000129,146.792,2.8575871184760757,1,0.0,0.0
mono-00000129,146.792,2.8575871184760757,2,0.0,0.0
mono-00000129,146.792,2.8575871184760757,3,0.0,0.0
mono-00000129,146.792,2.8575871184760757,4,0.0,0.0
mono-00000129,146.792,2.8575871184760757,5,0.0,0.0
mono-00000149,161.796,2.7222398918189725,-5,0.0002527159352638109,12.60878385803045
mono-00000149,161.796,2.7222398918189725,-4,0.0004464740259707909,11.339030910415559
mono-00000149,161.796,2.7222398918189725,-3,7.647235861652856e-05,9.910237495879997
mono-00000149,161.796,2.7222398918189725,-2,0.0033254094489236,8.240073549858153
mono-00000149,161.796,2.7222398918189725,-1,0.15012402617046608,6.134448930728965
mono-00000149,161.796,2.7222398918189725,0,0.7063314621667236,2.72223989181893
mono-00000149,161.796,2.7222398918189725,1,0.0,0.0
mono-00000149,161.796,2.7222398918189725,2,0.0,0.0
mono-00000149,161.796,2.7222398918189725,3,0.0,0.0
mono-00000149,161.796,2.7222398918189725,4,0.0,0.0
mono-00000149,161.796,2.7222398918189725,5,0.0,0.0
mono-00000140,155.044,2.780720935858554,-5,0.00026572192361826896,12.881507436143465
mono-00000140,155.044,2.780720935858554,-4,0.00040803026060109044,11.584085701448856
mono-00000140,155.044,2.780720935858554,-3,3.3718512094384074e-05,10.124231338831564
mono-00000140,155.044,2.780720935858554,-2,0.00392475447069321,8.417843661394812
mono-00000140,155.044,2.780720935858554,-1,0.15023342293313113,6.266653011836695
mono-00000140,155.044,2.780720935858554,0,0.7253770914474026,2.7807209358585396
mono-00000140,155.044,2.780720935858554,1,0.0,0.0
mono-00000140,155.044,2.780720935858554,2,0.0,0.0
mono-00000140,155.044,2.780720935858554,3,0.0,0.0
mono-00000140,155.044,2.780720935858554,4,0.0,0.0
mono-00000140,155.044,2.780720935858554,5,0.0,0.0
mono-00000132,149.044,2.8359798361516226,-5,0.0002652493292058004,13.139314424115028
mono-00000132,149.044,2.8359798361516226,-4,0.00036074487545562783,11.815725116900708
mono-00000132,149.044,2.8359798361516226,-3,1.1978219351410099e-05,10.32649942516828
mono-00000132,149.044,2.8359798361516226,-2,0.0044098703762077834,8.585863471925165
mono-00000132,149.044,2.8359798361516226,-1,0.1482809592558476,6.391597767448545
mono-00000132,149.044,2.8359798361516226,0,0.7385196454507383,2.8359798361517363
mono-00000132,149.044,2.8359798361516226,1,0.0,0.0
mono-00000132,149.044,2.8359798361516226,2,0.0,0.0
mono-00000132,149.044,2.8359798361516226,3,0.0,0.0
mono-00000132,149.044,2.8359798361516226,4,0.0,0.0
mono-00000132,149.044,2.8359798361516226,5,0.0,0.0
mono-00000133,149.794,2.8288918770845157,-5,0.00026568198894337406,13.106239947594844
mono-00000133,149.794,2.8288918770845157,-4,0.000366846957760355,11.786008388432847
mono-00000133,149.794,2.8288918770845157,-3,1.3820939233813628e-05,10.300551301709817
mono-00000133,149.794,2.8288918770845157,-2,0.00434995690930565,8.564309434363068
mono-00000133,149.794,2.8288918770845157,-1,0.1485655516318862,6.375569967390675
mono-00000133,149.794,2.8288918770845157,0,0.7369086094056898,2.8288918770846436
mono-00000133,149.794,2.8288918770845157,1,0.0,0.0
mono-00000133,149.794,2.8288918770845157,2,0.0,0.0
mono-00000133,149.794,2.8288918770845157,3,0.0,0.0
mono-00000133,149.794,2.8288918770845157,4,0.0,0.0
mono-00000133,149.794,2.8288918770845157,5,0.0,0.0
mono-00000138,153.545,2.794223288258735,-5,0.0002663122630269481,12.94449189526594
mono-00000138,153.545,2.794223288258735,-4,0.0003966370001846358,11.640678295774165
mono-00000138,153.545,2.794223288258735,-3,2.678043176372955e-05,10.173649103184971
mono-00000138,153.545,2.794223288258735,-2,0.0040476023019151075,8.45889480271569
mono-00000138,153.545,2.794223288258735,-1,0.14982625524212304,6.297180660967925
mono-00000138,153.545,2.794223288258735,0,0.7287362457355427,2.7942232882587064
mono-00000138,153.545,2.794223288258735,1,0.0,0.0
mono-00000138,153.545,2.794223288258735,2,0.0,0.0
mono-00000138,153.545,2.794223288258735,3,0.0,0.0
mono-00000138,153.545,2.794223288258735,4,0.0,0.0
mono-00000138,153.545,2.794223288258735,5,0.0,0.0
mono-00000135,151.293,2.8148832201407146,-5,0.00026623380632046547,13.040876735154896
mono-00000135,151.293,2.8148832201407146,-4,0.0003788967234718714,11.727280322627095
mono-00000135,151.293,2.8148832201407146,-3,1.8247394342265276e-05,10.249270473368753
mono-00000135,151.293,2.8148832201407146,-2,0.004229840357105055,8.52171211151807
mono-00000135,151.293,2.8148832201407146,-1,0.14910502723953206,6.343893774552598
mono-00000135,151.293,2.8148832201407146,0,0.7336712215658141,2.8148832201405725
mono-00000135,151.293,2.8148832201407146,1,0.0,0.0
mono-00000135,151.293,2.8148832201407146,2,0.0,0.0
mono-00000135,151.293,2.8148832201407146,3,0.0,0.0
mono-00000135,151.293,2.8148832201407146,4,0.0,0.0
mono-00000135,151.293,2.8148832201407146,5,0.0,0.0
mono-00000150,162.544,2.7159858061475575,-5,0.00025059718179384807,12.579625186668153
mono-00000150,162.544,2.7159858061475575,-4,0.00044940871752851023,11.312829722165333
mono-00000150,162.544,2.7159858061475575,-3,8.209872500001647e-05,9.887356650827584
mono-00000150,162.544,2.7159858061475575,-2,0.0032590205328429,8.221065254323321
mono-00000150,162.544,2.7159858061475575,-1,0.14998728761211183,6.120312319411866
mono-00000150,162.544,2.7159858061475575,0,0.7039988733989901,2.7159858061476143
mono-00000150,162.544,2.7159858061475575,1,0.0,0.0
mono-00000150,162.544,2.7159858061475575,2,0.0,0.0
mono-00000150,162.544,2.7159858061475575,3,0.0,0.0
mono-00000150,162.544,2.7159858061475575,4,0.0,0.0
mono-00000150,162.544,2.7159858061475575,5,0.0,0.0
mono-00000143,157.294,2.760816333706927,-5,0.0002632259617638797,12.788669989436158
mono-00000143,157.294,2.760816333706927,-4,0.00042373263347881456,11.500668414280923
mono-00000143,157.294,2.760816333706927,-3,4.609000031184463e-05,10.051388584878879
mono-00000143,157.294,2.760816333706927,-2,0.00373167825851781,8.357332478144599
mono-00000143,157.294,2.760816333706927,-1,0.1505771379761133,6.221653048441141
mono-00000143,157.294,2.760816333706927,0,0.7198498370980659,2.7608163337068845
mono-00000143,157.294,2.760816333706927,1,0.0,0.0
mono-00000143,157.294,2.760816333706927,2,0.0,0.0
mono-00000143,157.294,2.760816333706927,3,0.0,0.0
mono-00000143,157.294,2.760816333706927,4,0.0,0.0
mono-00000143,157.294,2.760816333706927,5,0.0,0.0
mono-00000151,163.295,2.709749801971668,-5,0.00024839488391433456,12.550552144370428
mono-00000151,163.295,2.709749801971668,-4,0.000452133929876974,11.286705331299373
mono-00000151,163.295,2.709749801971668,-3,8.789798540031109e-05,9.864542740528464
mono-00000151,163.295,2.709749801971668,-2,0.0031927579079556448,8.202112451042296
mono-00000151,163.295,2.709749801971668,-1,0.1498352875489529,6.106216878641334
mono-00000151,163.295,2.709749801971668,0,0.701642701478711,2.709749801971867
mono-00000151,163.295,2.709749801971668,1,0.0,0.0
mono-00000151,163.295,2.709749801971668,2,0.0,0.0
mono-00000151,163.295,2.709749801971668,3,0.0,0.0
mono-00000151,163.295,2.709749801971668,4,0.0,0.0
mono-00000151,163.295,2.709749801971668,5,0.0,0.0
mono-00000142,156.544,2.7674036334705647,-5,0.00026424982421843453,12.81939241826089
mono-00000142,156.544,2.7674036334705647,-4,0.00041867863614560507,11.528273625416077
mono-00000142,156.544,2.7674036334705647,-3,4.170865183254716e-05,10.075494524876532
mono-00000142,156.544,2.7674036334705647,-2,0.0037968537403937764,8.377357647577725
mono-00000142,156.544,2.7674036334705647,-1,0.1504920455256835,6.23654515201514
mono-00000142,156.544,2.7674036334705647,0,0.7217398879557744,2.7674036334706216
mono-00000142,156.544,2.7674036334705647,1,0.0,0.0
mono-00000142,156.544,2.7674036334705647,2,0.0,0.0
mono-00000142,156.544,2.7674036334705647,3,0.0,0.0
mono-00000142,156.544,2.7674036334705647,4,0.0,0.0
mono-00000142,156.544,2.7674036334705647,5,0.0,0.0
mono-00000155,166.297,2.6852446399564798,-5,0.00023904801538682688,12.436318744512477
mono-00000155,166.297,2.6852446399564798,-4,0.0004608128061075634,11.184056321721926
mono-00000155,166.297,2.6852446399564798,-3,0.00011230621597038274,9.774900148674874
mono-00000155,166.297,2.6852446399564798,-2,0.0029337060485774636,8.127640192817594
mono-00000155,166.297,2.6852446399564798,-1,0.14910812265533102,6.050829955953546
mono-00000155,166.297,2.6852446399564798,0,0.692132535651289,2.685244639956494
mono-00000155,166.297,2.6852446399564798,1,0.0,0.0
mono-00000155,166.297,2.6852446399564798,2,0.0,0.0
mono-00000155,166.297,2.6852446399564798,3,0.0,0.0
mono-00000155,166.297,2.6852446399564798,4,0.0,0.0
mono-00000155,166.297,2.6852446399564798,5,0.0,0.0
mono-00000152,164.046,2.703556555316908,-5,0.00024619099955808737,12.521679751371167
mono-00000152,164.046,2.703556555316908,-4,0.0004546948761077353,11.260761094949274
mono-00000152,164.046,2.703556555316908,-3,9.380814077683329e-05,9.8418860269298
mono-00000152,164.046,2.703556555316908,-2,0.0031276984919695263,8.183290127646401
mono-00000152,164.046,2.703556555316908,-1,0.14968521957395792,6.09221837935911
mono-00000152,164.046,2.703556555316908,0,0.6993057222107792,2.703556555316908
mono-00000152,164.046,2.703556555316908,1,0.0,0.0
mono-00000152,164.046,2.703556555316908,2,0.0,0.0
mono-00000152,164.046,2.703556555316908,3,0.0,0.0
mono-00000152,164.046,2.703556555316908,4,0.0,0.0
mono-00000152,164.046,2.703556555316908,5,0.0,0.0
mono-00000144,158.044,2.7542758501656692,-5,0.0002619844725971346,12.758167394497505
mono-00000144,158.044,2.7542758501656692,-4,0.0004285051713719266,11.473260567400288
mono-00000144,158.044,2.7542758501656692,-3,5.07045623147953e-05,10.027454844630668
mono-00000144,158.044,2.7542758501656692,-2,0.0036657168165299785,8.337450229931207
mono-00000144,158.044,2.7542758501656692,-1,0.15062412181567553,6.2068671194791705
mono-00000144,158.044,2.7542758501656692,0,0.7178822258406263,2.754275850165712
mono-00000144,158.044,2.7542758501656692,1,0.0,0.0
mono-00000144,158.044,2.7542758501656692,2,0.0,0.0
mono-00000144,158.044,2.7542758501656692,3,0.0,0.0
mono-00000144,158.044,2.7542758501656692,4,0.0,0.0
mono-00000144,158.044,2.7542758501656692,5,0.0,0.0
mono-00000154,165.546,2.6913126111107317,-5,0.00024149797236747573,12.4646033417782
mono-00000154,165.546,2.6913126111107317,-4,0.0004590216031517685,11.209472791448178
mono-00000154,165.546,2.6913126111107317,-3,0.00010602177098721922,9.797096342453614
mono-00000154,165.546,2.6913126111107317,-2,0.0029980533490268136,8.146080257848197
mono-00000154,165.546,2.6913126111107317,-1,0.1493182878748258,6.064544445568032
mono-00000154,165.546,2.6913126111107317,0,0.6945467565532962,2.6913126111107744
mono-00000154,165.546,2.6913126111107317,1,0.0,0.0
mono-00000154,165.546,2.6913126111107317,2,0.0,0.0
mono-00000154,165.546,2.6913126111107317,3,0.0,0.0
mono-00000154,165.546,2.6913126111107317,4,0.0,0.0
mono-00000154,165.546,2.6913126111107317,5,0.0,0.0
mono-00000148,161.045,2.728562726056225,-5,0.0002547185165772179,12.638264416666559
mono-00000148,161.045,2.728562726056225,-4,0.0004432742270620908,11.36552118779413
mono-00000148,161.045,2.728562726056225,-3,7.099181709869007e-05,9.933370661710114
mono-00000148,161.045,2.728562726056225,-2,0.003392059645728933,8.259291344684755
mono-00000148,161.045,2.728562726056225,-1,0.1502385309728766,6.148741246445681
mono-00000148,161.045,2.728562726056225,0,0.7086420758348573,2.7285627260562535
mono-00000148,161.045,2.728562726056225,1,0.0,0.0
mono-00000148,161.045,2.728562726056225,2,0.0,0.0
mono-00000148,161.045,2.728562726056225,3,0.0,0.0
mono-00000148,161.045,2.728562726056225,4,0.0,0.0
mono-00000148,161.045,2.728562726056225,5,0.0,0.0
mono-00000156,167.046,2.6792335246841645,-5,0.00023653430819577467,12.408300391568957
mono-00000156,167.046,2.6792335246841645,-4,0.000462331469762858,11.158878963515662
mono-00000156,167.046,2.6792335246841645,-3,0.00011867285953368436,9.752912650710186
mono-00000156,167.046,2.6792335246841645,-2,0.0028698547938171832,8.109373402344787
mono-00000156,167.046,2.6792335246841645,-1,0.14887863824169764,6.0372442447577725
mono-00000156,167.046,2.6792335246841645,0,0.6896991233121545,2.679233524684207
mono-00000156,167.046,2.6792335246841645,1,0.0,0.0
mono-00000156,167.046,2.6792335246841645,2,0.0,0.0
mono-00000156,167.046,2.6792335246841645,3,0.0,0.0
mono-00000156,167.046,2.6792335246841645,4,0.0,0.0
mono-00000156,167.046,2.6792335246841645,5,0.0,0.0
mono-00000157,167.797,2.6732467077259656,-5,0.0002339448253253619,12.380396501645166
mono-00000157,167.797,2.6732467077259656,-4,0.0004635762779076793,11.133804328843524
mono-00000157,167.797,2.6732467077259656,-3,0.00012515183873868267,9.731014743043175
mono-00000157,167.797,2.6732467077259656,-2,0.00280604144607684,8.09118093822228
mono-00000157,167.797,2.6732467077259656,-1,0.14862523616431386,6.023713722474199
mono-00000157,167.797,2.6732467077259656,0,0.6872262811442706,2.6732467077258804
mono-00000157,167.797,2.6732467077259656,1,0.0,0.0
mono-00000157,167.797,2.6732467077259656,2,0.0,0.0
mono-00000157,167.797,2.6732467077259656,3,0.0,0.0
mono-00000157,167.797,2.6732467077259656,4,0.0,0.0
mono-00000157,167.797,2.6732467077259656,5,0.0,0.0
mono-00000153,164.796,2.6974137422829187,-5,0.00024389126069685808,12.49304376049119
mono-00000153,164.796,2.6974137422829187,-4,0.0004569926403780056,11.235029143588676
mono-00000153,164.796,2.6974137422829187,-3,9.985026979899014e-05,9.819414572297475
mono-00000153,164.796,2.6974137422829187,-2,0.0030628193429015817,8.164621599975902
mono-00000153,164.796,2.6974137422829187,-1,0.14951315597945564,6.0783341644090285
mono-00000153,164.796,2.6974137422829187,0,0.69694189196966,2.697413742282805
mono-00000153,164.796,2.6974137422829187,1,0.0,0.0
mono-00000153,164.796,2.6974137422829187,2,0.0,0.0
mono-00000153,164.796,2.6974137422829187,3,0.0,0.0
mono-00000153,164.796,2.6974137422829187,4,0.0,0.0
mono-00000153,164.796,2.6974137422829187,5,0.0,0.0
mono-00000158,168.546,2.6673156294474296,-5,0.0002312484537056843,12.352753587917462
mono-00000158,168.546,2.6673156294474296,-4,0.00046442324095665236,11.108964078470848
mono-00000158,168.546,2.6673156294474296,-3,0.0001316999758859953,9.709321408873109
mono-00000158,168.546,2.6673156294474296,-2,0.002741932542266058,8.073158329133832
mono-00000158,168.546,2.6673156294474296,-1,0.1483269171082567,6.010309439930211
mono-00000158,168.546,2.6673156294474296,0,0.6846749061066928,2.6673156294473586
mono-00000158,168.546,2.6673156294474296,1,0.0,0.0
mono-00000158,168.546,2.6673156294474296,2,0.0,0.0
mono-00000158,168.546,2.6673156294474296,3,0.0,0.0
mono-00000158,168.546,2.6673156294474296,4,0.0,0.0
mono-00000158,168.546,2.6673156294474296,5,0.0,0.0
mono-00000159,169.296,2.6614160137814054,-5,0.00022819038329391033,12.325258478416686
mono-00000159,169.296,2.6614160137814054,-4,0.0004643633588282625,11.084256517909466
mono-00000159,169.296,2.6614160137814054,-3,0.0001382836566871645,9.6877438398311
mono-00000159,169.296,2.6614160137814054,-2,0.002674762176865351,8.055231796429112
mono-00000159,169.296,2.6614160137814054,-1,0.14789269565476593,5.9969765265447705
mono-00000159,169.296,2.6614160137814054,0,0.6818174680506834,2.6614160137814338
mono-00000159,169.296,2.6614160137814054,1,0.0,0.0
mono-00000159,169.296,2.6614160137814054,2,0.0,0.0
mono-00000159,169.296,2.6614160137814054,3,0.0,0.0
mono-00000159,169.296,2.6614160137814054,4,0.0,0.0
mono-00000159,169.296,2.6614160137814054,5,0.0,0.0
mono-00000161,170.797,2.6497255395391193,-5,0.00022196966498696987,12.270778547866698
mono-00000161,170.797,2.6497255395391193,-4,0.000463253653905291,11.035299572096093
mono-00000161,170.797,2.6497255395391193,-3,0.00015153060975788045,9.644988497772488
mono-00000161,170.797,2.6497255395391193,-2,0.0025415286778937363,8.019710585337492
mono-00000161,170.797,2.6497255395391193,-1,0.1469386750765082,5.970557260493891
mono-00000161,170.797,2.6497255395391193,0,0.6759675866293897,2.6497255395391477
mono-00000161,170.797,2.6497255395391193,1,0.0,0.0
mono-00000161,170.797,2.6497255395391193,2,0.0,0.0
mono-00000161,170.797,2.6497255395391193,3,0.0,0.0
mono-00000161,170.797,2.6497255395391193,4,0.0,0.0
mono-00000161,170.797,2.6497255395391193,5,0.0,0.0
mono-00000162,171.546,2.6439493075347116,-5,0.00021896731647497256,12.24386183633483
mono-00000162,171.546,2.6439493075347116,-4,0.0004621533324865769,11.011111397552071
mono-00000162,171.546,2.6439493075347116,-3,0.00015794380594674824,9.623864186862377
mono-00000162,171.546,2.6439493075347116,-2,0.002476579574486965,8.00216032793125
mono-00000162,171.546,2.6439493075347116,-1,0.14640780509357576,5.957503950377358
mono-00000162,171.546,2.6439493075347116,0,0.6729049700551291,2.6439493075346405
mono-00000162,171.546,2.6439493075347116,1,0.0,0.0
mono-00000162,171.546,2.6439493075347116,2,0.0,0.0
mono-00000162,171.546,2.6439493075347116,3,0.0,0.0
mono-00000162,171.546,2.6439493075347116,4,0.0,0.0
mono-00000162,171.546,2.6439493075347116,5,0.0,0.0
mono-00000166,174.547,2.621179007347905,-5,0.0002078360819284292,12.137765067175792
mono-00000166,174.547,2.621179007347905,-4,0.0004555093154337498,10.91576843250111
mono-00000166,174.547,2.621179007347905,-3,0.00018229741993843794,9.540597052443573
mono-00000166,174.547,2.621179007347905,-2,0.0022296275729332196,7.9329803614685375
mono-00000166,174.547,2.621179007347905,-1,0.1440754431875337,5.906049337955778
mono-00000166,174.547,2.621179007347905,0,0.6601237308078658,2.621179007348047
mono-00000166,174.547,2.621179007347905,1,0.0,0.0
mono-00000166,174.547,2.621179007347905,2,0.0,0.0
mono-00000166,174.547,2.621179007347905,3,0.0,0.0
mono-00000166,174.547,2.621179007347905,4,0.0,0.0
mono-00000166,174.547,2.621179007347905,5,0.0,0.0
mono-00000160,170.047,2.6555475836081968,-5,0.00022509136771888279,12.297909860413611
mono-00000160,170.047,2.6555475836081968,-4,0.0004639732918332758,11.059680469872191
mono-00000160,170.047,2.6555475836081968,-3,0.00014490529046860994,9.66628100986226
mono-00000160,170.047,2.6555475836081968,-2,0.0026078917900923555,8.037400489490011
mono-00000160,170.047,2.6555475836081968,-1,0.14742976300242436,5.983714351257348
mono-00000160,170.047,2.6555475836081968,0,0.6789130238672317,2.65554758360814
mono-00000160,170.047,2.6555475836081968,1,0.0,0.0
mono-00000160,170.047,2.6555475836081968,2,0.0,0.0
mono-00000160,170.047,2.6555475836081968,3,0.0,0.0
mono-00000160,170.047,2.6555475836081968,4,0.0,0.0
mono-00000160,170.047,2.6555475836081968,5,0.0,0.0
mono-00000167,175.298,2.615572182933988,-5,0.00020537070565244657,12.111643041967739
mono-00000167,175.298,2.615572182933988,-4,0.0004537570959528933,10.892293806383108
mono-00000167,175.298,2.615572182933988,-3,0.00018813301681545595,9.52009538898659
mono-00000167,175.298,2.615572182933988,-2,0.002172416467522299,7.91594695316293
mono-00000167,175.298,2.615572182933988,-1,0.14350786614114056,5.893380048757663
mono-00000167,175.298,2.615572182933988,0,0.6569722893220263,2.6155721829339456
mono-00000167,175.298,2.615572182933988,1,0.0,0.0
mono-00000167,175.298,2.615572182933988,2,0.0,0.0
mono-00000167,175.298,2.615572182933988,3,0.0,0.0
mono-00000167,175.298,2.615572182933988,4,0.0,0.0
mono-00000167,175.298,2.615572182933988,5,0.0,0.0
mono-00000176,182.047,2.5667488317733103,-5,0.00018656183405244928,11.884219796482
mono-00000176,182.047,2.5667488317733103,-4,0.00043583019933285465,10.687914538647732
mono-00000176,182.047,2.5667488317733103,-3,0.00023578756568021808,9.341595642561586
mono-00000176,182.047,2.5667488317733103,-2,0.0017168252690165052,7.767640196625877
mono-00000176,182.047,2.5667488317733103,-1,0.13821711711000678,5.7830676301995965
mono-00000176,182.047,2.5667488317733103,0,0.6284992506175551,2.5667488317732676
mono-00000176,182.047,2.5667488317733103,1,0.0,0.0
mono-00000176,182.047,2.5667488317733103,2,0.0,0.0
mono-00000176,182.047,2.5667488317733103,3,0.0,0.0
mono-00000176,182.047,2.5667488317733103,4,0.0,0.0
mono-00000176,182.047,2.5667488317733103,5,0.0,0.0
mono-00000170,177.547,2.5989943574527814,-5,0.00019838685007729888,12.034413469003866
mono-00000170,177.547,2.5989943574527814,-4,0.00044796809984015034,10.822890585367546
mono-00000170,177.547,2.5989943574527814,-3,0.00020501033139833926,9.459481202768146
mono-00000170,177.547,2.5989943574527814,-2,0.0020084487075133946,7.865586319286976
mono-00000170,177.547,2.5989943574527814,-1,0.1417593255899303,5.85592183098332
mono-00000170,177.547,2.5989943574527814,0,0.6474719130707408,2.5989943574527388
mono-00000170,177.547,2.5989943574527814,1,0.0,0.0
mono-00000170,177.547,2.5989943574527814,2,0.0,0.0
mono-00000170,177.547,2.5989943574527814,3,0.0,0.0
mono-00000170,177.547,2.5989943574527814,4,0.0,0.0
mono-00000170,177.547,2.5989943574527814,5,0.0,0.0
mono-00000165,173.797,2.626814505322585,-5,0.00021037722491427344,12.164021721532464
mono-00000165,173.797,2.626814505322585,-4,0.0004571733821317498,10.939363928672279
mono-00000165,173.797,2.626814505322585,-3,0.00017637391421324042,9.561204176032447
mono-00000165,173.797,2.626814505322585,-2,0.0022881514185291428,7.95010130000361
mono-00000165,173.797,2.626814505322585,-1,0.14463783328487528,5.918783653326756
mono-00000165,173.797,2.626814505322585,0,0.663268409709821,2.6268145053226277
mono-00000165,173.797,2.626814505322585,1,0.0,0.0
mono-00000165,173.797,2.626814505322585,2,0.0,0.0
mono-00000165,173.797,2.626814505322585,3,0.0,0.0
mono-00000165,173.797,2.626814505322585,4,0.0,0.0
mono-00000165,173.797,2.626814505322585,5,0.0,0.0
mono-00000163,172.297,2.6381954132247074,-5,0.00021607296343367552,12.217050315252365
mono-00000163,172.297,2.6381954132247074,-4,0.000460725271676198,10.987017629038078
mono-00000163,172.297,2.6381954132247074,-3,0.00016415515929489233,9.602822215740403
mono-00000163,172.297,2.6381954132247074,-2,0.0024129095279016776,7.9846783847993805
mono-00000163,172.297,2.6381954132247074,-1,0.1458402740212331,5.944501367797656
mono-00000163,172.297,2.6381954132247074,0,0.6697275177265652,2.63819541322475
mono-00000163,172.297,2.6381954132247074,1,0.0,0.0
mono-00000163,172.297,2.6381954132247074,2,0.0,0.0
mono-00000163,172.297,2.6381954132247074,3,0.0,0.0
mono-00000163,172.297,2.6381954132247074,4,0.0,0.0
mono-00000163,172.297,2.6381954132247074,5,0.0,0.0
mono-00000186,189.544,2.515594312845721,-5,0.00017200757363441678,11.646019871297682
mono-00000186,189.544,2.515594312845721,-4,0.00041861618971373384,10.473841496952915
mono-00000186,189.544,2.515594312845721,-3,0.0002786207147650908,9.154621527497625
mono-00000186,189.544,2.515594312845721,-2,0.0013312922567178139,7.612285452312264
mono-00000186,189.544,2.515594312845721,-1,0.13253308681534712,5.667506671933793
mono-00000186,189.544,2.515594312845721,0,0.5975774970646027,2.5155943128456926
mono-00000186,189.544,2.515594312845721,1,0.0,0.0
mono-00000186,189.544,2.515594312845721,2,0.0,0.0
mono-00000186,189.544,2.515594312845721,3,0.0,0.0
mono-00000186,189.544,2.515594312845721,4,0.0,0.0
mono-00000186,189.544,2.515594312845721,5,0.0,0.0
mono-00000164,173.047,2.6324865086724145,-5,0.00021320643341340534,12.190449515137402
mono-00000164,173.047,2.6324865086724145,-4,0.0004590607432388462,10.963113102365
mono-00000164,173.047,2.6324865086724145,-3,0.00017029958991713096,9.581945410134324
mono-00000164,173.047,2.6324865086724145,-2,0.0023501189438399793,7.967333570497203
mono-00000164,173.047,2.6324865086724145,-1,0.145250396578311,5.9316006967306265
mono-00000164,173.047,2.6324865086724145,0,0.6665162876516841,2.6324865086724145
mono-00000164,173.047,2.6324865086724145,1,0.0,0.0
mono-00000164,173.047,2.6324865086724145,2,0.0,0.0
mono-00000164,173.047,2.6324865086724145,3,0.0,0.0
mono-00000164,173.047,2.6324865086724145,4,0.0,0.0
mono-00000164,173.047,2.6324865086724145,5,0.0,0.0
mono-00000178,183.548,2.556257174468257,-5,0.00018320832125129176,11.835358825362476
mono-00000178,183.548,2.556257174468257,-4,0.0004319627793796542,10.644003365347487
mono-00000178,183.548,2.556257174468257,-3,0.00024514478319686254,9.303243733504473
mono-00000178,183.548,2.556257174468257,-2,0.0016301436444331066,7.735774598675377
mono-00000178,183.548,2.556257174468257,-1,0.1370457546970075,5.7593648468261165
mono-00000178,183.548,2.556257174468257,0,0.6222168136174087,2.556257174468186
mono-00000178,183.548,2.556257174468257,1,0.0,0.0
mono-00000178,183.548,2.556257174468257,2,0.0,0.0
mono-00000178,183.548,2.556257174468257,3,0.0,0.0
mono-00000178,183.548,2.556257174468257,4,0.0,0.0
mono-00000178,183.548,2.556257174468257,5,0.0,0.0
mono-00000181,185.799,2.5407615648490207,-5,0.00017855120596825096,11.763200251191407
mono-00000181,185.799,2.5407615648490207,-4,0.00042633751888493913,10.57915401290009
mono-00000181,185.799,2.5407615648490207,-3,0.0002583594506772408,9.246603838682589
mono-00000181,185.799,2.5407615648490207,-2,0.0015088209911122083,7.688713439407152
mono-00000181,185.799,2.5407615648490207,-1,0.13528815930347624,5.724358573065132
mono-00000181,185.799,2.5407615648490207,0,0.6128164474223525,2.5407615648489497
mono-00000181,185.799,2.5407615648490207,1,0.0,0.0
mono-00000181,185.799,2.5407615648490207,2,0.0,0.0
mono-00000181,185.799,2.5407615648490207,3,0.0,0.0
mono-00000181,185.799,2.5407615648490207,4,0.0,0.0
mono-00000181,185.799,2.5407615648490207,5,0.0,0.0
mono-00000183,187.299,2.5305908447715666,-5,0.00017579641501276957,11.71584229842199
mono-00000183,187.299,2.5305908447715666,-4,0.00042306079162002653,10.536592672935257
mono-00000183,187.299,2.5305908447715666,-3,0.0002667158904639078,9.209430047701474
mono-00000183,187.299,2.5305908447715666,-2,0.001434515488358878,7.65782599010906
mono-00000183,187.299,2.5305908447715666,-1,0.1341682314233343,5.7013827437877325
mono-00000183,187.299,2.5305908447715666,0,0.6066687584247847,2.530590844771723
mono-00000183,187.299,2.5305908447715666,1,0.0,0.0
mono-00000183,187.299,2.5305908447715666,2,0.0,0.0
mono-00000183,187.299,2.5305908447715666,3,0.0,0.0
mono-00000183,187.299,2.5305908447715666,4,0.0,0.0
mono-00000183,187.299,2.5305908447715666,5,0.0,0.0
mono-00000185,188.796,2.520561274498064,-5,0.00017318776670471184,11.669144787195904
mono-00000185,188.796,2.520561274498064,-4,0.00041992870939324507,10.49462452864941
mono-00000185,188.796,2.520561274498064,-3,0.0002747017105750798,9.172774048769526
mono-00000185,188.796,2.520561274498064,-2,0.0013643093261645626,7.627368495496398
mono-00000185,188.796,2.520561274498064,-1,0.13305507403430522,5.678726498566803
mono-00000185,188.796,2.520561274498064,0,0.6005574379923958,2.5205612744980783
mono-00000185,188.796,2.520561274498064,1,0.0,0.0
mono-00000185,188.796,2.520561274498064,2,0.0,0.0
mono-00000185,188.796,2.520561274498064,3,0.0,0.0
mono-00000185,188.796,2.520561274498064,4,0.0,0.0
mono-00000185,188.796,2.520561274498064,5,0.0,0.0
mono-00000187,190.293,2.5106500172854282,-5,0.0001708415012070924,11.623001253464324
mono-00000187,190.293,2.5106500172854282,-4,0.00041730775022494245,10.453153913424572
mono-00000187,190.293,2.5106500172854282,-3,0.000282464149838473,9.136552297781904
mono-00000187,190.293,2.5106500172854282,-2,0.0012990113746727918,7.597271550448809
mono-00000187,190.293,2.5106500172854282,-1,0.132007436581297,5.656338219648475
mono-00000187,190.293,2.5106500172854282,0,0.5945916893264909,2.5106500172854
mono-00000187,190.293,2.5106500172854282,1,0.0,0.0
mono-00000187,190.293,2.5106500172854282,2,0.0,0.0
mono-00000187,190.293,2.5106500172854282,3,0.0,0.0
mono-00000187,190.293,2.5106500172854282,4,0.0,0.0
mono-00000187,190.293,2.5106500172854282,5,0.0,0.0
mono-00000168,176.047,2.610015973695681,-5,0.00020294377036143266,12.08575784708799
mono-00000168,176.047,2.610015973695681,-4,0.00045185182625865256,10.869031896348261
mono-00000168,176.047,2.610015973695681,-3,0.00019386350204674783,9.49977940215635
mono-00000168,176.047,2.610015973695681,-2,0.0021162634658143187,7.899067723475255
mono-00000168,176.047,2.610015973695681,-1,0.1429240332276127,5.880825359987583
mono-00000168,176.047,2.610015973695681,0,0.6538006818494034,2.6100159736956954
mono-00000168,176.047,2.610015973695681,1,0.0,0.0
mono-00000168,176.047,2.610015973695681,2,0.0,0.0
mono-00000168,176.047,2.610015973695681,3,0.0,0.0
mono-00000168,176.047,2.610015973695681,4,0.0,0.0
mono-00000168,176.047,2.610015973695681,5,0.0,0.0
mono-00000169,176.798,2.604480327876246,-5,0.0002005668019218988,12.059969456098585
mono-00000169,176.798,2.604480327876246,-4,0.0004498339449488374,10.845856869070673
mono-00000169,176.798,2.604480327876246,-3,0.00019950415392301025,9.47953919648701
mono-00000169,176.798,2.604480327876246,-2,0.0020611033547282332,7.882251369288596
mono-00000169,176.798,2.604480327876246,-1,0.1423271783648947,5.868317362459351
mono-00000169,176.798,2.604480327876246,0,0.6506033238220126,2.60448032787626
mono-00000169,176.798,2.604480327876246,1,0.0,0.0
mono-00000169,176.798,2.604480327876246,2,0.0,0.0
mono-00000169,176.798,2.604480327876246,3,0.0,0.0
mono-00000169,176.798,2.604480327876246,4,0.0,0.0
mono-00000169,176.798,2.604480327876246,5,0.0,0.0
mono-00000171,178.299,2.5935211415943655,-5,0.00019623977341050696,12.00891787389574
mono-00000171,178.299,2.5935211415943655,-4,0.00044599593389344096,10.799978466172831
mono-00000171,178.299,2.5935211415943655,-3,0.00021043437758698312,9.439470418616054
mono-00000171,178.299,2.5935211415943655,-2,0.0019565778298472124,7.848960409270774
mono-00000171,178.299,2.5935211415943655,-1,0.1411759271361003,5.843555338795653
mono-00000171,178.299,2.5935211415943655,0,0.6443074028895811,2.5935211415944224
mono-00000171,178.299,2.5935211415943655,1,0.0,0.0
mono-00000171,178.299,2.5935211415943655,2,0.0,0.0
mono-00000171,178.299,2.5935211415943655,3,0.0,0.0
mono-00000171,178.299,2.5935211415943655,4,0.0,0.0
mono-00000171,178.299,2.5935211415943655,5,0.0,0.0
mono-00000188,191.04,2.505747847217819,-5,0.0001696952312085919,11.600179512060677
mono-00000188,191.04,2.505747847217819,-4,0.0004160136493462223,10.432643185640188
mono-00000188,191.04,2.505747847217819,-3,0.0002862201042968789,9.118637465370213
mono-00000188,191.04,2.505747847217819,-2,0.0012675908758085,7.582385873806189
mono-00000188,191.04,2.505747847217819,-1,0.1314812019978651,5.645265093940765
mono-00000188,191.04,2.505747847217819,0,0.591614227212221,2.5057478472177905
mono-00000188,191.04,2.505747847217819,1,0.0,0.0
mono-00000188,191.04,2.505747847217819,2,0.0,0.0
mono-00000188,191.04,2.505747847217819,3,0.0,0.0
mono-00000188,191.04,2.505747847217819,4,0.0,0.0
mono-00000188,191.04,2.505747847217819,5,0.0,0.0
mono-00000172,179.048,2.5881039878631498,-5,0.00019412692900514574,11.98368438768098
mono-00000172,179.048,2.5881039878631498,-4,0.0004439209938157451,10.777301790625643
mono-00000172,179.048,2.5881039878631498,-3,0.00021572350999112815,9.41966517001724
mono-00000172,179.048,2.5881039878631498,-2,0.001905861511913434,7.832505185746896
mono-00000172,179.048,2.5881039878631498,-1,0.14057975706644357,5.83131573283093
mono-00000172,179.048,2.5881039878631498,0,0.6411304877048583,2.5881039878631498
mono-00000172,179.048,2.5881039878631498,1,0.0,0.0
mono-00000172,179.048,2.5881039878631498,2,0.0,0.0
mono-00000172,179.048,2.5881039878631498,3,0.0,0.0
mono-00000172,179.048,2.5881039878631498,4,0.0,0.0
mono-00000172,179.048,2.5881039878631498,5,0.0,0.0
mono-00000173,179.799,2.5827063076530834,-5,0.00019209069587617102,11.958542555991514
mono-00000173,179.799,2.5827063076530834,-4,0.00044183253259540877,10.754707378274603
mono-00000173,179.799,2.5827063076530834,-3,0.0002209132384121998,9.399931675118836
mono-00000173,179.799,2.5827063076530834,-2,0.001856375102660586,7.816109497735937
mono-00000173,179.799,2.5827063076530834,-1,0.13998154869445256,5.819120339220433
mono-00000173,179.799,2.5827063076530834,0,0.6379483179536687,2.582706307653126
mono-00000173,179.799,2.5827063076530834,1,0.0,0.0
mono-00000173,179.799,2.5827063076530834,2,0.0,0.0
mono-00000173,179.799,2.5827063076530834,3,0.0,0.0
mono-00000173,179.799,2.5827063076530834,4,0.0,0.0
mono-00000173,179.799,2.5827063076530834,5,0.0,0.0
mono-00000175,181.298,2.5720327219961803,-5,0.00018837176002819452,11.90882887706941
mono-00000175,181.298,2.5720327219961803,-4,0.00043789081118841784,10.710030480410225
mono-00000175,181.298,2.5720327219961803,-3,0.00023094653048028505,9.360911519366667
mono-00000175,181.298,2.5720327219961803,-2,0.001762383435159322,7.783689138530647
mono-00000175,181.298,2.5720327219961803,-1,0.13881679631367091,5.795005312849042
mono-00000175,181.298,2.5720327219961803,0,0.6316661091508917,2.572032721996152
mono-00000175,181.298,2.5720327219961803,1,0.0,0.0
mono-00000175,181.298,2.5720327219961803,2,0.0,0.0
mono-00000175,181.298,2.5720327219961803,3,0.0,0.0
mono-00000175,181.298,2.5720327219961803,4,0.0,0.0
mono-00000175,181.298,2.5720327219961803,5,0.0,0.0
mono-00000195,196.276,2.4721743034195356,-5,0.00016308909915691336,11.443900157791063
mono-00000195,196.276,2.4721743034195356,-4,0.00041023231042775545,10.292187032897814
mono-00000195,196.276,2.4721743034195356,-3,0.0003118792113354836,8.995955858266555
mono-00000195,196.276,2.4721743034195356,-2,0.0010752629403268234,7.480446336798849
mono-00000195,196.276,2.4721743034195356,-1,0.12825594026135415,5.569433014363781
mono-00000195,196.276,2.4721743034195356,0,0.5718207103564578,2.4721743034195782
mono-00000195,196.276,2.4721743034195356,1,0.0,0.0
mono-00000195,196.276,2.4721743034195356,2,0.0,0.0
mono-00000195,196.276,2.4721743034195356,3,0.0,0.0
mono-00000195,196.276,2.4721743034195356,4,0.0,0.0
mono-00000195,196.276,2.4721743034195356,5,0.0,0.0
mono-00000189,191.788,2.500867775304016,-5,0.00016861090792334423,11.577461394713907
mono-00000189,191.788,2.500867775304016,-4,0.0004148592175592569,10.412225506116599
mono-00000189,191.788,2.500867775304016,-3,0.00028994932504454175,9.10080383130176
mono-00000189,191.788,2.500867775304016,-2,0.0012372786832547994,7.567567601783892
mono-00000189,191.788,2.500867775304016,-1,0.13097386625252633,5.634242052938731
mono-00000189,191.788,2.500867775304016,0,0.5886766013916739,2.500867775304016
mono-00000189,191.788,2.500867775304016,1,0.0,0.0
mono-00000189,191.788,2.500867775304016,2,0.0,0.0
mono-00000189,191.788,2.500867775304016,3,0.0,0.0
mono-00000189,191.788,2.500867775304016,4,0.0,0.0
mono-00000189,191.788,2.500867775304016,5,0.0,0.0
mono-00000174,180.548,2.5773564993881592,-5,0.00019021414301980161,11.933624636064764
mono-00000174,180.548,2.5773564993881592,-4,0.00043989380179267605,10.732314087973535
mono-00000174,180.548,2.5773564993881592,-3,0.0002259814465809182,9.380373744735323
mono-00000174,180.548,2.5773564993881592,-2,0.0018089493837493073,7.799859598740966
mono-00000174,180.548,2.5773564993881592,-1,0.13940560131365648,5.8070333162713155
mono-00000174,180.548,2.5773564993881592,0,0.6348184582898785,2.577356499388145
mono-00000174,180.548,2.5773564993881592,1,0.0,0.0
mono-00000174,180.548,2.5773564993881592,2,0.0,0.0
mono-00000174,180.548,2.5773564993881592,3,0.0,0.0
mono-00000174,180.548,2.5773564993881592,4,0.0,0.0
mono-00000174,180.548,2.5773564993881592,5,0.0,0.0
mono-00000190,192.537,2.4960096378238035,-5,0.0001676104156430638,11.554846127660696
mono-00000190,192.537,2.4960096378238035,-4,0.0004139111755899282,10.391900180726324
mono-00000190,192.537,2.4960096378238035,-3,0.0002936852399382147,9.083050790440467
mono-00000190,192.537,2.4960096378238035,-2,0.00120822502174277,7.552816232560929
mono-00000190,192.537,2.4960096378238035,-1,0.13049700749898566,5.623268724216814
mono-00000190,192.537,2.4960096378238035,0,0.5858026988818487,2.4960096378237324
mono-00000190,192.537,2.4960096378238035,1,0.0,0.0
mono-00000190,192.537,2.4960096378238035,2,0.0,0.0
mono-00000190,192.537,2.4960096378238035,3,0.0,0.0
mono-00000190,192.537,2.4960096378238035,4,0.0,0.0
mono-00000190,192.537,2.4960096378238035,5,0.0,0.0
mono-00000177,182.798,2.5614833936659664,-5,0.00018483200411804128,11.859697546305284
mono-00000177,182.798,2.5614833936659664,-4,0.0004338300900607951,10.665876532124017
mono-00000177,182.798,2.5614833936659664,-3,0.00024052397129360482,9.322347746062547
mono-00000177,182.798,2.5614833936659664,-2,0.0016726111561140052,7.751647660803201
mono-00000177,182.798,2.5614833936659664,-1,0.13762260231491907,5.771171837166662
mono-00000177,182.798,2.5614833936659664,0,0.6253388958218178,2.5614833936659664
mono-00000177,182.798,2.5614833936659664,1,0.0,0.0
mono-00000177,182.798,2.5614833936659664,2,0.0,0.0
mono-00000177,182.798,2.5614833936659664,3,0.0,0.0
mono-00000177,182.798,2.5614833936659664,4,0.0,0.0
mono-00000177,182.798,2.5614833936659664,5,0.0,0.0
mono-00000184,188.048,2.5255577739006725,-5,0.00017445170960498472,11.692408007710341
mono-00000184,188.048,2.5255577739006725,-4,0.0004214173474686096,10.515531772195374
mono-00000184,188.048,2.5255577739006725,-3,0.0002707410066043252,9.191034983292397
mono-00000184,188.048,2.5255577739006725,-2,0.001398706344450944,7.642541552583921
mono-00000184,188.048,2.5255577739006725,-1,0.13360128616821806,5.690013225001266
mono-00000184,188.048,2.5255577739006725,0,0.6035895247377464,2.5255577739006725
mono-00000184,188.048,2.5255577739006725,1,0.0,0.0
mono-00000184,188.048,2.5255577739006725,2,0.0,0.0
mono-00000184,188.048,2.5255577739006725,3,0.0,0.0
mono-00000184,188.048,2.5255577739006725,4,0.0,0.0
mono-00000184,188.048,2.5255577739006725,5,0.0,0.0
mono-00000180,185.049,2.545893128026691,-5,0.00018003367982161997,11.787095610041078
mono-00000180,185.049,2.545893128026691,-4,0.00042813046833463223,10.600629011691282
mono-00000180,185.049,2.545893128026691,-3,0.0002540543250006625,9.265360341686062
mono-00000180,185.049,2.545893128026691,-2,0.0015479281621794123,7.704297982745459
mono-00000180,185.049,2.545893128026691,-1,0.13586538938862683,5.735951143052418
mono-00000180,185.049,2.545893128026691,0,0.6159289795172068,2.5458931280267194
mono-00000180,185.049,2.545893128026691,1,0.0,0.0
mono-00000180,185.049,2.545893128026691,2,0.0,0.0
mono-00000180,185.049,2.545893128026691,3,0.0,0.0
mono-00000180,185.049,2.545893128026691,4,0.0,0.0
mono-00000180,185.049,2.545893128026691,5,0.0,0.0
mono-00000179,184.298,2.5510628143317717,-5,0.00018160858126215347,11.811169338817749
mono-00000179,184.298,2.5510628143317717,-4,0.00043005986488899977,10.62226421978987
mono-00000179,184.298,2.5510628143317717,-3,0.00024965243167296127,9.284256689942396
mono-00000179,184.298,2.5510628143317717,-2,0.0015885963859467972,7.719998648959276
mono-00000179,184.298,2.5510628143317717,-1,0.13645979589182708,5.7476300274793175
mono-00000179,184.298,2.5510628143317717,0,0.6190804178016486,2.5510628143317717
mono-00000179,184.298,2.5510628143317717,1,0.0,0.0
mono-00000179,184.298,2.5510628143317717,2,0.0,0.0
mono-00000179,184.298,2.5510628143317717,3,0.0,0.0
mono-00000179,184.298,2.5510628143317717,4,0.0,0.0
mono-00000179,184.298,2.5510628143317717,5,0.0,0.0
mono-00000182,186.548,2.535667687192827,-5,0.00017716410871127078,11.73948120420954
mono-00000182,186.548,2.535667687192827,-4,0.00042470261868086197,10.557837376066729
mono-00000182,186.548,2.535667687192827,-3,0.000262580223025157,9.227985569437848
mono-00000182,186.548,2.535667687192827,-2,0.001471277706606538,7.673243681720578
mono-00000182,186.548,2.535667687192827,-1,0.13473122673677088,5.712851324347582
mono-00000182,186.548,2.535667687192827,0,0.6097488591625481,2.535667687192884
mono-00000182,186.548,2.535667687192827,1,0.0,0.0
mono-00000182,186.548,2.535667687192827,2,0.0,0.0
mono-00000182,186.548,2.535667687192827,3,0.0,0.0
mono-00000182,186.548,2.535667687192827,4,0.0,0.0
mono-00000182,186.548,2.535667687192827,5,0.0,0.0
mono-00000191,193.283,2.4911989921884725,-5,0.00016662841726848953,11.53245266674729
mono-00000191,193.283,2.4911989921884725,-4,0.0004129852158640715,10.371774122177086
mono-00000191,193.283,2.4911989921884725,-3,0.00029735003805806526,9.06547172678674
mono-00000191,193.283,2.4911989921884725,-2,0.0011799784659034334,7.538209362319279
mono-00000191,193.283,2.4911989921884725,-1,0.13002233475191904,5.6124028317393595
mono-00000191,193.283,2.4911989921884725,0,0.582946210044461,2.49119899218843
mono-00000191,193.283,2.4911989921884725,1,0.0,0.0
mono-00000191,193.283,2.4911989921884725,2,0.0,0.0
mono-00000191,193.283,2.4911989921884725,3,0.0,0.0
mono-00000191,193.283,2.4911989921884725,4,0.0,0.0
mono-00000191,193.283,2.4911989921884725,5,0.0,0.0
mono-00000192,194.031,2.4864032688366677,-5,0.00016565640230298886,11.510129385778896
mono-00000192,194.031,2.4864032688366677,-4,0.00041207228753860277,10.351711058580094
mono-00000192,194.031,2.4864032688366677,-3,0.0003009678520687795,9.047947615473788
mono-00000192,194.031,2.4864032688366677,-2,0.0011523268655300818,7.523648091745287
mono-00000192,194.031,2.4864032688366677,-1,0.12954620534291955,5.601570806543492
mono-00000192,194.031,2.4864032688366677,0,0.5800864390159132,2.486403268836682
mono-00000192,194.031,2.4864032688366677,1,0.0,0.0
mono-00000192,194.031,2.4864032688366677,2,0.0,0.0
mono-00000192,194.031,2.4864032688366677,3,0.0,0.0
mono-00000192,194.031,2.4864032688366677,4,0.0,0.0
mono-00000192,194.031,2.4864032688366677,5,0.0,0.0
mono-00000194,195.528,2.476888008317431,-5,0.00016390317455722357,11.465839571329909
mono-00000194,195.528,2.476888008317431,-4,0.0004107396391880112,10.311905325343261
mono-00000194,195.528,2.476888008317431,-3,0.0003082448864843856,9.013179033673623
mono-00000194,195.528,2.476888008317431,-2,0.001100111979056293,7.494757730433108
mono-00000194,195.528,2.476888008317431,-1,0.12866971319065656,5.58007931441999
mono-00000194,195.528,2.476888008317431,0,0.5745357821959757,2.47688800831736
mono-00000194,195.528,2.476888008317431,1,0.0,0.0
mono-00000194,195.528,2.476888008317431,2,0.0,0.0
mono-00000194,195.528,2.476888008317431,3,0.0,0.0
mono-00000194,195.528,2.476888008317431,4,0.0,0.0
mono-00000194,195.528,2.476888008317431,5,0.0,0.0
mono-00000193,194.78,2.481628779162506,-5,0.00016472749957841386,11.487905653708125
mono-00000193,194.78,2.481628779162506,-4,0.00041126547654276495,10.331737386355783
mono-00000193,194.78,2.481628779162506,-3,0.0003045743457125836,9.030501513430849
mono-00000193,194.78,2.481628779162506,-2,0.0011255424663306104,7.509151580299701
mono-00000193,194.78,2.481628779162506,-1,0.1290849474088274,5.590786901929334
mono-00000193,194.78,2.481628779162506,0,0.5772595857261597,2.48162877916252
mono-00000193,194.78,2.481628779162506,1,0.0,0.0
mono-00000193,194.78,2.481628779162506,2,0.0,0.0
mono-00000193,194.78,2.481628779162506,3,0.0,0.0
mono-00000193,194.78,2.481628779162506,4,0.0,0.0
mono-00000193,194.78,2.481628779162506,5,0.0,0.0
mono-00000203,203.007,2.4309336619463124,-5,0.00015744553761770758,11.251979304205165
mono-00000203,203.007,2.4309336619463124,-4,0.00041072549741013974,10.119692817226479
mono-00000203,203.007,2.4309336619463124,-3,0.00034639583260267555,8.845285887814867
mono-00000203,203.007,2.4309336619463124,-2,0.0008830801043796626,7.3552464096451615
mono-00000203,203.007,2.4309336619463124,-1,0.1254436840396312,5.4762941279401645
mono-00000203,203.007,2.4309336619463124,0,0.549748670337179,2.4309336619463124
mono-00000203,203.007,2.4309336619463124,1,0.0,0.0
mono-00000203,203.007,2.4309336619463124,2,0.0,0.0
mono-00000203,203.007,2.4309336619463124,3,0.0,0.0
mono-00000203,203.007,2.4309336619463124,4,0.0,0.0
mono-00000203,203.007,2.4309336619463124,5,0.0,0.0
mono-00000198,198.521,2.4581868579508495,-5,0.00016087508404107498,11.378801186906102
mono-00000198,198.521,2.4581868579508495,-4,0.00040935414011523545,10.233678162512476
mono-00000198,198.521,2.4581868579508495,-3,0.00032290825475317294,8.944850198060763
mono-00000198,198.521,2.4581868579508495,-2,0.0010052089404153268,7.4379803473473345
mono-00000198,198.521,2.4581868579508495,-1,0.12712270498991876,5.537842100813137
mono-00000198,198.521,2.4581868579508495,0,0.5639476746958126,2.458186857950807
mono-00000198,198.521,2.4581868579508495,1,0.0,0.0
mono-00000198,198.521,2.4581868579508495,2,0.0,0.0
mono-00000198,198.521,2.4581868579508495,3,0.0,0.0
mono-00000198,198.521,2.4581868579508495,4,0.0,0.0
mono-00000198,198.521,2.4581868579508495,5,0.0,0.0
mono-00000197,197.772,2.462827068606572,-5,0.00016151063872123136,11.40039652415554
mono-00000197,197.772,2.462827068606572,-4,0.0004093340121233814,10.253087433687412
mono-00000197,197.772,2.462827068606572,-3,0.00031908227917525766,8.961803652279471
mono-00000197,197.772,2.462827068606572,-2,0.0010273887513432371,7.4520677915604665
mono-00000197,197.772,2.462827068606572,-1,0.1274445859663627,5.54832195459484
mono-00000197,197.772,2.462827068606572,0,0.5664436367350859,2.4628270686066145
mono-00000197,197.772,2.462827068606572,1,0.0,0.0
mono-00000197,197.772,2.462827068606572,2,0.0,0.0
mono-00000197,197.772,2.462827068606572,3,0.0,0.0
mono-00000197,197.772,2.462827068606572,4,0.0,0.0
mono-00000197,197.772,2.462827068606572,5,0.0,0.0
mono-00000199,199.268,2.453585062581979,-5,0.00016025763936782273,11.357385285498708
mono-00000199,199.268,2.453585062581979,-4,0.0004094205872672813,10.214430091164843
mono-00000199,199.268,2.453585062581979,-3,0.0003267293625905552,8.928037483221146
mono-00000199,199.268,2.453585062581979,-2,0.0009836130443476299,7.424009794230869
mono-00000199,199.268,2.453585062581979,-1,0.1268096929922131,5.527449155005257
mono-00000199,199.268,2.453585062581979,0,0.5614830995274801,2.4535850625820927
mono-00000199,199.268,2.453585062581979,1,0.0,0.0
mono-00000199,199.268,2.453585062581979,2,0.0,0.0
mono-00000199,199.268,2.453585062581979,3,0.0,0.0
mono-00000199,199.268,2.453585062581979,4,0.0,0.0
mono-00000199,199.268,2.453585062581979,5,0.0,0.0
mono-00000201,201.014,2.4429290658615628,-5,0.00015884928544052324,11.307796743343147
mono-00000201,201.014,2.4429290658615628,-4,0.00040967809460011557,10.169860887428413
mono-00000201,201.014,2.4429290658615628,-3,0.0003356515480795436,8.889107140198675
mono-00000201,201.014,2.4429290658615628,-2,0.0009349217220795027,7.391660347824796
mono-00000201,201.014,2.4429290658615628,-1,0.12609631966803264,5.503383633000311
mono-00000201,201.014,2.4429290658615628,0,0.5557914287764333,2.4429290658614633
mono-00000201,201.014,2.4429290658615628,1,0.0,0.0
mono-00000201,201.014,2.4429290658615628,2,0.0,0.0
mono-00000201,201.014,2.4429290658615628,3,0.0,0.0
mono-00000201,201.014,2.4429290658615628,4,0.0,0.0
mono-00000201,201.014,2.4429290658615628,5,0.0,0.0
mono-00000196,197.024,2.467487407906134,-5,0.00016228610764851853,11.422086205810473
mono-00000196,197.024,2.467487407906134,-4,0.0004097465197549389,10.272581425415552
mono-00000196,197.024,2.467487407906134,-3,0.000315481014361118,8.978831042016893
mono-00000196,197.024,2.467487407906134,-2,0.0010509874841511,7.466216615129198
mono-00000196,197.024,2.467487407906134,-1,0.12784435198791078,5.55884741932671
mono-00000196,197.024,2.467487407906134,0,0.5691161774867848,2.467487407906077
mono-00000196,197.024,2.467487407906134,1,0.0,0.0
mono-00000196,197.024,2.467487407906134,2,0.0,0.0
mono-00000196,197.024,2.467487407906134,3,0.0,0.0
mono-00000196,197.024,2.467487407906134,4,0.0,0.0
mono-00000196,197.024,2.467487407906134,5,0.0,0.0
mono-00000202,202.009,2.436918250158598,-5,0.0001581447153000541,11.279826455276165
mono-00000202,202.009,2.436918250158598,-4,0.0004101896381267861,10.144721575591774
mono-00000202,202.009,2.436918250158598,-3,0.000341016642549598,8.867148284160422
mono-00000202,202.009,2.436918250158598,-2,0.0009087061669964102,7.373413348393981
mono-00000202,202.009,2.436918250158598,-1,0.12576828430096246,5.489809141688184
mono-00000202,202.009,2.436918250158598,0,0.5527634732779304,2.436918250158527
mono-00000202,202.009,2.436918250158598,1,0.0,0.0
mono-00000202,202.009,2.436918250158598,2,0.0,0.0
mono-00000202,202.009,2.436918250158598,3,0.0,0.0
mono-00000202,202.009,2.436918250158598,4,0.0,0.0
mono-00000202,202.009,2.436918250158598,5,0.0,0.0
mono-00000200,200.016,2.4490029059640506,-5,0.00015964689034172043,11.336061423841372
mono-00000200,200.016,2.4490029059640506,-4,0.0004095071576263648,10.195264671745704
mono-00000200,200.016,2.4490029059640506,-3,0.0003305468514811648,8.911296899448132
mono-00000200,200.016,2.4490029059640506,-2,0.000962442194326905,7.410099123187464
mono-00000200,200.016,2.4490029059640506,-1,0.1264995132094759,5.517100708151915
mono-00000200,200.016,2.4490029059640506,0,0.5590292797262508,2.449002905964022
mono-00000200,200.016,2.4490029059640506,1,0.0,0.0
mono-00000200,200.016,2.4490029059640506,2,0.0,0.0
mono-00000200,200.016,2.4490029059640506,3,0.0,0.0
mono-00000200,200.016,2.4490029059640506,4,0.0,0.0
mono-00000200,200.016,2.4490029059640506,5,0.0,0.0
mono-00000204,204.004,2.4249988796997997,-5,0.00015676125170895777,11.22436498068818
mono-00000204,204.004,2.4249988796997997,-4,0.0004113047764669702,10.094873203776103
mono-00000204,204.004,2.4249988796997997,-3,0.00035178535639773096,8.823606072218055
mono-00000204,204.004,2.4249988796997997,-2,0.0008581656625377469,7.337231097386962
mono-00000204,204.004,2.4249988796997997,-1,0.12512798552740342,5.462891833797343
mono-00000204,204.004,2.4249988796997997,0,0.5467690212413394,2.424998879699757
mono-00000204,204.004,2.4249988796997997,1,0.0,0.0
mono-00000204,204.004,2.4249988796997997,2,0.0,0.0
mono-00000204,204.004,2.4249988796997997,3,0.0,0.0
mono-00000204,204.004,2.4249988796997997,4,0.0,0.0
mono-00000204,204.004,2.4249988796997997,5,0.0,0.0
mono-00000205,205.003,2.419095577410502,-5,0.00015616152763511362,11.196898189804898
mono-00000205,205.003,2.419095577410502,-4,0.0004121610784259479,10.070186075329516
mono-00000205,205.003,2.419095577410502,-3,0.0003573575760525973,8.802041877728158
mono-00000205,205.003,2.419095577410502,-2,0.0008342927072405931,7.31931177217578
mono-00000205,205.003,2.419095577410502,-1,0.12486152609637925,5.44956086875753
mono-00000205,205.003,2.419095577410502,0,0.5439031163625693,2.4190955774104594
mono-00000205,205.003,2.419095577410502,1,0.0,0.0
mono-00000205,205.003,2.419095577410502,2,0.0,0.0
mono-00000205,205.003,2.419095577410502,3,0.0,0.0
mono-00000205,205.003,2.419095577410502,4,0.0,0.0
mono-00000205,205.003,2.419095577410502,5,0.0,0.0
mono-00000216,215.972,2.356990138990568,-5,0.0001525144836272022,10.90799823673018
mono-00000216,215.972,2.356990138990568,-4,0.0004334310554007668,9.81051607211387
mono-00000216,215.972,2.356990138990568,-3,0.00043067693053424765,8.575214044849062
mono-00000216,215.972,2.356990138990568,-2,0.0006168874223377454,7.130817886559598
mono-00000216,215.972,2.356990138990568,-1,0.12439837772114569,5.309327323754104
mono-00000216,215.972,2.356990138990568,0,0.5191169231021424,2.356990138990369
mono-00000216,215.972,2.356990138990568,1,0.0,0.0
mono-00000216,215.972,2.356990138990568,2,0.0,0.0
mono-00000216,215.972,2.356990138990568,3,0.0,0.0
mono-00000216,215.972,2.356990138990568,4,0.0,0.0
mono-00000216,215.972,2.356990138990568,5,0.0,0.0
mono-00000212,211.983,2.3790181773061647,-5,0.00015324585318227015,11.01045438068681
mono-00000212,211.983,2.3790181773061647,-4,0.0004228269354344205,9.90260748649817
mono-00000212,211.983,2.3790181773061647,-3,0.00040031735689232247,8.65565934356188
mono-00000212,211.983,2.3790181773061647,-2,0.0006879425131397349,7.197669042031407
mono-00000212,211.983,2.3790181773061647,-1,0.12391054980475885,5.359063475038454
mono-00000212,211.983,2.3790181773061647,0,0.5262930136636814,2.3790181773059373
mono-00000212,211.983,2.3790181773061647,1,0.0,0.0
mono-00000212,211.983,2.3790181773061647,2,0.0,0.0
mono-00000212,211.983,2.3790181773061647,3,0.0,0.0
mono-00000212,211.983,2.3790181773061647,4,0.0,0.0
mono-00000212,211.983,2.3790181773061647,5,0.0,0.0
mono-00000226,225.944,2.3044927485205875,-5,0.00014914142800906869,10.663881189413473
mono-00000226,225.944,2.3044927485205875,-4,0.00045809452054377153,9.591088235058123
mono-00000226,225.944,2.3044927485205875,-3,0.0005123981756076152,8.383529991427295
mono-00000226,225.944,2.3044927485205875,-2,0.0004544094174409422,6.971520873687339
mono-00000226,225.944,2.3044927485205875,-1,0.1258211250903529,5.190808688864536
mono-00000226,225.944,2.3044927485205875,0,0.5031438003679042,2.3044927485206017
mono-00000226,225.944,2.3044927485205875,1,0.0,0.0
mono-00000226,225.944,2.3044927485205875,2,0.0,0.0
mono-00000226,225.944,2.3044927485205875,3,0.0,0.0
mono-00000226,225.944,2.3044927485205875,4,0.0,0.0
mono-00000226,225.944,2.3044927485205875,5,0.0,0.0
mono-00000220,219.962,2.3355575739501546,-5,0.00015126810921062568,10.808325426360469
mono-00000220,219.962,2.3355575739501546,-4,0.00044335188491657256,9.720924914089096
mono-00000220,219.962,2.3355575739501546,-3,0.00046262382332289804,8.496951469054551
mono-00000220,219.962,2.3355575739501546,-2,0.0005483703652102065,7.065779428620218
mono-00000220,219.962,2.3355575739501546,-1,0.12495099960862821,5.260938761327068
mono-00000220,219.962,2.3355575739501546,0,0.5125676822612166,2.3355575739501404
mono-00000220,219.962,2.3355575739501546,1,0.0,0.0
mono-00000220,219.962,2.3355575739501546,2,0.0,0.0
mono-00000220,219.962,2.3355575739501546,3,0.0,0.0
mono-00000220,219.962,2.3355575739501546,4,0.0,0.0
mono-00000220,219.962,2.3355575739501546,5,0.0,0.0
mono-00000222,221.956,2.3250634676049913,-5,0.00015055909604970357,10.759527142246512
mono-00000222,221.956,2.3250634676049913,-4,0.0004481482770143811,9.677061914768373
mono-00000222,221.956,2.3250634676049913,-3,0.00047881891923636817,8.458634358622604
mono-00000222,221.956,2.3250634676049913,-2,0.0005157837080254268,7.033936385159663
mono-00000222,221.956,2.3250634676049913,-1,0.1252091716619885,5.237247194713987
mono-00000222,221.956,2.3250634676049913,0,0.5093149168777428,2.325063467604778
mono-00000222,221.956,2.3250634676049913,1,0.0,0.0
mono-00000222,221.956,2.3250634676049913,2,0.0,0.0
mono-00000222,221.956,2.3250634676049913,3,0.0,0.0
mono-00000222,221.956,2.3250634676049913,4,0.0,0.0
mono-00000222,221.956,2.3250634676049913,5,0.0,0.0
mono-00000218,217.967,2.3462004400928578,-5,0.0001519557946347025,10.857818727255676
mono-00000218,217.967,2.3462004400928578,-4,0.00043858196473264713,9.765412277951555
mono-00000218,217.967,2.3462004400928578,-3,0.00044670926280880087,8.535813679826902
mono-00000218,217.967,2.3462004400928578,-2,0.000582212586292082,7.0980751909535655
mono-00000218,217.967,2.3462004400928578,-1,0.12470745819450532,5.28496690967836
mono-00000218,217.967,2.3462004400928578,0,0.515896986885045,2.346200440092929
mono-00000218,217.967,2.3462004400928578,1,0.0,0.0
mono-00000218,217.967,2.3462004400928578,2,0.0,0.0
mono-00000218,217.967,2.3462004400928578,3,0.0,0.0
mono-00000218,217.967,2.3462004400928578,4,0.0,0.0
mono-00000218,217.967,2.3462004400928578,5,0.0,0.0
mono-00000221,220.959,2.330292799111433,-5,0.00015090952009762102,10.783843477656816
mono-00000221,220.959,2.330292799111433,-4,0.000445720815928764,9.698919026590588
mono-00000221,220.959,2.330292799111433,-3,0.0004706596012586585,8.477727970618858
mono-00000221,220.959,2.330292799111433,-2,0.0005319001171621699,7.049803970822978
mono-00000221,220.959,2.330292799111433,-1,0.12507350031179673,5.24905287903907
mono-00000221,220.959,2.330292799111433,0,0.5109216052026418,2.3302927991114757
mono-00000221,220.959,2.330292799111433,1,0.0,0.0
mono-00000221,220.959,2.330292799111433,2,0.0,0.0
mono-00000221,220.959,2.330292799111433,3,0.0,0.0
mono-00000221,220.959,2.330292799111433,4,0.0,0.0
mono-00000221,220.959,2.330292799111433,5,0.0,0.0
mono-00000224,223.952,2.314699241401769,-5,0.0001498414273535603,10.711335940854738
mono-00000224,223.952,2.314699241401769,-4,0.0004530314050179792,9.633744255003975
mono-00000224,223.952,2.314699241401769,-3,0.0004953825726893884,8.420793329214547
mono-00000224,223.952,2.314699241401769,-2,0.00048442064850945724,7.002488715014451
mono-00000224,223.952,2.314699241401769,-1,0.12549270059016152,5.213849554823412
mono-00000224,223.952,2.314699241401769,0,0.5061554733516642,2.3146992414015415
mono-00000224,223.952,2.314699241401769,1,0.0,0.0
mono-00000224,223.952,2.314699241401769,2,0.0,0.0
mono-00000224,223.952,2.314699241401769,3,0.0,0.0
mono-00000224,223.952,2.314699241401769,4,0.0,0.0
mono-00000224,223.952,2.314699241401769,5,0.0,0.0
mono-00000207,206.997,2.407440376251074,-5,0.00015502870659808598,11.142672141983027
mono-00000207,206.997,2.407440376251074,-4,0.00041409992325413517,10.021447409133003
mono-00000207,206.997,2.407440376251074,-3,0.00036864868539340995,8.759468373617395
mono-00000207,206.997,2.407440376251074,-2,0.0007886048731380223,7.283933952636218
mono-00000207,206.997,2.407440376251074,-1,0.12437455574618153,5.423241539036468
mono-00000207,206.997,2.407440376251074,0,0.5383216228459344,2.407440376250932
mono-00000207,206.997,2.407440376251074,1,0.0,0.0
mono-00000207,206.997,2.407440376251074,2,0.0,0.0
mono-00000207,206.997,2.407440376251074,3,0.0,0.0
mono-00000207,206.997,2.407440376251074,4,0.0,0.0
mono-00000207,206.997,2.407440376251074,5,0.0,0.0
mono-00000206,205.999,2.413252713234229,-5,0.00015559285158101176,11.169713640380465
mono-00000206,205.999,2.413252713234229,-4,0.00041311545277098924,10.045752511074312
mono-00000206,205.999,2.413252713234229,-3,0.000362984033294687,8.780699069635475
mono-00000206,205.999,2.413252713234229,-2,0.000811196109015391,7.301576324754635
mono-00000206,205.999,2.413252713234229,-1,0.12461503062413717,5.436366620608283
mono-00000206,205.999,2.413252713234229,0,0.5411011387538666,2.4132527132342574
mono-00000206,205.999,2.413252713234229,1,0.0,0.0
mono-00000206,205.999,2.413252713234229,2,0.0,0.0
mono-00000206,205.999,2.413252713234229,3,0.0,0.0
mono-00000206,205.999,2.413252713234229,4,0.0,0.0
mono-00000206,205.999,2.413252713234229,5,0.0,0.0
mono-00000208,207.994,2.401675596221523,-5,0.000154545326892642,11.115852901407152
mono-00000208,207.994,2.401675596221523,-4,0.0004153614217539429,9.997341963710667
mono-00000208,207.994,2.401675596221523,-3,0.0003745246299350206,8.738411980631284
mono-00000208,207.994,2.401675596221523,-2,0.0007669700072980777,7.26643633749741
mono-00000208,207.994,2.401675596221523,-1,0.12418674360072811,5.410224074465333
mono-00000208,207.994,2.401675596221523,0,0.5356738037864668,2.40167559622148
mono-00000208,207.994,2.401675596221523,1,0.0,0.0
mono-00000208,207.994,2.401675596221523,2,0.0,0.0
mono-00000208,207.994,2.401675596221523,3,0.0,0.0
mono-00000208,207.994,2.401675596221523,4,0.0,0.0
mono-00000208,207.994,2.401675596221523,5,0.0,0.0
mono-00000213,212.98,2.3734547029596627,-5,0.00015312147810123453,10.984576364087019
mono-00000213,212.98,2.3734547029596627,-4,0.00042549440515495944,9.879347506397309
mono-00000213,212.98,2.3734547029596627,-3,0.00040759763686982846,8.635341012981812
mono-00000213,212.98,2.3734547029596627,-2,0.0006700601617561167,7.180784344631789
mono-00000213,212.98,2.3734547029596627,-1,0.124001515705628,5.3465016417782465
mono-00000213,212.98,2.3734547029596627,0,0.5243513703206125,2.37345470295962
mono-00000213,212.98,2.3734547029596627,1,0.0,0.0
mono-00000213,212.98,2.3734547029596627,2,0.0,0.0
mono-00000213,212.98,2.3734547029596627,3,0.0,0.0
mono-00000213,212.98,2.3734547029596627,4,0.0,0.0
mono-00000213,212.98,2.3734547029596627,5,0.0,0.0
mono-00000209,208.991,2.3959520310498874,-5,0.00015413593616217888,11.089226388064262
mono-00000209,208.991,2.3959520310498874,-4,0.0004168890393483273,9.973409635192368
mono-00000209,208.991,2.3959520310498874,-3,0.00038062568473990594,8.717506710521064
mono-00000209,208.991,2.3959520310498874,-2,0.0007461861147892426,7.249064219094549
mono-00000209,208.991,2.3959520310498874,-1,0.12404955428845764,5.397299900027676
mono-00000209,208.991,2.3959520310498874,0,0.5331515852387297,2.3959520310497595
mono-00000209,208.991,2.3959520310498874,1,0.0,0.0
mono-00000209,208.991,2.3959520310498874,2,0.0,0.0
mono-00000209,208.991,2.3959520310498874,3,0.0,0.0
mono-00000209,208.991,2.3959520310498874,4,0.0,0.0
mono-00000209,208.991,2.3959520310498874,5,0.0,0.0
mono-00000210,209.989,2.3902635123085645,-5,0.0001537276903175427,11.062763883867632
mono-00000210,209.989,2.3902635123085645,-4,0.0004184449390532866,9.949624613747076
mono-00000210,209.989,2.3902635123085645,-3,0.0003867851045556614,8.696730020157872
mono-00000210,209.989,2.3902635123085645,-2,0.0007258232155555339,7.231798866155245
mono-00000210,209.989,2.3902635123085645,-1,0.12391918999211865,5.384455082045832
mono-00000210,209.989,2.3902635123085645,0,0.5306568219993912,2.3902635123086498
mono-00000210,209.989,2.3902635123085645,1,0.0,0.0
mono-00000210,209.989,2.3902635123085645,2,0.0,0.0
mono-00000210,209.989,2.3902635123085645,3,0.0,0.0
mono-00000210,209.989,2.3902635123085645,4,0.0,0.0
mono-00000210,209.989,2.3902635123085645,5,0.0,0.0
mono-00000215,214.975,2.362438369486995,-5,0.0001527714067597036,10.933337548743964
mono-00000215,214.975,2.362438369486995,-4,0.00043081863375612903,9.833292140356548
mono-00000215,214.975,2.362438369486995,-3,0.00042273286789472965,8.595109924201552
mono-00000215,214.975,2.362438369486995,-2,0.0006346163347615522,7.147351751821176
mono-00000215,214.975,2.362438369486995,-1,0.12423976239683679,5.321628345467204
mono-00000215,214.975,2.362438369486995,0,0.520732523406137,2.362438369487151
mono-00000215,214.975,2.362438369486995,1,0.0,0.0
mono-00000215,214.975,2.362438369486995,2,0.0,0.0
mono-00000215,214.975,2.362438369486995,3,0.0,0.0
mono-00000215,214.975,2.362438369486995,4,0.0,0.0
mono-00000215,214.975,2.362438369486995,5,0.0,0.0
mono-00000211,210.987,2.384615319253882,-5,0.0001533778203387145,11.036489925889157
mono-00000211,210.987,2.384615319253882,-4,0.0004202309241351198,9.926008956165546
mono-00000211,210.987,2.384615319253882,-3,0.00039317576147278164,8.676101178712614
mono-00000211,210.987,2.384615319253882,-2,0.0007061619615941669,7.214656293143818
mono-00000211,210.987,2.384615319253882,-1,0.12383511010512382,5.371701536340126
mono-00000211,210.987,2.384615319253882,0,0.5282824581608128,2.384615319253797
mono-00000211,210.987,2.384615319253882,1,0.0,0.0
mono-00000211,210.987,2.384615319253882,2,0.0,0.0
mono-00000211,210.987,2.384615319253882,3,0.0,0.0
mono-00000211,210.987,2.384615319253882,4,0.0,0.0
mono-00000211,210.987,2.384615319253882,5,0.0,0.0
mono-00000214,213.979,2.36791903448173,-5,0.00015298641205489333,10.958828593309377
mono-00000214,213.979,2.36791903448173,-4,0.0004281800576481128,9.856204495165883
mono-00000214,213.979,2.36791903448173,-3,0.0004149864001957664,8.615124769083195
mono-00000214,213.979,2.36791903448173,-2,0.000652408949333155,7.163984404004594
mono-00000214,213.979,2.36791903448173,-1,0.12409879290283495,5.334002797347338
mono-00000214,213.979,2.36791903448173,0,0.5224362604625208,2.367919034481929
mono-00000214,213.979,2.36791903448173,1,0.0,0.0
mono-00000214,213.979,2.36791903448173,2,0.0,0.0
mono-00000214,213.979,2.36791903448173,3,0.0,0.0
mono-00000214,213.979,2.36791903448173,4,0.0,0.0
mono-00000214,213.979,2.36791903448173,5,0.0,0.0
mono-00000229,228.936,2.2894130750727157,-5,0.00014811443661785743,10.593774214655767
mono-00000229,228.936,2.2894130750727157,-4,0.00046605941692223144,9.528070033339958
mono-00000229,228.936,2.2894130750727157,-3,0.0005389290858423989,8.328478173268408
mono-00000229,228.936,2.2894130750727157,-2,0.0004116344898399162,6.925769377076293
mono-00000229,228.936,2.2894130750727157,-1,0.12640148682537442,5.1567679943591145
mono-00000229,228.936,2.2894130750727157,0,0.49888677540307286,2.289413075072943
mono-00000229,228.936,2.2894130750727157,1,0.0,0.0
mono-00000229,228.936,2.2894130750727157,2,0.0,0.0
mono-00000229,228.936,2.2894130750727157,3,0.0,0.0
mono-00000229,228.936,2.2894130750727157,4,0.0,0.0
mono-00000229,228.936,2.2894130750727157,5,0.0,0.0
mono-00000219,218.963,2.340868863754295,-5,0.00015161726184338017,10.833024493741846
mono-00000219,218.963,2.340868863754295,-4,0.00044096825609952876,9.743125871195772
mono-00000219,218.963,2.340868863754295,-3,0.0004546272196202884,8.516345292492161
mono-00000219,218.963,2.340868863754295,-2,0.0005651687483871358,7.081896362752872
mono-00000219,218.963,2.340868863754295,-1,0.12482881883135816,5.27292984184578
mono-00000219,218.963,2.340868863754295,0,0.5142288964390409,2.340868863754281
mono-00000219,218.963,2.340868863754295,1,0.0,0.0
mono-00000219,218.963,2.340868863754295,2,0.0,0.0
mono-00000219,218.963,2.340868863754295,3,0.0,0.0
mono-00000219,218.963,2.340868863754295,4,0.0,0.0
mono-00000219,218.963,2.340868863754295,5,0.0,0.0
mono-00000230,229.935,2.2844436561597945,-5,0.00014781705076526673,10.570672290235066
mono-00000230,229.935,2.2844436561597945,-4,0.0004689900133013728,9.507303872454159
mono-00000230,229.935,2.2844436561597945,-3,0.0005482690941369056,8.310337006309737
mono-00000230,229.935,2.2844436561597945,-2,0.00039804151645675444,6.91069281298644
mono-00000230,229.935,2.2844436561597945,-1,0.12665203120939245,5.1455504027885866
mono-00000230,229.935,2.2844436561597945,0,0.4976100526329351,2.2844436561598656
mono-00000230,229.935,2.2844436561597945,1,0.0,0.0
mono-00000230,229.935,2.2844436561597945,2,0.0,0.0
mono-00000230,229.935,2.2844436561597945,3,0.0,0.0
mono-00000230,229.935,2.2844436561597945,4,0.0,0.0
mono-00000230,229.935,2.2844436561597945,5,0.0,0.0
mono-00000217,216.97,2.351574020892812,-5,0.00015224743555068232,10.882809141593967
mono-00000217,216.97,2.351574020892812,-4,0.00043604007618056176,9.787874930031947
mono-00000217,216.97,2.351574020892812,-3,0.00043869426533228587,8.555435944386545
mono-00000217,216.97,2.351574020892812,-2,0.000599426987573185,7.114381823613499
mono-00000217,216.97,2.351574020892812,-1,0.12455820712027846,5.297099000993853
mono-00000217,216.97,2.351574020892812,0,0.5175129226390506,2.3515740208929543
mono-00000217,216.97,2.351574020892812,1,0.0,0.0
mono-00000217,216.97,2.351574020892812,2,0.0,0.0
mono-00000217,216.97,2.351574020892812,3,0.0,0.0
mono-00000217,216.97,2.351574020892812,4,0.0,0.0
mono-00000217,216.97,2.351574020892812,5,0.0,0.0
mono-00000228,227.94,2.2943999958122134,-5,0.00014844077229008551,10.616958209677165
mono-00000228,227.94,2.2943999958122134,-4,0.00046330541012567687,9.548909888963962
mono-00000228,227.94,2.2943999958122134,-3,0.0005298995165909129,8.346683649881115
mono-00000228,227.94,2.2943999958122134,-2,0.00042554114646799646,6.940899326138762
mono-00000228,227.94,2.2943999958122134,-1,0.12618612635163023,5.16802525338322
mono-00000228,227.94,2.2943999958122134,0,0.500245102366946,2.294399995812256
mono-00000228,227.94,2.2943999958122134,1,0.0,0.0
mono-00000228,227.94,2.2943999958122134,2,0.0,0.0
mono-00000228,227.94,2.2943999958122134,3,0.0,0.0
mono-00000228,227.94,2.2943999958122134,4,0.0,0.0
mono-00000228,227.94,2.2943999958122134,5,0.0,0.0
mono-00000223,222.952,2.319874376011299,-5,0.0001502055829392898,10.73539870511705
mono-00000223,222.952,2.319874376011299,-4,0.0004505881682491491,9.655373611931552
mono-00000223,222.952,2.319874376011299,-3,0.0004870529708235325,8.439688135343104
mono-00000223,222.952,2.319874376011299,-2,0.0004999905432106561,7.018191218388864
mono-00000223,222.952,2.319874376011299,-1,0.12535000729423817,5.225532532755736
mono-00000223,222.952,2.319874376011299,0,0.5077317039280009,2.3198743760112706
mono-00000223,222.952,2.319874376011299,1,0.0,0.0
mono-00000223,222.952,2.319874376011299,2,0.0,0.0
mono-00000223,222.952,2.319874376011299,3,0.0,0.0
mono-00000223,222.952,2.319874376011299,4,0.0,0.0
mono-00000223,222.952,2.319874376011299,5,0.0,0.0
mono-00000231,230.932,2.2795163095344577,-5,0.0001475074019833869,10.54776664581756
mono-00000231,230.932,2.2795163095344577,-4,0.0004719027702007254,9.486714069921248
mono-00000231,230.932,2.2795163095344577,-3,0.0005576671342320057,8.292349836589054
mono-00000231,230.932,2.2795163095344577,-2,0.00038471983352013036,6.895744171673357
mono-00000231,230.932,2.2795163095344577,-1,0.12690260873602863,5.134427938968855
mono-00000231,230.932,2.2795163095344577,0,0.4963459260357268,2.2795163095343867
mono-00000231,230.932,2.2795163095344577,1,0.0,0.0
mono-00000231,230.932,2.2795163095344577,2,0.0,0.0
mono-00000231,230.932,2.2795163095344577,3,0.0,0.0
mono-00000231,230.932,2.2795163095344577,4,0.0,0.0
mono-00000231,230.932,2.2795163095344577,5,0.0,0.0
mono-00000225,224.947,2.309584204723592,-5,0.00014947620974327847,10.68755337217371
mono-00000225,224.947,2.309584204723592,-4,0.00045548119934080806,9.61236667457645
mono-00000225,224.947,2.309584204723592,-3,0.0005037600800794921,8.402118393494177
mono-00000225,224.947,2.309584204723592,-2,0.00046923137517461893,6.986968869465386
mono-00000225,224.947,2.309584204723592,-1,0.1256407132311356,5.202302420960393
mono-00000225,224.947,2.309584204723592,0,0.5046107689457277,2.309584204723592
mono-00000225,224.947,2.309584204723592,1,0.0,0.0
mono-00000225,224.947,2.309584204723592,2,0.0,0.0
mono-00000225,224.947,2.309584204723592,3,0.0,0.0
mono-00000225,224.947,2.309584204723592,4,0.0,0.0
mono-00000225,224.947,2.309584204723592,5,0.0,0.0
mono-00000234,233.924,2.26491856366998,-5,0.00014654825311182282,10.47991047487912
mono-00000234,233.924,2.26491856366998,-4,0.00048094735395424527,9.425717953702474
mono-00000234,233.924,2.26491856366998,-3,0.0005871558315287271,8.239063474955145
mono-00000234,233.924,2.26491856366998,-2,0.00034612104310203877,6.851458997326844
mono-00000234,233.924,2.26491856366998,-1,0.12777812661456892,5.101477466984491
mono-00000234,233.924,2.26491856366998,0,0.4929548310024611,2.264918563670136
mono-00000234,233.924,2.26491856366998,1,0.0,0.0
mono-00000234,233.924,2.26491856366998,2,0.0,0.0
mono-00000234,233.924,2.26491856366998,3,0.0,0.0
mono-00000234,233.924,2.26491856366998,4,0.0,0.0
mono-00000234,233.924,2.26491856366998,5,0.0,0.0
mono-00000227,226.942,2.2994297601022,-5,0.00014879695740111285,10.640342102475813
mono-00000227,226.942,2.2994297601022,-4,0.00046070584181081106,9.569929351364536
mono-00000227,226.942,2.2994297601022,-3,0.0005211164750131752,8.365045958351487
mono-00000227,226.942,2.2994297601022,-2,0.0004398426735319655,6.956159550965637
mono-00000227,226.942,2.2994297601022,-1,0.12600337041314846,5.1793793884515935
mono-00000227,226.942,2.2994297601022,0,0.5016890687375066,2.2994297601022566
mono-00000227,226.942,2.2994297601022,1,0.0,0.0
mono-00000227,226.942,2.2994297601022,2,0.0,0.0
mono-00000227,226.942,2.2994297601022,3,0.0,0.0
mono-00000227,226.942,2.2994297601022,4,0.0,0.0
mono-00000227,226.942,2.2994297601022,5,0.0,0.0
mono-00000235,234.922,2.2601114156690443,-5,0.00014621144316044287,10.457566242110175
mono-00000235,234.922,2.2601114156690443,-4,0.00048401533603758976,9.405632510602942
mono-00000235,234.922,2.2601114156690443,-3,0.0005973331286551121,8.221516651618003
mono-00000235,234.922,2.2601114156690443,-2,0.00033370991669795486,6.8368760884012545
mono-00000235,234.922,2.2601114156690443,-1,0.12809689280529896,5.090626925638418
mono-00000235,234.922,2.2601114156690443,0,0.4919155359630036,2.2601114156690443
mono-00000235,234.922,2.2601114156690443,1,0.0,0.0
mono-00000235,234.922,2.2601114156690443,2,0.0,0.0
mono-00000235,234.922,2.2601114156690443,3,0.0,0.0
mono-00000235,234.922,2.2601114156690443,4,0.0,0.0
mono-00000235,234.922,2.2601114156690443,5,0.0,0.0
mono-00000232,231.929,2.274620709390632,-5,0.0001471871388371908,10.525009263001905
mono-00000232,231.929,2.274620709390632,-4,0.0004748152327411942,9.466257464054053
mono-00000232,231.929,2.274620709390632,-3,0.0005671639904762817,8.27447895990636
mono-00000232,231.929,2.274620709390632,-2,0.0003716429792993179,6.880892119681377
mono-00000232,231.929,2.274620709390632,-1,0.12715707079355995,5.123377290676402
mono-00000232,231.929,2.274620709390632,0,0.4951010975931254,2.2746207093905895
mono-00000232,231.929,2.274620709390632,1,0.0,0.0
mono-00000232,231.929,2.274620709390632,2,0.0,0.0
mono-00000232,231.929,2.274620709390632,3,0.0,0.0
mono-00000232,231.929,2.274620709390632,4,0.0,0.0
mono-00000232,231.929,2.274620709390632,5,0.0,0.0
mono-00000233,232.925,2.2697613794945823,-5,0.00014687137707673043,10.502421155019093
mono-00000233,232.925,2.2697613794945823,-4,0.00047785689496570395,9.44595294537092
mono-00000233,232.925,2.2697613794945823,-3,0.0005770452765978668,8.256740880546957
mono-00000233,232.925,2.2697613794945823,-2,0.0003587867836709784,6.8661503746681944
mono-00000233,232.925,2.2697613794945823,-1,0.12745840591384638,5.112408665692087
mono-00000233,232.925,2.2697613794945823,0,0.49400087158733474,2.2697613794945113
mono-00000233,232.925,2.2697613794945823,1,0.0,0.0
mono-00000233,232.925,2.2697613794945823,2,0.0,0.0
mono-00000233,232.925,2.2697613794945823,3,0.0,0.0
mono-00000233,232.925,2.2697613794945823,4,0.0,0.0
mono-00000233,232.925,2.2697613794945823,5,0.0,0.0
mono-00000238,237.912,2.245890413390441,-5,0.00014503933726633684,10.391469023171979
mono-00000238,237.912,2.245890413390441,-4,0.0004928085278877364,9.346216674051021
mono-00000238,237.912,2.245890413390441,-3,0.0006280986133302914,8.16961007026434
mono-00000238,237.912,2.245890413390441,-2,0.0002977718848658683,6.793736959300276
mono-00000238,237.912,2.245890413390441,-1,0.12902114620960423,5.058528592429951
mono-00000238,237.912,2.245890413390441,0,0.4888158985639341,2.245890413390228
mono-00000238,237.912,2.245890413390441,1,0.0,0.0
mono-00000238,237.912,2.245890413390441,2,0.0,0.0
mono-00000238,237.912,2.245890413390441,3,0.0,0.0
mono-00000238,237.912,2.245890413390441,4,0.0,0.0
mono-00000238,237.912,2.245890413390441,5,0.0,0.0
mono-00000236,235.918,2.2553442889836077,-5,0.0001458560952514997,10.435408675497072
mono-00000236,235.918,2.2553442889836077,-4,0.0004870394121342695,9.3857147927839
mono-00000236,235.918,2.2553442889836077,-3,0.0006075546718017246,8.204116291526233
mono-00000236,235.918,2.2553442889836077,-2,0.00032155126476481906,6.822414847794846
mono-00000236,235.918,2.2553442889836077,-1,0.12841260215393957,5.079866864419671
mono-00000236,235.918,2.2553442889836077,0,0.49088250531390965,2.2553442889835367
mono-00000236,235.918,2.2553442889836077,1,0.0,0.0
mono-00000236,235.918,2.2553442889836077,2,0.0,0.0
mono-00000236,235.918,2.2553442889836077,3,0.0,0.0
mono-00000236,235.918,2.2553442889836077,4,0.0,0.0
mono-00000236,235.918,2.2553442889836077,5,0.0,0.0
mono-00000237,236.916,2.2505977183329833,-5,0.0001454562793288486,10.413347286979999
mono-00000237,236.916,2.2505977183329833,-4,0.0004899461926062856,9.365883460880823
mono-00000237,236.916,2.2505977183329833,-3,0.0006178078555410607,8.186791336960738
mono-00000237,236.916,2.2505977183329833,-2,0.0003095285742251357,6.808016221416764
mono-00000237,236.916,2.2505977183329833,-1,0.12871847244816773,5.069153344438021
mono-00000237,236.916,2.2505977183329833,0,0.4898464909898271,2.250597718332969
mono-00000237,236.916,2.2505977183329833,1,0.0,0.0
mono-00000237,236.916,2.2505977183329833,2,0.0,0.0
mono-00000237,236.916,2.2505977183329833,3,0.0,0.0
mono-00000237,236.916,2.2505977183329833,4,0.0,0.0
mono-00000237,236.916,2.2505977183329833,5,0.0,0.0
mono-00000239,238.91,2.2412031584204755,-5,0.00014460937513703908,10.369684561514717
mono-00000239,238.91,2.2412031584204755,-4,0.0004956561584303468,9.326634139995164
mono-00000239,238.91,2.2412031584204755,-3,0.0006384810492683347,8.152502347894782
mono-00000239,238.91,2.2412031584204755,-2,0.0002862504583976492,6.779518766633984
mono-00000239,238.91,2.2412031584204755,-1,0.12932391353364905,5.047949234034135
mono-00000239,238.91,2.2412031584204755,0,0.48778903711993865,2.241203158420504
mono-00000239,238.91,2.2412031584204755,1,0.0,0.0
mono-00000239,238.91,2.2412031584204755,2,0.0,0.0
mono-00000239,238.91,2.2412031584204755,3,0.0,0.0
mono-00000239,238.91,2.2412031584204755,4,0.0,0.0
mono-00000239,238.91,2.2412031584204755,5,0.0,0.0
mono-00000240,239.908,2.236545128750933,-5,0.00014416625971437472,10.34803653422415
mono-00000240,239.908,2.236545128750933,-4,0.0004984793518389828,9.307174182968168
mono-00000240,239.908,2.236545128750933,-3,0.0006489297311846629,8.135501651825962
mono-00000240,239.908,2.236545128750933,-2,0.0002749882038870169,6.765389471161811
mono-00000240,239.908,2.236545128750933,-1,0.12962556716498047,5.0374359759197915
mono-00000240,239.908,2.236545128750933,0,0.4867665697214524,2.236545128750919
mono-00000240,239.908,2.236545128750933,1,0.0,0.0
mono-00000240,239.908,2.236545128750933,2,0.0,0.0
mono-00000240,239.908,2.236545128750933,3,0.0,0.0
mono-00000240,239.908,2.236545128750933,4,0.0,0.0
mono-00000240,239.908,2.236545128750933,5,0.0,0.0
mono-00000242,241.901,2.2273293264059504,-5,0.000143240721917937,10.305208198291965
mono-00000242,241.901,2.2273293264059504,-4,0.00050403501209716,9.268674517239319
mono-00000242,241.901,2.2273293264059504,-3,0.00066998073298824,8.101867224313565
mono-00000242,241.901,2.2273293264059504,-2,0.00025327784430158177,6.737435712165919
mono-00000242,241.901,2.2273293264059504,-1,0.13022319576845454,5.016636143940957
mono-00000242,241.901,2.2273293264059504,0,0.4847346943952191,2.227329326405993
mono-00000242,241.901,2.2273293264059504,1,0.0,0.0
mono-00000242,241.901,2.2273293264059504,2,0.0,0.0
mono-00000242,241.901,2.2273293264059504,3,0.0,0.0
mono-00000242,241.901,2.2273293264059504,4,0.0,0.0
mono-00000242,241.901,2.2273293264059504,5,0.0,0.0
mono-00000243,242.899,2.2227570906216556,-5,0.0001427580437646532,10.283960651156775
mono-00000243,242.899,2.2227570906216556,-4,0.0005067788001811264,9.249574368559237
mono-00000243,242.899,2.2227570906216556,-3,0.0006806179808203131,8.085180693157909
mono-00000243,242.899,2.2227570906216556,-2,0.00024280189428064304,6.723567368614994
mono-00000243,242.899,2.2227570906216556,-1,0.1305207600570269,5.006316921668343
mono-00000243,242.899,2.2227570906216556,0,0.4837235654623034,2.2227570906218546
mono-00000243,242.899,2.2227570906216556,1,0.0,0.0
mono-00000243,242.899,2.2227570906216556,2,0.0,0.0
mono-00000243,242.899,2.2227570906216556,3,0.0,0.0
mono-00000243,242.899,2.2227570906216556,4,0.0,0.0
mono-00000243,242.899,2.2227570906216556,5,0.0,0.0
mono-00000241,240.905,2.2319206459453937,-5,0.00014370953756622293,10.32654501209852
mono-00000241,240.905,2.2319206459453937,-4,0.0005012706579750174,9.28785484660797
mono-00000241,240.905,2.2319206459453937,-3,0.0006594277658730612,8.11862374675242
mono-00000241,240.905,2.2319206459453937,-2,0.0002639963460119011,6.751362176098823
mono-00000241,240.905,2.2319206459453937,-1,0.12992501884180926,5.0269985688796766
mono-00000241,240.905,2.2319206459453937,0,0.48574780981720994,2.2319206459453937
mono-00000241,240.905,2.2319206459453937,1,0.0,0.0
mono-00000241,240.905,2.2319206459453937,2,0.0,0.0
mono-00000241,240.905,2.2319206459453937,3,0.0,0.0
mono-00000241,240.905,2.2319206459453937,4,0.0,0.0
mono-00000241,240.905,2.2319206459453937,5,0.0,0.0
mono-00000249,248.883,2.1959203269959033,-5,0.00013983967176022245,10.159259667574958
mono-00000249,248.883,2.1959203269959033,-4,0.0005238916731273291,9.137475099978374
mono-00000249,248.883,2.1959203269959033,-3,0.0007475400122389885,7.987245867839221
mono-00000249,248.883,2.1959203269959033,-2,0.00018578374666026524,6.6421717545383245
mono-00000249,248.883,2.1959203269959033,-1,0.13251024559606042,4.945750817390817
mono-00000249,248.883,2.1959203269959033,0,0.4782304904414717,2.1959203269958607
mono-00000249,248.883,2.1959203269959033,1,0.0,0.0
mono-00000249,248.883,2.1959203269959033,2,0.0,0.0
mono-00000249,248.883,2.1959203269959033,3,0.0,0.0
mono-00000249,248.883,2.1959203269959033,4,0.0,0.0
mono-00000249,248.883,2.1959203269959033,5,0.0,0.0
mono-00000261,260.85,2.145043696255726,-5,0.00013280022512238019,9.922907671538553
mono-00000261,260.85,2.145043696255726,-4,0.0005565487720926407,8.925001843988085
mono-00000261,260.85,2.145043696255726,-3,0.0008934222482787982,7.801614654447903
mono-00000261,260.85,2.145043696255726,-2,0.0001006373450737993,6.487885279013511
mono-00000261,260.85,2.145043696255726,-1,0.13696311427951666,4.83094291312014
mono-00000261,260.85,2.145043696255726,0,0.4692275715957821,2.1450436962556836
mono-00000261,260.85,2.145043696255726,1,0.0,0.0
mono-00000261,260.85,2.145043696255726,2,0.0,0.0
mono-00000261,260.85,2.145043696255726,3,0.0,0.0
mono-00000261,260.85,2.145043696255726,4,0.0,0.0
mono-00000261,260.85,2.145043696255726,5,0.0,0.0
mono-00000244,243.897,2.2182128970886055,-5,0.00014227151561442477,10.26284399137586
mono-00000244,243.897,2.2182128970886055,-4,0.0005095407340265268,9.230591815949623
mono-00000244,243.897,2.2182128970886055,-3,0.0006913816239103246,8.068596841619865
mono-00000244,243.897,2.2182128970886055,-2,0.00023260124390623414,6.709784313922967
mono-00000244,243.897,2.2182128970886055,-1,0.13082555118950315,4.9960611184738895
mono-00000244,243.897,2.2182128970886055,0,0.4827344535801954,2.218212897088719
mono-00000244,243.897,2.2182128970886055,1,0.0,0.0
mono-00000244,243.897,2.2182128970886055,2,0.0,0.0
mono-00000244,243.897,2.2182128970886055,3,0.0,0.0
mono-00000244,243.897,2.2182128970886055,4,0.0,0.0
mono-00000244,243.897,2.2182128970886055,5,0.0,0.0
mono-00000256,255.864,2.1658078954969113,-5,0.00013606376361197036,10.019361211304968
mono-00000256,255.864,2.1658078954969113,-4,0.0005440421585550109,9.011711570369343
mono-00000256,255.864,2.1658078954969113,-3,0.0008320361921726418,7.877371048000597
mono-00000256,255.864,2.1658078954969113,-2,0.00013126241809650245,6.550850559265513
mono-00000256,255.864,2.1658078954969113,-1,0.1351877956294785,4.877797374135099
mono-00000256,255.864,2.1658078954969113,0,0.47300405098325676,2.165807895497011
mono-00000256,255.864,2.1658078954969113,1,0.0,0.0
mono-00000256,255.864,2.1658078954969113,2,0.0,0.0
mono-00000256,255.864,2.1658078954969113,3,0.0,0.0
mono-00000256,255.864,2.1658078954969113,4,0.0,0.0
mono-00000256,255.864,2.1658078954969113,5,0.0,0.0
mono-00000245,244.893,2.2137054837361916,-5,0.00014179168187915836,10.241898810305983
mono-00000245,244.893,2.2137054837361916,-4,0.0005123625259570961,9.211763349973026
mono-00000245,244.893,2.2137054837361916,-3,0.0007023199074576314,8.052147550506376
mono-00000245,244.893,2.2137054837361916,-2,0.00022270419732644555,6.696113045795073
mono-00000245,244.893,2.2137054837361916,-1,0.13114585368056494,4.985888451984735
mono-00000245,244.893,2.2137054837361916,0,0.48178814549826643,2.2137054837362484
mono-00000245,244.893,2.2137054837361916,1,0.0,0.0
mono-00000245,244.893,2.2137054837361916,2,0.0,0.0
mono-00000245,244.893,2.2137054837361916,3,0.0,0.0
mono-00000245,244.893,2.2137054837361916,4,0.0,0.0
mono-00000245,244.893,2.2137054837361916,5,0.0,0.0
mono-00000255,254.868,2.1700284642725904,-5,0.00013666096158741384,10.038967948244874
mono-00000255,254.868,2.1700284642725904,-4,0.0005413396000505956,9.029337463323444
mono-00000255,254.868,2.1700284642725904,-3,0.0008198045436500327,7.892770266561982
mono-00000255,254.868,2.1700284642725904,-2,0.00013824772748362042,6.5636495700588
mono-00000255,254.868,2.1700284642725904,-1,0.134812232166583,4.887321417334576
mono-00000255,254.868,2.1700284642725904,0,0.47373203558950383,2.1700284642726047
mono-00000255,254.868,2.1700284642725904,1,0.0,0.0
mono-00000255,254.868,2.1700284642725904,2,0.0,0.0
mono-00000255,254.868,2.1700284642725904,3,0.0,0.0
mono-00000255,254.868,2.1700284642725904,4,0.0,0.0
mono-00000255,254.868,2.1700284642725904,5,0.0,0.0
mono-00000257,256.862,2.161603456169601,-5,0.0001354382355255541,9.999829880823654
mono-00000257,256.862,2.161603456169601,-4,0.0005466384822754865,8.994153413177656
mono-00000257,256.862,2.161603456169601,-3,0.0008442438464397373,7.8620309613354635
mono-00000257,256.862,2.161603456169601,-2,0.00012454398997578943,6.538100654795912
mono-00000257,256.862,2.161603456169601,-1,0.13555018918064649,4.868309836246397
mono-00000257,256.862,2.161603456169601,0,0.47225333840677625,2.161603456169658
mono-00000257,256.862,2.161603456169601,1,0.0,0.0
mono-00000257,256.862,2.161603456169601,2,0.0,0.0
mono-00000257,256.862,2.161603456169601,3,0.0,0.0
mono-00000257,256.862,2.161603456169601,4,0.0,0.0
mono-00000257,256.862,2.161603456169601,5,0.0,0.0
mono-00000259,258.855,2.1532799728540795,-5,0.00013414684263653862,9.961165315748119
mono-00000259,258.855,2.1532799728540795,-4,0.0005516780628355985,8.959394822561904
mono-00000259,258.855,2.1532799728540795,-3,0.0008687307043518973,7.831663184104016
mono-00000259,258.855,2.1532799728540795,-2,0.00011200555695101608,6.512860373439878
mono-00000259,258.855,2.1532799728540795,-1,0.13626180120492842,4.849527776476833
mono-00000259,258.855,2.1532799728540795,0,0.47074347336405875,2.1532799728541363
mono-00000259,258.855,2.1532799728540795,1,0.0,0.0
mono-00000259,258.855,2.1532799728540795,2,0.0,0.0
mono-00000259,258.855,2.1532799728540795,3,0.0,0.0
mono-00000259,258.855,2.1532799728540795,4,0.0,0.0
mono-00000259,258.855,2.1532799728540795,5,0.0,0.0
mono-00000258,257.859,2.157427584327678,-5,0.00013479768265622482,9.980431728017052
mono-00000258,257.859,2.157427584327678,-4,0.0005491777231742573,8.97671492750716
mono-00000258,257.859,2.157427584327678,-3,0.0008564672401176093,7.846795382271736
mono-00000258,257.859,2.157427584327678,-2,0.0001181236039225559,6.525437571374681
mono-00000258,257.859,2.157427584327678,-1,0.13590721443985435,4.858886868823689
mono-00000258,257.859,2.157427584327678,0,0.4714978153447775,2.1574275843275785
mono-00000258,257.859,2.157427584327678,1,0.0,0.0
mono-00000258,257.859,2.157427584327678,2,0.0,0.0
mono-00000258,257.859,2.157427584327678,3,0.0,0.0
mono-00000258,257.859,2.157427584327678,4,0.0,0.0
mono-00000258,257.859,2.157427584327678,5,0.0,0.0
mono-00000246,245.891,2.2092164675430723,-5,0.0001412984133484572,10.221039673702847
mono-00000246,245.891,2.2092164675430723,-4,0.0005151652790951426,9.193012171617028
mono-00000246,245.891,2.2092164675430723,-3,0.0007133491937495852,8.03576572629801
mono-00000246,245.891,2.2092164675430723,-2,0.0002130521449673502,6.682497802724342
mono-00000246,245.891,2.2092164675430723,-1,0.13146601972443303,4.975757431432427
mono-00000246,245.891,2.2092164675430723,0,0.4808444694051515,2.2092164675428876
mono-00000246,245.891,2.2092164675430723,1,0.0,0.0
mono-00000246,245.891,2.2092164675430723,2,0.0,0.0
mono-00000246,245.891,2.2092164675430723,3,0.0,0.0
mono-00000246,245.891,2.2092164675430723,4,0.0,0.0
mono-00000246,245.891,2.2092164675430723,5,0.0,0.0
mono-00000247,246.888,2.2047591070415677,-5,0.00014079373419112243,10.200328179641247
mono-00000247,246.888,2.2047591070415677,-4,0.0005179408365755078,9.174393655200646
mono-00000247,246.888,2.2047591070415677,-3,0.0007244361810342477,8.019499747372407
mono-00000247,246.888,2.2047591070415677,-2,0.0002036768155237975,6.668978793788668
mono-00000247,246.888,2.2047591070415677,-1,0.13178514742292674,4.965697976933498
mono-00000247,246.888,2.2047591070415677,0,0.4799064372896584,2.2047591070415535
mono-00000247,246.888,2.2047591070415677,1,0.0,0.0
mono-00000247,246.888,2.2047591070415677,2,0.0,0.0
mono-00000247,246.888,2.2047591070415677,3,0.0,0.0
mono-00000247,246.888,2.2047591070415677,4,0.0,0.0
mono-00000247,246.888,2.2047591070415677,5,0.0,0.0
mono-00000264,263.844,2.132858537090385,-5,0.00013069343929957385,9.866310715060749
mono-00000264,263.844,2.132858537090385,-4,0.0005635611400985048,8.87412176747958
mono-00000264,263.844,2.132858537090385,-3,0.0009308376557235875,7.757161317028292
mono-00000264,263.844,2.132858537090385,-2,8.584464940088044e-05,6.450937219728289
mono-00000264,263.844,2.132858537090385,-1,0.13799969886314745,4.803448288029543
mono-00000264,263.844,2.132858537090385,0,0.466954972089276,2.1328585370903284
mono-00000264,263.844,2.132858537090385,1,0.0,0.0
mono-00000264,263.844,2.132858537090385,2,0.0,0.0
mono-00000264,263.844,2.132858537090385,3,0.0,0.0
mono-00000264,263.844,2.132858537090385,4,0.0,0.0
mono-00000264,263.844,2.132858537090385,5,0.0,0.0
mono-00000266,265.836,2.1248654836978176,-5,0.00012925581772340225,9.829187158946198
mono-00000266,265.836,2.1248654836978176,-4,0.0005681500031600715,8.8407478405029
mono-00000266,265.836,2.1248654836978176,-3,0.0009561897171217446,7.728002691045674
mono-00000266,265.836,2.1248654836978176,-2,7.752555304687844e-05,6.426701405941927
mono-00000266,265.836,2.1248654836978176,-1,0.1387028035856556,4.7854132256046
mono-00000266,265.836,2.1248654836978176,0,0.4654922395959536,2.124865483697718
mono-00000266,265.836,2.1248654836978176,1,0.0,0.0
mono-00000266,265.836,2.1248654836978176,2,0.0,0.0
mono-00000266,265.836,2.1248654836978176,3,0.0,0.0
mono-00000266,265.836,2.1248654836978176,4,0.0,0.0
mono-00000266,265.836,2.1248654836978176,5,0.0,0.0
mono-00000250,249.882,2.191534048448645,-5,0.00013936378499553796,10.138880053278385
mono-00000250,249.882,2.191534048448645,-4,0.0005269422948528908,9.11915475037057
mono-00000250,249.882,2.191534048448645,-3,0.0007593892324058455,7.971240224618953
mono-00000250,249.882,2.191534048448645,-2,0.0001772335170222965,6.62886897954543
mono-00000250,249.882,2.191534048448645,-1,0.1328926453154988,4.9358521422685016
mono-00000250,249.882,2.191534048448645,0,0.4774400195941363,2.1915340484485597
mono-00000250,249.882,2.191534048448645,1,0.0,0.0
mono-00000250,249.882,2.191534048448645,2,0.0,0.0
mono-00000250,249.882,2.191534048448645,3,0.0,0.0
mono-00000250,249.882,2.191534048448645,4,0.0,0.0
mono-00000250,249.882,2.191534048448645,5,0.0,0.0
mono-00000248,247.886,2.2003241873644726,-5,0.000140300501238198,10.179721499402916
mono-00000248,247.886,2.2003241873644726,-4,0.0005208164619774705,9.155869301237914
mono-00000248,247.886,2.2003241873644726,-3,0.0007357856167922655,8.003315979925063
mono-00000248,247.886,2.2003241873644726,-2,0.00019457813675309438,6.655528066153579
mono-00000248,247.886,2.2003241873644726,-1,0.13212686632989368,4.955689289698768
mono-00000248,247.886,2.2003241873644726,0,0.4790207897780342,2.200324187364444
mono-00000248,247.886,2.2003241873644726,1,0.0,0.0
mono-00000248,247.886,2.2003241873644726,2,0.0,0.0
mono-00000248,247.886,2.2003241873644726,3,0.0,0.0
mono-00000248,247.886,2.2003241873644726,4,0.0,0.0
mono-00000248,247.886,2.2003241873644726,5,0.0,0.0
mono-00000251,250.877,2.1871913555503113,-5,0.00013887625683461384,10.118703463978193
mono-00000251,250.877,2.1871913555503113,-4,0.0005299505956827148,9.101016854177928
mono-00000251,250.877,2.1871913555503113,-3,0.0007712620254648703,7.955393931792273
mono-00000251,250.877,2.1871913555503113,-2,0.00016898105572927388,6.615698601121778
mono-00000251,250.877,2.1871913555503113,-1,0.13327190847432452,4.926051945398541
mono-00000251,250.877,2.1871913555503113,0,0.4766544429048729,2.1871913555503255
mono-00000251,250.877,2.1871913555503113,1,0.0,0.0
mono-00000251,250.877,2.1871913555503113,2,0.0,0.0
mono-00000251,250.877,2.1871913555503113,3,0.0,0.0
mono-00000251,250.877,2.1871913555503113,4,0.0,0.0
mono-00000251,250.877,2.1871913555503113,5,0.0,0.0
mono-00000267,266.834,2.1208945735923663,-5,0.00012851587366353656,9.810744983955061
mono-00000267,266.834,2.1208945735923663,-4,0.0005703703666123409,8.82416833065058
mono-00000267,266.834,2.1208945735923663,-3,0.0009689299883896562,7.7135171981247765
mono-00000267,266.834,2.1208945735923663,-2,7.382204599511317e-05,6.414661425697929
mono-00000267,266.834,2.1208945735923663,-1,0.13904896756892243,4.776453636261095
mono-00000267,266.834,2.1208945735923663,0,0.46475363535180186,2.1208945735922384
mono-00000267,266.834,2.1208945735923663,1,0.0,0.0
mono-00000267,266.834,2.1208945735923663,2,0.0,0.0
mono-00000267,266.834,2.1208945735923663,3,0.0,0.0
mono-00000267,266.834,2.1208945735923663,4,0.0,0.0
mono-00000267,266.834,2.1208945735923663,5,0.0,0.0
mono-00000268,267.833,2.1169418972182825,-5,0.00012776108341463127,9.792387904775737
mono-00000268,267.833,2.1169418972182825,-4,0.0005725348863705312,8.807665276513589
mono-00000268,267.833,2.1169418972182825,-3,0.0009816989022656314,7.69909846393567
mono-00000268,267.833,2.1169418972182825,-2,7.042742038924321e-05,6.402676898201591
mono-00000268,267.833,2.1169418972182825,-1,0.1393906364624734,4.767535281225733
mono-00000268,267.833,2.1169418972182825,0,0.46400883702199325,2.116941897218041
mono-00000268,267.833,2.1169418972182825,1,0.0,0.0
mono-00000268,267.833,2.1169418972182825,2,0.0,0.0
mono-00000268,267.833,2.1169418972182825,3,0.0,0.0
mono-00000268,267.833,2.1169418972182825,4,0.0,0.0
mono-00000268,267.833,2.1169418972182825,5,0.0,0.0
mono-00000272,271.821,2.1013802160084083,-5,0.000124648683936697,9.720120095207704
mono-00000272,271.821,2.1013802160084083,-4,0.0005809793113464825,8.742695919973599
mono-00000272,271.821,2.1013802160084083,-3,0.0010336354923969973,7.6423342836639705
mono-00000272,271.821,2.1013802160084083,-2,5.9962545831654505e-05,6.355495446155231
mono-00000272,271.821,2.1013802160084083,-1,0.14078843977348335,4.732424632712963
mono-00000272,271.821,2.1013802160084083,0,0.46113836850061596,2.1013802160084794
mono-00000272,271.821,2.1013802160084083,1,0.0,0.0
mono-00000272,271.821,2.1013802160084083,2,0.0,0.0
mono-00000272,271.821,2.1013802160084083,3,0.0,0.0
mono-00000272,271.821,2.1013802160084083,4,0.0,0.0
mono-00000272,271.821,2.1013802160084083,5,0.0,0.0
mono-00000252,251.875,2.1828613993895942,-5,0.00013835832398422784,10.098586561449522
mono-00000252,251.875,2.1828613993895942,-4,0.0005328938631318749,9.082932557650295
mono-00000252,251.875,2.1828613993895942,-3,0.0007832595421991754,7.93959441651802
mono-00000252,251.875,2.1828613993895942,-2,0.00016092954577953423,6.602567057204936
mono-00000252,251.875,2.1828613993895942,-1,0.13365368289561888,4.916280607242072
mono-00000252,251.875,2.1828613993895942,0,0.4758891932789216,2.182861399389381
mono-00000252,251.875,2.1828613993895942,1,0.0,0.0
mono-00000252,251.875,2.1828613993895942,2,0.0,0.0
mono-00000252,251.875,2.1828613993895942,3,0.0,0.0
mono-00000252,251.875,2.1828613993895942,4,0.0,0.0
mono-00000252,251.875,2.1828613993895942,5,0.0,0.0
mono-00000271,270.824,2.1052384435804896,-5,0.00012545572110521377,9.738036954874758
mono-00000271,270.824,2.1052384435804896,-4,0.0005789936620243133,8.758803389539267
mono-00000271,270.824,2.1052384435804896,-3,0.0010206893360524831,7.656407550284328
mono-00000271,270.824,2.1052384435804896,-2,6.210596422065741e-05,6.367192964439155
mono-00000271,270.824,2.1052384435804896,-1,0.14045181336626944,4.741129526958801
mono-00000271,270.824,2.1052384435804896,0,0.4618757620356735,2.1052384435805465
mono-00000271,270.824,2.1052384435804896,1,0.0,0.0
mono-00000271,270.824,2.1052384435804896,2,0.0,0.0
mono-00000271,270.824,2.1052384435804896,3,0.0,0.0
mono-00000271,270.824,2.1052384435804896,4,0.0,0.0
mono-00000271,270.824,2.1052384435804896,5,0.0,0.0
mono-00000253,252.872,2.1785613578295937,-5,0.00013780615671393908,10.07860914519749
mono-00000253,252.872,2.1785613578295937,-4,0.0005357441140888597,9.06497359831836
mono-00000253,252.872,2.1785613578295937,-3,0.0007953716562965576,7.923904353804389
mono-00000253,252.872,2.1785613578295937,-2,0.00015309337682560594,6.589526439977973
mono-00000253,252.872,2.1785613578295937,-1,0.1340417848033377,4.906576890855675
mono-00000253,252.872,2.1785613578295937,0,0.47517033061856856,2.1785613578297927
mono-00000253,252.872,2.1785613578295937,1,0.0,0.0
mono-00000253,252.872,2.1785613578295937,2,0.0,0.0
mono-00000253,252.872,2.1785613578295937,3,0.0,0.0
mono-00000253,252.872,2.1785613578295937,4,0.0,0.0
mono-00000253,252.872,2.1785613578295937,5,0.0,0.0
mono-00000270,269.825,2.1091258050698087,-5,0.00012623571714942512,9.75608950038685
mono-00000270,269.825,2.1091258050698087,-4,0.0005768729434436114,8.775032798983986
mono-00000270,269.825,2.1091258050698087,-3,0.001007609512535863,7.670587318416594
mono-00000270,269.825,2.1091258050698087,-2,6.45696907033594e-05,6.378978971592915
mono-00000270,269.825,2.1091258050698087,-1,0.14009804061251538,4.749900241997395
mono-00000270,269.825,2.1091258050698087,0,0.46258555777908394,2.10912580506988
mono-00000270,269.825,2.1091258050698087,1,0.0,0.0
mono-00000270,269.825,2.1091258050698087,2,0.0,0.0
mono-00000270,269.825,2.1091258050698087,3,0.0,0.0
mono-00000270,269.825,2.1091258050698087,4,0.0,0.0
mono-00000270,269.825,2.1091258050698087,5,0.0,0.0
mono-00000275,274.812,2.0899315775765075,-5,0.00012214817418516131,9.666957124954038
mono-00000275,274.812,2.0899315775765075,-4,0.0005867659141461666,8.694901527275718
mono-00000275,274.812,2.0899315775765075,-3,0.0010734963666228423,7.600575592731161
mono-00000275,274.812,2.0899315775765075,-2,5.5401395411350994e-05,6.3207859629134475
mono-00000275,274.812,2.0899315775765075,-1,0.14187355494287,4.706594847028455
mono-00000275,274.812,2.0899315775765075,0,0.45917171350866665,2.0899315775764933
mono-00000275,274.812,2.0899315775765075,1,0.0,0.0
mono-00000275,274.812,2.0899315775765075,2,0.0,0.0
mono-00000275,274.812,2.0899315775765075,3,0.0,0.0
mono-00000275,274.812,2.0899315775765075,4,0.0,0.0
mono-00000275,274.812,2.0899315775765075,5,0.0,0.0
mono-00000254,253.87,2.17428235356914,-5,0.00013724050841232706,10.058729962532368
mono-00000254,253.87,2.17428235356914,-4,0.0005385621587651259,9.047102892634442
mono-00000254,253.87,2.17428235356914,-3,0.0008075612185949295,7.90829134613783
mono-00000254,253.87,2.17428235356914,-2,0.00014552913692027618,6.576549823470245
mono-00000254,253.87,2.17428235356914,-1,0.13442851223987676,4.896920760972662
mono-00000254,253.87,2.17428235356914,0,0.4744521362647472,2.174282353568941
mono-00000254,253.87,2.17428235356914,1,0.0,0.0
mono-00000254,253.87,2.17428235356914,2,0.0,0.0
mono-00000254,253.87,2.17428235356914,3,0.0,0.0
mono-00000254,253.87,2.17428235356914,4,0.0,0.0
mono-00000254,253.87,2.17428235356914,5,0.0,0.0
mono-00000262,261.847,2.1409628827010465,-5,0.00013211240383358667,9.90395289379964
mono-00000262,261.847,2.1409628827010465,-4,0.0005589358201550588,8.90796174389132
mono-00000262,261.847,2.1409628827010465,-3,0.000905854515161284,7.786726958227959
mono-00000262,261.847,2.1409628827010465,-2,9.540762481031171e-05,6.4755111843884805
mono-00000262,261.847,2.1409628827010465,-1,0.13731252437290464,4.821734855171357
mono-00000262,261.847,2.1409628827010465,0,0.4684749055741301,2.140962882701004
mono-00000262,261.847,2.1409628827010465,1,0.0,0.0
mono-00000262,261.847,2.1409628827010465,2,0.0,0.0
mono-00000262,261.847,2.1409628827010465,3,0.0,0.0
mono-00000262,261.847,2.1409628827010465,4,0.0,0.0
mono-00000262,261.847,2.1409628827010465,5,0.0,0.0
mono-00000260,259.854,2.1491438055062275,-5,0.00013347750125991886,9.941952521955955
mono-00000260,259.854,2.1491438055062275,-4,0.0005541294398756161,8.94212286906263
mono-00000260,259.854,2.1491438055062275,-3,0.0008810563487293826,7.816573009784037
mono-00000260,259.854,2.1491438055062275,-2,0.0001061639963025696,6.500318064439838
mono-00000260,259.854,2.1491438055062275,-1,0.13661251405108218,4.840194611619324
mono-00000260,259.854,2.1491438055062275,0,0.46998107808188627,2.149143805506341
mono-00000260,259.854,2.1491438055062275,1,0.0,0.0
mono-00000260,259.854,2.1491438055062275,2,0.0,0.0
mono-00000260,259.854,2.1491438055062275,3,0.0,0.0
mono-00000260,259.854,2.1491438055062275,4,0.0,0.0
mono-00000260,259.854,2.1491438055062275,5,0.0,0.0
mono-00000265,264.84,2.128850756404418,-5,0.0001299844644456308,9.847696456903833
mono-00000265,264.84,2.128850756404418,-4,0.0005658918219768147,8.857387647834457
mono-00000265,264.84,2.128850756404418,-3,0.0009435135609767856,7.742540824689343
mono-00000265,264.84,2.128850756404418,-2,8.153385200336882e-05,6.4387851038877955
mono-00000265,264.84,2.128850756404418,-1,0.13835466432113908,4.794405316139773
mono-00000265,264.84,2.128850756404418,0,0.46622863107846974,2.128850756404475
mono-00000265,264.84,2.128850756404418,1,0.0,0.0
mono-00000265,264.84,2.128850756404418,2,0.0,0.0
mono-00000265,264.84,2.128850756404418,3,0.0,0.0
mono-00000265,264.84,2.128850756404418,4,0.0,0.0
mono-00000265,264.84,2.128850756404418,5,0.0,0.0
mono-00000263,262.845,2.1369012130246148,-5,0.00013140784869045572,9.885087476433057
mono-00000263,262.845,2.1369012130246148,-4,0.0005612632911997541,8.891001929205927
mono-00000263,262.845,2.1369012130246148,-3,0.0009183105743215993,7.77190936304622
mono-00000263,262.845,2.1369012130246148,-2,9.047501043355868e-05,6.463195317324704
mono-00000263,262.845,2.1369012130246148,-1,0.13765632685216006,4.812570093593962
mono-00000263,262.845,2.1369012130246148,0,0.4677137609226908,2.136901213024501
mono-00000263,262.845,2.1369012130246148,1,0.0,0.0
mono-00000263,262.845,2.1369012130246148,2,0.0,0.0
mono-00000263,262.845,2.1369012130246148,3,0.0,0.0
mono-00000263,262.845,2.1369012130246148,4,0.0,0.0
mono-00000263,262.845,2.1369012130246148,5,0.0,0.0
mono-00000269,268.828,2.113026933058208,-5,0.00012699548150369453,9.774206374168912
mono-00000269,268.828,2.113026933058208,-4,0.0005746717318533286,8.79131999636823
mono-00000269,268.828,2.113026933058208,-3,0.000994526504866953,7.6848175372684295
mono-00000269,268.828,2.113026933058208,-2,6.734526239841509e-05,6.3908068784257495
mono-00000269,268.828,2.113026933058208,-1,0.13973574008436218,4.75870210731064
mono-00000269,268.828,2.113026933058208,0,0.46327941301164105,2.1130269330582223
mono-00000269,268.828,2.113026933058208,1,0.0,0.0
mono-00000269,268.828,2.113026933058208,2,0.0,0.0
mono-00000269,268.828,2.113026933058208,3,0.0,0.0
mono-00000269,268.828,2.113026933058208,4,0.0,0.0
mono-00000269,268.828,2.113026933058208,5,0.0,0.0
mono-00000279,278.804,2.074938947610562,-5,0.00011794062028809903,9.597342393209829
mono-00000279,278.804,2.074938947610562,-4,0.0005901604387335756,8.632316162430598
mono-00000279,278.804,2.074938947610562,-3,0.001121137264803194,7.545893298781948
mono-00000279,278.804,2.074938947610562,-2,5.381815740341496e-05,6.275334044632558
mono-00000279,278.804,2.074938947610562,-1,0.14275824581138064,4.672770467642891
mono-00000279,278.804,2.074938947610562,0,0.455571401141843,2.074938947610349
mono-00000279,278.804,2.074938947610562,1,0.0,0.0
mono-00000279,278.804,2.074938947610562,2,0.0,0.0
mono-00000279,278.804,2.074938947610562,3,0.0,0.0
mono-00000279,278.804,2.074938947610562,4,0.0,0.0
mono-00000279,278.804,2.074938947610562,5,0.0,0.0
mono-00000273,272.819,2.0975392854902566,-5,0.00012383848315212107,9.702283945528194
mono-00000273,272.819,2.0975392854902566,-4,0.0005829766872002868,8.726660967194434
mono-00000273,272.819,2.0975392854902566,-3,0.0010467949437049015,7.628324337839857
mono-00000273,272.819,2.0975392854902566,-2,5.813330011933803e-05,6.343850526152636
mono-00000273,272.819,2.0975392854902566,-1,0.14114032029735557,4.723758851291521
mono-00000273,272.819,2.0975392854902566,0,0.4604432964872043,2.097539285490214
mono-00000273,272.819,2.0975392854902566,1,0.0,0.0
mono-00000273,272.819,2.0975392854902566,2,0.0,0.0
mono-00000273,272.819,2.0975392854902566,3,0.0,0.0
mono-00000273,272.819,2.0975392854902566,4,0.0,0.0
mono-00000273,272.819,2.0975392854902566,5,0.0,0.0
mono-00000277,276.81,2.0823872743371368,-5,0.00012027202232923838,9.631926210630382
mono-00000277,276.81,2.0823872743371368,-4,0.0005896636471734853,8.663407949175735
mono-00000277,276.81,2.0823872743371368,-3,0.0010991624059721275,7.573058989836866
mono-00000277,276.81,2.0823872743371368,-2,5.396774213367999e-05,6.297914227235566
mono-00000277,276.81,2.0823872743371368,-1,0.1424856631803157,4.689574228088063
mono-00000277,276.81,2.0823872743371368,0,0.4576701187277554,2.08238727433708
mono-00000277,276.81,2.0823872743371368,1,0.0,0.0
mono-00000277,276.81,2.0823872743371368,2,0.0,0.0
mono-00000277,276.81,2.0823872743371368,3,0.0,0.0
mono-00000277,276.81,2.0823872743371368,4,0.0,0.0
mono-00000277,276.81,2.0823872743371368,5,0.0,0.0
mono-00000274,273.816,2.093723156863021,-5,0.00012301331246457434,9.684563349045334
mono-00000274,273.816,2.093723156863021,-4,0.0005849699179066075,8.710729856520047
mono-00000274,273.816,2.093723156863021,-3,0.001060262068863415,7.614405082840591
mono-00000274,273.816,2.093723156863021,-2,5.6604869562117626e-05,6.332280954717547
mono-00000274,273.816,2.093723156863021,-1,0.14152036341690094,4.715149113267984
mono-00000274,273.816,2.093723156863021,0,0.45983209006021125,2.0937231568628363
mono-00000274,273.816,2.093723156863021,1,0.0,0.0
mono-00000274,273.816,2.093723156863021,2,0.0,0.0
mono-00000274,273.816,2.093723156863021,3,0.0,0.0
mono-00000274,273.816,2.093723156863021,4,0.0,0.0
mono-00000274,273.816,2.093723156863021,5,0.0,0.0
mono-00000280,279.799,2.0712520222084265,-5,0.00011633403314286236,9.580223915566577
mono-00000280,279.799,2.0712520222084265,-4,0.0005882436827095345,8.616926130077104
mono-00000280,279.799,2.0712520222084265,-3,0.0011283965540306532,7.532446581074794
mono-00000280,279.799,2.0712520222084265,-2,5.4096525264085196e-05,6.264157057620807
mono-00000280,279.799,2.0712520222084265,-1,0.14256066598744854,4.664452717771454
mono-00000280,279.799,2.0712520222084265,0,0.45387445849813296,2.0712520222083697
mono-00000280,279.799,2.0712520222084265,1,0.0,0.0
mono-00000280,279.799,2.0712520222084265,2,0.0,0.0
mono-00000280,279.799,2.0712520222084265,3,0.0,0.0
mono-00000280,279.799,2.0712520222084265,4,0.0,0.0
mono-00000280,279.799,2.0712520222084265,5,0.0,0.0
mono-00000289,288.774,2.0388601809928417,-5,0.00010431837614842365,9.4298428185583
mono-00000289,288.774,2.0388601809928417,-4,0.0005793747969369864,8.481727302905611
mono-00000289,288.774,2.0388601809928417,-3,0.001210977803773275,7.414317975900147
mono-00000289,288.774,2.0388601809928417,-2,7.337557650671846e-05,6.16596661528601
mono-00000289,288.774,2.0388601809928417,-1,0.14248883107363816,4.591379705280502
mono-00000289,288.774,2.0388601809928417,0,0.44266238582324247,2.038860180992927
mono-00000289,288.774,2.0388601809928417,1,0.0,0.0
mono-00000289,288.774,2.0388601809928417,2,0.0,0.0
mono-00000289,288.774,2.0388601809928417,3,0.0,0.0
mono-00000289,288.774,2.0388601809928417,4,0.0,0.0
mono-00000289,288.774,2.0388601809928417,5,0.0,0.0
mono-00000281,280.796,2.0675773289268164,-5,0.00011436788307488765,9.5631625796686
mono-00000281,280.796,2.0675773289268164,-4,0.0005845489994054776,8.601587431638364
mono-00000281,280.796,2.0675773289268164,-3,0.0011325106421332745,7.519044681153218
mono-00000281,280.796,2.0675773289268164,-2,5.456643435829254e-05,6.253017293524493
mono-00000281,280.796,2.0675773289268164,-1,0.14208471001329648,4.65616264248618
mono-00000281,280.796,2.0675773289268164,0,0.4516314500177699,2.0675773289268022
mono-00000281,280.796,2.0675773289268164,1,0.0,0.0
mono-00000281,280.796,2.0675773289268164,2,0.0,0.0
mono-00000281,280.796,2.0675773289268164,3,0.0,0.0
mono-00000281,280.796,2.0675773289268164,4,0.0,0.0
mono-00000281,280.796,2.0675773289268164,5,0.0,0.0
mono-00000282,281.794,2.0639184682278113,-5,0.00011238035674067025,9.546175097596006
mono-00000282,281.794,2.0639184682278113,-4,0.0005806110669244229,8.586315092328675
mono-00000282,281.794,2.0639184682278113,-3,0.0011361042539941664,7.50570072746936
mono-00000282,281.794,2.0639184682278113,-2,5.5356692884812544e-05,6.241925665211866
mono-00000282,281.794,2.0639184682278113,-1,0.1415693898734636,4.647908363355853
mono-00000282,281.794,2.0639184682278113,0,0.44932320487717636,2.063918468227726
mono-00000282,281.794,2.0639184682278113,1,0.0,0.0
mono-00000282,281.794,2.0639184682278113,2,0.0,0.0
mono-00000282,281.794,2.0639184682278113,3,0.0,0.0
mono-00000282,281.794,2.0639184682278113,4,0.0,0.0
mono-00000282,281.794,2.0639184682278113,5,0.0,0.0
mono-00000276,275.811,2.0861491949216457,-5,0.0001212725229721838,9.649393977153622
mono-00000276,275.811,2.0861491949216457,-4,0.0005885150209123784,8.679111883543257
mono-00000276,275.811,2.0861491949216457,-3,0.0010867854085447378,7.586779866338546
mono-00000276,275.811,2.0861491949216457,-2,5.453267854839039e-05,6.309319003379983
mono-00000276,275.811,2.0861491949216457,-1,0.1422238628198564,4.698061413697118
mono-00000276,275.811,2.0861491949216457,0,0.4585055765316916,2.086149194921447
mono-00000276,275.811,2.0861491949216457,1,0.0,0.0
mono-00000276,275.811,2.0861491949216457,2,0.0,0.0
mono-00000276,275.811,2.0861491949216457,3,0.0,0.0
mono-00000276,275.811,2.0861491949216457,4,0.0,0.0
mono-00000276,275.811,2.0861491949216457,5,0.0,0.0
mono-00000278,277.806,2.078656837980745,-5,0.00011911999497936135,9.614604996432675
mono-00000278,277.806,2.078656837980745,-4,0.0005900060979770115,8.647835729063317
mono-00000278,277.806,2.078656837980745,-3,0.0011102596490180235,7.5594531595328505
mono-00000278,277.806,2.078656837980745,-2,5.37185797721626e-05,6.286605046311934
mono-00000278,277.806,2.078656837980745,-1,0.1426327103798324,4.681158155178494
mono-00000278,277.806,2.078656837980745,0,0.45663539516762963,2.0786568379806596
mono-00000278,277.806,2.078656837980745,1,0.0,0.0
mono-00000278,277.806,2.078656837980745,2,0.0,0.0
mono-00000278,277.806,2.078656837980745,3,0.0,0.0
mono-00000278,277.806,2.078656837980745,4,0.0,0.0
mono-00000278,277.806,2.078656837980745,5,0.0,0.0
mono-00000285,284.785,2.0530681411728438,-5,0.00010276196598973878,9.495800846427699
mono-00000285,284.785,2.0530681411728438,-4,0.0005504908433538895,8.541026660753502
mono-00000285,284.785,2.0530681411728438,-3,0.0011148328175612167,7.466130512254281
mono-00000285,284.785,2.0530681411728438,-2,5.844478508185068e-05,6.209034331888333
mono-00000285,284.785,2.0530681411728438,-1,0.13737330926262176,4.623430809730323
mono-00000285,284.785,2.0530681411728438,0,0.43755557458343325,2.0530681411729006
mono-00000285,284.785,2.0530681411728438,1,0.0,0.0
mono-00000285,284.785,2.0530681411728438,2,0.0,0.0
mono-00000285,284.785,2.0530681411728438,3,0.0,0.0
mono-00000285,284.785,2.0530681411728438,4,0.0,0.0
mono-00000285,284.785,2.0530681411728438,5,0.0,0.0
mono-00000284,283.789,2.0566622627860767,-5,0.00010606720663728928,9.512486755587133
mono-00000284,283.789,2.0566622627860767,-4,0.0005612923093515348,8.556027985497394
mono-00000284,283.789,2.0566622627860767,-3,0.001123498661246528,7.4792377696452945
mono-00000284,283.789,2.0566622627860767,-2,5.713867148875139e-05,6.219929301797919
mono-00000284,283.789,2.0566622627860767,-1,0.13888035636455137,4.631538812884358
mono-00000284,283.789,2.0566622627860767,0,0.4416555889875013,2.0566622627860482
mono-00000284,283.789,2.0566622627860767,1,0.0,0.0
mono-00000284,283.789,2.0566622627860767,2,0.0,0.0
mono-00000284,283.789,2.0566622627860767,3,0.0,0.0
mono-00000284,283.789,2.0566622627860767,4,0.0,0.0
mono-00000284,283.789,2.0566622627860767,5,0.0,0.0
mono-00000287,286.78,2.045925381063128,-5,0.00010284996986020865,9.462641162333227
mono-00000287,286.78,2.045925381063128,-4,0.000561305520240472,8.511214621345147
mono-00000287,286.78,2.045925381063128,-3,0.0011557517750127953,7.440082445257843
mono-00000287,286.78,2.045925381063128,-2,6.480919866470567e-05,6.187382662339132
mono-00000287,286.78,2.045925381063128,-1,0.13937568491238342,4.607317630271808
mono-00000287,286.78,2.045925381063128,0,0.43907677980692095,2.0459253810631424
mono-00000287,286.78,2.045925381063128,1,0.0,0.0
mono-00000287,286.78,2.045925381063128,2,0.0,0.0
mono-00000287,286.78,2.045925381063128,3,0.0,0.0
mono-00000287,286.78,2.045925381063128,4,0.0,0.0
mono-00000287,286.78,2.045925381063128,5,0.0,0.0
mono-00000304,303.734,1.988089126142981,-5,9.736044869837415e-05,9.194188338589655
mono-00000304,303.734,1.988089126142981,-4,0.0006267680614604804,8.269858322323415
mono-00000304,303.734,1.988089126142981,-3,0.001483369376336044,7.229194374615986
mono-00000304,303.734,1.988089126142981,-2,0.0001800562525846657,6.012084254524524
mono-00000304,303.734,1.988089126142981,-1,0.15258131638632472,4.476856939865698
mono-00000304,303.734,1.988089126142981,0,0.44367069182729774,1.988089126143123
mono-00000304,303.734,1.988089126142981,1,0.0,0.0
mono-00000304,303.734,1.988089126142981,2,0.0,0.0
mono-00000304,303.734,1.988089126142981,3,0.0,0.0
mono-00000304,303.734,1.988089126142981,4,0.0,0.0
mono-00000304,303.734,1.988089126142981,5,0.0,0.0
mono-00000290,289.772,2.0353514120425302,-5,0.00010424001863102839,9.413554745775613
mono-00000290,289.772,2.0353514120425302,-4,0.00058444202535457,8.467083475583479
mono-00000290,289.772,2.0353514120425302,-3,0.001231595033489118,7.401522922986544
mono-00000290,289.772,2.0353514120425302,-2,7.787169630842196e-05,6.15533101899581
mono-00000290,289.772,2.0353514120425302,-1,0.14342743839976263,4.583464608151672
mono-00000290,289.772,2.0353514120425302,0,0.44324597381663006,2.0353514120425302
mono-00000290,289.772,2.0353514120425302,1,0.0,0.0
mono-00000290,289.772,2.0353514120425302,2,0.0,0.0
mono-00000290,289.772,2.0353514120425302,3,0.0,0.0
mono-00000290,289.772,2.0353514120425302,4,0.0,0.0
mono-00000290,289.772,2.0353514120425302,5,0.0,0.0
mono-00000292,291.767,2.0283913497922867,-5,0.00010392950908992549,9.381246327578324
mono-00000292,291.767,2.0283913497922867,-4,0.0005939171576495186,8.438036420694942
mono-00000292,291.767,2.0283913497922867,-3,0.0012722139624268482,7.376142951071046
mono-00000292,291.767,2.0283913497922867,-2,8.799979548462935e-05,6.13423441644197
mono-00000292,291.767,2.0283913497922867,-1,0.1452125777323778,4.567764276027631
mono-00000292,291.767,2.0283913497922867,0,0.4442220443073749,2.0283913497922725
mono-00000292,291.767,2.0283913497922867,1,0.0,0.0
mono-00000292,291.767,2.0283913497922867,2,0.0,0.0
mono-00000292,291.767,2.0283913497922867,3,0.0,0.0
mono-00000292,291.767,2.0283913497922867,4,0.0,0.0
mono-00000292,291.767,2.0283913497922867,5,0.0,0.0
mono-00000283,282.791,2.0602826006927586,-5,0.00010951367066042629,9.529294708653438
mono-00000283,282.791,2.0602826006927586,-4,0.0005724315992294996,8.571138996113788
mono-00000283,282.791,2.0602826006927586,-3,0.0011324152646116359,7.49244083124195
mono-00000283,282.791,2.0602826006927586,-2,5.618129176368112e-05,6.230903877113178
mono-00000283,282.791,2.0602826006927586,-1,0.14043750067885433,4.639706033058388
mono-00000283,282.791,2.0602826006927586,0,0.44587577876253337,2.0602826006926875
mono-00000283,282.791,2.0602826006927586,1,0.0,0.0
mono-00000283,282.791,2.0602826006927586,2,0.0,0.0
mono-00000283,282.791,2.0602826006927586,3,0.0,0.0
mono-00000283,282.791,2.0602826006927586,4,0.0,0.0
mono-00000283,282.791,2.0602826006927586,5,0.0,0.0
mono-00000296,295.755,2.0146895806689287,-5,0.00010209509186619425,9.317646648461817
mono-00000296,295.755,2.0146895806689287,-4,0.0006067519756319621,8.380856400308886
mono-00000296,295.755,2.0146895806689287,-3,0.0013438065972437743,7.326181346942391
mono-00000296,295.755,2.0146895806689287,-2,0.00011235627341221041,6.09270450981289
mono-00000296,295.755,2.0146895806689287,-1,0.1478829683624638,4.53685697835715
mono-00000296,295.755,2.0146895806689287,0,0.44444506938083816,2.014689580668957
mono-00000296,295.755,2.0146895806689287,1,0.0,0.0
mono-00000296,295.755,2.0146895806689287,2,0.0,0.0
mono-00000296,295.755,2.0146895806689287,3,0.0,0.0
mono-00000296,295.755,2.0146895806689287,4,0.0,0.0
mono-00000296,295.755,2.0146895806689287,5,0.0,0.0
mono-00000297,296.754,2.011300536946294,-5,0.00010156487461391717,9.301916405247042
mono-00000297,296.754,2.011300536946294,-4,0.000609611077919487,8.366713865150558
mono-00000297,296.754,2.011300536946294,-3,0.0013614539534096632,7.313824096843078
mono-00000297,296.754,2.011300536946294,-2,0.00011942744903288544,6.082432650773441
mono-00000297,296.754,2.011300536946294,-1,0.1485086528756536,4.529212422992629
mono-00000297,296.754,2.011300536946294,0,0.4444177124113965,2.011300536946237
mono-00000297,296.754,2.011300536946294,1,0.0,0.0
mono-00000297,296.754,2.011300536946294,2,0.0,0.0
mono-00000297,296.754,2.011300536946294,3,0.0,0.0
mono-00000297,296.754,2.011300536946294,4,0.0,0.0
mono-00000297,296.754,2.011300536946294,5,0.0,0.0
mono-00000299,298.748,2.004586843638421,-5,0.00010044091637331906,9.270755649585567
mono-00000299,298.748,2.004586843638421,-4,0.0006149588346624377,8.33869817976111
mono-00000299,298.748,2.004586843638421,-3,0.0013964242139947387,7.289344892719072
mono-00000299,298.748,2.004586843638421,-2,0.00013472585809807378,6.062084447905249
mono-00000299,298.748,2.004586843638421,-1,0.14971585324988052,4.5140687555854555
mono-00000299,298.748,2.004586843638421,0,0.4442848401014895,2.0045868436382506
mono-00000299,298.748,2.004586843638421,1,0.0,0.0
mono-00000299,298.748,2.004586843638421,2,0.0,0.0
mono-00000299,298.748,2.004586843638421,3,0.0,0.0
mono-00000299,298.748,2.004586843638421,4,0.0,0.0
mono-00000299,298.748,2.004586843638421,5,0.0,0.0
mono-00000309,308.721,1.97198895429986,-5,9.404247242350643e-05,9.11947253921933
mono-00000309,308.721,1.97198895429986,-4,0.0006370412218394462,8.202682403936834
mono-00000309,308.721,1.97198895429986,-3,0.0015709738788374573,7.170497129142618
mono-00000309,308.721,1.97198895429986,-2,0.00023587788677372984,5.963291539987026
mono-00000309,308.721,1.97198895429986,-1,0.15534888352348603,4.440543283434749
mono-00000309,308.721,1.97198895429986,0,0.44288148598417426,1.9719889542996896
mono-00000309,308.721,1.97198895429986,1,0.0,0.0
mono-00000309,308.721,1.97198895429986,2,0.0,0.0
mono-00000309,308.721,1.97198895429986,3,0.0,0.0
mono-00000309,308.721,1.97198895429986,4,0.0,0.0
mono-00000309,308.721,1.97198895429986,5,0.0,0.0
mono-00000286,285.782,2.0494892162820264,-5,0.00010183218556297552,9.479185815910398
mono-00000286,285.782,2.0494892162820264,-4,0.0005510729898285747,8.526089022879773
mono-00000286,285.782,2.0494892162820264,-3,0.0011264488582034837,7.453078868519597
mono-00000286,285.782,2.0494892162820264,-2,6.1026091959515166e-05,6.198185560873725
mono-00000286,285.782,2.0494892162820264,-1,0.13762821806930137,4.615357163046966
mono-00000286,285.782,2.0494892162820264,0,0.43688107473403764,2.0494892162820832
mono-00000286,285.782,2.0494892162820264,1,0.0,0.0
mono-00000286,285.782,2.0494892162820264,2,0.0,0.0
mono-00000286,285.782,2.0494892162820264,3,0.0,0.0
mono-00000286,285.782,2.0494892162820264,4,0.0,0.0
mono-00000286,285.782,2.0494892162820264,5,0.0,0.0
mono-00000306,305.728,1.9816044538316646,-5,9.604394331706656e-05,9.164094262330337
mono-00000306,305.728,1.9816044538316646,-4,0.0006309571226825338,8.24280124819387
mono-00000306,305.728,1.9816044538316646,-3,0.0015180958683620313,7.205552410175187
mono-00000306,305.728,1.9816044538316646,-2,0.00020107434788617067,5.992431683919776
mono-00000306,305.728,1.9816044538316646,-1,0.15368263291040515,4.462230701245375
mono-00000306,305.728,1.9816044538316646,0,0.44334539340344475,1.9816044538317357
mono-00000306,305.728,1.9816044538316646,1,0.0,0.0
mono-00000306,305.728,1.9816044538316646,2,0.0,0.0
mono-00000306,305.728,1.9816044538316646,3,0.0,0.0
mono-00000306,305.728,1.9816044538316646,4,0.0,0.0
mono-00000306,305.728,1.9816044538316646,5,0.0,0.0
mono-00000291,290.771,2.031857207402581,-5,0.0001041532509636704,9.397334590982808
mono-00000291,290.771,2.031857207402581,-4,0.0005895229156685057,8.452500676099447
mono-00000291,290.771,2.031857207402581,-3,0.001252472439187849,7.388781162850066
mono-00000291,290.771,2.031857207402581,-2,8.27779297701027e-05,6.144739694566113
mono-00000291,290.771,2.031857207402581,-1,0.1443718065090723,4.575582435254049
mono-00000291,290.771,2.031857207402581,0,0.44383305880909024,2.031857207402581
mono-00000291,290.771,2.031857207402581,1,0.0,0.0
mono-00000291,290.771,2.031857207402581,2,0.0,0.0
mono-00000291,290.771,2.031857207402581,3,0.0,0.0
mono-00000291,290.771,2.031857207402581,4,0.0,0.0
mono-00000291,290.771,2.031857207402581,5,0.0,0.0
mono-00000294,293.762,2.021502204056091,-5,0.00010307849017078102,9.349268302230598
mono-00000294,293.762,2.021502204056091,-4,0.0006006696494202996,8.409286275237548
mono-00000294,293.762,2.021502204056091,-3,0.001308343402978727,7.351022287018921
mono-00000294,293.762,2.021502204056091,-2,9.942000159212284e-05,6.113353255306592
mono-00000294,293.762,2.021502204056091,-1,0.14659088159011177,4.552224187537604
mono-00000294,293.762,2.021502204056091,0,0.4444157857789656,2.02150220405629
mono-00000294,293.762,2.021502204056091,1,0.0,0.0
mono-00000294,293.762,2.021502204056091,2,0.0,0.0
mono-00000294,293.762,2.021502204056091,3,0.0,0.0
mono-00000294,293.762,2.021502204056091,4,0.0,0.0
mono-00000294,293.762,2.021502204056091,5,0.0,0.0
mono-00000295,294.758,2.0180889773448456,-5,0.00010262112284835423,9.333425233204977
mono-00000295,294.758,2.0180889773448456,-4,0.0006038886898932213,8.3950423660106
mono-00000295,294.758,2.0180889773448456,-3,0.001326338097101706,7.338576516817071
mono-00000295,294.758,2.0180889773448456,-2,0.00010570706574301772,6.103007864568255
mono-00000295,294.758,2.0180889773448456,-1,0.14726198167784857,4.54452495186581
mono-00000295,294.758,2.0180889773448456,0,0.4444782016537489,2.0180889773446893
mono-00000295,294.758,2.0180889773448456,1,0.0,0.0
mono-00000295,294.758,2.0180889773448456,2,0.0,0.0
mono-00000295,294.758,2.0180889773448456,3,0.0,0.0
mono-00000295,294.758,2.0180889773448456,4,0.0,0.0
mono-00000295,294.758,2.0180889773448456,5,0.0,0.0
mono-00000293,292.765,2.0249362611994286,-5,0.0001035062515942094,9.365208354021036
mono-00000293,292.765,2.0249362611994286,-4,0.0005973000979280397,8.423617345610197
mono-00000293,292.765,2.0249362611994286,-3,0.0012902116498678489,7.363544186273245
mono-00000293,292.765,2.0249362611994286,-2,9.35124465047288e-05,6.123761902035255
mono-00000293,292.765,2.0249362611994286,-1,0.14590068137130247,4.559970477330765
mono-00000293,292.765,2.0249362611994286,0,0.444317233430997,2.024936261199443
mono-00000293,292.765,2.0249362611994286,1,0.0,0.0
mono-00000293,292.765,2.0249362611994286,2,0.0,0.0
mono-00000293,292.765,2.0249362611994286,3,0.0,0.0
mono-00000293,292.765,2.0249362611994286,4,0.0,0.0
mono-00000293,292.765,2.0249362611994286,5,0.0,0.0
mono-00000300,299.743,2.0012617774901003,-5,9.985433391058958e-05,9.255323192053808
mono-00000300,299.743,2.0012617774901003,-4,0.0006174805895454463,8.324823282047817
mono-00000300,299.743,2.0012617774901003,-3,0.001413805035380526,7.27722141294673
mono-00000300,299.743,2.0012617774901003,-2,0.00014295857401101482,6.052006836809696
mono-00000300,299.743,2.0012617774901003,-1,0.1503025635102883,4.506568701286724
mono-00000300,299.743,2.0012617774901003,0,0.44418941234377735,2.001261777490015
mono-00000300,299.743,2.0012617774901003,1,0.0,0.0
mono-00000300,299.743,2.0012617774901003,2,0.0,0.0
mono-00000300,299.743,2.0012617774901003,3,0.0,0.0
mono-00000300,299.743,2.0012617774901003,4,0.0,0.0
mono-00000300,299.743,2.0012617774901003,5,0.0,0.0
mono-00000301,300.742,1.9979399350322495,-5,9.926530934502142e-05,9.239905970434393
mono-00000301,300.742,1.9979399350322495,-4,0.0006200174875477961,8.310962052396945
mono-00000301,300.742,1.9979399350322495,-3,0.0014314312621033405,7.265109849029912
mono-00000301,300.742,1.9979399350322495,-2,0.00015164680863459948,6.041939107195475
mono-00000301,300.742,1.9979399350322495,-1,0.15089812594992166,4.499075980458031
mono-00000301,300.742,1.9979399350322495,0,0.4441051003995291,1.9979399350321358
mono-00000301,300.742,1.9979399350322495,1,0.0,0.0
mono-00000301,300.742,1.9979399350322495,2,0.0,0.0
mono-00000301,300.742,1.9979399350322495,3,0.0,0.0
mono-00000301,300.742,1.9979399350322495,4,0.0,0.0
mono-00000301,300.742,1.9979399350322495,5,0.0,0.0
mono-00000308,307.723,1.9751796197060827,-5,9.472000330188756e-05,9.134278901953948
mono-00000308,307.723,1.9751796197060827,-4,0.0006350936557404071,8.215994650776906
mono-00000308,307.723,1.9751796197060827,-3,0.0015533732753115392,7.182129207577461
mono-00000308,307.723,1.9751796197060827,-2,0.0002238474673682393,5.9729608732874055
mono-00000308,307.723,1.9751796197060827,-1,0.15480086161951268,4.447739659075751
mono-00000308,307.723,1.9751796197060827,0,0.4430491533760524,1.9751796197060543
mono-00000308,307.723,1.9751796197060827,1,0.0,0.0
mono-00000308,307.723,1.9751796197060827,2,0.0,0.0
mono-00000308,307.723,1.9751796197060827,3,0.0,0.0
mono-00000308,307.723,1.9751796197060827,4,0.0,0.0
mono-00000308,307.723,1.9751796197060827,5,0.0,0.0
mono-00000298,297.753,2.007928538639206,-5,0.00010102447404479318,9.286265562647714
mono-00000298,297.753,2.007928538639206,-4,0.0006124173852735062,8.352642685158912
mono-00000298,297.753,2.007928538639206,-3,0.001379154850452979,7.301529166463908
mono-00000298,297.753,2.007928538639206,-2,0.00012690543443614016,6.072212570037905
mono-00000298,297.753,2.007928538639206,-1,0.1491308092854529,4.52160638084267
mono-00000298,297.753,2.007928538639206,0,0.4443832227296303,2.0079285386394616
mono-00000298,297.753,2.007928538639206,1,0.0,0.0
mono-00000298,297.753,2.007928538639206,2,0.0,0.0
mono-00000298,297.753,2.007928538639206,3,0.0,0.0
mono-00000298,297.753,2.007928538639206,4,0.0,0.0
mono-00000298,297.753,2.007928538639206,5,0.0,0.0
mono-00000310,309.716,1.9688232233461207,-5,9.336550806329545e-05,9.104782131363677
mono-00000310,309.716,1.9688232233461207,-4,0.0006389530127265424,8.189474383883407
mono-00000310,309.716,1.9688232233461207,-3,0.0015886035047144875,7.158956098655153
mono-00000310,309.716,1.9688232233461207,-2,0.00024831490829585364,5.953697870474414
mono-00000310,309.716,1.9688232233461207,-1,0.15589590115006402,4.433403201855725
mono-00000310,309.716,1.9688232233461207,0,0.4427162733394685,1.968823223346206
mono-00000310,309.716,1.9688232233461207,1,0.0,0.0
mono-00000310,309.716,1.9688232233461207,2,0.0,0.0
mono-00000310,309.716,1.9688232233461207,3,0.0,0.0
mono-00000310,309.716,1.9688232233461207,4,0.0,0.0
mono-00000310,309.716,1.9688232233461207,5,0.0,0.0
mono-00000303,302.736,1.9913587111851712,-5,9.799912048123628e-05,9.209362226210814
mono-00000303,302.736,1.9913587111851712,-4,0.0006245464600991195,8.283500864422109
mono-00000303,302.736,1.9913587111851712,-3,0.001465961179137427,7.241114933732561
mono-00000303,302.736,1.9913587111851712,-2,0.00017015739609750036,6.021993280154732
mono-00000303,302.736,1.9913587111851712,-1,0.15201969850085462,4.484231608310779
mono-00000303,302.736,1.9913587111851712,0,0.44381492577948617,1.9913587111851
mono-00000303,302.736,1.9913587111851712,1,0.0,0.0
mono-00000303,302.736,1.9913587111851712,2,0.0,0.0
mono-00000303,302.736,1.9913587111851712,3,0.0,0.0
mono-00000303,302.736,1.9913587111851712,4,0.0,0.0
mono-00000303,302.736,1.9913587111851712,5,0.0,0.0
mono-00000311,310.716,1.9656568962150516,-5,9.267391180538418e-05,9.090089201606062
mono-00000311,310.716,1.9656568962150516,-4,0.0006407757521023291,8.176264069513124
mono-00000311,310.716,1.9656568962150516,-3,0.0016063772247562685,7.147413039401627
mono-00000311,310.716,1.9656568962150516,-2,0.0002613158176324712,5.944102493494441
mono-00000311,310.716,1.9656568962150516,-1,0.15644843873558617,4.4262618310813195
mono-00000311,310.716,1.9656568962150516,0,0.44256968984303,1.9656568962150942
mono-00000311,310.716,1.9656568962150516,1,0.0,0.0
mono-00000311,310.716,1.9656568962150516,2,0.0,0.0
mono-00000311,310.716,1.9656568962150516,3,0.0,0.0
mono-00000311,310.716,1.9656568962150516,4,0.0,0.0
mono-00000311,310.716,1.9656568962150516,5,0.0,0.0
mono-00000317,316.7,1.9470236146106004,-5,8.837779515664816e-05,9.003628813335169
mono-00000317,316.7,1.9470236146106004,-4,0.0006499674122053005,8.098527573141794
mono-00000317,316.7,1.9470236146106004,-3,0.0017119933104534572,7.079487072002777
mono-00000317,316.7,1.9470236146106004,-2,0.0003484826014834103,5.887637379298738
mono-00000317,316.7,1.9470236146106004,-1,0.15961729531968488,4.384237230970214
mono-00000317,316.7,1.9470236146106004,0,0.44149683293811576,1.9470236146106004
mono-00000317,316.7,1.9470236146106004,1,0.0,0.0
mono-00000317,316.7,1.9470236146106004,2,0.0,0.0
mono-00000317,316.7,1.9470236146106004,3,0.0,0.0
mono-00000317,316.7,1.9470236146106004,4,0.0,0.0
mono-00000317,316.7,1.9470236146106004,5,0.0,0.0
mono-00000305,304.733,1.9848323411626723,-5,9.670184994798426e-05,9.179074116996532
mono-00000305,304.733,1.9848323411626723,-4,0.0006288688800876557,8.256269395966598
mono-00000305,304.733,1.9848323411626723,-3,0.0015006849515741643,7.217320638061651
mono-00000305,304.733,1.9848323411626723,-2,0.00019037033095062927,6.002214127878048
mono-00000305,304.733,1.9848323411626723,-1,0.15312982539155026,4.469511201787412
mono-00000305,304.733,1.9848323411626723,0,0.443502023516376,1.9848323411625302
mono-00000305,304.733,1.9848323411626723,1,0.0,0.0
mono-00000305,304.733,1.9848323411626723,2,0.0,0.0
mono-00000305,304.733,1.9848323411626723,3,0.0,0.0
mono-00000305,304.733,1.9848323411626723,4,0.0,0.0
mono-00000305,304.733,1.9848323411626723,5,0.0,0.0
mono-00000307,306.727,1.9783793819013482,-5,9.538580261081403e-05,9.149127728883443
mono-00000307,306.727,1.9783793819013482,-4,0.0006330665955654738,8.229345049209954
mono-00000307,306.727,1.9783793819013482,-3,0.0015357703530837327,7.193794597832422
mono-00000307,306.727,1.9783793819013482,-2,0.00021226527346659087,5.982657876008091
mono-00000307,306.727,1.9783793819013482,-1,0.15424600006143896,4.454956608767688
mono-00000307,306.727,1.9783793819013482,0,0.4432029215818136,1.9783793819012772
mono-00000307,306.727,1.9783793819013482,1,0.0,0.0
mono-00000307,306.727,1.9783793819013482,2,0.0,0.0
mono-00000307,306.727,1.9783793819013482,3,0.0,0.0
mono-00000307,306.727,1.9783793819013482,4,0.0,0.0
mono-00000307,306.727,1.9783793819013482,5,0.0,0.0
mono-00000316,315.701,1.950097523424276,-5,8.91090482692401e-05,9.017891494704855
mono-00000316,315.701,1.950097523424276,-4,0.0006486368254979597,8.111351207243132
mono-00000316,315.701,1.950097523424276,-3,0.0016944841123666505,7.09069239012446
mono-00000316,315.701,1.950097523424276,-2,0.00033280505946736244,5.896952122573481
mono-00000316,315.701,1.950097523424276,-1,0.15910600064365701,4.391169844646441
mono-00000316,315.701,1.950097523424276,0,0.44170015249951927,1.95009752342429
mono-00000316,315.701,1.950097523424276,1,0.0,0.0
mono-00000316,315.701,1.950097523424276,2,0.0,0.0
mono-00000316,315.701,1.950097523424276,3,0.0,0.0
mono-00000316,315.701,1.950097523424276,4,0.0,0.0
mono-00000316,315.701,1.950097523424276,5,0.0,0.0
mono-00000314,313.708,1.9562737038044844,-5,9.055368416522955e-05,9.046549148891387
mono-00000314,313.708,1.9562737038044844,-4,0.0006457347985462686,8.137117343288764
mono-00000314,313.708,1.9562737038044844,-3,0.0016593893963923008,7.113206825535357
mono-00000314,313.708,1.9562737038044844,-2,0.00030288894639757713,5.915667835815867
mono-00000314,313.708,1.9562737038044844,-1,0.158064670785061,4.405099195298078
mono-00000314,313.708,1.9562737038044844,0,0.4420791893401861,1.9562737038045128
mono-00000314,313.708,1.9562737038044844,1,0.0,0.0
mono-00000314,313.708,1.9562737038044844,2,0.0,0.0
mono-00000314,313.708,1.9562737038044844,3,0.0,0.0
mono-00000314,313.708,1.9562737038044844,4,0.0,0.0
mono-00000314,313.708,1.9562737038044844,5,0.0,0.0
mono-00000315,314.705,1.9531767405376996,-5,8.983674252723277e-05,9.03217903506247
mono-00000315,314.705,1.9531767405376996,-4,0.0006472577376234946,8.124197166993241
mono-00000315,314.705,1.9531767405376996,-3,0.0016770417481889008,7.101917193971218
mono-00000315,314.705,1.9531767405376996,-2,0.0003176330926209084,5.906283044244802
mono-00000315,314.705,1.9531767405376996,-1,0.15859355640129405,4.398114482062766
mono-00000315,314.705,1.9531767405376996,0,0.44190027681037136,1.9531767405376712
mono-00000315,314.705,1.9531767405376996,1,0.0,0.0
mono-00000315,314.705,1.9531767405376996,2,0.0,0.0
mono-00000315,314.705,1.9531767405376996,3,0.0,0.0
mono-00000315,314.705,1.9531767405376996,4,0.0,0.0
mono-00000315,314.705,1.9531767405376996,5,0.0,0.0
mono-00000324,323.681,1.9259413650964774,-5,8.319933407194635e-05,8.90581505174498
mono-00000324,323.681,1.9259413650964774,-4,0.0006575295814766613,8.010582154086265
mono-00000324,323.681,1.9259413650964774,-3,0.0018338351152668248,7.002639580974233
mono-00000324,323.681,1.9259413650964774,-2,0.00047074290187081166,5.823755163788093
mono-00000324,323.681,1.9259413650964774,-1,0.16306035439357744,4.336691635572009
mono-00000324,323.681,1.9259413650964774,0,0.4398898190965077,1.9259413650965058
mono-00000324,323.681,1.9259413650964774,1,0.0,0.0
mono-00000324,323.681,1.9259413650964774,2,0.0,0.0
mono-00000324,323.681,1.9259413650964774,3,0.0,0.0
mono-00000324,323.681,1.9259413650964774,4,0.0,0.0
mono-00000324,323.681,1.9259413650964774,5,0.0,0.0
mono-00000312,311.712,1.9625183708725444,-5,9.196838095357646e-05,9.07552552347272
mono-00000312,311.712,1.9625183708725444,-4,0.0006424570323434572,8.163169937907767
mono-00000312,311.712,1.9625183708725444,-3,0.0016239500393100783,7.135971475986835
mono-00000312,311.712,1.9625183708725444,-2,0.0002746995566694591,5.9345914660535755
mono-00000312,311.712,1.9625183708725444,-1,0.15698597116304241,4.419183219408367
mono-00000312,311.712,1.9625183708725444,0,0.44240494851742446,1.9625183708726013
mono-00000312,311.712,1.9625183708725444,1,0.0,0.0
mono-00000312,311.712,1.9625183708725444,2,0.0,0.0
mono-00000312,311.712,1.9625183708725444,3,0.0,0.0
mono-00000312,311.712,1.9625183708725444,4,0.0,0.0
mono-00000312,311.712,1.9625183708725444,5,0.0,0.0
mono-00000313,312.707,1.9593979599078466,-5,9.126323914021015e-05,9.061046138883341
mono-00000313,312.707,1.9593979599078466,-4,0.000644106303022811,8.150151568101165
mono-00000313,312.707,1.9593979599078466,-3,0.001641579410516686,7.124596089400811
mono-00000313,312.707,1.9593979599078466,-2,0.00028852257980495675,5.92513542900798
mono-00000313,312.707,1.9593979599078466,-1,0.15752345261865097,4.412145516628627
mono-00000313,312.707,1.9593979599078466,0,0.44224182790191335,1.9593979599080313
mono-00000313,312.707,1.9593979599078466,1,0.0,0.0
mono-00000313,312.707,1.9593979599078466,2,0.0,0.0
mono-00000313,312.707,1.9593979599078466,3,0.0,0.0
mono-00000313,312.707,1.9593979599078466,4,0.0,0.0
mono-00000313,312.707,1.9593979599078466,5,0.0,0.0
mono-00000319,318.693,1.9409343593776356,-5,8.690891909242883e-05,8.975375847936249
mono-00000319,318.693,1.9409343593776356,-4,0.0006524354080626955,8.073125144528575
mono-00000319,318.693,1.9409343593776356,-3,0.0017468896148900828,7.057290311063326
mono-00000319,318.693,1.9409343593776356,-2,0.00038111351558704813,5.869185624941451
mono-00000319,318.693,1.9409343593776356,-1,0.16062410046976144,4.370504232373634
mono-00000319,318.693,1.9409343593776356,0,0.44107173284902124,1.9409343593776924
mono-00000319,318.693,1.9409343593776356,1,0.0,0.0
mono-00000319,318.693,1.9409343593776356,2,0.0,0.0
mono-00000319,318.693,1.9409343593776356,3,0.0,0.0
mono-00000319,318.693,1.9409343593776356,4,0.0,0.0
mono-00000319,318.693,1.9409343593776356,5,0.0,0.0
mono-00000318,317.695,1.9439764173268088,-5,8.764604224451544e-05,8.989490296239069
mono-00000318,317.695,1.9439764173268088,-4,0.0006512306058046476,8.085815550902282
mono-00000318,317.695,1.9439764173268088,-3,0.0017294216438307193,7.068379258470159
mono-00000318,317.695,1.9439764173268088,-2,0.0003645475941688773,5.878403670184639
mono-00000318,317.695,1.9439764173268088,-1,0.1601221452345307,4.3773649110392086
mono-00000318,317.695,1.9439764173268088,0,0.4412878407465535,1.9439764173267662
mono-00000318,317.695,1.9439764173268088,1,0.0,0.0
mono-00000318,317.695,1.9439764173268088,2,0.0,0.0
mono-00000318,317.695,1.9439764173268088,3,0.0,0.0
mono-00000318,317.695,1.9439764173268088,4,0.0,0.0
mono-00000318,317.695,1.9439764173268088,5,0.0,0.0
mono-00000321,320.686,1.9349018808059242,-5,8.543609701349709e-05,8.947387194499044
mono-00000321,320.686,1.9349018808059242,-4,0.0006546929645959705,8.047960263896357
mono-00000321,320.686,1.9349018808059242,-3,0.0017817992147352438,7.035301034347313
mono-00000321,320.686,1.9349018808059242,-2,0.00041557560660451,5.850906272795996
mono-00000321,320.686,1.9349018808059242,-1,0.16161785470740506,4.356899480551633
mono-00000321,320.686,1.9349018808059242,0,0.44062941253197624,1.9349018808059526
mono-00000321,320.686,1.9349018808059242,1,0.0,0.0
mono-00000321,320.686,1.9349018808059242,2,0.0,0.0
mono-00000321,320.686,1.9349018808059242,3,0.0,0.0
mono-00000321,320.686,1.9349018808059242,4,0.0,0.0
mono-00000321,320.686,1.9349018808059242,5,0.0,0.0
mono-00000322,321.684,1.9319021598706598,-5,8.46887544518371e-05,8.933469832232987
mono-00000322,321.684,1.9319021598706598,-4,0.000655672964435116,8.035446987378378
mono-00000322,321.684,1.9319021598706598,-3,0.0017990943874565202,7.0243667999811805
mono-00000322,321.684,1.9319021598706598,-2,0.00043348676215558096,5.84181678172213
mono-00000322,321.684,1.9319021598706598,-1,0.1620986841654649,4.350134431309613
mono-00000322,321.684,1.9319021598706598,0,0.44038190402253313,1.9319021598706172
mono-00000322,321.684,1.9319021598706598,1,0.0,0.0
mono-00000322,321.684,1.9319021598706598,2,0.0,0.0
mono-00000322,321.684,1.9319021598706598,3,0.0,0.0
mono-00000322,321.684,1.9319021598706598,4,0.0,0.0
mono-00000322,321.684,1.9319021598706598,5,0.0,0.0
mono-00000323,322.683,1.9289133625203192,-5,8.394256906693525e-05,8.919603364693629
mono-00000323,322.683,1.9289133625203192,-4,0.0006566186557547309,8.02297944740856
mono-00000323,322.683,1.9289133625203192,-3,0.0018164500548763702,7.013472509672624
mono-00000323,322.683,1.9289133625203192,-2,0.0004518869803118974,5.832760477232213
mono-00000323,322.683,1.9289133625203192,-1,0.16257974432999545,4.343394065771534
mono-00000323,322.683,1.9289133625203192,0,0.4401350591410713,1.9289133625203903
mono-00000323,322.683,1.9289133625203192,1,0.0,0.0
mono-00000323,322.683,1.9289133625203192,2,0.0,0.0
mono-00000323,322.683,1.9289133625203192,3,0.0,0.0
mono-00000323,322.683,1.9289133625203192,4,0.0,0.0
mono-00000323,322.683,1.9289133625203192,5,0.0,0.0
mono-00000288,287.775,2.0423907023405263,-5,0.00010384479223149703,9.446232182569517
mono-00000288,287.775,2.0423907023405263,-4,0.0005715725253088723,8.496462161755034
mono-00000288,287.775,2.0423907023405263,-3,0.0011854684680532965,7.42719253680265
mono-00000288,287.775,2.0423907023405263,-2,6.899972497583535e-05,6.176668273771355
mono-00000288,287.775,2.0423907023405263,-1,0.1411253819483043,4.599343942779427
mono-00000288,287.775,2.0423907023405263,0,0.44125474663769376,2.0423907023405974
mono-00000288,287.775,2.0423907023405263,1,0.0,0.0
mono-00000288,287.775,2.0423907023405263,2,0.0,0.0
mono-00000288,287.775,2.0423907023405263,3,0.0,0.0
mono-00000288,287.775,2.0423907023405263,4,0.0,0.0
mono-00000288,287.775,2.0423907023405263,5,0.0,0.0
mono-00000302,301.741,1.9946345793180313,-5,9.863348537023328e-05,9.224565537858766
mono-00000302,301.741,1.9946345793180313,-4,0.0006223063752113622,8.29716983197433
mono-00000302,301.741,1.9946345793180313,-3,0.0014486990354528868,7.253058556852977
mono-00000302,301.741,1.9946345793180313,-2,0.00016071170643306733,6.031921455109128
mono-00000302,301.741,1.9946345793180313,-1,0.15146070612794912,4.491620508478604
mono-00000302,301.741,1.9946345793180313,0,0.44396076335797846,1.9946345793180598
mono-00000302,301.741,1.9946345793180313,1,0.0,0.0
mono-00000302,301.741,1.9946345793180313,2,0.0,0.0
mono-00000302,301.741,1.9946345793180313,3,0.0,0.0
mono-00000302,301.741,1.9946345793180313,4,0.0,0.0
mono-00000302,301.741,1.9946345793180313,5,0.0,0.0
mono-00000320,319.691,1.9379065380546479,-5,8.617312384636693e-05,8.96132767528205
mono-00000320,319.691,1.9379065380546479,-4,0.000653607393800639,8.06049430279468
mono-00000320,319.691,1.9379065380546479,-3,0.0017644144110077265,7.046253389875403
mono-00000320,319.691,1.9379065380546479,-2,0.0003981482137679663,5.860010809179599
mono-00000320,319.691,1.9379065380546479,-1,0.1611262599685296,4.363675711309767
mono-00000320,319.691,1.9379065380546479,0,0.44085703470310067,1.937906538054662
mono-00000320,319.691,1.9379065380546479,1,0.0,0.0
mono-00000320,319.691,1.9379065380546479,2,0.0,0.0
mono-00000320,319.691,1.9379065380546479,3,0.0,0.0
mono-00000320,319.691,1.9379065380546479,4,0.0,0.0
mono-00000320,319.691,1.9379065380546479,5,0.0,0.0
mono-00000326,325.675,1.9200442386736114,-5,8.171049768416927e-05,8.878456491231375
mono-00000326,325.675,1.9200442386736114,-4,0.0006591650630267926,7.985983564980515
mono-00000326,325.675,1.9200442386736114,-3,0.0018684946819789558,6.981144927761605
mono-00000326,325.675,1.9200442386736114,-2,0.0005097959014577186,5.805886803763812
mono-00000326,325.675,1.9200442386736114,-1,0.16400753329944326,4.323392613903792
mono-00000326,325.675,1.9200442386736114,0,0.43938204604968084,1.920044238673583
mono-00000326,325.675,1.9200442386736114,1,0.0,0.0
mono-00000326,325.675,1.9200442386736114,2,0.0,0.0
mono-00000326,325.675,1.9200442386736114,3,0.0,0.0
mono-00000326,325.675,1.9200442386736114,4,0.0,0.0
mono-00000326,325.675,1.9200442386736114,5,0.0,0.0
mono-00000325,324.677,1.9229889777015785,-5,8.245546337690398e-05,8.892117926395017
mono-00000325,324.677,1.9229889777015785,-4,0.0006583717069568078,7.99826682606124
mono-00000325,324.677,1.9229889777015785,-3,0.0018511467582400774,6.991878254219841
mono-00000325,324.677,1.9229889777015785,-2,0.0004900164835836492,5.814809354446382
mono-00000325,324.677,1.9229889777015785,-1,0.16353477038756917,4.330033477083205
mono-00000325,324.677,1.9229889777015785,0,0.4396376664599062,1.9229889777015785
mono-00000325,324.677,1.9229889777015785,1,0.0,0.0
mono-00000325,324.677,1.9229889777015785,2,0.0,0.0
mono-00000325,324.677,1.9229889777015785,3,0.0,0.0
mono-00000325,324.677,1.9229889777015785,4,0.0,0.0
mono-00000325,324.677,1.9229889777015785,5,0.0,0.0
mono-00000338,337.645,1.8857474814319488,-5,7.295667902516046e-05,8.719359727357244
mono-00000338,337.645,1.8857474814319488,-4,0.0006653896005762944,7.842934921661666
mono-00000338,337.645,1.8857474814319488,-3,0.0020779991458812286,6.85614506101048
mono-00000338,337.645,1.8857474814319488,-2,0.0007845811978874302,5.7019738572417396
mono-00000338,337.645,1.8857474814319488,-1,0.16958244579798676,4.246051298476431
mono-00000338,337.645,1.8857474814319488,0,0.436265559587537,1.8857474814320057
mono-00000338,337.645,1.8857474814319488,1,0.0,0.0
mono-00000338,337.645,1.8857474814319488,2,0.0,0.0
mono-00000338,337.645,1.8857474814319488,3,0.0,0.0
mono-00000338,337.645,1.8857474814319488,4,0.0,0.0
mono-00000338,337.645,1.8857474814319488,5,0.0,0.0
mono-00000344,343.628,1.8692796662113267,-5,6.879543560046544e-05,8.642978152455512
mono-00000344,343.628,1.8692796662113267,-4,0.0006665426029652145,7.7742568946465695
mono-00000344,343.628,1.8692796662113267,-3,0.0021844227569496576,6.796131337756407
mono-00000344,343.628,1.8692796662113267,-2,0.0009489738736274635,5.652083340123397
mono-00000344,343.628,1.8692796662113267,-1,0.17236416538704147,4.208917573042527
mono-00000344,343.628,1.8692796662113267,0,0.4347673085309955,1.869279666211341
mono-00000344,343.628,1.8692796662113267,1,0.0,0.0
mono-00000344,343.628,1.8692796662113267,2,0.0,0.0
mono-00000344,343.628,1.8692796662113267,3,0.0,0.0
mono-00000344,343.628,1.8692796662113267,4,0.0,0.0
mono-00000344,343.628,1.8692796662113267,5,0.0,0.0
mono-00000333,332.659,1.899808727404988,-5,7.655205383429891e-05,8.7845840807435
mono-00000333,332.659,1.899808727404988,-4,0.0006635127282870588,7.901580450504667
mono-00000333,332.659,1.899808727404988,-3,0.001990385444162043,6.907391477405085
mono-00000333,332.659,1.899808727404988,-2,0.0006615855310779707,5.744575519636456
mono-00000333,332.659,1.899808727404988,-1,0.16727711395368422,4.277759520942382
mono-00000333,332.659,1.899808727404988,0,0.43756780733751166,1.8998087274049738
mono-00000333,332.659,1.899808727404988,1,0.0,0.0
mono-00000333,332.659,1.899808727404988,2,0.0,0.0
mono-00000333,332.659,1.899808727404988,3,0.0,0.0
mono-00000333,332.659,1.899808727404988,4,0.0,0.0
mono-00000333,332.659,1.899808727404988,5,0.0,0.0
mono-00000335,334.65,1.894156187022773,-5,7.510512231718213e-05,8.758363706977661
mono-00000335,334.65,1.894156187022773,-4,0.0006643717260035956,7.878004843964931
mono-00000335,334.65,1.894156187022773,-3,0.002025275937181553,6.886790381869929
mono-00000335,334.65,1.894156187022773,-2,0.0007092068768400812,5.727449669188033
mono-00000335,334.65,1.894156187022773,-1,0.16819788400148897,4.265012870735134
mono-00000335,334.65,1.894156187022773,0,0.4370444166040687,1.8941561870227162
mono-00000335,334.65,1.894156187022773,1,0.0,0.0
mono-00000335,334.65,1.894156187022773,2,0.0,0.0
mono-00000335,334.65,1.894156187022773,3,0.0,0.0
mono-00000335,334.65,1.894156187022773,4,0.0,0.0
mono-00000335,334.65,1.894156187022773,5,0.0,0.0
mono-00000339,338.64,1.8829786228673697,-5,7.225164779189028e-05,8.706516673117648
mono-00000339,338.64,1.8829786228673697,-4,0.0006656572340787452,7.831387216299433
mono-00000339,338.64,1.8829786228673697,-3,0.002095579285464127,6.846054237942383
mono-00000339,338.64,1.8829786228673697,-2,0.00081062812839149,5.693585207483721
mono-00000339,338.64,1.8829786228673697,-1,0.1700425145148764,4.239807623783804
mono-00000339,338.64,1.8829786228673697,0,0.4360095150301262,1.8829786228673555
mono-00000339,338.64,1.8829786228673697,1,0.0,0.0
mono-00000339,338.64,1.8829786228673697,2,0.0,0.0
mono-00000339,338.64,1.8829786228673697,3,0.0,0.0
mono-00000339,338.64,1.8829786228673697,4,0.0,0.0
mono-00000339,338.64,1.8829786228673697,5,0.0,0.0
mono-00000337,336.643,1.8885481997478877,-5,7.36695940567838e-05,8.73235074173897
mono-00000337,336.643,1.8885481997478877,-4,0.0006650683279930525,7.854615643911188
mono-00000337,336.643,1.8885481997478877,-3,0.002060277563148373,6.866352101407202
mono-00000337,336.643,1.8885481997478877,-2,0.0007588442608591034,5.7104591045251425
mono-00000337,336.643,1.8885481997478877,-1,0.16911628693136743,4.252366857025905
mono-00000337,336.643,1.8885481997478877,0,0.43652026416459866,1.8885481997479303
mono-00000337,336.643,1.8885481997478877,1,0.0,0.0
mono-00000337,336.643,1.8885481997478877,2,0.0,0.0
mono-00000337,336.643,1.8885481997478877,3,0.0,0.0
mono-00000337,336.643,1.8885481997478877,4,0.0,0.0
mono-00000337,336.643,1.8885481997478877,5,0.0,0.0
mono-00000327,326.672,1.9171159168593448,-5,8.096904760413957e-05,8.864871424438348
mono-00000327,326.672,1.9171159168593448,-4,0.0006599233090173496,7.973768945701877
mono-00000327,326.672,1.9171159168593448,-3,0.0018858667481434273,6.970471561624564
mono-00000327,326.672,1.9171159168593448,-2,0.0005300342126557154,5.797014080164928
mono-00000327,326.672,1.9171159168593448,-1,0.1644797735980814,4.316788820557093
mono-00000327,326.672,1.9171159168593448,0,0.43912797739057075,1.917115916859359
mono-00000327,326.672,1.9171159168593448,1,0.0,0.0
mono-00000327,326.672,1.9171159168593448,2,0.0,0.0
mono-00000327,326.672,1.9171159168593448,3,0.0,0.0
mono-00000327,326.672,1.9171159168593448,4,0.0,0.0
mono-00000327,326.672,1.9171159168593448,5,0.0,0.0
mono-00000342,341.629,1.8747336968760067,-5,7.016258456851371e-05,8.668274523347577
mono-00000342,341.629,1.8747336968760067,-4,0.0006662481731074427,7.797002048862865
mono-00000342,341.629,1.8747336968760067,-3,0.0021485622371478705,6.816007070263865
mono-00000342,341.629,1.8747336968760067,-2,0.0008919238269141163,5.668606463804053
mono-00000342,341.629,1.8747336968760067,-1,0.17142418162652007,4.2212158572639
mono-00000342,341.629,1.8747336968760067,0,0.43524754459148535,1.874733696876035
mono-00000342,341.629,1.8747336968760067,1,0.0,0.0
mono-00000342,341.629,1.8747336968760067,2,0.0,0.0
mono-00000342,341.629,1.8747336968760067,3,0.0,0.0
mono-00000342,341.629,1.8747336968760067,4,0.0,0.0
mono-00000342,341.629,1.8747336968760067,5,0.0,0.0
mono-00000328,327.671,1.9141951183919446,-5,8.022800271131006e-05,8.851321462779012
mono-00000328,327.671,1.9141951183919446,-4,0.0006606406387736091,7.961585867891969
mono-00000328,327.671,1.9141951183919446,-3,0.0019032936513213986,6.9598257371105205
mono-00000328,327.671,1.9141951183919446,-2,0.0005507902990805933,5.788164234367272
mono-00000328,327.671,1.9141951183919446,-1,0.16495163324666479,4.310202039435595
mono-00000328,327.671,1.9141951183919446,0,0.4388725852171622,1.9141951183918735
mono-00000328,327.671,1.9141951183919446,1,0.0,0.0
mono-00000328,327.671,1.9141951183919446,2,0.0,0.0
mono-00000328,327.671,1.9141951183919446,3,0.0,0.0
mono-00000328,327.671,1.9141951183919446,4,0.0,0.0
mono-00000328,327.671,1.9141951183919446,5,0.0,0.0
mono-00000341,340.637,1.877458033238483,-5,7.084934363155476e-05,8.680910541856548
mono-00000341,340.637,1.877458033238483,-4,0.000666068991361525,7.808363657708227
mono-00000341,340.637,1.877458033238483,-3,0.0021308896805415775,6.825935326594475
mono-00000341,340.637,1.877458033238483,-2,0.0008644124154195459,5.676860014498573
mono-00000341,340.637,1.877458033238483,-1,0.1709622391956738,4.22735901715896
mono-00000341,340.637,1.877458033238483,0,0.4354939922212696,1.8774580332384119
mono-00000341,340.637,1.877458033238483,1,0.0,0.0
mono-00000341,340.637,1.877458033238483,2,0.0,0.0
mono-00000341,340.637,1.877458033238483,3,0.0,0.0
mono-00000341,340.637,1.877458033238483,4,0.0,0.0
mono-00000341,340.637,1.877458033238483,5,0.0,0.0
mono-00000329,328.667,1.911296340555694,-5,7.94882608897729e-05,8.837873857648304
mono-00000329,328.667,1.911296340555694,-4,0.0006612903273929997,7.949494799177359
mono-00000329,328.667,1.911296340555694,-3,0.001920626046939402,6.9492602924104006
mono-00000329,328.667,1.911296340555694,-2,0.0005719456014045307,5.779381190910144
mono-00000329,328.667,1.911296340555694,-1,0.16541704819100328,4.303664963038642
mono-00000329,328.667,1.911296340555694,0,0.43861108907101726,1.9112963405559782
mono-00000329,328.667,1.911296340555694,1,0.0,0.0
mono-00000329,328.667,1.911296340555694,2,0.0,0.0
mono-00000329,328.667,1.911296340555694,3,0.0,0.0
mono-00000329,328.667,1.911296340555694,4,0.0,0.0
mono-00000329,328.667,1.911296340555694,5,0.0,0.0
mono-00000330,329.662,1.9084135829770048,-5,7.875255666682664e-05,8.824500768720426
mono-00000330,329.662,1.9084135829770048,-4,0.0006619046962429439,7.937470708109913
mono-00000330,329.662,1.9084135829770048,-3,0.0019379774226317606,6.938753354903795
mono-00000330,329.662,1.9084135829770048,-2,0.0005935619198739917,5.770646767469984
mono-00000330,329.662,1.9084135829770048,-1,0.1658818557336873,4.297164058876945
mono-00000330,329.662,1.9084135829770048,0,0.43835104560652566,1.9084135829768911
mono-00000330,329.662,1.9084135829770048,1,0.0,0.0
mono-00000330,329.662,1.9084135829770048,2,0.0,0.0
mono-00000330,329.662,1.9084135829770048,3,0.0,0.0
mono-00000330,329.662,1.9084135829770048,4,0.0,0.0
mono-00000330,329.662,1.9084135829770048,5,0.0,0.0
mono-00000331,330.66,1.90553519714436,-5,7.801857739445629e-05,8.81114815625105
mono-00000331,330.66,1.90553519714436,-4,0.0006624918433838677,7.925465006417852
mono-00000331,330.66,1.90553519714436,-3,0.0019554350223529586,6.928262467235612
mono-00000331,330.66,1.90553519714436,-2,0.0006157346405386354,5.76192566942801
mono-00000331,330.66,1.90553519714436,-1,0.16634902265608903,4.290673057860062
mono-00000331,330.66,1.90553519714436,0,0.43809310171079024,1.9055351971442605
mono-00000331,330.66,1.90553519714436,1,0.0,0.0
mono-00000331,330.66,1.90553519714436,2,0.0,0.0
mono-00000331,330.66,1.90553519714436,3,0.0,0.0
mono-00000331,330.66,1.90553519714436,4,0.0,0.0
mono-00000331,330.66,1.90553519714436,5,0.0,0.0
mono-00000349,348.613,1.8558833848759235,-5,6.550993412354505e-05,8.580847700433651
mono-00000349,348.613,1.8558833848759235,-4,0.0006670131829881927,7.718392168902568
mono-00000349,348.613,1.8558833848759235,-3,0.002275647561804156,6.747313956800582
mono-00000349,348.613,1.8558833848759235,-2,0.0011010081748820402,5.61150015122891
mono-00000349,348.613,1.8558833848759235,-1,0.17478066519225488,4.178710983098526
mono-00000349,348.613,1.8558833848759235,0,0.4336969748831362,1.8558833848759946
mono-00000349,348.613,1.8558833848759235,1,0.0,0.0
mono-00000349,348.613,1.8558833848759235,2,0.0,0.0
mono-00000349,348.613,1.8558833848759235,3,0.0,0.0
mono-00000349,348.613,1.8558833848759235,4,0.0,0.0
mono-00000349,348.613,1.8558833848759235,5,0.0,0.0
mono-00000358,357.567,1.8325275886071495,-5,5.9980724479691847e-05,8.472535973628283
mono-00000358,357.567,1.8325275886071495,-4,0.0006649681978433857,7.621002372257294
mono-00000358,357.567,1.8325275886071495,-3,0.0024416230724243226,6.662208934041772
mono-00000358,357.567,1.8325275886071495,-2,0.0014108666849502894,5.5407492335849895
mono-00000358,357.567,1.8325275886071495,-1,0.17922436350583607,4.126049423236665
mono-00000358,357.567,1.8325275886071495,0,0.43216865194966325,1.8325275886071353
mono-00000358,357.567,1.8325275886071495,1,0.0,0.0
mono-00000358,357.567,1.8325275886071495,2,0.0,0.0
mono-00000358,357.567,1.8325275886071495,3,0.0,0.0
mono-00000358,357.567,1.8325275886071495,4,0.0,0.0
mono-00000358,357.567,1.8325275886071495,5,0.0,0.0
mono-00000347,346.618,1.861209934609363,-5,6.679292073399314e-05,8.60555114601894
mono-00000347,346.618,1.861209934609363,-4,0.0006667235101442781,7.740604378046015
mono-00000347,346.618,1.861209934609363,-3,0.0022382892970286266,6.766724140548945
mono-00000347,346.618,1.861209934609363,-2,0.00103825037373783,5.6276363964856415
mono-00000347,346.618,1.861209934609363,-1,0.17377118443589243,4.190721435477897
mono-00000347,346.618,1.861209934609363,0,0.43405958198741357,1.8612099346094055
mono-00000347,346.618,1.861209934609363,1,0.0,0.0
mono-00000347,346.618,1.861209934609363,2,0.0,0.0
mono-00000347,346.618,1.861209934609363,3,0.0,0.0
mono-00000347,346.618,1.861209934609363,4,0.0,0.0
mono-00000347,346.618,1.861209934609363,5,0.0,0.0
mono-00000348,347.615,1.8585422700715952,-5,6.614644283488885e-05,8.593178983254646
mono-00000348,347.615,1.8585422700715952,-4,0.0006668532325533163,7.72947990375053
mono-00000348,347.615,1.8585422700715952,-3,0.0022568229735848706,6.7570030042617475
mono-00000348,347.615,1.8585422700715952,-2,0.0010692904638751586,5.61955494268588
mono-00000348,347.615,1.8585422700715952,-1,0.17426906669607858,4.184706292838584
mono-00000348,347.615,1.8585422700715952,0,0.4338682615514636,1.8585422700715242
mono-00000348,347.615,1.8585422700715952,1,0.0,0.0
mono-00000348,347.615,1.8585422700715952,2,0.0,0.0
mono-00000348,347.615,1.8585422700715952,3,0.0,0.0
mono-00000348,347.615,1.8585422700715952,4,0.0,0.0
mono-00000348,347.615,1.8585422700715952,5,0.0,0.0
mono-00000350,349.61,1.853238525880414,-5,6.48789692713017e-05,8.568581628919631
mono-00000350,349.61,1.853238525880414,-4,0.0006671248014093399,7.7073630514261
mono-00000350,349.61,1.853238525880414,-3,0.002294445843259177,6.737676116477786
mono-00000350,349.61,1.853238525880414,-2,0.0011332308921147745,5.603487915932817
mono-00000350,349.61,1.853238525880414,-1,0.17528954597296986,4.1727473364550605
mono-00000350,349.61,1.853238525880414,0,0.4335232274943008,1.8532385258804993
mono-00000350,349.61,1.853238525880414,1,0.0,0.0
mono-00000350,349.61,1.853238525880414,2,0.0,0.0
mono-00000350,349.61,1.853238525880414,3,0.0,0.0
mono-00000350,349.61,1.853238525880414,4,0.0,0.0
mono-00000350,349.61,1.853238525880414,5,0.0,0.0
mono-00000351,350.607,1.8506049424590145,-5,6.425351389074508e-05,8.556368009585753
mono-00000351,350.607,1.8506049424590145,-4,0.0006671920515182928,7.696381079149333
mono-00000351,350.607,1.8506049424590145,-3,0.0023132471452263527,6.728079458537692
mono-00000351,350.607,1.8506049424590145,-2,0.0011659973344133163,5.595509903125929
mono-00000351,350.607,1.8506049424590145,-1,0.17579687621295773,4.166809150202056
mono-00000351,350.607,1.8506049424590145,0,0.433347919085046,1.8506049424590287
mono-00000351,350.607,1.8506049424590145,1,0.0,0.0
mono-00000351,350.607,1.8506049424590145,2,0.0,0.0
mono-00000351,350.607,1.8506049424590145,3,0.0,0.0
mono-00000351,350.607,1.8506049424590145,4,0.0,0.0
mono-00000351,350.607,1.8506049424590145,5,0.0,0.0
mono-00000357,356.574,1.8350743598132624,-5,6.0573823541476324e-05,8.48434593654531
mono-00000357,356.574,1.8350743598132624,-4,0.0006654905626794208,7.6316215093093405
mono-00000357,356.574,1.8350743598132624,-3,0.0024234897864369364,6.671488629677626
mono-00000357,356.574,1.8350743598132624,-2,0.0013742516792102477,5.548463835805222
mono-00000357,356.574,1.8350743598132624,-1,0.17874426253374845,4.131791627253193
mono-00000357,356.574,1.8350743598132624,0,0.4323383871801002,1.8350743598131771
mono-00000357,356.574,1.8350743598132624,1,0.0,0.0
mono-00000357,356.574,1.8350743598132624,2,0.0,0.0
mono-00000357,356.574,1.8350743598132624,3,0.0,0.0
mono-00000357,356.574,1.8350743598132624,4,0.0,0.0
mono-00000357,356.574,1.8350743598132624,5,0.0,0.0
mono-00000336,335.648,1.891341737160161,-5,7.438288153577071e-05,8.745308630508802
mono-00000336,335.648,1.891341737160161,-4,0.0006647234245638054,7.866266561564359
mono-00000336,335.648,1.891341737160161,-3,0.0020427400103393946,6.876533079527633
mono-00000336,335.648,1.891341737160161,-2,0.0007337992658453407,5.718922670191262
mono-00000336,335.648,1.891341737160161,-1,0.16865501567001967,4.258666264217311
mono-00000336,335.648,1.891341737160161,0,0.43677703469465107,1.8913417371600616
mono-00000336,335.648,1.891341737160161,1,0.0,0.0
mono-00000336,335.648,1.891341737160161,2,0.0,0.0
mono-00000336,335.648,1.891341737160161,3,0.0,0.0
mono-00000336,335.648,1.891341737160161,4,0.0,0.0
mono-00000336,335.648,1.891341737160161,5,0.0,0.0
mono-00000340,339.636,1.8802191607153276,-5,7.154948752437722e-05,8.693717380946197
mono-00000340,339.636,1.8802191607153276,-4,0.0006658778801807769,7.819878839626526
mono-00000340,339.636,1.8802191607153276,-3,0.002113169147102942,6.83599776432122
mono-00000340,339.636,1.8802191607153276,-2,0.0008371949956576386,5.685225097643922
mono-00000340,339.636,1.8802191607153276,-1,0.17050085782558233,4.233585177971548
mono-00000340,339.636,1.8802191607153276,0,0.4357511508614676,1.880219160715356
mono-00000340,339.636,1.8802191607153276,1,0.0,0.0
mono-00000340,339.636,1.8802191607153276,2,0.0,0.0
mono-00000340,339.636,1.8802191607153276,3,0.0,0.0
mono-00000340,339.636,1.8802191607153276,4,0.0,0.0
mono-00000340,339.636,1.8802191607153276,5,0.0,0.0
mono-00000343,342.625,1.872010272113414,-5,6.947871377165195e-05,8.655642905180343
mono-00000343,342.625,1.872010272113414,-4,0.0006664136758667784,7.785644377641617
mono-00000343,342.625,1.872010272113414,-3,0.0021664199049305903,6.806082237897954
mono-00000343,342.625,1.872010272113414,-2,0.0009200887461873967,5.660355744720519
mono-00000343,342.625,1.872010272113414,-1,0.17189280031461268,4.215074791986723
mono-00000343,342.625,1.872010272113414,0,0.4350080510231332,1.872010272113485
mono-00000343,342.625,1.872010272113414,1,0.0,0.0
mono-00000343,342.625,1.872010272113414,2,0.0,0.0
mono-00000343,342.625,1.872010272113414,3,0.0,0.0
mono-00000343,342.625,1.872010272113414,4,0.0,0.0
mono-00000343,342.625,1.872010272113414,5,0.0,0.0
mono-00000355,354.587,1.8402025116049288,-5,6.178049955023621e-05,8.508126801044725
mono-00000355,354.587,1.8402025116049288,-4,0.0006663832141968856,7.653004445142429
mono-00000355,354.587,1.8402025116049288,-3,0.002387085857983751,6.690174391941824
mono-00000355,354.587,1.8402025116049288,-2,0.0013026038546908114,5.563998059355953
mono-00000355,354.587,1.8402025116049288,-1,0.1777750229129414,4.143354170410731
mono-00000355,354.587,1.8402025116049288,0,0.4326684502055318,1.8402025116051988
mono-00000355,354.587,1.8402025116049288,1,0.0,0.0
mono-00000355,354.587,1.8402025116049288,2,0.0,0.0
mono-00000355,354.587,1.8402025116049288,3,0.0,0.0
mono-00000355,354.587,1.8402025116049288,4,0.0,0.0
mono-00000355,354.587,1.8402025116049288,5,0.0,0.0
mono-00000345,344.624,1.8665799073486369,-5,6.812261363591625e-05,8.630456640198972
mono-00000345,344.624,1.8665799073486369,-4,0.0006666346520528032,7.76299818734654
mono-00000345,344.624,1.8665799073486369,-3,0.002202322972071158,6.786292951021011
mono-00000345,344.624,1.8665799073486369,-2,0.000978179998763923,5.643904455845117
mono-00000345,344.624,1.8665799073486369,-1,0.17283193963539276,4.202829949269571
mono-00000345,344.624,1.8665799073486369,0,0.4345290566275679,1.866579907348651
mono-00000345,344.624,1.8665799073486369,1,0.0,0.0
mono-00000345,344.624,1.8665799073486369,2,0.0,0.0
mono-00000345,344.624,1.8665799073486369,3,0.0,0.0
mono-00000345,344.624,1.8665799073486369,4,0.0,0.0
mono-00000345,344.624,1.8665799073486369,5,0.0,0.0
mono-00000346,345.62,1.863891812374277,-5,6.745483400366284e-05,8.61798939249745
mono-00000346,345.62,1.863891812374277,-4,0.0006666836781754531,7.751788253589879
mono-00000346,345.62,1.863891812374277,-3,0.002220223650418907,6.776497168474151
mono-00000346,345.62,1.863891812374277,-2,0.001007900687548141,5.635760975059384
mono-00000346,345.62,1.863891812374277,-1,0.1732982230856518,4.196768664063612
mono-00000346,345.62,1.863891812374277,0,0.4342897691493218,1.863891812374348
mono-00000346,345.62,1.863891812374277,1,0.0,0.0
mono-00000346,345.62,1.863891812374277,2,0.0,0.0
mono-00000346,345.62,1.863891812374277,3,0.0,0.0
mono-00000346,345.62,1.863891812374277,4,0.0,0.0
mono-00000346,345.62,1.863891812374277,5,0.0,0.0
mono-00000352,351.603,1.8479851794182167,-5,6.363444071074173e-05,8.544218641832842
mono-00000352,351.603,1.8479851794182167,-4,0.0006672103810864764,7.6854568618720975
mono-00000352,351.603,1.8479851794182167,-3,0.0023320318286544424,6.718533254659135
mono-00000352,351.603,1.8479851794182167,-2,0.0011992923574670538,5.58757382087056
mono-00000352,351.603,1.8479851794182167,-1,0.17630276492418515,4.1609021617848185
mono-00000352,351.603,1.8479851794182167,0,0.43317373162027056,1.8479851794182167
mono-00000352,351.603,1.8479851794182167,1,0.0,0.0
mono-00000352,351.603,1.8479851794182167,2,0.0,0.0
mono-00000352,351.603,1.8479851794182167,3,0.0,0.0
mono-00000352,351.603,1.8479851794182167,4,0.0,0.0
mono-00000352,351.603,1.8479851794182167,5,0.0,0.0
mono-00000354,353.595,1.8427788583765334,-5,6.239460149140695e-05,8.52007436310997
mono-00000354,353.595,1.8427788583765334,-4,0.0006667762445814495,7.6637472574057455
mono-00000354,353.595,1.8427788583765334,-3,0.0023689372067155923,6.699562118842493
mono-00000354,353.595,1.8427788583765334,-2,0.00126767896158822,5.571802433802262
mono-00000354,353.595,1.8427788583765334,-1,0.1772912223476681,4.149163160591499
mono-00000354,353.595,1.8427788583765334,0,0.43283484778206527,1.842778858376576
mono-00000354,353.595,1.8427788583765334,1,0.0,0.0
mono-00000354,353.595,1.8427788583765334,2,0.0,0.0
mono-00000354,353.595,1.8427788583765334,3,0.0,0.0
mono-00000354,353.595,1.8427788583765334,4,0.0,0.0
mono-00000354,353.595,1.8427788583765334,5,0.0,0.0
mono-00000353,352.599,1.845376510752402,-5,6.30185993126713e-05,8.532120881115077
mono-00000353,352.599,1.845376510752402,-4,0.0006671339422304988,7.674579030404885
mono-00000353,352.599,1.845376510752402,-3,0.0023507272149911685,6.709027570038785
mono-00000353,352.599,1.845376510752402,-2,0.001233171207759293,5.579671410240877
mono-00000353,352.599,1.845376510752402,-1,0.17680512617252334,4.155020224102017
mono-00000353,352.599,1.845376510752402,0,0.4330022468424972,1.8453765107521036
mono-00000353,352.599,1.845376510752402,1,0.0,0.0
mono-00000353,352.599,1.845376510752402,2,0.0,0.0
mono-00000353,352.599,1.845376510752402,3,0.0,0.0
mono-00000353,352.599,1.845376510752402,4,0.0,0.0
mono-00000353,352.599,1.845376510752402,5,0.0,0.0
mono-00000359,358.558,1.8299964890600364,-5,5.9391729480421484e-05,8.460798829494053
mono-00000359,358.558,1.8299964890600364,-4,0.0006643263995815562,7.610448695492934
mono-00000359,358.558,1.8299964890600364,-3,0.002459383181766582,6.652986427580856
mono-00000359,358.558,1.8299964890600364,-2,0.0014477927146714512,5.5330821626135105
mono-00000359,358.558,1.8299964890600364,-1,0.17968514052257048,4.12034258714435
mono-00000359,358.558,1.8299964890600364,0,0.43197400584481016,1.8299964890601075
mono-00000359,358.558,1.8299964890600364,1,0.0,0.0
mono-00000359,358.558,1.8299964890600364,2,0.0,0.0
mono-00000359,358.558,1.8299964890600364,3,0.0,0.0
mono-00000359,358.558,1.8299964890600364,4,0.0,0.0
mono-00000359,358.558,1.8299964890600364,5,0.0,0.0
mono-00000356,355.578,1.8376395213361292,-5,6.11747759115552e-05,8.496241328448448
mono-00000356,355.578,1.8376395213361292,-4,0.0006659560076970855,7.642317444988407
mono-00000356,355.578,1.8376395213361292,-3,0.002405235078744803,6.680835422359351
mono-00000356,355.578,1.8376395213361292,-2,0.0013380552074823832,5.556234205833064
mono-00000356,355.578,1.8376395213361292,-1,0.17825846804075518,4.137575329667058
mono-00000356,355.578,1.8376395213361292,0,0.4325034062956466,1.8376395213359444
mono-00000356,355.578,1.8376395213361292,1,0.0,0.0
mono-00000356,355.578,1.8376395213361292,2,0.0,0.0
mono-00000356,355.578,1.8376395213361292,3,0.0,0.0
mono-00000356,355.578,1.8376395213361292,4,0.0,0.0
mono-00000356,355.578,1.8376395213361292,5,0.0,0.0
mono-00000360,359.554,1.8274631572508184,-5,5.8805089306829297e-05,8.449051479214432
mono-00000360,359.554,1.8274631572508184,-4,0.0006635944786636638,7.599885825720676
mono-00000360,359.554,1.8274631572508184,-3,0.002477026732799714,6.6437558734016875
mono-00000360,359.554,1.8274631572508184,-2,0.001485356045828543,5.525408388739876
mono-00000360,359.554,1.8274631572508184,-1,0.18013703695581182,4.114630750936641
mono-00000360,359.554,1.8274631572508184,0,0.43176366044531317,1.827463157250861
mono-00000360,359.554,1.8274631572508184,1,0.0,0.0
mono-00000360,359.554,1.8274631572508184,2,0.0,0.0
mono-00000360,359.554,1.8274631572508184,3,0.0,0.0
mono-00000360,359.554,1.8274631572508184,4,0.0,0.0
mono-00000360,359.554,1.8274631572508184,5,0.0,0.0
mono-00000370,369.487,1.8027609883673534,-5,5.339389622385254e-05,8.33451226149073
mono-00000370,369.487,1.8027609883673534,-4,0.0006534837692380242,7.4968947182204175
mono-00000370,369.487,1.8027609883673534,-3,0.0026490547362577064,6.553754494053678
mono-00000370,369.487,1.8027609883673534,-2,0.0018885301451033914,5.450585552648064
mono-00000370,369.487,1.8027609883673534,-1,0.18443810295048133,4.058937141884343
mono-00000370,369.487,1.8027609883673534,0,0.4294493198158292,1.8027609883670692
mono-00000370,369.487,1.8027609883673534,1,0.0,0.0
mono-00000370,369.487,1.8027609883673534,2,0.0,0.0
mono-00000370,369.487,1.8027609883673534,3,0.0,0.0
mono-00000370,369.487,1.8027609883673534,4,0.0,0.0
mono-00000370,369.487,1.8027609883673534,5,0.0,0.0
mono-00000332,331.66,1.902664066870031,-5,7.728385509048962e-05,8.797829396538134
mono-00000332,331.66,1.902664066870031,-4,0.0006630266318906761,7.91348972126336
mono-00000332,331.66,1.902664066870031,-3,0.001972919598669747,6.917798139192499
mono-00000332,331.66,1.902664066870031,-2,0.0006384300301362633,5.753226633721184
mono-00000332,331.66,1.902664066870031,-1,0.16681441702485206,4.284198462889705
mono-00000332,331.66,1.902664066870031,0,0.43783142422752896,1.9026640668700594
mono-00000332,331.66,1.902664066870031,1,0.0,0.0
mono-00000332,331.66,1.902664066870031,2,0.0,0.0
mono-00000332,331.66,1.902664066870031,3,0.0,0.0
mono-00000332,331.66,1.902664066870031,4,0.0,0.0
mono-00000332,331.66,1.902664066870031,5,0.0,0.0
mono-00000334,333.655,1.896974721533141,-5,7.582643515067805e-05,8.771437916633815
mono-00000334,333.655,1.896974721533141,-4,0.0006639621350438661,7.889760309229658
mono-00000334,333.655,1.896974721533141,-3,0.0020078302732856115,6.897062680895445
mono-00000334,333.655,1.896974721533141,-2,0.0006851636869802127,5.735989119076891
mono-00000334,333.655,1.896974721533141,-1,0.16773820758735403,4.271368730375642
mono-00000334,333.655,1.896974721533141,0,0.43730607627247686,1.8969747215331267
mono-00000334,333.655,1.896974721533141,1,0.0,0.0
mono-00000334,333.655,1.896974721533141,2,0.0,0.0
mono-00000334,333.655,1.896974721533141,3,0.0,0.0
mono-00000334,333.655,1.896974721533141,4,0.0,0.0
mono-00000334,333.655,1.896974721533141,5,0.0,0.0
mono-00000361,360.546,1.824950428327952,-5,5.822827820404071e-05,8.437399810214188
mono-00000361,360.546,1.824950428327952,-4,0.0006628131467144744,7.589408973975537
mono-00000361,360.546,1.824950428327952,-3,0.0024945325010859894,6.63460047355845
mono-00000361,360.546,1.824950428327952,-2,0.0015232892753968522,5.517797081718001
mono-00000361,360.546,1.824950428327952,-1,0.1805833651079728,4.108965400015876
mono-00000361,360.546,1.824950428327952,0,0.4315501528793292,1.8249504283279663
mono-00000361,360.546,1.824950428327952,1,0.0,0.0
mono-00000361,360.546,1.824950428327952,2,0.0,0.0
mono-00000361,360.546,1.824950428327952,3,0.0,0.0
mono-00000361,360.546,1.824950428327952,4,0.0,0.0
mono-00000361,360.546,1.824950428327952,5,0.0,0.0
mono-00000362,361.542,1.8224379663672323,-5,5.7656927186662535e-05,8.42574952165512
mono-00000362,361.542,1.8224379663672323,-4,0.0006619826246529325,7.578933347824886
mono-00000362,361.542,1.8224379663672323,-3,0.002512071541822082,6.625446130736449
mono-00000362,361.542,1.8224379663672323,-2,0.0015619152030188618,5.51018664119637
mono-00000362,361.542,1.8224379663672323,-1,0.18102937553817905,4.10330068332496
mono-00000362,361.542,1.8224379663672323,0,0.4313340454539592,1.822437966367147
mono-00000362,361.542,1.8224379663672323,1,0.0,0.0
mono-00000362,361.542,1.8224379663672323,2,0.0,0.0
mono-00000362,361.542,1.8224379663672323,3,0.0,0.0
mono-00000362,361.542,1.8224379663672323,4,0.0,0.0
mono-00000362,361.542,1.8224379663672323,5,0.0,0.0
mono-00000366,365.514,1.812520614623537,-5,5.5458087568542895e-05,8.379764139599004
mono-00000366,365.514,1.812520614623537,-4,0.0006581438749011171,7.537584376550342
mono-00000366,365.514,1.812520614623537,-3,0.0025812141025027876,6.5893123398168
mono-00000366,365.514,1.812520614623537,-2,0.0017210939709473504,5.4801467831933905
mono-00000366,365.514,1.812520614623537,-1,0.18276579264354398,4.080940863285562
mono-00000366,365.514,1.812520614623537,0,0.43042563070980505,1.812520614623537
mono-00000366,365.514,1.812520614623537,1,0.0,0.0
mono-00000366,365.514,1.812520614623537,2,0.0,0.0
mono-00000366,365.514,1.812520614623537,3,0.0,0.0
mono-00000366,365.514,1.812520614623537,4,0.0,0.0
mono-00000366,365.514,1.812520614623537,5,0.0,0.0
mono-00000365,364.52,1.8149872537765077,-5,5.5998642789206805e-05,8.391201396126633
mono-00000365,364.52,1.8149872537765077,-4,0.0006592229329271203,7.547868510632611
mono-00000365,364.52,1.8149872537765077,-3,0.0025641995294276793,6.598299397469702
mono-00000365,364.52,1.8149872537765077,-2,0.001680583522336479,5.487618199013198
mono-00000365,364.52,1.8149872537765077,-1,0.1823458974758893,4.086502140586063
mono-00000365,364.52,1.8149872537765077,0,0.43067147000249467,1.8149872537765646
mono-00000365,364.52,1.8149872537765077,1,0.0,0.0
mono-00000365,364.52,1.8149872537765077,2,0.0,0.0
mono-00000365,364.52,1.8149872537765077,3,0.0,0.0
mono-00000365,364.52,1.8149872537765077,4,0.0,0.0
mono-00000365,364.52,1.8149872537765077,5,0.0,0.0
mono-00000364,363.525,1.8174664876554516,-5,5.6545932711579176e-05,8.402697189238935
mono-00000364,363.525,1.8174664876554516,-4,0.0006602184257427431,7.558205264425027
mono-00000364,363.525,1.8174664876554516,-3,0.002546950603666721,6.607332424713221
mono-00000364,363.525,1.8174664876554516,-2,0.0016404685849033538,5.4951278199509375
mono-00000364,363.525,1.8174664876554516,-1,0.18191468002531713,4.09209184513432
mono-00000364,363.525,1.8174664876554516,0,0.4309037092740815,1.8174664876553948
mono-00000364,363.525,1.8174664876554516,1,0.0,0.0
mono-00000364,363.525,1.8174664876554516,2,0.0,0.0
mono-00000364,363.525,1.8174664876554516,3,0.0,0.0
mono-00000364,363.525,1.8174664876554516,4,0.0,0.0
mono-00000364,363.525,1.8174664876554516,5,0.0,0.0
mono-00000374,373.463,1.793150142904537,-5,5.147926363429637e-05,8.28995230187455
mono-00000374,373.463,1.793150142904537,-4,0.000648113162852137,7.456826992296499
mono-00000374,373.463,1.793150142904537,-3,0.0027158919284094294,6.518739938389004
mono-00000374,373.463,1.793150142904537,-2,0.0020644855422731457,5.421475811222081
mono-00000374,373.463,1.793150142904537,-1,0.18606505376736465,4.037269327309247
mono-00000374,373.463,1.793150142904537,0,0.42843060040998104,1.7931501429046222
mono-00000374,373.463,1.793150142904537,1,0.0,0.0
mono-00000374,373.463,1.793150142904537,2,0.0,0.0
mono-00000374,373.463,1.793150142904537,3,0.0,0.0
mono-00000374,373.463,1.793150142904537,4,0.0,0.0
mono-00000374,373.463,1.793150142904537,5,0.0,0.0
mono-00000367,366.51,1.810059072158424,-5,5.492618064006236e-05,8.368350651262787
mono-00000367,366.51,1.810059072158424,-4,0.0006570298933345448,7.527321599372655
mono-00000367,366.51,1.810059072158424,-3,0.0025982553421211407,6.580343932103347
mono-00000367,366.51,1.810059072158424,-2,0.0017622429935512081,5.47269086036485
mono-00000367,366.51,1.810059072158424,-1,0.1831863321009017,4.075391107802375
mono-00000367,366.51,1.810059072158424,0,0.4301804870194221,1.8100590721584666
mono-00000367,366.51,1.810059072158424,1,0.0,0.0
mono-00000367,366.51,1.810059072158424,2,0.0,0.0
mono-00000367,366.51,1.810059072158424,3,0.0,0.0
mono-00000367,366.51,1.810059072158424,4,0.0,0.0
mono-00000367,366.51,1.810059072158424,5,0.0,0.0
mono-00000363,362.537,1.8199383598261534,-5,5.709522945654098e-05,8.414158984913115
mono-00000363,362.537,1.8199383598261534,-4,0.0006611195163774809,7.568511433385069
mono-00000363,362.537,1.8199383598261534,-3,0.0025295958678119017,6.6163387111442375
mono-00000363,362.537,1.8199383598261534,-2,0.001601064630433262,5.502615198048247
mono-00000363,362.537,1.8199383598261534,-1,0.18147487727761794,4.097664983103741
mono-00000363,362.537,1.8199383598261534,0,0.4311193332207177,1.819938359826054
mono-00000363,362.537,1.8199383598261534,1,0.0,0.0
mono-00000363,362.537,1.8199383598261534,2,0.0,0.0
mono-00000363,362.537,1.8199383598261534,3,0.0,0.0
mono-00000363,362.537,1.8199383598261534,4,0.0,0.0
mono-00000363,362.537,1.8199383598261534,5,0.0,0.0
mono-00000371,370.482,1.800341368979872,-5,5.2899829736789784e-05,8.323293685285549
mono-00000371,370.482,1.800341368979872,-4,0.0006521989113767276,7.486807144239037
mono-00000371,370.482,1.800341368979872,-3,0.0026658522831034654,6.544939140761528
mono-00000371,370.482,1.800341368979872,-2,0.001931754471007873,5.44325682699251
mono-00000371,370.482,1.800341368979872,-1,0.1848480180562723,4.053482024923682
mono-00000371,370.482,1.800341368979872,0,0.4291958835987739,1.8003413689797583
mono-00000371,370.482,1.800341368979872,1,0.0,0.0
mono-00000371,370.482,1.800341368979872,2,0.0,0.0
mono-00000371,370.482,1.800341368979872,3,0.0,0.0
mono-00000371,370.482,1.800341368979872,4,0.0,0.0
mono-00000371,370.482,1.800341368979872,5,0.0,0.0
mono-00000375,374.457,1.7907713532133016,-5,5.102643490337114e-05,8.278923539660695
mono-00000375,374.457,1.7907713532133016,-4,0.0006466829388907353,7.446910040496476
mono-00000375,374.457,1.7907713532133016,-3,0.0027325228964118022,6.510073639066775
mono-00000375,374.457,1.7907713532133016,-2,0.002109851418884967,5.414270959392667
mono-00000375,374.457,1.7907713532133016,-1,0.18646929632666015,4.031906377306115
mono-00000375,374.457,1.7907713532133016,0,0.42817620795514366,1.7907713532133016
mono-00000375,374.457,1.7907713532133016,1,0.0,0.0
mono-00000375,374.457,1.7907713532133016,2,0.0,0.0
mono-00000375,374.457,1.7907713532133016,3,0.0,0.0
mono-00000375,374.457,1.7907713532133016,4,0.0,0.0
mono-00000375,374.457,1.7907713532133016,5,0.0,0.0
mono-00000372,371.476,1.7979338833018375,-5,5.24162035050066e-05,8.312131496454342
mono-00000372,371.476,1.7979338833018375,-4,0.0006508759789056407,7.476770258718119
mono-00000372,371.476,1.7979338833018375,-3,0.0026825833378180974,6.53616807052515
mono-00000372,371.476,1.7979338833018375,-2,0.00197547080147229,5.435964905345003
mono-00000372,371.476,1.7979338833018375,-1,0.18525548948327664,4.048054293180016
mono-00000372,371.476,1.7979338833018375,0,0.4289413717202851,1.7979338833018375
mono-00000372,371.476,1.7979338833018375,1,0.0,0.0
mono-00000372,371.476,1.7979338833018375,2,0.0,0.0
mono-00000372,371.476,1.7979338833018375,3,0.0,0.0
mono-00000372,371.476,1.7979338833018375,4,0.0,0.0
mono-00000372,371.476,1.7979338833018375,5,0.0,0.0
mono-00000373,372.471,1.7955336224935223,-5,5.1941961219926574e-05,8.301002933670304
mono-00000373,372.471,1.7955336224935223,-4,0.0006495112211909892,7.4667635951788185
mono-00000373,372.471,1.7955336224935223,-3,0.0026992818358472833,6.52742339819325
mono-00000373,372.471,1.7955336224935223,-2,0.002019771439615394,5.428694918845707
mono-00000373,372.471,1.7955336224935223,-1,0.18566150779209434,4.042642879168682
mono-00000373,372.471,1.7955336224935223,0,0.4286856515634992,1.7955336224935365
mono-00000373,372.471,1.7955336224935223,1,0.0,0.0
mono-00000373,372.471,1.7955336224935223,2,0.0,0.0
mono-00000373,372.471,1.7955336224935223,3,0.0,0.0
mono-00000373,372.471,1.7955336224935223,4,0.0,0.0
mono-00000373,372.471,1.7955336224935223,5,0.0,0.0
mono-00000377,376.44,1.786053885307794,-5,5.015431784179402e-05,8.257052354221415
mono-00000377,376.44,1.786053885307794,-4,0.0006437148015293235,7.427243650336521
mono-00000377,376.44,1.786053885307794,-3,0.0027655420428383468,6.492887391947804
mono-00000377,376.44,1.786053885307794,-2,0.0022019679950870973,5.399982895320022
mono-00000377,376.44,1.786053885307794,-1,0.1872699496837536,4.021270992127967
mono-00000377,376.44,1.786053885307794,0,0.4276654014970791,1.7860538853077657
mono-00000377,376.44,1.786053885307794,1,0.0,0.0
mono-00000377,376.44,1.786053885307794,2,0.0,0.0
mono-00000377,376.44,1.786053885307794,3,0.0,0.0
mono-00000377,376.44,1.786053885307794,4,0.0,0.0
mono-00000377,376.44,1.786053885307794,5,0.0,0.0
mono-00000368,367.497,1.8076296392988667,-5,5.4408845218098905e-05,8.35708617925718
mono-00000368,367.497,1.8076296392988667,-4,0.0006558943452242668,7.517192800043176
mono-00000368,367.497,1.8076296392988667,-3,0.0026151358256398115,6.571492591531566
mono-00000368,367.497,1.8076296392988667,-2,0.0018035722544684901,5.46533225035526
mono-00000368,367.497,1.8076296392988667,-1,0.1836029222082658,4.069913776304517
mono-00000368,367.497,1.8076296392988667,0,0.42993873843634467,1.8076296392987956
mono-00000368,367.497,1.8076296392988667,1,0.0,0.0
mono-00000368,367.497,1.8076296392988667,2,0.0,0.0
mono-00000368,367.497,1.8076296392988667,3,0.0,0.0
mono-00000368,367.497,1.8076296392988667,4,0.0,0.0
mono-00000368,367.497,1.8076296392988667,5,0.0,0.0
mono-00000389,388.364,1.7584524803980202,-5,4.5845334566044e-05,8.129096172767873
mono-00000389,388.364,1.7584524803980202,-4,0.0006229800941212919,7.31218542654058
mono-00000389,388.364,1.7584524803980202,-3,0.0029602687412000387,6.3923382835795906
mono-00000389,388.364,1.7584524803980202,-2,0.002802106580677265,5.316388927362624
mono-00000389,388.364,1.7584524803980202,-1,0.19197118209053338,3.959046704777151
mono-00000389,388.364,1.7584524803980202,0,0.4245635007370434,1.7584524803980202
mono-00000389,388.364,1.7584524803980202,1,0.0,0.0
mono-00000389,388.364,1.7584524803980202,2,0.0,0.0
mono-00000389,388.364,1.7584524803980202,3,0.0,0.0
mono-00000389,388.364,1.7584524803980202,4,0.0,0.0
mono-00000389,388.364,1.7584524803980202,5,0.0,0.0
mono-00000380,379.426,1.7790201394283969,-5,4.892166738058437e-05,8.224443323325218
mono-00000380,379.426,1.7790201394283969,-4,0.0006389680619597386,7.397921777593012
mono-00000380,379.426,1.7790201394283969,-3,0.0028148637210489856,6.467263232776489
mono-00000380,379.426,1.7790201394283969,-2,0.0023447329224641758,5.3786797583836545
mono-00000380,379.426,1.7790201394283969,-1,0.18846146304404174,4.005413836975507
mono-00000380,379.426,1.7790201394283969,0,0.42688775815752167,1.779020139428468
mono-00000380,379.426,1.7790201394283969,1,0.0,0.0
mono-00000380,379.426,1.7790201394283969,2,0.0,0.0
mono-00000380,379.426,1.7790201394283969,3,0.0,0.0
mono-00000380,379.426,1.7790201394283969,4,0.0,0.0
mono-00000380,379.426,1.7790201394283969,5,0.0,0.0
mono-00000369,368.494,1.805185496702876,-5,5.389571091898637e-05,8.345753636255111
mono-00000369,368.494,1.805185496702876,-4,0.0006547084330610287,7.507002777937231
mono-00000369,368.494,1.805185496702876,-3,0.0026321563817393004,6.562587736619278
mono-00000369,368.494,1.805185496702876,-2,0.0018458687136456676,5.457929139462493
mono-00000369,368.494,1.805185496702876,-1,0.18402251627658514,4.064403310845137
mono-00000369,368.494,1.805185496702876,0,0.4296943974062183,1.8051854967028902
mono-00000369,368.494,1.805185496702876,1,0.0,0.0
mono-00000369,368.494,1.805185496702876,2,0.0,0.0
mono-00000369,368.494,1.805185496702876,3,0.0,0.0
mono-00000369,368.494,1.805185496702876,4,0.0,0.0
mono-00000369,368.494,1.805185496702876,5,0.0,0.0
mono-00000386,385.385,1.7652281392341962,-5,4.676510029674973e-05,8.160505618182668
mono-00000386,385.385,1.7652281392341962,-4,0.0006285914160143088,7.3404289756739445
mono-00000386,385.385,1.7652281392341962,-3,0.002912167319266755,6.4170204055584605
mono-00000386,385.385,1.7652281392341962,-2,0.002644610378279766,5.336909147686484
mono-00000386,385.385,1.7652281392341962,-1,0.19080924157045304,3.9743213213550916
mono-00000386,385.385,1.7652281392341962,0,0.42533532523794493,1.7652281392342388
mono-00000386,385.385,1.7652281392341962,1,0.0,0.0
mono-00000386,385.385,1.7652281392341962,2,0.0,0.0
mono-00000386,385.385,1.7652281392341962,3,0.0,0.0
mono-00000386,385.385,1.7652281392341962,4,0.0,0.0
mono-00000386,385.385,1.7652281392341962,5,0.0,0.0
mono-00000379,378.429,1.7813593982266127,-5,4.932197415000285e-05,8.235288200678454
mono-00000379,378.429,1.7813593982266127,-4,0.0006405846526667195,7.407673448781509
mono-00000379,378.429,1.7813593982266127,-3,0.002798422309736463,6.475785155134076
mono-00000379,378.429,1.7813593982266127,-2,0.002296497852346046,5.385764632631904
mono-00000379,378.429,1.7813593982266127,-1,0.18806404535279903,4.010687527170049
mono-00000379,378.429,1.7813593982266127,0,0.4271462901302077,1.78135939822657
mono-00000379,378.429,1.7813593982266127,1,0.0,0.0
mono-00000379,378.429,1.7813593982266127,2,0.0,0.0
mono-00000379,378.429,1.7813593982266127,3,0.0,0.0
mono-00000379,378.429,1.7813593982266127,4,0.0,0.0
mono-00000379,378.429,1.7813593982266127,5,0.0,0.0
mono-00000378,377.433,1.783705548880647,-5,4.973317500949437e-05,8.246165149951906
mono-00000378,377.433,1.783705548880647,-4,0.000642167515816683,7.417453945616572
mono-00000378,377.433,1.783705548880647,-3,0.002781969163333763,6.484332256156591
mono-00000378,377.433,1.783705548880647,-2,0.0022488791974512538,5.392870429271383
mono-00000378,377.433,1.783705548880647,-1,0.18766656940928195,4.015976782015201
mono-00000378,377.433,1.783705548880647,0,0.42740567259673135,1.7837055488806328
mono-00000378,377.433,1.783705548880647,1,0.0,0.0
mono-00000378,377.433,1.783705548880647,2,0.0,0.0
mono-00000378,377.433,1.783705548880647,3,0.0,0.0
mono-00000378,377.433,1.783705548880647,4,0.0,0.0
mono-00000378,377.433,1.783705548880647,5,0.0,0.0
mono-00000394,393.329,1.747331055302837,-5,4.455607163712059e-05,8.077543525539994
mono-00000394,393.329,1.747331055302837,-4,0.0006130472447610014,7.2658287601895495
mono-00000394,393.329,1.747331055302837,-3,0.003039690650615731,6.351826842234843
mono-00000394,393.329,1.747331055302837,-2,0.003076008040701089,5.282708343151782
mono-00000394,393.329,1.747331055302837,-1,0.1938955217882626,3.9339757579989936
mono-00000394,393.329,1.747331055302837,0,0.4232874820002066,1.7473310553029364
mono-00000394,393.329,1.747331055302837,1,0.0,0.0
mono-00000394,393.329,1.747331055302837,2,0.0,0.0
mono-00000394,393.329,1.747331055302837,3,0.0,0.0
mono-00000394,393.329,1.747331055302837,4,0.0,0.0
mono-00000394,393.329,1.747331055302837,5,0.0,0.0
mono-00000388,387.368,1.7607091670381436,-5,4.614068710218215e-05,8.1395572253806
mono-00000388,387.368,1.7607091670381436,-4,0.000624883522410529,7.3215920758013056
mono-00000388,387.368,1.7607091670381436,-3,0.0029442124945060514,6.400558793371289
mono-00000388,387.368,1.7607091670381436,-2,0.0027488724565799183,5.323223303588875
mono-00000388,387.368,1.7607091670381436,-1,0.1915828581666697,3.96413401117114
mono-00000388,387.368,1.7607091670381436,0,0.4248204242223867,1.7607091670382005
mono-00000388,387.368,1.7607091670381436,1,0.0,0.0
mono-00000388,387.368,1.7607091670381436,2,0.0,0.0
mono-00000388,387.368,1.7607091670381436,3,0.0,0.0
mono-00000388,387.368,1.7607091670381436,4,0.0,0.0
mono-00000388,387.368,1.7607091670381436,5,0.0,0.0
mono-00000381,380.416,1.776706399778675,-5,4.853509451989211e-05,8.21371687194953
mono-00000381,380.416,1.776706399778675,-4,0.0006373274378446646,7.388276581572796
mono-00000381,380.416,1.776706399778675,-3,0.0028311439879827103,6.45883434675946
mono-00000381,380.416,1.776706399778675,-2,0.0023931785153992894,5.371672221619846
mono-00000381,380.416,1.776706399778675,-1,0.18885476558793168,4.00019770471647
mono-00000381,380.416,1.776706399778675,0,0.4266307519649199,1.7767063997787176
mono-00000381,380.416,1.776706399778675,1,0.0,0.0
mono-00000381,380.416,1.776706399778675,2,0.0,0.0
mono-00000381,380.416,1.776706399778675,3,0.0,0.0
mono-00000381,380.416,1.776706399778675,4,0.0,0.0
mono-00000381,380.416,1.776706399778675,5,0.0,0.0
mono-00000382,381.406,1.774401664231604,-5,4.8159461907516716e-05,8.20303228032715
mono-00000382,381.406,1.774401664231604,-4,0.0006356516127580932,7.378669012887073
mono-00000382,381.406,1.774401664231604,-3,0.002847373060498609,6.450438331598292
mono-00000382,381.406,1.774401664231604,-2,0.0024421648290022307,5.364692002703748
mono-00000382,381.406,1.774401664231604,-1,0.1892464252954326,3.995001897971079
mono-00000382,381.406,1.774401664231604,0,0.4263728176415386,1.774401664231604
mono-00000382,381.406,1.774401664231604,1,0.0,0.0
mono-00000382,381.406,1.774401664231604,2,0.0,0.0
mono-00000382,381.406,1.774401664231604,3,0.0,0.0
mono-00000382,381.406,1.774401664231604,4,0.0,0.0
mono-00000382,381.406,1.774401664231604,5,0.0,0.0
mono-00000397,396.312,1.7407498647384614,-5,4.394026779428587e-05,8.047038101148487
mono-00000397,396.312,1.7407498647384614,-4,0.0006068863834615071,7.238397833056339
mono-00000397,396.312,1.7407498647384614,-3,0.0030877063007114258,6.327854623975526
mono-00000397,396.312,1.7407498647384614,-2,0.0032481902317521446,5.262778104340313
mono-00000397,396.312,1.7407498647384614,-1,0.19507896622616017,3.9191401141544304
mono-00000397,396.312,1.7407498647384614,0,0.4225706704843627,1.740749864738362
mono-00000397,396.312,1.7407498647384614,1,0.0,0.0
mono-00000397,396.312,1.7407498647384614,2,0.0,0.0
mono-00000397,396.312,1.7407498647384614,3,0.0,0.0
mono-00000397,396.312,1.7407498647384614,4,0.0,0.0
mono-00000397,396.312,1.7407498647384614,5,0.0,0.0
mono-00000390,389.357,1.7562112069285263,-5,4.556261667518286e-05,8.118706678712044
mono-00000390,389.357,1.7562112069285263,-4,0.0006210510817093414,7.302843111183975
mono-00000390,389.357,1.7562112069285263,-3,0.002976231530115772,6.384173984701249
mono-00000390,389.357,1.7562112069285263,-2,0.002855739179716177,5.309601274407413
mono-00000390,389.357,1.7562112069285263,-1,0.19235721865016683,3.9539941695414598
mono-00000390,389.357,1.7562112069285263,0,0.4243068404089866,1.7562112069284979
mono-00000390,389.357,1.7562112069285263,1,0.0,0.0
mono-00000390,389.357,1.7562112069285263,2,0.0,0.0
mono-00000390,389.357,1.7562112069285263,3,0.0,0.0
mono-00000390,389.357,1.7562112069285263,4,0.0,0.0
mono-00000390,389.357,1.7562112069285263,5,0.0,0.0
mono-00000383,382.403,1.7720896733942908,-5,4.779270471945927e-05,8.192314170769066
mono-00000383,382.403,1.7720896733942908,-4,0.0006339316086051083,7.369031292063497
mono-00000383,382.403,1.7720896733942908,-3,0.002863676758137483,6.442015955116446
mono-00000383,382.403,1.7720896733942908,-2,0.002492056873067775,5.357689857637652
mono-00000383,382.403,1.7720896733942908,-1,0.18963986359029122,3.98978976142142
mono-00000383,382.403,1.7720896733942908,0,0.4261132570247797,1.7720896733942055
mono-00000383,382.403,1.7720896733942908,1,0.0,0.0
mono-00000383,382.403,1.7720896733942908,2,0.0,0.0
mono-00000383,382.403,1.7720896733942908,3,0.0,0.0
mono-00000383,382.403,1.7720896733942908,4,0.0,0.0
mono-00000383,382.403,1.7720896733942908,5,0.0,0.0
mono-00000384,383.398,1.7697913072409364,-5,4.743832268539216e-05,8.181659339670077
mono-00000384,383.398,1.7697913072409364,-4,0.0006321835005536811,7.359450458460884
mono-00000384,383.398,1.7697913072409364,-3,0.0028799045775846155,6.433643280821812
mono-00000384,383.398,1.7697913072409364,-2,0.002542403501800996,5.3507290237013905
mono-00000384,383.398,1.7697913072409364,-1,0.19003130569305318,3.9846083665964898
mono-00000384,383.398,1.7697913072409364,0,0.4258539014333176,1.7697913072409506
mono-00000384,383.398,1.7697913072409364,1,0.0,0.0
mono-00000384,383.398,1.7697913072409364,2,0.0,0.0
mono-00000384,383.398,1.7697913072409364,3,0.0,0.0
mono-00000384,383.398,1.7697913072409364,4,0.0,0.0
mono-00000384,383.398,1.7697913072409364,5,0.0,0.0
mono-00000392,391.342,1.7517564860028756,-5,4.503483269414758e-05,8.098057002585875
mono-00000392,391.342,1.7517564860028756,-4,0.000617112454396811,7.2842747232874245
mono-00000392,391.342,1.7517564860028756,-3,0.0030080422348904823,6.367946940398795
mono-00000392,391.342,1.7517564860028756,-2,0.0029646806720422824,5.296110370414652
mono-00000392,391.342,1.7517564860028756,-1,0.19312787638627613,3.9439519010665975
mono-00000392,391.342,1.7517564860028756,0,0.4237968430238307,1.7517564860028614
mono-00000392,391.342,1.7517564860028756,1,0.0,0.0
mono-00000392,391.342,1.7517564860028756,2,0.0,0.0
mono-00000392,391.342,1.7517564860028756,3,0.0,0.0
mono-00000392,391.342,1.7517564860028756,4,0.0,0.0
mono-00000392,391.342,1.7517564860028756,5,0.0,0.0
mono-00000385,384.388,1.767513343298873,-5,4.709722637871886e-05,8.171099203764882
mono-00000385,384.388,1.767513343298873,-4,0.000630412512097478,7.3499547623338515
mono-00000385,384.388,1.767513343298873,-3,0.0028960102450950945,6.425344996831129
mono-00000385,384.388,1.767513343298873,-2,0.0025930524617047822,5.343830026217248
mono-00000385,384.388,1.767513343298873,-1,0.19041979112438934,3.979472992013797
mono-00000385,384.388,1.767513343298873,0,0.42559587099302615,1.7675133432988304
mono-00000385,384.388,1.767513343298873,1,0.0,0.0
mono-00000385,384.388,1.767513343298873,2,0.0,0.0
mono-00000385,384.388,1.767513343298873,3,0.0,0.0
mono-00000385,384.388,1.767513343298873,4,0.0,0.0
mono-00000385,384.388,1.767513343298873,5,0.0,0.0
mono-00000393,392.338,1.749534004973782,-5,4.4788833971665935e-05,8.087754943662048
mono-00000393,392.338,1.749534004973782,-4,0.0006150923653816279,7.2750109949078166
mono-00000393,392.338,1.749534004973782,-3,0.0030239426849568173,6.359851287478534
mono-00000393,392.338,1.749534004973782,-2,0.0030202110478634264,5.289379760793565
mono-00000393,392.338,1.749534004973782,-1,0.1935137062977689,3.9389418029866476
mono-00000393,392.338,1.749534004973782,0,0.4235422229717864,1.749534004973782
mono-00000393,392.338,1.749534004973782,1,0.0,0.0
mono-00000393,392.338,1.749534004973782,2,0.0,0.0
mono-00000393,392.338,1.749534004973782,3,0.0,0.0
mono-00000393,392.338,1.749534004973782,4,0.0,0.0
mono-00000393,392.338,1.749534004973782,5,0.0,0.0
mono-00000391,390.351,1.7539762374705106,-5,4.52921071514399e-05,8.108346515686435
mono-00000391,390.351,1.7539762374705106,-4,0.0006190936884235324,7.293527158595481
mono-00000391,390.351,1.7539762374705106,-3,0.002992181351514219,6.376032713729373
mono-00000391,390.351,1.7539762374705106,-2,0.002910004042754879,5.302832757110039
mono-00000391,390.351,1.7539762374705106,-1,0.1927434050142303,3.9489558701622087
mono-00000391,390.351,1.7539762374705106,0,0.4240509557405278,1.7539762374705674
mono-00000391,390.351,1.7539762374705106,1,0.0,0.0
mono-00000391,390.351,1.7539762374705106,2,0.0,0.0
mono-00000391,390.351,1.7539762374705106,3,0.0,0.0
mono-00000391,390.351,1.7539762374705106,4,0.0,0.0
mono-00000391,390.351,1.7539762374705106,5,0.0,0.0
mono-00000395,394.324,1.745127564765994,-5,4.433595432273456e-05,8.06732970516373
mono-00000395,394.324,1.745127564765994,-4,0.0006109819754496033,7.256644353819183
mono-00000395,394.324,1.745127564765994,-3,0.0030555482288033378,6.343800488874194
mono-00000395,394.324,1.745127564765994,-2,0.0031326864036768545,5.2760353301141265
mono-00000395,394.324,1.745127564765994,-1,0.19428222511406815,3.9290085175369143
mono-00000395,394.324,1.745127564765994,0,0.4230374070058008,1.7451275647660367
mono-00000395,394.324,1.745127564765994,1,0.0,0.0
mono-00000395,394.324,1.745127564765994,2,0.0,0.0
mono-00000395,394.324,1.745127564765994,3,0.0,0.0
mono-00000395,394.324,1.745127564765994,4,0.0,0.0
mono-00000395,394.324,1.745127564765994,5,0.0,0.0
mono-00000376,375.449,1.7884067634090854,-5,5.058497981840402e-05,8.267960736448998
mono-00000376,375.449,1.7884067634090854,-4,0.0006452180815939284,7.437052384723685
mono-00000376,375.449,1.7884067634090854,-3,0.0027490714749334234,6.501459145608109
mono-00000376,375.449,1.7884067634090854,-2,0.002155666873473181,5.4071091664335995
mono-00000376,375.449,1.7884067634090854,-1,0.18687097384102402,4.026575468928286
mono-00000376,375.449,1.7884067634090854,0,0.42792148034831096,1.788406763409057
mono-00000376,375.449,1.7884067634090854,1,0.0,0.0
mono-00000376,375.449,1.7884067634090854,2,0.0,0.0
mono-00000376,375.449,1.7884067634090854,3,0.0,0.0
mono-00000376,375.449,1.7884067634090854,4,0.0,0.0
mono-00000376,375.449,1.7884067634090854,5,0.0,0.0
mono-00000412,411.21,1.7089594364734921,-5,4.2663286289162754e-05,7.899694764275608
mono-00000412,411.21,1.7089594364734921,-4,0.0005716625824663761,7.105903099467241
mono-00000412,411.21,1.7089594364734921,-3,0.003321227960510651,6.2120645961182674
mono-00000412,411.21,1.7089594364734921,-2,0.004193197513490058,5.16651042532915
mono-00000412,411.21,1.7089594364734921,-1,0.2010131346408926,3.8474795274007647
mono-00000412,411.21,1.7089594364734921,0,0.41938147115259755,1.7089594364738048
mono-00000412,411.21,1.7089594364734921,1,0.0,0.0
mono-00000412,411.21,1.7089594364734921,2,0.0,0.0
mono-00000412,411.21,1.7089594364734921,3,0.0,0.0
mono-00000412,411.21,1.7089594364734921,4,0.0,0.0
mono-00000412,411.21,1.7089594364734921,5,0.0,0.0
mono-00000400,399.289,1.7342554966923842,-5,4.3444107755435494e-05,8.01693603373839
mono-00000400,399.289,1.7342554966923842,-4,0.0006005344379156587,7.211329510145788
mono-00000400,399.289,1.7342554966923842,-3,0.003135523197604845,6.304199200285126
mono-00000400,399.289,1.7342554966923842,-2,0.0034255720696551336,5.243111166531605
mono-00000400,399.289,1.7342554966923842,-1,0.19626660188398612,3.90450039712303
mono-00000400,399.289,1.7342554966923842,0,0.42187478542258783,1.7342554966923416
mono-00000400,399.289,1.7342554966923842,1,0.0,0.0
mono-00000400,399.289,1.7342554966923842,2,0.0,0.0
mono-00000400,399.289,1.7342554966923842,3,0.0,0.0
mono-00000400,399.289,1.7342554966923842,4,0.0,0.0
mono-00000400,399.289,1.7342554966923842,5,0.0,0.0
mono-00000401,400.282,1.7321053658091472,-5,4.330503658540994e-05,8.006970154106398
mono-00000401,400.282,1.7321053658091472,-4,0.0005983611122668666,7.202367989221315
mono-00000401,400.282,1.7321053658091472,-3,0.003151390710344331,6.2963675697636035
mono-00000401,400.282,1.7321053658091472,-2,0.0034859354987467517,5.236599991852501
mono-00000401,400.282,1.7321053658091472,-1,0.19666186695958235,3.8996535800346237
mono-00000401,400.282,1.7321053658091472,0,0.4216444167268518,1.732105365809275
mono-00000401,400.282,1.7321053658091472,1,0.0,0.0
mono-00000401,400.282,1.7321053658091472,2,0.0,0.0
mono-00000401,400.282,1.7321053658091472,3,0.0,0.0
mono-00000401,400.282,1.7321053658091472,4,0.0,0.0
mono-00000401,400.282,1.7321053658091472,5,0.0,0.0
mono-00000396,395.318,1.7429345914995054,-5,4.413152846075209e-05,8.057164739371018
mono-00000396,395.318,1.7429345914995054,-4,0.0006089457942699234,7.247503866736324
mono-00000396,395.318,1.7429345914995054,-3,0.003071634497623576,6.335812506856726
mono-00000396,395.318,1.7429345914995054,-2,0.003190131382581548,5.269394209609004
mono-00000396,395.318,1.7429345914995054,-1,0.19468031963242147,3.9240650093226037
mono-00000396,395.318,1.7429345914995054,0,0.4228030435884335,1.7429345914992496
mono-00000396,395.318,1.7429345914995054,1,0.0,0.0
mono-00000396,395.318,1.7429345914995054,2,0.0,0.0
mono-00000396,395.318,1.7429345914995054,3,0.0,0.0
mono-00000396,395.318,1.7429345914995054,4,0.0,0.0
mono-00000396,395.318,1.7429345914995054,5,0.0,0.0
mono-00000402,401.276,1.7299610590831804,-5,4.3180036478167305e-05,7.9970313680545075
mono-00000402,401.276,1.7299610590831804,-4,0.0005961300785293269,7.193430820570001
mono-00000402,401.276,1.7299610590831804,-3,0.0031673434831435573,6.288557211450353
mono-00000402,401.276,1.7299610590831804,-2,0.003547337878165225,5.230106494298894
mono-00000402,401.276,1.7299610590831804,-1,0.19706825642803805,3.8948199140972832
mono-00000402,401.276,1.7299610590831804,0,0.4214396277220609,1.7299610590829957
mono-00000402,401.276,1.7299610590831804,1,0.0,0.0
mono-00000402,401.276,1.7299610590831804,2,0.0,0.0
mono-00000402,401.276,1.7299610590831804,3,0.0,0.0
mono-00000402,401.276,1.7299610590831804,4,0.0,0.0
mono-00000402,401.276,1.7299610590831804,5,0.0,0.0
mono-00000403,402.271,1.727822551208945,-5,4.3068369884709574e-05,7.9871195573685725
mono-00000403,402.271,1.727822551208945,-4,0.0005938608918929253,7.184517897992862
mono-00000403,402.271,1.727822551208945,-3,0.0031832703363621757,6.280768032626881
mono-00000403,402.271,1.727822551208945,-2,0.003609466319825591,5.223630596864652
mono-00000403,402.271,1.727822551208945,-1,0.19747583764181395,3.889999342058303
mono-00000403,402.271,1.727822551208945,0,0.4212388686731938,1.727822551208618
mono-00000403,402.271,1.727822551208945,1,0.0,0.0
mono-00000403,402.271,1.727822551208945,2,0.0,0.0
mono-00000403,402.271,1.727822551208945,3,0.0,0.0
mono-00000403,402.271,1.727822551208945,4,0.0,0.0
mono-00000403,402.271,1.727822551208945,5,0.0,0.0
mono-00000404,403.262,1.7257005038155029,-5,4.297097755067105e-05,7.977284136190008
mono-00000404,403.262,1.7257005038155029,-4,0.0005915736158182971,7.175673655975643
mono-00000404,403.262,1.7257005038155029,-3,0.003199112700494601,6.273038865628251
mono-00000404,403.262,1.7257005038155029,-2,0.0036720087491410205,5.217204584765753
mono-00000404,403.262,1.7257005038155029,-1,0.19788302094044735,3.8852158967278143
mono-00000404,403.262,1.7257005038155029,0,0.4210428323643916,1.7257005038154745
mono-00000404,403.262,1.7257005038155029,1,0.0,0.0
mono-00000404,403.262,1.7257005038155029,2,0.0,0.0
mono-00000404,403.262,1.7257005038155029,3,0.0,0.0
mono-00000404,403.262,1.7257005038155029,4,0.0,0.0
mono-00000404,403.262,1.7257005038155029,5,0.0,0.0
mono-00000406,405.249,1.7214691512756133,-5,4.2816931170407415e-05,7.957672639033532
mono-00000406,405.249,1.7214691512756133,-4,0.0005869082929354678,7.15803850507767
mono-00000406,405.249,1.7214691512756133,-3,0.0032307475626668623,6.257627112453491
mono-00000406,405.249,1.7214691512756133,-2,0.0037992723298473302,5.20439126313039
mono-00000406,405.249,1.7214691512756133,-1,0.19869854755172084,3.8756777941947007
mono-00000406,405.249,1.7214691512756133,0,0.4206525988627723,1.7214691512754143
mono-00000406,405.249,1.7214691512756133,1,0.0,0.0
mono-00000406,405.249,1.7214691512756133,2,0.0,0.0
mono-00000406,405.249,1.7214691512756133,3,0.0,0.0
mono-00000406,405.249,1.7214691512756133,4,0.0,0.0
mono-00000406,405.249,1.7214691512756133,5,0.0,0.0
mono-00000398,397.306,1.7385733329282118,-5,4.376147919326151e-05,8.036949550238916
mono-00000398,397.306,1.7385733329282118,-4,0.0006047919655431084,7.229326036878177
mono-00000398,397.306,1.7385733329282118,-3,0.0031037098887211263,6.319926651678514
mono-00000398,397.306,1.7385733329282118,-2,0.0033068218899284917,5.256186857658804
mono-00000398,397.306,1.7385733329282118,-1,0.1954759415230985,3.914233715522954
mono-00000398,397.306,1.7385733329282118,0,0.4223376235851426,1.7385733329279418
mono-00000398,397.306,1.7385733329282118,1,0.0,0.0
mono-00000398,397.306,1.7385733329282118,2,0.0,0.0
mono-00000398,397.306,1.7385733329282118,3,0.0,0.0
mono-00000398,397.306,1.7385733329282118,4,0.0,0.0
mono-00000398,397.306,1.7385733329282118,5,0.0,0.0
mono-00000407,406.242,1.7193661706594838,-5,4.2760392686934284e-05,7.94792587407008
mono-00000407,406.242,1.7193661706594838,-4,0.0005845357013416964,7.149273953612621
mono-00000407,406.242,1.7193661706594838,-3,0.00324647473773141,6.249967560805047
mono-00000407,406.242,1.7193661706594838,-2,0.003863781215195446,5.1980231046535295
mono-00000407,406.242,1.7193661706594838,-1,0.1991047561422478,3.8709373929878836
mono-00000407,406.242,1.7193661706594838,0,0.42045742560093846,1.7193661706597396
mono-00000407,406.242,1.7193661706594838,1,0.0,0.0
mono-00000407,406.242,1.7193661706594838,2,0.0,0.0
mono-00000407,406.242,1.7193661706594838,3,0.0,0.0
mono-00000407,406.242,1.7193661706594838,4,0.0,0.0
mono-00000407,406.242,1.7193661706594838,5,0.0,0.0
mono-00000387,386.374,1.7629700065319298,-5,4.644758895883121e-05,8.15003764002617
mono-00000387,386.374,1.7629700065319298,-4,0.0006267552189587945,7.33101612332473
mono-00000387,386.374,1.7629700065319298,-3,0.0029281612255538194,6.408794496669216
mono-00000387,386.374,1.7629700065319298,-2,0.002696323212294119,5.330070301854121
mono-00000387,386.374,1.7629700065319298,-1,0.1911951237383804,3.969230704661271
mono-00000387,386.374,1.7629700065319298,0,0.42507792724915866,1.7629700065318303
mono-00000387,386.374,1.7629700065319298,1,0.0,0.0
mono-00000387,386.374,1.7629700065319298,2,0.0,0.0
mono-00000387,386.374,1.7629700065319298,3,0.0,0.0
mono-00000387,386.374,1.7629700065319298,4,0.0,0.0
mono-00000387,386.374,1.7629700065319298,5,0.0,0.0
mono-00000399,398.297,1.7364114771932435,-5,4.359629867442484e-05,8.026929125891428
mono-00000399,398.297,1.7364114771932435,-4,0.0006026781024382427,7.220315490195006
mono-00000399,398.297,1.7364114771932435,-3,0.003119629273988472,6.3120521963028295
mono-00000399,398.297,1.7364114771932435,-2,0.003365868642045068,5.249640095815366
mono-00000399,398.297,1.7364114771932435,-1,0.19587129356527824,3.909360422966529
mono-00000399,398.297,1.7364114771932435,0,0.42210585638232395,1.7364114771930588
mono-00000399,398.297,1.7364114771932435,1,0.0,0.0
mono-00000399,398.297,1.7364114771932435,2,0.0,0.0
mono-00000399,398.297,1.7364114771932435,3,0.0,0.0
mono-00000399,398.297,1.7364114771932435,4,0.0,0.0
mono-00000399,398.297,1.7364114771932435,5,0.0,0.0
mono-00000405,404.257,1.723577737854967,-5,4.28870099185543e-05,7.967445480611673
mono-00000405,404.257,1.723577737854967,-4,0.0005892520995115394,7.166826494959736
mono-00000405,404.257,1.723577737854967,-3,0.003214981839435541,6.265307138228735
mono-00000405,404.257,1.723577737854967,-2,0.003735428763219533,5.210776435696815
mono-00000405,404.257,1.723577737854967,-1,0.198291748984095,3.880430853423533
mono-00000405,404.257,1.723577737854967,0,0.4208471077641041,1.7235777378550807
mono-00000405,404.257,1.723577737854967,1,0.0,0.0
mono-00000405,404.257,1.723577737854967,2,0.0,0.0
mono-00000405,404.257,1.723577737854967,3,0.0,0.0
mono-00000405,404.257,1.723577737854967,4,0.0,0.0
mono-00000405,404.257,1.723577737854967,5,0.0,0.0
mono-00000408,407.239,1.7172624536083418,-5,4.271578569805807e-05,7.938175789920322
mono-00000408,407.239,1.7172624536083418,-4,0.0005820797730808433,7.140506407123922
mono-00000408,407.239,1.7172624536083418,-3,0.003261982063627038,6.242305382509542
mono-00000408,407.239,1.7172624536083418,-2,0.003928991764283842,5.191652754299241
mono-00000408,407.239,1.7172624536083418,-1,0.1995035032809732,3.8661953530831994
mono-00000408,407.239,1.7172624536083418,0,0.4202541538468171,1.717262453608157
mono-00000408,407.239,1.7172624536083418,1,0.0,0.0
mono-00000408,407.239,1.7172624536083418,2,0.0,0.0
mono-00000408,407.239,1.7172624536083418,3,0.0,0.0
mono-00000408,407.239,1.7172624536083418,4,0.0,0.0
mono-00000408,407.239,1.7172624536083418,5,0.0,0.0
mono-00000409,408.236,1.7151664396553912,-5,4.268180168669684e-05,7.928461500652816
mono-00000409,408.236,1.7151664396553912,-4,0.0005795110574161476,7.131771038132683
mono-00000409,408.236,1.7151664396553912,-3,0.003276995299712596,6.234671315770797
mono-00000409,408.236,1.7151664396553912,-2,0.003994462312126953,5.1853057679217756
mono-00000409,408.236,1.7151664396553912,-1,0.1998852684523352,3.8614706981066433
mono-00000409,408.236,1.7151664396553912,0,0.4200358073195869,1.7151664396555617
mono-00000409,408.236,1.7151664396553912,1,0.0,0.0
mono-00000409,408.236,1.7151664396553912,2,0.0,0.0
mono-00000409,408.236,1.7151664396553912,3,0.0,0.0
mono-00000409,408.236,1.7151664396553912,4,0.0,0.0
mono-00000409,408.236,1.7151664396553912,5,0.0,0.0
mono-00000415,414.189,1.7028090692207911,-5,4.277032020972745e-05,7.871191312866586
mono-00000415,414.189,1.7028090692207911,-4,0.0005635330247591749,7.080271826683628
mono-00000415,414.189,1.7028090692207911,-3,0.0033646234185646306,6.189664626713693
mono-00000415,414.189,1.7028090692207911,-2,0.0043972839533170174,5.147886906982663
mono-00000415,414.189,1.7028090692207911,-1,0.20212242156657,3.833616201450482
mono-00000415,414.189,1.7028090692207911,0,0.4187143919313087,1.7028090692205637
mono-00000415,414.189,1.7028090692207911,1,0.0,0.0
mono-00000415,414.189,1.7028090692207911,2,0.0,0.0
mono-00000415,414.189,1.7028090692207911,3,0.0,0.0
mono-00000415,414.189,1.7028090692207911,4,0.0,0.0
mono-00000415,414.189,1.7028090692207911,5,0.0,0.0
mono-00000417,416.18,1.6987353306575557,-5,4.290527246281852e-05,7.852312291636352
mono-00000417,416.18,1.6987353306575557,-4,0.0005578322937418993,7.063295120679612
mono-00000417,416.18,1.6987353306575557,-3,0.0033922364213450178,6.174828110380929
mono-00000417,416.18,1.6987353306575557,-2,0.004535431411034205,5.13555166790232
mono-00000417,416.18,1.6987353306575557,-1,0.2028154513448206,3.8244338304336765
mono-00000417,416.18,1.6987353306575557,0,0.4182172520895817,1.6987353306575415
mono-00000417,416.18,1.6987353306575557,1,0.0,0.0
mono-00000417,416.18,1.6987353306575557,2,0.0,0.0
mono-00000417,416.18,1.6987353306575557,3,0.0,0.0
mono-00000417,416.18,1.6987353306575557,4,0.0,0.0
mono-00000417,416.18,1.6987353306575557,5,0.0,0.0
mono-00000420,419.159,1.6926943020432503,-5,4.321673429593195e-05,7.82431685325237
mono-00000420,419.159,1.6926943020432503,-4,0.0005491448374205758,7.038120528758142
mono-00000420,419.159,1.6926943020432503,-3,0.003433020125935515,6.152827121988551
mono-00000420,419.159,1.6926943020432503,-2,0.004746528568242129,5.1172597546878364
mono-00000420,419.159,1.6926943020432503,-1,0.20384746740794663,3.810817253699696
mono-00000420,419.159,1.6926943020432503,0,0.41747972601728395,1.6926943020431793
mono-00000420,419.159,1.6926943020432503,1,0.0,0.0
mono-00000420,419.159,1.6926943020432503,2,0.0,0.0
mono-00000420,419.159,1.6926943020432503,3,0.0,0.0
mono-00000420,419.159,1.6926943020432503,4,0.0,0.0
mono-00000420,419.159,1.6926943020432503,5,0.0,0.0
mono-00000422,421.145,1.688702571707978,-5,4.349609788269316e-05,7.805818726904761
mono-00000422,421.145,1.688702571707978,-4,0.0005432281148435727,7.0214862448730315
mono-00000422,421.145,1.688702571707978,-3,0.0034596505592264025,6.1382897772560625
mono-00000422,421.145,1.688702571707978,-2,0.0048899244711735025,5.105173177684392
mono-00000422,421.145,1.688702571707978,-1,0.2045234894564951,3.8018199236416024
mono-00000422,421.145,1.688702571707978,0,0.4169809778424916,1.6887025717079496
mono-00000422,421.145,1.688702571707978,1,0.0,0.0
mono-00000422,421.145,1.688702571707978,2,0.0,0.0
mono-00000422,421.145,1.688702571707978,3,0.0,0.0
mono-00000422,421.145,1.688702571707978,4,0.0,0.0
mono-00000422,421.145,1.688702571707978,5,0.0,0.0
mono-00000428,427.109,1.6768829508777259,-5,4.468256441695455e-05,7.751047223336499
mono-00000428,427.109,1.6768829508777259,-4,0.0005248843414720481,6.972233219230631
mono-00000428,427.109,1.6768829508777259,-3,0.003536725196230685,6.095245460238232
mono-00000428,427.109,1.6768829508777259,-2,0.005333065382688653,5.069385288384865
mono-00000428,427.109,1.6768829508777259,-1,0.2064909597024826,3.775179028992085
mono-00000428,427.109,1.6768829508777259,0,0.41544495479014343,1.6768829508776548
mono-00000428,427.109,1.6768829508777259,1,0.0,0.0
mono-00000428,427.109,1.6768829508777259,2,0.0,0.0
mono-00000428,427.109,1.6768829508777259,3,0.0,0.0
mono-00000428,427.109,1.6768829508777259,4,0.0,0.0
mono-00000428,427.109,1.6768829508777259,5,0.0,0.0
mono-00000424,423.131,1.6847389488140436,-5,4.3831828404471926e-05,7.787451182423069
mono-00000424,423.131,1.6847389488140436,-4,0.0005371952963519835,7.00496934952163
mono-00000424,423.131,1.6847389488140436,-3,0.003485654875090494,6.12385499064149
mono-00000424,423.131,1.6847389488140436,-2,0.005035206599622401,5.0931718408437945
mono-00000424,423.131,1.6847389488140436,-1,0.20518257994827327,3.7928860221571625
mono-00000424,423.131,1.6847389488140436,0,0.4164676349431206,1.6847389488139441
mono-00000424,423.131,1.6847389488140436,1,0.0,0.0
mono-00000424,423.131,1.6847389488140436,2,0.0,0.0
mono-00000424,423.131,1.6847389488140436,3,0.0,0.0
mono-00000424,423.131,1.6847389488140436,4,0.0,0.0
mono-00000424,423.131,1.6847389488140436,5,0.0,0.0
mono-00000411,410.219,1.71102024961084,-5,4.2655383867178974e-05,7.909245638625521
mono-00000411,410.219,1.71102024961084,-4,0.0005743024024164394,7.114491550866219
mono-00000411,410.219,1.71102024961084,-3,0.0033065532001396334,6.219570294383118
mono-00000411,410.219,1.71102024961084,-2,0.004126382620149613,5.1727507091045055
mono-00000411,410.219,1.71102024961084,-1,0.20063815374928756,3.852124774120142
mono-00000411,410.219,1.71102024961084,0,0.4195992402311024,1.711020249610911
mono-00000411,410.219,1.71102024961084,1,0.0,0.0
mono-00000411,410.219,1.71102024961084,2,0.0,0.0
mono-00000411,410.219,1.71102024961084,3,0.0,0.0
mono-00000411,410.219,1.71102024961084,4,0.0,0.0
mono-00000411,410.219,1.71102024961084,5,0.0,0.0
mono-00000410,409.228,1.7130885360888186,-5,4.266184509662628e-05,7.9188312385632145
mono-00000410,409.228,1.7130885360888186,-4,0.000576923421452086,7.123111218711358
mono-00000410,409.228,1.7130885360888186,-3,0.003291838525601595,6.227103264753751
mono-00000410,409.228,1.7130885360888186,-2,0.004060177905926254,5.179013659317192
mono-00000410,409.228,1.7130885360888186,-1,0.20026320033452294,3.8567868868589557
mono-00000410,409.228,1.7130885360888186,0,0.419818052322987,1.7130885360889323
mono-00000410,409.228,1.7130885360888186,1,0.0,0.0
mono-00000410,409.228,1.7130885360888186,2,0.0,0.0
mono-00000410,409.228,1.7130885360888186,3,0.0,0.0
mono-00000410,409.228,1.7130885360888186,4,0.0,0.0
mono-00000410,409.228,1.7130885360888186,5,0.0,0.0
mono-00000421,420.157,1.6906848531647256,-5,4.335027396249882e-05,7.815004800048769
mono-00000421,420.157,1.6906848531647256,-4,0.0005461890589485541,7.029746748130009
mono-00000421,420.157,1.6906848531647256,-3,0.003446503092980085,6.145508954963049
mono-00000421,420.157,1.6906848531647256,-2,0.004818381646014991,5.1111753191235465
mono-00000421,420.157,1.6906848531647256,-1,0.20419032563213432,3.806287961652046
mono-00000421,420.157,1.6906848531647256,0,0.417232254822338,1.6906848531646972
mono-00000421,420.157,1.6906848531647256,1,0.0,0.0
mono-00000421,420.157,1.6906848531647256,2,0.0,0.0
mono-00000421,420.157,1.6906848531647256,3,0.0,0.0
mono-00000421,420.157,1.6906848531647256,4,0.0,0.0
mono-00000421,420.157,1.6906848531647256,5,0.0,0.0
mono-00000413,412.206,1.70689571037299,-5,4.268564876443027e-05,7.89013047959871
mono-00000413,412.206,1.70689571037299,-4,0.0005689845841667303,7.097302579206826
mono-00000413,412.206,1.70689571037299,-3,0.0033359160494446593,6.204548341706229
mono-00000413,412.206,1.70689571037299,-2,0.00426096493055295,5.160261357383689
mono-00000413,412.206,1.70689571037299,-1,0.2013896465369033,3.842827735002757
mono-00000413,412.206,1.70689571037299,0,0.4191639530966565,1.7068957103732174
mono-00000413,412.206,1.70689571037299,1,0.0,0.0
mono-00000413,412.206,1.70689571037299,2,0.0,0.0
mono-00000413,412.206,1.70689571037299,3,0.0,0.0
mono-00000413,412.206,1.70689571037299,4,0.0,0.0
mono-00000413,412.206,1.70689571037299,5,0.0,0.0
mono-00000414,413.199,1.7048456250907265,-5,4.272248750186517e-05,7.880629501852852
mono-00000414,413.199,1.7048456250907265,-4,0.0005662939877710559,7.08875897686292
mono-00000414,413.199,1.7048456250907265,-3,0.003350511411063353,6.197081820855203
mono-00000414,413.199,1.7048456250907265,-2,0.004329145417373511,5.154053630634522
mono-00000414,413.199,1.7048456250907265,-1,0.20176493571963447,3.838206710199188
mono-00000414,413.199,1.7048456250907265,0,0.4189482966471286,1.704845625090826
mono-00000414,413.199,1.7048456250907265,1,0.0,0.0
mono-00000414,413.199,1.7048456250907265,2,0.0,0.0
mono-00000414,413.199,1.7048456250907265,3,0.0,0.0
mono-00000414,413.199,1.7048456250907265,4,0.0,0.0
mono-00000414,413.199,1.7048456250907265,5,0.0,0.0
mono-00000416,415.186,1.7007654717767053,-5,4.283054152207843e-05,7.861720578191608
mono-00000416,415.186,1.7007654717767053,-4,0.0005606874520123576,7.0717554006511705
mono-00000416,415.186,1.7007654717767053,-3,0.0033784793348781775,6.182221838855028
mono-00000416,415.186,1.7007654717767053,-2,0.004466165044196605,5.141698896939303
mono-00000416,415.186,1.7007654717767053,-1,0.20246961065927413,3.829009840504412
mono-00000416,415.186,1.7007654717767053,0,0.41846496358053253,1.7007654717767053
mono-00000416,415.186,1.7007654717767053,1,0.0,0.0
mono-00000416,415.186,1.7007654717767053,2,0.0,0.0
mono-00000416,415.186,1.7007654717767053,3,0.0,0.0
mono-00000416,415.186,1.7007654717767053,4,0.0,0.0
mono-00000416,415.186,1.7007654717767053,5,0.0,0.0
mono-00000418,417.172,1.6967165050733826,-5,4.2994431248631974e-05,7.842956530444241
mono-00000418,417.172,1.6967165050733826,-4,0.0005549598532220725,7.054882064044236
mono-00000418,417.172,1.6967165050733826,-3,0.0034058908362473495,6.167475643582591
mono-00000418,417.172,1.6967165050733826,-2,0.004605148085125966,5.129438736914167
mono-00000418,417.172,1.6967165050733826,-1,0.20315996427415853,3.8198833454385266
mono-00000418,417.172,1.6967165050733826,0,0.41797126436998117,1.696716505073553
mono-00000418,417.172,1.6967165050733826,1,0.0,0.0
mono-00000418,417.172,1.6967165050733826,2,0.0,0.0
mono-00000418,417.172,1.6967165050733826,3,0.0,0.0
mono-00000418,417.172,1.6967165050733826,4,0.0,0.0
mono-00000418,417.172,1.6967165050733826,5,0.0,0.0
mono-00000419,418.168,1.6946967631079417,-5,4.30987518702931e-05,7.833596607977981
mono-00000419,418.168,1.6946967631079417,-4,0.0005520588374764455,7.046465256046972
mono-00000419,418.168,1.6946967631079417,-3,0.0034195450667780314,6.160119889949456
mono-00000419,418.168,1.6946967631079417,-2,0.004675742895157655,5.123323065863119
mono-00000419,418.168,1.6946967631079417,-1,0.20350566381446958,3.8153308142902063
mono-00000419,418.168,1.6946967631079417,0,0.4177252942920162,1.6946967631078707
mono-00000419,418.168,1.6946967631079417,1,0.0,0.0
mono-00000419,418.168,1.6946967631079417,2,0.0,0.0
mono-00000419,418.168,1.6946967631079417,3,0.0,0.0
mono-00000419,418.168,1.6946967631079417,4,0.0,0.0
mono-00000419,418.168,1.6946967631079417,5,0.0,0.0
mono-00000423,422.143,1.6867072886907124,-5,4.365746394683718e-05,7.796572486106044
mono-00000423,422.143,1.6867072886907124,-4,0.0005402056456448803,7.01317162724321
mono-00000423,422.143,1.6867072886907124,-3,0.0034727573443160318,6.131023298755451
mono-00000423,422.143,1.6867072886907124,-2,0.0049626470012447245,5.099131702483206
mono-00000423,422.143,1.6867072886907124,-1,0.20485515662436135,3.797322599053146
mono-00000423,422.143,1.6867072886907124,0,0.4167228853698102,1.6867072886909824
mono-00000423,422.143,1.6867072886907124,1,0.0,0.0
mono-00000423,422.143,1.6867072886907124,2,0.0,0.0
mono-00000423,422.143,1.6867072886907124,3,0.0,0.0
mono-00000423,422.143,1.6867072886907124,4,0.0,0.0
mono-00000423,422.143,1.6867072886907124,5,0.0,0.0
mono-00000426,425.121,1.6807952056775264,-5,4.4227623018185024e-05,7.769176085746238
mono-00000426,425.121,1.6807952056775264,-4,0.000531074338960934,6.988535551637199
mono-00000426,425.121,1.6807952056775264,-3,0.0035113881108624727,6.109492794448627
mono-00000426,425.121,1.6807952056775264,-2,0.0051830902512794,5.081230829072652
mono-00000426,425.121,1.6807952056775264,-1,0.20583972250485494,3.783997002737479
mono-00000426,425.121,1.6807952056775264,0,0.41595599190768084,1.6807952056776116
mono-00000426,425.121,1.6807952056775264,1,0.0,0.0
mono-00000426,425.121,1.6807952056775264,2,0.0,0.0
mono-00000426,425.121,1.6807952056775264,3,0.0,0.0
mono-00000426,425.121,1.6807952056775264,4,0.0,0.0
mono-00000426,425.121,1.6807952056775264,5,0.0,0.0
mono-00000435,434.059,1.6634174653373321,-5,4.6735372791487335e-05,7.6886523930399875
mono-00000435,434.059,1.6634174653373321,-4,0.0005026139066723216,6.9161245647485
mono-00000435,434.059,1.6634174653373321,-3,0.0036215846254233526,6.046209371373379
mono-00000435,434.059,1.6634174653373321,-2,0.0058738004682012054,5.0286154195057975
mono-00000435,434.059,1.6634174653373321,-1,0.20869527847142447,3.744829228862372
mono-00000435,434.059,1.6634174653373321,0,0.4136200866270583,1.6634174653374032
mono-00000435,434.059,1.6634174653373321,1,0.0,0.0
mono-00000435,434.059,1.6634174653373321,2,0.0,0.0
mono-00000435,434.059,1.6634174653373321,3,0.0,0.0
mono-00000435,434.059,1.6634174653373321,4,0.0,0.0
mono-00000435,434.059,1.6634174653373321,5,0.0,0.0
mono-00000432,431.081,1.6691474403167632,-5,4.576590369573328e-05,7.715202840270024
mono-00000432,431.081,1.6691474403167632,-4,0.000512253612352328,6.94000014856465
mono-00000432,431.081,1.6691474403167632,-3,0.003585788125661506,6.0670754530205215
mono-00000432,431.081,1.6691474403167632,-2,0.005638761606701678,5.045964057190275
mono-00000432,431.081,1.6691474403167632,-1,0.20775792016443234,3.7577438912082926
mono-00000432,431.081,1.6691474403167632,0,0.41440093426589847,1.6691474403168485
mono-00000432,431.081,1.6691474403167632,1,0.0,0.0
mono-00000432,431.081,1.6691474403167632,2,0.0,0.0
mono-00000432,431.081,1.6691474403167632,3,0.0,0.0
mono-00000432,431.081,1.6691474403167632,4,0.0,0.0
mono-00000432,431.081,1.6691474403167632,5,0.0,0.0
mono-00000429,428.101,1.674940948760252,-5,4.4931009629883866e-05,7.742048364550499
mono-00000429,428.101,1.674940948760252,-4,0.0005217582370294554,6.964141005924731
mono-00000429,428.101,1.674940948760252,-3,0.0035491520287028,6.088173303139968
mono-00000429,428.101,1.674940948760252,-2,0.005408631926886396,5.063505334446873
mono-00000429,428.101,1.674940948760252,-1,0.20681074392864102,3.770801906330277
mono-00000429,428.101,1.674940948760252,0,0.4151859962370588,1.6749409487601667
mono-00000429,428.101,1.674940948760252,1,0.0,0.0
mono-00000429,428.101,1.674940948760252,2,0.0,0.0
mono-00000429,428.101,1.674940948760252,3,0.0,0.0
mono-00000429,428.101,1.674940948760252,4,0.0,0.0
mono-00000429,428.101,1.674940948760252,5,0.0,0.0
mono-00000430,429.09,1.6730115206778464,-5,4.519298023562627e-05,7.733107848638355
mono-00000430,429.09,1.6730115206778464,-4,0.0005186190000176484,6.956101248898605
mono-00000430,429.09,1.6730115206778464,-3,0.0035613891310452557,6.081146982415348
mono-00000430,429.09,1.6730115206778464,-2,0.005484426416753651,5.0576634832820275
mono-00000430,429.09,1.6730115206778464,-1,0.2071255861203582,3.766453142100872
mono-00000430,429.09,1.6730115206778464,0,0.4149242980909072,1.673011520677747
mono-00000430,429.09,1.6730115206778464,1,0.0,0.0
mono-00000430,429.09,1.6730115206778464,2,0.0,0.0
mono-00000430,429.09,1.6730115206778464,3,0.0,0.0
mono-00000430,429.09,1.6730115206778464,4,0.0,0.0
mono-00000430,429.09,1.6730115206778464,5,0.0,0.0
mono-00000431,430.086,1.6710751594924886,-5,4.5471966986524835e-05,7.7241352836800985
mono-00000431,430.086,1.6710751594924886,-4,0.000515442157338971,6.948032663284863
mono-00000431,430.086,1.6710751594924886,-3,0.003573634112292281,6.074095459448699
mono-00000431,430.086,1.6710751594924886,-2,0.005561340117705799,5.051800671722745
mono-00000431,430.086,1.6710751594924886,-1,0.20744215326663507,3.7620887688021156
mono-00000431,430.086,1.6710751594924886,0,0.4146619045500634,1.6710751594921902
mono-00000431,430.086,1.6710751594924886,1,0.0,0.0
mono-00000431,430.086,1.6710751594924886,2,0.0,0.0
mono-00000431,430.086,1.6710751594924886,3,0.0,0.0
mono-00000431,430.086,1.6710751594924886,4,0.0,0.0
mono-00000431,430.086,1.6710751594924886,5,0.0,0.0
mono-00000425,424.128,1.682759647753116,-5,4.4022543774295455e-05,7.778279165807049
mono-00000425,424.128,1.682759647753116,-4,0.0005341349369843487,6.996721459573166
mono-00000425,424.128,1.682759647753116,-3,0.003498574420855426,6.116646812148701
mono-00000425,424.128,1.682759647753116,-2,0.005108998605556618,5.087178823258711
mono-00000425,424.128,1.682759647753116,-1,0.2055118142055058,3.7884247575376833
mono-00000425,424.128,1.682759647753116,0,0.4162107201443096,1.682759647753059
mono-00000425,424.128,1.682759647753116,1,0.0,0.0
mono-00000425,424.128,1.682759647753116,2,0.0,0.0
mono-00000425,424.128,1.682759647753116,3,0.0,0.0
mono-00000425,424.128,1.682759647753116,4,0.0,0.0
mono-00000425,424.128,1.682759647753116,5,0.0,0.0
mono-00000437,436.047,1.659625034304085,-5,4.745712760737491e-05,7.671080132329237
mono-00000437,436.047,1.659625034304085,-4,0.0004960981477548256,6.900322606262819
mono-00000437,436.047,1.659625034304085,-3,0.0036449135663781953,6.032399203310845
mono-00000437,436.047,1.659625034304085,-2,0.006033327004699327,5.017133231730284
mono-00000437,436.047,1.659625034304085,-1,0.20931098400773118,3.736281637636708
mono-00000437,436.047,1.659625034304085,0,0.41309429126083425,1.6596250343038292
mono-00000437,436.047,1.659625034304085,1,0.0,0.0
mono-00000437,436.047,1.659625034304085,2,0.0,0.0
mono-00000437,436.047,1.659625034304085,3,0.0,0.0
mono-00000437,436.047,1.659625034304085,4,0.0,0.0
mono-00000437,436.047,1.659625034304085,5,0.0,0.0
mono-00000440,439.031,1.6539809478550183,-5,4.865343350554598e-05,7.644928756325356
mono-00000440,439.031,1.6539809478550183,-4,0.0004862069290060849,6.876805768157027
mono-00000440,439.031,1.6539809478550183,-3,0.0036791499534875095,6.01184654000761
mono-00000440,439.031,1.6539809478550183,-2,0.0062768838855444,5.000045084367514
mono-00000440,439.031,1.6539809478550183,-1,0.2102246256501143,3.7235608066066277
mono-00000440,439.031,1.6539809478550183,0,0.4123049721788678,1.6539809478551888
mono-00000440,439.031,1.6539809478550183,1,0.0,0.0
mono-00000440,439.031,1.6539809478550183,2,0.0,0.0
mono-00000440,439.031,1.6539809478550183,3,0.0,0.0
mono-00000440,439.031,1.6539809478550183,4,0.0,0.0
mono-00000440,439.031,1.6539809478550183,5,0.0,0.0
mono-00000438,437.042,1.6577366254777672,-5,4.784067707425933e-05,7.6623302842901495
mono-00000438,437.042,1.6577366254777672,-4,0.0004928108465964831,6.89245424203402
mono-00000438,437.042,1.6577366254777672,-3,0.0036564090859884115,6.025522612478227
mono-00000438,437.042,1.6577366254777672,-2,0.006113959236472798,5.0114158184893824
mono-00000438,437.042,1.6577366254777672,-1,0.20961608511765384,3.7320254621267424
mono-00000438,437.042,1.6577366254777672,0,0.4128300958248408,1.6577366254777957
mono-00000438,437.042,1.6577366254777672,1,0.0,0.0
mono-00000438,437.042,1.6577366254777672,2,0.0,0.0
mono-00000438,437.042,1.6577366254777672,3,0.0,0.0
mono-00000438,437.042,1.6577366254777672,4,0.0,0.0
mono-00000438,437.042,1.6577366254777672,5,0.0,0.0
mono-00000433,432.074,1.667230231894962,-5,4.607428669936917e-05,7.706319176347947
mono-00000433,432.074,1.667230231894962,-4,0.0005090562615851261,6.932011490540262
mono-00000433,432.074,1.667230231894962,-3,0.0035978319219285874,6.060093767644062
mono-00000433,432.074,1.667230231894962,-2,0.0057165967720192905,5.040159297238347
mono-00000433,432.074,1.667230231894962,-1,0.20807219967325738,3.753422720993626
mono-00000433,432.074,1.667230231894962,0,0.41414103315368034,1.6672302318952035
mono-00000433,432.074,1.667230231894962,1,0.0,0.0
mono-00000433,432.074,1.667230231894962,2,0.0,0.0
mono-00000433,432.074,1.667230231894962,3,0.0,0.0
mono-00000433,432.074,1.667230231894962,4,0.0,0.0
mono-00000433,432.074,1.667230231894962,5,0.0,0.0
mono-00000427,426.113,1.6788395953344377,-5,4.444732907894538e-05,7.760114010847403
mono-00000427,426.113,1.6788395953344377,-4,0.0005279954681409251,6.9803865086912396
mono-00000427,426.113,1.6788395953344377,-3,0.003524091061551256,6.102370986844761
mono-00000427,426.113,1.6788395953344377,-2,0.005257673205913812,5.0753096081683395
mono-00000427,426.113,1.6788395953344377,-1,0.20616605337817454,3.779589172277312
mono-00000427,426.113,1.6788395953344377,0,0.415702067601849,1.6788395953343809
mono-00000427,426.113,1.6788395953344377,1,0.0,0.0
mono-00000427,426.113,1.6788395953344377,2,0.0,0.0
mono-00000427,426.113,1.6788395953344377,3,0.0,0.0
mono-00000427,426.113,1.6788395953344377,4,0.0,0.0
mono-00000427,426.113,1.6788395953344377,5,0.0,0.0
mono-00000434,433.069,1.6653157731822432,-5,4.6398322147645804e-05,7.697448329108951
mono-00000434,433.069,1.6653157731822432,-4,0.0005058350236627695,6.924034349661596
mono-00000434,433.069,1.6653157731822432,-3,0.003609802139952566,6.053122140264918
mono-00000434,433.069,1.6653157731822432,-2,0.0057951541452888515,5.0343628932829745
mono-00000434,433.069,1.6653157731822432,-1,0.20838600091662227,3.749107765445501
mono-00000434,433.069,1.6653157731822432,0,0.4138811537738183,1.6653157731823
mono-00000434,433.069,1.6653157731822432,1,0.0,0.0
mono-00000434,433.069,1.6653157731822432,2,0.0,0.0
mono-00000434,433.069,1.6653157731822432,3,0.0,0.0
mono-00000434,433.069,1.6653157731822432,4,0.0,0.0
mono-00000434,433.069,1.6653157731822432,5,0.0,0.0
mono-00000441,440.023,1.6521173446615478,-5,4.908183997345016e-05,7.636294058506209
mono-00000441,440.023,1.6521173446615478,-4,0.0004828986813965271,6.86904093004182
mono-00000441,440.023,1.6521173446615478,-3,0.0036903776191935236,6.005060405215644
mono-00000441,440.023,1.6521173446615478,-2,0.006359016341090568,4.994402860669169
mono-00000441,440.023,1.6521173446615478,-1,0.21052764540607233,3.7193605877696143
mono-00000441,440.023,1.6521173446615478,0,0.4120447203582891,1.6521173446616046
mono-00000441,440.023,1.6521173446615478,1,0.0,0.0
mono-00000441,440.023,1.6521173446615478,2,0.0,0.0
mono-00000441,440.023,1.6521173446615478,3,0.0,0.0
mono-00000441,440.023,1.6521173446615478,4,0.0,0.0
mono-00000441,440.023,1.6521173446615478,5,0.0,0.0
mono-00000436,435.054,1.6615160960846254,-5,4.708913928149884e-05,7.679842345924698
mono-00000436,435.054,1.6615160960846254,-4,0.0004993591454623547,6.9082020822683035
mono-00000436,435.054,1.6615160960846254,-3,0.003633314777314196,6.039285498143485
mono-00000436,435.054,1.6615160960846254,-2,0.005953386301306795,5.022858706885742
mono-00000436,435.054,1.6615160960846254,-1,0.2090044700499888,3.7405438091042953
mono-00000436,435.054,1.6615160960846254,0,0.4133576330231513,1.661516096084668
mono-00000436,435.054,1.6615160960846254,1,0.0,0.0
mono-00000436,435.054,1.6615160960846254,2,0.0,0.0
mono-00000436,435.054,1.6615160960846254,3,0.0,0.0
mono-00000436,435.054,1.6615160960846254,4,0.0,0.0
mono-00000436,435.054,1.6615160960846254,5,0.0,0.0
mono-00000439,438.036,1.6558565364179856,-5,4.8239219502353336e-05,7.6536190579798955
mono-00000439,438.036,1.6558565364179856,-4,0.0004895184815799537,6.884620600714356
mono-00000439,438.036,1.6558565364179856,-3,0.003667825356722672,6.018676360767387
mono-00000439,438.036,1.6558565364179856,-2,0.006195094795756674,5.005723623912189
mono-00000439,438.036,1.6558565364179856,-1,0.20992066547803329,3.7277880545117767
mono-00000439,438.036,1.6558565364179856,0,0.4125671003399396,1.6558565364183124
mono-00000439,438.036,1.6558565364179856,1,0.0,0.0
mono-00000439,438.036,1.6558565364179856,2,0.0,0.0
mono-00000439,438.036,1.6558565364179856,3,0.0,0.0
mono-00000439,438.036,1.6558565364179856,4,0.0,0.0
mono-00000439,438.036,1.6558565364179856,5,0.0,0.0
mono-00000442,441.016,1.650258157537067,-5,4.952587638128616e-05,7.627679892398874
mono-00000442,441.016,1.650258157537067,-4,0.00047957223356459675,6.861294547523968
mono-00000442,441.016,1.650258157537067,-3,0.0037015129425523917,5.9982903928967914
mono-00000442,441.016,1.650258157537067,-2,0.006441798906899754,4.988774035675874
mono-00000442,441.016,1.650258157537067,-1,0.21082999822785986,3.7151703379583267
mono-00000442,441.016,1.650258157537067,0,0.4117851644312383,1.6502581575370812
mono-00000442,441.016,1.650258157537067,1,0.0,0.0
mono-00000442,441.016,1.650258157537067,2,0.0,0.0
mono-00000442,441.016,1.650258157537067,3,0.0,0.0
mono-00000442,441.016,1.650258157537067,4,0.0,0.0
mono-00000442,441.016,1.650258157537067,5,0.0,0.0
mono-00000443,442.011,1.648401507263145,-5,4.998640707128336e-05,7.619077550549676
mono-00000443,442.011,1.648401507263145,-4,0.00047624237734037204,6.8535587903835165
mono-00000443,442.011,1.648401507263145,-3,0.003712654369344459,5.991529659815086
mono-00000443,442.011,1.648401507263145,-2,0.006525364411191297,4.983152919722883
mono-00000443,442.011,1.648401507263145,-1,0.2111339302689003,3.710985821668231
mono-00000443,442.011,1.648401507263145,0,0.411525929966266,1.648401507263202
mono-00000443,442.011,1.648401507263145,1,0.0,0.0
mono-00000443,442.011,1.648401507263145,2,0.0,0.0
mono-00000443,442.011,1.648401507263145,3,0.0,0.0
mono-00000443,442.011,1.648401507263145,4,0.0,0.0
mono-00000443,442.011,1.648401507263145,5,0.0,0.0
mono-00000444,443.002,1.646558535792309,-5,5.046035503915266e-05,7.610538655514858
mono-00000444,443.002,1.646558535792309,-4,0.000472911983291547,6.8458800809212335
mono-00000444,443.002,1.646558535792309,-3,0.0037236488611356545,5.984818777247028
mono-00000444,443.002,1.646558535792309,-2,0.006609166344636901,4.977573245310452
mono-00000444,443.002,1.646558535792309,-1,0.21143577932587931,3.7068321503932395
mono-00000444,443.002,1.646558535792309,0,0.41126884858537377,1.6465585357922237
mono-00000444,443.002,1.646558535792309,1,0.0,0.0
mono-00000444,443.002,1.646558535792309,2,0.0,0.0
mono-00000444,443.002,1.646558535792309,3,0.0,0.0
mono-00000444,443.002,1.646558535792309,4,0.0,0.0
mono-00000444,443.002,1.646558535792309,5,0.0,0.0
mono-00000446,444.987,1.6428855290856603,-5,5.1455989371562115e-05,7.593521007717371
mono-00000446,444.987,1.6428855290856603,-4,0.00046621698000988887,6.830576723099625
mono-00000446,444.987,1.6428855290856603,-3,0.0037454404305967996,5.971444239140041
mono-00000446,444.987,1.6428855290856603,-2,0.0067787852319993215,4.966453145077438
mono-00000446,444.987,1.6428855290856603,-1,0.2120395298607754,3.6985540101163394
mono-00000446,444.987,1.6428855290856603,0,0.41075718035754855,1.6428855290854898
mono-00000446,444.987,1.6428855290856603,1,0.0,0.0
mono-00000446,444.987,1.6428855290856603,2,0.0,0.0
mono-00000446,444.987,1.6428855290856603,3,0.0,0.0
mono-00000446,444.987,1.6428855290856603,4,0.0,0.0
mono-00000446,444.987,1.6428855290856603,5,0.0,0.0
mono-00000457,455.902,1.6231187029986103,-5,5.803705680208548e-05,7.501942714477394
mono-00000457,455.902,1.6231187029986103,-4,0.0004286783866442793,6.748223147884829
mono-00000457,455.902,1.6231187029986103,-3,0.0038588201739861096,5.899469965668686
mono-00000457,455.902,1.6231187029986103,-2,0.007754365954796655,4.90661059103499
mono-00000457,455.902,1.6231187029986103,-1,0.21534056202654214,3.6540050427799002
mono-00000457,455.902,1.6231187029986103,0,0.40806430487625467,1.6231187029988092
mono-00000457,455.902,1.6231187029986103,1,0.0,0.0
mono-00000457,455.902,1.6231187029986103,2,0.0,0.0
mono-00000457,455.902,1.6231187029986103,3,0.0,0.0
mono-00000457,455.902,1.6231187029986103,4,0.0,0.0
mono-00000457,455.902,1.6231187029986103,5,0.0,0.0
mono-00000445,443.996,1.6447161809188202,-5,5.0951265732441545e-05,7.602002686316581
mono-00000445,443.996,1.6447161809188202,-4,0.0004695659572602248,6.838203994978954
mono-00000445,443.996,1.6447161809188202,-3,0.0037346124525814532,5.978110180759074
mono-00000445,443.996,1.6447161809188202,-2,0.006693816850408392,4.971995465696466
mono-00000445,443.996,1.6447161809188202,-1,0.2117385317655047,3.702679884459485
mono-00000445,443.996,1.6447161809188202,0,0.41101207260826417,1.6447161809189481
mono-00000445,443.996,1.6447161809188202,1,0.0,0.0
mono-00000445,443.996,1.6447161809188202,2,0.0,0.0
mono-00000445,443.996,1.6447161809188202,3,0.0,0.0
mono-00000445,443.996,1.6447161809188202,4,0.0,0.0
mono-00000445,443.996,1.6447161809188202,5,0.0,0.0
mono-00000461,459.859,1.6161269118677524,-5,6.086732589084009e-05,7.469552124495095
mono-00000461,459.859,1.6161269118677524,-4,0.0004146579608243713,6.719095068708555
mono-00000461,459.859,1.6161269118677524,-3,0.0038954009438659544,5.8740128132327385
mono-00000461,459.859,1.6161269118677524,-2,0.008123248669054452,4.885444241264253
mono-00000461,459.859,1.6161269118677524,-1,0.2164675673106209,3.6382479028034
mono-00000461,459.859,1.6161269118677524,0,0.40707710849366535,1.6161269118679655
mono-00000461,459.859,1.6161269118677524,1,0.0,0.0
mono-00000461,459.859,1.6161269118677524,2,0.0,0.0
mono-00000461,459.859,1.6161269118677524,3,0.0,0.0
mono-00000461,459.859,1.6161269118677524,4,0.0,0.0
mono-00000461,459.859,1.6161269118677524,5,0.0,0.0
mono-00000456,454.914,1.6248786455298898,-5,5.7367389302612785e-05,7.510096083663555
mono-00000456,454.914,1.6248786455298898,-4,0.0004321537441992781,6.755555259939953
mono-00000456,454.914,1.6248786455298898,-3,0.00384933259405644,5.905878017937496
mono-00000456,454.914,1.6248786455298898,-2,0.007663539557695589,4.911938552939873
mono-00000456,454.914,1.6248786455298898,-1,0.2150542536935233,3.6579713948687527
mono-00000456,454.914,1.6248786455298898,0,0.4083105726403054,1.624878645529833
mono-00000456,454.914,1.6248786455298898,1,0.0,0.0
mono-00000456,454.914,1.6248786455298898,2,0.0,0.0
mono-00000456,454.914,1.6248786455298898,3,0.0,0.0
mono-00000456,454.914,1.6248786455298898,4,0.0,0.0
mono-00000456,454.914,1.6248786455298898,5,0.0,0.0
mono-00000449,447.973,1.6374062981330866,-5,5.306956360236954e-05,7.568135332442154
mono-00000449,447.973,1.6374062981330866,-4,0.00045606969119770186,6.807748243715736
mono-00000449,447.973,1.6374062981330866,-3,0.0037775531949721243,5.951492988293779
mono-00000449,447.973,1.6374062981330866,-2,0.007038356277844055,4.9498648717560485
mono-00000449,447.973,1.6374062981330866,-1,0.21294422410377875,3.686205157434159
mono-00000449,447.973,1.6374062981330866,0,0.4099965690935634,1.637406298132774
mono-00000449,447.973,1.6374062981330866,1,0.0,0.0
mono-00000449,447.973,1.6374062981330866,2,0.0,0.0
mono-00000449,447.973,1.6374062981330866,3,0.0,0.0
mono-00000449,447.973,1.6374062981330866,4,0.0,0.0
mono-00000449,447.973,1.6374062981330866,5,0.0,0.0
mono-00000447,445.982,1.641053624312434,-5,5.197814633682443e-05,7.585033592097247
mono-00000447,445.982,1.641053624312434,-4,0.0004628475473479528,6.8229442846525075
mono-00000447,445.982,1.641053624312434,-3,0.003756233766447465,5.964773775464465
mono-00000447,445.982,1.641053624312434,-2,0.006864676444717666,4.960907058797133
mono-00000447,445.982,1.641053624312434,-1,0.21234126976164544,3.69442532737051
mono-00000447,445.982,1.641053624312434,0,0.4105018765061585,1.6410536243121214
mono-00000447,445.982,1.641053624312434,1,0.0,0.0
mono-00000447,445.982,1.641053624312434,2,0.0,0.0
mono-00000447,445.982,1.641053624312434,3,0.0,0.0
mono-00000447,445.982,1.641053624312434,4,0.0,0.0
mono-00000447,445.982,1.641053624312434,5,0.0,0.0
mono-00000458,456.891,1.6213626941367352,-5,5.872225089715893e-05,7.49380763082587
mono-00000458,456.891,1.6213626941367352,-4,0.0004251875070726886,6.740907472745391
mono-00000458,456.891,1.6213626941367352,-3,0.003868173898373794,5.893076272717877
mono-00000458,456.891,1.6213626941367352,-2,0.007845805552247384,4.901294562838913
mono-00000458,456.891,1.6213626941367352,-1,0.2156252902343877,3.65004756996872
mono-00000458,456.891,1.6213626941367352,0,0.40781805294497914,1.6213626941369768
mono-00000458,456.891,1.6213626941367352,1,0.0,0.0
mono-00000458,456.891,1.6213626941367352,2,0.0,0.0
mono-00000458,456.891,1.6213626941367352,3,0.0,0.0
mono-00000458,456.891,1.6213626941367352,4,0.0,0.0
mono-00000458,456.891,1.6213626941367352,5,0.0,0.0
mono-00000448,446.977,1.639227833909871,-5,5.251556996523346e-05,7.5765745726670275
mono-00000448,446.977,1.639227833909871,-4,0.0004594639022170458,6.815337374488266
mono-00000448,446.977,1.639227833909871,-3,0.0037669141753073885,5.9581256159096085
mono-00000448,446.977,1.639227833909871,-2,0.006951137429453484,4.955379511226226
mono-00000448,446.977,1.639227833909871,-1,0.2126419226279362,3.6903104403297533
mono-00000448,446.977,1.639227833909871,0,0.4102475172334616,1.639227833909942
mono-00000448,446.977,1.639227833909871,1,0.0,0.0
mono-00000448,446.977,1.639227833909871,2,0.0,0.0
mono-00000448,446.977,1.639227833909871,3,0.0,0.0
mono-00000448,446.977,1.639227833909871,4,0.0,0.0
mono-00000448,446.977,1.639227833909871,5,0.0,0.0
mono-00000459,457.882,1.6196088384624119,-5,5.9423353257415294e-05,7.485682583860694
mono-00000459,457.882,1.6196088384624119,-4,0.0004216777612448745,6.733600816583802
mono-00000459,457.882,1.6196088384624119,-3,0.0038773779359495527,5.886690456055547
mono-00000459,457.882,1.6196088384624119,-2,0.0079378883168484,4.895985078078255
mono-00000459,457.882,1.6196088384624119,-1,0.21590747923156883,3.6460949637203015
mono-00000459,457.882,1.6196088384624119,0,0.40756983066273683,1.6196088384623266
mono-00000459,457.882,1.6196088384624119,1,0.0,0.0
mono-00000459,457.882,1.6196088384624119,2,0.0,0.0
mono-00000459,457.882,1.6196088384624119,3,0.0,0.0
mono-00000459,457.882,1.6196088384624119,4,0.0,0.0
mono-00000459,457.882,1.6196088384624119,5,0.0,0.0
mono-00000450,448.964,1.6355999200051343,-5,5.363624091884005e-05,7.559766384370903
mono-00000450,448.964,1.6355999200051343,-4,0.0004526804120664922,6.80022231709151
mono-00000450,448.964,1.6355999200051343,-3,0.003788038599906205,5.944915592334652
mono-00000450,448.964,1.6355999200051343,-2,0.00712573266750586,4.944396148463724
mono-00000450,448.964,1.6355999200051343,-1,0.21324454954475877,3.6821340510917366
mono-00000450,448.964,1.6355999200051343,0,0.4097486463660831,1.635599920005319
mono-00000450,448.964,1.6355999200051343,1,0.0,0.0
mono-00000450,448.964,1.6355999200051343,2,0.0,0.0
mono-00000450,448.964,1.6355999200051343,3,0.0,0.0
mono-00000450,448.964,1.6355999200051343,4,0.0,0.0
mono-00000450,448.964,1.6355999200051343,5,0.0,0.0
mono-00000451,449.952,1.6338049483918837,-5,5.421749854982978e-05,7.551450347924032
mono-00000451,449.952,1.6338049483918837,-4,0.00044929306482216773,6.792743965030908
mono-00000451,449.952,1.6338049483918837,-3,0.003798461101900666,5.938379768473311
mono-00000451,449.952,1.6338049483918837,-2,0.007213590119618721,4.93896198434976
mono-00000451,449.952,1.6338049483918837,-1,0.2135468608223286,3.678088666875169
mono-00000451,449.952,1.6338049483918837,0,0.40950778303852997,1.6338049483918553
mono-00000451,449.952,1.6338049483918837,1,0.0,0.0
mono-00000451,449.952,1.6338049483918837,2,0.0,0.0
mono-00000451,449.952,1.6338049483918837,3,0.0,0.0
mono-00000451,449.952,1.6338049483918837,4,0.0,0.0
mono-00000451,449.952,1.6338049483918837,5,0.0,0.0
mono-00000475,473.705,1.5923546712891863,-5,7.259426062844065e-05,7.359430687329805
mono-00000475,473.705,1.5923546712891863,-4,0.00036501686531907704,6.620064708992075
mono-00000475,473.705,1.5923546712891863,-3,0.004005503370019914,5.787462247518079
mono-00000475,473.705,1.5923546712891863,-2,0.009474146269160695,4.813481147328929
mono-00000475,473.705,1.5923546712891863,-1,0.22012914248139553,3.5846749366225197
mono-00000475,473.705,1.5923546712891863,0,0.403512698663846,1.5923546712888736
mono-00000475,473.705,1.5923546712891863,1,0.0,0.0
mono-00000475,473.705,1.5923546712891863,2,0.0,0.0
mono-00000475,473.705,1.5923546712891863,3,0.0,0.0
mono-00000475,473.705,1.5923546712891863,4,0.0,0.0
mono-00000475,473.705,1.5923546712891863,5,0.0,0.0
mono-00000465,463.817,1.6092229700725795,-5,6.393485228422117e-05,7.437569467279204
mono-00000465,463.817,1.6092229700725795,-4,0.00040054023160478603,6.690333728652902
mono-00000465,463.817,1.6092229700725795,-3,0.003929909359751287,5.848876086993599
mono-00000465,463.817,1.6092229700725795,-2,0.008500389182639479,4.864544227608249
mono-00000465,463.817,1.6092229700725795,-1,0.21756651632520813,3.622688962748768
mono-00000465,463.817,1.6092229700725795,0,0.4060847664657508,1.609222970072679
mono-00000465,463.817,1.6092229700725795,1,0.0,0.0
mono-00000465,463.817,1.6092229700725795,2,0.0,0.0
mono-00000465,463.817,1.6092229700725795,3,0.0,0.0
mono-00000465,463.817,1.6092229700725795,4,0.0,0.0
mono-00000465,463.817,1.6092229700725795,5,0.0,0.0
mono-00000463,461.834,1.6126708346378393,-5,6.236927509168218e-05,7.45354165464768
mono-00000463,461.834,1.6126708346378393,-4,0.0004076261771507588,6.704697198376266
mono-00000463,461.834,1.6126708346378393,-3,0.0039129381249782,5.861429429089924
mono-00000463,461.834,1.6126708346378393,-2,0.008310544955543519,4.874981755351257
mono-00000463,461.834,1.6126708346378393,-1,0.21702187807706405,3.6304591517049545
mono-00000463,461.834,1.6126708346378393,0,0.40658543923420115,1.6126708346377825
mono-00000463,461.834,1.6126708346378393,1,0.0,0.0
mono-00000463,461.834,1.6126708346378393,2,0.0,0.0
mono-00000463,461.834,1.6126708346378393,3,0.0,0.0
mono-00000463,461.834,1.6126708346378393,4,0.0,0.0
mono-00000463,461.834,1.6126708346378393,5,0.0,0.0
mono-00000460,458.866,1.617872990547312,-5,6.013439924167923e-05,7.477641021566839
mono-00000460,458.866,1.617872990547312,-4,0.00041818431755204737,6.726369229501373
mono-00000460,458.866,1.617872990547312,-3,0.0038863897392682457,5.880370241765448
mono-00000460,458.866,1.617872990547312,-2,0.00802985612900733,4.890730133179417
mono-00000460,458.866,1.617872990547312,-1,0.2161863431115982,3.6421829547005586
mono-00000460,458.866,1.617872990547312,0,0.4073240428600994,1.6178729905473261
mono-00000460,458.866,1.617872990547312,1,0.0,0.0
mono-00000460,458.866,1.617872990547312,2,0.0,0.0
mono-00000460,458.866,1.617872990547312,3,0.0,0.0
mono-00000460,458.866,1.617872990547312,4,0.0,0.0
mono-00000460,458.866,1.617872990547312,5,0.0,0.0
mono-00000453,451.945,1.6302020313144823,-5,5.5436117155797246e-05,7.53475836368527
mono-00000453,451.945,1.6302020313144823,-4,0.0004424299973942337,6.777733362988002
mono-00000453,451.945,1.6302020313144823,-3,0.003819169051520069,5.925260996577833
mono-00000453,451.945,1.6302020313144823,-2,0.007392540376299589,4.928054458211449
mono-00000453,451.945,1.6302020313144823,-1,0.21415377579707462,3.6699687033526516
mono-00000453,451.945,1.6302020313144823,0,0.40902379102737874,1.6302020313141554
mono-00000453,451.945,1.6302020313144823,1,0.0,0.0
mono-00000453,451.945,1.6302020313144823,2,0.0,0.0
mono-00000453,451.945,1.6302020313144823,3,0.0,0.0
mono-00000453,451.945,1.6302020313144823,4,0.0,0.0
mono-00000453,451.945,1.6302020313144823,5,0.0,0.0
mono-00000452,450.947,1.6320032187738462,-5,5.4818084219445494e-05,7.543103067234057
mono-00000452,450.947,1.6320032187738462,-4,0.0004458687203339152,6.7852375088245225
mono-00000452,450.947,1.6320032187738462,-3,0.003808837724990447,5.931819376138947
mono-00000452,450.947,1.6320032187738462,-2,0.007302633060347357,4.9335073873364905
mono-00000452,450.947,1.6320032187738462,-1,0.21385001865674313,3.6740280667592486
mono-00000452,450.947,1.6320032187738462,0,0.4092658178927273,1.632003218773633
mono-00000452,450.947,1.6320032187738462,1,0.0,0.0
mono-00000452,450.947,1.6320032187738462,2,0.0,0.0
mono-00000452,450.947,1.6320032187738462,3,0.0,0.0
mono-00000452,450.947,1.6320032187738462,4,0.0,0.0
mono-00000452,450.947,1.6320032187738462,5,0.0,0.0
mono-00000464,462.825,1.610945004451679,-5,6.314478194503938e-05,7.445546739410759
mono-00000464,462.825,1.610945004451679,-4,0.00040408963839140885,6.697507533710535
mono-00000464,462.825,1.610945004451679,-3,0.003921522079407348,5.85514583047366
mono-00000464,462.825,1.610945004451679,-2,0.008405240862859074,4.869757234064508
mono-00000464,462.825,1.610945004451679,-1,0.21729644587473204,3.626569773361794
mono-00000464,462.825,1.610945004451679,0,0.40633708573699134,1.610945004451409
mono-00000464,462.825,1.610945004451679,1,0.0,0.0
mono-00000464,462.825,1.610945004451679,2,0.0,0.0
mono-00000464,462.825,1.610945004451679,3,0.0,0.0
mono-00000464,462.825,1.610945004451679,4,0.0,0.0
mono-00000464,462.825,1.610945004451679,5,0.0,0.0
mono-00000478,476.673,1.5873940619421916,-5,7.547225454263932e-05,7.336452793720028
mono-00000478,476.673,1.5873940619421916,-4,0.0003543680380244272,6.599400920738873
mono-00000478,476.673,1.5873940619421916,-3,0.004025650398032811,5.769402369461048
mono-00000478,476.673,1.5873940619421916,-2,0.009775949343514742,4.798465010225982
mono-00000478,476.673,1.5873940619421916,-1,0.2208663071353353,3.573496058844583
mono-00000478,476.673,1.5873940619421916,0,0.4027366557479432,1.587394061942348
mono-00000478,476.673,1.5873940619421916,1,0.0,0.0
mono-00000478,476.673,1.5873940619421916,2,0.0,0.0
mono-00000478,476.673,1.5873940619421916,3,0.0,0.0
mono-00000478,476.673,1.5873940619421916,4,0.0,0.0
mono-00000478,476.673,1.5873940619421916,5,0.0,0.0
mono-00000469,467.772,1.6024118914983347,-5,6.722572870535766e-05,7.406017928394448
mono-00000469,467.772,1.6024118914983347,-4,0.0003863382499020633,6.6619599825617115
mono-00000469,467.772,1.6024118914983347,-3,0.003961710697562066,5.824078017650081
mono-00000469,467.772,1.6024118914983347,-2,0.008884019849137297,4.843925711599113
mono-00000469,467.772,1.6024118914983347,-1,0.21861232856860177,3.6073395126818752
mono-00000469,467.772,1.6024118914983347,0,0.4050603482948875,1.6024118914982495
mono-00000469,467.772,1.6024118914983347,1,0.0,0.0
mono-00000469,467.772,1.6024118914983347,2,0.0,0.0
mono-00000469,467.772,1.6024118914983347,3,0.0,0.0
mono-00000469,467.772,1.6024118914983347,4,0.0,0.0
mono-00000469,467.772,1.6024118914983347,5,0.0,0.0
mono-00000454,452.935,1.6284211615482747,-5,5.606460249524374e-05,7.526507853953362
mono-00000454,452.935,1.6284211615482747,-4,0.0004390079912986692,6.770313915828339
mono-00000454,452.935,1.6284211615482747,-3,0.0038293079322335114,5.918776634610481
mono-00000454,452.935,1.6284211615482747,-2,0.007482309315615671,4.922663065095918
mono-00000454,452.935,1.6284211615482747,-1,0.21445428532814598,3.665955144804144
mono-00000454,452.935,1.6284211615482747,0,0.40878492368125713,1.628421161548303
mono-00000454,452.935,1.6284211615482747,1,0.0,0.0
mono-00000454,452.935,1.6284211615482747,2,0.0,0.0
mono-00000454,452.935,1.6284211615482747,3,0.0,0.0
mono-00000454,452.935,1.6284211615482747,4,0.0,0.0
mono-00000454,452.935,1.6284211615482747,5,0.0,0.0
mono-00000470,468.761,1.6007221657632584,-5,6.808604701059271e-05,7.398190610234451
mono-00000470,468.761,1.6007221657632584,-4,0.00038278999615682545,6.654920996882822
mono-00000470,468.761,1.6007221657632584,-3,0.003969423330082451,5.8179260752824575
mono-00000470,468.761,1.6007221657632584,-2,0.008981347831052802,4.838810626891444
mono-00000470,468.761,1.6007221657632584,-1,0.2188727689325118,3.603531578190072
mono-00000470,468.761,1.6007221657632584,0,0.404806716153604,1.6007221657632442
mono-00000470,468.761,1.6007221657632584,1,0.0,0.0
mono-00000470,468.761,1.6007221657632584,2,0.0,0.0
mono-00000470,468.761,1.6007221657632584,3,0.0,0.0
mono-00000470,468.761,1.6007221657632584,4,0.0,0.0
mono-00000470,468.761,1.6007221657632584,5,0.0,0.0
mono-00000455,453.921,1.6266532756677918,-5,5.6706023159551603e-05,7.518317559715271
mono-00000455,453.921,1.6266532756677918,-4,0.0004355980456466296,6.762948611817137
mono-00000455,453.921,1.6266532756677918,-3,0.0038393400299680932,5.912339585855193
mono-00000455,453.921,1.6266532756677918,-2,0.007572313688518128,4.917311004913742
mono-00000455,453.921,1.6266532756677918,-1,0.21475361007017024,3.661970862437741
mono-00000455,453.921,1.6266532756677918,0,0.4085479749399622,1.6266532756680903
mono-00000455,453.921,1.6266532756677918,1,0.0,0.0
mono-00000455,453.921,1.6266532756677918,2,0.0,0.0
mono-00000455,453.921,1.6266532756677918,3,0.0,0.0
mono-00000455,453.921,1.6266532756677918,4,0.0,0.0
mono-00000455,453.921,1.6266532756677918,5,0.0,0.0
mono-00000472,470.743,1.5973519083884042,-5,6.985192390216158e-05,7.38257873207651
mono-00000472,470.743,1.5973519083884042,-4,0.00037566794740431005,6.640881458798219
mono-00000472,470.743,1.5973519083884042,-3,0.003984370435413113,5.8056557639952615
mono-00000472,470.743,1.5973519083884042,-2,0.009177656462060866,4.828608357930591
mono-00000472,470.743,1.5973519083884042,-1,0.21938530049640953,3.59593646706017
mono-00000472,470.743,1.5973519083884042,0,0.40429321951294156,1.597351908388731
mono-00000472,470.743,1.5973519083884042,1,0.0,0.0
mono-00000472,470.743,1.5973519083884042,2,0.0,0.0
mono-00000472,470.743,1.5973519083884042,3,0.0,0.0
mono-00000472,470.743,1.5973519083884042,4,0.0,0.0
mono-00000472,470.743,1.5973519083884042,5,0.0,0.0
mono-00000476,474.695,1.5906948551599243,-5,7.353981860960805e-05,7.351742247796878
mono-00000476,474.695,1.5906948551599243,-4,0.00036146150179867335,6.613150578668808
mono-00000476,474.695,1.5906948551599243,-3,0.004012335062829836,5.781419394192753
mono-00000476,474.695,1.5906948551599243,-2,0.009574286346634356,4.808456737402523
mono-00000476,474.695,1.5906948551599243,-1,0.22037584045312378,3.5809344803889616
mono-00000476,474.695,1.5906948551599243,0,0.40325311894585414,1.590694855160237
mono-00000476,474.695,1.5906948551599243,1,0.0,0.0
mono-00000476,474.695,1.5906948551599243,2,0.0,0.0
mono-00000476,474.695,1.5906948551599243,3,0.0,0.0
mono-00000476,474.695,1.5906948551599243,4,0.0,0.0
mono-00000476,474.695,1.5906948551599243,5,0.0,0.0
mono-00000474,472.717,1.5940163251521113,-5,7.166517357935648e-05,7.36712769364739
mono-00000474,472.717,1.5940163251521113,-4,0.00036856736527210855,6.62698653738164
mono-00000474,472.717,1.5940163251521113,-3,0.003998573813018112,5.793511823526856
mono-00000474,472.717,1.5940163251521113,-2,0.009374746245822303,4.818511142257833
mono-00000474,472.717,1.5940163251521113,-1,0.21988226811923783,3.5884195465619797
mono-00000474,472.717,1.5940163251521113,0,0.4037728441138411,1.594016325152225
mono-00000474,472.717,1.5940163251521113,1,0.0,0.0
mono-00000474,472.717,1.5940163251521113,2,0.0,0.0
mono-00000474,472.717,1.5940163251521113,3,0.0,0.0
mono-00000474,472.717,1.5940163251521113,4,0.0,0.0
mono-00000474,472.717,1.5940163251521113,5,0.0,0.0
mono-00000466,464.803,1.60751681195417,-5,6.473315761111951e-05,7.429665799517252
mono-00000466,464.803,1.60751681195417,-4,0.000397002221366723,6.683226108193125
mono-00000466,464.803,1.60751681195417,-3,0.003938005842781479,5.842664181658307
mono-00000466,464.803,1.60751681195417,-2,0.008595223396958401,4.859379305944913
mono-00000466,464.803,1.60751681195417,-1,0.21782857787593848,3.6188439443704397
mono-00000466,464.803,1.60751681195417,0,0.40582823048805217,1.607516811953829
mono-00000466,464.803,1.60751681195417,1,0.0,0.0
mono-00000466,464.803,1.60751681195417,2,0.0,0.0
mono-00000466,464.803,1.60751681195417,3,0.0,0.0
mono-00000466,464.803,1.60751681195417,4,0.0,0.0
mono-00000466,464.803,1.60751681195417,5,0.0,0.0
mono-00000462,460.845,1.6143987236096535,-5,6.160994878486389e-05,7.46154616659625
mono-00000462,460.845,1.6143987236096535,-4,0.0004111502769125357,6.711895486651514
mono-00000462,460.845,1.6143987236096535,-3,0.003904230338234473,5.867720558713046
mono-00000462,460.845,1.6143987236096535,-2,0.008216524810821342,4.88021253321611
mono-00000462,460.845,1.6143987236096535,-1,0.21674564732148738,3.6343531832612257
mono-00000462,460.845,1.6143987236096535,0,0.4068324428653244,1.614398723609753
mono-00000462,460.845,1.6143987236096535,1,0.0,0.0
mono-00000462,460.845,1.6143987236096535,2,0.0,0.0
mono-00000462,460.845,1.6143987236096535,3,0.0,0.0
mono-00000462,460.845,1.6143987236096535,4,0.0,0.0
mono-00000462,460.845,1.6143987236096535,5,0.0,0.0
mono-00000477,475.688,1.5890352124280582,-5,7.450279976513925e-05,7.344054665515557
mono-00000477,475.688,1.5890352124280582,-4,0.00035790021958878495,6.6062372133293366
mono-00000477,475.688,1.5890352124280582,-3,0.0040190860562557525,5.775377204148995
mono-00000477,475.688,1.5890352124280582,-2,0.009675268275380533,4.803432874322482
mono-00000477,475.688,1.5890352124280582,-1,0.22062264870162462,3.577194427183173
mono-00000477,475.688,1.5890352124280582,0,0.402993387127432,1.5890352124280724
mono-00000477,475.688,1.5890352124280582,1,0.0,0.0
mono-00000477,475.688,1.5890352124280582,2,0.0,0.0
mono-00000477,475.688,1.5890352124280582,3,0.0,0.0
mono-00000477,475.688,1.5890352124280582,4,0.0,0.0
mono-00000477,475.688,1.5890352124280582,5,0.0,0.0
mono-00000473,471.728,1.5956848815574034,-5,7.07495351798323e-05,7.374856728117095
mono-00000473,471.728,1.5956848815574034,-4,0.00037212352447264264,6.633937162319299
mono-00000473,471.728,1.5956848815574034,-3,0.003991516324190085,5.799586561933538
mono-00000473,471.728,1.5956848815574034,-2,0.009275751865089724,4.823562054076433
mono-00000473,471.728,1.5956848815574034,-1,0.21963392073640584,3.5921797240859235
mono-00000473,471.728,1.5956848815574034,0,0.40403355027544113,1.5956848815572755
mono-00000473,471.728,1.5956848815574034,1,0.0,0.0
mono-00000473,471.728,1.5956848815574034,2,0.0,0.0
mono-00000473,471.728,1.5956848815574034,3,0.0,0.0
mono-00000473,471.728,1.5956848815574034,4,0.0,0.0
mono-00000473,471.728,1.5956848815574034,5,0.0,0.0
mono-00000471,469.748,1.5990411750526334,-5,6.895933164052386e-05,7.390403811290653
mono-00000471,469.748,1.5990411750526334,-4,0.00037924612591574416,6.647918443364219
mono-00000471,469.748,1.5990411750526334,-3,0.003976995222766061,5.8118059684544505
mono-00000471,469.748,1.5990411750526334,-2,0.009079017756789572,4.833722007302654
mono-00000471,469.748,1.5990411750526334,-1,0.21913172345707552,3.599743341487226
mono-00000471,469.748,1.5990411750526334,0,0.40455476486054065,1.5990411750522924
mono-00000471,469.748,1.5990411750526334,1,0.0,0.0
mono-00000471,469.748,1.5990411750526334,2,0.0,0.0
mono-00000471,469.748,1.5990411750526334,3,0.0,0.0
mono-00000471,469.748,1.5990411750526334,4,0.0,0.0
mono-00000471,469.748,1.5990411750526334,5,0.0,0.0
mono-00000479,477.657,1.5857596443204187,-5,7.645395459223185e-05,7.328882161229245
mono-00000479,477.657,1.5857596443204187,-4,0.00035084556120207295,6.592592715611005
mono-00000479,477.657,1.5857596443204187,-3,0.0040320592600116755,5.763452077723002
mono-00000479,477.657,1.5857596443204187,-2,0.009876897365151214,4.793517548218688
mono-00000479,477.657,1.5857596443204187,-1,0.2211064923720461,3.569812875060947
mono-00000479,477.657,1.5857596443204187,0,0.4024772246190128,1.585759644320305
mono-00000479,477.657,1.5857596443204187,1,0.0,0.0
mono-00000479,477.657,1.5857596443204187,2,0.0,0.0
mono-00000479,477.657,1.5857596443204187,3,0.0,0.0
mono-00000479,477.657,1.5857596443204187,4,0.0,0.0
mono-00000479,477.657,1.5857596443204187,5,0.0,0.0
mono-00000467,465.791,1.6058126248451003,-5,6.554763562434815e-05,7.421771319970247
mono-00000467,465.791,1.6058126248451003,-4,0.00039345286866245433,6.676126744196054
mono-00000467,465.791,1.6058126248451003,-3,0.003945991803652282,5.836459486636116
mono-00000467,465.791,1.6058126248451003,-2,0.008690768506165566,4.854220374378926
mono-00000467,465.791,1.6058126248451003,-1,0.21808984077322482,3.615003380965817
mono-00000467,465.791,1.6058126248451003,0,0.40557163484820824,1.6058126248450577
mono-00000467,465.791,1.6058126248451003,1,0.0,0.0
mono-00000467,465.791,1.6058126248451003,2,0.0,0.0
mono-00000467,465.791,1.6058126248451003,3,0.0,0.0
mono-00000467,465.791,1.6058126248451003,4,0.0,0.0
mono-00000467,465.791,1.6058126248451003,5,0.0,0.0
mono-00000468,466.784,1.604105262923369,-5,6.638137384818199e-05,7.413862191121936
mono-00000468,466.784,1.604105262923369,-4,0.00038988823795456525,6.669014200010594
mono-00000468,466.784,1.604105262923369,-3,0.003953932834096299,5.830243266744304
mono-00000468,466.784,1.604105262923369,-2,0.008787366581440754,4.849051855428144
mono-00000468,466.784,1.604105262923369,-1,0.21835221516122358,3.6111556758877725
mono-00000468,466.784,1.604105262923369,0,0.4053147644248807,1.6041052629230563
mono-00000468,466.784,1.604105262923369,1,0.0,0.0
mono-00000468,466.784,1.604105262923369,2,0.0,0.0
mono-00000468,466.784,1.604105262923369,3,0.0,0.0
mono-00000468,466.784,1.604105262923369,4,0.0,0.0
mono-00000468,466.784,1.604105262923369,5,0.0,0.0
mono-00000482,480.634,1.58084543898552,-5,7.950707132550558e-05,7.306119846402922
mono-00000482,480.634,1.58084543898552,-4,0.0003402063680540026,6.572122725808143
mono-00000482,480.634,1.58084543898552,-3,0.004050583665195272,5.745561514935574
mono-00000482,480.634,1.58084543898552,-2,0.01018505693771433,4.778642136305862
mono-00000482,480.634,1.58084543898552,-1,0.2218213086384607,3.558738713564111
mono-00000482,480.634,1.58084543898552,0,0.4016898335002494,1.5808454389856337
mono-00000482,480.634,1.58084543898552,1,0.0,0.0
mono-00000482,480.634,1.58084543898552,2,0.0,0.0
mono-00000482,480.634,1.58084543898552,3,0.0,0.0
mono-00000482,480.634,1.58084543898552,4,0.0,0.0
mono-00000482,480.634,1.58084543898552,5,0.0,0.0
mono-00000484,482.61,1.577608722871048,-5,8.160307110047792e-05,7.291127821933856
mono-00000484,482.61,1.577608722871048,-4,0.0003331714812821746,6.5586404752890815
mono-00000484,482.61,1.577608722871048,-3,0.004062249359537532,5.7337781399292
mono-00000484,482.61,1.577608722871048,-2,0.010392022014516928,4.768844627146407
mono-00000484,482.61,1.577608722871048,-1,0.22228885347058194,3.5514448323623355
mono-00000484,482.61,1.577608722871048,0,0.4011674439121109,1.5776087228710054
mono-00000484,482.61,1.577608722871048,1,0.0,0.0
mono-00000484,482.61,1.577608722871048,2,0.0,0.0
mono-00000484,482.61,1.577608722871048,3,0.0,0.0
mono-00000484,482.61,1.577608722871048,4,0.0,0.0
mono-00000484,482.61,1.577608722871048,5,0.0,0.0
mono-00000480,478.655,1.5841071188172435,-5,7.746401700499304e-05,7.3212277060493705
mono-00000480,478.655,1.5841071188172435,-4,0.00034727438494554604,6.585709123623744
mono-00000480,478.655,1.5841071188172435,-3,0.004038426439585302,5.757435893538002
mono-00000480,478.655,1.5841071188172435,-2,0.009979804968339358,4.788515294350319
mono-00000480,478.655,1.5841071188172435,-1,0.22134903815354992,3.5660888969645015
mono-00000480,478.655,1.5841071188172435,0,0.402215209853,1.5841071188171583
mono-00000480,478.655,1.5841071188172435,1,0.0,0.0
mono-00000480,478.655,1.5841071188172435,2,0.0,0.0
mono-00000480,478.655,1.5841071188172435,3,0.0,0.0
mono-00000480,478.655,1.5841071188172435,4,0.0,0.0
mono-00000480,478.655,1.5841071188172435,5,0.0,0.0
mono-00000487,485.577,1.5727858566421418,-5,8.485537380736302e-05,7.268789346081633
mono-00000487,485.577,1.5727858566421418,-4,0.0003226594876533954,6.538551557319835
mono-00000487,485.577,1.5727858566421418,-3,0.0040789044688882324,5.716220555335056
mono-00000487,485.577,1.5727858566421418,-2,0.010706651438873647,4.7542460101256125
mono-00000487,485.577,1.5727858566421418,-1,0.22298476646323892,3.540576676402381
mono-00000487,485.577,1.5727858566421418,0,0.40038886439741633,1.5727858566418718
mono-00000487,485.577,1.5727858566421418,1,0.0,0.0
mono-00000487,485.577,1.5727858566421418,2,0.0,0.0
mono-00000487,485.577,1.5727858566421418,3,0.0,0.0
mono-00000487,485.577,1.5727858566421418,4,0.0,0.0
mono-00000487,485.577,1.5727858566421418,5,0.0,0.0
mono-00000504,502.389,1.5462690913589512,-5,0.00010552482367272505,7.145977433363072
mono-00000504,502.389,1.5462690913589512,-4,0.0002647429052265696,6.428106327068676
mono-00000504,502.389,1.5462690913589512,-3,0.004151123799377533,5.61969135011482
mono-00000504,502.389,1.5462690913589512,-2,0.012567374600867137,4.673984115190237
mono-00000504,502.389,1.5462690913589512,-1,0.2266700725115558,3.4808239188512715
mono-00000504,502.389,1.5462690913589512,0,0.39595150049239486,1.5462690913587664
mono-00000504,502.389,1.5462690913589512,1,0.0,0.0
mono-00000504,502.389,1.5462690913589512,2,0.0,0.0
mono-00000504,502.389,1.5462690913589512,3,0.0,0.0
mono-00000504,502.389,1.5462690913589512,4,0.0,0.0
mono-00000504,502.389,1.5462690913589512,5,0.0,0.0
mono-00000488,486.568,1.5711848109006183,-5,8.59678143736744e-05,7.261373747460112
mono-00000488,486.568,1.5711848109006183,-4,0.00031916300727796964,6.531882722877384
mono-00000488,486.568,1.5711848109006183,-3,0.0040841651844961205,5.710392027297615
mono-00000488,486.568,1.5711848109006183,-2,0.010812540411072354,4.749399751298554
mono-00000488,486.568,1.5711848109006183,-1,0.22321200682655695,3.536968799946038
mono-00000488,486.568,1.5711848109006183,0,0.4001256925534558,1.5711848109005473
mono-00000488,486.568,1.5711848109006183,1,0.0,0.0
mono-00000488,486.568,1.5711848109006183,2,0.0,0.0
mono-00000488,486.568,1.5711848109006183,3,0.0,0.0
mono-00000488,486.568,1.5711848109006183,4,0.0,0.0
mono-00000488,486.568,1.5711848109006183,5,0.0,0.0
mono-00000481,479.641,1.5824795264089033,-5,7.847516499178946e-05,7.31368879248096
mono-00000481,479.641,1.5824795264089033,-4,0.0003437514805687361,6.578929431583319
mono-00000481,479.641,1.5824795264089033,-3,0.004044559169521901,5.751510511653521
mono-00000481,479.641,1.5824795264089033,-2,0.010081848320942256,4.783588535041602
mono-00000481,479.641,1.5824795264089033,-1,0.22158544824434162,3.562421117617717
mono-00000481,479.641,1.5824795264089033,0,0.4019537835048822,1.5824795264090028
mono-00000481,479.641,1.5824795264089033,1,0.0,0.0
mono-00000481,479.641,1.5824795264089033,2,0.0,0.0
mono-00000481,479.641,1.5824795264089033,3,0.0,0.0
mono-00000481,479.641,1.5824795264089033,4,0.0,0.0
mono-00000481,479.641,1.5824795264089033,5,0.0,0.0
mono-00000489,487.552,1.5695999022413503,-5,8.708527718369848e-05,7.254032940244514
mono-00000489,487.552,1.5695999022413503,-4,0.0003156983517632808,6.52528114284128
mono-00000489,487.552,1.5695999022413503,-3,0.004089235250209182,5.7046222744754544
mono-00000489,487.552,1.5695999022413503,-2,0.01091807985030944,4.744602358220035
mono-00000489,487.552,1.5695999022413503,-1,0.22343514791899352,3.533397298704088
mono-00000489,487.552,1.5695999022413503,0,0.39986318373260454,1.5695999022412082
mono-00000489,487.552,1.5695999022413503,1,0.0,0.0
mono-00000489,487.552,1.5695999022413503,2,0.0,0.0
mono-00000489,487.552,1.5695999022413503,3,0.0,0.0
mono-00000489,487.552,1.5695999022413503,4,0.0,0.0
mono-00000489,487.552,1.5695999022413503,5,0.0,0.0
mono-00000493,491.512,1.563269759827861,-5,9.171980336532666e-05,7.224714160926894
mono-00000493,491.512,1.563269759827861,-4,0.0003018490727301435,6.498914742952223
mono-00000493,491.512,1.563269759827861,-3,0.004108522565001416,5.681578105787153
mono-00000493,491.512,1.563269759827861,-2,0.01134799031591572,4.725441714926035
mono-00000493,491.512,1.563269759827861,-1,0.22432678142846094,3.5191327939071044
mono-00000493,491.512,1.563269759827861,0,0.39881631898244235,1.5632697598279321
mono-00000493,491.512,1.563269759827861,1,0.0,0.0
mono-00000493,491.512,1.563269759827861,2,0.0,0.0
mono-00000493,491.512,1.563269759827861,3,0.0,0.0
mono-00000493,491.512,1.563269759827861,4,0.0,0.0
mono-00000493,491.512,1.563269759827861,5,0.0,0.0
mono-00000494,492.5,1.561702323113039,-5,9.290997938847013e-05,7.217454517787104
mono-00000494,492.5,1.561702323113039,-4,0.0002984182134164544,6.492386127406007
mono-00000494,492.5,1.561702323113039,-3,0.004113046902639593,5.675872100128828
mono-00000494,492.5,1.561702323113039,-2,0.01145652811682549,4.720697305300149
mono-00000494,492.5,1.561702323113039,-1,0.22454742387243415,3.5156007190481944
mono-00000494,492.5,1.561702323113039,0,0.3985573419121217,1.5617023231130247
mono-00000494,492.5,1.561702323113039,1,0.0,0.0
mono-00000494,492.5,1.561702323113039,2,0.0,0.0
mono-00000494,492.5,1.561702323113039,3,0.0,0.0
mono-00000494,492.5,1.561702323113039,4,0.0,0.0
mono-00000494,492.5,1.561702323113039,5,0.0,0.0
mono-00000495,493.492,1.5601332744861907,-5,9.411763651802443e-05,7.210187456408917
mono-00000495,493.492,1.5601332744861907,-4,0.0002949843539199249,6.485850835417793
mono-00000495,493.492,1.5601332744861907,-3,0.004117441986732496,5.670160254614942
mono-00000495,493.492,1.5601332744861907,-2,0.011565903835589565,4.715948035896545
mono-00000495,493.492,1.5601332744861907,-1,0.22476659333743293,3.512065022652436
mono-00000495,493.492,1.5601332744861907,0,0.39829606263267636,1.5601332744860912
mono-00000495,493.492,1.5601332744861907,1,0.0,0.0
mono-00000495,493.492,1.5601332744861907,2,0.0,0.0
mono-00000495,493.492,1.5601332744861907,3,0.0,0.0
mono-00000495,493.492,1.5601332744861907,4,0.0,0.0
mono-00000495,493.492,1.5601332744861907,5,0.0,0.0
mono-00000496,494.481,1.5585736694006727,-5,9.533388718654922e-05,7.2029641798119
mono-00000496,494.481,1.5585736694006727,-4,0.00029157336387311366,6.479354914074378
mono-00000496,494.481,1.5585736694006727,-3,0.004121671760237545,5.664482814441072
mono-00000496,494.481,1.5585736694006727,-2,0.011675301479255558,4.71122736971293
mono-00000496,494.481,1.5585736694006727,-1,0.22498218880851317,3.5085506170030953
mono-00000496,494.481,1.5585736694006727,0,0.39803336227757175,1.5585736694005163
mono-00000496,494.481,1.5585736694006727,1,0.0,0.0
mono-00000496,494.481,1.5585736694006727,2,0.0,0.0
mono-00000496,494.481,1.5585736694006727,3,0.0,0.0
mono-00000496,494.481,1.5585736694006727,4,0.0,0.0
mono-00000496,494.481,1.5585736694006727,5,0.0,0.0
mono-00000499,497.446,1.5539258897917563,-5,9.905794635384674e-05,7.181438368027827
mono-00000499,497.446,1.5539258897917563,-4,0.00028141389159814015,6.459996635601229
mono-00000499,497.446,1.5539258897917563,-3,0.004133591407004431,5.64756363721024
mono-00000499,497.446,1.5539258897917563,-2,0.01200612192854587,4.6971594234863545
mono-00000499,497.446,1.5539258897917563,-1,0.2256216681577486,3.498077398519854
mono-00000499,497.446,1.5539258897917563,0,0.39724853214499867,1.5539258897916568
mono-00000499,497.446,1.5539258897917563,1,0.0,0.0
mono-00000499,497.446,1.5539258897917563,2,0.0,0.0
mono-00000499,497.446,1.5539258897917563,3,0.0,0.0
mono-00000499,497.446,1.5539258897917563,4,0.0,0.0
mono-00000499,497.446,1.5539258897917563,5,0.0,0.0
mono-00000501,499.423,1.5508498538871294,-5,0.0001016064440140938,7.167192186607991
mono-00000501,499.423,1.5508498538871294,-4,0.0002747043539363826,6.447184942930988
mono-00000501,499.423,1.5508498538871294,-3,0.004140968839879496,5.636366167781276
mono-00000501,499.423,1.5508498538871294,-2,0.01222919690612387,4.6878489394754155
mono-00000501,499.423,1.5508498538871294,-1,0.2260443605450653,3.4911459692097253
mono-00000501,499.423,1.5508498538871294,0,0.3967290262608228,1.5508498538870583
mono-00000501,499.423,1.5508498538871294,1,0.0,0.0
mono-00000501,499.423,1.5508498538871294,2,0.0,0.0
mono-00000501,499.423,1.5508498538871294,3,0.0,0.0
mono-00000501,499.423,1.5508498538871294,4,0.0,0.0
mono-00000501,499.423,1.5508498538871294,5,0.0,0.0
mono-00000483,481.62,1.5792278692749022,-5,8.054581492124847e-05,7.298627460171389
mono-00000483,481.62,1.5792278692749022,-4,0.00033669197182679874,6.565384864194328
mono-00000483,481.62,1.5792278692749022,-3,0.0040564531694006235,5.739672682334458
mono-00000483,481.62,1.5792278692749022,-2,0.01028805984560466,4.773745757681667
mono-00000483,481.62,1.5792278692749022,-1,0.2220547808464561,3.5550935436972253
mono-00000483,481.62,1.5792278692749022,0,0.4014286504712251,1.579227869274888
mono-00000483,481.62,1.5792278692749022,1,0.0,0.0
mono-00000483,481.62,1.5792278692749022,2,0.0,0.0
mono-00000483,481.62,1.5792278692749022,3,0.0,0.0
mono-00000483,481.62,1.5792278692749022,4,0.0,0.0
mono-00000483,481.62,1.5792278692749022,5,0.0,0.0
mono-00000502,500.416,1.5493117102511462,-5,0.00010290593927888455,7.160068581702973
mono-00000502,500.416,1.5493117102511462,-4,0.0002713525554359612,6.440778626726356
mono-00000502,500.416,1.5493117102511462,-3,0.004144484349661078,5.630767015738712
mono-00000502,500.416,1.5493117102511462,-2,0.012341986313250685,4.683193344632272
mono-00000502,500.416,1.5493117102511462,-1,0.2262553878372383,3.4876799867563193
mono-00000502,500.416,1.5493117102511462,0,0.39646960553852095,1.5493117102514447
mono-00000502,500.416,1.5493117102511462,1,0.0,0.0
mono-00000502,500.416,1.5493117102511462,2,0.0,0.0
mono-00000502,500.416,1.5493117102511462,3,0.0,0.0
mono-00000502,500.416,1.5493117102511462,4,0.0,0.0
mono-00000502,500.416,1.5493117102511462,5,0.0,0.0
mono-00000500,498.437,1.552381696418621,-5,0.00010032881602551876,7.174286654175859
mono-00000500,498.437,1.552381696418621,-4,0.00027804343997982385,6.453565050754889
mono-00000500,498.437,1.552381696418621,-3,0.0041373406085523775,5.64194240915775
mono-00000500,498.437,1.552381696418621,-2,0.012117682120421532,4.692485480642716
mono-00000500,498.437,1.552381696418621,-1,0.2258337477729551,3.4945977632522442
mono-00000500,498.437,1.552381696418621,0,0.39698763290397854,1.5523816964189194
mono-00000500,498.437,1.552381696418621,1,0.0,0.0
mono-00000500,498.437,1.552381696418621,2,0.0,0.0
mono-00000500,498.437,1.552381696418621,3,0.0,0.0
mono-00000500,498.437,1.552381696418621,4,0.0,0.0
mono-00000500,498.437,1.552381696418621,5,0.0,0.0
mono-00000485,483.597,1.5759994304540896,-5,8.267103905914441e-05,7.283673876408301
mono-00000485,483.597,1.5759994304540896,-4,0.00032966563811461294,6.551937172073536
mono-00000485,483.597,1.5759994304540896,-3,0.004067896852616486,5.727919501131055
mono-00000485,483.597,1.5759994304540896,-2,0.010496177181764746,4.76397334500858
mono-00000485,483.597,1.5759994304540896,-1,0.22252118271618088,3.547818338249243
mono-00000485,483.597,1.5759994304540896,0,0.40090805897518617,1.5759994304542744
mono-00000485,483.597,1.5759994304540896,1,0.0,0.0
mono-00000485,483.597,1.5759994304540896,2,0.0,0.0
mono-00000485,483.597,1.5759994304540896,3,0.0,0.0
mono-00000485,483.597,1.5759994304540896,4,0.0,0.0
mono-00000485,483.597,1.5759994304540896,5,0.0,0.0
mono-00000486,484.59,1.5743853147650526,-5,8.375964764370021e-05,7.2761976409495475
mono-00000486,484.59,1.5743853147650526,-4,0.0003261499442716105,6.545213818060276
mono-00000486,484.59,1.5743853147650526,-3,0.00407348688425647,5.722043333118265
mono-00000486,484.59,1.5743853147650526,-2,0.010601484440810403,4.7590874835070025
mono-00000486,484.59,1.5743853147650526,-1,0.22275429744202946,3.5441809865117335
mono-00000486,484.59,1.5743853147650526,0,0.40064723775382755,1.57438531476501
mono-00000486,484.59,1.5743853147650526,1,0.0,0.0
mono-00000486,484.59,1.5743853147650526,2,0.0,0.0
mono-00000486,484.59,1.5743853147650526,3,0.0,0.0
mono-00000486,484.59,1.5743853147650526,4,0.0,0.0
mono-00000486,484.59,1.5743853147650526,5,0.0,0.0
mono-00000497,495.462,1.5570312913985305,-5,9.65532265088386e-05,7.195820736053932
mono-00000497,495.462,1.5570312913985305,-4,0.00028819874236130625,6.472930781673938
mono-00000497,495.462,1.5570312913985305,-3,0.004125731648798259,5.658868113346557
mono-00000497,495.462,1.5570312913985305,-2,0.011784293579329143,4.706558865735374
mono-00000497,495.462,1.5570312913985305,-1,0.22519495706252052,3.505075041208812
mono-00000497,495.462,1.5570312913985305,0,0.3977737888012636,1.5570312913985447
mono-00000497,495.462,1.5570312913985305,1,0.0,0.0
mono-00000497,495.462,1.5570312913985305,2,0.0,0.0
mono-00000497,495.462,1.5570312913985305,3,0.0,0.0
mono-00000497,495.462,1.5570312913985305,4,0.0,0.0
mono-00000497,495.462,1.5570312913985305,5,0.0,0.0
mono-00000490,488.545,1.568005349857188,-5,8.822675153306219e-05,7.246647515350006
mono-00000490,488.545,1.568005349857188,-4,0.00031221011228457513,6.518639432788532
mono-00000490,488.545,1.568005349857188,-3,0.004094232869909096,5.698817443375148
mono-00000490,488.545,1.568005349857188,-2,0.011025099423537804,4.739775794284554
mono-00000490,488.545,1.568005349857188,-1,0.2236595779020759,3.5298040770188805
mono-00000490,488.545,1.568005349857188,0,0.3995993057460338,1.5680053498570174
mono-00000490,488.545,1.568005349857188,1,0.0,0.0
mono-00000490,488.545,1.568005349857188,2,0.0,0.0
mono-00000490,488.545,1.568005349857188,3,0.0,0.0
mono-00000490,488.545,1.568005349857188,4,0.0,0.0
mono-00000490,488.545,1.568005349857188,5,0.0,0.0
mono-00000491,489.537,1.5664172457963872,-5,8.938113212032156e-05,7.239292005773933
mono-00000491,489.537,1.5664172457963872,-4,0.0003087373783215944,6.512024620207342
mono-00000491,489.537,1.5664172457963872,-3,0.004099134059970913,5.693036115774802
mono-00000491,489.537,1.5664172457963872,-2,0.011132554656371257,4.734968768686798
mono-00000491,489.537,1.5664172457963872,-1,0.22388358359688573,3.526225397312743
mono-00000491,489.537,1.5664172457963872,0,0.3993367088427399,1.566417245796643
mono-00000491,489.537,1.5664172457963872,1,0.0,0.0
mono-00000491,489.537,1.5664172457963872,2,0.0,0.0
mono-00000491,489.537,1.5664172457963872,3,0.0,0.0
mono-00000491,489.537,1.5664172457963872,4,0.0,0.0
mono-00000491,489.537,1.5664172457963872,5,0.0,0.0
mono-00000507,505.365,1.541713440605335,-5,0.00010956925837081103,7.124879376368028
mono-00000507,505.365,1.541713440605335,-4,0.00025488550226748433,6.409132613634014
mono-00000507,505.365,1.541713440605335,-3,0.004160223967473784,5.603108178831619
mono-00000507,505.365,1.541713440605335,-2,0.012910887412210723,4.660195459178226
mono-00000507,505.365,1.541713440605335,-1,0.2272877963999093,3.470558544138484
mono-00000507,505.365,1.541713440605335,0,0.3951731488147995,1.5417134406052782
mono-00000507,505.365,1.541713440605335,1,0.0,0.0
mono-00000507,505.365,1.541713440605335,2,0.0,0.0
mono-00000507,505.365,1.541713440605335,3,0.0,0.0
mono-00000507,505.365,1.541713440605335,4,0.0,0.0
mono-00000507,505.365,1.541713440605335,5,0.0,0.0
mono-00000492,490.524,1.5648419256072401,-5,9.054304118666668e-05,7.231995754493894
mono-00000492,490.524,1.5648419256072401,-4,0.0003052885175413259,6.505463093351352
mono-00000492,490.524,1.5648419256072401,-3,0.004103871193171161,5.687301355025497
mono-00000492,490.524,1.5648419256072401,-2,0.011239954711744273,4.730200458092185
mono-00000492,490.524,1.5648419256072401,-1,0.2241052431922949,3.522675536081536
mono-00000492,490.524,1.5648419256072401,0,0.3990763263088885,1.5648419256075528
mono-00000492,490.524,1.5648419256072401,1,0.0,0.0
mono-00000492,490.524,1.5648419256072401,2,0.0,0.0
mono-00000492,490.524,1.5648419256072401,3,0.0,0.0
mono-00000492,490.524,1.5648419256072401,4,0.0,0.0
mono-00000492,490.524,1.5648419256072401,5,0.0,0.0
mono-00000498,496.456,1.5554731352792714,-5,9.780159648759061e-05,7.188604263148477
mono-00000498,496.456,1.5554731352792714,-4,0.0002847943784960709,6.4664409687291595
mono-00000498,496.456,1.5554731352792714,-3,0.004129737310436461,5.653196002809906
mono-00000498,496.456,1.5554731352792714,-2,0.011895188553810426,4.701842623045167
mono-00000498,496.456,1.5554731352792714,-1,0.2254092827783659,3.5015639217277794
mono-00000498,496.456,1.5554731352792714,0,0.3975101580662781,1.5554731352790014
mono-00000498,496.456,1.5554731352792714,1,0.0,0.0
mono-00000498,496.456,1.5554731352792714,2,0.0,0.0
mono-00000498,496.456,1.5554731352792714,3,0.0,0.0
mono-00000498,496.456,1.5554731352792714,4,0.0,0.0
mono-00000498,496.456,1.5554731352792714,5,0.0,0.0
mono-00000505,503.383,1.5447429907680572,-5,0.00010686310981267593,7.138909736666449
mono-00000505,503.383,1.5447429907680572,-4,0.0002614344135246537,6.4217502749507105
mono-00000505,503.383,1.5447429907680572,-3,0.004154280733859628,5.61413611605991
mono-00000505,503.383,1.5447429907680572,-2,0.012681633983499554,4.6693650259114605
mono-00000505,503.383,1.5447429907680572,-1,0.22687737098492897,3.4773851038959975
mono-00000505,503.383,1.5447429907680572,0,0.39569117797753567,1.5447429907681425
mono-00000505,503.383,1.5447429907680572,1,0.0,0.0
mono-00000505,503.383,1.5447429907680572,2,0.0,0.0
mono-00000505,503.383,1.5447429907680572,3,0.0,0.0
mono-00000505,503.383,1.5447429907680572,4,0.0,0.0
mono-00000505,503.383,1.5447429907680572,5,0.0,0.0
mono-00000514,512.285,1.5312740931092748,-5,0.00011940289332093023,7.0765343229899
mono-00000514,512.285,1.5312740931092748,-4,0.00023253193908564913,6.365655215250456
mono-00000514,512.285,1.5312740931092748,-3,0.004177171210078693,5.565108452905719
mono-00000514,512.285,1.5312740931092748,-2,0.013726291408403458,4.62859913425207
mono-00000514,512.285,1.5312740931092748,-1,0.2286922759226264,3.4470356090699994
mono-00000514,512.285,1.5312740931092748,0,0.39338392954460466,1.531274093109161
mono-00000514,512.285,1.5312740931092748,1,0.0,0.0
mono-00000514,512.285,1.5312740931092748,2,0.0,0.0
mono-00000514,512.285,1.5312740931092748,3,0.0,0.0
mono-00000514,512.285,1.5312740931092748,4,0.0,0.0
mono-00000514,512.285,1.5312740931092748,5,0.0,0.0
mono-00000510,508.332,1.5372114162072137,-5,0.00011371385444492389,7.104030060494452
mono-00000510,508.332,1.5372114162072137,-4,0.0002452014103968124,6.390382553276922
mono-00000510,508.332,1.5372114162072137,-3,0.004168255015219982,5.586720444030888
mono-00000510,508.332,1.5372114162072137,-2,0.013257766248906172,4.646569272316995
mono-00000510,508.332,1.5372114162072137,-1,0.22789687322198146,3.4604140951838644
mono-00000510,508.332,1.5372114162072137,0,0.3944037304453314,1.5372114162071142
mono-00000510,508.332,1.5372114162072137,1,0.0,0.0
mono-00000510,508.332,1.5372114162072137,2,0.0,0.0
mono-00000510,508.332,1.5372114162072137,3,0.0,0.0
mono-00000510,508.332,1.5372114162072137,4,0.0,0.0
mono-00000510,508.332,1.5372114162072137,5,0.0,0.0
mono-00000503,501.406,1.5477827604792083,-5,0.00010421385140565016,7.152987601138747
mono-00000503,501.406,1.5477827604792083,-4,0.00026803007739579403,6.434410638024303
mono-00000503,501.406,1.5477827604792083,-3,0.0041478855467383,5.625201357728102
mono-00000503,501.406,1.5477827604792083,-2,0.012454850761369237,4.67856559562621
mono-00000503,501.406,1.5477827604792083,-1,0.2264641050463603,3.4842347315050546
mono-00000503,501.406,1.5477827604792083,0,0.3962093082612222,1.547782760479194
mono-00000503,501.406,1.5477827604792083,1,0.0,0.0
mono-00000503,501.406,1.5477827604792083,2,0.0,0.0
mono-00000503,501.406,1.5477827604792083,3,0.0,0.0
mono-00000503,501.406,1.5477827604792083,4,0.0,0.0
mono-00000503,501.406,1.5477827604792083,5,0.0,0.0
mono-00000506,504.372,1.5432290424861037,-5,0.00010820726218211258,7.131898363733811
mono-00000506,504.372,1.5432290424861037,-4,0.00025816005857445557,6.415444870560918
mono-00000506,504.372,1.5432290424861037,-3,0.00415731582410731,5.608625144173729
mono-00000506,504.372,1.5432290424861037,-2,0.012795792225995938,4.664782736156965
mono-00000506,504.372,1.5432290424861037,-1,0.2270827125073502,3.4739736821081664
mono-00000506,504.372,1.5432290424861037,0,0.3954321891032362,1.5432290424860469
mono-00000506,504.372,1.5432290424861037,1,0.0,0.0
mono-00000506,504.372,1.5432290424861037,2,0.0,0.0
mono-00000506,504.372,1.5432290424861037,3,0.0,0.0
mono-00000506,504.372,1.5432290424861037,4,0.0,0.0
mono-00000506,504.372,1.5432290424861037,5,0.0,0.0
mono-00000508,506.348,1.5402174912105266,-5,0.00011093034311621908,7.117951445534146
mono-00000508,506.348,1.5402174912105266,-4,0.0002516624382885683,6.4029022402055915
mono-00000508,506.348,1.5402174912105266,-3,0.0041630175284324555,5.597662776150827
mono-00000508,506.348,1.5402174912105266,-2,0.013025348157111327,4.655667681836519
mono-00000508,506.348,1.5402174912105266,-1,0.22749069675962136,3.467187699255433
mono-00000508,506.348,1.5402174912105266,0,0.39491754353774366,1.540217491210555
mono-00000508,506.348,1.5402174912105266,1,0.0,0.0
mono-00000508,506.348,1.5402174912105266,2,0.0,0.0
mono-00000508,506.348,1.5402174912105266,3,0.0,0.0
mono-00000508,506.348,1.5402174912105266,4,0.0,0.0
mono-00000508,506.348,1.5402174912105266,5,0.0,0.0
mono-00000511,509.316,1.5357270147880513,-5,0.00011511242393378869,7.097155736424142
mono-00000511,509.316,1.5357270147880513,-4,0.0002420231041411513,6.384200375175084
mono-00000511,509.316,1.5357270147880513,-3,0.004170674578943893,5.5813171520784834
mono-00000511,509.316,1.5357270147880513,-2,0.01337372282272784,4.642076498578064
mono-00000511,509.316,1.5357270147880513,-1,0.2280967064278469,3.4570693002740995
mono-00000511,509.316,1.5357270147880513,0,0.39414918259537257,1.5357270147879802
mono-00000511,509.316,1.5357270147880513,1,0.0,0.0
mono-00000511,509.316,1.5357270147880513,2,0.0,0.0
mono-00000511,509.316,1.5357270147880513,3,0.0,0.0
mono-00000511,509.316,1.5357270147880513,4,0.0,0.0
mono-00000511,509.316,1.5357270147880513,5,0.0,0.0
mono-00000509,507.337,1.5387167969164892,-5,0.00011231179557764404,7.111001583174485
mono-00000509,507.337,1.5387167969164892,-4,0.000248433943191189,6.396652138800221
mono-00000509,507.337,1.5387167969164892,-3,0.004165694158992856,5.592200126850628
mono-00000509,507.337,1.5387167969164892,-2,0.0131409714658935,4.651125560496453
mono-00000509,507.337,1.5387167969164892,-1,0.2276937109271047,3.463806172315728
mono-00000509,507.337,1.5387167969164892,0,0.3946610750189514,1.5387167969163897
mono-00000509,507.337,1.5387167969164892,1,0.0,0.0
mono-00000509,507.337,1.5387167969164892,2,0.0,0.0
mono-00000509,507.337,1.5387167969164892,3,0.0,0.0
mono-00000509,507.337,1.5387167969164892,4,0.0,0.0
mono-00000509,507.337,1.5387167969164892,5,0.0,0.0
mono-00000524,522.179,1.5167099465737692,-5,0.00013443962264455942,7.009090587694317
mono-00000524,522.179,1.5167099465737692,-4,0.00020213937762311767,6.305001722042832
mono-00000524,522.179,1.5167099465737692,-3,0.004190470323690107,5.512096293665948
mono-00000524,522.179,1.5167099465737692,-2,0.014929910530882258,4.584519852392745
mono-00000524,522.179,1.5167099465737692,-1,0.23059917104750116,3.414219062501246
mono-00000524,522.179,1.5167099465737692,0,0.39085291407598416,1.5167099465735276
mono-00000524,522.179,1.5167099465737692,1,0.0,0.0
mono-00000524,522.179,1.5167099465737692,2,0.0,0.0
mono-00000524,522.179,1.5167099465737692,3,0.0,0.0
mono-00000524,522.179,1.5167099465737692,4,0.0,0.0
mono-00000524,522.179,1.5167099465737692,5,0.0,0.0
mono-00000515,513.275,1.529797875071722,-5,0.00012085663482814357,7.069698062100031
mono-00000515,513.275,1.529797875071722,-4,0.0002294007705095898,6.35950724973992
mono-00000515,513.275,1.529797875071722,-3,0.004179062062575711,5.559735046889969
mono-00000515,513.275,1.529797875071722,-2,0.013844738213474487,4.624131196078807
mono-00000515,513.275,1.529797875071722,-1,0.2288882532736771,3.443709291334997
mono-00000515,513.275,1.529797875071722,0,0.3931296364792022,1.529797875071992
mono-00000515,513.275,1.529797875071722,1,0.0,0.0
mono-00000515,513.275,1.529797875071722,2,0.0,0.0
mono-00000515,513.275,1.529797875071722,3,0.0,0.0
mono-00000515,513.275,1.529797875071722,4,0.0,0.0
mono-00000515,513.275,1.529797875071722,5,0.0,0.0
mono-00000517,515.253,1.5268611629707323,-5,0.00012379779044232895,7.05609847910209
mono-00000517,515.253,1.5268611629707323,-4,0.0002232067846923878,6.347276900397574
mono-00000517,515.253,1.5268611629707323,-3,0.004182556448963705,5.549045542157842
mono-00000517,515.253,1.5268611629707323,-2,0.01408293830451446,4.615242959724711
mono-00000517,515.253,1.5268611629707323,-1,0.2292791440672264,3.4370921139618815
mono-00000517,515.253,1.5268611629707323,0,0.3926243207089564,1.526861162970576
mono-00000517,515.253,1.5268611629707323,1,0.0,0.0
mono-00000517,515.253,1.5268611629707323,2,0.0,0.0
mono-00000517,515.253,1.5268611629707323,3,0.0,0.0
mono-00000517,515.253,1.5268611629707323,4,0.0,0.0
mono-00000517,515.253,1.5268611629707323,5,0.0,0.0
mono-00000518,516.241,1.525400611128319,-5,0.00012528393359229672,7.049334888479635
mono-00000518,516.241,1.525400611128319,-4,0.00022014039192806023,6.341194275189949
mono-00000518,516.241,1.525400611128319,-3,0.004184102160075378,5.543729232568339
mono-00000518,516.241,1.525400611128319,-2,0.014202589130853406,4.610822486286082
mono-00000518,516.241,1.525400611128319,-1,0.2294726681424156,3.43380112391813
mono-00000518,516.241,1.525400611128319,0,0.3923727752124739,1.5254006111283616
mono-00000518,516.241,1.525400611128319,1,0.0,0.0
mono-00000518,516.241,1.525400611128319,2,0.0,0.0
mono-00000518,516.241,1.525400611128319,3,0.0,0.0
mono-00000518,516.241,1.525400611128319,4,0.0,0.0
mono-00000518,516.241,1.525400611128319,5,0.0,0.0
mono-00000519,517.236,1.5239339391221023,-5,0.0001267916851374266,7.042542996690472
mono-00000519,517.236,1.5239339391221023,-4,0.00021707379270732193,6.335086193777144
mono-00000519,517.236,1.5239339391221023,-3,0.004185533610558907,5.538390669896941
mono-00000519,517.236,1.5239339391221023,-2,0.014323493617254638,4.606383506097529
mono-00000519,517.236,1.5239339391221023,-1,0.2296659593620104,3.430496352774128
mono-00000519,517.236,1.5239339391221023,0,0.39211878140633966,1.5239339391221165
mono-00000519,517.236,1.5239339391221023,1,0.0,0.0
mono-00000519,517.236,1.5239339391221023,2,0.0,0.0
mono-00000519,517.236,1.5239339391221023,3,0.0,0.0
mono-00000519,517.236,1.5239339391221023,4,0.0,0.0
mono-00000519,517.236,1.5239339391221023,5,0.0,0.0
mono-00000520,518.223,1.5224832312090655,-5,0.00012829822538418573,7.035825071474832
mono-00000520,518.223,1.5224832312090655,-4,0.0002140495221582842,6.329044627591287
mono-00000520,518.223,1.5224832312090655,-3,0.004186806977481631,5.533110238717512
mono-00000520,518.223,1.5224832312090655,-2,0.01444385939130614,4.601992858448568
mono-00000520,518.223,1.5224832312090655,-1,0.2298563648012639,3.4272275616673653
mono-00000520,518.223,1.5224832312090655,0,0.39186752996386,1.5224832312090655
mono-00000520,518.223,1.5224832312090655,1,0.0,0.0
mono-00000520,518.223,1.5224832312090655,2,0.0,0.0
mono-00000520,518.223,1.5224832312090655,3,0.0,0.0
mono-00000520,518.223,1.5224832312090655,4,0.0,0.0
mono-00000520,518.223,1.5224832312090655,5,0.0,0.0
mono-00000512,510.31,1.5342318854888646,-5,0.00011653719564742231,7.090231773275491
mono-00000512,510.31,1.5342318854888646,-4,0.00023882754098151723,6.3779735513108164
mono-00000512,510.31,1.5342318854888646,-3,0.0041729793531340995,5.575874835099043
mono-00000512,510.31,1.5342318854888646,-2,0.013491327132744646,4.637551272361421
mono-00000512,510.31,1.5342318854888646,-1,0.2282975008091174,3.4537003418568304
mono-00000512,510.31,1.5342318854888646,0,0.393893044151059,1.5342318854889072
mono-00000512,510.31,1.5342318854888646,1,0.0,0.0
mono-00000512,510.31,1.5342318854888646,2,0.0,0.0
mono-00000512,510.31,1.5342318854888646,3,0.0,0.0
mono-00000512,510.31,1.5342318854888646,4,0.0,0.0
mono-00000512,510.31,1.5342318854888646,5,0.0,0.0
mono-00000516,514.257,1.5283377958159576,-5,0.00012231104217620461,7.0629365791931065
mono-00000516,514.257,1.5283377958159576,-4,0.000226317123525426,6.353426528902759
mono-00000516,514.257,1.5283377958159576,-3,0.004180865199614773,5.554420409672886
mono-00000516,514.257,1.5283377958159576,-2,0.013962763627034096,4.619712120150112
mono-00000516,514.257,1.5283377958159576,-1,0.22908281968251826,3.440419347811286
mono-00000516,514.257,1.5283377958159576,0,0.3928782737771893,1.5283377958160145
mono-00000516,514.257,1.5283377958159576,1,0.0,0.0
mono-00000516,514.257,1.5283377958159576,2,0.0,0.0
mono-00000516,514.257,1.5283377958159576,3,0.0,0.0
mono-00000516,514.257,1.5283377958159576,4,0.0,0.0
mono-00000516,514.257,1.5283377958159576,5,0.0,0.0
mono-00000521,519.21,1.521036658420627,-5,0.00012981457999056034,7.0291263344897885
mono-00000521,519.21,1.521036658420627,-4,0.00021104652476739338,6.323020313453881
mono-00000521,519.21,1.521036658420627,-3,0.0041879240733188544,5.527844882262045
mono-00000521,519.21,1.521036658420627,-2,0.014564520497842619,4.597614741962403
mono-00000521,519.21,1.521036658420627,-1,0.23004394066068065,3.4239680969135833
mono-00000521,519.21,1.521036658420627,0,0.39161443282786046,1.5210366584204422
mono-00000521,519.21,1.521036658420627,1,0.0,0.0
mono-00000521,519.21,1.521036658420627,2,0.0,0.0
mono-00000521,519.21,1.521036658420627,3,0.0,0.0
mono-00000521,519.21,1.521036658420627,4,0.0,0.0
mono-00000521,519.21,1.521036658420627,5,0.0,0.0
mono-00000522,520.201,1.5195883636714171,-5,0.0001313471837240225,7.022419662818848
mono-00000522,520.201,1.5195883636714171,-4,0.0002080523175815352,6.316988859174501
mono-00000522,520.201,1.5195883636714171,-3,0.004188893674326192,5.522573281340726
mono-00000522,520.201,1.5195883636714171,-2,0.014686009813462679,4.593231429855479
mono-00000522,520.201,1.5195883636714171,-1,0.23022996254159112,3.420704761106691
mono-00000522,520.201,1.5195883636714171,0,0.3913593117274164,1.5195883636715735
mono-00000522,520.201,1.5195883636714171,1,0.0,0.0
mono-00000522,520.201,1.5195883636714171,2,0.0,0.0
mono-00000522,520.201,1.5195883636714171,3,0.0,0.0
mono-00000522,520.201,1.5195883636714171,4,0.0,0.0
mono-00000522,520.201,1.5195883636714171,5,0.0,0.0
mono-00000525,523.165,1.5152811992972346,-5,0.00013599758767384354,7.002474550653417
mono-00000525,523.165,1.5152811992972346,-4,0.00019922455684391152,6.299051764772528
mono-00000525,523.165,1.5152811992972346,-3,0.004191082955166101,5.506895911291593
mono-00000525,523.165,1.5152811992972346,-2,0.015052191560602127,4.580195748257125
mono-00000525,523.165,1.5152811992972346,-1,0.2307821895702951,3.410999797782452
mono-00000525,523.165,1.5152811992972346,0,0.3906016898757968,1.5152811992969362
mono-00000525,523.165,1.5152811992972346,1,0.0,0.0
mono-00000525,523.165,1.5152811992972346,2,0.0,0.0
mono-00000525,523.165,1.5152811992972346,3,0.0,0.0
mono-00000525,523.165,1.5152811992972346,4,0.0,0.0
mono-00000525,523.165,1.5152811992972346,5,0.0,0.0
mono-00000527,525.146,1.5124228265297148,-5,0.00013915959861925567,6.989238524274555
mono-00000527,525.146,1.5124228265297148,-4,0.0001934363116478071,6.287148283284807
mono-00000527,525.146,1.5124228265297148,-3,0.0041919456872209415,5.4964920177353775
mono-00000527,525.146,1.5124228265297148,-2,0.015299182663490521,4.5715449285529814
mono-00000527,525.146,1.5124228265297148,-1,0.23114679807796557,3.404559315523059
mono-00000527,525.146,1.5124228265297148,0,0.3900981014543753,1.5124228265300417
mono-00000527,525.146,1.5124228265297148,1,0.0,0.0
mono-00000527,525.146,1.5124228265297148,2,0.0,0.0
mono-00000527,525.146,1.5124228265297148,3,0.0,0.0
mono-00000527,525.146,1.5124228265297148,4,0.0,0.0
mono-00000527,525.146,1.5124228265297148,5,0.0,0.0
mono-00000536,534.046,1.4997777553037253,-5,0.00015385946098637584,6.930685879851453
mono-00000536,534.046,1.4997777553037253,-4,0.00016862450812914654,6.2344902613751145
mono-00000536,534.046,1.4997777553037253,-3,0.004189515989875836,5.45046761851826
mono-00000536,534.046,1.4997777553037253,-2,0.016428919803457273,4.533275562503505
mono-00000536,534.046,1.4997777553037253,-1,0.23272067702389554,3.3760678694839044
mono-00000536,534.046,1.4997777553037253,0,0.3878387573500195,1.499777755303441
mono-00000536,534.046,1.4997777553037253,1,0.0,0.0
mono-00000536,534.046,1.4997777553037253,2,0.0,0.0
mono-00000536,534.046,1.4997777553037253,3,0.0,0.0
mono-00000536,534.046,1.4997777553037253,4,0.0,0.0
mono-00000536,534.046,1.4997777553037253,5,0.0,0.0
mono-00000532,530.085,1.5053662212593082,-5,0.00014721720225917013,6.956562747308254
mono-00000532,530.085,1.5053662212593082,-4,0.0001794186037656341,6.257762088261288
mono-00000532,530.085,1.5053662212593082,-3,0.004191798251588921,5.470807800371631
mono-00000532,530.085,1.5053662212593082,-2,0.015921820788329526,4.550188489700474
mono-00000532,530.085,1.5053662212593082,-1,0.23202986524626346,3.388659528522979
mono-00000532,530.085,1.5053662212593082,0,0.3888399791410485,1.5053662212592656
mono-00000532,530.085,1.5053662212593082,1,0.0,0.0
mono-00000532,530.085,1.5053662212593082,2,0.0,0.0
mono-00000532,530.085,1.5053662212593082,3,0.0,0.0
mono-00000532,530.085,1.5053662212593082,4,0.0,0.0
mono-00000532,530.085,1.5053662212593082,5,0.0,0.0
mono-00000513,511.296,1.5327530953291983,-5,0.00011796219501608483,7.083383518489143
mono-00000513,511.296,1.5327530953291983,-4,0.00023567601981012873,6.371814808547484
mono-00000513,511.296,1.5327530953291983,-3,0.004175141029536563,5.570492017718394
mono-00000513,511.296,1.5327530953291983,-2,0.013608420194298967,4.633075515824757
mono-00000513,511.296,1.5327530953291983,-1,0.22849535529067241,3.4503682096869994
mono-00000513,511.296,1.5327530953291983,0,0.3936388766940639,1.5327530953291841
mono-00000513,511.296,1.5327530953291983,1,0.0,0.0
mono-00000513,511.296,1.5327530953291983,2,0.0,0.0
mono-00000513,511.296,1.5327530953291983,3,0.0,0.0
mono-00000513,511.296,1.5327530953291983,4,0.0,0.0
mono-00000513,511.296,1.5327530953291983,5,0.0,0.0
mono-00000541,538.992,1.4928861835536225,-5,0.00016236194624515658,6.8987758979166784
mono-00000541,538.992,1.4928861835536225,-4,0.00015574267401467345,6.205792590260813
mono-00000541,538.992,1.4928861835536225,-3,0.0041838591265659615,5.425385029760619
mono-00000541,538.992,1.4928861835536225,-2,0.01707102262909792,4.512419240247908
mono-00000541,538.992,1.4928861835536225,-1,0.23355508396067542,3.3605402964450093
mono-00000541,538.992,1.4928861835536225,0,0.3865900821108761,1.4928861835536935
mono-00000541,538.992,1.4928861835536225,1,0.0,0.0
mono-00000541,538.992,1.4928861835536225,2,0.0,0.0
mono-00000541,538.992,1.4928861835536225,3,0.0,0.0
mono-00000541,538.992,1.4928861835536225,4,0.0,0.0
mono-00000541,538.992,1.4928861835536225,5,0.0,0.0
mono-00000543,540.97,1.4901565840633282,-5,0.00016582632845657606,6.886137300066764
mono-00000543,540.97,1.4901565840633282,-4,0.00015078210754209572,6.194426266964072
mono-00000543,540.97,1.4901565840633282,-3,0.004180758735856945,5.415450513033974
mono-00000543,540.97,1.4901565840633282,-2,0.017330771252729645,4.504158609502539
mono-00000543,540.97,1.4901565840633282,-1,0.2338825346241018,3.354390222329684
mono-00000543,540.97,1.4901565840633282,0,0.38609473030370084,1.4901565840633992
mono-00000543,540.97,1.4901565840633282,1,0.0,0.0
mono-00000543,540.97,1.4901565840633282,2,0.0,0.0
mono-00000543,540.97,1.4901565840633282,3,0.0,0.0
mono-00000543,540.97,1.4901565840633282,4,0.0,0.0
mono-00000543,540.97,1.4901565840633282,5,0.0,0.0
mono-00000537,535.039,1.498386489068352,-5,0.00015554864779419102,6.924243841872894
mono-00000537,535.039,1.498386489068352,-4,0.00016598198356816078,6.22869673756702
mono-00000537,535.039,1.498386489068352,-3,0.004188624462517071,5.445403919243901
mono-00000537,535.039,1.498386489068352,-2,0.016557109234363415,4.529065072404904
mono-00000537,535.039,1.498386489068352,-1,0.23289130684009168,3.372933156628733
mono-00000537,535.039,1.498386489068352,0,0.38758923147691327,1.498386489068352
mono-00000537,535.039,1.498386489068352,1,0.0,0.0
mono-00000537,535.039,1.498386489068352,2,0.0,0.0
mono-00000537,535.039,1.498386489068352,3,0.0,0.0
mono-00000537,535.039,1.498386489068352,4,0.0,0.0
mono-00000537,535.039,1.498386489068352,5,0.0,0.0
mono-00000523,521.185,1.5181543846823473,-5,0.00013287970897918303,7.015779322377057
mono-00000523,521.185,1.5181543846823473,-4,0.000205098559199415,6.311017053750163
mono-00000523,521.185,1.5181543846823473,-3,0.004189717659552342,5.51735381080772
mono-00000523,521.185,1.5181543846823473,-2,0.014807082014816692,4.588891460599669
mono-00000523,521.185,1.5181543846823473,-1,0.2304136045538534,3.417473690736557
mono-00000523,521.185,1.5181543846823473,0,0.3911069524532155,1.518154384681992
mono-00000523,521.185,1.5181543846823473,1,0.0,0.0
mono-00000523,521.185,1.5181543846823473,2,0.0,0.0
mono-00000523,521.185,1.5181543846823473,3,0.0,0.0
mono-00000523,521.185,1.5181543846823473,4,0.0,0.0
mono-00000523,521.185,1.5181543846823473,5,0.0,0.0
mono-00000526,524.158,1.5138463818191354,-5,0.00013757716060586848,6.995830442970686
mono-00000526,524.158,1.5138463818191354,-4,0.00019631012256101068,6.293076558705266
mono-00000526,524.158,1.5138463818191354,-3,0.0041915628023894485,5.501673457196148
mono-00000526,524.158,1.5138463818191354,-2,0.015175777904133688,4.575853288244488
mono-00000526,524.158,1.5138463818191354,-1,0.23096538816527007,3.407766864350023
mono-00000526,524.158,1.5138463818191354,0,0.39034943130613675,1.5138463818190644
mono-00000526,524.158,1.5138463818191354,1,0.0,0.0
mono-00000526,524.158,1.5138463818191354,2,0.0,0.0
mono-00000526,524.158,1.5138463818191354,3,0.0,0.0
mono-00000526,524.158,1.5138463818191354,4,0.0,0.0
mono-00000526,524.158,1.5138463818191354,5,0.0,0.0
mono-00000528,526.135,1.511001844882486,-5,0.0001407539790622089,6.982658560770091
mono-00000528,526.135,1.511001844882486,-4,0.00019058084981017496,6.281230755329432
mono-00000528,526.135,1.511001844882486,-3,0.004192189793686795,5.491319968092611
mono-00000528,526.135,1.511001844882486,-2,0.015423150217774257,4.56724437324219
mono-00000528,526.135,1.511001844882486,-1,0.23132733570101507,3.401357574170518
mono-00000528,526.135,1.511001844882486,0,0.3898474783843013,1.5110018448823013
mono-00000528,526.135,1.511001844882486,1,0.0,0.0
mono-00000528,526.135,1.511001844882486,2,0.0,0.0
mono-00000528,526.135,1.511001844882486,3,0.0,0.0
mono-00000528,526.135,1.511001844882486,4,0.0,0.0
mono-00000528,526.135,1.511001844882486,5,0.0,0.0
mono-00000529,527.126,1.5095819994760973,-5,0.00014236133698774915,6.976083896278652
mono-00000529,527.126,1.5095819994760973,-4,0.0001877433550030247,6.2753179887892685
mono-00000529,527.126,1.5095819994760973,-3,0.004192294986696044,5.486152076346627
mono-00000529,527.126,1.5095819994760973,-2,0.015547734027968984,4.562947271989387
mono-00000529,527.126,1.5095819994760973,-1,0.23150642418265616,3.3981584015135837
mono-00000529,527.126,1.5095819994760973,0,0.3895958537575778,1.509581999476211
mono-00000529,527.126,1.5095819994760973,1,0.0,0.0
mono-00000529,527.126,1.5095819994760973,2,0.0,0.0
mono-00000529,527.126,1.5095819994760973,3,0.0,0.0
mono-00000529,527.126,1.5095819994760973,4,0.0,0.0
mono-00000529,527.126,1.5095819994760973,5,0.0,0.0
mono-00000530,528.114,1.5081704292393425,-5,0.0001439727766585909,6.969547587554956
mono-00000530,528.114,1.5081704292393425,-4,0.00018494079856817998,6.269439712507179
mono-00000530,528.114,1.5081704292393425,-3,0.004192260781239434,5.4810143262186415
mono-00000530,528.114,1.5081704292393425,-2,0.01567221242669885,4.558675230290319
mono-00000530,528.114,1.5081704292393425,-1,0.23168222655905696,3.394977882777752
mono-00000530,528.114,1.5081704292393425,0,0.38934272358576305,1.5081704292393425
mono-00000530,528.114,1.5081704292393425,1,0.0,0.0
mono-00000530,528.114,1.5081704292393425,2,0.0,0.0
mono-00000530,528.114,1.5081704292393425,3,0.0,0.0
mono-00000530,528.114,1.5081704292393425,4,0.0,0.0
mono-00000530,528.114,1.5081704292393425,5,0.0,0.0
mono-00000531,529.1,1.5067656568226795,-5,0.00014559057653599648,6.963042793068865
mono-00000531,529.1,1.5067656568226795,-4,0.00018216580081686836,6.263589773782215
mono-00000531,529.1,1.5067656568226795,-3,0.0041920809339701425,5.475901340166928
mono-00000531,529.1,1.5067656568226795,-2,0.015796842981948642,4.554423776770321
mono-00000531,529.1,1.5067656568226795,-1,0.2318563391281387,3.391812689089079
mono-00000531,529.1,1.5067656568226795,0,0.38909078182627105,1.506765656822381
mono-00000531,529.1,1.5067656568226795,1,0.0,0.0
mono-00000531,529.1,1.5067656568226795,2,0.0,0.0
mono-00000531,529.1,1.5067656568226795,3,0.0,0.0
mono-00000531,529.1,1.5067656568226795,4,0.0,0.0
mono-00000531,529.1,1.5067656568226795,5,0.0,0.0
mono-00000533,531.08,1.5039565296557669,-5,0.0001488709113565412,6.9500352479896605
mono-00000533,531.08,1.5039565296557669,-4,0.00017666925829198327,6.251891722403755
mono-00000533,531.08,1.5039565296557669,-3,0.004191409787419456,5.465676953313434
mono-00000533,531.08,1.5039565296557669,-2,0.016048549865442158,4.545922178418479
mono-00000533,531.08,1.5039565296557669,-1,0.23220476685742053,3.3854832677380386
mono-00000533,531.08,1.5039565296557669,0,0.3885875211076232,1.5039565296556816
mono-00000533,531.08,1.5039565296557669,1,0.0,0.0
mono-00000533,531.08,1.5039565296557669,2,0.0,0.0
mono-00000533,531.08,1.5039565296557669,3,0.0,0.0
mono-00000533,531.08,1.5039565296557669,4,0.0,0.0
mono-00000533,531.08,1.5039565296557669,5,0.0,0.0
mono-00000535,533.058,1.5011658694835006,-5,0.00015218792446222156,6.937113358393901
mono-00000535,533.058,1.5011658694835006,-4,0.00017127803727750665,6.240270687520081
mono-00000535,533.058,1.5011658694835006,-3,0.004190259555599493,5.455519866576552
mono-00000535,533.058,1.5011658694835006,-2,0.016301781210019357,4.537476527795164
mono-00000535,533.058,1.5011658694835006,-1,0.23254967150369454,3.3791954884242443
mono-00000535,533.058,1.5011658694835006,0,0.3880877910362686,1.5011658694836
mono-00000535,533.058,1.5011658694835006,1,0.0,0.0
mono-00000535,533.058,1.5011658694835006,2,0.0,0.0
mono-00000535,533.058,1.5011658694835006,3,0.0,0.0
mono-00000535,533.058,1.5011658694835006,4,0.0,0.0
mono-00000535,533.058,1.5011658694835006,5,0.0,0.0
mono-00000544,541.963,1.488791897315238,-5,0.00016757952396079034,6.879818575662455
mono-00000544,541.963,1.488791897315238,-4,0.00014833638984242846,6.188743616371099
mono-00000544,541.963,1.488791897315238,-3,0.0041790555841384955,5.4104836963143015
mono-00000544,541.963,1.488791897315238,-2,0.01746183374468606,4.50002865694708
mono-00000544,541.963,1.488791897315238,-1,0.234045983127482,3.3513154515200796
mono-00000544,541.963,1.488791897315238,0,0.38584647421671037,1.4887918973154655
mono-00000544,541.963,1.488791897315238,1,0.0,0.0
mono-00000544,541.963,1.488791897315238,2,0.0,0.0
mono-00000544,541.963,1.488791897315238,3,0.0,0.0
mono-00000544,541.963,1.488791897315238,4,0.0,0.0
mono-00000544,541.963,1.488791897315238,5,0.0,0.0
mono-00000534,532.073,1.5025536125914556,-5,0.00015053105956660824,6.943539154374633
mono-00000534,532.073,1.5025536125914556,-4,0.0001739491553936516,6.2460495965762135
mono-00000534,532.073,1.5025536125914556,-3,0.0041908819043329215,5.460570785162275
mono-00000534,532.073,1.5025536125914556,-2,0.016175453185992315,4.541676384560546
mono-00000534,532.073,1.5025536125914556,-1,0.23237824674469515,3.3823222793787835
mono-00000534,532.073,1.5025536125914556,0,0.388336521969327,1.5025536125917256
mono-00000534,532.073,1.5025536125914556,1,0.0,0.0
mono-00000534,532.073,1.5025536125914556,2,0.0,0.0
mono-00000534,532.073,1.5025536125914556,3,0.0,0.0
mono-00000534,532.073,1.5025536125914556,4,0.0,0.0
mono-00000534,532.073,1.5025536125914556,5,0.0,0.0
mono-00000538,536.027,1.4970060637351281,-5,0.00015723784371906465,6.917852036304467
mono-00000538,536.027,1.4970060637351281,-4,0.0001633826528956766,6.222948385441228
mono-00000538,536.027,1.4970060637351281,-3,0.004187619891360392,5.440379697797425
mono-00000538,536.027,1.4970060637351281,-2,0.01668494216883031,4.524887405270519
mono-00000538,536.027,1.4970060637351281,-1,0.23305879200706878,3.369822877829023
mono-00000538,536.027,1.4970060637351281,0,0.38733884404228364,1.4970060637350855
mono-00000538,536.027,1.4970060637351281,1,0.0,0.0
mono-00000538,536.027,1.4970060637351281,2,0.0,0.0
mono-00000538,536.027,1.4970060637351281,3,0.0,0.0
mono-00000538,536.027,1.4970060637351281,4,0.0,0.0
mono-00000538,536.027,1.4970060637351281,5,0.0,0.0
mono-00000545,542.951,1.4874377963972876,-5,0.00016933245523759286,6.873548899168256
mono-00000545,542.951,1.4874377963972876,-4,0.00014593063288146182,6.183105072579465
mono-00000545,542.951,1.4874377963972876,-3,0.004177229402297032,5.405555427023856
mono-00000545,542.951,1.4874377963972876,-2,0.01759264721464003,4.495930754019852
mono-00000545,542.951,1.4874377963972876,-1,0.23420762199608647,3.3482645392752914
mono-00000545,542.951,1.4874377963972876,0,0.38560029796263445,1.4874377963973728
mono-00000545,542.951,1.4874377963972876,1,0.0,0.0
mono-00000545,542.951,1.4874377963972876,2,0.0,0.0
mono-00000545,542.951,1.4874377963972876,3,0.0,0.0
mono-00000545,542.951,1.4874377963972876,4,0.0,0.0
mono-00000545,542.951,1.4874377963972876,5,0.0,0.0
mono-00000546,543.937,1.486090113468947,-5,0.00017109013584836494,6.867308972234866
mono-00000546,543.937,1.486090113468947,-4,0.0001435572419794806,6.177493279968033
mono-00000546,543.937,1.486090113468947,-3,0.004175270617274603,5.400650535854794
mono-00000546,543.937,1.486090113468947,-2,0.01772359843578705,4.491852287353979
mono-00000546,543.937,1.486090113468947,-1,0.23436789755880622,3.345228094921481
mono-00000546,543.937,1.486090113468947,0,0.3853555354766931,1.4860901134689186
mono-00000546,543.937,1.486090113468947,1,0.0,0.0
mono-00000546,543.937,1.486090113468947,2,0.0,0.0
mono-00000546,543.937,1.486090113468947,3,0.0,0.0
mono-00000546,543.937,1.486090113468947,4,0.0,0.0
mono-00000546,543.937,1.486090113468947,5,0.0,0.0
mono-00000539,537.014,1.4956308380516958,-5,0.00015893418072914013,6.91148434171788
mono-00000539,537.014,1.4956308380516958,-4,0.0001608125750406532,6.217221713245252
mono-00000539,537.014,1.4956308380516958,-3,0.0041864847965220045,5.4353744217899305
mono-00000539,537.014,1.4956308380516958,-2,0.016813019011312044,4.520725488364434
mono-00000539,537.014,1.4956308380516958,-1,0.23322467367946298,3.3667243224585377
mono-00000539,537.014,1.4956308380516958,0,0.38708870957803954,1.4956308380515964
mono-00000539,537.014,1.4956308380516958,1,0.0,0.0
mono-00000539,537.014,1.4956308380516958,2,0.0,0.0
mono-00000539,537.014,1.4956308380516958,3,0.0,0.0
mono-00000539,537.014,1.4956308380516958,4,0.0,0.0
mono-00000539,537.014,1.4956308380516958,5,0.0,0.0
mono-00000558,555.808,1.470146940765929,-5,0.0001928829019693637,6.793492765136762
mono-00000558,555.808,1.470146940765929,-4,0.00011738574626799167,6.111107411619315
mono-00000558,555.808,1.470146940765929,-3,0.004142918093745437,5.342626858410412
mono-00000558,555.808,1.470146940765929,-2,0.019331072199660786,4.44360479576973
mono-00000558,555.808,1.470146940765929,-1,0.23622087879648623,3.309307341031527
mono-00000558,555.808,1.470146940765929,0,0.3824231370602255,1.4701469407659573
mono-00000558,555.808,1.470146940765929,1,0.0,0.0
mono-00000558,555.808,1.470146940765929,2,0.0,0.0
mono-00000558,555.808,1.470146940765929,3,0.0,0.0
mono-00000558,555.808,1.470146940765929,4,0.0,0.0
mono-00000558,555.808,1.470146940765929,5,0.0,0.0
mono-00000547,544.932,1.4847338358886333,-5,0.00017287200134665528,6.8610292846555865
mono-00000547,544.932,1.4847338358886333,-4,0.00014119589989973472,6.17184572548139
mono-00000547,544.932,1.4847338358886333,-3,0.004173202920727056,5.3957143843373245
mono-00000547,544.932,1.4847338358886333,-2,0.01785605317877193,4.487747824504169
mono-00000547,544.932,1.4847338358886333,-1,0.2345277813097852,3.342172293710604
mono-00000547,544.932,1.4847338358886333,0,0.3851063544079153,1.484733835888548
mono-00000547,544.932,1.4847338358886333,1,0.0,0.0
mono-00000547,544.932,1.4847338358886333,2,0.0,0.0
mono-00000547,544.932,1.4847338358886333,3,0.0,0.0
mono-00000547,544.932,1.4847338358886333,4,0.0,0.0
mono-00000547,544.932,1.4847338358886333,5,0.0,0.0
mono-00000548,545.918,1.4833934827009045,-5,0.00017464560821003468,6.854823361516736
mono-00000548,545.918,1.4833934827009045,-4,0.00013888420180463014,6.166264506447007
mono-00000548,545.918,1.4833934827009045,-3,0.004171016093184784,5.39083620898019
mono-00000548,545.918,1.4833934827009045,-2,0.01798768732011096,4.4836915666093375
mono-00000548,545.918,1.4833934827009045,-1,0.23468495981704307,3.3391523789308195
mono-00000548,545.918,1.4833934827009045,0,0.3848599907731304,1.4833934827007909
mono-00000548,545.918,1.4833934827009045,1,0.0,0.0
mono-00000548,545.918,1.4833934827009045,2,0.0,0.0
mono-00000548,545.918,1.4833934827009045,3,0.0,0.0
mono-00000548,545.918,1.4833934827009045,4,0.0,0.0
mono-00000548,545.918,1.4833934827009045,5,0.0,0.0
mono-00000555,552.845,1.4740782583085945,-5,0.00018733785063594367,6.811694167406998
mono-00000555,552.845,1.4740782583085945,-4,0.00012349302466036082,6.127476708035999
mono-00000555,552.845,1.4740782583085945,-3,0.004152493345770336,5.356934264442231
mono-00000555,552.845,1.4740782583085945,-2,0.01892441411609149,4.455501639028512
mono-00000555,552.845,1.4740782583085945,-1,0.23577003234228147,3.3181646956494433
mono-00000555,552.845,1.4740782583085945,0,0.38314999128158594,1.4740782583085377
mono-00000555,552.845,1.4740782583085945,1,0.0,0.0
mono-00000555,552.845,1.4740782583085945,2,0.0,0.0
mono-00000555,552.845,1.4740782583085945,3,0.0,0.0
mono-00000555,552.845,1.4740782583085945,4,0.0,0.0
mono-00000555,552.845,1.4740782583085945,5,0.0,0.0
mono-00000551,548.883,1.479384672942615,-5,0.00018002976996280107,6.836262505377022
mono-00000551,548.883,1.479384672942615,-4,0.00013211150846056472,6.149572012094637
mono-00000551,548.883,1.479384672942615,-3,0.004163766449039559,5.376246381679408
mono-00000551,548.883,1.479384672942615,-2,0.018386124366654367,4.471559943614096
mono-00000551,548.883,1.479384672942615,-1,0.23515386078483275,3.330120278787163
mono-00000551,548.883,1.479384672942615,0,0.38412414588466265,1.479384672942615
mono-00000551,548.883,1.479384672942615,1,0.0,0.0
mono-00000551,548.883,1.479384672942615,2,0.0,0.0
mono-00000551,548.883,1.479384672942615,3,0.0,0.0
mono-00000551,548.883,1.479384672942615,4,0.0,0.0
mono-00000551,548.883,1.479384672942615,5,0.0,0.0
mono-00000542,539.98,1.4915208905229207,-5,0.00016408809919696112,6.8924542978604535
mono-00000542,539.98,1.4915208905229207,-4,0.00015325163543555013,6.200107361004683
mono-00000542,539.98,1.4915208905229207,-3,0.0041823803230663925,5.420415965923809
mono-00000542,539.98,1.4915208905229207,-2,0.01720056449065585,4.508287425081505
mono-00000542,539.98,1.4915208905229207,-1,0.23371920560606135,3.357464144075905
mono-00000542,539.98,1.4915208905229207,0,0.38634222899453047,1.4915208905228354
mono-00000542,539.98,1.4915208905229207,1,0.0,0.0
mono-00000542,539.98,1.4915208905229207,2,0.0,0.0
mono-00000542,539.98,1.4915208905229207,3,0.0,0.0
mono-00000542,539.98,1.4915208905229207,4,0.0,0.0
mono-00000542,539.98,1.4915208905229207,5,0.0,0.0
mono-00000552,549.875,1.4780506840386067,-5,0.00018184730533700975,6.830086179473227
mono-00000552,549.875,1.4780506840386067,-4,0.00012990560069415545,6.144017396679359
mono-00000552,549.875,1.4780506840386067,-3,0.004161095174675391,5.371391446020169
mono-00000552,549.875,1.4780506840386067,-2,0.01852026515177875,4.467522998596024
mono-00000552,549.875,1.4780506840386067,-1,0.23530914217705654,3.327114732771321
mono-00000552,549.875,1.4780506840386067,0,0.3838797126544247,1.4780506840386778
mono-00000552,549.875,1.4780506840386067,1,0.0,0.0
mono-00000552,549.875,1.4780506840386067,2,0.0,0.0
mono-00000552,549.875,1.4780506840386067,3,0.0,0.0
mono-00000552,549.875,1.4780506840386067,4,0.0,0.0
mono-00000552,549.875,1.4780506840386067,5,0.0,0.0
mono-00000553,550.865,1.4767229759021205,-5,0.00018367015765257693,6.823938965504368
mono-00000553,550.865,1.4767229759021205,-4,0.00012773768651341637,6.138488959253678
mono-00000553,550.865,1.4767229759021205,-3,0.004158361535845597,5.3665593877179845
mono-00000553,550.865,1.4767229759021205,-2,0.018654597012328713,4.463505073644072
mono-00000553,550.865,1.4767229759021205,-1,0.2354638702891456,3.324123344957627
mono-00000553,550.865,1.4767229759021205,0,0.38363575372009934,1.4767229759018647
mono-00000553,550.865,1.4767229759021205,1,0.0,0.0
mono-00000553,550.865,1.4767229759021205,2,0.0,0.0
mono-00000553,550.865,1.4767229759021205,3,0.0,0.0
mono-00000553,550.865,1.4767229759021205,4,0.0,0.0
mono-00000553,550.865,1.4767229759021205,5,0.0,0.0
mono-00000554,551.854,1.4754001750351762,-5,0.0001854985084365287,6.8178145038166065
mono-00000554,551.854,1.4754001750351762,-4,0.000125602245319903,6.132980980372437
mono-00000554,551.854,1.4754001750351762,-3,0.004155498186114744,5.361745207809264
mono-00000554,551.854,1.4754001750351762,-2,0.018789175157272218,4.459502012086659
mono-00000554,551.854,1.4754001750351762,-1,0.23561732080900555,3.3211430206931567
mono-00000554,551.854,1.4754001750351762,0,0.38339267677336536,1.4754001750352046
mono-00000554,551.854,1.4754001750351762,1,0.0,0.0
mono-00000554,551.854,1.4754001750351762,2,0.0,0.0
mono-00000554,551.854,1.4754001750351762,3,0.0,0.0
mono-00000554,551.854,1.4754001750351762,4,0.0,0.0
mono-00000554,551.854,1.4754001750351762,5,0.0,0.0
mono-00000550,547.896,1.4807155292077994,-5,0.0001782290254871254,6.842424359589117
mono-00000550,547.896,1.4807155292077994,-4,0.00013433580418113842,6.155113608995833
mono-00000550,547.896,1.4807155292077994,-3,0.004166288875726998,5.381089935513245
mono-00000550,547.896,1.4807155292077994,-2,0.01825305280084991,4.475587421709818
mono-00000550,547.896,1.4807155292077994,-1,0.23499832905493973,3.3331187741462998
mono-00000550,547.896,1.4807155292077994,0,0.38436824914188633,1.4807155292075862
mono-00000550,547.896,1.4807155292077994,1,0.0,0.0
mono-00000550,547.896,1.4807155292077994,2,0.0,0.0
mono-00000550,547.896,1.4807155292077994,3,0.0,0.0
mono-00000550,547.896,1.4807155292077994,4,0.0,0.0
mono-00000550,547.896,1.4807155292077994,5,0.0,0.0
mono-00000540,538.002,1.4942580078768657,-5,0.00016064119264849546,6.905127773802732
mono-00000540,538.002,1.4942580078768657,-4,0.00015826545093668704,6.211505043807321
mono-00000540,538.002,1.4942580078768657,-3,0.0041852106631620695,5.430377885069447
mono-00000540,538.002,1.4942580078768657,-2,0.016941636137739535,4.516570835237744
mono-00000540,538.002,1.4942580078768657,-1,0.23338965938422668,3.3636311723637817
mono-00000540,538.002,1.4942580078768657,0,0.3868392376011534,1.4942580078769367
mono-00000540,538.002,1.4942580078768657,1,0.0,0.0
mono-00000540,538.002,1.4942580078768657,2,0.0,0.0
mono-00000540,538.002,1.4942580078768657,3,0.0,0.0
mono-00000540,538.002,1.4942580078768657,4,0.0,0.0
mono-00000540,538.002,1.4942580078768657,5,0.0,0.0
mono-00000556,553.837,1.472758559866179,-5,0.00018918716315620085,6.805584133081567
mono-00000556,553.837,1.472758559866179,-4,0.00012141670912281248,6.121981697317651
mono-00000556,553.837,1.472758559866179,-3,0.004149413186045493,5.352131412976021
mono-00000556,553.837,1.472758559866179,-2,0.019060177372071517,4.451507991787423
mono-00000556,553.837,1.472758559866179,-1,0.2359219875709621,3.3151913756679363
mono-00000556,553.837,1.472758559866179,0,0.3829060196916168,1.4727585598662074
mono-00000556,553.837,1.472758559866179,1,0.0,0.0
mono-00000556,553.837,1.472758559866179,2,0.0,0.0
mono-00000556,553.837,1.472758559866179,3,0.0,0.0
mono-00000556,553.837,1.472758559866179,4,0.0,0.0
mono-00000556,553.837,1.472758559866179,5,0.0,0.0
mono-00000559,556.801,1.4688364456207808,-5,0.00019475673315984295,6.787425434194958
mono-00000559,556.801,1.4688364456207808,-4,0.00011540429320691015,6.10565079561357
mono-00000559,556.801,1.4688364456207808,-3,0.004139499968968084,5.337857556252828
mono-00000559,556.801,1.4688364456207808,-2,0.019468223991369785,4.439639037288501
mono-00000559,556.801,1.4688364456207808,-1,0.23637091722949874,3.306354777540676
mono-00000559,556.801,1.4688364456207808,0,0.3821810665954679,1.4688364456208092
mono-00000559,556.801,1.4688364456207808,1,0.0,0.0
mono-00000559,556.801,1.4688364456207808,2,0.0,0.0
mono-00000559,556.801,1.4688364456207808,3,0.0,0.0
mono-00000559,556.801,1.4688364456207808,4,0.0,0.0
mono-00000559,556.801,1.4688364456207808,5,0.0,0.0
mono-00000549,546.906,1.4820540452577262,-5,0.00017643069193203756,6.848621711142741
mono-00000549,546.906,1.4820540452577262,-4,0.00013659626460982245,6.160687126470634
mono-00000549,546.906,1.4820540452577262,-3,0.004168687662299302,5.385961385872122
mono-00000549,546.906,1.4820540452577262,-2,0.018119979656735657,4.4796380933264
mono-00000549,546.906,1.4820540452577262,-1,0.23484136553413815,3.33613453484125
mono-00000549,546.906,1.4820540452577262,0,0.38461398348268067,1.4820540452576978
mono-00000549,546.906,1.4820540452577262,1,0.0,0.0
mono-00000549,546.906,1.4820540452577262,2,0.0,0.0
mono-00000549,546.906,1.4820540452577262,3,0.0,0.0
mono-00000549,546.906,1.4820540452577262,4,0.0,0.0
mono-00000549,546.906,1.4820540452577262,5,0.0,0.0
mono-00000560,557.789,1.467536021093096,-5,0.0001966282946099976,6.781404758925731
mono-00000560,557.789,1.467536021093096,-4,0.00011346527632155318,6.100236135723577
mono-00000560,557.789,1.467536021093096,-3,0.00413598356203893,5.33312492241636
mono-00000560,557.789,1.467536021093096,-2,0.019605093796095988,4.435703766518188
mono-00000560,557.789,1.467536021093096,-1,0.23651944967046212,3.303424910265832
mono-00000560,557.789,1.467536021093096,0,0.38194095955751706,1.4675360210929966
mono-00000560,557.789,1.467536021093096,1,0.0,0.0
mono-00000560,557.789,1.467536021093096,2,0.0,0.0
mono-00000560,557.789,1.467536021093096,3,0.0,0.0
mono-00000560,557.789,1.467536021093096,4,0.0,0.0
mono-00000560,557.789,1.467536021093096,5,0.0,0.0
mono-00000557,554.824,1.471449024573289,-5,0.0001910343960141242,6.799521184074251
mono-00000557,554.824,1.471449024573289,-4,0.00011938260449695338,6.116529028977993
mono-00000557,554.824,1.471449024573289,-3,0.004146227129226644,5.347365567318505
mono-00000557,554.824,1.471449024573289,-2,0.019195640551075074,4.44754511277732
mono-00000557,554.824,1.471449024573289,-1,0.23607217041007642,3.3122409606601195
mono-00000557,554.824,1.471449024573289,0,0.38266377257782075,1.4714490245730616
mono-00000557,554.824,1.471449024573289,1,0.0,0.0
mono-00000557,554.824,1.471449024573289,2,0.0,0.0
mono-00000557,554.824,1.471449024573289,3,0.0,0.0
mono-00000557,554.824,1.471449024573289,4,0.0,0.0
mono-00000557,554.824,1.471449024573289,5,0.0,0.0
mono-00000573,570.65,1.4509172178459835,-5,0.0002216470905619247,6.704466092515759
mono-00000573,570.65,1.4509172178459835,-4,9.133105245789864e-05,6.031041491552742
mono-00000573,570.65,1.4509172178459835,-3,0.0040811293440659235,5.27264571487909
mono-00000573,570.65,1.4509172178459835,-2,0.02142710409333072,4.385413979127819
mono-00000573,570.65,1.4509172178459835,-1,0.2384193285951454,3.2659832176077543
mono-00000573,570.65,1.4509172178459835,0,0.37889718188271454,1.4509172178460261
mono-00000573,570.65,1.4509172178459835,1,0.0,0.0
mono-00000573,570.65,1.4509172178459835,2,0.0,0.0
mono-00000573,570.65,1.4509172178459835,3,0.0,0.0
mono-00000573,570.65,1.4509172178459835,4,0.0,0.0
mono-00000573,570.65,1.4509172178459835,5,0.0,0.0
mono-00000561,558.775,1.466241666410511,-5,0.0001985026369145309,6.775412216048508
mono-00000561,558.775,1.466241666410511,-4,0.00011156223954238812,6.094846773208516
mono-00000561,558.775,1.466241666410511,-3,0.00413234189996209,5.328414396540012
mono-00000561,558.775,1.466241666410511,-2,0.019742064553793067,4.431786876306077
mono-00000561,558.775,1.466241666410511,-1,0.2366666688939193,3.3005087252979735
mono-00000561,558.775,1.466241666410511,0,0.3817022143750412,1.466241666410781
mono-00000561,558.775,1.466241666410511,1,0.0,0.0
mono-00000561,558.775,1.466241666410511,2,0.0,0.0
mono-00000561,558.775,1.466241666410511,3,0.0,0.0
mono-00000561,558.775,1.466241666410511,4,0.0,0.0
mono-00000561,558.775,1.466241666410511,5,0.0,0.0
mono-00000575,572.623,1.4484173537154845,-5,0.00022557567595902602,6.692893111732104
mono-00000575,572.623,1.4484173537154845,-4,8.846327582774976e-05,6.020633306155361
mono-00000575,572.623,1.4484173537154845,-3,0.004071026384251932,5.263548454232222
mono-00000575,572.623,1.4484173537154845,-2,0.02171251318257125,4.377849370544311
mono-00000575,572.623,1.4484173537154845,-1,0.23869935578089968,3.2603511919015915
mono-00000575,572.623,1.4484173537154845,0,0.3784403026979296,1.4484173537155414
mono-00000575,572.623,1.4484173537154845,1,0.0,0.0
mono-00000575,572.623,1.4484173537154845,2,0.0,0.0
mono-00000575,572.623,1.4484173537154845,3,0.0,0.0
mono-00000575,572.623,1.4484173537154845,4,0.0,0.0
mono-00000575,572.623,1.4484173537154845,5,0.0,0.0
mono-00000569,566.695,1.455967577270414,-5,0.00021383478424688023,6.727846789193904
mono-00000569,566.695,1.455967577270414,-4,9.751039887458873e-05,6.052068934473667
mono-00000569,566.695,1.455967577270414,-3,0.004099905768496244,5.291024690037247
mono-00000569,566.695,1.455967577270414,-2,0.02085925686306732,4.400696545153352
mono-00000569,566.695,1.455967577270414,-1,0.23784528457303272,3.2773614150630266
mono-00000569,566.695,1.455967577270414,0,0.37981928845529267,1.4559675772701581
mono-00000569,566.695,1.455967577270414,1,0.0,0.0
mono-00000569,566.695,1.455967577270414,2,0.0,0.0
mono-00000569,566.695,1.455967577270414,3,0.0,0.0
mono-00000569,566.695,1.455967577270414,4,0.0,0.0
mono-00000569,566.695,1.455967577270414,5,0.0,0.0
mono-00000562,559.765,1.4649455004049656,-5,0.00020039322446193614,6.7694113175222554
mono-00000562,559.765,1.4649455004049656,-4,0.00010968588996086925,6.089449892756207
mono-00000562,559.765,1.4649455004049656,-3,0.004128620841535151,5.323697296700246
mono-00000562,559.765,1.4649455004049656,-2,0.019880112778673287,4.427864517112653
mono-00000562,559.765,1.4649455004049656,-1,0.23681487179997304,3.297588466301576
mono-00000562,559.765,1.4649455004049656,0,0.38146352899319724,1.4649455004048804
mono-00000562,559.765,1.4649455004049656,1,0.0,0.0
mono-00000562,559.765,1.4649455004049656,2,0.0,0.0
mono-00000562,559.765,1.4649455004049656,3,0.0,0.0
mono-00000562,559.765,1.4649455004049656,4,0.0,0.0
mono-00000562,559.765,1.4649455004049656,5,0.0,0.0
mono-00000563,560.757,1.4636501576622294,-5,0.00020229563996572648,6.763414260774908
mono-00000563,560.757,1.4636501576622294,-4,0.00010783997167150315,6.084056464066663
mono-00000563,560.757,1.4636501576622294,-3,0.004124808237459579,5.318983210874208
mono-00000563,560.757,1.4636501576622294,-2,0.020018924506294753,4.423944661524487
mono-00000563,560.757,1.4636501576622294,-1,0.23696336650438024,3.2946700689942645
mono-00000563,560.757,1.4636501576622294,0,0.38122534678785047,1.4636501576622152
mono-00000563,560.757,1.4636501576622294,1,0.0,0.0
mono-00000563,560.757,1.4636501576622294,2,0.0,0.0
mono-00000563,560.757,1.4636501576622294,3,0.0,0.0
mono-00000563,560.757,1.4636501576622294,4,0.0,0.0
mono-00000563,560.757,1.4636501576622294,5,0.0,0.0
mono-00000564,561.749,1.4623582449776933,-5,0.00020420441293438532,6.757433114328151
mono-00000564,561.749,1.4623582449776933,-4,0.00010602728794630316,6.078677340935258
mono-00000564,561.749,1.4623582449776933,-3,0.0041208631487916906,5.314281625757459
mono-00000564,561.749,1.4623582449776933,-2,0.020158118293596677,4.420035197931668
mono-00000564,561.749,1.4623582449776933,-1,0.23711086290714933,3.2917594064257685
mono-00000564,561.749,1.4623582449776933,0,0.38098805458918217,1.4623582449777501
mono-00000564,561.749,1.4623582449776933,1,0.0,0.0
mono-00000564,561.749,1.4623582449776933,2,0.0,0.0
mono-00000564,561.749,1.4623582449776933,3,0.0,0.0
mono-00000564,561.749,1.4623582449776933,4,0.0,0.0
mono-00000564,561.749,1.4623582449776933,5,0.0,0.0
mono-00000580,577.571,1.4422044522098076,-5,0.00023551916626686828,6.664131315175908
mono-00000580,577.571,1.4422044522098076,-4,8.191939749510213e-05,5.994766269040227
mono-00000580,577.571,1.4422044522098076,-3,0.0040437372144301485,5.240939357408209
mono-00000580,577.571,1.4422044522098076,-2,0.02243494463633786,4.359049277637212
mono-00000580,577.571,1.4422044522098076,-1,0.23938791841084464,3.2463540523664705
mono-00000580,577.571,1.4422044522098076,0,0.3773057034825315,1.4422044522097224
mono-00000580,577.571,1.4422044522098076,1,0.0,0.0
mono-00000580,577.571,1.4422044522098076,2,0.0,0.0
mono-00000580,577.571,1.4422044522098076,3,0.0,0.0
mono-00000580,577.571,1.4422044522098076,4,0.0,0.0
mono-00000580,577.571,1.4422044522098076,5,0.0,0.0
mono-00000565,562.737,1.4610749359583366,-5,0.00020611355716305716,6.75149182989685
mono-00000565,562.737,1.4610749359583366,-4,0.00010425658606804154,6.0733340643020455
mono-00000565,562.737,1.4610749359583366,-3,0.004116858647518872,5.30961136910247
mono-00000565,562.737,1.4610749359583366,-2,0.02029725355230388,4.416151782031633
mono-00000565,562.737,1.4610749359583366,-1,0.23725796075895172,3.2888681345647512
mono-00000565,562.737,1.4610749359583366,0,0.38075277853527273,1.461074935958294
mono-00000565,562.737,1.4610749359583366,1,0.0,0.0
mono-00000565,562.737,1.4610749359583366,2,0.0,0.0
mono-00000565,562.737,1.4610749359583366,3,0.0,0.0
mono-00000565,562.737,1.4610749359583366,4,0.0,0.0
mono-00000565,562.737,1.4610749359583366,5,0.0,0.0
mono-00000566,563.722,1.459798880920701,-5,0.00020802546219383342,6.745584158328583
mono-00000566,563.722,1.459798880920701,-4,0.00010252625873723236,6.068021014073437
mono-00000566,563.722,1.459798880920701,-3,0.004112812246347332,5.304967528759079
mono-00000566,563.722,1.459798880920701,-2,0.020436507175718738,4.412290329318424
mono-00000566,563.722,1.459798880920701,-1,0.2374051873443162,3.2859932124678863
mono-00000566,563.722,1.459798880920701,0,0.3805192243155545,1.4597988809209
mono-00000566,563.722,1.459798880920701,1,0.0,0.0
mono-00000566,563.722,1.459798880920701,2,0.0,0.0
mono-00000566,563.722,1.459798880920701,3,0.0,0.0
mono-00000566,563.722,1.459798880920701,4,0.0,0.0
mono-00000566,563.722,1.459798880920701,5,0.0,0.0
mono-00000567,564.71,1.458522292231038,-5,0.00020994919830369643,6.7396740454488935
mono-00000567,564.71,1.458522292231038,-4,0.00010082432913397601,6.062705765042622
mono-00000567,564.71,1.458522292231038,-3,0.004108623383041402,5.30032176369113
mono-00000567,564.71,1.458522292231038,-2,0.020576562552315308,4.408427273635596
mono-00000567,564.71,1.458522292231038,-1,0.23755188597296614,3.28311709472014
mono-00000567,564.71,1.458522292231038,0,0.38028583039239433,1.4585222922310663
mono-00000567,564.71,1.458522292231038,1,0.0,0.0
mono-00000567,564.71,1.458522292231038,2,0.0,0.0
mono-00000567,564.71,1.458522292231038,3,0.0,0.0
mono-00000567,564.71,1.458522292231038,4,0.0,0.0
mono-00000567,564.71,1.458522292231038,5,0.0,0.0
mono-00000576,573.61,1.4471716272174433,-5,0.00022754866426978729,6.687126132416665
mono-00000576,573.61,1.4471716272174433,-4,8.708362626910433e-05,6.015446756217926
mono-00000576,573.61,1.4471716272174433,-3,0.004065801435072579,5.2590151530515215
mono-00000576,573.61,1.4471716272174433,-2,0.02185582782938748,4.374079809252365
mono-00000576,573.61,1.4471716272174433,-1,0.23883798270448794,3.2575446633648255
mono-00000576,573.61,1.4471716272174433,0,0.37821234583630714,1.447171627217358
mono-00000576,573.61,1.4471716272174433,1,0.0,0.0
mono-00000576,573.61,1.4471716272174433,2,0.0,0.0
mono-00000576,573.61,1.4471716272174433,3,0.0,0.0
mono-00000576,573.61,1.4471716272174433,4,0.0,0.0
mono-00000576,573.61,1.4471716272174433,5,0.0,0.0
mono-00000571,568.667,1.453442840039557,-5,0.0002177195590846076,6.716158432240277
mono-00000571,568.667,1.453442840039557,-4,9.435785626716022e-05,6.0415570102292975
mono-00000571,568.667,1.453442840039557,-3,0.004090789381128286,5.281836778909479
mono-00000571,568.667,1.453442840039557,-2,0.021141714572763842,4.393056577907302
mono-00000571,568.667,1.453442840039557,-1,0.23813399374702854,3.2716733002583
mono-00000571,568.667,1.453442840039557,0,0.37935913335276433,1.4534428400393011
mono-00000571,568.667,1.453442840039557,1,0.0,0.0
mono-00000571,568.667,1.453442840039557,2,0.0,0.0
mono-00000571,568.667,1.453442840039557,3,0.0,0.0
mono-00000571,568.667,1.453442840039557,4,0.0,0.0
mono-00000571,568.667,1.453442840039557,5,0.0,0.0
mono-00000577,574.604,1.4459203086410781,-5,0.00022954043559563012,6.681333292925984
mono-00000577,574.604,1.4459203086410781,-4,8.573111095691847e-05,6.010236945800131
mono-00000577,574.604,1.4459203086410781,-3,0.004060411391829462,5.254461518328554
mono-00000577,574.604,1.4459203086410781,-2,0.022000524925989418,4.370293337680806
mono-00000577,574.604,1.4459203086410781,-1,0.23897664959021656,3.254725542619653
mono-00000577,574.604,1.4459203086410781,0,0.37798367289326323,1.4459203086411776
mono-00000577,574.604,1.4459203086410781,1,0.0,0.0
mono-00000577,574.604,1.4459203086410781,2,0.0,0.0
mono-00000577,574.604,1.4459203086410781,3,0.0,0.0
mono-00000577,574.604,1.4459203086410781,4,0.0,0.0
mono-00000577,574.604,1.4459203086410781,5,0.0,0.0
mono-00000591,588.451,1.4288195421566456,-5,0.0002577488658967311,6.602169990382777
mono-00000591,588.451,1.4288195421566456,-4,7.092781522362432e-05,5.939040847867105
mono-00000591,588.451,1.4288195421566456,-3,0.003973977649094346,5.19223229679038
mono-00000591,588.451,1.4288195421566456,-2,0.02405291119829824,4.318547801864753
mono-00000591,588.451,1.4288195421566456,-1,0.24080854259542284,3.2161995148589284
mono-00000591,588.451,1.4288195421566456,0,0.3748292601525286,1.4288195421567025
mono-00000591,588.451,1.4288195421566456,1,0.0,0.0
mono-00000591,588.451,1.4288195421566456,2,0.0,0.0
mono-00000591,588.451,1.4288195421566456,3,0.0,0.0
mono-00000591,588.451,1.4288195421566456,4,0.0,0.0
mono-00000591,588.451,1.4288195421566456,5,0.0,0.0
mono-00000568,565.703,1.4572426117356514,-5,0.00021188908555804843,6.733749648091944
mono-00000568,565.703,1.4572426117356514,-4,9.914847387387968e-05,6.05737766606957
mono-00000568,565.703,1.4572426117356514,-3,0.004104297456469157,5.295664764316712
mono-00000568,565.703,1.4572426117356514,-2,0.020717734731283247,4.404554873852973
mono-00000568,565.703,1.4572426117356514,-1,0.23769861633946093,3.2802340178971576
mono-00000568,565.703,1.4572426117356514,0,0.38005209688720115,1.4572426117353814
mono-00000568,565.703,1.4572426117356514,1,0.0,0.0
mono-00000568,565.703,1.4572426117356514,2,0.0,0.0
mono-00000568,565.703,1.4572426117356514,3,0.0,0.0
mono-00000568,565.703,1.4572426117356514,4,0.0,0.0
mono-00000568,565.703,1.4572426117356514,5,0.0,0.0
mono-00000578,575.59,1.4446822623706481,-5,0.00023152163485922828,6.675601923539432
mono-00000578,575.59,1.4446822623706481,-4,8.442669941695627e-05,6.005082415724118
mono-00000578,575.59,1.4446822623706481,-3,0.00405496279514837,5.249956198695287
mono-00000578,575.59,1.4446822623706481,-2,0.02214446583247955,4.366547039064756
mono-00000578,575.59,1.4446822623706481,-1,0.23911367808683742,3.251936329552322
mono-00000578,575.59,1.4446822623706481,0,0.3777576126165539,1.4446822623706481
mono-00000578,575.59,1.4446822623706481,1,0.0,0.0
mono-00000578,575.59,1.4446822623706481,2,0.0,0.0
mono-00000578,575.59,1.4446822623706481,3,0.0,0.0
mono-00000578,575.59,1.4446822623706481,4,0.0,0.0
mono-00000578,575.59,1.4446822623706481,5,0.0,0.0
mono-00000570,567.677,1.454708686652154,-5,0.00021576652293575621,6.722018697944208
mono-00000570,567.677,1.454708686652154,-4,9.592315249975651e-05,6.046827441966187
mono-00000570,567.677,1.454708686652154,-3,0.004095430206772085,5.286443382990882
mono-00000570,567.677,1.454708686652154,-2,0.020999726095876036,4.396887080302264
mono-00000570,567.677,1.454708686652154,-1,0.2379895261515299,3.2745251901827004
mono-00000570,567.677,1.454708686652154,0,0.3795897022620378,1.4547086866520544
mono-00000570,567.677,1.454708686652154,1,0.0,0.0
mono-00000570,567.677,1.454708686652154,2,0.0,0.0
mono-00000570,567.677,1.454708686652154,3,0.0,0.0
mono-00000570,567.677,1.454708686652154,4,0.0,0.0
mono-00000570,567.677,1.454708686652154,5,0.0,0.0
mono-00000581,578.558,1.4409746738701443,-5,0.0002375173330539191,6.65843830222822
mono-00000581,578.558,1.4409746738701443,-4,8.072653943689836e-05,5.989646226078676
mono-00000581,578.558,1.4409746738701443,-3,0.004037955888596219,5.23646417329374
mono-00000581,578.558,1.4409746738701443,-2,0.022580209630816535,4.35532803056428
mono-00000581,578.558,1.4409746738701443,-1,0.23952317706655782,3.243583484677302
mono-00000581,578.558,1.4409746738701443,0,0.37708189347708954,1.4409746738701585
mono-00000581,578.558,1.4409746738701443,1,0.0,0.0
mono-00000581,578.558,1.4409746738701443,2,0.0,0.0
mono-00000581,578.558,1.4409746738701443,3,0.0,0.0
mono-00000581,578.558,1.4409746738701443,4,0.0,0.0
mono-00000581,578.558,1.4409746738701443,5,0.0,0.0
mono-00000593,590.432,1.4264223240319893,-5,0.0002618426110669799,6.591073140052927
mono-00000593,590.432,1.4264223240319893,-4,6.944555048873046e-05,5.929060768700538
mono-00000593,590.432,1.4264223240319893,-3,0.003959932301479976,5.183509129965898
mono-00000593,590.432,1.4264223240319893,-2,0.024351779216123765,4.311294181480875
mono-00000593,590.432,1.4264223240319893,-1,0.24105416514283484,3.2107989563971415
mono-00000593,590.432,1.4264223240319893,0,0.37438007754782954,1.4264223240318898
mono-00000593,590.432,1.4264223240319893,1,0.0,0.0
mono-00000593,590.432,1.4264223240319893,2,0.0,0.0
mono-00000593,590.432,1.4264223240319893,3,0.0,0.0
mono-00000593,590.432,1.4264223240319893,4,0.0,0.0
mono-00000593,590.432,1.4264223240319893,5,0.0,0.0
mono-00000584,581.533,1.4372868406861699,-5,0.00024355872787189812,6.64136637668409
mono-00000584,581.533,1.4372868406861699,-4,7.73676367579318e-05,5.974292476934522
mono-00000584,581.533,1.4372868406861699,-3,0.0040198278939665,5.223044181397512
mono-00000584,581.533,1.4372868406861699,-2,0.02301928883616332,4.3441688991881335
mono-00000584,581.533,1.4372868406861699,-1,0.23991803462111388,3.235275201626152
mono-00000584,581.533,1.4372868406861699,0,0.37639895594126943,1.437286840686113
mono-00000584,581.533,1.4372868406861699,1,0.0,0.0
mono-00000584,581.533,1.4372868406861699,2,0.0,0.0
mono-00000584,581.533,1.4372868406861699,3,0.0,0.0
mono-00000584,581.533,1.4372868406861699,4,0.0,0.0
mono-00000584,581.533,1.4372868406861699,5,0.0,0.0
mono-00000586,583.506,1.4348566528752968,-5,0.00024758608615135823,6.630116545738403
mono-00000586,583.506,1.4348566528752968,-4,7.53341041294232e-05,5.9641748526315155
mono-00000586,583.506,1.4348566528752968,-3,0.0040072768265440335,5.214200827689794
mono-00000586,583.506,1.4348566528752968,-2,0.02331222734052883,4.336815370324828
mono-00000586,583.506,1.4348566528752968,-1,0.24017541425563776,3.2298002853457604
mono-00000586,583.506,1.4348566528752968,0,0.37594774782979595,1.4348566528751547
mono-00000586,583.506,1.4348566528752968,1,0.0,0.0
mono-00000586,583.506,1.4348566528752968,2,0.0,0.0
mono-00000586,583.506,1.4348566528752968,3,0.0,0.0
mono-00000586,583.506,1.4348566528752968,4,0.0,0.0
mono-00000586,583.506,1.4348566528752968,5,0.0,0.0
mono-00000572,569.656,1.4521815658372645,-5,0.0002196757315009216,6.710319363149438
mono-00000572,569.656,1.4521815658372645,-4,9.283039789288789e-05,6.036305638542444
mono-00000572,569.656,1.4521815658372645,-3,0.004086035938642298,5.277246831405009
mono-00000572,569.656,1.4521815658372645,-2,0.021283865687777452,4.389239923404006
mono-00000572,569.656,1.4521815658372645,-1,0.23827680029183015,3.268831718228995
mono-00000572,569.656,1.4521815658372645,0,0.3791283362457209,1.4521815658369945
mono-00000572,569.656,1.4521815658372645,1,0.0,0.0
mono-00000572,569.656,1.4521815658372645,2,0.0,0.0
mono-00000572,569.656,1.4521815658372645,3,0.0,0.0
mono-00000572,569.656,1.4521815658372645,4,0.0,0.0
mono-00000572,569.656,1.4521815658372645,5,0.0,0.0
mono-00000587,584.493,1.433645559744889,-5,0.00024960628613705153,6.624510189642322
mono-00000587,584.493,1.433645559744889,-4,7.437532879467313e-05,5.959132727726271
mono-00000587,584.493,1.433645559744889,-3,0.004000826405659517,5.2097937325728765
mono-00000587,584.493,1.433645559744889,-2,0.023459286859806656,4.333150727717609
mono-00000587,584.493,1.433645559744889,-1,0.24030282092985783,3.22707184931609
mono-00000587,584.493,1.433645559744889,0,0.37572299860123126,1.4336455597449174
mono-00000587,584.493,1.433645559744889,1,0.0,0.0
mono-00000587,584.493,1.433645559744889,2,0.0,0.0
mono-00000587,584.493,1.433645559744889,3,0.0,0.0
mono-00000587,584.493,1.433645559744889,4,0.0,0.0
mono-00000587,584.493,1.433645559744889,5,0.0,0.0
mono-00000574,571.63,1.44967390500409,-5,0.00022359578173576975,6.698710231497401
mono-00000574,571.63,1.44967390500409,-4,8.988826262591512e-05,6.025864946977862
mono-00000574,571.63,1.44967390500409,-3,0.004076165047828706,5.268121164325123
mono-00000574,571.63,1.44967390500409,-2,0.02156868994440452,4.381651698989501
mono-00000574,571.63,1.44967390500409,-1,0.23855891325735587,3.263182114251464
mono-00000574,571.63,1.44967390500409,0,0.3786701641834003,1.4496739050040333
mono-00000574,571.63,1.44967390500409,1,0.0,0.0
mono-00000574,571.63,1.44967390500409,2,0.0,0.0
mono-00000574,571.63,1.44967390500409,3,0.0,0.0
mono-00000574,571.63,1.44967390500409,4,0.0,0.0
mono-00000574,571.63,1.44967390500409,5,0.0,0.0
mono-00000579,576.585,1.443436133766241,-5,0.00023352727006951404,6.669833165614648
mono-00000579,576.585,1.443436133766241,-4,8.314857606481583e-05,5.999894257094638
mono-00000579,576.585,1.443436133766241,-3,0.004049387696715872,5.245421483305876
mono-00000579,576.585,1.443436133766241,-2,0.02229018412479836,4.362776294691088
mono-00000579,576.585,1.443436133766241,-1,0.23925188433185773,3.249128913928814
mono-00000579,576.585,1.443436133766241,0,0.3775301826914047,1.443436133766184
mono-00000579,576.585,1.443436133766241,1,0.0,0.0
mono-00000579,576.585,1.443436133766241,2,0.0,0.0
mono-00000579,576.585,1.443436133766241,3,0.0,0.0
mono-00000579,576.585,1.443436133766241,4,0.0,0.0
mono-00000579,576.585,1.443436133766241,5,0.0,0.0
mono-00000598,595.382,1.4204846516166185,-5,0.00027212419015825985,6.563587772663325
mono-00000598,595.382,1.4204846516166185,-4,6.64581795916386e-05,5.904341441774349
mono-00000598,595.382,1.4204846516166185,-3,0.003923034964851231,5.161902964908464
mono-00000598,595.382,1.4204846516166185,-2,0.025104686077428568,4.293327857065066
mono-00000598,595.382,1.4204846516166185,-1,0.2416547764810153,3.197422405391521
mono-00000598,595.382,1.4204846516166185,0,0.37326812616823646,1.4204846516167322
mono-00000598,595.382,1.4204846516166185,1,0.0,0.0
mono-00000598,595.382,1.4204846516166185,2,0.0,0.0
mono-00000598,595.382,1.4204846516166185,3,0.0,0.0
mono-00000598,595.382,1.4204846516166185,4,0.0,0.0
mono-00000598,595.382,1.4204846516166185,5,0.0,0.0
mono-00000583,580.538,1.4385170973227162,-5,0.00024153434376200536,6.647061523356996
mono-00000583,580.538,1.4385170973227162,-4,7.845244771961144e-05,5.979414447699028
mono-00000583,580.538,1.4385170973227162,-3,0.004026017045823394,5.2275210584038945
mono-00000583,580.538,1.4385170973227162,-2,0.022872091740865613,4.347891560869016
mono-00000583,580.538,1.4385170973227162,-1,0.23978696112056902,3.238046828597902
mono-00000583,580.538,1.4385170973227162,0,0.37662653856853456,1.4385170973226025
mono-00000583,580.538,1.4385170973227162,1,0.0,0.0
mono-00000583,580.538,1.4385170973227162,2,0.0,0.0
mono-00000583,580.538,1.4385170973227162,3,0.0,0.0
mono-00000583,580.538,1.4385170973227162,4,0.0,0.0
mono-00000583,580.538,1.4385170973227162,5,0.0,0.0
mono-00000588,585.482,1.4324350833331607,-5,0.0002516342800822199,6.618906714322293
mono-00000588,585.482,1.4324350833331607,-4,7.345401702756758e-05,5.954093190833063
mono-00000588,585.482,1.4324350833331607,-3,0.003994250886449345,5.2053888969826545
mono-00000588,585.482,1.4324350833331607,-2,0.023607006389605542,4.329487961754495
mono-00000588,585.482,1.4324350833331607,-1,0.24042973951586677,3.224344808551635
mono-00000588,585.482,1.4324350833331607,0,0.3754986176696744,1.432435083333246
mono-00000588,585.482,1.4324350833331607,1,0.0,0.0
mono-00000588,585.482,1.4324350833331607,2,0.0,0.0
mono-00000588,585.482,1.4324350833331607,3,0.0,0.0
mono-00000588,585.482,1.4324350833331607,4,0.0,0.0
mono-00000588,585.482,1.4324350833331607,5,0.0,0.0
mono-00000605,602.301,1.412308000933649,-5,0.0002866079042109673,6.525739228367328
mono-00000605,602.301,1.412308000933649,-4,6.403167698500593e-05,5.8703017446339345
mono-00000605,602.301,1.412308000933649,-3,0.0038675252474368467,5.132150141808765
mono-00000605,602.301,1.412308000933649,-2,0.026171766286805648,4.268587198773517
mono-00000605,602.301,1.412308000933649,-1,0.2424657041811223,3.1790020519894995
mono-00000605,602.301,1.412308000933649,0,0.3717334503466015,1.412308000933436
mono-00000605,602.301,1.412308000933649,1,0.0,0.0
mono-00000605,602.301,1.412308000933649,2,0.0,0.0
mono-00000605,602.301,1.412308000933649,3,0.0,0.0
mono-00000605,602.301,1.412308000933649,4,0.0,0.0
mono-00000605,602.301,1.412308000933649,5,0.0,0.0
mono-00000594,591.413,1.4252396692779996,-5,0.00026387362429362556,6.585598605430306
mono-00000594,591.413,1.4252396692779996,-4,6.877192130732565e-05,5.92413717934059
mono-00000594,591.413,1.4252396692779996,-3,0.003952807932172378,5.179205624246109
mono-00000594,591.413,1.4252396692779996,-2,0.02450023404697209,4.307715661736324
mono-00000594,591.413,1.4252396692779996,-1,0.24117416968740196,3.2081346281829894
mono-00000594,591.413,1.4252396692779996,0,0.3741581982177311,1.4252396692778717
mono-00000594,591.413,1.4252396692779996,1,0.0,0.0
mono-00000594,591.413,1.4252396692779996,2,0.0,0.0
mono-00000594,591.413,1.4252396692779996,3,0.0,0.0
mono-00000594,591.413,1.4252396692779996,4,0.0,0.0
mono-00000594,591.413,1.4252396692779996,5,0.0,0.0
mono-00000592,589.44,1.4276212387527494,-5,0.00025979132580776406,6.596622967497069
mono-00000592,589.44,1.4276212387527494,-4,7.016735637173316e-05,5.934052070825103
mono-00000592,589.44,1.4276212387527494,-3,0.003967016617321344,5.187871818151166
mono-00000592,589.44,1.4276212387527494,-2,0.0242019871661866,4.314921911416633
mono-00000592,589.44,1.4276212387527494,-1,0.24093188874852012,3.2134999213604374
mono-00000592,589.44,1.4276212387527494,0,0.37460529422511474,1.4276212387527636
mono-00000592,589.44,1.4276212387527494,1,0.0,0.0
mono-00000592,589.44,1.4276212387527494,2,0.0,0.0
mono-00000592,589.44,1.4276212387527494,3,0.0,0.0
mono-00000592,589.44,1.4276212387527494,4,0.0,0.0
mono-00000592,589.44,1.4276212387527494,5,0.0,0.0
mono-00000600,597.363,1.4181290721594735,-5,0.0002762603941523592,6.55268401327497
mono-00000600,597.363,1.4181290721594735,-4,6.555299294968835e-05,5.894534983493955
mono-00000600,597.363,1.4181290721594735,-3,0.003907626433360425,5.153331519111035
mono-00000600,597.363,1.4181290721594735,-2,0.025408571677797642,4.286200368533116
mono-00000600,597.363,1.4181290721594735,-1,0.24189108200577436,3.1921157303317074
mono-00000600,597.363,1.4181290721594735,0,0.3728269134271518,1.4181290721592035
mono-00000600,597.363,1.4181290721594735,1,0.0,0.0
mono-00000600,597.363,1.4181290721594735,2,0.0,0.0
mono-00000600,597.363,1.4181290721594735,3,0.0,0.0
mono-00000600,597.363,1.4181290721594735,4,0.0,0.0
mono-00000600,597.363,1.4181290721594735,5,0.0,0.0
mono-00000610,607.245,1.406551084423782,-5,0.0002970176652116679,6.499091984742265
mono-00000610,607.245,1.406551084423782,-4,6.357408038622311e-05,5.84633604088431
mono-00000610,607.245,1.406551084423782,-3,0.0038251055156865864,5.111202550193994
mono-00000610,607.245,1.406551084423782,-2,0.026944582588519186,4.2511683814005465
mono-00000610,607.245,1.406551084423782,-1,0.2430255522896584,3.1660330327012502
mono-00000610,607.245,1.406551084423782,0,0.37065217951701823,1.406551084423839
mono-00000610,607.245,1.406551084423782,1,0.0,0.0
mono-00000610,607.245,1.406551084423782,2,0.0,0.0
mono-00000610,607.245,1.406551084423782,3,0.0,0.0
mono-00000610,607.245,1.406551084423782,4,0.0,0.0
mono-00000610,607.245,1.406551084423782,5,0.0,0.0
mono-00000617,614.173,1.3986011198599186,-5,0.0003116671327986967,6.462294644972218
mono-00000617,614.173,1.3986011198599186,-4,6.475858839973823e-05,5.813241552289739
mono-00000617,614.173,1.3986011198599186,-3,0.0037620883734028497,5.082275711404293
mono-00000617,614.173,1.3986011198599186,-2,0.02804204753072394,4.2271143979958055
mono-00000617,614.173,1.3986011198599186,-1,0.24378560712951491,3.1481237907844104
mono-00000617,614.173,1.3986011198599186,0,0.3691571352762468,1.3986011198598334
mono-00000617,614.173,1.3986011198599186,1,0.0,0.0
mono-00000617,614.173,1.3986011198599186,2,0.0,0.0
mono-00000617,614.173,1.3986011198599186,3,0.0,0.0
mono-00000617,614.173,1.3986011198599186,4,0.0,0.0
mono-00000617,614.173,1.3986011198599186,5,0.0,0.0
mono-00000595,592.407,1.4240443375831688,-5,0.00026593438186232036,6.580065413919527
mono-00000595,592.407,1.4240443375831688,-4,6.813034889713787e-05,5.919160833457752
mono-00000595,592.407,1.4240443375831688,-3,0.003945479891083501,5.17485600378572
mono-00000595,592.407,1.4240443375831688,-2,0.02465100694988022,4.304098793781549
mono-00000595,592.407,1.4240443375831688,-1,0.24129502544668757,3.2054417465553513
mono-00000595,592.407,1.4240443375831688,0,0.37393419429929325,1.4240443375828988
mono-00000595,592.407,1.4240443375831688,1,0.0,0.0
mono-00000595,592.407,1.4240443375831688,2,0.0,0.0
mono-00000595,592.407,1.4240443375831688,3,0.0,0.0
mono-00000595,592.407,1.4240443375831688,4,0.0,0.0
mono-00000595,592.407,1.4240443375831688,5,0.0,0.0
mono-00000602,599.334,1.415796975412377,-5,0.000280383542598043,6.5418890486400585
mono-00000602,599.334,1.415796975412377,-4,6.481959426262589e-05,5.88482636092364
mono-00000602,599.334,1.415796975412377,-3,0.003891866227792044,5.144845578359195
mono-00000602,599.334,1.415796975412377,-2,0.02571223757394948,4.279143972542784
mono-00000602,599.334,1.415796975412377,-1,0.24212296120254723,3.186861979058918
mono-00000602,599.334,1.415796975412377,0,0.3723907787152761,1.415796975412448
mono-00000602,599.334,1.415796975412377,1,0.0,0.0
mono-00000602,599.334,1.415796975412377,2,0.0,0.0
mono-00000602,599.334,1.415796975412377,3,0.0,0.0
mono-00000602,599.334,1.415796975412377,4,0.0,0.0
mono-00000602,599.334,1.415796975412377,5,0.0,0.0
mono-00000607,604.279,1.40999629701939,-5,0.0002907678007376478,6.515038893349754
mono-00000607,604.279,1.40999629701939,-4,6.371944175186612e-05,5.860678203053652
mono-00000607,604.279,1.40999629701939,-3,0.0038508334183211617,5.123738544196968
mono-00000607,604.279,1.40999629701939,-2,0.026479918743748724,4.261592601934382
mono-00000607,604.279,1.40999629701939,-1,0.24269152036069627,3.1737942948531668
mono-00000607,604.279,1.40999629701939,0,0.3712988977946753,1.4099962970194468
mono-00000607,604.279,1.40999629701939,1,0.0,0.0
mono-00000607,604.279,1.40999629701939,2,0.0,0.0
mono-00000607,604.279,1.40999629701939,3,0.0,0.0
mono-00000607,604.279,1.40999629701939,4,0.0,0.0
mono-00000607,604.279,1.40999629701939,5,0.0,0.0
mono-00000596,593.404,1.4228484143345383,-5,0.0002680066542341614,6.574529509183037
mono-00000596,593.404,1.4228484143345383,-4,6.7528351837062e-05,5.914182044650289
mono-00000596,593.404,1.4228484143345383,-3,0.003938077648170849,5.170504245605002
mono-00000596,593.404,1.4228484143345383,-2,0.024802720274774325,4.300480146077916
mono-00000596,593.404,1.4228484143345383,-1,0.24141650741305176,3.2027475379521775
mono-00000596,593.404,1.4228484143345383,0,0.37371010979465163,1.4228484143345952
mono-00000596,593.404,1.4228484143345383,1,0.0,0.0
mono-00000596,593.404,1.4228484143345383,2,0.0,0.0
mono-00000596,593.404,1.4228484143345383,3,0.0,0.0
mono-00000596,593.404,1.4228484143345383,4,0.0,0.0
mono-00000596,593.404,1.4228484143345383,5,0.0,0.0
mono-00000599,596.368,1.419310746742397,-5,0.00027418134946733584,6.558153863477102
mono-00000599,596.368,1.419310746742397,-4,6.5986736365148e-05,5.899454376007654
mono-00000599,596.368,1.419310746742397,-3,0.003915407193146087,5.157631370978365
mono-00000599,596.368,1.419310746742397,-2,0.025255754775573465,4.28977586262522
mono-00000599,596.368,1.419310746742397,-1,0.2417726716560896,3.1947778169502072
mono-00000599,596.368,1.419310746742397,0,0.373048362958312,1.419310746742454
mono-00000599,596.368,1.419310746742397,1,0.0,0.0
mono-00000599,596.368,1.419310746742397,2,0.0,0.0
mono-00000599,596.368,1.419310746742397,3,0.0,0.0
mono-00000599,596.368,1.419310746742397,4,0.0,0.0
mono-00000599,596.368,1.419310746742397,5,0.0,0.0
mono-00000603,600.326,1.4146275803291388,-5,0.0002824633696034476,6.53647611055564
mono-00000603,600.326,1.4146275803291388,-4,6.451355419791454e-05,5.879958145333106
mono-00000603,600.326,1.4146275803291388,-3,0.0038838412316431706,5.140590451252265
mono-00000603,600.326,1.4146275803291388,-2,0.025865566790173537,4.27560566267357
mono-00000603,600.326,1.4146275803291388,-1,0.24223846022996173,3.184227572059612
mono-00000603,600.326,1.4146275803291388,0,0.3721702254421656,1.414627580329082
mono-00000603,600.326,1.4146275803291388,1,0.0,0.0
mono-00000603,600.326,1.4146275803291388,2,0.0,0.0
mono-00000603,600.326,1.4146275803291388,3,0.0,0.0
mono-00000603,600.326,1.4146275803291388,4,0.0,0.0
mono-00000603,600.326,1.4146275803291388,5,0.0,0.0
mono-00000604,601.311,1.413469299354091,-5,0.00028452983131696947,6.531114641339144
mono-00000604,601.311,1.413469299354091,-4,6.425193143856615e-05,5.8751362165463235
mono-00000604,601.311,1.413469299354091,-3,0.00387576083348623,5.136375779424242
mono-00000604,601.311,1.413469299354091,-2,0.026018124177816473,4.272100990981571
mono-00000604,601.311,1.413469299354091,-1,0.24235224093397012,3.1816182081976905
mono-00000604,601.311,1.413469299354091,0,0.3719519751126211,1.4134692993542473
mono-00000604,601.311,1.413469299354091,1,0.0,0.0
mono-00000604,601.311,1.413469299354091,2,0.0,0.0
mono-00000604,601.311,1.413469299354091,3,0.0,0.0
mono-00000604,601.311,1.413469299354091,4,0.0,0.0
mono-00000604,601.311,1.413469299354091,5,0.0,0.0
mono-00000597,594.386,1.4216734244140667,-5,0.00027004985195505264,6.5690905288109604
mono-00000597,594.386,1.4216734244140667,-4,6.697631974460849e-05,5.909290423368802
mono-00000597,594.386,1.4216734244140667,-3,0.003930668552072359,5.166228674643463
mono-00000597,594.386,1.4216734244140667,-2,0.02495247323887262,4.296924848762785
mono-00000597,594.386,1.4216734244140667,-1,0.24153525248283483,3.2001004940669446
mono-00000597,594.386,1.4216734244140667,0,0.3734902548896929,1.4216734244144362
mono-00000597,594.386,1.4216734244140667,1,0.0,0.0
mono-00000597,594.386,1.4216734244140667,2,0.0,0.0
mono-00000597,594.386,1.4216734244140667,3,0.0,0.0
mono-00000597,594.386,1.4216734244140667,4,0.0,0.0
mono-00000597,594.386,1.4216734244140667,5,0.0,0.0
mono-00000609,606.263,1.4076889468333889,-5,0.0002949460470952953,6.504358803242894
mono-00000609,606.263,1.4076889468333889,-4,6.35794774223963e-05,5.851072858955064
mono-00000609,606.263,1.4076889468333889,-3,0.0038336923336806557,5.1153428432854895
mono-00000609,606.263,1.4076889468333889,-2,0.026790373268942597,4.254611215912789
mono-00000609,606.263,1.4076889468333889,-1,0.24291541116771342,3.1685963667183614
mono-00000609,606.263,1.4076889468333889,0,0.37086614697021053,1.4076889468334457
mono-00000609,606.263,1.4076889468333889,1,0.0,0.0
mono-00000609,606.263,1.4076889468333889,2,0.0,0.0
mono-00000609,606.263,1.4076889468333889,3,0.0,0.0
mono-00000609,606.263,1.4076889468333889,4,0.0,0.0
mono-00000609,606.263,1.4076889468333889,5,0.0,0.0
mono-00000590,587.465,1.4300172194489846,-5,0.00025571531906016414,6.60771414020769
mono-00000590,587.465,1.4300172194489846,-4,7.172685520754418e-05,5.944027038220256
mono-00000590,587.465,1.4300172194489846,-3,0.003980832848879494,5.196590512037645
mono-00000590,587.465,1.4300172194489846,-2,0.02390449268749469,4.322171808051948
mono-00000590,587.465,1.4300172194489846,-1,0.24068368625330938,3.2188977035591506
mono-00000590,587.465,1.4300172194489846,0,0.3750506981331486,1.430017219448871
mono-00000590,587.465,1.4300172194489846,1,0.0,0.0
mono-00000590,587.465,1.4300172194489846,2,0.0,0.0
mono-00000590,587.465,1.4300172194489846,3,0.0,0.0
mono-00000590,587.465,1.4300172194489846,4,0.0,0.0
mono-00000590,587.465,1.4300172194489846,5,0.0,0.0
mono-00000620,617.139,1.3952385653206107,-5,0.00031795372929048455,6.446730996331269
mono-00000620,617.139,1.3952385653206107,-4,6.592778579414424e-05,5.799244010104388
mono-00000620,617.139,1.3952385653206107,-3,0.003733853928247906,5.070040873285123
mono-00000620,617.139,1.3952385653206107,-2,0.02851719081494321,4.216940544887308
mono-00000620,617.139,1.3952385653206107,-1,0.24410380942847226,3.140548887761213
mono-00000620,617.139,1.3952385653206107,0,0.36852682708414225,1.3952385653202697
mono-00000620,617.139,1.3952385653206107,1,0.0,0.0
mono-00000620,617.139,1.3952385653206107,2,0.0,0.0
mono-00000620,617.139,1.3952385653206107,3,0.0,0.0
mono-00000620,617.139,1.3952385653206107,4,0.0,0.0
mono-00000620,617.139,1.3952385653206107,5,0.0,0.0
mono-00000612,609.227,1.4042628823246304,-5,0.0003012033875527742,6.488500662083041
mono-00000612,609.227,1.4042628823246304,-4,6.369337997124745e-05,5.836810516554067
mono-00000612,609.227,1.4042628823246304,-3,0.0038075198934340677,5.102876603636062
mono-00000612,609.227,1.4042628823246304,-2,0.027256850311489018,4.24424498740693
mono-00000612,609.227,1.4042628823246304,-1,0.24324598740598205,3.160878271731903
mono-00000612,609.227,1.4042628823246304,0,0.3702215416010491,1.404262882324531
mono-00000612,609.227,1.4042628823246304,1,0.0,0.0
mono-00000612,609.227,1.4042628823246304,2,0.0,0.0
mono-00000612,609.227,1.4042628823246304,3,0.0,0.0
mono-00000612,609.227,1.4042628823246304,4,0.0,0.0
mono-00000612,609.227,1.4042628823246304,5,0.0,0.0
mono-00000611,608.234,1.4054078952914324,-5,0.00029910615638941394,6.493800533046496
mono-00000611,608.234,1.4054078952914324,-4,6.361158448871651e-05,5.8415770659824915
mono-00000611,608.234,1.4054078952914324,-3,0.0038163858221102525,5.107042888347834
mono-00000611,608.234,1.4054078952914324,-2,0.027100249734667896,4.247709438981019
mono-00000611,608.234,1.4054078952914324,-1,0.2431359851481048,3.1634577039709058
mono-00000611,608.234,1.4054078952914324,0,0.3704368816461596,1.4054078952914324
mono-00000611,608.234,1.4054078952914324,1,0.0,0.0
mono-00000611,608.234,1.4054078952914324,2,0.0,0.0
mono-00000611,608.234,1.4054078952914324,3,0.0,0.0
mono-00000611,608.234,1.4054078952914324,4,0.0,0.0
mono-00000611,608.234,1.4054078952914324,5,0.0,0.0
mono-00000601,598.344,1.4169669088822303,-5,0.000278311812252496,6.547304502687055
mono-00000601,598.344,1.4169669088822303,-4,6.5166989729577e-05,5.889696836669756
mono-00000601,598.344,1.4169669088822303,-3,0.0038998398556495885,5.149102678644283
mono-00000601,598.344,1.4169669088822303,-2,0.025559554025444006,4.282683921137419
mono-00000601,598.344,1.4169669088822303,-1,0.24200693571652324,3.189497604351999
mono-00000601,598.344,1.4169669088822303,0,0.37260941884389503,1.4169669088821735
mono-00000601,598.344,1.4169669088822303,1,0.0,0.0
mono-00000601,598.344,1.4169669088822303,2,0.0,0.0
mono-00000601,598.344,1.4169669088822303,3,0.0,0.0
mono-00000601,598.344,1.4169669088822303,4,0.0,0.0
mono-00000601,598.344,1.4169669088822303,5,0.0,0.0
mono-00000614,611.2,1.4019961263227003,-5,0.0003053746150956632,6.478008695505338
mono-00000614,611.2,1.4019961263227003,-4,6.398640475420608e-05,5.827374340373012
mono-00000614,611.2,1.4019961263227003,-3,0.003789657044989163,5.094628744591887
mono-00000614,611.2,1.4019961263227003,-2,0.02756905114541872,4.237386518969203
mono-00000614,611.2,1.4019961263227003,-1,0.24346297692426083,3.1557718438625955
mono-00000614,611.2,1.4019961263227003,0,0.3697951962354993,1.4019961263227572
mono-00000614,611.2,1.4019961263227003,1,0.0,0.0
mono-00000614,611.2,1.4019961263227003,2,0.0,0.0
mono-00000614,611.2,1.4019961263227003,3,0.0,0.0
mono-00000614,611.2,1.4019961263227003,4,0.0,0.0
mono-00000614,611.2,1.4019961263227003,5,0.0,0.0
mono-00000606,603.292,1.4111483914628877,-5,0.0002886902931894276,6.520371656601853
mono-00000606,603.292,1.4111483914628877,-4,6.385400976275331e-05,5.865474322281031
mono-00000606,603.292,1.4111483914628877,-3,0.0038591922547576755,5.127930663663577
mono-00000606,603.292,1.4111483914628877,-2,0.026325934531138646,4.265078526406697
mono-00000606,603.292,1.4111483914628877,-1,0.24257882146373136,3.1763897059384334
mono-00000606,603.292,1.4111483914628877,0,0.37151543585997476,1.4111483914628025
mono-00000606,603.292,1.4111483914628877,1,0.0,0.0
mono-00000606,603.292,1.4111483914628877,2,0.0,0.0
mono-00000606,603.292,1.4111483914628877,3,0.0,0.0
mono-00000606,603.292,1.4111483914628877,4,0.0,0.0
mono-00000606,603.292,1.4111483914628877,5,0.0,0.0
mono-00000608,605.271,1.408841204843327,-5,0.00029285660927884925,6.509692277463259
mono-00000608,605.271,1.408841204843327,-4,6.362759500098394e-05,5.8558696226657645
mono-00000608,605.271,1.408841204843327,-3,0.0038423192757372185,5.119535530598114
mono-00000608,605.271,1.408841204843327,-2,0.026634991994825025,4.258097616541008
mono-00000608,605.271,1.408841204843327,-1,0.24280390631161683,3.171192135802059
mono-00000608,605.271,1.408841204843327,0,0.3710820998788875,1.4088412048436538
mono-00000608,605.271,1.408841204843327,1,0.0,0.0
mono-00000608,605.271,1.408841204843327,2,0.0,0.0
mono-00000608,605.271,1.408841204843327,3,0.0,0.0
mono-00000608,605.271,1.408841204843327,4,0.0,0.0
mono-00000608,605.271,1.408841204843327,5,0.0,0.0
mono-00000589,586.475,1.4312227907099526,-5,0.0002536763586836511,6.6132948573985715
mono-00000589,586.475,1.4312227907099526,-4,7.256914269763107e-05,5.94904611302573
mono-00000589,586.475,1.4312227907099526,-3,0.003987593136660804,5.200977467672402
mono-00000589,586.475,1.4312227907099526,-2,0.023755804902103904,4.325819710667872
mono-00000589,586.475,1.4312227907099526,-1,0.24055737227667603,3.2216136819911014
mono-00000589,586.475,1.4312227907099526,0,0.37527388568550135,1.43122279070991
mono-00000589,586.475,1.4312227907099526,1,0.0,0.0
mono-00000589,586.475,1.4312227907099526,2,0.0,0.0
mono-00000589,586.475,1.4312227907099526,3,0.0,0.0
mono-00000589,586.475,1.4312227907099526,4,0.0,0.0
mono-00000589,586.475,1.4312227907099526,5,0.0,0.0
mono-00000582,579.549,1.4397430712904224,-5,0.0002395259069864855,6.652736871229209
mono-00000582,579.549,1.4397430712904224,-4,7.956920980986772e-05,5.984518609344647
mono-00000582,579.549,1.4397430712904224,-3,0.004032042774599282,5.2319823666688166
mono-00000582,579.549,1.4397430712904224,-2,0.022726126362349358,4.3516012743658194
mono-00000582,579.549,1.4397430712904224,-1,0.23965569970281142,3.240808813267762
mono-00000582,579.549,1.4397430712904224,0,0.37685359935149804,1.4397430712903656
mono-00000582,579.549,1.4397430712904224,1,0.0,0.0
mono-00000582,579.549,1.4397430712904224,2,0.0,0.0
mono-00000582,579.549,1.4397430712904224,3,0.0,0.0
mono-00000582,579.549,1.4397430712904224,4,0.0,0.0
mono-00000582,579.549,1.4397430712904224,5,0.0,0.0
mono-00000613,610.22,1.4031206633957964,-5,0.0003033007649045891,6.483213746346621
mono-00000613,610.22,1.4031206633957964,-4,6.381961165124982e-05,5.832055616201984
mono-00000613,610.22,1.4031206633957964,-3,0.0037985432811393598,5.0987204987848145
mono-00000613,610.22,1.4031206633957964,-2,0.027413753615120887,4.240788998898466
mono-00000613,610.22,1.4031206633957964,-1,0.2433551158877978,3.1583051389028327
mono-00000613,610.22,1.4031206633957964,0,0.3700070366782469,1.403120663395626
mono-00000613,610.22,1.4031206633957964,1,0.0,0.0
mono-00000613,610.22,1.4031206633957964,2,0.0,0.0
mono-00000613,610.22,1.4031206633957964,3,0.0,0.0
mono-00000613,610.22,1.4031206633957964,4,0.0,0.0
mono-00000613,610.22,1.4031206633957964,5,0.0,0.0
mono-00000624,621.091,1.390795639476977,-5,0.000326345375050367,6.426167126029554
mono-00000624,621.091,1.390795639476977,-4,6.810651656043511e-05,5.780749365500341
mono-00000624,621.091,1.390795639476977,-3,0.0036952525111840708,5.053875221583297
mono-00000624,621.091,1.390795639476977,-2,0.029155481583543676,4.203498006658577
mono-00000624,621.091,1.390795639476977,-1,0.24452317783623306,3.130540275392775
mono-00000624,621.091,1.390795639476977,0,0.3676940305555315,1.3907956394770906
mono-00000624,621.091,1.390795639476977,1,0.0,0.0
mono-00000624,621.091,1.390795639476977,2,0.0,0.0
mono-00000624,621.091,1.390795639476977,3,0.0,0.0
mono-00000624,621.091,1.390795639476977,4,0.0,0.0
mono-00000624,621.091,1.390795639476977,5,0.0,0.0
mono-00000585,582.517,1.436073283913359,-5,0.000245565211177405,6.635748563851223
mono-00000585,582.517,1.436073283913359,-4,7.633389904925933e-05,5.96924005403072
mono-00000585,582.517,1.436073283913359,-3,0.004013617267557205,5.218628090374409
mono-00000585,582.517,1.436073283913359,-2,0.02316521140820585,4.340496780674684
mono-00000585,582.517,1.436073283913359,-1,0.24004681925534155,3.232541203492346
mono-00000585,582.517,1.436073283913359,0,0.37617382133726757,1.43607328391343
mono-00000585,582.517,1.436073283913359,1,0.0,0.0
mono-00000585,582.517,1.436073283913359,2,0.0,0.0
mono-00000585,582.517,1.436073283913359,3,0.0,0.0
mono-00000585,582.517,1.436073283913359,4,0.0,0.0
mono-00000585,582.517,1.436073283913359,5,0.0,0.0
mono-00000615,612.194,1.4008582819692776,-5,0.0003074785409844162,6.472742072586243
mono-00000615,612.194,1.4008582819692776,-4,6.419982683486254e-05,5.82263768591794
mono-00000615,612.194,1.4008582819692776,-3,0.0037805453137103907,5.0904885835252145
mono-00000615,612.194,1.4008582819692776,-2,0.027726886219122827,4.233943784609423
mono-00000615,612.194,1.4008582819692776,-1,0.24357164295261174,3.153208575962651
mono-00000615,612.194,1.4008582819692776,0,0.36958102614538163,1.400858281969306
mono-00000615,612.194,1.4008582819692776,1,0.0,0.0
mono-00000615,612.194,1.4008582819692776,2,0.0,0.0
mono-00000615,612.194,1.4008582819692776,3,0.0,0.0
mono-00000615,612.194,1.4008582819692776,4,0.0,0.0
mono-00000615,612.194,1.4008582819692776,5,0.0,0.0
mono-00000616,613.185,1.3997266251497962,-5,0.00030957594861726344,6.467504111417824
mono-00000616,613.185,1.3997266251497962,-4,6.445734581010609e-05,5.81792680661637
mono-00000616,613.185,1.3997266251497962,-3,0.0037713525875026155,5.086370949539159
mono-00000616,613.185,1.3997266251497962,-2,0.02788454631512617,4.230519780648592
mono-00000616,613.185,1.3997266251497962,-1,0.24367913728838383,3.1506592520013896
mono-00000616,613.185,1.3997266251497962,0,0.3693683550891775,1.3997266251498246
mono-00000616,613.185,1.3997266251497962,1,0.0,0.0
mono-00000616,613.185,1.3997266251497962,2,0.0,0.0
mono-00000616,613.185,1.3997266251497962,3,0.0,0.0
mono-00000616,613.185,1.3997266251497962,4,0.0,0.0
mono-00000616,613.185,1.3997266251497962,5,0.0,0.0
mono-00000621,618.127,1.3941238431438734,-5,0.0003200485553126043,6.441571526094279
mono-00000621,618.127,1.3941238431438734,-4,6.640652362345751e-05,5.794603711600004
mono-00000621,618.127,1.3941238431438734,-3,0.003724277623046627,5.065984921235682
mono-00000621,618.127,1.3941238431438734,-2,0.028676139011927157,4.213567823066867
mono-00000621,618.127,1.3941238431438734,-1,0.24420870463334962,3.1380377375248543
mono-00000621,618.127,1.3941238431438734,0,0.36831814903161947,1.3941238431438023
mono-00000621,618.127,1.3941238431438734,1,0.0,0.0
mono-00000621,618.127,1.3941238431438734,2,0.0,0.0
mono-00000621,618.127,1.3941238431438734,3,0.0,0.0
mono-00000621,618.127,1.3941238431438734,4,0.0,0.0
mono-00000621,618.127,1.3941238431438734,5,0.0,0.0
mono-00000618,615.162,1.3974771901673364,-5,0.0003137639547220991,6.457092493038047
mono-00000618,615.162,1.3974771901673364,-4,6.510347004966463e-05,5.8085628740509065
mono-00000618,615.162,1.3974771901673364,-3,0.003752779733375341,5.07818621909243
mono-00000618,615.162,1.3974771901673364,-2,0.028200188396416186,4.22371379139237
mono-00000618,615.162,1.3974771901673364,-1,0.24389255340176774,3.1455918839095744
mono-00000618,615.162,1.3974771901673364,0,0.36894614252517177,1.3974771901671375
mono-00000618,615.162,1.3974771901673364,1,0.0,0.0
mono-00000618,615.162,1.3974771901673364,2,0.0,0.0
mono-00000618,615.162,1.3974771901673364,3,0.0,0.0
mono-00000618,615.162,1.3974771901673364,4,0.0,0.0
mono-00000618,615.162,1.3974771901673364,5,0.0,0.0
mono-00000623,620.109,1.3918956616765996,-5,0.0003242602104716297,6.4312584947745535
mono-00000623,620.109,1.3918956616765996,-4,6.749799936994969e-05,5.785328422127662
mono-00000623,620.109,1.3918956616765996,-3,0.003704971711910752,5.057877650033959
mono-00000623,620.109,1.3918956616765996,-2,0.028996381157640545,4.206826226409646
mono-00000623,620.109,1.3918956616765996,-1,0.24441980800252183,3.133018296490633
mono-00000623,620.109,1.3918956616765996,0,0.36789999055666706,1.3918956616766138
mono-00000623,620.109,1.3918956616765996,1,0.0,0.0
mono-00000623,620.109,1.3918956616765996,2,0.0,0.0
mono-00000623,620.109,1.3918956616765996,3,0.0,0.0
mono-00000623,620.109,1.3918956616765996,4,0.0,0.0
mono-00000623,620.109,1.3918956616765996,5,0.0,0.0
mono-00000622,619.117,1.3930095400913984,-5,0.0003221527244781433,6.436414017083138
mono-00000622,619.117,1.3930095400913984,-4,6.69289165041617e-05,5.78996517463527
mono-00000622,619.117,1.3930095400913984,-3,0.0037146865566299704,5.061930506806789
mono-00000622,619.117,1.3930095400913984,-2,0.028835950770138074,4.210196378019532
mono-00000622,619.117,1.3930095400913984,-1,0.2443145583743168,3.1355275362979427
mono-00000622,619.117,1.3930095400913984,0,0.368108859908675,1.3930095400914695
mono-00000622,619.117,1.3930095400913984,1,0.0,0.0
mono-00000622,619.117,1.3930095400913984,2,0.0,0.0
mono-00000622,619.117,1.3930095400913984,3,0.0,0.0
mono-00000622,619.117,1.3930095400913984,4,0.0,0.0
mono-00000622,619.117,1.3930095400913984,5,0.0,0.0
mono-00000627,624.058,1.3874878261994468,-5,0.00033264864973221915,6.410857289647183
mono-00000627,624.058,1.3874878261994468,-4,7.021472942022206e-05,5.766980047085767
mono-00000627,624.058,1.3874878261994468,-3,0.0036654576535952665,5.041839823838856
mono-00000627,624.058,1.3874878261994468,-2,0.02963840634256468,4.193489959813277
mono-00000627,624.058,1.3874878261994468,-1,0.24483367517263277,3.12308878948825
mono-00000627,624.058,1.3874878261994468,0,0.36707554832797185,1.3874878261994184
mono-00000627,624.058,1.3874878261994468,1,0.0,0.0
mono-00000627,624.058,1.3874878261994468,2,0.0,0.0
mono-00000627,624.058,1.3874878261994468,3,0.0,0.0
mono-00000627,624.058,1.3874878261994468,4,0.0,0.0
mono-00000627,624.058,1.3874878261994468,5,0.0,0.0
mono-00000619,616.15,1.3963570980604771,-5,0.0003158581222102161,6.451908125142239
mono-00000619,616.15,1.3963570980604771,-4,6.549287771894756e-05,5.803900187935383
mono-00000619,616.15,1.3963570980604771,-3,0.0037433744196522577,5.074110702894785
mono-00000619,616.15,1.3963570980604771,-2,0.028358463250418114,4.220324804730424
mono-00000619,616.15,1.3963570980604771,-1,0.2439985475927891,3.1430686269800816
mono-00000619,616.15,1.3963570980604771,0,0.3687361799166598,1.396357098060406
mono-00000619,616.15,1.3963570980604771,1,0.0,0.0
mono-00000619,616.15,1.3963570980604771,2,0.0,0.0
mono-00000619,616.15,1.3963570980604771,3,0.0,0.0
mono-00000619,616.15,1.3963570980604771,4,0.0,0.0
mono-00000619,616.15,1.3963570980604771,5,0.0,0.0
mono-00000625,622.079,1.389691523998465,-5,0.0003284438043099035,6.421056832691718
mono-00000625,622.079,1.389691523998465,-4,6.876350758803689e-05,5.776153286256729
mono-00000625,622.079,1.389691523998465,-3,0.003685401100633516,5.049857912084562
mono-00000625,622.079,1.389691523998465,-2,0.029315920300396654,4.200157410778672
mono-00000625,622.079,1.389691523998465,-1,0.2446268559187694,3.1280530380942935
mono-00000625,622.079,1.389691523998465,0,0.3674874525931817,1.3896915239984367
mono-00000625,622.079,1.389691523998465,1,0.0,0.0
mono-00000625,622.079,1.389691523998465,2,0.0,0.0
mono-00000625,622.079,1.389691523998465,3,0.0,0.0
mono-00000625,622.079,1.389691523998465,4,0.0,0.0
mono-00000625,622.079,1.389691523998465,5,0.0,0.0
mono-00000628,625.056,1.3863804812523028,-5,0.0003347668247123133,6.4057321116711705
mono-00000628,625.056,1.3863804812523028,-4,7.101656957794094e-05,5.762370574072946
mono-00000628,625.056,1.3863804812523028,-3,0.003655246892059961,5.037810801061056
mono-00000628,625.056,1.3863804812523028,-2,0.02980146894819745,4.190139618362224
mono-00000628,625.056,1.3863804812523028,-1,0.24493674057540166,3.1205942914075706
mono-00000628,625.056,1.3863804812523028,0,0.36686905566522726,1.3863804812523313
mono-00000628,625.056,1.3863804812523028,1,0.0,0.0
mono-00000628,625.056,1.3863804812523028,2,0.0,0.0
mono-00000628,625.056,1.3863804812523028,3,0.0,0.0
mono-00000628,625.056,1.3863804812523028,4,0.0,0.0
mono-00000628,625.056,1.3863804812523028,5,0.0,0.0
mono-00000629,626.043,1.3852879450121236,-5,0.0003368641106903356,6.400675494058163
mono-00000629,626.043,1.3852879450121236,-4,7.185429896065993e-05,5.757822760502094
mono-00000629,626.043,1.3852879450121236,-3,0.0036451110756816835,5.033835671216792
mono-00000629,626.043,1.3852879450121236,-2,0.029963230250341814,4.1868340899171415
mono-00000629,626.043,1.3852879450121236,-1,0.24503916301547718,3.1181331573209263
mono-00000629,626.043,1.3852879450121236,0,0.3666656354633379,1.3852879450119104
mono-00000629,626.043,1.3852879450121236,1,0.0,0.0
mono-00000629,626.043,1.3852879450121236,2,0.0,0.0
mono-00000629,626.043,1.3852879450121236,3,0.0,0.0
mono-00000629,626.043,1.3852879450121236,4,0.0,0.0
mono-00000629,626.043,1.3852879450121236,5,0.0,0.0
mono-00000631,628.022,1.383105096923984,-5,0.0003410738106251978,6.390572615002384
mono-00000631,628.022,1.383105096923984,-4,7.366934873203846e-05,5.748736440793536
mono-00000631,628.022,1.383105096923984,-3,0.003624636543495045,5.025893540944111
mono-00000631,628.022,1.383105096923984,-2,0.030288931145696474,4.180229787820068
mono-00000631,628.022,1.383105096923984,-1,0.24524519897177346,3.1132159138359725
mono-00000631,628.022,1.383105096923984,0,0.36626018449078446,1.3831050969238845
mono-00000631,628.022,1.383105096923984,1,0.0,0.0
mono-00000631,628.022,1.383105096923984,2,0.0,0.0
mono-00000631,628.022,1.383105096923984,3,0.0,0.0
mono-00000631,628.022,1.383105096923984,4,0.0,0.0
mono-00000631,628.022,1.383105096923984,5,0.0,0.0
mono-00000626,623.073,1.388583352721298,-5,0.0003305565008290308,6.415927788448357
mono-00000626,623.073,1.388583352721298,-4,6.946940682923586e-05,5.77154034058367
mono-00000626,623.073,1.388583352721298,-3,0.003675434763536303,5.0458258580354425
mono-00000626,623.073,1.388583352721298,-2,0.02947775289048971,4.196804552256424
mono-00000626,623.073,1.388583352721298,-1,0.24473114371393126,3.1255566690754506
mono-00000626,623.073,1.388583352721298,0,0.36728016043692674,1.3885833527213691
mono-00000626,623.073,1.388583352721298,1,0.0,0.0
mono-00000626,623.073,1.388583352721298,2,0.0,0.0
mono-00000626,623.073,1.388583352721298,3,0.0,0.0
mono-00000626,623.073,1.388583352721298,4,0.0,0.0
mono-00000626,623.073,1.388583352721298,5,0.0,0.0
mono-00000633,629.998,1.3809358208718407,-5,0.0003452742441746445,6.380532631797948
mono-00000633,629.998,1.3809358208718407,-4,7.566585548810606e-05,5.73970667949304
mono-00000633,629.998,1.3809358208718407,-3,0.003603871740033483,5.018000839111835
mono-00000633,629.998,1.3809358208718407,-2,0.030615526075304093,4.173666581177628
mono-00000633,629.998,1.3809358208718407,-1,0.24544926655441443,3.1083292619715763
mono-00000633,629.998,1.3809358208718407,0,0.36585855364775066,1.3809358208718692
mono-00000633,629.998,1.3809358208718407,1,0.0,0.0
mono-00000633,629.998,1.3809358208718407,2,0.0,0.0
mono-00000633,629.998,1.3809358208718407,3,0.0,0.0
mono-00000633,629.998,1.3809358208718407,4,0.0,0.0
mono-00000633,629.998,1.3809358208718407,5,0.0,0.0
mono-00000634,630.988,1.379852818139426,-5,0.0003473833568995374,6.375520238714273
mono-00000634,630.988,1.379852818139426,-4,7.673318185708229e-05,5.735198629515011
mono-00000634,630.988,1.379852818139426,-3,0.00359343481389271,5.01406045578814
mono-00000634,630.988,1.379852818139426,-2,0.03077997584626003,4.170389937655585
mono-00000634,630.988,1.379852818139426,-1,0.24555269277807498,3.105889626610562
mono-00000634,630.988,1.379852818139426,0,0.36565851430974067,1.379852818139483
mono-00000634,630.988,1.379852818139426,1,0.0,0.0
mono-00000634,630.988,1.379852818139426,2,0.0,0.0
mono-00000634,630.988,1.379852818139426,3,0.0,0.0
mono-00000634,630.988,1.379852818139426,4,0.0,0.0
mono-00000634,630.988,1.379852818139426,5,0.0,0.0
mono-00000637,633.958,1.3766190345281046,-5,0.0003536994455078207,6.36055364095229
mono-00000637,633.958,1.3766190345281046,-4,8.021658900601987e-05,5.72173794621942
mono-00000637,633.958,1.3766190345281046,-3,0.003561582301175937,5.002294768930824
mono-00000637,633.958,1.3766190345281046,-2,0.03127515656057555,4.16060611750062
mono-00000637,633.958,1.3766190345281046,-1,0.2458590082561796,3.098605043239374
mono-00000637,633.958,1.3766190345281046,0,0.3650630818515237,1.3766190345278346
mono-00000637,633.958,1.3766190345281046,1,0.0,0.0
mono-00000637,633.958,1.3766190345281046,2,0.0,0.0
mono-00000637,633.958,1.3766190345281046,3,0.0,0.0
mono-00000637,633.958,1.3766190345281046,4,0.0,0.0
mono-00000637,633.958,1.3766190345281046,5,0.0,0.0
mono-00000630,627.033,1.3841946786036772,-5,0.0003389709352154655,6.395615517363055
mono-00000630,627.033,1.3841946786036772,-4,7.273902867486645e-05,5.753271923609972
mono-00000630,627.033,1.3841946786036772,-3,0.003634918138624257,5.029857896764497
mono-00000630,627.033,1.3841946786036772,-2,0.03012601964190956,4.183526360589781
mono-00000630,627.033,1.3841946786036772,-1,0.2451426307547262,3.1156703830280463
mono-00000630,627.033,1.3841946786036772,0,0.3664624064306317,1.3841946786036061
mono-00000630,627.033,1.3841946786036772,1,0.0,0.0
mono-00000630,627.033,1.3841946786036772,2,0.0,0.0
mono-00000630,627.033,1.3841946786036772,3,0.0,0.0
mono-00000630,627.033,1.3841946786036772,4,0.0,0.0
mono-00000630,627.033,1.3841946786036772,5,0.0,0.0
mono-00000635,631.974,1.3787767198429606,-5,0.00034948177154293323,6.3705398207284105
mono-00000635,631.974,1.3787767198429606,-4,7.784290790941252e-05,5.730719335161112
mono-00000635,631.974,1.3787767198429606,-3,0.0035829440847828754,5.0101452051620186
mono-00000635,631.974,1.3787767198429606,-2,0.03094404679401332,4.167134191644379
mono-00000635,631.974,1.3787767198429606,-1,0.2456549319387315,3.10346554906873
mono-00000635,631.974,1.3787767198429606,0,0.3654600763168108,1.378776719842861
mono-00000635,631.974,1.3787767198429606,1,0.0,0.0
mono-00000635,631.974,1.3787767198429606,2,0.0,0.0
mono-00000635,631.974,1.3787767198429606,3,0.0,0.0
mono-00000635,631.974,1.3787767198429606,4,0.0,0.0
mono-00000635,631.974,1.3787767198429606,5,0.0,0.0
mono-00000638,634.946,1.3755483134697783,-5,0.00035579984965155697,6.355598168673396
mono-00000638,634.946,1.3755483134697783,-4,8.146754306459343e-05,5.717281081130821
mono-00000638,634.946,1.3755483134697783,-3,0.0035508598130331807,4.998399117467088
mono-00000638,634.946,1.3755483134697783,-2,0.031440636401841124,4.157366664223915
mono-00000638,634.946,1.3755483134697783,-1,0.24596044965690686,3.096193092085258
mono-00000638,634.946,1.3755483134697783,0,0.36486620087152466,1.375548313469892
mono-00000638,634.946,1.3755483134697783,1,0.0,0.0
mono-00000638,634.946,1.3755483134697783,2,0.0,0.0
mono-00000638,634.946,1.3755483134697783,3,0.0,0.0
mono-00000638,634.946,1.3755483134697783,4,0.0,0.0
mono-00000638,634.946,1.3755483134697783,5,0.0,0.0
mono-00000640,636.922,1.3734143452054752,-5,0.00035999257163495357,6.345721872211342
mono-00000640,636.922,1.3734143452054752,-4,8.411140894408192e-05,5.708398506496934
mono-00000640,636.922,1.3734143452054752,-3,0.003529134315235369,4.990635041263218
mono-00000640,636.922,1.3734143452054752,-2,0.03177244155516331,4.150910393244402
mono-00000640,636.922,1.3734143452054752,-1,0.24616107403465567,3.091386038838806
mono-00000640,636.922,1.3734143452054752,0,0.36447482960184,1.373414345205532
mono-00000640,636.922,1.3734143452054752,1,0.0,0.0
mono-00000640,636.922,1.3734143452054752,2,0.0,0.0
mono-00000640,636.922,1.3734143452054752,3,0.0,0.0
mono-00000640,636.922,1.3734143452054752,4,0.0,0.0
mono-00000640,636.922,1.3734143452054752,5,0.0,0.0
mono-00000642,638.899,1.3712892054270043,-5,0.00036421967116844465,6.335886511699158
mono-00000642,638.899,1.3712892054270043,-4,8.693728750895273e-05,5.699552740575754
mono-00000642,638.899,1.3712892054270043,-3,0.0035075234112289335,4.982903131295458
mono-00000642,638.899,1.3712892054270043,-2,0.032108252584224645,4.144480863739744
mono-00000642,638.899,1.3712892054270043,-1,0.2463746943970415,3.0865988903363046
mono-00000642,638.899,1.3712892054270043,0,0.36409392065992174,1.3712892054269048
mono-00000642,638.899,1.3712892054270043,1,0.0,0.0
mono-00000642,638.899,1.3712892054270043,2,0.0,0.0
mono-00000642,638.899,1.3712892054270043,3,0.0,0.0
mono-00000642,638.899,1.3712892054270043,4,0.0,0.0
mono-00000642,638.899,1.3712892054270043,5,0.0,0.0
mono-00000654,650.767,1.3587360133641795,-5,0.0003897049019678586,6.277790628139428
mono-00000654,650.767,1.3587360133641795,-4,0.00010793470934301648,5.647302062082076
mono-00000654,650.767,1.3587360133641795,-3,0.0033738215439031807,4.937231689022397
mono-00000654,650.767,1.3587360133641795,-2,0.03417444722495902,4.106502289461275
mono-00000654,650.767,1.3587360133641795,-1,0.24774226155848414,3.058321575893544
mono-00000654,650.767,1.3587360133641795,0,0.3619657526362144,1.35873601336408
mono-00000654,650.767,1.3587360133641795,1,0.0,0.0
mono-00000654,650.767,1.3587360133641795,2,0.0,0.0
mono-00000654,650.767,1.3587360133641795,3,0.0,0.0
mono-00000654,650.767,1.3587360133641795,4,0.0,0.0
mono-00000654,650.767,1.3587360133641795,5,0.0,0.0
mono-00000657,653.743,1.3556418890329383,-5,0.00039618046299245497,6.263471497822962
mono-00000657,653.743,1.3556418890329383,-4,0.0001143501666492564,5.634423578894953
mono-00000657,653.743,1.3556418890329383,-3,0.003339518063602858,4.925974782932272
mono-00000657,653.743,1.3556418890329383,-2,0.03471288111784399,4.09714145440536
mono-00000657,653.743,1.3556418890329383,-1,0.24814504627369546,3.051351845085094
mono-00000657,653.743,1.3556418890329383,0,0.361516405176168,1.3556418890329667
mono-00000657,653.743,1.3556418890329383,1,0.0,0.0
mono-00000657,653.743,1.3556418890329383,2,0.0,0.0
mono-00000657,653.743,1.3556418890329383,3,0.0,0.0
mono-00000657,653.743,1.3556418890329383,4,0.0,0.0
mono-00000657,653.743,1.3556418890329383,5,0.0,0.0
mono-00000632,629.009,1.3820202798413845,-5,0.00034317047700513896,6.385551784671506
mono-00000632,629.009,1.3820202798413845,-4,7.464426244530605e-05,5.7442208069049485
mono-00000632,629.009,1.3820202798413845,-3,0.0036142777163776607,5.021946532621669
mono-00000632,629.009,1.3820202798413845,-2,0.030451797155653635,4.1769476386908195
mono-00000632,629.009,1.3820202798413845,-1,0.24534677267759766,3.1107721822760936
mono-00000632,629.009,1.3820202798413845,0,0.3660591747971201,1.3820202798414414
mono-00000632,629.009,1.3820202798413845,1,0.0,0.0
mono-00000632,629.009,1.3820202798413845,2,0.0,0.0
mono-00000632,629.009,1.3820202798413845,3,0.0,0.0
mono-00000632,629.009,1.3820202798413845,4,0.0,0.0
mono-00000632,629.009,1.3820202798413845,5,0.0,0.0
mono-00000646,642.865,1.3670556031669747,-5,0.00037271602567101397,6.316293201968648
mono-00000646,642.865,1.3670556031669747,-4,9.31712638471488e-05,5.681930806309097
mono-00000646,642.865,1.3670556031669747,-3,0.0034636495224161165,4.967500122958569
mono-00000646,642.865,1.3670556031669747,-2,0.03278852148435101,4.131672353556084
mono-00000646,642.865,1.3670556031669747,-1,0.2468121060293798,3.0770622126569265
mono-00000646,642.865,1.3670556031669747,0,0.3633463550672344,1.36705560316679
mono-00000646,642.865,1.3670556031669747,1,0.0,0.0
mono-00000646,642.865,1.3670556031669747,2,0.0,0.0
mono-00000646,642.865,1.3670556031669747,3,0.0,0.0
mono-00000646,642.865,1.3670556031669747,4,0.0,0.0
mono-00000646,642.865,1.3670556031669747,5,0.0,0.0
mono-00000650,646.82,1.3628725524897334,-5,0.00038118978888560114,6.296934143554154
mono-00000650,646.82,1.3628725524897334,-4,0.0001001577544457269,5.664519521741809
mono-00000650,646.82,1.3628725524897334,-3,0.003418966440230143,4.9522812105924885
mono-00000650,646.82,1.3628725524897334,-2,0.03347513066149481,4.119016904558563
mono-00000650,646.82,1.3628725524897334,-1,0.24725673170554072,3.067639475543544
mono-00000650,646.82,1.3628725524897334,0,0.362625516196038,1.3628725524894776
mono-00000650,646.82,1.3628725524897334,1,0.0,0.0
mono-00000650,646.82,1.3628725524897334,2,0.0,0.0
mono-00000650,646.82,1.3628725524897334,3,0.0,0.0
mono-00000650,646.82,1.3628725524897334,4,0.0,0.0
mono-00000650,646.82,1.3628725524897334,5,0.0,0.0
mono-00000636,632.965,1.3776976975051838,-5,0.0003515885574133912,6.365545889375824
mono-00000636,632.965,1.3776976975051838,-4,7.90053992761079e-05,5.726227884974705
mono-00000636,632.965,1.3776976975051838,-3,0.003572304606546013,5.006219327459974
mono-00000636,632.965,1.3776976975051838,-2,0.031109240521506615,4.1638696069385475
mono-00000636,632.965,1.3776976975051838,-1,0.245756953479351,3.101034889155528
mono-00000636,632.965,1.3776976975051838,0,0.3652614727214384,1.3776976975050843
mono-00000636,632.965,1.3776976975051838,1,0.0,0.0
mono-00000636,632.965,1.3776976975051838,2,0.0,0.0
mono-00000636,632.965,1.3776976975051838,3,0.0,0.0
mono-00000636,632.965,1.3776976975051838,4,0.0,0.0
mono-00000636,632.965,1.3776976975051838,5,0.0,0.0
mono-00000639,635.931,1.374483326756149,-5,0.0003578912393242199,6.350669255136836
mono-00000639,635.931,1.374483326756149,-4,8.276175723920935e-05,5.712848100398745
mono-00000639,635.931,1.374483326756149,-3,0.0035400765988133427,4.994524340925153
mono-00000639,635.931,1.374483326756149,-2,0.03160589481298558,4.154144567962547
mono-00000639,635.931,1.374483326756149,-1,0.2460608319434151,3.093794062730481
mono-00000639,635.931,1.374483326756149,0,0.3646707095802237,1.3744833267560352
mono-00000639,635.931,1.374483326756149,1,0.0,0.0
mono-00000639,635.931,1.374483326756149,2,0.0,0.0
mono-00000639,635.931,1.374483326756149,3,0.0,0.0
mono-00000639,635.931,1.374483326756149,4,0.0,0.0
mono-00000639,635.931,1.374483326756149,5,0.0,0.0
mono-00000641,637.914,1.372346779005099,-5,0.0003621050767218782,6.340781058988824
mono-00000641,637.914,1.372346779005099,-4,8.550767954382547e-05,5.703954819162206
mono-00000641,637.914,1.372346779005099,-3,0.0035182243554602297,4.986750902520541
mono-00000641,637.914,1.372346779005099,-2,0.03194018160127959,4.147680508466962
mono-00000641,637.914,1.372346779005099,-1,0.2462650315176285,3.0889812075929513
mono-00000641,637.914,1.372346779005099,0,0.364281615126112,1.372346779004971
mono-00000641,637.914,1.372346779005099,1,0.0,0.0
mono-00000641,637.914,1.372346779005099,2,0.0,0.0
mono-00000641,637.914,1.372346779005099,3,0.0,0.0
mono-00000641,637.914,1.372346779005099,4,0.0,0.0
mono-00000641,637.914,1.372346779005099,5,0.0,0.0
mono-00000655,651.762,1.3576991631536117,-5,0.0003918730981527621,6.272992227420758
mono-00000655,651.762,1.3576991631536117,-4,0.00011002832155497871,5.64298643022201
mono-00000655,651.762,1.3576991631536117,-3,0.0033624373549735573,4.933459455960772
mono-00000655,651.762,1.3576991631536117,-2,0.03435408075601786,4.103365438718242
mono-00000655,651.762,1.3576991631536117,-1,0.2478773292431042,3.0559859944471555
mono-00000655,651.762,1.3576991631536117,0,0.36181454054415035,1.3576991631535549
mono-00000655,651.762,1.3576991631536117,1,0.0,0.0
mono-00000655,651.762,1.3576991631536117,2,0.0,0.0
mono-00000655,651.762,1.3576991631536117,3,0.0,0.0
mono-00000655,651.762,1.3576991631536117,4,0.0,0.0
mono-00000655,651.762,1.3576991631536117,5,0.0,0.0
mono-00000643,639.887,1.3702308632015558,-5,0.0003663381405733126,6.330988425939225
mono-00000643,639.887,1.3702308632015558,-4,8.84189776367663e-05,5.695147477472318
mono-00000643,639.887,1.3702308632015558,-3,0.003496698994690787,4.979052574692304
mono-00000643,639.887,1.3702308632015558,-2,0.03227714487693284,4.141278901183881
mono-00000643,639.887,1.3702308632015558,-1,0.24648403239749556,3.084214845898515
mono-00000643,639.887,1.3702308632015558,0,0.36390649016242116,1.3702308632016695
mono-00000643,639.887,1.3702308632015558,1,0.0,0.0
mono-00000643,639.887,1.3702308632015558,2,0.0,0.0
mono-00000643,639.887,1.3702308632015558,3,0.0,0.0
mono-00000643,639.887,1.3702308632015558,4,0.0,0.0
mono-00000643,639.887,1.3702308632015558,5,0.0,0.0
mono-00000644,640.879,1.369170697719312,-5,0.00036846243811307724,6.326081920953612
mono-00000644,640.879,1.369170697719312,-4,8.995488765834483e-05,5.690734640169424
mono-00000644,640.879,1.369170697719312,-3,0.0034857396364894417,4.975195395767827
mono-00000644,640.879,1.369170697719312,-2,0.03244702895782014,4.138071430152365
mono-00000644,640.879,1.369170697719312,-1,0.24659313888679696,3.0818266986559166
mono-00000644,640.879,1.369170697719312,0,0.36371912740730805,1.369170697719312
mono-00000644,640.879,1.369170697719312,1,0.0,0.0
mono-00000644,640.879,1.369170697719312,2,0.0,0.0
mono-00000644,640.879,1.369170697719312,3,0.0,0.0
mono-00000644,640.879,1.369170697719312,4,0.0,0.0
mono-00000644,640.879,1.369170697719312,5,0.0,0.0
mono-00000645,641.868,1.3681161842459204,-5,0.0003705792641990502,6.321201592571413
mono-00000645,641.868,1.3681161842459204,-4,9.153355726827325e-05,5.686345343651908
mono-00000645,641.868,1.3681161842459204,-3,0.003474747006647096,4.971358791562508
mono-00000645,641.868,1.3681161842459204,-2,0.032616793111089115,4.134881066593351
mono-00000645,641.868,1.3681161842459204,-1,0.24670173671325896,3.0794512874957576
mono-00000645,641.868,1.3681161842459204,0,0.3635331174790528,1.368116184245963
mono-00000645,641.868,1.3681161842459204,1,0.0,0.0
mono-00000645,641.868,1.3681161842459204,2,0.0,0.0
mono-00000645,641.868,1.3681161842459204,3,0.0,0.0
mono-00000645,641.868,1.3681161842459204,4,0.0,0.0
mono-00000645,641.868,1.3681161842459204,5,0.0,0.0
mono-00000647,643.851,1.366009145719957,-5,0.00037482617501768045,6.311450194370252
mono-00000647,643.851,1.366009145719957,-4,9.483919882910329e-05,5.677575071484711
mono-00000647,643.851,1.366009145719957,-3,0.003452585500966479,4.963692850770954
mono-00000647,643.851,1.366009145719957,-2,0.032958659251728493,4.128506378108298
mono-00000647,643.851,1.366009145719957,-1,0.24692058282293547,3.0747049570574205
mono-00000647,643.851,1.366009145719957,0,0.3631624477165956,1.3660091457198433
mono-00000647,643.851,1.366009145719957,1,0.0,0.0
mono-00000647,643.851,1.366009145719957,2,0.0,0.0
mono-00000647,643.851,1.366009145719957,3,0.0,0.0
mono-00000647,643.851,1.366009145719957,4,0.0,0.0
mono-00000647,643.851,1.366009145719957,5,0.0,0.0
mono-00000658,654.729,1.354621404862229,-5,0.00039832192136147825,6.25874888947763
mono-00000658,654.729,1.354621404862229,-4,0.00011657575968464981,5.630176108143388
mono-00000658,654.729,1.354621404862229,-3,0.0033280199288000167,4.922262123378701
mono-00000658,654.729,1.354621404862229,-2,0.03489211410779321,4.09405413828577
mono-00000658,654.729,1.354621404862229,-1,0.2482780582006437,3.0490531412941237
mono-00000658,654.729,1.354621404862229,0,0.3613688940302289,1.3546214048621579
mono-00000658,654.729,1.354621404862229,1,0.0,0.0
mono-00000658,654.729,1.354621404862229,2,0.0,0.0
mono-00000658,654.729,1.354621404862229,3,0.0,0.0
mono-00000658,654.729,1.354621404862229,4,0.0,0.0
mono-00000658,654.729,1.354621404862229,5,0.0,0.0
mono-00000649,645.831,1.3639149781372737,-5,0.0003790557310461286,6.301758437006001
mono-00000649,645.831,1.3639149781372737,-4,9.833446309783829e-05,5.668858431346806
mono-00000649,645.831,1.3639149781372737,-3,0.0034301168821531803,4.956073781539217
mono-00000649,645.831,1.3639149781372737,-2,0.033301368015560745,4.122170659769054
mono-00000649,645.831,1.3639149781372737,-1,0.24713724593258796,3.0699876366029457
mono-00000649,645.831,1.3639149781372737,0,0.36279628684197185,1.363914978137231
mono-00000649,645.831,1.3639149781372737,1,0.0,0.0
mono-00000649,645.831,1.3639149781372737,2,0.0,0.0
mono-00000649,645.831,1.3639149781372737,3,0.0,0.0
mono-00000649,645.831,1.3639149781372737,4,0.0,0.0
mono-00000649,645.831,1.3639149781372737,5,0.0,0.0
mono-00000648,644.837,1.3649650877332817,-5,0.00037693317080947163,6.306618309829631
mono-00000648,644.837,1.3649650877332817,-4,9.65552925252869e-05,5.67322933857406
mono-00000648,644.837,1.3649650877332817,-3,0.003441433610655071,4.959894319282796
mono-00000648,644.837,1.3649650877332817,-2,0.0331290982199112,4.125347669499064
mono-00000648,644.837,1.3649650877332817,-1,0.247028393916017,3.072353110663528
mono-00000648,644.837,1.3649650877332817,0,0.3629793344926017,1.3649650877331396
mono-00000648,644.837,1.3649650877332817,1,0.0,0.0
mono-00000648,644.837,1.3649650877332817,2,0.0,0.0
mono-00000648,644.837,1.3649650877332817,3,0.0,0.0
mono-00000648,644.837,1.3649650877332817,4,0.0,0.0
mono-00000648,644.837,1.3649650877332817,5,0.0,0.0
mono-00000651,647.807,1.3618346141488047,-5,0.00038331645563719196,6.2921306352425574
mono-00000651,647.807,1.3618346141488047,-4,0.00010202657960126512,5.660199304047751
mono-00000651,647.807,1.3618346141488047,-3,0.0034077518884206666,4.948504976167413
mono-00000651,647.807,1.3618346141488047,-2,0.033648877718096375,4.1158767326097205
mono-00000651,647.807,1.3618346141488047,-1,0.24737542028840287,3.0653014266755463
mono-00000651,647.807,1.3618346141488047,0,0.3624559605300638,1.3618346141487336
mono-00000651,647.807,1.3618346141488047,1,0.0,0.0
mono-00000651,647.807,1.3618346141488047,2,0.0,0.0
mono-00000651,647.807,1.3618346141488047,3,0.0,0.0
mono-00000651,647.807,1.3618346141488047,4,0.0,0.0
mono-00000651,647.807,1.3618346141488047,5,0.0,0.0
mono-00000659,655.716,1.3536021903150584,-5,0.00040046428355525367,6.254032174040844
mono-00000659,655.716,1.3536021903150584,-4,0.00011885281088930475,5.625933935519484
mono-00000659,655.716,1.3536021903150584,-3,0.0033164578030546853,4.918554093150803
mono-00000659,655.716,1.3536021903150584,-2,0.03507196930449014,4.090970670258983
mono-00000659,655.716,1.3536021903150584,-1,0.24841108276449117,3.046757301345991
mono-00000659,655.716,1.3536021903150584,0,0.3612216360287524,1.3536021903150441
mono-00000659,655.716,1.3536021903150584,1,0.0,0.0
mono-00000659,655.716,1.3536021903150584,2,0.0,0.0
mono-00000659,655.716,1.3536021903150584,3,0.0,0.0
mono-00000659,655.716,1.3536021903150584,4,0.0,0.0
mono-00000659,655.716,1.3536021903150584,5,0.0,0.0
mono-00000669,665.605,1.3435158153456115,-5,0.00042141658432664033,6.207355434756977
mono-00000669,665.605,1.3435158153456115,-4,0.00014459190123288824,5.583953182234467
mono-00000669,665.605,1.3435158153456115,-3,0.0031933812137982663,4.881859148530509
mono-00000669,665.605,1.3435158153456115,-2,0.03687889612612271,4.0604563598575965
mono-00000669,665.605,1.3435158153456115,-1,0.24964289901764458,3.0240373675529213
mono-00000669,665.605,1.3435158153456115,0,0.3597788166604992,1.343515815345782
mono-00000669,665.605,1.3435158153456115,1,0.0,0.0
mono-00000669,665.605,1.3435158153456115,2,0.0,0.0
mono-00000669,665.605,1.3435158153456115,3,0.0,0.0
mono-00000669,665.605,1.3435158153456115,4,0.0,0.0
mono-00000669,665.605,1.3435158153456115,5,0.0,0.0
mono-00000652,648.794,1.3607990436233592,-5,0.0003854398879179874,6.287338103017078
mono-00000652,648.794,1.3607990436233592,-4,0.00010394469718893429,5.655888956140089
mono-00000652,648.794,1.3607990436233592,-3,0.003396451210714095,4.944737367002517
mono-00000652,648.794,1.3607990436233592,-2,0.03382295661597257,4.112743731549273
mono-00000652,648.794,1.3607990436233592,-1,0.24749354305005997,3.062968715611774
mono-00000652,648.794,1.3607990436233592,0,0.3622872578178099,1.3607990436232313
mono-00000652,648.794,1.3607990436233592,1,0.0,0.0
mono-00000652,648.794,1.3607990436233592,2,0.0,0.0
mono-00000652,648.794,1.3607990436233592,3,0.0,0.0
mono-00000652,648.794,1.3607990436233592,4,0.0,0.0
mono-00000652,648.794,1.3607990436233592,5,0.0,0.0
mono-00000653,649.778,1.3597689688207453,-5,0.0003875535173664401,6.28257102234744
mono-00000653,649.778,1.3597689688207453,-4,0.00010590618584189676,5.651601497112566
mono-00000653,649.778,1.3597689688207453,-3,0.003385099759499315,4.940989762909908
mono-00000653,649.778,1.3597689688207453,-2,0.03399683595045857,4.109627364416639
mono-00000653,649.778,1.3597689688207453,-1,0.24761074960414087,3.0606483881808373
mono-00000653,649.778,1.3597689688207453,0,0.3621199215066608,1.359768968820788
mono-00000653,649.778,1.3597689688207453,1,0.0,0.0
mono-00000653,649.778,1.3597689688207453,2,0.0,0.0
mono-00000653,649.778,1.3597689688207453,3,0.0,0.0
mono-00000653,649.778,1.3597689688207453,4,0.0,0.0
mono-00000653,649.778,1.3597689688207453,5,0.0,0.0
mono-00000661,657.694,1.3515665365996483,-5,0.0004047468993503158,6.244611638836631
mono-00000661,657.694,1.3515665365996483,-4,0.0001235702494804624,5.617461182845091
mono-00000661,657.694,1.3515665365996483,-3,0.003293040661744189,4.91114816053971
mono-00000661,657.694,1.3515665365996483,-2,0.0354335469795361,4.084812151712569
mono-00000661,657.694,1.3515665365996483,-1,0.24867646249323627,3.042171884916627
mono-00000661,657.694,1.3515665365996483,0,0.360929351148544,1.3515665365999041
mono-00000661,657.694,1.3515665365996483,1,0.0,0.0
mono-00000661,657.694,1.3515665365996483,2,0.0,0.0
mono-00000661,657.694,1.3515665365996483,3,0.0,0.0
mono-00000661,657.694,1.3515665365996483,4,0.0,0.0
mono-00000661,657.694,1.3515665365996483,5,0.0,0.0
mono-00000666,662.643,1.3465132514297835,-5,0.00041521937339790356,6.2212264999771065
mono-00000666,662.643,1.3465132514297835,-4,0.00013633228893786172,5.596428746676139
mono-00000666,662.643,1.3465132514297835,-3,0.003231324775390992,4.892763928366762
mono-00000666,662.643,1.3465132514297835,-2,0.0363356563970817,4.069524431669521
mono-00000666,662.643,1.3465132514297835,-1,0.24928700696086106,3.0307891634907946
mono-00000666,662.643,1.3465132514297835,0,0.360204777902794,1.346513251429684
mono-00000666,662.643,1.3465132514297835,1,0.0,0.0
mono-00000666,662.643,1.3465132514297835,2,0.0,0.0
mono-00000666,662.643,1.3465132514297835,3,0.0,0.0
mono-00000666,662.643,1.3465132514297835,4,0.0,0.0
mono-00000666,662.643,1.3465132514297835,5,0.0,0.0
mono-00000663,659.676,1.3495359506283364,-5,0.0004089749864028365,6.235214624653395
mono-00000663,659.676,1.3495359506283364,-4,0.0001285187822572802,5.609009577255023
mono-00000663,659.676,1.3495359506283364,-3,0.003268766064074,4.903760705608775
mono-00000663,659.676,1.3495359506283364,-2,0.03579481666655298,4.078668992662799
mono-00000663,659.676,1.3495359506283364,-1,0.2489276118649747,3.037597899446368
mono-00000663,659.676,1.3495359506283364,0,0.3606373025755376,1.3495359506283222
mono-00000663,659.676,1.3495359506283364,1,0.0,0.0
mono-00000663,659.676,1.3495359506283364,2,0.0,0.0
mono-00000663,659.676,1.3495359506283364,3,0.0,0.0
mono-00000663,659.676,1.3495359506283364,4,0.0,0.0
mono-00000663,659.676,1.3495359506283364,5,0.0,0.0
mono-00000665,661.652,1.3475205952166789,-5,0.0004131386446486366,6.225888161181757
mono-00000665,661.652,1.3475205952166789,-4,0.0001336702637509661,5.600621417031661
mono-00000665,661.652,1.3475205952166789,-3,0.0032439089570168965,4.896428700929789
mono-00000665,661.652,1.3475205952166789,-2,0.03615465699822104,4.072571938354031
mono-00000665,661.652,1.3475205952166789,-1,0.24916733822509335,3.0330582368746235
mono-00000665,661.652,1.3475205952166789,0,0.36034820395098993,1.3475205952166789
mono-00000665,661.652,1.3475205952166789,1,0.0,0.0
mono-00000665,661.652,1.3475205952166789,2,0.0,0.0
mono-00000665,661.652,1.3475205952166789,3,0.0,0.0
mono-00000665,661.652,1.3475205952166789,4,0.0,0.0
mono-00000665,661.652,1.3475205952166789,5,0.0,0.0
mono-00000662,658.685,1.350550098727183,-5,0.00040687973972467926,6.23990782494549
mono-00000662,658.685,1.350550098727183,-4,0.00012601348834169682,5.61323060809292
mono-00000662,658.685,1.350550098727183,-3,0.00328111339059797,4.9074502627995
mono-00000662,658.685,1.350550098727183,-2,0.03561488989389251,4.081737105064235
mono-00000662,658.685,1.350550098727183,-1,0.2488068483818691,3.0398823113267497
mono-00000662,658.685,1.350550098727183,0,0.3607838878261579,1.3505500987272967
mono-00000662,658.685,1.350550098727183,1,0.0,0.0
mono-00000662,658.685,1.350550098727183,2,0.0,0.0
mono-00000662,658.685,1.350550098727183,3,0.0,0.0
mono-00000662,658.685,1.350550098727183,4,0.0,0.0
mono-00000662,658.685,1.350550098727183,5,0.0,0.0
mono-00000656,652.756,1.3566657214747266,-5,0.0003940359520986858,6.268209618795822
mono-00000656,652.756,1.3566657214747266,-4,0.00011217125153319971,5.638684999647012
mono-00000656,652.756,1.3566657214747266,-3,0.003350979007020596,4.929699634289193
mono-00000656,652.756,1.3566657214747266,-2,0.03453391832059468,4.100238907294951
mono-00000656,652.756,1.3566657214747266,-1,0.24801183501134447,3.0536580950304426
mono-00000656,652.756,1.3566657214747266,0,0.3616644328251587,1.3566657214749966
mono-00000656,652.756,1.3566657214747266,1,0.0,0.0
mono-00000656,652.756,1.3566657214747266,2,0.0,0.0
mono-00000656,652.756,1.3566657214747266,3,0.0,0.0
mono-00000656,652.756,1.3566657214747266,4,0.0,0.0
mono-00000656,652.756,1.3566657214747266,5,0.0,0.0
mono-00000667,663.634,1.3455081633992876,-5,0.0004172975065153714,6.216575294442123
mono-00000667,663.634,1.3455081633992876,-4,0.00013904397081412531,5.592245478250064
mono-00000667,663.634,1.3455081633992876,-3,0.003218699222113389,4.8891073722954985
mono-00000667,663.634,1.3455081633992876,-2,0.03651704906369767,4.066483756113271
mono-00000667,663.634,1.3455081633992876,-1,0.2494064209442941,3.0285251750759556
mono-00000667,663.634,1.3455081633992876,0,0.36006142524613327,1.345508163399188
mono-00000667,663.634,1.3455081633992876,1,0.0,0.0
mono-00000667,663.634,1.3455081633992876,2,0.0,0.0
mono-00000667,663.634,1.3455081633992876,3,0.0,0.0
mono-00000667,663.634,1.3455081633992876,4,0.0,0.0
mono-00000667,663.634,1.3455081633992876,5,0.0,0.0
mono-00000670,666.601,1.3425123879336667,-5,0.0004234899056035779,6.202711963752108
mono-00000670,666.601,1.3425123879336667,-4,0.0001474748013133317,5.579776864746108
mono-00000670,666.601,1.3425123879336667,-3,0.0031804729418852145,4.8782086633297865
mono-00000670,666.601,1.3425123879336667,-2,0.03706227995331447,4.057420728365187
mono-00000670,666.601,1.3425123879336667,-1,0.24976186028383118,3.0217771310300634
mono-00000670,666.601,1.3425123879336667,0,0.3596375777714759,1.3425123879335814
mono-00000670,666.601,1.3425123879336667,1,0.0,0.0
mono-00000670,666.601,1.3425123879336667,2,0.0,0.0
mono-00000670,666.601,1.3425123879336667,3,0.0,0.0
mono-00000670,666.601,1.3425123879336667,4,0.0,0.0
mono-00000670,666.601,1.3425123879336667,5,0.0,0.0
mono-00000664,660.662,1.3485291832893438,-5,0.00041105501422769065,6.230555597397682
mono-00000664,660.662,1.3485291832893438,-4,0.00013106329403200114,5.604819279549147
mono-00000664,660.662,1.3485291832893438,-3,0.0032564020007859965,4.900098010257807
mono-00000664,660.662,1.3485291832893438,-2,0.03597419485120965,4.0756232162161865
mono-00000664,660.662,1.3485291832893438,-1,0.2490474157320727,3.035330116881312
mono-00000664,660.662,1.3485291832893438,0,0.3604925234076234,1.3485291832896564
mono-00000664,660.662,1.3485291832893438,1,0.0,0.0
mono-00000664,660.662,1.3485291832893438,2,0.0,0.0
mono-00000664,660.662,1.3485291832893438,3,0.0,0.0
mono-00000664,660.662,1.3485291832893438,4,0.0,0.0
mono-00000664,660.662,1.3485291832893438,5,0.0,0.0
mono-00000668,664.622,1.3445083551805084,-5,0.00041936491006286126,6.211948538675827
mono-00000668,664.622,1.3445083551805084,-4,0.00014179892231969891,5.588084197990284
mono-00000668,664.622,1.3445083551805084,-3,0.003206045924858022,4.885470034248414
mono-00000668,664.622,1.3445083551805084,-2,0.03669825650773472,4.06345906022662
mono-00000668,664.622,1.3445083551805084,-1,0.2495251392380745,3.026273083352521
mono-00000668,664.622,1.3445083551805084,0,0.35991924833336103,1.344508355180423
mono-00000668,664.622,1.3445083551805084,1,0.0,0.0
mono-00000668,664.622,1.3445083551805084,2,0.0,0.0
mono-00000668,664.622,1.3445083551805084,3,0.0,0.0
mono-00000668,664.622,1.3445083551805084,4,0.0,0.0
mono-00000668,664.622,1.3445083551805084,5,0.0,0.0
mono-00000660,656.703,1.3525852728751317,-5,0.0004026031022219867,6.249326106391379
mono-00000660,656.703,1.3525852728751317,-4,0.00012118101060776487,5.621701337531064
mono-00000660,656.703,1.3525852728751317,-3,0.0033048137362135313,4.9148544303007355
mono-00000660,656.703,1.3525852728751317,-2,0.035252202723472154,4.087894158767142
mono-00000660,656.703,1.3525852728751317,-1,0.24854370343114154,3.0444666396833924
mono-00000660,656.703,1.3525852728751317,0,0.36107531572161056,1.3525852728750039
mono-00000660,656.703,1.3525852728751317,1,0.0,0.0
mono-00000660,656.703,1.3525852728751317,2,0.0,0.0
mono-00000660,656.703,1.3525852728751317,3,0.0,0.0
mono-00000660,656.703,1.3525852728751317,4,0.0,0.0
mono-00000660,656.703,1.3525852728751317,5,0.0,0.0
mono-00000672,668.574,1.340531294850777,-5,0.00042754039313560747,6.193544285868782
mono-00000672,668.574,1.340531294850777,-4,0.00015332625445215012,5.5715314900480735
mono-00000672,668.574,1.340531294850777,-3,0.003154446847898523,4.87100144347778
mono-00000672,668.574,1.340531294850777,-2,0.037423315079278194,4.051427421261522
mono-00000672,668.574,1.340531294850777,-1,0.2499792782787355,3.017314697817085
mono-00000672,668.574,1.340531294850777,0,0.3593452937671332,1.3405312948507202
mono-00000672,668.574,1.340531294850777,1,0.0,0.0
mono-00000672,668.574,1.340531294850777,2,0.0,0.0
mono-00000672,668.574,1.340531294850777,3,0.0,0.0
mono-00000672,668.574,1.340531294850777,4,0.0,0.0
mono-00000672,668.574,1.340531294850777,5,0.0,0.0
mono-00000673,669.567,1.339537533706192,-5,0.0004295590363082945,6.188945595466123
mono-00000673,669.567,1.339537533706192,-4,0.00015634523181274837,5.567395442676911
mono-00000673,669.567,1.339537533706192,-3,0.0031411757658664813,4.867386153265002
mono-00000673,669.567,1.339537533706192,-2,0.03760462119459242,4.048421052637096
mono-00000673,669.567,1.339537533706192,-1,0.25008346528086356,3.01507624582392
mono-00000673,669.567,1.339537533706192,0,0.3591955071486553,1.3395375337060926
mono-00000673,669.567,1.339537533706192,1,0.0,0.0
mono-00000673,669.567,1.339537533706192,2,0.0,0.0
mono-00000673,669.567,1.339537533706192,3,0.0,0.0
mono-00000673,669.567,1.339537533706192,4,0.0,0.0
mono-00000673,669.567,1.339537533706192,5,0.0,0.0
mono-00000671,667.594,1.3415142176947512,-5,0.00042554192907128267,6.1980928373990025
mono-00000671,667.594,1.3415142176947512,-4,0.00015039825002801104,5.57562244092118
mono-00000671,667.594,1.3415142176947512,-3,0.0031674723088563114,4.8745773135838135
mono-00000671,667.594,1.3415142176947512,-2,0.0372446902012798,4.054401007910499
mono-00000671,667.594,1.3415142176947512,-1,0.2498760309003483,3.019528740124258
mono-00000671,667.594,1.3415142176947512,0,0.3594941100395728,1.3415142176947654
mono-00000671,667.594,1.3415142176947512,1,0.0,0.0
mono-00000671,667.594,1.3415142176947512,2,0.0,0.0
mono-00000671,667.594,1.3415142176947512,3,0.0,0.0
mono-00000671,667.594,1.3415142176947512,4,0.0,0.0
mono-00000671,667.594,1.3415142176947512,5,0.0,0.0
mono-00000677,673.525,1.3355983477034528,-5,0.0004374936783303213,6.170716931644108
mono-00000677,673.525,1.3355983477034528,-4,0.00016887710276334281,5.551000623460595
mono-00000677,673.525,1.3355983477034528,-3,0.0030873219700226022,4.8530555402294056
mono-00000677,673.525,1.3355983477034528,-2,0.0383265221521183,4.03650412408561
mono-00000677,673.525,1.3355983477034528,-1,0.25047469975883413,3.0062032458334045
mono-00000677,673.525,1.3355983477034528,0,0.3585901171177166,1.3355983477033249
mono-00000677,673.525,1.3355983477034528,1,0.0,0.0
mono-00000677,673.525,1.3355983477034528,2,0.0,0.0
mono-00000677,673.525,1.3355983477034528,3,0.0,0.0
mono-00000677,673.525,1.3355983477034528,4,0.0,0.0
mono-00000677,673.525,1.3355983477034528,5,0.0,0.0
mono-00000686,682.428,1.3268631631657541,-5,0.00045476440734373017,6.130295595160945
mono-00000686,682.428,1.3268631631657541,-4,0.00019995522609657915,5.5146456647609625
mono-00000686,682.428,1.3268631631657541,-3,0.002961799421086512,4.821277800000715
mono-00000686,682.428,1.3268631631657541,-2,0.039952225177648015,4.010078584661059
mono-00000686,682.428,1.3268631631657541,-1,0.2512533705893522,2.9865274856540225
mono-00000686,682.428,1.3268631631657541,0,0.35720324264108816,1.3268631631658252
mono-00000686,682.428,1.3268631631657541,1,0.0,0.0
mono-00000686,682.428,1.3268631631657541,2,0.0,0.0
mono-00000686,682.428,1.3268631631657541,3,0.0,0.0
mono-00000686,682.428,1.3268631631657541,4,0.0,0.0
mono-00000686,682.428,1.3268631631657541,5,0.0,0.0
mono-00000674,670.551,1.3385549563817705,-5,0.00043155296871181457,6.1843986748801
mono-00000674,670.551,1.3385549563817705,-4,0.00015938869279588094,5.563305955157375
mono-00000674,670.551,1.3385549563817705,-3,0.003127953353863354,4.863811559124684
mono-00000674,670.551,1.3385549563817705,-2,0.03778459323166344,4.045448524288673
mono-00000674,670.551,1.3385549563817705,-1,0.2501862883444641,3.012862989078542
mono-00000674,670.551,1.3385549563817705,0,0.35904808086400136,1.338554956381543
mono-00000674,670.551,1.3385549563817705,1,0.0,0.0
mono-00000674,670.551,1.3385549563817705,2,0.0,0.0
mono-00000674,670.551,1.3385549563817705,3,0.0,0.0
mono-00000674,670.551,1.3385549563817705,4,0.0,0.0
mono-00000674,670.551,1.3385549563817705,5,0.0,0.0
mono-00000675,671.547,1.3375625950809393,-5,0.0004335645837021379,6.179806494646016
mono-00000675,671.547,1.3375625950809393,-4,0.00016252190793072284,5.559175759468346
mono-00000675,671.547,1.3375625950809393,-3,0.0031144978242092954,4.860201380658054
mono-00000675,671.547,1.3375625950809393,-2,0.03796707315079343,4.0424464036631775
mono-00000675,671.547,1.3375625950809393,-1,0.2502899474467621,3.0106276975802615
mono-00000675,671.547,1.3375625950809393,0,0.3588998794860801,1.3375625950808825
mono-00000675,671.547,1.3375625950809393,1,0.0,0.0
mono-00000675,671.547,1.3375625950809393,2,0.0,0.0
mono-00000675,671.547,1.3375625950809393,3,0.0,0.0
mono-00000675,671.547,1.3375625950809393,4,0.0,0.0
mono-00000675,671.547,1.3375625950809393,5,0.0,0.0
mono-00000676,672.537,1.336578395846928,-5,0.0004355375449862218,6.175252100618408
mono-00000676,672.537,1.336578395846928,-4,0.00016567837725131883,5.555079546845789
mono-00000676,672.537,1.336578395846928,-3,0.003100945989044355,4.856620905009152
mono-00000676,672.537,1.336578395846928,-2,0.03814708115706884,4.0394689816700975
mono-00000676,672.537,1.336578395846928,-1,0.25038389653712295,3.008410794755406
mono-00000676,672.537,1.336578395846928,0,0.35874550962187784,1.3365783958469706
mono-00000676,672.537,1.336578395846928,1,0.0,0.0
mono-00000676,672.537,1.336578395846928,2,0.0,0.0
mono-00000676,672.537,1.336578395846928,3,0.0,0.0
mono-00000676,672.537,1.336578395846928,4,0.0,0.0
mono-00000676,672.537,1.336578395846928,5,0.0,0.0
mono-00000691,687.371,1.3220867260497897,-5,0.0004640059669299557,6.108193558911651
mono-00000691,687.371,1.3220867260497897,-4,0.00021890880209746402,5.49476703079516
mono-00000691,687.371,1.3220867260497897,-3,0.0028899330589896768,4.803901904959943
mono-00000691,687.371,1.3220867260497897,-2,0.040856604625501815,3.995629198475001
mono-00000691,687.371,1.3220867260497897,-1,0.2516328120529301,2.9757688137324436
mono-00000691,687.371,1.3220867260497897,0,0.3564210897503065,1.3220867260496192
mono-00000691,687.371,1.3220867260497897,1,0.0,0.0
mono-00000691,687.371,1.3220867260497897,2,0.0,0.0
mono-00000691,687.371,1.3220867260497897,3,0.0,0.0
mono-00000691,687.371,1.3220867260497897,4,0.0,0.0
mono-00000691,687.371,1.3220867260497897,5,0.0,0.0
mono-00000683,679.458,1.3297581020488423,-5,0.00044908993570742345,6.143691544500371
mono-00000683,679.458,1.3297581020488423,-4,0.00018914797241596266,5.526693999647321
mono-00000683,679.458,1.3297581020488423,-3,0.0030042612374551205,4.8318092202927545
mono-00000683,679.458,1.3297581020488423,-2,0.03940941714879446,4.018836250827022
mono-00000683,679.458,1.3297581020488423,-1,0.25100763029512047,2.9930482235089215
mono-00000683,679.458,1.3297581020488423,0,0.3576694306666655,1.3297581020487428
mono-00000683,679.458,1.3297581020488423,1,0.0,0.0
mono-00000683,679.458,1.3297581020488423,2,0.0,0.0
mono-00000683,679.458,1.3297581020488423,3,0.0,0.0
mono-00000683,679.458,1.3297581020488423,4,0.0,0.0
mono-00000683,679.458,1.3297581020488423,5,0.0,0.0
mono-00000678,674.504,1.334629350529653,-5,0.0004394247530155532,6.1662329165091165
mono-00000678,674.504,1.334629350529653,-4,0.00017209755167007363,5.546967706051049
mono-00000678,674.504,1.334629350529653,-3,0.003073754684163751,4.849530387501133
mono-00000678,674.504,1.334629350529653,-2,0.03850460067351989,4.033572704383232
mono-00000678,674.504,1.334629350529653,-1,0.25056421763473313,3.0040205926394634
mono-00000678,674.504,1.334629350529653,0,0.3584371231799407,1.334629350529724
mono-00000678,674.504,1.334629350529653,1,0.0,0.0
mono-00000678,674.504,1.334629350529653,2,0.0,0.0
mono-00000678,674.504,1.334629350529653,3,0.0,0.0
mono-00000678,674.504,1.334629350529653,4,0.0,0.0
mono-00000678,674.504,1.334629350529653,5,0.0,0.0
mono-00000684,680.443,1.3287958970222462,-5,0.0004509888977935652,6.139239051956409
mono-00000684,680.443,1.3287958970222462,-4,0.00019268998841302727,5.52268942352039
mono-00000684,680.443,1.3287958970222462,-3,0.002990268688073127,4.8283088315069165
mono-00000684,680.443,1.3287958970222462,-2,0.039590075543112266,4.015925416217769
mono-00000684,680.443,1.3287958970222462,-1,0.2510941081271129,2.990880890452189
mono-00000684,680.443,1.3287958970222462,0,0.3575187685047705,1.3287958970219904
mono-00000684,680.443,1.3287958970222462,1,0.0,0.0
mono-00000684,680.443,1.3287958970222462,2,0.0,0.0
mono-00000684,680.443,1.3287958970222462,3,0.0,0.0
mono-00000684,680.443,1.3287958970222462,4,0.0,0.0
mono-00000684,680.443,1.3287958970222462,5,0.0,0.0
mono-00000697,693.308,1.3164174001272357,-5,0.00047480056284856614,6.081960334459794
mono-00000697,693.308,1.3164174001272357,-4,0.00024327619862054065,5.471172741665029
mono-00000697,693.308,1.3164174001272357,-3,0.0028020417986268564,4.783278112046418
mono-00000697,693.308,1.3164174001272357,-2,0.0419476399781995,3.978478895290195
mono-00000697,693.308,1.3164174001272357,-1,0.2520577324849355,2.962999066418547
mono-00000697,693.308,1.3164174001272357,0,0.3554859948090393,1.3164174001271647
mono-00000697,693.308,1.3164174001272357,1,0.0,0.0
mono-00000697,693.308,1.3164174001272357,2,0.0,0.0
mono-00000697,693.308,1.3164174001272357,3,0.0,0.0
mono-00000697,693.308,1.3164174001272357,4,0.0,0.0
mono-00000697,693.308,1.3164174001272357,5,0.0,0.0
mono-00000681,677.475,1.3317015681319617,-5,0.0004452427186433595,6.152684755375489
mono-00000681,677.475,1.3317015681319617,-4,0.00018217263620817653,5.5347824971930635
mono-00000681,677.475,1.3317015681319617,-3,0.0030322385588956824,4.838879348829622
mono-00000681,677.475,1.3317015681319617,-2,0.03904651735709562,4.024715586576519
mono-00000681,677.475,1.3317015681319617,-1,0.2508321492631478,2.997425823159901
mono-00000681,677.475,1.3317015681319617,0,0.35797570350734864,1.3317015681319475
mono-00000681,677.475,1.3317015681319617,1,0.0,0.0
mono-00000681,677.475,1.3317015681319617,2,0.0,0.0
mono-00000681,677.475,1.3317015681319617,3,0.0,0.0
mono-00000681,677.475,1.3317015681319617,4,0.0,0.0
mono-00000681,677.475,1.3317015681319617,5,0.0,0.0
mono-00000685,681.438,1.327826040978394,-5,0.0004528896748376549,6.134751170533335
mono-00000685,681.438,1.327826040978394,-4,0.00019631023789393382,5.5186530169214905
mono-00000685,681.438,1.327826040978394,-3,0.0029760417869340544,4.824780618292266
mono-00000685,681.438,1.327826040978394,-2,0.03977189167688405,4.012991442201184
mono-00000685,681.438,1.327826040978394,-1,0.2511762474788252,2.9886963272282543
mono-00000685,681.438,1.327826040978394,0,0.3573623700343524,1.3278260409784508
mono-00000685,681.438,1.327826040978394,1,0.0,0.0
mono-00000685,681.438,1.327826040978394,2,0.0,0.0
mono-00000685,681.438,1.327826040978394,3,0.0,0.0
mono-00000685,681.438,1.327826040978394,4,0.0,0.0
mono-00000685,681.438,1.327826040978394,5,0.0,0.0
mono-00000690,686.386,1.323034419484614,-5,0.0004621774414910712,6.1125787968984895
mono-00000690,686.386,1.323034419484614,-4,0.00021503363065122975,5.498711129494254
mono-00000690,686.386,1.323034419484614,-3,0.002904322055903925,4.807349440779831
mono-00000690,686.386,1.323034419484614,-2,0.04067575400761461,3.998496090827956
mono-00000690,686.386,1.323034419484614,-1,0.2515575055490133,2.977903436344846
mono-00000690,686.386,1.323034419484614,0,0.3565756965962695,1.3230344194846708
mono-00000690,686.386,1.323034419484614,1,0.0,0.0
mono-00000690,686.386,1.323034419484614,2,0.0,0.0
mono-00000690,686.386,1.323034419484614,3,0.0,0.0
mono-00000690,686.386,1.323034419484614,4,0.0,0.0
mono-00000690,686.386,1.323034419484614,5,0.0,0.0
mono-00000679,675.501,1.333644701668959,-5,0.000441383791510801,6.1616764893003335
mono-00000679,675.501,1.333644701668959,-4,0.00017542931426239657,5.542869659584056
mono-00000679,675.501,1.333644701668959,-3,0.003059869693976731,4.845948304243606
mono-00000679,675.501,1.333644701668959,-2,0.038686231842291266,4.030593941465682
mono-00000679,675.501,1.333644701668959,-1,0.2506549233997136,3.001802687818383
mono-00000679,675.501,1.333644701668959,0,0.358282335759496,1.333644701669357
mono-00000679,675.501,1.333644701668959,1,0.0,0.0
mono-00000679,675.501,1.333644701668959,2,0.0,0.0
mono-00000679,675.501,1.333644701668959,3,0.0,0.0
mono-00000679,675.501,1.333644701668959,4,0.0,0.0
mono-00000679,675.501,1.333644701668959,5,0.0,0.0
mono-00000692,688.367,1.3211305169933922,-5,0.0004658455946677069,6.10376893161046
mono-00000692,688.367,1.3211305169933922,-4,0.00022287857400221862,5.490787503582467
mono-00000692,688.367,1.3211305169933922,-3,0.0028753261770039806,4.8004233996318675
mono-00000692,688.367,1.3211305169933922,-2,0.04103970880835638,3.9927365513101023
mono-00000692,688.367,1.3211305169933922,-1,0.2517084643988569,2.973615013557392
mono-00000692,688.367,1.3211305169933922,0,0.35626571239611904,1.3211305169933212
mono-00000692,688.367,1.3211305169933922,1,0.0,0.0
mono-00000692,688.367,1.3211305169933922,2,0.0,0.0
mono-00000692,688.367,1.3211305169933922,3,0.0,0.0
mono-00000692,688.367,1.3211305169933922,4,0.0,0.0
mono-00000692,688.367,1.3211305169933922,5,0.0,0.0
mono-00000682,678.47,1.330725340510142,-5,0.0004471771216830788,6.148167343949609
mono-00000682,678.47,1.330725340510142,-4,0.0001856466641765206,5.530719536353416
mono-00000682,678.47,1.330725340510142,-3,0.003018232919969587,4.835327929164677
mono-00000682,678.47,1.330725340510142,-2,0.03922847372676966,4.021762318642544
mono-00000682,678.47,1.330725340510142,-1,0.2509204329801446,2.995226897669383
mono-00000682,678.47,1.330725340510142,0,0.35782153407912687,1.3307253405101989
mono-00000682,678.47,1.330725340510142,1,0.0,0.0
mono-00000682,678.47,1.330725340510142,2,0.0,0.0
mono-00000682,678.47,1.330725340510142,3,0.0,0.0
mono-00000682,678.47,1.330725340510142,4,0.0,0.0
mono-00000682,678.47,1.330725340510142,5,0.0,0.0
mono-00000694,690.343,1.3192395847545129,-5,0.0004694684624023702,6.0950191414644195
mono-00000694,690.343,1.3192395847545129,-4,0.000230907318596161,5.482917903084271
mono-00000694,690.343,1.3192395847545129,-3,0.0028461885167720856,4.793544576376405
mono-00000694,690.343,1.3192395847545129,-2,0.04140373837699242,3.9870162721102815
mono-00000694,690.343,1.3192395847545129,-1,0.2518574537968734,2.9693558187130122
mono-00000694,690.343,1.3192395847545129,0,0.355960568824506,1.3192395847545555
mono-00000694,690.343,1.3192395847545129,1,0.0,0.0
mono-00000694,690.343,1.3192395847545129,2,0.0,0.0
mono-00000694,690.343,1.3192395847545129,3,0.0,0.0
mono-00000694,690.343,1.3192395847545129,4,0.0,0.0
mono-00000694,690.343,1.3192395847545129,5,0.0,0.0
mono-00000693,689.345,1.3201936048016876,-5,0.0004676435522718863,6.099433610322393
mono-00000693,689.345,1.3201936048016876,-4,0.0002268272875842915,5.486888296969013
mono-00000693,689.345,1.3201936048016876,-3,0.0028609319628635824,4.797015101137717
mono-00000693,689.345,1.3201936048016876,-2,0.041219788616038464,3.989902285336953
mono-00000693,689.345,1.3201936048016876,-1,0.25178255420063655,2.9715046816199617
mono-00000693,689.345,1.3201936048016876,0,0.3561143515472395,1.3201936048017018
mono-00000693,689.345,1.3201936048016876,1,0.0,0.0
mono-00000693,689.345,1.3201936048016876,2,0.0,0.0
mono-00000693,689.345,1.3201936048016876,3,0.0,0.0
mono-00000693,689.345,1.3201936048016876,4,0.0,0.0
mono-00000693,689.345,1.3201936048016876,5,0.0,0.0
mono-00000680,676.493,1.3326671506570165,-5,0.00044332580957630855,6.157152922870637
mono-00000680,676.493,1.3326671506570165,-4,0.0001787952104471016,5.53880116634592
mono-00000680,676.493,1.3326671506570165,-3,0.0030459964613341376,4.842392051781559
mono-00000680,676.493,1.3326671506570165,-2,0.038867203649467025,4.027636657380782
mono-00000680,676.493,1.3326671506570165,-1,0.2507445511394659,2.9996007743566793
mono-00000680,676.493,1.3326671506570165,0,0.35812882532713025,1.3326671506571017
mono-00000680,676.493,1.3326671506570165,1,0.0,0.0
mono-00000680,676.493,1.3326671506570165,2,0.0,0.0
mono-00000680,676.493,1.3326671506570165,3,0.0,0.0
mono-00000680,676.493,1.3326671506570165,4,0.0,0.0
mono-00000680,676.493,1.3326671506570165,5,0.0,0.0
mono-00000687,683.415,1.3259052853425004,-5,0.0004566247558684379,6.1258631715225675
mono-00000687,683.415,1.3259052853425004,-4,0.0002036399799227953,5.510659133663182
mono-00000687,683.415,1.3259052853425004,-3,0.0029475397018202073,4.817793179884234
mono-00000687,683.415,1.3259052853425004,-2,0.04013224597775324,4.007180858984128
mono-00000687,683.415,1.3259052853425004,-1,0.25132974549924114,2.9843699097568077
mono-00000687,683.415,1.3259052853425004,0,0.35704553594352656,1.3259052853425146
mono-00000687,683.415,1.3259052853425004,1,0.0,0.0
mono-00000687,683.415,1.3259052853425004,2,0.0,0.0
mono-00000687,683.415,1.3259052853425004,3,0.0,0.0
mono-00000687,683.415,1.3259052853425004,4,0.0,0.0
mono-00000687,683.415,1.3259052853425004,5,0.0,0.0
mono-00000701,697.26,1.3126837627830525,-5,0.0004817767650957992,6.064684253456122
mono-00000701,697.26,1.3126837627830525,-4,0.0002604436180241651,5.45563451954736
mono-00000701,697.26,1.3126837627830525,-3,0.0027426198255085794,4.769696107874495
mono-00000701,697.26,1.3126837627830525,-2,0.04267535393917506,3.967184367901325
mono-00000701,697.26,1.3126837627830525,-1,0.2523165719306934,2.954589382496792
mono-00000701,697.26,1.3126837627830525,0,0.354861064819094,1.3126837627829957
mono-00000701,697.26,1.3126837627830525,1,0.0,0.0
mono-00000701,697.26,1.3126837627830525,2,0.0,0.0
mono-00000701,697.26,1.3126837627830525,3,0.0,0.0
mono-00000701,697.26,1.3126837627830525,4,0.0,0.0
mono-00000701,697.26,1.3126837627830525,5,0.0,0.0
mono-00000699,695.288,1.3145428258544314,-5,0.00047831174285308746,6.073286379488962
mono-00000699,695.288,1.3145428258544314,-4,0.0002517850117974492,5.4633713319839075
mono-00000699,695.288,1.3145428258544314,-3,0.0027723146230803864,4.776458880406622
mono-00000699,695.288,1.3145428258544314,-2,0.0423118583790044,3.9728081588779816
mono-00000699,695.288,1.3145428258544314,-1,0.2521887576447369,2.958776749258476
mono-00000699,695.288,1.3145428258544314,0,0.35517317609313437,1.314542825854332
mono-00000699,695.288,1.3145428258544314,1,0.0,0.0
mono-00000699,695.288,1.3145428258544314,2,0.0,0.0
mono-00000699,695.288,1.3145428258544314,3,0.0,0.0
mono-00000699,695.288,1.3145428258544314,4,0.0,0.0
mono-00000699,695.288,1.3145428258544314,5,0.0,0.0
mono-00000688,684.408,1.3249436749832455,-5,0.0004584875150513009,6.121413491237689
mono-00000688,684.408,1.3249436749832455,-4,0.00020739833970856208,5.506657080250392
mono-00000688,684.408,1.3249436749832455,-3,0.002933133124733943,4.814294990261715
mono-00000688,684.408,1.3249436749832455,-2,0.04031359577873777,4.0042718479397195
mono-00000688,684.408,1.3249436749832455,-1,0.251406072643357,2.9822039299137373
mono-00000688,684.408,1.3249436749832455,0,0.35688782175225947,1.324943674983075
mono-00000688,684.408,1.3249436749832455,1,0.0,0.0
mono-00000688,684.408,1.3249436749832455,2,0.0,0.0
mono-00000688,684.408,1.3249436749832455,3,0.0,0.0
mono-00000688,684.408,1.3249436749832455,4,0.0,0.0
mono-00000688,684.408,1.3249436749832455,5,0.0,0.0
mono-00000702,698.257,1.311746858134697,-5,0.00048351313842377746,6.06034909524854
mono-00000702,698.257,1.311746858134697,-4,0.0002648967480783158,5.451735445555471
mono-00000702,698.257,1.311746858134697,-3,0.002727535689555014,4.766287912734313
mono-00000702,698.257,1.311746858134697,-2,0.042859454698657956,3.964350176851454
mono-00000702,698.257,1.311746858134697,-1,0.25238054595274306,2.952479096672235
mono-00000702,698.257,1.311746858134697,0,0.35470477362378305,1.3117468581347822
mono-00000702,698.257,1.311746858134697,1,0.0,0.0
mono-00000702,698.257,1.311746858134697,2,0.0,0.0
mono-00000702,698.257,1.311746858134697,3,0.0,0.0
mono-00000702,698.257,1.311746858134697,4,0.0,0.0
mono-00000702,698.257,1.311746858134697,5,0.0,0.0
mono-00000705,701.215,1.3089789160515437,-5,0.0004885999945398606,6.047541613321144
mono-00000705,701.215,1.3089789160515437,-4,0.0002783868755107395,5.4402162906349645
mono-00000705,701.215,1.3089789160515437,-3,0.002682557248211256,4.75621896828028
mono-00000705,701.215,1.3089789160515437,-2,0.04340610119596626,3.9559770246927997
mono-00000705,701.215,1.3089789160515437,-1,0.25256366777292005,2.946244597413852
mono-00000705,701.215,1.3089789160515437,0,0.35424041038881526,1.3089789160515721
mono-00000705,701.215,1.3089789160515437,1,0.0,0.0
mono-00000705,701.215,1.3089789160515437,2,0.0,0.0
mono-00000705,701.215,1.3089789160515437,3,0.0,0.0
mono-00000705,701.215,1.3089789160515437,4,0.0,0.0
mono-00000705,701.215,1.3089789160515437,5,0.0,0.0
mono-00000704,700.236,1.3098930723503486,-5,0.0004869274559039059,6.051771471504466
mono-00000704,700.236,1.3098930723503486,-4,0.0002738814010751718,5.444020661483265
mono-00000704,700.236,1.3098930723503486,-3,0.0026974654453524468,4.75954438706728
mono-00000704,700.236,1.3098930723503486,-2,0.0432253130253962,3.958742384006243
mono-00000704,700.236,1.3098930723503486,-1,0.25250519373517194,2.9483036355028247
mono-00000704,700.236,1.3098930723503486,0,0.35439593580865253,1.3098930723502775
mono-00000704,700.236,1.3098930723503486,1,0.0,0.0
mono-00000704,700.236,1.3098930723503486,2,0.0,0.0
mono-00000704,700.236,1.3098930723503486,3,0.0,0.0
mono-00000704,700.236,1.3098930723503486,4,0.0,0.0
mono-00000704,700.236,1.3098930723503486,5,0.0,0.0
mono-00000706,702.212,1.3080499162307149,-5,0.0004902922291984806,6.043243087023015
mono-00000706,702.212,1.3080499162307149,-4,0.0002830246532926353,5.436350157581657
mono-00000706,702.212,1.3080499162307149,-3,0.002667330472508142,4.75283956150173
mono-00000706,702.212,1.3080499162307149,-2,0.043590396893884345,3.9531667687368923
mono-00000706,702.212,1.3080499162307149,-1,0.2526226915549401,2.944152129031039
mono-00000706,702.212,1.3080499162307149,0,0.354082929867305,1.3080499162306438
mono-00000706,702.212,1.3080499162307149,1,0.0,0.0
mono-00000706,702.212,1.3080499162307149,2,0.0,0.0
mono-00000706,702.212,1.3080499162307149,3,0.0,0.0
mono-00000706,702.212,1.3080499162307149,4,0.0,0.0
mono-00000706,702.212,1.3080499162307149,5,0.0,0.0
mono-00000695,691.328,1.318300016919295,-5,0.0004712497057549373,6.090671560734307
mono-00000695,691.328,1.318300016919295,-4,0.0002349663937444898,5.479007667110579
mono-00000695,691.328,1.318300016919295,-3,0.0028315750228440394,4.7901266342815205
mono-00000695,691.328,1.318300016919295,-2,0.04158422227676704,3.984173984248386
mono-00000695,691.328,1.318300016919295,-1,0.25192451222631834,2.967239511675473
mono-00000695,691.328,1.318300016919295,0,0.3558019979953167,1.318300016919423
mono-00000695,691.328,1.318300016919295,1,0.0,0.0
mono-00000695,691.328,1.318300016919295,2,0.0,0.0
mono-00000695,691.328,1.318300016919295,3,0.0,0.0
mono-00000695,691.328,1.318300016919295,4,0.0,0.0
mono-00000695,691.328,1.318300016919295,5,0.0,0.0
mono-00000689,685.392,1.3239928410180255,-5,0.00046032445948641844,6.117013691615611
mono-00000689,685.392,1.3239928410180255,-4,0.0002111733069336167,5.502699888003406
mono-00000689,685.392,1.3239928410180255,-3,0.0029187983771233163,4.810836012271579
mono-00000689,685.392,1.3239928410180255,-2,0.04049353323643593,4.001395443078678
mono-00000689,685.392,1.3239928410180255,-1,0.25148120768343235,2.9800622267342334
mono-00000689,685.392,1.3239928410180255,0,0.35673248372645516,1.3239928410181534
mono-00000689,685.392,1.3239928410180255,1,0.0,0.0
mono-00000689,685.392,1.3239928410180255,2,0.0,0.0
mono-00000689,685.392,1.3239928410180255,3,0.0,0.0
mono-00000689,685.392,1.3239928410180255,4,0.0,0.0
mono-00000689,685.392,1.3239928410180255,5,0.0,0.0
mono-00000696,692.314,1.317361502895153,-5,0.00047302296270349865,6.086328870507202
mono-00000696,692.314,1.317361502895153,-4,0.00023907940165788423,5.475101828112486
mono-00000696,692.314,1.317361502895153,-3,0.0028168941547638496,4.786712534186606
mono-00000696,692.314,1.317361502895153,-2,0.041765094189541434,3.981334890082394
mono-00000696,692.314,1.317361502895153,-1,0.25199111458523243,2.9651255815169293
mono-00000696,692.314,1.317361502895153,0,0.3556441742298749,1.3173615028952383
mono-00000696,692.314,1.317361502895153,1,0.0,0.0
mono-00000696,692.314,1.317361502895153,2,0.0,0.0
mono-00000696,692.314,1.317361502895153,3,0.0,0.0
mono-00000696,692.314,1.317361502895153,4,0.0,0.0
mono-00000696,692.314,1.317361502895153,5,0.0,0.0
mono-00000698,694.301,1.3154762710067445,-5,0.0004765661798608775,6.077605572390723
mono-00000698,694.301,1.3154762710067445,-4,0.0002475192879561469,5.4672560420374765
mono-00000698,694.301,1.3154762710067445,-3,0.002787152719077415,4.77985451584054
mono-00000698,694.301,1.3154762710067445,-2,0.042130207981189514,3.9756319018867003
mono-00000698,694.301,1.3154762710067445,-1,0.2521237632421308,2.9608792524850855
mono-00000698,694.301,1.3154762710067445,0,0.3553289070731735,1.3154762710068013
mono-00000698,694.301,1.3154762710067445,1,0.0,0.0
mono-00000698,694.301,1.3154762710067445,2,0.0,0.0
mono-00000698,694.301,1.3154762710067445,3,0.0,0.0
mono-00000698,694.301,1.3154762710067445,4,0.0,0.0
mono-00000698,694.301,1.3154762710067445,5,0.0,0.0
mono-00000703,699.241,1.3108241341525684,-5,0.0004852162720370835,6.056079566348771
mono-00000703,699.241,1.3108241341525684,-4,0.0002693413388147002,5.447895397539867
mono-00000703,699.241,1.3108241341525684,-3,0.0027126013920940606,4.762931311062502
mono-00000703,699.241,1.3108241341525684,-2,0.043041350462386725,3.9615588887700426
mono-00000703,699.241,1.3108241341525684,-1,0.25244318331645216,2.9504007545532573
mono-00000703,699.241,1.3108241341525684,0,0.35455143967453534,1.3108241341526252
mono-00000703,699.241,1.3108241341525684,1,0.0,0.0
mono-00000703,699.241,1.3108241341525684,2,0.0,0.0
mono-00000703,699.241,1.3108241341525684,3,0.0,0.0
mono-00000703,699.241,1.3108241341525684,4,0.0,0.0
mono-00000703,699.241,1.3108241341525684,5,0.0,0.0
mono-00000700,696.278,1.3136085367968633,-5,0.0004800560690462876,6.068963295819799
mono-00000700,696.278,1.3136085367968633,-4,0.00025610690653747836,5.459483121001753
mono-00000700,696.278,1.3136085367968633,-3,0.002757429477296885,4.773060183417726
mono-00000700,696.278,1.3136085367968633,-2,0.04249421890597797,3.9699818687274018
mono-00000700,696.278,1.3136085367968633,-1,0.2522530535596976,2.9566723484155233
mono-00000700,696.278,1.3136085367968633,0,0.3550159159330137,1.3136085367967354
mono-00000700,696.278,1.3136085367968633,1,0.0,0.0
mono-00000700,696.278,1.3136085367968633,2,0.0,0.0
mono-00000700,696.278,1.3136085367968633,3,0.0,0.0
mono-00000700,696.278,1.3136085367968633,4,0.0,0.0
mono-00000700,696.278,1.3136085367968633,5,0.0,0.0
mono-00000709,705.161,1.3053135870257648,-5,0.0004952364169378909,6.030582042476979
mono-00000709,705.161,1.3053135870257648,-4,0.00029703306388926886,5.424962691871599
mono-00000709,705.161,1.3053135870257648,-3,0.0026220721406743953,4.7428857112684994
mono-00000709,705.161,1.3053135870257648,-2,0.044136787164459575,3.944889312905545
mono-00000709,705.161,1.3053135870257648,-1,0.25279508137173856,2.9379888713077094
mono-00000709,705.161,1.3053135870257648,0,0.35362262384259446,1.305313587025708
mono-00000709,705.161,1.3053135870257648,1,0.0,0.0
mono-00000709,705.161,1.3053135870257648,2,0.0,0.0
mono-00000709,705.161,1.3053135870257648,3,0.0,0.0
mono-00000709,705.161,1.3053135870257648,4,0.0,0.0
mono-00000709,705.161,1.3053135870257648,5,0.0,0.0
mono-00000707,703.186,1.3071442550950962,-5,0.0004919345367989116,6.039052563298952
mono-00000707,703.186,1.3071442550950962,-4,0.0002876035814021599,5.432581161545016
mono-00000707,703.186,1.3071442550950962,-3,0.002652412465045733,4.749545061377731
mono-00000707,703.186,1.3071442550950962,-2,0.043770618830243815,3.9504271185296886
mono-00000707,703.186,1.3071442550950962,-1,0.25267984732306886,2.9421122314686983
mono-00000707,703.186,1.3071442550950962,0,0.35392996852319625,1.3071442550950962
mono-00000707,703.186,1.3071442550950962,1,0.0,0.0
mono-00000707,703.186,1.3071442550950962,2,0.0,0.0
mono-00000707,703.186,1.3071442550950962,3,0.0,0.0
mono-00000707,703.186,1.3071442550950962,4,0.0,0.0
mono-00000707,703.186,1.3071442550950962,5,0.0,0.0
mono-00000714,710.084,1.3007836296969515,-5,0.0005032692772878811,6.009622112436247
mono-00000714,710.084,1.3007836296969515,-4,0.00032131423281747776,5.406111099457121
mono-00000714,710.084,1.3007836296969515,-3,0.002545955198061855,4.726407398416157
mono-00000714,710.084,1.3007836296969515,-2,0.04505022405659681,3.931186200064289
mono-00000714,710.084,1.3007836296969515,-1,0.2530619449166784,2.9277857385095984
mono-00000714,710.084,1.3007836296969515,0,0.35285173924763524,1.3007836296968804
mono-00000714,710.084,1.3007836296969515,1,0.0,0.0
mono-00000714,710.084,1.3007836296969515,2,0.0,0.0
mono-00000714,710.084,1.3007836296969515,3,0.0,0.0
mono-00000714,710.084,1.3007836296969515,4,0.0,0.0
mono-00000714,710.084,1.3007836296969515,5,0.0,0.0
mono-00000712,708.109,1.3025952779863985,-5,0.0005000808884732173,6.018004496611795
mono-00000712,708.109,1.3025952779863985,-4,0.00031143073483106223,5.413650312628462
mono-00000712,708.109,1.3025952779863985,-3,0.0025765983598521683,4.732997482878588
mono-00000712,708.109,1.3025952779863985,-2,0.0446832912703317,3.936666416865762
mono-00000712,708.109,1.3025952779863985,-1,0.2529565133552318,2.931866228924534
mono-00000712,708.109,1.3025952779863985,0,0.35315869095026403,1.3025952779864411
mono-00000712,708.109,1.3025952779863985,1,0.0,0.0
mono-00000712,708.109,1.3025952779863985,2,0.0,0.0
mono-00000712,708.109,1.3025952779863985,3,0.0,0.0
mono-00000712,708.109,1.3025952779863985,4,0.0,0.0
mono-00000712,708.109,1.3025952779863985,5,0.0,0.0
mono-00000710,706.14,1.3044089785111055,-5,0.0004968565884138616,6.026396429033824
mono-00000710,706.14,1.3044089785111055,-4,0.00030176669433183744,5.421198107826868
mono-00000710,706.14,1.3044089785111055,-3,0.002607009599792674,4.7395950637905315
mono-00000710,706.14,1.3044089785111055,-2,0.04431810951209315,3.942152863072991
mono-00000710,706.14,1.3044089785111055,-1,0.25284920451607956,2.9359513536891484
mono-00000710,706.14,1.3044089785111055,0,0.3534676811671617,1.3044089785111055
mono-00000710,706.14,1.3044089785111055,1,0.0,0.0
mono-00000710,706.14,1.3044089785111055,2,0.0,0.0
mono-00000710,706.14,1.3044089785111055,3,0.0,0.0
mono-00000710,706.14,1.3044089785111055,4,0.0,0.0
mono-00000710,706.14,1.3044089785111055,5,0.0,0.0
mono-00000708,704.177,1.306224714731158,-5,0.0004935967085315119,6.034797833425515
mono-00000708,704.177,1.306224714731158,-4,0.0002923126041858696,5.428754416420489
mono-00000708,704.177,1.306224714731158,-3,0.0026372020817639844,4.74620008113547
mono-00000708,704.177,1.306224714731158,-2,0.04395432222196789,3.9476454887552137
mono-00000708,704.177,1.306224714731158,-1,0.25273822757185105,2.940041075606686
mono-00000708,704.177,1.306224714731158,0,0.3537758940623767,1.3062247147309023
mono-00000708,704.177,1.306224714731158,1,0.0,0.0
mono-00000708,704.177,1.306224714731158,2,0.0,0.0
mono-00000708,704.177,1.306224714731158,3,0.0,0.0
mono-00000708,704.177,1.306224714731158,4,0.0,0.0
mono-00000708,704.177,1.306224714731158,5,0.0,0.0
mono-00000711,707.134,1.3034924312871254,-5,0.0004984900508472855,6.022155588708827
mono-00000711,707.134,1.3034924312871254,-4,0.000306621393920853,5.417383850684857
mono-00000711,707.134,1.3034924312871254,-3,0.0025916764854139684,4.736260995420736
mono-00000711,707.134,1.3034924312871254,-2,0.0445023792514338,3.939380303969088
mono-00000711,707.134,1.3034924312871254,-1,0.25290363290792217,2.9338869486627743
mono-00000711,707.134,1.3034924312871254,0,0.3533112535087382,1.3034924312871539
mono-00000711,707.134,1.3034924312871254,1,0.0,0.0
mono-00000711,707.134,1.3034924312871254,2,0.0,0.0
mono-00000711,707.134,1.3034924312871254,3,0.0,0.0
mono-00000711,707.134,1.3034924312871254,4,0.0,0.0
mono-00000711,707.134,1.3034924312871254,5,0.0,0.0
mono-00000716,712.064,1.298974961507895,-5,0.0005064272194104753,6.001253569389448
mono-00000716,712.064,1.298974961507895,-4,0.000331396807237121,5.398584329412998
mono-00000716,712.064,1.298974961507895,-3,0.0025151952263420055,4.7198281854494155
mono-00000716,712.064,1.298974961507895,-2,0.045418567118608325,3.925715019332074
mono-00000716,712.064,1.298974961507895,-1,0.25316437346835635,2.9237119722675544
mono-00000716,712.064,1.298974961507895,0,0.35254266671239837,1.298974961507895
mono-00000716,712.064,1.298974961507895,1,0.0,0.0
mono-00000716,712.064,1.298974961507895,2,0.0,0.0
mono-00000716,712.064,1.298974961507895,3,0.0,0.0
mono-00000716,712.064,1.298974961507895,4,0.0,0.0
mono-00000716,712.064,1.298974961507895,5,0.0,0.0
mono-00000718,714.027,1.2971892494546609,-5,0.0005095106306289834,5.992991293573823
mono-00000718,714.027,1.2971892494546609,-4,0.0003415818155546352,5.391153131794752
mono-00000718,714.027,1.2971892494546609,-3,0.002484564920036969,4.7133325081142345
mono-00000718,714.027,1.2971892494546609,-2,0.04578440580850947,3.9203133012427998
mono-00000718,714.027,1.2971892494546609,-1,0.2532640556196238,2.91968992308756
mono-00000718,714.027,1.2971892494546609,0,0.352239894780588,1.2971892494543056
mono-00000718,714.027,1.2971892494546609,1,0.0,0.0
mono-00000718,714.027,1.2971892494546609,2,0.0,0.0
mono-00000718,714.027,1.2971892494546609,3,0.0,0.0
mono-00000718,714.027,1.2971892494546609,4,0.0,0.0
mono-00000718,714.027,1.2971892494546609,5,0.0,0.0
mono-00000721,716.983,1.2945140607563133,-5,0.0005140491947389567,5.980613611035309
mono-00000721,716.983,1.2945140607563133,-4,0.000357222108368231,5.380020473761789
mono-00000721,716.983,1.2945140607563133,-3,0.0024382456278023512,4.703601341274904
mono-00000721,716.983,1.2945140607563133,-2,0.04633407367777314,3.912220985320502
mono-00000721,716.983,1.2945140607563133,-1,0.2533995800702357,2.913664482498362
mono-00000721,716.983,1.2945140607563133,0,0.3517763052612512,1.2945140607562848
mono-00000721,716.983,1.2945140607563133,1,0.0,0.0
mono-00000721,716.983,1.2945140607563133,2,0.0,0.0
mono-00000721,716.983,1.2945140607563133,3,0.0,0.0
mono-00000721,716.983,1.2945140607563133,4,0.0,0.0
mono-00000721,716.983,1.2945140607563133,5,0.0,0.0
mono-00000713,709.104,1.3016816287062767,-5,0.0005016926026367461,6.013777091539254
mono-00000713,709.104,1.3016816287062767,-4,0.00031638707896964685,5.409848136386117
mono-00000713,709.104,1.3016816287062767,-3,0.002561172915028091,4.729673971903196
mono-00000713,709.104,1.3016816287062767,-2,0.0448680811871944,3.9339026348432355
mono-00000713,709.104,1.3016816287062767,-1,0.25300996586579655,2.929808357175233
mono-00000713,709.104,1.3016816287062767,0,0.3530038973065189,1.3016816287059214
mono-00000713,709.104,1.3016816287062767,1,0.0,0.0
mono-00000713,709.104,1.3016816287062767,2,0.0,0.0
mono-00000713,709.104,1.3016816287062767,3,0.0,0.0
mono-00000713,709.104,1.3016816287062767,4,0.0,0.0
mono-00000713,709.104,1.3016816287062767,5,0.0,0.0
mono-00000717,713.039,1.2980870972734806,-5,0.0005079647265482071,5.997145521541697
mono-00000717,713.039,1.2980870972734806,-4,0.0003364321550491611,5.394889498800026
mono-00000717,713.039,1.2980870972734806,-3,0.0024999980104888214,4.716598501074941
mono-00000717,713.039,1.2980870972734806,-2,0.04560019768293823,3.9230292577013017
mono-00000717,713.039,1.2980870972734806,-1,0.2532141324047282,2.921712189496432
mono-00000717,713.039,1.2980870972734806,0,0.35239184410320123,1.2980870972735943
mono-00000717,713.039,1.2980870972734806,1,0.0,0.0
mono-00000717,713.039,1.2980870972734806,2,0.0,0.0
mono-00000717,713.039,1.2980870972734806,3,0.0,0.0
mono-00000717,713.039,1.2980870972734806,4,0.0,0.0
mono-00000717,713.039,1.2980870972734806,5,0.0,0.0
mono-00000725,720.932,1.2909658934411965,-5,0.0005199373879377536,5.96419696781507
mono-00000725,720.932,1.2909658934411965,-4,0.00037873157330828473,5.365255099631469
mono-00000725,720.932,1.2909658934411965,-3,0.0023760522475204213,4.6906947640150065
mono-00000725,720.932,1.2909658934411965,-2,0.04706921060010112,3.901488022922976
mono-00000725,720.932,1.2909658934411965,-1,0.2535681001121559,2.905672835206346
mono-00000725,720.932,1.2909658934411965,0,0.35115984952438367,1.2909658934411823
mono-00000725,720.932,1.2909658934411965,1,0.0,0.0
mono-00000725,720.932,1.2909658934411965,2,0.0,0.0
mono-00000725,720.932,1.2909658934411965,3,0.0,0.0
mono-00000725,720.932,1.2909658934411965,4,0.0,0.0
mono-00000725,720.932,1.2909658934411965,5,0.0,0.0
mono-00000715,711.069,1.2998829192394936,-5,0.0005048460520459715,6.0054546006129215
mono-00000715,711.069,1.2998829192394936,-4,0.0003263059495387629,5.402362789031287
mono-00000715,711.069,1.2998829192394936,-3,0.002530669694548736,4.723130969405361
mono-00000715,711.069,1.2998829192394936,-2,0.04523336939794259,3.928461568460932
mono-00000715,711.069,1.2998829192394936,-1,0.253113083842616,2.9257570156266866
mono-00000715,711.069,1.2998829192394936,0,0.3526974719176018,1.2998829192395789
mono-00000715,711.069,1.2998829192394936,1,0.0,0.0
mono-00000715,711.069,1.2998829192394936,2,0.0,0.0
mono-00000715,711.069,1.2998829192394936,3,0.0,0.0
mono-00000715,711.069,1.2998829192394936,4,0.0,0.0
mono-00000715,711.069,1.2998829192394936,5,0.0,0.0
mono-00000724,719.932,1.2918616318205522,-5,0.0005184589326235572,5.968341346892117
mono-00000724,719.932,1.2918616318205522,-4,0.00037321792319241776,5.368982618149261
mono-00000724,719.932,1.2918616318205522,-3,0.002391795740646853,4.693953031137852
mono-00000724,719.932,1.2918616318205522,-2,0.046882613520202635,3.9041975623128735
mono-00000724,719.932,1.2918616318205522,-1,0.2535253688480213,2.9076903302487125
mono-00000724,719.932,1.2918616318205522,0,0.3513152423643113,1.2918616318205522
mono-00000724,719.932,1.2918616318205522,1,0.0,0.0
mono-00000724,719.932,1.2918616318205522,2,0.0,0.0
mono-00000724,719.932,1.2918616318205522,3,0.0,0.0
mono-00000724,719.932,1.2918616318205522,4,0.0,0.0
mono-00000724,719.932,1.2918616318205522,5,0.0,0.0
mono-00000720,716.0,1.295401840985818,-5,0.0005125542622395428,5.984721219602051
mono-00000720,716.0,1.295401840985818,-4,0.0003519819633700531,5.383714914827422
mono-00000720,716.0,1.295401840985818,-3,0.0024536724899423545,4.706830690104994
mono-00000720,716.0,1.295401840985818,-2,0.04615150271758006,3.9149064722689673
mono-00000720,716.0,1.295401840985818,-1,0.25335666669797063,2.9156640645636713
mono-00000720,716.0,1.295401840985818,0,0.3519317608649694,1.2954018409859032
mono-00000720,716.0,1.295401840985818,1,0.0,0.0
mono-00000720,716.0,1.295401840985818,2,0.0,0.0
mono-00000720,716.0,1.295401840985818,3,0.0,0.0
mono-00000720,716.0,1.295401840985818,4,0.0,0.0
mono-00000720,716.0,1.295401840985818,5,0.0,0.0
mono-00000727,722.892,1.2892156376308463,-5,0.0005228000062993226,5.956098966435974
mono-00000727,722.892,1.2892156376308463,-4,0.0003896730869867784,5.3579716281538055
mono-00000727,722.892,1.2892156376308463,-3,0.0023451419920395167,4.684328193605907
mono-00000727,722.892,1.2892156376308463,-2,0.047435446096680475,3.8961936492717797
mono-00000727,722.892,1.2892156376308463,-1,0.2536507286690789,2.9017306964976655
mono-00000727,722.892,1.2892156376308463,0,0.35085751353880024,1.2892156376308321
mono-00000727,722.892,1.2892156376308463,1,0.0,0.0
mono-00000727,722.892,1.2892156376308463,2,0.0,0.0
mono-00000727,722.892,1.2892156376308463,3,0.0,0.0
mono-00000727,722.892,1.2892156376308463,4,0.0,0.0
mono-00000727,722.892,1.2892156376308463,5,0.0,0.0
mono-00000719,715.015,1.2962932621042285,-5,0.0005110438328454946,5.988845686581158
mono-00000719,715.015,1.2962932621042285,-4,0.0003467773117895032,5.387424517201438
mono-00000719,715.015,1.2962932621042285,-3,0.0024691006925303166,4.710073290350962
mono-00000719,715.015,1.2962932621042285,-2,0.04596869403899777,3.917602977845789
mono-00000719,715.015,1.2962932621042285,-1,0.2533131346447287,2.9176718500165606
mono-00000719,715.015,1.2962932621042285,0,0.3520883825847758,1.296293262104271
mono-00000719,715.015,1.2962932621042285,1,0.0,0.0
mono-00000719,715.015,1.2962932621042285,2,0.0,0.0
mono-00000719,715.015,1.2962932621042285,3,0.0,0.0
mono-00000719,715.015,1.2962932621042285,4,0.0,0.0
mono-00000719,715.015,1.2962932621042285,5,0.0,0.0
mono-00000722,717.965,1.2936290036550133,-5,0.0005155301025291148,5.9765186144135924
mono-00000722,717.965,1.2936290036550133,-4,0.0003625027466847837,5.376337374687722
mono-00000722,717.965,1.2936290036550133,-3,0.0024228054322995005,4.700381905370804
mono-00000722,717.965,1.2936290036550133,-2,0.0465165907750509,3.9095437407654288
mono-00000722,717.965,1.2936290036550133,-1,0.25344192589170306,2.9116710366796212
mono-00000722,717.965,1.2936290036550133,0,0.3516218582632496,1.2936290036551128
mono-00000722,717.965,1.2936290036550133,1,0.0,0.0
mono-00000722,717.965,1.2936290036550133,2,0.0,0.0
mono-00000722,717.965,1.2936290036550133,3,0.0,0.0
mono-00000722,717.965,1.2936290036550133,4,0.0,0.0
mono-00000722,717.965,1.2936290036550133,5,0.0,0.0
mono-00000723,718.954,1.2927394698643013,-5,0.0005170089969878636,5.972402917531497
mono-00000723,718.954,1.2927394698643013,-4,0.0003678673642157562,5.372635656123592
mono-00000723,718.954,1.2927394698643013,-3,0.0024072272851218953,4.697146192741656
mono-00000723,718.954,1.2927394698643013,-2,0.04670055414272558,3.906852959599547
mono-00000723,718.954,1.2927394698643013,-1,0.25348410894343754,2.9096675107065977
mono-00000723,718.954,1.2927394698643013,0,0.3514672330440764,1.2927394698645855
mono-00000723,718.954,1.2927394698643013,1,0.0,0.0
mono-00000723,718.954,1.2927394698643013,2,0.0,0.0
mono-00000723,718.954,1.2927394698643013,3,0.0,0.0
mono-00000723,718.954,1.2927394698643013,4,0.0,0.0
mono-00000723,718.954,1.2927394698643013,5,0.0,0.0
mono-00000729,724.86,1.2874653809720087,-5,0.0005256222981486645,5.948001009709756
mono-00000729,724.86,1.2874653809720087,-4,0.000400839856020717,5.350688191511551
mono-00000729,724.86,1.2874653809720087,-3,0.002314009731462767,4.6779616488827145
mono-00000729,724.86,1.2874653809720087,-2,0.04780368674438931,3.8908992928026436
mono-00000729,724.86,1.2874653809720087,-1,0.25373169608205626,2.897788566916148
mono-00000729,724.86,1.2874653809720087,0,0.3505573809896884,1.2874653809720513
mono-00000729,724.86,1.2874653809720087,1,0.0,0.0
mono-00000729,724.86,1.2874653809720087,2,0.0,0.0
mono-00000729,724.86,1.2874653809720087,3,0.0,0.0
mono-00000729,724.86,1.2874653809720087,4,0.0,0.0
mono-00000729,724.86,1.2874653809720087,5,0.0,0.0
mono-00000728,723.883,1.2883333921782025,-5,0.0005242277555202719,5.95201705303127
mono-00000728,723.883,1.2883333921782025,-4,0.0003952736403918137,5.3543002881750255
mono-00000728,723.883,1.2883333921782025,-3,0.002329476682264236,4.681119029171214
mono-00000728,723.883,1.2883333921782025,-2,0.047620812892111605,3.893524939963754
mono-00000728,723.883,1.2883333921782025,-1,0.2536917480893906,2.8997436003237738
mono-00000728,723.883,1.2883333921782025,0,0.35070594686435375,1.2883333921783162
mono-00000728,723.883,1.2883333921782025,1,0.0,0.0
mono-00000728,723.883,1.2883333921782025,2,0.0,0.0
mono-00000728,723.883,1.2883333921782025,3,0.0,0.0
mono-00000728,723.883,1.2883333921782025,4,0.0,0.0
mono-00000728,723.883,1.2883333921782025,5,0.0,0.0
mono-00000726,721.907,1.2900943400337894,-5,0.000521367805860843,5.960164499367636
mono-00000726,721.907,1.2900943400337894,-4,0.00038415191397464906,5.361628233920825
mono-00000726,721.907,1.2900943400337894,-3,0.0023606883240628344,4.687524477477652
mono-00000726,721.907,1.2900943400337894,-2,0.047251330087270796,3.89885164617624
mono-00000726,721.907,1.2900943400337894,-1,0.25360945442466964,2.903709815389348
mono-00000726,721.907,1.2900943400337894,0,0.35100902803266004,1.2900943400337326
mono-00000726,721.907,1.2900943400337894,1,0.0,0.0
mono-00000726,721.907,1.2900943400337894,2,0.0,0.0
mono-00000726,721.907,1.2900943400337894,3,0.0,0.0
mono-00000726,721.907,1.2900943400337894,4,0.0,0.0
mono-00000726,721.907,1.2900943400337894,5,0.0,0.0
mono-00000731,726.834,1.28571692987218,-5,0.0005284008095797989,5.939911455245664
mono-00000731,726.834,1.28571692987218,-4,0.0004121684921669381,5.343412306692969
mono-00000731,726.834,1.28571692987218,-3,0.002282815004501476,4.671601700554632
mono-00000731,726.834,1.28571692987218,-2,0.04817176449046568,3.885610417665518
mono-00000731,726.834,1.28571692987218,-1,0.25380261633505424,2.893850515028504
mono-00000731,726.834,1.28571692987218,0,0.35024609394387873,1.2857169298722226
mono-00000731,726.834,1.28571692987218,1,0.0,0.0
mono-00000731,726.834,1.28571692987218,2,0.0,0.0
mono-00000731,726.834,1.28571692987218,3,0.0,0.0
mono-00000731,726.834,1.28571692987218,4,0.0,0.0
mono-00000731,726.834,1.28571692987218,5,0.0,0.0
mono-00000740,735.706,1.2779456735985661,-5,0.0005402735293216865,5.90395678672769
mono-00000740,735.706,1.2779456735985661,-4,0.0004651582819475331,5.311073993629606
mono-00000740,735.706,1.2779456735985661,-3,0.0021422412519072434,4.643334290889442
mono-00000740,735.706,1.2779456735985661,-2,0.04983070922307722,3.862103446865518
mono-00000740,735.706,1.2779456735985661,-1,0.25409064932369635,2.8763473784497506
mono-00000740,735.706,1.2779456735985661,0,0.348864326655847,1.2779456735986372
mono-00000740,735.706,1.2779456735985661,1,0.0,0.0
mono-00000740,735.706,1.2779456735985661,2,0.0,0.0
mono-00000740,735.706,1.2779456735985661,3,0.0,0.0
mono-00000740,735.706,1.2779456735985661,4,0.0,0.0
mono-00000740,735.706,1.2779456735985661,5,0.0,0.0
mono-00000744,739.638,1.2745462898333102,-5,0.0005452341170614664,5.888229420346448
mono-00000744,739.638,1.2745462898333102,-4,0.0004896833435449184,5.296928468268646
mono-00000744,739.638,1.2745462898333102,-3,0.0020800482888678547,4.630969443439497
mono-00000744,739.638,1.2745462898333102,-2,0.05056877294268159,3.851820904611003
mono-00000744,739.638,1.2745462898333102,-1,0.2542040408158692,2.8686910422471072
mono-00000744,739.638,1.2745462898333102,0,0.34825592515261866,1.2745462898332107
mono-00000744,739.638,1.2745462898333102,1,0.0,0.0
mono-00000744,739.638,1.2745462898333102,2,0.0,0.0
mono-00000744,739.638,1.2745462898333102,3,0.0,0.0
mono-00000744,739.638,1.2745462898333102,4,0.0,0.0
mono-00000744,739.638,1.2745462898333102,5,0.0,0.0
mono-00000730,725.846,1.2865911501218648,-5,0.0005270168197864912,5.943956201907994
mono-00000730,725.846,1.2865911501218648,-4,0.00040648396598186987,5.347050222270312
mono-00000730,725.846,1.2865911501218648,-3,0.00229842118575786,4.6747816518576
mono-00000730,725.846,1.2865911501218648,-2,0.04798775256249446,3.8882548367431014
mono-00000730,725.846,1.2865911501218648,-1,0.2537686357651985,2.8958195276604357
mono-00000730,725.846,1.2865911501218648,0,0.35040352267288727,1.2865911501219358
mono-00000730,725.846,1.2865911501218648,1,0.0,0.0
mono-00000730,725.846,1.2865911501218648,2,0.0,0.0
mono-00000730,725.846,1.2865911501218648,3,0.0,0.0
mono-00000730,725.846,1.2865911501218648,4,0.0,0.0
mono-00000730,725.846,1.2865911501218648,5,0.0,0.0
mono-00000737,732.743,1.2805253626383148,-5,0.0005364179402443266,5.915891928342859
mono-00000737,732.743,1.2805253626383148,-4,0.0004470759336904843,5.321808698688059
mono-00000737,732.743,1.2805253626383148,-3,0.0021892398819227635,4.6527176696583865
mono-00000737,732.743,1.2805253626383148,-2,0.04927525462823593,3.869906604987108
mono-00000737,732.743,1.2805253626383148,-1,0.253997391101078,2.8821575668725927
mono-00000737,732.743,1.2805253626383148,0,0.349319547843392,1.280525362638258
mono-00000737,732.743,1.2805253626383148,1,0.0,0.0
mono-00000737,732.743,1.2805253626383148,2,0.0,0.0
mono-00000737,732.743,1.2805253626383148,3,0.0,0.0
mono-00000737,732.743,1.2805253626383148,4,0.0,0.0
mono-00000737,732.743,1.2805253626383148,5,0.0,0.0
mono-00000735,730.776,1.2822465530216078,-5,0.0005337892286650411,5.923855214227814
mono-00000735,730.776,1.2822465530216078,-4,0.00043528686844831316,5.32897103088041
mono-00000735,730.776,1.2822465530216078,-3,0.002220367502379359,4.658978373991516
mono-00000735,730.776,1.2822465530216078,-2,0.04890700794212282,3.8751129618904088
mono-00000735,730.776,1.2822465530216078,-1,0.2539329418343517,2.88603418705722
mono-00000735,730.776,1.2822465530216078,0,0.3496258972149811,1.2822465530217215
mono-00000735,730.776,1.2822465530216078,1,0.0,0.0
mono-00000735,730.776,1.2822465530216078,2,0.0,0.0
mono-00000735,730.776,1.2822465530216078,3,0.0,0.0
mono-00000735,730.776,1.2822465530216078,4,0.0,0.0
mono-00000735,730.776,1.2822465530216078,5,0.0,0.0
mono-00000739,734.716,1.2788058662953716,-5,0.0005389993515357604,5.907936526720022
mono-00000739,734.716,1.2788058662953716,-4,0.0004590735016914328,5.31465345264462
mono-00000739,734.716,1.2788058662953716,-3,0.002157957908761918,4.646463154867703
mono-00000739,734.716,1.2788058662953716,-2,0.04964502166949599,3.8647053912561375
mono-00000739,734.716,1.2788058662953716,-1,0.25405999118322703,2.878284772744692
mono-00000739,734.716,1.2788058662953716,0,0.34901557837167596,1.2788058662953574
mono-00000739,734.716,1.2788058662953716,1,0.0,0.0
mono-00000739,734.716,1.2788058662953716,2,0.0,0.0
mono-00000739,734.716,1.2788058662953716,3,0.0,0.0
mono-00000739,734.716,1.2788058662953716,4,0.0,0.0
mono-00000739,734.716,1.2788058662953716,5,0.0,0.0
mono-00000741,736.69,1.2770924119761418,-5,0.0005415337652364922,5.900009125311826
mono-00000741,736.69,1.2770924119761418,-4,0.0004712364878858633,5.3075233854784045
mono-00000741,736.69,1.2770924119761418,-3,0.0021266742294146273,4.640230644798848
mono-00000741,736.69,1.2770924119761418,-2,0.05001530138568724,3.8595224725297754
mono-00000741,736.69,1.2770924119761418,-1,0.25411998354512116,2.8744255974815616
mono-00000741,736.69,1.2770924119761418,0,0.3487117506638287,1.2770924119761702
mono-00000741,736.69,1.2770924119761418,1,0.0,0.0
mono-00000741,736.69,1.2770924119761418,2,0.0,0.0
mono-00000741,736.69,1.2770924119761418,3,0.0,0.0
mono-00000741,736.69,1.2770924119761418,4,0.0,0.0
mono-00000741,736.69,1.2770924119761418,5,0.0,0.0
mono-00000732,727.821,1.2848453714029517,-5,0.0005297698325011058,5.935879035849126
mono-00000732,727.821,1.2848453714029517,-4,0.0004178913756057269,5.339785477154123
mono-00000732,727.821,1.2848453714029517,-3,0.0022672040493394614,4.668431438528188
mono-00000732,727.821,1.2848453714029517,-2,0.04835568682769702,3.882974055068871
mono-00000732,727.821,1.2848453714029517,-1,0.2538359913171343,2.891887500277676
mono-00000732,727.821,1.2848453714029517,0,0.35008962066671506,1.284845371402895
mono-00000732,727.821,1.2848453714029517,1,0.0,0.0
mono-00000732,727.821,1.2848453714029517,2,0.0,0.0
mono-00000732,727.821,1.2848453714029517,3,0.0,0.0
mono-00000732,727.821,1.2848453714029517,4,0.0,0.0
mono-00000732,727.821,1.2848453714029517,5,0.0,0.0
mono-00000733,728.798,1.283984386552845,-5,0.000531111650036173,5.931895548958337
mono-00000733,728.798,1.283984386552845,-4,0.0004235995852905523,5.3362026570867584
mono-00000733,728.798,1.283984386552845,-3,0.0022517323892087835,4.665299644635539
mono-00000733,728.798,1.283984386552845,-2,0.0485378456692666,3.880369681227222
mono-00000733,728.798,1.283984386552845,-1,0.2538684967655724,2.8899483032114546
mono-00000733,728.798,1.283984386552845,0,0.34993553838041547,1.283984386552902
mono-00000733,728.798,1.283984386552845,1,0.0,0.0
mono-00000733,728.798,1.283984386552845,2,0.0,0.0
mono-00000733,728.798,1.283984386552845,3,0.0,0.0
mono-00000733,728.798,1.283984386552845,4,0.0,0.0
mono-00000733,728.798,1.283984386552845,5,0.0,0.0
mono-00000734,729.787,1.283114587151502,-5,0.0005324563399471703,5.9278712919951175
mono-00000734,729.787,1.283114587151502,-4,0.00042942162836290477,5.332583166376423
mono-00000734,729.787,1.283114587151502,-3,0.002236052489281599,4.662135795247451
mono-00000734,729.787,1.283114587151502,-2,0.04872234176282838,3.8777386492789248
mono-00000734,729.787,1.283114587151502,-1,0.2539008676956686,2.887989255823314
mono-00000734,729.787,1.283114587151502,0,0.34978038411964846,1.283114587151502
mono-00000734,729.787,1.283114587151502,1,0.0,0.0
mono-00000734,729.787,1.283114587151502,2,0.0,0.0
mono-00000734,729.787,1.283114587151502,3,0.0,0.0
mono-00000734,729.787,1.283114587151502,4,0.0,0.0
mono-00000734,729.787,1.283114587151502,5,0.0,0.0
mono-00000745,740.629,1.2736937990998456,-5,0.0005464494146883564,5.884285370956746
mono-00000745,740.629,1.2736937990998456,-4,0.0004959682381978741,5.293381103863737
mono-00000745,740.629,1.2736937990998456,-3,0.0020643562219268604,4.627868628303105
mono-00000745,740.629,1.2736937990998456,-2,0.05075499690706427,3.8492422805701807
mono-00000745,740.629,1.2736937990998456,-1,0.2542312621644049,2.8667710078655233
mono-00000745,740.629,1.2736937990998456,0,0.3481043055213578,1.2736937990997461
mono-00000745,740.629,1.2736937990998456,1,0.0,0.0
mono-00000745,740.629,1.2736937990998456,2,0.0,0.0
mono-00000745,740.629,1.2736937990998456,3,0.0,0.0
mono-00000745,740.629,1.2736937990998456,4,0.0,0.0
mono-00000745,740.629,1.2736937990998456,5,0.0,0.0
mono-00000742,737.675,1.2762399926616297,-5,0.0005427842315125635,5.89606537229794
mono-00000742,737.675,1.2762399926616297,-4,0.0004773583426869497,5.303976291372862
mono-00000742,737.675,1.2762399926616297,-3,0.0021111053207723543,4.6371300692746615
mono-00000742,737.675,1.2762399926616297,-2,0.05020014494155116,3.8569440506774697
mono-00000742,737.675,1.2762399926616297,-1,0.2541485865371547,2.8725057162183845
mono-00000742,737.675,1.2762399926616297,0,0.3485586541488398,1.2762399926615302
mono-00000742,737.675,1.2762399926616297,1,0.0,0.0
mono-00000742,737.675,1.2762399926616297,2,0.0,0.0
mono-00000742,737.675,1.2762399926616297,3,0.0,0.0
mono-00000742,737.675,1.2762399926616297,4,0.0,0.0
mono-00000742,737.675,1.2762399926616297,5,0.0,0.0
mono-00000738,733.723,1.2796704128995344,-5,0.0005377071070930887,5.911936422087578
mono-00000738,733.723,1.2796704128995344,-4,0.0004530136219618766,5.318251038528103
mono-00000738,733.723,1.2796704128995344,-3,0.002173708994723966,4.6496078626896065
mono-00000738,733.723,1.2796704128995344,-2,0.04945886861478887,3.867320510282852
mono-00000738,733.723,1.2796704128995344,-1,0.2540287283468061,2.8802319759203385
mono-00000738,733.723,1.2796704128995344,0,0.34916813282672776,1.279670412899577
mono-00000738,733.723,1.2796704128995344,1,0.0,0.0
mono-00000738,733.723,1.2796704128995344,2,0.0,0.0
mono-00000738,733.723,1.2796704128995344,3,0.0,0.0
mono-00000738,733.723,1.2796704128995344,4,0.0,0.0
mono-00000738,733.723,1.2796704128995344,5,0.0,0.0
mono-00000736,731.764,1.2813811532235064,-5,0.0005351164373314032,5.9198513363835445
mono-00000736,731.764,1.2813811532235064,-4,0.0004411868358851595,5.325369866926465
mono-00000736,731.764,1.2813811532235064,-3,0.0022047403058366014,4.655830541963397
mono-00000736,731.764,1.2813811532235064,-2,0.04909192443645921,3.872495247812992
mono-00000736,731.764,1.2813811532235064,-1,0.25396557425627664,2.8840850542709546
mono-00000736,731.764,1.2813811532235064,0,0.34947161627141643,1.2813811532235206
mono-00000736,731.764,1.2813811532235064,1,0.0,0.0
mono-00000736,731.764,1.2813811532235064,2,0.0,0.0
mono-00000736,731.764,1.2813811532235064,3,0.0,0.0
mono-00000736,731.764,1.2813811532235064,4,0.0,0.0
mono-00000736,731.764,1.2813811532235064,5,0.0,0.0
mono-00000743,738.647,1.275400494591608,-5,0.0005440043642875034,5.8921814111002675
mono-00000743,738.647,1.275400494591608,-4,0.00048344048527116447,5.300482974057559
mono-00000743,738.647,1.275400494591608,-3,0.0020957317732470714,4.634076499867859
mono-00000743,738.647,1.275400494591608,-2,0.050382633047720816,3.854404717899669
mono-00000743,738.647,1.275400494591608,-1,0.2541763015559546,2.870614939662147
mono-00000743,738.647,1.275400494591608,0,0.3484083579217854,1.2754004945917359
mono-00000743,738.647,1.275400494591608,1,0.0,0.0
mono-00000743,738.647,1.275400494591608,2,0.0,0.0
mono-00000743,738.647,1.275400494591608,3,0.0,0.0
mono-00000743,738.647,1.275400494591608,4,0.0,0.0
mono-00000743,738.647,1.275400494591608,5,0.0,0.0
mono-00000746,741.61,1.2728515932435727,-5,0.0005476403226303752,5.880388915742415
mono-00000746,741.61,1.2728515932435727,-4,0.0005022297773281365,5.289876545477185
mono-00000746,741.61,1.2728515932435727,-3,0.0020488285038287937,4.6248052295821225
mono-00000746,741.61,1.2728515932435727,-2,0.050939479975763716,3.8466947708920998
mono-00000746,741.61,1.2728515932435727,-1,0.25425785560651193,2.8648741402849964
mono-00000746,741.61,1.2728515932435727,0,0.34795469867678686,1.2728515932434732
mono-00000746,741.61,1.2728515932435727,1,0.0,0.0
mono-00000746,741.61,1.2728515932435727,2,0.0,0.0
mono-00000746,741.61,1.2728515932435727,3,0.0,0.0
mono-00000746,741.61,1.2728515932435727,4,0.0,0.0
mono-00000746,741.61,1.2728515932435727,5,0.0,0.0
mono-00000749,744.564,1.270325586141297,-5,0.0005511693745041021,5.868702440975241
mono-00000749,744.564,1.270325586141297,-4,0.0005213161630757705,5.279365463137893
mono-00000749,744.564,1.270325586141297,-3,0.002002211984168807,4.615617293323382
mono-00000749,744.564,1.270325586141297,-2,0.05149626707945018,3.839054115459845
mono-00000749,744.564,1.270325586141297,-1,0.2543370680674559,2.859184927597383
mono-00000749,744.564,1.270325586141297,0,0.34750492405643596,1.270325586141169
mono-00000749,744.564,1.270325586141297,1,0.0,0.0
mono-00000749,744.564,1.270325586141297,2,0.0,0.0
mono-00000749,744.564,1.270325586141297,3,0.0,0.0
mono-00000749,744.564,1.270325586141297,4,0.0,0.0
mono-00000749,744.564,1.270325586141297,5,0.0,0.0
mono-00000762,757.378,1.259539690908511,-5,0.0005651274858260081,5.818803030375705
mono-00000762,757.378,1.259539690908511,-4,0.0006080651685870753,5.234484670795823
mono-00000762,757.378,1.259539690908511,-3,0.0018011052957639536,4.5763860324938435
mono-00000762,757.378,1.259539690908511,-2,0.05392018790790223,3.806429440878105
mono-00000762,757.378,1.259539690908511,-1,0.25462619618653154,2.8348925930424684
mono-00000762,757.378,1.259539690908511,0,0.34558712608498576,1.2595396909081842
mono-00000762,757.378,1.259539690908511,1,0.0,0.0
mono-00000762,757.378,1.259539690908511,2,0.0,0.0
mono-00000762,757.378,1.259539690908511,3,0.0,0.0
mono-00000762,757.378,1.259539690908511,4,0.0,0.0
mono-00000762,757.378,1.259539690908511,5,0.0,0.0
mono-00000751,746.542,1.268642552721687,-5,0.0005534593929165008,5.860916006904546
mono-00000751,746.542,1.268642552721687,-4,0.0005343007252407206,5.272362160415
mono-00000751,746.542,1.268642552721687,-3,0.00197097510381022,4.609495568272081
mono-00000751,746.542,1.268642552721687,-2,0.051869485156783884,3.833963305707911
mono-00000751,746.542,1.268642552721687,-1,0.2543875968437646,2.855394319368685
mono-00000751,746.542,1.268642552721687,0,0.34720776862363956,1.2686425527216016
mono-00000751,746.542,1.268642552721687,1,0.0,0.0
mono-00000751,746.542,1.268642552721687,2,0.0,0.0
mono-00000751,746.542,1.268642552721687,3,0.0,0.0
mono-00000751,746.542,1.268642552721687,4,0.0,0.0
mono-00000751,746.542,1.268642552721687,5,0.0,0.0
mono-00000755,750.474,1.265316677404087,-5,0.0005578769627500896,5.845529211856601
mono-00000755,750.474,1.265316677404087,-4,0.0005605408210126162,5.258522899264349
mono-00000755,750.474,1.265316677404087,-3,0.0019091545460362953,4.597398384379986
mono-00000755,750.474,1.265316677404087,-2,0.05261231084175221,3.823903309611154
mono-00000755,750.474,1.265316677404087,-1,0.254480488927282,2.8479036536879363
mono-00000755,750.474,1.265316677404087,0,0.34661387557206597,1.2653166774040159
mono-00000755,750.474,1.265316677404087,1,0.0,0.0
mono-00000755,750.474,1.265316677404087,2,0.0,0.0
mono-00000755,750.474,1.265316677404087,3,0.0,0.0
mono-00000755,750.474,1.265316677404087,4,0.0,0.0
mono-00000755,750.474,1.265316677404087,5,0.0,0.0
mono-00000764,759.353,1.2579015929517965,-5,0.0005670877521389612,5.811224761102892
mono-00000764,759.353,1.2579015929517965,-4,0.0006219878621516848,5.227668566362254
mono-00000764,759.353,1.2579015929517965,-3,0.0017703816221257631,4.570427914280813
mono-00000764,759.353,1.2579015929517965,-2,0.05429523783576237,3.8014746625503903
mono-00000764,759.353,1.2579015929517965,-1,0.25466410752391144,2.831203252891214
mono-00000764,759.353,1.2579015929517965,0,0.34529599969403035,1.2579015929518533
mono-00000764,759.353,1.2579015929517965,1,0.0,0.0
mono-00000764,759.353,1.2579015929517965,2,0.0,0.0
mono-00000764,759.353,1.2579015929517965,3,0.0,0.0
mono-00000764,759.353,1.2579015929517965,4,0.0,0.0
mono-00000764,759.353,1.2579015929517965,5,0.0,0.0
mono-00000753,748.516,1.266969574404186,-5,0.0005557040378242574,5.853176135836463
mono-00000753,748.516,1.266969574404186,-4,0.0005473981475898714,5.2654007327550545
mono-00000753,748.516,1.266969574404186,-3,0.001939922870243854,4.603410442744163
mono-00000753,748.516,1.266969574404186,-2,0.052242265267932596,3.8289029282522904
mono-00000753,748.516,1.266969574404186,-1,0.254435309530377,2.851626367670306
mono-00000753,748.516,1.266969574404186,0,0.3469087913878241,1.2669695744040723
mono-00000753,748.516,1.266969574404186,1,0.0,0.0
mono-00000753,748.516,1.266969574404186,2,0.0,0.0
mono-00000753,748.516,1.266969574404186,3,0.0,0.0
mono-00000753,748.516,1.266969574404186,4,0.0,0.0
mono-00000753,748.516,1.266969574404186,5,0.0,0.0
mono-00000747,742.598,1.272005064121629,-5,0.0005488350825493263,5.876472470181028
mono-00000747,742.598,1.272005064121629,-4,0.0005085724767069223,5.286354006101519
mono-00000747,742.598,1.272005064121629,-3,0.002033242760991765,4.621726112251778
mono-00000747,742.598,1.272005064121629,-2,0.05112562312319933,3.844134188721256
mono-00000747,742.598,1.272005064121629,-1,0.2542848520558281,2.8629675381234563
mono-00000747,742.598,1.272005064121629,0,0.347803468475208,1.2720050641217
mono-00000747,742.598,1.272005064121629,1,0.0,0.0
mono-00000747,742.598,1.272005064121629,2,0.0,0.0
mono-00000747,742.598,1.272005064121629,3,0.0,0.0
mono-00000747,742.598,1.272005064121629,4,0.0,0.0
mono-00000747,742.598,1.272005064121629,5,0.0,0.0
mono-00000757,752.447,1.263657644291996,-5,0.0005600071147711913,5.837853942661241
mono-00000757,752.447,1.263657644291996,-4,0.0005739409542060945,5.251619566695737
mono-00000757,752.447,1.263657644291996,-3,0.0018781551288364507,4.591364032545215
mono-00000757,752.447,1.263657644291996,-2,0.052985465667244304,3.8188851480768875
mono-00000757,752.447,1.263657644291996,-1,0.25452408491600037,2.8441671294483086
mono-00000757,752.447,1.263657644291996,0,0.3463198971008443,1.2636576442919534
mono-00000757,752.447,1.263657644291996,1,0.0,0.0
mono-00000757,752.447,1.263657644291996,2,0.0,0.0
mono-00000757,752.447,1.263657644291996,3,0.0,0.0
mono-00000757,752.447,1.263657644291996,4,0.0,0.0
mono-00000757,752.447,1.263657644291996,5,0.0,0.0
mono-00000748,743.581,1.2711644930271007,-5,0.0005500094366216229,5.872583600375236
mono-00000748,743.581,1.2711644930271007,-4,0.0005149240165952542,5.282856267765823
mono-00000748,743.581,1.2711644930271007,-3,0.002017729903452188,4.618668672884866
mono-00000748,743.581,1.2711644930271007,-2,0.051310905814311455,3.8415916329077646
mono-00000748,743.581,1.2711644930271007,-1,0.2543112107832194,2.8610743574987936
mono-00000748,743.581,1.2711644930271007,0,0.34765380047861943,1.2711644930271717
mono-00000748,743.581,1.2711644930271007,1,0.0,0.0
mono-00000748,743.581,1.2711644930271007,2,0.0,0.0
mono-00000748,743.581,1.2711644930271007,3,0.0,0.0
mono-00000748,743.581,1.2711644930271007,4,0.0,0.0
mono-00000748,743.581,1.2711644930271007,5,0.0,0.0
mono-00000761,756.4,1.2603532331565646,-5,0.0005641416781126506,5.822566704881083
mono-00000761,756.4,1.2603532331565646,-4,0.0006012215232219457,5.237869821775561
mono-00000761,756.4,1.2603532331565646,-3,0.0018163741414150012,4.57934507157259
mono-00000761,756.4,1.2603532331565646,-2,0.053734674420605734,3.808890180034453
mono-00000761,756.4,1.2603532331565646,-1,0.25460689993110763,2.8367248643159115
mono-00000761,756.4,1.2603532331565646,0,0.34573097642676254,1.2603532331568061
mono-00000761,756.4,1.2603532331565646,1,0.0,0.0
mono-00000761,756.4,1.2603532331565646,2,0.0,0.0
mono-00000761,756.4,1.2603532331565646,3,0.0,0.0
mono-00000761,756.4,1.2603532331565646,4,0.0,0.0
mono-00000761,756.4,1.2603532331565646,5,0.0,0.0
mono-00000760,755.406,1.2611817023138627,-5,0.0005631244258673193,5.826399445995364
mono-00000760,755.406,1.2611817023138627,-4,0.0005943040967697637,5.241317091981841
mono-00000760,755.406,1.2611817023138627,-3,0.0018318993476508143,4.582358409475901
mono-00000760,755.406,1.2611817023138627,-2,0.05354618440212795,3.811396073228053
mono-00000760,755.406,1.2611817023138627,-1,0.25458680288034957,2.838590756579663
mono-00000760,755.406,1.2611817023138627,0,0.34587796849876096,1.2611817023139764
mono-00000760,755.406,1.2611817023138627,1,0.0,0.0
mono-00000760,755.406,1.2611817023138627,2,0.0,0.0
mono-00000760,755.406,1.2611817023138627,3,0.0,0.0
mono-00000760,755.406,1.2611817023138627,4,0.0,0.0
mono-00000760,755.406,1.2611817023138627,5,0.0,0.0
mono-00000750,745.552,1.2694840835708874,-5,0.0005523206041834062,5.864809283824783
mono-00000750,745.552,1.2694840835708874,-4,0.0005277815352043288,5.275863866244407
mono-00000750,745.552,1.2694840835708874,-3,0.0019866109624112876,4.612556478951362
mono-00000750,745.552,1.2694840835708874,-2,0.05168264900975499,3.8365087511038496
mono-00000750,745.552,1.2694840835708874,-1,0.2543625561306886,2.857289654071394
mono-00000750,745.552,1.2694840835708874,0,0.34735609194764083,1.2694840835708447
mono-00000750,745.552,1.2694840835708874,1,0.0,0.0
mono-00000750,745.552,1.2694840835708874,2,0.0,0.0
mono-00000750,745.552,1.2694840835708874,3,0.0,0.0
mono-00000750,745.552,1.2694840835708874,4,0.0,0.0
mono-00000750,745.552,1.2694840835708874,5,0.0,0.0
mono-00000758,753.432,1.2628318275174166,-5,0.000561058751042922,5.834033440498203
mono-00000758,753.432,1.2628318275174166,-4,0.0005806817343183438,5.248183308011193
mono-00000758,753.432,1.2628318275174166,-3,0.0018627469512104778,4.5883603231789465
mono-00000758,753.432,1.2628318275174166,-2,0.053172039229474215,3.8163872647099737
mono-00000758,753.432,1.2628318275174166,-1,0.2545454243354261,2.842307203711428
mono-00000758,753.432,1.2628318275174166,0,0.34617222361372146,1.2628318275174024
mono-00000758,753.432,1.2628318275174166,1,0.0,0.0
mono-00000758,753.432,1.2628318275174166,2,0.0,0.0
mono-00000758,753.432,1.2628318275174166,3,0.0,0.0
mono-00000758,753.432,1.2628318275174166,4,0.0,0.0
mono-00000758,753.432,1.2628318275174166,5,0.0,0.0
mono-00000752,747.522,1.267811168282364,-5,0.000554578647141238,5.857069682400365
mono-00000752,747.522,1.267811168282364,-4,0.0005407859934967546,5.268902683515634
mono-00000752,747.522,1.267811168282364,-3,0.001955542171040403,4.606471569676103
mono-00000752,747.522,1.267811168282364,-2,0.05205451516064661,3.831448555371921
mono-00000752,747.522,1.267811168282364,-1,0.2544116341583007,2.853521839341454
mono-00000752,747.522,1.267811168282364,0,0.3470597096973753,1.267811168282364
mono-00000752,747.522,1.267811168282364,1,0.0,0.0
mono-00000752,747.522,1.267811168282364,2,0.0,0.0
mono-00000752,747.522,1.267811168282364,3,0.0,0.0
mono-00000752,747.522,1.267811168282364,4,0.0,0.0
mono-00000752,747.522,1.267811168282364,5,0.0,0.0
mono-00000756,751.463,1.2644842424283809,-5,0.0005589522362178522,5.841678070275947
mono-00000756,751.463,1.2644842424283809,-4,0.0005672383383798666,5.255059085042049
mono-00000756,751.463,1.2644842424283809,-3,0.001893614491706628,4.594370590212733
mono-00000756,751.463,1.2644842424283809,-2,0.05279932862734213,3.8213853991772453
mono-00000756,751.463,1.2644842424283809,-1,0.2545025875913689,2.8460288174000397
mono-00000756,751.463,1.2644842424283809,0,0.34646611811383865,1.2644842424282956
mono-00000756,751.463,1.2644842424283809,1,0.0,0.0
mono-00000756,751.463,1.2644842424283809,2,0.0,0.0
mono-00000756,751.463,1.2644842424283809,3,0.0,0.0
mono-00000756,751.463,1.2644842424283809,4,0.0,0.0
mono-00000756,751.463,1.2644842424283809,5,0.0,0.0
mono-00000767,762.308,1.255462558113308,-5,0.0005699249290985052,5.79994122537974
mono-00000767,762.308,1.255462558113308,-4,0.0006430833238466974,5.217519834642559
mono-00000767,762.308,1.255462558113308,-3,0.0017245912833953102,4.561556660137569
mono-00000767,762.308,1.255462558113308,-2,0.05485705652038109,3.794097310238598
mono-00000767,762.308,1.255462558113308,-1,0.2547175358000525,2.825710052377943
mono-00000767,762.308,1.255462558113308,0,0.34486226524493857,1.2554625581134502
mono-00000767,762.308,1.255462558113308,1,0.0,0.0
mono-00000767,762.308,1.255462558113308,2,0.0,0.0
mono-00000767,762.308,1.255462558113308,3,0.0,0.0
mono-00000767,762.308,1.255462558113308,4,0.0,0.0
mono-00000767,762.308,1.255462558113308,5,0.0,0.0
mono-00000766,761.322,1.2562748172332334,-5,0.0005689935708675799,5.8036989125405825
mono-00000766,761.322,1.2562748172332334,-4,0.0006360076660896954,5.220899606058552
mono-00000766,761.322,1.2562748172332334,-3,0.0017398597302419052,4.564511001839165
mono-00000766,761.322,1.2562748172332334,-2,0.05466954273806924,3.796554147458977
mono-00000766,761.322,1.2562748172332334,-1,0.25470018500074587,2.8275394221293055
mono-00000766,761.322,1.2562748172332334,0,0.3450062242139885,1.2562748172333045
mono-00000766,761.322,1.2562748172332334,1,0.0,0.0
mono-00000766,761.322,1.2562748172332334,2,0.0,0.0
mono-00000766,761.322,1.2562748172332334,3,0.0,0.0
mono-00000766,761.322,1.2562748172332334,4,0.0,0.0
mono-00000766,761.322,1.2562748172332334,5,0.0,0.0
mono-00000754,749.499,1.2661389400464742,-5,0.0005568022342511413,5.849333303175612
mono-00000754,749.499,1.2661389400464742,-4,0.0005539767871013214,5.2619443941297135
mono-00000754,749.499,1.2661389400464742,-3,0.0019244757795963826,4.600389185253221
mono-00000754,749.499,1.2661389400464742,-2,0.05242800679955415,3.8263904555504524
mono-00000754,749.499,1.2661389400464742,-1,0.2544582208764951,2.8497555819320013
mono-00000754,749.499,1.2661389400464742,0,0.34676032302877713,1.2661389400466163
mono-00000754,749.499,1.2661389400464742,1,0.0,0.0
mono-00000754,749.499,1.2661389400464742,2,0.0,0.0
mono-00000754,749.499,1.2661389400464742,3,0.0,0.0
mono-00000754,749.499,1.2661389400464742,4,0.0,0.0
mono-00000754,749.499,1.2661389400464742,5,0.0,0.0
mono-00000778,773.135,1.2466457626985061,-5,0.000579310181605546,5.7591534681588
mono-00000778,773.135,1.2466457626985061,-4,0.0007230219632294086,5.180834086350131
mono-00000778,773.135,1.2466457626985061,-3,0.0015588418221607401,4.52948867700286
mono-00000778,773.135,1.2466457626985061,-2,0.0569222967834465,3.7674294469150595
mono-00000778,773.135,1.2466457626985061,-1,0.25488269312233613,2.8058530169322324
mono-00000778,773.135,1.2466457626985061,0,0.3432992594227974,1.2466457626983924
mono-00000778,773.135,1.2466457626985061,1,0.0,0.0
mono-00000778,773.135,1.2466457626985061,2,0.0,0.0
mono-00000778,773.135,1.2466457626985061,3,0.0,0.0
mono-00000778,773.135,1.2466457626985061,4,0.0,0.0
mono-00000778,773.135,1.2466457626985061,5,0.0,0.0
mono-00000759,754.419,1.2620059558140326,-5,0.0005620991296740717,5.830212694807983
mono-00000759,754.419,1.2620059558140326,-4,0.0005874737058076949,5.244746829130847
mono-00000759,754.419,1.2620059558140326,-3,0.0018473208266863441,4.585356420296037
mono-00000759,754.419,1.2620059558140326,-2,0.053359081423197896,3.8138892195035368
mono-00000759,754.419,1.2620059558140326,-1,0.25456635907240766,2.840447156669299
mono-00000759,754.419,1.2620059558140326,0,0.34602470800895346,1.2620059558140042
mono-00000759,754.419,1.2620059558140326,1,0.0,0.0
mono-00000759,754.419,1.2620059558140326,2,0.0,0.0
mono-00000759,754.419,1.2620059558140326,3,0.0,0.0
mono-00000759,754.419,1.2620059558140326,4,0.0,0.0
mono-00000759,754.419,1.2620059558140326,5,0.0,0.0
mono-00000765,760.327,1.2570960907661402,-5,0.0005680381278653381,5.807498312696993
mono-00000765,760.327,1.2570960907661402,-4,0.0006289045999413823,5.224316894201138
mono-00000765,760.327,1.2570960907661402,-3,0.0017552785124789845,4.567498136822152
mono-00000765,760.327,1.2570960907661402,-2,0.05448036846214408,3.799038254755004
mono-00000765,760.327,1.2570960907661402,-1,0.25468219325846453,2.8293890964940545
mono-00000765,760.327,1.2570960907661402,0,0.34515227607795923,1.2570960907662396
mono-00000765,760.327,1.2570960907661402,1,0.0,0.0
mono-00000765,760.327,1.2570960907661402,2,0.0,0.0
mono-00000765,760.327,1.2570960907661402,3,0.0,0.0
mono-00000765,760.327,1.2570960907661402,4,0.0,0.0
mono-00000765,760.327,1.2570960907661402,5,0.0,0.0
mono-00000771,766.243,1.252236555849933,-5,0.0005735188128020096,5.7850171385190805
mono-00000771,766.243,1.252236555849933,-4,0.0006716620662466524,5.20409667262291
mono-00000771,766.243,1.252236555849933,-3,0.0016639513400847686,4.549823132703807
mono-00000771,766.243,1.252236555849933,-2,0.055606370208954585,3.784339673724645
mono-00000771,766.243,1.252236555849933,-1,0.2547827540798959,2.818444473863863
mono-00000771,766.243,1.252236555849933,0,0.3442893675582154,1.2522365558498194
mono-00000771,766.243,1.252236555849933,1,0.0,0.0
mono-00000771,766.243,1.252236555849933,2,0.0,0.0
mono-00000771,766.243,1.252236555849933,3,0.0,0.0
mono-00000771,766.243,1.252236555849933,4,0.0,0.0
mono-00000771,766.243,1.252236555849933,5,0.0,0.0
mono-00000774,769.198,1.249830262987274,-5,0.0005760744009269439,5.773885284267394
mono-00000774,769.198,1.249830262987274,-4,0.0006934846631418897,5.194084344542844
mono-00000774,769.198,1.249830262987274,-3,0.0016186721700950537,4.541071091760344
mono-00000774,769.198,1.249830262987274,-2,0.056169888137443905,3.7770614413186365
mono-00000774,769.198,1.249830262987274,-1,0.25482744841400073,2.8130250625357007
mono-00000774,769.198,1.249830262987274,0,0.34386367715260846,1.2498302629873024
mono-00000774,769.198,1.249830262987274,1,0.0,0.0
mono-00000774,769.198,1.249830262987274,2,0.0,0.0
mono-00000774,769.198,1.249830262987274,3,0.0,0.0
mono-00000774,769.198,1.249830262987274,4,0.0,0.0
mono-00000774,769.198,1.249830262987274,5,0.0,0.0
mono-00000763,758.361,1.2587235748862895,-5,0.0005661045260782257,5.815027459169059
mono-00000763,758.361,1.2587235748862895,-4,0.0006149805750269586,5.2310888184711075
mono-00000763,758.361,1.2587235748862895,-3,0.0017857728196355527,4.573417638110868
mono-00000763,758.361,1.2587235748862895,-2,0.05410673914842417,3.8039609209577776
mono-00000763,758.361,1.2587235748862895,-1,0.2546452015650311,2.8330545274192787
mono-00000763,758.361,1.2587235748862895,0,0.34544314283182076,1.2587235748862327
mono-00000763,758.361,1.2587235748862895,1,0.0,0.0
mono-00000763,758.361,1.2587235748862895,2,0.0,0.0
mono-00000763,758.361,1.2587235748862895,3,0.0,0.0
mono-00000763,758.361,1.2587235748862895,4,0.0,0.0
mono-00000763,758.361,1.2587235748862895,5,0.0,0.0
mono-00000776,771.169,1.2482329440915834,-5,0.0005777198132592723,5.766495908208171
mono-00000776,771.169,1.2482329440915834,-4,0.000708206214699799,5.1874381097184
mono-00000776,771.169,1.2482329440915834,-3,0.0015886520550835164,4.53526143719273
mono-00000776,771.169,1.2482329440915834,-2,0.05654637032777901,3.7722301050151117
mono-00000776,771.169,1.2482329440915834,-1,0.2548557760940582,2.8094276196078027
mono-00000776,771.169,1.2482329440915834,0,0.34358053054206905,1.248232944091555
mono-00000776,771.169,1.2482329440915834,1,0.0,0.0
mono-00000776,771.169,1.2482329440915834,2,0.0,0.0
mono-00000776,771.169,1.2482329440915834,3,0.0,0.0
mono-00000776,771.169,1.2482329440915834,4,0.0,0.0
mono-00000776,771.169,1.2482329440915834,5,0.0,0.0
mono-00000768,763.291,1.2546543366925107,-5,0.0005708380870155667,5.7962022276022225
mono-00000768,763.291,1.2546543366925107,-4,0.0006501737105444259,5.214156871884612
mono-00000768,763.291,1.2546543366925107,-3,0.0017093809979176517,4.558617010307842
mono-00000768,763.291,1.2546543366925107,-2,0.05504404862681164,3.7916526899423815
mono-00000768,763.291,1.2546543366925107,-1,0.2547343642152264,2.8238897786286117
mono-00000768,763.291,1.2546543366925107,0,0.3447195127395936,1.2546543366924396
mono-00000768,763.291,1.2546543366925107,1,0.0,0.0
mono-00000768,763.291,1.2546543366925107,2,0.0,0.0
mono-00000768,763.291,1.2546543366925107,3,0.0,0.0
mono-00000768,763.291,1.2546543366925107,4,0.0,0.0
mono-00000768,763.291,1.2546543366925107,5,0.0,0.0
mono-00000769,764.27,1.2538509534749096,-5,0.0005717351245661411,5.792485622330531
mono-00000769,764.27,1.2538509534749096,-4,0.0006572691027882292,5.210814048499344
mono-00000769,764.27,1.2538509534749096,-3,0.0016942610569312593,4.5556949638279605
mono-00000769,764.27,1.2538509534749096,-2,0.05523037243636958,3.789222707777739
mono-00000769,764.27,1.2538509534749096,-1,0.25475071958670686,2.8220804037350007
mono-00000769,764.27,1.2538509534749096,0,0.3445775329454749,1.2538509534750517
mono-00000769,764.27,1.2538509534749096,1,0.0,0.0
mono-00000769,764.27,1.2538509534749096,2,0.0,0.0
mono-00000769,764.27,1.2538509534749096,3,0.0,0.0
mono-00000769,764.27,1.2538509534749096,4,0.0,0.0
mono-00000769,764.27,1.2538509534749096,5,0.0,0.0
mono-00000780,775.121,1.245048566485977,-5,0.000580853345311686,5.751764737658334
mono-00000780,775.121,1.245048566485977,-4,0.0007381250729829809,5.174188423609451
mono-00000780,775.121,1.245048566485977,-3,0.001528814133244056,4.523679514858884
mono-00000780,775.121,1.245048566485977,-2,0.0573022167651941,3.76259851340356
mono-00000780,775.121,1.245048566485977,-1,0.2549081614166906,2.802255868036923
mono-00000780,775.121,1.245048566485977,0,0.3430182744787567,1.245048566485906
mono-00000780,775.121,1.245048566485977,1,0.0,0.0
mono-00000780,775.121,1.245048566485977,2,0.0,0.0
mono-00000780,775.121,1.245048566485977,3,0.0,0.0
mono-00000780,775.121,1.245048566485977,4,0.0,0.0
mono-00000780,775.121,1.245048566485977,5,0.0,0.0
mono-00000781,776.096,1.2442666878889952,-5,0.0005815905455164332,5.748147732154649
mono-00000781,776.096,1.2442666878889952,-4,0.0007455877869360047,5.170935170531379
mono-00000781,776.096,1.2442666878889952,-3,0.0015141211176029068,4.520835752747516
mono-00000781,776.096,1.2442666878889952,-2,0.05748884406847789,3.760233622829375
mono-00000781,776.096,1.2442666878889952,-1,0.2549201087147698,2.8004949519139757
mono-00000781,776.096,1.2442666878889952,0,0.34288093506171047,1.2442666878890947
mono-00000781,776.096,1.2442666878889952,1,0.0,0.0
mono-00000781,776.096,1.2442666878889952,2,0.0,0.0
mono-00000781,776.096,1.2442666878889952,3,0.0,0.0
mono-00000781,776.096,1.2442666878889952,4,0.0,0.0
mono-00000781,776.096,1.2442666878889952,5,0.0,0.0
mono-00000777,772.161,1.2474313303362266,-5,0.0005785300840277965,5.762787567981505
mono-00000777,772.161,1.2474313303362266,-4,0.0007156650300740822,5.184102711477166
mono-00000777,772.161,1.2474313303362266,-3,0.0015736004044653272,4.53234587345483
mono-00000777,772.161,1.2474313303362266,-2,0.05673603645632503,3.7698055071076624
mono-00000777,772.161,1.2474313303362266,-1,0.2548695849737436,2.807622247878186
mono-00000777,772.161,1.2474313303362266,0,0.3434382354049055,1.2474313303360844
mono-00000777,772.161,1.2474313303362266,1,0.0,0.0
mono-00000777,772.161,1.2474313303362266,2,0.0,0.0
mono-00000777,772.161,1.2474313303362266,3,0.0,0.0
mono-00000777,772.161,1.2474313303362266,4,0.0,0.0
mono-00000777,772.161,1.2474313303362266,5,0.0,0.0
mono-00000772,767.226,1.2514345448074948,-5,0.0005743845071166444,5.781306911062188
mono-00000772,767.226,1.2514345448074948,-4,0.0006788864983833307,5.200759582356341
mono-00000772,767.226,1.2514345448074948,-3,0.0016488726336214253,4.546906094758839
mono-00000772,767.226,1.2514345448074948,-2,0.055793786772505155,3.7819138541029815
mono-00000772,767.226,1.2514345448074948,-1,0.254798085101364,2.8166381961625433
mono-00000772,767.226,1.2514345448074948,0,0.34414700088439565,1.25143454480758
mono-00000772,767.226,1.2514345448074948,1,0.0,0.0
mono-00000772,767.226,1.2514345448074948,2,0.0,0.0
mono-00000772,767.226,1.2514345448074948,3,0.0,0.0
mono-00000772,767.226,1.2514345448074948,4,0.0,0.0
mono-00000772,767.226,1.2514345448074948,5,0.0,0.0
mono-00000770,765.256,1.2530433838006871,-5,0.0005726341883728285,5.788749659734364
mono-00000770,765.256,1.2530433838006871,-4,0.0006644439302294146,5.207453813471332
mono-00000770,765.256,1.2530433838006871,-3,0.0016791066807625016,4.552757696407127
mono-00000770,765.256,1.2530433838006871,-2,0.05541824667825011,3.7867800669727814
mono-00000770,765.256,1.2530433838006871,-1,0.2547669386161581,2.8202616024076548
mono-00000770,765.256,1.2530433838006871,0,0.34443311863248627,1.2530433838007866
mono-00000770,765.256,1.2530433838006871,1,0.0,0.0
mono-00000770,765.256,1.2530433838006871,2,0.0,0.0
mono-00000770,765.256,1.2530433838006871,3,0.0,0.0
mono-00000770,765.256,1.2530433838006871,4,0.0,0.0
mono-00000770,765.256,1.2530433838006871,5,0.0,0.0
mono-00000779,774.13,1.2458447882804364,-5,0.0005800912636591985,5.755448105055336
mono-00000779,774.13,1.2458447882804364,-4,0.0007305715901803392,5.177501363691007
mono-00000779,774.13,1.2458447882804364,-3,0.001543786443392705,4.526575450154084
mono-00000779,774.13,1.2458447882804364,-2,0.05711261366265809,3.7650067907004825
mono-00000779,774.13,1.2458447882804364,-1,0.25489564802800724,2.8040490895290304
mono-00000779,774.13,1.2458447882804364,0,0.3431580664472005,1.2458447882805217
mono-00000779,774.13,1.2458447882804364,1,0.0,0.0
mono-00000779,774.13,1.2458447882804364,2,0.0,0.0
mono-00000779,774.13,1.2458447882804364,3,0.0,0.0
mono-00000779,774.13,1.2458447882804364,4,0.0,0.0
mono-00000779,774.13,1.2458447882804364,5,0.0,0.0
mono-00000782,777.087,1.24347348603834,-5,0.0005823371886950979,5.744478354327484
mono-00000782,777.087,1.24347348603834,-4,0.000753199518096922,5.167634811024726
mono-00000782,777.087,1.24347348603834,-3,0.001499274503090311,4.517950812614288
mono-00000782,777.087,1.24347348603834,-2,0.057678795286380646,3.757834487529607
mono-00000782,777.087,1.24347348603834,-1,0.2549321243847954,2.798708536177358
mono-00000782,777.087,1.24347348603834,0,0.34273971343530363,1.243473486038198
mono-00000782,777.087,1.24347348603834,1,0.0,0.0
mono-00000782,777.087,1.24347348603834,2,0.0,0.0
mono-00000782,777.087,1.24347348603834,3,0.0,0.0
mono-00000782,777.087,1.24347348603834,4,0.0,0.0
mono-00000782,777.087,1.24347348603834,5,0.0,0.0
mono-00000775,770.186,1.249028811499187,-5,0.0005769012628657925,5.770177675049197
mono-00000775,770.186,1.249028811499187,-4,0.0007008492605663802,5.190749605948426
mono-00000775,770.186,1.249028811499187,-3,0.0016035864474295003,4.538156106565538
mono-00000775,770.186,1.249028811499187,-2,0.05635846247438079,3.774637326221125
mono-00000775,770.186,1.249028811499187,-1,0.25484163199653376,2.811220051793441
mono-00000775,770.186,1.249028811499187,0,0.3437222787066741,1.2490288114992438
mono-00000775,770.186,1.249028811499187,1,0.0,0.0
mono-00000775,770.186,1.249028811499187,2,0.0,0.0
mono-00000775,770.186,1.249028811499187,3,0.0,0.0
mono-00000775,770.186,1.249028811499187,4,0.0,0.0
mono-00000775,770.186,1.249028811499187,5,0.0,0.0
mono-00000784,779.048,1.2419083513940166,-5,0.0005837675569131244,5.7372380182405465
mono-00000784,779.048,1.2419083513940166,-4,0.0007683587711014615,5.161122610725641
mono-00000784,779.048,1.2419083513940166,-3,0.0014699695321036528,4.512258306361545
mono-00000784,779.048,1.2419083513940166,-2,0.05805475939633249,3.7531005592453397
mono-00000784,779.048,1.2419083513940166,-1,0.2549545587111214,2.795183612388243
mono-00000784,779.048,1.2419083513940166,0,0.3424624499578839,1.2419083513941729
mono-00000784,779.048,1.2419083513940166,1,0.0,0.0
mono-00000784,779.048,1.2419083513940166,2,0.0,0.0
mono-00000784,779.048,1.2419083513940166,3,0.0,0.0
mono-00000784,779.048,1.2419083513940166,4,0.0,0.0
mono-00000784,779.048,1.2419083513940166,5,0.0,0.0
mono-00000786,781.022,1.240338794883641,-5,0.0005851438936811188,5.729977264099233
mono-00000786,781.022,1.240338794883641,-4,0.0007837469171432827,5.154592041628192
mono-00000786,781.022,1.240338794883641,-3,0.0014405753284557048,4.50654973971703
mono-00000786,781.022,1.240338794883641,-2,0.05843332390797249,3.7483532717952386
mono-00000786,781.022,1.240338794883641,-1,0.25497536733745796,2.791648738413585
mono-00000786,781.022,1.240338794883641,0,0.34218630534119315,1.2403387948836126
mono-00000786,781.022,1.240338794883641,1,0.0,0.0
mono-00000786,781.022,1.240338794883641,2,0.0,0.0
mono-00000786,781.022,1.240338794883641,3,0.0,0.0
mono-00000786,781.022,1.240338794883641,4,0.0,0.0
mono-00000786,781.022,1.240338794883641,5,0.0,0.0
mono-00000787,782.011,1.2395546607338304,-5,0.0005858106231021336,5.726349880729771
mono-00000787,782.011,1.2395546607338304,-4,0.0007915049458111085,5.1513294481731435
mono-00000787,782.011,1.2395546607338304,-3,0.0014258946026670745,4.503697807380121
mono-00000787,782.011,1.2395546607338304,-2,0.058623088041743036,3.7459815819568263
mono-00000787,782.011,1.2395546607338304,-1,0.25498531169987093,2.789882755245756
mono-00000787,782.011,1.2395546607338304,0,0.3420490698985226,1.239554660733745
mono-00000787,782.011,1.2395546607338304,1,0.0,0.0
mono-00000787,782.011,1.2395546607338304,2,0.0,0.0
mono-00000787,782.011,1.2395546607338304,3,0.0,0.0
mono-00000787,782.011,1.2395546607338304,4,0.0,0.0
mono-00000787,782.011,1.2395546607338304,5,0.0,0.0
mono-00000789,783.977,1.2380003130611925,-5,0.0005871476008340994,5.719159538126462
mono-00000789,783.977,1.2380003130611925,-4,0.0008070530524741667,5.144862203512574
mono-00000789,783.977,1.2380003130611925,-3,0.0013969942845588148,4.498044589076443
mono-00000789,783.977,1.2380003130611925,-2,0.05900332422192828,3.7412803178265364
mono-00000789,783.977,1.2380003130611925,-1,0.25501239301867146,2.7863821464623726
mono-00000789,783.977,1.2380003130611925,0,0.34177833132165225,1.2380003130610646
mono-00000789,783.977,1.2380003130611925,1,0.0,0.0
mono-00000789,783.977,1.2380003130611925,2,0.0,0.0
mono-00000789,783.977,1.2380003130611925,3,0.0,0.0
mono-00000789,783.977,1.2380003130611925,4,0.0,0.0
mono-00000789,783.977,1.2380003130611925,5,0.0,0.0
mono-00000773,768.214,1.2506300051165198,-5,0.0005752389917645582,5.777584995629596
mono-00000773,768.214,1.2506300051165198,-4,0.0006861829218563177,5.197411978482393
mono-00000773,768.214,1.2506300051165198,-3,0.0016337332873844791,4.543979865619207
mono-00000773,768.214,1.2506300051165198,-2,0.05598219859641481,3.779480390194294
mono-00000773,768.214,1.2506300051165198,-1,0.2548130274252206,2.81482622573526
mono-00000773,768.214,1.2506300051165198,0,0.3440046703390004,1.2506300051164772
mono-00000773,768.214,1.2506300051165198,1,0.0,0.0
mono-00000773,768.214,1.2506300051165198,2,0.0,0.0
mono-00000773,768.214,1.2506300051165198,3,0.0,0.0
mono-00000773,768.214,1.2506300051165198,4,0.0,0.0
mono-00000773,768.214,1.2506300051165198,5,0.0,0.0
mono-00000792,786.93,1.2356765775573706,-5,0.0005890371629829323,5.708410110500793
mono-00000792,786.93,1.2356765775573706,-4,0.0008306412495166949,5.135193786262306
mono-00000792,786.93,1.2356765775573706,-3,0.0013538101116902736,4.489593120217222
mono-00000792,786.93,1.2356765775573706,-2,0.05957471288923636,3.7342519989818896
mono-00000792,786.93,1.2356765775573706,-1,0.25504996209627706,2.7811487840450013
mono-00000792,786.93,1.2356765775573706,0,0.3413771781261648,1.2356765775573706
mono-00000792,786.93,1.2356765775573706,1,0.0,0.0
mono-00000792,786.93,1.2356765775573706,2,0.0,0.0
mono-00000792,786.93,1.2356765775573706,3,0.0,0.0
mono-00000792,786.93,1.2356765775573706,4,0.0,0.0
mono-00000792,786.93,1.2356765775573706,5,0.0,0.0
mono-00000783,778.063,1.242693771101358,-5,0.0005830569277434623,5.740871376781499
mono-00000783,778.063,1.242693771101358,-4,0.0007607283265728278,5.164390575362418
mono-00000783,778.063,1.242693771101358,-3,0.001484676727453469,4.515114931044806
mono-00000783,778.063,1.242693771101358,-2,0.057865900596327624,3.755476148849681
mono-00000783,778.063,1.242693771101358,-1,0.25494351167660106,2.7969524972294977
mono-00000783,778.063,1.242693771101358,0,0.34260135363692096,1.2426937711014574
mono-00000783,778.063,1.242693771101358,1,0.0,0.0
mono-00000783,778.063,1.242693771101358,2,0.0,0.0
mono-00000783,778.063,1.242693771101358,3,0.0,0.0
mono-00000783,778.063,1.242693771101358,4,0.0,0.0
mono-00000783,778.063,1.242693771101358,5,0.0,0.0
mono-00000793,787.919,1.234901246963659,-5,0.0005896379792094316,5.7048235070943605
mono-00000793,787.919,1.234901246963659,-4,0.000838602978733423,5.131967865686093
mono-00000793,787.919,1.234901246963659,-3,0.0013394112610441004,4.486773239372297
mono-00000793,787.919,1.234901246963659,-2,0.05976614226027867,3.7319069586953475
mono-00000793,787.919,1.234901246963659,-1,0.2550617198420053,2.779402640242864
mono-00000793,787.919,1.234901246963659,0,0.34124431043518594,1.234901246963659
mono-00000793,787.919,1.234901246963659,1,0.0,0.0
mono-00000793,787.919,1.234901246963659,2,0.0,0.0
mono-00000793,787.919,1.234901246963659,3,0.0,0.0
mono-00000793,787.919,1.234901246963659,4,0.0,0.0
mono-00000793,787.919,1.234901246963659,5,0.0,0.0
mono-00000785,780.042,1.2411172630411755,-5,0.0005844685944403112,5.73357844601685
mono-00000785,780.042,1.2411172630411755,-4,0.0007760914526401373,5.157831067578854
mono-00000785,780.042,1.2411172630411755,-3,0.0014551545551137082,4.509381070070589
mono-00000785,780.042,1.2411172630411755,-2,0.05824537116713019,3.7507078280610813
mono-00000785,780.042,1.2411172630411755,-1,0.25496525730962794,2.793401963057633
mono-00000785,780.042,1.2411172630411755,0,0.34232302591729924,1.2411172630411613
mono-00000785,780.042,1.2411172630411755,1,0.0,0.0
mono-00000785,780.042,1.2411172630411755,2,0.0,0.0
mono-00000785,780.042,1.2411172630411755,3,0.0,0.0
mono-00000785,780.042,1.2411172630411755,4,0.0,0.0
mono-00000785,780.042,1.2411172630411755,5,0.0,0.0
mono-00000798,792.84,1.23106498955309,-5,0.0005925957953514035,5.687077490144972
mono-00000798,792.84,1.23106498955309,-4,0.0008788189489525367,5.116006442720973
mono-00000798,792.84,1.23106498955309,-3,0.0012688926314031168,4.472820833458201
mono-00000798,792.84,1.23106498955309,-2,0.06073003835832697,3.7203039909435347
mono-00000798,792.84,1.23106498955309,-1,0.25514569977667984,2.77076292769803
mono-00000798,792.84,1.23106498955309,0,0.3405961403400538,1.2310649895527916
mono-00000798,792.84,1.23106498955309,1,0.0,0.0
mono-00000798,792.84,1.23106498955309,2,0.0,0.0
mono-00000798,792.84,1.23106498955309,3,0.0,0.0
mono-00000798,792.84,1.23106498955309,4,0.0,0.0
mono-00000798,792.84,1.23106498955309,5,0.0,0.0
mono-00000803,797.769,1.2272581136108869,-5,0.0005952114328571729,5.669467608148253
mono-00000803,797.769,1.2272581136108869,-4,0.000919924353562122,5.100167440424073
mono-00000803,797.769,1.2272581136108869,-3,0.0011992719532926653,4.45897541789283
mono-00000803,797.769,1.2272581136108869,-2,0.06170044570964295,3.70878997855462
mono-00000803,797.769,1.2272581136108869,-1,0.25523221520793865,2.762189435789594
mono-00000803,797.769,1.2272581136108869,0,0.33997158724523974,1.2272581136111427
mono-00000803,797.769,1.2272581136108869,1,0.0,0.0
mono-00000803,797.769,1.2272581136108869,2,0.0,0.0
mono-00000803,797.769,1.2272581136108869,3,0.0,0.0
mono-00000803,797.769,1.2272581136108869,4,0.0,0.0
mono-00000803,797.769,1.2272581136108869,5,0.0,0.0
mono-00000790,784.963,1.2372229658070637,-5,0.0005877944113666946,5.7155635783992835
mono-00000790,784.963,1.2372229658070637,-4,0.0008148981050059645,5.141627870532474
mono-00000790,784.963,1.2372229658070637,-3,0.0013825442177234637,4.495217357370635
mono-00000790,784.963,1.2372229658070637,-2,0.05919407686950049,3.738929166853538
mono-00000790,784.963,1.2372229658070637,-1,0.25502535157240236,2.784631454645165
mono-00000790,784.963,1.2372229658070637,0,0.34164365224183507,1.2372229658069926
mono-00000790,784.963,1.2372229658070637,1,0.0,0.0
mono-00000790,784.963,1.2372229658070637,2,0.0,0.0
mono-00000790,784.963,1.2372229658070637,3,0.0,0.0
mono-00000790,784.963,1.2372229658070637,4,0.0,0.0
mono-00000790,784.963,1.2372229658070637,5,0.0,0.0
mono-00000788,782.986,1.238783080489256,-5,0.0005864815154260288,5.722780580533254
mono-00000788,782.986,1.238783080489256,-4,0.000799199911467528,5.148119095720418
mono-00000788,782.986,1.238783080489256,-3,0.0014115476634261586,4.50089153959803
mono-00000788,782.986,1.238783080489256,-2,0.058811638891974806,3.7436478663423713
mono-00000788,782.986,1.238783080489256,-1,0.2549989447382018,2.7881450473614535
mono-00000788,782.986,1.238783080489256,0,0.3419144313845169,1.2387830804892133
mono-00000788,782.986,1.238783080489256,1,0.0,0.0
mono-00000788,782.986,1.238783080489256,2,0.0,0.0
mono-00000788,782.986,1.238783080489256,3,0.0,0.0
mono-00000788,782.986,1.238783080489256,4,0.0,0.0
mono-00000788,782.986,1.238783080489256,5,0.0,0.0
mono-00000791,785.942,1.236452584183894,-5,0.0005884208825196783,5.711999850313177
mono-00000791,785.942,1.236452584183894,-4,0.0008227182994396337,5.138422526832812
mono-00000791,785.942,1.236452584183894,-3,0.0013682271485585351,4.492415465213028
mono-00000791,785.942,1.236452584183894,-2,0.059383508135678914,3.7365990876936053
mono-00000791,785.942,1.236452584183894,-1,0.25503780581342833,2.782896452437683
mono-00000791,785.942,1.236452584183894,0,0.3415106571904376,1.2364525841838088
mono-00000791,785.942,1.236452584183894,1,0.0,0.0
mono-00000791,785.942,1.236452584183894,2,0.0,0.0
mono-00000791,785.942,1.236452584183894,3,0.0,0.0
mono-00000791,785.942,1.236452584183894,4,0.0,0.0
mono-00000791,785.942,1.236452584183894,5,0.0,0.0
mono-00000799,793.829,1.2302983019065437,-5,0.0005931445862494707,5.683530921711224
mono-00000799,793.829,1.2302983019065437,-4,0.0008869943502346834,5.112816525175148
mono-00000799,793.829,1.2302983019065437,-3,0.001254831956046706,4.470032418768241
mono-00000799,793.829,1.2302983019065437,-2,0.060924009916059806,3.717985113611519
mono-00000799,793.829,1.2302983019065437,-1,0.25516177132859735,2.7690362610888855
mono-00000799,793.829,1.2302983019065437,0,0.34046814255518776,1.230298301906302
mono-00000799,793.829,1.2302983019065437,1,0.0,0.0
mono-00000799,793.829,1.2302983019065437,2,0.0,0.0
mono-00000799,793.829,1.2302983019065437,3,0.0,0.0
mono-00000799,793.829,1.2302983019065437,4,0.0,0.0
mono-00000799,793.829,1.2302983019065437,5,0.0,0.0
mono-00000800,794.809,1.2295400023989345,-5,0.0005936775738662266,5.680023164146377
mono-00000800,794.809,1.2295400023989345,-4,0.0008951329455503049,5.109661514631256
mono-00000800,794.809,1.2295400023989345,-3,0.0012409457762200648,4.467274516610416
mono-00000800,794.809,1.2295400023989345,-2,0.061116664015621734,3.7156916100955755
mono-00000800,794.809,1.2295400023989345,-1,0.2551785916606497,2.767328487497096
mono-00000800,794.809,1.2295400023989345,0,0.34034279240341425,1.2295400023985792
mono-00000800,794.809,1.2295400023989345,1,0.0,0.0
mono-00000800,794.809,1.2295400023989345,2,0.0,0.0
mono-00000800,794.809,1.2295400023989345,3,0.0,0.0
mono-00000800,794.809,1.2295400023989345,4,0.0,0.0
mono-00000800,794.809,1.2295400023989345,5,0.0,0.0
mono-00000797,791.857,1.2318284479905088,-5,0.0005920344797712663,5.6906091296392844
mono-00000797,791.857,1.2318284479905088,-4,0.0008707230666191093,5.119182931646279
mono-00000797,791.857,1.2318284479905088,-3,0.0012829044031085414,4.475597508870322
mono-00000797,791.857,1.2318284479905088,-2,0.060537288357861783,3.722613104998416
mono-00000797,791.857,1.2318284479905088,-1,0.2551293502171029,2.7724823237754066
mono-00000797,791.857,1.2318284479905088,0,0.340724091301718,1.2318284479908215
mono-00000797,791.857,1.2318284479905088,1,0.0,0.0
mono-00000797,791.857,1.2318284479905088,2,0.0,0.0
mono-00000797,791.857,1.2318284479905088,3,0.0,0.0
mono-00000797,791.857,1.2318284479905088,4,0.0,0.0
mono-00000797,791.857,1.2318284479905088,5,0.0,0.0
mono-00000796,790.875,1.232592549760085,-5,0.0005914579894249034,5.694143753925758
mono-00000796,790.875,1.232592549760085,-4,0.0008626654900830084,5.1223621042365295
mono-00000796,790.875,1.232592549760085,-3,0.001296937238635919,4.478376529297179
mono-00000796,790.875,1.232592549760085,-2,0.06034477999329032,3.72492416843329
mono-00000796,790.875,1.232592549760085,-1,0.25511263939585016,2.7742031707187493
mono-00000796,790.875,1.232592549760085,0,0.3408526353111748,1.2325925497599428
mono-00000796,790.875,1.232592549760085,1,0.0,0.0
mono-00000796,790.875,1.232592549760085,2,0.0,0.0
mono-00000796,790.875,1.232592549760085,3,0.0,0.0
mono-00000796,790.875,1.232592549760085,4,0.0,0.0
mono-00000796,790.875,1.232592549760085,5,0.0,0.0
mono-00000795,789.89,1.2333604160679386,-5,0.0005908641756306228,5.697695801334973
mono-00000795,789.89,1.2333604160679386,-4,0.0008546142385842544,5.125556946854601
mono-00000795,789.89,1.2333604160679386,-3,0.0013110477315803394,4.48116924654218
mono-00000795,789.89,1.2333604160679386,-2,0.060151751946012244,3.7272466215236904
mono-00000795,789.89,1.2333604160679386,-1,0.2550955714599154,2.7759324978702864
mono-00000795,789.89,1.2333604160679386,0,0.34098237141249266,1.2333604160679243
mono-00000795,789.89,1.2333604160679386,1,0.0,0.0
mono-00000795,789.89,1.2333604160679386,2,0.0,0.0
mono-00000795,789.89,1.2333604160679386,3,0.0,0.0
mono-00000795,789.89,1.2333604160679386,4,0.0,0.0
mono-00000795,789.89,1.2333604160679386,5,0.0,0.0
mono-00000805,799.735,1.2257495105603766,-5,0.0005961507788617177,5.662489158714266
mono-00000805,799.735,1.2257495105603766,-4,0.0009365362267833887,5.093890749105043
mono-00000805,799.735,1.2257495105603766,-3,0.0011717937966152952,4.453488740633972
mono-00000805,799.735,1.2257495105603766,-2,0.06208846496779009,3.704227187230785
mono-00000805,799.735,1.2257495105603766,-1,0.2552661999962192,2.7587919140753456
mono-00000805,799.735,1.2257495105603766,0,0.3397288586249688,1.2257495105605614
mono-00000805,799.735,1.2257495105603766,1,0.0,0.0
mono-00000805,799.735,1.2257495105603766,2,0.0,0.0
mono-00000805,799.735,1.2257495105603766,3,0.0,0.0
mono-00000805,799.735,1.2257495105603766,4,0.0,0.0
mono-00000805,799.735,1.2257495105603766,5,0.0,0.0
mono-00000794,788.906,1.2341289374864175,-5,0.0005902553612893765,5.701250888150653
mono-00000794,788.906,1.2341289374864175,-4,0.0008466021943958289,5.128754522245899
mono-00000794,788.906,1.2341289374864175,-3,0.0013251776945176845,4.483964351716409
mono-00000794,788.906,1.2341289374864175,-2,0.059958980789655836,3.729571059671187
mono-00000794,788.906,1.2341289374864175,-1,0.25507818087616896,2.777663302444111
mono-00000794,788.906,1.2341289374864175,0,0.34111274252600327,1.2341289374864886
mono-00000794,788.906,1.2341289374864175,1,0.0,0.0
mono-00000794,788.906,1.2341289374864175,2,0.0,0.0
mono-00000794,788.906,1.2341289374864175,3,0.0,0.0
mono-00000794,788.906,1.2341289374864175,4,0.0,0.0
mono-00000794,788.906,1.2341289374864175,5,0.0,0.0
mono-00000806,800.722,1.2249942342176325,-5,0.0005965984578086684,5.658995437601732
mono-00000806,800.722,1.2249942342176325,-4,0.0009449191761708716,5.09074835779856
mono-00000806,800.722,1.2249942342176325,-3,0.0011580621793499948,4.45074186429818
mono-00000806,800.722,1.2249942342176325,-2,0.062283356076033636,3.7019428484584864
mono-00000806,800.722,1.2249942342176325,-1,0.2552828209006411,2.757090960762042
mono-00000806,800.722,1.2249942342176325,0,0.3396081985645864,1.2249942342174194
mono-00000806,800.722,1.2249942342176325,1,0.0,0.0
mono-00000806,800.722,1.2249942342176325,2,0.0,0.0
mono-00000806,800.722,1.2249942342176325,3,0.0,0.0
mono-00000806,800.722,1.2249942342176325,4,0.0,0.0
mono-00000806,800.722,1.2249942342176325,5,0.0,0.0
mono-00000809,803.675,1.2227428370682674,-5,0.0005978696227445007,5.648581083506869
mono-00000809,803.675,1.2227428370682674,-4,0.0009702759800710502,5.081381269176461
mono-00000809,803.675,1.2227428370682674,-3,0.0011172279530064506,4.442553752996503
mono-00000809,803.675,1.2227428370682674,-2,0.0628709776661912,3.695133502179729
mono-00000809,803.675,1.2227428370682674,-1,0.2553444867264637,2.7520206143493198
mono-00000809,803.675,1.2227428370682674,0,0.33926524230087457,1.2227428370684947
mono-00000809,803.675,1.2227428370682674,1,0.0,0.0
mono-00000809,803.675,1.2227428370682674,2,0.0,0.0
mono-00000809,803.675,1.2227428370682674,3,0.0,0.0
mono-00000809,803.675,1.2227428370682674,4,0.0,0.0
mono-00000809,803.675,1.2227428370682674,5,0.0,0.0
mono-00000810,804.662,1.2219931016185228,-5,0.0005982622594025022,5.645113027075936
mono-00000810,804.662,1.2219931016185228,-4,0.0009788076790076667,5.078261957988161
mono-00000810,804.662,1.2219931016185228,-3,0.0011036699548125663,4.439827048492518
mono-00000810,804.662,1.2219931016185228,-2,0.06306751690322511,3.6928659356557034
mono-00000810,804.662,1.2219931016185228,-1,0.2553645377356627,2.750332147348715
mono-00000810,804.662,1.2219931016185228,0,0.33915221856199695,1.2219931016184944
mono-00000810,804.662,1.2219931016185228,1,0.0,0.0
mono-00000810,804.662,1.2219931016185228,2,0.0,0.0
mono-00000810,804.662,1.2219931016185228,3,0.0,0.0
mono-00000810,804.662,1.2219931016185228,4,0.0,0.0
mono-00000810,804.662,1.2219931016185228,5,0.0,0.0
mono-00000804,798.753,1.2265023488964317,-5,0.0005956894413541425,5.665971610766221
mono-00000804,798.753,1.2265023488964317,-4,0.0009282241708112898,5.097023003633993
mono-00000804,798.753,1.2265023488964317,-3,0.0011854981443723985,4.4562267552120005
mono-00000804,798.753,1.2265023488964317,-2,0.06189461554775862,3.7065041557120395
mono-00000804,798.753,1.2265023488964317,-1,0.25524935000704024,2.760487378712213
mono-00000804,798.753,1.2265023488964317,0,0.3398496810105307,1.226502348896318
mono-00000804,798.753,1.2265023488964317,1,0.0,0.0
mono-00000804,798.753,1.2265023488964317,2,0.0,0.0
mono-00000804,798.753,1.2265023488964317,3,0.0,0.0
mono-00000804,798.753,1.2265023488964317,4,0.0,0.0
mono-00000804,798.753,1.2265023488964317,5,0.0,0.0
mono-00000812,806.642,1.2204932220486882,-5,0.0005990009949033835,5.638175049162584
mono-00000812,806.642,1.2204932220486882,-4,0.0009960062558100784,5.072021655330872
mono-00000812,806.642,1.2204932220486882,-3,0.001076613589607016,4.434372168204803
mono-00000812,806.642,1.2204932220486882,-2,0.06346197981751578,3.6883295768911353
mono-00000812,806.642,1.2204932220486882,-1,0.2554039092555487,2.746954298746033
mono-00000812,806.642,1.2204932220486882,0,0.33892789747619473,1.2204932220485887
mono-00000812,806.642,1.2204932220486882,1,0.0,0.0
mono-00000812,806.642,1.2204932220486882,2,0.0,0.0
mono-00000812,806.642,1.2204932220486882,3,0.0,0.0
mono-00000812,806.642,1.2204932220486882,4,0.0,0.0
mono-00000812,806.642,1.2204932220486882,5,0.0,0.0
mono-00000801,795.8,1.2287746154328403,-5,0.0005942071101373693,5.676482630083498
mono-00000801,795.8,1.2287746154328403,-4,0.0009034034115550561,5.106477022692587
mono-00000801,795.8,1.2287746154328403,-3,0.0012269542350371854,4.46449084289705
mono-00000801,795.8,1.2287746154328403,-2,0.061312060487500424,3.713376673896221
mono-00000801,795.8,1.2287746154328403,-1,0.25519689661266226,2.7656047541752855
mono-00000801,795.8,1.2287746154328403,0,0.3402177659115191,1.228774615432755
mono-00000801,795.8,1.2287746154328403,1,0.0,0.0
mono-00000801,795.8,1.2287746154328403,2,0.0,0.0
mono-00000801,795.8,1.2287746154328403,3,0.0,0.0
mono-00000801,795.8,1.2287746154328403,4,0.0,0.0
mono-00000801,795.8,1.2287746154328403,5,0.0,0.0
mono-00000811,805.654,1.2212409560250137,-5,0.0005986405442083753,5.641633830511026
mono-00000811,805.654,1.2212409560250137,-4,0.00098741054250335,5.075132625979606
mono-00000811,805.654,1.2212409560250137,-3,0.001090090429424952,4.437091583589449
mono-00000811,805.654,1.2212409560250137,-2,0.06326511534240707,3.6905910831286235
mono-00000811,805.654,1.2212409560250137,-1,0.25538440388639544,2.7486382544308867
mono-00000811,805.654,1.2212409560250137,0,0.33903942748172977,1.221240956025099
mono-00000811,805.654,1.2212409560250137,1,0.0,0.0
mono-00000811,805.654,1.2212409560250137,2,0.0,0.0
mono-00000811,805.654,1.2212409560250137,3,0.0,0.0
mono-00000811,805.654,1.2212409560250137,4,0.0,0.0
mono-00000811,805.654,1.2212409560250137,5,0.0,0.0
mono-00000802,796.784,1.2280160473322042,-5,0.0005947169771737855,5.672973647522582
mono-00000802,796.784,1.2280160473322042,-4,0.0009116450662289224,5.1033209084260704
mono-00000802,796.784,1.2280160473322042,-3,0.0012131003160178013,4.461731974224634
mono-00000802,796.784,1.2280160473322042,-2,0.06150612889614715,3.7110823651132137
mono-00000802,796.784,1.2280160473322042,-1,0.2552147203289874,2.7638963796522233
mono-00000802,796.784,1.2280160473322042,0,0.340094366430112,1.2280160473318205
mono-00000802,796.784,1.2280160473322042,1,0.0,0.0
mono-00000802,796.784,1.2280160473322042,2,0.0,0.0
mono-00000802,796.784,1.2280160473322042,3,0.0,0.0
mono-00000802,796.784,1.2280160473322042,4,0.0,0.0
mono-00000802,796.784,1.2280160473322042,5,0.0,0.0
mono-00000813,807.625,1.2197506335361652,-5,0.0005993443235046026,5.634740077407969
mono-00000813,807.625,1.2197506335361652,-4,0.0010045731321605827,5.068932099103108
mono-00000813,807.625,1.2197506335361652,-3,0.0010632684889954915,4.431671471149556
mono-00000813,807.625,1.2197506335361652,-2,0.06365753062127753,3.6860836363803458
mono-00000813,807.625,1.2197506335361652,-1,0.25542167239971475,2.7452819329372176
mono-00000813,807.625,1.2197506335361652,0,0.33881571524831056,1.2197506335360941
mono-00000813,807.625,1.2197506335361652,1,0.0,0.0
mono-00000813,807.625,1.2197506335361652,2,0.0,0.0
mono-00000813,807.625,1.2197506335361652,3,0.0,0.0
mono-00000813,807.625,1.2197506335361652,4,0.0,0.0
mono-00000813,807.625,1.2197506335361652,5,0.0,0.0
mono-00000814,808.6,1.219015425798105,-5,0.0005996702789365182,5.631339254849223
mono-00000814,808.6,1.219015425798105,-4,0.0010130812171663941,5.065873257187292
mono-00000814,808.6,1.219015425798105,-3,0.0010500999738370215,4.42899762182833
mono-00000814,808.6,1.219015425798105,-2,0.0638510846926853,3.6838600221506113
mono-00000814,808.6,1.219015425798105,-1,0.2554373504958522,2.7436261910450668
mono-00000814,808.6,1.219015425798105,0,0.3387027374003491,1.219015425798176
mono-00000814,808.6,1.219015425798105,1,0.0,0.0
mono-00000814,808.6,1.219015425798105,2,0.0,0.0
mono-00000814,808.6,1.219015425798105,3,0.0,0.0
mono-00000814,808.6,1.219015425798105,4,0.0,0.0
mono-00000814,808.6,1.219015425798105,5,0.0,0.0
mono-00000807,801.716,1.2242350105927784,-5,0.0005970423834184205,5.655483465998699
mono-00000807,801.716,1.2242350105927784,-4,0.0009534255828203791,5.087589550328161
mono-00000807,801.716,1.2242350105927784,-3,0.0011442728483488322,4.447980637158977
mono-00000807,801.716,1.2242350105927784,-2,0.06248107515912332,3.699646574623202
mono-00000807,801.716,1.2242350105927784,-1,0.2553038289300051,2.755381119766284
mono-00000807,801.716,1.2242350105927784,0,0.33949192419228935,1.2242350105928637
mono-00000807,801.716,1.2242350105927784,1,0.0,0.0
mono-00000807,801.716,1.2242350105927784,2,0.0,0.0
mono-00000807,801.716,1.2242350105927784,3,0.0,0.0
mono-00000807,801.716,1.2242350105927784,4,0.0,0.0
mono-00000807,801.716,1.2242350105927784,5,0.0,0.0
mono-00000808,802.698,1.2234863371346023,-5,0.0005974650182944489,5.652020305225847
mono-00000808,802.698,1.2234863371346023,-4,0.0009618583326064486,5.084474644335998
mono-00000808,802.698,1.2234863371346023,-3,0.0011306937579633974,4.445257785046579
mono-00000808,802.698,1.2234863371346023,-2,0.06267649237707032,3.697382213248588
mono-00000808,802.698,1.2234863371346023,-1,0.25532435428998884,2.75369504064075
mono-00000808,802.698,1.2234863371346023,0,0.33937790418529684,1.223486337134645
mono-00000808,802.698,1.2234863371346023,1,0.0,0.0
mono-00000808,802.698,1.2234863371346023,2,0.0,0.0
mono-00000808,802.698,1.2234863371346023,3,0.0,0.0
mono-00000808,802.698,1.2234863371346023,4,0.0,0.0
mono-00000808,802.698,1.2234863371346023,5,0.0,0.0
mono-00000815,809.579,1.2182785378438439,-5,0.0005999816067167047,5.627930668305936
mono-00000815,809.579,1.2182785378438439,-4,0.001021649809297917,5.062807431128462
mono-00000815,809.579,1.2182785378438439,-3,0.0010369270021048764,4.426317666606707
mono-00000815,809.579,1.2182785378438439,-2,0.06404547944703573,3.681631329461055
mono-00000815,809.579,1.2182785378438439,-1,0.25545280203633275,2.7419666670296294
mono-00000815,809.579,1.2182785378438439,0,0.33859006364974836,1.2182785378438297
mono-00000815,809.579,1.2182785378438439,1,0.0,0.0
mono-00000815,809.579,1.2182785378438439,2,0.0,0.0
mono-00000815,809.579,1.2182785378438439,3,0.0,0.0
mono-00000815,809.579,1.2182785378438439,4,0.0,0.0
mono-00000815,809.579,1.2182785378438439,5,0.0,0.0
mono-00000822,816.491,1.2131136609518052,-5,0.0006016979946643766,5.604039978025881
mono-00000822,816.491,1.2131136609518052,-4,0.0010826821846951734,5.04131911476442
mono-00000822,816.491,1.2131136609518052,-3,0.000945487030254264,4.407533889224823
mono-00000822,816.491,1.2131136609518052,-2,0.06541329128463577,3.6660104267148483
mono-00000822,816.491,1.2131136609518052,-1,0.2555347269138901,2.730335049208634
mono-00000822,816.491,1.2131136609518052,0,0.3377958293253057,1.213113660951663
mono-00000822,816.491,1.2131136609518052,1,0.0,0.0
mono-00000822,816.491,1.2131136609518052,2,0.0,0.0
mono-00000822,816.491,1.2131136609518052,3,0.0,0.0
mono-00000822,816.491,1.2131136609518052,4,0.0,0.0
mono-00000822,816.491,1.2131136609518052,5,0.0,0.0
mono-00000817,811.566,1.2167870331349206,-5,0.0006005642170382914,5.621031512856646
mono-00000817,811.566,1.2167870331349206,-4,0.0010391184105458244,5.056602037899296
mono-00000817,811.566,1.2167870331349206,-3,0.0010103473083816527,4.420893293811858
mono-00000817,811.566,1.2167870331349206,-2,0.06444016844061264,3.6771203340416605
mono-00000817,811.566,1.2167870331349206,-1,0.25548328492918854,2.7386076981357803
mono-00000817,811.566,1.2167870331349206,0,0.33836375830196513,1.216787033134807
mono-00000817,811.566,1.2167870331349206,1,0.0,0.0
mono-00000817,811.566,1.2167870331349206,2,0.0,0.0
mono-00000817,811.566,1.2167870331349206,3,0.0,0.0
mono-00000817,811.566,1.2167870331349206,4,0.0,0.0
mono-00000817,811.566,1.2167870331349206,5,0.0,0.0
mono-00000819,813.531,1.2153174166600138,-5,0.0006010753314027285,5.614233636920446
mono-00000819,813.531,1.2153174166600138,-4,0.0010564937220333998,5.0504877361954215
mono-00000819,813.531,1.2153174166600138,-3,0.0009842742592031154,4.415548544429797
mono-00000819,813.531,1.2153174166600138,-2,0.06483066945784542,3.6726755519302685
mono-00000819,813.531,1.2153174166600138,-1,0.25551230383131684,2.73529803041329
mono-00000819,813.531,1.2153174166600138,0,0.3381431194879924,1.2153174166600138
mono-00000819,813.531,1.2153174166600138,1,0.0,0.0
mono-00000819,813.531,1.2153174166600138,2,0.0,0.0
mono-00000819,813.531,1.2153174166600138,3,0.0,0.0
mono-00000819,813.531,1.2153174166600138,4,0.0,0.0
mono-00000819,813.531,1.2153174166600138,5,0.0,0.0
mono-00000816,810.581,1.217525720006151,-5,0.0006002836616665726,5.624448404077853
mono-00000816,810.581,1.217525720006151,-4,0.0010304459500553218,5.059675335341538
mono-00000816,810.581,1.217525720006151,-3,0.0010234969342534938,4.423579781670526
mono-00000816,810.581,1.217525720006151,-2,0.06424448892051908,3.679354460792325
mono-00000816,810.581,1.217525720006151,-1,0.2554683193620379,2.7402712696937073
mono-00000816,810.581,1.217525720006151,0,0.3384755430741751,1.2175257200063783
mono-00000816,810.581,1.217525720006151,1,0.0,0.0
mono-00000816,810.581,1.217525720006151,2,0.0,0.0
mono-00000816,810.581,1.217525720006151,3,0.0,0.0
mono-00000816,810.581,1.217525720006151,4,0.0,0.0
mono-00000816,810.581,1.217525720006151,5,0.0,0.0
mono-00000823,817.47,1.2123874176513425,-5,0.0006018711794873241,5.600680693929874
mono-00000823,817.47,1.2123874176513425,-4,0.0010913850416583407,5.038297626385457
mono-00000823,817.47,1.2123874176513425,-3,0.0009327747996487145,4.4048926849810925
mono-00000823,817.47,1.2123874176513425,-2,0.06560589730577779,3.6638139544404993
mono-00000823,817.47,1.2123874176513425,-1,0.25554112382216904,2.7286995122536126
mono-00000823,817.47,1.2123874176513425,0,0.3376820313572673,1.2123874176516694
mono-00000823,817.47,1.2123874176513425,1,0.0,0.0
mono-00000823,817.47,1.2123874176513425,2,0.0,0.0
mono-00000823,817.47,1.2123874176513425,3,0.0,0.0
mono-00000823,817.47,1.2123874176513425,4,0.0,0.0
mono-00000823,817.47,1.2123874176513425,5,0.0,0.0
mono-00000821,815.508,1.2138441862288687,-5,0.0006015081103353499,5.607419076608778
mono-00000821,815.508,1.2138441862288687,-4,0.0010739665292037247,5.044358424297741
mono-00000821,815.508,1.2138441862288687,-3,0.0009583090852143226,4.410190670876787
mono-00000821,815.508,1.2138441862288687,-2,0.06521993779648379,3.668219852755442
mono-00000821,815.508,1.2138441862288687,-1,0.2555280781625685,2.7319802311968715
mono-00000821,815.508,1.2138441862288687,0,0.33791093136284156,1.2138441862290108
mono-00000821,815.508,1.2138441862288687,1,0.0,0.0
mono-00000821,815.508,1.2138441862288687,2,0.0,0.0
mono-00000821,815.508,1.2138441862288687,3,0.0,0.0
mono-00000821,815.508,1.2138441862288687,4,0.0,0.0
mono-00000821,815.508,1.2138441862288687,5,0.0,0.0
mono-00000818,812.547,1.2160526807233367,-5,0.000600827478398993,5.617634679326883
mono-00000818,812.547,1.2160526807233367,-4,0.0010477805173262314,5.053546780311947
mono-00000818,812.547,1.2160526807233367,-3,0.0009973038269454175,4.418222574492901
mono-00000818,812.547,1.2160526807233367,-2,0.0646350985172339,3.674899319967949
mono-00000818,812.547,1.2160526807233367,-1,0.25549790997562577,2.7369538899056636
mono-00000818,812.547,1.2160526807233367,0,0.3382532125137031,1.2160526807230951
mono-00000818,812.547,1.2160526807233367,1,0.0,0.0
mono-00000818,812.547,1.2160526807233367,2,0.0,0.0
mono-00000818,812.547,1.2160526807233367,3,0.0,0.0
mono-00000818,812.547,1.2160526807233367,4,0.0,0.0
mono-00000818,812.547,1.2160526807233367,5,0.0,0.0
mono-00000820,814.517,1.2145819942993938,-5,0.0006013004063770091,5.610831870372209
mono-00000820,814.517,1.2145819942993938,-4,0.001065203180370391,5.047428039868976
mono-00000820,814.517,1.2145819942993938,-3,0.0009712932381698049,4.412873943452297
mono-00000820,814.517,1.2145819942993938,-2,0.06502504386010731,3.6704513084157213
mono-00000820,814.517,1.2145819942993938,-1,0.2555211172023732,2.7336418162619225
mono-00000820,814.517,1.2145819942993938,0,0.3380277935610926,1.2145819942993086
mono-00000820,814.517,1.2145819942993938,1,0.0,0.0
mono-00000820,814.517,1.2145819942993938,2,0.0,0.0
mono-00000820,814.517,1.2145819942993938,3,0.0,0.0
mono-00000820,814.517,1.2145819942993938,4,0.0,0.0
mono-00000820,814.517,1.2145819942993938,5,0.0,0.0
mono-00000826,820.431,1.210198796798693,-5,0.0006022968672655386,5.5905571379415875
mono-00000826,820.431,1.210198796798693,-4,0.0011178376511154335,5.029192048115007
mono-00000826,820.431,1.210198796798693,-3,0.0008946851237540529,4.396933128950053
mono-00000826,820.431,1.210198796798693,-2,0.06618851972888139,3.6571946424453614
mono-00000826,820.431,1.210198796798693,-1,0.25555865412135065,2.7237706372610404
mono-00000826,820.431,1.210198796798693,0,0.3373424685655667,1.2101987967989487
mono-00000826,820.431,1.210198796798693,1,0.0,0.0
mono-00000826,820.431,1.210198796798693,2,0.0,0.0
mono-00000826,820.431,1.210198796798693,3,0.0,0.0
mono-00000826,820.431,1.210198796798693,4,0.0,0.0
mono-00000826,820.431,1.210198796798693,5,0.0,0.0
mono-00000827,821.42,1.2094704146082478,-5,0.0006024181643574556,5.587187991898489
mono-00000827,821.42,1.2094704146082478,-4,0.0011267035579539955,5.026161685999298
mono-00000827,821.42,1.2094704146082478,-3,0.0008821328463651023,4.394284164715799
mono-00000827,821.42,1.2094704146082478,-2,0.066382983006919,3.654991714105307
mono-00000827,821.42,1.2094704146082478,-1,0.2555628462632607,2.7221302906035305
mono-00000827,821.42,1.2094704146082478,0,0.3372269856933255,1.2094704146078215
mono-00000827,821.42,1.2094704146082478,1,0.0,0.0
mono-00000827,821.42,1.2094704146082478,2,0.0,0.0
mono-00000827,821.42,1.2094704146082478,3,0.0,0.0
mono-00000827,821.42,1.2094704146082478,4,0.0,0.0
mono-00000827,821.42,1.2094704146082478,5,0.0,0.0
mono-00000830,824.377,1.207300452419119,-5,0.000602683094624054,5.577150836158054
mono-00000830,824.377,1.207300452419119,-4,0.0011533341234830012,5.017133809685006
mono-00000830,824.377,1.207300452419119,-3,0.0008449808023953949,4.386392521921408
mono-00000830,824.377,1.207300452419119,-2,0.06696443838377714,3.648428871926086
mono-00000830,824.377,1.207300452419119,-1,0.2555735471445553,2.717243457106349
mono-00000830,824.377,1.207300452419119,0,0.3368862463198491,1.2073004524187922
mono-00000830,824.377,1.207300452419119,1,0.0,0.0
mono-00000830,824.377,1.207300452419119,2,0.0,0.0
mono-00000830,824.377,1.207300452419119,3,0.0,0.0
mono-00000830,824.377,1.207300452419119,4,0.0,0.0
mono-00000830,824.377,1.207300452419119,5,0.0,0.0
mono-00000832,826.35,1.205859067473881,-5,0.0006027788643727109,5.570483751623954
mono-00000832,826.35,1.205859067473881,-4,0.001171202957125208,5.011137125105677
mono-00000832,826.35,1.205859067473881,-3,0.0008205162983789908,4.381150566316094
mono-00000832,826.35,1.205859067473881,-2,0.06735248379557328,3.644069557336408
mono-00000832,826.35,1.205859067473881,-1,0.25557939989981543,2.7139974147484907
mono-00000832,826.35,1.205859067473881,0,0.3366629091862493,1.2058590674737957
mono-00000832,826.35,1.205859067473881,1,0.0,0.0
mono-00000832,826.35,1.205859067473881,2,0.0,0.0
mono-00000832,826.35,1.205859067473881,3,0.0,0.0
mono-00000832,826.35,1.205859067473881,4,0.0,0.0
mono-00000832,826.35,1.205859067473881,5,0.0,0.0
mono-00000834,828.315,1.204428645997595,-5,0.0006028209036442119,5.56386740874261
mono-00000834,828.315,1.204428645997595,-4,0.0011890479368861367,5.005186076581765
mono-00000834,828.315,1.204428645997595,-3,0.0007964718099154075,4.375948500131599
mono-00000834,828.315,1.204428645997595,-2,0.06773829779498905,3.6397434129643926
mono-00000834,828.315,1.204428645997595,-1,0.25558138999706287,2.710776069372301
mono-00000834,828.315,1.204428645997595,0,0.33643795504042334,1.204428645997723
mono-00000834,828.315,1.204428645997595,1,0.0,0.0
mono-00000834,828.315,1.204428645997595,2,0.0,0.0
mono-00000834,828.315,1.204428645997595,3,0.0,0.0
mono-00000834,828.315,1.204428645997595,4,0.0,0.0
mono-00000834,828.315,1.204428645997595,5,0.0,0.0
mono-00000835,829.301,1.2037128027554047,-5,0.0006028221223355148,5.560556323060425
mono-00000835,829.301,1.2037128027554047,-4,0.0011980189562427672,5.002207929867865
mono-00000835,829.301,1.2037128027554047,-3,0.0007845297604279479,4.373345173526374
mono-00000835,829.301,1.2037128027554047,-2,0.06793161755433229,3.637578432467791
mono-00000835,829.301,1.2037128027554047,-1,0.255580875088228,2.7091639748541496
mono-00000835,829.301,1.2037128027554047,0,0.33632401753582514,1.2037128027552626
mono-00000835,829.301,1.2037128027554047,1,0.0,0.0
mono-00000835,829.301,1.2037128027554047,2,0.0,0.0
mono-00000835,829.301,1.2037128027554047,3,0.0,0.0
mono-00000835,829.301,1.2037128027554047,4,0.0,0.0
mono-00000835,829.301,1.2037128027554047,5,0.0,0.0
mono-00000825,819.448,1.2109240656668732,-5,0.0006021718731814411,5.593911891093228
mono-00000825,819.448,1.2109240656668732,-4,0.001109034447996091,5.032209463754484
mono-00000825,819.448,1.2109240656668732,-3,0.0009072693902297455,4.399570775367664
mono-00000825,819.448,1.2109240656668732,-2,0.06599508673555866,3.6593881580022156
mono-00000825,819.448,1.2109240656668732,-1,0.2555531360026303,2.7254039743705363
mono-00000825,819.448,1.2109240656668732,0,0.33745443408849907,1.2109240656667168
mono-00000825,819.448,1.2109240656668732,1,0.0,0.0
mono-00000825,819.448,1.2109240656668732,2,0.0,0.0
mono-00000825,819.448,1.2109240656668732,3,0.0,0.0
mono-00000825,819.448,1.2109240656668732,4,0.0,0.0
mono-00000825,819.448,1.2109240656668732,5,0.0,0.0
mono-00000824,818.462,1.211652859476004,-5,0.0006020302157286299,5.597282956852567
mono-00000824,818.462,1.211652859476004,-4,0.0011002256080820656,5.035241550821553
mono-00000824,818.462,1.211652859476004,-3,0.0009199532088316458,4.40222124590683
mono-00000824,818.462,1.211652859476004,-2,0.0658010754160969,3.6615923376574955
mono-00000824,818.462,1.211652859476004,-1,0.2555472992572344,2.7270452515934522
mono-00000824,818.462,1.211652859476004,0,0.33756749775500905,1.2116528594763167
mono-00000824,818.462,1.211652859476004,1,0.0,0.0
mono-00000824,818.462,1.211652859476004,2,0.0,0.0
mono-00000824,818.462,1.211652859476004,3,0.0,0.0
mono-00000824,818.462,1.211652859476004,4,0.0,0.0
mono-00000824,818.462,1.211652859476004,5,0.0,0.0
mono-00000839,833.241,1.2008650214810217,-5,0.0006026653536265249,5.547384173715514
mono-00000839,833.241,1.2008650214810217,-4,0.0012340388671352894,4.990360268924846
mono-00000839,833.241,1.2008650214810217,-3,0.0007375104094159562,4.362988614291368
mono-00000839,833.241,1.2008650214810217,-2,0.06870399228467032,3.6289656961669294
mono-00000839,833.241,1.2008650214810217,-1,0.2555758155063961,2.702750726668853
mono-00000839,833.241,1.2008650214810217,0,0.3358761915143375,1.200865021480908
mono-00000839,833.241,1.2008650214810217,1,0.0,0.0
mono-00000839,833.241,1.2008650214810217,2,0.0,0.0
mono-00000839,833.241,1.2008650214810217,3,0.0,0.0
mono-00000839,833.241,1.2008650214810217,4,0.0,0.0
mono-00000839,833.241,1.2008650214810217,5,0.0,0.0
mono-00000837,831.273,1.2022849370489013,-5,0.0006027759724819315,5.553951847091852
mono-00000837,831.273,1.2022849370489013,-4,0.0012160134888454229,4.996267550032684
mono-00000837,831.273,1.2022849370489013,-3,0.000760854347634433,4.36815242885443
mono-00000837,831.273,1.2022849370489013,-2,0.06831822258210031,3.633260036156983
mono-00000837,831.273,1.2022849370489013,-1,0.25557893495176304,2.705948395438341
mono-00000837,831.273,1.2022849370489013,0,0.33609837826667666,1.2022849370490434
mono-00000837,831.273,1.2022849370489013,1,0.0,0.0
mono-00000837,831.273,1.2022849370489013,2,0.0,0.0
mono-00000837,831.273,1.2022849370489013,3,0.0,0.0
mono-00000837,831.273,1.2022849370489013,4,0.0,0.0
mono-00000837,831.273,1.2022849370489013,5,0.0,0.0
mono-00000850,844.066,1.1931437081804432,-5,0.0006011338955411838,5.511670553390687
mono-00000850,844.066,1.1931437081804432,-4,0.0013342228389350487,4.958237665250522
mono-00000850,844.066,1.1931437081804432,-3,0.0006150820867872783,4.334908780806316
mono-00000850,844.066,1.1931437081804432,-2,0.07082613533096191,3.60561385397277
mono-00000850,844.066,1.1931437081804432,-1,0.25553353962740905,2.6853623444626606
mono-00000850,844.066,1.1931437081804432,0,0.33466202055056654,1.1931437081803153
mono-00000850,844.066,1.1931437081804432,1,0.0,0.0
mono-00000850,844.066,1.1931437081804432,2,0.0,0.0
mono-00000850,844.066,1.1931437081804432,3,0.0,0.0
mono-00000850,844.066,1.1931437081804432,4,0.0,0.0
mono-00000850,844.066,1.1931437081804432,5,0.0,0.0
mono-00000842,836.196,1.1987424002208371,-5,0.0006024144985793625,5.53756626293638
mono-00000842,836.196,1.1987424002208371,-4,0.001261218950617705,4.981529561994321
mono-00000842,836.196,1.1987424002208371,-3,0.0007031076450861124,4.355269299033395
mono-00000842,836.196,1.1987424002208371,-2,0.06928346224161258,3.6225461416987628
mono-00000842,836.196,1.1987424002208371,-1,0.25556851933340163,2.697970567931719
mono-00000842,836.196,1.1987424002208371,0,0.3355412246635339,1.1987424002211355
mono-00000842,836.196,1.1987424002208371,1,0.0,0.0
mono-00000842,836.196,1.1987424002208371,2,0.0,0.0
mono-00000842,836.196,1.1987424002208371,3,0.0,0.0
mono-00000842,836.196,1.1987424002208371,4,0.0,0.0
mono-00000842,836.196,1.1987424002208371,5,0.0,0.0
mono-00000828,822.405,1.2087462839907062,-5,0.0006025226882643463,5.583838519408033
mono-00000828,822.405,1.2087462839907062,-4,0.001135554251864524,5.02314901830853
mono-00000828,822.405,1.2087462839907062,-3,0.0008696936911707346,4.391650667139842
mono-00000828,822.405,1.2087462839907062,-2,0.06657666559684028,3.652801647456087
mono-00000828,822.405,1.2087462839907062,-1,0.25556671319828567,2.72049952044064
mono-00000828,822.405,1.2087462839907062,0,0.33711272434831946,1.2087462839907914
mono-00000828,822.405,1.2087462839907062,1,0.0,0.0
mono-00000828,822.405,1.2087462839907062,2,0.0,0.0
mono-00000828,822.405,1.2087462839907062,3,0.0,0.0
mono-00000828,822.405,1.2087462839907062,4,0.0,0.0
mono-00000828,822.405,1.2087462839907062,5,0.0,0.0
mono-00000841,835.213,1.199447254163374,-5,0.0006025091782706452,5.540826466540125
mono-00000841,835.213,1.199447254163374,-4,0.0012521627322273755,4.984461948642988
mono-00000841,835.213,1.199447254163374,-3,0.0007144644889871026,4.35783262986952
mono-00000841,835.213,1.199447254163374,-2,0.06909068130180916,3.6246778653379863
mono-00000841,835.213,1.199447254163374,-1,0.25557133824092787,2.6995579025358154
mono-00000841,835.213,1.199447254163374,0,0.33565290023559474,1.199447254163644
mono-00000841,835.213,1.199447254163374,1,0.0,0.0
mono-00000841,835.213,1.199447254163374,2,0.0,0.0
mono-00000841,835.213,1.199447254163374,3,0.0,0.0
mono-00000841,835.213,1.199447254163374,4,0.0,0.0
mono-00000841,835.213,1.199447254163374,5,0.0,0.0
mono-00000829,823.391,1.2080227192850828,-5,0.0006026110380737807,5.5804916723290745
mono-00000829,823.391,1.2080227192850828,-4,0.0011444342160240933,5.020138711179143
mono-00000829,823.391,1.2080227192850828,-3,0.0008573051499219429,4.389019232265326
mono-00000829,823.391,1.2080227192850828,-2,0.06677054985304101,3.650613295519136
mono-00000829,823.391,1.2080227192850828,-1,0.2555702801252518,2.7188700265014916
mono-00000829,823.391,1.2080227192850828,0,0.3369991045821157,1.2080227192853386
mono-00000829,823.391,1.2080227192850828,1,0.0,0.0
mono-00000829,823.391,1.2080227192850828,2,0.0,0.0
mono-00000829,823.391,1.2080227192850828,3,0.0,0.0
mono-00000829,823.391,1.2080227192850828,4,0.0,0.0
mono-00000829,823.391,1.2080227192850828,5,0.0,0.0
mono-00000845,839.152,1.1966302823680621,-5,0.0006020337520841523,5.527797000202995
mono-00000845,839.152,1.1966302823680621,-4,0.0012885419894303758,4.9727426042625495
mono-00000845,839.152,1.1966302823680621,-3,0.0006694084337056424,4.347588220442503
mono-00000845,839.152,1.1966302823680621,-2,0.06986305551768102,3.6161583800270165
mono-00000845,839.152,1.1966302823680621,-1,0.2555582879679904,2.6932140779210982
mono-00000845,839.152,1.1966302823680621,0,0.3352098209061471,1.1966302823678916
mono-00000845,839.152,1.1966302823680621,1,0.0,0.0
mono-00000845,839.152,1.1966302823680621,2,0.0,0.0
mono-00000845,839.152,1.1966302823680621,3,0.0,0.0
mono-00000845,839.152,1.1966302823680621,4,0.0,0.0
mono-00000845,839.152,1.1966302823680621,5,0.0,0.0
mono-00000851,845.052,1.1924477867792973,-5,0.0006009128304600759,5.508451730445472
mono-00000851,845.052,1.1924477867792973,-4,0.0013434257310954412,4.955342491328835
mono-00000851,845.052,1.1924477867792973,-3,0.0006044404997232219,4.332377972967436
mono-00000851,845.052,1.1924477867792973,-2,0.07101932215701294,3.6035091716481418
mono-00000851,845.052,1.1924477867792973,-1,0.2555275148832055,2.6837951406315455
mono-00000851,845.052,1.1924477867792973,0,0.3345528131121805,1.1924477867795815
mono-00000851,845.052,1.1924477867792973,1,0.0,0.0
mono-00000851,845.052,1.1924477867792973,2,0.0,0.0
mono-00000851,845.052,1.1924477867792973,3,0.0,0.0
mono-00000851,845.052,1.1924477867792973,4,0.0,0.0
mono-00000851,845.052,1.1924477867792973,5,0.0,0.0
mono-00000847,841.122,1.1952288638644433,-5,0.000601700340086735,5.521314999659481
mono-00000847,841.122,1.1952288638644433,-4,0.001306822256308005,4.966912368642468
mono-00000847,841.122,1.1952288638644433,-3,0.0006473364989953367,4.342491743302801
mono-00000847,841.122,1.1952288638644433,-2,0.07024921044960546,3.6119200292699105
mono-00000847,841.122,1.1952288638644433,-1,0.25555003452533576,2.6900580912798233
mono-00000847,841.122,1.1952288638644433,0,0.3349926141291928,1.1952288638640454
mono-00000847,841.122,1.1952288638644433,1,0.0,0.0
mono-00000847,841.122,1.1952288638644433,2,0.0,0.0
mono-00000847,841.122,1.1952288638644433,3,0.0,0.0
mono-00000847,841.122,1.1952288638644433,4,0.0,0.0
mono-00000847,841.122,1.1952288638644433,5,0.0,0.0
mono-00000831,825.362,1.2065802100732839,-5,0.0006027389955244517,5.573819372088025
mono-00000831,825.362,1.2065802100732839,-4,0.0011622451176854039,5.014137337044119
mono-00000831,825.362,1.2065802100732839,-3,0.0008327340688455568,4.383773178835483
mono-00000831,825.362,1.2065802100732839,-2,0.06715815623791878,3.6462505744254656
mono-00000831,825.362,1.2065802100732839,-1,0.2555765879925256,2.7156214487510653
mono-00000831,825.362,1.2065802100732839,0,0.3367743366006876,1.206580210072886
mono-00000831,825.362,1.2065802100732839,1,0.0,0.0
mono-00000831,825.362,1.2065802100732839,2,0.0,0.0
mono-00000831,825.362,1.2065802100732839,3,0.0,0.0
mono-00000831,825.362,1.2065802100732839,4,0.0,0.0
mono-00000831,825.362,1.2065802100732839,5,0.0,0.0
mono-00000833,827.324,1.2051494076733178,-5,0.0006028033570636993,5.56720125197856
mono-00000833,827.324,1.2051494076733178,-4,0.0011800495457928576,5.008184691673421
mono-00000833,827.324,1.2051494076733178,-3,0.0008085432841189277,4.378569718277745
mono-00000833,827.324,1.2051494076733178,-2,0.06754398723119746,3.6419232717788077
mono-00000833,827.324,1.2051494076733178,-1,0.2555815963704246,2.7123992420512906
mono-00000833,827.324,1.2051494076733178,0,0.33655321667999877,1.2051494076733604
mono-00000833,827.324,1.2051494076733178,1,0.0,0.0
mono-00000833,827.324,1.2051494076733178,2,0.0,0.0
mono-00000833,827.324,1.2051494076733178,3,0.0,0.0
mono-00000833,827.324,1.2051494076733178,4,0.0,0.0
mono-00000833,827.324,1.2051494076733178,5,0.0,0.0
mono-00000848,842.102,1.1945335429476103,-5,0.0006015272378064542,5.51809893283945
mono-00000848,842.102,1.1945335429476103,-4,0.0013159297321381198,4.964019676052601
mono-00000848,842.102,1.1945335429476103,-3,0.0006365204761182936,4.339963106599214
mono-00000848,842.102,1.1945335429476103,-2,0.0704412592832493,3.609817154345137
mono-00000848,842.102,1.1945335429476103,-1,0.25554474900949503,2.688492234894227
mono-00000848,842.102,1.1945335429476103,0,0.33488177303504657,1.1945335429474255
mono-00000848,842.102,1.1945335429476103,1,0.0,0.0
mono-00000848,842.102,1.1945335429476103,2,0.0,0.0
mono-00000848,842.102,1.1945335429476103,3,0.0,0.0
mono-00000848,842.102,1.1945335429476103,4,0.0,0.0
mono-00000848,842.102,1.1945335429476103,5,0.0,0.0
mono-00000836,830.284,1.2030004065790791,-5,0.0006028072145104488,5.557261189081373
mono-00000836,830.284,1.2030004065790791,-4,0.0012069802200572563,4.999244130043522
mono-00000836,830.284,1.2030004065790791,-3,0.0007726929875077669,4.3707543874186285
mono-00000836,830.284,1.2030004065790791,-2,0.06812433794415877,3.635423880262053
mono-00000836,830.284,1.2030004065790791,-1,0.25558005835033276,2.707559644914056
mono-00000836,830.284,1.2030004065790791,0,0.33621116740723417,1.2030004065791218
mono-00000836,830.284,1.2030004065790791,1,0.0,0.0
mono-00000836,830.284,1.2030004065790791,2,0.0,0.0
mono-00000836,830.284,1.2030004065790791,3,0.0,0.0
mono-00000836,830.284,1.2030004065790791,4,0.0,0.0
mono-00000836,830.284,1.2030004065790791,5,0.0,0.0
mono-00000838,832.263,1.2015700210573783,-5,0.0006027283853396411,5.550645073003025
mono-00000838,832.263,1.2015700210573783,-4,0.0012250729077164318,4.993293278886043
mono-00000838,832.263,1.2015700210573783,-3,0.0007490753596736708,4.365552487828197
mono-00000838,832.263,1.2015700210573783,-2,0.0685122903348808,3.6310978692295492
mono-00000838,832.263,1.2015700210573783,-1,0.25557751144482077,2.7043383942582295
mono-00000838,832.263,1.2015700210573783,0,0.33598623179346665,1.2015700210571936
mono-00000838,832.263,1.2015700210573783,1,0.0,0.0
mono-00000838,832.263,1.2015700210573783,2,0.0,0.0
mono-00000838,832.263,1.2015700210573783,3,0.0,0.0
mono-00000838,832.263,1.2015700210573783,4,0.0,0.0
mono-00000838,832.263,1.2015700210573783,5,0.0,0.0
mono-00000840,834.23,1.200153352920097,-5,0.000602587903788897,5.544092435201776
mono-00000840,834.23,1.200153352920097,-4,0.0012431220505564322,4.9873995198619525
mono-00000840,834.23,1.200153352920097,-3,0.0007258948940547759,4.360400492051127
mono-00000840,834.23,1.200153352920097,-2,0.06889788138159937,3.6268133567144787
mono-00000840,834.23,1.200153352920097,-1,0.255573859431719,2.701148042136438
mono-00000840,834.23,1.200153352920097,0,0.3357653036236588,1.2001533529197843
mono-00000840,834.23,1.200153352920097,1,0.0,0.0
mono-00000840,834.23,1.200153352920097,2,0.0,0.0
mono-00000840,834.23,1.200153352920097,3,0.0,0.0
mono-00000840,834.23,1.200153352920097,4,0.0,0.0
mono-00000840,834.23,1.200153352920097,5,0.0,0.0
mono-00000844,838.169,1.1973314149541352,-5,0.0006021763529842531,5.531039969366631
mono-00000844,838.169,1.1973314149541352,-4,0.0012794412774071494,4.975659491804592
mono-00000844,838.169,1.1973314149541352,-3,0.0006805386836429201,4.350138004953635
mono-00000844,838.169,1.1973314149541352,-2,0.06967033642686328,3.6182788401145274
mono-00000844,838.169,1.1973314149541352,-1,0.25556197866581615,2.6947930270511478
mono-00000844,838.169,1.1973314149541352,0,0.33531928794849103,1.197331414953723
mono-00000844,838.169,1.1973314149541352,1,0.0,0.0
mono-00000844,838.169,1.1973314149541352,2,0.0,0.0
mono-00000844,838.169,1.1973314149541352,3,0.0,0.0
mono-00000844,838.169,1.1973314149541352,4,0.0,0.0
mono-00000844,838.169,1.1973314149541352,5,0.0,0.0
mono-00000843,837.184,1.1980352117002724,-5,0.0006023032696828301,5.534295268423833
mono-00000843,837.184,1.1980352117002724,-4,0.0012703365167683917,4.978587468667854
mono-00000843,837.184,1.1980352117002724,-3,0.0006917680608347374,4.352697482433115
mono-00000843,837.184,1.1980352117002724,-2,0.06947720382047307,3.6204073604742035
mono-00000843,837.184,1.1980352117002724,-1,0.2555653900170325,2.6963779775179404
mono-00000843,837.184,1.1980352117002724,0,0.3354297177454221,1.1980352116998318
mono-00000843,837.184,1.1980352117002724,1,0.0,0.0
mono-00000843,837.184,1.1980352117002724,2,0.0,0.0
mono-00000843,837.184,1.1980352117002724,3,0.0,0.0
mono-00000843,837.184,1.1980352117002724,4,0.0,0.0
mono-00000843,837.184,1.1980352117002724,5,0.0,0.0
mono-00000854,848.018,1.1903616942977777,-5,0.0006001526149403738,5.498803036281174
mono-00000854,848.018,1.1903616942977777,-4,0.0013711802587929242,4.946663957841437
mono-00000854,848.018,1.1903616942977777,-3,0.0005729286782737137,4.324791654064654
mono-00000854,848.018,1.1903616942977777,-2,0.07160025686222325,3.5972001977657158
mono-00000854,848.018,1.1903616942977777,-1,0.2555077071429976,2.6790973034906926
mono-00000854,848.018,1.1903616942977777,0,0.3342287211832666,1.1903616942980761
mono-00000854,848.018,1.1903616942977777,1,0.0,0.0
mono-00000854,848.018,1.1903616942977777,2,0.0,0.0
mono-00000854,848.018,1.1903616942977777,3,0.0,0.0
mono-00000854,848.018,1.1903616942977777,4,0.0,0.0
mono-00000854,848.018,1.1903616942977777,5,0.0,0.0
mono-00000855,848.998,1.1896748283486858,-5,0.0005998849342790995,5.495626125162161
mono-00000855,848.998,1.1896748283486858,-4,0.0013803736143189489,4.943806478497294
mono-00000855,848.998,1.1896748283486858,-3,0.0005627192012200766,4.322293794091522
mono-00000855,848.998,1.1896748283486858,-2,0.07179229463070423,3.5951229132975584
mono-00000855,848.998,1.1896748283486858,-1,0.2555004492399248,2.6775504987412972
mono-00000855,848.998,1.1896748283486858,0,0.33412028229544033,1.1896748283487142
mono-00000855,848.998,1.1896748283486858,1,0.0,0.0
mono-00000855,848.998,1.1896748283486858,2,0.0,0.0
mono-00000855,848.998,1.1896748283486858,3,0.0,0.0
mono-00000855,848.998,1.1896748283486858,4,0.0,0.0
mono-00000855,848.998,1.1896748283486858,5,0.0,0.0
mono-00000846,840.143,1.1959246890326938,-5,0.0006018738817993265,5.524533405903313
mono-00000846,840.143,1.1959246890326938,-4,0.0012977309865736062,4.969807164648785
mono-00000846,840.143,1.1959246890326938,-3,0.0006582656918011128,4.3450222180031375
mono-00000846,840.143,1.1959246890326938,-2,0.0700573206490062,3.6140244321053814
mono-00000846,840.143,1.1959246890326938,-1,0.2555542817521411,2.6916250848515944
mono-00000846,840.143,1.1959246890326938,0,0.3351002132337509,1.1959246890329496
mono-00000846,840.143,1.1959246890326938,1,0.0,0.0
mono-00000846,840.143,1.1959246890326938,2,0.0,0.0
mono-00000846,840.143,1.1959246890326938,3,0.0,0.0
mono-00000846,840.143,1.1959246890326938,4,0.0,0.0
mono-00000846,840.143,1.1959246890326938,5,0.0,0.0
mono-00000849,843.093,1.1938316499711306,-5,0.0006013365314616827,5.514852475479557
mono-00000849,843.093,1.1938316499711306,-4,0.00132515348562581,4.9610996478904354
mono-00000849,843.093,1.1938316499711306,-3,0.0006256631047634863,4.337410573898552
mono-00000849,843.093,1.1938316499711306,-2,0.07063546543737266,3.6076944063168526
mono-00000849,843.093,1.1938316499711306,-1,0.25553920470288266,2.686911579925578
mono-00000849,843.093,1.1938316499711306,0,0.33477050093938177,1.1938316499707042
mono-00000849,843.093,1.1938316499711306,1,0.0,0.0
mono-00000849,843.093,1.1938316499711306,2,0.0,0.0
mono-00000849,843.093,1.1938316499711306,3,0.0,0.0
mono-00000849,843.093,1.1938316499711306,4,0.0,0.0
mono-00000849,843.093,1.1938316499711306,5,0.0,0.0
mono-00000856,849.993,1.1889786641750106,-5,0.0005996016276057227,5.492406214679534
mono-00000856,849.993,1.1889786641750106,-4,0.0013897188370084555,4.94091032251437
mono-00000856,849.993,1.1889786641750106,-3,0.0005524493566573196,4.319762124320135
mono-00000856,849.993,1.1889786641750106,-2,0.0719872794119634,3.5930175111279397
mono-00000856,849.993,1.1889786641750106,-1,0.2554927453176539,2.6759827562249825
mono-00000856,849.993,1.1889786641750106,0,0.33401009441981644,1.1889786641753375
mono-00000856,849.993,1.1889786641750106,1,0.0,0.0
mono-00000856,849.993,1.1889786641750106,2,0.0,0.0
mono-00000856,849.993,1.1889786641750106,3,0.0,0.0
mono-00000856,849.993,1.1889786641750106,4,0.0,0.0
mono-00000856,849.993,1.1889786641750106,5,0.0,0.0
mono-00000852,846.044,1.1917488579844786,-5,0.0006006744667962123,5.50521900464264
mono-00000852,846.044,1.1917488579844786,-4,0.0013526968001153926,4.952434811683162
mono-00000852,846.044,1.1917488579844786,-3,0.0005938171351625014,4.329836232585777
mono-00000852,846.044,1.1917488579844786,-2,0.07121365273239166,3.6013953969363826
mono-00000852,846.044,1.1917488579844786,-1,0.2555211688702165,2.6822211658216872
mono-00000852,846.044,1.1917488579844786,0,0.3344436781953381,1.191748857984365
mono-00000852,846.044,1.1917488579844786,1,0.0,0.0
mono-00000852,846.044,1.1917488579844786,2,0.0,0.0
mono-00000852,846.044,1.1917488579844786,3,0.0,0.0
mono-00000852,846.044,1.1917488579844786,4,0.0,0.0
mono-00000852,846.044,1.1917488579844786,5,0.0,0.0
mono-00000853,847.032,1.1910539675899798,-5,0.0006004211778165796,5.502004964574695
mono-00000853,847.032,1.1910539675899798,-4,0.0013619422359229137,4.949543938169924
mono-00000853,847.032,1.1910539675899798,-3,0.0005833202331884727,4.327309182544383
mono-00000853,847.032,1.1910539675899798,-2,0.07140716721022722,3.599293838468043
mono-00000853,847.032,1.1910539675899798,-1,0.25551456859695676,2.680656287027233
mono-00000853,847.032,1.1910539675899798,0,0.3343357215167591,1.1910539675898235
mono-00000853,847.032,1.1910539675899798,1,0.0,0.0
mono-00000853,847.032,1.1910539675899798,2,0.0,0.0
mono-00000853,847.032,1.1910539675899798,3,0.0,0.0
mono-00000853,847.032,1.1910539675899798,4,0.0,0.0
mono-00000853,847.032,1.1910539675899798,5,0.0,0.0
mono-00000857,850.972,1.188294886031457,-5,0.0005993073804039229,5.489243599170024
mono-00000857,850.972,1.188294886031457,-4,0.0013989241969585258,4.93806569987278
mono-00000857,850.972,1.188294886031457,-3,0.0005424299484514858,4.317275501654478
mono-00000857,850.972,1.188294886031457,-2,0.07217909102083744,3.5909495707053765
mono-00000857,850.972,1.188294886031457,-1,0.2554848856587985,2.674442908273761
mono-00000857,850.972,1.188294886031457,0,0.3339023869921853,1.188294886031386
mono-00000857,850.972,1.188294886031457,1,0.0,0.0
mono-00000857,850.972,1.188294886031457,2,0.0,0.0
mono-00000857,850.972,1.188294886031457,3,0.0,0.0
mono-00000857,850.972,1.188294886031457,4,0.0,0.0
mono-00000857,850.972,1.188294886031457,5,0.0,0.0
mono-00000858,851.96,1.1876060165274822,-5,0.000598995064813606,5.486057441968711
mono-00000858,851.96,1.1876060165274822,-4,0.0014082249007021576,4.935199901839368
mono-00000858,851.96,1.1876060165274822,-3,0.000532405149225444,4.314770367874289
mono-00000858,851.96,1.1876060165274822,-2,0.07237265137466155,3.5888662353622465
mono-00000858,851.96,1.1876060165274822,-1,0.2554767483748275,2.6728915963003033
mono-00000858,851.96,1.1876060165274822,0,0.3337944724224017,1.187606016527468
mono-00000858,851.96,1.1876060165274822,1,0.0,0.0
mono-00000858,851.96,1.1876060165274822,2,0.0,0.0
mono-00000858,851.96,1.1876060165274822,3,0.0,0.0
mono-00000858,851.96,1.1876060165274822,4,0.0,0.0
mono-00000858,851.96,1.1876060165274822,5,0.0,0.0
mono-00000859,852.938,1.1869252979430769,-5,0.0005986707550364134,5.482908991180196
mono-00000859,852.938,1.1869252979430769,-4,0.0014174417774172594,4.932368018199114
mono-00000859,852.938,1.1869252979430769,-3,0.0005225684764337315,4.312294879651546
mono-00000859,852.938,1.1869252979430769,-2,0.07256424053904914,3.5868075534615826
mono-00000859,852.938,1.1869252979430769,-1,0.2554685027341082,2.671358641482115
mono-00000859,852.938,1.1869252979430769,0,0.3336884362116052,1.186925297943148
mono-00000859,852.938,1.1869252979430769,1,0.0,0.0
mono-00000859,852.938,1.1869252979430769,2,0.0,0.0
mono-00000859,852.938,1.1869252979430769,3,0.0,0.0
mono-00000859,852.938,1.1869252979430769,4,0.0,0.0
mono-00000859,852.938,1.1869252979430769,5,0.0,0.0
mono-00000869,862.793,1.1801306003096386,-5,0.0005946983353285028,5.45148261341609
mono-00000869,862.793,1.1801306003096386,-4,0.001510813631615578,4.904101426579217
mono-00000869,862.793,1.1801306003096386,-3,0.00042871167042976907,4.287585630884536
mono-00000869,862.793,1.1801306003096386,-2,0.07449458547483223,3.5662586526465105
mono-00000869,862.793,1.1801306003096386,-1,0.25537099427057885,2.6560573003750108
mono-00000869,862.793,1.1801306003096386,0,0.33263512873019213,1.1801306003100933
mono-00000869,862.793,1.1801306003096386,1,0.0,0.0
mono-00000869,862.793,1.1801306003096386,2,0.0,0.0
mono-00000869,862.793,1.1801306003096386,3,0.0,0.0
mono-00000869,862.793,1.1801306003096386,4,0.0,0.0
mono-00000869,862.793,1.1801306003096386,5,0.0,0.0
mono-00000860,853.919,1.1862436658399673,-5,0.0005983301061160533,5.4797563219699015
mono-00000860,853.919,1.1862436658399673,-4,0.001426696139630915,4.929532339544139
mono-00000860,853.919,1.1862436658399673,-3,0.0005127890362308714,4.309816073356345
mono-00000860,853.919,1.1862436658399673,-2,0.07275637765614938,3.5847461115809978
mono-00000860,853.919,1.1862436658399673,-1,0.2554599643037513,2.6698236309905923
mono-00000860,853.919,1.1862436658399673,0,0.3335827883750459,1.1862436658398394
mono-00000860,853.919,1.1862436658399673,1,0.0,0.0
mono-00000860,853.919,1.1862436658399673,2,0.0,0.0
mono-00000860,853.919,1.1862436658399673,3,0.0,0.0
mono-00000860,853.919,1.1862436658399673,4,0.0,0.0
mono-00000860,853.919,1.1862436658399673,5,0.0,0.0
mono-00000862,855.894,1.1848749233240454,-5,0.0005976056450334508,5.473425665848353
mono-00000862,855.894,1.1848749233240454,-4,0.0014453559302371605,4.923838207903614
mono-00000862,855.894,1.1848749233240454,-3,0.0004933857077731443,4.304838550597012
mono-00000862,855.894,1.1848749233240454,-2,0.0731431877598264,3.580606668229464
mono-00000862,855.894,1.1848749233240454,-1,0.25544197160107546,2.6667412777037214
mono-00000862,855.894,1.1848749233240454,0,0.33337089717668555,1.1848749233243154
mono-00000862,855.894,1.1848749233240454,1,0.0,0.0
mono-00000862,855.894,1.1848749233240454,2,0.0,0.0
mono-00000862,855.894,1.1848749233240454,3,0.0,0.0
mono-00000862,855.894,1.1848749233240454,4,0.0,0.0
mono-00000862,855.894,1.1848749233240454,5,0.0,0.0
mono-00000863,856.886,1.1841892185411496,-5,0.0005972334782154292,5.470254180276953
mono-00000863,856.886,1.1841892185411496,-4,0.0014547449945812884,4.9209856025636896
mono-00000863,856.886,1.1841892185411496,-3,0.00048380743632319226,4.302344945842677
mono-00000863,856.886,1.1841892185411496,-2,0.07333762598310603,3.5785329177891896
mono-00000863,856.886,1.1841892185411496,-1,0.2554325181865184,2.6651971003473136
mono-00000863,856.886,1.1841892185411496,0,0.3332629199595922,1.1841892185411211
mono-00000863,856.886,1.1841892185411496,1,0.0,0.0
mono-00000863,856.886,1.1841892185411496,2,0.0,0.0
mono-00000863,856.886,1.1841892185411496,3,0.0,0.0
mono-00000863,856.886,1.1841892185411496,4,0.0,0.0
mono-00000863,856.886,1.1841892185411496,5,0.0,0.0
mono-00000865,858.858,1.1828296318782634,-5,0.0005964476398568152,5.463965912030844
mono-00000865,858.858,1.1828296318782634,-4,0.0014734336391095443,4.915329592405186
mono-00000865,858.858,1.1828296318782634,-3,0.00046504142243020553,4.2974007429823615
mono-00000865,858.858,1.1828296318782634,-2,0.07372401466930899,3.5744211806826627
mono-00000865,858.858,1.1828296318782634,-1,0.25541291168363944,2.662135374895783
mono-00000865,858.858,1.1828296318782634,0,0.3330503899514063,1.1828296318784766
mono-00000865,858.858,1.1828296318782634,1,0.0,0.0
mono-00000865,858.858,1.1828296318782634,2,0.0,0.0
mono-00000865,858.858,1.1828296318782634,3,0.0,0.0
mono-00000865,858.858,1.1828296318782634,4,0.0,0.0
mono-00000865,858.858,1.1828296318782634,5,0.0,0.0
mono-00000867,860.833,1.1814726596928011,-5,0.0005955995499714892,5.457689762880676
mono-00000867,860.833,1.1814726596928011,-4,0.0014921805666332864,4.9096844798837225
mono-00000867,860.833,1.1814726596928011,-3,0.00044661900228166974,4.292466063667376
mono-00000867,860.833,1.1814726596928011,-2,0.07411081834140597,3.5703173613176205
mono-00000867,860.833,1.1814726596928011,-1,0.25539225270566934,2.659079543214375
mono-00000867,860.833,1.1814726596928011,0,0.3328404182195832,1.1814726596927727
mono-00000867,860.833,1.1814726596928011,1,0.0,0.0
mono-00000867,860.833,1.1814726596928011,2,0.0,0.0
mono-00000867,860.833,1.1814726596928011,3,0.0,0.0
mono-00000867,860.833,1.1814726596928011,4,0.0,0.0
mono-00000867,860.833,1.1814726596928011,5,0.0,0.0
mono-00000861,854.912,1.1855548903297972,-5,0.0005979696653917129,5.476570620116178
mono-00000861,854.912,1.1855548903297972,-4,0.0014360727071076433,4.92666694881575
mono-00000861,854.912,1.1855548903297972,-3,0.0005029800071794917,4.307311293600577
mono-00000861,854.912,1.1855548903297972,-2,0.07295082379017355,3.582663068881317
mono-00000861,854.912,1.1855548903297972,-1,0.25545105238941085,2.668272535372054
mono-00000861,854.912,1.1855548903297972,0,0.3334765793669048,1.185554890329655
mono-00000861,854.912,1.1855548903297972,1,0.0,0.0
mono-00000861,854.912,1.1855548903297972,2,0.0,0.0
mono-00000861,854.912,1.1855548903297972,3,0.0,0.0
mono-00000861,854.912,1.1855548903297972,4,0.0,0.0
mono-00000861,854.912,1.1855548903297972,5,0.0,0.0
mono-00000871,864.771,1.1787808419140333,-5,0.0005938653861846779,5.44523988164913
mono-00000871,864.771,1.1787808419140333,-4,0.001529939748461478,4.89848636569765
mono-00000871,864.771,1.1787808419140333,-3,0.0004111401870156903,4.2826772160561575
mono-00000871,864.771,1.1787808419140333,-2,0.07489167384035343,3.5621766710331144
mono-00000871,864.771,1.1787808419140333,-1,0.2553719223568657,2.653017725777545
mono-00000871,864.771,1.1787808419140333,0,0.33243561986801967,1.1787808419142465
mono-00000871,864.771,1.1787808419140333,1,0.0,0.0
mono-00000871,864.771,1.1787808419140333,2,0.0,0.0
mono-00000871,864.771,1.1787808419140333,3,0.0,0.0
mono-00000871,864.771,1.1787808419140333,4,0.0,0.0
mono-00000871,864.771,1.1787808419140333,5,0.0,0.0
mono-00000870,863.775,1.1794599185911068,-5,0.0005942899962422869,5.448380657882055
mono-00000870,863.775,1.1794599185911068,-4,0.0015202997554701675,4.901311355250186
mono-00000870,863.775,1.1794599185911068,-3,0.00041993857922079656,4.285146685705627
mono-00000870,863.775,1.1794599185911068,-2,0.07469156006334512,3.5642303546457867
mono-00000870,863.775,1.1794599185911068,-1,0.2553711718492684,2.6545469647964097
mono-00000870,863.775,1.1794599185911068,0,0.3325356496266429,1.179459918590723
mono-00000870,863.775,1.1794599185911068,1,0.0,0.0
mono-00000870,863.775,1.1794599185911068,2,0.0,0.0
mono-00000870,863.775,1.1794599185911068,3,0.0,0.0
mono-00000870,863.775,1.1794599185911068,4,0.0,0.0
mono-00000870,863.775,1.1794599185911068,5,0.0,0.0
mono-00000864,857.864,1.1835143551111855,-5,0.000596851389099181,5.467132844240098
mono-00000864,857.864,1.1835143551111855,-4,0.0014640096244172346,4.918178103690309
mono-00000864,857.864,1.1835143551111855,-3,0.00047445458869410043,4.299890770247629
mono-00000864,857.864,1.1835143551111855,-2,0.07352927564634627,3.576491957149699
mono-00000864,857.864,1.1835143551111855,-1,0.2554229286427396,2.6636773387646713
mono-00000864,857.864,1.1835143551111855,0,0.3331571638227122,1.1835143551111713
mono-00000864,857.864,1.1835143551111855,1,0.0,0.0
mono-00000864,857.864,1.1835143551111855,2,0.0,0.0
mono-00000864,857.864,1.1835143551111855,3,0.0,0.0
mono-00000864,857.864,1.1835143551111855,4,0.0,0.0
mono-00000864,857.864,1.1835143551111855,5,0.0,0.0
mono-00000876,869.685,1.1754475426201054,-5,0.0005915486362289744,5.429823240462866
mono-00000876,869.685,1.1754475426201054,-4,0.00157761510347715,4.8846197670048355
mono-00000876,869.685,1.1754475426201054,-3,0.00036917173182465443,4.270555694616675
mono-00000876,869.685,1.1754475426201054,-2,0.07587885520181345,3.55209604886079
mono-00000876,869.685,1.1754475426201054,-1,0.25537241386660037,2.6455113622492803
mono-00000876,869.685,1.1754475426201054,0,0.33195255620991987,1.1754475426202333
mono-00000876,869.685,1.1754475426201054,1,0.0,0.0
mono-00000876,869.685,1.1754475426201054,2,0.0,0.0
mono-00000876,869.685,1.1754475426201054,3,0.0,0.0
mono-00000876,869.685,1.1754475426201054,4,0.0,0.0
mono-00000876,869.685,1.1754475426201054,5,0.0,0.0
mono-00000868,861.802,1.1808085900311482,-5,0.0005951614895184188,5.4546183756674225
mono-00000868,861.802,1.1808085900311482,-4,0.0015013894743111961,4.906921904823093
mono-00000868,861.802,1.1808085900311482,-3,0.0004377187212929452,4.290051155664997
mono-00000868,861.802,1.1808085900311482,-2,0.0743005720635771,3.568309054449287
mono-00000868,861.802,1.1808085900311482,-1,0.25538186830979576,2.657584094651
mono-00000868,861.802,1.1808085900311482,0,0.33273857059395856,1.180808590030722
mono-00000868,861.802,1.1808085900311482,1,0.0,0.0
mono-00000868,861.802,1.1808085900311482,2,0.0,0.0
mono-00000868,861.802,1.1808085900311482,3,0.0,0.0
mono-00000868,861.802,1.1808085900311482,4,0.0,0.0
mono-00000868,861.802,1.1808085900311482,5,0.0,0.0
mono-00000866,859.836,1.1821570889252087,-5,0.0005960352582692534,5.460855321801986
mono-00000866,859.836,1.1821570889252087,-4,0.0014827132600176822,4.912531757438231
mono-00000866,859.836,1.1821570889252087,-3,0.000455871835413956,4.294955013790087
mono-00000866,859.836,1.1821570889252087,-2,0.07391557305061894,3.5723872431638597
mono-00000866,859.836,1.1821570889252087,-1,0.2554027934260712,2.660620841940201
mono-00000866,859.836,1.1821570889252087,0,0.332946038795112,1.1821570889249955
mono-00000866,859.836,1.1821570889252087,1,0.0,0.0
mono-00000866,859.836,1.1821570889252087,2,0.0,0.0
mono-00000866,859.836,1.1821570889252087,3,0.0,0.0
mono-00000866,859.836,1.1821570889252087,4,0.0,0.0
mono-00000866,859.836,1.1821570889252087,5,0.0,0.0
mono-00000880,873.621,1.1727979469809782,-5,0.0005895677200607606,5.417568870255337
mono-00000880,873.621,1.1727979469809782,-4,0.001616210777023184,4.873597481065559
mono-00000880,873.621,1.1727979469809782,-3,0.0003374421615332656,4.260920524955537
mono-00000880,873.621,1.1727979469809782,-2,0.07667872858258422,3.544083141834534
mono-00000880,873.621,1.1727979469809782,-1,0.25538985253409063,2.639544678925205
mono-00000880,873.621,1.1727979469809782,0,0.33157940705524197,1.1727979469808645
mono-00000880,873.621,1.1727979469809782,1,0.0,0.0
mono-00000880,873.621,1.1727979469809782,2,0.0,0.0
mono-00000880,873.621,1.1727979469809782,3,0.0,0.0
mono-00000880,873.621,1.1727979469809782,4,0.0,0.0
mono-00000880,873.621,1.1727979469809782,5,0.0,0.0
mono-00000890,883.485,1.1662357271137012,-5,0.0005836113232647994,5.387219062300716
mono-00000890,883.485,1.1662357271137012,-4,0.0017140476173155737,4.846299069139533
mono-00000890,883.485,1.1662357271137012,-3,0.00026490496481147664,4.237057480384095
mono-00000890,883.485,1.1662357271137012,-2,0.07870707975212811,3.5242378537043066
mono-00000890,883.485,1.1662357271137012,-1,0.2554861811407016,2.6247671690161525
mono-00000890,883.485,1.1662357271137012,0,0.3307670805479543,1.166235727113886
mono-00000890,883.485,1.1662357271137012,1,0.0,0.0
mono-00000890,883.485,1.1662357271137012,2,0.0,0.0
mono-00000890,883.485,1.1662357271137012,3,0.0,0.0
mono-00000890,883.485,1.1662357271137012,4,0.0,0.0
mono-00000890,883.485,1.1662357271137012,5,0.0,0.0
mono-00000878,871.656,1.1741184830922435,-5,0.0005905715492011018,5.423676332312908
mono-00000878,871.656,1.1741184830922435,-4,0.0015968991946351783,4.879090885379725
mono-00000878,871.656,1.1741184830922435,-3,0.00035307204218011667,4.265722604720068
mono-00000878,871.656,1.1741184830922435,-2,0.07627845039150663,3.5480767019411275
mono-00000878,871.656,1.1741184830922435,-1,0.2553794457738731,2.6425184206736674
mono-00000878,871.656,1.1741184830922435,0,0.3317642465461556,1.1741184830918883
mono-00000878,871.656,1.1741184830922435,1,0.0,0.0
mono-00000878,871.656,1.1741184830922435,2,0.0,0.0
mono-00000878,871.656,1.1741184830922435,3,0.0,0.0
mono-00000878,871.656,1.1741184830922435,4,0.0,0.0
mono-00000878,871.656,1.1741184830922435,5,0.0,0.0
mono-00000881,874.62,1.1721282966229438,-5,0.0005890352784839523,5.414471755807298
mono-00000881,874.62,1.1721282966229438,-4,0.0016260388535791063,4.8708117563014355
mono-00000881,874.62,1.1721282966229438,-3,0.00032964997908470345,4.2584853723746505
mono-00000881,874.62,1.1721282966229438,-2,0.07688224264534178,3.5420579917652475
mono-00000881,874.62,1.1721282966229438,-1,0.25539486449378923,2.6380366820392993
mono-00000881,874.62,1.1721282966229438,0,0.3314864932884183,1.1721282966231854
mono-00000881,874.62,1.1721282966229438,1,0.0,0.0
mono-00000881,874.62,1.1721282966229438,2,0.0,0.0
mono-00000881,874.62,1.1721282966229438,3,0.0,0.0
mono-00000881,874.62,1.1721282966229438,4,0.0,0.0
mono-00000881,874.62,1.1721282966229438,5,0.0,0.0
mono-00000874,867.714,1.1767811257296046,-5,0.0005925220614414751,5.435991095850156
mono-00000874,867.714,1.1767811257296046,-4,0.0015584712624811346,4.8901674869655665
mono-00000874,867.714,1.1767811257296046,-3,0.00038571409011016103,4.275405249590975
mono-00000874,867.714,1.1767811257296046,-2,0.07548292495331899,3.556129086442013
mono-00000874,867.714,1.1767811257296046,-1,0.2553728429928572,2.6485144964179597
mono-00000874,867.714,1.1767811257296046,0,0.33214421217485796,1.1767811257298177
mono-00000874,867.714,1.1767811257296046,1,0.0,0.0
mono-00000874,867.714,1.1767811257296046,2,0.0,0.0
mono-00000874,867.714,1.1767811257296046,3,0.0,0.0
mono-00000874,867.714,1.1767811257296046,4,0.0,0.0
mono-00000874,867.714,1.1767811257296046,5,0.0,0.0
mono-00000884,877.561,1.1701635228814098,-5,0.0005873817612537134,5.405384768669592
mono-00000884,877.561,1.1701635228814098,-4,0.001655007370274297,4.862638387776286
mono-00000884,877.561,1.1701635228814098,-3,0.00030732310766534314,4.251340585533654
mono-00000884,877.561,1.1701635228814098,-2,0.07748142778193623,3.536116157366635
mono-00000884,877.561,1.1701635228814098,-1,0.2554085743130601,2.6336121835277027
mono-00000884,877.561,1.1701635228814098,0,0.33121713547168885,1.1701635228813103
mono-00000884,877.561,1.1701635228814098,1,0.0,0.0
mono-00000884,877.561,1.1701635228814098,2,0.0,0.0
mono-00000884,877.561,1.1701635228814098,3,0.0,0.0
mono-00000884,877.561,1.1701635228814098,4,0.0,0.0
mono-00000884,877.561,1.1701635228814098,5,0.0,0.0
mono-00000873,866.733,1.1774465665744316,-5,0.0005929845284185659,5.4390687860922355
mono-00000873,866.733,1.1774465665744316,-4,0.0015489533138694877,4.892935735573275
mono-00000873,866.733,1.1774465665744316,-3,0.0003940937035968051,4.277825120938061
mono-00000873,866.733,1.1774465665744316,-2,0.07528584982171024,3.558141524310102
mono-00000873,866.733,1.1774465665744316,-1,0.25537274769431667,2.6500130239851813
mono-00000873,866.733,1.1774465665744316,0,0.3322406541073252,1.1774465665745595
mono-00000873,866.733,1.1774465665744316,1,0.0,0.0
mono-00000873,866.733,1.1774465665744316,2,0.0,0.0
mono-00000873,866.733,1.1774465665744316,3,0.0,0.0
mono-00000873,866.733,1.1774465665744316,4,0.0,0.0
mono-00000873,866.733,1.1774465665744316,5,0.0,0.0
mono-00000872,865.748,1.1781158578107096,-5,0.0005934341096612332,5.442164291010442
mono-00000872,865.748,1.1781158578107096,-4,0.0015394039216673576,4.895720006999625
mono-00000872,865.748,1.1781158578107096,-3,0.00040260410724118694,4.280258998037752
mono-00000872,865.748,1.1781158578107096,-2,0.0750879623502728,3.560165609227724
mono-00000872,865.748,1.1781158578107096,-1,0.25537244038329465,2.6515202238417572
mono-00000872,865.748,1.1781158578107096,0,0.3323381884673401,1.178115857811136
mono-00000872,865.748,1.1781158578107096,1,0.0,0.0
mono-00000872,865.748,1.1781158578107096,2,0.0,0.0
mono-00000872,865.748,1.1781158578107096,3,0.0,0.0
mono-00000872,865.748,1.1781158578107096,4,0.0,0.0
mono-00000872,865.748,1.1781158578107096,5,0.0,0.0
mono-00000888,881.517,1.1675361816600685,-5,0.0005849226591212451,5.393233524490341
mono-00000888,881.517,1.1675361816600685,-4,0.0016943997483403067,4.851708837466802
mono-00000888,881.517,1.1675361816600685,-3,0.0002785689196156266,4.241786461491188
mono-00000888,881.517,1.1675361816600685,-2,0.07829921893998089,3.528170633246006
mono-00000888,881.517,1.1675361816600685,-1,0.25545925448794793,2.627695660751556
mono-00000888,881.517,1.1675361816600685,0,0.3309114632132221,1.1675361816599263
mono-00000888,881.517,1.1675361816600685,1,0.0,0.0
mono-00000888,881.517,1.1675361816600685,2,0.0,0.0
mono-00000888,881.517,1.1675361816600685,3,0.0,0.0
mono-00000888,881.517,1.1675361816600685,4,0.0,0.0
mono-00000888,881.517,1.1675361816600685,5,0.0,0.0
mono-00000887,880.526,1.1681926835759384,-5,0.0005855613757908713,5.396269784345876
mono-00000887,880.526,1.1681926835759384,-4,0.0016845126740047203,4.854439830830557
mono-00000887,880.526,1.1681926835759384,-3,0.0002856150913418609,4.244173774653618
mono-00000887,880.526,1.1681926835759384,-2,0.0780939157138705,3.530156002272534
mono-00000887,880.526,1.1681926835759384,-1,0.25544559106455467,2.6291740385728275
mono-00000887,880.526,1.1681926835759384,0,0.3309853774180015,1.1681926835760237
mono-00000887,880.526,1.1681926835759384,1,0.0,0.0
mono-00000887,880.526,1.1681926835759384,2,0.0,0.0
mono-00000887,880.526,1.1681926835759384,3,0.0,0.0
mono-00000887,880.526,1.1681926835759384,4,0.0,0.0
mono-00000887,880.526,1.1681926835759384,5,0.0,0.0
mono-00000875,868.709,1.1761073394605859,-5,0.000592038030901701,5.4328748142147845
mono-00000875,868.709,1.1761073394605859,-4,0.0015681321386446388,4.887364526361807
mono-00000875,868.709,1.1761073394605859,-3,0.00037731386315767565,4.272955034027234
mono-00000875,868.709,1.1761073394605859,-2,0.07568280323509081,3.5540914128486776
mono-00000875,868.709,1.1761073394605859,-1,0.2553727286614065,2.646997177005119
mono-00000875,868.709,1.1761073394605859,0,0.3320471068066979,1.1761073394607138
mono-00000875,868.709,1.1761073394605859,1,0.0,0.0
mono-00000875,868.709,1.1761073394605859,2,0.0,0.0
mono-00000875,868.709,1.1761073394605859,3,0.0,0.0
mono-00000875,868.709,1.1761073394605859,4,0.0,0.0
mono-00000875,868.709,1.1761073394605859,5,0.0,0.0
mono-00000889,882.489,1.1668933405706525,-5,0.0005842821089938621,5.390260450669302
mono-00000889,882.489,1.1668933405706525,-4,0.0017041017763739174,4.849034676737702
mono-00000889,882.489,1.1668933405706525,-3,0.000271765294447723,4.2394488283075304
mono-00000889,882.489,1.1668933405706525,-2,0.07850063654988121,3.5262265792268295
mono-00000889,882.489,1.1668933405706525,-1,0.2554725865218963,2.6262480471317815
mono-00000889,882.489,1.1668933405706525,0,0.3308397517445315,1.166893340570482
mono-00000889,882.489,1.1668933405706525,1,0.0,0.0
mono-00000889,882.489,1.1668933405706525,2,0.0,0.0
mono-00000889,882.489,1.1668933405706525,3,0.0,0.0
mono-00000889,882.489,1.1668933405706525,4,0.0,0.0
mono-00000889,882.489,1.1668933405706525,5,0.0,0.0
mono-00000879,872.658,1.1734445534418114,-5,0.0005900668858233319,5.420559413447208
mono-00000879,872.658,1.1734445534418114,-4,0.0016067432055349355,4.876287348774952
mono-00000879,872.658,1.1734445534418114,-3,0.0003450520939346236,4.26327188310249
mono-00000879,872.658,1.1734445534418114,-2,0.07648255710723227,3.546038605269132
mono-00000879,872.658,1.1734445534418114,-1,0.25538484454732974,2.6410007842660974
mono-00000879,872.658,1.1734445534418114,0,0.3316696486629374,1.173444553441783
mono-00000879,872.658,1.1734445534418114,1,0.0,0.0
mono-00000879,872.658,1.1734445534418114,2,0.0,0.0
mono-00000879,872.658,1.1734445534418114,3,0.0,0.0
mono-00000879,872.658,1.1734445534418114,4,0.0,0.0
mono-00000879,872.658,1.1734445534418114,5,0.0,0.0
mono-00000892,885.462,1.1649336909734558,-5,0.0005822367971173518,5.381197309688233
mono-00000892,885.462,1.1649336909734558,-4,0.0017338007483986531,4.840882740707471
mono-00000892,885.462,1.1649336909734558,-3,0.00025162492287902655,4.2323227623417665
mono-00000892,885.462,1.1649336909734558,-2,0.07911701554244344,3.520300301045964
mono-00000892,885.462,1.1649336909734558,-1,0.25551298493714336,2.6218351212100544
mono-00000892,885.462,1.1649336909734558,0,0.33062527987692525,1.1649336909731147
mono-00000892,885.462,1.1649336909734558,1,0.0,0.0
mono-00000892,885.462,1.1649336909734558,2,0.0,0.0
mono-00000892,885.462,1.1649336909734558,3,0.0,0.0
mono-00000892,885.462,1.1649336909734558,4,0.0,0.0
mono-00000892,885.462,1.1649336909734558,5,0.0,0.0
mono-00000877,870.672,1.1747814375492567,-5,0.0005910525041879341,5.426742497396546
mono-00000877,870.672,1.1747814375492567,-4,0.0015872393221637306,4.881848770404872
mono-00000877,870.672,1.1747814375492567,-3,0.00036104812328853107,4.268133419218088
mono-00000877,870.672,1.1747814375492567,-2,0.07607801988925669,3.550081610055557
mono-00000877,870.672,1.1747814375492567,-1,0.2553739535846179,2.6440113432648786
mono-00000877,870.672,1.1747814375492567,0,0.33185783861030715,1.1747814375495267
mono-00000877,870.672,1.1747814375492567,1,0.0,0.0
mono-00000877,870.672,1.1747814375492567,2,0.0,0.0
mono-00000877,870.672,1.1747814375492567,3,0.0,0.0
mono-00000877,870.672,1.1747814375492567,4,0.0,0.0
mono-00000877,870.672,1.1747814375492567,5,0.0,0.0
mono-00000882,875.596,1.1714751701723571,-5,0.0005885007577732058,5.411451070197344
mono-00000882,875.596,1.1714751701723571,-4,0.001635646760845136,4.8680947753950505
mono-00000882,875.596,1.1714751701723571,-3,0.0003221385834834557,4.256110311905175
mono-00000882,875.596,1.1714751701723571,-2,0.07708107986515884,3.5400828156653006
mono-00000882,875.596,1.1714751701723571,-1,0.25539958465302676,2.6365658970320567
mono-00000882,875.596,1.1714751701723571,0,0.33139641128066816,1.1714751701721724
mono-00000882,875.596,1.1714751701723571,1,0.0,0.0
mono-00000882,875.596,1.1714751701723571,2,0.0,0.0
mono-00000882,875.596,1.1714751701723571,3,0.0,0.0
mono-00000882,875.596,1.1714751701723571,4,0.0,0.0
mono-00000882,875.596,1.1714751701723571,5,0.0,0.0
mono-00000893,886.433,1.1642957931339168,-5,0.0005815472864335842,5.378247121648911
mono-00000893,886.433,1.1642957931339168,-4,0.001743525719054837,4.838229162217658
mono-00000893,886.433,1.1642957931339168,-3,0.00024527061185922714,4.230003118912691
mono-00000893,886.433,1.1642957931339168,-2,0.07931898267574095,3.5183712058651793
mono-00000893,886.433,1.1642957931339168,-1,0.25552729895506265,2.620398644693452
mono-00000893,886.433,1.1642957931339168,0,0.3305571689860422,1.1642957931338174
mono-00000893,886.433,1.1642957931339168,1,0.0,0.0
mono-00000893,886.433,1.1642957931339168,2,0.0,0.0
mono-00000893,886.433,1.1642957931339168,3,0.0,0.0
mono-00000893,886.433,1.1642957931339168,4,0.0,0.0
mono-00000893,886.433,1.1642957931339168,5,0.0,0.0
mono-00000894,887.42,1.1636484568622052,-5,0.0005808353417130469,5.37525328813571
mono-00000894,887.42,1.1636484568622052,-4,0.0017534225069800104,4.835536325682938
mono-00000894,887.42,1.1636484568622052,-3,0.00023892555712361628,4.227649157216774
mono-00000894,887.42,1.1636484568622052,-2,0.07952458785061754,3.5164135699225767
mono-00000894,887.42,1.1636484568622052,-1,0.25554236629909677,2.6189409152076593
mono-00000894,887.42,1.1636484568622052,0,0.33048890007276466,1.1636484568622194
mono-00000894,887.42,1.1636484568622052,1,0.0,0.0
mono-00000894,887.42,1.1636484568622052,2,0.0,0.0
mono-00000894,887.42,1.1636484568622052,3,0.0,0.0
mono-00000894,887.42,1.1636484568622052,4,0.0,0.0
mono-00000894,887.42,1.1636484568622052,5,0.0,0.0
mono-00000885,878.561,1.1694977072406516,-5,0.0005867849774286983,5.402305414907545
mono-00000885,878.561,1.1694977072406516,-4,0.0016649240309384538,4.859868635241114
mono-00000885,878.561,1.1694977072406516,-3,0.00029991014300569357,4.248919392668014
mono-00000885,878.561,1.1694977072406516,-2,0.07768700716015618,3.534102614469248
mono-00000885,878.561,1.1694977072406516,-1,0.2554183346590766,2.632112827839606
mono-00000885,878.561,1.1694977072406516,0,0.3311343768584435,1.1694977072405663
mono-00000885,878.561,1.1694977072406516,1,0.0,0.0
mono-00000885,878.561,1.1694977072406516,2,0.0,0.0
mono-00000885,878.561,1.1694977072406516,3,0.0,0.0
mono-00000885,878.561,1.1694977072406516,4,0.0,0.0
mono-00000885,878.561,1.1694977072406516,5,0.0,0.0
mono-00000886,879.543,1.1688449810751393,-5,0.0005861805754199145,5.399286605295288
mono-00000886,879.543,1.1688449810751393,-4,0.0016747103794949186,4.857153339010182
mono-00000886,879.543,1.1688449810751393,-3,0.00029271277439773814,4.246545802443407
mono-00000886,879.543,1.1688449810751393,-2,0.0778903209220762,3.532128658947798
mono-00000886,879.543,1.1688449810751393,-1,0.2554319627079532,2.630642949853339
mono-00000886,879.543,1.1688449810751393,0,0.3310594901210894,1.1688449810750257
mono-00000886,879.543,1.1688449810751393,1,0.0,0.0
mono-00000886,879.543,1.1688449810751393,2,0.0,0.0
mono-00000886,879.543,1.1688449810751393,3,0.0,0.0
mono-00000886,879.543,1.1688449810751393,4,0.0,0.0
mono-00000886,879.543,1.1688449810751393,5,0.0,0.0
mono-00000883,876.588,1.1708124542559801,-5,0.0005879429912551754,5.408386039940169
mono-00000883,876.588,1.1708124542559801,-4,0.0016454179804874292,4.865337907637482
mono-00000883,876.588,1.1708124542559801,-3,0.0003146075991746674,4.253700383558936
mono-00000883,876.588,1.1708124542559801,-2,0.0772831852422066,3.5380786417861003
mono-00000883,876.588,1.1708124542559801,-1,0.2554042074284375,2.635073518793405
mono-00000883,876.588,1.1708124542559801,0,0.33130555692514363,1.1708124542558949
mono-00000883,876.588,1.1708124542559801,1,0.0,0.0
mono-00000883,876.588,1.1708124542559801,2,0.0,0.0
mono-00000883,876.588,1.1708124542559801,3,0.0,0.0
mono-00000883,876.588,1.1708124542559801,4,0.0,0.0
mono-00000883,876.588,1.1708124542559801,5,0.0,0.0
mono-00000895,888.409,1.1630008906809195,-5,0.000580107819879035,5.372258397319527
mono-00000895,888.409,1.1630008906809195,-4,0.0017633421840298744,4.832842537488361
mono-00000895,888.409,1.1630008906809195,-3,0.00023268274582318281,4.225294363033115
mono-00000895,888.409,1.1630008906809195,-2,0.07973067062890904,3.514455241138805
mono-00000895,888.409,1.1630008906809195,-1,0.2555574253861408,2.617482669353322
mono-00000895,888.409,1.1630008906809195,0,0.3304213165988273,1.163000890681019
mono-00000895,888.409,1.1630008906809195,1,0.0,0.0
mono-00000895,888.409,1.1630008906809195,2,0.0,0.0
mono-00000895,888.409,1.1630008906809195,3,0.0,0.0
mono-00000895,888.409,1.1630008906809195,4,0.0,0.0
mono-00000895,888.409,1.1630008906809195,5,0.0,0.0
mono-00000891,884.464,1.1655904202891634,-5,0.0005829378071791326,5.38423459674874
mono-00000891,884.464,1.1655904202891634,-4,0.00172382752360896,4.843614660685532
mono-00000891,884.464,1.1655904202891634,-3,0.000258272388901768,4.234710887911362
mono-00000891,884.464,1.1655904202891634,-2,0.07891005131780547,3.522286347804638
mono-00000891,884.464,1.1655904202891634,-1,0.25549948268962147,2.623314005544927
mono-00000891,884.464,1.1655904202891634,0,0.3306964534776128,1.1655904202891776
mono-00000891,884.464,1.1655904202891634,1,0.0,0.0
mono-00000891,884.464,1.1655904202891634,2,0.0,0.0
mono-00000891,884.464,1.1655904202891634,3,0.0,0.0
mono-00000891,884.464,1.1655904202891634,4,0.0,0.0
mono-00000891,884.464,1.1655904202891634,5,0.0,0.0
mono-00000904,897.274,1.1572442366086761,-5,0.0005727972922325173,5.345635048873305
mono-00000904,897.274,1.1572442366086761,-4,0.0018513114403610489,4.808895838769189
mono-00000904,897.274,1.1572442366086761,-3,0.00018214124428225038,4.204361159579122
mono-00000904,897.274,1.1572442366086761,-2,0.08155037536117105,3.497046438101293
mono-00000904,897.274,1.1572442366086761,-1,0.25561769874471374,2.604519394770307
mono-00000904,897.274,1.1572442366086761,0,0.32979685597452696,1.1572442366089604
mono-00000904,897.274,1.1572442366086761,1,0.0,0.0
mono-00000904,897.274,1.1572442366086761,2,0.0,0.0
mono-00000904,897.274,1.1572442366086761,3,0.0,0.0
mono-00000904,897.274,1.1572442366086761,4,0.0,0.0
mono-00000904,897.274,1.1572442366086761,5,0.0,0.0
mono-00000897,890.379,1.1617142114179018,-5,0.0005786173987308231,5.366307727710549
mono-00000897,890.379,1.1617142114179018,-4,0.0017831113553603516,4.827490138899805
mono-00000897,890.379,1.1617142114179018,-3,0.00022059454063855685,4.22061552384784
mono-00000897,890.379,1.1617142114179018,-2,0.08014146114038079,3.5105641541315578
mono-00000897,890.379,1.1617142114179018,-1,0.2555876190135502,2.6145852171111983
mono-00000897,890.379,1.1617142114179018,0,0.3302894431337903,1.161714211417845
mono-00000897,890.379,1.1617142114179018,1,0.0,0.0
mono-00000897,890.379,1.1617142114179018,2,0.0,0.0
mono-00000897,890.379,1.1617142114179018,3,0.0,0.0
mono-00000897,890.379,1.1617142114179018,4,0.0,0.0
mono-00000897,890.379,1.1617142114179018,5,0.0,0.0
mono-00000898,891.356,1.1610776789908925,-5,0.0005778576070565803,5.36336388379101
mono-00000898,891.356,1.1610776789908925,-4,0.0017929183613553119,4.824842263488321
mono-00000898,891.356,1.1610776789908925,-3,0.00021477263535342464,4.2183008629320256
mono-00000898,891.356,1.1610776789908925,-2,0.08034528094726051,3.508639200061566
mono-00000898,891.356,1.1610776789908925,-1,0.2556025561903724,2.6131518220102095
mono-00000898,891.356,1.1610776789908925,0,0.3302252726395024,1.1610776789907362
mono-00000898,891.356,1.1610776789908925,1,0.0,0.0
mono-00000898,891.356,1.1610776789908925,2,0.0,0.0
mono-00000898,891.356,1.1610776789908925,3,0.0,0.0
mono-00000898,891.356,1.1610776789908925,4,0.0,0.0
mono-00000898,891.356,1.1610776789908925,5,0.0,0.0
mono-00000900,893.335,1.159791525925968,-5,0.0005762769069804666,5.357415683050121
mono-00000900,893.335,1.159791525925968,-4,0.0018127868358617186,4.819492081683833
mono-00000900,893.335,1.159791525925968,-3,0.0002033360670184874,4.213623958104463
mono-00000900,893.335,1.159791525925968,-2,0.08075832582207901,3.5047497186985765
mono-00000900,893.335,1.159791525925968,-1,0.2556327575603903,2.6102555627272324
mono-00000900,893.335,1.159791525925968,0,0.33009780645482106,1.1597915259261242
mono-00000900,893.335,1.159791525925968,1,0.0,0.0
mono-00000900,893.335,1.159791525925968,2,0.0,0.0
mono-00000900,893.335,1.159791525925968,3,0.0,0.0
mono-00000900,893.335,1.159791525925968,4,0.0,0.0
mono-00000900,893.335,1.159791525925968,5,0.0,0.0
mono-00000896,889.39,1.1623596294915046,-5,0.000579372601540226,5.369292671995552
mono-00000896,889.39,1.1623596294915046,-4,0.0017731855758948358,4.8301749818763255
mono-00000896,889.39,1.1623596294915046,-3,0.0002266051531547458,4.222962499669634
mono-00000896,889.39,1.1623596294915046,-2,0.07993520017856186,3.51251598191503
mono-00000896,889.39,1.1623596294915046,-1,0.2555724734607513,2.616038622970578
mono-00000896,889.39,1.1623596294915046,0,0.3303552328449294,1.1623596294913625
mono-00000896,889.39,1.1623596294915046,1,0.0,0.0
mono-00000896,889.39,1.1623596294915046,2,0.0,0.0
mono-00000896,889.39,1.1623596294915046,3,0.0,0.0
mono-00000896,889.39,1.1623596294915046,4,0.0,0.0
mono-00000896,889.39,1.1623596294915046,5,0.0,0.0
mono-00000899,892.34,1.1604376423659204,-5,0.0005770786074209928,5.360403839436344
mono-00000899,892.34,1.1604376423659204,-4,0.0018027969206944126,4.822179815764287
mono-00000899,892.34,1.1604376423659204,-3,0.00020902621684034225,4.215973462944078
mono-00000899,892.34,1.1604376423659204,-2,0.08055062347634531,3.506703651226374
mono-00000899,892.34,1.1604376423659204,-1,0.2556175805298497,2.6117105371980074
mono-00000899,892.34,1.1604376423659204,0,0.33016147118133216,1.1604376423658493
mono-00000899,892.34,1.1604376423659204,1,0.0,0.0
mono-00000899,892.34,1.1604376423659204,2,0.0,0.0
mono-00000899,892.34,1.1604376423659204,3,0.0,0.0
mono-00000899,892.34,1.1604376423659204,4,0.0,0.0
mono-00000899,892.34,1.1604376423659204,5,0.0,0.0
mono-00000903,896.286,1.1578815834050005,-5,0.0005736942555926954,5.348582624295901
mono-00000903,896.286,1.1578815834050005,-4,0.0018416785417111172,4.811547074339515
mono-00000903,896.286,1.1578815834050005,-3,0.0001872709841479253,4.206678761216679
mono-00000903,896.286,1.1578815834050005,-2,0.08135244760289308,3.498973840773374
mono-00000903,896.286,1.1578815834050005,-1,0.25562337044000993,2.6059546158227676
mono-00000903,896.286,1.1578815834050005,0,0.3298724811446998,1.1578815834051284
mono-00000903,896.286,1.1578815834050005,1,0.0,0.0
mono-00000903,896.286,1.1578815834050005,2,0.0,0.0
mono-00000903,896.286,1.1578815834050005,3,0.0,0.0
mono-00000903,896.286,1.1578815834050005,4,0.0,0.0
mono-00000903,896.286,1.1578815834050005,5,0.0,0.0
mono-00000901,894.318,1.1591542604798235,-5,0.0005754406486663771,5.3544684665262565
mono-00000901,894.318,1.1591542604798235,-4,0.0018224768266791663,4.816841170828511
mono-00000901,894.318,1.1591542604798235,-3,0.0001978561967798187,4.2113066420183145
mono-00000901,894.318,1.1591542604798235,-2,0.08095813259573868,3.502822554991937
mono-00000901,894.318,1.1591542604798235,-1,0.2556343610570759,2.6088205209263577
mono-00000901,894.318,1.1591542604798235,0,0.3300255042875375,1.1591542604802498
mono-00000901,894.318,1.1591542604798235,1,0.0,0.0
mono-00000901,894.318,1.1591542604798235,2,0.0,0.0
mono-00000901,894.318,1.1591542604798235,3,0.0,0.0
mono-00000901,894.318,1.1591542604798235,4,0.0,0.0
mono-00000901,894.318,1.1591542604798235,5,0.0,0.0
mono-00000912,905.154,1.1521983358242807,-5,0.0005652152828482853,5.322299176704973
mono-00000912,905.154,1.1521983358242807,-4,0.0019279102183429055,4.787906058608186
mono-00000912,905.154,1.1521983358242807,-3,0.00014579465585567788,4.1860127327732926
mono-00000912,905.154,1.1521983358242807,-2,0.08312723834512308,3.4817871947219174
mono-00000912,905.154,1.1521983358242807,-1,0.2555645282735553,2.5931567369866855
mono-00000912,905.154,1.1521983358242807,0,0.32920949063098903,1.1521983358247354
mono-00000912,905.154,1.1521983358242807,1,0.0,0.0
mono-00000912,905.154,1.1521983358242807,2,0.0,0.0
mono-00000912,905.154,1.1521983358242807,3,0.0,0.0
mono-00000912,905.154,1.1521983358242807,4,0.0,0.0
mono-00000912,905.154,1.1521983358242807,5,0.0,0.0
mono-00000905,898.269,1.156603436699612,-5,0.000571880522857988,5.3426715094586115
mono-00000905,898.269,1.156603436699612,-4,0.00186100787470775,4.806230243537655
mono-00000905,898.269,1.156603436699612,-3,0.0001771008885711949,4.202031004742338
mono-00000905,898.269,1.156603436699612,-2,0.0817497039410967,3.495108595226611
mono-00000905,898.269,1.156603436699612,-1,0.25561194070814097,2.6030763990861487
mono-00000905,898.269,1.156603436699612,0,0.3297215577498779,1.156603436699541
mono-00000905,898.269,1.156603436699612,1,0.0,0.0
mono-00000905,898.269,1.156603436699612,2,0.0,0.0
mono-00000905,898.269,1.156603436699612,3,0.0,0.0
mono-00000905,898.269,1.156603436699612,4,0.0,0.0
mono-00000905,898.269,1.156603436699612,5,0.0,0.0
mono-00000907,900.235,1.1553404166752443,-5,0.0005700297477542143,5.336830374613811
mono-00000907,900.235,1.1553404166752443,-4,0.0018801517163901697,4.8009763546709365
mono-00000907,900.235,1.1553404166752443,-3,0.00016751612030795702,4.197438267302488
mono-00000907,900.235,1.1553404166752443,-2,0.08214356360107541,3.4912891035748856
mono-00000907,900.235,1.1553404166752443,-1,0.2556004819954244,2.6002322508115157
mono-00000907,900.235,1.1553404166752443,0,0.3295753740632791,1.1553404166756138
mono-00000907,900.235,1.1553404166752443,1,0.0,0.0
mono-00000907,900.235,1.1553404166752443,2,0.0,0.0
mono-00000907,900.235,1.1553404166752443,3,0.0,0.0
mono-00000907,900.235,1.1553404166752443,4,0.0,0.0
mono-00000907,900.235,1.1553404166752443,5,0.0,0.0
mono-00000902,895.309,1.1585128708920536,-5,0.000574567963553826,5.35150218256949
mono-00000902,895.309,1.1585128708920536,-4,0.0018321481613837755,4.814173108891495
mono-00000902,895.309,1.1585128708920536,-3,0.00019246509763371053,4.208974332596739
mono-00000902,895.309,1.1585128708920536,-2,0.08115670300122847,3.50088292178377
mono-00000902,895.309,1.1585128708920536,-1,0.2556288791474564,2.607376193403553
mono-00000902,895.309,1.1585128708920536,0,0.3299480527556506,1.1585128708919399
mono-00000902,895.309,1.1585128708920536,1,0.0,0.0
mono-00000902,895.309,1.1585128708920536,2,0.0,0.0
mono-00000902,895.309,1.1585128708920536,3,0.0,0.0
mono-00000902,895.309,1.1585128708920536,4,0.0,0.0
mono-00000902,895.309,1.1585128708920536,5,0.0,0.0
mono-00000908,901.216,1.1547117369833586,-5,0.0005690866078755669,5.333922905119124
mono-00000908,901.216,1.1547117369833586,-4,0.0018896947578477023,4.798361190423066
mono-00000908,901.216,1.1547117369833586,-3,0.0001629211029732811,4.195152195517096
mono-00000908,901.216,1.1547117369833586,-2,0.08234006233984899,3.4893879203373217
mono-00000908,901.216,1.1547117369833586,-1,0.2555946365539695,2.5988165520870155
mono-00000908,901.216,1.1547117369833586,0,0.3295036393043154,1.1547117369834154
mono-00000908,901.216,1.1547117369833586,1,0.0,0.0
mono-00000908,901.216,1.1547117369833586,2,0.0,0.0
mono-00000908,901.216,1.1547117369833586,3,0.0,0.0
mono-00000908,901.216,1.1547117369833586,4,0.0,0.0
mono-00000908,901.216,1.1547117369833586,5,0.0,0.0
mono-00000906,899.245,1.1559759062370176,-5,0.0005709683097188,5.339769343572613
mono-00000906,899.245,1.1559759062370176,-4,0.0018705146370364514,4.803619850929024
mono-00000906,899.245,1.1559759062370176,-3,0.00017228020959452763,4.1997491052367195
mono-00000906,899.245,1.1559759062370176,-2,0.08194524163153417,3.4932108827822503
mono-00000906,899.245,1.1559759062370176,-1,0.2556062962950131,2.6016632857062376
mono-00000906,899.245,1.1559759062370176,0,0.32964858388083973,1.1559759062369181
mono-00000906,899.245,1.1559759062370176,1,0.0,0.0
mono-00000906,899.245,1.1559759062370176,2,0.0,0.0
mono-00000906,899.245,1.1559759062370176,3,0.0,0.0
mono-00000906,899.245,1.1559759062370176,4,0.0,0.0
mono-00000906,899.245,1.1559759062370176,5,0.0,0.0
mono-00000910,903.187,1.153451706144324,-5,0.0005671714953351936,5.328095628267789
mono-00000910,903.187,1.153451706144324,-4,0.0019088385166004449,4.793119762614609
mono-00000910,903.187,1.153451706144324,-3,0.00015409011275550508,4.190570347716857
mono-00000910,903.187,1.153451706144324,-2,0.0827342084304897,3.4855774820084804
mono-00000910,903.187,1.153451706144324,-1,0.2555801780850956,2.5959791427314514
mono-00000910,903.187,1.153451706144324,0,0.32935587496014307,1.1534517061444376
mono-00000910,903.187,1.153451706144324,1,0.0,0.0
mono-00000910,903.187,1.153451706144324,2,0.0,0.0
mono-00000910,903.187,1.153451706144324,3,0.0,0.0
mono-00000910,903.187,1.153451706144324,4,0.0,0.0
mono-00000910,903.187,1.153451706144324,5,0.0,0.0
mono-00000913,906.146,1.1515677823799564,-5,0.0005642093847875511,5.319383069710327
mono-00000913,906.146,1.1515677823799564,-4,0.0019375160280310382,4.785283122161815
mono-00000913,906.146,1.1515677823799564,-3,0.00014180666005725,4.18371986408944
mono-00000913,906.146,1.1515677823799564,-2,0.08332540767078941,3.4798803565121688
mono-00000913,906.146,1.1515677823799564,-1,0.2555565024565886,2.5917368252181774
mono-00000913,906.146,1.1515677823799564,0,0.3291368726896565,1.1515677823798995
mono-00000913,906.146,1.1515677823799564,1,0.0,0.0
mono-00000913,906.146,1.1515677823799564,2,0.0,0.0
mono-00000913,906.146,1.1515677823799564,3,0.0,0.0
mono-00000913,906.146,1.1515677823799564,4,0.0,0.0
mono-00000913,906.146,1.1515677823799564,5,0.0,0.0
mono-00000916,909.102,1.1496949556201486,-5,0.0005611364592644049,5.310721881101742
mono-00000916,909.102,1.1496949556201486,-4,0.0019660878369057947,4.777492681719693
mono-00000916,909.102,1.1496949556201486,-3,0.00013071080545975434,4.176909761818408
mono-00000916,909.102,1.1496949556201486,-2,0.08391583537886238,3.474216809422856
mono-00000916,909.102,1.1496949556201486,-1,0.25553233984023116,2.5875195078306206
mono-00000916,909.102,1.1496949556201486,0,0.3289255447979413,1.1496949556202338
mono-00000916,909.102,1.1496949556201486,1,0.0,0.0
mono-00000916,909.102,1.1496949556201486,2,0.0,0.0
mono-00000916,909.102,1.1496949556201486,3,0.0,0.0
mono-00000916,909.102,1.1496949556201486,4,0.0,0.0
mono-00000916,909.102,1.1496949556201486,5,0.0,0.0
mono-00000919,912.049,1.1478368973600936,-5,0.0005579693787034686,5.302129040753911
mono-00000919,912.049,1.1478368973600936,-4,0.0019943129015940818,4.769763712815504
mono-00000919,912.049,1.1478368973600936,-3,0.00012087973958263802,4.170153390791995
mono-00000919,912.049,1.1478368973600936,-2,0.08449856976781989,3.4685979431243084
mono-00000919,912.049,1.1478368973600936,-1,0.2554926684929502,2.5833354579582277
mono-00000919,912.049,1.1478368973600936,0,0.32870399894965135,1.147836897359909
mono-00000919,912.049,1.1478368973600936,1,0.0,0.0
mono-00000919,912.049,1.1478368973600936,2,0.0,0.0
mono-00000919,912.049,1.1478368973600936,3,0.0,0.0
mono-00000919,912.049,1.1478368973600936,4,0.0,0.0
mono-00000919,912.049,1.1478368973600936,5,0.0,0.0
mono-00000920,913.046,1.1472103338295199,-5,0.0005568741895916608,5.299231424410138
mono-00000920,913.046,1.1472103338295199,-4,0.002003815823475771,4.767157403836066
mono-00000920,913.046,1.1472103338295199,-3,0.00011783050986941655,4.167875053407585
mono-00000920,913.046,1.1472103338295199,-2,0.08469486557971435,3.4667031863862405
mono-00000920,913.046,1.1472103338295199,-1,0.2554770788102624,2.5819245396473463
mono-00000920,913.046,1.1472103338295199,0,0.3286282576533883,1.1472103338292499
mono-00000920,913.046,1.1472103338295199,1,0.0,0.0
mono-00000920,913.046,1.1472103338295199,2,0.0,0.0
mono-00000920,913.046,1.1472103338295199,3,0.0,0.0
mono-00000920,913.046,1.1472103338295199,4,0.0,0.0
mono-00000920,913.046,1.1472103338295199,5,0.0,0.0
mono-00000909,902.195,1.154085361046313,-5,0.0005681385744273316,5.331026095429564
mono-00000909,902.195,1.154085361046313,-4,0.0018992086461590849,4.795755613675453
mono-00000909,902.195,1.154085361046313,-3,0.00015846756522050403,4.192874504193398
mono-00000909,902.195,1.154085361046313,-2,0.08253595087216753,3.4874937061271254
mono-00000909,902.195,1.154085361046313,-1,0.2555879287742541,2.5974060423638434
mono-00000909,902.195,1.154085361046313,0,0.3294308985608175,1.154085361046043
mono-00000909,902.195,1.154085361046313,1,0.0,0.0
mono-00000909,902.195,1.154085361046313,2,0.0,0.0
mono-00000909,902.195,1.154085361046313,3,0.0,0.0
mono-00000909,902.195,1.154085361046313,4,0.0,0.0
mono-00000909,902.195,1.154085361046313,5,0.0,0.0
mono-00000934,972.774,1.111449483994818,-5,0.00047551760721301366,5.133860266496498
mono-00000934,972.774,1.111449483994818,-4,0.002537885334681474,4.618410584263017
mono-00000934,972.774,1.111449483994818,-3,0.00021093699324512355,4.0378452826566615
mono-00000934,972.774,1.111449483994818,-2,0.09625866450659865,3.3585644337458262
mono-00000934,972.774,1.111449483994818,-1,0.2540980553129585,2.501399033869575
mono-00000934,972.774,1.111449483994818,0,0.32460977615691344,1.111449483994818
mono-00000934,972.774,1.111449483994818,1,0.0,0.0
mono-00000934,972.774,1.111449483994818,2,0.0,0.0
mono-00000934,972.774,1.111449483994818,3,0.0,0.0
mono-00000934,972.774,1.111449483994818,4,0.0,0.0
mono-00000934,972.774,1.111449483994818,5,0.0,0.0
mono-00000924,933.36,1.134663356050794,-5,0.000532313838838898,5.241207618623733
mono-00000924,933.36,1.134663356050794,-4,0.0021937911586911063,4.7149668041595305
mono-00000924,933.36,1.134663356050794,-3,8.699752432615256e-05,4.122251878286818
mono-00000924,933.36,1.134663356050794,-2,0.0886626879050781,3.4287610244659845
mono-00000924,933.36,1.134663356050794,-1,0.2550807362320872,2.5536710673169694
mono-00000924,933.36,1.134663356050794,0,0.3271408712817535,1.1346633560507513
mono-00000924,933.36,1.134663356050794,1,0.0,0.0
mono-00000924,933.36,1.134663356050794,2,0.0,0.0
mono-00000924,933.36,1.134663356050794,3,0.0,0.0
mono-00000924,933.36,1.134663356050794,4,0.0,0.0
mono-00000924,933.36,1.134663356050794,5,0.0,0.0
mono-00000927,945.188,1.127544740887842,-5,0.0005163723410868728,5.2082883858135745
mono-00000927,945.188,1.127544740887842,-4,0.0023006549832542116,4.685356876104819
mono-00000927,945.188,1.127544740887842,-3,9.774351005319657e-05,4.096367831309024
mono-00000927,945.188,1.127544740887842,-2,0.09094564794977754,3.407234672256891
mono-00000927,945.188,1.127544740887842,-1,0.2547846971020182,2.537641485303965
mono-00000927,945.188,1.127544740887842,0,0.3263015096437165,1.1275447408876857
mono-00000927,945.188,1.127544740887842,1,0.0,0.0
mono-00000927,945.188,1.127544740887842,2,0.0,0.0
mono-00000927,945.188,1.127544740887842,3,0.0,0.0
mono-00000927,945.188,1.127544740887842,4,0.0,0.0
mono-00000927,945.188,1.127544740887842,5,0.0,0.0
mono-00000926,941.24,1.1299059047627225,-5,0.0005218181982882269,5.219207243791715
mono-00000926,941.24,1.1299059047627225,-4,0.002265316704162705,4.695178091637175
mono-00000926,941.24,1.1299059047627225,-3,9.172814299510493e-05,4.10495322976881
mono-00000926,941.24,1.1299059047627225,-2,0.090185021906203,3.4143746872999543
mono-00000926,941.24,1.1299059047627225,-1,0.2548859997208388,2.5429582980366803
mono-00000926,941.24,1.1299059047627225,0,0.3265758146736948,1.1299059047629214
mono-00000926,941.24,1.1299059047627225,1,0.0,0.0
mono-00000926,941.24,1.1299059047627225,2,0.0,0.0
mono-00000926,941.24,1.1299059047627225,3,0.0,0.0
mono-00000926,941.24,1.1299059047627225,4,0.0,0.0
mono-00000926,941.24,1.1299059047627225,5,0.0,0.0
mono-00000928,949.136,1.1251983177807006,-5,0.0005108391262394713,5.197437770862393
mono-00000928,949.136,1.1251983177807006,-4,0.002335722539902925,4.675597034935123
mono-00000928,949.136,1.1251983177807006,-3,0.00010621582589205155,4.087836076890639
mono-00000928,949.136,1.1251983177807006,-2,0.09170629944205264,3.4001392635035472
mono-00000928,949.136,1.1251983177807006,-1,0.2546828352017648,2.532357882872006
mono-00000928,949.136,1.1251983177807006,0,0.32602942689297454,1.1251983177805016
mono-00000928,949.136,1.1251983177807006,1,0.0,0.0
mono-00000928,949.136,1.1251983177807006,2,0.0,0.0
mono-00000928,949.136,1.1251983177807006,3,0.0,0.0
mono-00000928,949.136,1.1251983177807006,4,0.0,0.0
mono-00000928,949.136,1.1251983177807006,5,0.0,0.0
mono-00000911,904.173,1.15282291698486,-5,0.0005661972988650675,5.325187669355998
mono-00000911,904.173,1.15282291698486,-4,0.001918402571386162,4.790504156308245
mono-00000911,904.173,1.15282291698486,-3,0.00014986767267079096,4.188283887850304
mono-00000911,904.173,1.15282291698486,-2,0.08293123745841907,3.483675974579569
mono-00000911,904.173,1.15282291698486,-1,0.2555723786217044,2.5945632013292936
mono-00000911,904.173,1.15282291698486,0,0.3292821003871856,1.1528229169849311
mono-00000911,904.173,1.15282291698486,1,0.0,0.0
mono-00000911,904.173,1.15282291698486,2,0.0,0.0
mono-00000911,904.173,1.15282291698486,3,0.0,0.0
mono-00000911,904.173,1.15282291698486,4,0.0,0.0
mono-00000911,904.173,1.15282291698486,5,0.0,0.0
mono-00000915,908.106,1.1503249681735497,-5,0.0005621843549512023,5.3136354699630886
mono-00000915,908.106,1.1503249681735497,-4,0.00195646959618249,4.780113355021626
mono-00000915,908.106,1.1503249681735497,-3,0.00013431684720654596,4.179200653785955
mono-00000915,908.106,1.1503249681735497,-2,0.08371689899674929,3.476122005154167
mono-00000915,908.106,1.1503249681735497,-1,0.2555404905822958,2.58893819780063
mono-00000915,908.106,1.1503249681735497,0,0.3289958733810499,1.1503249681731376
mono-00000915,908.106,1.1503249681735497,1,0.0,0.0
mono-00000915,908.106,1.1503249681735497,2,0.0,0.0
mono-00000915,908.106,1.1503249681735497,3,0.0,0.0
mono-00000915,908.106,1.1503249681735497,4,0.0,0.0
mono-00000915,908.106,1.1503249681735497,5,0.0,0.0
mono-00000929,953.062,1.1228794365735553,-5,0.000505199781418404,5.186714593275212
mono-00000929,953.062,1.1228794365735553,-4,0.0023701784367198926,4.665951812111274
mono-00000929,953.062,1.1228794365735553,-3,0.00011715652512458981,4.079404510991367
mono-00000929,953.062,1.1228794365735553,-2,0.09246118329127893,3.393127169809887
mono-00000929,953.062,1.1228794365735553,-1,0.2545805409202579,2.527136315427569
mono-00000929,953.062,1.1228794365735553,0,0.3257710325835449,1.122879436573328
mono-00000929,953.062,1.1228794365735553,1,0.0,0.0
mono-00000929,953.062,1.1228794365735553,2,0.0,0.0
mono-00000929,953.062,1.1228794365735553,3,0.0,0.0
mono-00000929,953.062,1.1228794365735553,4,0.0,0.0
mono-00000929,953.062,1.1228794365735553,5,0.0,0.0
mono-00000914,907.133,1.150941433428244,-5,0.0005631957844277751,5.316486412711129
mono-00000914,907.133,1.150941433428244,-4,0.0019470645658185215,4.7826776796972155
mono-00000914,907.133,1.150941433428244,-3,0.00013797004266767634,4.181442287415692
mono-00000914,907.133,1.150941433428244,-2,0.0835225490062399,3.4779862352501425
mono-00000914,907.133,1.150941433428244,-1,0.255548434128638,2.5903263826021288
mono-00000914,907.133,1.150941433428244,0,0.3290654291465845,1.150941433428173
mono-00000914,907.133,1.150941433428244,1,0.0,0.0
mono-00000914,907.133,1.150941433428244,2,0.0,0.0
mono-00000914,907.133,1.150941433428244,3,0.0,0.0
mono-00000914,907.133,1.150941433428244,4,0.0,0.0
mono-00000914,907.133,1.150941433428244,5,0.0,0.0
mono-00000917,910.082,1.1490760729897858,-5,0.0005600935369434909,5.307859769721006
mono-00000917,910.082,1.1490760729897858,-4,0.0019755284400447375,4.774918310048562
mono-00000917,910.082,1.1490760729897858,-3,0.00012729854866233743,4.174659344423318
mono-00000917,910.082,1.1490760729897858,-2,0.0841111131983173,3.472345273466132
mono-00000917,910.082,1.1490760729897858,-1,0.2555230931715234,2.586125881951574
mono-00000917,910.082,1.1490760729897858,0,0.3288557561795837,1.1490760729902547
mono-00000917,910.082,1.1490760729897858,1,0.0,0.0
mono-00000917,910.082,1.1490760729897858,2,0.0,0.0
mono-00000917,910.082,1.1490760729897858,3,0.0,0.0
mono-00000917,910.082,1.1490760729897858,4,0.0,0.0
mono-00000917,910.082,1.1490760729897858,5,0.0,0.0
mono-00000918,911.069,1.1484537788466014,-5,0.0005590337697699483,5.304981886761041
mono-00000918,911.069,1.1484537788466014,-4,0.0019849599195952187,4.772329751781896
mono-00000918,911.069,1.1484537788466014,-3,0.00012401114641769374,4.1723965251135695
mono-00000918,911.069,1.1484537788466014,-2,0.08430556088730597,3.4704634231184173
mono-00000918,911.069,1.1484537788466014,-1,0.25550788317640677,2.5847245751231895
mono-00000918,911.069,1.1484537788466014,0,0.32877922292284895,1.1484537788462887
mono-00000918,911.069,1.1484537788466014,1,0.0,0.0
mono-00000918,911.069,1.1484537788466014,2,0.0,0.0
mono-00000918,911.069,1.1484537788466014,3,0.0,0.0
mono-00000918,911.069,1.1484537788466014,4,0.0,0.0
mono-00000918,911.069,1.1484537788466014,5,0.0,0.0
mono-00000932,964.894,1.1159766635453536,-5,0.00048767934797810876,5.15479461210451
mono-00000932,964.894,1.1159766635453536,-4,0.0024723228847732944,4.637240560849094
mono-00000932,964.894,1.1159766635453536,-3,0.00016549898688497292,4.054305949134857
mono-00000932,964.894,1.1159766635453536,-2,0.09474757773029654,3.3722539669714564
mono-00000932,964.894,1.1159766635453536,-1,0.25430080030261587,2.5115930164804467
mono-00000932,964.894,1.1159766635453536,0,0.3250545924433955,1.1159766635452684
mono-00000932,964.894,1.1159766635453536,1,0.0,0.0
mono-00000932,964.894,1.1159766635453536,2,0.0,0.0
mono-00000932,964.894,1.1159766635453536,3,0.0,0.0
mono-00000932,964.894,1.1159766635453536,4,0.0,0.0
mono-00000932,964.894,1.1159766635453536,5,0.0,0.0
mono-00000921,916.979,1.1447486142189263,-5,0.0005524341057738634,5.287846967639169
mono-00000921,916.979,1.1447486142189263,-4,0.0020411736299600974,4.756917459898958
mono-00000921,916.979,1.1447486142189263,-3,0.00010716080041576604,4.158923673907509
mono-00000921,916.979,1.1447486142189263,-2,0.08546861713957322,3.459258855606663
mono-00000921,916.979,1.1447486142189263,-1,0.2554145671136562,2.5763811629917654
mono-00000921,916.979,1.1447486142189263,0,0.3283372947702919,1.1447486142193384
mono-00000921,916.979,1.1447486142189263,1,0.0,0.0
mono-00000921,916.979,1.1447486142189263,2,0.0,0.0
mono-00000921,916.979,1.1447486142189263,3,0.0,0.0
mono-00000921,916.979,1.1447486142189263,4,0.0,0.0
mono-00000921,916.979,1.1447486142189263,5,0.0,0.0
mono-00000922,920.913,1.14230205428818,-5,0.0005478450505506938,5.27653270269289
mono-00000922,920.913,1.14230205428818,-4,0.002078286499123111,4.746740641942949
mono-00000922,920.913,1.14230205428818,-3,9.871224230631691e-05,4.1500274685205625
mono-00000922,920.913,1.14230205428818,-2,0.08623970911450944,3.4518604025972337
mono-00000922,920.913,1.14230205428818,-1,0.2553439380798684,2.5708719425690134
mono-00000922,920.913,1.14230205428818,0,0.32804474623498675,1.1423020542882796
mono-00000922,920.913,1.14230205428818,1,0.0,0.0
mono-00000922,920.913,1.14230205428818,2,0.0,0.0
mono-00000922,920.913,1.14230205428818,3,0.0,0.0
mono-00000922,920.913,1.14230205428818,4,0.0,0.0
mono-00000922,920.913,1.14230205428818,5,0.0,0.0
mono-00000923,924.856,1.1398655703857798,-5,0.0005430821385076512,5.265265118431927
mono-00000923,924.856,1.1398655703857798,-4,0.0021152145605671134,4.736605802615884
mono-00000923,924.856,1.1398655703857798,-3,9.250314254878658e-05,4.141167951143956
mono-00000923,924.856,1.1398655703857798,-2,0.08701038898162237,3.4444924536765313
mono-00000923,924.856,1.1398655703857798,-1,0.2552680403375241,2.5653854305571855
mono-00000923,924.856,1.1398655703857798,0,0.3277567921241227,1.1398655703860072
mono-00000923,924.856,1.1398655703857798,1,0.0,0.0
mono-00000923,924.856,1.1398655703857798,2,0.0,0.0
mono-00000923,924.856,1.1398655703857798,3,0.0,0.0
mono-00000923,924.856,1.1398655703857798,4,0.0,0.0
mono-00000923,924.856,1.1398655703857798,5,0.0,0.0
mono-00000925,937.303,1.1322753233305463,-5,0.0005271160952485214,5.2301643521804095
mono-00000925,937.303,1.1322753233305463,-4,0.002229735625422487,4.705033703848571
mono-00000925,937.303,1.1322753233305463,-3,8.816853626984461e-05,4.113568689098841
mono-00000925,937.303,1.1322753233305463,-2,0.0894253754325267,3.421539695663853
mono-00000925,937.303,1.1322753233305463,-1,0.2549857147685461,2.5482937161737595
mono-00000925,937.303,1.1322753233305463,0,0.326858267842358,1.13227532333066
mono-00000925,937.303,1.1322753233305463,1,0.0,0.0
mono-00000925,937.303,1.1322753233305463,2,0.0,0.0
mono-00000925,937.303,1.1322753233305463,3,0.0,0.0
mono-00000925,937.303,1.1322753233305463,4,0.0,0.0
mono-00000925,937.303,1.1322753233305463,5,0.0,0.0
mono-00000935,976.716,1.109205322813068,-5,0.00046931011693567384,5.12348303816286
mono-00000935,976.716,1.109205322813068,-4,0.002569780674656183,4.6090764876402375
mono-00000935,976.716,1.109205322813068,-3,0.00023771109875095556,4.029685652594992
mono-00000935,976.716,1.109205322813068,-2,0.09700756784368335,3.351778458587944
mono-00000935,976.716,1.109205322813068,-1,0.2539843699428739,2.4963458140912564
mono-00000935,976.716,1.109205322813068,0,0.32438861118051604,1.109205322813125
mono-00000935,976.716,1.109205322813068,1,0.0,0.0
mono-00000935,976.716,1.109205322813068,2,0.0,0.0
mono-00000935,976.716,1.109205322813068,3,0.0,0.0
mono-00000935,976.716,1.109205322813068,4,0.0,0.0
mono-00000935,976.716,1.109205322813068,5,0.0,0.0
mono-00000936,980.66,1.106973572415086,-5,0.000463010091367486,5.113163266590561
mono-00000936,980.66,1.106973572415086,-4,0.0026011147459573188,4.599794064699083
mono-00000936,980.66,1.106973572415086,-3,0.0002672983863123153,4.021571187680806
mono-00000936,980.66,1.106973572415086,-2,0.09775524643218501,3.345030039276338
mono-00000936,980.66,1.106973572415086,-1,0.25387069019580544,2.4913205553754096
mono-00000936,980.66,1.106973572415086,0,0.3241801907367936,1.1069735724149723
mono-00000936,980.66,1.106973572415086,1,0.0,0.0
mono-00000936,980.66,1.106973572415086,2,0.0,0.0
mono-00000936,980.66,1.106973572415086,3,0.0,0.0
mono-00000936,980.66,1.106973572415086,4,0.0,0.0
mono-00000936,980.66,1.106973572415086,5,0.0,0.0
mono-00000941,1000.357,1.0960260198573906,-5,0.00043078405009151235,5.062541988030205
mono-00000941,1000.357,1.0960260198573906,-4,0.002747175754958401,4.554261155347149
mono-00000941,1000.357,1.0960260198573906,-3,0.0004565799522553111,3.981767346807203
mono-00000941,1000.357,1.0960260198573906,-2,0.10140223855775328,3.311926970367381
mono-00000941,1000.357,1.0960260198573906,-1,0.25315708551749616,2.4666700444374072
mono-00000941,1000.357,1.0960260198573906,0,0.32311488915887265,1.096026019857817
mono-00000941,1000.357,1.0960260198573906,1,0.0,0.0
mono-00000941,1000.357,1.0960260198573906,2,0.0,0.0
mono-00000941,1000.357,1.0960260198573906,3,0.0,0.0
mono-00000941,1000.357,1.0960260198573906,4,0.0,0.0
mono-00000941,1000.357,1.0960260198573906,5,0.0,0.0
mono-00000946,1020.066,1.0853905924341518,-5,0.00039814560657639467,5.013365515245056
mono-00000946,1020.066,1.0853905924341518,-4,0.00287775698072097,4.510027652942597
mono-00000946,1020.066,1.0853905924341518,-3,0.0007169027900411115,3.943099266652368
mono-00000946,1020.066,1.0853905924341518,-2,0.10498198542636358,3.279768329800504
mono-00000946,1020.066,1.0853905924341518,-1,0.25236093136782967,2.44272269425376
mono-00000946,1020.066,1.0853905924341518,0,0.3221024777532977,1.0853905924340381
mono-00000946,1020.066,1.0853905924341518,1,0.0,0.0
mono-00000946,1020.066,1.0853905924341518,2,0.0,0.0
mono-00000946,1020.066,1.0853905924341518,3,0.0,0.0
mono-00000946,1020.066,1.0853905924341518,4,0.0,0.0
mono-00000946,1020.066,1.0853905924341518,5,0.0,0.0
mono-00000938,988.548,1.1025501888283742,-5,0.00045024268997379143,5.092709428239573
mono-00000938,988.548,1.1025501888283742,-4,0.00266153935088029,4.58139623455817
mono-00000938,988.548,1.1025501888283742,-3,0.0003346443792483349,4.005488239281092
mono-00000938,988.548,1.1025501888283742,-2,0.09922575653898695,3.331654589347636
mono-00000938,988.548,1.1025501888283742,-1,0.2535967838951594,2.481360415802044
mono-00000938,988.548,1.1025501888283742,0,0.32373954310804914,1.102550188828232
mono-00000938,988.548,1.1025501888283742,1,0.0,0.0
mono-00000938,988.548,1.1025501888283742,2,0.0,0.0
mono-00000938,988.548,1.1025501888283742,3,0.0,0.0
mono-00000938,988.548,1.1025501888283742,4,0.0,0.0
mono-00000938,988.548,1.1025501888283742,5,0.0,0.0
mono-00000940,996.407,1.098195385430742,-5,0.00043733604670947464,5.072572965248668
mono-00000940,996.407,1.098195385430742,-4,0.002719205936427901,4.563283849026902
mono-00000940,996.407,1.098195385430742,-3,0.00041291397157323364,3.9896547944372287
mono-00000940,996.407,1.098195385430742,-2,0.10067709177372053,3.3184866178098815
mono-00000940,996.407,1.098195385430742,-1,0.25330637645332243,2.471554757185558
mono-00000940,996.407,1.098195385430742,0,0.32331590951872335,1.0981953854309126
mono-00000940,996.407,1.098195385430742,1,0.0,0.0
mono-00000940,996.407,1.098195385430742,2,0.0,0.0
mono-00000940,996.407,1.098195385430742,3,0.0,0.0
mono-00000940,996.407,1.098195385430742,4,0.0,0.0
mono-00000940,996.407,1.098195385430742,5,0.0,0.0
mono-00000930,957.009,1.1205625441276794,-5,0.0004994672899905807,5.176000686366294
mono-00000930,957.009,1.1205625441276794,-4,0.0024046999571410025,4.656314919907899
mono-00000930,957.009,1.1205625441276794,-3,0.00013066942397581684,4.070980220208895
mono-00000930,957.009,1.1205625441276794,-2,0.09322541304791142,3.386121120080034
mono-00000930,957.009,1.1205625441276794,-1,0.2544886991172048,2.521919243037857
mono-00000930,957.009,1.1205625441276794,0,0.32552276398483715,1.1205625441280347
mono-00000930,957.009,1.1205625441276794,1,0.0,0.0
mono-00000930,957.009,1.1205625441276794,2,0.0,0.0
mono-00000930,957.009,1.1205625441276794,3,0.0,0.0
mono-00000930,957.009,1.1205625441276794,4,0.0,0.0
mono-00000930,957.009,1.1205625441276794,5,0.0,0.0
mono-00000933,968.83,1.113708470810721,-5,0.00048165291487162594,5.144306119495766
mono-00000933,968.83,1.113708470810721,-4,0.002505346195269824,4.62780639970768
mono-00000933,968.83,1.113708470810721,-3,0.0001868429034604787,4.04605885893595
mono-00000933,968.83,1.113708470810721,-2,0.09550374861149731,3.365395267427189
mono-00000933,968.83,1.113708470810721,-1,0.2542013211776702,2.506485652590939
mono-00000933,968.83,1.113708470810721,0,0.3248286236751079,1.1137084708105647
mono-00000933,968.83,1.113708470810721,1,0.0,0.0
mono-00000933,968.83,1.113708470810721,2,0.0,0.0
mono-00000933,968.83,1.113708470810721,3,0.0,0.0
mono-00000933,968.83,1.113708470810721,4,0.0,0.0
mono-00000933,968.83,1.113708470810721,5,0.0,0.0
mono-00000931,960.952,1.1182622607702797,-5,0.0004936188566616654,5.165363657248889
mono-00000931,960.952,1.1182622607702797,-4,0.002438752677834864,4.646747169352267
mono-00000931,960.952,1.1182622607702797,-3,0.00014678110863831407,4.062616363876359
mono-00000931,960.952,1.1182622607702797,-2,0.09398799909205015,3.3791653242891755
mono-00000931,960.952,1.1182622607702797,-1,0.25439734702676653,2.5167395868496243
mono-00000931,960.952,1.1182622607702797,0,0.3252874857979587,1.1182622607702513
mono-00000931,960.952,1.1182622607702797,1,0.0,0.0
mono-00000931,960.952,1.1182622607702797,2,0.0,0.0
mono-00000931,960.952,1.1182622607702797,3,0.0,0.0
mono-00000931,960.952,1.1182622607702797,4,0.0,0.0
mono-00000931,960.952,1.1182622607702797,5,0.0,0.0
mono-00000942,1004.305,1.09387054844467,-5,0.00042424795324512746,5.052575319064687
mono-00000942,1004.305,1.09387054844467,-4,0.0027744561198688607,4.545296298974748
mono-00000942,1004.305,1.09387054844467,-3,0.0005029169555973963,3.9739304531742476
mono-00000942,1004.305,1.09387054844467,-2,0.10211964222067399,3.305409361090554
mono-00000942,1004.305,1.09387054844467,-1,0.2529932227016893,2.46181663112813
mono-00000942,1004.305,1.09387054844467,0,0.32289852077807313,1.093870548444599
mono-00000942,1004.305,1.09387054844467,1,0.0,0.0
mono-00000942,1004.305,1.09387054844467,2,0.0,0.0
mono-00000942,1004.305,1.09387054844467,3,0.0,0.0
mono-00000942,1004.305,1.09387054844467,4,0.0,0.0
mono-00000942,1004.305,1.09387054844467,5,0.0,0.0
mono-00000937,984.596,1.1047597252259607,-5,0.0004566735240541753,5.102926347625356
mono-00000937,984.596,1.1047597252259607,-4,0.002631600140326191,4.590586158648222
mono-00000937,984.596,1.1047597252259607,-3,0.00029949449040115824,4.013521857032217
mono-00000937,984.596,1.1047597252259607,-2,0.09849091712212535,3.338335783318712
mono-00000937,984.596,1.1047597252259607,-1,0.2537362351732643,2.4863356247365545
mono-00000937,984.596,1.1047597252259607,0,0.32395681249267666,1.1047597252256764
mono-00000937,984.596,1.1047597252259607,1,0.0,0.0
mono-00000937,984.596,1.1047597252259607,2,0.0,0.0
mono-00000937,984.596,1.1047597252259607,3,0.0,0.0
mono-00000937,984.596,1.1047597252259607,4,0.0,0.0
mono-00000937,984.596,1.1047597252259607,5,0.0,0.0
mono-00000939,992.478,1.1003660471743189,-5,0.00044380176568823267,5.082609999385426
mono-00000939,992.478,1.1003660471743189,-4,0.002690689296710222,4.572311983840777
mono-00000939,992.478,1.1003660471743189,-3,0.00037240137798252556,3.9975469923624445
mono-00000939,992.478,1.1003660471743189,-2,0.09995349963024154,3.3250502104018125
mono-00000939,992.478,1.1003660471743189,-1,0.25345466871086797,2.476442402934495
mono-00000939,992.478,1.1003660471743189,0,0.32352823134928627,1.1003660471744183
mono-00000939,992.478,1.1003660471743189,1,0.0,0.0
mono-00000939,992.478,1.1003660471743189,2,0.0,0.0
mono-00000939,992.478,1.1003660471743189,3,0.0,0.0
mono-00000939,992.478,1.1003660471743189,4,0.0,0.0
mono-00000939,992.478,1.1003660471743189,5,0.0,0.0
mono-00000944,1012.181,1.0896082437873673,-5,0.0004111565984995182,5.032867062426632
mono-00000944,1012.181,1.0896082437873673,-4,0.002826904049614169,4.527569023067912
mono-00000944,1012.181,1.0896082437873673,-3,0.0006040858431767276,3.9584336140384835
mono-00000944,1012.181,1.0896082437873673,-2,0.10354478051471327,3.2925212869348854
mono-00000944,1012.181,1.0896082437873673,-1,0.25266478006886767,2.452219363425428
mono-00000944,1012.181,1.0896082437873673,0,0.322489460228036,1.0896082437873673
mono-00000944,1012.181,1.0896082437873673,1,0.0,0.0
mono-00000944,1012.181,1.0896082437873673,2,0.0,0.0
mono-00000944,1012.181,1.0896082437873673,3,0.0,0.0
mono-00000944,1012.181,1.0896082437873673,4,0.0,0.0
mono-00000944,1012.181,1.0896082437873673,5,0.0,0.0
mono-00000943,1008.243,1.0917331558921433,-5,0.0004177000236000017,5.042692306441808
mono-00000943,1008.243,1.0917331558921433,-4,0.0028009364639828456,4.536406683367005
mono-00000943,1008.243,1.0917331558921433,-3,0.0005520520032091076,3.966159327432379
mono-00000943,1008.243,1.0917331558921433,-2,0.1028316902732603,3.2989464428547564
mono-00000943,1008.243,1.0917331558921433,-1,0.25282678058839536,2.4570039394826892
mono-00000943,1008.243,1.0917331558921433,0,0.3226900079956285,1.0917331558925412
mono-00000943,1008.243,1.0917331558921433,1,0.0,0.0
mono-00000943,1008.243,1.0917331558921433,2,0.0,0.0
mono-00000943,1008.243,1.0917331558921433,3,0.0,0.0
mono-00000943,1008.243,1.0917331558921433,4,0.0,0.0
mono-00000943,1008.243,1.0917331558921433,5,0.0,0.0
mono-00000948,1027.945,1.0812246960955747,-5,0.0003852625183882792,4.994103505292372
mono-00000948,1027.945,1.0812246960955747,-4,0.0029267897658907405,4.492701717717395
mono-00000948,1027.945,1.0812246960955747,-3,0.000841365332777997,3.927953225724991
mono-00000948,1027.945,1.0812246960955747,-2,0.10642753378071194,3.267171959517853
mono-00000948,1027.945,1.0812246960955747,-1,0.2520801415914161,2.4333426121096267
mono-00000948,1027.945,1.0812246960955747,0,0.3217382798820622,1.081224696095731
mono-00000948,1027.945,1.0812246960955747,1,0.0,0.0
mono-00000948,1027.945,1.0812246960955747,2,0.0,0.0
mono-00000948,1027.945,1.0812246960955747,3,0.0,0.0
mono-00000948,1027.945,1.0812246960955747,4,0.0,0.0
mono-00000948,1027.945,1.0812246960955747,5,0.0,0.0
mono-00000951,1039.764,1.0750645662599396,-5,0.00036605887436033966,4.965621105699881
mono-00000951,1039.764,1.0750645662599396,-4,0.0029969013350517426,4.467082111963165
mono-00000951,1039.764,1.0750645662599396,-3,0.0010525469925931283,3.90555695625126
mono-00000951,1039.764,1.0750645662599396,-2,0.10865053398823941,3.2485458212144493
mono-00000951,1039.764,1.0750645662599396,-1,0.2517870835816757,2.4194723379874574
mono-00000951,1039.764,1.0750645662599396,0,0.32136785401550194,1.0750645662599823
mono-00000951,1039.764,1.0750645662599396,1,0.0,0.0
mono-00000951,1039.764,1.0750645662599396,2,0.0,0.0
mono-00000951,1039.764,1.0750645662599396,3,0.0,0.0
mono-00000951,1039.764,1.0750645662599396,4,0.0,0.0
mono-00000951,1039.764,1.0750645662599396,5,0.0,0.0
mono-00000947,1024.003,1.083302958569007,-5,0.0003916959030974328,5.003712815985182
mono-00000947,1024.003,1.083302958569007,-4,0.0029025218336416075,4.501345174757176
mono-00000947,1024.003,1.083302958569007,-3,0.0007776031109771679,3.935509193203842
mono-00000947,1024.003,1.083302958569007,-2,0.10570367864457496,3.273455964840494
mono-00000947,1024.003,1.083302958569007,-1,0.25221853512550885,2.4380220961395906
mono-00000947,1024.003,1.083302958569007,0,0.3219171806369222,1.0833029585690213
mono-00000947,1024.003,1.083302958569007,1,0.0,0.0
mono-00000947,1024.003,1.083302958569007,2,0.0,0.0
mono-00000947,1024.003,1.083302958569007,3,0.0,0.0
mono-00000947,1024.003,1.083302958569007,4,0.0,0.0
mono-00000947,1024.003,1.083302958569007,5,0.0,0.0
mono-00000955,1055.539,1.0670042425268065,-5,0.00034079202780640656,4.928353595116391
mono-00000955,1055.539,1.0670042425268065,-4,0.0030787782650483556,4.43356031247599
mono-00000955,1055.539,1.0670042425268065,-3,0.0013809041329300629,3.8762526351392808
mono-00000955,1055.539,1.0670042425268065,-2,0.11160604090426562,3.224174450116209
mono-00000955,1055.539,1.0670042425268065,-1,0.2514329472759385,2.401323720387026
mono-00000955,1055.539,1.0670042425268065,0,0.3210673899977516,1.0670042425269628
mono-00000955,1055.539,1.0670042425268065,1,0.0,0.0
mono-00000955,1055.539,1.0670042425268065,2,0.0,0.0
mono-00000955,1055.539,1.0670042425268065,3,0.0,0.0
mono-00000955,1055.539,1.0670042425268065,4,0.0,0.0
mono-00000955,1055.539,1.0670042425268065,5,0.0,0.0
mono-00000949,1031.896,1.0791536448940349,-5,0.00037881586306597634,4.984527594573251
mono-00000949,1031.896,1.0791536448940349,-4,0.0029503256400620305,4.484088297293582
mono-00000949,1031.896,1.0791536448940349,-3,0.0009084130014381854,3.920423510166657
mono-00000949,1031.896,1.0791536448940349,-2,0.1071511894643207,3.260909781992808
mono-00000949,1031.896,1.0791536448940349,-1,0.25194236317489566,2.428679378186402
mono-00000949,1031.896,1.0791536448940349,0,0.3215712454087086,1.079153644893836
mono-00000949,1031.896,1.0791536448940349,1,0.0,0.0
mono-00000949,1031.896,1.0791536448940349,2,0.0,0.0
mono-00000949,1031.896,1.0791536448940349,3,0.0,0.0
mono-00000949,1031.896,1.0791536448940349,4,0.0,0.0
mono-00000949,1031.896,1.0791536448940349,5,0.0,0.0
mono-00000945,1016.118,1.0874962260383683,-5,0.00040466930992784047,5.023101499658694
mono-00000945,1016.118,1.0874962260383683,-4,0.002852679742495651,4.518785038599972
mono-00000945,1016.118,1.0874962260383683,-3,0.0006588944039665988,3.9507548171582414
mono-00000945,1016.118,1.0874962260383683,-2,0.10426363318591876,3.2861351443869466
mono-00000945,1016.118,1.0874962260383683,-1,0.25251320015770296,2.4474638346627415
mono-00000945,1016.118,1.0874962260383683,0,0.3222904040024785,1.087496226038283
mono-00000945,1016.118,1.0874962260383683,1,0.0,0.0
mono-00000945,1016.118,1.0874962260383683,2,0.0,0.0
mono-00000945,1016.118,1.0874962260383683,3,0.0,0.0
mono-00000945,1016.118,1.0874962260383683,4,0.0,0.0
mono-00000945,1016.118,1.0874962260383683,5,0.0,0.0
mono-00000950,1035.828,1.0771043236692464,-5,0.00037243368231235395,4.975052212602421
mono-00000950,1035.828,1.0771043236692464,-4,0.0029740073641133053,4.475565295180928
mono-00000950,1035.828,1.0771043236692464,-3,0.0009788103785762334,3.9129728313768766
mono-00000950,1035.828,1.0771043236692464,-2,0.10790104156192061,3.254713331524016
mono-00000950,1035.828,1.0771043236692464,-1,0.25186396288331936,2.424065084775904
mono-00000950,1035.828,1.0771043236692464,0,0.32146326498188893,1.0771043236691753
mono-00000950,1035.828,1.0771043236692464,1,0.0,0.0
mono-00000950,1035.828,1.0771043236692464,2,0.0,0.0
mono-00000950,1035.828,1.0771043236692464,3,0.0,0.0
mono-00000950,1035.828,1.0771043236692464,4,0.0,0.0
mono-00000950,1035.828,1.0771043236692464,5,0.0,0.0
mono-00000953,1047.644,1.0710154891836083,-5,0.00035336506956458555,4.94689978772395
mono-00000953,1047.644,1.0710154891836083,-4,0.003039828806501282,4.4502424620526
mono-00000953,1047.644,1.0710154891836083,-3,0.0012099286550079716,3.8908359637945864
mono-00000953,1047.644,1.0710154891836083,-2,0.11013643499414924,3.2363028997860965
mono-00000953,1047.644,1.0710154891836083,-1,0.2516184443491976,2.4103554154368823
mono-00000953,1047.644,1.0710154891836083,0,0.321199756926237,1.0710154891831252
mono-00000953,1047.644,1.0710154891836083,1,0.0,0.0
mono-00000953,1047.644,1.0710154891836083,2,0.0,0.0
mono-00000953,1047.644,1.0710154891836083,3,0.0,0.0
mono-00000953,1047.644,1.0710154891836083,4,0.0,0.0
mono-00000953,1047.644,1.0710154891836083,5,0.0,0.0
mono-00000964,1090.984,1.049535161825304,-5,0.00028813337991281474,4.847586904533614
mono-00000964,1090.984,1.049535161825304,-4,0.003194774678084078,4.360911062312027
mono-00000964,1090.984,1.049535161825304,-3,0.002306606451780412,3.8127433199821894
mono-00000964,1090.984,1.049535161825304,-2,0.1177314132149399,3.1713557404040955
mono-00000964,1090.984,1.049535161825304,-1,0.250023266619092,2.3619910163727553
mono-00000964,1090.984,1.049535161825304,0,0.3205385532501105,1.0495351618257303
mono-00000964,1090.984,1.049535161825304,1,0.0,0.0
mono-00000964,1090.984,1.049535161825304,2,0.0,0.0
mono-00000964,1090.984,1.049535161825304,3,0.0,0.0
mono-00000964,1090.984,1.049535161825304,4,0.0,0.0
mono-00000964,1090.984,1.049535161825304,5,0.0,0.0
mono-00000957,1063.413,1.0630482224978408,-5,0.0003284538755929935,4.910062951952341
mono-00000957,1063.413,1.0630482224978408,-4,0.0031129786642680535,4.417108004927172
mono-00000957,1063.413,1.0630482224978408,-3,0.0015647650638824734,3.861870211296477
mono-00000957,1063.413,1.0630482224978408,-2,0.11304242548147032,3.2122130682645462
mono-00000957,1063.413,1.0630482224978408,-1,0.2512171471998969,2.3924164201697664
mono-00000957,1063.413,1.0630482224978408,0,0.3209656242880305,1.0630482224983524
mono-00000957,1063.413,1.0630482224978408,1,0.0,0.0
mono-00000957,1063.413,1.0630482224978408,2,0.0,0.0
mono-00000957,1063.413,1.0630482224978408,3,0.0,0.0
mono-00000957,1063.413,1.0630482224978408,4,0.0,0.0
mono-00000957,1063.413,1.0630482224978408,5,0.0,0.0
mono-00000952,1043.709,1.0730317289146853,-5,0.00035969036671742744,4.956222049335651
mono-00000952,1043.709,1.0730317289146853,-4,0.0030189299311605806,4.458627751886439
mono-00000952,1043.709,1.0730317289146853,-3,0.001129727642223977,3.8981662725378214
mono-00000952,1043.709,1.0730317289146853,-2,0.10939824193010417,3.242399256974309
mono-00000952,1043.709,1.0730317289146853,-1,0.2517075073313858,2.4148951849370803
mono-00000952,1043.709,1.0730317289146853,0,0.3212817559960046,1.073031728914927
mono-00000952,1043.709,1.0730317289146853,1,0.0,0.0
mono-00000952,1043.709,1.0730317289146853,2,0.0,0.0
mono-00000952,1043.709,1.0730317289146853,3,0.0,0.0
mono-00000952,1043.709,1.0730317289146853,4,0.0,0.0
mono-00000952,1043.709,1.0730317289146853,5,0.0,0.0
mono-00000954,1051.584,1.0690080321357698,-5,0.0003470709659521299,4.937618186730873
mono-00000954,1051.584,1.0690080321357698,-4,0.0030598696299197524,4.4418937402577825
mono-00000954,1051.584,1.0690080321357698,-3,0.0012936011484189253,3.8835376171368523
mono-00000954,1051.584,1.0690080321357698,-2,0.1108743122494197,3.230233119759518
mono-00000954,1051.584,1.0690080321357698,-1,0.251531242248047,2.405835433120103
mono-00000954,1051.584,1.0690080321357698,0,0.32113092967629925,1.0690080321358693
mono-00000954,1051.584,1.0690080321357698,1,0.0,0.0
mono-00000954,1051.584,1.0690080321357698,2,0.0,0.0
mono-00000954,1051.584,1.0690080321357698,3,0.0,0.0
mono-00000954,1051.584,1.0690080321357698,4,0.0,0.0
mono-00000954,1051.584,1.0690080321357698,5,0.0,0.0
mono-00000962,1083.128,1.0533329427866818,-5,0.0002990664414514125,4.865145259323313
mono-00000962,1083.128,1.0533329427866818,-4,0.0031768679688715974,4.376704754988239
mono-00000962,1083.128,1.0533329427866818,-3,0.002079386542599875,3.8265500558009222
mono-00000962,1083.128,1.0533329427866818,-2,0.11643071760778699,3.182838399433166
mono-00000962,1083.128,1.0533329427866818,-1,0.2503983643535101,2.3705418759975174
mono-00000962,1083.128,1.0533329427866818,0,0.32064773638787425,1.0533329427863691
mono-00000962,1083.128,1.0533329427866818,1,0.0,0.0
mono-00000962,1083.128,1.0533329427866818,2,0.0,0.0
mono-00000962,1083.128,1.0533329427866818,3,0.0,0.0
mono-00000962,1083.128,1.0533329427866818,4,0.0,0.0
mono-00000962,1083.128,1.0533329427866818,5,0.0,0.0
mono-00000956,1059.48,1.065018712424802,-5,0.00033458371669915516,4.919173478858383
mono-00000956,1059.48,1.065018712424802,-4,0.003096376349213274,4.425302863932799
mono-00000956,1059.48,1.065018712424802,-3,0.0014712055546489144,3.869034068187929
mono-00000956,1059.48,1.065018712424802,-2,0.11232574328777825,3.2181710111254773
mono-00000956,1059.48,1.065018712424802,-1,0.25132382311529167,2.396853132374403
mono-00000956,1059.48,1.065018712424802,0,0.3210094845547057,1.0650187124246315
mono-00000956,1059.48,1.065018712424802,1,0.0,0.0
mono-00000956,1059.48,1.065018712424802,2,0.0,0.0
mono-00000956,1059.48,1.065018712424802,3,0.0,0.0
mono-00000956,1059.48,1.065018712424802,4,0.0,0.0
mono-00000956,1059.48,1.065018712424802,5,0.0,0.0
mono-00000971,1118.601,1.0365033518060045,-5,0.00025414444364341057,4.7873380918581745
mono-00000971,1118.601,1.0365033518060045,-4,0.0032230500329434924,4.306717263816196
mono-00000971,1118.601,1.0365033518060045,-3,0.003201215789686284,3.7653673417598554
mono-00000971,1118.601,1.0365033518060045,-2,0.12203390624869825,3.131954401490802
mono-00000971,1118.601,1.0365033518060045,-1,0.24843156069831754,2.3326496818454245
mono-00000971,1118.601,1.0365033518060045,0,0.3201526751298341,1.036503351805706
mono-00000971,1118.601,1.0365033518060045,1,0.0,0.0
mono-00000971,1118.601,1.0365033518060045,2,0.0,0.0
mono-00000971,1118.601,1.0365033518060045,3,0.0,0.0
mono-00000971,1118.601,1.0365033518060045,4,0.0,0.0
mono-00000971,1118.601,1.0365033518060045,5,0.0,0.0
mono-00000967,1102.828,1.0438863476046691,-5,0.0002726541322755206,4.821470975146298
mono-00000967,1102.828,1.0438863476046691,-4,0.003213461956627191,4.337419816774357
mono-00000967,1102.828,1.0438863476046691,-3,0.0026722743787244564,3.7922074035337943
mono-00000967,1102.828,1.0438863476046691,-2,0.11962904128153892,3.15427658877924
mono-00000967,1102.828,1.0438863476046691,-1,0.2493922448382088,2.349272557551373
mono-00000967,1102.828,1.0438863476046691,0,0.32037495950105466,1.0438863476046834
mono-00000967,1102.828,1.0438863476046691,1,0.0,0.0
mono-00000967,1102.828,1.0438863476046691,2,0.0,0.0
mono-00000967,1102.828,1.0438863476046691,3,0.0,0.0
mono-00000967,1102.828,1.0438863476046691,4,0.0,0.0
mono-00000967,1102.828,1.0438863476046691,5,0.0,0.0
mono-00000958,1067.363,1.061080182972006,-5,0.0003223751486340442,4.900963805017668
mono-00000958,1067.363,1.061080182972006,-4,0.003128095814312133,4.40892337658893
mono-00000958,1067.363,1.061080182972006,-3,0.0016615472896510533,3.854715292983869
mono-00000958,1067.363,1.061080182972006,-2,0.11373949139796902,3.206262554972696
mono-00000958,1067.363,1.061080182972006,-1,0.2510744355288709,2.3879852367350765
mono-00000958,1067.363,1.061080182972006,0,0.32090088436842673,1.061080182972134
mono-00000958,1067.363,1.061080182972006,1,0.0,0.0
mono-00000958,1067.363,1.061080182972006,2,0.0,0.0
mono-00000958,1067.363,1.061080182972006,3,0.0,0.0
mono-00000958,1067.363,1.061080182972006,4,0.0,0.0
mono-00000958,1067.363,1.061080182972006,5,0.0,0.0
mono-00000984,1169.823,1.013565726637708,-5,0.00021366271850930142,4.6812978335712785
mono-00000984,1169.823,1.013565726637708,-4,0.0031440005690925397,4.211333493300344
mono-00000984,1169.823,1.013565726637708,-3,0.005240740217298645,3.6819827597823576
mono-00000984,1169.823,1.013565726637708,-2,0.12904021846862943,3.062605216095676
mono-00000984,1169.823,1.013565726637708,-1,0.2447645722858699,2.2810064312840552
mono-00000984,1169.823,1.013565726637708,0,0.3196844105806166,1.0135657266376938
mono-00000984,1169.823,1.013565726637708,1,0.0,0.0
mono-00000984,1169.823,1.013565726637708,2,0.0,0.0
mono-00000984,1169.823,1.013565726637708,3,0.0,0.0
mono-00000984,1169.823,1.013565726637708,4,0.0,0.0
mono-00000984,1169.823,1.013565726637708,5,0.0,0.0
mono-00000960,1075.238,1.0571889590989372,-5,0.0003105156533368819,4.882973045577359
mono-00000960,1075.238,1.0571889590989372,-4,0.003154579539644353,4.392740779631083
mono-00000960,1075.238,1.0571889590989372,-3,0.0018640437318361769,3.8405686178219725
mono-00000960,1075.238,1.0571889590989372,-2,0.11509930280816123,3.1944972117136246
mono-00000960,1075.238,1.0571889590989372,-1,0.25075439758118256,2.3792238982932474
mono-00000960,1075.238,1.0571889590989372,0,0.32077578223855124,1.0571889590989088
mono-00000960,1075.238,1.0571889590989372,1,0.0,0.0
mono-00000960,1075.238,1.0571889590989372,2,0.0,0.0
mono-00000960,1075.238,1.0571889590989372,3,0.0,0.0
mono-00000960,1075.238,1.0571889590989372,4,0.0,0.0
mono-00000960,1075.238,1.0571889590989372,5,0.0,0.0
mono-00000959,1071.295,1.0591319276316824,-5,0.0003164083030870349,4.891956179122033
mono-00000959,1071.295,1.0591319276316824,-4,0.003141833088399076,4.400821065433632
mono-00000959,1071.295,1.0591319276316824,-3,0.0017609418574499895,3.847632330637225
mono-00000959,1071.295,1.0591319276316824,-2,0.11441973009632464,3.2003718808464328
mono-00000959,1071.295,1.0591319276316824,-1,0.25091382806101964,2.3835986101263558
mono-00000959,1071.295,1.0591319276316824,0,0.32083153389842106,1.0591319276317392
mono-00000959,1071.295,1.0591319276316824,1,0.0,0.0
mono-00000959,1071.295,1.0591319276316824,2,0.0,0.0
mono-00000959,1071.295,1.0591319276316824,3,0.0,0.0
mono-00000959,1071.295,1.0591319276316824,4,0.0,0.0
mono-00000959,1071.295,1.0591319276316824,5,0.0,0.0
mono-00000972,1122.543,1.0346825262017347,-5,0.00024992416814619066,4.778920202834442
mono-00000972,1122.543,1.0346825262017347,-4,0.003222832324906817,4.29914535491082
mono-00000972,1122.543,1.0346825262017347,-3,0.003341224719646304,3.7587479956570036
mono-00000972,1122.543,1.0346825262017347,-2,0.12262015910267672,3.1264492528334102
mono-00000972,1122.543,1.0346825262017347,-1,0.24818402177073043,2.328550102321003
mono-00000972,1122.543,1.0346825262017347,0,0.32011163501304984,1.0346825262015926
mono-00000972,1122.543,1.0346825262017347,1,0.0,0.0
mono-00000972,1122.543,1.0346825262017347,2,0.0,0.0
mono-00000972,1122.543,1.0346825262017347,3,0.0,0.0
mono-00000972,1122.543,1.0346825262017347,4,0.0,0.0
mono-00000972,1122.543,1.0346825262017347,5,0.0,0.0
mono-00000961,1079.168,1.055262997965599,-5,0.00030475760431891496,4.874068592512899
mono-00000961,1079.168,1.055262997965599,-4,0.003166214580493049,4.384731261247381
mono-00000961,1079.168,1.055262997965599,-3,0.001969686676793928,3.8335667645034732
mono-00000961,1079.168,1.055262997965599,-2,0.11576544367428383,3.1886739850306043
mono-00000961,1079.168,1.055262997965599,-1,0.2505794263249383,2.3748874906493853
mono-00000961,1079.168,1.055262997965599,0,0.320709429917001,1.0552629979657695
mono-00000961,1079.168,1.055262997965599,1,0.0,0.0
mono-00000961,1079.168,1.055262997965599,2,0.0,0.0
mono-00000961,1079.168,1.055262997965599,3,0.0,0.0
mono-00000961,1079.168,1.055262997965599,4,0.0,0.0
mono-00000961,1079.168,1.055262997965599,5,0.0,0.0
mono-00000963,1087.067,1.0514235906380094,-5,0.00029351769555151046,4.856317691023719
mono-00000963,1087.067,1.0514235906380094,-4,0.003186395351361622,4.368764383711593
mono-00000963,1087.067,1.0514235906380094,-3,0.002191952806331566,3.819608640976
mono-00000963,1087.067,1.0514235906380094,-2,0.11708950865502432,3.177065429411826
mono-00000963,1087.067,1.0514235906380094,-1,0.25021981824506384,2.3662428860195064
mono-00000963,1087.067,1.0514235906380094,0,0.320600214851677,1.0514235906385068
mono-00000963,1087.067,1.0514235906380094,1,0.0,0.0
mono-00000963,1087.067,1.0514235906380094,2,0.0,0.0
mono-00000963,1087.067,1.0514235906380094,3,0.0,0.0
mono-00000963,1087.067,1.0514235906380094,4,0.0,0.0
mono-00000963,1087.067,1.0514235906380094,5,0.0,0.0
mono-00000977,1142.237,1.0257273615073927,-5,0.00023149466537826925,4.737520043951491
mono-00000977,1142.237,1.0257273615073927,-4,0.003206958606911623,4.261905757824181
mono-00000977,1142.237,1.0257273615073927,-3,0.004083652937568115,3.7261931618859876
mono-00000977,1142.237,1.0257273615073927,-2,0.12543245328331948,3.0993741392509833
mono-00000977,1142.237,1.0257273615073927,-1,0.2468524664113799,2.3083877338909957
mono-00000977,1142.237,1.0257273615073927,0,0.3199041482386771,1.025727361507009
mono-00000977,1142.237,1.0257273615073927,1,0.0,0.0
mono-00000977,1142.237,1.0257273615073927,2,0.0,0.0
mono-00000977,1142.237,1.0257273615073927,3,0.0,0.0
mono-00000977,1142.237,1.0257273615073927,4,0.0,0.0
mono-00000977,1142.237,1.0257273615073927,5,0.0,0.0
mono-00000969,1110.71,1.0401773052745398,-5,0.00026308466552816753,4.804323335522994
mono-00000969,1110.71,1.0401773052745398,-4,0.0032202383212296664,4.3219955121861915
mono-00000969,1110.71,1.0401773052745398,-3,0.002930637467779232,3.778723540265588
mono-00000969,1110.71,1.0401773052745398,-2,0.12084473127951208,3.1430624148737536
mono-00000969,1110.71,1.0401773052745398,-1,0.24892388261133017,2.340921598486105
mono-00000969,1110.71,1.0401773052745398,0,0.3202634318558156,1.0401773052745256
mono-00000969,1110.71,1.0401773052745398,1,0.0,0.0
mono-00000969,1110.71,1.0401773052745398,2,0.0,0.0
mono-00000969,1110.71,1.0401773052745398,3,0.0,0.0
mono-00000969,1110.71,1.0401773052745398,4,0.0,0.0
mono-00000969,1110.71,1.0401773052745398,5,0.0,0.0
mono-00000975,1134.349,1.0292861610460164,-5,0.00023833316327476038,4.753972424705239
mono-00000975,1134.349,1.0292861610460164,-4,0.0032163549939338352,4.276704748878245
mono-00000975,1134.349,1.0292861610460164,-3,0.0037778213172051473,3.7391304430233845
mono-00000975,1134.349,1.0292861610460164,-2,0.12433161650277451,3.1101337916781233
mono-00000975,1134.349,1.0292861610460164,-1,0.24740667777642608,2.316400269978871
mono-00000975,1134.349,1.0292861610460164,0,0.3199869241425807,1.0292861610458317
mono-00000975,1134.349,1.0292861610460164,1,0.0,0.0
mono-00000975,1134.349,1.0292861610460164,2,0.0,0.0
mono-00000975,1134.349,1.0292861610460164,3,0.0,0.0
mono-00000975,1134.349,1.0292861610460164,4,0.0,0.0
mono-00000975,1134.349,1.0292861610460164,5,0.0,0.0
mono-00000976,1138.304,1.0274971762779472,-5,0.00023481181730047995,4.745701902776688
mono-00000976,1138.304,1.0274971762779472,-4,0.0032120848830000577,4.269265379106869
mono-00000976,1138.304,1.0274971762779472,-3,0.003930145682510412,3.7326269463393373
mono-00000976,1138.304,1.0274971762779472,-2,0.12489128617175815,3.104724978116977
mono-00000976,1138.304,1.0274971762779472,-1,0.24713906753124193,2.3123724170424254
mono-00000976,1138.304,1.0274971762779472,0,0.319956011100377,1.027497176277791
mono-00000976,1138.304,1.0274971762779472,1,0.0,0.0
mono-00000976,1138.304,1.0274971762779472,2,0.0,0.0
mono-00000976,1138.304,1.0274971762779472,3,0.0,0.0
mono-00000976,1138.304,1.0274971762779472,4,0.0,0.0
mono-00000976,1138.304,1.0274971762779472,5,0.0,0.0
mono-00000978,1146.172,1.0239657675646754,-5,0.00022836379176301229,4.729376229198564
mono-00000978,1146.172,1.0239657675646754,-4,0.0032007404470309466,4.25458035307696
mono-00000978,1146.172,1.0239657675646754,-3,0.0042404152514284804,3.719789285704806
mono-00000978,1146.172,1.0239657675646754,-2,0.12596864342881114,3.0940481710768637
mono-00000978,1146.172,1.0239657675646754,-1,0.2465663717438751,2.304421568583777
mono-00000978,1146.172,1.0239657675646754,0,0.3198651536153533,1.0239657675646043
mono-00000978,1146.172,1.0239657675646754,1,0.0,0.0
mono-00000978,1146.172,1.0239657675646754,2,0.0,0.0
mono-00000978,1146.172,1.0239657675646754,3,0.0,0.0
mono-00000978,1146.172,1.0239657675646754,4,0.0,0.0
mono-00000978,1146.172,1.0239657675646754,5,0.0,0.0
mono-00000979,1150.107,1.022213218690851,-5,0.00022542605483844732,4.721274268327463
mono-00000979,1150.107,1.022213218690851,-4,0.003193438314819389,4.2472925918795
mono-00000979,1150.107,1.022213218690851,-3,0.0044003697364505346,3.7134183137581402
mono-00000979,1150.107,1.022213218690851,-2,0.12649980832889943,3.088749565328129
mono-00000979,1150.107,1.022213218690851,-1,0.24628151682697255,2.3004757767240562
mono-00000979,1150.107,1.022213218690851,0,0.3198397427282626,1.022213218690979
mono-00000979,1150.107,1.022213218690851,1,0.0,0.0
mono-00000979,1150.107,1.022213218690851,2,0.0,0.0
mono-00000979,1150.107,1.022213218690851,3,0.0,0.0
mono-00000979,1150.107,1.022213218690851,4,0.0,0.0
mono-00000979,1150.107,1.022213218690851,5,0.0,0.0
mono-00000965,1094.945,1.0476358300837347,-5,0.00028281788295147765,4.838805756801449
mono-00000965,1094.945,1.0476358300837347,-4,0.0032021499726396555,4.353012436018901
mono-00000965,1094.945,1.0476358300837347,-3,0.0024257728502007905,3.8058383892096117
mono-00000965,1094.945,1.0476358300837347,-2,0.11837413246653826,3.1656131051014
mono-00000965,1094.945,1.0476358300837347,-1,0.24981976701259584,2.357714608903038
mono-00000965,1094.945,1.0476358300837347,0,0.32048163607802965,1.047635830083948
mono-00000965,1094.945,1.0476358300837347,1,0.0,0.0
mono-00000965,1094.945,1.0476358300837347,2,0.0,0.0
mono-00000965,1094.945,1.0476358300837347,3,0.0,0.0
mono-00000965,1094.945,1.0476358300837347,4,0.0,0.0
mono-00000965,1094.945,1.0476358300837347,5,0.0,0.0
mono-00000966,1098.875,1.045761517444646,-5,0.0002776753343365291,4.830140324938483
mono-00000966,1098.875,1.045761517444646,-4,0.0032083732091054452,4.345217890955084
mono-00000966,1098.875,1.045761517444646,-3,0.0025474306971698378,3.7990244411514027
mono-00000966,1098.875,1.045761517444646,-2,0.11900843360609646,3.159946133631948
mono-00000966,1098.875,1.045761517444646,-1,0.2496192776595983,2.35349454310186
mono-00000966,1098.875,1.045761517444646,0,0.32043892897333287,1.0457615174445323
mono-00000966,1098.875,1.045761517444646,1,0.0,0.0
mono-00000966,1098.875,1.045761517444646,2,0.0,0.0
mono-00000966,1098.875,1.045761517444646,3,0.0,0.0
mono-00000966,1098.875,1.045761517444646,4,0.0,0.0
mono-00000966,1098.875,1.045761517444646,5,0.0,0.0
mono-00000980,1154.062,1.020460798610202,-5,0.000222665252300698,4.713172941393793
mono-00000980,1154.062,1.020460798610202,-4,0.0031854501326470993,4.240005396691146
mono-00000980,1154.062,1.020460798610202,-3,0.004563186633647249,3.707047832839592
mono-00000980,1154.062,1.020460798610202,-2,0.1270225711561077,3.083451364642542
mono-00000980,1154.062,1.020460798610202,-1,0.24598108934754095,2.296530283598088
mono-00000980,1154.062,1.020460798610202,0,0.31979522526115106,1.0204607986097756
mono-00000980,1154.062,1.020460798610202,1,0.0,0.0
mono-00000980,1154.062,1.020460798610202,2,0.0,0.0
mono-00000980,1154.062,1.020460798610202,3,0.0,0.0
mono-00000980,1154.062,1.020460798610202,4,0.0,0.0
mono-00000980,1154.062,1.020460798610202,5,0.0,0.0
mono-00000983,1165.872,1.0152810632028064,-5,0.000215618082969508,4.689227577603802
mono-00000983,1165.872,1.0152810632028064,-4,0.0031556294482349414,4.218466364806304
mono-00000983,1165.872,1.0152810632028064,-3,0.005067051997030363,3.6882183451484423
mono-00000983,1165.872,1.0152810632028064,-2,0.12854613965106007,3.067791239612248
mono-00000983,1165.872,1.0152810632028064,-1,0.24507729691680125,2.284868398891973
mono-00000983,1165.872,1.0152810632028064,0,0.31971382231721224,1.015281063202707
mono-00000983,1165.872,1.0152810632028064,1,0.0,0.0
mono-00000983,1165.872,1.0152810632028064,2,0.0,0.0
mono-00000983,1165.872,1.0152810632028064,3,0.0,0.0
mono-00000983,1165.872,1.0152810632028064,4,0.0,0.0
mono-00000983,1165.872,1.0152810632028064,5,0.0,0.0
mono-00000968,1106.746,1.0420376988882225,-5,0.0002678229232751048,4.812924282834061
mono-00000968,1106.746,1.0420376988882225,-4,0.0032173865579592648,4.329732068080219
mono-00000968,1106.746,1.0420376988882225,-3,0.002799017951527658,3.785486807582558
mono-00000968,1106.746,1.0420376988882225,-2,0.12023536747884944,3.14868724804424
mono-00000968,1106.746,1.0420376988882225,-1,0.24915890583019742,2.345110294914761
mono-00000968,1106.746,1.0420376988882225,0,0.3203127731294221,1.042037698888663
mono-00000968,1106.746,1.0420376988882225,1,0.0,0.0
mono-00000968,1106.746,1.0420376988882225,2,0.0,0.0
mono-00000968,1106.746,1.0420376988882225,3,0.0,0.0
mono-00000968,1106.746,1.0420376988882225,4,0.0,0.0
mono-00000968,1106.746,1.0420376988882225,5,0.0,0.0
mono-00000974,1130.409,1.0310776845171432,-5,0.00024202460507900716,4.762254723643295
mono-00000974,1130.409,1.0310776845171432,-4,0.0032195662649348697,4.284154707680742
mono-00000974,1130.409,1.0310776845171432,-3,0.0036290166470367177,3.7456431926650566
mono-00000974,1130.409,1.0310776845171432,-2,0.12376638519510483,3.115550297232545
mono-00000974,1130.409,1.0310776845171432,-1,0.24766821849157925,2.320433847953467
mono-00000974,1130.409,1.0310776845171432,0,0.3200211501814162,1.0310776845174416
mono-00000974,1130.409,1.0310776845171432,1,0.0,0.0
mono-00000974,1130.409,1.0310776845171432,2,0.0,0.0
mono-00000974,1130.409,1.0310776845171432,3,0.0,0.0
mono-00000974,1130.409,1.0310776845171432,4,0.0,0.0
mono-00000974,1130.409,1.0310776845171432,5,0.0,0.0
mono-00000970,1114.65,1.0383380144497778,-5,0.00025853912752696844,4.795819993793685
mono-00000970,1114.65,1.0383380144497778,-4,0.0032221473462599346,4.3143467477962645
mono-00000970,1114.65,1.0383380144497778,-3,0.0030642364713574653,3.772037015683381
mono-00000970,1114.65,1.0383380144497778,-2,0.12144192669107019,3.1375014028984225
mono-00000970,1114.65,1.0383380144497778,-1,0.24868067484805673,2.336780425094531
mono-00000970,1114.65,1.0383380144497778,0,0.32020728710624224,1.0383380144500904
mono-00000970,1114.65,1.0383380144497778,1,0.0,0.0
mono-00000970,1114.65,1.0383380144497778,2,0.0,0.0
mono-00000970,1114.65,1.0383380144497778,3,0.0,0.0
mono-00000970,1114.65,1.0383380144497778,4,0.0,0.0
mono-00000970,1114.65,1.0383380144497778,5,0.0,0.0
mono-00000985,1173.753,1.0118681034463606,-5,0.00021192715588021975,4.673450011850733
mono-00000985,1173.753,1.0118681034463606,-4,0.003131413376004481,4.204274307655581
mono-00000985,1173.753,1.0118681034463606,-3,0.005416521411107819,3.6758115873636683
mono-00000985,1173.753,1.0118681034463606,-2,0.12952590720372195,3.0574727605615664
mono-00000985,1173.753,1.0118681034463606,-1,0.24445455441512398,2.277184352368579
mono-00000985,1173.753,1.0118681034463606,0,0.31966825646075503,1.011868103446247
mono-00000985,1173.753,1.0118681034463606,1,0.0,0.0
mono-00000985,1173.753,1.0118681034463606,2,0.0,0.0
mono-00000985,1173.753,1.0118681034463606,3,0.0,0.0
mono-00000985,1173.753,1.0118681034463606,4,0.0,0.0
mono-00000985,1173.753,1.0118681034463606,5,0.0,0.0
mono-00000973,1126.466,1.0328799702242435,-5,0.00024589657748174765,4.770586817903052
mono-00000973,1126.466,1.0328799702242435,-4,0.003221668122579949,4.291649453070562
mono-00000973,1126.466,1.0328799702242435,-3,0.0034833886604409385,3.7521950906964747
mono-00000973,1126.466,1.0328799702242435,-2,0.1231960103214661,3.120999358085072
mono-00000973,1126.466,1.0328799702242435,-1,0.24793089459584441,2.324491666199279
mono-00000973,1126.466,1.0328799702242435,0,0.32006871663869024,1.0328799702245277
mono-00000973,1126.466,1.0328799702242435,1,0.0,0.0
mono-00000973,1126.466,1.0328799702242435,2,0.0,0.0
mono-00000973,1126.466,1.0328799702242435,3,0.0,0.0
mono-00000973,1126.466,1.0328799702242435,4,0.0,0.0
mono-00000973,1126.466,1.0328799702242435,5,0.0,0.0
mono-00000982,1161.929,1.017001638549985,-5,0.00021777060467522157,4.697181576574806
mono-00000982,1161.929,1.017001638549985,-4,0.0031664548299628,4.225621049798704
mono-00000982,1161.929,1.017001638549985,-3,0.004896158143277616,3.694472996341972
mono-00000982,1161.929,1.017001638549985,-2,0.12804476242255466,3.0729931166640228
mono-00000982,1161.929,1.017001638549985,-1,0.24538308610575563,2.288742169649254
mono-00000982,1161.929,1.017001638549985,0,0.3197395628422533,1.0170016385498855
mono-00000982,1161.929,1.017001638549985,1,0.0,0.0
mono-00000982,1161.929,1.017001638549985,2,0.0,0.0
mono-00000982,1161.929,1.017001638549985,3,0.0,0.0
mono-00000982,1161.929,1.017001638549985,4,0.0,0.0
mono-00000982,1161.929,1.017001638549985,5,0.0,0.0
mono-00000981,1157.988,1.018730111703107,-5,0.0002201216230126133,4.705172123296251
mono-00000981,1157.988,1.018730111703107,-4,0.003176498111539672,4.232808605705557
mono-00000981,1157.988,1.018730111703107,-3,0.004727802127485976,3.700756379758502
mono-00000981,1157.988,1.018730111703107,-2,0.12753539065676447,3.078218886570326
mono-00000981,1157.988,1.018730111703107,-1,0.24568209195440296,2.292633730296771
mono-00000981,1157.988,1.018730111703107,0,0.319760779310833,1.018730111702979
mono-00000981,1157.988,1.018730111703107,1,0.0,0.0
mono-00000981,1157.988,1.018730111703107,2,0.0,0.0
mono-00000981,1157.988,1.018730111703107,3,0.0,0.0
mono-00000981,1157.988,1.018730111703107,4,0.0,0.0
mono-00000981,1157.988,1.018730111703107,5,0.0,0.0
mono-00000986,1177.691,1.0101755520425684,-5,0.00021039988637796262,4.665625671766875
mono-00000986,1177.691,1.0101755520425684,-4,0.003117810976099407,4.197236240049364
mono-00000986,1177.691,1.0101755520425684,-3,0.005595596855620408,3.6696588729375605
mono-00000986,1177.691,1.0101755520425684,-2,0.13000637974059454,3.0523556531501157
mono-00000986,1177.691,1.0101755520425684,-1,0.24414413600450824,2.2733737003271415
mono-00000986,1177.691,1.0101755520425684,0,0.31966352268490295,1.010175552042611
mono-00000986,1177.691,1.0101755520425684,1,0.0,0.0
mono-00000986,1177.691,1.0101755520425684,2,0.0,0.0
mono-00000986,1177.691,1.0101755520425684,3,0.0,0.0
mono-00000986,1177.691,1.0101755520425684,4,0.0,0.0
mono-00000986,1177.691,1.0101755520425684,5,0.0,0.0
mono-00000988,1185.582,1.0068094073114224,-5,0.0002079451499276395,4.6500647366462715
mono-00000988,1185.582,1.0068094073114224,-4,0.003088651233099954,4.183239020776455
mono-00000988,1185.582,1.0068094073114224,-3,0.005960468778178619,3.6574224224569747
mono-00000988,1185.582,1.0068094073114224,-2,0.13093839978327704,3.0421787973839685
mono-00000988,1185.582,1.0068094073114224,-1,0.24349233442939386,2.265795102916371
mono-00000988,1185.582,1.0068094073114224,0,0.3196211374874106,1.0068094073116782
mono-00000988,1185.582,1.0068094073114224,1,0.0,0.0
mono-00000988,1185.582,1.0068094073114224,2,0.0,0.0
mono-00000988,1185.582,1.0068094073114224,3,0.0,0.0
mono-00000988,1185.582,1.0068094073114224,4,0.0,0.0
mono-00000988,1185.582,1.0068094073114224,5,0.0,0.0
mono-00000987,1181.653,1.008481227915965,-5,0.00020905947424687286,4.657793172299009
mono-00000987,1181.653,1.008481227915965,-4,0.003103660263839253,4.190190829103614
mono-00000987,1181.653,1.008481227915965,-3,0.005777338126617424,3.663499735439146
mono-00000987,1181.653,1.008481227915965,-2,0.1304774458844677,3.0472332007189493
mono-00000987,1181.653,1.008481227915965,-1,0.24381641525483985,2.2695590652228077
mono-00000987,1181.653,1.008481227915965,0,0.3196358243836335,1.0084812279159365
mono-00000987,1181.653,1.008481227915965,1,0.0,0.0
mono-00000987,1181.653,1.008481227915965,2,0.0,0.0
mono-00000987,1181.653,1.008481227915965,3,0.0,0.0
mono-00000987,1181.653,1.008481227915965,4,0.0,0.0
mono-00000987,1181.653,1.008481227915965,5,0.0,0.0
mono-00000991,1197.416,1.001823740258061,-5,0.00020585825709098588,4.6270173687355935
mono-00000991,1197.416,1.001823740258061,-4,0.0030384000962356077,4.162507650965054
mono-00000991,1197.416,1.001823740258061,-3,0.006526299396144187,3.639298913209174
mono-00000991,1197.416,1.001823740258061,-2,0.13227020769994305,3.02710574899136
mono-00000991,1197.416,1.001823740258061,-1,0.24248473906344395,2.2545703429515953
mono-00000991,1197.416,1.001823740258061,0,0.3195891295425908,1.0018237402580183
mono-00000991,1197.416,1.001823740258061,1,0.0,0.0
mono-00000991,1197.416,1.001823740258061,2,0.0,0.0
mono-00000991,1197.416,1.001823740258061,3,0.0,0.0
mono-00000991,1197.416,1.001823740258061,4,0.0,0.0
mono-00000991,1197.416,1.001823740258061,5,0.0,0.0
mono-00000990,1193.464,1.0034804725026447,-5,0.00020635043078522612,4.634675952381727
mono-00000990,1193.464,1.0034804725026447,-4,0.0030558829874376666,4.169396637863784
mono-00000990,1193.464,1.0034804725026447,-3,0.006335525495437759,3.6453213173227397
mono-00000990,1193.464,1.0034804725026447,-2,0.13183819153908724,3.032114494283448
mono-00000990,1193.464,1.0034804725026447,-1,0.24283293306740614,2.258300311890295
mono-00000990,1193.464,1.0034804725026447,0,0.31960912233252403,1.0034804725027016
mono-00000990,1193.464,1.0034804725026447,1,0.0,0.0
mono-00000990,1193.464,1.0034804725026447,2,0.0,0.0
mono-00000990,1193.464,1.0034804725026447,3,0.0,0.0
mono-00000990,1193.464,1.0034804725026447,4,0.0,0.0
mono-00000990,1193.464,1.0034804725026447,5,0.0,0.0
mono-00000998,1224.993,0.9904870741175102,-5,0.00020839655511970957,4.574612213438684
mono-00000998,1224.993,0.9904870741175102,-4,0.0028948098990060176,4.115368492844098
mono-00000998,1224.993,0.9904870741175102,-3,0.007917735616044247,3.598089418467822
mono-00000998,1224.993,0.9904870741175102,-2,0.13500351823221063,2.992832338157598
mono-00000998,1224.993,0.9904870741175102,-1,0.2399183769200511,2.229047164617157
mono-00000998,1224.993,0.9904870741175102,0,0.31953230360380963,0.9904870741170697
mono-00000998,1224.993,0.9904870741175102,1,0.0,0.0
mono-00000998,1224.993,0.9904870741175102,2,0.0,0.0
mono-00000998,1224.993,0.9904870741175102,3,0.0,0.0
mono-00000998,1224.993,0.9904870741175102,4,0.0,0.0
mono-00000998,1224.993,0.9904870741175102,5,0.0,0.0
mono-00000993,1205.288,0.998547995394361,-5,0.00020554076498447205,4.6118746673996185
mono-00000993,1205.288,0.998547995394361,-4,0.0030008633312958097,4.14888660049148
mono-00000993,1205.288,0.998547995394361,-3,0.0069144582806137285,3.6273912787984557
mono-00000993,1205.288,0.998547995394361,-2,0.1331102231897035,3.017202335320974
mono-00000993,1205.288,0.998547995394361,-1,0.24179379366687304,2.2471953496583836
mono-00000993,1205.288,0.998547995394361,0,0.3195873293310313,0.9985479953942189
mono-00000993,1205.288,0.998547995394361,1,0.0,0.0
mono-00000993,1205.288,0.998547995394361,2,0.0,0.0
mono-00000993,1205.288,0.998547995394361,3,0.0,0.0
mono-00000993,1205.288,0.998547995394361,4,0.0,0.0
mono-00000993,1205.288,0.998547995394361,5,0.0,0.0
mono-00000989,1189.499,1.0051509419070754,-5,0.00020705002606212223,4.642398073083299
mono-00000989,1189.499,1.0051509419070754,-4,0.0030727298754682658,4.176342773348992
mono-00000989,1189.499,1.0051509419070754,-3,0.006145904541119297,3.6513936778045064
mono-00000989,1189.499,1.0051509419070754,-2,0.13139174106489002,3.0371647846110648
mono-00000989,1189.499,1.0051509419070754,-1,0.2431702499380068,2.2620612164693483
mono-00000989,1189.499,1.0051509419070754,0,0.31961936220067155,1.0051509419066065
mono-00000989,1189.499,1.0051509419070754,1,0.0,0.0
mono-00000989,1189.499,1.0051509419070754,2,0.0,0.0
mono-00000989,1189.499,1.0051509419070754,3,0.0,0.0
mono-00000989,1189.499,1.0051509419070754,4,0.0,0.0
mono-00000989,1189.499,1.0051509419070754,5,0.0,0.0
mono-00000996,1217.105,0.9936904018226187,-5,0.00020662404507790913,4.589419836764833
mono-00000996,1217.105,0.9936904018226187,-4,0.002939205135617026,4.128688171162722
mono-00000996,1217.105,0.9936904018226187,-3,0.007510516322704554,3.6097336219471003
mono-00000996,1217.105,0.9936904018226187,-2,0.1342772582388939,3.0025166872687947
mono-00000996,1217.105,0.9936904018226187,-1,0.24068630770981392,2.2362590462290513
mono-00000996,1217.105,0.9936904018226187,0,0.31955459113848134,0.993690401822704
mono-00000996,1217.105,0.9936904018226187,1,0.0,0.0
mono-00000996,1217.105,0.9936904018226187,2,0.0,0.0
mono-00000996,1217.105,0.9936904018226187,3,0.0,0.0
mono-00000996,1217.105,0.9936904018226187,4,0.0,0.0
mono-00000996,1217.105,0.9936904018226187,5,0.0,0.0
mono-00000992,1201.359,1.0001789317912824,-5,0.00020558835329535384,4.619413938574155
mono-00000992,1201.359,1.0001789317912824,-4,0.0030200460458353223,4.155668271623554
mono-00000992,1201.359,1.0001789317912824,-3,0.006719376829699675,3.6333198731221614
mono-00000992,1201.359,1.0001789317912824,-2,0.13269445150087814,3.022133066053158
mono-00000992,1201.359,1.0001789317912824,-1,0.24213825653262971,2.250867226811664
mono-00000992,1201.359,1.0001789317912824,0,0.319581910989293,1.0001789317914245
mono-00000992,1201.359,1.0001789317912824,1,0.0,0.0
mono-00000992,1201.359,1.0001789317912824,2,0.0,0.0
mono-00000992,1201.359,1.0001789317912824,3,0.0,0.0
mono-00000992,1201.359,1.0001789317912824,4,0.0,0.0
mono-00000992,1201.359,1.0001789317912824,5,0.0,0.0
mono-00001001,1236.814,0.9857440253587413,-5,0.00021260855692041637,4.552687342633973
mono-00001001,1236.814,0.9857440253587413,-4,0.0028239676994472667,4.095646719052198
mono-00001001,1236.814,0.9857440253587413,-3,0.008540929845854047,3.5808484130569127
mono-00001001,1236.814,0.9857440253587413,-2,0.13601365002108917,2.978493174035762
mono-00001001,1236.814,0.9857440253587413,-1,0.23872932576104097,2.2183688505304247
mono-00001001,1236.814,0.9857440253587413,0,0.31950045935522664,0.9857440253583576
mono-00001001,1236.814,0.9857440253587413,1,0.0,0.0
mono-00001001,1236.814,0.9857440253587413,2,0.0,0.0
mono-00001001,1236.814,0.9857440253587413,3,0.0,0.0
mono-00001001,1236.814,0.9857440253587413,4,0.0,0.0
mono-00001001,1236.814,0.9857440253587413,5,0.0,0.0
mono-00000999,1228.926,0.9889014081975773,-5,0.00020958624621907158,4.567282399597971
mono-00000999,1228.926,0.9889014081975773,-4,0.0028718468723966453,4.108775210773146
mono-00000999,1228.926,0.9889014081975773,-3,0.008123134574663267,3.592325497110906
mono-00000999,1228.926,0.9889014081975773,-2,0.1353484708142249,2.988038547579862
mono-00000999,1228.926,0.9889014081975773,-1,0.23952462079271924,2.225477251605838
mono-00000999,1228.926,0.9889014081975773,0,0.3195161505641722,0.9889014081974921
mono-00000999,1228.926,0.9889014081975773,1,0.0,0.0
mono-00000999,1228.926,0.9889014081975773,2,0.0,0.0
mono-00000999,1228.926,0.9889014081975773,3,0.0,0.0
mono-00000999,1228.926,0.9889014081975773,4,0.0,0.0
mono-00000999,1228.926,0.9889014081975773,5,0.0,0.0
mono-00001000,1232.871,0.9873185301094622,-5,0.00021099914040940832,4.559965503069549
mono-00001000,1232.871,0.9873185301094622,-4,0.002848080068062253,4.102193544692852
mono-00001000,1232.871,0.9873185301094622,-3,0.008331399313218748,3.58657172760023
mono-00001000,1232.871,0.9873185301094622,-2,0.13568621004583314,2.9832531975639967
mono-00001000,1232.871,0.9873185301094622,-1,0.23913011630628853,2.2219136219421785
mono-00001000,1232.871,0.9873185301094622,0,0.3195118059706377,0.9873185301097038
mono-00001000,1232.871,0.9873185301094622,1,0.0,0.0
mono-00001000,1232.871,0.9873185301094622,2,0.0,0.0
mono-00001000,1232.871,0.9873185301094622,3,0.0,0.0
mono-00001000,1232.871,0.9873185301094622,4,0.0,0.0
mono-00001000,1232.871,0.9873185301094622,5,0.0,0.0
mono-00001004,1248.623,0.9810731808610598,-5,0.00021854802862389432,4.5310965039182065
mono-00001004,1248.623,0.9810731808610598,-4,0.00275031533640517,4.076225383363507
mono-00001004,1248.623,0.9810731808610598,-3,0.009174593668348085,3.5638700280783695
mono-00001004,1248.623,0.9810731808610598,-2,0.13692939853321598,2.9643724057059586
mono-00001004,1248.623,0.9810731808610598,-1,0.2374782860209492,2.2078531547650897
mono-00001004,1248.623,0.9810731808610598,0,0.3193948860032051,0.9810731808612019
mono-00001004,1248.623,0.9810731808610598,1,0.0,0.0
mono-00001004,1248.623,0.9810731808610598,2,0.0,0.0
mono-00001004,1248.623,0.9810731808610598,3,0.0,0.0
mono-00001004,1248.623,0.9810731808610598,4,0.0,0.0
mono-00001004,1248.623,0.9810731808610598,5,0.0,0.0
mono-00001005,1252.581,0.9795224567789376,-5,0.00022094787299754511,4.523928386455111
mono-00001005,1252.581,0.9795224567789376,-4,0.0027249052040099466,4.06977753041852
mono-00001005,1252.581,0.9795224567789376,-3,0.009390828674732989,3.558233225232584
mono-00001005,1252.581,0.9795224567789376,-2,0.13722623546950147,2.9596843230573597
mono-00001005,1252.581,0.9795224567789376,-1,0.2370634004741284,2.2043619486409938
mono-00001005,1252.581,0.9795224567789376,0,0.31936871777967635,0.9795224567789518
mono-00001005,1252.581,0.9795224567789376,1,0.0,0.0
mono-00001005,1252.581,0.9795224567789376,2,0.0,0.0
mono-00001005,1252.581,0.9795224567789376,3,0.0,0.0
mono-00001005,1252.581,0.9795224567789376,4,0.0,0.0
mono-00001005,1252.581,0.9795224567789376,5,0.0,0.0
mono-00001007,1260.445,0.9764630763485798,-5,0.00022628309674427015,4.50978669150858
mono-00001007,1260.445,0.9764630763485798,-4,0.0026744077655822445,4.05705680752385
mono-00001007,1260.445,0.9764630763485798,-3,0.009825905603079308,3.5471125838072766
mono-00001007,1260.445,0.9764630763485798,-2,0.13781445269914505,2.950435369596647
mono-00001007,1260.445,0.9764630763485798,-1,0.2362516883784354,2.1974742644033682
mono-00001007,1260.445,0.9764630763485798,0,0.31930412662207047,0.9764630763485371
mono-00001007,1260.445,0.9764630763485798,1,0.0,0.0
mono-00001007,1260.445,0.9764630763485798,2,0.0,0.0
mono-00001007,1260.445,0.9764630763485798,3,0.0,0.0
mono-00001007,1260.445,0.9764630763485798,4,0.0,0.0
mono-00001007,1260.445,0.9764630763485798,5,0.0,0.0
mono-00001021,1315.626,0.9557728325789157,-5,0.0002850986502368718,4.414150934241292
mono-00001021,1315.626,0.9557728325789157,-4,0.002293213977787955,3.971030309014594
mono-00001021,1315.626,0.9557728325789157,-3,0.013066475453625197,3.4719066776765857
mono-00001021,1315.626,0.9557728325789157,-2,0.141399171595938,2.8878869339123554
mono-00001021,1315.626,0.9557728325789157,-1,0.2308072137511118,2.150894300446069
mono-00001021,1315.626,0.9557728325789157,0,0.3193009846036157,0.955772832579072
mono-00001021,1315.626,0.9557728325789157,1,0.0,0.0
mono-00001021,1315.626,0.9557728325789157,2,0.0,0.0
mono-00001021,1315.626,0.9557728325789157,3,0.0,0.0
mono-00001021,1315.626,0.9557728325789157,4,0.0,0.0
mono-00001021,1315.626,0.9557728325789157,5,0.0,0.0
mono-00001012,1280.162,0.968916739728968,-5,0.00024311707232444688,4.474904947224928
mono-00001012,1280.162,0.968916739728968,-4,0.0025420462366403463,4.02567996434162
mono-00001012,1280.162,0.968916739728968,-3,0.010947075321546165,3.519682443082715
mono-00001012,1280.162,0.968916739728968,-2,0.13918654203749783,2.9276218875977236
mono-00001012,1280.162,0.968916739728968,-1,0.23424201424935587,2.180485056325594
mono-00001012,1280.162,0.968916739728968,0,0.31922615023344053,0.9689167397285274
mono-00001012,1280.162,0.968916739728968,1,0.0,0.0
mono-00001012,1280.162,0.968916739728968,2,0.0,0.0
mono-00001012,1280.162,0.968916739728968,3,0.0,0.0
mono-00001012,1280.162,0.968916739728968,4,0.0,0.0
mono-00001012,1280.162,0.968916739728968,5,0.0,0.0
mono-00001009,1268.34,0.9734202924143176,-5,0.00023245467511778844,4.495721823519631
mono-00001009,1268.34,0.9734202924143176,-4,0.002621888211363724,4.044405179750854
mono-00001009,1268.34,0.9734202924143176,-3,0.010269900191222727,3.536052335439294
mono-00001009,1268.34,0.9734202924143176,-2,0.13837585427063215,2.9412366350162245
mono-00001009,1268.34,0.9734202924143176,-1,0.23544073525697642,2.1906239697011074
mono-00001009,1268.34,0.9734202924143176,0,0.319271599653347,0.9734202924142892
mono-00001009,1268.34,0.9734202924143176,1,0.0,0.0
mono-00001009,1268.34,0.9734202924143176,2,0.0,0.0
mono-00001009,1268.34,0.9734202924143176,3,0.0,0.0
mono-00001009,1268.34,0.9734202924143176,4,0.0,0.0
mono-00001009,1268.34,0.9734202924143176,5,0.0,0.0
mono-00001011,1276.213,0.9704141387494758,-5,0.00023935472039639038,4.481826382722787
mono-00001011,1276.213,0.9704141387494758,-4,0.0025691904741965785,4.031905943203213
mono-00001011,1276.213,0.9704141387494758,-3,0.010719201459816292,3.525125299187465
mono-00001011,1276.213,0.9704141387494758,-2,0.13892416926482096,2.9321486827192587
mono-00001011,1276.213,0.9704141387494758,-1,0.23464165321759578,2.1838561663266916
mono-00001011,1276.213,0.9704141387494758,0,0.3192306901793225,0.9704141387499305
mono-00001011,1276.213,0.9704141387494758,1,0.0,0.0
mono-00001011,1276.213,0.9704141387494758,2,0.0,0.0
mono-00001011,1276.213,0.9704141387494758,3,0.0,0.0
mono-00001011,1276.213,0.9704141387494758,4,0.0,0.0
mono-00001011,1276.213,0.9704141387494758,5,0.0,0.0
mono-00000994,1209.223,0.996922539076806,-5,0.00020568380956137287,4.604360761223234
mono-00000994,1209.223,0.996922539076806,-4,0.002981127552612022,4.142127741948045
mono-00000994,1209.223,0.996922539076806,-3,0.007110632416271814,3.621482624253133
mono-00000994,1209.223,0.996922539076806,-2,0.1335076380458257,3.012288185439644
mono-00000994,1209.223,0.996922539076806,-1,0.24142692794276654,2.2435358176868476
mono-00000994,1209.223,0.996922539076806,0,0.31956840663841607,0.996922539077076
mono-00000994,1209.223,0.996922539076806,1,0.0,0.0
mono-00000994,1209.223,0.996922539076806,2,0.0,0.0
mono-00000994,1209.223,0.996922539076806,3,0.0,0.0
mono-00000994,1209.223,0.996922539076806,4,0.0,0.0
mono-00000994,1209.223,0.996922539076806,5,0.0,0.0
mono-00000995,1213.172,0.9952992539790131,-5,0.00020604380655249116,4.596856924082388
mono-00000995,1213.172,0.9952992539790131,-4,0.0029605385310230046,4.135377937102106
mono-00000995,1213.172,0.9952992539790131,-3,0.00730973024234502,3.6155818813684277
mono-00000995,1213.172,0.9952992539790131,-2,0.1338970359191263,3.0073806128064717
mono-00000995,1213.172,0.9952992539790131,-1,0.2410555697715765,2.239881181307922
mono-00000995,1213.172,0.9952992539790131,0,0.3195553424632906,0.9952992539789278
mono-00000995,1213.172,0.9952992539790131,1,0.0,0.0
mono-00000995,1213.172,0.9952992539790131,2,0.0,0.0
mono-00000995,1213.172,0.9952992539790131,3,0.0,0.0
mono-00000995,1213.172,0.9952992539790131,4,0.0,0.0
mono-00000995,1213.172,0.9952992539790131,5,0.0,0.0
mono-00001017,1299.857,0.9615508355266513,-5,0.0002646272004920261,4.440857876135425
mono-00001017,1299.857,0.9615508355266513,-4,0.0024049369820632596,3.9950538552663204
mono-00001017,1299.857,0.9615508355266513,-3,0.01210737859861641,3.4929085421691184
mono-00001017,1299.857,0.9615508355266513,-2,0.1404423031233554,2.905354140104265
mono-00001017,1299.857,0.9615508355266513,-1,0.23229153446359732,2.1639022076002874
mono-00001017,1299.857,0.9615508355266513,0,0.3192266508917231,0.9615508355265803
mono-00001017,1299.857,0.9615508355266513,1,0.0,0.0
mono-00001017,1299.857,0.9615508355266513,2,0.0,0.0
mono-00001017,1299.857,0.9615508355266513,3,0.0,0.0
mono-00001017,1299.857,0.9615508355266513,4,0.0,0.0
mono-00001017,1299.857,0.9615508355266513,5,0.0,0.0
mono-00000997,1221.059,0.9920807983384634,-5,0.00020742501506152604,4.581979307941737
mono-00000997,1221.059,0.9920807983384634,-4,0.002917028782414777,4.121995306080279
mono-00000997,1221.059,0.9920807983384634,-3,0.007714553557952073,3.6038826501275167
mono-00000997,1221.059,0.9920807983384634,-2,0.13465037242021513,2.997650503145678
mono-00000997,1221.059,0.9920807983384634,-1,0.2403126210719369,2.232635226809535
mono-00000997,1221.059,0.9920807983384634,0,0.31956013013818624,0.992080798338904
mono-00000997,1221.059,0.9920807983384634,1,0.0,0.0
mono-00000997,1221.059,0.9920807983384634,2,0.0,0.0
mono-00000997,1221.059,0.9920807983384634,3,0.0,0.0
mono-00000997,1221.059,0.9920807983384634,4,0.0,0.0
mono-00000997,1221.059,0.9920807983384634,5,0.0,0.0
mono-00001008,1264.391,0.9749387013062147,-5,0.00022927188081185804,4.502740454796964
mono-00001008,1264.391,0.9749387013062147,-4,0.0026482358540294466,4.050718579335907
mono-00001008,1264.391,0.9749387013062147,-3,0.01004697475811654,3.5415716082065245
mono-00001008,1264.391,0.9749387013062147,-2,0.13809691948667907,2.9458269784467177
mono-00001008,1264.391,0.9749387013062147,-1,0.2358452566736132,2.194042398032664
mono-00001008,1264.391,0.9749387013062147,0,0.3192879178192249,0.97493870130603
mono-00001008,1264.391,0.9749387013062147,1,0.0,0.0
mono-00001008,1264.391,0.9749387013062147,2,0.0,0.0
mono-00001008,1264.391,0.9749387013062147,3,0.0,0.0
mono-00001008,1264.391,0.9749387013062147,4,0.0,0.0
mono-00001008,1264.391,0.9749387013062147,5,0.0,0.0
mono-00001003,1244.706,0.9826151151971629,-5,0.00021636622247049855,4.538224020076569
mono-00001003,1244.706,0.9826151151971629,-4,0.002775381267589873,4.082636711546982
mono-00001003,1244.706,0.9826151151971629,-3,0.008962455181620957,3.5694748976548
mono-00001003,1244.706,0.9826151151971629,-2,0.13663430777324334,2.9690339272472386
mono-00001003,1244.706,0.9826151151971629,-1,0.23789306337650115,2.211324578715079
mono-00001003,1244.706,0.9826151151971629,0,0.319418987909333,0.9826151151971771
mono-00001003,1244.706,0.9826151151971629,1,0.0,0.0
mono-00001003,1244.706,0.9826151151971629,2,0.0,0.0
mono-00001003,1244.706,0.9826151151971629,3,0.0,0.0
mono-00001003,1244.706,0.9826151151971629,4,0.0,0.0
mono-00001003,1244.706,0.9826151151971629,5,0.0,0.0
mono-00001006,1256.526,0.977984120259265,-5,0.00022352071323313849,4.516817558222456
mono-00001006,1256.526,0.977984120259265,-4,0.0026998576823887063,4.063381207057475
mono-00001006,1256.526,0.977984120259265,-3,0.00960816286559008,3.552641467466998
mono-00001006,1256.526,0.977984120259265,-2,0.1375255698738298,2.9550337015754593
mono-00001006,1256.526,0.977984120259265,-1,0.23665606023687813,2.200898637618508
mono-00001006,1256.526,0.977984120259265,0,0.3193311100253934,0.9779841202594071
mono-00001006,1256.526,0.977984120259265,1,0.0,0.0
mono-00001006,1256.526,0.977984120259265,2,0.0,0.0
mono-00001006,1256.526,0.977984120259265,3,0.0,0.0
mono-00001006,1256.526,0.977984120259265,4,0.0,0.0
mono-00001006,1256.526,0.977984120259265,5,0.0,0.0
mono-00001002,1240.765,0.9841738576779164,-5,0.0002143829900740487,4.545429260200919
mono-00001002,1240.765,0.9841738576779164,-4,0.0027999713589164136,4.089117950635497
mono-00001002,1240.765,0.9841738576779164,-3,0.008750961416139399,3.57514088143067
mono-00001002,1240.765,0.9841738576779164,-2,0.13632872131296053,2.973746274432898
mono-00001002,1240.765,0.9841738576779164,-1,0.23831063434455507,2.2148338502000655
mono-00001002,1240.765,0.9841738576779164,0,0.31945426088165796,0.9841738576782291
mono-00001002,1240.765,0.9841738576779164,1,0.0,0.0
mono-00001002,1240.765,0.9841738576779164,2,0.0,0.0
mono-00001002,1240.765,0.9841738576779164,3,0.0,0.0
mono-00001002,1240.765,0.9841738576779164,4,0.0,0.0
mono-00001002,1240.765,0.9841738576779164,5,0.0,0.0
mono-00001019,1307.74,0.9586493243915442,-5,0.00027449887898007864,4.4274465342601985
mono-00001019,1307.74,0.9586493243915442,-4,0.0023497265402564185,3.9829900312038546
mono-00001019,1307.74,0.9586493243915442,-3,0.012584127438835076,3.4823621107652087
mono-00001019,1307.74,0.9586493243915442,-2,0.14093695508988774,2.896582699677822
mono-00001019,1307.74,0.9586493243915442,-1,0.23154734876753144,2.157370080100719
mono-00001019,1307.74,0.9586493243915442,0,0.3192432793298656,0.9586493243920415
mono-00001019,1307.74,0.9586493243915442,1,0.0,0.0
mono-00001019,1307.74,0.9586493243915442,2,0.0,0.0
mono-00001019,1307.74,0.9586493243915442,3,0.0,0.0
mono-00001019,1307.74,0.9586493243915442,4,0.0,0.0
mono-00001019,1307.74,0.9586493243915442,5,0.0,0.0
mono-00001010,1272.285,0.9719104832831107,-5,0.00023581156792332176,4.48874297072895
mono-00001010,1272.285,0.9719104832831107,-4,0.0025957263882123226,4.038127558721456
mono-00001010,1272.285,0.9719104832831107,-3,0.010494187676436428,3.5305643381688157
mono-00001010,1272.285,0.9719104832831107,-2,0.13865480176665715,2.936672300864899
mono-00001010,1272.285,0.9719104832831107,-1,0.23504000962043833,2.1872249084148905
mono-00001010,1272.285,0.9719104832831107,0,0.31924588715385743,0.971910483282926
mono-00001010,1272.285,0.9719104832831107,1,0.0,0.0
mono-00001010,1272.285,0.9719104832831107,2,0.0,0.0
mono-00001010,1272.285,0.9719104832831107,3,0.0,0.0
mono-00001010,1272.285,0.9719104832831107,4,0.0,0.0
mono-00001010,1272.285,0.9719104832831107,5,0.0,0.0
mono-00001013,1284.087,0.9674352887376614,-5,0.0002470436612426711,4.468057254620049
mono-00001013,1284.087,0.9674352887376614,-4,0.00251487638911749,4.019520315911834
mono-00001013,1284.087,0.9674352887376614,-3,0.01117517239959036,3.5142975715926212
mono-00001013,1284.087,0.9674352887376614,-2,0.1394427751122606,2.923143315721859
mono-00001013,1284.087,0.9674352887376614,-1,0.23384719641001678,2.1771498562547578
mono-00001013,1284.087,0.9674352887376614,0,0.31922490462948205,0.9674352887378319
mono-00001013,1284.087,0.9674352887376614,1,0.0,0.0
mono-00001013,1284.087,0.9674352887376614,2,0.0,0.0
mono-00001013,1284.087,0.9674352887376614,3,0.0,0.0
mono-00001013,1284.087,0.9674352887376614,4,0.0,0.0
mono-00001013,1284.087,0.9674352887376614,5,0.0,0.0
mono-00001020,1311.674,0.9572111197936692,-5,0.00027969773102821043,4.420798913038425
mono-00001020,1311.674,0.9572111197936692,-4,0.0023216838106792067,3.977010332263532
mono-00001020,1311.674,0.9572111197936692,-3,0.01282410603784038,3.477134537170315
mono-00001020,1311.674,0.9572111197936692,-2,0.14117165634244974,2.8922349367307874
mono-00001020,1311.674,0.9572111197936692,-1,0.23117756414275056,2.1541322805077243
mono-00001020,1311.674,0.9572111197936692,0,0.3192668708335722,0.9572111197937119
mono-00001020,1311.674,0.9572111197936692,1,0.0,0.0
mono-00001020,1311.674,0.9572111197936692,2,0.0,0.0
mono-00001020,1311.674,0.9572111197936692,3,0.0,0.0
mono-00001020,1311.674,0.9572111197936692,4,0.0,0.0
mono-00001020,1311.674,0.9572111197936692,5,0.0,0.0
mono-00001014,1288.049,0.9659467430027178,-5,0.00025117281437747076,4.4611767943074625
mono-00001014,1288.049,0.9659467430027178,-4,0.002487852722987859,4.013331189342267
mono-00001014,1288.049,0.9659467430027178,-3,0.011407103499774826,3.508886927229071
mono-00001014,1288.049,0.9659467430027178,-2,0.13970638330062607,2.918643306413145
mono-00001014,1288.049,0.9659467430027178,-1,0.23345497309011726,2.173798689708974
mono-00001014,1288.049,0.9659467430027178,0,0.3192097502238538,0.9659467430027462
mono-00001014,1288.049,0.9659467430027178,1,0.0,0.0
mono-00001014,1288.049,0.9659467430027178,2,0.0,0.0
mono-00001014,1288.049,0.9659467430027178,3,0.0,0.0
mono-00001014,1288.049,0.9659467430027178,4,0.0,0.0
mono-00001014,1288.049,0.9659467430027178,5,0.0,0.0
mono-00001022,1319.562,0.9543467932572582,-5,0.00029066963055832253,4.407559590987049
mono-00001022,1319.562,0.9543467932572582,-4,0.002265001202810044,3.9651012282303384
mono-00001022,1319.562,0.9543467932572582,-3,0.013311012103221347,3.4667233507869213
mono-00001022,1319.562,0.9543467932572582,-2,0.14163670021552405,2.883575966732863
mono-00001022,1319.562,0.9543467932572582,-1,0.2304571497940336,2.147683899205987
mono-00001022,1319.562,0.9543467932572582,0,0.3193453603535237,0.9543467932571446
mono-00001022,1319.562,0.9543467932572582,1,0.0,0.0
mono-00001022,1319.562,0.9543467932572582,2,0.0,0.0
mono-00001022,1319.562,0.9543467932572582,3,0.0,0.0
mono-00001022,1319.562,0.9543467932572582,4,0.0,0.0
mono-00001022,1319.562,0.9543467932572582,5,0.0,0.0
mono-00001015,1291.977,0.9644777334663246,-5,0.00025545966977744106,4.454386661325685
mono-00001015,1291.977,0.9644777334663246,-4,0.0024606504861401338,4.007223311388998
mono-00001015,1291.977,0.9644777334663246,-3,0.011638598094796383,3.5035473093247163
mono-00001015,1291.977,0.9644777334663246,-2,0.13995957435931347,2.914202367285853
mono-00001015,1291.977,0.9644777334663246,-1,0.23306711482963272,2.1704915109085476
mono-00001015,1291.977,0.9644777334663246,0,0.3192051348505881,0.9644777334662962
mono-00001015,1291.977,0.9644777334663246,1,0.0,0.0
mono-00001015,1291.977,0.9644777334663246,2,0.0,0.0
mono-00001015,1291.977,0.9644777334663246,3,0.0,0.0
mono-00001015,1291.977,0.9644777334663246,4,0.0,0.0
mono-00001015,1291.977,0.9644777334663246,5,0.0,0.0
mono-00001018,1303.805,0.9600943992810471,-5,0.0002694789963566325,4.434125935616436
mono-00001018,1303.805,0.9600943992810471,-4,0.0023774569788479805,3.9889983144735197
mono-00001018,1303.805,0.9600943992810471,-3,0.012345433619736565,3.487614670955992
mono-00001018,1303.805,0.9600943992810471,-2,0.14069403787407497,2.900951241820806
mono-00001018,1303.805,0.9600943992810471,-1,0.23191825545863085,2.160623352207935
mono-00001018,1303.805,0.9600943992810471,0,0.3192298528026886,0.9600943992810755
mono-00001018,1303.805,0.9600943992810471,1,0.0,0.0
mono-00001018,1303.805,0.9600943992810471,2,0.0,0.0
mono-00001018,1303.805,0.9600943992810471,3,0.0,0.0
mono-00001018,1303.805,0.9600943992810471,4,0.0,0.0
mono-00001018,1303.805,0.9600943992810471,5,0.0,0.0
mono-00001016,1295.936,0.9630038914734769,-5,0.0002599717953199375,4.447574217172473
mono-00001016,1295.936,0.9630038914734769,-4,0.002432840443391969,4.001095361222255
mono-00001016,1295.936,0.9630038914734769,-3,0.011873406388651307,3.4981901414108023
mono-00001016,1295.936,0.9630038914734769,-2,0.14020628567353632,2.9097468296769193
mono-00001016,1295.936,0.9630038914734769,-1,0.2326769838049205,2.1671734586425657
mono-00001016,1295.936,0.9630038914734769,0,0.31921080985037953,0.9630038914733774
mono-00001016,1295.936,0.9630038914734769,1,0.0,0.0
mono-00001016,1295.936,0.9630038914734769,2,0.0,0.0
mono-00001016,1295.936,0.9630038914734769,3,0.0,0.0
mono-00001016,1295.936,0.9630038914734769,4,0.0,0.0
mono-00001016,1295.936,0.9630038914734769,5,0.0,0.0
mono-00001024,1327.452,0.951507310567905,-5,0.0003023757633124545,4.394435195522917
mono-00001024,1327.452,0.951507310567905,-4,0.0022080667244208283,3.953295493175247
mono-00001024,1327.452,0.951507310567905,-3,0.013807017493080897,3.4564025224184576
mono-00001024,1327.452,0.951507310567905,-2,0.14210833215398466,2.874992139220055
mono-00001024,1327.452,0.951507310567905,-1,0.22977722712920923,2.1412914697526304
mono-00001024,1327.452,0.951507310567905,0,0.31946563120913907,0.9515073105680045
mono-00001024,1327.452,0.951507310567905,1,0.0,0.0
mono-00001024,1327.452,0.951507310567905,2,0.0,0.0
mono-00001024,1327.452,0.951507310567905,3,0.0,0.0
mono-00001024,1327.452,0.951507310567905,4,0.0,0.0
mono-00001024,1327.452,0.951507310567905,5,0.0,0.0
mono-00001023,1323.501,0.9529260383610421,-5,0.0002964276739442614,4.4009926967285224
mono-00001023,1323.501,0.9529260383610421,-4,0.002236703304077626,3.9591941373456194
mono-00001023,1323.501,0.9529260383610421,-3,0.013557994514712256,3.461559245607816
mono-00001023,1323.501,0.9529260383610421,-2,0.1418760556521255,2.879280984191581
mono-00001023,1323.501,0.9529260383610421,-1,0.23011690173197408,2.1444854000263547
mono-00001023,1323.501,0.9529260383610421,0,0.3194000598123091,0.9529260383610421
mono-00001023,1323.501,0.9529260383610421,1,0.0,0.0
mono-00001023,1323.501,0.9529260383610421,2,0.0,0.0
mono-00001023,1323.501,0.9529260383610421,3,0.0,0.0
mono-00001023,1323.501,0.9529260383610421,4,0.0,0.0
mono-00001023,1323.501,0.9529260383610421,5,0.0,0.0
mono-00001025,1331.397,0.9500970407445806,-5,0.0003084839076945804,4.387916811183388
mono-00001025,1331.397,0.9500970407445806,-4,0.002179244929697201,3.947432033100327
mono-00001025,1331.397,0.9500970407445806,-3,0.014056896790705348,3.4512765556486187
mono-00001025,1331.397,0.9500970407445806,-2,0.1423324990662534,2.870728872349119
mono-00001025,1331.397,0.9500970407445806,-1,0.22943990206328446,2.1381165858947213
mono-00001025,1331.397,0.9500970407445806,0,0.3195421309967206,0.9500970407446232
mono-00001025,1331.397,0.9500970407445806,1,0.0,0.0
mono-00001025,1331.397,0.9500970407445806,2,0.0,0.0
mono-00001025,1331.397,0.9500970407445806,3,0.0,0.0
mono-00001025,1331.397,0.9500970407445806,4,0.0,0.0
mono-00001025,1331.397,0.9500970407445806,5,0.0,0.0
mono-00001026,1335.33,0.9486972843965589,-5,0.00031472568573168505,4.3814470439239415
mono-00001026,1335.33,0.9486972843965589,-4,0.00215041191773873,3.941612302871306
mono-00001026,1335.33,0.9486972843965589,-3,0.014306795511120164,3.4461888162320804
mono-00001026,1335.33,0.9486972843965589,-2,0.1425476698286795,2.8664973971980174
mono-00001026,1335.33,0.9486972843965589,-1,0.2291024997948465,2.1349653758151703
mono-00001026,1335.33,0.9486972843965589,0,0.3196220029799028,0.9486972843963883
mono-00001026,1335.33,0.9486972843965589,1,0.0,0.0
mono-00001026,1335.33,0.9486972843965589,2,0.0,0.0
mono-00001026,1335.33,0.9486972843965589,3,0.0,0.0
mono-00001026,1335.33,0.9486972843965589,4,0.0,0.0
mono-00001026,1335.33,0.9486972843965589,5,0.0,0.0
mono-00001027,1339.284,0.9472962720639089,-5,0.00032111470756814714,4.374971494254339
mono-00001027,1339.284,0.9472962720639089,-4,0.0021216257580654,3.935787368707196
mono-00001027,1339.284,0.9472962720639089,-3,0.014557632218372444,3.441096525179475
mono-00001027,1339.284,0.9472962720639089,-2,0.1427537023924114,2.8622621344849506
mono-00001027,1339.284,0.9472962720639089,-1,0.2287533223034007,2.131811343385934
mono-00001027,1339.284,0.9472962720639089,0,0.3196846841517735,0.9472962720636389
mono-00001027,1339.284,0.9472962720639089,1,0.0,0.0
mono-00001027,1339.284,0.9472962720639089,2,0.0,0.0
mono-00001027,1339.284,0.9472962720639089,3,0.0,0.0
mono-00001027,1339.284,0.9472962720639089,4,0.0,0.0
mono-00001027,1339.284,0.9472962720639089,5,0.0,0.0
mono-00001032,1358.972,0.9404115004810336,-5,0.0003550640885638547,4.343150063556465
mono-00001032,1358.972,0.9404115004810336,-4,0.001977087544200783,3.9071630846042495
mono-00001032,1358.972,0.9404115004810336,-3,0.01581668194289644,3.416072487029197
mono-00001032,1358.972,0.9404115004810336,-2,0.14365916469506992,2.841449592634902
mono-00001032,1358.972,0.9404115004810336,-1,0.2270158943466839,2.116312059815783
mono-00001032,1358.972,0.9404115004810336,0,0.32009604954958654,0.9404115004805078
mono-00001032,1358.972,0.9404115004810336,1,0.0,0.0
mono-00001032,1358.972,0.9404115004810336,2,0.0,0.0
mono-00001032,1358.972,0.9404115004810336,3,0.0,0.0
mono-00001032,1358.972,0.9404115004810336,4,0.0,0.0
mono-00001032,1358.972,0.9404115004810336,5,0.0,0.0
mono-00001029,1347.14,0.9445309911555171,-5,0.0003342677768726185,4.362190293325014
mono-00001029,1347.14,0.9445309911555171,-4,0.002063953708552397,3.9242903213199583
mono-00001029,1347.14,0.9445309911555171,-3,0.015058823870730879,3.4310455360863727
mono-00001029,1347.14,0.9445309911555171,-2,0.14313940287505092,2.8539027127215633
mono-00001029,1347.14,0.9445309911555171,-1,0.22806438479815247,2.125586013216875
mono-00001029,1347.14,0.9445309911555171,0,0.31984153064864784,0.9445309911554318
mono-00001029,1347.14,0.9445309911555171,1,0.0,0.0
mono-00001029,1347.14,0.9445309911555171,2,0.0,0.0
mono-00001029,1347.14,0.9445309911555171,3,0.0,0.0
mono-00001029,1347.14,0.9445309911555171,4,0.0,0.0
mono-00001029,1347.14,0.9445309911555171,5,0.0,0.0
mono-00001030,1351.107,0.9431437931609565,-5,0.00034113323258579847,4.3557786611786895
mono-00001030,1351.107,0.9431437931609565,-4,0.002034635655326706,3.9185228753839993
mono-00001030,1351.107,0.9431437931609565,-3,0.015313190221120293,3.4260034959972785
mono-00001030,1351.107,0.9431437931609565,-2,0.14332220460791695,2.8497092380164872
mono-00001030,1351.107,0.9431437931609565,-1,0.2277191754086169,2.1224630955773875
mono-00001030,1351.107,0.9431437931609565,0,0.3199375875358669,0.9431437931608286
mono-00001030,1351.107,0.9431437931609565,1,0.0,0.0
mono-00001030,1351.107,0.9431437931609565,2,0.0,0.0
mono-00001030,1351.107,0.9431437931609565,3,0.0,0.0
mono-00001030,1351.107,0.9431437931609565,4,0.0,0.0
mono-00001030,1351.107,0.9431437931609565,5,0.0,0.0
mono-00001034,1366.844,0.93770041707144,-5,0.00036951161775963944,4.330619579846427
mono-00001034,1366.844,0.93770041707144,-4,0.0019194099977672267,3.895891540818212
mono-00001034,1366.844,0.93770041707144,-3,0.016322171183161618,3.406218617411838
mono-00001034,1366.844,0.93770041707144,-2,0.14396425388197687,2.8332540969240654
mono-00001034,1366.844,0.93770041707144,-1,0.22631289867555363,2.1102087904875617
mono-00001034,1366.844,0.93770041707144,0,0.32028435615795536,0.9377004170714827
mono-00001034,1366.844,0.93770041707144,1,0.0,0.0
mono-00001034,1366.844,0.93770041707144,2,0.0,0.0
mono-00001034,1366.844,0.93770041707144,3,0.0,0.0
mono-00001034,1366.844,0.93770041707144,4,0.0,0.0
mono-00001034,1366.844,0.93770041707144,5,0.0,0.0
mono-00001031,1355.039,0.9417748479178982,-5,0.0003480407938775222,4.349451415116789
mono-00001031,1355.039,0.9417748479178982,-4,0.002005814192953962,3.9128313347463717
mono-00001031,1355.039,0.9417748479178982,-3,0.015564911437356568,3.4210278120077504
mono-00001031,1355.039,0.9417748479178982,-2,0.14349481811178738,2.8455709499326503
mono-00001031,1355.039,0.9417748479178982,-1,0.22736947243425795,2.1193812742532003
mono-00001031,1355.039,0.9417748479178982,0,0.32001859118351006,0.9417748479180545
mono-00001031,1355.039,0.9417748479178982,1,0.0,0.0
mono-00001031,1355.039,0.9417748479178982,2,0.0,0.0
mono-00001031,1355.039,0.9417748479178982,3,0.0,0.0
mono-00001031,1355.039,0.9417748479178982,4,0.0,0.0
mono-00001031,1355.039,0.9417748479178982,5,0.0,0.0
mono-00001035,1370.801,0.9363464685517471,-5,0.00037695947321218743,4.324361733279304
mono-00001035,1370.801,0.9363464685517471,-4,0.0018903695937079355,3.8902624177383274
mono-00001035,1370.801,0.9363464685517471,-3,0.0165768471881343,3.4012974920596406
mono-00001035,1370.801,0.9363464685517471,-2,0.14410534237096365,2.829161178087901
mono-00001035,1370.801,0.9363464685517471,-1,0.22596166855280783,2.1071607496509017
mono-00001035,1370.801,0.9363464685517471,0,0.320395901234123,0.9363464685516902
mono-00001035,1370.801,0.9363464685517471,1,0.0,0.0
mono-00001035,1370.801,0.9363464685517471,2,0.0,0.0
mono-00001035,1370.801,0.9363464685517471,3,0.0,0.0
mono-00001035,1370.801,0.9363464685517471,4,0.0,0.0
mono-00001035,1370.801,0.9363464685517471,5,0.0,0.0
mono-00001033,1362.909,0.9390526792685847,-5,0.0003622265893255023,4.336869653407376
mono-00001033,1362.909,0.9390526792685847,-4,0.0019482646478641028,3.9015136695374935
mono-00001033,1362.909,0.9390526792685847,-3,0.016069268237443618,3.4111336260493914
mono-00001033,1362.909,0.9390526792685847,-2,0.14381580184502762,2.837341926654233
mono-00001033,1362.909,0.9390526792685847,-1,0.22666361216133876,2.113253039822226
mono-00001033,1362.909,0.9390526792685847,0,0.32018471694074613,0.9390526792684568
mono-00001033,1362.909,0.9390526792685847,1,0.0,0.0
mono-00001033,1362.909,0.9390526792685847,2,0.0,0.0
mono-00001033,1362.909,0.9390526792685847,3,0.0,0.0
mono-00001033,1362.909,0.9390526792685847,4,0.0,0.0
mono-00001033,1362.909,0.9390526792685847,5,0.0,0.0
mono-00001048,1422.043,0.919326737438368,-5,0.000480786000006565,4.245699622877865
mono-00001048,1422.043,0.919326737438368,-4,0.0015313382389837182,3.8195032643429414
mono-00001048,1422.043,0.919326737438368,-3,0.019827158356694557,3.3394378303915317
mono-00001048,1422.043,0.919326737438368,-2,0.14523185749410483,2.777712106505305
mono-00001048,1422.043,0.919326737438368,-1,0.22116765662489246,2.0688459357743767
mono-00001048,1422.043,0.919326737438368,0,0.32185310670232387,0.9193267374383964
mono-00001048,1422.043,0.919326737438368,1,0.0,0.0
mono-00001048,1422.043,0.919326737438368,2,0.0,0.0
mono-00001048,1422.043,0.919326737438368,3,0.0,0.0
mono-00001048,1422.043,0.919326737438368,4,0.0,0.0
mono-00001048,1422.043,0.919326737438368,5,0.0,0.0
mono-00001028,1343.211,0.9459109521033184,-5,0.00032761437097493615,4.368568497948743
mono-00001028,1343.211,0.9459109521033184,-4,0.0020928686970514295,3.930027695823185
mono-00001028,1343.211,0.9459109521033184,-3,0.014807712082105665,3.4360612848359153
mono-00001028,1343.211,0.9459109521033184,-2,0.14295038998757312,2.8580743189644693
mono-00001028,1343.211,0.9459109521033184,-1,0.22840802540607663,2.128692643548078
mono-00001028,1343.211,0.9459109521033184,0,0.3197575514022423,0.9459109521031621
mono-00001028,1343.211,0.9459109521033184,1,0.0,0.0
mono-00001028,1343.211,0.9459109521033184,2,0.0,0.0
mono-00001028,1343.211,0.9459109521033184,3,0.0,0.0
mono-00001028,1343.211,0.9459109521033184,4,0.0,0.0
mono-00001028,1343.211,0.9459109521033184,5,0.0,0.0
mono-00001038,1382.605,0.9323421260524185,-5,0.00039971290073357403,4.305854091433673
mono-00001038,1382.605,0.9323421260524185,-4,0.0018053112875000468,3.8736142182137456
mono-00001038,1382.605,0.9323421260524185,-3,0.017334557522943793,3.386743192299832
mono-00001038,1382.605,0.9323421260524185,-2,0.1444894371463409,2.817056300546767
mono-00001038,1382.605,0.9323421260524185,-1,0.2248900935581693,2.0981461073835277
mono-00001038,1382.605,0.9323421260524185,0,0.320677835508524,0.9323421260522622
mono-00001038,1382.605,0.9323421260524185,1,0.0,0.0
mono-00001038,1382.605,0.9323421260524185,2,0.0,0.0
mono-00001038,1382.605,0.9323421260524185,3,0.0,0.0
mono-00001038,1382.605,0.9323421260524185,4,0.0,0.0
mono-00001038,1382.605,0.9323421260524185,5,0.0,0.0
mono-00001045,1410.221,0.9231709129172714,-5,0.0004559453697122949,4.26346641699925
mono-00001045,1410.221,0.9231709129172714,-4,0.0016108736108149415,3.8354851110428285
mono-00001045,1410.221,0.9231709129172714,-3,0.019093209745280112,3.3534096429167164
mono-00001045,1410.221,0.9231709129172714,-2,0.145103907053468,2.7893325760432788
mono-00001045,1410.221,0.9231709129172714,-1,0.2223370502500543,2.077499877084506
mono-00001045,1410.221,0.9231709129172714,0,0.3215154669967982,0.9231709129173566
mono-00001045,1410.221,0.9231709129172714,1,0.0,0.0
mono-00001045,1410.221,0.9231709129172714,2,0.0,0.0
mono-00001045,1410.221,0.9231709129172714,3,0.0,0.0
mono-00001045,1410.221,0.9231709129172714,4,0.0,0.0
mono-00001045,1410.221,0.9231709129172714,5,0.0,0.0
mono-00001037,1378.68,0.9336679209873893,-5,0.00039203994159500607,4.31198175317769
mono-00001037,1378.68,0.9336679209873893,-4,0.0018335687138569955,3.879126242783272
mono-00001037,1378.68,0.9336679209873893,-3,0.017082504294400003,3.3915619530887113
mono-00001037,1378.68,0.9336679209873893,-2,0.14436965875519325,2.8210640876398543
mono-00001037,1378.68,0.9336679209873893,-1,0.22524548362994523,2.1011307543087554
mono-00001037,1378.68,0.9336679209873893,0,0.32057392901855153,0.9336679209872898
mono-00001037,1378.68,0.9336679209873893,1,0.0,0.0
mono-00001037,1378.68,0.9336679209873893,2,0.0,0.0
mono-00001037,1378.68,0.9336679209873893,3,0.0,0.0
mono-00001037,1378.68,0.9336679209873893,4,0.0,0.0
mono-00001037,1378.68,0.9336679209873893,5,0.0,0.0
mono-00001044,1406.269,0.9244667850610426,-5,0.0004476891287299881,4.26945564370115
mono-00001044,1406.269,0.9244667850610426,-4,0.0016381780467063485,3.8408726237833264
mono-00001044,1406.269,0.9244667850610426,-3,0.018843706579273763,3.3581195653909788
mono-00001044,1406.269,0.9244667850610426,-2,0.14504089339082848,2.793249853436734
mono-00001044,1406.269,0.9244667850610426,-1,0.22270716145195152,2.080417130597212
mono-00001044,1406.269,0.9244667850610426,0,0.3213780717386628,0.9244667850611421
mono-00001044,1406.269,0.9244667850610426,1,0.0,0.0
mono-00001044,1406.269,0.9244667850610426,2,0.0,0.0
mono-00001044,1406.269,0.9244667850610426,3,0.0,0.0
mono-00001044,1406.269,0.9244667850610426,4,0.0,0.0
mono-00001044,1406.269,0.9244667850610426,5,0.0,0.0
mono-00001036,1374.738,0.9350051671730739,-5,0.00038444022890750796,4.318162361593053
mono-00001036,1374.738,0.9350051671730739,-4,0.0018619699018530625,3.88468589231627
mono-00001036,1374.738,0.9350051671730739,-3,0.016829449210093675,3.396422346908082
mono-00001036,1374.738,0.9350051671730739,-2,0.1442412715809902,2.8251064993750816
mono-00001036,1374.738,0.9350051671730739,-1,0.225603504119129,2.10414118507812
mono-00001036,1374.738,0.9350051671730739,0,0.3204805997788069,0.9350051671735855
mono-00001036,1374.738,0.9350051671730739,1,0.0,0.0
mono-00001036,1374.738,0.9350051671730739,2,0.0,0.0
mono-00001036,1374.738,0.9350051671730739,3,0.0,0.0
mono-00001036,1374.738,0.9350051671730739,4,0.0,0.0
mono-00001036,1374.738,0.9350051671730739,5,0.0,0.0
mono-00001046,1414.141,0.9218909021777222,-5,0.0004641269471230025,4.2575505167731365
mono-00001046,1414.141,0.9218909021777222,-4,0.0015843299410707567,3.830163555912108
mono-00001046,1414.141,0.9218909021777222,-3,0.019337492413083305,3.348757380699169
mono-00001046,1414.141,0.9218909021777222,-2,0.14515441932536902,2.785463253506279
mono-00001046,1414.141,0.9218909021777222,-1,0.22194930978498337,2.0746183348412046
mono-00001046,1414.141,0.9218909021777222,0,0.32161584125282705,0.9218909021779069
mono-00001046,1414.141,0.9218909021777222,1,0.0,0.0
mono-00001046,1414.141,0.9218909021777222,2,0.0,0.0
mono-00001046,1414.141,0.9218909021777222,3,0.0,0.0
mono-00001046,1414.141,0.9218909021777222,4,0.0,0.0
mono-00001046,1414.141,0.9218909021777222,5,0.0,0.0
mono-00001050,1429.908,0.9167957079910991,-5,0.0004975467072360169,4.2340019442836905
mono-00001050,1429.908,0.9167957079910991,-4,0.0014794179008025636,3.808980787306865
mono-00001050,1429.908,0.9167957079910991,-3,0.020310024824542153,3.3302387546018366
mono-00001050,1429.908,0.9167957079910991,-2,0.14527654135070384,2.7700611529008654
mono-00001050,1429.908,0.9167957079910991,-1,0.22038828960625648,2.0631481467862756
mono-00001050,1429.908,0.9167957079910991,0,0.32213548404265185,0.9167957079908291
mono-00001050,1429.908,0.9167957079910991,1,0.0,0.0
mono-00001050,1429.908,0.9167957079910991,2,0.0,0.0
mono-00001050,1429.908,0.9167957079910991,3,0.0,0.0
mono-00001050,1429.908,0.9167957079910991,4,0.0,0.0
mono-00001050,1429.908,0.9167957079910991,5,0.0,0.0
mono-00001049,1425.973,0.9180594105377509,-5,0.0004891422688894871,4.239842399211199
mono-00001049,1425.973,0.9180594105377509,-4,0.0015052770219598378,3.814234484774417
mono-00001049,1425.973,0.9180594105377509,-3,0.020069078315930203,3.3348317007604322
mono-00001049,1425.973,0.9180594105377509,-2,0.14525818851528324,2.7738811480728884
mono-00001049,1425.973,0.9180594105377509,-1,0.220778692089709,2.065992959702939
mono-00001049,1425.973,0.9180594105377509,0,0.3219890669600031,0.9180594105378361
mono-00001049,1425.973,0.9180594105377509,1,0.0,0.0
mono-00001049,1425.973,0.9180594105377509,2,0.0,0.0
mono-00001049,1425.973,0.9180594105377509,3,0.0,0.0
mono-00001049,1425.973,0.9180594105377509,4,0.0,0.0
mono-00001049,1425.973,0.9180594105377509,5,0.0,0.0
mono-00001053,1441.734,0.9130290352844099,-5,0.0005228556098067505,4.21659361688566
mono-00001053,1441.734,0.9130290352844099,-4,0.001404611321261872,3.793321364405216
mono-00001053,1441.734,0.9130290352844099,-3,0.021021992561731095,3.316548788339915
mono-00001053,1441.734,0.9130290352844099,-2,0.14530070811579368,2.758675074058175
mono-00001053,1441.734,0.9130290352844099,-1,0.21914917436602646,2.054668739504521
mono-00001053,1441.734,0.9130290352844099,0,0.3224377249717594,0.9130290352843531
mono-00001053,1441.734,0.9130290352844099,1,0.0,0.0
mono-00001053,1441.734,0.9130290352844099,2,0.0,0.0
mono-00001053,1441.734,0.9130290352844099,3,0.0,0.0
mono-00001053,1441.734,0.9130290352844099,4,0.0,0.0
mono-00001053,1441.734,0.9130290352844099,5,0.0,0.0
mono-00001039,1386.555,0.931013572235571,-5,0.00040753613243021047,4.299713698641071
mono-00001039,1386.555,0.931013572235571,-4,0.001776916580310008,3.8680907394567754
mono-00001039,1386.555,0.931013572235571,-3,0.01758820902115524,3.381914415973924
mono-00001039,1386.555,0.931013572235571,-2,0.14460184980240998,2.813040181747411
mono-00001039,1386.555,0.931013572235571,-1,0.22453354795957597,2.09515525421358
mono-00001039,1386.555,0.931013572235571,0,0.3207937207873769,0.9310135722356137
mono-00001039,1386.555,0.931013572235571,1,0.0,0.0
mono-00001039,1386.555,0.931013572235571,2,0.0,0.0
mono-00001039,1386.555,0.931013572235571,3,0.0,0.0
mono-00001039,1386.555,0.931013572235571,4,0.0,0.0
mono-00001039,1386.555,0.931013572235571,5,0.0,0.0
mono-00001040,1390.497,0.929693355278971,-5,0.00041543443854210173,4.293611857636904
mono-00001040,1390.497,0.929693355278971,-4,0.001748688403936726,3.8626019370735065
mono-00001040,1390.497,0.929693355278971,-3,0.01784108907545153,3.377115952725589
mono-00001040,1390.497,0.929693355278971,-2,0.1447060250607642,2.8090492727770027
mono-00001040,1390.497,0.929693355278971,-1,0.22417751217393386,2.092183173605349
mono-00001040,1390.497,0.929693355278971,0,0.3209169695982791,0.9296933552790989
mono-00001040,1390.497,0.929693355278971,1,0.0,0.0
mono-00001040,1390.497,0.929693355278971,2,0.0,0.0
mono-00001040,1390.497,0.929693355278971,3,0.0,0.0
mono-00001040,1390.497,0.929693355278971,4,0.0,0.0
mono-00001040,1390.497,0.929693355278971,5,0.0,0.0
mono-00001041,1394.446,0.9283764093417233,-5,0.0004233878551537185,4.287525154587186
mono-00001041,1394.446,0.9283764093417233,-4,0.0017208664221397903,3.857126749598663
mono-00001041,1394.446,0.9283764093417233,-3,0.01809270542962857,3.372329390066085
mono-00001041,1394.446,0.9283764093417233,-2,0.1448020366228183,2.805068259889836
mono-00001041,1394.446,0.9283764093417233,-1,0.2238083191145666,2.0892184612397955
mono-00001041,1394.446,0.9283764093417233,0,0.32101527680395137,0.9283764093417091
mono-00001041,1394.446,0.9283764093417233,1,0.0,0.0
mono-00001041,1394.446,0.9283764093417233,2,0.0,0.0
mono-00001041,1394.446,0.9283764093417233,3,0.0,0.0
mono-00001041,1394.446,0.9283764093417233,4,0.0,0.0
mono-00001041,1394.446,0.9283764093417233,5,0.0,0.0
mono-00001043,1402.341,0.9257602101929479,-5,0.0004395391604039094,4.275433579858799
mono-00001043,1402.341,0.9257602101929479,-4,0.0016655280266249992,3.846249978216221
mono-00001043,1402.341,0.9257602101929479,-3,0.01859467380626007,3.3628206053119527
mono-00001043,1402.341,0.9257602101929479,-2,0.144969516217657,2.7971597415110523
mono-00001043,1402.341,0.9257602101929479,-1,0.22307217155461526,2.083328879741913
mono-00001043,1402.341,0.9257602101929479,0,0.321245687064571,0.9257602101930331
mono-00001043,1402.341,0.9257602101929479,1,0.0,0.0
mono-00001043,1402.341,0.9257602101929479,2,0.0,0.0
mono-00001043,1402.341,0.9257602101929479,3,0.0,0.0
mono-00001043,1402.341,0.9257602101929479,4,0.0,0.0
mono-00001043,1402.341,0.9257602101929479,5,0.0,0.0
mono-00001042,1398.393,0.9270657068513941,-5,0.0004314226352263196,4.2814673273116455
mono-00001042,1398.393,0.9270657068513941,-4,0.0016931465488591437,3.8516775346744794
mono-00001042,1398.393,0.9270657068513941,-3,0.018343872074228662,3.367565531417526
mono-00001042,1398.393,0.9270657068513941,-2,0.14488984647297568,2.801106128377569
mono-00001042,1398.393,0.9270657068513941,-1,0.2234399724477218,2.086267808599729
mono-00001042,1398.393,0.9270657068513941,0,0.32112473020903975,0.9270657068514083
mono-00001042,1398.393,0.9270657068513941,1,0.0,0.0
mono-00001042,1398.393,0.9270657068513941,2,0.0,0.0
mono-00001042,1398.393,0.9270657068513941,3,0.0,0.0
mono-00001042,1398.393,0.9270657068513941,4,0.0,0.0
mono-00001042,1398.393,0.9270657068513941,5,0.0,0.0
mono-00001047,1418.081,0.9206097110365192,-5,0.0004724071064355185,4.251629179568212
mono-00001047,1418.081,0.9206097110365192,-4,0.001557815237488526,3.824837108000523
mono-00001047,1418.081,0.9206097110365192,-3,0.019582134776765774,3.344100839247915
mono-00001047,1418.081,0.9206097110365192,-2,0.14519705361769078,2.7815903703014015
mono-00001047,1418.081,0.9206097110365192,-1,0.22155952246260968,2.0717341395137225
mono-00001047,1418.081,0.9206097110365192,0,0.3217281161488324,0.920609711036704
mono-00001047,1418.081,0.9206097110365192,1,0.0,0.0
mono-00001047,1418.081,0.9206097110365192,2,0.0,0.0
mono-00001047,1418.081,0.9206097110365192,3,0.0,0.0
mono-00001047,1418.081,0.9206097110365192,4,0.0,0.0
mono-00001047,1418.081,0.9206097110365192,5,0.0,0.0
mono-00001052,1437.816,0.9142718013687698,-5,0.0005144412197697491,4.222337257038319
mono-00001052,1437.816,0.9142718013687698,-4,0.0014291645450630827,3.798487979303701
mono-00001052,1437.816,0.9142718013687698,-3,0.02078754967286231,3.321065609368617
mono-00001052,1437.816,0.9142718013687698,-2,0.14530070690425606,2.762431759800961
mono-00001052,1437.816,0.9142718013687698,-1,0.21956068828903183,2.0574664088356087
mono-00001052,1437.816,0.9142718013687698,0,0.32232612230751045,0.9142718013685425
mono-00001052,1437.816,0.9142718013687698,1,0.0,0.0
mono-00001052,1437.816,0.9142718013687698,2,0.0,0.0
mono-00001052,1437.816,0.9142718013687698,3,0.0,0.0
mono-00001052,1437.816,0.9142718013687698,4,0.0,0.0
mono-00001052,1437.816,0.9142718013687698,5,0.0,0.0
mono-00001051,1433.863,0.9155308263496238,-5,0.0005059790659426184,4.228156057915584
mono-00001051,1433.863,0.9155308263496238,-4,0.0014541741477458155,3.8037222020952726
mono-00001051,1433.863,0.9155308263496238,-3,0.020549524326862384,3.3256415336619938
mono-00001051,1433.863,0.9155308263496238,-2,0.1452926118718978,2.7662376008072442
mono-00001051,1433.863,0.9155308263496238,-1,0.219974773789923,2.0603006836134767
mono-00001051,1433.863,0.9155308263496238,0,0.32222505755329567,0.9155308263490554
mono-00001051,1433.863,0.9155308263496238,1,0.0,0.0
mono-00001051,1433.863,0.9155308263496238,2,0.0,0.0
mono-00001051,1433.863,0.9155308263496238,3,0.0,0.0
mono-00001051,1433.863,0.9155308263496238,4,0.0,0.0
mono-00001051,1433.863,0.9155308263496238,5,0.0,0.0
mono-00001068,1504.786,0.893701571244975,-5,0.0006652681977119397,4.127270894166969
mono-00001068,1504.786,0.893701571244975,-4,0.0010561466635754628,3.7129720582731522
mono-00001068,1504.786,0.893701571244975,-3,0.024809940645652652,3.2463046221455016
mono-00001068,1504.786,0.893701571244975,-2,0.14557630636953933,2.7002521001867876
mono-00001068,1504.786,0.893701571244975,-1,0.21325369188436152,2.0111599658003882
mono-00001068,1504.786,0.893701571244975,0,0.32516529656213045,0.8937015712445202
mono-00001068,1504.786,0.893701571244975,1,0.0,0.0
mono-00001068,1504.786,0.893701571244975,2,0.0,0.0
mono-00001068,1504.786,0.893701571244975,3,0.0,0.0
mono-00001068,1504.786,0.893701571244975,4,0.0,0.0
mono-00001068,1504.786,0.893701571244975,5,0.0,0.0
mono-00001057,1457.511,0.9080754709236487,-5,0.0005571597356294559,4.1937001068145605
mono-00001057,1457.511,0.9080754709236487,-4,0.00130908763008669,3.7727277939467143
mono-00001057,1457.511,0.9080754709236487,-3,0.021960964353691756,3.298545209427971
mono-00001057,1457.511,0.9080754709236487,-2,0.14529195744459852,2.743701300583652
mono-00001057,1457.511,0.9080754709236487,-1,0.21751266682817874,2.0435174965206215
mono-00001057,1457.511,0.9080754709236487,0,0.322923320046115,0.9080754709235634
mono-00001057,1457.511,0.9080754709236487,1,0.0,0.0
mono-00001057,1457.511,0.9080754709236487,2,0.0,0.0
mono-00001057,1457.511,0.9080754709236487,3,0.0,0.0
mono-00001057,1457.511,0.9080754709236487,4,0.0,0.0
mono-00001057,1457.511,0.9080754709236487,5,0.0,0.0
mono-00001054,1445.679,0.9117828113687096,-5,0.0005313497077055588,4.21083401318576
mono-00001054,1445.679,0.9117828113687096,-4,0.001380142301425197,3.7881403878086957
mono-00001054,1445.679,0.9117828113687096,-3,0.021256451138288987,3.3120194101500147
mono-00001054,1445.679,0.9117828113687096,-2,0.1452926333014082,2.754907942903273
mono-00001054,1445.679,0.9117828113687096,-1,0.21873361270407277,2.051863289981
mono-00001054,1445.679,0.9117828113687096,0,0.32256192151379137,0.9117828113688233
mono-00001054,1445.679,0.9117828113687096,1,0.0,0.0
mono-00001054,1445.679,0.9117828113687096,2,0.0,0.0
mono-00001054,1445.679,0.9117828113687096,3,0.0,0.0
mono-00001054,1445.679,0.9117828113687096,4,0.0,0.0
mono-00001054,1445.679,0.9117828113687096,5,0.0,0.0
mono-00001060,1469.332,0.9044163727234888,-5,0.0005832309354894979,4.17678930771136
mono-00001060,1469.332,0.9044163727234888,-4,0.0012410978972526208,3.7575158770331427
mono-00001060,1469.332,0.9044163727234888,-3,0.022657658350282175,3.2852464324347608
mono-00001060,1469.332,0.9044163727234888,-2,0.14527269148254138,2.732640547212739
mono-00001060,1469.332,0.9044163727234888,-1,0.21630359014970682,2.0352803379131927
mono-00001060,1469.332,0.9044163727234888,0,0.3233323748631109,0.904416372723432
mono-00001060,1469.332,0.9044163727234888,1,0.0,0.0
mono-00001060,1469.332,0.9044163727234888,2,0.0,0.0
mono-00001060,1469.332,0.9044163727234888,3,0.0,0.0
mono-00001060,1469.332,0.9044163727234888,4,0.0,0.0
mono-00001060,1469.332,0.9044163727234888,5,0.0,0.0
mono-00001059,1465.382,0.9056341391359126,-5,0.0005745123017099722,4.182417290779071
mono-00001059,1465.382,0.9056341391359126,-4,0.0012635144583437446,3.762578466972684
mono-00001059,1465.382,0.9056341391359126,-3,0.02242666301697382,3.289672322980195
mono-00001059,1465.382,0.9056341391359126,-2,0.14528652157990032,2.7363216152308496
mono-00001059,1465.382,0.9056341391359126,-1,0.21670899514670294,2.038021702257595
mono-00001059,1465.382,0.9056341391359126,0,0.3231833842633856,0.9056341391357705
mono-00001059,1465.382,0.9056341391359126,1,0.0,0.0
mono-00001059,1465.382,0.9056341391359126,2,0.0,0.0
mono-00001059,1465.382,0.9056341391359126,3,0.0,0.0
mono-00001059,1465.382,0.9056341391359126,4,0.0,0.0
mono-00001059,1465.382,0.9056341391359126,5,0.0,0.0
mono-00001062,1477.206,0.9020034404604473,-5,0.0006009919074086762,4.165637840041967
mono-00001062,1477.206,0.9020034404604473,-4,0.0011977127538605602,3.747484692274824
mono-00001062,1477.206,0.9020034404604473,-3,0.023128825087099566,3.276476820355512
mono-00001062,1477.206,0.9020034404604473,-2,0.1453055014805137,2.725346747983835
mono-00001062,1477.206,0.9020034404604473,-1,0.2155459167561823,2.029848497330377
mono-00001062,1477.206,0.9020034404604473,0,0.32361012580937526,0.9020034404603621
mono-00001062,1477.206,0.9020034404604473,1,0.0,0.0
mono-00001062,1477.206,0.9020034404604473,2,0.0,0.0
mono-00001062,1477.206,0.9020034404604473,3,0.0,0.0
mono-00001062,1477.206,0.9020034404604473,4,0.0,0.0
mono-00001062,1477.206,0.9020034404604473,5,0.0,0.0
mono-00001061,1473.252,0.9032126988351195,-5,0.0005919809870142573,4.171226470283614
mono-00001061,1473.252,0.9032126988351195,-4,0.0012192644414267637,3.7525118863633224
mono-00001061,1473.252,0.9032126988351195,-3,0.02288922272276246,3.2808717698050174
mono-00001061,1473.252,0.9032126988351195,-2,0.1452731235406052,2.7290020846963756
mono-00001061,1473.252,0.9032126988351195,-1,0.21591406294059265,2.03257070150957
mono-00001061,1473.252,0.9032126988351195,0,0.32347798964954816,0.9032126988350626
mono-00001061,1473.252,0.9032126988351195,1,0.0,0.0
mono-00001061,1473.252,0.9032126988351195,2,0.0,0.0
mono-00001061,1473.252,0.9032126988351195,3,0.0,0.0
mono-00001061,1473.252,0.9032126988351195,4,0.0,0.0
mono-00001061,1473.252,0.9032126988351195,5,0.0,0.0
mono-00001055,1449.628,0.9105404207321897,-5,0.000539869206439527,4.205092142827013
mono-00001055,1449.628,0.9105404207321897,-4,0.0013559204927869831,3.782975361115078
mono-00001055,1449.628,0.9105404207321897,-3,0.021489438480169196,3.30750397418889
mono-00001055,1449.628,0.9105404207321897,-2,0.14527652694546644,2.751152406158468
mono-00001055,1449.628,0.9105404207321897,-1,0.21831643413489352,2.0490664737144897
mono-00001055,1449.628,0.9105404207321897,0,0.32269863501404716,0.9105404207323318
mono-00001055,1449.628,0.9105404207321897,1,0.0,0.0
mono-00001055,1449.628,0.9105404207321897,2,0.0,0.0
mono-00001055,1449.628,0.9105404207321897,3,0.0,0.0
mono-00001055,1449.628,0.9105404207321897,4,0.0,0.0
mono-00001055,1449.628,0.9105404207321897,5,0.0,0.0
mono-00001063,1481.152,0.90080145811433,-5,0.0006099958478004436,4.160082852254064
mono-00001063,1481.152,0.90080145811433,-4,0.001176510622765792,3.742487759149384
mono-00001063,1481.152,0.90080145811433,-3,0.0233663861787523,3.272108324530109
mono-00001063,1481.152,0.90080145811433,-2,0.1453312626269993,2.7217134117156974
mono-00001063,1481.152,0.90080145811433,-1,0.21517748538812947,2.027142676122253
mono-00001063,1481.152,0.90080145811433,0,0.32375371574101364,0.9008014581145005
mono-00001063,1481.152,0.90080145811433,1,0.0,0.0
mono-00001063,1481.152,0.90080145811433,2,0.0,0.0
mono-00001063,1481.152,0.90080145811433,3,0.0,0.0
mono-00001063,1481.152,0.90080145811433,4,0.0,0.0
mono-00001063,1481.152,0.90080145811433,5,0.0,0.0
mono-00001065,1489.031,0.8984157595189259,-5,0.0006279889250839231,4.149057341103742
mono-00001065,1489.031,0.8984157595189259,-4,0.0011351526416874388,3.7325698668430505
mono-00001065,1489.031,0.8984157595189259,-3,0.02383565494087767,3.2634377473581537
mono-00001065,1489.031,0.8984157595189259,-2,0.1453629428978662,2.7145019729222213
mono-00001065,1489.031,0.8984157595189259,-1,0.21443811248631736,2.0217721638538677
mono-00001065,1489.031,0.8984157595189259,0,0.32407643187870977,0.8984157595189117
mono-00001065,1489.031,0.8984157595189259,1,0.0,0.0
mono-00001065,1489.031,0.8984157595189259,2,0.0,0.0
mono-00001065,1489.031,0.8984157595189259,3,0.0,0.0
mono-00001065,1489.031,0.8984157595189259,4,0.0,0.0
mono-00001065,1489.031,0.8984157595189259,5,0.0,0.0
mono-00001058,1461.424,0.9068593192561849,-5,0.0005657812852962544,4.188079553380348
mono-00001058,1461.424,0.9068593192561849,-4,0.0012862860793763048,3.7676718908672626
mono-00001058,1461.424,0.9068593192561849,-3,0.022193345298001068,3.294125168002111
mono-00001058,1461.424,0.9068593192561849,-2,0.1452929340602728,2.7400251001909766
mono-00001058,1461.424,0.9068593192561849,-1,0.21711377846837673,2.0407797596874104
mono-00001058,1461.424,0.9068593192561849,0,0.3230465908764207,0.9068593192563554
mono-00001058,1461.424,0.9068593192561849,1,0.0,0.0
mono-00001058,1461.424,0.9068593192561849,2,0.0,0.0
mono-00001058,1461.424,0.9068593192561849,3,0.0,0.0
mono-00001058,1461.424,0.9068593192561849,4,0.0,0.0
mono-00001058,1461.424,0.9068593192561849,5,0.0,0.0
mono-00001056,1453.539,0.9093149772958213,-5,0.0005484229749030103,4.199428613051552
mono-00001056,1453.539,0.9093149772958213,-4,0.0013325100176440855,3.777880802850703
mono-00001056,1453.539,0.9093149772958213,-3,0.021723423261531146,3.3030501423874483
mono-00001056,1453.539,0.9093149772958213,-2,0.14528341487064744,2.7474481048041355
mono-00001056,1453.539,0.9093149772958213,-1,0.21791620345337584,2.0463078120958755
mono-00001056,1453.539,0.9093149772958213,0,0.3228098397326486,0.9093149772959777
mono-00001056,1453.539,0.9093149772958213,1,0.0,0.0
mono-00001056,1453.539,0.9093149772958213,2,0.0,0.0
mono-00001056,1453.539,0.9093149772958213,3,0.0,0.0
mono-00001056,1453.539,0.9093149772958213,4,0.0,0.0
mono-00001056,1453.539,0.9093149772958213,5,0.0,0.0
mono-00001067,1496.895,0.8960534042777795,-5,0.0006463104015577285,4.138139773109401
mono-00001067,1496.895,0.8960534042777795,-4,0.0010950862928641642,3.7227490669950924
mono-00001067,1496.895,0.8960534042777795,-3,0.024312746891865005,3.254852045837765
mono-00001067,1496.895,0.8960534042777795,-2,0.14543152766542444,2.707361121064025
mono-00001067,1496.895,0.8960534042777795,-1,0.21378062966101283,2.016454214512933
mono-00001067,1496.895,0.8960534042777795,0,0.3245287805182833,0.8960534042778932
mono-00001067,1496.895,0.8960534042777795,1,0.0,0.0
mono-00001067,1496.895,0.8960534042777795,2,0.0,0.0
mono-00001067,1496.895,0.8960534042777795,3,0.0,0.0
mono-00001067,1496.895,0.8960534042777795,4,0.0,0.0
mono-00001067,1496.895,0.8960534042777795,5,0.0,0.0
mono-00001064,1485.077,0.8996106268029109,-5,0.0006189584811728446,4.154579414957027
mono-00001064,1485.077,0.8996106268029109,-4,0.001155740007711403,3.7375371960231547
mono-00001064,1485.077,0.8996106268029109,-3,0.023601040519069968,3.2677803654564315
mono-00001064,1485.077,0.8996106268029109,-2,0.145350371479662,2.7181137890508182
mono-00001064,1485.077,0.8996106268029109,-1,0.2148098648424383,2.0244619609474057
mono-00001064,1485.077,0.8996106268029109,0,0.3239084322490211,0.8996106268029251
mono-00001064,1485.077,0.8996106268029109,1,0.0,0.0
mono-00001064,1485.077,0.8996106268029109,2,0.0,0.0
mono-00001064,1485.077,0.8996106268029109,3,0.0,0.0
mono-00001064,1485.077,0.8996106268029109,4,0.0,0.0
mono-00001064,1485.077,0.8996106268029109,5,0.0,0.0
mono-00001072,1520.578,0.8890500081162855,-5,0.0007027901939266779,4.105774105772525
mono-00001072,1520.578,0.8890500081162855,-4,0.0009835755138956326,3.6936347833757566
mono-00001072,1520.578,0.8890500081162855,-3,0.02577056763984577,3.2293992416492188
mono-00001072,1520.578,0.8890500081162855,-2,0.14575234767564338,2.686191625548304
mono-00001072,1520.578,0.8890500081162855,-1,0.21213227227674497,2.0006887986954496
mono-00001072,1520.578,0.8890500081162855,0,0.3265824565612297,0.889050008116385
mono-00001072,1520.578,0.8890500081162855,1,0.0,0.0
mono-00001072,1520.578,0.8890500081162855,2,0.0,0.0
mono-00001072,1520.578,0.8890500081162855,3,0.0,0.0
mono-00001072,1520.578,0.8890500081162855,4,0.0,0.0
mono-00001072,1520.578,0.8890500081162855,5,0.0,0.0
mono-00001066,1492.962,0.8972325498331912,-5,0.0006369640830899514,4.143589158290084
mono-00001066,1492.962,0.8972325498331912,-4,0.0011150354925378674,3.7276510131390097
mono-00001066,1492.962,0.8972325498331912,-3,0.024067041914950422,3.2591375067475354
mono-00001066,1492.962,0.8972325498331912,-2,0.14536879156533697,2.7109254014081188
mono-00001066,1492.962,0.8972325498331912,-1,0.2140670000969166,2.019108613011184
mono-00001066,1492.962,0.8972325498331912,0,0.32425586769956566,0.8972325498330065
mono-00001066,1492.962,0.8972325498331912,1,0.0,0.0
mono-00001066,1492.962,0.8972325498331912,2,0.0,0.0
mono-00001066,1492.962,0.8972325498331912,3,0.0,0.0
mono-00001066,1492.962,0.8972325498331912,4,0.0,0.0
mono-00001066,1492.962,0.8972325498331912,5,0.0,0.0
mono-00001070,1512.654,0.8913749344854409,-5,0.0006841455728872083,4.116518518195036
mono-00001070,1512.654,0.8913749344854409,-4,0.0010190144437546306,3.7032998422866825
mono-00001070,1512.654,0.8913749344854409,-3,0.025298953573692832,3.2378488063020683
mono-00001070,1512.654,0.8913749344854409,-2,0.1456998209503446,2.693219265803762
mono-00001070,1512.654,0.8913749344854409,-1,0.21272794968916475,2.0059224503872315
mono-00001070,1512.654,0.8913749344854409,0,0.3258625422441463,0.8913749344855546
mono-00001070,1512.654,0.8913749344854409,1,0.0,0.0
mono-00001070,1512.654,0.8913749344854409,2,0.0,0.0
mono-00001070,1512.654,0.8913749344854409,3,0.0,0.0
mono-00001070,1512.654,0.8913749344854409,4,0.0,0.0
mono-00001070,1512.654,0.8913749344854409,5,0.0,0.0
mono-00001075,1532.366,0.8856247883244066,-5,0.0007298768533038671,4.0899449057379655
mono-00001075,1532.366,0.8856247883244066,-4,0.0009347069690296565,3.6793957285893555
mono-00001075,1532.366,0.8856247883244066,-3,0.026435930925034365,3.2169509041059854
mono-00001075,1532.366,0.8856247883244066,-2,0.1457170729312712,2.675838131653265
mono-00001075,1532.366,0.8856247883244066,-1,0.2111454185743866,1.9929782961859814
mono-00001075,1532.366,0.8856247883244066,0,0.32771630552494396,0.8856247883245345
mono-00001075,1532.366,0.8856247883244066,1,0.0,0.0
mono-00001075,1532.366,0.8856247883244066,2,0.0,0.0
mono-00001075,1532.366,0.8856247883244066,3,0.0,0.0
mono-00001075,1532.366,0.8856247883244066,4,0.0,0.0
mono-00001075,1532.366,0.8856247883244066,5,0.0,0.0
mono-00001073,1524.483,0.8879109404072381,-5,0.0007117983679496655,4.100510040907665
mono-00001073,1524.483,0.8879109404072381,-4,0.0009668813184293598,3.688899529333895
mono-00001073,1524.483,0.8879109404072381,-3,0.02599354655287096,3.2252594991052774
mono-00001073,1524.483,0.8879109404072381,-2,0.14574656989345727,2.6827485325385965
mono-00001073,1524.483,0.8879109404072381,-1,0.21180729214953262,1.9981246433992368
mono-00001073,1524.483,0.8879109404072381,0,0.32694022048481103,0.887910940407437
mono-00001073,1524.483,0.8879109404072381,1,0.0,0.0
mono-00001073,1524.483,0.8879109404072381,2,0.0,0.0
mono-00001073,1524.483,0.8879109404072381,3,0.0,0.0
mono-00001073,1524.483,0.8879109404072381,4,0.0,0.0
mono-00001073,1524.483,0.8879109404072381,5,0.0,0.0
mono-00001069,1508.737,0.8925309515095421,-5,0.0006747526756999076,4.121860956111561
mono-00001069,1508.737,0.8925309515095421,-4,0.0010372803612823608,3.708105591479125
mono-00001069,1508.737,0.8925309515095421,-3,0.025056387844419874,3.2420501741416956
mono-00001069,1508.737,0.8925309515095421,-2,0.14564088009686244,2.6967136098307805
mono-00001069,1508.737,0.8925309515095421,-1,0.2129897333259542,2.008524770254155
mono-00001069,1508.737,0.8925309515095421,0,0.3255073093891249,0.8925309515093431
mono-00001069,1508.737,0.8925309515095421,1,0.0,0.0
mono-00001069,1508.737,0.8925309515095421,2,0.0,0.0
mono-00001069,1508.737,0.8925309515095421,3,0.0,0.0
mono-00001069,1508.737,0.8925309515095421,4,0.0,0.0
mono-00001069,1508.737,0.8925309515095421,5,0.0,0.0
mono-00001071,1516.617,0.8902099009386433,-5,0.0006936213838495733,4.111134425937678
mono-00001071,1516.617,0.8902099009386433,-4,0.0010009997114779877,3.698456621631692
mono-00001071,1516.617,0.8902099009386433,-3,0.02554191439219469,3.233614678042656
mono-00001071,1516.617,0.8902099009386433,-2,0.14575214433310685,2.689697673146341
mono-00001071,1516.617,0.8902099009386433,-1,0.2124600780244178,2.0032998367099992
mono-00001071,1516.617,0.8902099009386433,0,0.3262367051424263,0.890209900938487
mono-00001071,1516.617,0.8902099009386433,1,0.0,0.0
mono-00001071,1516.617,0.8902099009386433,2,0.0,0.0
mono-00001071,1516.617,0.8902099009386433,3,0.0,0.0
mono-00001071,1516.617,0.8902099009386433,4,0.0,0.0
mono-00001071,1516.617,0.8902099009386433,5,0.0,0.0
mono-00001074,1528.428,0.8867646391378514,-5,0.0007208644669951428,4.095212561273954
mono-00001074,1528.428,0.8867646391378514,-4,0.000950519516560538,3.684134215700084
mono-00001074,1528.428,0.8867646391378514,-3,0.02621626078488516,3.221093475903345
mono-00001074,1528.428,0.8867646391378514,-2,0.1457347796715812,2.6792835802394706
mono-00001074,1528.428,0.8867646391378514,-1,0.21147708465835505,1.9955442078796324
mono-00001074,1528.428,0.8867646391378514,0,0.32731938353906914,0.8867646391380077
mono-00001074,1528.428,0.8867646391378514,1,0.0,0.0
mono-00001074,1528.428,0.8867646391378514,2,0.0,0.0
mono-00001074,1528.428,0.8867646391378514,3,0.0,0.0
mono-00001074,1528.428,0.8867646391378514,4,0.0,0.0
mono-00001074,1528.428,0.8867646391378514,5,0.0,0.0
mono-00001089,1587.406,0.8701400067869969,-5,0.0008453198712616731,4.01838561967304
mono-00001089,1587.406,0.8701400067869969,-4,0.0007741336459167125,3.615024861060391
mono-00001089,1587.406,0.8701400067869969,-3,0.028936456980332762,3.160675223707429
mono-00001089,1587.406,0.8701400067869969,-2,0.14387612609639508,2.6290325556812206
mono-00001089,1587.406,0.8701400067869969,-1,0.20473313390054826,1.9581209086361753
mono-00001089,1587.406,0.8701400067869969,0,0.33361663537337205,0.8701400067874232
mono-00001089,1587.406,0.8701400067869969,1,0.0,0.0
mono-00001089,1587.406,0.8701400067869969,2,0.0,0.0
mono-00001089,1587.406,0.8701400067869969,3,0.0,0.0
mono-00001089,1587.406,0.8701400067869969,4,0.0,0.0
mono-00001089,1587.406,0.8701400067869969,5,0.0,0.0
mono-00001097,1618.869,0.8616451419058393,-5,0.0009082602722104692,3.9791296836682903
mono-00001097,1618.869,0.8616451419058393,-4,0.0007321592547666052,3.5797122226296665
mono-00001097,1618.869,0.8616451419058393,-3,0.030105154164490056,3.1298033447569225
mono-00001097,1618.869,0.8616451419058393,-2,0.1422307814821218,2.603355720838195
mono-00001097,1618.869,0.8616451419058393,-1,0.20032018348797587,1.938998587882537
mono-00001097,1618.869,0.8616451419058393,0,0.33730121832948534,0.8616451419063651
mono-00001097,1618.869,0.8616451419058393,1,0.0,0.0
mono-00001097,1618.869,0.8616451419058393,2,0.0,0.0
mono-00001097,1618.869,0.8616451419058393,3,0.0,0.0
mono-00001097,1618.869,0.8616451419058393,4,0.0,0.0
mono-00001097,1618.869,0.8616451419058393,5,0.0,0.0
mono-00001077,1540.276,0.8833484644505347,-5,0.0007478061842712951,4.07942524667159
mono-00001077,1540.276,0.8833484644505347,-4,0.0009045899138488585,3.6699328294108255
mono-00001077,1540.276,0.8833484644505347,-3,0.026866764226554075,3.2086780613295787
mono-00001077,1540.276,0.8833484644505347,-2,0.14565589168385581,2.6689574616524396
mono-00001077,1540.276,0.8833484644505347,-1,0.2104616156183389,1.987854086039917
mono-00001077,1540.276,0.8833484644505347,0,0.3285612261405803,0.8833484644504495
mono-00001077,1540.276,0.8833484644505347,1,0.0,0.0
mono-00001077,1540.276,0.8833484644505347,2,0.0,0.0
mono-00001077,1540.276,0.8833484644505347,3,0.0,0.0
mono-00001077,1540.276,0.8833484644505347,4,0.0,0.0
mono-00001077,1540.276,0.8833484644505347,5,0.0,0.0
mono-00001082,1559.93,0.8777676012686584,-5,0.0007898355075687551,4.053634436018783
mono-00001082,1559.93,0.8777676012686584,-4,0.0008400967654772057,3.6467328271421025
mono-00001082,1559.93,0.8777676012686584,-3,0.02781104232601756,3.1883956734902057
mono-00001082,1559.93,0.8777676012686584,-2,0.14512303231847556,2.6520882197063855
mono-00001082,1559.93,0.8777676012686584,-1,0.2083324104555171,1.9752911141134177
mono-00001082,1559.93,0.8777676012686584,0,0.3306516483988076,0.8777676012686442
mono-00001082,1559.93,0.8777676012686584,1,0.0,0.0
mono-00001082,1559.93,0.8777676012686584,2,0.0,0.0
mono-00001082,1559.93,0.8777676012686584,3,0.0,0.0
mono-00001082,1559.93,0.8777676012686584,4,0.0,0.0
mono-00001082,1559.93,0.8777676012686584,5,0.0,0.0
mono-00001083,1563.866,0.8766626115211835,-5,0.0007980676364069202,4.048527993136062
mono-00001083,1563.866,0.8766626115211835,-4,0.0008289680753143973,3.6421393461326517
mono-00001083,1563.866,0.8766626115211835,-3,0.027989374801438965,3.1843798612128325
mono-00001083,1563.866,0.8766626115211835,-2,0.14499395345281108,2.6487481899743557
mono-00001083,1563.866,0.8766626115211835,-1,0.20789037489280263,1.9728037023698306
mono-00001083,1563.866,0.8766626115211835,0,0.33113170575173473,0.8766626115212119
mono-00001083,1563.866,0.8766626115211835,1,0.0,0.0
mono-00001083,1563.866,0.8766626115211835,2,0.0,0.0
mono-00001083,1563.866,0.8766626115211835,3,0.0,0.0
mono-00001083,1563.866,0.8766626115211835,4,0.0,0.0
mono-00001083,1563.866,0.8766626115211835,5,0.0,0.0
mono-00001084,1567.77,0.8755707174887846,-5,0.0008060548251030996,4.043482081826838
mono-00001084,1567.77,0.8755707174887846,-4,0.0008183930695817307,3.6376003146547333
mono-00001084,1567.77,0.8755707174887846,-3,0.02815566854096112,3.1804116497180814
mono-00001084,1567.77,0.8755707174887846,-2,0.14482946576306038,2.645447749636517
mono-00001084,1567.77,0.8755707174887846,-1,0.20738255744492248,1.970345772959604
mono-00001084,1567.77,0.8755707174887846,0,0.33149505724918626,0.8755707174885998
mono-00001084,1567.77,0.8755707174887846,1,0.0,0.0
mono-00001084,1567.77,0.8755707174887846,2,0.0,0.0
mono-00001084,1567.77,0.8755707174887846,3,0.0,0.0
mono-00001084,1567.77,0.8755707174887846,4,0.0,0.0
mono-00001084,1567.77,0.8755707174887846,5,0.0,0.0
mono-00001076,1536.333,0.8844809761995407,-5,0.0007389133482452517,4.084658957758904
mono-00001076,1536.333,0.8844809761995407,-4,0.0009193189370831891,3.674640785070835
mono-00001076,1536.333,0.8844809761995407,-3,0.026654415145840195,3.212793944079152
mono-00001076,1536.333,0.8844809761995407,-2,0.14569309577667086,2.6723807149073053
mono-00001076,1536.333,0.8844809761995407,-1,0.2108088536474981,1.9904034704329945
mono-00001076,1536.333,0.8844809761995407,0,0.3281351654364265,0.8844809761993275
mono-00001076,1536.333,0.8844809761995407,1,0.0,0.0
mono-00001076,1536.333,0.8844809761995407,2,0.0,0.0
mono-00001076,1536.333,0.8844809761995407,3,0.0,0.0
mono-00001076,1536.333,0.8844809761995407,4,0.0,0.0
mono-00001076,1536.333,0.8844809761995407,5,0.0,0.0
mono-00001085,1571.697,0.8744764964294234,-5,0.0008140294661642489,4.038425429594213
mono-00001085,1571.697,0.8744764964294234,-4,0.0008083366967889977,3.6330516198112974
mono-00001085,1571.697,0.8744764964294234,-3,0.028319301721513424,3.176434988845429
mono-00001085,1571.697,0.8744764964294234,-2,0.14465577093528312,2.642140280678518
mono-00001085,1571.697,0.8744764964294234,-1,0.2068656756048208,1.967882608170882
mono-00001085,1571.697,0.8744764964294234,0,0.3318793040927113,0.8744764964292528
mono-00001085,1571.697,0.8744764964294234,1,0.0,0.0
mono-00001085,1571.697,0.8744764964294234,2,0.0,0.0
mono-00001085,1571.697,0.8744764964294234,3,0.0,0.0
mono-00001085,1571.697,0.8744764964294234,4,0.0,0.0
mono-00001085,1571.697,0.8744764964294234,5,0.0,0.0
mono-00001087,1579.553,0.872299753351939,-5,0.0008298009518994839,4.0283662273017455
mono-00001087,1579.553,0.872299753351939,-4,0.0007900080102759741,3.6240028933768684
mono-00001087,1579.553,0.872299753351939,-3,0.028635515638908964,3.1685242068271577
mono-00001087,1579.553,0.872299753351939,-2,0.1442831283577894,2.6355607206273532
mono-00001087,1579.553,0.872299753351939,-1,0.20581265553646874,1.9629826225974085
mono-00001087,1579.553,0.872299753351939,0,0.33270693296214415,0.8722997533518537
mono-00001087,1579.553,0.872299753351939,1,0.0,0.0
mono-00001087,1579.553,0.872299753351939,2,0.0,0.0
mono-00001087,1579.553,0.872299753351939,3,0.0,0.0
mono-00001087,1579.553,0.872299753351939,4,0.0,0.0
mono-00001087,1579.553,0.872299753351939,5,0.0,0.0
mono-00001090,1591.333,0.8690659954682616,-5,0.0008532130701049415,4.013422423665716
mono-00001090,1591.333,0.8690659954682616,-4,0.0007668924711398662,3.610560227636867
mono-00001090,1591.333,0.8690659954682616,-3,0.029089275412007096,3.1567720467688787
mono-00001090,1591.333,0.8690659954682616,-2,0.14368473132076048,2.6257861994338754
mono-00001090,1591.333,0.8690659954682616,-1,0.20419553305387145,1.9557032514897514
mono-00001090,1591.333,0.8690659954682616,0,0.3340418182691609,0.8690659954682332
mono-00001090,1591.333,0.8690659954682616,1,0.0,0.0
mono-00001090,1591.333,0.8690659954682616,2,0.0,0.0
mono-00001090,1591.333,0.8690659954682616,3,0.0,0.0
mono-00001090,1591.333,0.8690659954682616,4,0.0,0.0
mono-00001090,1591.333,0.8690659954682616,5,0.0,0.0
mono-00001092,1599.194,0.8669279530784593,-5,0.0008690653702502009,4.0035421887151585
mono-00001092,1599.194,0.8669279530784593,-4,0.0007539970235925315,3.601672477282719
mono-00001092,1599.194,0.8669279530784593,-3,0.029392174189954358,3.149001984831827
mono-00001092,1599.194,0.8669279530784593,-2,0.14329948706994797,2.6193236685799093
mono-00001092,1599.194,0.8669279530784593,-1,0.2031122610783033,1.9508904115905352
mono-00001092,1599.194,0.8669279530784593,0,0.3348947815007292,0.8669279530786298
mono-00001092,1599.194,0.8669279530784593,1,0.0,0.0
mono-00001092,1599.194,0.8669279530784593,2,0.0,0.0
mono-00001092,1599.194,0.8669279530784593,3,0.0,0.0
mono-00001092,1599.194,0.8669279530784593,4,0.0,0.0
mono-00001092,1599.194,0.8669279530784593,5,0.0,0.0
mono-00001096,1614.915,0.8626990516751221,-5,0.0009002019431952369,3.9839999037156844
mono-00001096,1614.915,0.8626990516751221,-4,0.0007355743088827046,3.584093228812648
mono-00001096,1614.915,0.8626990516751221,-3,0.02995811833696116,3.1336334192714475
mono-00001096,1614.915,0.8626990516751221,-2,0.1424299914832552,2.6065412833801247
mono-00001096,1614.915,0.8626990516751221,-1,0.20087004598240268,1.9413709764478142
mono-00001096,1614.915,0.8626990516751221,0,0.3368311238732212,0.862699051675321
mono-00001096,1614.915,0.8626990516751221,1,0.0,0.0
mono-00001096,1614.915,0.8626990516751221,2,0.0,0.0
mono-00001096,1614.915,0.8626990516751221,3,0.0,0.0
mono-00001096,1614.915,0.8626990516751221,4,0.0,0.0
mono-00001096,1614.915,0.8626990516751221,5,0.0,0.0
mono-00001093,1603.102,0.8658709070355854,-5,0.0008768688193383491,3.9986574282861227
mono-00001093,1603.102,0.8658709070355854,-4,0.0007484984394796093,3.597278396486061
mono-00001093,1603.102,0.8658709070355854,-3,0.029537562317549667,3.145160484538465
mono-00001093,1603.102,0.8658709070355854,-2,0.14309501083683993,2.6161286070246916
mono-00001093,1603.102,0.8658709070355854,-1,0.2025639279371914,1.9485109523894124
mono-00001093,1603.102,0.8658709070355854,0,0.3353481300858769,0.8658709070359265
mono-00001093,1603.102,0.8658709070355854,1,0.0,0.0
mono-00001093,1603.102,0.8658709070355854,2,0.0,0.0
mono-00001093,1603.102,0.8658709070355854,3,0.0,0.0
mono-00001093,1603.102,0.8658709070355854,4,0.0,0.0
mono-00001093,1603.102,0.8658709070355854,5,0.0,0.0
mono-00001078,1544.215,0.8822214341720525,-5,0.0007563457033042956,4.074216881064245
mono-00001078,1544.215,0.8822214341720525,-4,0.0008905154608319642,3.6652476716257496
mono-00001078,1544.215,0.8822214341720525,-3,0.027062873168223863,3.2045821080400287
mono-00001078,1544.215,0.8822214341720525,-2,0.14556352262293382,2.6655507828990324
mono-00001078,1544.215,0.8822214341720525,-1,0.21004393542245764,1.9853170440605794
mono-00001078,1544.215,0.8822214341720525,0,0.32894042767061277,0.8822214341719814
mono-00001078,1544.215,0.8822214341720525,1,0.0,0.0
mono-00001078,1544.215,0.8822214341720525,2,0.0,0.0
mono-00001078,1544.215,0.8822214341720525,3,0.0,0.0
mono-00001078,1544.215,0.8822214341720525,4,0.0,0.0
mono-00001078,1544.215,0.8822214341720525,5,0.0,0.0
mono-00001080,1552.065,0.8799881901619244,-5,0.0007731954549313305,4.063896390314028
mono-00001080,1552.065,0.8799881901619244,-4,0.00086415822188474,3.655963924213708
mono-00001080,1552.065,0.8799881901619244,-3,0.027443632989309016,3.1964658788473628
mono-00001080,1552.065,0.8799881901619244,-2,0.1453581457086032,2.6588003641582247
mono-00001080,1552.065,0.8799881901619244,-1,0.20919869853161777,1.9802898291668214
mono-00001080,1552.065,0.8799881901619244,0,0.32975448616506003,0.8799881901620381
mono-00001080,1552.065,0.8799881901619244,1,0.0,0.0
mono-00001080,1552.065,0.8799881901619244,2,0.0,0.0
mono-00001080,1552.065,0.8799881901619244,3,0.0,0.0
mono-00001080,1552.065,0.8799881901619244,4,0.0,0.0
mono-00001080,1552.065,0.8799881901619244,5,0.0,0.0
mono-00001106,1654.195,0.8523975365276186,-5,0.000978977796273449,3.9363960970324143
mono-00001106,1654.195,0.8523975365276186,-4,0.0007293159212154843,3.5412711721275087
mono-00001106,1654.195,0.8523975365276186,-3,0.03131039448933646,3.0961963839069995
mono-00001106,1654.195,0.8523975365276186,-2,0.1401584107104012,2.5754039824265647
mono-00001106,1654.195,0.8523975365276186,-1,0.19522576912985726,1.9181820117007788
mono-00001106,1654.195,0.8523975365276186,0,0.3424179623532149,0.8523975365277323
mono-00001106,1654.195,0.8523975365276186,1,0.0,0.0
mono-00001106,1654.195,0.8523975365276186,2,0.0,0.0
mono-00001106,1654.195,0.8523975365276186,3,0.0,0.0
mono-00001106,1654.195,0.8523975365276186,4,0.0,0.0
mono-00001106,1654.195,0.8523975365276186,5,0.0,0.0
mono-00001081,1556.016,0.8788705685630163,-5,0.0007815857821275137,4.058731545730495
mono-00001081,1556.016,0.8788705685630163,-4,0.0008517708621029804,3.651317911098303
mono-00001081,1556.016,0.8788705685630163,-3,0.027630002739845835,3.192404143429485
mono-00001081,1556.016,0.8788705685630163,-2,0.14524374524083636,2.6554221415440793
mono-00001081,1556.016,0.8788705685630163,-1,0.20876607672961975,1.977773976150246
mono-00001081,1556.016,0.8788705685630163,0,0.3301946306673618,0.878870568562931
mono-00001081,1556.016,0.8788705685630163,1,0.0,0.0
mono-00001081,1556.016,0.8788705685630163,2,0.0,0.0
mono-00001081,1556.016,0.8788705685630163,3,0.0,0.0
mono-00001081,1556.016,0.8788705685630163,4,0.0,0.0
mono-00001081,1556.016,0.8788705685630163,5,0.0,0.0
mono-00001079,1548.142,0.8811021205541181,-5,0.0007648040453329457,4.069044190202462
mono-00001079,1548.142,0.8811021205541181,-4,0.0008770442026728062,3.660594603380204
mono-00001079,1548.142,0.8811021205541181,-3,0.02725506400799908,3.2005142073826818
mono-00001079,1548.142,0.8811021205541181,-2,0.14546440030133706,2.6621674348592137
mono-00001079,1548.142,0.8811021205541181,-1,0.20962339398219368,1.982797376040935
mono-00001079,1548.142,0.8811021205541181,0,0.3293378296541332,0.881102120554246
mono-00001079,1548.142,0.8811021205541181,1,0.0,0.0
mono-00001079,1548.142,0.8811021205541181,2,0.0,0.0
mono-00001079,1548.142,0.8811021205541181,3,0.0,0.0
mono-00001079,1548.142,0.8811021205541181,4,0.0,0.0
mono-00001079,1548.142,0.8811021205541181,5,0.0,0.0
mono-00001088,1583.488,0.8712155346567698,-5,0.0008376084747233473,4.023355836263988
mono-00001088,1583.488,0.8712155346567698,-4,0.0007817433907684628,3.6194958084856808
mono-00001088,1583.488,0.8712155346567698,-3,0.02878823302706843,3.1645839194122374
mono-00001088,1583.488,0.8712155346567698,-2,0.14408360504662807,2.6322835009439842
mono-00001088,1583.488,0.8712155346567698,-1,0.2052752504684354,1.960541982425383
mono-00001088,1583.488,0.8712155346567698,0,0.3331522295959607,0.8712155346563293
mono-00001088,1583.488,0.8712155346567698,1,0.0,0.0
mono-00001088,1583.488,0.8712155346567698,2,0.0,0.0
mono-00001088,1583.488,0.8712155346567698,3,0.0,0.0
mono-00001088,1583.488,0.8712155346567698,4,0.0,0.0
mono-00001088,1583.488,0.8712155346567698,5,0.0,0.0
mono-00001103,1642.401,0.8554517697909176,-5,0.0009553410340473963,3.9505097424484887
mono-00001103,1642.401,0.8554517697909176,-4,0.0007248070179181677,3.553967130124775
mono-00001103,1642.401,0.8554517697909176,-3,0.030917538770475997,3.1072957927960374
mono-00001103,1642.401,0.8554517697909176,-2,0.1408705637175115,2.584635643163665
mono-00001103,1642.401,0.8554517697909176,-1,0.19692361393511099,1.9250571396791685
mono-00001103,1642.401,0.8554517697909176,0,0.3405237101601149,0.8554517697909176
mono-00001103,1642.401,0.8554517697909176,1,0.0,0.0
mono-00001103,1642.401,0.8554517697909176,2,0.0,0.0
mono-00001103,1642.401,0.8554517697909176,3,0.0,0.0
mono-00001103,1642.401,0.8554517697909176,4,0.0,0.0
mono-00001103,1642.401,0.8554517697909176,5,0.0,0.0
mono-00001100,1630.62,0.8585356496281236,-5,0.0009319330264858901,3.964760484280049
mono-00001100,1630.62,0.8585356496281236,-4,0.0007257072938937574,3.5667864026062546
mono-00001100,1630.62,0.8585356496281236,-3,0.03052305571548265,3.1185029993268927
mono-00001100,1630.62,0.8585356496281236,-2,0.14158568292113016,2.593956953400877
mono-00001100,1630.62,0.8585356496281236,-1,0.19864722676864036,1.9319990251516401
mono-00001100,1630.62,0.8585356496281236,0,0.33881724203995406,0.8585356496284362
mono-00001100,1630.62,0.8585356496281236,1,0.0,0.0
mono-00001100,1630.62,0.8585356496281236,2,0.0,0.0
mono-00001100,1630.62,0.8585356496281236,3,0.0,0.0
mono-00001100,1630.62,0.8585356496281236,4,0.0,0.0
mono-00001100,1630.62,0.8585356496281236,5,0.0,0.0
mono-00001086,1575.613,0.8733894154535591,-5,0.000821921276443277,4.0334017860759275
mono-00001086,1575.613,0.8733894154535591,-4,0.0007988987074195252,3.628532616455786
mono-00001086,1575.613,0.8733894154535591,-3,0.028478787449139974,3.1724842842774876
mono-00001086,1575.613,0.8733894154535591,-2,0.14447420634043173,2.6388543990081814
mono-00001086,1575.613,0.8733894154535591,-1,0.20634394497829955,1.9654355190794348
mono-00001086,1575.613,0.8733894154535591,0,0.3322817462156972,0.8733894154535875
mono-00001086,1575.613,0.8733894154535591,1,0.0,0.0
mono-00001086,1575.613,0.8733894154535591,2,0.0,0.0
mono-00001086,1575.613,0.8733894154535591,3,0.0,0.0
mono-00001086,1575.613,0.8733894154535591,4,0.0,0.0
mono-00001086,1575.613,0.8733894154535591,5,0.0,0.0
mono-00001101,1634.563,0.8574997911307918,-5,0.0009397815268590006,3.959973726307325
mono-00001101,1634.563,0.8574997911307918,-4,0.0007247929329583654,3.562480469758384
mono-00001101,1634.563,0.8574997911307918,-3,0.03065686735102592,3.1147385528815477
mono-00001101,1634.563,0.8574997911307918,-2,0.1413509343240778,2.5908259713544908
mono-00001101,1634.563,0.8574997911307918,-1,0.1980724232709228,1.929667280967891
mono-00001101,1634.563,0.8574997911307918,0,0.3393675704453021,0.8574997911311897
mono-00001101,1634.563,0.8574997911307918,1,0.0,0.0
mono-00001101,1634.563,0.8574997911307918,2,0.0,0.0
mono-00001101,1634.563,0.8574997911307918,3,0.0,0.0
mono-00001101,1634.563,0.8574997911307918,4,0.0,0.0
mono-00001101,1634.563,0.8574997911307918,5,0.0,0.0
mono-00001091,1595.271,0.8679929595304543,-5,0.0008611799175163716,4.008463747341324
mono-00001091,1595.271,0.8679929595304543,-4,0.0007601282293450785,3.606099658541197
mono-00001091,1595.271,0.8679929595304543,-3,0.029242743022391562,3.1528724218392625
mono-00001091,1595.271,0.8679929595304543,-2,0.14349601264062056,2.622542796412688
mono-00001091,1595.271,0.8679929595304543,-1,0.20365604929433384,1.9532877927705385
mono-00001091,1595.271,0.8679929595304543,0,0.33445938210988163,0.8679929595304685
mono-00001091,1595.271,0.8679929595304543,1,0.0,0.0
mono-00001091,1595.271,0.8679929595304543,2,0.0,0.0
mono-00001091,1595.271,0.8679929595304543,3,0.0,0.0
mono-00001091,1595.271,0.8679929595304543,4,0.0,0.0
mono-00001091,1595.271,0.8679929595304543,5,0.0,0.0
mono-00001094,1607.044,0.8648085721636534,-5,0.000884687300589618,3.993748239376373
mono-00001094,1607.044,0.8648085721636534,-4,0.0007435744043746494,3.592862339767777
mono-00001094,1607.044,0.8648085721636534,-3,0.029680680172526647,3.1412997707482333
mono-00001094,1607.044,0.8648085721636534,-2,0.14287979122831745,2.6129175641468834
mono-00001094,1607.044,0.8648085721636534,-1,0.20200392847585474,1.9461195905097384
mono-00001094,1607.044,0.8648085721636534,0,0.3358257687017081,0.8648085721632413
mono-00001094,1607.044,0.8648085721636534,1,0.0,0.0
mono-00001094,1607.044,0.8648085721636534,2,0.0,0.0
mono-00001094,1607.044,0.8648085721636534,3,0.0,0.0
mono-00001094,1607.044,0.8648085721636534,4,0.0,0.0
mono-00001094,1607.044,0.8648085721636534,5,0.0,0.0
mono-00001107,1658.112,0.851390384370049,-5,0.0009867269400377517,3.931742057255107
mono-00001107,1658.112,0.851390384370049,-4,0.0007320668125152823,3.537084618983357
mono-00001107,1658.112,0.851390384370049,-3,0.03143482484554242,3.092536298404454
mono-00001107,1658.112,0.851390384370049,-2,0.13990253356228166,2.5723597943627254
mono-00001107,1658.112,0.851390384370049,-1,0.19464755077750634,1.9159149009340837
mono-00001107,1658.112,0.851390384370049,0,0.34309349205127887,0.8513903843702764
mono-00001107,1658.112,0.851390384370049,1,0.0,0.0
mono-00001107,1658.112,0.851390384370049,2,0.0,0.0
mono-00001107,1658.112,0.851390384370049,3,0.0,0.0
mono-00001107,1658.112,0.851390384370049,4,0.0,0.0
mono-00001107,1658.112,0.851390384370049,5,0.0,0.0
mono-00001099,1626.707,0.8595673470232015,-5,0.0009240961998075771,3.9695280248021874
mono-00001099,1626.707,0.8595673470232015,-4,0.0007272373364254652,3.5710750471479855
mono-00001099,1626.707,0.8595673470232015,-3,0.03038706235849129,3.12225233043155
mono-00001099,1626.707,0.8595673470232015,-2,0.14180940418576474,2.597075362683512
mono-00001099,1626.707,0.8595673470232015,-1,0.19921081310142028,1.9343214051408353
mono-00001099,1626.707,0.8595673470232015,0,0.33829203048727896,0.8595673470227609
mono-00001099,1626.707,0.8595673470232015,1,0.0,0.0
mono-00001099,1626.707,0.8595673470232015,2,0.0,0.0
mono-00001099,1626.707,0.8595673470232015,3,0.0,0.0
mono-00001099,1626.707,0.8595673470232015,4,0.0,0.0
mono-00001099,1626.707,0.8595673470232015,5,0.0,0.0
mono-00001098,1622.797,0.8606019774648956,-5,0.0009162196461896068,3.974309130389244
mono-00001098,1622.797,0.8606019774648956,-4,0.0007293843521301492,3.5753758929200643
mono-00001098,1622.797,0.8606019774648956,-3,0.030248025016004886,3.126012327310846
mono-00001098,1622.797,0.8606019774648956,-2,0.14202406487873873,2.6002026419792656
mono-00001098,1622.797,0.8606019774648956,-1,0.19976749925034834,1.9366503900638037
mono-00001098,1622.797,0.8606019774648956,0,0.3377878119366079,0.8606019774649099
mono-00001098,1622.797,0.8606019774648956,1,0.0,0.0
mono-00001098,1622.797,0.8606019774648956,2,0.0,0.0
mono-00001098,1622.797,0.8606019774648956,3,0.0,0.0
mono-00001098,1622.797,0.8606019774648956,4,0.0,0.0
mono-00001098,1622.797,0.8606019774648956,5,0.0,0.0
mono-00001109,1666.001,0.8493727269385687,-5,0.0010021711220510353,3.9224185148254094
mono-00001109,1666.001,0.8493727269385687,-4,0.0007394888291359567,3.5286975995403083
mono-00001109,1666.001,0.8493727269385687,-3,0.031676353897637476,3.0852039607311212
mono-00001109,1666.001,0.8493727269385687,-2,0.1393567350736441,2.5662612961617555
mono-00001109,1666.001,0.8493727269385687,-1,0.19346046508670192,1.9113731387412969
mono-00001109,1666.001,0.8493727269385687,0,0.34452788386724903,0.8493727269385687
mono-00001109,1666.001,0.8493727269385687,1,0.0,0.0
mono-00001109,1666.001,0.8493727269385687,2,0.0,0.0
mono-00001109,1666.001,0.8493727269385687,3,0.0,0.0
mono-00001109,1666.001,0.8493727269385687,4,0.0,0.0
mono-00001109,1666.001,0.8493727269385687,5,0.0,0.0
mono-00001095,1610.967,0.8637552300678237,-5,0.0008924153729059867,3.9888806190807458
mono-00001095,1610.967,0.8637552300678237,-4,0.0007393006949695815,3.588483674767403
mono-00001095,1610.967,0.8637552300678237,-3,0.029819570976824243,3.137471745307593
mono-00001095,1610.967,0.8637552300678237,-2,0.14265653793290017,2.609733707891465
mono-00001095,1610.967,0.8637552300678237,-1,0.20143960987424486,1.9437484744470055
mono-00001095,1610.967,0.8637552300678237,0,0.3363219920831243,0.8637552300680227
mono-00001095,1610.967,0.8637552300678237,1,0.0,0.0
mono-00001095,1610.967,0.8637552300678237,2,0.0,0.0
mono-00001095,1610.967,0.8637552300678237,3,0.0,0.0
mono-00001095,1610.967,0.8637552300678237,4,0.0,0.0
mono-00001095,1610.967,0.8637552300678237,5,0.0,0.0
mono-00001105,1650.279,0.8534080128965371,-5,0.0009711790040257741,3.9410655086097535
mono-00001105,1650.279,0.8534080128965371,-4,0.0007271891624716249,3.545471551846191
mono-00001105,1650.279,0.8534080128965371,-3,0.031182982262694284,3.0998685562196044
mono-00001105,1650.279,0.8534080128965371,-2,0.14040442117304533,2.5784582224873844
mono-00001105,1650.279,0.8534080128965371,-1,0.195796561503489,1.920456607727587
mono-00001105,1650.279,0.8534080128965371,0,0.34176606661908926,0.8534080128964945
mono-00001105,1650.279,0.8534080128965371,1,0.0,0.0
mono-00001105,1650.279,0.8534080128965371,2,0.0,0.0
mono-00001105,1650.279,0.8534080128965371,3,0.0,0.0
mono-00001105,1650.279,0.8534080128965371,4,0.0,0.0
mono-00001105,1650.279,0.8534080128965371,5,0.0,0.0
mono-00001110,1669.902,0.8483803094334803,-5,0.001009676688893413,3.9178325949481803
mono-00001110,1669.902,0.8483803094334803,-4,0.0007438793934148606,3.524572320404147
mono-00001110,1669.902,0.8483803094334803,-3,0.03178935492503842,3.0815974408438223
mono-00001110,1669.902,0.8483803094334803,-2,0.13906129136183248,2.5632616573234657
mono-00001110,1669.902,0.8483803094334803,-1,0.19284659259169135,1.9091392029444023
mono-00001110,1669.902,0.8483803094334803,0,0.34523120047281175,0.8483803094333524
mono-00001110,1669.902,0.8483803094334803,1,0.0,0.0
mono-00001110,1669.902,0.8483803094334803,2,0.0,0.0
mono-00001110,1669.902,0.8483803094334803,3,0.0,0.0
mono-00001110,1669.902,0.8483803094334803,4,0.0,0.0
mono-00001110,1669.902,0.8483803094334803,5,0.0,0.0
mono-00001111,1673.835,0.8473832644160098,-5,0.0010171269296410062,3.9132253018451024
mono-00001111,1673.835,0.8473832644160098,-4,0.0007486634184494787,3.5204278137833995
mono-00001111,1673.835,0.8473832644160098,-3,0.03189808932547698,3.077974110342055
mono-00001111,1673.835,0.8473832644160098,-2,0.13874132047334276,2.5602480357610347
mono-00001111,1673.835,0.8473832644160098,-1,0.19220270468972944,1.9068948529449727
mono-00001111,1673.835,0.8473832644160098,0,0.34591485161502,0.8473832644155266
mono-00001111,1673.835,0.8473832644160098,1,0.0,0.0
mono-00001111,1673.835,0.8473832644160098,2,0.0,0.0
mono-00001111,1673.835,0.8473832644160098,3,0.0,0.0
mono-00001111,1673.835,0.8473832644160098,4,0.0,0.0
mono-00001111,1673.835,0.8473832644160098,5,0.0,0.0
mono-00001113,1681.706,0.8453984185519801,-5,0.001031824714173544,3.904053463204363
mono-00001113,1681.706,0.8453984185519801,-4,0.0007599313186119617,3.512177250898546
mono-00001113,1681.706,0.8453984185519801,-3,0.03210677262737142,3.070761061509117
mono-00001113,1681.706,0.8453984185519801,-2,0.13806761808499618,2.5542487461394643
mono-00001113,1681.706,0.8453984185519801,-1,0.19089097143738434,1.9024269685814374
mono-00001113,1681.706,0.8453984185519801,0,0.3473536360881968,0.845398418551838
mono-00001113,1681.706,0.8453984185519801,1,0.0,0.0
mono-00001113,1681.706,0.8453984185519801,2,0.0,0.0
mono-00001113,1681.706,0.8453984185519801,3,0.0,0.0
mono-00001113,1681.706,0.8453984185519801,4,0.0,0.0
mono-00001113,1681.706,0.8453984185519801,5,0.0,0.0
mono-00001104,1646.327,0.8544314306748646,-5,0.0009632578873211765,3.945794733333827
mono-00001104,1646.327,0.8544314306748646,-4,0.0007256768394022176,3.549725735423465
mono-00001104,1646.327,0.8544314306748646,-3,0.031051338681606106,3.103587765364324
mono-00001104,1646.327,0.8544314306748646,-2,0.14064296386000338,2.5815515833530043
mono-00001104,1646.327,0.8544314306748646,-1,0.19636538945246076,1.922760337520188
mono-00001104,1646.327,0.8544314306748646,0,0.3411314101413378,0.8544314306750067
mono-00001104,1646.327,0.8544314306748646,1,0.0,0.0
mono-00001104,1646.327,0.8544314306748646,2,0.0,0.0
mono-00001104,1646.327,0.8544314306748646,3,0.0,0.0
mono-00001104,1646.327,0.8544314306748646,4,0.0,0.0
mono-00001104,1646.327,0.8544314306748646,5,0.0,0.0
mono-00001124,1724.884,0.83475287022641,-5,0.0011072465133856384,3.854861798029802
mono-00001124,1724.884,0.83475287022641,-4,0.0008511516705612394,3.467926622398167
mono-00001124,1724.884,0.83475287022641,-3,0.03311167292032075,3.0320749124129804
mono-00001124,1724.884,0.83475287022641,-2,0.13369385297899314,2.522072360107984
mono-00001124,1724.884,0.83475287022641,-1,0.18320641130388307,1.8784640169831164
mono-00001124,1724.884,0.83475287022641,0,0.35579830217405667,0.8347528702266089
mono-00001124,1724.884,0.83475287022641,1,0.0,0.0
mono-00001124,1724.884,0.83475287022641,2,0.0,0.0
mono-00001124,1724.884,0.83475287022641,3,0.0,0.0
mono-00001124,1724.884,0.83475287022641,4,0.0,0.0
mono-00001124,1724.884,0.83475287022641,5,0.0,0.0
mono-00001108,1662.05,0.8503814228699014,-5,0.00099446367974414,3.9270796671412995
mono-00001108,1662.05,0.8503814228699014,-4,0.0007354581298351822,3.5328905531105335
mono-00001108,1662.05,0.8503814228699014,-3,0.03155689052586275,3.088869643873551
mono-00001108,1662.05,0.8503814228699014,-2,0.13963518852217377,2.569310141753988
mono-00001108,1662.05,0.8503814228699014,-1,0.1940587268999949,1.9136437197322635
mono-00001108,1662.05,0.8503814228699014,0,0.3437968622944776,0.8503814228700435
mono-00001108,1662.05,0.8503814228699014,1,0.0,0.0
mono-00001108,1662.05,0.8503814228699014,2,0.0,0.0
mono-00001108,1662.05,0.8503814228699014,3,0.0,0.0
mono-00001108,1662.05,0.8503814228699014,4,0.0,0.0
mono-00001108,1662.05,0.8503814228699014,5,0.0,0.0
mono-00001114,1685.597,0.84442235501092,-5,0.0010389790306898892,3.8995431545077253
mono-00001114,1685.597,0.84442235501092,-4,0.0007663176229696537,3.508119983644235
mono-00001114,1685.597,0.84442235501092,-3,0.03220558037336388,3.0672139969803
mono-00001114,1685.597,0.84442235501092,-2,0.1377178066369046,2.551298554451364
mono-00001114,1685.597,0.84442235501092,-1,0.19023101136904969,1.9002298547669199
mono-00001114,1685.597,0.84442235501092,0,0.34810084422648724,0.844422355011119
mono-00001114,1685.597,0.84442235501092,1,0.0,0.0
mono-00001114,1685.597,0.84442235501092,2,0.0,0.0
mono-00001114,1685.597,0.84442235501092,3,0.0,0.0
mono-00001114,1685.597,0.84442235501092,4,0.0,0.0
mono-00001114,1685.597,0.84442235501092,5,0.0,0.0
mono-00001102,1638.479,0.8564747278669671,-5,0.0009475269095510687,3.9552368647959213
mono-00001102,1638.479,0.8564747278669671,-4,0.0007245094323893048,3.55821942010526
mono-00001102,1638.479,0.8564747278669671,-3,0.030786548139597972,3.1110133443205683
mono-00001102,1638.479,0.8564747278669671,-2,0.14110832675026214,2.587727623459088
mono-00001102,1638.479,0.8564747278669671,-1,0.19749449916784084,1.9273598396587346
mono-00001102,1638.479,0.8564747278669671,0,0.3399355232334305,0.8564747278664271
mono-00001102,1638.479,0.8564747278669671,1,0.0,0.0
mono-00001102,1638.479,0.8564747278669671,2,0.0,0.0
mono-00001102,1638.479,0.8564747278669671,3,0.0,0.0
mono-00001102,1638.479,0.8564747278669671,4,0.0,0.0
mono-00001102,1638.479,0.8564747278669671,5,0.0,0.0
mono-00001115,1689.544,0.8434356898366957,-5,0.001046154088214611,3.894983866567003
mono-00001115,1689.544,0.8434356898366957,-4,0.0007733311787249471,3.5040186558060356
mono-00001115,1689.544,0.8434356898366957,-3,0.032302857293606144,3.063628411518309
mono-00001115,1689.544,0.8434356898366957,-2,0.13735123359465917,2.5483163229750545
mono-00001115,1689.544,0.8434356898366957,-1,0.18955348204403938,1.8980088790128633
mono-00001115,1689.544,0.8434356898366957,0,0.348883584647362,0.8434356898367099
mono-00001115,1689.544,0.8434356898366957,1,0.0,0.0
mono-00001115,1689.544,0.8434356898366957,2,0.0,0.0
mono-00001115,1689.544,0.8434356898366957,3,0.0,0.0
mono-00001115,1689.544,0.8434356898366957,4,0.0,0.0
mono-00001115,1689.544,0.8434356898366957,5,0.0,0.0
mono-00001112,1677.781,0.8463864482250614,-5,0.0010245318334610042,3.9086190764617896
mono-00001112,1677.781,0.8463864482250614,-4,0.0007540328573202039,3.516284266503206
mono-00001112,1677.781,0.8463864482250614,-3,0.032004187758528514,3.074351617530695
mono-00001112,1677.781,0.8463864482250614,-2,0.13840917838795402,2.557235110039983
mono-00001112,1677.781,0.8463864482250614,-1,0.19154895187569318,1.9046510203833407
mono-00001112,1677.781,0.8463864482250614,0,0.34662417646783755,0.8463864482254451
mono-00001112,1677.781,0.8463864482250614,1,0.0,0.0
mono-00001112,1677.781,0.8463864482250614,2,0.0,0.0
mono-00001112,1677.781,0.8463864482250614,3,0.0,0.0
mono-00001112,1677.781,0.8463864482250614,4,0.0,0.0
mono-00001112,1677.781,0.8463864482250614,5,0.0,0.0
mono-00001116,1693.473,0.8424569512808802,-5,0.0010532092296336993,3.8904612167389416
mono-00001116,1693.473,0.8424569512808802,-4,0.0007808352793776474,3.499950284856766
mono-00001116,1693.473,0.8424569512808802,-3,0.03239674607284733,3.060071637638117
mono-00001116,1693.473,0.8424569512808802,-2,0.13697437162857176,2.545358054039454
mono-00001116,1693.473,0.8424569512808802,-1,0.18887084918690353,1.8958057482785335
mono-00001116,1693.473,0.8424569512808802,0,0.3496880498397752,0.8424569512803401
mono-00001116,1693.473,0.8424569512808802,1,0.0,0.0
mono-00001116,1693.473,0.8424569512808802,2,0.0,0.0
mono-00001116,1693.473,0.8424569512808802,3,0.0,0.0
mono-00001116,1693.473,0.8424569512808802,4,0.0,0.0
mono-00001116,1693.473,0.8424569512808802,5,0.0,0.0
mono-00001131,1752.414,0.8281716647940698,-5,0.0011492325867900823,3.8244515027087687
mono-00001131,1752.414,0.8281716647940698,-4,0.0009300779223759459,3.4405708131180432
mono-00001131,1752.414,0.8281716647940698,-3,0.03368233716529387,3.0081590162375704
mono-00001131,1752.414,0.8281716647940698,-2,0.1304721422217993,2.502180769459031
mono-00001131,1752.414,0.8281716647940698,-1,0.17813557538336575,1.8636499655780057
mono-00001131,1752.414,0.8281716647940698,0,0.36199728975833817,0.8281716647937429
mono-00001131,1752.414,0.8281716647940698,1,0.0,0.0
mono-00001131,1752.414,0.8281716647940698,2,0.0,0.0
mono-00001131,1752.414,0.8281716647940698,3,0.0,0.0
mono-00001131,1752.414,0.8281716647940698,4,0.0,0.0
mono-00001131,1752.414,0.8281716647940698,5,0.0,0.0
mono-00001118,1701.35,0.8405049605323853,-5,0.0010673355968848725,3.8814412985314135
mono-00001118,1701.35,0.8405049605323853,-4,0.000796336239980961,3.4918363717259098
mono-00001118,1701.35,0.8405049605323853,-3,0.03258767330535376,3.052978045036326
mono-00001118,1701.35,0.8405049605323853,-2,0.1362104900032745,2.539458110894813
mono-00001118,1701.35,0.8405049605323853,-1,0.1874884938712637,1.8914118432769271
mono-00001118,1701.35,0.8405049605323853,0,0.3511737082396618,0.8405049605325416
mono-00001118,1701.35,0.8405049605323853,1,0.0,0.0
mono-00001118,1701.35,0.8405049605323853,2,0.0,0.0
mono-00001118,1701.35,0.8405049605323853,3,0.0,0.0
mono-00001118,1701.35,0.8405049605323853,4,0.0,0.0
mono-00001118,1701.35,0.8405049605323853,5,0.0,0.0
mono-00001123,1720.982,0.8356984183812415,-5,0.0011009551762881872,3.8592310033435098
mono-00001123,1720.982,0.8356984183812415,-4,0.0008411028130619271,3.4718569698352297
mono-00001123,1720.982,0.8356984183812415,-3,0.03303161571877511,3.035511026579684
mono-00001123,1720.982,0.8356984183812415,-2,0.1341411975711318,2.5249302794251065
mono-00001123,1720.982,0.8356984183812415,-1,0.183934093323823,1.8805924193724053
mono-00001123,1720.982,0.8356984183812415,0,0.35497520421062323,0.8356984183817957
mono-00001123,1720.982,0.8356984183812415,1,0.0,0.0
mono-00001123,1720.982,0.8356984183812415,2,0.0,0.0
mono-00001123,1720.982,0.8356984183812415,3,0.0,0.0
mono-00001123,1720.982,0.8356984183812415,4,0.0,0.0
mono-00001123,1720.982,0.8356984183812415,5,0.0,0.0
mono-00001121,1713.129,0.8376111700005993,-5,0.0010878778850583956,3.868069507219559
mono-00001121,1713.129,0.8376111700005993,-4,0.0008219804962496781,3.4798077011831197
mono-00001121,1713.129,0.8376111700005993,-3,0.03286224461572963,3.0424619667348622
mono-00001121,1713.129,0.8376111700005993,-2,0.13500470894943714,2.5307115826340265
mono-00001121,1713.129,0.8376111700005993,-1,0.18537709594778595,1.88489797601909
mono-00001121,1713.129,0.8376111700005993,0,0.35338767241652924,0.8376111700000877
mono-00001121,1713.129,0.8376111700005993,1,0.0,0.0
mono-00001121,1713.129,0.8376111700005993,2,0.0,0.0
mono-00001121,1713.129,0.8376111700005993,3,0.0,0.0
mono-00001121,1713.129,0.8376111700005993,4,0.0,0.0
mono-00001121,1713.129,0.8376111700005993,5,0.0,0.0
mono-00001117,1697.385,0.8414858248801522,-5,0.0010601981178298054,3.8859737516721395
mono-00001117,1697.385,0.8414858248801522,-4,0.0007885912671699249,3.495913563454266
mono-00001117,1697.385,0.8414858248801522,-3,0.032489714984380476,3.056542532420224
mono-00001117,1697.385,0.8414858248801522,-2,0.1365928989031569,2.5424227970678857
mono-00001117,1697.385,0.8414858248801522,-1,0.1881850675838987,1.8936197546543383
mono-00001117,1697.385,0.8414858248801522,0,0.35047196299986216,0.8414858248806354
mono-00001117,1697.385,0.8414858248801522,1,0.0,0.0
mono-00001117,1697.385,0.8414858248801522,2,0.0,0.0
mono-00001117,1697.385,0.8414858248801522,3,0.0,0.0
mono-00001117,1697.385,0.8414858248801522,4,0.0,0.0
mono-00001117,1697.385,0.8414858248801522,5,0.0,0.0
mono-00001128,1740.611,0.8309741207223169,-5,0.0011322564091123344,3.837400978021691
mono-00001128,1740.611,0.8309741207223169,-4,0.0008945520720818772,3.452219616685511
mono-00001128,1740.611,0.8309741207223169,-3,0.033452931593536094,3.0183430220747596
mono-00001128,1740.611,0.8309741207223169,-2,0.1319247941121465,2.5106511267822356
mono-00001128,1740.611,0.8309741207223169,-1,0.18034790013031013,1.869958178537516
mono-00001128,1740.611,0.8309741207223169,0,0.3591994839950253,0.8309741207225159
mono-00001128,1740.611,0.8309741207223169,1,0.0,0.0
mono-00001128,1740.611,0.8309741207223169,2,0.0,0.0
mono-00001128,1740.611,0.8309741207223169,3,0.0,0.0
mono-00001128,1740.611,0.8309741207223169,4,0.0,0.0
mono-00001128,1740.611,0.8309741207223169,5,0.0,0.0
mono-00001129,1744.525,0.8300416460808009,-5,0.0011380755385334512,3.833092227942103
mono-00001129,1744.525,0.8300416460808009,-4,0.0009060886250190522,3.448343647234239
mono-00001129,1744.525,0.8300416460808009,-3,0.03353173947182363,3.0149544435686835
mono-00001129,1744.525,0.8300416460808009,-2,0.13145576843943615,2.507832740436797
mono-00001129,1744.525,0.8300416460808009,-1,0.17962120019299216,1.8678592144779032
mono-00001129,1744.525,0.8300416460808009,0,0.360102904717825,0.8300416460809714
mono-00001129,1744.525,0.8300416460808009,1,0.0,0.0
mono-00001129,1744.525,0.8300416460808009,2,0.0,0.0
mono-00001129,1744.525,0.8300416460808009,3,0.0,0.0
mono-00001129,1744.525,0.8300416460808009,4,0.0,0.0
mono-00001129,1744.525,0.8300416460808009,5,0.0,0.0
mono-00001141,1791.697,0.8190447254567914,-5,0.0011906632068853186,3.7822786608524552
mono-00001141,1791.697,0.8190447254567914,-4,0.0010482025034442802,3.4026338372574116
mono-00001141,1791.697,0.8190447254567914,-3,0.034268287506339666,2.974992433002214
mono-00001141,1791.697,0.8190447254567914,-2,0.12483149231369695,2.4745950336767635
mono-00001141,1791.697,0.8190447254567914,-1,0.17029941314823457,1.8431057261585124
mono-00001141,1791.697,0.8190447254567914,0,0.37090442239989496,0.8190447254569335
mono-00001141,1791.697,0.8190447254567914,1,0.0,0.0
mono-00001141,1791.697,0.8190447254567914,2,0.0,0.0
mono-00001141,1791.697,0.8190447254567914,3,0.0,0.0
mono-00001141,1791.697,0.8190447254567914,4,0.0,0.0
mono-00001141,1791.697,0.8190447254567914,5,0.0,0.0
mono-00001125,1728.851,0.8337948536360926,-5,0.0011137514278524582,3.8504349876839257
mono-00001125,1728.851,0.8337948536360926,-4,0.0008616220521078736,3.463944454952781
mono-00001125,1728.851,0.8337948536360926,-3,0.033200199397976575,3.028593493585106
mono-00001125,1728.851,0.8337948536360926,-2,0.1332605321739786,2.519176758741011
mono-00001125,1728.851,0.8337948536360926,-1,0.18249069956835237,1.8763075506175397
mono-00001125,1728.851,0.8337948536360926,0,0.35662637233852673,0.8337948536359931
mono-00001125,1728.851,0.8337948536360926,1,0.0,0.0
mono-00001125,1728.851,0.8337948536360926,2,0.0,0.0
mono-00001125,1728.851,0.8337948536360926,3,0.0,0.0
mono-00001125,1728.851,0.8337948536360926,4,0.0,0.0
mono-00001125,1728.851,0.8337948536360926,5,0.0,0.0
mono-00001120,1709.184,0.8385770212947108,-5,0.0010811149930466733,3.8725325580486896
mono-00001120,1709.184,0.8385770212947108,-4,0.0008129687781870904,3.4838224648605376
mono-00001120,1709.184,0.8385770212947108,-3,0.03277303320688663,3.045971879183938
mono-00001120,1709.184,0.8385770212947108,-2,0.13542036109871144,2.533630879753403
mono-00001120,1709.184,0.8385770212947108,-1,0.18609132972888967,1.8870720866699031
mono-00001120,1709.184,0.8385770212947108,0,0.35262429480746205,0.8385770212943271
mono-00001120,1709.184,0.8385770212947108,1,0.0,0.0
mono-00001120,1709.184,0.8385770212947108,2,0.0,0.0
mono-00001120,1709.184,0.8385770212947108,3,0.0,0.0
mono-00001120,1709.184,0.8385770212947108,4,0.0,0.0
mono-00001120,1709.184,0.8385770212947108,5,0.0,0.0
mono-00001119,1705.278,0.839536623588657,-5,0.0010743004813882572,3.8769667427040417
mono-00001119,1705.278,0.839536623588657,-4,0.0008044603702574906,3.4878112607611342
mono-00001119,1705.278,0.839536623588657,-3,0.032681975533200985,3.0494590883388355
mono-00001119,1705.278,0.839536623588657,-2,0.13582012144865566,2.5365312930600226
mono-00001119,1705.278,0.839536623588657,-1,0.18679144842034878,1.8892321331156694
mono-00001119,1705.278,0.839536623588657,0,0.35189029671374544,0.8395366235885859
mono-00001119,1705.278,0.839536623588657,1,0.0,0.0
mono-00001119,1705.278,0.839536623588657,2,0.0,0.0
mono-00001119,1705.278,0.839536623588657,3,0.0,0.0
mono-00001119,1705.278,0.839536623588657,4,0.0,0.0
mono-00001119,1705.278,0.839536623588657,5,0.0,0.0
mono-00001126,1732.746,0.8328574267457896,-5,0.0011200408055661662,3.8461033274620178
mono-00001126,1732.746,0.8328574267457896,-4,0.0008722184104860923,3.4600478794562974
mono-00001126,1732.746,0.8328574267457896,-3,0.033286520308166236,3.0251869028202663
mono-00001126,1732.746,0.8328574267457896,-2,0.1328301222218907,2.516343393356891
mono-00001126,1732.746,0.8328574267457896,-1,0.18178763346951632,1.8741974331101545
mono-00001126,1732.746,0.8328574267457896,0,0.3574553913423116,0.8328574267461732
mono-00001126,1732.746,0.8328574267457896,1,0.0,0.0
mono-00001126,1732.746,0.8328574267457896,2,0.0,0.0
mono-00001126,1732.746,0.8328574267457896,3,0.0,0.0
mono-00001126,1732.746,0.8328574267457896,4,0.0,0.0
mono-00001126,1732.746,0.8328574267457896,5,0.0,0.0
mono-00001134,1764.177,0.8254067277131867,-5,0.0011640979889198952,3.811675471115578
mono-00001134,1764.177,0.8254067277131867,-4,0.0009651594969966306,3.4290780236724174
mono-00001134,1764.177,0.8254067277131867,-3,0.03388263955240065,2.998111398613119
mono-00001134,1764.177,0.8254067277131867,-2,0.12889147422462088,2.493823843770244
mono-00001134,1764.177,0.8254067277131867,-1,0.17583322230993229,1.8574262237764003
mono-00001134,1764.177,0.8254067277131867,0,0.3646073000899861,0.8254067277136983
mono-00001134,1764.177,0.8254067277131867,1,0.0,0.0
mono-00001134,1764.177,0.8254067277131867,2,0.0,0.0
mono-00001134,1764.177,0.8254067277131867,3,0.0,0.0
mono-00001134,1764.177,0.8254067277131867,4,0.0,0.0
mono-00001134,1764.177,0.8254067277131867,5,0.0,0.0
mono-00001122,1717.052,0.8366540068417407,-5,0.0010944770254572066,3.863646612382709
mono-00001122,1717.052,0.8366540068417407,-4,0.0008313419666429873,3.475829059030559
mono-00001122,1717.052,0.8366540068417407,-3,0.032948217124479894,3.038983632650158
mono-00001122,1717.052,0.8366540068417407,-2,0.1345793790535187,2.5278185493533982
mono-00001122,1717.052,0.8366540068417407,-1,0.18465974990198697,1.8827434243252696
mono-00001122,1717.052,0.8366540068417407,0,0.35416923771557873,0.8366540068416555
mono-00001122,1717.052,0.8366540068417407,1,0.0,0.0
mono-00001122,1717.052,0.8366540068417407,2,0.0,0.0
mono-00001122,1717.052,0.8366540068417407,3,0.0,0.0
mono-00001122,1717.052,0.8366540068417407,4,0.0,0.0
mono-00001122,1717.052,0.8366540068417407,5,0.0,0.0
mono-00001127,1736.707,0.831907350602691,-5,0.0011262768531328968,3.841713226753967
mono-00001127,1736.707,0.831907350602691,-4,0.0008833168017178836,3.4560987324057066
mono-00001127,1736.707,0.831907350602691,-3,0.03337165840690976,3.021734350346975
mono-00001127,1736.707,0.831907350602691,-2,0.1323803007432363,2.513471799430775
mono-00001127,1736.707,0.831907350602691,-1,0.18106593295525067,1.872058844627361
mono-00001127,1736.707,0.831907350602691,0,0.3583219346303355,0.83190735060208
mono-00001127,1736.707,0.831907350602691,1,0.0,0.0
mono-00001127,1736.707,0.831907350602691,2,0.0,0.0
mono-00001127,1736.707,0.831907350602691,3,0.0,0.0
mono-00001127,1736.707,0.831907350602691,4,0.0,0.0
mono-00001127,1736.707,0.831907350602691,5,0.0,0.0
mono-00001137,1775.974,0.8226614272002166,-5,0.0011767762215689898,3.798990251362085
mono-00001137,1775.974,0.8226614272002166,-4,0.0010004983013824208,3.4176669164203872
mono-00001137,1775.974,0.8226614272002166,-3,0.03405562454524977,2.988135184474018
mono-00001137,1775.974,0.8226614272002166,-2,0.1271865434343995,2.485526300064606
mono-00001137,1775.974,0.8226614272002166,-1,0.17345809632975423,1.8512467003646265
mono-00001137,1775.974,0.8226614272002166,0,0.3672465071821879,0.822661427199634
mono-00001137,1775.974,0.8226614272002166,1,0.0,0.0
mono-00001137,1775.974,0.8226614272002166,2,0.0,0.0
mono-00001137,1775.974,0.8226614272002166,3,0.0,0.0
mono-00001137,1775.974,0.8226614272002166,4,0.0,0.0
mono-00001137,1775.974,0.8226614272002166,5,0.0,0.0
mono-00001130,1748.471,0.8291047182898268,-5,0.0011437549058201006,3.828762909798769
mono-00001130,1748.471,0.8291047182898268,-4,0.0009179727334265533,3.4444491746463086
mono-00001130,1748.471,0.8291047182898268,-3,0.03360845498434598,3.0115496877635763
mono-00001130,1748.471,0.8291047182898268,-2,0.1309702188239809,2.5050008981608585
mono-00001130,1748.471,0.8291047182898268,-1,0.1788816064890129,1.8657502285800547
mono-00001130,1748.471,0.8291047182898268,0,0.361038048827574,0.8291047182896563
mono-00001130,1748.471,0.8291047182898268,1,0.0,0.0
mono-00001130,1748.471,0.8291047182898268,2,0.0,0.0
mono-00001130,1748.471,0.8291047182898268,3,0.0,0.0
mono-00001130,1748.471,0.8291047182898268,4,0.0,0.0
mono-00001130,1748.471,0.8291047182898268,5,0.0,0.0
mono-00001133,1760.257,0.826325059458,-5,0.0011593964821971945,3.8159188268539737
mono-00001133,1760.257,0.826325059458,-4,0.0009536124765973194,3.432895171877675
mono-00001133,1760.257,0.826325059458,-3,0.03381921447683559,3.001448556701959
mono-00001133,1760.257,0.826325059458,-2,0.12943317077975858,2.496599465875903
mono-00001133,1760.257,0.826325059458,-1,0.1766115115201853,1.85949334288145
mono-00001133,1760.257,0.826325059458,0,0.36377053784635993,0.8263250594581564
mono-00001133,1760.257,0.826325059458,1,0.0,0.0
mono-00001133,1760.257,0.826325059458,2,0.0,0.0
mono-00001133,1760.257,0.826325059458,3,0.0,0.0
mono-00001133,1760.257,0.826325059458,4,0.0,0.0
mono-00001133,1760.257,0.826325059458,5,0.0,0.0
mono-00001138,1779.897,0.821754550327924,-5,0.001180472894432412,3.7947998589154395
mono-00001138,1779.897,0.821754550327924,-4,0.001012369911718193,3.413897408143768
mono-00001138,1779.897,0.821754550327924,-3,0.034107028716654726,2.9848396725110433
mono-00001138,1779.897,0.821754550327924,-2,0.12659444512662404,2.482785313503115
mono-00001138,1779.897,0.821754550327924,-1,0.17265754743370126,1.8492053732312996
mono-00001138,1779.897,0.821754550327924,0,0.3681652119933506,0.8217545503280661
mono-00001138,1779.897,0.821754550327924,1,0.0,0.0
mono-00001138,1779.897,0.821754550327924,2,0.0,0.0
mono-00001138,1779.897,0.821754550327924,3,0.0,0.0
mono-00001138,1779.897,0.821754550327924,4,0.0,0.0
mono-00001138,1779.897,0.821754550327924,5,0.0,0.0
mono-00001139,1783.808,0.8208534263289806,-5,0.0011838848676536146,3.7906360568912163
mono-00001139,1783.808,0.8208534263289806,-4,0.001024225784930754,3.4101518186417366
mono-00001139,1783.808,0.8208534263289806,-3,0.03415512107708038,2.981565070854927
mono-00001139,1783.808,0.8208534263289806,-2,0.12599147479053008,2.480061718031081
mono-00001139,1783.808,0.8208534263289806,-1,0.171854156399374,1.8471769973482424
mono-00001139,1783.808,0.8208534263289806,0,0.36910172870992586,0.8208534263288101
mono-00001139,1783.808,0.8208534263289806,1,0.0,0.0
mono-00001139,1783.808,0.8208534263289806,2,0.0,0.0
mono-00001139,1783.808,0.8208534263289806,3,0.0,0.0
mono-00001139,1783.808,0.8208534263289806,4,0.0,0.0
mono-00001139,1783.808,0.8208534263289806,5,0.0,0.0
mono-00001132,1756.321,0.8272502303439921,-5,0.0011544457062402833,3.8201937930008256
mono-00001132,1756.321,0.8272502303439921,-4,0.0009421540665157414,3.436740754559466
mono-00001132,1756.321,0.8272502303439921,-3,0.03375262204783242,3.004810572906422
mono-00001132,1756.321,0.8272502303439921,-2,0.12996475708845504,2.4993957625355705
mono-00001132,1756.321,0.8272502303439921,-1,0.17738737880991456,1.8615758585182363
mono-00001132,1756.321,0.8272502303439921,0,0.36295011328074345,0.8272502303444185
mono-00001132,1756.321,0.8272502303439921,1,0.0,0.0
mono-00001132,1756.321,0.8272502303439921,2,0.0,0.0
mono-00001132,1756.321,0.8272502303439921,3,0.0,0.0
mono-00001132,1756.321,0.8272502303439921,4,0.0,0.0
mono-00001132,1756.321,0.8272502303439921,5,0.0,0.0
mono-00001143,1799.516,0.8172638194499626,-5,0.0011966628251307838,3.7740497275941607
mono-00001143,1799.516,0.8172638194499626,-4,0.0010721872632913495,3.395231412371743
mono-00001143,1799.516,0.8172638194499626,-3,0.03438789386730252,2.968520817927768
mono-00001143,1799.516,0.8172638194499626,-2,0.1237073255042616,2.4692123706099096
mono-00001143,1799.516,0.8172638194499626,-1,0.16879947150464492,1.839097026751972
mono-00001143,1799.516,0.8172638194499626,0,0.3726577924486753,0.817263819450119
mono-00001143,1799.516,0.8172638194499626,1,0.0,0.0
mono-00001143,1799.516,0.8172638194499626,2,0.0,0.0
mono-00001143,1799.516,0.8172638194499626,3,0.0,0.0
mono-00001143,1799.516,0.8172638194499626,4,0.0,0.0
mono-00001143,1799.516,0.8172638194499626,5,0.0,0.0
mono-00001148,1819.157,0.8128410019699288,-5,0.0012069634655089434,3.7536135983345957
mono-00001148,1819.157,0.8128410019699288,-4,0.0011321637233012603,3.376847858786661
mono-00001148,1819.157,0.8128410019699288,-3,0.03463778030589131,2.9524488706993424
mono-00001148,1819.157,0.8128410019699288,-2,0.12069136100036293,2.4558447719178673
mono-00001148,1819.157,0.8128410019699288,-1,0.16495986275331115,1.8291415938889486
mono-00001148,1819.157,0.8128410019699288,0,0.37738437928105806,0.8128410019699004
mono-00001148,1819.157,0.8128410019699288,1,0.0,0.0
mono-00001148,1819.157,0.8128410019699288,2,0.0,0.0
mono-00001148,1819.157,0.8128410019699288,3,0.0,0.0
mono-00001148,1819.157,0.8128410019699288,4,0.0,0.0
mono-00001148,1819.157,0.8128410019699288,5,0.0,0.0
mono-00001147,1815.252,0.8137146223706679,-5,0.0012054744588046611,3.7576502448935685
mono-00001147,1815.252,0.8137146223706679,-4,0.0011203991024265967,3.3804790720178346
mono-00001147,1815.252,0.8137146223706679,-3,0.03459433612862037,2.955623485174897
mono-00001147,1815.252,0.8137146223706679,-2,0.12131401630273225,2.458485210759136
mono-00001147,1815.252,0.8137146223706679,-1,0.16572998620364243,1.8311080448466583
mono-00001147,1815.252,0.8137146223706679,0,0.37640759682047237,0.8137146223700853
mono-00001147,1815.252,0.8137146223706679,1,0.0,0.0
mono-00001147,1815.252,0.8137146223706679,2,0.0,0.0
mono-00001147,1815.252,0.8137146223706679,3,0.0,0.0
mono-00001147,1815.252,0.8137146223706679,4,0.0,0.0
mono-00001147,1815.252,0.8137146223706679,5,0.0,0.0
mono-00001135,1768.119,0.8244863227581618,-5,0.0011685859727890962,3.8074225442120593
mono-00001135,1768.119,0.8244863227581618,-4,0.0009768845365410413,3.425252264703417
mono-00001135,1768.119,0.8244863227581618,-3,0.033943456802443296,2.9947667116878876
mono-00001135,1768.119,0.8244863227581618,-2,0.12833428476538727,2.4910419589516977
mono-00001135,1768.119,0.8244863227581618,-1,0.17504499172873939,1.8553544399262307
mono-00001135,1768.119,0.8244863227581618,0,0.3654687735395868,0.8244863227582329
mono-00001135,1768.119,0.8244863227581618,1,0.0,0.0
mono-00001135,1768.119,0.8244863227581618,2,0.0,0.0
mono-00001135,1768.119,0.8244863227581618,3,0.0,0.0
mono-00001135,1768.119,0.8244863227581618,4,0.0,0.0
mono-00001135,1768.119,0.8244863227581618,5,0.0,0.0
mono-00001136,1772.03,0.8235761919531797,-5,0.0011727918978776167,3.8032170996231542
mono-00001136,1772.03,0.8235761919531797,-4,0.0009886071204731324,3.4214692179594124
mono-00001136,1772.03,0.8235761919531797,-3,0.034000812643806846,2.9914593652914476
mono-00001136,1772.03,0.8235761919531797,-2,0.12776905459263146,2.4882911307400946
mono-00001136,1772.03,0.8235761919531797,-1,0.17425750598026238,1.8533057845705656
mono-00001136,1772.03,0.8235761919531797,0,0.3663435629513089,0.8235761919531939
mono-00001136,1772.03,0.8235761919531797,1,0.0,0.0
mono-00001136,1772.03,0.8235761919531797,2,0.0,0.0
mono-00001136,1772.03,0.8235761919531797,3,0.0,0.0
mono-00001136,1772.03,0.8235761919531797,4,0.0,0.0
mono-00001136,1772.03,0.8235761919531797,5,0.0,0.0
mono-00001151,1831.038,0.8102002077690429,-5,0.0012103209436681076,3.7414116025327218
mono-00001151,1831.038,0.8102002077690429,-4,0.0011676193295167864,3.365871403856417
mono-00001151,1831.038,0.8102002077690429,-3,0.0347936076939025,2.9428526209229346
mono-00001151,1831.038,0.8102002077690429,-2,0.11883279932926176,2.447863228503479
mono-00001151,1831.038,0.8102002077690429,-1,0.16270926636998517,1.8231973839092177
mono-00001151,1831.038,0.8102002077690429,0,0.3804917068730967,0.8102002077686024
mono-00001151,1831.038,0.8102002077690429,1,0.0,0.0
mono-00001151,1831.038,0.8102002077690429,2,0.0,0.0
mono-00001151,1831.038,0.8102002077690429,3,0.0,0.0
mono-00001151,1831.038,0.8102002077690429,4,0.0,0.0
mono-00001151,1831.038,0.8102002077690429,5,0.0,0.0
mono-00001154,1842.921,0.8075845479334021,-5,0.0012109101824925683,3.7293258103011055
mono-00001154,1842.921,0.8075845479334021,-4,0.0012016135278596876,3.3549994737969513
mono-00001154,1842.921,0.8075845479334021,-3,0.034919416076423807,2.933347746122692
mono-00001154,1842.921,0.8075845479334021,-2,0.11687259603053352,2.4399576790438573
mono-00001154,1842.921,0.8075845479334021,-1,0.1604371160513879,1.8173097648449357
mono-00001154,1842.921,0.8075845479334021,0,0.3837855999451475,0.8075845479336436
mono-00001154,1842.921,0.8075845479334021,1,0.0,0.0
mono-00001154,1842.921,0.8075845479334021,2,0.0,0.0
mono-00001154,1842.921,0.8075845479334021,3,0.0,0.0
mono-00001154,1842.921,0.8075845479334021,4,0.0,0.0
mono-00001154,1842.921,0.8075845479334021,5,0.0,0.0
mono-00001140,1787.727,0.8199534261315051,-5,0.001187114920528812,3.786477455745583
mono-00001140,1787.727,0.8199534261315051,-4,0.0010361092045187666,3.4064109067486754
mono-00001140,1787.727,0.8199534261315051,-3,0.034203198032317465,2.9782945578241
mono-00001140,1787.727,0.8199534261315051,-2,0.12538585040415703,2.4773415225033943
mono-00001140,1787.727,0.8199534261315051,-1,0.17105368285593264,1.8451511529301143
mono-00001140,1787.727,0.8199534261315051,0,0.3700431047206032,0.8199534261313346
mono-00001140,1787.727,0.8199534261315051,1,0.0,0.0
mono-00001140,1787.727,0.8199534261315051,2,0.0,0.0
mono-00001140,1787.727,0.8199534261315051,3,0.0,0.0
mono-00001140,1787.727,0.8199534261315051,4,0.0,0.0
mono-00001140,1787.727,0.8199534261315051,5,0.0,0.0
mono-00001142,1795.59,0.8181565769050252,-5,0.0011938098341258334,3.778174838298696
mono-00001142,1795.59,0.8181565769050252,-4,0.0010601137522900572,3.398942200241777
mono-00001142,1795.59,0.8181565769050252,-3,0.034329219334387366,2.9717649972303803
mono-00001142,1795.59,0.8181565769050252,-2,0.12427695668401087,2.4719106655683305
mono-00001142,1795.59,0.8181565769050252,-1,0.16955518069879894,1.841106562716078
mono-00001142,1795.59,0.8181565769050252,0,0.3717680436731955,0.8181565769052526
mono-00001142,1795.59,0.8181565769050252,1,0.0,0.0
mono-00001142,1795.59,0.8181565769050252,2,0.0,0.0
mono-00001142,1795.59,0.8181565769050252,3,0.0,0.0
mono-00001142,1795.59,0.8181565769050252,4,0.0,0.0
mono-00001142,1795.59,0.8181565769050252,5,0.0,0.0
mono-00001150,1827.066,0.8110801995335777,-5,0.0012095007254714842,3.7454776654863053
mono-00001150,1827.066,0.8110801995335777,-4,0.001155902485100085,3.369529081483364
mono-00001150,1827.066,0.8110801995335777,-3,0.03474428180781981,2.9460503743527653
mono-00001150,1827.066,0.8110801995335777,-2,0.1194642803461354,2.450522914816858
mono-00001150,1827.066,0.8110801995335777,-1,0.16346310153406052,1.8251781710520874
mono-00001150,1827.066,0.8110801995335777,0,0.37943215846415657,0.8110801995334924
mono-00001150,1827.066,0.8110801995335777,1,0.0,0.0
mono-00001150,1827.066,0.8110801995335777,2,0.0,0.0
mono-00001150,1827.066,0.8110801995335777,3,0.0,0.0
mono-00001150,1827.066,0.8110801995335777,4,0.0,0.0
mono-00001150,1827.066,0.8110801995335777,5,0.0,0.0
mono-00001149,1823.103,0.8119610612162091,-5,0.0012083698828520388,3.7495477556672085
mono-00001149,1823.103,0.8119610612162091,-4,0.0011440634794931937,3.3731903810086123
mono-00001149,1823.103,0.8119610612162091,-3,0.034691610225516374,2.9492512934998274
mono-00001149,1823.103,0.8119610612162091,-2,0.12008258171657095,2.4531852335075826
mono-00001149,1823.103,0.8119610612162091,-1,0.1642121982955196,1.8271609180611534
mono-00001149,1823.103,0.8119610612162091,0,0.37839562116410097,0.8119610612167065
mono-00001149,1823.103,0.8119610612162091,1,0.0,0.0
mono-00001149,1823.103,0.8119610612162091,2,0.0,0.0
mono-00001149,1823.103,0.8119610612162091,3,0.0,0.0
mono-00001149,1823.103,0.8119610612162091,4,0.0,0.0
mono-00001149,1823.103,0.8119610612162091,5,0.0,0.0
mono-00001155,1846.907,0.8067128161611805,-5,0.0012104859965930094,3.725297943393656
mono-00001155,1846.907,0.8067128161611805,-4,0.0012126105778159173,3.351376152595151
mono-00001155,1846.907,0.8067128161611805,-3,0.034953950115662845,2.93018002610944
mono-00001155,1846.907,0.8067128161611805,-2,0.11619108017135674,2.4373229700045584
mono-00001155,1846.907,0.8067128161611805,-1,0.15966976266096225,1.8153475771127603
mono-00001155,1846.907,0.8067128161611805,0,0.384932356939544,0.8067128161610242
mono-00001155,1846.907,0.8067128161611805,1,0.0,0.0
mono-00001155,1846.907,0.8067128161611805,2,0.0,0.0
mono-00001155,1846.907,0.8067128161611805,3,0.0,0.0
mono-00001155,1846.907,0.8067128161611805,4,0.0,0.0
mono-00001155,1846.907,0.8067128161611805,5,0.0,0.0
mono-00001144,1803.447,0.8163728466983144,-5,0.0011992581284358068,3.769932871322112
mono-00001144,1803.447,0.8163728466983144,-4,0.0010843021234488912,3.3915280489938624
mono-00001144,1803.447,0.8163728466983144,-3,0.03444393499621455,2.9652831287532138
mono-00001144,1803.447,0.8163728466983144,-2,0.123126468569318,2.4665194730280575
mono-00001144,1803.447,0.8163728466983144,-1,0.16803816499954644,1.8370915098439582
mono-00001144,1803.447,0.8163728466983144,0,0.3735669491772173,0.8163728466983997
mono-00001144,1803.447,0.8163728466983144,1,0.0,0.0
mono-00001144,1803.447,0.8163728466983144,2,0.0,0.0
mono-00001144,1803.447,0.8163728466983144,3,0.0,0.0
mono-00001144,1803.447,0.8163728466983144,4,0.0,0.0
mono-00001144,1803.447,0.8163728466983144,5,0.0,0.0
mono-00001146,1811.294,0.8146029805491821,-5,0.0012036695327184432,3.761754996570943
mono-00001146,1811.294,0.8146029805491821,-4,0.0011083707355115503,3.3841715491603424
mono-00001146,1811.294,0.8146029805491821,-3,0.03454702425150802,2.9588516593036474
mono-00001146,1811.294,0.8146029805491821,-2,0.12193329240716777,2.4611701963816017
mono-00001146,1811.294,0.8146029805491821,-1,0.16650725576857558,1.833107671162125
mono-00001146,1811.294,0.8146029805491821,0,0.3754364035161173,0.8146029805490116
mono-00001146,1811.294,0.8146029805491821,1,0.0,0.0
mono-00001146,1811.294,0.8146029805491821,2,0.0,0.0
mono-00001146,1811.294,0.8146029805491821,3,0.0,0.0
mono-00001146,1811.294,0.8146029805491821,4,0.0,0.0
mono-00001146,1811.294,0.8146029805491821,5,0.0,0.0
mono-00001153,1838.92,0.8084624083015086,-5,0.0012110229243167082,3.733382002200969
mono-00001153,1838.92,0.8084624083015086,-4,0.0011903607518927303,3.3586482742896493
mono-00001153,1838.92,0.8084624083015086,-3,0.034880809176797645,2.9365377408818176
mono-00001153,1838.92,0.8084624083015086,-2,0.11754454134859309,2.4426109141529366
mono-00001153,1838.92,0.8084624083015086,-1,0.16120485792294817,1.8192857492096977
mono-00001153,1838.92,0.8084624083015086,0,0.38265575393150514,0.8084624083009828
mono-00001153,1838.92,0.8084624083015086,1,0.0,0.0
mono-00001153,1838.92,0.8084624083015086,2,0.0,0.0
mono-00001153,1838.92,0.8084624083015086,3,0.0,0.0
mono-00001153,1838.92,0.8084624083015086,4,0.0,0.0
mono-00001153,1838.92,0.8084624083015086,5,0.0,0.0
mono-00001152,1835.0,0.8093252787942902,-5,0.0012108274723365382,3.737368940174534
mono-00001152,1835.0,0.8093252787942902,-4,0.0011791409070240992,3.362234775691988
mono-00001152,1835.0,0.8093252787942902,-3,0.03483925575395171,2.9396732694038405
mono-00001152,1835.0,0.8093252787942902,-2,0.11819111286883756,2.445218847063771
mono-00001152,1835.0,0.8093252787942902,-1,0.16195444566164843,1.8212279944132206
mono-00001152,1835.0,0.8093252787942902,0,0.38156929478134344,0.8093252787943612
mono-00001152,1835.0,0.8093252787942902,1,0.0,0.0
mono-00001152,1835.0,0.8093252787942902,2,0.0,0.0
mono-00001152,1835.0,0.8093252787942902,3,0.0,0.0
mono-00001152,1835.0,0.8093252787942902,4,0.0,0.0
mono-00001152,1835.0,0.8093252787942902,5,0.0,0.0
mono-00001163,1878.59,0.7998827406493376,-5,0.0012003214064511825,3.693739601885028
mono-00001163,1878.59,0.7998827406493376,-4,0.0012895551103753874,3.322987398714531
mono-00001163,1878.59,0.7998827406493376,-3,0.035072230530565955,2.905360886167017
mono-00001163,1878.59,0.7998827406493376,-2,0.11054902752026576,2.416679957747462
mono-00001163,1878.59,0.7998827406493376,-1,0.15359889684530942,1.79997376677737
mono-00001163,1878.59,0.7998827406493376,0,0.3934174034247944,0.7998827406490108
mono-00001163,1878.59,0.7998827406493376,1,0.0,0.0
mono-00001163,1878.59,0.7998827406493376,2,0.0,0.0
mono-00001163,1878.59,0.7998827406493376,3,0.0,0.0
mono-00001163,1878.59,0.7998827406493376,4,0.0,0.0
mono-00001163,1878.59,0.7998827406493376,5,0.0,0.0
mono-00001145,1807.377,0.8154850071405804,-5,0.001201601158249859,3.765830500284835
mono-00001145,1807.377,0.8154850071405804,-4,0.0010963857295337436,3.387837715103288
mono-00001145,1807.377,0.8154850071405804,-3,0.03449707385457247,2.9620568299166763
mono-00001145,1807.377,0.8154850071405804,-2,0.12253459532188542,2.4638360485026283
mono-00001145,1807.377,0.8154850071405804,-1,0.16727317822572454,1.8350930473325349
mono-00001145,1807.377,0.8154850071405804,0,0.37449400468753646,0.8154850071404098
mono-00001145,1807.377,0.8154850071405804,1,0.0,0.0
mono-00001145,1807.377,0.8154850071405804,2,0.0,0.0
mono-00001145,1807.377,0.8154850071405804,3,0.0,0.0
mono-00001145,1807.377,0.8154850071405804,4,0.0,0.0
mono-00001145,1807.377,0.8154850071405804,5,0.0,0.0
mono-00001162,1874.632,0.8007265158226886,-5,0.0012023380393267596,3.697638237466819
mono-00001162,1874.632,0.8007265158226886,-4,0.0012806584300837968,3.326494474389122
mono-00001162,1874.632,0.8007265158226886,-3,0.03507367662760786,2.9084269830956657
mono-00001162,1874.632,0.8007265158226886,-2,0.11128397082591966,2.419230148030948
mono-00001162,1874.632,0.8007265158226886,-1,0.15435607577385835,1.8018730138445704
mono-00001162,1874.632,0.8007265158226886,0,0.39234294672616454,0.800726515822717
mono-00001162,1874.632,0.8007265158226886,1,0.0,0.0
mono-00001162,1874.632,0.8007265158226886,2,0.0,0.0
mono-00001162,1874.632,0.8007265158226886,3,0.0,0.0
mono-00001162,1874.632,0.8007265158226886,4,0.0,0.0
mono-00001162,1874.632,0.8007265158226886,5,0.0,0.0
mono-00001164,1882.526,0.7990462951634925,-5,0.0011980971702426689,3.689874839774376
mono-00001164,1882.526,0.7990462951634925,-4,0.0012982321455122041,3.319510793670659
mono-00001164,1882.526,0.7990462951634925,-3,0.03506591267990886,2.9023214278248446
mono-00001164,1882.526,0.7990462951634925,-2,0.10980832468971592,2.414151923204372
mono-00001164,1882.526,0.7990462951634925,-1,0.15284642053244427,1.7980910196151143
mono-00001164,1882.526,0.7990462951634925,0,0.39450094192179985,0.7990462951633646
mono-00001164,1882.526,0.7990462951634925,1,0.0,0.0
mono-00001164,1882.526,0.7990462951634925,2,0.0,0.0
mono-00001164,1882.526,0.7990462951634925,3,0.0,0.0
mono-00001164,1882.526,0.7990462951634925,4,0.0,0.0
mono-00001164,1882.526,0.7990462951634925,5,0.0,0.0
mono-00001157,1854.826,0.8049892859991985,-5,0.001208904680383617,3.717334334570367
mono-00001157,1854.826,0.8049892859991985,-4,0.0012335827686965365,3.3442123800315073
mono-00001157,1854.826,0.8049892859991985,-3,0.035010475167806726,2.9239170335929288
mono-00001157,1854.826,0.8049892859991985,-2,0.11481126194798774,2.4321138072780997
mono-00001157,1854.826,0.8049892859991985,-1,0.15814333230109334,1.8114680748811622
mono-00001157,1854.826,0.8049892859991985,0,0.38719959452696046,0.8049892859996817
mono-00001157,1854.826,0.8049892859991985,1,0.0,0.0
mono-00001157,1854.826,0.8049892859991985,2,0.0,0.0
mono-00001157,1854.826,0.8049892859991985,3,0.0,0.0
mono-00001157,1854.826,0.8049892859991985,4,0.0,0.0
mono-00001157,1854.826,0.8049892859991985,5,0.0,0.0
mono-00001158,1858.734,0.804142790579121,-5,0.0012080919514695307,3.713423094698399
mono-00001158,1858.734,0.804142790579121,-4,0.0012432026820443946,3.340693969864745
mono-00001158,1858.734,0.804142790579121,-3,0.03503193385164446,2.9208410308459207
mono-00001158,1858.734,0.804142790579121,-2,0.11413527644097228,2.429555380998636
mono-00001158,1858.734,0.804142790579121,-1,0.15739716764350314,1.809562696760139
mono-00001158,1858.734,0.804142790579121,0,0.3881834298030821,0.8041427905792631
mono-00001158,1858.734,0.804142790579121,1,0.0,0.0
mono-00001158,1858.734,0.804142790579121,2,0.0,0.0
mono-00001158,1858.734,0.804142790579121,3,0.0,0.0
mono-00001158,1858.734,0.804142790579121,4,0.0,0.0
mono-00001158,1858.734,0.804142790579121,5,0.0,0.0
mono-00001156,1850.859,0.8058513010804376,-5,0.0012097608565237034,3.7213172904455973
mono-00001156,1850.859,0.8058513010804376,-4,0.001223292530343907,3.34779530252969
mono-00001156,1850.859,0.8058513010804376,-3,0.0349842411905024,2.9270494361320516
mono-00001156,1850.859,0.8058513010804376,-2,0.1155035275863285,2.4347191427443278
mono-00001156,1850.859,0.8058513010804376,-1,0.15890682405536502,1.8134083878891971
mono-00001156,1850.859,0.8058513010804376,0,0.38609051952512075,0.8058513010805086
mono-00001156,1850.859,0.8058513010804376,1,0.0,0.0
mono-00001156,1850.859,0.8058513010804376,2,0.0,0.0
mono-00001156,1850.859,0.8058513010804376,3,0.0,0.0
mono-00001156,1850.859,0.8058513010804376,4,0.0,0.0
mono-00001156,1850.859,0.8058513010804376,5,0.0,0.0
mono-00001159,1862.725,0.8032810670935504,-5,0.0012070119373667754,3.7094415006638854
mono-00001159,1862.725,0.8032810670935504,-4,0.0012528614624159695,3.337112270839455
mono-00001159,1862.725,0.8032810670935504,-3,0.03504937594228862,2.9177096965157006
mono-00001159,1862.725,0.8032810670935504,-2,0.11343473209083334,2.4269509327524332
mono-00001159,1862.725,0.8032810670935504,-1,0.15663430757596447,1.8076230434082419
mono-00001159,1862.725,0.8032810670935504,0,0.38920390216004475,0.8032810670932662
mono-00001159,1862.725,0.8032810670935504,1,0.0,0.0
mono-00001159,1862.725,0.8032810670935504,2,0.0,0.0
mono-00001159,1862.725,0.8032810670935504,3,0.0,0.0
mono-00001159,1862.725,0.8032810670935504,4,0.0,0.0
mono-00001159,1862.725,0.8032810670935504,5,0.0,0.0
mono-00001160,1866.693,0.802427050226683,-5,0.0012056922850834856,3.7054955222814527
mono-00001160,1866.693,0.802427050226683,-4,0.0012622952749972286,3.3335626095859396
mono-00001160,1866.693,0.802427050226683,-3,0.035062140874669655,2.914606370804222
mono-00001160,1866.693,0.802427050226683,-2,0.11272803519707549,2.424369779704463
mono-00001160,1866.693,0.802427050226683,-1,0.1558752372842134,1.8057007385255304
mono-00001160,1866.693,0.802427050226683,0,0.3902342016144426,0.8024270502261714
mono-00001160,1866.693,0.802427050226683,1,0.0,0.0
mono-00001160,1866.693,0.802427050226683,2,0.0,0.0
mono-00001160,1866.693,0.802427050226683,3,0.0,0.0
mono-00001160,1866.693,0.802427050226683,4,0.0,0.0
mono-00001160,1866.693,0.802427050226683,5,0.0,0.0
mono-00001161,1870.659,0.801576179852006,-5,0.0012041338352559035,3.7015640893755943
mono-00001161,1870.659,0.801576179852006,-4,0.0012715547423095296,3.330026032142655
mono-00001161,1870.659,0.801576179852006,-3,0.03507027406677773,2.911514483041188
mono-00001161,1870.659,0.801576179852006,-2,0.1120116600568334,2.4217981394158556
mono-00001161,1870.659,0.801576179852006,-1,0.155116328144245,1.8037855176986
mono-00001161,1870.659,0.801576179852006,0,0.3912798136126,0.8015761798519776
mono-00001161,1870.659,0.801576179852006,1,0.0,0.0
mono-00001161,1870.659,0.801576179852006,2,0.0,0.0
mono-00001161,1870.659,0.801576179852006,3,0.0,0.0
mono-00001161,1870.659,0.801576179852006,4,0.0,0.0
mono-00001161,1870.659,0.801576179852006,5,0.0,0.0
