-5.998607e-06  1.2913434e-09            
-5.9936063e-06  1.2825268e-09            
-5.9886056e-06  1.2718778e-09            
-5.9836049e-06  1.261399e-09            
-5.9786043e-06  1.2499235e-09            
-5.9736036e-06  1.2400073e-09            
-5.9686029e-06  1.235009e-09            
-5.9636022e-06  1.2349527e-09            
-5.9586015e-06  1.2383884e-09            
-5.9536008e-06  1.2436927e-09            
-5.9486001e-06  1.2498626e-09            
-5.9435994e-06  1.2551802e-09            
-5.9385987e-06  1.2607938e-09            
-5.933598e-06  1.2683364e-09            
-5.9285973e-06  1.2774173e-09            
-5.9235966e-06  1.2852367e-09            
-5.9185959e-06  1.2893064e-09            
-5.9135953e-06  1.2907082e-09            
-5.9085946e-06  1.291766e-09            
-5.9035939e-06  1.292268e-09            
-5.8985932e-06  1.2896827e-09            
-5.8935925e-06  1.2823656e-09            
-5.8885918e-06  1.272224e-09            
-5.8835911e-06  1.2610372e-09            
-5.8785904e-06  1.2501695e-09            
-5.8735897e-06  1.2407538e-09            
-5.868589e-06  1.233177e-09            
-5.8635883e-06  1.2255299e-09            
-5.8585876e-06  1.217953e-09            
-5.853587e-06  1.2119971e-09            
-5.8485863e-06  1.207694e-09            
-5.8435856e-06  1.2053919e-09            
-5.8385849e-06  1.206493e-09            
-5.8335842e-06  1.208023e-09            
-5.8285835e-06  1.2094381e-09            
-5.8235828e-06  1.2131423e-09            
-5.8185821e-06  1.2204447e-09            
-5.8135814e-06  1.2290917e-09            
-5.8085807e-06  1.2364882e-09            
-5.80358e-06  1.2437505e-09            
-5.7985793e-06  1.2521084e-09            
-5.7935786e-06  1.2605328e-09            
-5.788578e-06  1.2693739e-09            
-5.7835773e-06  1.2794045e-09            
-5.7785766e-06  1.2909346e-09            
-5.7735759e-06  1.3029088e-09            
-5.7685752e-06  1.3165667e-09            
-5.7635745e-06  1.3307135e-09            
-5.7585738e-06  1.3438164e-09            
-5.7535731e-06  1.3539707e-09            
-5.7485724e-06  1.357848e-09            
-5.7435717e-06  1.3563805e-09            
-5.738571e-06  1.3533573e-09            
-5.7335703e-06  1.349833e-09            
-5.7285696e-06  1.3452261e-09            
-5.723569e-06  1.3392869e-09            
-5.7185683e-06  1.3327118e-09            
-5.7135676e-06  1.3282493e-09            
-5.7085669e-06  1.3277466e-09            
-5.7035662e-06  1.3322849e-09            
-5.6985655e-06  1.3387886e-09            
-5.6935648e-06  1.3429914e-09            
-5.6885641e-06  1.3475613e-09            
-5.6835634e-06  1.3573299e-09            
-5.6785627e-06  1.3721554e-09            
-5.673562e-06  1.3875307e-09            
-5.6685613e-06  1.3998461e-09            
-5.6635607e-06  1.410138e-09            
-5.65856e-06  1.4195364e-09            
-5.6535593e-06  1.4271319e-09            
-5.6485586e-06  1.432929e-09            
-5.6435579e-06  1.4390512e-09            
-5.6385572e-06  1.4459441e-09            
-5.6335565e-06  1.4528206e-09            
-5.6285558e-06  1.4609565e-09            
-5.6235551e-06  1.4694338e-09            
-5.6185544e-06  1.4756419e-09            
-5.6135537e-06  1.4773398e-09            
-5.608553e-06  1.4762518e-09            
-5.6035523e-06  1.4725903e-09            
-5.5985517e-06  1.4681579e-09            
-5.593551e-06  1.4671188e-09            
-5.5885503e-06  1.4678651e-09            
-5.5835496e-06  1.4672824e-09            
-5.5785489e-06  1.4644089e-09            
-5.5735482e-06  1.4604494e-09            
-5.5685475e-06  1.4563026e-09            
-5.5635468e-06  1.4525325e-09            
-5.5585461e-06  1.4503254e-09            
-5.5535454e-06  1.4516355e-09            
-5.5485447e-06  1.4554318e-09            
-5.543544e-06  1.458897e-09            
-5.5385433e-06  1.4594264e-09            
-5.5335427e-06  1.4580208e-09            
-5.528542e-06  1.4564042e-09            
-5.5235413e-06  1.4539974e-09            
-5.5185406e-06  1.4474524e-09            
-5.5135399e-06  1.4374672e-09            
-5.5085392e-06  1.4289679e-09            
-5.5035385e-06  1.4231612e-09            
-5.4985378e-06  1.4188825e-09            
-5.4935371e-06  1.4154633e-09            
-5.4885364e-06  1.4127746e-09            
-5.4835357e-06  1.4117973e-09            
-5.478535e-06  1.4145181e-09            
-5.4735344e-06  1.4209459e-09            
-5.4685337e-06  1.4284788e-09            
-5.463533e-06  1.435395e-09            
-5.4585323e-06  1.4415266e-09            
-5.4535316e-06  1.4451697e-09            
-5.4485309e-06  1.4437119e-09            
-5.4435302e-06  1.4393355e-09            
-5.4385295e-06  1.4333621e-09            
-5.4335288e-06  1.4263562e-09            
-5.4285281e-06  1.4181072e-09            
-5.4235274e-06  1.4085837e-09            
-5.4185267e-06  1.4009609e-09            
-5.413526e-06  1.3971014e-09            
-5.4085254e-06  1.394536e-09            
-5.4035247e-06  1.3901393e-09            
-5.398524e-06  1.383014e-09            
-5.3935233e-06  1.3759584e-09            
-5.3885226e-06  1.3702175e-09            
-5.3835219e-06  1.3640941e-09            
-5.3785212e-06  1.3583471e-09            
-5.3735205e-06  1.3551479e-09            
-5.3685198e-06  1.353121e-09            
-5.3635191e-06  1.3504727e-09            
-5.3585184e-06  1.3479656e-09            
-5.3535177e-06  1.345197e-09            
-5.348517e-06  1.3423062e-09            
-5.3435164e-06  1.3406085e-09            
-5.3385157e-06  1.3387179e-09            
-5.333515e-06  1.3372e-09            
-5.3285143e-06  1.337391e-09            
-5.3235136e-06  1.3379836e-09            
-5.3185129e-06  1.3403281e-09            
-5.3135122e-06  1.3470244e-09            
-5.3085115e-06  1.3573984e-09            
-5.3035108e-06  1.3660939e-09            
-5.2985101e-06  1.3733832e-09            
-5.2935094e-06  1.3802703e-09            
-5.2885087e-06  1.3854524e-09            
-5.2835081e-06  1.3904142e-09            
-5.2785074e-06  1.3956186e-09            
-5.2735067e-06  1.3987736e-09            
-5.268506e-06  1.3979964e-09            
-5.2635053e-06  1.3948841e-09            
-5.2585046e-06  1.3898905e-09            
-5.2535039e-06  1.3845109e-09            
-5.2485032e-06  1.3800325e-09            
-5.2435025e-06  1.3759022e-09            
-5.2385018e-06  1.3716884e-09            
-5.2335011e-06  1.3680778e-09            
-5.2285004e-06  1.3656385e-09            
-5.2234997e-06  1.36462e-09            
-5.2184991e-06  1.3665877e-09            
-5.2134984e-06  1.3717341e-09            
-5.2084977e-06  1.3801587e-09            
-5.203497e-06  1.3925356e-09            
-5.1984963e-06  1.4092884e-09            
-5.1934956e-06  1.4274095e-09            
-5.1884949e-06  1.4486206e-09            
-5.1834942e-06  1.4738551e-09            
-5.1784935e-06  1.4978959e-09            
-5.1734928e-06  1.5189725e-09            
-5.1684921e-06  1.5401915e-09            
-5.1634914e-06  1.5595539e-09            
-5.1584907e-06  1.5777081e-09            
-5.1534901e-06  1.5967951e-09            
-5.1484894e-06  1.6142758e-09            
-5.1434887e-06  1.6291598e-09            
-5.138488e-06  1.6459692e-09            
-5.1334873e-06  1.6698991e-09            
-5.1284866e-06  1.7045554e-09            
-5.1234859e-06  1.7612627e-09            
-5.1184852e-06  1.8616677e-09            
-5.1134845e-06  2.0399564e-09            
-5.1084838e-06  2.3654109e-09            
-5.1034831e-06  2.954012e-09            
-5.0984824e-06  3.9187323e-09            
-5.0934818e-06  5.2564118e-09            
-5.0884811e-06  6.7780918e-09            
-5.0834804e-06  8.2493951e-09            
-5.0784797e-06  9.5592061e-09            
-5.073479e-06  1.0678225e-08            
-5.0684783e-06  1.1609091e-08            
-5.0634776e-06  1.237254e-08            
-5.0584769e-06  1.2995181e-08            
-5.0534762e-06  1.3498781e-08            
-5.0484755e-06  1.3900416e-08            
-5.0434748e-06  1.4218695e-08            
-5.0384741e-06  1.4466993e-08            
-5.0334734e-06  1.4659104e-08            
-5.0284728e-06  1.4811019e-08            
-5.0234721e-06  1.492972e-08            
-5.0184714e-06  1.5025075e-08            
-5.0134707e-06  1.5112715e-08            
-5.00847e-06  1.5196519e-08            
-5.0034693e-06  1.5275487e-08            
-4.9984686e-06  1.5354555e-08            
-4.9934679e-06  1.5435173e-08            
-4.9884672e-06  1.5515137e-08            
-4.9834665e-06  1.5597697e-08            
-4.9784658e-06  1.5683855e-08            
-4.9734651e-06  1.5771629e-08            
-4.9684644e-06  1.586381e-08            
-4.9634638e-06  1.5959461e-08            
-4.9584631e-06  1.6051748e-08            
-4.9534624e-06  1.613629e-08            
-4.9484617e-06  1.6212338e-08            
-4.943461e-06  1.627744e-08            
-4.9384603e-06  1.6331155e-08            
-4.9334596e-06  1.6376298e-08            
-4.9284589e-06  1.6412409e-08            
-4.9234582e-06  1.6437787e-08            
-4.9184575e-06  1.6456777e-08            
-4.9134568e-06  1.6471621e-08            
-4.9084561e-06  1.6480842e-08            
-4.9034555e-06  1.6483162e-08            
-4.8984548e-06  1.647431e-08            
-4.8934541e-06  1.6455245e-08            
-4.8884534e-06  1.6432647e-08            
-4.8834527e-06  1.6408558e-08            
-4.878452e-06  1.6384545e-08            
-4.8734513e-06  1.6363603e-08            
-4.8684506e-06  1.6343046e-08            
-4.8634499e-06  1.6321707e-08            
-4.8584492e-06  1.6301917e-08            
-4.8534485e-06  1.6287262e-08            
-4.8484478e-06  1.6274175e-08            
-4.8434471e-06  1.6259449e-08            
-4.8384465e-06  1.62443e-08            
-4.8334458e-06  1.6229721e-08            
-4.8284451e-06  1.6219226e-08            
-4.8234444e-06  1.6216529e-08            
-4.8184437e-06  1.622071e-08            
-4.813443e-06  1.6228597e-08            
-4.8084423e-06  1.623737e-08            
-4.8034416e-06  1.6245955e-08            
-4.7984409e-06  1.6255942e-08            
-4.7934402e-06  1.6267712e-08            
-4.7884395e-06  1.6276396e-08            
-4.7834388e-06  1.6281519e-08            
-4.7784381e-06  1.6287852e-08            
-4.7734375e-06  1.6294113e-08            
-4.7684368e-06  1.6299065e-08            
-4.7634361e-06  1.6306072e-08            
-4.7584354e-06  1.6312832e-08            
-4.7534347e-06  1.6316702e-08            
-4.748434e-06  1.6319452e-08            
-4.7434333e-06  1.6322638e-08            
-4.7384326e-06  1.6324401e-08            
-4.7334319e-06  1.632148e-08            
-4.7284312e-06  1.6314609e-08            
-4.7234305e-06  1.6308222e-08            
-4.7184298e-06  1.6303917e-08            
-4.7134292e-06  1.6300404e-08            
-4.7084285e-06  1.6294846e-08            
-4.7034278e-06  1.6288441e-08            
-4.6984271e-06  1.6281649e-08            
-4.6934264e-06  1.627191e-08            
-4.6884257e-06  1.626458e-08            
-4.683425e-06  1.6263245e-08            
-4.6784243e-06  1.6263241e-08            
-4.6734236e-06  1.6262643e-08            
-4.6684229e-06  1.6263155e-08            
-4.6634222e-06  1.626491e-08            
-4.6584215e-06  1.626678e-08            
-4.6534208e-06  1.6267111e-08            
-4.6484202e-06  1.6264806e-08            
-4.6434195e-06  1.6262738e-08            
-4.6384188e-06  1.6263384e-08            
-4.6334181e-06  1.6265884e-08            
-4.6284174e-06  1.6266346e-08            
-4.6234167e-06  1.6266618e-08            
-4.618416e-06  1.6268074e-08            
-4.6134153e-06  1.6269213e-08            
-4.6084146e-06  1.6271977e-08            
-4.6034139e-06  1.627548e-08            
-4.5984132e-06  1.6278716e-08            
-4.5934125e-06  1.628379e-08            
-4.5884118e-06  1.6289529e-08            
-4.5834112e-06  1.6292784e-08            
-4.5784105e-06  1.6294786e-08            
-4.5734098e-06  1.6296417e-08            
-4.5684091e-06  1.6297571e-08            
-4.5634084e-06  1.6299987e-08            
-4.5584077e-06  1.6305827e-08            
-4.553407e-06  1.6315391e-08            
-4.5484063e-06  1.6330325e-08            
-4.5434056e-06  1.6348296e-08            
-4.5384049e-06  1.6365879e-08            
-4.5334042e-06  1.6383128e-08            
-4.5284035e-06  1.6398862e-08            
-4.5234029e-06  1.641028e-08            
-4.5184022e-06  1.6417189e-08            
-4.5134015e-06  1.6418574e-08            
-4.5084008e-06  1.641308e-08            
-4.5034001e-06  1.6404161e-08            
-4.4983994e-06  1.6396683e-08            
-4.4933987e-06  1.6390781e-08            
-4.488398e-06  1.6386093e-08            
-4.4833973e-06  1.6384712e-08            
-4.4783966e-06  1.6383712e-08            
-4.4733959e-06  1.6380951e-08            
-4.4683952e-06  1.6378048e-08            
-4.4633945e-06  1.6374247e-08            
-4.4583939e-06  1.6368829e-08            
-4.4533932e-06  1.6363966e-08            
-4.4483925e-06  1.6361206e-08            
-4.4433918e-06  1.6358562e-08            
-4.4383911e-06  1.6355225e-08            
-4.4333904e-06  1.6352111e-08            
-4.4283897e-06  1.6349756e-08            
-4.423389e-06  1.6348155e-08            
-4.4183883e-06  1.6345758e-08            
-4.4133876e-06  1.6342059e-08            
-4.4083869e-06  1.6337768e-08            
-4.4033862e-06  1.6332446e-08            
-4.3983855e-06  1.6325225e-08            
-4.3933849e-06  1.6314491e-08            
-4.3883842e-06  1.6303516e-08            
-4.3833835e-06  1.6294583e-08            
-4.3783828e-06  1.6285941e-08            
-4.3733821e-06  1.627958e-08            
-4.3683814e-06  1.6276732e-08            
-4.3633807e-06  1.6276771e-08            
-4.35838e-06  1.6278933e-08            
-4.3533793e-06  1.6282013e-08            
-4.3483786e-06  1.6286597e-08            
-4.3433779e-06  1.6295766e-08            
-4.3383772e-06  1.6308075e-08            
-4.3333766e-06  1.6321497e-08            
-4.3283759e-06  1.6335756e-08            
-4.3233752e-06  1.6349104e-08            
-4.3183745e-06  1.6358906e-08            
-4.3133738e-06  1.6365235e-08            
-4.3083731e-06  1.6366321e-08            
-4.3033724e-06  1.6361305e-08            
-4.2983717e-06  1.6353187e-08            
-4.293371e-06  1.6344615e-08            
-4.2883703e-06  1.6333232e-08            
-4.2833696e-06  1.631904e-08            
-4.2783689e-06  1.6306116e-08            
-4.2733682e-06  1.6297973e-08            
-4.2683676e-06  1.6298725e-08            
-4.2633669e-06  1.6310747e-08            
-4.2583662e-06  1.6330357e-08            
-4.2533655e-06  1.6353815e-08            
-4.2483648e-06  1.6380839e-08            
-4.2433641e-06  1.6411569e-08            
-4.2383634e-06  1.6444398e-08            
-4.2333627e-06  1.6476919e-08            
-4.228362e-06  1.6502409e-08            
-4.2233613e-06  1.6515237e-08            
-4.2183606e-06  1.6514637e-08            
-4.2133599e-06  1.6499739e-08            
-4.2083592e-06  1.6465785e-08            
-4.2033586e-06  1.6410141e-08            
-4.1983579e-06  1.6331425e-08            
-4.1933572e-06  1.6226981e-08            
-4.1883565e-06  1.6095482e-08            
-4.1833558e-06  1.5934617e-08            
-4.1783551e-06  1.5732083e-08            
-4.1733544e-06  1.5465876e-08            
-4.1683537e-06  1.5100451e-08            
-4.163353e-06  1.4587333e-08            
-4.1583523e-06  1.3865032e-08            
-4.1533516e-06  1.2869073e-08            
-4.1483509e-06  1.1570022e-08            
-4.1433503e-06  1.0016658e-08            
-4.1383496e-06  8.3631045e-09            
-4.1333489e-06  6.8221539e-09            
-4.1283482e-06  5.5399262e-09            
-4.1233475e-06  4.5449856e-09            
-4.1183468e-06  3.8007183e-09            
-4.1133461e-06  3.2592407e-09            
-4.1083454e-06  2.8726987e-09            
-4.1033447e-06  2.5977683e-09            
-4.098344e-06  2.4008203e-09            
-4.0933433e-06  2.256817e-09            
-4.0883426e-06  2.1472198e-09            
-4.0833419e-06  2.0597818e-09            
-4.0783413e-06  1.9862633e-09            
-4.0733406e-06  1.9219935e-09            
-4.0683399e-06  1.8642026e-09            
-4.0633392e-06  1.8099311e-09            
-4.0583385e-06  1.7560742e-09            
-4.0533378e-06  1.7042749e-09            
-4.0483371e-06  1.6566512e-09            
-4.0433364e-06  1.6118034e-09            
-4.0383357e-06  1.5697576e-09            
-4.033335e-06  1.5312505e-09            
-4.0283343e-06  1.4974336e-09            
-4.0233336e-06  1.4700136e-09            
-4.0183329e-06  1.4511554e-09            
-4.0133323e-06  1.437744e-09            
-4.0083316e-06  1.4261072e-09            
-4.0033309e-06  1.4157795e-09            
-3.9983302e-06  1.4095317e-09            
-3.9933295e-06  1.4089684e-09            
-3.9883288e-06  1.4127996e-09            
-3.9833281e-06  1.4175987e-09            
-3.9783274e-06  1.4214862e-09            
-3.9733267e-06  1.4230286e-09            
-3.968326e-06  1.4228907e-09            
-3.9633253e-06  1.4215146e-09            
-3.9583246e-06  1.4197725e-09            
-3.953324e-06  1.4189523e-09            
-3.9483233e-06  1.4188472e-09            
-3.9433226e-06  1.4196306e-09            
-3.9383219e-06  1.4203753e-09            
-3.9333212e-06  1.4199975e-09            
-3.9283205e-06  1.4176058e-09            
-3.9233198e-06  1.4115434e-09            
-3.9183191e-06  1.4008235e-09            
-3.9133184e-06  1.3867752e-09            
-3.9083177e-06  1.3719266e-09            
-3.903317e-06  1.3574388e-09            
-3.8983163e-06  1.3449937e-09            
-3.8933156e-06  1.3376226e-09            
-3.888315e-06  1.3344352e-09            
-3.8833143e-06  1.3309629e-09            
-3.8783136e-06  1.3264489e-09            
-3.8733129e-06  1.3209719e-09            
-3.8683122e-06  1.3149883e-09            
-3.8633115e-06  1.3126132e-09            
-3.8583108e-06  1.3138354e-09            
-3.8533101e-06  1.3172353e-09            
-3.8483094e-06  1.3227955e-09            
-3.8433087e-06  1.328864e-09            
-3.838308e-06  1.3332737e-09            
-3.8333073e-06  1.3361521e-09            
-3.8283066e-06  1.3377971e-09            
-3.823306e-06  1.3373814e-09            
-3.8183053e-06  1.3355682e-09            
-3.8133046e-06  1.3347054e-09            
-3.8083039e-06  1.3364277e-09            
-3.8033032e-06  1.3383864e-09            
-3.7983025e-06  1.3367689e-09            
-3.7933018e-06  1.3315325e-09            
-3.7883011e-06  1.3235069e-09            
-3.7833004e-06  1.3141158e-09            
-3.7782997e-06  1.3049401e-09            
-3.773299e-06  1.2984099e-09            
-3.7682983e-06  1.2972249e-09            
-3.7632977e-06  1.3036796e-09            
-3.758297e-06  1.3169362e-09            
-3.7532963e-06  1.3319464e-09            
-3.7482956e-06  1.3444177e-09            
-3.7432949e-06  1.3510023e-09            
-3.7382942e-06  1.3534112e-09            
-3.7332935e-06  1.3514829e-09            
-3.7282928e-06  1.3458411e-09            
-3.7232921e-06  1.3412828e-09            
-3.7182914e-06  1.3386852e-09            
-3.7132907e-06  1.3346457e-09            
-3.70829e-06  1.3288821e-09            
-3.7032893e-06  1.3241788e-09            
-3.6982887e-06  1.3197538e-09            
-3.693288e-06  1.3148172e-09            
-3.6882873e-06  1.3121202e-09            
-3.6832866e-06  1.3149802e-09            
-3.6782859e-06  1.325059e-09            
-3.6732852e-06  1.3414468e-09            
-3.6682845e-06  1.362078e-09            
-3.6632838e-06  1.3828717e-09            
-3.6582831e-06  1.3989136e-09            
-3.6532824e-06  1.40742e-09            
-3.6482817e-06  1.4104407e-09            
-3.643281e-06  1.4111678e-09            
-3.6382803e-06  1.4106802e-09            
-3.6332797e-06  1.4083682e-09            
-3.628279e-06  1.4023642e-09            
-3.6232783e-06  1.3920212e-09            
-3.6182776e-06  1.378113e-09            
-3.6132769e-06  1.36226e-09            
-3.6082762e-06  1.3436281e-09            
-3.6032755e-06  1.321753e-09            
-3.5982748e-06  1.2986529e-09            
-3.5932741e-06  1.2783839e-09            
-3.5882734e-06  1.2627624e-09            
-3.5832727e-06  1.2516687e-09            
-3.578272e-06  1.2469754e-09            
-3.5732714e-06  1.2499758e-09            
-3.5682707e-06  1.259333e-09            
-3.56327e-06  1.2719835e-09            
-3.5582693e-06  1.2854244e-09            
-3.5532686e-06  1.3003398e-09            
-3.5482679e-06  1.3171718e-09            
-3.5432672e-06  1.3366243e-09            
-3.5382665e-06  1.358552e-09            
-3.5332658e-06  1.3790767e-09            
-3.5282651e-06  1.3928483e-09            
-3.5232644e-06  1.4003489e-09            
-3.5182637e-06  1.4054463e-09            
-3.513263e-06  1.4097445e-09            
-3.5082624e-06  1.4136523e-09            
-3.5032617e-06  1.4181664e-09            
-3.498261e-06  1.4202187e-09            
-3.4932603e-06  1.4196143e-09            
-3.4882596e-06  1.4212196e-09            
-3.4832589e-06  1.4282557e-09            
-3.4782582e-06  1.4371924e-09            
-3.4732575e-06  1.4474546e-09            
-3.4682568e-06  1.462146e-09            
-3.4632561e-06  1.4809466e-09            
-3.4582554e-06  1.5020429e-09            
-3.4532547e-06  1.5211903e-09            
-3.448254e-06  1.5361613e-09            
-3.4432534e-06  1.5457784e-09            
-3.4382527e-06  1.5520174e-09            
-3.433252e-06  1.5551012e-09            
-3.4282513e-06  1.5547005e-09            
-3.4232506e-06  1.552465e-09            
-3.4182499e-06  1.5471035e-09            
-3.4132492e-06  1.5383604e-09            
-3.4082485e-06  1.5274995e-09            
-3.4032478e-06  1.5165905e-09            
-3.3982471e-06  1.5061189e-09            
-3.3932464e-06  1.4966305e-09            
-3.3882457e-06  1.4901891e-09            
-3.3832451e-06  1.4879885e-09            
-3.3782444e-06  1.488921e-09            
-3.3732437e-06  1.4921452e-09            
-3.368243e-06  1.4975519e-09            
-3.3632423e-06  1.5054619e-09            
-3.3582416e-06  1.514498e-09            
-3.3532409e-06  1.5221539e-09            
-3.3482402e-06  1.529154e-09            
-3.3432395e-06  1.5342763e-09            
-3.3382388e-06  1.5336637e-09            
-3.3332381e-06  1.5265838e-09            
-3.3282374e-06  1.5143495e-09            
-3.3232367e-06  1.4956421e-09            
-3.3182361e-06  1.4727782e-09            
-3.3132354e-06  1.4486525e-09            
-3.3082347e-06  1.4223998e-09            
-3.303234e-06  1.3946512e-09            
-3.2982333e-06  1.3674059e-09            
-3.2932326e-06  1.3433851e-09            
-3.2882319e-06  1.3228282e-09            
-3.2832312e-06  1.3085155e-09            
-3.2782305e-06  1.3016393e-09            
-3.2732298e-06  1.2999885e-09            
-3.2682291e-06  1.3045542e-09            
-3.2632284e-06  1.3161823e-09            
-3.2582277e-06  1.3340773e-09            
-3.2532271e-06  1.356017e-09            
-3.2482264e-06  1.3788306e-09            
-3.2432257e-06  1.3992997e-09            
-3.238225e-06  1.4162944e-09            
-3.2332243e-06  1.4289519e-09            
-3.2282236e-06  1.435352e-09            
-3.2232229e-06  1.4384867e-09            
-3.2182222e-06  1.4403914e-09            
-3.2132215e-06  1.4395354e-09            
-3.2082208e-06  1.4362146e-09            
-3.2032201e-06  1.4309334e-09            
-3.1982194e-06  1.4242951e-09            
-3.1932188e-06  1.4155372e-09            
-3.1882181e-06  1.4075151e-09            
-3.1832174e-06  1.4034375e-09            
-3.1782167e-06  1.4027796e-09            
-3.173216e-06  1.4051877e-09            
-3.1682153e-06  1.410275e-09            
-3.1632146e-06  1.41888e-09            
-3.1582139e-06  1.4321923e-09            
-3.1532132e-06  1.4461542e-09            
-3.1482125e-06  1.4565774e-09            
-3.1432118e-06  1.4631055e-09            
-3.1382111e-06  1.4674703e-09            
-3.1332104e-06  1.4705346e-09            
-3.1282098e-06  1.4715473e-09            
-3.1232091e-06  1.4695681e-09            
-3.1182084e-06  1.4627317e-09            
-3.1132077e-06  1.4510619e-09            
-3.108207e-06  1.4379261e-09            
-3.1032063e-06  1.4246442e-09            
-3.0982056e-06  1.4117565e-09            
-3.0932049e-06  1.4005994e-09            
-3.0882042e-06  1.3942233e-09            
-3.0832035e-06  1.3921649e-09            
-3.0782028e-06  1.3907398e-09            
-3.0732021e-06  1.3901466e-09            
-3.0682014e-06  1.3903059e-09            
-3.0632008e-06  1.394274e-09            
-3.0582001e-06  1.4026832e-09            
-3.0531994e-06  1.4109475e-09            
-3.0481987e-06  1.4150506e-09            
-3.043198e-06  1.4159014e-09            
-3.0381973e-06  1.416263e-09            
-3.0331966e-06  1.4177098e-09            
-3.0281959e-06  1.4211034e-09            
-3.0231952e-06  1.4244488e-09            
-3.0181945e-06  1.4255629e-09            
-3.0131938e-06  1.4259891e-09            
-3.0081931e-06  1.4290042e-09            
-3.0031925e-06  1.4333195e-09            
-2.9981918e-06  1.4350625e-09            
-2.9931911e-06  1.4337378e-09            
-2.9881904e-06  1.4290419e-09            
-2.9831897e-06  1.4214208e-09            
-2.978189e-06  1.414071e-09            
-2.9731883e-06  1.4070687e-09            
-2.9681876e-06  1.4013041e-09            
-2.9631869e-06  1.3960132e-09            
-2.9581862e-06  1.3896344e-09            
-2.9531855e-06  1.3834347e-09            
-2.9481848e-06  1.3779183e-09            
-2.9431841e-06  1.3726227e-09            
-2.9381835e-06  1.3677932e-09            
-2.9331828e-06  1.3645921e-09            
-2.9281821e-06  1.3636945e-09            
-2.9231814e-06  1.364183e-09            
-2.9181807e-06  1.3644584e-09            
-2.91318e-06  1.3616105e-09            
-2.9081793e-06  1.3554735e-09            
-2.9031786e-06  1.3485601e-09            
-2.8981779e-06  1.3419254e-09            
-2.8931772e-06  1.335196e-09            
-2.8881765e-06  1.3287809e-09            
-2.8831758e-06  1.3237891e-09            
-2.8781751e-06  1.3231172e-09            
-2.8731745e-06  1.3292853e-09            
-2.8681738e-06  1.3436903e-09            
-2.8631731e-06  1.3659375e-09            
-2.8581724e-06  1.3915246e-09            
-2.8531717e-06  1.4167896e-09            
-2.848171e-06  1.4395442e-09            
-2.8431703e-06  1.4589001e-09            
-2.8381696e-06  1.4765584e-09            
-2.8331689e-06  1.4930061e-09            
-2.8281682e-06  1.5059814e-09            
-2.8231675e-06  1.5142613e-09            
-2.8181668e-06  1.5217512e-09            
-2.8131662e-06  1.5288753e-09            
-2.8081655e-06  1.5334919e-09            
-2.8031648e-06  1.5356188e-09            
-2.7981641e-06  1.5362374e-09            
-2.7931634e-06  1.5359388e-09            
-2.7881627e-06  1.5364961e-09            
-2.783162e-06  1.5401561e-09            
-2.7781613e-06  1.5474152e-09            
-2.7731606e-06  1.5547182e-09            
-2.7681599e-06  1.5600031e-09            
-2.7631592e-06  1.567401e-09            
-2.7581585e-06  1.5769301e-09            
-2.7531578e-06  1.586748e-09            
-2.7481572e-06  1.5980252e-09            
-2.7431565e-06  1.6088681e-09            
-2.7381558e-06  1.6173583e-09            
-2.7331551e-06  1.623236e-09            
-2.7281544e-06  1.6282019e-09            
-2.7231537e-06  1.6311824e-09            
-2.718153e-06  1.6326348e-09            
-2.7131523e-06  1.6330797e-09            
-2.7081516e-06  1.6369226e-09            
-2.7031509e-06  1.6465843e-09            
-2.6981502e-06  1.6590272e-09            
-2.6931495e-06  1.6696297e-09            
-2.6881488e-06  1.6799525e-09            
-2.6831482e-06  1.6930801e-09            
-2.6781475e-06  1.7074873e-09            
-2.6731468e-06  1.7208049e-09            
-2.6681461e-06  1.733078e-09            
-2.6631454e-06  1.7465602e-09            
-2.6581447e-06  1.7617549e-09            
-2.653144e-06  1.7818695e-09            
-2.6481433e-06  1.810686e-09            
-2.6431426e-06  1.8484769e-09            
-2.6381419e-06  1.89823e-09            
-2.6331412e-06  1.9660998e-09            
-2.6281405e-06  2.0641804e-09            
-2.6231399e-06  2.2231362e-09            
-2.6181392e-06  2.5212861e-09            
-2.6131385e-06  3.1025246e-09            
-2.6081378e-06  4.0799817e-09            
-2.6031371e-06  5.4033735e-09            
-2.5981364e-06  6.8962937e-09            
-2.5931357e-06  8.3680679e-09            
-2.588135e-06  9.6974174e-09            
-2.5831343e-06  1.0837278e-08            
-2.5781336e-06  1.1787907e-08            
-2.5731329e-06  1.2567305e-08            
-2.5681322e-06  1.3196906e-08            
-2.5631315e-06  1.3702017e-08            
-2.5581309e-06  1.4106508e-08            
-2.5531302e-06  1.4421459e-08            
-2.5481295e-06  1.4660837e-08            
-2.5431288e-06  1.4843308e-08            
-2.5381281e-06  1.4981593e-08            
-2.5331274e-06  1.5088745e-08            
-2.5281267e-06  1.517693e-08            
-2.523126e-06  1.5253204e-08            
-2.5181253e-06  1.5324118e-08            
-2.5131246e-06  1.5396522e-08            
-2.5081239e-06  1.5473598e-08            
-2.5031232e-06  1.5555348e-08            
-2.4981225e-06  1.5640318e-08            
-2.4931219e-06  1.5728927e-08            
-2.4881212e-06  1.5822219e-08            
-2.4831205e-06  1.5920594e-08            
-2.4781198e-06  1.6019913e-08            
-2.4731191e-06  1.6115001e-08            
-2.4681184e-06  1.6203833e-08            
-2.4631177e-06  1.6284935e-08            
-2.458117e-06  1.6354039e-08            
-2.4531163e-06  1.6410216e-08            
-2.4481156e-06  1.6454233e-08            
-2.4431149e-06  1.6486589e-08            
-2.4381142e-06  1.6508501e-08            
-2.4331136e-06  1.6520966e-08            
-2.4281129e-06  1.652288e-08            
-2.4231122e-06  1.6516826e-08            
-2.4181115e-06  1.650625e-08            
-2.4131108e-06  1.6492021e-08            
-2.4081101e-06  1.6475709e-08            
-2.4031094e-06  1.6457544e-08            
-2.3981087e-06  1.6438948e-08            
-2.393108e-06  1.6423836e-08            
-2.3881073e-06  1.6415369e-08            
-2.3831066e-06  1.6412557e-08            
-2.3781059e-06  1.6413009e-08            
-2.3731052e-06  1.6415461e-08            
-2.3681046e-06  1.6417403e-08            
-2.3631039e-06  1.6416596e-08            
-2.3581032e-06  1.641435e-08            
-2.3531025e-06  1.6413575e-08            
-2.3481018e-06  1.64143e-08            
-2.3431011e-06  1.6410827e-08            
-2.3381004e-06  1.6402886e-08            
-2.3330997e-06  1.6393131e-08            
-2.328099e-06  1.6382769e-08            
-2.3230983e-06  1.637238e-08            
-2.3180976e-06  1.6361452e-08            
-2.3130969e-06  1.6347947e-08            
-2.3080962e-06  1.6332692e-08            
-2.3030956e-06  1.6318194e-08            
-2.2980949e-06  1.6305315e-08            
-2.2930942e-06  1.6295259e-08            
-2.2880935e-06  1.6287752e-08            
-2.2830928e-06  1.6284327e-08            
-2.2780921e-06  1.6288521e-08            
-2.2730914e-06  1.6299291e-08            
-2.2680907e-06  1.6314166e-08            
-2.26309e-06  1.6330764e-08            
-2.2580893e-06  1.6346152e-08            
-2.2530886e-06  1.6357696e-08            
-2.2480879e-06  1.6364696e-08            
-2.2430873e-06  1.6367681e-08            
-2.2380866e-06  1.6366044e-08            
-2.2330859e-06  1.6360233e-08            
-2.2280852e-06  1.6350712e-08            
-2.2230845e-06  1.6337877e-08            
-2.2180838e-06  1.6327013e-08            
-2.2130831e-06  1.6319927e-08            
-2.2080824e-06  1.6314686e-08            
-2.2030817e-06  1.6313189e-08            
-2.198081e-06  1.6316218e-08            
-2.1930803e-06  1.6323419e-08            
-2.1880796e-06  1.6333613e-08            
-2.1830789e-06  1.6344967e-08            
-2.1780783e-06  1.6356143e-08            
-2.1730776e-06  1.6365628e-08            
-2.1680769e-06  1.6371595e-08            
-2.1630762e-06  1.6373796e-08            
-2.1580755e-06  1.6374349e-08            
-2.1530748e-06  1.6375398e-08            
-2.1480741e-06  1.6374353e-08            
-2.1430734e-06  1.6368041e-08            
-2.1380727e-06  1.6357017e-08            
-2.133072e-06  1.6344931e-08            
-2.1280713e-06  1.6334606e-08            
-2.1230706e-06  1.6326384e-08            
-2.1180699e-06  1.6319621e-08            
-2.1130693e-06  1.6314299e-08            
-2.1080686e-06  1.6312765e-08            
-2.1030679e-06  1.6316922e-08            
-2.0980672e-06  1.6326074e-08            
-2.0930665e-06  1.634122e-08            
-2.0880658e-06  1.6361999e-08            
-2.0830651e-06  1.6385518e-08            
-2.0780644e-06  1.6412064e-08            
-2.0730637e-06  1.6439578e-08            
-2.068063e-06  1.6463357e-08            
-2.0630623e-06  1.6479135e-08            
-2.0580616e-06  1.648903e-08            
-2.053061e-06  1.6492442e-08            
-2.0480603e-06  1.6488695e-08            
-2.0430596e-06  1.6479363e-08            
-2.0380589e-06  1.646551e-08            
-2.0330582e-06  1.6449314e-08            
-2.0280575e-06  1.6430883e-08            
-2.0230568e-06  1.6411166e-08            
-2.0180561e-06  1.6392921e-08            
-2.0130554e-06  1.6375777e-08            
-2.0080547e-06  1.6357949e-08            
-2.003054e-06  1.6340807e-08            
-1.9980533e-06  1.6328098e-08            
-1.9930526e-06  1.6321995e-08            
-1.988052e-06  1.6321263e-08            
-1.9830513e-06  1.6325387e-08            
-1.9780506e-06  1.6332196e-08            
-1.9730499e-06  1.6336614e-08            
-1.9680492e-06  1.6341219e-08            
-1.9630485e-06  1.634831e-08            
-1.9580478e-06  1.6356046e-08            
-1.9530471e-06  1.6361829e-08            
-1.9480464e-06  1.6363018e-08            
-1.9430457e-06  1.6360272e-08            
-1.938045e-06  1.6355371e-08            
-1.9330443e-06  1.6348689e-08            
-1.9280436e-06  1.6337472e-08            
-1.923043e-06  1.6319611e-08            
-1.9180423e-06  1.6298956e-08            
-1.9130416e-06  1.6279699e-08            
-1.9080409e-06  1.6264498e-08            
-1.9030402e-06  1.6256435e-08            
-1.8980395e-06  1.6254938e-08            
-1.8930388e-06  1.6255455e-08            
-1.8880381e-06  1.6257648e-08            
-1.8830374e-06  1.6263401e-08            
-1.8780367e-06  1.6273194e-08            
-1.873036e-06  1.6284747e-08            
-1.8680353e-06  1.6294987e-08            
-1.8630347e-06  1.6306065e-08            
-1.858034e-06  1.6322693e-08            
-1.8530333e-06  1.6345415e-08            
-1.8480326e-06  1.6371804e-08            
-1.8430319e-06  1.639874e-08            
-1.8380312e-06  1.6423809e-08            
-1.8330305e-06  1.6444619e-08            
-1.8280298e-06  1.6462316e-08            
-1.8230291e-06  1.6475632e-08            
-1.8180284e-06  1.6481823e-08            
-1.8130277e-06  1.648051e-08            
-1.808027e-06  1.6473277e-08            
-1.8030263e-06  1.6462078e-08            
-1.7980257e-06  1.645261e-08            
-1.793025e-06  1.6446709e-08            
-1.7880243e-06  1.6442855e-08            
-1.7830236e-06  1.6442586e-08            
-1.7780229e-06  1.6449501e-08            
-1.7730222e-06  1.6461385e-08            
-1.7680215e-06  1.647425e-08            
-1.7630208e-06  1.6490223e-08            
-1.7580201e-06  1.6514403e-08            
-1.7530194e-06  1.6548508e-08            
-1.7480187e-06  1.6589039e-08            
-1.743018e-06  1.6630252e-08            
-1.7380173e-06  1.6665551e-08            
-1.7330167e-06  1.6688711e-08            
-1.728016e-06  1.6697298e-08            
-1.7230153e-06  1.6690793e-08            
-1.7180146e-06  1.6666697e-08            
-1.7130139e-06  1.6621874e-08            
-1.7080132e-06  1.6552314e-08            
-1.7030125e-06  1.6456942e-08            
-1.6980118e-06  1.6335808e-08            
-1.6930111e-06  1.6186327e-08            
-1.6880104e-06  1.5997085e-08            
-1.6830097e-06  1.5744715e-08            
-1.678009e-06  1.5394222e-08            
-1.6730084e-06  1.4896532e-08            
-1.6680077e-06  1.4183299e-08            
-1.663007e-06  1.3182226e-08            
-1.6580063e-06  1.1858997e-08            
-1.6530056e-06  1.0261401e-08            
-1.6480049e-06  8.5464998e-09            
-1.6430042e-06  6.9239051e-09            
-1.6380035e-06  5.5574223e-09            
-1.6330028e-06  4.5050149e-09            
-1.6280021e-06  3.7374565e-09            
-1.6230014e-06  3.1938103e-09            
-1.6180007e-06  2.810751e-09            
-1.613e-06  2.5394115e-09            
-1.6079994e-06  2.3446434e-09            
-1.6029987e-06  2.2013119e-09            
-1.597998e-06  2.0923806e-09            
-1.5929973e-06  2.0063066e-09            
-1.5879966e-06  1.9355151e-09            
-1.5829959e-06  1.8756806e-09            
-1.5779952e-06  1.8210638e-09            
-1.5729945e-06  1.7654709e-09            
-1.5679938e-06  1.7098141e-09            
-1.5629931e-06  1.6585292e-09            
-1.5579924e-06  1.6129139e-09            
-1.5529917e-06  1.5723295e-09            
-1.547991e-06  1.5344525e-09            
-1.5429904e-06  1.4966407e-09            
-1.5379897e-06  1.4584026e-09            
-1.532989e-06  1.4218006e-09            
-1.5279883e-06  1.3899514e-09            
-1.5229876e-06  1.3655129e-09            
-1.5179869e-06  1.3490225e-09            
-1.5129862e-06  1.3413681e-09            
-1.5079855e-06  1.3404899e-09            
-1.5029848e-06  1.3433072e-09            
-1.4979841e-06  1.345925e-09            
-1.4929834e-06  1.3476485e-09            
-1.4879827e-06  1.3482966e-09            
-1.4829821e-06  1.3462965e-09            
-1.4779814e-06  1.3424246e-09            
-1.4729807e-06  1.3383623e-09            
-1.46798e-06  1.3333762e-09            
-1.4629793e-06  1.326245e-09            
-1.4579786e-06  1.3176653e-09            
-1.4529779e-06  1.3099826e-09            
-1.4479772e-06  1.3059948e-09            
-1.4429765e-06  1.3078049e-09            
-1.4379758e-06  1.312302e-09            
-1.4329751e-06  1.3168743e-09            
-1.4279744e-06  1.3221762e-09            
-1.4229737e-06  1.3301701e-09            
-1.4179731e-06  1.3402976e-09            
-1.4129724e-06  1.3490033e-09            
-1.4079717e-06  1.3552673e-09            
-1.402971e-06  1.3590841e-09            
-1.3979703e-06  1.3616439e-09            
-1.3929696e-06  1.3633259e-09            
-1.3879689e-06  1.3641202e-09            
-1.3829682e-06  1.3633126e-09            
-1.3779675e-06  1.3603247e-09            
-1.3729668e-06  1.3555697e-09            
-1.3679661e-06  1.349885e-09            
-1.3629654e-06  1.3438631e-09            
-1.3579647e-06  1.3395313e-09            
-1.3529641e-06  1.3396125e-09            
-1.3479634e-06  1.3460798e-09            
-1.3429627e-06  1.3578023e-09            
-1.337962e-06  1.370428e-09            
-1.3329613e-06  1.3831679e-09            
-1.3279606e-06  1.3969158e-09            
-1.3229599e-06  1.4107864e-09            
-1.3179592e-06  1.4237557e-09            
-1.3129585e-06  1.4348217e-09            
-1.3079578e-06  1.4417952e-09            
-1.3029571e-06  1.4414266e-09            
-1.2979564e-06  1.4376321e-09            
-1.2929558e-06  1.4344447e-09            
-1.2879551e-06  1.4327405e-09            
-1.2829544e-06  1.4324044e-09            
-1.2779537e-06  1.4323179e-09            
-1.272953e-06  1.4333674e-09            
-1.2679523e-06  1.435904e-09            
-1.2629516e-06  1.4388227e-09            
-1.2579509e-06  1.4418405e-09            
-1.2529502e-06  1.4466806e-09            
-1.2479495e-06  1.4538063e-09            
-1.2429488e-06  1.4652499e-09            
-1.2379481e-06  1.4817908e-09            
-1.2329474e-06  1.5003319e-09            
-1.2279468e-06  1.5167864e-09            
-1.2229461e-06  1.5276125e-09            
-1.2179454e-06  1.5318256e-09            
-1.2129447e-06  1.5306713e-09            
-1.207944e-06  1.5277163e-09            
-1.2029433e-06  1.5247058e-09            
-1.1979426e-06  1.5190486e-09            
-1.1929419e-06  1.5092987e-09            
-1.1879412e-06  1.4978393e-09            
-1.1829405e-06  1.4837425e-09            
-1.1779398e-06  1.465744e-09            
-1.1729391e-06  1.4464565e-09            
-1.1679384e-06  1.4290843e-09            
-1.1629378e-06  1.414549e-09            
-1.1579371e-06  1.4053068e-09            
-1.1529364e-06  1.4037214e-09            
-1.1479357e-06  1.4068802e-09            
-1.142935e-06  1.411766e-09            
-1.1379343e-06  1.4178316e-09            
-1.1329336e-06  1.4251041e-09            
-1.1279329e-06  1.4334573e-09            
-1.1229322e-06  1.4412723e-09            
-1.1179315e-06  1.445575e-09            
-1.1129308e-06  1.4473665e-09            
-1.1079301e-06  1.4487796e-09            
-1.1029295e-06  1.4489146e-09            
-1.0979288e-06  1.447608e-09            
-1.0929281e-06  1.4460374e-09            
-1.0879274e-06  1.443351e-09            
-1.0829267e-06  1.4412781e-09            
-1.077926e-06  1.4412597e-09            
-1.0729253e-06  1.4403913e-09            
-1.0679246e-06  1.435865e-09            
-1.0629239e-06  1.4298394e-09            
-1.0579232e-06  1.4265589e-09            
-1.0529225e-06  1.4261018e-09            
-1.0479218e-06  1.4271398e-09            
-1.0429211e-06  1.4276037e-09            
-1.0379205e-06  1.4256581e-09            
-1.0329198e-06  1.4226084e-09            
-1.0279191e-06  1.4196281e-09            
-1.0229184e-06  1.4191098e-09            
-1.0179177e-06  1.4212965e-09            
-1.012917e-06  1.4239364e-09            
-1.0079163e-06  1.4272514e-09            
-1.0029156e-06  1.4325063e-09            
-9.9791492e-07  1.4389079e-09            
-9.9291422e-07  1.4454658e-09            
-9.8791353e-07  1.4507306e-09            
-9.8291284e-07  1.4542436e-09            
-9.7791215e-07  1.4561168e-09            
-9.7291146e-07  1.4582499e-09            
-9.6791076e-07  1.4621646e-09            
-9.6291007e-07  1.4659179e-09            
-9.5790938e-07  1.4702763e-09            
-9.5290869e-07  1.4750636e-09            
-9.47908e-07  1.4790911e-09            
-9.429073e-07  1.4826163e-09            
-9.3790661e-07  1.4849584e-09            
-9.3290592e-07  1.4873593e-09            
-9.2790523e-07  1.489889e-09            
-9.2290454e-07  1.4939048e-09            
-9.1790384e-07  1.5008388e-09            
-9.1290315e-07  1.5111151e-09            
-9.0790246e-07  1.5222073e-09            
-9.0290177e-07  1.5311903e-09            
-8.9790107e-07  1.5378835e-09            
-8.9290038e-07  1.5418763e-09            
-8.8789969e-07  1.5445303e-09            
-8.82899e-07  1.5447646e-09            
-8.7789831e-07  1.5412713e-09            
-8.7289761e-07  1.5358623e-09            
-8.6789692e-07  1.5271417e-09            
-8.6289623e-07  1.5159917e-09            
-8.5789554e-07  1.5026449e-09            
-8.5289485e-07  1.4877479e-09            
-8.4789415e-07  1.4744692e-09            
-8.4289346e-07  1.4644398e-09            
-8.3789277e-07  1.4587099e-09            
-8.3289208e-07  1.4563574e-09            
-8.2789139e-07  1.4555024e-09            
-8.2289069e-07  1.4542953e-09            
-8.1789e-07  1.4533611e-09            
-8.1288931e-07  1.4531505e-09            
-8.0788862e-07  1.4553047e-09            
-8.0288792e-07  1.4606333e-09            
-7.9788723e-07  1.4677647e-09            
-7.9288654e-07  1.4760096e-09            
-7.8788585e-07  1.4837407e-09            
-7.8288516e-07  1.4895421e-09            
-7.7788446e-07  1.491844e-09            
-7.7288377e-07  1.490619e-09            
-7.6788308e-07  1.4884493e-09            
-7.6288239e-07  1.4862136e-09            
-7.578817e-07  1.4838444e-09            
-7.52881e-07  1.4830773e-09            
-7.4788031e-07  1.4827377e-09            
-7.4287962e-07  1.4787281e-09            
-7.3787893e-07  1.473812e-09            
-7.3287824e-07  1.4730771e-09            
-7.2787754e-07  1.4746331e-09            
-7.2287685e-07  1.4780967e-09            
-7.1787616e-07  1.4836064e-09            
-7.1287547e-07  1.4916419e-09            
-7.0787477e-07  1.5032215e-09            
-7.0287408e-07  1.5154563e-09            
-6.9787339e-07  1.5239632e-09            
-6.928727e-07  1.5293147e-09            
-6.8787201e-07  1.5337849e-09            
-6.8287131e-07  1.5388135e-09            
-6.7787062e-07  1.5440136e-09            
-6.7286993e-07  1.5484374e-09            
-6.6786924e-07  1.5535774e-09            
-6.6286855e-07  1.5582123e-09            
-6.5786785e-07  1.5637021e-09            
-6.5286716e-07  1.5729106e-09            
-6.4786647e-07  1.5833698e-09            
-6.4286578e-07  1.5925686e-09            
-6.3786509e-07  1.5999542e-09            
-6.3286439e-07  1.6033766e-09            
-6.278637e-07  1.6021323e-09            
-6.2286301e-07  1.5981014e-09            
-6.1786232e-07  1.5916908e-09            
-6.1286162e-07  1.5813659e-09            
-6.0786093e-07  1.5682438e-09            
-6.0286024e-07  1.5542247e-09            
-5.9785955e-07  1.5399903e-09            
-5.9285886e-07  1.5257129e-09            
-5.8785816e-07  1.5120007e-09            
-5.8285747e-07  1.4996352e-09            
-5.7785678e-07  1.4918467e-09            
-5.7285609e-07  1.4897742e-09            
-5.678554e-07  1.4940472e-09            
-5.628547e-07  1.5030274e-09            
-5.5785401e-07  1.5116767e-09            
-5.5285332e-07  1.5178107e-09            
-5.4785263e-07  1.5248227e-09            
-5.4285194e-07  1.5336696e-09            
-5.3785124e-07  1.5397699e-09            
-5.3285055e-07  1.5441946e-09            
-5.2784986e-07  1.5495261e-09            
-5.2284917e-07  1.5546549e-09            
-5.1784847e-07  1.5571387e-09            
-5.1284778e-07  1.5565199e-09            
-5.0784709e-07  1.5521592e-09            
-5.028464e-07  1.5453959e-09            
-4.9784571e-07  1.5383497e-09            
-4.9284501e-07  1.5283233e-09            
-4.8784432e-07  1.5162579e-09            
-4.8284363e-07  1.5051616e-09            
-4.7784294e-07  1.4978571e-09            
-4.7284225e-07  1.4940635e-09            
-4.6784155e-07  1.4929917e-09            
-4.6284086e-07  1.4941857e-09            
-4.5784017e-07  1.497323e-09            
-4.5283948e-07  1.503312e-09            
-4.4783879e-07  1.5116431e-09            
-4.4283809e-07  1.519668e-09            
-4.378374e-07  1.5264426e-09            
-4.3283671e-07  1.5337098e-09            
-4.2783602e-07  1.5411261e-09            
-4.2283532e-07  1.547705e-09            
-4.1783463e-07  1.5536304e-09            
-4.1283394e-07  1.5585948e-09            
-4.0783325e-07  1.5627051e-09            
-4.0283256e-07  1.5660663e-09            
-3.9783186e-07  1.5675294e-09            
-3.9283117e-07  1.5686486e-09            
-3.8783048e-07  1.5714475e-09            
-3.8282979e-07  1.5762137e-09            
-3.778291e-07  1.5816933e-09            
-3.728284e-07  1.5876314e-09            
-3.6782771e-07  1.5935212e-09            
-3.6282702e-07  1.598709e-09            
-3.5782633e-07  1.6014795e-09            
-3.5282564e-07  1.6045697e-09            
-3.4782494e-07  1.6130666e-09            
-3.4282425e-07  1.6265416e-09            
-3.3782356e-07  1.6397681e-09            
-3.3282287e-07  1.6498751e-09            
-3.2782217e-07  1.6588864e-09            
-3.2282148e-07  1.6660099e-09            
-3.1782079e-07  1.6700745e-09            
-3.128201e-07  1.6717477e-09            
-3.0781941e-07  1.6708642e-09            
-3.0281871e-07  1.6701194e-09            
-2.9781802e-07  1.6692905e-09            
-2.9281733e-07  1.6691514e-09            
-2.8781664e-07  1.6710144e-09            
-2.8281595e-07  1.6718063e-09            
-2.7781525e-07  1.6707188e-09            
-2.7281456e-07  1.6685176e-09            
-2.6781387e-07  1.6618369e-09            
-2.6281318e-07  1.6514347e-09            
-2.5781249e-07  1.6378695e-09            
-2.5281179e-07  1.6238838e-09            
-2.478111e-07  1.614398e-09            
-2.4281041e-07  1.6117651e-09            
-2.3780972e-07  1.6173227e-09            
-2.3280902e-07  1.6310864e-09            
-2.2780833e-07  1.6483988e-09            
-2.2280764e-07  1.6674048e-09            
-2.1780695e-07  1.6884757e-09            
-2.1280626e-07  1.709747e-09            
-2.0780556e-07  1.7299253e-09            
-2.0280487e-07  1.7501069e-09            
-1.9780418e-07  1.7721478e-09            
-1.9280349e-07  1.7968774e-09            
-1.878028e-07  1.8225619e-09            
-1.828021e-07  1.8484955e-09            
-1.7780141e-07  1.8731401e-09            
-1.7280072e-07  1.8979232e-09            
-1.6780003e-07  1.9244466e-09            
-1.6279934e-07  1.9522441e-09            
-1.5779864e-07  1.9811418e-09            
-1.5279795e-07  2.0107743e-09            
-1.4779726e-07  2.043528e-09            
-1.4279657e-07  2.0847521e-09            
-1.3779587e-07  2.1435403e-09            
-1.3279518e-07  2.2324364e-09            
-1.2779449e-07  2.3673289e-09            
-1.227938e-07  2.5889177e-09            
-1.1779311e-07  2.9762362e-09            
-1.1279241e-07  3.6607896e-09            
-1.0779172e-07  4.7317803e-09            
-1.0279103e-07  6.0957205e-09            
-9.7790338e-08  7.5538285e-09            
-9.2789646e-08  8.9601808e-09            
-8.7788954e-08  1.0220394e-08            
-8.2788262e-08  1.1292006e-08            
-7.7787569e-08  1.2183049e-08            
-7.2786877e-08  1.2917719e-08            
-6.7786185e-08  1.3517873e-08            
-6.2785493e-08  1.4000006e-08            
-5.7784801e-08  1.4381344e-08            
-5.2784109e-08  1.4679284e-08            
-4.7783417e-08  1.4908086e-08            
-4.2782725e-08  1.5084709e-08            
-3.7782033e-08  1.5221124e-08            
-3.278134e-08  1.5327623e-08            
-2.7780648e-08  1.5416819e-08            
-2.2779956e-08  1.549157e-08            
-1.7779264e-08  1.5556054e-08            
-1.2778572e-08  1.5623016e-08            
-7.77788e-09  1.5695684e-08            
-2.7771879e-09  1.5769289e-08            
2.2235042e-09  1.5844705e-08            
7.2241964e-09  1.5926858e-08            
1.2224888e-08  1.6015617e-08            
1.7225581e-08  1.6109417e-08            
2.2226273e-08  1.620528e-08            
2.7226965e-08  1.6298939e-08            
3.2227657e-08  1.6391001e-08            
3.7228349e-08  1.647759e-08            
4.2229041e-08  1.6551242e-08            
4.7229733e-08  1.6611358e-08            
5.2230425e-08  1.6659583e-08            
5.7231117e-08  1.6693987e-08            
6.223181e-08  1.6715499e-08            
6.7232502e-08  1.6725836e-08            
7.2233194e-08  1.6725055e-08            
7.7233886e-08  1.6714024e-08            
8.2234578e-08  1.6697434e-08            
8.723527e-08  1.6673747e-08            
9.2235962e-08  1.6641196e-08            
9.7236654e-08  1.6604944e-08            
1.0223735e-07  1.6570514e-08            
1.0723804e-07  1.653951e-08            
1.1223873e-07  1.6517129e-08            
1.1723942e-07  1.6503003e-08            
1.2224011e-07  1.6491779e-08            
1.2724081e-07  1.6485125e-08            
1.322415e-07  1.6483605e-08            
1.3724219e-07  1.6481696e-08            
1.4224288e-07  1.6476888e-08            
1.4724358e-07  1.6469364e-08            
1.5224427e-07  1.6459854e-08            
1.5724496e-07  1.6453119e-08            
1.6224565e-07  1.6452854e-08            
1.6724634e-07  1.6458674e-08            
1.7224704e-07  1.6468158e-08            
1.7724773e-07  1.6479373e-08            
1.8224842e-07  1.6487877e-08            
1.8724911e-07  1.6493195e-08            
1.922498e-07  1.6497302e-08            
1.972505e-07  1.6498774e-08            
2.0225119e-07  1.649878e-08            
2.0725188e-07  1.6501363e-08            
2.1225257e-07  1.6507014e-08            
2.1725326e-07  1.6513115e-08            
2.2225396e-07  1.6519987e-08            
2.2725465e-07  1.6528201e-08            
2.3225534e-07  1.6535782e-08            
2.3725603e-07  1.6541214e-08            
2.4225673e-07  1.6543604e-08            
2.4725742e-07  1.6541944e-08            
2.5225811e-07  1.653793e-08            
2.572588e-07  1.6532841e-08            
2.6225949e-07  1.6524607e-08            
2.6726019e-07  1.6514509e-08            
2.7226088e-07  1.6504886e-08            
2.7726157e-07  1.6494172e-08            
2.8226226e-07  1.6482778e-08            
2.8726295e-07  1.6472833e-08            
2.9226365e-07  1.6463621e-08            
2.9726434e-07  1.6455749e-08            
3.0226503e-07  1.645291e-08            
3.0726572e-07  1.6454813e-08            
3.1226641e-07  1.6459717e-08            
3.1726711e-07  1.6467918e-08            
3.222678e-07  1.6477126e-08            
3.2726849e-07  1.6485322e-08            
3.3226918e-07  1.6491852e-08            
3.3726988e-07  1.6493914e-08            
3.4227057e-07  1.6491658e-08            
3.4727126e-07  1.6489833e-08            
3.5227195e-07  1.6490809e-08            
3.5727264e-07  1.6494418e-08            
3.6227334e-07  1.6499396e-08            
3.6727403e-07  1.6503267e-08            
3.7227472e-07  1.6503745e-08            
3.7727541e-07  1.6502106e-08            
3.822761e-07  1.6494929e-08            
3.872768e-07  1.6481531e-08            
3.9227749e-07  1.6467009e-08            
3.9727818e-07  1.6454332e-08            
4.0227887e-07  1.644278e-08            
4.0727956e-07  1.6433454e-08            
4.1228026e-07  1.6427653e-08            
4.1728095e-07  1.6424407e-08            
4.2228164e-07  1.6423096e-08            
4.2728233e-07  1.6422782e-08            
4.3228303e-07  1.642139e-08            
4.3728372e-07  1.6418482e-08            
4.4228441e-07  1.6416583e-08            
4.472851e-07  1.6414532e-08            
4.5228579e-07  1.6412189e-08            
4.5728649e-07  1.6412299e-08            
4.6228718e-07  1.6416579e-08            
4.6728787e-07  1.642329e-08            
4.7228856e-07  1.6430638e-08            
4.7728925e-07  1.6435979e-08            
4.8228995e-07  1.6436302e-08            
4.8729064e-07  1.6430951e-08            
4.9229133e-07  1.6421034e-08            
4.9729202e-07  1.6408948e-08            
5.0229271e-07  1.6396005e-08            
5.0729341e-07  1.6382973e-08            
5.122941e-07  1.6369866e-08            
5.1729479e-07  1.6355334e-08            
5.2229548e-07  1.6340215e-08            
5.2729618e-07  1.6325967e-08            
5.3229687e-07  1.6316345e-08            
5.3729756e-07  1.6316056e-08            
5.4229825e-07  1.6323193e-08            
5.4729894e-07  1.6331782e-08            
5.5229964e-07  1.6338847e-08            
5.5730033e-07  1.6344625e-08            
5.6230102e-07  1.6352335e-08            
5.6730171e-07  1.6364723e-08            
5.723024e-07  1.6376524e-08            
5.773031e-07  1.6384846e-08            
5.8230379e-07  1.6392393e-08            
5.8730448e-07  1.6399054e-08            
5.9230517e-07  1.6403766e-08            
5.9730586e-07  1.6407976e-08            
6.0230656e-07  1.6408433e-08            
6.0730725e-07  1.6403952e-08            
6.1230794e-07  1.6396324e-08            
6.1730863e-07  1.6385817e-08            
6.2230933e-07  1.6373862e-08            
6.2731002e-07  1.6365791e-08            
6.3231071e-07  1.6360492e-08            
6.373114e-07  1.6355447e-08            
6.4231209e-07  1.6356482e-08            
6.4731279e-07  1.6366161e-08            
6.5231348e-07  1.637926e-08            
6.5731417e-07  1.6396756e-08            
6.6231486e-07  1.6419912e-08            
6.6731555e-07  1.6442056e-08            
6.7231625e-07  1.6459193e-08            
6.7731694e-07  1.6472139e-08            
6.8231763e-07  1.6479062e-08            
6.8731832e-07  1.6479095e-08            
6.9231901e-07  1.6476364e-08            
6.9731971e-07  1.6471717e-08            
7.023204e-07  1.6465155e-08            
7.0732109e-07  1.6461675e-08            
7.1232178e-07  1.6462322e-08            
7.1732248e-07  1.6467668e-08            
7.2232317e-07  1.6481116e-08            
7.2732386e-07  1.650232e-08            
7.3232455e-07  1.6528979e-08            
7.3732524e-07  1.6560651e-08            
7.4232594e-07  1.6598816e-08            
7.4732663e-07  1.664218e-08            
7.5232732e-07  1.6685427e-08            
7.5732801e-07  1.6722713e-08            
7.623287e-07  1.6751662e-08            
7.673294e-07  1.6770893e-08            
7.7233009e-07  1.6776324e-08            
7.7733078e-07  1.6763724e-08            
7.8233147e-07  1.6730474e-08            
7.8733216e-07  1.6676669e-08            
7.9233286e-07  1.6600213e-08            
7.9733355e-07  1.6497407e-08            
8.0233424e-07  1.6365351e-08            
8.0733493e-07  1.6195993e-08            
8.1233563e-07  1.5968565e-08            
8.1733632e-07  1.5642967e-08            
8.2233701e-07  1.5161234e-08            
8.273377e-07  1.4444197e-08            
8.3233839e-07  1.3413427e-08            
8.3733909e-07  1.2040338e-08            
8.4233978e-07  1.040433e-08            
8.4734047e-07  8.6968235e-09            
8.5234116e-07  7.1292031e-09            
8.5734185e-07  5.8251918e-09            
8.6234255e-07  4.8220301e-09            
8.6734324e-07  4.085579e-09            
8.7234393e-07  3.5497198e-09            
8.7734462e-07  3.162745e-09            
8.8234531e-07  2.8876571e-09            
8.8734601e-07  2.6891582e-09            
8.923467e-07  2.5387245e-09            
8.9734739e-07  2.4199807e-09            
9.0234808e-07  2.3216527e-09            
9.0734878e-07  2.2384544e-09            
9.1234947e-07  2.1668524e-09            
9.1735016e-07  2.1008916e-09            
9.2235085e-07  2.0367958e-09            
9.2735154e-07  1.9754653e-09            
9.3235224e-07  1.9169786e-09            
9.3735293e-07  1.8617255e-09            
9.4235362e-07  1.813018e-09            
9.4735431e-07  1.7693734e-09            
9.52355e-07  1.7279846e-09            
9.573557e-07  1.6910522e-09            
9.6235639e-07  1.6589346e-09            
9.6735708e-07  1.630567e-09            
9.7235777e-07  1.6056944e-09            
9.7735846e-07  1.5822646e-09            
9.8235916e-07  1.5582048e-09            
9.8735985e-07  1.535952e-09            
9.9236054e-07  1.5179091e-09            
9.9736123e-07  1.5020979e-09            
1.0023619e-06  1.4881363e-09            
1.0073626e-06  1.4773677e-09            
1.0123633e-06  1.4693789e-09            
1.017364e-06  1.4664621e-09            
1.0223647e-06  1.4680615e-09            
1.0273654e-06  1.4702017e-09            
1.0323661e-06  1.4725407e-09            
1.0373668e-06  1.4756218e-09            
1.0423675e-06  1.4774621e-09            
1.0473682e-06  1.4751419e-09            
1.0523688e-06  1.4703168e-09            
1.0573695e-06  1.4644727e-09            
1.0623702e-06  1.4596915e-09            
1.0673709e-06  1.4581085e-09            
1.0723716e-06  1.4568918e-09            
1.0773723e-06  1.4546648e-09            
1.082373e-06  1.4533617e-09            
1.0873737e-06  1.4533467e-09            
1.0923744e-06  1.4565317e-09            
1.0973751e-06  1.4638732e-09            
1.1023758e-06  1.4735063e-09            
1.1073765e-06  1.4853857e-09            
1.1123772e-06  1.4984875e-09            
1.1173778e-06  1.5082938e-09            
1.1223785e-06  1.5129981e-09            
1.1273792e-06  1.5150534e-09            
1.1323799e-06  1.5137162e-09            
1.1373806e-06  1.5081258e-09            
1.1423813e-06  1.5033739e-09            
1.147382e-06  1.5025612e-09            
1.1523827e-06  1.5034493e-09            
1.1573834e-06  1.5023309e-09            
1.1623841e-06  1.4967628e-09            
1.1673848e-06  1.4853132e-09            
1.1723855e-06  1.468948e-09            
1.1773861e-06  1.4515268e-09            
1.1823868e-06  1.4320773e-09            
1.1873875e-06  1.411149e-09            
1.1923882e-06  1.3949813e-09            
1.1973889e-06  1.3832796e-09            
1.2023896e-06  1.3733169e-09            
1.2073903e-06  1.3687747e-09            
1.212391e-06  1.3692333e-09            
1.2173917e-06  1.3730879e-09            
1.2223924e-06  1.3832972e-09            
1.2273931e-06  1.3997734e-09            
1.2323938e-06  1.4193721e-09            
1.2373945e-06  1.4410498e-09            
1.2423951e-06  1.4621009e-09            
1.2473958e-06  1.4798975e-09            
1.2523965e-06  1.4966691e-09            
1.2573972e-06  1.5141615e-09            
1.2623979e-06  1.5285328e-09            
1.2673986e-06  1.5376935e-09            
1.2723993e-06  1.545725e-09            
1.2774e-06  1.5537256e-09            
1.2824007e-06  1.5611123e-09            
1.2874014e-06  1.5665977e-09            
1.2924021e-06  1.5675896e-09            
1.2974028e-06  1.5617826e-09            
1.3024035e-06  1.5546882e-09            
1.3074041e-06  1.5514736e-09            
1.3124048e-06  1.5500268e-09            
1.3174055e-06  1.5498197e-09            
1.3224062e-06  1.5488131e-09            
1.3274069e-06  1.5464666e-09            
1.3324076e-06  1.5470757e-09            
1.3374083e-06  1.5514589e-09            
1.342409e-06  1.5559597e-09            
1.3474097e-06  1.5583612e-09            
1.3524104e-06  1.5591792e-09            
1.3574111e-06  1.5591909e-09            
1.3624118e-06  1.5596885e-09            
1.3674124e-06  1.559534e-09            
1.3724131e-06  1.5552686e-09            
1.3774138e-06  1.5474162e-09            
1.3824145e-06  1.5402159e-09            
1.3874152e-06  1.5362874e-09            
1.3924159e-06  1.53732e-09            
1.3974166e-06  1.5403684e-09            
1.4024173e-06  1.5422188e-09            
1.407418e-06  1.5410454e-09            
1.4124187e-06  1.5375379e-09            
1.4174194e-06  1.5332097e-09            
1.4224201e-06  1.5314419e-09            
1.4274208e-06  1.5325719e-09            
1.4324214e-06  1.5334664e-09            
1.4374221e-06  1.5348733e-09            
1.4424228e-06  1.5369843e-09            
1.4474235e-06  1.5402957e-09            
1.4524242e-06  1.5446475e-09            
1.4574249e-06  1.5474237e-09            
1.4624256e-06  1.5483329e-09            
1.4674263e-06  1.5481568e-09            
1.472427e-06  1.5494373e-09            
1.4774277e-06  1.5503803e-09            
1.4824284e-06  1.5480762e-09            
1.4874291e-06  1.5444932e-09            
1.4924298e-06  1.5397768e-09            
1.4974304e-06  1.5329099e-09            
1.5024311e-06  1.5244146e-09            
1.5074318e-06  1.5145485e-09            
1.5124325e-06  1.5041335e-09            
1.5174332e-06  1.4948193e-09            
1.5224339e-06  1.4851307e-09            
1.5274346e-06  1.4734852e-09            
1.5324353e-06  1.4608416e-09            
1.537436e-06  1.4485228e-09            
1.5424367e-06  1.4371551e-09            
1.5474374e-06  1.4285308e-09            
1.5524381e-06  1.4225476e-09            
1.5574387e-06  1.4170118e-09            
1.5624394e-06  1.4114514e-09            
1.5674401e-06  1.407954e-09            
1.5724408e-06  1.4049828e-09            
1.5774415e-06  1.4028822e-09            
1.5824422e-06  1.4042768e-09            
1.5874429e-06  1.4069975e-09            
1.5924436e-06  1.4092663e-09            
1.5974443e-06  1.410293e-09            
1.602445e-06  1.4119142e-09            
1.6074457e-06  1.4186227e-09            
1.6124464e-06  1.4288008e-09            
1.6174471e-06  1.4380701e-09            
1.6224477e-06  1.4465998e-09            
1.6274484e-06  1.4572391e-09            
1.6324491e-06  1.4677042e-09            
1.6374498e-06  1.4772643e-09            
1.6424505e-06  1.4858421e-09            
1.6474512e-06  1.4923721e-09            
1.6524519e-06  1.4966119e-09            
1.6574526e-06  1.4978081e-09            
1.6624533e-06  1.4947053e-09            
1.667454e-06  1.4879179e-09            
1.6724547e-06  1.4790983e-09            
1.6774554e-06  1.4692861e-09            
1.6824561e-06  1.4586492e-09            
1.6874567e-06  1.4513134e-09            
1.6924574e-06  1.4484099e-09            
1.6974581e-06  1.446304e-09            
1.7024588e-06  1.4454749e-09            
1.7074595e-06  1.4469628e-09            
1.7124602e-06  1.4496447e-09            
1.7174609e-06  1.4528695e-09            
1.7224616e-06  1.4564872e-09            
1.7274623e-06  1.4622673e-09            
1.732463e-06  1.471263e-09            
1.7374637e-06  1.479973e-09            
1.7424644e-06  1.4869518e-09            
1.747465e-06  1.4937828e-09            
1.7524657e-06  1.5016183e-09            
1.7574664e-06  1.5094925e-09            
1.7624671e-06  1.5179567e-09            
1.7674678e-06  1.5265226e-09            
1.7724685e-06  1.5318858e-09            
1.7774692e-06  1.5337758e-09            
1.7824699e-06  1.5346077e-09            
1.7874706e-06  1.5349957e-09            
1.7924713e-06  1.5345073e-09            
1.797472e-06  1.5322269e-09            
1.8024727e-06  1.5280361e-09            
1.8074734e-06  1.5219255e-09            
1.812474e-06  1.5175641e-09            
1.8174747e-06  1.5184362e-09            
1.8224754e-06  1.5221546e-09            
1.8274761e-06  1.5257554e-09            
1.8324768e-06  1.5279473e-09            
1.8374775e-06  1.5297279e-09            
1.8424782e-06  1.5314514e-09            
1.8474789e-06  1.5346163e-09            
1.8524796e-06  1.5404012e-09            
1.8574803e-06  1.550586e-09            
1.862481e-06  1.5675918e-09            
1.8674817e-06  1.5872008e-09            
1.8724824e-06  1.6075998e-09            
1.877483e-06  1.627444e-09            
1.8824837e-06  1.6441984e-09            
1.8874844e-06  1.6567019e-09            
1.8924851e-06  1.665481e-09            
1.8974858e-06  1.6706272e-09            
1.9024865e-06  1.6706752e-09            
1.9074872e-06  1.6665713e-09            
1.9124879e-06  1.6599269e-09            
1.9174886e-06  1.651761e-09            
1.9224893e-06  1.6420806e-09            
1.92749e-06  1.6320377e-09            
1.9324907e-06  1.6229838e-09            
1.9374913e-06  1.6131327e-09            
1.942492e-06  1.6026557e-09            
1.9474927e-06  1.5919239e-09            
1.9524934e-06  1.582836e-09            
1.9574941e-06  1.5770935e-09            
1.9624948e-06  1.5755266e-09            
1.9674955e-06  1.5768837e-09            
1.9724962e-06  1.5791653e-09            
1.9774969e-06  1.5792277e-09            
1.9824976e-06  1.577914e-09            
1.9874983e-06  1.575292e-09            
1.992499e-06  1.5719971e-09            
1.9974997e-06  1.5702541e-09            
2.0025003e-06  1.5718119e-09            
2.007501e-06  1.5763668e-09            
2.0125017e-06  1.5823465e-09            
2.0175024e-06  1.5894032e-09            
2.0225031e-06  1.5978225e-09            
2.0275038e-06  1.6080598e-09            
2.0325045e-06  1.6208976e-09            
2.0375052e-06  1.6364438e-09            
2.0425059e-06  1.6520503e-09            
2.0475066e-06  1.6663409e-09            
2.0525073e-06  1.6778416e-09            
2.057508e-06  1.6880106e-09            
2.0625087e-06  1.7016902e-09            
2.0675093e-06  1.7159391e-09            
2.07251e-06  1.7275678e-09            
2.0775107e-06  1.7389563e-09            
2.0825114e-06  1.7487374e-09            
2.0875121e-06  1.7525368e-09            
2.0925128e-06  1.7500103e-09            
2.0975135e-06  1.7451522e-09            
2.1025142e-06  1.7405164e-09            
2.1075149e-06  1.7378782e-09            
2.1125156e-06  1.7369206e-09            
2.1175163e-06  1.7365749e-09            
2.122517e-06  1.7359702e-09            
2.1275176e-06  1.7367067e-09            
2.1325183e-06  1.7384222e-09            
2.137519e-06  1.740495e-09            
2.1425197e-06  1.7399327e-09            
2.1475204e-06  1.7364e-09            
2.1525211e-06  1.7338767e-09            
2.1575218e-06  1.7338271e-09            
2.1625225e-06  1.7352501e-09            
2.1675232e-06  1.7366933e-09            
2.1725239e-06  1.7370264e-09            
2.1775246e-06  1.7396316e-09            
2.1825253e-06  1.748071e-09            
2.187526e-06  1.7624375e-09            
2.1925266e-06  1.779354e-09            
2.1975273e-06  1.795086e-09            
2.202528e-06  1.8064951e-09            
2.2075287e-06  1.8117539e-09            
2.2125294e-06  1.8126348e-09            
2.2175301e-06  1.8116108e-09            
2.2225308e-06  1.8096312e-09            
2.2275315e-06  1.8063834e-09            
2.2325322e-06  1.8034571e-09            
2.2375329e-06  1.8010784e-09            
2.2425336e-06  1.7972025e-09            
2.2475343e-06  1.7916191e-09            
2.252535e-06  1.7857617e-09            
2.2575356e-06  1.7808723e-09            
2.2625363e-06  1.7801352e-09            
2.267537e-06  1.7856065e-09            
2.2725377e-06  1.7955326e-09            
2.2775384e-06  1.80955e-09            
2.2825391e-06  1.827997e-09            
2.2875398e-06  1.8465173e-09            
2.2925405e-06  1.8637349e-09            
2.2975412e-06  1.8832176e-09            
2.3025419e-06  1.9043666e-09            
2.3075426e-06  1.9258327e-09            
2.3125433e-06  1.948368e-09            
2.3175439e-06  1.9716711e-09            
2.3225446e-06  1.9974476e-09            
2.3275453e-06  2.0275514e-09            
2.332546e-06  2.0590527e-09            
2.3375467e-06  2.0883753e-09            
2.3425474e-06  2.11535e-09            
2.3475481e-06  2.1412881e-09            
2.3525488e-06  2.167815e-09            
2.3575495e-06  2.1989013e-09            
2.3625502e-06  2.2387242e-09            
2.3675509e-06  2.2962742e-09            
2.3725516e-06  2.3833404e-09            
2.3775523e-06  2.5228233e-09            
2.3825529e-06  2.7807427e-09            
2.3875536e-06  3.3047292e-09            
2.3925543e-06  4.26617e-09            
2.397555e-06  5.6539962e-09            
2.4025557e-06  7.2200784e-09            
2.4075564e-06  8.7353669e-09            
2.4125571e-06  1.0091053e-08            
2.4175578e-06  1.1248099e-08            
2.4225585e-06  1.220337e-08            
2.4275592e-06  1.2978456e-08            
2.4325599e-06  1.3602512e-08            
2.4375606e-06  1.409675e-08            
2.4425613e-06  1.4483113e-08            
2.4475619e-06  1.478567e-08            
2.4525626e-06  1.5021681e-08            
2.4575633e-06  1.5204447e-08            
2.462564e-06  1.5347539e-08            
2.4675647e-06  1.5459148e-08            
2.4725654e-06  1.5547675e-08            
2.4775661e-06  1.5626932e-08            
2.4825668e-06  1.5701068e-08            
2.4875675e-06  1.5776303e-08            
2.4925682e-06  1.5857109e-08            
2.4975689e-06  1.5939743e-08            
2.5025696e-06  1.602351e-08            
2.5075702e-06  1.6111664e-08            
2.5125709e-06  1.6201453e-08            
2.5175716e-06  1.6291763e-08            
2.5225723e-06  1.6384884e-08            
2.527573e-06  1.6479335e-08            
2.5325737e-06  1.6570228e-08            
2.5375744e-06  1.6654495e-08            
2.5425751e-06  1.6727703e-08            
2.5475758e-06  1.6787478e-08            
2.5525765e-06  1.6837932e-08            
2.5575772e-06  1.6882575e-08            
2.5625779e-06  1.6918496e-08            
2.5675786e-06  1.6943995e-08            
2.5725792e-06  1.695834e-08            
2.5775799e-06  1.6959945e-08            
2.5825806e-06  1.6951469e-08            
2.5875813e-06  1.6936403e-08            
2.592582e-06  1.6918505e-08            
2.5975827e-06  1.690052e-08            
2.6025834e-06  1.6883659e-08            
2.6075841e-06  1.6867717e-08            
2.6125848e-06  1.6855161e-08            
2.6175855e-06  1.6848995e-08            
2.6225862e-06  1.6847115e-08            
2.6275869e-06  1.6844785e-08            
2.6325876e-06  1.684222e-08            
2.6375882e-06  1.6839769e-08            
2.6425889e-06  1.6836414e-08            
2.6475896e-06  1.6831905e-08            
2.6525903e-06  1.6825203e-08            
2.657591e-06  1.6815388e-08            
2.6625917e-06  1.680478e-08            
2.6675924e-06  1.6794516e-08            
2.6725931e-06  1.6782835e-08            
2.6775938e-06  1.6770129e-08            
2.6825945e-06  1.6757386e-08            
2.6875952e-06  1.674558e-08            
2.6925959e-06  1.6736356e-08            
2.6975965e-06  1.6732833e-08            
2.7025972e-06  1.673122e-08            
2.7075979e-06  1.6731713e-08            
2.7125986e-06  1.6735938e-08            
2.7175993e-06  1.6740812e-08            
2.7226e-06  1.6743735e-08            
2.7276007e-06  1.6747454e-08            
2.7326014e-06  1.6749405e-08            
2.7376021e-06  1.6748366e-08            
2.7426028e-06  1.674901e-08            
2.7476035e-06  1.6752364e-08            
2.7526042e-06  1.6754786e-08            
2.7576049e-06  1.6754703e-08            
2.7626055e-06  1.6750096e-08            
2.7676062e-06  1.6740962e-08            
2.7726069e-06  1.6731204e-08            
2.7776076e-06  1.6724292e-08            
2.7826083e-06  1.6719635e-08            
2.787609e-06  1.6717809e-08            
2.7926097e-06  1.6719684e-08            
2.7976104e-06  1.6725664e-08            
2.8026111e-06  1.6734875e-08            
2.8076118e-06  1.6746274e-08            
2.8126125e-06  1.6755322e-08            
2.8176132e-06  1.6762449e-08            
2.8226139e-06  1.6768795e-08            
2.8276145e-06  1.6773566e-08            
2.8326152e-06  1.6776602e-08            
2.8376159e-06  1.6776162e-08            
2.8426166e-06  1.6771677e-08            
2.8476173e-06  1.6765649e-08            
2.852618e-06  1.6759254e-08            
2.8576187e-06  1.6752429e-08            
2.8626194e-06  1.6745418e-08            
2.8676201e-06  1.6739613e-08            
2.8726208e-06  1.6736393e-08            
2.8776215e-06  1.673409e-08            
2.8826222e-06  1.6732753e-08            
2.8876228e-06  1.6731262e-08            
2.8926235e-06  1.6729463e-08            
2.8976242e-06  1.672747e-08            
2.9026249e-06  1.6726093e-08            
2.9076256e-06  1.672353e-08            
2.9126263e-06  1.672183e-08            
2.917627e-06  1.6719791e-08            
2.9226277e-06  1.6715559e-08            
2.9276284e-06  1.6709346e-08            
2.9326291e-06  1.6701828e-08            
2.9376298e-06  1.6694275e-08            
2.9426305e-06  1.6688343e-08            
2.9476312e-06  1.6682658e-08            
2.9526318e-06  1.6676162e-08            
2.9576325e-06  1.6674696e-08            
2.9626332e-06  1.6677712e-08            
2.9676339e-06  1.6680067e-08            
2.9726346e-06  1.668112e-08            
2.9776353e-06  1.6682581e-08            
2.982636e-06  1.6685889e-08            
2.9876367e-06  1.6691622e-08            
2.9926374e-06  1.6697455e-08            
2.9976381e-06  1.6700118e-08            
3.0026388e-06  1.6698723e-08            
3.0076395e-06  1.6695372e-08            
3.0126402e-06  1.6690576e-08            
3.0176408e-06  1.6683857e-08            
3.0226415e-06  1.6674958e-08            
3.0276422e-06  1.6663941e-08            
3.0326429e-06  1.665543e-08            
3.0376436e-06  1.6650094e-08            
3.0426443e-06  1.6645344e-08            
3.047645e-06  1.6641524e-08            
3.0526457e-06  1.6639209e-08            
3.0576464e-06  1.6637371e-08            
3.0626471e-06  1.6637096e-08            
3.0676478e-06  1.6641899e-08            
3.0726485e-06  1.6649879e-08            
3.0776491e-06  1.6658414e-08            
3.0826498e-06  1.6667093e-08            
3.0876505e-06  1.6674213e-08            
3.0926512e-06  1.6680419e-08            
3.0976519e-06  1.6685974e-08            
3.1026526e-06  1.66865e-08            
3.1076533e-06  1.668126e-08            
3.112654e-06  1.6673918e-08            
3.1176547e-06  1.666596e-08            
3.1226554e-06  1.6657693e-08            
3.1276561e-06  1.6650608e-08            
3.1326568e-06  1.6646101e-08            
3.1376575e-06  1.6645955e-08            
3.1426581e-06  1.665175e-08            
3.1476588e-06  1.6665476e-08            
3.1526595e-06  1.668738e-08            
3.1576602e-06  1.6717178e-08            
3.1626609e-06  1.6753047e-08            
3.1676616e-06  1.6789441e-08            
3.1726623e-06  1.6822817e-08            
3.177663e-06  1.6851896e-08            
3.1826637e-06  1.6873733e-08            
3.1876644e-06  1.6886938e-08            
3.1926651e-06  1.6893699e-08            
3.1976658e-06  1.6897357e-08            
3.2026665e-06  1.6898961e-08            
3.2076671e-06  1.6899624e-08            
3.2126678e-06  1.6899938e-08            
3.2176685e-06  1.6903093e-08            
3.2226692e-06  1.6913676e-08            
3.2276699e-06  1.692973e-08            
3.2326706e-06  1.6950724e-08            
3.2376713e-06  1.6983473e-08            
3.242672e-06  1.70293e-08            
3.2476727e-06  1.7081857e-08            
3.2526734e-06  1.7136252e-08            
3.2576741e-06  1.7188367e-08            
3.2626748e-06  1.722869e-08            
3.2676754e-06  1.7254165e-08            
3.2726761e-06  1.7264156e-08            
3.2776768e-06  1.7252644e-08            
3.2826775e-06  1.7217124e-08            
3.2876782e-06  1.7156291e-08            
3.2926789e-06  1.7066682e-08            
3.2976796e-06  1.6948035e-08            
3.3026803e-06  1.6797379e-08            
3.307681e-06  1.6600596e-08            
3.3126817e-06  1.6329531e-08            
3.3176824e-06  1.5940501e-08            
3.3226831e-06  1.5373793e-08            
3.3276838e-06  1.4561298e-08            
3.3326844e-06  1.345164e-08            
3.3376851e-06  1.2030174e-08            
3.3426858e-06  1.0375043e-08            
3.3476865e-06  8.6755352e-09            
3.3526872e-06  7.1305807e-09            
3.3576879e-06  5.8583865e-09            
3.3626886e-06  4.8816711e-09            
3.3676893e-06  4.1561129e-09            
3.37269e-06  3.629374e-09            
3.3776907e-06  3.2544938e-09            
3.3826914e-06  2.9890786e-09            
3.3876921e-06  2.796396e-09            
3.3926928e-06  2.6532247e-09            
3.3976934e-06  2.5447167e-09            
3.4026941e-06  2.4574766e-09            
3.4076948e-06  2.3873638e-09            
3.4126955e-06  2.3322598e-09            
3.4176962e-06  2.2826424e-09            
3.4226969e-06  2.2338209e-09            
3.4276976e-06  2.1904188e-09            
3.4326983e-06  2.1530018e-09            
3.437699e-06  2.1186403e-09            
3.4426997e-06  2.0886803e-09            
3.4477004e-06  2.0592227e-09            
3.4527011e-06  2.026802e-09            
3.4577017e-06  1.9947498e-09            
3.4627024e-06  1.9666164e-09            
3.4677031e-06  1.9412536e-09            
3.4727038e-06  1.9163015e-09            
3.4777045e-06  1.892608e-09            
3.4827052e-06  1.8704213e-09            
3.4877059e-06  1.8507865e-09            
3.4927066e-06  1.8341273e-09            
3.4977073e-06  1.8171961e-09            
3.502708e-06  1.7989483e-09            
3.5077087e-06  1.7818163e-09            
3.5127094e-06  1.7655425e-09            
3.5177101e-06  1.7528122e-09            
3.5227107e-06  1.7466449e-09            
3.5277114e-06  1.742202e-09            
3.5327121e-06  1.7366286e-09            
3.5377128e-06  1.733383e-09            
3.5427135e-06  1.7326298e-09            
3.5477142e-06  1.7319881e-09            
3.5527149e-06  1.7336346e-09            
3.5577156e-06  1.7386398e-09            
3.5627163e-06  1.7431871e-09            
3.567717e-06  1.7493748e-09            
3.5727177e-06  1.759156e-09            
3.5777184e-06  1.7684955e-09            
3.5827191e-06  1.7763761e-09            
3.5877197e-06  1.7850236e-09            
3.5927204e-06  1.7951016e-09            
3.5977211e-06  1.8074295e-09            
3.6027218e-06  1.8199889e-09            
3.6077225e-06  1.8282944e-09            
3.6127232e-06  1.8333357e-09            
3.6177239e-06  1.8387568e-09            
3.6227246e-06  1.8440615e-09            
3.6277253e-06  1.8471623e-09            
3.632726e-06  1.8447945e-09            
3.6377267e-06  1.8360641e-09            
3.6427274e-06  1.8249347e-09            
3.647728e-06  1.8168227e-09            
3.6527287e-06  1.8116971e-09            
3.6577294e-06  1.8069716e-09            
3.6627301e-06  1.8033003e-09            
3.6677308e-06  1.7988295e-09            
3.6727315e-06  1.7908562e-09            
3.6777322e-06  1.7810835e-09            
3.6827329e-06  1.773775e-09            
3.6877336e-06  1.7668307e-09            
3.6927343e-06  1.7583603e-09            
3.697735e-06  1.7501505e-09            
3.7027357e-06  1.7421773e-09            
3.7077364e-06  1.7345976e-09            
3.712737e-06  1.7277713e-09            
3.7177377e-06  1.7193612e-09            
3.7227384e-06  1.7094414e-09            
3.7277391e-06  1.6993729e-09            
3.7327398e-06  1.6922892e-09            
3.7377405e-06  1.6857488e-09            
3.7427412e-06  1.6764765e-09            
3.7477419e-06  1.6665665e-09            
3.7527426e-06  1.6561841e-09            
3.7577433e-06  1.6451479e-09            
3.762744e-06  1.6355462e-09            
3.7677447e-06  1.6301208e-09            
3.7727454e-06  1.6278571e-09            
3.777746e-06  1.6252449e-09            
3.7827467e-06  1.6219609e-09            
3.7877474e-06  1.6189532e-09            
3.7927481e-06  1.616073e-09            
3.7977488e-06  1.6127327e-09            
3.8027495e-06  1.609731e-09            
3.8077502e-06  1.610394e-09            
3.8127509e-06  1.6170456e-09            
3.8177516e-06  1.6269855e-09            
3.8227523e-06  1.636638e-09            
3.827753e-06  1.6447668e-09            
3.8327537e-06  1.650877e-09            
3.8377543e-06  1.6537274e-09            
3.842755e-06  1.6525012e-09            
3.8477557e-06  1.6478048e-09            
3.8527564e-06  1.640771e-09            
3.8577571e-06  1.6318254e-09            
3.8627578e-06  1.6230888e-09            
3.8677585e-06  1.6129237e-09            
3.8727592e-06  1.6020162e-09            
3.8777599e-06  1.5933194e-09            
3.8827606e-06  1.5879347e-09            
3.8877613e-06  1.5863399e-09            
3.892762e-06  1.5912261e-09            
3.8977627e-06  1.6030072e-09            
3.9027633e-06  1.6197929e-09            
3.907764e-06  1.6413424e-09            
3.9127647e-06  1.6663678e-09            
3.9177654e-06  1.6909151e-09            
3.9227661e-06  1.7142734e-09            
3.9277668e-06  1.7366426e-09            
3.9327675e-06  1.7554728e-09            
3.9377682e-06  1.7713903e-09            
3.9427689e-06  1.7870664e-09            
3.9477696e-06  1.8016427e-09            
3.9527703e-06  1.8138897e-09            
3.957771e-06  1.8231239e-09            
3.9627717e-06  1.8274587e-09            
3.9677723e-06  1.8278119e-09            
3.972773e-06  1.8272588e-09            
3.9777737e-06  1.8244156e-09            
3.9827744e-06  1.8183621e-09            
3.9877751e-06  1.8126324e-09            
3.9927758e-06  1.8092927e-09            
3.9977765e-06  1.8098934e-09            
4.0027772e-06  1.8175058e-09            
4.0077779e-06  1.8300878e-09            
4.0127786e-06  1.8408114e-09            
4.0177793e-06  1.849808e-09            
4.02278e-06  1.8587552e-09            
4.0277806e-06  1.8650866e-09            
4.0327813e-06  1.8687249e-09            
4.037782e-06  1.8689992e-09            
4.0427827e-06  1.8662794e-09            
4.0477834e-06  1.8644714e-09            
4.0527841e-06  1.8644793e-09            
4.0577848e-06  1.8618614e-09            
4.0627855e-06  1.8544528e-09            
4.0677862e-06  1.8472684e-09            
4.0727869e-06  1.8451565e-09            
4.0777876e-06  1.8485909e-09            
4.0827883e-06  1.8537072e-09            
4.087789e-06  1.8568751e-09            
4.0927896e-06  1.8559848e-09            
4.0977903e-06  1.8519967e-09            
4.102791e-06  1.8465859e-09            
4.1077917e-06  1.8416143e-09            
4.1127924e-06  1.8402744e-09            
4.1177931e-06  1.840914e-09            
4.1227938e-06  1.8398571e-09            
4.1277945e-06  1.8405055e-09            
4.1327952e-06  1.8426574e-09            
4.1377959e-06  1.8434944e-09            
4.1427966e-06  1.8415461e-09            
4.1477973e-06  1.8378002e-09            
4.152798e-06  1.8348777e-09            
4.1577986e-06  1.8347463e-09            
4.1627993e-06  1.8377566e-09            
4.1678e-06  1.8414459e-09            
4.1728007e-06  1.8454867e-09            
4.1778014e-06  1.8507167e-09            
4.1828021e-06  1.8554158e-09            
4.1878028e-06  1.856366e-09            
4.1928035e-06  1.8558117e-09            
4.1978042e-06  1.8553971e-09            
4.2028049e-06  1.8564308e-09            
4.2078056e-06  1.8599694e-09            
4.2128063e-06  1.8632757e-09            
4.2178069e-06  1.8640295e-09            
4.2228076e-06  1.8611811e-09            
4.2278083e-06  1.8559913e-09            
4.232809e-06  1.8510515e-09            
4.2378097e-06  1.8501246e-09            
4.2428104e-06  1.8513039e-09            
4.2478111e-06  1.8551815e-09            
4.2528118e-06  1.8620286e-09            
4.2578125e-06  1.8695607e-09            
4.2628132e-06  1.8769388e-09            
4.2678139e-06  1.8848347e-09            
4.2728146e-06  1.8935645e-09            
4.2778153e-06  1.901949e-09            
4.2828159e-06  1.9114246e-09            
4.2878166e-06  1.9215379e-09            
4.2928173e-06  1.9300354e-09            
4.297818e-06  1.9371213e-09            
4.3028187e-06  1.9408471e-09            
4.3078194e-06  1.9401236e-09            
4.3128201e-06  1.938001e-09            
4.3178208e-06  1.9348499e-09            
4.3228215e-06  1.9304003e-09            
4.3278222e-06  1.9263884e-09            
4.3328229e-06  1.9252198e-09            
4.3378236e-06  1.9289233e-09            
4.3428243e-06  1.9361243e-09            
4.3478249e-06  1.9449616e-09            
4.3528256e-06  1.9524179e-09            
4.3578263e-06  1.9577526e-09            
4.362827e-06  1.9642985e-09            
4.3678277e-06  1.9733867e-09            
4.3728284e-06  1.9824555e-09            
4.3778291e-06  1.9888783e-09            
4.3828298e-06  1.9925295e-09            
4.3878305e-06  1.9932304e-09            
4.3928312e-06  1.989771e-09            
4.3978319e-06  1.9832601e-09            
4.4028326e-06  1.9765887e-09            
4.4078332e-06  1.9718226e-09            
4.4128339e-06  1.9667975e-09            
4.4178346e-06  1.961516e-09            
4.4228353e-06  1.9568104e-09            
4.427836e-06  1.9545368e-09            
4.4328367e-06  1.9544878e-09            
4.4378374e-06  1.955601e-09            
4.4428381e-06  1.9581428e-09            
4.4478388e-06  1.9610612e-09            
4.4528395e-06  1.9622368e-09            
4.4578402e-06  1.9640272e-09            
4.4628409e-06  1.9692094e-09            
4.4678416e-06  1.9776597e-09            
4.4728422e-06  1.986417e-09            
4.4778429e-06  1.9948452e-09            
4.4828436e-06  2.0023716e-09            
4.4878443e-06  2.0090581e-09            
4.492845e-06  2.0162382e-09            
4.4978457e-06  2.0217878e-09            
4.5028464e-06  2.0247016e-09            
4.5078471e-06  2.0281248e-09            
4.5128478e-06  2.0327213e-09            
4.5178485e-06  2.0357526e-09            
4.5228492e-06  2.0355611e-09            
4.5278499e-06  2.030509e-09            
4.5328506e-06  2.0221492e-09            
4.5378512e-06  2.0127493e-09            
4.5428519e-06  2.0017957e-09            
4.5478526e-06  1.9917108e-09            
4.5528533e-06  1.9859829e-09            
4.557854e-06  1.9833964e-09            
4.5628547e-06  1.9836706e-09            
4.5678554e-06  1.9865761e-09            
4.5728561e-06  1.9885672e-09            
4.5778568e-06  1.9891923e-09            
4.5828575e-06  1.992619e-09            
4.5878582e-06  2.0003099e-09            
4.5928589e-06  2.0089311e-09            
4.5978595e-06  2.0141889e-09            
4.6028602e-06  2.0170464e-09            
4.6078609e-06  2.0154927e-09            
4.6128616e-06  2.011125e-09            
4.6178623e-06  2.0059449e-09            
4.622863e-06  1.9980235e-09            
4.6278637e-06  1.9883983e-09            
4.6328644e-06  1.9780015e-09            
4.6378651e-06  1.9667436e-09            
4.6428658e-06  1.9560644e-09            
4.6478665e-06  1.946687e-09            
4.6528672e-06  1.9395213e-09            
4.6578679e-06  1.9334165e-09            
4.6628685e-06  1.9301958e-09            
4.6678692e-06  1.9309245e-09            
4.6728699e-06  1.9338966e-09            
4.6778706e-06  1.9367968e-09            
4.6828713e-06  1.9398801e-09            
4.687872e-06  1.9437336e-09            
4.6928727e-06  1.9465833e-09            
4.6978734e-06  1.9477587e-09            
4.7028741e-06  1.9483537e-09            
4.7078748e-06  1.9505955e-09            
4.7128755e-06  1.956326e-09            
4.7178762e-06  1.9652539e-09            
4.7228769e-06  1.974766e-09            
4.7278775e-06  1.9846568e-09            
4.7328782e-06  1.9945688e-09            
4.7378789e-06  2.0051627e-09            
4.7428796e-06  2.0173764e-09            
4.7478803e-06  2.0298185e-09            
4.752881e-06  2.0449498e-09            
4.7578817e-06  2.0609379e-09            
4.7628824e-06  2.0728522e-09            
4.7678831e-06  2.0831006e-09            
4.7728838e-06  2.0940251e-09            
4.7778845e-06  2.1037272e-09            
4.7828852e-06  2.1120302e-09            
4.7878858e-06  2.1209422e-09            
4.7928865e-06  2.1305311e-09            
4.7978872e-06  2.1402754e-09            
4.8028879e-06  2.1508704e-09            
4.8078886e-06  2.1650848e-09            
4.8128893e-06  2.1812593e-09            
4.81789e-06  2.2029069e-09            
4.8228907e-06  2.2332671e-09            
4.8278914e-06  2.2670971e-09            
4.8328921e-06  2.3002711e-09            
4.8378928e-06  2.3315025e-09            
4.8428935e-06  2.3634186e-09            
4.8478942e-06  2.397171e-09            
4.8528948e-06  2.4304489e-09            
4.8578955e-06  2.4621781e-09            
4.8628962e-06  2.4984992e-09            
4.8678969e-06  2.548316e-09            
4.8728976e-06  2.6181171e-09            
4.8778983e-06  2.7254023e-09            
4.882899e-06  2.9274275e-09            
4.8878997e-06  3.3334542e-09            
4.8929004e-06  4.056898e-09            
4.8979011e-06  5.1359072e-09            
4.9029018e-06  6.5003594e-09            
4.9079025e-06  7.9921743e-09            
4.9129032e-06  9.4420927e-09            
4.9179038e-06  1.073535e-08            
4.9229045e-06  1.183118e-08            
4.9279052e-06  1.2737564e-08            
4.9329059e-06  1.3477957e-08            
4.9379066e-06  1.4073223e-08            
4.9429073e-06  1.4543843e-08            
4.947908e-06  1.4912956e-08            
4.9529087e-06  1.5199104e-08            
4.9579094e-06  1.541516e-08            
4.9629101e-06  1.5577395e-08            
4.9679108e-06  1.5703374e-08            
4.9729115e-06  1.580346e-08            
4.9779121e-06  1.5886809e-08            
4.9829128e-06  1.5961362e-08            
4.9879135e-06  1.6030472e-08            
4.9929142e-06  1.6099564e-08            
4.9979149e-06  1.6175933e-08            
5.0029156e-06  1.6259429e-08            
5.0079163e-06  1.6347664e-08            
5.012917e-06  1.6442027e-08            
5.0179177e-06  1.6541335e-08            
5.0229184e-06  1.6639713e-08            
5.0279191e-06  1.673519e-08            
5.0329198e-06  1.6826748e-08            
5.0379205e-06  1.6909524e-08            
5.0429211e-06  1.6982237e-08            
5.0479218e-06  1.7044526e-08            
5.0529225e-06  1.7094159e-08            
5.0579232e-06  1.7130996e-08            
5.0629239e-06  1.7157188e-08            
5.0679246e-06  1.7174213e-08            
5.0729253e-06  1.7182029e-08            
5.077926e-06  1.7180709e-08            
5.0829267e-06  1.7171013e-08            
5.0879274e-06  1.7154488e-08            
5.0929281e-06  1.7133969e-08            
5.0979288e-06  1.7111522e-08            
5.1029295e-06  1.708788e-08            
5.1079301e-06  1.7065554e-08            
5.1129308e-06  1.7045062e-08            
5.1179315e-06  1.7028733e-08            
5.1229322e-06  1.7017458e-08            
5.1279329e-06  1.7008724e-08            
5.1329336e-06  1.7000915e-08            
5.1379343e-06  1.6995399e-08            
5.142935e-06  1.699096e-08            
5.1479357e-06  1.6985008e-08            
5.1529364e-06  1.6978139e-08            
5.1579371e-06  1.6970708e-08            
5.1629378e-06  1.6961415e-08            
5.1679384e-06  1.6952354e-08            
5.1729391e-06  1.6946949e-08            
5.1779398e-06  1.6943919e-08            
5.1829405e-06  1.6942115e-08            
5.1879412e-06  1.6942567e-08            
5.1929419e-06  1.6944251e-08            
5.1979426e-06  1.6945698e-08            
5.2029433e-06  1.694707e-08            
5.207944e-06  1.6946591e-08            
5.2129447e-06  1.6942248e-08            
5.2179454e-06  1.6937557e-08            
5.2229461e-06  1.6934941e-08            
5.2279468e-06  1.6934881e-08            
5.2329474e-06  1.6936907e-08            
5.2379481e-06  1.6940962e-08            
5.2429488e-06  1.6946293e-08            
5.2479495e-06  1.6951773e-08            
5.2529502e-06  1.6956133e-08            
5.2579509e-06  1.6956971e-08            
5.2629516e-06  1.6954463e-08            
5.2679523e-06  1.6949825e-08            
5.272953e-06  1.6944315e-08            
5.2779537e-06  1.6937741e-08            
5.2829544e-06  1.692813e-08            
5.2879551e-06  1.6915264e-08            
5.2929558e-06  1.6902282e-08            
5.2979564e-06  1.6891223e-08            
5.3029571e-06  1.688116e-08            
5.3079578e-06  1.687089e-08            
5.3129585e-06  1.685971e-08            
5.3179592e-06  1.6850928e-08            
5.3229599e-06  1.6844303e-08            
5.3279606e-06  1.6835965e-08            
5.3329613e-06  1.6825976e-08            
5.337962e-06  1.6818096e-08            
5.3429627e-06  1.6811174e-08            
5.3479634e-06  1.6803034e-08            
5.3529641e-06  1.6795029e-08            
5.3579647e-06  1.6790782e-08            
5.3629654e-06  1.6787609e-08            
5.3679661e-06  1.6784096e-08            
5.3729668e-06  1.6783438e-08            
5.3779675e-06  1.6789226e-08            
5.3829682e-06  1.6800187e-08            
5.3879689e-06  1.6813217e-08            
5.3929696e-06  1.6826861e-08            
5.3979703e-06  1.683895e-08            
5.402971e-06  1.6848457e-08            
5.4079717e-06  1.6856491e-08            
5.4129724e-06  1.6860873e-08            
5.4179731e-06  1.6859062e-08            
5.4229737e-06  1.6853215e-08            
5.4279744e-06  1.684942e-08            
5.4329751e-06  1.6847104e-08            
5.4379758e-06  1.6841696e-08            
5.4429765e-06  1.6835264e-08            
5.4479772e-06  1.68283e-08            
5.4529779e-06  1.6820152e-08            
5.4579786e-06  1.6815732e-08            
5.4629793e-06  1.6816175e-08            
5.46798e-06  1.6817666e-08            
5.4729807e-06  1.6821634e-08            
5.4779814e-06  1.6829523e-08            
5.4829821e-06  1.6838914e-08            
5.4879827e-06  1.6849256e-08            
5.4929834e-06  1.6858875e-08            
5.4979841e-06  1.6863977e-08            
5.5029848e-06  1.6864792e-08            
5.5079855e-06  1.6863712e-08            
5.5129862e-06  1.6861514e-08            
5.5179869e-06  1.6859281e-08            
5.5229876e-06  1.6855666e-08            
5.5279883e-06  1.6849347e-08            
5.532989e-06  1.6841984e-08            
5.5379897e-06  1.6835368e-08            
5.5429904e-06  1.6827966e-08            
5.547991e-06  1.6820848e-08            
5.5529917e-06  1.6816031e-08            
5.5579924e-06  1.6815152e-08            
5.5629931e-06  1.6816726e-08            
5.5679938e-06  1.6819979e-08            
5.5729945e-06  1.6826089e-08            
5.5779952e-06  1.6833431e-08            
5.5829959e-06  1.6838275e-08            
5.5879966e-06  1.683826e-08            
5.5929973e-06  1.6832772e-08            
5.597998e-06  1.6822444e-08            
5.6029987e-06  1.6809377e-08            
5.6079994e-06  1.6796161e-08            
5.613e-06  1.6785309e-08            
5.6180007e-06  1.6777066e-08            
5.6230014e-06  1.6768614e-08            
5.6280021e-06  1.6758453e-08            
5.6330028e-06  1.6747691e-08            
5.6380035e-06  1.6738882e-08            
5.6430042e-06  1.673469e-08            
5.6480049e-06  1.6739049e-08            
5.6530056e-06  1.6752037e-08            
5.6580063e-06  1.6770143e-08            
5.663007e-06  1.6791432e-08            
5.6680077e-06  1.6812113e-08            
5.6730084e-06  1.6826591e-08            
5.678009e-06  1.6833019e-08            
5.6830097e-06  1.6833659e-08            
5.6880104e-06  1.6832609e-08            
5.6930111e-06  1.6832718e-08            
5.6980118e-06  1.6835829e-08            
5.7030125e-06  1.6840812e-08            
5.7080132e-06  1.6846483e-08            
5.7130139e-06  1.6855333e-08            
5.7180146e-06  1.6869854e-08            
5.7230153e-06  1.6887154e-08            
5.728016e-06  1.6905015e-08            
5.7330167e-06  1.6922514e-08            
5.7380173e-06  1.6941092e-08            
5.743018e-06  1.6965736e-08            
5.7480187e-06  1.6997078e-08            
5.7530194e-06  1.7032087e-08            
5.7580201e-06  1.7066592e-08            
5.7630208e-06  1.709537e-08            
5.7680215e-06  1.7114582e-08            
5.7730222e-06  1.7121466e-08            
5.7780229e-06  1.7113542e-08            
5.7830236e-06  1.70868e-08            
5.7880243e-06  1.7038944e-08            
5.793025e-06  1.6969083e-08            
5.7980257e-06  1.6874783e-08            
5.8030263e-06  1.6753105e-08            
5.808027e-06  1.6596116e-08            
5.8130277e-06  1.6386392e-08            
5.8180284e-06  1.6089361e-08            
5.8230291e-06  1.5649745e-08            
5.8280298e-06  1.499563e-08            
5.8330305e-06  1.4044468e-08            
5.8380312e-06  1.2739496e-08            
5.8430319e-06  1.11147e-08            
5.8480326e-06  9.3471526e-09            
5.8530333e-06  7.6934566e-09            
5.858034e-06  6.3254653e-09            
5.8630347e-06  5.2743613e-09            
5.8680353e-06  4.4935252e-09            
5.873036e-06  3.9210283e-09            
5.8780367e-06  3.5026524e-09            
5.8830374e-06  3.1961806e-09            
5.8880381e-06  2.9679472e-09            
5.8930388e-06  2.793182e-09            
5.8980395e-06  2.6538143e-09            
5.9030402e-06  2.541911e-09            
5.9080409e-06  2.4525404e-09            
5.9130416e-06  2.3821572e-09            
5.9180423e-06  2.3271815e-09            
5.923043e-06  2.2811532e-09            
5.9280436e-06  2.2399227e-09            
5.9330443e-06  2.2039495e-09            
5.938045e-06  2.173653e-09            
5.9430457e-06  2.1464704e-09            
5.9480464e-06  2.1196039e-09            
5.9530471e-06  2.0941033e-09            
5.9580478e-06  2.0699667e-09            
5.9630485e-06  2.0477696e-09            
5.9680492e-06  2.028267e-09            
5.9730499e-06  2.0093696e-09            
5.9780506e-06  1.989652e-09            
5.9830513e-06  1.9687073e-09            
5.988052e-06  1.9490267e-09            
5.9930526e-06  1.9354419e-09            
5.9980533e-06  1.9277863e-09            
6.003054e-06  1.9231605e-09            
6.0080547e-06  1.9220379e-09            
6.0130554e-06  1.926265e-09            
6.0180561e-06  1.9316199e-09            
6.0230568e-06  1.9389279e-09            
6.0280575e-06  1.9497515e-09            
6.0330582e-06  1.9608805e-09            
6.0380589e-06  1.970448e-09            
6.0430596e-06  1.9812203e-09            
6.0480603e-06  1.993815e-09            
6.053061e-06  2.0046366e-09            
6.0580616e-06  2.011302e-09            
6.0630623e-06  2.0123366e-09            
6.068063e-06  2.0065838e-09            
6.0730637e-06  1.9965501e-09            
6.0780644e-06  1.9829497e-09            
6.0830651e-06  1.9628517e-09            
6.0880658e-06  1.9392193e-09            
6.0930665e-06  1.9169745e-09            
6.0980672e-06  1.8964612e-09            
6.1030679e-06  1.8776054e-09            
6.1080686e-06  1.8608883e-09            
6.1130693e-06  1.8503399e-09            
6.1180699e-06  1.8487628e-09            
6.1230706e-06  1.8515443e-09            
6.1280713e-06  1.8561067e-09            
6.133072e-06  1.8623085e-09            
6.1380727e-06  1.8702286e-09            
6.1430734e-06  1.8787621e-09            
6.1480741e-06  1.8905085e-09            
6.1530748e-06  1.9058909e-09            
6.1580755e-06  1.9227253e-09            
6.1630762e-06  1.9402452e-09            
6.1680769e-06  1.9595091e-09            
6.1730776e-06  1.9772057e-09            
6.1780783e-06  1.991444e-09            
6.1830789e-06  2.0008761e-09            
6.1880796e-06  2.0049831e-09            
6.1930803e-06  2.0037364e-09            
6.198081e-06  1.9977647e-09            
6.2030817e-06  1.9925673e-09            
6.2080824e-06  1.9908884e-09            
6.2130831e-06  1.9929368e-09            
6.2180838e-06  1.996281e-09            
6.2230845e-06  1.9993659e-09            
6.2280852e-06  2.00395e-09            
6.2330859e-06  2.0098535e-09            
6.2380866e-06  2.0154089e-09            
6.2430873e-06  2.0197485e-09            
6.2480879e-06  2.0236608e-09            
6.2530886e-06  2.0252728e-09            
6.2580893e-06  2.0245582e-09            
6.26309e-06  2.0230908e-09            
6.2680907e-06  2.0216875e-09            
6.2730914e-06  2.0211088e-09            
6.2780921e-06  2.0203583e-09            
6.2830928e-06  2.0155007e-09            
6.2880935e-06  2.0087633e-09            
6.2930942e-06  2.0011641e-09            
6.2980949e-06  1.9924816e-09            
6.3030956e-06  1.9825222e-09            
6.3080962e-06  1.9709177e-09            
6.3130969e-06  1.9589528e-09            
6.3180976e-06  1.9498636e-09            
6.3230983e-06  1.9425808e-09            
6.328099e-06  1.9330488e-09            
6.3330997e-06  1.9205749e-09            
6.3381004e-06  1.9074773e-09            
6.3431011e-06  1.8947786e-09            
6.3481018e-06  1.8823409e-09            
6.3531025e-06  1.8706776e-09            
6.3581032e-06  1.8602172e-09            
6.3631039e-06  1.8537756e-09            
6.3681046e-06  1.8527046e-09            
6.3731052e-06  1.8538078e-09            
6.3781059e-06  1.8538262e-09            
6.3831066e-06  1.8519866e-09            
6.3881073e-06  1.8482409e-09            
6.393108e-06  1.8436646e-09            
6.3981087e-06  1.8425692e-09            
6.4031094e-06  1.845082e-09            
6.4081101e-06  1.8473718e-09            
6.4131108e-06  1.8510127e-09            
6.4181115e-06  1.8570508e-09            
6.4231122e-06  1.8631258e-09            
6.4281129e-06  1.8689361e-09            
6.4331136e-06  1.874453e-09            
6.4381142e-06  1.8792313e-09            
6.4431149e-06  1.8848401e-09            
6.4481156e-06  1.89421e-09            
6.4531163e-06  1.9055682e-09            
6.458117e-06  1.9171789e-09            
6.4631177e-06  1.9260823e-09            
6.4681184e-06  1.9309621e-09            
6.4731191e-06  1.933231e-09            
6.4781198e-06  1.935196e-09            
6.4831205e-06  1.9363992e-09            
6.4881212e-06  1.936595e-09            
6.4931219e-06  1.9379764e-09            
6.4981225e-06  1.9417639e-09            
6.5031232e-06  1.9464791e-09            
6.5081239e-06  1.9513236e-09            
6.5131246e-06  1.9552399e-09            
6.5181253e-06  1.9552018e-09            
6.523126e-06  1.9518512e-09            
6.5281267e-06  1.9481932e-09            
6.5331274e-06  1.9440311e-09            
6.5381281e-06  1.9417637e-09            
6.5431288e-06  1.9418392e-09            
6.5481295e-06  1.9408986e-09            
6.5531302e-06  1.9397669e-09            
6.5581309e-06  1.9393247e-09            
6.5631315e-06  1.9360795e-09            
6.5681322e-06  1.9288026e-09            
6.5731329e-06  1.9229127e-09            
6.5781336e-06  1.9217174e-09            
6.5831343e-06  1.9243999e-09            
6.588135e-06  1.9315493e-09            
6.5931357e-06  1.9410505e-09            
6.5981364e-06  1.9518056e-09            
6.6031371e-06  1.9640417e-09            
6.6081378e-06  1.9784732e-09            
6.6131385e-06  1.9929929e-09            
6.6181392e-06  2.0075015e-09            
6.6231399e-06  2.0222285e-09            
6.6281405e-06  2.0338821e-09            
6.6331412e-06  2.0438786e-09            
6.6381419e-06  2.0524124e-09            
6.6431426e-06  2.0555494e-09            
6.6481433e-06  2.0523525e-09            
6.653144e-06  2.0432426e-09            
6.6581447e-06  2.029516e-09            
6.6631454e-06  2.0119221e-09            
6.6681461e-06  1.9914173e-09            
6.6731468e-06  1.9718388e-09            
6.6781475e-06  1.9565708e-09            
6.6831482e-06  1.9446274e-09            
6.6881488e-06  1.9347259e-09            
6.6931495e-06  1.9279771e-09            
6.6981502e-06  1.9274227e-09            
6.7031509e-06  1.9318024e-09            
6.7081516e-06  1.9406644e-09            
6.7131523e-06  1.9546207e-09            
6.718153e-06  1.9705982e-09            
6.7231537e-06  1.9856662e-09            
6.7281544e-06  2.0014143e-09            
6.7331551e-06  2.0168637e-09            
6.7381558e-06  2.0301904e-09            
6.7431565e-06  2.0423244e-09            
6.7481572e-06  2.0543327e-09            
6.7531578e-06  2.0642686e-09            
6.7581585e-06  2.0713198e-09            
6.7631592e-06  2.0790685e-09            
6.7681599e-06  2.0865256e-09            
6.7731606e-06  2.0928568e-09            
6.7781613e-06  2.0969838e-09            
6.783162e-06  2.0969067e-09            
6.7881627e-06  2.0939069e-09            
6.7931634e-06  2.0910221e-09            
6.7981641e-06  2.08993e-09            
6.8031648e-06  2.0921011e-09            
6.8081655e-06  2.097126e-09            
6.8131662e-06  2.1027029e-09            
6.8181668e-06  2.10872e-09            
6.8231675e-06  2.1145449e-09            
6.8281682e-06  2.119302e-09            
6.8331689e-06  2.1246588e-09            
6.8381696e-06  2.1312723e-09            
6.8431703e-06  2.1368878e-09            
6.848171e-06  2.1398847e-09            
6.8531717e-06  2.1412313e-09            
6.8581724e-06  2.1406947e-09            
6.8631731e-06  2.1402388e-09            
6.8681738e-06  2.1411554e-09            
6.8731745e-06  2.141642e-09            
6.8781751e-06  2.1407249e-09            
6.8831758e-06  2.1383118e-09            
6.8881765e-06  2.1347594e-09            
6.8931772e-06  2.1279722e-09            
6.8981779e-06  2.1179621e-09            
6.9031786e-06  2.1074295e-09            
6.9081793e-06  2.098158e-09            
6.91318e-06  2.0921962e-09            
6.9181807e-06  2.0889327e-09            
6.9231814e-06  2.0877032e-09            
6.9281821e-06  2.0896258e-09            
6.9331828e-06  2.0968414e-09            
6.9381835e-06  2.1074838e-09            
6.9431841e-06  2.1176025e-09            
6.9481848e-06  2.127176e-09            
6.9531855e-06  2.1360666e-09            
6.9581862e-06  2.1452428e-09            
6.9631869e-06  2.1538399e-09            
6.9681876e-06  2.1590382e-09            
6.9731883e-06  2.1600175e-09            
6.978189e-06  2.1577625e-09            
6.9831897e-06  2.1530661e-09            
6.9881904e-06  2.1472234e-09            
6.9931911e-06  2.141863e-09            
6.9981918e-06  2.138179e-09            
7.0031925e-06  2.1358915e-09            
7.0081931e-06  2.1355165e-09            
7.0131938e-06  2.1396955e-09            
7.0181945e-06  2.1489844e-09            
7.0231952e-06  2.1620075e-09            
7.0281959e-06  2.1762716e-09            
7.0331966e-06  2.1895224e-09            
7.0381973e-06  2.2019791e-09            
7.043198e-06  2.2129181e-09            
7.0481987e-06  2.221009e-09            
7.0531994e-06  2.2261694e-09            
7.0582001e-06  2.2297873e-09            
7.0632008e-06  2.231397e-09            
7.0682014e-06  2.2305033e-09            
7.0732021e-06  2.228559e-09            
7.0782028e-06  2.2245011e-09            
7.0832035e-06  2.2179947e-09            
7.0882042e-06  2.2121264e-09            
7.0932049e-06  2.2078284e-09            
7.0982056e-06  2.2047206e-09            
7.1032063e-06  2.2028664e-09            
7.108207e-06  2.2011299e-09            
7.1132077e-06  2.1978694e-09            
7.1182084e-06  2.1947287e-09            
7.1232091e-06  2.190704e-09            
7.1282098e-06  2.1845167e-09            
7.1332104e-06  2.1768925e-09            
7.1382111e-06  2.1693983e-09            
7.1432118e-06  2.162808e-09            
7.1482125e-06  2.1594131e-09            
7.1532132e-06  2.1576257e-09            
7.1582139e-06  2.1548227e-09            
7.1632146e-06  2.1501526e-09            
7.1682153e-06  2.1478045e-09            
7.173216e-06  2.148532e-09            
7.1782167e-06  2.150872e-09            
7.1832174e-06  2.1525856e-09            
7.1882181e-06  2.1544803e-09            
7.1932188e-06  2.1582694e-09            
7.1982194e-06  2.1638581e-09            
7.2032201e-06  2.1697844e-09            
7.2082208e-06  2.1768035e-09            
7.2132215e-06  2.1850341e-09            
7.2182222e-06  2.1931438e-09            
7.2232229e-06  2.2027347e-09            
7.2282236e-06  2.2136987e-09            
7.2332243e-06  2.2234477e-09            
7.238225e-06  2.2325389e-09            
7.2432257e-06  2.2418436e-09            
7.2482264e-06  2.2527363e-09            
7.2532271e-06  2.2638029e-09            
7.2582277e-06  2.2750725e-09            
7.2632284e-06  2.2865604e-09            
7.2682291e-06  2.2981297e-09            
7.2732298e-06  2.3084813e-09            
7.2782305e-06  2.3158242e-09            
7.2832312e-06  2.318796e-09            
7.2882319e-06  2.3195896e-09            
7.2932326e-06  2.3191461e-09            
7.2982333e-06  2.3184635e-09            
7.303234e-06  2.3207397e-09            
7.3082347e-06  2.3274233e-09            
7.3132354e-06  2.3367173e-09            
7.3182361e-06  2.3472533e-09            
7.3232367e-06  2.3604694e-09            
7.3282374e-06  2.3766891e-09            
7.3332381e-06  2.397396e-09            
7.3382388e-06  2.4223188e-09            
7.3432395e-06  2.446876e-09            
7.3482402e-06  2.4738708e-09            
7.3532409e-06  2.508501e-09            
7.3582416e-06  2.5525408e-09            
7.3632423e-06  2.6122285e-09            
7.368243e-06  2.6970808e-09            
7.3732437e-06  2.8215532e-09            
7.3782444e-06  3.0304076e-09            
7.3832451e-06  3.4020887e-09            
7.3882457e-06  4.0645255e-09            
7.3932464e-06  5.0930852e-09            
7.3982471e-06  6.4157098e-09            
7.4032478e-06  7.8671559e-09            
7.4082485e-06  9.3016108e-09            
7.4132492e-06  1.0609381e-08            
7.4182499e-06  1.1734738e-08            
7.4232506e-06  1.2672037e-08            
7.4282513e-06  1.3441079e-08            
7.433252e-06  1.4063307e-08            
7.4382527e-06  1.4562235e-08            
7.4432534e-06  1.4958985e-08            
7.448254e-06  1.5267367e-08            
7.4532547e-06  1.5502435e-08            
7.4582554e-06  1.5683852e-08            
7.4632561e-06  1.5822488e-08            
7.4682568e-06  1.5930259e-08            
7.4732575e-06  1.6022241e-08            
7.4782582e-06  1.6104814e-08            
7.4832589e-06  1.61791e-08            
7.4882596e-06  1.6251309e-08            
7.4932603e-06  1.6326943e-08            
7.498261e-06  1.6403901e-08            
7.5032617e-06  1.648277e-08            
7.5082624e-06  1.656657e-08            
7.513263e-06  1.6656973e-08            
7.5182637e-06  1.6755119e-08            
7.5232644e-06  1.6860161e-08            
7.5282651e-06  1.6967206e-08            
7.5332658e-06  1.7069814e-08            
7.5382665e-06  1.716302e-08            
7.5432672e-06  1.7239858e-08            
7.5482679e-06  1.7301109e-08            
7.5532686e-06  1.7349759e-08            
7.5582693e-06  1.7384041e-08            
7.56327e-06  1.7405114e-08            
7.5682707e-06  1.7416481e-08            
7.5732714e-06  1.7417915e-08            
7.578272e-06  1.7409088e-08            
7.5832727e-06  1.7391863e-08            
7.5882734e-06  1.7367152e-08            
7.5932741e-06  1.7336317e-08            
7.5982748e-06  1.7302641e-08            
7.6032755e-06  1.7269097e-08            
7.6082762e-06  1.7236994e-08            
7.6132769e-06  1.720943e-08            
7.6182776e-06  1.7187754e-08            
7.6232783e-06  1.7170923e-08            
7.628279e-06  1.7157768e-08            
7.6332797e-06  1.7150212e-08            
7.6382803e-06  1.7150232e-08            
7.643281e-06  1.7157404e-08            
7.6482817e-06  1.7165136e-08            
7.6532824e-06  1.7172714e-08            
7.6582831e-06  1.7185207e-08            
7.6632838e-06  1.7201344e-08            
7.6682845e-06  1.7216151e-08            
7.6732852e-06  1.7229041e-08            
7.6782859e-06  1.7241679e-08            
7.6832866e-06  1.7251622e-08            
7.6882873e-06  1.725732e-08            
7.693288e-06  1.7260729e-08            
7.6982887e-06  1.7259348e-08            
7.7032893e-06  1.7252653e-08            
7.70829e-06  1.7240132e-08            
7.7132907e-06  1.7221358e-08            
7.7182914e-06  1.7198486e-08            
7.7232921e-06  1.7174853e-08            
7.7282928e-06  1.7151197e-08            
7.7332935e-06  1.7128673e-08            
7.7382942e-06  1.7108507e-08            
7.7432949e-06  1.7089608e-08            
7.7482956e-06  1.7072263e-08            
7.7532963e-06  1.7061269e-08            
7.758297e-06  1.7056408e-08            
7.7632977e-06  1.7053651e-08            
7.7682983e-06  1.7051069e-08            
7.773299e-06  1.704721e-08            
7.7782997e-06  1.7040996e-08            
7.7833004e-06  1.7034511e-08            
7.7883011e-06  1.7027522e-08            
7.7933018e-06  1.7020049e-08            
7.7983025e-06  1.7014536e-08            
7.8033032e-06  1.7012261e-08            
7.8083039e-06  1.7010313e-08            
7.8133046e-06  1.7008889e-08            
7.8183053e-06  1.7007457e-08            
7.823306e-06  1.7003086e-08            
7.8283066e-06  1.6995598e-08            
7.8333073e-06  1.6985433e-08            
7.838308e-06  1.6973519e-08            
7.8433087e-06  1.6961215e-08            
7.8483094e-06  1.6949119e-08            
7.8533101e-06  1.6935846e-08            
7.8583108e-06  1.6922335e-08            
7.8633115e-06  1.6913791e-08            
7.8683122e-06  1.6909582e-08            
7.8733129e-06  1.6906368e-08            
7.8783136e-06  1.6904514e-08            
7.8833143e-06  1.6904732e-08            
7.888315e-06  1.6908314e-08            
7.8933156e-06  1.6914436e-08            
7.8983163e-06  1.692179e-08            
7.903317e-06  1.6929463e-08            
7.9083177e-06  1.6936912e-08            
7.9133184e-06  1.6942309e-08            
7.9183191e-06  1.6946846e-08            
7.9233198e-06  1.6950208e-08            
7.9283205e-06  1.6951518e-08            
7.9333212e-06  1.6950295e-08            
7.9383219e-06  1.694927e-08            
7.9433226e-06  1.6948184e-08            
7.9483233e-06  1.6945111e-08            
7.953324e-06  1.6943389e-08            
7.9583246e-06  1.6945148e-08            
7.9633253e-06  1.6945576e-08            
7.968326e-06  1.6943051e-08            
7.9733267e-06  1.6940833e-08            
7.9783274e-06  1.6940285e-08            
7.9833281e-06  1.6943085e-08            
7.9883288e-06  1.6948856e-08            
7.9933295e-06  1.6954766e-08            
7.9983302e-06  1.696066e-08            
8.0033309e-06  1.6966775e-08            
8.0083316e-06  1.6968983e-08            
8.0133323e-06  1.6966098e-08            
8.0183329e-06  1.696072e-08            
8.0233336e-06  1.6952493e-08            
8.0283343e-06  1.6943605e-08            
8.033335e-06  1.6935697e-08            
8.0383357e-06  1.6929141e-08            
8.0433364e-06  1.6924227e-08            
8.0483371e-06  1.6920368e-08            
8.0533378e-06  1.6915093e-08            
8.0583385e-06  1.6909166e-08            
8.0633392e-06  1.6906161e-08            
8.0683399e-06  1.6905738e-08            
8.0733406e-06  1.6908005e-08            
8.0783413e-06  1.6914076e-08            
8.0833419e-06  1.6920406e-08            
8.0883426e-06  1.6924203e-08            
8.0933433e-06  1.6926865e-08            
8.098344e-06  1.6932604e-08            
8.1033447e-06  1.6941997e-08            
8.1083454e-06  1.6954665e-08            
8.1133461e-06  1.6969598e-08            
8.1183468e-06  1.6985704e-08            
8.1233475e-06  1.7003594e-08            
8.1283482e-06  1.702246e-08            
8.1333489e-06  1.7039958e-08            
8.1383496e-06  1.7056302e-08            
8.1433503e-06  1.7073906e-08            
8.1483509e-06  1.7089618e-08            
8.1533516e-06  1.7102869e-08            
8.1583523e-06  1.7114642e-08            
8.163353e-06  1.7124051e-08            
8.1683537e-06  1.7130751e-08            
8.1733544e-06  1.713307e-08            
8.1783551e-06  1.7129078e-08            
8.1833558e-06  1.7120039e-08            
8.1883565e-06  1.7109104e-08            
8.1933572e-06  1.7098615e-08            
8.1983579e-06  1.7091763e-08            
8.2033586e-06  1.7091073e-08            
8.2083592e-06  1.7097121e-08            
8.2133599e-06  1.7111356e-08            
8.2183606e-06  1.7132611e-08            
8.2233613e-06  1.715749e-08            
8.228362e-06  1.7183749e-08            
8.2333627e-06  1.721333e-08            
8.2383634e-06  1.7245522e-08            
8.2433641e-06  1.7281244e-08            
8.2483648e-06  1.731931e-08            
8.2533655e-06  1.7352823e-08            
8.2583662e-06  1.7377165e-08            
8.2633669e-06  1.7390631e-08            
8.2683676e-06  1.7390667e-08            
8.2733682e-06  1.7375321e-08            
8.2783689e-06  1.7342063e-08            
8.2833696e-06  1.7287567e-08            
8.2883703e-06  1.7209452e-08            
8.293371e-06  1.710664e-08            
8.2983717e-06  1.6978453e-08            
8.3033724e-06  1.6816798e-08            
8.3083731e-06  1.6606365e-08            
8.3133738e-06  1.6319182e-08            
8.3183745e-06  1.5908852e-08            
8.3233752e-06  1.5309943e-08            
8.3283759e-06  1.4440192e-08            
8.3333766e-06  1.3237421e-08            
8.3383772e-06  1.1724683e-08            
8.3433779e-06  1.0041937e-08            
8.3483786e-06  8.4001014e-09            
8.3533793e-06  6.9828946e-09            
8.35838e-06  5.8695001e-09            
8.3633807e-06  5.0384749e-09            
8.3683814e-06  4.4259433e-09            
8.3733821e-06  3.9736951e-09            
8.3783828e-06  3.6409942e-09            
8.3833835e-06  3.3961498e-09            
8.3883842e-06  3.2134707e-09            
8.3933849e-06  3.0693954e-09            
8.3983855e-06  2.9508121e-09            
8.4033862e-06  2.854615e-09            
8.4083869e-06  2.7758779e-09            
8.4133876e-06  2.7060529e-09            
8.4183883e-06  2.6409607e-09            
8.423389e-06  2.5802375e-09            
8.4283897e-06  2.5237941e-09            
8.4333904e-06  2.4733954e-09            
8.4383911e-06  2.4275657e-09            
8.4433918e-06  2.3845946e-09            
8.4483925e-06  2.3484132e-09            
8.4533932e-06  2.3200322e-09            
8.4583939e-06  2.2988865e-09            
8.4633945e-06  2.2836708e-09            
8.4683952e-06  2.2716248e-09            
8.4733959e-06  2.2575773e-09            
8.4783966e-06  2.2417705e-09            
8.4833973e-06  2.2257939e-09            
8.488398e-06  2.2101308e-09            
8.4933987e-06  2.1939073e-09            
8.4983994e-06  2.1763315e-09            
8.5034001e-06  2.1572757e-09            
8.5084008e-06  2.139363e-09            
8.5134015e-06  2.1246963e-09            
8.5184022e-06  2.1113827e-09            
8.5234029e-06  2.0985254e-09            
8.5284035e-06  2.0859536e-09            
8.5334042e-06  2.074919e-09            
8.5384049e-06  2.0666418e-09            
8.5434056e-06  2.06116e-09            
8.5484063e-06  2.0566134e-09            
8.553407e-06  2.0509409e-09            
8.5584077e-06  2.0454032e-09            
8.5634084e-06  2.0381766e-09            
8.5684091e-06  2.0262212e-09            
8.5734098e-06  2.0126556e-09            
8.5784105e-06  2.0001939e-09            
8.5834112e-06  1.9881594e-09            
8.5884118e-06  1.9781849e-09            
8.5934125e-06  1.9704227e-09            
8.5984132e-06  1.9608037e-09            
8.6034139e-06  1.9514965e-09            
8.6084146e-06  1.9454122e-09            
8.6134153e-06  1.941229e-09            
8.618416e-06  1.9377184e-09            
8.6234167e-06  1.9366224e-09            
8.6284174e-06  1.9369086e-09            
8.6334181e-06  1.9360084e-09            
8.6384188e-06  1.9337553e-09            
8.6434195e-06  1.9289641e-09            
8.6484202e-06  1.9228036e-09            
8.6534208e-06  1.9161563e-09            
8.6584215e-06  1.9100023e-09            
8.6634222e-06  1.9072399e-09            
8.6684229e-06  1.9063584e-09            
8.6734236e-06  1.9027411e-09            
8.6784243e-06  1.896767e-09            
8.683425e-06  1.8908623e-09            
8.6884257e-06  1.8865571e-09            
8.6934264e-06  1.8836337e-09            
8.6984271e-06  1.8841008e-09            
8.7034278e-06  1.8905044e-09            
8.7084285e-06  1.900654e-09            
8.7134292e-06  1.913805e-09            
8.7184298e-06  1.9309629e-09            
8.7234305e-06  1.9487948e-09            
8.7284312e-06  1.9664418e-09            
8.7334319e-06  1.9827007e-09            
8.7384326e-06  1.9960908e-09            
8.7434333e-06  2.0054744e-09            
8.748434e-06  2.0106399e-09            
8.7534347e-06  2.0108065e-09            
8.7584354e-06  2.0084894e-09            
8.7634361e-06  2.006015e-09            
8.7684368e-06  2.0028599e-09            
8.7734375e-06  1.9998539e-09            
8.7784381e-06  1.9984771e-09            
8.7834388e-06  1.994002e-09            
8.7884395e-06  1.9862829e-09            
8.7934402e-06  1.9827755e-09            
8.7984409e-06  1.9855887e-09            
8.8034416e-06  1.9942115e-09            
8.8084423e-06  2.0096196e-09            
8.813443e-06  2.0289443e-09            
8.8184437e-06  2.0492594e-09            
8.8234444e-06  2.0696936e-09            
8.8284451e-06  2.0890433e-09            
8.8334458e-06  2.1053668e-09            
8.8384465e-06  2.1193545e-09            
8.8434471e-06  2.1316817e-09            
8.8484478e-06  2.1414713e-09            
8.8534485e-06  2.1516645e-09            
8.8584492e-06  2.1617659e-09            
8.8634499e-06  2.1665685e-09            
8.8684506e-06  2.1652527e-09            
8.8734513e-06  2.1582014e-09            
8.878452e-06  2.1463278e-09            
8.8834527e-06  2.134058e-09            
8.8884534e-06  2.1260964e-09            
8.8934541e-06  2.1218533e-09            
8.8984548e-06  2.1208104e-09            
8.9034555e-06  2.1238333e-09            
8.9084561e-06  2.1270809e-09            
8.9134568e-06  2.1281116e-09            
8.9184575e-06  2.1291411e-09            
8.9234582e-06  2.1311882e-09            
8.9284589e-06  2.1332168e-09            
8.9334596e-06  2.1381239e-09            
8.9384603e-06  2.1454657e-09            
8.943461e-06  2.1499438e-09            
8.9484617e-06  2.1515732e-09            
8.9534624e-06  2.1505339e-09            
8.9584631e-06  2.146167e-09            
8.9634638e-06  2.1407525e-09            
8.9684644e-06  2.1332601e-09            
8.9734651e-06  2.1229997e-09            
8.9784658e-06  2.1132621e-09            
8.9834665e-06  2.1071193e-09            
8.9884672e-06  2.1042627e-09            
8.9934679e-06  2.1039243e-09            
8.9984686e-06  2.1039371e-09            
9.0034693e-06  2.1031391e-09            
9.00847e-06  2.1016074e-09            
9.0134707e-06  2.100826e-09            
9.0184714e-06  2.1025382e-09            
9.0234721e-06  2.1080946e-09            
9.0284728e-06  2.1164961e-09            
9.0334734e-06  2.124044e-09            
9.0384741e-06  2.1290292e-09            
9.0434748e-06  2.132696e-09            
9.0484755e-06  2.1358843e-09            
9.0534762e-06  2.1394269e-09            
9.0584769e-06  2.1431214e-09            
9.0634776e-06  2.1456135e-09            
9.0684783e-06  2.1445229e-09            
9.073479e-06  2.1388131e-09            
9.0784797e-06  2.1294326e-09            
9.0834804e-06  2.1181797e-09            
9.0884811e-06  2.1072919e-09            
9.0934818e-06  2.0963096e-09            
9.0984824e-06  2.0856722e-09            
9.1034831e-06  2.0789862e-09            
9.1084838e-06  2.0758622e-09            
9.1134845e-06  2.0763007e-09            
9.1184852e-06  2.0806152e-09            
9.1234859e-06  2.0875185e-09            
9.1284866e-06  2.0962851e-09            
9.1334873e-06  2.1081269e-09            
9.138488e-06  2.1213745e-09            
9.1434887e-06  2.1335604e-09            
9.1484894e-06  2.1440906e-09            
9.1534901e-06  2.1525191e-09            
9.1584907e-06  2.1583324e-09            
9.1634914e-06  2.1613127e-09            
9.1684921e-06  2.1641384e-09            
9.1734928e-06  2.166144e-09            
9.1784935e-06  2.1687389e-09            
9.1834942e-06  2.1731905e-09            
9.1884949e-06  2.1771093e-09            
9.1934956e-06  2.1773422e-09            
9.1984963e-06  2.1761827e-09            
9.203497e-06  2.1758145e-09            
9.2084977e-06  2.1747233e-09            
9.2134984e-06  2.1735147e-09            
9.2184991e-06  2.1691884e-09            
9.2234997e-06  2.1596321e-09            
9.2285004e-06  2.1471887e-09            
9.2335011e-06  2.1336087e-09            
9.2385018e-06  2.1193015e-09            
9.2435025e-06  2.1053508e-09            
9.2485032e-06  2.092557e-09            
9.2535039e-06  2.0819065e-09            
9.2585046e-06  2.0751117e-09            
9.2635053e-06  2.0738542e-09            
9.268506e-06  2.0750341e-09            
9.2735067e-06  2.0771667e-09            
9.2785074e-06  2.0841549e-09            
9.2835081e-06  2.0947644e-09            
9.2885087e-06  2.1054938e-09            
9.2935094e-06  2.1176796e-09            
9.2985101e-06  2.1294812e-09            
9.3035108e-06  2.1388509e-09            
9.3085115e-06  2.147371e-09            
9.3135122e-06  2.1569835e-09            
9.3185129e-06  2.1679075e-09            
9.3235136e-06  2.1802454e-09            
9.3285143e-06  2.1913878e-09            
9.333515e-06  2.2000103e-09            
9.3385157e-06  2.2082554e-09            
9.3435164e-06  2.216312e-09            
9.348517e-06  2.2205055e-09            
9.3535177e-06  2.2198874e-09            
9.3585184e-06  2.2169306e-09            
9.3635191e-06  2.2118662e-09            
9.3685198e-06  2.2048777e-09            
9.3735205e-06  2.1985767e-09            
9.3785212e-06  2.1899833e-09            
9.3835219e-06  2.1771671e-09            
9.3885226e-06  2.1623599e-09            
9.3935233e-06  2.1484149e-09            
9.398524e-06  2.1363041e-09            
9.4035247e-06  2.1251255e-09            
9.4085254e-06  2.1136738e-09            
9.413526e-06  2.1039731e-09            
9.4185267e-06  2.0967447e-09            
9.4235274e-06  2.0888999e-09            
9.4285281e-06  2.080137e-09            
9.4335288e-06  2.0721992e-09            
9.4385295e-06  2.0642269e-09            
9.4435302e-06  2.0556193e-09            
9.4485309e-06  2.048836e-09            
9.4535316e-06  2.0465515e-09            
9.4585323e-06  2.0505949e-09            
9.463533e-06  2.0612141e-09            
9.4685337e-06  2.0761646e-09            
9.4735344e-06  2.0923846e-09            
9.478535e-06  2.106735e-09            
9.4835357e-06  2.1167395e-09            
9.4885364e-06  2.1233947e-09            
9.4935371e-06  2.1283481e-09            
9.4985378e-06  2.132128e-09            
9.5035385e-06  2.1347573e-09            
9.5085392e-06  2.136898e-09            
9.5135399e-06  2.1392928e-09            
9.5185406e-06  2.1423727e-09            
9.5235413e-06  2.1472905e-09            
9.528542e-06  2.1539499e-09            
9.5335427e-06  2.1601146e-09            
9.5385433e-06  2.1634384e-09            
9.543544e-06  2.1664487e-09            
9.5485447e-06  2.1731742e-09            
9.5535454e-06  2.1828098e-09            
9.5585461e-06  2.1930013e-09            
9.5635468e-06  2.2053782e-09            
9.5685475e-06  2.2192315e-09            
9.5735482e-06  2.2322713e-09            
9.5785489e-06  2.2413024e-09            
9.5835496e-06  2.2463404e-09            
9.5885503e-06  2.2484264e-09            
9.593551e-06  2.2450428e-09            
9.5985517e-06  2.2368874e-09            
9.6035523e-06  2.2270827e-09            
9.608553e-06  2.2178625e-09            
9.6135537e-06  2.2105057e-09            
9.6185544e-06  2.2047339e-09            
9.6235551e-06  2.2005592e-09            
9.6285558e-06  2.1999025e-09            
9.6335565e-06  2.2055484e-09            
9.6385572e-06  2.2172521e-09            
9.6435579e-06  2.2324277e-09            
9.6485586e-06  2.2486106e-09            
9.6535593e-06  2.2651865e-09            
9.65856e-06  2.2792378e-09            
9.6635607e-06  2.2911494e-09            
9.6685613e-06  2.3002067e-09            
9.673562e-06  2.3043747e-09            
9.6785627e-06  2.3044848e-09            
9.6835634e-06  2.2998847e-09            
9.6885641e-06  2.29062e-09            
9.6935648e-06  2.2791905e-09            
9.6985655e-06  2.2676105e-09            
9.7035662e-06  2.2576224e-09            
9.7085669e-06  2.2481502e-09            
9.7135676e-06  2.238553e-09            
9.7185683e-06  2.2289298e-09            
9.723569e-06  2.2186876e-09            
9.7285696e-06  2.2103833e-09            
9.7335703e-06  2.2032215e-09            
9.738571e-06  2.1941452e-09            
9.7435717e-06  2.1858396e-09            
9.7485724e-06  2.1834504e-09            
9.7535731e-06  2.1857207e-09            
9.7585738e-06  2.1894854e-09            
9.7635745e-06  2.1928013e-09            
9.7685752e-06  2.1943936e-09            
9.7735759e-06  2.1922969e-09            
9.7785766e-06  2.1871479e-09            
9.7835773e-06  2.1837695e-09            
9.788578e-06  2.1846593e-09            
9.7935786e-06  2.1887961e-09            
9.7985793e-06  2.1948041e-09            
9.80358e-06  2.2029296e-09            
9.8085807e-06  2.2138048e-09            
9.8135814e-06  2.2273335e-09            
9.8185821e-06  2.2443342e-09            
9.8235828e-06  2.2670164e-09            
9.8285835e-06  2.2960082e-09            
9.8335842e-06  2.3287353e-09            
9.8385849e-06  2.3633768e-09            
9.8435856e-06  2.4002827e-09            
9.8485863e-06  2.4384939e-09            
9.853587e-06  2.4804716e-09            
9.8585876e-06  2.5323991e-09            
9.8635883e-06  2.6008037e-09            
9.868589e-06  2.6976607e-09            
9.8735897e-06  2.8692859e-09            
9.8785904e-06  3.2539238e-09            
9.8835911e-06  4.0313574e-09            
9.8885918e-06  5.2582427e-09            
9.8935925e-06  6.7876055e-09            
9.8985932e-06  8.3769014e-09            
9.9035939e-06  9.8636359e-09            
9.9085946e-06  1.1168609e-08            
9.9135953e-06  1.2266562e-08            
9.9185959e-06  1.3166148e-08            
9.9235966e-06  1.3890004e-08            
9.9285973e-06  1.44607e-08            
9.933598e-06  1.4909748e-08            
9.9385987e-06  1.5246107e-08            
9.9435994e-06  1.5488277e-08            
9.9486001e-06  1.5666148e-08            
9.9536008e-06  1.5798323e-08            
9.9586015e-06  1.5895273e-08            
9.9636022e-06  1.5966418e-08            
9.9686029e-06  1.6021637e-08            
9.9736036e-06  1.6069959e-08            
9.9786043e-06  1.6118008e-08            
9.9836049e-06  1.6168938e-08            
9.9886056e-06  1.6221611e-08            
9.9936063e-06  1.6279201e-08            
