energy_ev,selected_grazing_angle_deg,order,efficiency,diffraction_angle_deg,retry_triggered,retry_attempts,retry_status,selected_efficiency_is_exact_zero,selected_efficiency_below_retry_threshold,theta_tracking_center_mode,theta_tracking_auto_classification,theta_tracking_previous_energy_ev,theta_tracking_previous_grazing_angle_deg,theta_tracking_used_previous_theta,theta_tracking_bragg_fallback_triggered,theta_tracking_continuity_rejected,precise_peak_selection_mode_requested,precise_peak_selection_mode_used,precise_peak_fit_fallback_used,precise_peak_fitted_center_deg,precise_peak_fitted_fwhm_deg
500.0,14.183552179744003,-25,7.790099702294557e-10,34.841087739931496,0,0,not_needed,0,0,bragg,initial,,,0,0,0,voigt,voigt,0,14.183552179744003,0.29775750667465856
500.0,14.183552179744003,-24,1.842279189399971e-10,34.23971431731937,0,0,not_needed,0,0,bragg,initial,,,0,0,0,voigt,voigt,0,14.183552179744003,0.29775750667465856
500.0,14.183552179744003,-23,5.936310083768046e-10,33.628920068864126,0,0,not_needed,0,0,bragg,initial,,,0,0,0,voigt,voigt,0,14.183552179744003,0.29775750667465856
500.0,14.183552179744003,-22,1.1062589137978928e-09,33.00817499445233,0,0,not_needed,0,0,bragg,initial,,,0,0,0,voigt,voigt,0,14.183552179744003,0.29775750667465856
500.0,14.183552179744003,-21,5.29157958288853e-10,32.37689964999656,0,0,not_needed,0,0,bragg,initial,,,0,0,0,voigt,voigt,0,14.183552179744003,0.29775750667465856
500.0,14.183552179744003,-20,8.047841066770141e-10,31.734458436621118,0,0,not_needed,0,0,bragg,initial,,,0,0,0,voigt,voigt,0,14.183552179744003,0.29775750667465856
500.0,14.183552179744003,-19,1.7063160854726615e-09,31.08015167290069,0,0,not_needed,0,0,bragg,initial,,,0,0,0,voigt,voigt,0,14.183552179744003,0.29775750667465856
500.0,14.183552179744003,-18,1.639140279779503e-09,30.41320616917865,0,0,not_needed,0,0,bragg,initial,,,0,0,0,voigt,voigt,0,14.183552179744003,0.29775750667465856
500.0,14.183552179744003,-17,1.3599227455428697e-09,29.732763942971992,0,0,not_needed,0,0,bragg,initial,,,0,0,0,voigt,voigt,0,14.183552179744003,0.29775750667465856
500.0,14.183552179744003,-16,2.571701195342923e-09,29.03786860694337,0,0,not_needed,0,0,bragg,initial,,,0,0,0,voigt,voigt,0,14.183552179744003,0.29775750667465856
500.0,14.183552179744003,-15,5.057834640580288e-09,28.327448814662638,0,0,not_needed,0,0,bragg,initial,,,0,0,0,voigt,voigt,0,14.183552179744003,0.29775750667465856
500.0,14.183552179744003,-14,3.287498853161523e-09,27.60029794777202,0,0,not_needed,0,0,bragg,initial,,,0,0,0,voigt,voigt,0,14.183552179744003,0.29775750667465856
500.0,14.183552179744003,-13,4.749501264354564e-09,26.855048946210786,0,0,not_needed,0,0,bragg,initial,,,0,0,0,voigt,voigt,0,14.183552179744003,0.29775750667465856
500.0,14.183552179744003,-12,1.9248084081767348e-08,26.0901427824954,0,0,not_needed,0,0,bragg,initial,,,0,0,0,voigt,voigt,0,14.183552179744003,0.29775750667465856
500.0,14.183552179744003,-11,1.2168984243656003e-08,25.303788501681936,0,0,not_needed,0,0,bragg,initial,,,0,0,0,voigt,voigt,0,14.183552179744003,0.29775750667465856
500.0,14.183552179744003,-10,1.2612373245654835e-08,24.4939118944542,0,0,not_needed,0,0,bragg,initial,,,0,0,0,voigt,voigt,0,14.183552179744003,0.29775750667465856
500.0,14.183552179744003,-9,1.0644074166891521e-07,23.65808858401664,0,0,not_needed,0,0,bragg,initial,,,0,0,0,voigt,voigt,0,14.183552179744003,0.29775750667465856
500.0,14.183552179744003,-8,5.9532137670204073e-08,22.79345532171135,0,0,not_needed,0,0,bragg,initial,,,0,0,0,voigt,voigt,0,14.183552179744003,0.29775750667465856
500.0,14.183552179744003,-7,8.914987702143289e-08,21.89659013729097,0,0,not_needed,0,0,bragg,initial,,,0,0,0,voigt,voigt,0,14.183552179744003,0.29775750667465856
500.0,14.183552179744003,-6,9.72101021861874e-07,20.963346839213827,0,0,not_needed,0,0,bragg,initial,,,0,0,0,voigt,voigt,0,14.183552179744003,0.29775750667465856
500.0,14.183552179744003,-5,6.312346618263423e-07,19.988620631278437,0,0,not_needed,0,0,bragg,initial,,,0,0,0,voigt,voigt,0,14.183552179744003,0.29775750667465856
500.0,14.183552179744003,-4,4.235213476149315e-06,18.966006195270154,0,0,not_needed,0,0,bragg,initial,,,0,0,0,voigt,voigt,0,14.183552179744003,0.29775750667465856
500.0,14.183552179744003,-3,0.00017011250409017811,17.887281008050095,0,0,not_needed,0,0,bragg,initial,,,0,0,0,voigt,voigt,0,14.183552179744003,0.29775750667465856
500.0,14.183552179744003,-2,0.009150048588327651,16.741590510662803,0,0,not_needed,0,0,bragg,initial,,,0,0,0,voigt,voigt,0,14.183552179744003,0.29775750667465856
500.0,14.183552179744003,-1,7.394982290876974e-05,15.514093350114265,0,0,not_needed,0,0,bragg,initial,,,0,0,0,voigt,voigt,0,14.183552179744003,0.29775750667465856
500.0,14.183552179744003,0,1.3138358085863038e-05,14.183552179743998,0,0,not_needed,0,0,bragg,initial,,,0,0,0,voigt,voigt,0,14.183552179744003,0.29775750667465856
500.0,14.183552179744003,1,9.584282936233016e-08,12.717651015252144,0,0,not_needed,0,0,bragg,initial,,,0,0,0,voigt,voigt,0,14.183552179744003,0.29775750667465856
500.0,14.183552179744003,2,1.8143595329264583e-05,11.062693832391304,0,0,not_needed,0,0,bragg,initial,,,0,0,0,voigt,voigt,0,14.183552179744003,0.29775750667465856
500.0,14.183552179744003,3,6.111082948642038e-05,9.11627201538613,0,0,not_needed,0,0,bragg,initial,,,0,0,0,voigt,voigt,0,14.183552179744003,0.29775750667465856
500.0,14.183552179744003,4,7.247028849762178e-05,6.6263061146310775,0,0,not_needed,0,0,bragg,initial,,,0,0,0,voigt,voigt,0,14.183552179744003,0.29775750667465856
500.0,14.183552179744003,5,2.6624235611988895e-05,2.1880066286440893,0,0,not_needed,0,0,bragg,initial,,,0,0,0,voigt,voigt,0,14.183552179744003,0.29775750667465856
500.0,14.183552179744003,6,0.0,0.0,0,0,not_needed,0,0,bragg,initial,,,0,0,0,voigt,voigt,0,14.183552179744003,0.29775750667465856
500.0,14.183552179744003,7,0.0,0.0,0,0,not_needed,0,0,bragg,initial,,,0,0,0,voigt,voigt,0,14.183552179744003,0.29775750667465856
500.0,14.183552179744003,8,0.0,0.0,0,0,not_needed,0,0,bragg,initial,,,0,0,0,voigt,voigt,0,14.183552179744003,0.29775750667465856
500.0,14.183552179744003,9,0.0,0.0,0,0,not_needed,0,0,bragg,initial,,,0,0,0,voigt,voigt,0,14.183552179744003,0.29775750667465856
500.0,14.183552179744003,10,0.0,0.0,0,0,not_needed,0,0,bragg,initial,,,0,0,0,voigt,voigt,0,14.183552179744003,0.29775750667465856
500.0,14.183552179744003,11,0.0,0.0,0,0,not_needed,0,0,bragg,initial,,,0,0,0,voigt,voigt,0,14.183552179744003,0.29775750667465856
500.0,14.183552179744003,12,0.0,0.0,0,0,not_needed,0,0,bragg,initial,,,0,0,0,voigt,voigt,0,14.183552179744003,0.29775750667465856
500.0,14.183552179744003,13,0.0,0.0,0,0,not_needed,0,0,bragg,initial,,,0,0,0,voigt,voigt,0,14.183552179744003,0.29775750667465856
500.0,14.183552179744003,14,0.0,0.0,0,0,not_needed,0,0,bragg,initial,,,0,0,0,voigt,voigt,0,14.183552179744003,0.29775750667465856
500.0,14.183552179744003,15,0.0,0.0,0,0,not_needed,0,0,bragg,initial,,,0,0,0,voigt,voigt,0,14.183552179744003,0.29775750667465856
500.0,14.183552179744003,16,0.0,0.0,0,0,not_needed,0,0,bragg,initial,,,0,0,0,voigt,voigt,0,14.183552179744003,0.29775750667465856
500.0,14.183552179744003,17,0.0,0.0,0,0,not_needed,0,0,bragg,initial,,,0,0,0,voigt,voigt,0,14.183552179744003,0.29775750667465856
500.0,14.183552179744003,18,0.0,0.0,0,0,not_needed,0,0,bragg,initial,,,0,0,0,voigt,voigt,0,14.183552179744003,0.29775750667465856
500.0,14.183552179744003,19,0.0,0.0,0,0,not_needed,0,0,bragg,initial,,,0,0,0,voigt,voigt,0,14.183552179744003,0.29775750667465856
500.0,14.183552179744003,20,0.0,0.0,0,0,not_needed,0,0,bragg,initial,,,0,0,0,voigt,voigt,0,14.183552179744003,0.29775750667465856
500.0,14.183552179744003,21,0.0,0.0,0,0,not_needed,0,0,bragg,initial,,,0,0,0,voigt,voigt,0,14.183552179744003,0.29775750667465856
500.0,14.183552179744003,22,0.0,0.0,0,0,not_needed,0,0,bragg,initial,,,0,0,0,voigt,voigt,0,14.183552179744003,0.29775750667465856
500.0,14.183552179744003,23,0.0,0.0,0,0,not_needed,0,0,bragg,initial,,,0,0,0,voigt,voigt,0,14.183552179744003,0.29775750667465856
500.0,14.183552179744003,24,0.0,0.0,0,0,not_needed,0,0,bragg,initial,,,0,0,0,voigt,voigt,0,14.183552179744003,0.29775750667465856
500.0,14.183552179744003,25,0.0,0.0,0,0,not_needed,0,0,bragg,initial,,,0,0,0,voigt,voigt,0,14.183552179744003,0.29775750667465856
700.0,9.733415994764002,-25,7.591962190799233e-10,28.43757524363327,0,0,not_needed,0,0,tracked_previous,auto_dense,500.0,14.183552179744003,1,0,0,voigt,voigt,0,9.733415994764002,0.4721535422207978
700.0,9.733415994764002,-24,1.0279597942897609e-09,27.92183924039034,0,0,not_needed,0,0,tracked_previous,auto_dense,500.0,14.183552179744003,1,0,0,voigt,voigt,0,9.733415994764002,0.4721535422207978
700.0,9.733415994764002,-23,2.985122603096405e-09,27.39719055820428,0,0,not_needed,0,0,tracked_previous,auto_dense,500.0,14.183552179744003,1,0,0,voigt,voigt,0,9.733415994764002,0.4721535422207978
700.0,9.733415994764002,-22,1.2667346341633152e-09,26.863104084517722,0,0,not_needed,0,0,tracked_previous,auto_dense,500.0,14.183552179744003,1,0,0,voigt,voigt,0,9.733415994764002,0.4721535422207978
700.0,9.733415994764002,-21,1.467108068357244e-09,26.319002313100484,0,0,not_needed,0,0,tracked_previous,auto_dense,500.0,14.183552179744003,1,0,0,voigt,voigt,0,9.733415994764002,0.4721535422207978
700.0,9.733415994764002,-20,5.960132177531167e-09,25.764247727292513,0,0,not_needed,0,0,tracked_previous,auto_dense,500.0,14.183552179744003,1,0,0,voigt,voigt,0,9.733415994764002,0.4721535422207978
700.0,9.733415994764002,-19,2.2825416724758997e-09,25.1981336987333,0,0,not_needed,0,0,tracked_previous,auto_dense,500.0,14.183552179744003,1,0,0,voigt,voigt,0,9.733415994764002,0.4721535422207978
700.0,9.733415994764002,-18,3.4367997489876334e-09,24.619873531975188,0,0,not_needed,0,0,tracked_previous,auto_dense,500.0,14.183552179744003,1,0,0,voigt,voigt,0,9.733415994764002,0.4721535422207978
700.0,9.733415994764002,-17,1.1349160587638186e-08,24.028587171462675,0,0,not_needed,0,0,tracked_previous,auto_dense,500.0,14.183552179744003,1,0,0,voigt,voigt,0,9.733415994764002,0.4721535422207978
700.0,9.733415994764002,-16,1.6253157085120938e-09,23.423284930905112,0,0,not_needed,0,0,tracked_previous,auto_dense,500.0,14.183552179744003,1,0,0,voigt,voigt,0,9.733415994764002,0.4721535422207978
700.0,9.733415994764002,-15,8.515306941533017e-09,22.802847387131933,0,0,not_needed,0,0,tracked_previous,auto_dense,500.0,14.183552179744003,1,0,0,voigt,voigt,0,9.733415994764002,0.4721535422207978
700.0,9.733415994764002,-14,2.4323051617198764e-08,22.166000272185045,0,0,not_needed,0,0,tracked_previous,auto_dense,500.0,14.183552179744003,1,0,0,voigt,voigt,0,9.733415994764002,0.4721535422207978
700.0,9.733415994764002,-13,4.061260658696456e-09,21.511282753679822,0,0,not_needed,0,0,tracked_previous,auto_dense,500.0,14.183552179744003,1,0,0,voigt,voigt,0,9.733415994764002,0.4721535422207978
700.0,9.733415994764002,-12,2.748911179957187e-08,20.83700684275847,0,0,not_needed,0,0,tracked_previous,auto_dense,500.0,14.183552179744003,1,0,0,voigt,voigt,0,9.733415994764002,0.4721535422207978
700.0,9.733415994764002,-11,5.5346850175055814e-08,20.141204694529065,0,0,not_needed,0,0,tracked_previous,auto_dense,500.0,14.183552179744003,1,0,0,voigt,voigt,0,9.733415994764002,0.4721535422207978
700.0,9.733415994764002,-10,1.7973413799748552e-09,19.421559072134187,0,0,not_needed,0,0,tracked_previous,auto_dense,500.0,14.183552179744003,1,0,0,voigt,voigt,0,9.733415994764002,0.4721535422207978
700.0,9.733415994764002,-9,1.579424438431661e-07,18.675309894636,0,0,not_needed,0,0,tracked_previous,auto_dense,500.0,14.183552179744003,1,0,0,voigt,voigt,0,9.733415994764002,0.4721535422207978
700.0,9.733415994764002,-8,2.8341436976416934e-07,17.899125976573387,0,0,not_needed,0,0,tracked_previous,auto_dense,500.0,14.183552179744003,1,0,0,voigt,voigt,0,9.733415994764002,0.4721535422207978
700.0,9.733415994764002,-7,1.7397039631925628e-08,17.088924669726225,0,0,not_needed,0,0,tracked_previous,auto_dense,500.0,14.183552179744003,1,0,0,voigt,voigt,0,9.733415994764002,0.4721535422207978
700.0,9.733415994764002,-6,1.990381914784265e-06,16.239610948881136,0,0,not_needed,0,0,tracked_previous,auto_dense,500.0,14.183552179744003,1,0,0,voigt,voigt,0,9.733415994764002,0.4721535422207978
700.0,9.733415994764002,-5,3.505217496466448e-06,15.344687058215044,0,0,not_needed,0,0,tracked_previous,auto_dense,500.0,14.183552179744003,1,0,0,voigt,voigt,0,9.733415994764002,0.4721535422207978
700.0,9.733415994764002,-4,1.0168936027627625e-05,14.395644360940452,0,0,not_needed,0,0,tracked_previous,auto_dense,500.0,14.183552179744003,1,0,0,voigt,voigt,0,9.733415994764002,0.4721535422207978
700.0,9.733415994764002,-3,0.0013183364943009828,13.380967464251981,0,0,not_needed,0,0,tracked_previous,auto_dense,500.0,14.183552179744003,1,0,0,voigt,voigt,0,9.733415994764002,0.4721535422207978
700.0,9.733415994764002,-2,0.05166669297536103,12.284397518074627,0,0,not_needed,0,0,tracked_previous,auto_dense,500.0,14.183552179744003,1,0,0,voigt,voigt,0,9.733415994764002,0.4721535422207978
700.0,9.733415994764002,-1,0.001355489841468041,11.081644010515163,0,0,not_needed,0,0,tracked_previous,auto_dense,500.0,14.183552179744003,1,0,0,voigt,voigt,0,9.733415994764002,0.4721535422207978
700.0,9.733415994764002,0,0.00030220479632440684,9.733415994764002,0,0,not_needed,0,0,tracked_previous,auto_dense,500.0,14.183552179744003,1,0,0,voigt,voigt,0,9.733415994764002,0.4721535422207978
700.0,9.733415994764002,1,4.365449026969144e-06,8.16798285151036,0,0,not_needed,0,0,tracked_previous,auto_dense,500.0,14.183552179744003,1,0,0,voigt,voigt,0,9.733415994764002,0.4721535422207978
700.0,9.733415994764002,2,0.00035533664793217914,6.223533414599146,0,0,not_needed,0,0,tracked_previous,auto_dense,500.0,14.183552179744003,1,0,0,voigt,voigt,0,9.733415994764002,0.4721535422207978
700.0,9.733415994764002,3,0.0013445154559795097,3.2845888564928316,0,0,not_needed,0,0,tracked_previous,auto_dense,500.0,14.183552179744003,1,0,0,voigt,voigt,0,9.733415994764002,0.4721535422207978
700.0,9.733415994764002,4,0.0,0.0,0,0,not_needed,0,0,tracked_previous,auto_dense,500.0,14.183552179744003,1,0,0,voigt,voigt,0,9.733415994764002,0.4721535422207978
700.0,9.733415994764002,5,0.0,0.0,0,0,not_needed,0,0,tracked_previous,auto_dense,500.0,14.183552179744003,1,0,0,voigt,voigt,0,9.733415994764002,0.4721535422207978
700.0,9.733415994764002,6,0.0,0.0,0,0,not_needed,0,0,tracked_previous,auto_dense,500.0,14.183552179744003,1,0,0,voigt,voigt,0,9.733415994764002,0.4721535422207978
700.0,9.733415994764002,7,0.0,0.0,0,0,not_needed,0,0,tracked_previous,auto_dense,500.0,14.183552179744003,1,0,0,voigt,voigt,0,9.733415994764002,0.4721535422207978
700.0,9.733415994764002,8,0.0,0.0,0,0,not_needed,0,0,tracked_previous,auto_dense,500.0,14.183552179744003,1,0,0,voigt,voigt,0,9.733415994764002,0.4721535422207978
700.0,9.733415994764002,9,0.0,0.0,0,0,not_needed,0,0,tracked_previous,auto_dense,500.0,14.183552179744003,1,0,0,voigt,voigt,0,9.733415994764002,0.4721535422207978
700.0,9.733415994764002,10,0.0,0.0,0,0,not_needed,0,0,tracked_previous,auto_dense,500.0,14.183552179744003,1,0,0,voigt,voigt,0,9.733415994764002,0.4721535422207978
700.0,9.733415994764002,11,0.0,0.0,0,0,not_needed,0,0,tracked_previous,auto_dense,500.0,14.183552179744003,1,0,0,voigt,voigt,0,9.733415994764002,0.4721535422207978
700.0,9.733415994764002,12,0.0,0.0,0,0,not_needed,0,0,tracked_previous,auto_dense,500.0,14.183552179744003,1,0,0,voigt,voigt,0,9.733415994764002,0.4721535422207978
700.0,9.733415994764002,13,0.0,0.0,0,0,not_needed,0,0,tracked_previous,auto_dense,500.0,14.183552179744003,1,0,0,voigt,voigt,0,9.733415994764002,0.4721535422207978
700.0,9.733415994764002,14,0.0,0.0,0,0,not_needed,0,0,tracked_previous,auto_dense,500.0,14.183552179744003,1,0,0,voigt,voigt,0,9.733415994764002,0.4721535422207978
700.0,9.733415994764002,15,0.0,0.0,0,0,not_needed,0,0,tracked_previous,auto_dense,500.0,14.183552179744003,1,0,0,voigt,voigt,0,9.733415994764002,0.4721535422207978
700.0,9.733415994764002,16,0.0,0.0,0,0,not_needed,0,0,tracked_previous,auto_dense,500.0,14.183552179744003,1,0,0,voigt,voigt,0,9.733415994764002,0.4721535422207978
700.0,9.733415994764002,17,0.0,0.0,0,0,not_needed,0,0,tracked_previous,auto_dense,500.0,14.183552179744003,1,0,0,voigt,voigt,0,9.733415994764002,0.4721535422207978
700.0,9.733415994764002,18,0.0,0.0,0,0,not_needed,0,0,tracked_previous,auto_dense,500.0,14.183552179744003,1,0,0,voigt,voigt,0,9.733415994764002,0.4721535422207978
700.0,9.733415994764002,19,0.0,0.0,0,0,not_needed,0,0,tracked_previous,auto_dense,500.0,14.183552179744003,1,0,0,voigt,voigt,0,9.733415994764002,0.4721535422207978
700.0,9.733415994764002,20,0.0,0.0,0,0,not_needed,0,0,tracked_previous,auto_dense,500.0,14.183552179744003,1,0,0,voigt,voigt,0,9.733415994764002,0.4721535422207978
700.0,9.733415994764002,21,0.0,0.0,0,0,not_needed,0,0,tracked_previous,auto_dense,500.0,14.183552179744003,1,0,0,voigt,voigt,0,9.733415994764002,0.4721535422207978
700.0,9.733415994764002,22,0.0,0.0,0,0,not_needed,0,0,tracked_previous,auto_dense,500.0,14.183552179744003,1,0,0,voigt,voigt,0,9.733415994764002,0.4721535422207978
700.0,9.733415994764002,23,0.0,0.0,0,0,not_needed,0,0,tracked_previous,auto_dense,500.0,14.183552179744003,1,0,0,voigt,voigt,0,9.733415994764002,0.4721535422207978
700.0,9.733415994764002,24,0.0,0.0,0,0,not_needed,0,0,tracked_previous,auto_dense,500.0,14.183552179744003,1,0,0,voigt,voigt,0,9.733415994764002,0.4721535422207978
700.0,9.733415994764002,25,0.0,0.0,0,0,not_needed,0,0,tracked_previous,auto_dense,500.0,14.183552179744003,1,0,0,voigt,voigt,0,9.733415994764002,0.4721535422207978
900.0,7.349243158055156,-25,2.411852112215437e-09,24.614389128419404,0,0,not_needed,0,0,tracked_previous,auto_dense,500.0,14.183552179744003,1,0,0,voigt,voigt,0,7.349243158055156,0.3069676281954974
900.0,7.349243158055156,-24,3.565188223854948e-10,24.155576539887605,0,0,not_needed,0,0,tracked_previous,auto_dense,500.0,14.183552179744003,1,0,0,voigt,voigt,0,7.349243158055156,0.3069676281954974
900.0,7.349243158055156,-23,5.13696786648614e-09,23.688421240288278,0,0,not_needed,0,0,tracked_previous,auto_dense,500.0,14.183552179744003,1,0,0,voigt,voigt,0,7.349243158055156,0.3069676281954974
900.0,7.349243158055156,-22,2.9469946528008693e-09,23.212418012427847,0,0,not_needed,0,0,tracked_previous,auto_dense,500.0,14.183552179744003,1,0,0,voigt,voigt,0,7.349243158055156,0.3069676281954974
900.0,7.349243158055156,-21,3.764810618454033e-10,22.727009368509798,0,0,not_needed,0,0,tracked_previous,auto_dense,500.0,14.183552179744003,1,0,0,voigt,voigt,0,7.349243158055156,0.3069676281954974
900.0,7.349243158055156,-20,7.232050897311966e-09,22.231577659035295,0,0,not_needed,0,0,tracked_previous,auto_dense,500.0,14.183552179744003,1,0,0,voigt,voigt,0,7.349243158055156,0.3069676281954974
900.0,7.349243158055156,-19,6.252567716689679e-09,21.725435581545327,0,0,not_needed,0,0,tracked_previous,auto_dense,500.0,14.183552179744003,1,0,0,voigt,voigt,0,7.349243158055156,0.3069676281954974
900.0,7.349243158055156,-18,1.0707618603503862e-09,21.207814673901666,0,0,not_needed,0,0,tracked_previous,auto_dense,500.0,14.183552179744003,1,0,0,voigt,voigt,0,7.349243158055156,0.3069676281954974
900.0,7.349243158055156,-17,1.506432791458032e-08,20.677851243090075,0,0,not_needed,0,0,tracked_previous,auto_dense,500.0,14.183552179744003,1,0,0,voigt,voigt,0,7.349243158055156,0.3069676281954974
900.0,7.349243158055156,-16,9.055190032286132e-09,20.134568994539634,0,0,not_needed,0,0,tracked_previous,auto_dense,500.0,14.183552179744003,1,0,0,voigt,voigt,0,7.349243158055156,0.3069676281954974
900.0,7.349243158055156,-15,3.895795980067855e-09,19.576857364241008,0,0,not_needed,0,0,tracked_previous,auto_dense,500.0,14.183552179744003,1,0,0,voigt,voigt,0,7.349243158055156,0.3069676281954974
900.0,7.349243158055156,-14,2.7393372067918912e-08,19.00344417855098,0,0,not_needed,0,0,tracked_previous,auto_dense,500.0,14.183552179744003,1,0,0,voigt,voigt,0,7.349243158055156,0.3069676281954974
900.0,7.349243158055156,-13,5.480273848033267e-08,18.412860714208307,0,0,not_needed,0,0,tracked_previous,auto_dense,500.0,14.183552179744003,1,0,0,voigt,voigt,0,7.349243158055156,0.3069676281954974
900.0,7.349243158055156,-12,2.3259884957551984e-08,17.80339640573432,0,0,not_needed,0,0,tracked_previous,auto_dense,500.0,14.183552179744003,1,0,0,voigt,voigt,0,7.349243158055156,0.3069676281954974
900.0,7.349243158055156,-11,1.1503191588774145e-07,17.173039185250047,0,0,not_needed,0,0,tracked_previous,auto_dense,500.0,14.183552179744003,1,0,0,voigt,voigt,0,7.349243158055156,0.3069676281954974
900.0,7.349243158055156,-10,3.089174207953564e-08,16.519395458776472,0,0,not_needed,0,0,tracked_previous,auto_dense,500.0,14.183552179744003,1,0,0,voigt,voigt,0,7.349243158055156,0.3069676281954974
900.0,7.349243158055156,-9,1.3696612429298548e-07,15.839580520783656,0,0,not_needed,0,0,tracked_previous,auto_dense,500.0,14.183552179744003,1,0,0,voigt,voigt,0,7.349243158055156,0.3069676281954974
900.0,7.349243158055156,-8,5.283371739458234e-07,15.1300648544334,0,0,not_needed,0,0,tracked_previous,auto_dense,500.0,14.183552179744003,1,0,0,voigt,voigt,0,7.349243158055156,0.3069676281954974
900.0,7.349243158055156,-7,8.406588031358652e-09,14.386452456205745,0,0,not_needed,0,0,tracked_previous,auto_dense,500.0,14.183552179744003,1,0,0,voigt,voigt,0,7.349243158055156,0.3069676281954974
900.0,7.349243158055156,-6,1.9680717225854717e-06,13.603150383746481,0,0,not_needed,0,0,tracked_previous,auto_dense,500.0,14.183552179744003,1,0,0,voigt,voigt,0,7.349243158055156,0.3069676281954974
900.0,7.349243158055156,-5,7.026725558870515e-06,12.772856180620835,0,0,not_needed,0,0,tracked_previous,auto_dense,500.0,14.183552179744003,1,0,0,voigt,voigt,0,7.349243158055156,0.3069676281954974
900.0,7.349243158055156,-4,5.082410057909077e-06,11.885723063763663,0,0,not_needed,0,0,tracked_previous,auto_dense,500.0,14.183552179744003,1,0,0,voigt,voigt,0,7.349243158055156,0.3069676281954974
900.0,7.349243158055156,-3,0.0014797808836919007,10.927914182804003,0,0,not_needed,0,0,tracked_previous,auto_dense,500.0,14.183552179744003,1,0,0,voigt,voigt,0,7.349243158055156,0.3069676281954974
900.0,7.349243158055156,-2,0.10911725032949766,9.878890474944427,0,0,not_needed,0,0,tracked_previous,auto_dense,500.0,14.183552179744003,1,0,0,voigt,voigt,0,7.349243158055156,0.3069676281954974
900.0,7.349243158055156,-1,0.0018086098599777584,8.705736844422006,0,0,not_needed,0,0,tracked_previous,auto_dense,500.0,14.183552179744003,1,0,0,voigt,voigt,0,7.349243158055156,0.3069676281954974
900.0,7.349243158055156,0,0.0002796170660129493,7.349243158055188,0,0,not_needed,0,0,tracked_previous,auto_dense,500.0,14.183552179744003,1,0,0,voigt,voigt,0,7.349243158055156,0.3069676281954974
900.0,7.349243158055156,1,2.3579174367502844e-05,5.679522507263485,0,0,not_needed,0,0,tracked_previous,auto_dense,500.0,14.183552179744003,1,0,0,voigt,voigt,0,7.349243158055156,0.3069676281954974
900.0,7.349243158055156,2,0.0016089831607424665,3.2444711339446144,0,0,not_needed,0,0,tracked_previous,auto_dense,500.0,14.183552179744003,1,0,0,voigt,voigt,0,7.349243158055156,0.3069676281954974
900.0,7.349243158055156,3,0.0,0.0,0,0,not_needed,0,0,tracked_previous,auto_dense,500.0,14.183552179744003,1,0,0,voigt,voigt,0,7.349243158055156,0.3069676281954974
900.0,7.349243158055156,4,0.0,0.0,0,0,not_needed,0,0,tracked_previous,auto_dense,500.0,14.183552179744003,1,0,0,voigt,voigt,0,7.349243158055156,0.3069676281954974
900.0,7.349243158055156,5,0.0,0.0,0,0,not_needed,0,0,tracked_previous,auto_dense,500.0,14.183552179744003,1,0,0,voigt,voigt,0,7.349243158055156,0.3069676281954974
900.0,7.349243158055156,6,0.0,0.0,0,0,not_needed,0,0,tracked_previous,auto_dense,500.0,14.183552179744003,1,0,0,voigt,voigt,0,7.349243158055156,0.3069676281954974
900.0,7.349243158055156,7,0.0,0.0,0,0,not_needed,0,0,tracked_previous,auto_dense,500.0,14.183552179744003,1,0,0,voigt,voigt,0,7.349243158055156,0.3069676281954974
900.0,7.349243158055156,8,0.0,0.0,0,0,not_needed,0,0,tracked_previous,auto_dense,500.0,14.183552179744003,1,0,0,voigt,voigt,0,7.349243158055156,0.3069676281954974
900.0,7.349243158055156,9,0.0,0.0,0,0,not_needed,0,0,tracked_previous,auto_dense,500.0,14.183552179744003,1,0,0,voigt,voigt,0,7.349243158055156,0.3069676281954974
900.0,7.349243158055156,10,0.0,0.0,0,0,not_needed,0,0,tracked_previous,auto_dense,500.0,14.183552179744003,1,0,0,voigt,voigt,0,7.349243158055156,0.3069676281954974
900.0,7.349243158055156,11,0.0,0.0,0,0,not_needed,0,0,tracked_previous,auto_dense,500.0,14.183552179744003,1,0,0,voigt,voigt,0,7.349243158055156,0.3069676281954974
900.0,7.349243158055156,12,0.0,0.0,0,0,not_needed,0,0,tracked_previous,auto_dense,500.0,14.183552179744003,1,0,0,voigt,voigt,0,7.349243158055156,0.3069676281954974
900.0,7.349243158055156,13,0.0,0.0,0,0,not_needed,0,0,tracked_previous,auto_dense,500.0,14.183552179744003,1,0,0,voigt,voigt,0,7.349243158055156,0.3069676281954974
900.0,7.349243158055156,14,0.0,0.0,0,0,not_needed,0,0,tracked_previous,auto_dense,500.0,14.183552179744003,1,0,0,voigt,voigt,0,7.349243158055156,0.3069676281954974
900.0,7.349243158055156,15,0.0,0.0,0,0,not_needed,0,0,tracked_previous,auto_dense,500.0,14.183552179744003,1,0,0,voigt,voigt,0,7.349243158055156,0.3069676281954974
900.0,7.349243158055156,16,0.0,0.0,0,0,not_needed,0,0,tracked_previous,auto_dense,500.0,14.183552179744003,1,0,0,voigt,voigt,0,7.349243158055156,0.3069676281954974
900.0,7.349243158055156,17,0.0,0.0,0,0,not_needed,0,0,tracked_previous,auto_dense,500.0,14.183552179744003,1,0,0,voigt,voigt,0,7.349243158055156,0.3069676281954974
900.0,7.349243158055156,18,0.0,0.0,0,0,not_needed,0,0,tracked_previous,auto_dense,500.0,14.183552179744003,1,0,0,voigt,voigt,0,7.349243158055156,0.3069676281954974
900.0,7.349243158055156,19,0.0,0.0,0,0,not_needed,0,0,tracked_previous,auto_dense,500.0,14.183552179744003,1,0,0,voigt,voigt,0,7.349243158055156,0.3069676281954974
900.0,7.349243158055156,20,0.0,0.0,0,0,not_needed,0,0,tracked_previous,auto_dense,500.0,14.183552179744003,1,0,0,voigt,voigt,0,7.349243158055156,0.3069676281954974
900.0,7.349243158055156,21,0.0,0.0,0,0,not_needed,0,0,tracked_previous,auto_dense,500.0,14.183552179744003,1,0,0,voigt,voigt,0,7.349243158055156,0.3069676281954974
900.0,7.349243158055156,22,0.0,0.0,0,0,not_needed,0,0,tracked_previous,auto_dense,500.0,14.183552179744003,1,0,0,voigt,voigt,0,7.349243158055156,0.3069676281954974
900.0,7.349243158055156,23,0.0,0.0,0,0,not_needed,0,0,tracked_previous,auto_dense,500.0,14.183552179744003,1,0,0,voigt,voigt,0,7.349243158055156,0.3069676281954974
900.0,7.349243158055156,24,0.0,0.0,0,0,not_needed,0,0,tracked_previous,auto_dense,500.0,14.183552179744003,1,0,0,voigt,voigt,0,7.349243158055156,0.3069676281954974
900.0,7.349243158055156,25,0.0,0.0,0,0,not_needed,0,0,tracked_previous,auto_dense,500.0,14.183552179744003,1,0,0,voigt,voigt,0,7.349243158055156,0.3069676281954974
1100.0,5.796950179328412,-25,2.452309773694883e-07,21.988253966448724,0,0,not_needed,0,0,bragg,auto_sparse,500.0,14.183552179744003,0,0,0,voigt,voigt,0,5.796950179328412,0.2192179006665938
1100.0,5.796950179328412,-24,1.8955651529096653e-09,21.5705388818117,0,0,not_needed,0,0,bragg,auto_sparse,500.0,14.183552179744003,0,0,0,voigt,voigt,0,5.796950179328412,0.2192179006665938
1100.0,5.796950179328412,-23,2.539502428506661e-08,21.14497424860727,0,0,not_needed,0,0,bragg,auto_sparse,500.0,14.183552179744003,0,0,0,voigt,voigt,0,5.796950179328412,0.2192179006665938
1100.0,5.796950179328412,-22,2.621377651559275e-08,20.711075287131948,0,0,not_needed,0,0,bragg,auto_sparse,500.0,14.183552179744003,0,0,0,voigt,voigt,0,5.796950179328412,0.2192179006665938
1100.0,5.796950179328412,-21,5.659894389872027e-10,20.26830581478086,0,0,not_needed,0,0,bragg,auto_sparse,500.0,14.183552179744003,0,0,0,voigt,voigt,0,5.796950179328412,0.2192179006665938
1100.0,5.796950179328412,-20,1.0199808565148664e-08,19.81607028376699,0,0,not_needed,0,0,bragg,auto_sparse,500.0,14.183552179744003,0,0,0,voigt,voigt,0,5.796950179328412,0.2192179006665938
1100.0,5.796950179328412,-19,1.2461424486108115e-08,19.353704160015496,0,0,not_needed,0,0,bragg,auto_sparse,500.0,14.183552179744003,0,0,0,voigt,voigt,0,5.796950179328412,0.2192179006665938
1100.0,5.796950179328412,-18,2.7636837431529085e-10,18.88046220030718,0,0,not_needed,0,0,bragg,auto_sparse,500.0,14.183552179744003,0,0,0,voigt,voigt,0,5.796950179328412,0.2192179006665938
1100.0,5.796950179328412,-17,1.2450707487554415e-08,18.395504037814547,0,0,not_needed,0,0,bragg,auto_sparse,500.0,14.183552179744003,0,0,0,voigt,voigt,0,5.796950179328412,0.2192179006665938
1100.0,5.796950179328412,-16,1.6980527052702575e-08,17.897876279962475,0,0,not_needed,0,0,bragg,auto_sparse,500.0,14.183552179744003,0,0,0,voigt,voigt,0,5.796950179328412,0.2192179006665938
1100.0,5.796950179328412,-15,1.2650570007308785e-13,17.386490028395983,0,0,not_needed,0,0,bragg,auto_sparse,500.0,14.183552179744003,0,0,0,voigt,voigt,0,5.796950179328412,0.2192179006665938
1100.0,5.796950179328412,-14,2.435617929870777e-08,16.860092303669575,0,0,not_needed,0,0,bragg,auto_sparse,500.0,14.183552179744003,0,0,0,voigt,voigt,0,5.796950179328412,0.2192179006665938
1100.0,5.796950179328412,-13,3.106198465397619e-08,16.31722922450136,0,0,not_needed,0,0,bragg,auto_sparse,500.0,14.183552179744003,0,0,0,voigt,voigt,0,5.796950179328412,0.2192179006665938
1100.0,5.796950179328412,-12,2.9214219770967054e-09,15.756197833155966,0,0,not_needed,0,0,bragg,auto_sparse,500.0,14.183552179744003,0,0,0,voigt,voigt,0,5.796950179328412,0.2192179006665938
1100.0,5.796950179328412,-11,4.519887142232599e-08,15.174981970854105,0,0,not_needed,0,0,bragg,auto_sparse,500.0,14.183552179744003,0,0,0,voigt,voigt,0,5.796950179328412,0.2192179006665938
1100.0,5.796950179328412,-10,6.464416792611866e-08,14.57116523199349,0,0,not_needed,0,0,bragg,auto_sparse,500.0,14.183552179744003,0,0,0,voigt,voigt,0,5.796950179328412,0.2192179006665938
1100.0,5.796950179328412,-9,5.362007422178804e-08,13.941810111004656,0,0,not_needed,0,0,bragg,auto_sparse,500.0,14.183552179744003,0,0,0,voigt,voigt,0,5.796950179328412,0.2192179006665938
1100.0,5.796950179328412,-8,4.495748544540277e-07,13.283285761061947,0,0,not_needed,0,0,bragg,auto_sparse,500.0,14.183552179744003,0,0,0,voigt,voigt,0,5.796950179328412,0.2192179006665938
1100.0,5.796950179328412,-7,9.10621530015828e-08,12.591014835817617,0,0,not_needed,0,0,bragg,auto_sparse,500.0,14.183552179744003,0,0,0,voigt,voigt,0,5.796950179328412,0.2192179006665938
1100.0,5.796950179328412,-6,1.6876999537289154e-06,11.859087457159404,0,0,not_needed,0,0,bragg,auto_sparse,500.0,14.183552179744003,0,0,0,voigt,voigt,0,5.796950179328412,0.2192179006665938
1100.0,5.796950179328412,-5,8.490849585090654e-06,11.079645620965593,0,0,not_needed,0,0,bragg,auto_sparse,500.0,14.183552179744003,0,0,0,voigt,voigt,0,5.796950179328412,0.2192179006665938
1100.0,5.796950179328412,-4,2.5251431142965916e-06,10.241845260678843,0,0,not_needed,0,0,bragg,auto_sparse,500.0,14.183552179744003,0,0,0,voigt,voigt,0,5.796950179328412,0.2192179006665938
1100.0,5.796950179328412,-3,0.0012932954262228518,9.329976508690223,0,0,not_needed,0,0,bragg,auto_sparse,500.0,14.183552179744003,0,0,0,voigt,voigt,0,5.796950179328412,0.2192179006665938
1100.0,5.796950179328412,-2,0.17344271184918655,8.319718366680604,0,0,not_needed,0,0,bragg,auto_sparse,500.0,14.183552179744003,0,0,0,voigt,voigt,0,5.796950179328412,0.2192179006665938
1100.0,5.796950179328412,-1,0.0019779655033845293,7.169596592503424,0,0,not_needed,0,0,bragg,auto_sparse,500.0,14.183552179744003,0,0,0,voigt,voigt,0,5.796950179328412,0.2192179006665938
1100.0,5.796950179328412,0,0.00024952499215648847,5.796950179328391,0,0,not_needed,0,0,bragg,auto_sparse,500.0,14.183552179744003,0,0,0,voigt,voigt,0,5.796950179328412,0.2192179006665938
1100.0,5.796950179328412,1,0.0003144403360384132,3.977716305127089,0,0,not_needed,0,0,bragg,auto_sparse,500.0,14.183552179744003,0,0,0,voigt,voigt,0,5.796950179328412,0.2192179006665938
1100.0,5.796950179328412,2,0.0,0.0,0,0,not_needed,0,0,bragg,auto_sparse,500.0,14.183552179744003,0,0,0,voigt,voigt,0,5.796950179328412,0.2192179006665938
1100.0,5.796950179328412,3,0.0,0.0,0,0,not_needed,0,0,bragg,auto_sparse,500.0,14.183552179744003,0,0,0,voigt,voigt,0,5.796950179328412,0.2192179006665938
1100.0,5.796950179328412,4,0.0,0.0,0,0,not_needed,0,0,bragg,auto_sparse,500.0,14.183552179744003,0,0,0,voigt,voigt,0,5.796950179328412,0.2192179006665938
1100.0,5.796950179328412,5,0.0,0.0,0,0,not_needed,0,0,bragg,auto_sparse,500.0,14.183552179744003,0,0,0,voigt,voigt,0,5.796950179328412,0.2192179006665938
1100.0,5.796950179328412,6,0.0,0.0,0,0,not_needed,0,0,bragg,auto_sparse,500.0,14.183552179744003,0,0,0,voigt,voigt,0,5.796950179328412,0.2192179006665938
1100.0,5.796950179328412,7,0.0,0.0,0,0,not_needed,0,0,bragg,auto_sparse,500.0,14.183552179744003,0,0,0,voigt,voigt,0,5.796950179328412,0.2192179006665938
1100.0,5.796950179328412,8,0.0,0.0,0,0,not_needed,0,0,bragg,auto_sparse,500.0,14.183552179744003,0,0,0,voigt,voigt,0,5.796950179328412,0.2192179006665938
1100.0,5.796950179328412,9,0.0,0.0,0,0,not_needed,0,0,bragg,auto_sparse,500.0,14.183552179744003,0,0,0,voigt,voigt,0,5.796950179328412,0.2192179006665938
1100.0,5.796950179328412,10,0.0,0.0,0,0,not_needed,0,0,bragg,auto_sparse,500.0,14.183552179744003,0,0,0,voigt,voigt,0,5.796950179328412,0.2192179006665938
1100.0,5.796950179328412,11,0.0,0.0,0,0,not_needed,0,0,bragg,auto_sparse,500.0,14.183552179744003,0,0,0,voigt,voigt,0,5.796950179328412,0.2192179006665938
1100.0,5.796950179328412,12,0.0,0.0,0,0,not_needed,0,0,bragg,auto_sparse,500.0,14.183552179744003,0,0,0,voigt,voigt,0,5.796950179328412,0.2192179006665938
1100.0,5.796950179328412,13,0.0,0.0,0,0,not_needed,0,0,bragg,auto_sparse,500.0,14.183552179744003,0,0,0,voigt,voigt,0,5.796950179328412,0.2192179006665938
1100.0,5.796950179328412,14,0.0,0.0,0,0,not_needed,0,0,bragg,auto_sparse,500.0,14.183552179744003,0,0,0,voigt,voigt,0,5.796950179328412,0.2192179006665938
1100.0,5.796950179328412,15,0.0,0.0,0,0,not_needed,0,0,bragg,auto_sparse,500.0,14.183552179744003,0,0,0,voigt,voigt,0,5.796950179328412,0.2192179006665938
1100.0,5.796950179328412,16,0.0,0.0,0,0,not_needed,0,0,bragg,auto_sparse,500.0,14.183552179744003,0,0,0,voigt,voigt,0,5.796950179328412,0.2192179006665938
1100.0,5.796950179328412,17,0.0,0.0,0,0,not_needed,0,0,bragg,auto_sparse,500.0,14.183552179744003,0,0,0,voigt,voigt,0,5.796950179328412,0.2192179006665938
1100.0,5.796950179328412,18,0.0,0.0,0,0,not_needed,0,0,bragg,auto_sparse,500.0,14.183552179744003,0,0,0,voigt,voigt,0,5.796950179328412,0.2192179006665938
1100.0,5.796950179328412,19,0.0,0.0,0,0,not_needed,0,0,bragg,auto_sparse,500.0,14.183552179744003,0,0,0,voigt,voigt,0,5.796950179328412,0.2192179006665938
1100.0,5.796950179328412,20,0.0,0.0,0,0,not_needed,0,0,bragg,auto_sparse,500.0,14.183552179744003,0,0,0,voigt,voigt,0,5.796950179328412,0.2192179006665938
1100.0,5.796950179328412,21,0.0,0.0,0,0,not_needed,0,0,bragg,auto_sparse,500.0,14.183552179744003,0,0,0,voigt,voigt,0,5.796950179328412,0.2192179006665938
1100.0,5.796950179328412,22,0.0,0.0,0,0,not_needed,0,0,bragg,auto_sparse,500.0,14.183552179744003,0,0,0,voigt,voigt,0,5.796950179328412,0.2192179006665938
1100.0,5.796950179328412,23,0.0,0.0,0,0,not_needed,0,0,bragg,auto_sparse,500.0,14.183552179744003,0,0,0,voigt,voigt,0,5.796950179328412,0.2192179006665938
1100.0,5.796950179328412,24,0.0,0.0,0,0,not_needed,0,0,bragg,auto_sparse,500.0,14.183552179744003,0,0,0,voigt,voigt,0,5.796950179328412,0.2192179006665938
1100.0,5.796950179328412,25,0.0,0.0,0,0,not_needed,0,0,bragg,auto_sparse,500.0,14.183552179744003,0,0,0,voigt,voigt,0,5.796950179328412,0.2192179006665938
1300.0,4.7180663939999175,-25,6.538591499590818e-09,20.05064040047347,0,0,not_needed,0,0,bragg,auto_sparse,500.0,14.183552179744003,0,0,0,voigt,voigt,0,4.7180663939999175,0.16596776635642058
1300.0,4.7180663939999175,-24,3.49062748063248e-09,19.66456843133011,0,0,not_needed,0,0,bragg,auto_sparse,500.0,14.183552179744003,0,0,0,voigt,voigt,0,4.7180663939999175,0.16596776635642058
1300.0,4.7180663939999175,-23,3.2571662224766466e-08,19.27107531865427,0,0,not_needed,0,0,bragg,auto_sparse,500.0,14.183552179744003,0,0,0,voigt,voigt,0,4.7180663939999175,0.16596776635642058
1300.0,4.7180663939999175,-22,1.5101772904488554e-06,18.86969620554919,0,0,not_needed,0,0,bragg,auto_sparse,500.0,14.183552179744003,0,0,0,voigt,voigt,0,4.7180663939999175,0.16596776635642058
1300.0,4.7180663939999175,-21,4.0420985733988705e-08,18.45991608584677,0,0,not_needed,0,0,bragg,auto_sparse,500.0,14.183552179744003,0,0,0,voigt,voigt,0,4.7180663939999175,0.16596776635642058
1300.0,4.7180663939999175,-20,3.245361014807423e-08,18.041161893689036,0,0,not_needed,0,0,bragg,auto_sparse,500.0,14.183552179744003,0,0,0,voigt,voigt,0,4.7180663939999175,0.16596776635642058
1300.0,4.7180663939999175,-19,5.5352505611195136e-08,17.61279291332201,0,0,not_needed,0,0,bragg,auto_sparse,500.0,14.183552179744003,0,0,0,voigt,voigt,0,4.7180663939999175,0.16596776635642058
1300.0,4.7180663939999175,-18,6.755990350621984e-09,17.17408905148342,0,0,not_needed,0,0,bragg,auto_sparse,500.0,14.183552179744003,0,0,0,voigt,voigt,0,4.7180663939999175,0.16596776635642058
1300.0,4.7180663939999175,-17,1.3916141307460528e-08,16.724236359715576,0,0,not_needed,0,0,bragg,auto_sparse,500.0,14.183552179744003,0,0,0,voigt,voigt,0,4.7180663939999175,0.16596776635642058
1300.0,4.7180663939999175,-16,3.244944953922885e-08,16.262308974919435,0,0,not_needed,0,0,bragg,auto_sparse,500.0,14.183552179744003,0,0,0,voigt,voigt,0,4.7180663939999175,0.16596776635642058
1300.0,4.7180663939999175,-15,3.4654551545015668e-09,15.787246331815098,0,0,not_needed,0,0,bragg,auto_sparse,500.0,14.183552179744003,0,0,0,voigt,voigt,0,4.7180663939999175,0.16596776635642058
1300.0,4.7180663939999175,-14,2.4981907928696163e-08,15.297824040424729,0,0,not_needed,0,0,bragg,auto_sparse,500.0,14.183552179744003,0,0,0,voigt,voigt,0,4.7180663939999175,0.16596776635642058
1300.0,4.7180663939999175,-13,4.511386110809952e-08,14.792616133469835,0,0,not_needed,0,0,bragg,auto_sparse,500.0,14.183552179744003,0,0,0,voigt,voigt,0,4.7180663939999175,0.16596776635642058
1300.0,4.7180663939999175,-12,2.728346238229142e-10,14.26994533604514,0,0,not_needed,0,0,bragg,auto_sparse,500.0,14.183552179744003,0,0,0,voigt,voigt,0,4.7180663939999175,0.16596776635642058
1300.0,4.7180663939999175,-11,6.767703640745135e-08,13.727816357784405,0,0,not_needed,0,0,bragg,auto_sparse,500.0,14.183552179744003,0,0,0,voigt,voigt,0,4.7180663939999175,0.16596776635642058
1300.0,4.7180663939999175,-10,1.294645797829222e-07,13.16382453666796,0,0,not_needed,0,0,bragg,auto_sparse,500.0,14.183552179744003,0,0,0,voigt,voigt,0,4.7180663939999175,0.16596776635642058
1300.0,4.7180663939999175,-9,2.0761418876655162e-08,12.57502769691203,0,0,not_needed,0,0,bragg,auto_sparse,500.0,14.183552179744003,0,0,0,voigt,voigt,0,4.7180663939999175,0.16596776635642058
1300.0,4.7180663939999175,-8,4.3173946162723047e-07,11.957761316508453,0,0,not_needed,0,0,bragg,auto_sparse,500.0,14.183552179744003,0,0,0,voigt,voigt,0,4.7180663939999175,0.16596776635642058
1300.0,4.7180663939999175,-7,2.682022859702419e-07,11.30736296321463,0,0,not_needed,0,0,bragg,auto_sparse,500.0,14.183552179744003,0,0,0,voigt,voigt,0,4.7180663939999175,0.16596776635642058
1300.0,4.7180663939999175,-6,1.3497863508789072e-06,10.617744791454399,0,0,not_needed,0,0,bragg,auto_sparse,500.0,14.183552179744003,0,0,0,voigt,voigt,0,4.7180663939999175,0.16596776635642058
1300.0,4.7180663939999175,-5,1.0675653877075812e-05,9.88069714295331,0,0,not_needed,0,0,bragg,auto_sparse,500.0,14.183552179744003,0,0,0,voigt,voigt,0,4.7180663939999175,0.16596776635642058
1300.0,4.7180663939999175,-4,1.2296728178719067e-06,9.084682188879626,0,0,not_needed,0,0,bragg,auto_sparse,500.0,14.183552179744003,0,0,0,voigt,voigt,0,4.7180663939999175,0.16596776635642058
1300.0,4.7180663939999175,-3,0.0011163910277418316,8.212570024942366,0,0,not_needed,0,0,bragg,auto_sparse,500.0,14.183552179744003,0,0,0,voigt,voigt,0,4.7180663939999175,0.16596776635642058
1300.0,4.7180663939999175,-2,0.23770252106029802,7.236900064974876,0,0,not_needed,0,0,bragg,auto_sparse,500.0,14.183552179744003,0,0,0,voigt,voigt,0,4.7180663939999175,0.16596776635642058
1300.0,4.7180663939999175,-1,0.001964106367360377,6.108246691005988,0,0,not_needed,0,0,bragg,auto_sparse,500.0,14.183552179744003,0,0,0,voigt,voigt,0,4.7180663939999175,0.16596776635642058
1300.0,4.7180663939999175,0,0.00020640330849932745,4.718066393999933,0,0,not_needed,0,0,bragg,auto_sparse,500.0,14.183552179744003,0,0,0,voigt,voigt,0,4.7180663939999175,0.16596776635642058
1300.0,4.7180663939999175,1,0.0009340190120963314,2.6872141733048522,0,0,not_needed,0,0,bragg,auto_sparse,500.0,14.183552179744003,0,0,0,voigt,voigt,0,4.7180663939999175,0.16596776635642058
1300.0,4.7180663939999175,2,0.0,0.0,0,0,not_needed,0,0,bragg,auto_sparse,500.0,14.183552179744003,0,0,0,voigt,voigt,0,4.7180663939999175,0.16596776635642058
1300.0,4.7180663939999175,3,0.0,0.0,0,0,not_needed,0,0,bragg,auto_sparse,500.0,14.183552179744003,0,0,0,voigt,voigt,0,4.7180663939999175,0.16596776635642058
1300.0,4.7180663939999175,4,0.0,0.0,0,0,not_needed,0,0,bragg,auto_sparse,500.0,14.183552179744003,0,0,0,voigt,voigt,0,4.7180663939999175,0.16596776635642058
1300.0,4.7180663939999175,5,0.0,0.0,0,0,not_needed,0,0,bragg,auto_sparse,500.0,14.183552179744003,0,0,0,voigt,voigt,0,4.7180663939999175,0.16596776635642058
1300.0,4.7180663939999175,6,0.0,0.0,0,0,not_needed,0,0,bragg,auto_sparse,500.0,14.183552179744003,0,0,0,voigt,voigt,0,4.7180663939999175,0.16596776635642058
1300.0,4.7180663939999175,7,0.0,0.0,0,0,not_needed,0,0,bragg,auto_sparse,500.0,14.183552179744003,0,0,0,voigt,voigt,0,4.7180663939999175,0.16596776635642058
1300.0,4.7180663939999175,8,0.0,0.0,0,0,not_needed,0,0,bragg,auto_sparse,500.0,14.183552179744003,0,0,0,voigt,voigt,0,4.7180663939999175,0.16596776635642058
1300.0,4.7180663939999175,9,0.0,0.0,0,0,not_needed,0,0,bragg,auto_sparse,500.0,14.183552179744003,0,0,0,voigt,voigt,0,4.7180663939999175,0.16596776635642058
1300.0,4.7180663939999175,10,0.0,0.0,0,0,not_needed,0,0,bragg,auto_sparse,500.0,14.183552179744003,0,0,0,voigt,voigt,0,4.7180663939999175,0.16596776635642058
1300.0,4.7180663939999175,11,0.0,0.0,0,0,not_needed,0,0,bragg,auto_sparse,500.0,14.183552179744003,0,0,0,voigt,voigt,0,4.7180663939999175,0.16596776635642058
1300.0,4.7180663939999175,12,0.0,0.0,0,0,not_needed,0,0,bragg,auto_sparse,500.0,14.183552179744003,0,0,0,voigt,voigt,0,4.7180663939999175,0.16596776635642058
1300.0,4.7180663939999175,13,0.0,0.0,0,0,not_needed,0,0,bragg,auto_sparse,500.0,14.183552179744003,0,0,0,voigt,voigt,0,4.7180663939999175,0.16596776635642058
1300.0,4.7180663939999175,14,0.0,0.0,0,0,not_needed,0,0,bragg,auto_sparse,500.0,14.183552179744003,0,0,0,voigt,voigt,0,4.7180663939999175,0.16596776635642058
1300.0,4.7180663939999175,15,0.0,0.0,0,0,not_needed,0,0,bragg,auto_sparse,500.0,14.183552179744003,0,0,0,voigt,voigt,0,4.7180663939999175,0.16596776635642058
1300.0,4.7180663939999175,16,0.0,0.0,0,0,not_needed,0,0,bragg,auto_sparse,500.0,14.183552179744003,0,0,0,voigt,voigt,0,4.7180663939999175,0.16596776635642058
1300.0,4.7180663939999175,17,0.0,0.0,0,0,not_needed,0,0,bragg,auto_sparse,500.0,14.183552179744003,0,0,0,voigt,voigt,0,4.7180663939999175,0.16596776635642058
1300.0,4.7180663939999175,18,0.0,0.0,0,0,not_needed,0,0,bragg,auto_sparse,500.0,14.183552179744003,0,0,0,voigt,voigt,0,4.7180663939999175,0.16596776635642058
1300.0,4.7180663939999175,19,0.0,0.0,0,0,not_needed,0,0,bragg,auto_sparse,500.0,14.183552179744003,0,0,0,voigt,voigt,0,4.7180663939999175,0.16596776635642058
1300.0,4.7180663939999175,20,0.0,0.0,0,0,not_needed,0,0,bragg,auto_sparse,500.0,14.183552179744003,0,0,0,voigt,voigt,0,4.7180663939999175,0.16596776635642058
1300.0,4.7180663939999175,21,0.0,0.0,0,0,not_needed,0,0,bragg,auto_sparse,500.0,14.183552179744003,0,0,0,voigt,voigt,0,4.7180663939999175,0.16596776635642058
1300.0,4.7180663939999175,22,0.0,0.0,0,0,not_needed,0,0,bragg,auto_sparse,500.0,14.183552179744003,0,0,0,voigt,voigt,0,4.7180663939999175,0.16596776635642058
1300.0,4.7180663939999175,23,0.0,0.0,0,0,not_needed,0,0,bragg,auto_sparse,500.0,14.183552179744003,0,0,0,voigt,voigt,0,4.7180663939999175,0.16596776635642058
1300.0,4.7180663939999175,24,0.0,0.0,0,0,not_needed,0,0,bragg,auto_sparse,500.0,14.183552179744003,0,0,0,voigt,voigt,0,4.7180663939999175,0.16596776635642058
1300.0,4.7180663939999175,25,0.0,0.0,0,0,not_needed,0,0,bragg,auto_sparse,500.0,14.183552179744003,0,0,0,voigt,voigt,0,4.7180663939999175,0.16596776635642058
1500.0,3.926823129824306,-25,1.4440940706738433e-09,18.547490238830363,0,0,not_needed,0,0,bragg,auto_sparse,500.0,14.183552179744003,0,0,0,voigt,voigt,0,3.926823129824306,0.14499150128144467
1500.0,3.926823129824306,-24,1.4180674969327953e-09,18.186795428184425,0,0,not_needed,0,0,bragg,auto_sparse,500.0,14.183552179744003,0,0,0,voigt,voigt,0,3.926823129824306,0.14499150128144467
1500.0,3.926823129824306,-23,1.2112936715518494e-09,17.819052420470157,0,0,not_needed,0,0,bragg,auto_sparse,500.0,14.183552179744003,0,0,0,voigt,voigt,0,3.926823129824306,0.14499150128144467
1500.0,3.926823129824306,-22,1.676191196158971e-08,17.443815042707698,0,0,not_needed,0,0,bragg,auto_sparse,500.0,14.183552179744003,0,0,0,voigt,voigt,0,3.926823129824306,0.14499150128144467
1500.0,3.926823129824306,-21,2.1416124284809867e-08,17.060588373822583,0,0,not_needed,0,0,bragg,auto_sparse,500.0,14.183552179744003,0,0,0,voigt,voigt,0,3.926823129824306,0.14499150128144467
1500.0,3.926823129824306,-20,9.121870644605227e-08,16.66882095182376,0,0,not_needed,0,0,bragg,auto_sparse,500.0,14.183552179744003,0,0,0,voigt,voigt,0,3.926823129824306,0.14499150128144467
1500.0,3.926823129824306,-19,1.3488544031414553e-06,16.26789530273696,0,0,not_needed,0,0,bragg,auto_sparse,500.0,14.183552179744003,0,0,0,voigt,voigt,0,3.926823129824306,0.14499150128144467
1500.0,3.926823129824306,-18,7.474021411996074e-08,15.857116327281233,0,0,not_needed,0,0,bragg,auto_sparse,500.0,14.183552179744003,0,0,0,voigt,voigt,0,3.926823129824306,0.14499150128144467
1500.0,3.926823129824306,-17,2.7624742377338376e-08,15.435696921588189,0,0,not_needed,0,0,bragg,auto_sparse,500.0,14.183552179744003,0,0,0,voigt,voigt,0,3.926823129824306,0.14499150128144467
1500.0,3.926823129824306,-16,1.2639642853947855e-07,15.002739981601394,0,0,not_needed,0,0,bragg,auto_sparse,500.0,14.183552179744003,0,0,0,voigt,voigt,0,3.926823129824306,0.14499150128144467
1500.0,3.926823129824306,-15,1.1264404749387115e-08,14.55721561341629,0,0,not_needed,0,0,bragg,auto_sparse,500.0,14.183552179744003,0,0,0,voigt,voigt,0,3.926823129824306,0.14499150128144467
1500.0,3.926823129824306,-14,3.104986617794227e-08,14.097931889796826,0,0,not_needed,0,0,bragg,auto_sparse,500.0,14.183552179744003,0,0,0,voigt,voigt,0,3.926823129824306,0.14499150128144467
1500.0,3.926823129824306,-13,6.18311900423974e-08,13.623496768025873,0,0,not_needed,0,0,bragg,auto_sparse,500.0,14.183552179744003,0,0,0,voigt,voigt,0,3.926823129824306,0.14499150128144467
1500.0,3.926823129824306,-12,1.6959414089206037e-09,13.132267667115116,0,0,not_needed,0,0,bragg,auto_sparse,500.0,14.183552179744003,0,0,0,voigt,voigt,0,3.926823129824306,0.14499150128144467
1500.0,3.926823129824306,-11,6.187266458290993e-08,12.622283434114621,0,0,not_needed,0,0,bragg,auto_sparse,500.0,14.183552179744003,0,0,0,voigt,voigt,0,3.926823129824306,0.14499150128144467
1500.0,3.926823129824306,-10,9.065197924506472e-08,12.091170543035744,0,0,not_needed,0,0,bragg,auto_sparse,500.0,14.183552179744003,0,0,0,voigt,voigt,0,3.926823129824306,0.14499150128144467
1500.0,3.926823129824306,-9,3.843846313562506e-08,11.536010490085843,0,0,not_needed,0,0,bragg,auto_sparse,500.0,14.183552179744003,0,0,0,voigt,voigt,0,3.926823129824306,0.14499150128144467
1500.0,3.926823129824306,-8,6.134963487792368e-07,10.953146754464427,0,0,not_needed,0,0,bragg,auto_sparse,500.0,14.183552179744003,0,0,0,voigt,voigt,0,3.926823129824306,0.14499150128144467
1500.0,3.926823129824306,-7,3.033850436992753e-07,10.337893812727458,0,0,not_needed,0,0,bragg,auto_sparse,500.0,14.183552179744003,0,0,0,voigt,voigt,0,3.926823129824306,0.14499150128144467
1500.0,3.926823129824306,-6,1.573291290447243e-06,9.684079617011832,0,0,not_needed,0,0,bragg,auto_sparse,500.0,14.183552179744003,0,0,0,voigt,voigt,0,3.926823129824306,0.14499150128144467
1500.0,3.926823129824306,-5,4.835841865628544e-06,8.983287734619807,0,0,not_needed,0,0,bragg,auto_sparse,500.0,14.183552179744003,0,0,0,voigt,voigt,0,3.926823129824306,0.14499150128144467
1500.0,3.926823129824306,-4,1.2815102856902822e-06,8.223516040233235,0,0,not_needed,0,0,bragg,auto_sparse,500.0,14.183552179744003,0,0,0,voigt,voigt,0,3.926823129824306,0.14499150128144467
1500.0,3.926823129824306,-3,0.000991631616597616,7.38658627411634,0,0,not_needed,0,0,bragg,auto_sparse,500.0,14.183552179744003,0,0,0,voigt,voigt,0,3.926823129824306,0.14499150128144467
1500.0,3.926823129824306,-2,0.29797844770642323,6.442496942550548,0,0,not_needed,0,0,bragg,auto_sparse,500.0,14.183552179744003,0,0,0,voigt,voigt,0,3.926823129824306,0.14499150128144467
1500.0,3.926823129824306,-1,0.0018876653357879263,5.334653922946302,0,0,not_needed,0,0,bragg,auto_sparse,500.0,14.183552179744003,0,0,0,voigt,voigt,0,3.926823129824306,0.14499150128144467
1500.0,3.926823129824306,0,0.00026254078320224965,3.926823129824257,0,0,not_needed,0,0,bragg,auto_sparse,500.0,14.183552179744003,0,0,0,voigt,voigt,0,3.926823129824306,0.14499150128144467
1500.0,3.926823129824306,1,0.006827627358638529,1.5459545191572488,0,0,not_needed,0,0,bragg,auto_sparse,500.0,14.183552179744003,0,0,0,voigt,voigt,0,3.926823129824306,0.14499150128144467
1500.0,3.926823129824306,2,0.0,0.0,0,0,not_needed,0,0,bragg,auto_sparse,500.0,14.183552179744003,0,0,0,voigt,voigt,0,3.926823129824306,0.14499150128144467
1500.0,3.926823129824306,3,0.0,0.0,0,0,not_needed,0,0,bragg,auto_sparse,500.0,14.183552179744003,0,0,0,voigt,voigt,0,3.926823129824306,0.14499150128144467
1500.0,3.926823129824306,4,0.0,0.0,0,0,not_needed,0,0,bragg,auto_sparse,500.0,14.183552179744003,0,0,0,voigt,voigt,0,3.926823129824306,0.14499150128144467
1500.0,3.926823129824306,5,0.0,0.0,0,0,not_needed,0,0,bragg,auto_sparse,500.0,14.183552179744003,0,0,0,voigt,voigt,0,3.926823129824306,0.14499150128144467
1500.0,3.926823129824306,6,0.0,0.0,0,0,not_needed,0,0,bragg,auto_sparse,500.0,14.183552179744003,0,0,0,voigt,voigt,0,3.926823129824306,0.14499150128144467
1500.0,3.926823129824306,7,0.0,0.0,0,0,not_needed,0,0,bragg,auto_sparse,500.0,14.183552179744003,0,0,0,voigt,voigt,0,3.926823129824306,0.14499150128144467
1500.0,3.926823129824306,8,0.0,0.0,0,0,not_needed,0,0,bragg,auto_sparse,500.0,14.183552179744003,0,0,0,voigt,voigt,0,3.926823129824306,0.14499150128144467
1500.0,3.926823129824306,9,0.0,0.0,0,0,not_needed,0,0,bragg,auto_sparse,500.0,14.183552179744003,0,0,0,voigt,voigt,0,3.926823129824306,0.14499150128144467
1500.0,3.926823129824306,10,0.0,0.0,0,0,not_needed,0,0,bragg,auto_sparse,500.0,14.183552179744003,0,0,0,voigt,voigt,0,3.926823129824306,0.14499150128144467
1500.0,3.926823129824306,11,0.0,0.0,0,0,not_needed,0,0,bragg,auto_sparse,500.0,14.183552179744003,0,0,0,voigt,voigt,0,3.926823129824306,0.14499150128144467
1500.0,3.926823129824306,12,0.0,0.0,0,0,not_needed,0,0,bragg,auto_sparse,500.0,14.183552179744003,0,0,0,voigt,voigt,0,3.926823129824306,0.14499150128144467
1500.0,3.926823129824306,13,0.0,0.0,0,0,not_needed,0,0,bragg,auto_sparse,500.0,14.183552179744003,0,0,0,voigt,voigt,0,3.926823129824306,0.14499150128144467
1500.0,3.926823129824306,14,0.0,0.0,0,0,not_needed,0,0,bragg,auto_sparse,500.0,14.183552179744003,0,0,0,voigt,voigt,0,3.926823129824306,0.14499150128144467
1500.0,3.926823129824306,15,0.0,0.0,0,0,not_needed,0,0,bragg,auto_sparse,500.0,14.183552179744003,0,0,0,voigt,voigt,0,3.926823129824306,0.14499150128144467
1500.0,3.926823129824306,16,0.0,0.0,0,0,not_needed,0,0,bragg,auto_sparse,500.0,14.183552179744003,0,0,0,voigt,voigt,0,3.926823129824306,0.14499150128144467
1500.0,3.926823129824306,17,0.0,0.0,0,0,not_needed,0,0,bragg,auto_sparse,500.0,14.183552179744003,0,0,0,voigt,voigt,0,3.926823129824306,0.14499150128144467
1500.0,3.926823129824306,18,0.0,0.0,0,0,not_needed,0,0,bragg,auto_sparse,500.0,14.183552179744003,0,0,0,voigt,voigt,0,3.926823129824306,0.14499150128144467
1500.0,3.926823129824306,19,0.0,0.0,0,0,not_needed,0,0,bragg,auto_sparse,500.0,14.183552179744003,0,0,0,voigt,voigt,0,3.926823129824306,0.14499150128144467
1500.0,3.926823129824306,20,0.0,0.0,0,0,not_needed,0,0,bragg,auto_sparse,500.0,14.183552179744003,0,0,0,voigt,voigt,0,3.926823129824306,0.14499150128144467
1500.0,3.926823129824306,21,0.0,0.0,0,0,not_needed,0,0,bragg,auto_sparse,500.0,14.183552179744003,0,0,0,voigt,voigt,0,3.926823129824306,0.14499150128144467
1500.0,3.926823129824306,22,0.0,0.0,0,0,not_needed,0,0,bragg,auto_sparse,500.0,14.183552179744003,0,0,0,voigt,voigt,0,3.926823129824306,0.14499150128144467
1500.0,3.926823129824306,23,0.0,0.0,0,0,not_needed,0,0,bragg,auto_sparse,500.0,14.183552179744003,0,0,0,voigt,voigt,0,3.926823129824306,0.14499150128144467
1500.0,3.926823129824306,24,0.0,0.0,0,0,not_needed,0,0,bragg,auto_sparse,500.0,14.183552179744003,0,0,0,voigt,voigt,0,3.926823129824306,0.14499150128144467
1500.0,3.926823129824306,25,0.0,0.0,0,0,not_needed,0,0,bragg,auto_sparse,500.0,14.183552179744003,0,0,0,voigt,voigt,0,3.926823129824306,0.14499150128144467
1700.0,3.3223462722899773,-25,6.563543779429299e-10,17.33833074912114,0,0,not_needed,0,0,bragg,auto_sparse,500.0,14.183552179744003,0,0,0,voigt,voigt,0,3.3223462722899773,0.12952554644597525
1700.0,3.3223462722899773,-24,1.243160824764139e-09,16.998590406764876,0,0,not_needed,0,0,bragg,auto_sparse,500.0,14.183552179744003,0,0,0,voigt,voigt,0,3.3223462722899773,0.12952554644597525
1700.0,3.3223462722899773,-23,3.6056635465240374e-10,16.65212852157498,0,0,not_needed,0,0,bragg,auto_sparse,500.0,14.183552179744003,0,0,0,voigt,voigt,0,3.3223462722899773,0.12952554644597525
1700.0,3.3223462722899773,-22,2.7532417357329667e-09,16.298516149846535,0,0,not_needed,0,0,bragg,auto_sparse,500.0,14.183552179744003,0,0,0,voigt,voigt,0,3.3223462722899773,0.12952554644597525
1700.0,3.3223462722899773,-21,5.781068348176547e-09,15.937277028326491,0,0,not_needed,0,0,bragg,auto_sparse,500.0,14.183552179744003,0,0,0,voigt,voigt,0,3.3223462722899773,0.12952554644597525
1700.0,3.3223462722899773,-20,5.80991348092311e-10,15.567879932463399,0,0,not_needed,0,0,bragg,auto_sparse,500.0,14.183552179744003,0,0,0,voigt,voigt,0,3.3223462722899773,0.12952554644597525
1700.0,3.3223462722899773,-19,4.9243010146065706e-08,15.1897293712385,0,0,not_needed,0,0,bragg,auto_sparse,500.0,14.183552179744003,0,0,0,voigt,voigt,0,3.3223462722899773,0.12952554644597525
1700.0,3.3223462722899773,-18,1.713689016023774e-06,14.802154153451212,0,0,not_needed,0,0,bragg,auto_sparse,500.0,14.183552179744003,0,0,0,voigt,voigt,0,3.3223462722899773,0.12952554644597525
1700.0,3.3223462722899773,-17,1.6508115506655535e-07,14.404393198347321,0,0,not_needed,0,0,bragg,auto_sparse,500.0,14.183552179744003,0,0,0,voigt,voigt,0,3.3223462722899773,0.12952554644597525
1700.0,3.3223462722899773,-16,2.462266281990929e-07,13.995577732693548,0,0,not_needed,0,0,bragg,auto_sparse,500.0,14.183552179744003,0,0,0,voigt,voigt,0,3.3223462722899773,0.12952554644597525
1700.0,3.3223462722899773,-15,6.24561823152565e-08,13.574708681696293,0,0,not_needed,0,0,bragg,auto_sparse,500.0,14.183552179744003,0,0,0,voigt,voigt,0,3.3223462722899773,0.12952554644597525
1700.0,3.3223462722899773,-14,5.659667205855127e-08,13.140627566086991,0,0,not_needed,0,0,bragg,auto_sparse,500.0,14.183552179744003,0,0,0,voigt,voigt,0,3.3223462722899773,0.12952554644597525
1700.0,3.3223462722899773,-13,8.555049120348082e-08,12.691978469174245,0,0,not_needed,0,0,bragg,auto_sparse,500.0,14.183552179744003,0,0,0,voigt,voigt,0,3.3223462722899773,0.12952554644597525
1700.0,3.3223462722899773,-12,1.894870786606019e-08,12.227157477772735,0,0,not_needed,0,0,bragg,auto_sparse,500.0,14.183552179744003,0,0,0,voigt,voigt,0,3.3223462722899773,0.12952554644597525
1700.0,3.3223462722899773,-11,4.829381711808788e-08,11.744244152975142,0,0,not_needed,0,0,bragg,auto_sparse,500.0,14.183552179744003,0,0,0,voigt,voigt,0,3.3223462722899773,0.12952554644597525
1700.0,3.3223462722899773,-10,1.4827650973108032e-07,11.240906547986782,0,0,not_needed,0,0,bragg,auto_sparse,500.0,14.183552179744003,0,0,0,voigt,voigt,0,3.3223462722899773,0.12952554644597525
1700.0,3.3223462722899773,-9,2.3595084392326557e-08,10.714266108283084,0,0,not_needed,0,0,bragg,auto_sparse,500.0,14.183552179744003,0,0,0,voigt,voigt,0,3.3223462722899773,0.12952554644597525
1700.0,3.3223462722899773,-8,7.141385916026557e-07,10.160699570765615,0,0,not_needed,0,0,bragg,auto_sparse,500.0,14.183552179744003,0,0,0,voigt,voigt,0,3.3223462722899773,0.12952554644597525
1700.0,3.3223462722899773,-7,5.082403142880029e-07,9.575537740210663,0,0,not_needed,0,0,bragg,auto_sparse,500.0,14.183552179744003,0,0,0,voigt,voigt,0,3.3223462722899773,0.12952554644597525
1700.0,3.3223462722899773,-6,3.5514432384376975e-07,8.952586799926763,0,0,not_needed,0,0,bragg,auto_sparse,500.0,14.183552179744003,0,0,0,voigt,voigt,0,3.3223462722899773,0.12952554644597525
1700.0,3.3223462722899773,-5,5.141434667248879e-06,8.283324719439847,0,0,not_needed,0,0,bragg,auto_sparse,500.0,14.183552179744003,0,0,0,voigt,voigt,0,3.3223462722899773,0.12952554644597525
1700.0,3.3223462722899773,-4,1.3246880950448247e-06,7.555454154478355,0,0,not_needed,0,0,bragg,auto_sparse,500.0,14.183552179744003,0,0,0,voigt,voigt,0,3.3223462722899773,0.12952554644597525
1700.0,3.3223462722899773,-3,0.0010346132931926307,6.750041342377955,0,0,not_needed,0,0,bragg,auto_sparse,500.0,14.183552179744003,0,0,0,voigt,voigt,0,3.3223462722899773,0.12952554644597525
1700.0,3.3223462722899773,-2,0.361043135463339,5.835063911789973,0,0,not_needed,0,0,bragg,auto_sparse,500.0,14.183552179744003,0,0,0,voigt,voigt,0,3.3223462722899773,0.12952554644597525
1700.0,3.3223462722899773,-1,0.0022743482017987407,4.74759056903855,0,0,not_needed,0,0,bragg,auto_sparse,500.0,14.183552179744003,0,0,0,voigt,voigt,0,3.3223462722899773,0.12952554644597525
1700.0,3.3223462722899773,0,1.6908306324116854e-05,3.3223462722900763,0,0,not_needed,0,0,bragg,auto_sparse,500.0,14.183552179744003,0,0,0,voigt,voigt,0,3.3223462722899773,0.12952554644597525
1700.0,3.3223462722899773,1,0.0,0.0,0,0,not_needed,0,0,bragg,auto_sparse,500.0,14.183552179744003,0,0,0,voigt,voigt,0,3.3223462722899773,0.12952554644597525
1700.0,3.3223462722899773,2,0.0,0.0,0,0,not_needed,0,0,bragg,auto_sparse,500.0,14.183552179744003,0,0,0,voigt,voigt,0,3.3223462722899773,0.12952554644597525
1700.0,3.3223462722899773,3,0.0,0.0,0,0,not_needed,0,0,bragg,auto_sparse,500.0,14.183552179744003,0,0,0,voigt,voigt,0,3.3223462722899773,0.12952554644597525
1700.0,3.3223462722899773,4,0.0,0.0,0,0,not_needed,0,0,bragg,auto_sparse,500.0,14.183552179744003,0,0,0,voigt,voigt,0,3.3223462722899773,0.12952554644597525
1700.0,3.3223462722899773,5,0.0,0.0,0,0,not_needed,0,0,bragg,auto_sparse,500.0,14.183552179744003,0,0,0,voigt,voigt,0,3.3223462722899773,0.12952554644597525
1700.0,3.3223462722899773,6,0.0,0.0,0,0,not_needed,0,0,bragg,auto_sparse,500.0,14.183552179744003,0,0,0,voigt,voigt,0,3.3223462722899773,0.12952554644597525
1700.0,3.3223462722899773,7,0.0,0.0,0,0,not_needed,0,0,bragg,auto_sparse,500.0,14.183552179744003,0,0,0,voigt,voigt,0,3.3223462722899773,0.12952554644597525
1700.0,3.3223462722899773,8,0.0,0.0,0,0,not_needed,0,0,bragg,auto_sparse,500.0,14.183552179744003,0,0,0,voigt,voigt,0,3.3223462722899773,0.12952554644597525
1700.0,3.3223462722899773,9,0.0,0.0,0,0,not_needed,0,0,bragg,auto_sparse,500.0,14.183552179744003,0,0,0,voigt,voigt,0,3.3223462722899773,0.12952554644597525
1700.0,3.3223462722899773,10,0.0,0.0,0,0,not_needed,0,0,bragg,auto_sparse,500.0,14.183552179744003,0,0,0,voigt,voigt,0,3.3223462722899773,0.12952554644597525
1700.0,3.3223462722899773,11,0.0,0.0,0,0,not_needed,0,0,bragg,auto_sparse,500.0,14.183552179744003,0,0,0,voigt,voigt,0,3.3223462722899773,0.12952554644597525
1700.0,3.3223462722899773,12,0.0,0.0,0,0,not_needed,0,0,bragg,auto_sparse,500.0,14.183552179744003,0,0,0,voigt,voigt,0,3.3223462722899773,0.12952554644597525
1700.0,3.3223462722899773,13,0.0,0.0,0,0,not_needed,0,0,bragg,auto_sparse,500.0,14.183552179744003,0,0,0,voigt,voigt,0,3.3223462722899773,0.12952554644597525
1700.0,3.3223462722899773,14,0.0,0.0,0,0,not_needed,0,0,bragg,auto_sparse,500.0,14.183552179744003,0,0,0,voigt,voigt,0,3.3223462722899773,0.12952554644597525
1700.0,3.3223462722899773,15,0.0,0.0,0,0,not_needed,0,0,bragg,auto_sparse,500.0,14.183552179744003,0,0,0,voigt,voigt,0,3.3223462722899773,0.12952554644597525
1700.0,3.3223462722899773,16,0.0,0.0,0,0,not_needed,0,0,bragg,auto_sparse,500.0,14.183552179744003,0,0,0,voigt,voigt,0,3.3223462722899773,0.12952554644597525
1700.0,3.3223462722899773,17,0.0,0.0,0,0,not_needed,0,0,bragg,auto_sparse,500.0,14.183552179744003,0,0,0,voigt,voigt,0,3.3223462722899773,0.12952554644597525
1700.0,3.3223462722899773,18,0.0,0.0,0,0,not_needed,0,0,bragg,auto_sparse,500.0,14.183552179744003,0,0,0,voigt,voigt,0,3.3223462722899773,0.12952554644597525
1700.0,3.3223462722899773,19,0.0,0.0,0,0,not_needed,0,0,bragg,auto_sparse,500.0,14.183552179744003,0,0,0,voigt,voigt,0,3.3223462722899773,0.12952554644597525
1700.0,3.3223462722899773,20,0.0,0.0,0,0,not_needed,0,0,bragg,auto_sparse,500.0,14.183552179744003,0,0,0,voigt,voigt,0,3.3223462722899773,0.12952554644597525
1700.0,3.3223462722899773,21,0.0,0.0,0,0,not_needed,0,0,bragg,auto_sparse,500.0,14.183552179744003,0,0,0,voigt,voigt,0,3.3223462722899773,0.12952554644597525
1700.0,3.3223462722899773,22,0.0,0.0,0,0,not_needed,0,0,bragg,auto_sparse,500.0,14.183552179744003,0,0,0,voigt,voigt,0,3.3223462722899773,0.12952554644597525
1700.0,3.3223462722899773,23,0.0,0.0,0,0,not_needed,0,0,bragg,auto_sparse,500.0,14.183552179744003,0,0,0,voigt,voigt,0,3.3223462722899773,0.12952554644597525
1700.0,3.3223462722899773,24,0.0,0.0,0,0,not_needed,0,0,bragg,auto_sparse,500.0,14.183552179744003,0,0,0,voigt,voigt,0,3.3223462722899773,0.12952554644597525
1700.0,3.3223462722899773,25,0.0,0.0,0,0,not_needed,0,0,bragg,auto_sparse,500.0,14.183552179744003,0,0,0,voigt,voigt,0,3.3223462722899773,0.12952554644597525
1900.0,2.8459849031867774,-25,3.6701169260199685e-10,16.338795394141982,0,0,not_needed,0,0,bragg,auto_sparse,500.0,14.183552179744003,0,0,0,voigt,voigt,0,2.8459849031867774,0.12039559391496826
1900.0,2.8459849031867774,-24,1.0365626897858522e-09,16.016745987736442,0,0,not_needed,0,0,bragg,auto_sparse,500.0,14.183552179744003,0,0,0,voigt,voigt,0,2.8459849031867774,0.12039559391496826
1900.0,2.8459849031867774,-23,3.935518581063368e-10,15.688263370851843,0,0,not_needed,0,0,bragg,auto_sparse,500.0,14.183552179744003,0,0,0,voigt,voigt,0,2.8459849031867774,0.12039559391496826
1900.0,2.8459849031867774,-22,8.619601910561216e-10,15.352934395067948,0,0,not_needed,0,0,bragg,auto_sparse,500.0,14.183552179744003,0,0,0,voigt,voigt,0,2.8459849031867774,0.12039559391496826
1900.0,2.8459849031867774,-21,3.737906268917487e-09,15.010299991116113,0,0,not_needed,0,0,bragg,auto_sparse,500.0,14.183552179744003,0,0,0,voigt,voigt,0,2.8459849031867774,0.12039559391496826
1900.0,2.8459849031867774,-20,1.0241015124599068e-09,14.659847693930772,0,0,not_needed,0,0,bragg,auto_sparse,500.0,14.183552179744003,0,0,0,voigt,voigt,0,2.8459849031867774,0.12039559391496826
1900.0,2.8459849031867774,-19,1.1107361238620863e-08,14.301002526935392,0,0,not_needed,0,0,bragg,auto_sparse,500.0,14.183552179744003,0,0,0,voigt,voigt,0,2.8459849031867774,0.12039559391496826
1900.0,2.8459849031867774,-18,4.336751974632346e-08,13.93311578271215,0,0,not_needed,0,0,bragg,auto_sparse,500.0,14.183552179744003,0,0,0,voigt,voigt,0,2.8459849031867774,0.12039559391496826
1900.0,2.8459849031867774,-17,9.58660717334236e-09,13.555451074507829,0,0,not_needed,0,0,bragg,auto_sparse,500.0,14.183552179744003,0,0,0,voigt,voigt,0,2.8459849031867774,0.12039559391496826
1900.0,2.8459849031867774,-16,3.091647929802089e-05,13.167166800546013,0,0,not_needed,0,0,bragg,auto_sparse,500.0,14.183552179744003,0,0,0,voigt,voigt,0,2.8459849031867774,0.12039559391496826
1900.0,2.8459849031867774,-15,3.9916152160309095e-07,12.767293824848906,0,0,not_needed,0,0,bragg,auto_sparse,500.0,14.183552179744003,0,0,0,voigt,voigt,0,2.8459849031867774,0.12039559391496826
1900.0,2.8459849031867774,-14,1.1639511284408886e-08,12.35470667611827,0,0,not_needed,0,0,bragg,auto_sparse,500.0,14.183552179744003,0,0,0,voigt,voigt,0,2.8459849031867774,0.12039559391496826
1900.0,2.8459849031867774,-13,1.8928245919744334e-07,11.92808580393016,0,0,not_needed,0,0,bragg,auto_sparse,500.0,14.183552179744003,0,0,0,voigt,voigt,0,2.8459849031867774,0.12039559391496826
1900.0,2.8459849031867774,-12,5.003488461181036e-08,11.485867244878065,0,0,not_needed,0,0,bragg,auto_sparse,500.0,14.183552179744003,0,0,0,voigt,voigt,0,2.8459849031867774,0.12039559391496826
1900.0,2.8459849031867774,-11,2.875004108031176e-08,11.026174150994635,0,0,not_needed,0,0,bragg,auto_sparse,500.0,14.183552179744003,0,0,0,voigt,voigt,0,2.8459849031867774,0.12039559391496826
1900.0,2.8459849031867774,-10,5.053134585219441e-07,10.546721489414054,0,0,not_needed,0,0,bragg,auto_sparse,500.0,14.183552179744003,0,0,0,voigt,voigt,0,2.8459849031867774,0.12039559391496826
1900.0,2.8459849031867774,-9,1.2390677647409268e-08,10.044679825092558,0,0,not_needed,0,0,bragg,auto_sparse,500.0,14.183552179744003,0,0,0,voigt,voigt,0,2.8459849031867774,0.12039559391496826
1900.0,2.8459849031867774,-8,6.047495848809135e-07,9.516474419769125,0,0,not_needed,0,0,bragg,auto_sparse,500.0,14.183552179744003,0,0,0,voigt,voigt,0,2.8459849031867774,0.12039559391496826
1900.0,2.8459849031867774,-7,7.213415590767464e-07,8.957477608326741,0,0,not_needed,0,0,bragg,auto_sparse,500.0,14.183552179744003,0,0,0,voigt,voigt,0,2.8459849031867774,0.12039559391496826
1900.0,2.8459849031867774,-6,3.232371118872828e-07,8.361515718760387,0,0,not_needed,0,0,bragg,auto_sparse,500.0,14.183552179744003,0,0,0,voigt,voigt,0,2.8459849031867774,0.12039559391496826
1900.0,2.8459849031867774,-5,6.60836575113216e-06,7.720032292157299,0,0,not_needed,0,0,bragg,auto_sparse,500.0,14.183552179744003,0,0,0,voigt,voigt,0,2.8459849031867774,0.12039559391496826
1900.0,2.8459849031867774,-4,2.2563081082820316e-06,7.020559715843632,0,0,not_needed,0,0,bragg,auto_sparse,500.0,14.183552179744003,0,0,0,voigt,voigt,0,2.8459849031867774,0.12039559391496826
1900.0,2.8459849031867774,-3,0.0008524725837128064,6.24363825934735,0,0,not_needed,0,0,bragg,auto_sparse,500.0,14.183552179744003,0,0,0,voigt,voigt,0,2.8459849031867774,0.12039559391496826
1900.0,2.8459849031867774,-2,0.41303456566779734,5.355667258002896,0,0,not_needed,0,0,bragg,auto_sparse,500.0,14.183552179744003,0,0,0,voigt,voigt,0,2.8459849031867774,0.12039559391496826
1900.0,2.8459849031867774,-1,0.002428146488308617,4.2882060525225825,0,0,not_needed,0,0,bragg,auto_sparse,500.0,14.183552179744003,0,0,0,voigt,voigt,0,2.8459849031867774,0.12039559391496826
1900.0,2.8459849031867774,0,7.013827078652e-07,2.8459849031869027,0,0,not_needed,0,0,bragg,auto_sparse,500.0,14.183552179744003,0,0,0,voigt,voigt,0,2.8459849031867774,0.12039559391496826
1900.0,2.8459849031867774,1,0.0,0.0,0,0,not_needed,0,0,bragg,auto_sparse,500.0,14.183552179744003,0,0,0,voigt,voigt,0,2.8459849031867774,0.12039559391496826
1900.0,2.8459849031867774,2,0.0,0.0,0,0,not_needed,0,0,bragg,auto_sparse,500.0,14.183552179744003,0,0,0,voigt,voigt,0,2.8459849031867774,0.12039559391496826
1900.0,2.8459849031867774,3,0.0,0.0,0,0,not_needed,0,0,bragg,auto_sparse,500.0,14.183552179744003,0,0,0,voigt,voigt,0,2.8459849031867774,0.12039559391496826
1900.0,2.8459849031867774,4,0.0,0.0,0,0,not_needed,0,0,bragg,auto_sparse,500.0,14.183552179744003,0,0,0,voigt,voigt,0,2.8459849031867774,0.12039559391496826
1900.0,2.8459849031867774,5,0.0,0.0,0,0,not_needed,0,0,bragg,auto_sparse,500.0,14.183552179744003,0,0,0,voigt,voigt,0,2.8459849031867774,0.12039559391496826
1900.0,2.8459849031867774,6,0.0,0.0,0,0,not_needed,0,0,bragg,auto_sparse,500.0,14.183552179744003,0,0,0,voigt,voigt,0,2.8459849031867774,0.12039559391496826
1900.0,2.8459849031867774,7,0.0,0.0,0,0,not_needed,0,0,bragg,auto_sparse,500.0,14.183552179744003,0,0,0,voigt,voigt,0,2.8459849031867774,0.12039559391496826
1900.0,2.8459849031867774,8,0.0,0.0,0,0,not_needed,0,0,bragg,auto_sparse,500.0,14.183552179744003,0,0,0,voigt,voigt,0,2.8459849031867774,0.12039559391496826
1900.0,2.8459849031867774,9,0.0,0.0,0,0,not_needed,0,0,bragg,auto_sparse,500.0,14.183552179744003,0,0,0,voigt,voigt,0,2.8459849031867774,0.12039559391496826
1900.0,2.8459849031867774,10,0.0,0.0,0,0,not_needed,0,0,bragg,auto_sparse,500.0,14.183552179744003,0,0,0,voigt,voigt,0,2.8459849031867774,0.12039559391496826
1900.0,2.8459849031867774,11,0.0,0.0,0,0,not_needed,0,0,bragg,auto_sparse,500.0,14.183552179744003,0,0,0,voigt,voigt,0,2.8459849031867774,0.12039559391496826
1900.0,2.8459849031867774,12,0.0,0.0,0,0,not_needed,0,0,bragg,auto_sparse,500.0,14.183552179744003,0,0,0,voigt,voigt,0,2.8459849031867774,0.12039559391496826
1900.0,2.8459849031867774,13,0.0,0.0,0,0,not_needed,0,0,bragg,auto_sparse,500.0,14.183552179744003,0,0,0,voigt,voigt,0,2.8459849031867774,0.12039559391496826
1900.0,2.8459849031867774,14,0.0,0.0,0,0,not_needed,0,0,bragg,auto_sparse,500.0,14.183552179744003,0,0,0,voigt,voigt,0,2.8459849031867774,0.12039559391496826
1900.0,2.8459849031867774,15,0.0,0.0,0,0,not_needed,0,0,bragg,auto_sparse,500.0,14.183552179744003,0,0,0,voigt,voigt,0,2.8459849031867774,0.12039559391496826
1900.0,2.8459849031867774,16,0.0,0.0,0,0,not_needed,0,0,bragg,auto_sparse,500.0,14.183552179744003,0,0,0,voigt,voigt,0,2.8459849031867774,0.12039559391496826
1900.0,2.8459849031867774,17,0.0,0.0,0,0,not_needed,0,0,bragg,auto_sparse,500.0,14.183552179744003,0,0,0,voigt,voigt,0,2.8459849031867774,0.12039559391496826
1900.0,2.8459849031867774,18,0.0,0.0,0,0,not_needed,0,0,bragg,auto_sparse,500.0,14.183552179744003,0,0,0,voigt,voigt,0,2.8459849031867774,0.12039559391496826
1900.0,2.8459849031867774,19,0.0,0.0,0,0,not_needed,0,0,bragg,auto_sparse,500.0,14.183552179744003,0,0,0,voigt,voigt,0,2.8459849031867774,0.12039559391496826
1900.0,2.8459849031867774,20,0.0,0.0,0,0,not_needed,0,0,bragg,auto_sparse,500.0,14.183552179744003,0,0,0,voigt,voigt,0,2.8459849031867774,0.12039559391496826
1900.0,2.8459849031867774,21,0.0,0.0,0,0,not_needed,0,0,bragg,auto_sparse,500.0,14.183552179744003,0,0,0,voigt,voigt,0,2.8459849031867774,0.12039559391496826
1900.0,2.8459849031867774,22,0.0,0.0,0,0,not_needed,0,0,bragg,auto_sparse,500.0,14.183552179744003,0,0,0,voigt,voigt,0,2.8459849031867774,0.12039559391496826
1900.0,2.8459849031867774,23,0.0,0.0,0,0,not_needed,0,0,bragg,auto_sparse,500.0,14.183552179744003,0,0,0,voigt,voigt,0,2.8459849031867774,0.12039559391496826
1900.0,2.8459849031867774,24,0.0,0.0,0,0,not_needed,0,0,bragg,auto_sparse,500.0,14.183552179744003,0,0,0,voigt,voigt,0,2.8459849031867774,0.12039559391496826
1900.0,2.8459849031867774,25,0.0,0.0,0,0,not_needed,0,0,bragg,auto_sparse,500.0,14.183552179744003,0,0,0,voigt,voigt,0,2.8459849031867774,0.12039559391496826
2100.0,2.4614904857952364,-25,1.0351615581849965e-10,15.494852947684222,0,0,not_needed,0,0,bragg,auto_sparse,500.0,14.183552179744003,0,0,0,voigt,voigt,0,2.4614904857952364,0.11012442514164796
2100.0,2.4614904857952364,-24,9.055137861539726e-10,15.188003421775903,0,0,not_needed,0,0,bragg,auto_sparse,500.0,14.183552179744003,0,0,0,voigt,voigt,0,2.4614904857952364,0.11012442514164796
2100.0,2.4614904857952364,-23,5.662605915195985e-10,14.874977223845178,0,0,not_needed,0,0,bragg,auto_sparse,500.0,14.183552179744003,0,0,0,voigt,voigt,0,2.4614904857952364,0.11012442514164796
2100.0,2.4614904857952364,-22,3.9612258122202353e-10,14.55537567615383,0,0,not_needed,0,0,bragg,auto_sparse,500.0,14.183552179744003,0,0,0,voigt,voigt,0,2.4614904857952364,0.11012442514164796
2100.0,2.4614904857952364,-21,2.5180548685358274e-09,14.228755523066283,0,0,not_needed,0,0,bragg,auto_sparse,500.0,14.183552179744003,0,0,0,voigt,voigt,0,2.4614904857952364,0.11012442514164796
2100.0,2.4614904857952364,-20,1.4182188378299342e-09,13.89462162875688,0,0,not_needed,0,0,bragg,auto_sparse,500.0,14.183552179744003,0,0,0,voigt,voigt,0,2.4614904857952364,0.11012442514164796
2100.0,2.4614904857952364,-19,1.108768386747646e-09,13.552418061353222,0,0,not_needed,0,0,bragg,auto_sparse,500.0,14.183552179744003,0,0,0,voigt,voigt,0,2.4614904857952364,0.11012442514164796
2100.0,2.4614904857952364,-18,1.620334967941829e-08,13.201517105136503,0,0,not_needed,0,0,bragg,auto_sparse,500.0,14.183552179744003,0,0,0,voigt,voigt,0,2.4614904857952364,0.11012442514164796
2100.0,2.4614904857952364,-17,5.6066416963171794e-09,12.841205580096712,0,0,not_needed,0,0,bragg,auto_sparse,500.0,14.183552179744003,0,0,0,voigt,voigt,0,2.4614904857952364,0.11012442514164796
2100.0,2.4614904857952364,-16,1.0458812741605539e-07,12.470667615646164,0,0,not_needed,0,0,bragg,auto_sparse,500.0,14.183552179744003,0,0,0,voigt,voigt,0,2.4614904857952364,0.11012442514164796
2100.0,2.4614904857952364,-15,9.128772274807613e-06,12.088962686124177,0,0,not_needed,0,0,bragg,auto_sparse,500.0,14.183552179744003,0,0,0,voigt,voigt,0,2.4614904857952364,0.11012442514164796
2100.0,2.4614904857952364,-14,2.712438453938513e-08,11.69499721077085,0,0,not_needed,0,0,bragg,auto_sparse,500.0,14.183552179744003,0,0,0,voigt,voigt,0,2.4614904857952364,0.11012442514164796
2100.0,2.4614904857952364,-13,2.5974952313445864e-07,11.28748725180101,0,0,not_needed,0,0,bragg,auto_sparse,500.0,14.183552179744003,0,0,0,voigt,voigt,0,2.4614904857952364,0.11012442514164796
2100.0,2.4614904857952364,-12,1.5682435755616056e-07,10.864908642697102,0,0,not_needed,0,0,bragg,auto_sparse,500.0,14.183552179744003,0,0,0,voigt,voigt,0,2.4614904857952364,0.11012442514164796
2100.0,2.4614904857952364,-11,8.848389572997615e-08,10.425428946659125,0,0,not_needed,0,0,bragg,auto_sparse,500.0,14.183552179744003,0,0,0,voigt,voigt,0,2.4614904857952364,0.11012442514164796
2100.0,2.4614904857952364,-10,2.3019292206122337e-07,9.966812433779396,0,0,not_needed,0,0,bragg,auto_sparse,500.0,14.183552179744003,0,0,0,voigt,voigt,0,2.4614904857952364,0.11012442514164796
2100.0,2.4614904857952364,-9,5.405264660848394e-08,9.48628372103208,0,0,not_needed,0,0,bragg,auto_sparse,500.0,14.183552179744003,0,0,0,voigt,voigt,0,2.4614904857952364,0.11012442514164796
2100.0,2.4614904857952364,-8,3.6654811994465886e-07,8.980325711540502,0,0,not_needed,0,0,bragg,auto_sparse,500.0,14.183552179744003,0,0,0,voigt,voigt,0,2.4614904857952364,0.11012442514164796
2100.0,2.4614904857952364,-7,6.4476513356938355e-06,8.444368429547083,0,0,not_needed,0,0,bragg,auto_sparse,500.0,14.183552179744003,0,0,0,voigt,voigt,0,2.4614904857952364,0.11012442514164796
2100.0,2.4614904857952364,-6,1.647166819299184e-07,7.87228674823254,0,0,not_needed,0,0,bragg,auto_sparse,500.0,14.183552179744003,0,0,0,voigt,voigt,0,2.4614904857952364,0.11012442514164796
2100.0,2.4614904857952364,-5,6.440243027049943e-06,7.255540383510976,0,0,not_needed,0,0,bragg,auto_sparse,500.0,14.183552179744003,0,0,0,voigt,voigt,0,2.4614904857952364,0.11012442514164796
2100.0,2.4614904857952364,-4,2.3901473998982326e-06,6.581584609214062,0,0,not_needed,0,0,bragg,auto_sparse,500.0,14.183552179744003,0,0,0,voigt,voigt,0,2.4614904857952364,0.11012442514164796
2100.0,2.4614904857952364,-3,0.0009627402585748618,5.830614268950114,0,0,not_needed,0,0,bragg,auto_sparse,500.0,14.183552179744003,0,0,0,voigt,voigt,0,2.4614904857952364,0.11012442514164796
2100.0,2.4614904857952364,-2,0.4608354928859787,4.96782463393167,0,0,not_needed,0,0,bragg,auto_sparse,500.0,14.183552179744003,0,0,0,voigt,voigt,0,2.4614904857952364,0.11012442514164796
2100.0,2.4614904857952364,-1,0.0023148089509035705,3.920064729013504,0,0,not_needed,0,0,bragg,auto_sparse,500.0,14.183552179744003,0,0,0,voigt,voigt,0,2.4614904857952364,0.11012442514164796
2100.0,2.4614904857952364,0,2.9009967523446285e-05,2.461490485795423,0,0,not_needed,0,0,bragg,auto_sparse,500.0,14.183552179744003,0,0,0,voigt,voigt,0,2.4614904857952364,0.11012442514164796
2100.0,2.4614904857952364,1,0.0,0.0,0,0,not_needed,0,0,bragg,auto_sparse,500.0,14.183552179744003,0,0,0,voigt,voigt,0,2.4614904857952364,0.11012442514164796
2100.0,2.4614904857952364,2,0.0,0.0,0,0,not_needed,0,0,bragg,auto_sparse,500.0,14.183552179744003,0,0,0,voigt,voigt,0,2.4614904857952364,0.11012442514164796
2100.0,2.4614904857952364,3,0.0,0.0,0,0,not_needed,0,0,bragg,auto_sparse,500.0,14.183552179744003,0,0,0,voigt,voigt,0,2.4614904857952364,0.11012442514164796
2100.0,2.4614904857952364,4,0.0,0.0,0,0,not_needed,0,0,bragg,auto_sparse,500.0,14.183552179744003,0,0,0,voigt,voigt,0,2.4614904857952364,0.11012442514164796
2100.0,2.4614904857952364,5,0.0,0.0,0,0,not_needed,0,0,bragg,auto_sparse,500.0,14.183552179744003,0,0,0,voigt,voigt,0,2.4614904857952364,0.11012442514164796
2100.0,2.4614904857952364,6,0.0,0.0,0,0,not_needed,0,0,bragg,auto_sparse,500.0,14.183552179744003,0,0,0,voigt,voigt,0,2.4614904857952364,0.11012442514164796
2100.0,2.4614904857952364,7,0.0,0.0,0,0,not_needed,0,0,bragg,auto_sparse,500.0,14.183552179744003,0,0,0,voigt,voigt,0,2.4614904857952364,0.11012442514164796
2100.0,2.4614904857952364,8,0.0,0.0,0,0,not_needed,0,0,bragg,auto_sparse,500.0,14.183552179744003,0,0,0,voigt,voigt,0,2.4614904857952364,0.11012442514164796
2100.0,2.4614904857952364,9,0.0,0.0,0,0,not_needed,0,0,bragg,auto_sparse,500.0,14.183552179744003,0,0,0,voigt,voigt,0,2.4614904857952364,0.11012442514164796
2100.0,2.4614904857952364,10,0.0,0.0,0,0,not_needed,0,0,bragg,auto_sparse,500.0,14.183552179744003,0,0,0,voigt,voigt,0,2.4614904857952364,0.11012442514164796
2100.0,2.4614904857952364,11,0.0,0.0,0,0,not_needed,0,0,bragg,auto_sparse,500.0,14.183552179744003,0,0,0,voigt,voigt,0,2.4614904857952364,0.11012442514164796
2100.0,2.4614904857952364,12,0.0,0.0,0,0,not_needed,0,0,bragg,auto_sparse,500.0,14.183552179744003,0,0,0,voigt,voigt,0,2.4614904857952364,0.11012442514164796
2100.0,2.4614904857952364,13,0.0,0.0,0,0,not_needed,0,0,bragg,auto_sparse,500.0,14.183552179744003,0,0,0,voigt,voigt,0,2.4614904857952364,0.11012442514164796
2100.0,2.4614904857952364,14,0.0,0.0,0,0,not_needed,0,0,bragg,auto_sparse,500.0,14.183552179744003,0,0,0,voigt,voigt,0,2.4614904857952364,0.11012442514164796
2100.0,2.4614904857952364,15,0.0,0.0,0,0,not_needed,0,0,bragg,auto_sparse,500.0,14.183552179744003,0,0,0,voigt,voigt,0,2.4614904857952364,0.11012442514164796
2100.0,2.4614904857952364,16,0.0,0.0,0,0,not_needed,0,0,bragg,auto_sparse,500.0,14.183552179744003,0,0,0,voigt,voigt,0,2.4614904857952364,0.11012442514164796
2100.0,2.4614904857952364,17,0.0,0.0,0,0,not_needed,0,0,bragg,auto_sparse,500.0,14.183552179744003,0,0,0,voigt,voigt,0,2.4614904857952364,0.11012442514164796
2100.0,2.4614904857952364,18,0.0,0.0,0,0,not_needed,0,0,bragg,auto_sparse,500.0,14.183552179744003,0,0,0,voigt,voigt,0,2.4614904857952364,0.11012442514164796
2100.0,2.4614904857952364,19,0.0,0.0,0,0,not_needed,0,0,bragg,auto_sparse,500.0,14.183552179744003,0,0,0,voigt,voigt,0,2.4614904857952364,0.11012442514164796
2100.0,2.4614904857952364,20,0.0,0.0,0,0,not_needed,0,0,bragg,auto_sparse,500.0,14.183552179744003,0,0,0,voigt,voigt,0,2.4614904857952364,0.11012442514164796
2100.0,2.4614904857952364,21,0.0,0.0,0,0,not_needed,0,0,bragg,auto_sparse,500.0,14.183552179744003,0,0,0,voigt,voigt,0,2.4614904857952364,0.11012442514164796
2100.0,2.4614904857952364,22,0.0,0.0,0,0,not_needed,0,0,bragg,auto_sparse,500.0,14.183552179744003,0,0,0,voigt,voigt,0,2.4614904857952364,0.11012442514164796
2100.0,2.4614904857952364,23,0.0,0.0,0,0,not_needed,0,0,bragg,auto_sparse,500.0,14.183552179744003,0,0,0,voigt,voigt,0,2.4614904857952364,0.11012442514164796
2100.0,2.4614904857952364,24,0.0,0.0,0,0,not_needed,0,0,bragg,auto_sparse,500.0,14.183552179744003,0,0,0,voigt,voigt,0,2.4614904857952364,0.11012442514164796
2100.0,2.4614904857952364,25,0.0,0.0,0,0,not_needed,0,0,bragg,auto_sparse,500.0,14.183552179744003,0,0,0,voigt,voigt,0,2.4614904857952364,0.11012442514164796
2300.0,2.1443491734578957,-25,1.625780349161365e-10,14.76997417677876,0,0,not_needed,0,0,bragg,auto_sparse,500.0,14.183552179744003,0,0,0,voigt,voigt,0,2.1443491734578957,0.10591285604338462
2300.0,2.1443491734578957,-24,8.360168817951458e-10,14.476368551990475,0,0,not_needed,0,0,bragg,auto_sparse,500.0,14.183552179744003,0,0,0,voigt,voigt,0,2.1443491734578957,0.10591285604338462
2300.0,2.1443491734578957,-23,1.221853953455036e-09,14.176816059537487,0,0,not_needed,0,0,bragg,auto_sparse,500.0,14.183552179744003,0,0,0,voigt,voigt,0,2.1443491734578957,0.10591285604338462
2300.0,2.1443491734578957,-22,2.8180787064804354e-10,13.870931282165785,0,0,not_needed,0,0,bragg,auto_sparse,500.0,14.183552179744003,0,0,0,voigt,voigt,0,2.1443491734578957,0.10591285604338462
2300.0,2.1443491734578957,-21,1.833156393825019e-09,13.558285498494541,0,0,not_needed,0,0,bragg,auto_sparse,500.0,14.183552179744003,0,0,0,voigt,voigt,0,2.1443491734578957,0.10591285604338462
2300.0,2.1443491734578957,-20,1.7147118230876572e-09,13.238399552996555,0,0,not_needed,0,0,bragg,auto_sparse,500.0,14.183552179744003,0,0,0,voigt,voigt,0,2.1443491734578957,0.10591285604338462
2300.0,2.1443491734578957,-19,8.711565848980727e-10,12.910735141963173,0,0,not_needed,0,0,bragg,auto_sparse,500.0,14.183552179744003,0,0,0,voigt,voigt,0,2.1443491734578957,0.10591285604338462
2300.0,2.1443491734578957,-18,8.873475640030625e-09,12.574684062902506,0,0,not_needed,0,0,bragg,auto_sparse,500.0,14.183552179744003,0,0,0,voigt,voigt,0,2.1443491734578957,0.10591285604338462
2300.0,2.1443491734578957,-17,7.809180813114393e-09,12.22955481359584,0,0,not_needed,0,0,bragg,auto_sparse,500.0,14.183552179744003,0,0,0,voigt,voigt,0,2.1443491734578957,0.10591285604338462
2300.0,2.1443491734578957,-16,1.8548663934492e-08,11.87455569567095,0,0,not_needed,0,0,bragg,auto_sparse,500.0,14.183552179744003,0,0,0,voigt,voigt,0,2.1443491734578957,0.10591285604338462
2300.0,2.1443491734578957,-15,4.792850320664258e-07,11.508773239307217,0,0,not_needed,0,0,bragg,auto_sparse,500.0,14.183552179744003,0,0,0,voigt,voigt,0,2.1443491734578957,0.10591285604338462
2300.0,2.1443491734578957,-14,4.009129071884972e-07,11.131144260916983,0,0,not_needed,0,0,bragg,auto_sparse,500.0,14.183552179744003,0,0,0,voigt,voigt,0,2.1443491734578957,0.10591285604338462
2300.0,2.1443491734578957,-13,6.605441522048204e-07,10.740419094838614,0,0,not_needed,0,0,bragg,auto_sparse,500.0,14.183552179744003,0,0,0,voigt,voigt,0,2.1443491734578957,0.10591285604338462
2300.0,2.1443491734578957,-12,2.9805564516314076e-07,10.335112332197014,0,0,not_needed,0,0,bragg,auto_sparse,500.0,14.183552179744003,0,0,0,voigt,voigt,0,2.1443491734578957,0.10591285604338462
2300.0,2.1443491734578957,-11,1.5217971411333614e-08,9.913435451041707,0,0,not_needed,0,0,bragg,auto_sparse,500.0,14.183552179744003,0,0,0,voigt,voigt,0,2.1443491734578957,0.10591285604338462
2300.0,2.1443491734578957,-10,9.419492830301172e-07,9.473202469774577,0,0,not_needed,0,0,bragg,auto_sparse,500.0,14.183552179744003,0,0,0,voigt,voigt,0,2.1443491734578957,0.10591285604338462
2300.0,2.1443491734578957,-9,8.340176607562998e-08,9.011694115524008,0,0,not_needed,0,0,bragg,auto_sparse,500.0,14.183552179744003,0,0,0,voigt,voigt,0,2.1443491734578957,0.10591285604338462
2300.0,2.1443491734578957,-8,3.145331352875544e-07,8.525455763901135,0,0,not_needed,0,0,bragg,auto_sparse,500.0,14.183552179744003,0,0,0,voigt,voigt,0,2.1443491734578957,0.10591285604338462
2300.0,2.1443491734578957,-7,5.552555508737764e-07,8.009984808735169,0,0,not_needed,0,0,bragg,auto_sparse,500.0,14.183552179744003,0,0,0,voigt,voigt,0,2.1443491734578957,0.10591285604338462
2300.0,2.1443491734578957,-6,1.3643009748741584e-07,7.459223079612954,0,0,not_needed,0,0,bragg,auto_sparse,500.0,14.183552179744003,0,0,0,voigt,voigt,0,2.1443491734578957,0.10591285604338462
2300.0,2.1443491734578957,-5,4.4166210923322225e-06,6.864681281188396,0,0,not_needed,0,0,bragg,auto_sparse,500.0,14.183552179744003,0,0,0,voigt,voigt,0,2.1443491734578957,0.10591285604338462
2300.0,2.1443491734578957,-4,4.110750997051564e-06,6.2138050524176975,0,0,not_needed,0,0,bragg,auto_sparse,500.0,14.183552179744003,0,0,0,voigt,voigt,0,2.1443491734578957,0.10591285604338462
2300.0,2.1443491734578957,-3,0.0007613325328902758,5.486581589656211,0,0,not_needed,0,0,bragg,auto_sparse,500.0,14.183552179744003,0,0,0,voigt,voigt,0,2.1443491734578957,0.10591285604338462
2300.0,2.1443491734578957,-2,0.503238109416634,4.647306554042402,0,0,not_needed,0,0,bragg,auto_sparse,500.0,14.183552179744003,0,0,0,voigt,voigt,0,2.1443491734578957,0.10591285604338462
2300.0,2.1443491734578957,-1,0.002451067689398734,3.618841171026645,0,0,not_needed,0,0,bragg,auto_sparse,500.0,14.183552179744003,0,0,0,voigt,voigt,0,2.1443491734578957,0.10591285604338462
2300.0,2.1443491734578957,0,0.00012005080104136425,2.14434917345784,0,0,not_needed,0,0,bragg,auto_sparse,500.0,14.183552179744003,0,0,0,voigt,voigt,0,2.1443491734578957,0.10591285604338462
2300.0,2.1443491734578957,1,0.0,0.0,0,0,not_needed,0,0,bragg,auto_sparse,500.0,14.183552179744003,0,0,0,voigt,voigt,0,2.1443491734578957,0.10591285604338462
2300.0,2.1443491734578957,2,0.0,0.0,0,0,not_needed,0,0,bragg,auto_sparse,500.0,14.183552179744003,0,0,0,voigt,voigt,0,2.1443491734578957,0.10591285604338462
2300.0,2.1443491734578957,3,0.0,0.0,0,0,not_needed,0,0,bragg,auto_sparse,500.0,14.183552179744003,0,0,0,voigt,voigt,0,2.1443491734578957,0.10591285604338462
2300.0,2.1443491734578957,4,0.0,0.0,0,0,not_needed,0,0,bragg,auto_sparse,500.0,14.183552179744003,0,0,0,voigt,voigt,0,2.1443491734578957,0.10591285604338462
2300.0,2.1443491734578957,5,0.0,0.0,0,0,not_needed,0,0,bragg,auto_sparse,500.0,14.183552179744003,0,0,0,voigt,voigt,0,2.1443491734578957,0.10591285604338462
2300.0,2.1443491734578957,6,0.0,0.0,0,0,not_needed,0,0,bragg,auto_sparse,500.0,14.183552179744003,0,0,0,voigt,voigt,0,2.1443491734578957,0.10591285604338462
2300.0,2.1443491734578957,7,0.0,0.0,0,0,not_needed,0,0,bragg,auto_sparse,500.0,14.183552179744003,0,0,0,voigt,voigt,0,2.1443491734578957,0.10591285604338462
2300.0,2.1443491734578957,8,0.0,0.0,0,0,not_needed,0,0,bragg,auto_sparse,500.0,14.183552179744003,0,0,0,voigt,voigt,0,2.1443491734578957,0.10591285604338462
2300.0,2.1443491734578957,9,0.0,0.0,0,0,not_needed,0,0,bragg,auto_sparse,500.0,14.183552179744003,0,0,0,voigt,voigt,0,2.1443491734578957,0.10591285604338462
2300.0,2.1443491734578957,10,0.0,0.0,0,0,not_needed,0,0,bragg,auto_sparse,500.0,14.183552179744003,0,0,0,voigt,voigt,0,2.1443491734578957,0.10591285604338462
2300.0,2.1443491734578957,11,0.0,0.0,0,0,not_needed,0,0,bragg,auto_sparse,500.0,14.183552179744003,0,0,0,voigt,voigt,0,2.1443491734578957,0.10591285604338462
2300.0,2.1443491734578957,12,0.0,0.0,0,0,not_needed,0,0,bragg,auto_sparse,500.0,14.183552179744003,0,0,0,voigt,voigt,0,2.1443491734578957,0.10591285604338462
2300.0,2.1443491734578957,13,0.0,0.0,0,0,not_needed,0,0,bragg,auto_sparse,500.0,14.183552179744003,0,0,0,voigt,voigt,0,2.1443491734578957,0.10591285604338462
2300.0,2.1443491734578957,14,0.0,0.0,0,0,not_needed,0,0,bragg,auto_sparse,500.0,14.183552179744003,0,0,0,voigt,voigt,0,2.1443491734578957,0.10591285604338462
2300.0,2.1443491734578957,15,0.0,0.0,0,0,not_needed,0,0,bragg,auto_sparse,500.0,14.183552179744003,0,0,0,voigt,voigt,0,2.1443491734578957,0.10591285604338462
2300.0,2.1443491734578957,16,0.0,0.0,0,0,not_needed,0,0,bragg,auto_sparse,500.0,14.183552179744003,0,0,0,voigt,voigt,0,2.1443491734578957,0.10591285604338462
2300.0,2.1443491734578957,17,0.0,0.0,0,0,not_needed,0,0,bragg,auto_sparse,500.0,14.183552179744003,0,0,0,voigt,voigt,0,2.1443491734578957,0.10591285604338462
2300.0,2.1443491734578957,18,0.0,0.0,0,0,not_needed,0,0,bragg,auto_sparse,500.0,14.183552179744003,0,0,0,voigt,voigt,0,2.1443491734578957,0.10591285604338462
2300.0,2.1443491734578957,19,0.0,0.0,0,0,not_needed,0,0,bragg,auto_sparse,500.0,14.183552179744003,0,0,0,voigt,voigt,0,2.1443491734578957,0.10591285604338462
2300.0,2.1443491734578957,20,0.0,0.0,0,0,not_needed,0,0,bragg,auto_sparse,500.0,14.183552179744003,0,0,0,voigt,voigt,0,2.1443491734578957,0.10591285604338462
2300.0,2.1443491734578957,21,0.0,0.0,0,0,not_needed,0,0,bragg,auto_sparse,500.0,14.183552179744003,0,0,0,voigt,voigt,0,2.1443491734578957,0.10591285604338462
2300.0,2.1443491734578957,22,0.0,0.0,0,0,not_needed,0,0,bragg,auto_sparse,500.0,14.183552179744003,0,0,0,voigt,voigt,0,2.1443491734578957,0.10591285604338462
2300.0,2.1443491734578957,23,0.0,0.0,0,0,not_needed,0,0,bragg,auto_sparse,500.0,14.183552179744003,0,0,0,voigt,voigt,0,2.1443491734578957,0.10591285604338462
2300.0,2.1443491734578957,24,0.0,0.0,0,0,not_needed,0,0,bragg,auto_sparse,500.0,14.183552179744003,0,0,0,voigt,voigt,0,2.1443491734578957,0.10591285604338462
2300.0,2.1443491734578957,25,0.0,0.0,0,0,not_needed,0,0,bragg,auto_sparse,500.0,14.183552179744003,0,0,0,voigt,voigt,0,2.1443491734578957,0.10591285604338462
2500.0,1.879652214704209,-25,2.3231102459804506e-10,14.13882165065948,0,0,not_needed,0,0,bragg,auto_sparse,500.0,14.183552179744003,0,0,0,voigt,voigt,0,1.879652214704209,0.1000625028701226
2500.0,1.879652214704209,-24,2.743776028274503e-10,13.856895169428753,0,0,not_needed,0,0,bragg,auto_sparse,500.0,14.183552179744003,0,0,0,voigt,voigt,0,1.879652214704209,0.1000625028701226
2500.0,1.879652214704209,-23,1.1567767165086504e-09,13.569229293955317,0,0,not_needed,0,0,bragg,auto_sparse,500.0,14.183552179744003,0,0,0,voigt,voigt,0,1.879652214704209,0.1000625028701226
2500.0,1.879652214704209,-22,4.107919256947054e-09,13.2754508131503,0,0,not_needed,0,0,bragg,auto_sparse,500.0,14.183552179744003,0,0,0,voigt,voigt,0,1.879652214704209,0.1000625028701226
2500.0,1.879652214704209,-21,1.4015715288625832e-09,12.975144417678848,0,0,not_needed,0,0,bragg,auto_sparse,500.0,14.183552179744003,0,0,0,voigt,voigt,0,1.879652214704209,0.1000625028701226
2500.0,1.879652214704209,-20,1.4098605563918212e-09,12.667845739516821,0,0,not_needed,0,0,bragg,auto_sparse,500.0,14.183552179744003,0,0,0,voigt,voigt,0,1.879652214704209,0.1000625028701226
2500.0,1.879652214704209,-19,5.044673078435846e-10,12.353032838348923,0,0,not_needed,0,0,bragg,auto_sparse,500.0,14.183552179744003,0,0,0,voigt,voigt,0,1.879652214704209,0.1000625028701226
2500.0,1.879652214704209,-18,2.7166235668565375e-09,12.030115689010628,0,0,not_needed,0,0,bragg,auto_sparse,500.0,14.183552179744003,0,0,0,voigt,voigt,0,1.879652214704209,0.1000625028701226
2500.0,1.879652214704209,-17,3.5289744724021225e-09,11.698423064576545,0,0,not_needed,0,0,bragg,auto_sparse,500.0,14.183552179744003,0,0,0,voigt,voigt,0,1.879652214704209,0.1000625028701226
2500.0,1.879652214704209,-16,2.3413865522208026e-09,11.357185980303456,0,0,not_needed,0,0,bragg,auto_sparse,500.0,14.183552179744003,0,0,0,voigt,voigt,0,1.879652214704209,0.1000625028701226
2500.0,1.879652214704209,-15,6.461780509341982e-08,11.005516527686737,0,0,not_needed,0,0,bragg,auto_sparse,500.0,14.183552179744003,0,0,0,voigt,voigt,0,1.879652214704209,0.1000625028701226
2500.0,1.879652214704209,-14,1.9097476025734783e-07,10.642380425567382,0,0,not_needed,0,0,bragg,auto_sparse,500.0,14.183552179744003,0,0,0,voigt,voigt,0,1.879652214704209,0.1000625028701226
2500.0,1.879652214704209,-13,8.754672188464687e-05,10.266560846483245,0,0,not_needed,0,0,bragg,auto_sparse,500.0,14.183552179744003,0,0,0,voigt,voigt,0,1.879652214704209,0.1000625028701226
2500.0,1.879652214704209,-12,8.927821232401464e-07,9.876609868845122,0,0,not_needed,0,0,bragg,auto_sparse,500.0,14.183552179744003,0,0,0,voigt,voigt,0,1.879652214704209,0.1000625028701226
2500.0,1.879652214704209,-11,8.43108176869896e-09,9.47078195143797,0,0,not_needed,0,0,bragg,auto_sparse,500.0,14.183552179744003,0,0,0,voigt,voigt,0,1.879652214704209,0.1000625028701226
2500.0,1.879652214704209,-10,4.4177693369086656e-07,9.046940555725499,0,0,not_needed,0,0,bragg,auto_sparse,500.0,14.183552179744003,0,0,0,voigt,voigt,0,1.879652214704209,0.1000625028701226
2500.0,1.879652214704209,-9,8.180140026390508e-08,8.60242334698664,0,0,not_needed,0,0,bragg,auto_sparse,500.0,14.183552179744003,0,0,0,voigt,voigt,0,1.879652214704209,0.1000625028701226
2500.0,1.879652214704209,-8,1.8030261070643375e-07,8.133841026238755,0,0,not_needed,0,0,bragg,auto_sparse,500.0,14.183552179744003,0,0,0,voigt,voigt,0,1.879652214704209,0.1000625028701226
2500.0,1.879652214704209,-7,9.245872590889268e-06,7.636764866359329,0,0,not_needed,0,0,bragg,auto_sparse,500.0,14.183552179744003,0,0,0,voigt,voigt,0,1.879652214704209,0.1000625028701226
2500.0,1.879652214704209,-6,3.1277231884192857e-07,7.105216942809406,0,0,not_needed,0,0,bragg,auto_sparse,500.0,14.183552179744003,0,0,0,voigt,voigt,0,1.879652214704209,0.1000625028701226
2500.0,1.879652214704209,-5,5.605959187609617e-06,6.530785358399839,0,0,not_needed,0,0,bragg,auto_sparse,500.0,14.183552179744003,0,0,0,voigt,voigt,0,1.879652214704209,0.1000625028701226
2500.0,1.879652214704209,-4,4.477974798807274e-06,5.9009595342060095,0,0,not_needed,0,0,bragg,auto_sparse,500.0,14.183552179744003,0,0,0,voigt,voigt,0,1.879652214704209,0.1000625028701226
2500.0,1.879652214704209,-3,0.0009044932970387554,5.195633061568529,0,0,not_needed,0,0,bragg,auto_sparse,500.0,14.183552179744003,0,0,0,voigt,voigt,0,1.879652214704209,0.1000625028701226
2500.0,1.879652214704209,-2,0.5335965463548962,4.3784692400392515,0,0,not_needed,0,0,bragg,auto_sparse,500.0,14.183552179744003,0,0,0,voigt,voigt,0,1.879652214704209,0.1000625028701226
2500.0,1.879652214704209,-1,0.0028006222845221606,3.369048884403398,0,0,not_needed,0,0,bragg,auto_sparse,500.0,14.183552179744003,0,0,0,voigt,voigt,0,1.879652214704209,0.1000625028701226
2500.0,1.879652214704209,0,0.0002979158417644391,1.8796522147041372,0,0,not_needed,0,0,bragg,auto_sparse,500.0,14.183552179744003,0,0,0,voigt,voigt,0,1.879652214704209,0.1000625028701226
2500.0,1.879652214704209,1,0.0,0.0,0,0,not_needed,0,0,bragg,auto_sparse,500.0,14.183552179744003,0,0,0,voigt,voigt,0,1.879652214704209,0.1000625028701226
2500.0,1.879652214704209,2,0.0,0.0,0,0,not_needed,0,0,bragg,auto_sparse,500.0,14.183552179744003,0,0,0,voigt,voigt,0,1.879652214704209,0.1000625028701226
2500.0,1.879652214704209,3,0.0,0.0,0,0,not_needed,0,0,bragg,auto_sparse,500.0,14.183552179744003,0,0,0,voigt,voigt,0,1.879652214704209,0.1000625028701226
2500.0,1.879652214704209,4,0.0,0.0,0,0,not_needed,0,0,bragg,auto_sparse,500.0,14.183552179744003,0,0,0,voigt,voigt,0,1.879652214704209,0.1000625028701226
2500.0,1.879652214704209,5,0.0,0.0,0,0,not_needed,0,0,bragg,auto_sparse,500.0,14.183552179744003,0,0,0,voigt,voigt,0,1.879652214704209,0.1000625028701226
2500.0,1.879652214704209,6,0.0,0.0,0,0,not_needed,0,0,bragg,auto_sparse,500.0,14.183552179744003,0,0,0,voigt,voigt,0,1.879652214704209,0.1000625028701226
2500.0,1.879652214704209,7,0.0,0.0,0,0,not_needed,0,0,bragg,auto_sparse,500.0,14.183552179744003,0,0,0,voigt,voigt,0,1.879652214704209,0.1000625028701226
2500.0,1.879652214704209,8,0.0,0.0,0,0,not_needed,0,0,bragg,auto_sparse,500.0,14.183552179744003,0,0,0,voigt,voigt,0,1.879652214704209,0.1000625028701226
2500.0,1.879652214704209,9,0.0,0.0,0,0,not_needed,0,0,bragg,auto_sparse,500.0,14.183552179744003,0,0,0,voigt,voigt,0,1.879652214704209,0.1000625028701226
2500.0,1.879652214704209,10,0.0,0.0,0,0,not_needed,0,0,bragg,auto_sparse,500.0,14.183552179744003,0,0,0,voigt,voigt,0,1.879652214704209,0.1000625028701226
2500.0,1.879652214704209,11,0.0,0.0,0,0,not_needed,0,0,bragg,auto_sparse,500.0,14.183552179744003,0,0,0,voigt,voigt,0,1.879652214704209,0.1000625028701226
2500.0,1.879652214704209,12,0.0,0.0,0,0,not_needed,0,0,bragg,auto_sparse,500.0,14.183552179744003,0,0,0,voigt,voigt,0,1.879652214704209,0.1000625028701226
2500.0,1.879652214704209,13,0.0,0.0,0,0,not_needed,0,0,bragg,auto_sparse,500.0,14.183552179744003,0,0,0,voigt,voigt,0,1.879652214704209,0.1000625028701226
2500.0,1.879652214704209,14,0.0,0.0,0,0,not_needed,0,0,bragg,auto_sparse,500.0,14.183552179744003,0,0,0,voigt,voigt,0,1.879652214704209,0.1000625028701226
2500.0,1.879652214704209,15,0.0,0.0,0,0,not_needed,0,0,bragg,auto_sparse,500.0,14.183552179744003,0,0,0,voigt,voigt,0,1.879652214704209,0.1000625028701226
2500.0,1.879652214704209,16,0.0,0.0,0,0,not_needed,0,0,bragg,auto_sparse,500.0,14.183552179744003,0,0,0,voigt,voigt,0,1.879652214704209,0.1000625028701226
2500.0,1.879652214704209,17,0.0,0.0,0,0,not_needed,0,0,bragg,auto_sparse,500.0,14.183552179744003,0,0,0,voigt,voigt,0,1.879652214704209,0.1000625028701226
2500.0,1.879652214704209,18,0.0,0.0,0,0,not_needed,0,0,bragg,auto_sparse,500.0,14.183552179744003,0,0,0,voigt,voigt,0,1.879652214704209,0.1000625028701226
2500.0,1.879652214704209,19,0.0,0.0,0,0,not_needed,0,0,bragg,auto_sparse,500.0,14.183552179744003,0,0,0,voigt,voigt,0,1.879652214704209,0.1000625028701226
2500.0,1.879652214704209,20,0.0,0.0,0,0,not_needed,0,0,bragg,auto_sparse,500.0,14.183552179744003,0,0,0,voigt,voigt,0,1.879652214704209,0.1000625028701226
2500.0,1.879652214704209,21,0.0,0.0,0,0,not_needed,0,0,bragg,auto_sparse,500.0,14.183552179744003,0,0,0,voigt,voigt,0,1.879652214704209,0.1000625028701226
2500.0,1.879652214704209,22,0.0,0.0,0,0,not_needed,0,0,bragg,auto_sparse,500.0,14.183552179744003,0,0,0,voigt,voigt,0,1.879652214704209,0.1000625028701226
2500.0,1.879652214704209,23,0.0,0.0,0,0,not_needed,0,0,bragg,auto_sparse,500.0,14.183552179744003,0,0,0,voigt,voigt,0,1.879652214704209,0.1000625028701226
2500.0,1.879652214704209,24,0.0,0.0,0,0,not_needed,0,0,bragg,auto_sparse,500.0,14.183552179744003,0,0,0,voigt,voigt,0,1.879652214704209,0.1000625028701226
2500.0,1.879652214704209,25,0.0,0.0,0,0,not_needed,0,0,bragg,auto_sparse,500.0,14.183552179744003,0,0,0,voigt,voigt,0,1.879652214704209,0.1000625028701226
2700.0,1.6560395980302318,-25,5.859178948529568e-09,13.582880342688824,0,0,not_needed,0,0,bragg,auto_sparse,500.0,14.183552179744003,0,0,0,voigt,voigt,0,1.6560395980302318,0.09083506115879636
2700.0,1.6560395980302318,-24,2.0249532433760608e-10,13.311355283573192,0,0,not_needed,0,0,bragg,auto_sparse,500.0,14.183552179744003,0,0,0,voigt,voigt,0,1.6560395980302318,0.09083506115879636
2700.0,1.6560395980302318,-23,8.373577766214485e-10,13.034279292787915,0,0,not_needed,0,0,bragg,auto_sparse,500.0,14.183552179744003,0,0,0,voigt,voigt,0,1.6560395980302318,0.09083506115879636
2700.0,1.6560395980302318,-22,5.626775204044246e-10,12.751290427635666,0,0,not_needed,0,0,bragg,auto_sparse,500.0,14.183552179744003,0,0,0,voigt,voigt,0,1.6560395980302318,0.09083506115879636
2700.0,1.6560395980302318,-21,3.1510233259607333e-10,12.461985785859937,0,0,not_needed,0,0,bragg,auto_sparse,500.0,14.183552179744003,0,0,0,voigt,voigt,0,1.6560395980302318,0.09083506115879636
2700.0,1.6560395980302318,-20,2.273478188808308e-09,12.165914710204987,0,0,not_needed,0,0,bragg,auto_sparse,500.0,14.183552179744003,0,0,0,voigt,voigt,0,1.6560395980302318,0.09083506115879636
2700.0,1.6560395980302318,-19,1.0566027714841324e-09,11.862570471141183,0,0,not_needed,0,0,bragg,auto_sparse,500.0,14.183552179744003,0,0,0,voigt,voigt,0,1.6560395980302318,0.09083506115879636
2700.0,1.6560395980302318,-18,2.531731667594707e-09,11.551379989279027,0,0,not_needed,0,0,bragg,auto_sparse,500.0,14.183552179744003,0,0,0,voigt,voigt,0,1.6560395980302318,0.09083506115879636
2700.0,1.6560395980302318,-17,5.802013696823633e-09,11.231691001381876,0,0,not_needed,0,0,bragg,auto_sparse,500.0,14.183552179744003,0,0,0,voigt,voigt,0,1.6560395980302318,0.09083506115879636
2700.0,1.6560395980302318,-16,1.7856041035722252e-09,10.902755847051509,0,0,not_needed,0,0,bragg,auto_sparse,500.0,14.183552179744003,0,0,0,voigt,voigt,0,1.6560395980302318,0.09083506115879636
2700.0,1.6560395980302318,-15,3.266404121793251e-08,10.563710720482575,0,0,not_needed,0,0,bragg,auto_sparse,500.0,14.183552179744003,0,0,0,voigt,voigt,0,1.6560395980302318,0.09083506115879636
2700.0,1.6560395980302318,-14,8.095597431053226e-08,10.213548733445265,0,0,not_needed,0,0,bragg,auto_sparse,500.0,14.183552179744003,0,0,0,voigt,voigt,0,1.6560395980302318,0.09083506115879636
2700.0,1.6560395980302318,-13,1.6220181285148906e-06,9.851084371792808,0,0,not_needed,0,0,bragg,auto_sparse,500.0,14.183552179744003,0,0,0,voigt,voigt,0,1.6560395980302318,0.09083506115879636
2700.0,1.6560395980302318,-12,6.444569218442712e-06,9.474905725393995,0,0,not_needed,0,0,bragg,auto_sparse,500.0,14.183552179744003,0,0,0,voigt,voigt,0,1.6560395980302318,0.09083506115879636
2700.0,1.6560395980302318,-11,4.5647433572872345e-08,9.08330892123287,0,0,not_needed,0,0,bragg,auto_sparse,500.0,14.183552179744003,0,0,0,voigt,voigt,0,1.6560395980302318,0.09083506115879636
2700.0,1.6560395980302318,-10,4.112705369786822e-07,8.674205916234584,0,0,not_needed,0,0,bragg,auto_sparse,500.0,14.183552179744003,0,0,0,voigt,voigt,0,1.6560395980302318,0.09083506115879636
2700.0,1.6560395980302318,-9,3.289954874672199e-07,8.244991090431128,0,0,not_needed,0,0,bragg,auto_sparse,500.0,14.183552179744003,0,0,0,voigt,voigt,0,1.6560395980302318,0.09083506115879636
2700.0,1.6560395980302318,-8,1.5179382848893818e-07,7.7923416245825905,0,0,not_needed,0,0,bragg,auto_sparse,500.0,14.183552179744003,0,0,0,voigt,voigt,0,1.6560395980302318,0.09083506115879636
2700.0,1.6560395980302318,-7,9.096353713129883e-07,7.311906430122605,0,0,not_needed,0,0,bragg,auto_sparse,500.0,14.183552179744003,0,0,0,voigt,voigt,0,1.6560395980302318,0.09083506115879636
2700.0,1.6560395980302318,-6,2.417963142366181e-07,6.79779660313163,0,0,not_needed,0,0,bragg,auto_sparse,500.0,14.183552179744003,0,0,0,voigt,voigt,0,1.6560395980302318,0.09083506115879636
2700.0,1.6560395980302318,-5,6.4998683164545705e-06,6.241696457844768,0,0,not_needed,0,0,bragg,auto_sparse,500.0,14.183552179744003,0,0,0,voigt,voigt,0,1.6560395980302318,0.09083506115879636
2700.0,1.6560395980302318,-4,5.097806235220659e-06,5.6311793900421065,0,0,not_needed,0,0,bragg,auto_sparse,500.0,14.183552179744003,0,0,0,voigt,voigt,0,1.6560395980302318,0.09083506115879636
2700.0,1.6560395980302318,-3,0.0007441485240216808,4.946135486496971,0,0,not_needed,0,0,bragg,auto_sparse,500.0,14.183552179744003,0,0,0,voigt,voigt,0,1.6560395980302318,0.09083506115879636
2700.0,1.6560395980302318,-2,0.5692377759213759,4.149818923690489,0,0,not_needed,0,0,bragg,auto_sparse,500.0,14.183552179744003,0,0,0,voigt,voigt,0,1.6560395980302318,0.09083506115879636
2700.0,1.6560395980302318,-1,0.0025869790478998747,3.1591773479469225,0,0,not_needed,0,0,bragg,auto_sparse,500.0,14.183552179744003,0,0,0,voigt,voigt,0,1.6560395980302318,0.09083506115879636
2700.0,1.6560395980302318,0,0.0006339629456959041,1.6560395980302758,0,0,not_needed,0,0,bragg,auto_sparse,500.0,14.183552179744003,0,0,0,voigt,voigt,0,1.6560395980302318,0.09083506115879636
2700.0,1.6560395980302318,1,0.0,0.0,0,0,not_needed,0,0,bragg,auto_sparse,500.0,14.183552179744003,0,0,0,voigt,voigt,0,1.6560395980302318,0.09083506115879636
2700.0,1.6560395980302318,2,0.0,0.0,0,0,not_needed,0,0,bragg,auto_sparse,500.0,14.183552179744003,0,0,0,voigt,voigt,0,1.6560395980302318,0.09083506115879636
2700.0,1.6560395980302318,3,0.0,0.0,0,0,not_needed,0,0,bragg,auto_sparse,500.0,14.183552179744003,0,0,0,voigt,voigt,0,1.6560395980302318,0.09083506115879636
2700.0,1.6560395980302318,4,0.0,0.0,0,0,not_needed,0,0,bragg,auto_sparse,500.0,14.183552179744003,0,0,0,voigt,voigt,0,1.6560395980302318,0.09083506115879636
2700.0,1.6560395980302318,5,0.0,0.0,0,0,not_needed,0,0,bragg,auto_sparse,500.0,14.183552179744003,0,0,0,voigt,voigt,0,1.6560395980302318,0.09083506115879636
2700.0,1.6560395980302318,6,0.0,0.0,0,0,not_needed,0,0,bragg,auto_sparse,500.0,14.183552179744003,0,0,0,voigt,voigt,0,1.6560395980302318,0.09083506115879636
2700.0,1.6560395980302318,7,0.0,0.0,0,0,not_needed,0,0,bragg,auto_sparse,500.0,14.183552179744003,0,0,0,voigt,voigt,0,1.6560395980302318,0.09083506115879636
2700.0,1.6560395980302318,8,0.0,0.0,0,0,not_needed,0,0,bragg,auto_sparse,500.0,14.183552179744003,0,0,0,voigt,voigt,0,1.6560395980302318,0.09083506115879636
2700.0,1.6560395980302318,9,0.0,0.0,0,0,not_needed,0,0,bragg,auto_sparse,500.0,14.183552179744003,0,0,0,voigt,voigt,0,1.6560395980302318,0.09083506115879636
2700.0,1.6560395980302318,10,0.0,0.0,0,0,not_needed,0,0,bragg,auto_sparse,500.0,14.183552179744003,0,0,0,voigt,voigt,0,1.6560395980302318,0.09083506115879636
2700.0,1.6560395980302318,11,0.0,0.0,0,0,not_needed,0,0,bragg,auto_sparse,500.0,14.183552179744003,0,0,0,voigt,voigt,0,1.6560395980302318,0.09083506115879636
2700.0,1.6560395980302318,12,0.0,0.0,0,0,not_needed,0,0,bragg,auto_sparse,500.0,14.183552179744003,0,0,0,voigt,voigt,0,1.6560395980302318,0.09083506115879636
2700.0,1.6560395980302318,13,0.0,0.0,0,0,not_needed,0,0,bragg,auto_sparse,500.0,14.183552179744003,0,0,0,voigt,voigt,0,1.6560395980302318,0.09083506115879636
2700.0,1.6560395980302318,14,0.0,0.0,0,0,not_needed,0,0,bragg,auto_sparse,500.0,14.183552179744003,0,0,0,voigt,voigt,0,1.6560395980302318,0.09083506115879636
2700.0,1.6560395980302318,15,0.0,0.0,0,0,not_needed,0,0,bragg,auto_sparse,500.0,14.183552179744003,0,0,0,voigt,voigt,0,1.6560395980302318,0.09083506115879636
2700.0,1.6560395980302318,16,0.0,0.0,0,0,not_needed,0,0,bragg,auto_sparse,500.0,14.183552179744003,0,0,0,voigt,voigt,0,1.6560395980302318,0.09083506115879636
2700.0,1.6560395980302318,17,0.0,0.0,0,0,not_needed,0,0,bragg,auto_sparse,500.0,14.183552179744003,0,0,0,voigt,voigt,0,1.6560395980302318,0.09083506115879636
2700.0,1.6560395980302318,18,0.0,0.0,0,0,not_needed,0,0,bragg,auto_sparse,500.0,14.183552179744003,0,0,0,voigt,voigt,0,1.6560395980302318,0.09083506115879636
2700.0,1.6560395980302318,19,0.0,0.0,0,0,not_needed,0,0,bragg,auto_sparse,500.0,14.183552179744003,0,0,0,voigt,voigt,0,1.6560395980302318,0.09083506115879636
2700.0,1.6560395980302318,20,0.0,0.0,0,0,not_needed,0,0,bragg,auto_sparse,500.0,14.183552179744003,0,0,0,voigt,voigt,0,1.6560395980302318,0.09083506115879636
2700.0,1.6560395980302318,21,0.0,0.0,0,0,not_needed,0,0,bragg,auto_sparse,500.0,14.183552179744003,0,0,0,voigt,voigt,0,1.6560395980302318,0.09083506115879636
2700.0,1.6560395980302318,22,0.0,0.0,0,0,not_needed,0,0,bragg,auto_sparse,500.0,14.183552179744003,0,0,0,voigt,voigt,0,1.6560395980302318,0.09083506115879636
2700.0,1.6560395980302318,23,0.0,0.0,0,0,not_needed,0,0,bragg,auto_sparse,500.0,14.183552179744003,0,0,0,voigt,voigt,0,1.6560395980302318,0.09083506115879636
2700.0,1.6560395980302318,24,0.0,0.0,0,0,not_needed,0,0,bragg,auto_sparse,500.0,14.183552179744003,0,0,0,voigt,voigt,0,1.6560395980302318,0.09083506115879636
2700.0,1.6560395980302318,25,0.0,0.0,0,0,not_needed,0,0,bragg,auto_sparse,500.0,14.183552179744003,0,0,0,voigt,voigt,0,1.6560395980302318,0.09083506115879636
2900.0,1.4623304130191526,-25,2.8858097726275814e-09,13.088033136381128,0,0,not_needed,0,0,bragg,auto_sparse,500.0,14.183552179744003,0,0,0,voigt,voigt,0,1.4623304130191526,0.09276190875241583
2900.0,1.4623304130191526,-24,1.2788793138565658e-10,12.825843156106203,0,0,not_needed,0,0,bragg,auto_sparse,500.0,14.183552179744003,0,0,0,voigt,voigt,0,1.4623304130191526,0.09276190875241583
2900.0,1.4623304130191526,-23,6.857205841424071e-10,12.558273953693629,0,0,not_needed,0,0,bragg,auto_sparse,500.0,14.183552179744003,0,0,0,voigt,voigt,0,1.4623304130191526,0.09276190875241583
2900.0,1.4623304130191526,-22,8.972715753531181e-10,12.28497397311115,0,0,not_needed,0,0,bragg,auto_sparse,500.0,14.183552179744003,0,0,0,voigt,voigt,0,1.4623304130191526,0.09276190875241583
2900.0,1.4623304130191526,-21,4.2599036783024377e-10,12.005551765233264,0,0,not_needed,0,0,bragg,auto_sparse,500.0,14.183552179744003,0,0,0,voigt,voigt,0,1.4623304130191526,0.09276190875241583
2900.0,1.4623304130191526,-20,1.3214159402847525e-09,11.719569350121617,0,0,not_needed,0,0,bragg,auto_sparse,500.0,14.183552179744003,0,0,0,voigt,voigt,0,1.4623304130191526,0.09276190875241583
2900.0,1.4623304130191526,-19,1.02096773810264e-09,11.42653408824033,0,0,not_needed,0,0,bragg,auto_sparse,500.0,14.183552179744003,0,0,0,voigt,voigt,0,1.4623304130191526,0.09276190875241583
2900.0,1.4623304130191526,-18,2.026006959124142e-09,11.125888629604617,0,0,not_needed,0,0,bragg,auto_sparse,500.0,14.183552179744003,0,0,0,voigt,voigt,0,1.4623304130191526,0.09276190875241583
2900.0,1.4623304130191526,-17,7.797390512141394e-09,10.816998354408724,0,0,not_needed,0,0,bragg,auto_sparse,500.0,14.183552179744003,0,0,0,voigt,voigt,0,1.4623304130191526,0.09276190875241583
2900.0,1.4623304130191526,-16,6.699556609290151e-10,10.499135494700269,0,0,not_needed,0,0,bragg,auto_sparse,500.0,14.183552179744003,0,0,0,voigt,voigt,0,1.4623304130191526,0.09276190875241583
2900.0,1.4623304130191526,-15,1.2025321586133118e-08,10.171458797779763,0,0,not_needed,0,0,bragg,auto_sparse,500.0,14.183552179744003,0,0,0,voigt,voigt,0,1.4623304130191526,0.09276190875241583
2900.0,1.4623304130191526,-14,2.7429968212320727e-08,9.832987098771525,0,0,not_needed,0,0,bragg,auto_sparse,500.0,14.183552179744003,0,0,0,voigt,voigt,0,1.4623304130191526,0.09276190875241583
2900.0,1.4623304130191526,-13,1.0302804231111913e-07,9.482564412458402,0,0,not_needed,0,0,bragg,auto_sparse,500.0,14.183552179744003,0,0,0,voigt,voigt,0,1.4623304130191526,0.09276190875241583
2900.0,1.4623304130191526,-12,1.8888550461644094e-05,9.118812960263028,0,0,not_needed,0,0,bragg,auto_sparse,500.0,14.183552179744003,0,0,0,voigt,voigt,0,1.4623304130191526,0.09276190875241583
2900.0,1.4623304130191526,-11,1.0972749673596496e-07,8.740068607543066,0,0,not_needed,0,0,bragg,auto_sparse,500.0,14.183552179744003,0,0,0,voigt,voigt,0,1.4623304130191526,0.09276190875241583
2900.0,1.4623304130191526,-10,3.718283541855289e-07,8.344289921635777,0,0,not_needed,0,0,bragg,auto_sparse,500.0,14.183552179744003,0,0,0,voigt,voigt,0,1.4623304130191526,0.09276190875241583
2900.0,1.4623304130191526,-9,4.5012242937510217e-07,7.928926344786873,0,0,not_needed,0,0,bragg,auto_sparse,500.0,14.183552179744003,0,0,0,voigt,voigt,0,1.4623304130191526,0.09276190875241583
2900.0,1.4623304130191526,-8,7.230073855882458e-08,7.490720486232803,0,0,not_needed,0,0,bragg,auto_sparse,500.0,14.183552179744003,0,0,0,voigt,voigt,0,1.4623304130191526,0.09276190875241583
2900.0,1.4623304130191526,-7,1.3198141294183332e-06,7.025399180713464,0,0,not_needed,0,0,bragg,auto_sparse,500.0,14.183552179744003,0,0,0,voigt,voigt,0,1.4623304130191526,0.09276190875241583
2900.0,1.4623304130191526,-6,5.410100438598977e-07,6.527165679428521,0,0,not_needed,0,0,bragg,auto_sparse,500.0,14.183552179744003,0,0,0,voigt,voigt,0,1.4623304130191526,0.09276190875241583
2900.0,1.4623304130191526,-5,5.15764402619556e-06,5.987809780676855,0,0,not_needed,0,0,bragg,auto_sparse,500.0,14.183552179744003,0,0,0,voigt,voigt,0,1.4623304130191526,0.09276190875241583
2900.0,1.4623304130191526,-4,6.9572294503758945e-06,5.395011976923797,0,0,not_needed,0,0,bragg,auto_sparse,500.0,14.183552179744003,0,0,0,voigt,voigt,0,1.4623304130191526,0.09276190875241583
2900.0,1.4623304130191526,-3,0.0007781862270607326,4.728715966113455,0,0,not_needed,0,0,bragg,auto_sparse,500.0,14.183552179744003,0,0,0,voigt,voigt,0,1.4623304130191526,0.09276190875241583
2900.0,1.4623304130191526,-2,0.5946587266023501,3.95191920968594,0,0,not_needed,0,0,bragg,auto_sparse,500.0,14.183552179744003,0,0,0,voigt,voigt,0,1.4623304130191526,0.09276190875241583
2900.0,1.4623304130191526,-1,0.0029242917006739844,2.9794101073906347,0,0,not_needed,0,0,bragg,auto_sparse,500.0,14.183552179744003,0,0,0,voigt,voigt,0,1.4623304130191526,0.09276190875241583
2900.0,1.4623304130191526,0,0.0011368766781379345,1.4623304130190604,0,0,not_needed,0,0,bragg,auto_sparse,500.0,14.183552179744003,0,0,0,voigt,voigt,0,1.4623304130191526,0.09276190875241583
2900.0,1.4623304130191526,1,0.0,0.0,0,0,not_needed,0,0,bragg,auto_sparse,500.0,14.183552179744003,0,0,0,voigt,voigt,0,1.4623304130191526,0.09276190875241583
2900.0,1.4623304130191526,2,0.0,0.0,0,0,not_needed,0,0,bragg,auto_sparse,500.0,14.183552179744003,0,0,0,voigt,voigt,0,1.4623304130191526,0.09276190875241583
2900.0,1.4623304130191526,3,0.0,0.0,0,0,not_needed,0,0,bragg,auto_sparse,500.0,14.183552179744003,0,0,0,voigt,voigt,0,1.4623304130191526,0.09276190875241583
2900.0,1.4623304130191526,4,0.0,0.0,0,0,not_needed,0,0,bragg,auto_sparse,500.0,14.183552179744003,0,0,0,voigt,voigt,0,1.4623304130191526,0.09276190875241583
2900.0,1.4623304130191526,5,0.0,0.0,0,0,not_needed,0,0,bragg,auto_sparse,500.0,14.183552179744003,0,0,0,voigt,voigt,0,1.4623304130191526,0.09276190875241583
2900.0,1.4623304130191526,6,0.0,0.0,0,0,not_needed,0,0,bragg,auto_sparse,500.0,14.183552179744003,0,0,0,voigt,voigt,0,1.4623304130191526,0.09276190875241583
2900.0,1.4623304130191526,7,0.0,0.0,0,0,not_needed,0,0,bragg,auto_sparse,500.0,14.183552179744003,0,0,0,voigt,voigt,0,1.4623304130191526,0.09276190875241583
2900.0,1.4623304130191526,8,0.0,0.0,0,0,not_needed,0,0,bragg,auto_sparse,500.0,14.183552179744003,0,0,0,voigt,voigt,0,1.4623304130191526,0.09276190875241583
2900.0,1.4623304130191526,9,0.0,0.0,0,0,not_needed,0,0,bragg,auto_sparse,500.0,14.183552179744003,0,0,0,voigt,voigt,0,1.4623304130191526,0.09276190875241583
2900.0,1.4623304130191526,10,0.0,0.0,0,0,not_needed,0,0,bragg,auto_sparse,500.0,14.183552179744003,0,0,0,voigt,voigt,0,1.4623304130191526,0.09276190875241583
2900.0,1.4623304130191526,11,0.0,0.0,0,0,not_needed,0,0,bragg,auto_sparse,500.0,14.183552179744003,0,0,0,voigt,voigt,0,1.4623304130191526,0.09276190875241583
2900.0,1.4623304130191526,12,0.0,0.0,0,0,not_needed,0,0,bragg,auto_sparse,500.0,14.183552179744003,0,0,0,voigt,voigt,0,1.4623304130191526,0.09276190875241583
2900.0,1.4623304130191526,13,0.0,0.0,0,0,not_needed,0,0,bragg,auto_sparse,500.0,14.183552179744003,0,0,0,voigt,voigt,0,1.4623304130191526,0.09276190875241583
2900.0,1.4623304130191526,14,0.0,0.0,0,0,not_needed,0,0,bragg,auto_sparse,500.0,14.183552179744003,0,0,0,voigt,voigt,0,1.4623304130191526,0.09276190875241583
2900.0,1.4623304130191526,15,0.0,0.0,0,0,not_needed,0,0,bragg,auto_sparse,500.0,14.183552179744003,0,0,0,voigt,voigt,0,1.4623304130191526,0.09276190875241583
2900.0,1.4623304130191526,16,0.0,0.0,0,0,not_needed,0,0,bragg,auto_sparse,500.0,14.183552179744003,0,0,0,voigt,voigt,0,1.4623304130191526,0.09276190875241583
2900.0,1.4623304130191526,17,0.0,0.0,0,0,not_needed,0,0,bragg,auto_sparse,500.0,14.183552179744003,0,0,0,voigt,voigt,0,1.4623304130191526,0.09276190875241583
2900.0,1.4623304130191526,18,0.0,0.0,0,0,not_needed,0,0,bragg,auto_sparse,500.0,14.183552179744003,0,0,0,voigt,voigt,0,1.4623304130191526,0.09276190875241583
2900.0,1.4623304130191526,19,0.0,0.0,0,0,not_needed,0,0,bragg,auto_sparse,500.0,14.183552179744003,0,0,0,voigt,voigt,0,1.4623304130191526,0.09276190875241583
2900.0,1.4623304130191526,20,0.0,0.0,0,0,not_needed,0,0,bragg,auto_sparse,500.0,14.183552179744003,0,0,0,voigt,voigt,0,1.4623304130191526,0.09276190875241583
2900.0,1.4623304130191526,21,0.0,0.0,0,0,not_needed,0,0,bragg,auto_sparse,500.0,14.183552179744003,0,0,0,voigt,voigt,0,1.4623304130191526,0.09276190875241583
2900.0,1.4623304130191526,22,0.0,0.0,0,0,not_needed,0,0,bragg,auto_sparse,500.0,14.183552179744003,0,0,0,voigt,voigt,0,1.4623304130191526,0.09276190875241583
2900.0,1.4623304130191526,23,0.0,0.0,0,0,not_needed,0,0,bragg,auto_sparse,500.0,14.183552179744003,0,0,0,voigt,voigt,0,1.4623304130191526,0.09276190875241583
2900.0,1.4623304130191526,24,0.0,0.0,0,0,not_needed,0,0,bragg,auto_sparse,500.0,14.183552179744003,0,0,0,voigt,voigt,0,1.4623304130191526,0.09276190875241583
2900.0,1.4623304130191526,25,0.0,0.0,0,0,not_needed,0,0,bragg,auto_sparse,500.0,14.183552179744003,0,0,0,voigt,voigt,0,1.4623304130191526,0.09276190875241583
3100.0,1.2972751052513547,-25,4.343523321867182e-09,12.64436489690668,0,0,not_needed,0,0,bragg,auto_sparse,500.0,14.183552179744003,0,0,0,voigt,voigt,0,1.2972751052513547,0.08488609081162582
3100.0,1.2972751052513547,-24,1.1970017779397935e-09,12.390624452999333,0,0,not_needed,0,0,bragg,auto_sparse,500.0,14.183552179744003,0,0,0,voigt,voigt,0,1.2972751052513547,0.08488609081162582
3100.0,1.2972751052513547,-23,9.760612149889497e-10,12.131662683765754,0,0,not_needed,0,0,bragg,auto_sparse,500.0,14.183552179744003,0,0,0,voigt,voigt,0,1.2972751052513547,0.08488609081162582
3100.0,1.2972751052513547,-22,1.942933098301164e-09,11.867137711501087,0,0,not_needed,0,0,bragg,auto_sparse,500.0,14.183552179744003,0,0,0,voigt,voigt,0,1.2972751052513547,0.08488609081162582
3100.0,1.2972751052513547,-21,3.662044540012151e-10,11.596668776670441,0,0,not_needed,0,0,bragg,auto_sparse,500.0,14.183552179744003,0,0,0,voigt,voigt,0,1.2972751052513547,0.08488609081162582
3100.0,1.2972751052513547,-20,1.9747005495881286e-09,11.319829753058983,0,0,not_needed,0,0,bragg,auto_sparse,500.0,14.183552179744003,0,0,0,voigt,voigt,0,1.2972751052513547,0.08488609081162582
3100.0,1.2972751052513547,-19,8.265539250218341e-10,11.036141202538772,0,0,not_needed,0,0,bragg,auto_sparse,500.0,14.183552179744003,0,0,0,voigt,voigt,0,1.2972751052513547,0.08488609081162582
3100.0,1.2972751052513547,-18,6.381915973512673e-10,10.745060546200719,0,0,not_needed,0,0,bragg,auto_sparse,500.0,14.183552179744003,0,0,0,voigt,voigt,0,1.2972751052513547,0.08488609081162582
3100.0,1.2972751052513547,-17,5.8719651897146246e-09,10.445969775514413,0,0,not_needed,0,0,bragg,auto_sparse,500.0,14.183552179744003,0,0,0,voigt,voigt,0,1.2972751052513547,0.08488609081162582
3100.0,1.2972751052513547,-16,6.097393545613021e-10,10.138159906410877,0,0,not_needed,0,0,bragg,auto_sparse,500.0,14.183552179744003,0,0,0,voigt,voigt,0,1.2972751052513547,0.08488609081162582
3100.0,1.2972751052513547,-15,5.8614080564673295e-09,9.820811054680377,0,0,not_needed,0,0,bragg,auto_sparse,500.0,14.183552179744003,0,0,0,voigt,voigt,0,1.2972751052513547,0.08488609081162582
3100.0,1.2972751052513547,-14,3.085817575974655e-08,9.492966523878522,0,0,not_needed,0,0,bragg,auto_sparse,500.0,14.183552179744003,0,0,0,voigt,voigt,0,1.2972751052513547,0.08488609081162582
3100.0,1.2972751052513547,-13,2.0367488659997282e-08,9.153498547896675,0,0,not_needed,0,0,bragg,auto_sparse,500.0,14.183552179744003,0,0,0,voigt,voigt,0,1.2972751052513547,0.08488609081162582
3100.0,1.2972751052513547,-12,7.415379031310662e-07,8.801062147573248,0,0,not_needed,0,0,bragg,auto_sparse,500.0,14.183552179744003,0,0,0,voigt,voigt,0,1.2972751052513547,0.08488609081162582
3100.0,1.2972751052513547,-11,4.2344572050624426e-07,8.43403163545426,0,0,not_needed,0,0,bragg,auto_sparse,500.0,14.183552179744003,0,0,0,voigt,voigt,0,1.2972751052513547,0.08488609081162582
3100.0,1.2972751052513547,-10,6.368382586955019e-07,8.050411057986537,0,0,not_needed,0,0,bragg,auto_sparse,500.0,14.183552179744003,0,0,0,voigt,voigt,0,1.2972751052513547,0.08488609081162582
3100.0,1.2972751052513547,-9,5.904837428784689e-07,7.647704170568858,0,0,not_needed,0,0,bragg,auto_sparse,500.0,14.183552179744003,0,0,0,voigt,voigt,0,1.2972751052513547,0.08488609081162582
3100.0,1.2972751052513547,-8,8.585579343068132e-08,7.222719065193132,0,0,not_needed,0,0,bragg,auto_sparse,500.0,14.183552179744003,0,0,0,voigt,voigt,0,1.2972751052513547,0.08488609081162582
3100.0,1.2972751052513547,-7,9.893085451405378e-07,6.7712621777557445,0,0,not_needed,0,0,bragg,auto_sparse,500.0,14.183552179744003,0,0,0,voigt,voigt,0,1.2972751052513547,0.08488609081162582
3100.0,1.2972751052513547,-6,5.360103276727099e-08,6.2876338850895905,0,0,not_needed,0,0,bragg,auto_sparse,500.0,14.183552179744003,0,0,0,voigt,voigt,0,1.2972751052513547,0.08488609081162582
3100.0,1.2972751052513547,-5,7.495718986778452e-06,5.76374134677215,0,0,not_needed,0,0,bragg,auto_sparse,500.0,14.183552179744003,0,0,0,voigt,voigt,0,1.2972751052513547,0.08488609081162582
3100.0,1.2972751052513547,-4,6.87779097752113e-06,5.187399467869156,0,0,not_needed,0,0,bragg,auto_sparse,500.0,14.183552179744003,0,0,0,voigt,voigt,0,1.2972751052513547,0.08488609081162582
3100.0,1.2972751052513547,-3,0.0007920031550999866,4.538671071556394,0,0,not_needed,0,0,bragg,auto_sparse,500.0,14.183552179744003,0,0,0,voigt,voigt,0,1.2972751052513547,0.08488609081162582
3100.0,1.2972751052513547,-2,0.6176398854948972,3.7804732939936514,0,0,not_needed,0,0,bragg,auto_sparse,500.0,14.183552179744003,0,0,0,voigt,voigt,0,1.2972751052513547,0.08488609081162582
3100.0,1.2972751052513547,-1,0.0029457758434199856,2.82602925995549,0,0,not_needed,0,0,bragg,auto_sparse,500.0,14.183552179744003,0,0,0,voigt,voigt,0,1.2972751052513547,0.08488609081162582
3100.0,1.2972751052513547,0,0.002083243516779592,1.2972751052513303,0,0,not_needed,0,0,bragg,auto_sparse,500.0,14.183552179744003,0,0,0,voigt,voigt,0,1.2972751052513547,0.08488609081162582
3100.0,1.2972751052513547,1,0.0,0.0,0,0,not_needed,0,0,bragg,auto_sparse,500.0,14.183552179744003,0,0,0,voigt,voigt,0,1.2972751052513547,0.08488609081162582
3100.0,1.2972751052513547,2,0.0,0.0,0,0,not_needed,0,0,bragg,auto_sparse,500.0,14.183552179744003,0,0,0,voigt,voigt,0,1.2972751052513547,0.08488609081162582
3100.0,1.2972751052513547,3,0.0,0.0,0,0,not_needed,0,0,bragg,auto_sparse,500.0,14.183552179744003,0,0,0,voigt,voigt,0,1.2972751052513547,0.08488609081162582
3100.0,1.2972751052513547,4,0.0,0.0,0,0,not_needed,0,0,bragg,auto_sparse,500.0,14.183552179744003,0,0,0,voigt,voigt,0,1.2972751052513547,0.08488609081162582
3100.0,1.2972751052513547,5,0.0,0.0,0,0,not_needed,0,0,bragg,auto_sparse,500.0,14.183552179744003,0,0,0,voigt,voigt,0,1.2972751052513547,0.08488609081162582
3100.0,1.2972751052513547,6,0.0,0.0,0,0,not_needed,0,0,bragg,auto_sparse,500.0,14.183552179744003,0,0,0,voigt,voigt,0,1.2972751052513547,0.08488609081162582
3100.0,1.2972751052513547,7,0.0,0.0,0,0,not_needed,0,0,bragg,auto_sparse,500.0,14.183552179744003,0,0,0,voigt,voigt,0,1.2972751052513547,0.08488609081162582
3100.0,1.2972751052513547,8,0.0,0.0,0,0,not_needed,0,0,bragg,auto_sparse,500.0,14.183552179744003,0,0,0,voigt,voigt,0,1.2972751052513547,0.08488609081162582
3100.0,1.2972751052513547,9,0.0,0.0,0,0,not_needed,0,0,bragg,auto_sparse,500.0,14.183552179744003,0,0,0,voigt,voigt,0,1.2972751052513547,0.08488609081162582
3100.0,1.2972751052513547,10,0.0,0.0,0,0,not_needed,0,0,bragg,auto_sparse,500.0,14.183552179744003,0,0,0,voigt,voigt,0,1.2972751052513547,0.08488609081162582
3100.0,1.2972751052513547,11,0.0,0.0,0,0,not_needed,0,0,bragg,auto_sparse,500.0,14.183552179744003,0,0,0,voigt,voigt,0,1.2972751052513547,0.08488609081162582
3100.0,1.2972751052513547,12,0.0,0.0,0,0,not_needed,0,0,bragg,auto_sparse,500.0,14.183552179744003,0,0,0,voigt,voigt,0,1.2972751052513547,0.08488609081162582
3100.0,1.2972751052513547,13,0.0,0.0,0,0,not_needed,0,0,bragg,auto_sparse,500.0,14.183552179744003,0,0,0,voigt,voigt,0,1.2972751052513547,0.08488609081162582
3100.0,1.2972751052513547,14,0.0,0.0,0,0,not_needed,0,0,bragg,auto_sparse,500.0,14.183552179744003,0,0,0,voigt,voigt,0,1.2972751052513547,0.08488609081162582
3100.0,1.2972751052513547,15,0.0,0.0,0,0,not_needed,0,0,bragg,auto_sparse,500.0,14.183552179744003,0,0,0,voigt,voigt,0,1.2972751052513547,0.08488609081162582
3100.0,1.2972751052513547,16,0.0,0.0,0,0,not_needed,0,0,bragg,auto_sparse,500.0,14.183552179744003,0,0,0,voigt,voigt,0,1.2972751052513547,0.08488609081162582
3100.0,1.2972751052513547,17,0.0,0.0,0,0,not_needed,0,0,bragg,auto_sparse,500.0,14.183552179744003,0,0,0,voigt,voigt,0,1.2972751052513547,0.08488609081162582
3100.0,1.2972751052513547,18,0.0,0.0,0,0,not_needed,0,0,bragg,auto_sparse,500.0,14.183552179744003,0,0,0,voigt,voigt,0,1.2972751052513547,0.08488609081162582
3100.0,1.2972751052513547,19,0.0,0.0,0,0,not_needed,0,0,bragg,auto_sparse,500.0,14.183552179744003,0,0,0,voigt,voigt,0,1.2972751052513547,0.08488609081162582
3100.0,1.2972751052513547,20,0.0,0.0,0,0,not_needed,0,0,bragg,auto_sparse,500.0,14.183552179744003,0,0,0,voigt,voigt,0,1.2972751052513547,0.08488609081162582
3100.0,1.2972751052513547,21,0.0,0.0,0,0,not_needed,0,0,bragg,auto_sparse,500.0,14.183552179744003,0,0,0,voigt,voigt,0,1.2972751052513547,0.08488609081162582
3100.0,1.2972751052513547,22,0.0,0.0,0,0,not_needed,0,0,bragg,auto_sparse,500.0,14.183552179744003,0,0,0,voigt,voigt,0,1.2972751052513547,0.08488609081162582
3100.0,1.2972751052513547,23,0.0,0.0,0,0,not_needed,0,0,bragg,auto_sparse,500.0,14.183552179744003,0,0,0,voigt,voigt,0,1.2972751052513547,0.08488609081162582
3100.0,1.2972751052513547,24,0.0,0.0,0,0,not_needed,0,0,bragg,auto_sparse,500.0,14.183552179744003,0,0,0,voigt,voigt,0,1.2972751052513547,0.08488609081162582
3100.0,1.2972751052513547,25,0.0,0.0,0,0,not_needed,0,0,bragg,auto_sparse,500.0,14.183552179744003,0,0,0,voigt,voigt,0,1.2972751052513547,0.08488609081162582
3300.0,1.1553965265361243,-25,1.613784374670442e-08,12.243582517793627,0,0,not_needed,0,0,bragg,auto_sparse,500.0,14.183552179744003,0,0,0,voigt,voigt,0,1.1553965265361243,0.07568558928069014
3300.0,1.1553965265361243,-24,1.0868907649354606e-09,11.997536766217806,0,0,not_needed,0,0,bragg,auto_sparse,500.0,14.183552179744003,0,0,0,voigt,voigt,0,1.1553965265361243,0.07568558928069014
3300.0,1.1553965265361243,-23,6.828329325674486e-10,11.746415405987918,0,0,not_needed,0,0,bragg,auto_sparse,500.0,14.183552179744003,0,0,0,voigt,voigt,0,1.1553965265361243,0.07568558928069014
3300.0,1.1553965265361243,-22,3.780708539984463e-09,11.489885589091031,0,0,not_needed,0,0,bragg,auto_sparse,500.0,14.183552179744003,0,0,0,voigt,voigt,0,1.1553965265361243,0.07568558928069014
3300.0,1.1553965265361243,-21,5.229658054791274e-10,11.22757654259975,0,0,not_needed,0,0,bragg,auto_sparse,500.0,14.183552179744003,0,0,0,voigt,voigt,0,1.1553965265361243,0.07568558928069014
3300.0,1.1553965265361243,-20,2.2299703785055724e-09,10.95907323099226,0,0,not_needed,0,0,bragg,auto_sparse,500.0,14.183552179744003,0,0,0,voigt,voigt,0,1.1553965265361243,0.07568558928069014
3300.0,1.1553965265361243,-19,7.9489622335653e-09,10.683908588269688,0,0,not_needed,0,0,bragg,auto_sparse,500.0,14.183552179744003,0,0,0,voigt,voigt,0,1.1553965265361243,0.07568558928069014
3300.0,1.1553965265361243,-18,9.96214487618611e-10,10.40155390445993,0,0,not_needed,0,0,bragg,auto_sparse,500.0,14.183552179744003,0,0,0,voigt,voigt,0,1.1553965265361243,0.07568558928069014
3300.0,1.1553965265361243,-17,4.050311353881255e-09,10.111406800496582,0,0,not_needed,0,0,bragg,auto_sparse,500.0,14.183552179744003,0,0,0,voigt,voigt,0,1.1553965265361243,0.07568558928069014
3300.0,1.1553965265361243,-16,1.991765242900267e-09,9.812776008117794,0,0,not_needed,0,0,bragg,auto_sparse,500.0,14.183552179744003,0,0,0,voigt,voigt,0,1.1553965265361243,0.07568558928069014
3300.0,1.1553965265361243,-15,6.26095614712099e-09,9.504861851692937,0,0,not_needed,0,0,bragg,auto_sparse,500.0,14.183552179744003,0,0,0,voigt,voigt,0,1.1553965265361243,0.07568558928069014
3300.0,1.1553965265361243,-14,2.222992241109353e-08,9.186730848390681,0,0,not_needed,0,0,bragg,auto_sparse,500.0,14.183552179744003,0,0,0,voigt,voigt,0,1.1553965265361243,0.07568558928069014
3300.0,1.1553965265361243,-13,1.622045654144359e-08,8.857282103605542,0,0,not_needed,0,0,bragg,auto_sparse,500.0,14.183552179744003,0,0,0,voigt,voigt,0,1.1553965265361243,0.07568558928069014
3300.0,1.1553965265361243,-12,3.522884344793411e-07,8.515202009457383,0,0,not_needed,0,0,bragg,auto_sparse,500.0,14.183552179744003,0,0,0,voigt,voigt,0,1.1553965265361243,0.07568558928069014
3300.0,1.1553965265361243,-11,1.9707293942961368e-05,8.158901848607215,0,0,not_needed,0,0,bragg,auto_sparse,500.0,14.183552179744003,0,0,0,voigt,voigt,0,1.1553965265361243,0.07568558928069014
3300.0,1.1553965265361243,-10,1.0443923289659602e-06,7.786429689001963,0,0,not_needed,0,0,bragg,auto_sparse,500.0,14.183552179744003,0,0,0,voigt,voigt,0,1.1553965265361243,0.07568558928069014
3300.0,1.1553965265361243,-9,1.2018056760640892e-06,7.395342300528,0,0,not_needed,0,0,bragg,auto_sparse,500.0,14.183552179744003,0,0,0,voigt,voigt,0,1.1553965265361243,0.07568558928069014
3300.0,1.1553965265361243,-8,4.391235963271564e-08,6.9825123986829425,0,0,not_needed,0,0,bragg,auto_sparse,500.0,14.183552179744003,0,0,0,voigt,voigt,0,1.1553965265361243,0.07568558928069014
3300.0,1.1553965265361243,-7,2.021079323965164e-06,6.543826172244792,0,0,not_needed,0,0,bragg,auto_sparse,500.0,14.183552179744003,0,0,0,voigt,voigt,0,1.1553965265361243,0.07568558928069014
3300.0,1.1553965265361243,-6,3.4779151587076764e-08,6.073683492849668,0,0,not_needed,0,0,bragg,auto_sparse,500.0,14.183552179744003,0,0,0,voigt,voigt,0,1.1553965265361243,0.07568558928069014
3300.0,1.1553965265361243,-5,4.835880055215901e-06,5.564116165258312,0,0,not_needed,0,0,bragg,auto_sparse,500.0,14.183552179744003,0,0,0,voigt,voigt,0,1.1553965265361243,0.07568558928069014
3300.0,1.1553965265361243,-4,9.350966616776855e-06,5.003092270589775,0,0,not_needed,0,0,bragg,auto_sparse,500.0,14.183552179744003,0,0,0,voigt,voigt,0,1.1553965265361243,0.07568558928069014
3300.0,1.1553965265361243,-3,0.0007256086681266106,4.370842090880217,0,0,not_needed,0,0,bragg,auto_sparse,500.0,14.183552179744003,0,0,0,voigt,voigt,0,1.1553965265361243,0.07568558928069014
3300.0,1.1553965265361243,-2,0.6285609866711412,3.6303405291472046,0,0,not_needed,0,0,bragg,auto_sparse,500.0,14.183552179744003,0,0,0,voigt,voigt,0,1.1553965265361243,0.07568558928069014
3300.0,1.1553965265361243,-1,0.0031814287199259743,2.693745775488381,0,0,not_needed,0,0,bragg,auto_sparse,500.0,14.183552179744003,0,0,0,voigt,voigt,0,1.1553965265361243,0.07568558928069014
3300.0,1.1553965265361243,0,0.0036597373863198465,1.1553965265362223,0,0,not_needed,0,0,bragg,auto_sparse,500.0,14.183552179744003,0,0,0,voigt,voigt,0,1.1553965265361243,0.07568558928069014
3300.0,1.1553965265361243,1,0.0,0.0,0,0,not_needed,0,0,bragg,auto_sparse,500.0,14.183552179744003,0,0,0,voigt,voigt,0,1.1553965265361243,0.07568558928069014
3300.0,1.1553965265361243,2,0.0,0.0,0,0,not_needed,0,0,bragg,auto_sparse,500.0,14.183552179744003,0,0,0,voigt,voigt,0,1.1553965265361243,0.07568558928069014
3300.0,1.1553965265361243,3,0.0,0.0,0,0,not_needed,0,0,bragg,auto_sparse,500.0,14.183552179744003,0,0,0,voigt,voigt,0,1.1553965265361243,0.07568558928069014
3300.0,1.1553965265361243,4,0.0,0.0,0,0,not_needed,0,0,bragg,auto_sparse,500.0,14.183552179744003,0,0,0,voigt,voigt,0,1.1553965265361243,0.07568558928069014
3300.0,1.1553965265361243,5,0.0,0.0,0,0,not_needed,0,0,bragg,auto_sparse,500.0,14.183552179744003,0,0,0,voigt,voigt,0,1.1553965265361243,0.07568558928069014
3300.0,1.1553965265361243,6,0.0,0.0,0,0,not_needed,0,0,bragg,auto_sparse,500.0,14.183552179744003,0,0,0,voigt,voigt,0,1.1553965265361243,0.07568558928069014
3300.0,1.1553965265361243,7,0.0,0.0,0,0,not_needed,0,0,bragg,auto_sparse,500.0,14.183552179744003,0,0,0,voigt,voigt,0,1.1553965265361243,0.07568558928069014
3300.0,1.1553965265361243,8,0.0,0.0,0,0,not_needed,0,0,bragg,auto_sparse,500.0,14.183552179744003,0,0,0,voigt,voigt,0,1.1553965265361243,0.07568558928069014
3300.0,1.1553965265361243,9,0.0,0.0,0,0,not_needed,0,0,bragg,auto_sparse,500.0,14.183552179744003,0,0,0,voigt,voigt,0,1.1553965265361243,0.07568558928069014
3300.0,1.1553965265361243,10,0.0,0.0,0,0,not_needed,0,0,bragg,auto_sparse,500.0,14.183552179744003,0,0,0,voigt,voigt,0,1.1553965265361243,0.07568558928069014
3300.0,1.1553965265361243,11,0.0,0.0,0,0,not_needed,0,0,bragg,auto_sparse,500.0,14.183552179744003,0,0,0,voigt,voigt,0,1.1553965265361243,0.07568558928069014
3300.0,1.1553965265361243,12,0.0,0.0,0,0,not_needed,0,0,bragg,auto_sparse,500.0,14.183552179744003,0,0,0,voigt,voigt,0,1.1553965265361243,0.07568558928069014
3300.0,1.1553965265361243,13,0.0,0.0,0,0,not_needed,0,0,bragg,auto_sparse,500.0,14.183552179744003,0,0,0,voigt,voigt,0,1.1553965265361243,0.07568558928069014
3300.0,1.1553965265361243,14,0.0,0.0,0,0,not_needed,0,0,bragg,auto_sparse,500.0,14.183552179744003,0,0,0,voigt,voigt,0,1.1553965265361243,0.07568558928069014
3300.0,1.1553965265361243,15,0.0,0.0,0,0,not_needed,0,0,bragg,auto_sparse,500.0,14.183552179744003,0,0,0,voigt,voigt,0,1.1553965265361243,0.07568558928069014
3300.0,1.1553965265361243,16,0.0,0.0,0,0,not_needed,0,0,bragg,auto_sparse,500.0,14.183552179744003,0,0,0,voigt,voigt,0,1.1553965265361243,0.07568558928069014
3300.0,1.1553965265361243,17,0.0,0.0,0,0,not_needed,0,0,bragg,auto_sparse,500.0,14.183552179744003,0,0,0,voigt,voigt,0,1.1553965265361243,0.07568558928069014
3300.0,1.1553965265361243,18,0.0,0.0,0,0,not_needed,0,0,bragg,auto_sparse,500.0,14.183552179744003,0,0,0,voigt,voigt,0,1.1553965265361243,0.07568558928069014
3300.0,1.1553965265361243,19,0.0,0.0,0,0,not_needed,0,0,bragg,auto_sparse,500.0,14.183552179744003,0,0,0,voigt,voigt,0,1.1553965265361243,0.07568558928069014
3300.0,1.1553965265361243,20,0.0,0.0,0,0,not_needed,0,0,bragg,auto_sparse,500.0,14.183552179744003,0,0,0,voigt,voigt,0,1.1553965265361243,0.07568558928069014
3300.0,1.1553965265361243,21,0.0,0.0,0,0,not_needed,0,0,bragg,auto_sparse,500.0,14.183552179744003,0,0,0,voigt,voigt,0,1.1553965265361243,0.07568558928069014
3300.0,1.1553965265361243,22,0.0,0.0,0,0,not_needed,0,0,bragg,auto_sparse,500.0,14.183552179744003,0,0,0,voigt,voigt,0,1.1553965265361243,0.07568558928069014
3300.0,1.1553965265361243,23,0.0,0.0,0,0,not_needed,0,0,bragg,auto_sparse,500.0,14.183552179744003,0,0,0,voigt,voigt,0,1.1553965265361243,0.07568558928069014
3300.0,1.1553965265361243,24,0.0,0.0,0,0,not_needed,0,0,bragg,auto_sparse,500.0,14.183552179744003,0,0,0,voigt,voigt,0,1.1553965265361243,0.07568558928069014
3300.0,1.1553965265361243,25,0.0,0.0,0,0,not_needed,0,0,bragg,auto_sparse,500.0,14.183552179744003,0,0,0,voigt,voigt,0,1.1553965265361243,0.07568558928069014
3500.0,1.0287702868411264,-25,1.0311690968047347e-07,11.878834613382523,0,0,not_needed,0,0,bragg,auto_sparse,500.0,14.183552179744003,0,0,0,voigt,voigt,0,1.0287702868411264,0.0753930963721124
3500.0,1.0287702868411264,-24,7.650645398166847e-09,11.639827373821817,0,0,not_needed,0,0,bragg,auto_sparse,500.0,14.183552179744003,0,0,0,voigt,voigt,0,1.0287702868411264,0.0753930963721124
3500.0,1.0287702868411264,-23,4.378031508813672e-10,11.39587903389723,0,0,not_needed,0,0,bragg,auto_sparse,500.0,14.183552179744003,0,0,0,voigt,voigt,0,1.0287702868411264,0.0753930963721124
3500.0,1.0287702868411264,-22,2.0491299388754384e-10,11.146665136106094,0,0,not_needed,0,0,bragg,auto_sparse,500.0,14.183552179744003,0,0,0,voigt,voigt,0,1.0287702868411264,0.0753930963721124
3500.0,1.0287702868411264,-21,1.4150437090934953e-09,10.891824194928347,0,0,not_needed,0,0,bragg,auto_sparse,500.0,14.183552179744003,0,0,0,voigt,voigt,0,1.0287702868411264,0.0753930963721124
3500.0,1.0287702868411264,-20,9.769317597279327e-10,10.630951498512559,0,0,not_needed,0,0,bragg,auto_sparse,500.0,14.183552179744003,0,0,0,voigt,voigt,0,1.0287702868411264,0.0753930963721124
3500.0,1.0287702868411264,-19,1.6424897437851512e-09,10.363591509099408,0,0,not_needed,0,0,bragg,auto_sparse,500.0,14.183552179744003,0,0,0,voigt,voigt,0,1.0287702868411264,0.0753930963721124
3500.0,1.0287702868411264,-18,4.17667442548459e-10,10.089228454405415,0,0,not_needed,0,0,bragg,auto_sparse,500.0,14.183552179744003,0,0,0,voigt,voigt,0,1.0287702868411264,0.0753930963721124
3500.0,1.0287702868411264,-17,2.7624680059341723e-09,9.807274554062559,0,0,not_needed,0,0,bragg,auto_sparse,500.0,14.183552179744003,0,0,0,voigt,voigt,0,1.0287702868411264,0.0753930963721124
3500.0,1.0287702868411264,-16,9.21108715231102e-10,9.517055111290404,0,0,not_needed,0,0,bragg,auto_sparse,500.0,14.183552179744003,0,0,0,voigt,voigt,0,1.0287702868411264,0.0753930963721124
3500.0,1.0287702868411264,-15,4.898590475745803e-09,9.217789385055625,0,0,not_needed,0,0,bragg,auto_sparse,500.0,14.183552179744003,0,0,0,voigt,voigt,0,1.0287702868411264,0.0753930963721124
3500.0,1.0287702868411264,-14,2.1329051501782068e-08,8.90856568432963,0,0,not_needed,0,0,bragg,auto_sparse,500.0,14.183552179744003,0,0,0,voigt,voigt,0,1.0287702868411264,0.0753930963721124
3500.0,1.0287702868411264,-13,2.6865740412023554e-08,8.58830839644186,0,0,not_needed,0,0,bragg,auto_sparse,500.0,14.183552179744003,0,0,0,voigt,voigt,0,1.0287702868411264,0.0753930963721124
3500.0,1.0287702868411264,-12,1.3503374540105013e-07,8.255733506861787,0,0,not_needed,0,0,bragg,auto_sparse,500.0,14.183552179744003,0,0,0,voigt,voigt,0,1.0287702868411264,0.0753930963721124
3500.0,1.0287702868411264,-11,9.025744904832754e-06,7.909287283500106,0,0,not_needed,0,0,bragg,auto_sparse,500.0,14.183552179744003,0,0,0,voigt,voigt,0,1.0287702868411264,0.0753930963721124
3500.0,1.0287702868411264,-10,3.0484440131706947e-06,7.547059613689427,0,0,not_needed,0,0,bragg,auto_sparse,500.0,14.183552179744003,0,0,0,voigt,voigt,0,1.0287702868411264,0.0753930963721124
3500.0,1.0287702868411264,-9,1.7145411943620191e-06,7.166657874266875,0,0,not_needed,0,0,bragg,auto_sparse,500.0,14.183552179744003,0,0,0,voigt,voigt,0,1.0287702868411264,0.0753930963721124
3500.0,1.0287702868411264,-8,5.191720684143785e-08,6.765016856467952,0,0,not_needed,0,0,bragg,auto_sparse,500.0,14.183552179744003,0,0,0,voigt,voigt,0,1.0287702868411264,0.0753930963721124
3500.0,1.0287702868411264,-7,1.8910907614715945e-06,6.338100004813256,0,0,not_needed,0,0,bragg,auto_sparse,500.0,14.183552179744003,0,0,0,voigt,voigt,0,1.0287702868411264,0.0753930963721124
3500.0,1.0287702868411264,-6,8.900269982409335e-08,5.8804047318242425,0,0,not_needed,0,0,bragg,auto_sparse,500.0,14.183552179744003,0,0,0,voigt,voigt,0,1.0287702868411264,0.0753930963721124
3500.0,1.0287702868411264,-5,5.431067374909797e-06,5.384087332291145,0,0,not_needed,0,0,bragg,auto_sparse,500.0,14.183552179744003,0,0,0,voigt,voigt,0,1.0287702868411264,0.0753930963721124
3500.0,1.0287702868411264,-4,1.3498169243283974e-05,4.83727406330587,0,0,not_needed,0,0,bragg,auto_sparse,500.0,14.183552179744003,0,0,0,voigt,voigt,0,1.0287702868411264,0.0753930963721124
3500.0,1.0287702868411264,-3,0.0008637513711346958,4.220382756826325,0,0,not_needed,0,0,bragg,auto_sparse,500.0,14.183552179744003,0,0,0,voigt,voigt,0,1.0287702868411264,0.0753930963721124
3500.0,1.0287702868411264,-2,0.6509671366529404,3.4965162767173297,0,0,not_needed,0,0,bragg,auto_sparse,500.0,14.183552179744003,0,0,0,voigt,voigt,0,1.0287702868411264,0.0753930963721124
3500.0,1.0287702868411264,-1,0.003371308768166872,2.5770536785768456,0,0,not_needed,0,0,bragg,auto_sparse,500.0,14.183552179744003,0,0,0,voigt,voigt,0,1.0287702868411264,0.0753930963721124
3500.0,1.0287702868411264,0,0.0061791012101161365,1.0287702868414357,0,0,not_needed,0,0,bragg,auto_sparse,500.0,14.183552179744003,0,0,0,voigt,voigt,0,1.0287702868411264,0.0753930963721124
3500.0,1.0287702868411264,1,0.0,0.0,0,0,not_needed,0,0,bragg,auto_sparse,500.0,14.183552179744003,0,0,0,voigt,voigt,0,1.0287702868411264,0.0753930963721124
3500.0,1.0287702868411264,2,0.0,0.0,0,0,not_needed,0,0,bragg,auto_sparse,500.0,14.183552179744003,0,0,0,voigt,voigt,0,1.0287702868411264,0.0753930963721124
3500.0,1.0287702868411264,3,0.0,0.0,0,0,not_needed,0,0,bragg,auto_sparse,500.0,14.183552179744003,0,0,0,voigt,voigt,0,1.0287702868411264,0.0753930963721124
3500.0,1.0287702868411264,4,0.0,0.0,0,0,not_needed,0,0,bragg,auto_sparse,500.0,14.183552179744003,0,0,0,voigt,voigt,0,1.0287702868411264,0.0753930963721124
3500.0,1.0287702868411264,5,0.0,0.0,0,0,not_needed,0,0,bragg,auto_sparse,500.0,14.183552179744003,0,0,0,voigt,voigt,0,1.0287702868411264,0.0753930963721124
3500.0,1.0287702868411264,6,0.0,0.0,0,0,not_needed,0,0,bragg,auto_sparse,500.0,14.183552179744003,0,0,0,voigt,voigt,0,1.0287702868411264,0.0753930963721124
3500.0,1.0287702868411264,7,0.0,0.0,0,0,not_needed,0,0,bragg,auto_sparse,500.0,14.183552179744003,0,0,0,voigt,voigt,0,1.0287702868411264,0.0753930963721124
3500.0,1.0287702868411264,8,0.0,0.0,0,0,not_needed,0,0,bragg,auto_sparse,500.0,14.183552179744003,0,0,0,voigt,voigt,0,1.0287702868411264,0.0753930963721124
3500.0,1.0287702868411264,9,0.0,0.0,0,0,not_needed,0,0,bragg,auto_sparse,500.0,14.183552179744003,0,0,0,voigt,voigt,0,1.0287702868411264,0.0753930963721124
3500.0,1.0287702868411264,10,0.0,0.0,0,0,not_needed,0,0,bragg,auto_sparse,500.0,14.183552179744003,0,0,0,voigt,voigt,0,1.0287702868411264,0.0753930963721124
3500.0,1.0287702868411264,11,0.0,0.0,0,0,not_needed,0,0,bragg,auto_sparse,500.0,14.183552179744003,0,0,0,voigt,voigt,0,1.0287702868411264,0.0753930963721124
3500.0,1.0287702868411264,12,0.0,0.0,0,0,not_needed,0,0,bragg,auto_sparse,500.0,14.183552179744003,0,0,0,voigt,voigt,0,1.0287702868411264,0.0753930963721124
3500.0,1.0287702868411264,13,0.0,0.0,0,0,not_needed,0,0,bragg,auto_sparse,500.0,14.183552179744003,0,0,0,voigt,voigt,0,1.0287702868411264,0.0753930963721124
3500.0,1.0287702868411264,14,0.0,0.0,0,0,not_needed,0,0,bragg,auto_sparse,500.0,14.183552179744003,0,0,0,voigt,voigt,0,1.0287702868411264,0.0753930963721124
3500.0,1.0287702868411264,15,0.0,0.0,0,0,not_needed,0,0,bragg,auto_sparse,500.0,14.183552179744003,0,0,0,voigt,voigt,0,1.0287702868411264,0.0753930963721124
3500.0,1.0287702868411264,16,0.0,0.0,0,0,not_needed,0,0,bragg,auto_sparse,500.0,14.183552179744003,0,0,0,voigt,voigt,0,1.0287702868411264,0.0753930963721124
3500.0,1.0287702868411264,17,0.0,0.0,0,0,not_needed,0,0,bragg,auto_sparse,500.0,14.183552179744003,0,0,0,voigt,voigt,0,1.0287702868411264,0.0753930963721124
3500.0,1.0287702868411264,18,0.0,0.0,0,0,not_needed,0,0,bragg,auto_sparse,500.0,14.183552179744003,0,0,0,voigt,voigt,0,1.0287702868411264,0.0753930963721124
3500.0,1.0287702868411264,19,0.0,0.0,0,0,not_needed,0,0,bragg,auto_sparse,500.0,14.183552179744003,0,0,0,voigt,voigt,0,1.0287702868411264,0.0753930963721124
3500.0,1.0287702868411264,20,0.0,0.0,0,0,not_needed,0,0,bragg,auto_sparse,500.0,14.183552179744003,0,0,0,voigt,voigt,0,1.0287702868411264,0.0753930963721124
3500.0,1.0287702868411264,21,0.0,0.0,0,0,not_needed,0,0,bragg,auto_sparse,500.0,14.183552179744003,0,0,0,voigt,voigt,0,1.0287702868411264,0.0753930963721124
3500.0,1.0287702868411264,22,0.0,0.0,0,0,not_needed,0,0,bragg,auto_sparse,500.0,14.183552179744003,0,0,0,voigt,voigt,0,1.0287702868411264,0.0753930963721124
3500.0,1.0287702868411264,23,0.0,0.0,0,0,not_needed,0,0,bragg,auto_sparse,500.0,14.183552179744003,0,0,0,voigt,voigt,0,1.0287702868411264,0.0753930963721124
3500.0,1.0287702868411264,24,0.0,0.0,0,0,not_needed,0,0,bragg,auto_sparse,500.0,14.183552179744003,0,0,0,voigt,voigt,0,1.0287702868411264,0.0753930963721124
3500.0,1.0287702868411264,25,0.0,0.0,0,0,not_needed,0,0,bragg,auto_sparse,500.0,14.183552179744003,0,0,0,voigt,voigt,0,1.0287702868411264,0.0753930963721124
3700.0,0.917208848364759,-25,3.4877321289242814e-08,11.545233141911439,0,0,not_needed,0,0,bragg,auto_sparse,500.0,14.183552179744003,0,0,0,voigt,voigt,0,0.917208848364759,0.07652691628272079
3700.0,0.917208848364759,-24,2.6581037176759597e-07,11.312700659198953,0,0,not_needed,0,0,bragg,auto_sparse,500.0,14.183552179744003,0,0,0,voigt,voigt,0,0.917208848364759,0.07652691628272079
3700.0,0.917208848364759,-23,1.3407078429886589e-09,11.075351993336753,0,0,not_needed,0,0,bragg,auto_sparse,500.0,14.183552179744003,0,0,0,voigt,voigt,0,0.917208848364759,0.07652691628272079
3700.0,0.917208848364759,-22,8.396336791866268e-09,10.832870537527867,0,0,not_needed,0,0,bragg,auto_sparse,500.0,14.183552179744003,0,0,0,voigt,voigt,0,0.917208848364759,0.07652691628272079
3700.0,0.917208848364759,-21,2.440515949931195e-09,10.584903504139604,0,0,not_needed,0,0,bragg,auto_sparse,500.0,14.183552179744003,0,0,0,voigt,voigt,0,0.917208848364759,0.07652691628272079
3700.0,0.917208848364759,-20,7.893806258003663e-10,10.331055859510144,0,0,not_needed,0,0,bragg,auto_sparse,500.0,14.183552179744003,0,0,0,voigt,voigt,0,0.917208848364759,0.07652691628272079
3700.0,0.917208848364759,-19,5.437285376979951e-09,10.070882885507757,0,0,not_needed,0,0,bragg,auto_sparse,500.0,14.183552179744003,0,0,0,voigt,voigt,0,0.917208848364759,0.07652691628272079
3700.0,0.917208848364759,-18,2.4483145787509813e-10,9.803880967578948,0,0,not_needed,0,0,bragg,auto_sparse,500.0,14.183552179744003,0,0,0,voigt,voigt,0,0.917208848364759,0.07652691628272079
3700.0,0.917208848364759,-17,1.6499073259817642e-07,9.529476063375398,0,0,not_needed,0,0,bragg,auto_sparse,500.0,14.183552179744003,0,0,0,voigt,voigt,0,0.917208848364759,0.07652691628272079
3700.0,0.917208848364759,-16,1.8957514375734773e-09,9.247009095601584,0,0,not_needed,0,0,bragg,auto_sparse,500.0,14.183552179744003,0,0,0,voigt,voigt,0,0.917208848364759,0.07652691628272079
3700.0,0.917208848364759,-15,3.6364758363015108e-09,8.955717202718304,0,0,not_needed,0,0,bragg,auto_sparse,500.0,14.183552179744003,0,0,0,voigt,voigt,0,0.917208848364759,0.07652691628272079
3700.0,0.917208848364759,-14,8.957022026345516e-09,8.654709314570454,0,0,not_needed,0,0,bragg,auto_sparse,500.0,14.183552179744003,0,0,0,voigt,voigt,0,0.917208848364759,0.07652691628272079
3700.0,0.917208848364759,-13,1.1552134125701424e-08,8.34293380074027,0,0,not_needed,0,0,bragg,auto_sparse,500.0,14.183552179744003,0,0,0,voigt,voigt,0,0.917208848364759,0.07652691628272079
3700.0,0.917208848364759,-12,1.1934357101257502e-07,8.019134800147953,0,0,not_needed,0,0,bragg,auto_sparse,500.0,14.183552179744003,0,0,0,voigt,voigt,0,0.917208848364759,0.07652691628272079
3700.0,0.917208848364759,-11,1.2556121975960842e-06,7.681791979435019,0,0,not_needed,0,0,bragg,auto_sparse,500.0,14.183552179744003,0,0,0,voigt,voigt,0,0.917208848364759,0.07652691628272079
3700.0,0.917208848364759,-10,5.967466817732528e-05,7.329035318442081,0,0,not_needed,0,0,bragg,auto_sparse,500.0,14.183552179744003,0,0,0,voigt,voigt,0,0.917208848364759,0.07652691628272079
3700.0,0.917208848364759,-9,3.1350407581046766e-06,6.958520968798467,0,0,not_needed,0,0,bragg,auto_sparse,500.0,14.183552179744003,0,0,0,voigt,voigt,0,0.917208848364759,0.07652691628272079
3700.0,0.917208848364759,-8,4.354730132551153e-08,6.567243959094597,0,0,not_needed,0,0,bragg,auto_sparse,500.0,14.183552179744003,0,0,0,voigt,voigt,0,0.917208848364759,0.07652691628272079
3700.0,0.917208848364759,-7,1.6239377763013748e-06,6.151243387749901,0,0,not_needed,0,0,bragg,auto_sparse,500.0,14.183552179744003,0,0,0,voigt,voigt,0,0.917208848364759,0.07652691628272079
3700.0,0.917208848364759,-6,1.986242090081647e-06,5.7051134210087895,0,0,not_needed,0,0,bragg,auto_sparse,500.0,14.183552179744003,0,0,0,voigt,voigt,0,0.917208848364759,0.07652691628272079
3700.0,0.917208848364759,-5,4.4774296018195796e-06,5.221136283902126,0,0,not_needed,0,0,bragg,auto_sparse,500.0,14.183552179744003,0,0,0,voigt,voigt,0,0.917208848364759,0.07652691628272079
3700.0,0.917208848364759,-4,2.665991469724225e-05,4.687603774307291,0,0,not_needed,0,0,bragg,auto_sparse,500.0,14.183552179744003,0,0,0,voigt,voigt,0,0.917208848364759,0.07652691628272079
3700.0,0.917208848364759,-3,0.0007158761061235642,4.0851454540855485,0,0,not_needed,0,0,bragg,auto_sparse,500.0,14.183552179744003,0,0,0,voigt,voigt,0,0.917208848364759,0.07652691628272079
3700.0,0.917208848364759,-2,0.6299996472315841,3.377072088278865,0,0,not_needed,0,0,bragg,auto_sparse,500.0,14.183552179744003,0,0,0,voigt,voigt,0,0.917208848364759,0.07652691628272079
3700.0,0.917208848364759,-1,0.0035251966912162353,2.4743152097057077,0,0,not_needed,0,0,bragg,auto_sparse,500.0,14.183552179744003,0,0,0,voigt,voigt,0,0.917208848364759,0.07652691628272079
3700.0,0.917208848364759,0,0.01008565053701612,0.9172088483646803,0,0,not_needed,0,0,bragg,auto_sparse,500.0,14.183552179744003,0,0,0,voigt,voigt,0,0.917208848364759,0.07652691628272079
3700.0,0.917208848364759,1,0.0,0.0,0,0,not_needed,0,0,bragg,auto_sparse,500.0,14.183552179744003,0,0,0,voigt,voigt,0,0.917208848364759,0.07652691628272079
3700.0,0.917208848364759,2,0.0,0.0,0,0,not_needed,0,0,bragg,auto_sparse,500.0,14.183552179744003,0,0,0,voigt,voigt,0,0.917208848364759,0.07652691628272079
3700.0,0.917208848364759,3,0.0,0.0,0,0,not_needed,0,0,bragg,auto_sparse,500.0,14.183552179744003,0,0,0,voigt,voigt,0,0.917208848364759,0.07652691628272079
3700.0,0.917208848364759,4,0.0,0.0,0,0,not_needed,0,0,bragg,auto_sparse,500.0,14.183552179744003,0,0,0,voigt,voigt,0,0.917208848364759,0.07652691628272079
3700.0,0.917208848364759,5,0.0,0.0,0,0,not_needed,0,0,bragg,auto_sparse,500.0,14.183552179744003,0,0,0,voigt,voigt,0,0.917208848364759,0.07652691628272079
3700.0,0.917208848364759,6,0.0,0.0,0,0,not_needed,0,0,bragg,auto_sparse,500.0,14.183552179744003,0,0,0,voigt,voigt,0,0.917208848364759,0.07652691628272079
3700.0,0.917208848364759,7,0.0,0.0,0,0,not_needed,0,0,bragg,auto_sparse,500.0,14.183552179744003,0,0,0,voigt,voigt,0,0.917208848364759,0.07652691628272079
3700.0,0.917208848364759,8,0.0,0.0,0,0,not_needed,0,0,bragg,auto_sparse,500.0,14.183552179744003,0,0,0,voigt,voigt,0,0.917208848364759,0.07652691628272079
3700.0,0.917208848364759,9,0.0,0.0,0,0,not_needed,0,0,bragg,auto_sparse,500.0,14.183552179744003,0,0,0,voigt,voigt,0,0.917208848364759,0.07652691628272079
3700.0,0.917208848364759,10,0.0,0.0,0,0,not_needed,0,0,bragg,auto_sparse,500.0,14.183552179744003,0,0,0,voigt,voigt,0,0.917208848364759,0.07652691628272079
3700.0,0.917208848364759,11,0.0,0.0,0,0,not_needed,0,0,bragg,auto_sparse,500.0,14.183552179744003,0,0,0,voigt,voigt,0,0.917208848364759,0.07652691628272079
3700.0,0.917208848364759,12,0.0,0.0,0,0,not_needed,0,0,bragg,auto_sparse,500.0,14.183552179744003,0,0,0,voigt,voigt,0,0.917208848364759,0.07652691628272079
3700.0,0.917208848364759,13,0.0,0.0,0,0,not_needed,0,0,bragg,auto_sparse,500.0,14.183552179744003,0,0,0,voigt,voigt,0,0.917208848364759,0.07652691628272079
3700.0,0.917208848364759,14,0.0,0.0,0,0,not_needed,0,0,bragg,auto_sparse,500.0,14.183552179744003,0,0,0,voigt,voigt,0,0.917208848364759,0.07652691628272079
3700.0,0.917208848364759,15,0.0,0.0,0,0,not_needed,0,0,bragg,auto_sparse,500.0,14.183552179744003,0,0,0,voigt,voigt,0,0.917208848364759,0.07652691628272079
3700.0,0.917208848364759,16,0.0,0.0,0,0,not_needed,0,0,bragg,auto_sparse,500.0,14.183552179744003,0,0,0,voigt,voigt,0,0.917208848364759,0.07652691628272079
3700.0,0.917208848364759,17,0.0,0.0,0,0,not_needed,0,0,bragg,auto_sparse,500.0,14.183552179744003,0,0,0,voigt,voigt,0,0.917208848364759,0.07652691628272079
3700.0,0.917208848364759,18,0.0,0.0,0,0,not_needed,0,0,bragg,auto_sparse,500.0,14.183552179744003,0,0,0,voigt,voigt,0,0.917208848364759,0.07652691628272079
3700.0,0.917208848364759,19,0.0,0.0,0,0,not_needed,0,0,bragg,auto_sparse,500.0,14.183552179744003,0,0,0,voigt,voigt,0,0.917208848364759,0.07652691628272079
3700.0,0.917208848364759,20,0.0,0.0,0,0,not_needed,0,0,bragg,auto_sparse,500.0,14.183552179744003,0,0,0,voigt,voigt,0,0.917208848364759,0.07652691628272079
3700.0,0.917208848364759,21,0.0,0.0,0,0,not_needed,0,0,bragg,auto_sparse,500.0,14.183552179744003,0,0,0,voigt,voigt,0,0.917208848364759,0.07652691628272079
3700.0,0.917208848364759,22,0.0,0.0,0,0,not_needed,0,0,bragg,auto_sparse,500.0,14.183552179744003,0,0,0,voigt,voigt,0,0.917208848364759,0.07652691628272079
3700.0,0.917208848364759,23,0.0,0.0,0,0,not_needed,0,0,bragg,auto_sparse,500.0,14.183552179744003,0,0,0,voigt,voigt,0,0.917208848364759,0.07652691628272079
3700.0,0.917208848364759,24,0.0,0.0,0,0,not_needed,0,0,bragg,auto_sparse,500.0,14.183552179744003,0,0,0,voigt,voigt,0,0.917208848364759,0.07652691628272079
3700.0,0.917208848364759,25,0.0,0.0,0,0,not_needed,0,0,bragg,auto_sparse,500.0,14.183552179744003,0,0,0,voigt,voigt,0,0.917208848364759,0.07652691628272079
3900.0,0.8227957651239364,-25,2.7128840231524175e-09,11.238903951066547,0,0,not_needed,0,0,bragg,auto_sparse,500.0,14.183552179744003,0,0,0,voigt,voigt,0,0.8227957651239364,0.06898644452714514
3900.0,0.8227957651239364,-24,1.6959682044291031e-07,11.012360366840724,0,0,not_needed,0,0,bragg,auto_sparse,500.0,14.183552179744003,0,0,0,voigt,voigt,0,0.8227957651239364,0.06898644452714514
3900.0,0.8227957651239364,-23,1.5144592132924017e-07,10.781117410223374,0,0,not_needed,0,0,bragg,auto_sparse,500.0,14.183552179744003,0,0,0,voigt,voigt,0,0.8227957651239364,0.06898644452714514
3900.0,0.8227957651239364,-22,1.5372198835112534e-08,10.544865884257803,0,0,not_needed,0,0,bragg,auto_sparse,500.0,14.183552179744003,0,0,0,voigt,voigt,0,0.8227957651239364,0.06898644452714514
3900.0,0.8227957651239364,-21,1.1187919050094355e-08,10.303261219922007,0,0,not_needed,0,0,bragg,auto_sparse,500.0,14.183552179744003,0,0,0,voigt,voigt,0,0.8227957651239364,0.06898644452714514
3900.0,0.8227957651239364,-20,1.1143355205073442e-09,10.055917539717612,0,0,not_needed,0,0,bragg,auto_sparse,500.0,14.183552179744003,0,0,0,voigt,voigt,0,0.8227957651239364,0.06898644452714514
3900.0,0.8227957651239364,-19,3.7213983754296193e-09,9.802400375540955,0,0,not_needed,0,0,bragg,auto_sparse,500.0,14.183552179744003,0,0,0,voigt,voigt,0,0.8227957651239364,0.06898644452714514
3900.0,0.8227957651239364,-18,1.7837349528820111e-09,9.542217648095175,0,0,not_needed,0,0,bragg,auto_sparse,500.0,14.183552179744003,0,0,0,voigt,voigt,0,0.8227957651239364,0.06898644452714514
3900.0,0.8227957651239364,-17,1.0089792839981057e-08,9.27480837199748,0,0,not_needed,0,0,bragg,auto_sparse,500.0,14.183552179744003,0,0,0,voigt,voigt,0,0.8227957651239364,0.06898644452714514
3900.0,0.8227957651239364,-16,1.1997482327297038e-08,8.999528343874005,0,0,not_needed,0,0,bragg,auto_sparse,500.0,14.183552179744003,0,0,0,voigt,voigt,0,0.8227957651239364,0.06898644452714514
3900.0,0.8227957651239364,-15,2.537617873195706e-09,8.715631765854184,0,0,not_needed,0,0,bragg,auto_sparse,500.0,14.183552179744003,0,0,0,voigt,voigt,0,0.8227957651239364,0.06898644452714514
3900.0,0.8227957651239364,-14,1.0009640062329584e-08,8.422247297780899,0,0,not_needed,0,0,bragg,auto_sparse,500.0,14.183552179744003,0,0,0,voigt,voigt,0,0.8227957651239364,0.06898644452714514
3900.0,0.8227957651239364,-13,7.79503393887065e-09,8.118346323259573,0,0,not_needed,0,0,bragg,auto_sparse,500.0,14.183552179744003,0,0,0,voigt,voigt,0,0.8227957651239364,0.06898644452714514
3900.0,0.8227957651239364,-12,5.668597047148126e-08,7.802700092154836,0,0,not_needed,0,0,bragg,auto_sparse,500.0,14.183552179744003,0,0,0,voigt,voigt,0,0.8227957651239364,0.06898644452714514
3900.0,0.8227957651239364,-11,4.779157237832418e-07,7.473820567078263,0,0,not_needed,0,0,bragg,auto_sparse,500.0,14.183552179744003,0,0,0,voigt,voigt,0,0.8227957651239364,0.06898644452714514
3900.0,0.8227957651239364,-10,2.5759888473847968e-06,7.129876693195584,0,0,not_needed,0,0,bragg,auto_sparse,500.0,14.183552179744003,0,0,0,voigt,voigt,0,0.8227957651239364,0.06898644452714514
3900.0,0.8227957651239364,-9,5.1143035254408996e-06,6.768572324814784,0,0,not_needed,0,0,bragg,auto_sparse,500.0,14.183552179744003,0,0,0,voigt,voigt,0,0.8227957651239364,0.06898644452714514
3900.0,0.8227957651239364,-8,1.4655276146716753e-07,6.386961879653086,0,0,not_needed,0,0,bragg,auto_sparse,500.0,14.183552179744003,0,0,0,voigt,voigt,0,0.8227957651239364,0.06898644452714514
3900.0,0.8227957651239364,-7,1.910241133495469e-06,5.981159844349293,0,0,not_needed,0,0,bragg,auto_sparse,500.0,14.183552179744003,0,0,0,voigt,voigt,0,0.8227957651239364,0.06898644452714514
3900.0,0.8227957651239364,-6,1.8032339409806122e-06,5.545858240829119,0,0,not_needed,0,0,bragg,auto_sparse,500.0,14.183552179744003,0,0,0,voigt,voigt,0,0.8227957651239364,0.06898644452714514
3900.0,0.8227957651239364,-5,4.980140023886008e-06,5.073469513127634,0,0,not_needed,0,0,bragg,auto_sparse,500.0,14.183552179744003,0,0,0,voigt,voigt,0,0.8227957651239364,0.06898644452714514
3900.0,0.8227957651239364,-4,1.77842933433983e-05,4.552463082943532,0,0,not_needed,0,0,bragg,auto_sparse,500.0,14.183552179744003,0,0,0,voigt,voigt,0,0.8227957651239364,0.06898644452714514
3900.0,0.8227957651239364,-3,0.0007473311660440192,3.9637134746396328,0,0,not_needed,0,0,bragg,auto_sparse,500.0,14.183552179744003,0,0,0,voigt,voigt,0,0.8227957651239364,0.06898644452714514
3900.0,0.8227957651239364,-2,0.6661838490168525,3.270841678026727,0,0,not_needed,0,0,bragg,auto_sparse,500.0,14.183552179744003,0,0,0,voigt,voigt,0,0.8227957651239364,0.06898644452714514
3900.0,0.8227957651239364,-1,0.0036940168833132555,2.384756101367742,0,0,not_needed,0,0,bragg,auto_sparse,500.0,14.183552179744003,0,0,0,voigt,voigt,0,0.8227957651239364,0.06898644452714514
3900.0,0.8227957651239364,0,0.015614401099250209,0.8227957651233737,0,0,not_needed,0,0,bragg,auto_sparse,500.0,14.183552179744003,0,0,0,voigt,voigt,0,0.8227957651239364,0.06898644452714514
3900.0,0.8227957651239364,1,0.0,0.0,0,0,not_needed,0,0,bragg,auto_sparse,500.0,14.183552179744003,0,0,0,voigt,voigt,0,0.8227957651239364,0.06898644452714514
3900.0,0.8227957651239364,2,0.0,0.0,0,0,not_needed,0,0,bragg,auto_sparse,500.0,14.183552179744003,0,0,0,voigt,voigt,0,0.8227957651239364,0.06898644452714514
3900.0,0.8227957651239364,3,0.0,0.0,0,0,not_needed,0,0,bragg,auto_sparse,500.0,14.183552179744003,0,0,0,voigt,voigt,0,0.8227957651239364,0.06898644452714514
3900.0,0.8227957651239364,4,0.0,0.0,0,0,not_needed,0,0,bragg,auto_sparse,500.0,14.183552179744003,0,0,0,voigt,voigt,0,0.8227957651239364,0.06898644452714514
3900.0,0.8227957651239364,5,0.0,0.0,0,0,not_needed,0,0,bragg,auto_sparse,500.0,14.183552179744003,0,0,0,voigt,voigt,0,0.8227957651239364,0.06898644452714514
3900.0,0.8227957651239364,6,0.0,0.0,0,0,not_needed,0,0,bragg,auto_sparse,500.0,14.183552179744003,0,0,0,voigt,voigt,0,0.8227957651239364,0.06898644452714514
3900.0,0.8227957651239364,7,0.0,0.0,0,0,not_needed,0,0,bragg,auto_sparse,500.0,14.183552179744003,0,0,0,voigt,voigt,0,0.8227957651239364,0.06898644452714514
3900.0,0.8227957651239364,8,0.0,0.0,0,0,not_needed,0,0,bragg,auto_sparse,500.0,14.183552179744003,0,0,0,voigt,voigt,0,0.8227957651239364,0.06898644452714514
3900.0,0.8227957651239364,9,0.0,0.0,0,0,not_needed,0,0,bragg,auto_sparse,500.0,14.183552179744003,0,0,0,voigt,voigt,0,0.8227957651239364,0.06898644452714514
3900.0,0.8227957651239364,10,0.0,0.0,0,0,not_needed,0,0,bragg,auto_sparse,500.0,14.183552179744003,0,0,0,voigt,voigt,0,0.8227957651239364,0.06898644452714514
3900.0,0.8227957651239364,11,0.0,0.0,0,0,not_needed,0,0,bragg,auto_sparse,500.0,14.183552179744003,0,0,0,voigt,voigt,0,0.8227957651239364,0.06898644452714514
3900.0,0.8227957651239364,12,0.0,0.0,0,0,not_needed,0,0,bragg,auto_sparse,500.0,14.183552179744003,0,0,0,voigt,voigt,0,0.8227957651239364,0.06898644452714514
3900.0,0.8227957651239364,13,0.0,0.0,0,0,not_needed,0,0,bragg,auto_sparse,500.0,14.183552179744003,0,0,0,voigt,voigt,0,0.8227957651239364,0.06898644452714514
3900.0,0.8227957651239364,14,0.0,0.0,0,0,not_needed,0,0,bragg,auto_sparse,500.0,14.183552179744003,0,0,0,voigt,voigt,0,0.8227957651239364,0.06898644452714514
3900.0,0.8227957651239364,15,0.0,0.0,0,0,not_needed,0,0,bragg,auto_sparse,500.0,14.183552179744003,0,0,0,voigt,voigt,0,0.8227957651239364,0.06898644452714514
3900.0,0.8227957651239364,16,0.0,0.0,0,0,not_needed,0,0,bragg,auto_sparse,500.0,14.183552179744003,0,0,0,voigt,voigt,0,0.8227957651239364,0.06898644452714514
3900.0,0.8227957651239364,17,0.0,0.0,0,0,not_needed,0,0,bragg,auto_sparse,500.0,14.183552179744003,0,0,0,voigt,voigt,0,0.8227957651239364,0.06898644452714514
3900.0,0.8227957651239364,18,0.0,0.0,0,0,not_needed,0,0,bragg,auto_sparse,500.0,14.183552179744003,0,0,0,voigt,voigt,0,0.8227957651239364,0.06898644452714514
3900.0,0.8227957651239364,19,0.0,0.0,0,0,not_needed,0,0,bragg,auto_sparse,500.0,14.183552179744003,0,0,0,voigt,voigt,0,0.8227957651239364,0.06898644452714514
3900.0,0.8227957651239364,20,0.0,0.0,0,0,not_needed,0,0,bragg,auto_sparse,500.0,14.183552179744003,0,0,0,voigt,voigt,0,0.8227957651239364,0.06898644452714514
3900.0,0.8227957651239364,21,0.0,0.0,0,0,not_needed,0,0,bragg,auto_sparse,500.0,14.183552179744003,0,0,0,voigt,voigt,0,0.8227957651239364,0.06898644452714514
3900.0,0.8227957651239364,22,0.0,0.0,0,0,not_needed,0,0,bragg,auto_sparse,500.0,14.183552179744003,0,0,0,voigt,voigt,0,0.8227957651239364,0.06898644452714514
3900.0,0.8227957651239364,23,0.0,0.0,0,0,not_needed,0,0,bragg,auto_sparse,500.0,14.183552179744003,0,0,0,voigt,voigt,0,0.8227957651239364,0.06898644452714514
3900.0,0.8227957651239364,24,0.0,0.0,0,0,not_needed,0,0,bragg,auto_sparse,500.0,14.183552179744003,0,0,0,voigt,voigt,0,0.8227957651239364,0.06898644452714514
3900.0,0.8227957651239364,25,0.0,0.0,0,0,not_needed,0,0,bragg,auto_sparse,500.0,14.183552179744003,0,0,0,voigt,voigt,0,0.8227957651239364,0.06898644452714514
4100.0,0.7386991086038902,-25,4.697007102096395e-10,10.955984781162215,0,0,not_needed,0,0,bragg,auto_sparse,500.0,14.183552179744003,0,0,0,voigt,voigt,0,0.7386991086038902,0.06684102096775922
4100.0,0.7386991086038902,-24,2.2604015336846256e-08,10.734995108314394,0,0,not_needed,0,0,bragg,auto_sparse,500.0,14.183552179744003,0,0,0,voigt,voigt,0,0.7386991086038902,0.06684102096775922
4100.0,0.7386991086038902,-23,1.5008377728574944e-07,10.509415132946657,0,0,not_needed,0,0,bragg,auto_sparse,500.0,14.183552179744003,0,0,0,voigt,voigt,0,0.7386991086038902,0.06684102096775922
4100.0,0.7386991086038902,-22,4.3068555761363996e-08,10.278942612159597,0,0,not_needed,0,0,bragg,auto_sparse,500.0,14.183552179744003,0,0,0,voigt,voigt,0,0.7386991086038902,0.06684102096775922
4100.0,0.7386991086038902,-21,2.2697823738172666e-08,10.043240694833102,0,0,not_needed,0,0,bragg,auto_sparse,500.0,14.183552179744003,0,0,0,voigt,voigt,0,0.7386991086038902,0.06684102096775922
4100.0,0.7386991086038902,-20,7.988720125147136e-11,9.801932107728717,0,0,not_needed,0,0,bragg,auto_sparse,500.0,14.183552179744003,0,0,0,voigt,voigt,0,0.7386991086038902,0.06684102096775922
4100.0,0.7386991086038902,-19,5.334030468263428e-09,9.554592022284467,0,0,not_needed,0,0,bragg,auto_sparse,500.0,14.183552179744003,0,0,0,voigt,voigt,0,0.7386991086038902,0.06684102096775922
4100.0,0.7386991086038902,-18,2.297555975608995e-09,9.300739216645212,0,0,not_needed,0,0,bragg,auto_sparse,500.0,14.183552179744003,0,0,0,voigt,voigt,0,0.7386991086038902,0.06684102096775922
4100.0,0.7386991086038902,-17,2.023486922559008e-09,9.039825006865001,0,0,not_needed,0,0,bragg,auto_sparse,500.0,14.183552179744003,0,0,0,voigt,voigt,0,0.7386991086038902,0.06684102096775922
4100.0,0.7386991086038902,-16,2.9086231548812193e-09,8.771219217875867,0,0,not_needed,0,0,bragg,auto_sparse,500.0,14.183552179744003,0,0,0,voigt,voigt,0,0.7386991086038902,0.06684102096775922
4100.0,0.7386991086038902,-15,2.878982236916185e-10,8.494192165014681,0,0,not_needed,0,0,bragg,auto_sparse,500.0,14.183552179744003,0,0,0,voigt,voigt,0,0.7386991086038902,0.06684102096775922
4100.0,0.7386991086038902,-14,3.6681359644722888e-09,8.207891165222463,0,0,not_needed,0,0,bragg,auto_sparse,500.0,14.183552179744003,0,0,0,voigt,voigt,0,0.7386991086038902,0.06684102096775922
4100.0,0.7386991086038902,-13,5.495733200339725e-09,7.9113093999290385,0,0,not_needed,0,0,bragg,auto_sparse,500.0,14.183552179744003,0,0,0,voigt,voigt,0,0.7386991086038902,0.06684102096775922
4100.0,0.7386991086038902,-12,3.057781435357472e-08,7.603243846029514,0,0,not_needed,0,0,bragg,auto_sparse,500.0,14.183552179744003,0,0,0,voigt,voigt,0,0.7386991086038902,0.06684102096775922
4100.0,0.7386991086038902,-11,2.594525856093235e-07,7.282237182713672,0,0,not_needed,0,0,bragg,auto_sparse,500.0,14.183552179744003,0,0,0,voigt,voigt,0,0.7386991086038902,0.06684102096775922
4100.0,0.7386991086038902,-10,2.4070074569978747e-07,6.946495516027781,0,0,not_needed,0,0,bragg,auto_sparse,500.0,14.183552179744003,0,0,0,voigt,voigt,0,0.7386991086038902,0.06684102096775922
4100.0,0.7386991086038902,-9,1.0385237618736785e-05,6.593768346929053,0,0,not_needed,0,0,bragg,auto_sparse,500.0,14.183552179744003,0,0,0,voigt,voigt,0,0.7386991086038902,0.06684102096775922
4100.0,0.7386991086038902,-8,2.4300771467918646e-07,6.221167164312831,0,0,not_needed,0,0,bragg,auto_sparse,500.0,14.183552179744003,0,0,0,voigt,voigt,0,0.7386991086038902,0.06684102096775922
4100.0,0.7386991086038902,-7,2.3557889778431333e-06,5.8248793034386495,0,0,not_needed,0,0,bragg,auto_sparse,500.0,14.183552179744003,0,0,0,voigt,voigt,0,0.7386991086038902,0.06684102096775922
4100.0,0.7386991086038902,-6,1.944423330589573e-06,5.3996920633365875,0,0,not_needed,0,0,bragg,auto_sparse,500.0,14.183552179744003,0,0,0,voigt,voigt,0,0.7386991086038902,0.06684102096775922
4100.0,0.7386991086038902,-5,7.477246560692322e-06,4.938146074250042,0,0,not_needed,0,0,bragg,auto_sparse,500.0,14.183552179744003,0,0,0,voigt,voigt,0,0.7386991086038902,0.06684102096775922
4100.0,0.7386991086038902,-4,1.95428566681674e-05,4.42888869155513,0,0,not_needed,0,0,bragg,auto_sparse,500.0,14.183552179744003,0,0,0,voigt,voigt,0,0.7386991086038902,0.06684102096775922
4100.0,0.7386991086038902,-3,0.0009223596598113236,3.853047998843408,0,0,not_needed,0,0,bragg,auto_sparse,500.0,14.183552179744003,0,0,0,voigt,voigt,0,0.7386991086038902,0.06684102096775922
4100.0,0.7386991086038902,-2,0.6696259950331028,3.1745956430307842,0,0,not_needed,0,0,bragg,auto_sparse,500.0,14.183552179744003,0,0,0,voigt,voigt,0,0.7386991086038902,0.06684102096775922
4100.0,0.7386991086038902,-1,0.004098252910730213,2.3046236606842996,0,0,not_needed,0,0,bragg,auto_sparse,500.0,14.183552179744003,0,0,0,voigt,voigt,0,0.7386991086038902,0.06684102096775922
4100.0,0.7386991086038902,0,0.024626006178504797,0.7386991086039103,0,0,not_needed,0,0,bragg,auto_sparse,500.0,14.183552179744003,0,0,0,voigt,voigt,0,0.7386991086038902,0.06684102096775922
4100.0,0.7386991086038902,1,0.0,0.0,0,0,not_needed,0,0,bragg,auto_sparse,500.0,14.183552179744003,0,0,0,voigt,voigt,0,0.7386991086038902,0.06684102096775922
4100.0,0.7386991086038902,2,0.0,0.0,0,0,not_needed,0,0,bragg,auto_sparse,500.0,14.183552179744003,0,0,0,voigt,voigt,0,0.7386991086038902,0.06684102096775922
4100.0,0.7386991086038902,3,0.0,0.0,0,0,not_needed,0,0,bragg,auto_sparse,500.0,14.183552179744003,0,0,0,voigt,voigt,0,0.7386991086038902,0.06684102096775922
4100.0,0.7386991086038902,4,0.0,0.0,0,0,not_needed,0,0,bragg,auto_sparse,500.0,14.183552179744003,0,0,0,voigt,voigt,0,0.7386991086038902,0.06684102096775922
4100.0,0.7386991086038902,5,0.0,0.0,0,0,not_needed,0,0,bragg,auto_sparse,500.0,14.183552179744003,0,0,0,voigt,voigt,0,0.7386991086038902,0.06684102096775922
4100.0,0.7386991086038902,6,0.0,0.0,0,0,not_needed,0,0,bragg,auto_sparse,500.0,14.183552179744003,0,0,0,voigt,voigt,0,0.7386991086038902,0.06684102096775922
4100.0,0.7386991086038902,7,0.0,0.0,0,0,not_needed,0,0,bragg,auto_sparse,500.0,14.183552179744003,0,0,0,voigt,voigt,0,0.7386991086038902,0.06684102096775922
4100.0,0.7386991086038902,8,0.0,0.0,0,0,not_needed,0,0,bragg,auto_sparse,500.0,14.183552179744003,0,0,0,voigt,voigt,0,0.7386991086038902,0.06684102096775922
4100.0,0.7386991086038902,9,0.0,0.0,0,0,not_needed,0,0,bragg,auto_sparse,500.0,14.183552179744003,0,0,0,voigt,voigt,0,0.7386991086038902,0.06684102096775922
4100.0,0.7386991086038902,10,0.0,0.0,0,0,not_needed,0,0,bragg,auto_sparse,500.0,14.183552179744003,0,0,0,voigt,voigt,0,0.7386991086038902,0.06684102096775922
4100.0,0.7386991086038902,11,0.0,0.0,0,0,not_needed,0,0,bragg,auto_sparse,500.0,14.183552179744003,0,0,0,voigt,voigt,0,0.7386991086038902,0.06684102096775922
4100.0,0.7386991086038902,12,0.0,0.0,0,0,not_needed,0,0,bragg,auto_sparse,500.0,14.183552179744003,0,0,0,voigt,voigt,0,0.7386991086038902,0.06684102096775922
4100.0,0.7386991086038902,13,0.0,0.0,0,0,not_needed,0,0,bragg,auto_sparse,500.0,14.183552179744003,0,0,0,voigt,voigt,0,0.7386991086038902,0.06684102096775922
4100.0,0.7386991086038902,14,0.0,0.0,0,0,not_needed,0,0,bragg,auto_sparse,500.0,14.183552179744003,0,0,0,voigt,voigt,0,0.7386991086038902,0.06684102096775922
4100.0,0.7386991086038902,15,0.0,0.0,0,0,not_needed,0,0,bragg,auto_sparse,500.0,14.183552179744003,0,0,0,voigt,voigt,0,0.7386991086038902,0.06684102096775922
4100.0,0.7386991086038902,16,0.0,0.0,0,0,not_needed,0,0,bragg,auto_sparse,500.0,14.183552179744003,0,0,0,voigt,voigt,0,0.7386991086038902,0.06684102096775922
4100.0,0.7386991086038902,17,0.0,0.0,0,0,not_needed,0,0,bragg,auto_sparse,500.0,14.183552179744003,0,0,0,voigt,voigt,0,0.7386991086038902,0.06684102096775922
4100.0,0.7386991086038902,18,0.0,0.0,0,0,not_needed,0,0,bragg,auto_sparse,500.0,14.183552179744003,0,0,0,voigt,voigt,0,0.7386991086038902,0.06684102096775922
4100.0,0.7386991086038902,19,0.0,0.0,0,0,not_needed,0,0,bragg,auto_sparse,500.0,14.183552179744003,0,0,0,voigt,voigt,0,0.7386991086038902,0.06684102096775922
4100.0,0.7386991086038902,20,0.0,0.0,0,0,not_needed,0,0,bragg,auto_sparse,500.0,14.183552179744003,0,0,0,voigt,voigt,0,0.7386991086038902,0.06684102096775922
4100.0,0.7386991086038902,21,0.0,0.0,0,0,not_needed,0,0,bragg,auto_sparse,500.0,14.183552179744003,0,0,0,voigt,voigt,0,0.7386991086038902,0.06684102096775922
4100.0,0.7386991086038902,22,0.0,0.0,0,0,not_needed,0,0,bragg,auto_sparse,500.0,14.183552179744003,0,0,0,voigt,voigt,0,0.7386991086038902,0.06684102096775922
4100.0,0.7386991086038902,23,0.0,0.0,0,0,not_needed,0,0,bragg,auto_sparse,500.0,14.183552179744003,0,0,0,voigt,voigt,0,0.7386991086038902,0.06684102096775922
4100.0,0.7386991086038902,24,0.0,0.0,0,0,not_needed,0,0,bragg,auto_sparse,500.0,14.183552179744003,0,0,0,voigt,voigt,0,0.7386991086038902,0.06684102096775922
4100.0,0.7386991086038902,25,0.0,0.0,0,0,not_needed,0,0,bragg,auto_sparse,500.0,14.183552179744003,0,0,0,voigt,voigt,0,0.7386991086038902,0.06684102096775922
4300.0,0.6652028361641742,-25,5.601579554455512e-10,10.693741886742473,0,0,not_needed,0,0,bragg,auto_sparse,500.0,14.183552179744003,0,0,0,voigt,voigt,0,0.6652028361641742,0.06302720539137914
4300.0,0.6652028361641742,-24,1.2019079664578534e-08,10.47792345429528,0,0,not_needed,0,0,bragg,auto_sparse,500.0,14.183552179744003,0,0,0,voigt,voigt,0,0.6652028361641742,0.06302720539137914
4300.0,0.6652028361641742,-23,4.06585753058324e-08,10.257616992969261,0,0,not_needed,0,0,bragg,auto_sparse,500.0,14.183552179744003,0,0,0,voigt,voigt,0,0.6652028361641742,0.06302720539137914
4300.0,0.6652028361641742,-22,1.3759260308952333e-07,10.032526816755734,0,0,not_needed,0,0,bragg,auto_sparse,500.0,14.183552179744003,0,0,0,voigt,voigt,0,0.6652028361641742,0.06302720539137914
4300.0,0.6652028361641742,-21,1.121339153776915e-07,9.80232335650706,0,0,not_needed,0,0,bragg,auto_sparse,500.0,14.183552179744003,0,0,0,voigt,voigt,0,0.6652028361641742,0.06302720539137914
4300.0,0.6652028361641742,-20,1.3726399946124737e-08,9.566637463227394,0,0,not_needed,0,0,bragg,auto_sparse,500.0,14.183552179744003,0,0,0,voigt,voigt,0,0.6652028361641742,0.06302720539137914
4300.0,0.6652028361641742,-19,6.677342195955203e-09,9.325053417537461,0,0,not_needed,0,0,bragg,auto_sparse,500.0,14.183552179744003,0,0,0,voigt,voigt,0,0.6652028361641742,0.06302720539137914
4300.0,0.6652028361641742,-18,9.19573772115371e-09,9.077100266960741,0,0,not_needed,0,0,bragg,auto_sparse,500.0,14.183552179744003,0,0,0,voigt,voigt,0,0.6652028361641742,0.06302720539137914
4300.0,0.6652028361641742,-17,1.3948304099236593e-09,8.822240974524362,0,0,not_needed,0,0,bragg,auto_sparse,500.0,14.183552179744003,0,0,0,voigt,voigt,0,0.6652028361641742,0.06302720539137914
4300.0,0.6652028361641742,-16,1.1152523805143456e-08,8.559858662324217,0,0,not_needed,0,0,bragg,auto_sparse,500.0,14.183552179744003,0,0,0,voigt,voigt,0,0.6652028361641742,0.06302720539137914
4300.0,0.6652028361641742,-15,5.038985985408493e-09,8.28923893894023,0,0,not_needed,0,0,bragg,auto_sparse,500.0,14.183552179744003,0,0,0,voigt,voigt,0,0.6652028361641742,0.06302720539137914
4300.0,0.6652028361641742,-14,5.686001523695113e-09,8.009546855343473,0,0,not_needed,0,0,bragg,auto_sparse,500.0,14.183552179744003,0,0,0,voigt,voigt,0,0.6652028361641742,0.06302720539137914
4300.0,0.6652028361641742,-13,4.801944757800535e-09,7.719796347995981,0,0,not_needed,0,0,bragg,auto_sparse,500.0,14.183552179744003,0,0,0,voigt,voigt,0,0.6652028361641742,0.06302720539137914
4300.0,0.6652028361641742,-12,3.183824627106007e-08,7.418808939405281,0,0,not_needed,0,0,bragg,auto_sparse,500.0,14.183552179744003,0,0,0,voigt,voigt,0,0.6652028361641742,0.06302720539137914
4300.0,0.6652028361641742,-11,1.2028128792124569e-07,7.105156684821367,0,0,not_needed,0,0,bragg,auto_sparse,500.0,14.183552179744003,0,0,0,voigt,voigt,0,0.6652028361641742,0.06302720539137914
4300.0,0.6652028361641742,-10,3.9234435356411155e-07,6.777081331794349,0,0,not_needed,0,0,bragg,auto_sparse,500.0,14.183552179744003,0,0,0,voigt,voigt,0,0.6652028361641742,0.06302720539137914
4300.0,0.6652028361641742,-9,4.543808264107545e-05,6.432376316684483,0,0,not_needed,0,0,bragg,auto_sparse,500.0,14.183552179744003,0,0,0,voigt,voigt,0,0.6652028361641742,0.06302720539137914
4300.0,0.6652028361641742,-8,4.6849920428420414e-07,6.068208305242209,0,0,not_needed,0,0,bragg,auto_sparse,500.0,14.183552179744003,0,0,0,voigt,voigt,0,0.6652028361641742,0.06302720539137914
4300.0,0.6652028361641742,-7,2.4914469920967216e-06,5.6808354722048335,0,0,not_needed,0,0,bragg,auto_sparse,500.0,14.183552179744003,0,0,0,voigt,voigt,0,0.6652028361641742,0.06302720539137914
4300.0,0.6652028361641742,-6,2.154754437124298e-06,5.265138495303262,0,0,not_needed,0,0,bragg,auto_sparse,500.0,14.183552179744003,0,0,0,voigt,voigt,0,0.6652028361641742,0.06302720539137914
4300.0,0.6652028361641742,-5,1.2334456143761418e-05,4.813785058521958,0,0,not_needed,0,0,bragg,auto_sparse,500.0,14.183552179744003,0,0,0,voigt,voigt,0,0.6652028361641742,0.06302720539137914
4300.0,0.6652028361641742,-4,2.8782391743293247e-05,4.315602011771091,0,0,not_needed,0,0,bragg,auto_sparse,500.0,14.183552179744003,0,0,0,voigt,voigt,0,0.6652028361641742,0.06302720539137914
4300.0,0.6652028361641742,-3,0.0009181797372735151,3.751981502522753,0,0,not_needed,0,0,bragg,auto_sparse,500.0,14.183552179744003,0,0,0,voigt,voigt,0,0.6652028361641742,0.06302720539137914
4300.0,0.6652028361641742,-2,0.6621583055310221,3.087289980139076,0,0,not_needed,0,0,bragg,auto_sparse,500.0,14.183552179744003,0,0,0,voigt,voigt,0,0.6652028361641742,0.06302720539137914
4300.0,0.6652028361641742,-1,0.004188572059829573,2.233025485996194,0,0,not_needed,0,0,bragg,auto_sparse,500.0,14.183552179744003,0,0,0,voigt,voigt,0,0.6652028361641742,0.06302720539137914
4300.0,0.6652028361641742,0,0.03938331067597769,0.665202836163985,0,0,not_needed,0,0,bragg,auto_sparse,500.0,14.183552179744003,0,0,0,voigt,voigt,0,0.6652028361641742,0.06302720539137914
4300.0,0.6652028361641742,1,0.0,0.0,0,0,not_needed,0,0,bragg,auto_sparse,500.0,14.183552179744003,0,0,0,voigt,voigt,0,0.6652028361641742,0.06302720539137914
4300.0,0.6652028361641742,2,0.0,0.0,0,0,not_needed,0,0,bragg,auto_sparse,500.0,14.183552179744003,0,0,0,voigt,voigt,0,0.6652028361641742,0.06302720539137914
4300.0,0.6652028361641742,3,0.0,0.0,0,0,not_needed,0,0,bragg,auto_sparse,500.0,14.183552179744003,0,0,0,voigt,voigt,0,0.6652028361641742,0.06302720539137914
4300.0,0.6652028361641742,4,0.0,0.0,0,0,not_needed,0,0,bragg,auto_sparse,500.0,14.183552179744003,0,0,0,voigt,voigt,0,0.6652028361641742,0.06302720539137914
4300.0,0.6652028361641742,5,0.0,0.0,0,0,not_needed,0,0,bragg,auto_sparse,500.0,14.183552179744003,0,0,0,voigt,voigt,0,0.6652028361641742,0.06302720539137914
4300.0,0.6652028361641742,6,0.0,0.0,0,0,not_needed,0,0,bragg,auto_sparse,500.0,14.183552179744003,0,0,0,voigt,voigt,0,0.6652028361641742,0.06302720539137914
4300.0,0.6652028361641742,7,0.0,0.0,0,0,not_needed,0,0,bragg,auto_sparse,500.0,14.183552179744003,0,0,0,voigt,voigt,0,0.6652028361641742,0.06302720539137914
4300.0,0.6652028361641742,8,0.0,0.0,0,0,not_needed,0,0,bragg,auto_sparse,500.0,14.183552179744003,0,0,0,voigt,voigt,0,0.6652028361641742,0.06302720539137914
4300.0,0.6652028361641742,9,0.0,0.0,0,0,not_needed,0,0,bragg,auto_sparse,500.0,14.183552179744003,0,0,0,voigt,voigt,0,0.6652028361641742,0.06302720539137914
4300.0,0.6652028361641742,10,0.0,0.0,0,0,not_needed,0,0,bragg,auto_sparse,500.0,14.183552179744003,0,0,0,voigt,voigt,0,0.6652028361641742,0.06302720539137914
4300.0,0.6652028361641742,11,0.0,0.0,0,0,not_needed,0,0,bragg,auto_sparse,500.0,14.183552179744003,0,0,0,voigt,voigt,0,0.6652028361641742,0.06302720539137914
4300.0,0.6652028361641742,12,0.0,0.0,0,0,not_needed,0,0,bragg,auto_sparse,500.0,14.183552179744003,0,0,0,voigt,voigt,0,0.6652028361641742,0.06302720539137914
4300.0,0.6652028361641742,13,0.0,0.0,0,0,not_needed,0,0,bragg,auto_sparse,500.0,14.183552179744003,0,0,0,voigt,voigt,0,0.6652028361641742,0.06302720539137914
4300.0,0.6652028361641742,14,0.0,0.0,0,0,not_needed,0,0,bragg,auto_sparse,500.0,14.183552179744003,0,0,0,voigt,voigt,0,0.6652028361641742,0.06302720539137914
4300.0,0.6652028361641742,15,0.0,0.0,0,0,not_needed,0,0,bragg,auto_sparse,500.0,14.183552179744003,0,0,0,voigt,voigt,0,0.6652028361641742,0.06302720539137914
4300.0,0.6652028361641742,16,0.0,0.0,0,0,not_needed,0,0,bragg,auto_sparse,500.0,14.183552179744003,0,0,0,voigt,voigt,0,0.6652028361641742,0.06302720539137914
4300.0,0.6652028361641742,17,0.0,0.0,0,0,not_needed,0,0,bragg,auto_sparse,500.0,14.183552179744003,0,0,0,voigt,voigt,0,0.6652028361641742,0.06302720539137914
4300.0,0.6652028361641742,18,0.0,0.0,0,0,not_needed,0,0,bragg,auto_sparse,500.0,14.183552179744003,0,0,0,voigt,voigt,0,0.6652028361641742,0.06302720539137914
4300.0,0.6652028361641742,19,0.0,0.0,0,0,not_needed,0,0,bragg,auto_sparse,500.0,14.183552179744003,0,0,0,voigt,voigt,0,0.6652028361641742,0.06302720539137914
4300.0,0.6652028361641742,20,0.0,0.0,0,0,not_needed,0,0,bragg,auto_sparse,500.0,14.183552179744003,0,0,0,voigt,voigt,0,0.6652028361641742,0.06302720539137914
4300.0,0.6652028361641742,21,0.0,0.0,0,0,not_needed,0,0,bragg,auto_sparse,500.0,14.183552179744003,0,0,0,voigt,voigt,0,0.6652028361641742,0.06302720539137914
4300.0,0.6652028361641742,22,0.0,0.0,0,0,not_needed,0,0,bragg,auto_sparse,500.0,14.183552179744003,0,0,0,voigt,voigt,0,0.6652028361641742,0.06302720539137914
4300.0,0.6652028361641742,23,0.0,0.0,0,0,not_needed,0,0,bragg,auto_sparse,500.0,14.183552179744003,0,0,0,voigt,voigt,0,0.6652028361641742,0.06302720539137914
4300.0,0.6652028361641742,24,0.0,0.0,0,0,not_needed,0,0,bragg,auto_sparse,500.0,14.183552179744003,0,0,0,voigt,voigt,0,0.6652028361641742,0.06302720539137914
4300.0,0.6652028361641742,25,0.0,0.0,0,0,not_needed,0,0,bragg,auto_sparse,500.0,14.183552179744003,0,0,0,voigt,voigt,0,0.6652028361641742,0.06302720539137914
4500.0,0.6025145302129646,-25,1.6282496829829213e-09,10.449848838727775,0,0,not_needed,0,0,bragg,auto_sparse,500.0,14.183552179744003,0,0,0,voigt,voigt,0,0.6025145302129646,0.054866223562398446
4500.0,0.6025145302129646,-24,9.87737676339855e-09,10.23886248956481,0,0,not_needed,0,0,bragg,auto_sparse,500.0,14.183552179744003,0,0,0,voigt,voigt,0,0.6025145302129646,0.054866223562398446
4500.0,0.6025145302129646,-23,2.1216880659195995e-08,10.023484354180454,0,0,not_needed,0,0,bragg,auto_sparse,500.0,14.183552179744003,0,0,0,voigt,voigt,0,0.6025145302129646,0.054866223562398446
4500.0,0.6025145302129646,-22,2.1534783938665002e-09,9.803424952058961,0,0,not_needed,0,0,bragg,auto_sparse,500.0,14.183552179744003,0,0,0,voigt,voigt,0,0.6025145302129646,0.054866223562398446
4500.0,0.6025145302129646,-21,3.5300876380675044e-06,9.578361610455886,0,0,not_needed,0,0,bragg,auto_sparse,500.0,14.183552179744003,0,0,0,voigt,voigt,0,0.6025145302129646,0.054866223562398446
4500.0,0.6025145302129646,-20,2.037074006328022e-08,9.347932880211204,0,0,not_needed,0,0,bragg,auto_sparse,500.0,14.183552179744003,0,0,0,voigt,voigt,0,0.6025145302129646,0.054866223562398446
4500.0,0.6025145302129646,-19,9.389976324203602e-09,9.111731682416533,0,0,not_needed,0,0,bragg,auto_sparse,500.0,14.183552179744003,0,0,0,voigt,voigt,0,0.6025145302129646,0.054866223562398446
4500.0,0.6025145302129646,-18,6.822359564379268e-09,8.869296814529406,0,0,not_needed,0,0,bragg,auto_sparse,500.0,14.183552179744003,0,0,0,voigt,voigt,0,0.6025145302129646,0.054866223562398446
4500.0,0.6025145302129646,-17,4.321642265011285e-10,8.620102308806011,0,0,not_needed,0,0,bragg,auto_sparse,500.0,14.183552179744003,0,0,0,voigt,voigt,0,0.6025145302129646,0.054866223562398446
4500.0,0.6025145302129646,-16,2.1272633917682338e-09,8.36354393954646,0,0,not_needed,0,0,bragg,auto_sparse,500.0,14.183552179744003,0,0,0,voigt,voigt,0,0.6025145302129646,0.054866223562398446
4500.0,0.6025145302129646,-15,3.7359347391570604e-07,8.098921885916099,0,0,not_needed,0,0,bragg,auto_sparse,500.0,14.183552179744003,0,0,0,voigt,voigt,0,0.6025145302129646,0.054866223562398446
4500.0,0.6025145302129646,-14,1.577619122315372e-08,7.825418120310701,0,0,not_needed,0,0,bragg,auto_sparse,500.0,14.183552179744003,0,0,0,voigt,voigt,0,0.6025145302129646,0.054866223562398446
4500.0,0.6025145302129646,-13,4.587553742734104e-09,7.5420664175524905,0,0,not_needed,0,0,bragg,auto_sparse,500.0,14.183552179744003,0,0,0,voigt,voigt,0,0.6025145302129646,0.054866223562398446
4500.0,0.6025145302129646,-12,1.5780314620999678e-08,7.2477118092104575,0,0,not_needed,0,0,bragg,auto_sparse,500.0,14.183552179744003,0,0,0,voigt,voigt,0,0.6025145302129646,0.054866223562398446
4500.0,0.6025145302129646,-11,1.6781283002241224e-07,6.940954553507069,0,0,not_needed,0,0,bragg,auto_sparse,500.0,14.183552179744003,0,0,0,voigt,voigt,0,0.6025145302129646,0.054866223562398446
4500.0,0.6025145302129646,-10,6.639205619474564e-07,6.6200707148059195,0,0,not_needed,0,0,bragg,auto_sparse,500.0,14.183552179744003,0,0,0,voigt,voigt,0,0.6025145302129646,0.054866223562398446
4500.0,0.6025145302129646,-9,0.0002341470757949501,6.282896181233568,0,0,not_needed,0,0,bragg,auto_sparse,500.0,14.183552179744003,0,0,0,voigt,voigt,0,0.6025145302129646,0.054866223562398446
4500.0,0.6025145302129646,-8,1.1501319855648e-06,5.926651168148723,0,0,not_needed,0,0,bragg,auto_sparse,500.0,14.183552179744003,0,0,0,voigt,voigt,0,0.6025145302129646,0.054866223562398446
4500.0,0.6025145302129646,-7,2.652811540488822e-06,5.547662993858566,0,0,not_needed,0,0,bragg,auto_sparse,500.0,14.183552179744003,0,0,0,voigt,voigt,0,0.6025145302129646,0.054866223562398446
4500.0,0.6025145302129646,-6,2.8340142285809014e-06,5.140904180029196,0,0,not_needed,0,0,bragg,auto_sparse,500.0,14.183552179744003,0,0,0,voigt,voigt,0,0.6025145302129646,0.054866223562398446
4500.0,0.6025145302129646,-5,9.797644819352666e-06,4.699168739718445,0,0,not_needed,0,0,bragg,auto_sparse,500.0,14.183552179744003,0,0,0,voigt,voigt,0,0.6025145302129646,0.054866223562398446
4500.0,0.6025145302129646,-4,3.304419122912294e-05,4.211464988951562,0,0,not_needed,0,0,bragg,auto_sparse,500.0,14.183552179744003,0,0,0,voigt,voigt,0,0.6025145302129646,0.054866223562398446
4500.0,0.6025145302129646,-3,0.0009652249600953943,3.6594599064000306,0,0,not_needed,0,0,bragg,auto_sparse,500.0,14.183552179744003,0,0,0,voigt,voigt,0,0.6025145302129646,0.054866223562398446
4500.0,0.6025145302129646,-2,0.5987168664188232,3.007958559685534,0,0,not_needed,0,0,bragg,auto_sparse,500.0,14.183552179744003,0,0,0,voigt,voigt,0,0.6025145302129646,0.054866223562398446
4500.0,0.6025145302129646,-1,0.004549048201494448,2.1690874847713815,0,0,not_needed,0,0,bragg,auto_sparse,500.0,14.183552179744003,0,0,0,voigt,voigt,0,0.6025145302129646,0.054866223562398446
4500.0,0.6025145302129646,0,0.06334828419234315,0.6025145302130284,0,0,not_needed,0,0,bragg,auto_sparse,500.0,14.183552179744003,0,0,0,voigt,voigt,0,0.6025145302129646,0.054866223562398446
4500.0,0.6025145302129646,1,0.0,0.0,0,0,not_needed,0,0,bragg,auto_sparse,500.0,14.183552179744003,0,0,0,voigt,voigt,0,0.6025145302129646,0.054866223562398446
4500.0,0.6025145302129646,2,0.0,0.0,0,0,not_needed,0,0,bragg,auto_sparse,500.0,14.183552179744003,0,0,0,voigt,voigt,0,0.6025145302129646,0.054866223562398446
4500.0,0.6025145302129646,3,0.0,0.0,0,0,not_needed,0,0,bragg,auto_sparse,500.0,14.183552179744003,0,0,0,voigt,voigt,0,0.6025145302129646,0.054866223562398446
4500.0,0.6025145302129646,4,0.0,0.0,0,0,not_needed,0,0,bragg,auto_sparse,500.0,14.183552179744003,0,0,0,voigt,voigt,0,0.6025145302129646,0.054866223562398446
4500.0,0.6025145302129646,5,0.0,0.0,0,0,not_needed,0,0,bragg,auto_sparse,500.0,14.183552179744003,0,0,0,voigt,voigt,0,0.6025145302129646,0.054866223562398446
4500.0,0.6025145302129646,6,0.0,0.0,0,0,not_needed,0,0,bragg,auto_sparse,500.0,14.183552179744003,0,0,0,voigt,voigt,0,0.6025145302129646,0.054866223562398446
4500.0,0.6025145302129646,7,0.0,0.0,0,0,not_needed,0,0,bragg,auto_sparse,500.0,14.183552179744003,0,0,0,voigt,voigt,0,0.6025145302129646,0.054866223562398446
4500.0,0.6025145302129646,8,0.0,0.0,0,0,not_needed,0,0,bragg,auto_sparse,500.0,14.183552179744003,0,0,0,voigt,voigt,0,0.6025145302129646,0.054866223562398446
4500.0,0.6025145302129646,9,0.0,0.0,0,0,not_needed,0,0,bragg,auto_sparse,500.0,14.183552179744003,0,0,0,voigt,voigt,0,0.6025145302129646,0.054866223562398446
4500.0,0.6025145302129646,10,0.0,0.0,0,0,not_needed,0,0,bragg,auto_sparse,500.0,14.183552179744003,0,0,0,voigt,voigt,0,0.6025145302129646,0.054866223562398446
4500.0,0.6025145302129646,11,0.0,0.0,0,0,not_needed,0,0,bragg,auto_sparse,500.0,14.183552179744003,0,0,0,voigt,voigt,0,0.6025145302129646,0.054866223562398446
4500.0,0.6025145302129646,12,0.0,0.0,0,0,not_needed,0,0,bragg,auto_sparse,500.0,14.183552179744003,0,0,0,voigt,voigt,0,0.6025145302129646,0.054866223562398446
4500.0,0.6025145302129646,13,0.0,0.0,0,0,not_needed,0,0,bragg,auto_sparse,500.0,14.183552179744003,0,0,0,voigt,voigt,0,0.6025145302129646,0.054866223562398446
4500.0,0.6025145302129646,14,0.0,0.0,0,0,not_needed,0,0,bragg,auto_sparse,500.0,14.183552179744003,0,0,0,voigt,voigt,0,0.6025145302129646,0.054866223562398446
4500.0,0.6025145302129646,15,0.0,0.0,0,0,not_needed,0,0,bragg,auto_sparse,500.0,14.183552179744003,0,0,0,voigt,voigt,0,0.6025145302129646,0.054866223562398446
4500.0,0.6025145302129646,16,0.0,0.0,0,0,not_needed,0,0,bragg,auto_sparse,500.0,14.183552179744003,0,0,0,voigt,voigt,0,0.6025145302129646,0.054866223562398446
4500.0,0.6025145302129646,17,0.0,0.0,0,0,not_needed,0,0,bragg,auto_sparse,500.0,14.183552179744003,0,0,0,voigt,voigt,0,0.6025145302129646,0.054866223562398446
4500.0,0.6025145302129646,18,0.0,0.0,0,0,not_needed,0,0,bragg,auto_sparse,500.0,14.183552179744003,0,0,0,voigt,voigt,0,0.6025145302129646,0.054866223562398446
4500.0,0.6025145302129646,19,0.0,0.0,0,0,not_needed,0,0,bragg,auto_sparse,500.0,14.183552179744003,0,0,0,voigt,voigt,0,0.6025145302129646,0.054866223562398446
4500.0,0.6025145302129646,20,0.0,0.0,0,0,not_needed,0,0,bragg,auto_sparse,500.0,14.183552179744003,0,0,0,voigt,voigt,0,0.6025145302129646,0.054866223562398446
4500.0,0.6025145302129646,21,0.0,0.0,0,0,not_needed,0,0,bragg,auto_sparse,500.0,14.183552179744003,0,0,0,voigt,voigt,0,0.6025145302129646,0.054866223562398446
4500.0,0.6025145302129646,22,0.0,0.0,0,0,not_needed,0,0,bragg,auto_sparse,500.0,14.183552179744003,0,0,0,voigt,voigt,0,0.6025145302129646,0.054866223562398446
4500.0,0.6025145302129646,23,0.0,0.0,0,0,not_needed,0,0,bragg,auto_sparse,500.0,14.183552179744003,0,0,0,voigt,voigt,0,0.6025145302129646,0.054866223562398446
4500.0,0.6025145302129646,24,0.0,0.0,0,0,not_needed,0,0,bragg,auto_sparse,500.0,14.183552179744003,0,0,0,voigt,voigt,0,0.6025145302129646,0.054866223562398446
4500.0,0.6025145302129646,25,0.0,0.0,0,0,not_needed,0,0,bragg,auto_sparse,500.0,14.183552179744003,0,0,0,voigt,voigt,0,0.6025145302129646,0.054866223562398446
4700.0,0.5479055984694329,-25,2.7528878172900238e-09,10.222160335240432,0,0,not_needed,0,0,bragg,auto_sparse,500.0,14.183552179744003,0,0,0,voigt,voigt,0,0.5479055984694329,0.056097686854861904
4700.0,0.5479055984694329,-24,2.2270425755310886e-09,10.015700339780025,0,0,not_needed,0,0,bragg,auto_sparse,500.0,14.183552179744003,0,0,0,voigt,voigt,0,0.5479055984694329,0.056097686854861904
4700.0,0.5479055984694329,-23,1.5796453178158998e-08,9.804939196335951,0,0,not_needed,0,0,bragg,auto_sparse,500.0,14.183552179744003,0,0,0,voigt,voigt,0,0.5479055984694329,0.056097686854861904
4700.0,0.5479055984694329,-22,2.4921438598401327e-09,9.589593292167791,0,0,not_needed,0,0,bragg,auto_sparse,500.0,14.183552179744003,0,0,0,voigt,voigt,0,0.5479055984694329,0.056097686854861904
4700.0,0.5479055984694329,-21,2.2520502226715185e-07,9.36934647879852,0,0,not_needed,0,0,bragg,auto_sparse,500.0,14.183552179744003,0,0,0,voigt,voigt,0,0.5479055984694329,0.056097686854861904
4700.0,0.5479055984694329,-20,2.591055239596511e-07,9.143844595324168,0,0,not_needed,0,0,bragg,auto_sparse,500.0,14.183552179744003,0,0,0,voigt,voigt,0,0.5479055984694329,0.056097686854861904
4700.0,0.5479055984694329,-19,1.2820791635961898e-08,8.912688746298542,0,0,not_needed,0,0,bragg,auto_sparse,500.0,14.183552179744003,0,0,0,voigt,voigt,0,0.5479055984694329,0.056097686854861904
4700.0,0.5479055984694329,-18,1.2631424651342502e-08,8.675426969505807,0,0,not_needed,0,0,bragg,auto_sparse,500.0,14.183552179744003,0,0,0,voigt,voigt,0,0.5479055984694329,0.056097686854861904
4700.0,0.5479055984694329,-17,2.128219396254582e-09,8.431543795586137,0,0,not_needed,0,0,bragg,auto_sparse,500.0,14.183552179744003,0,0,0,voigt,voigt,0,0.5479055984694329,0.056097686854861904
4700.0,0.5479055984694329,-16,4.255195259918736e-09,8.180447008488656,0,0,not_needed,0,0,bragg,auto_sparse,500.0,14.183552179744003,0,0,0,voigt,voigt,0,0.5479055984694329,0.056097686854861904
4700.0,0.5479055984694329,-15,2.5550504110318867e-10,7.9214506309343165,0,0,not_needed,0,0,bragg,auto_sparse,500.0,14.183552179744003,0,0,0,voigt,voigt,0,0.5479055984694329,0.056097686854861904
4700.0,0.5479055984694329,-14,6.724055782949895e-07,7.653752729600086,0,0,not_needed,0,0,bragg,auto_sparse,500.0,14.183552179744003,0,0,0,voigt,voigt,0,0.5479055984694329,0.056097686854861904
4700.0,0.5479055984694329,-13,6.29701162164966e-09,7.376405971183345,0,0,not_needed,0,0,bragg,auto_sparse,500.0,14.183552179744003,0,0,0,voigt,voigt,0,0.5479055984694329,0.056097686854861904
4700.0,0.5479055984694329,-12,6.763260010312406e-09,7.088277806820713,0,0,not_needed,0,0,bragg,auto_sparse,500.0,14.183552179744003,0,0,0,voigt,voigt,0,0.5479055984694329,0.056097686854861904
4700.0,0.5479055984694329,-11,6.675106493929808e-08,6.7879954362015695,0,0,not_needed,0,0,bragg,auto_sparse,500.0,14.183552179744003,0,0,0,voigt,voigt,0,0.5479055984694329,0.056097686854861904
4700.0,0.5479055984694329,-10,3.27976164090515e-08,6.473867771967136,0,0,not_needed,0,0,bragg,auto_sparse,500.0,14.183552179744003,0,0,0,voigt,voigt,0,0.5479055984694329,0.056097686854861904
4700.0,0.5479055984694329,-9,2.605179764769982e-05,6.143771437775328,0,0,not_needed,0,0,bragg,auto_sparse,500.0,14.183552179744003,0,0,0,voigt,voigt,0,0.5479055984694329,0.056097686854861904
4700.0,0.5479055984694329,-8,2.2491791893597343e-06,5.794978192044994,0,0,not_needed,0,0,bragg,auto_sparse,500.0,14.183552179744003,0,0,0,voigt,voigt,0,0.5479055984694329,0.056097686854861904
4700.0,0.5479055984694329,-7,2.8503559160651987e-06,5.423882168843434,0,0,not_needed,0,0,bragg,auto_sparse,500.0,14.183552179744003,0,0,0,voigt,voigt,0,0.5479055984694329,0.056097686854861904
4700.0,0.5479055984694329,-6,4.072860562330027e-06,5.0255451085703555,0,0,not_needed,0,0,bragg,auto_sparse,500.0,14.183552179744003,0,0,0,voigt,voigt,0,0.5479055984694329,0.056097686854861904
4700.0,0.5479055984694329,-5,8.126738634898191e-06,4.592884645836634,0,0,not_needed,0,0,bragg,auto_sparse,500.0,14.183552179744003,0,0,0,voigt,voigt,0,0.5479055984694329,0.056097686854861904
4700.0,0.5479055984694329,-4,4.086032640447409e-05,4.115088641848914,0,0,not_needed,0,0,bragg,auto_sparse,500.0,14.183552179744003,0,0,0,voigt,voigt,0,0.5479055984694329,0.056097686854861904
4700.0,0.5479055984694329,-3,0.0011026559329874184,3.574101100038007,0,0,not_needed,0,0,bragg,auto_sparse,500.0,14.183552179744003,0,0,0,voigt,voigt,0,0.5479055984694329,0.056097686854861904
4700.0,0.5479055984694329,-2,0.6103346255040388,2.935186766367792,0,0,not_needed,0,0,bragg,auto_sparse,500.0,14.183552179744003,0,0,0,voigt,voigt,0,0.5479055984694329,0.056097686854861904
4700.0,0.5479055984694329,-1,0.005079673201132709,2.111237107855189,0,0,not_needed,0,0,bragg,auto_sparse,500.0,14.183552179744003,0,0,0,voigt,voigt,0,0.5479055984694329,0.056097686854861904
4700.0,0.5479055984694329,0,0.10339177530980434,0.547905598469498,0,0,not_needed,0,0,bragg,auto_sparse,500.0,14.183552179744003,0,0,0,voigt,voigt,0,0.5479055984694329,0.056097686854861904
4700.0,0.5479055984694329,1,0.0,0.0,0,0,not_needed,0,0,bragg,auto_sparse,500.0,14.183552179744003,0,0,0,voigt,voigt,0,0.5479055984694329,0.056097686854861904
4700.0,0.5479055984694329,2,0.0,0.0,0,0,not_needed,0,0,bragg,auto_sparse,500.0,14.183552179744003,0,0,0,voigt,voigt,0,0.5479055984694329,0.056097686854861904
4700.0,0.5479055984694329,3,0.0,0.0,0,0,not_needed,0,0,bragg,auto_sparse,500.0,14.183552179744003,0,0,0,voigt,voigt,0,0.5479055984694329,0.056097686854861904
4700.0,0.5479055984694329,4,0.0,0.0,0,0,not_needed,0,0,bragg,auto_sparse,500.0,14.183552179744003,0,0,0,voigt,voigt,0,0.5479055984694329,0.056097686854861904
4700.0,0.5479055984694329,5,0.0,0.0,0,0,not_needed,0,0,bragg,auto_sparse,500.0,14.183552179744003,0,0,0,voigt,voigt,0,0.5479055984694329,0.056097686854861904
4700.0,0.5479055984694329,6,0.0,0.0,0,0,not_needed,0,0,bragg,auto_sparse,500.0,14.183552179744003,0,0,0,voigt,voigt,0,0.5479055984694329,0.056097686854861904
4700.0,0.5479055984694329,7,0.0,0.0,0,0,not_needed,0,0,bragg,auto_sparse,500.0,14.183552179744003,0,0,0,voigt,voigt,0,0.5479055984694329,0.056097686854861904
4700.0,0.5479055984694329,8,0.0,0.0,0,0,not_needed,0,0,bragg,auto_sparse,500.0,14.183552179744003,0,0,0,voigt,voigt,0,0.5479055984694329,0.056097686854861904
4700.0,0.5479055984694329,9,0.0,0.0,0,0,not_needed,0,0,bragg,auto_sparse,500.0,14.183552179744003,0,0,0,voigt,voigt,0,0.5479055984694329,0.056097686854861904
4700.0,0.5479055984694329,10,0.0,0.0,0,0,not_needed,0,0,bragg,auto_sparse,500.0,14.183552179744003,0,0,0,voigt,voigt,0,0.5479055984694329,0.056097686854861904
4700.0,0.5479055984694329,11,0.0,0.0,0,0,not_needed,0,0,bragg,auto_sparse,500.0,14.183552179744003,0,0,0,voigt,voigt,0,0.5479055984694329,0.056097686854861904
4700.0,0.5479055984694329,12,0.0,0.0,0,0,not_needed,0,0,bragg,auto_sparse,500.0,14.183552179744003,0,0,0,voigt,voigt,0,0.5479055984694329,0.056097686854861904
4700.0,0.5479055984694329,13,0.0,0.0,0,0,not_needed,0,0,bragg,auto_sparse,500.0,14.183552179744003,0,0,0,voigt,voigt,0,0.5479055984694329,0.056097686854861904
4700.0,0.5479055984694329,14,0.0,0.0,0,0,not_needed,0,0,bragg,auto_sparse,500.0,14.183552179744003,0,0,0,voigt,voigt,0,0.5479055984694329,0.056097686854861904
4700.0,0.5479055984694329,15,0.0,0.0,0,0,not_needed,0,0,bragg,auto_sparse,500.0,14.183552179744003,0,0,0,voigt,voigt,0,0.5479055984694329,0.056097686854861904
4700.0,0.5479055984694329,16,0.0,0.0,0,0,not_needed,0,0,bragg,auto_sparse,500.0,14.183552179744003,0,0,0,voigt,voigt,0,0.5479055984694329,0.056097686854861904
4700.0,0.5479055984694329,17,0.0,0.0,0,0,not_needed,0,0,bragg,auto_sparse,500.0,14.183552179744003,0,0,0,voigt,voigt,0,0.5479055984694329,0.056097686854861904
4700.0,0.5479055984694329,18,0.0,0.0,0,0,not_needed,0,0,bragg,auto_sparse,500.0,14.183552179744003,0,0,0,voigt,voigt,0,0.5479055984694329,0.056097686854861904
4700.0,0.5479055984694329,19,0.0,0.0,0,0,not_needed,0,0,bragg,auto_sparse,500.0,14.183552179744003,0,0,0,voigt,voigt,0,0.5479055984694329,0.056097686854861904
4700.0,0.5479055984694329,20,0.0,0.0,0,0,not_needed,0,0,bragg,auto_sparse,500.0,14.183552179744003,0,0,0,voigt,voigt,0,0.5479055984694329,0.056097686854861904
4700.0,0.5479055984694329,21,0.0,0.0,0,0,not_needed,0,0,bragg,auto_sparse,500.0,14.183552179744003,0,0,0,voigt,voigt,0,0.5479055984694329,0.056097686854861904
4700.0,0.5479055984694329,22,0.0,0.0,0,0,not_needed,0,0,bragg,auto_sparse,500.0,14.183552179744003,0,0,0,voigt,voigt,0,0.5479055984694329,0.056097686854861904
4700.0,0.5479055984694329,23,0.0,0.0,0,0,not_needed,0,0,bragg,auto_sparse,500.0,14.183552179744003,0,0,0,voigt,voigt,0,0.5479055984694329,0.056097686854861904
4700.0,0.5479055984694329,24,0.0,0.0,0,0,not_needed,0,0,bragg,auto_sparse,500.0,14.183552179744003,0,0,0,voigt,voigt,0,0.5479055984694329,0.056097686854861904
4700.0,0.5479055984694329,25,0.0,0.0,0,0,not_needed,0,0,bragg,auto_sparse,500.0,14.183552179744003,0,0,0,voigt,voigt,0,0.5479055984694329,0.056097686854861904
4900.0,0.5036996714678411,-25,3.453540205781192e-09,10.0091092044499,0,0,not_needed,0,0,bragg,auto_sparse,500.0,14.183552179744003,0,0,0,voigt,voigt,0,0.5036996714678411,0.04646660781703805
4900.0,0.5036996714678411,-24,1.4731606639475846e-09,9.806903838830308,0,0,not_needed,0,0,bragg,auto_sparse,500.0,14.183552179744003,0,0,0,voigt,voigt,0,0.5036996714678411,0.04646660781703805
4900.0,0.5036996714678411,-23,1.2775580113591787e-08,9.600483075933354,0,0,not_needed,0,0,bragg,auto_sparse,500.0,14.183552179744003,0,0,0,voigt,voigt,0,0.5036996714678411,0.04646660781703805
4900.0,0.5036996714678411,-22,6.074643515217799e-09,9.389568884081001,0,0,not_needed,0,0,bragg,auto_sparse,500.0,14.183552179744003,0,0,0,voigt,voigt,0,0.5036996714678411,0.04646660781703805
4900.0,0.5036996714678411,-21,4.749120425075088e-08,9.173851324164644,0,0,not_needed,0,0,bragg,auto_sparse,500.0,14.183552179744003,0,0,0,voigt,voigt,0,0.5036996714678411,0.04646660781703805
4900.0,0.5036996714678411,-20,1.3111484331417167e-06,8.95298317654391,0,0,not_needed,0,0,bragg,auto_sparse,500.0,14.183552179744003,0,0,0,voigt,voigt,0,0.5036996714678411,0.04646660781703805
4900.0,0.5036996714678411,-19,8.247766622450548e-09,8.726573345551358,0,0,not_needed,0,0,bragg,auto_sparse,500.0,14.183552179744003,0,0,0,voigt,voigt,0,0.5036996714678411,0.04646660781703805
4900.0,0.5036996714678411,-18,2.7605456549163972e-08,8.494178683498419,0,0,not_needed,0,0,bragg,auto_sparse,500.0,14.183552179744003,0,0,0,voigt,voigt,0,0.5036996714678411,0.04646660781703805
4900.0,0.5036996714678411,-17,1.2132892804766626e-09,8.255293745071768,0,0,not_needed,0,0,bragg,auto_sparse,500.0,14.183552179744003,0,0,0,voigt,voigt,0,0.5036996714678411,0.04646660781703805
4900.0,0.5036996714678411,-16,4.9062283433533095e-09,8.009337793380524,0,0,not_needed,0,0,bragg,auto_sparse,500.0,14.183552179744003,0,0,0,voigt,voigt,0,0.5036996714678411,0.04646660781703805
4900.0,0.5036996714678411,-15,2.976114438409666e-10,7.755638099034073,0,0,not_needed,0,0,bragg,auto_sparse,500.0,14.183552179744003,0,0,0,voigt,voigt,0,0.5036996714678411,0.04646660781703805
4900.0,0.5036996714678411,-14,8.163823074574322e-09,7.493408151482768,0,0,not_needed,0,0,bragg,auto_sparse,500.0,14.183552179744003,0,0,0,voigt,voigt,0,0.5036996714678411,0.04646660781703805
4900.0,0.5036996714678411,-13,1.586009759251103e-08,7.221718749472828,0,0,not_needed,0,0,bragg,auto_sparse,500.0,14.183552179744003,0,0,0,voigt,voigt,0,0.5036996714678411,0.04646660781703805
4900.0,0.5036996714678411,-12,6.005495831314391e-09,6.93945890126102,0,0,not_needed,0,0,bragg,auto_sparse,500.0,14.183552179744003,0,0,0,voigt,voigt,0,0.5036996714678411,0.04646660781703805
4900.0,0.5036996714678411,-11,4.867290320343442e-08,6.645281767253692,0,0,not_needed,0,0,bragg,auto_sparse,500.0,14.183552179744003,0,0,0,voigt,voigt,0,0.5036996714678411,0.04646660781703805
4900.0,0.5036996714678411,-10,1.1842158539797312e-08,6.337527993830292,0,0,not_needed,0,0,bragg,auto_sparse,500.0,14.183552179744003,0,0,0,voigt,voigt,0,0.5036996714678411,0.04646660781703805
4900.0,0.5036996714678411,-9,7.459414463272971e-06,6.014113680847032,0,0,not_needed,0,0,bragg,auto_sparse,500.0,14.183552179744003,0,0,0,voigt,voigt,0,0.5036996714678411,0.04646660781703805
4900.0,0.5036996714678411,-8,5.683578407518042e-06,5.672360730058131,0,0,not_needed,0,0,bragg,auto_sparse,500.0,14.183552179744003,0,0,0,voigt,voigt,0,0.5036996714678411,0.04646660781703805
4900.0,0.5036996714678411,-7,3.5514618787632747e-06,5.308728598747379,0,0,not_needed,0,0,bragg,auto_sparse,500.0,14.183552179744003,0,0,0,voigt,voigt,0,0.5036996714678411,0.04646660781703805
4900.0,0.5036996714678411,-6,5.396917968252126e-06,4.918366824621188,0,0,not_needed,0,0,bragg,auto_sparse,500.0,14.183552179744003,0,0,0,voigt,voigt,0,0.5036996714678411,0.04646660781703805
4900.0,0.5036996714678411,-5,9.64433436594595e-06,4.494315800760191,0,0,not_needed,0,0,bragg,auto_sparse,500.0,14.183552179744003,0,0,0,voigt,voigt,0,0.5036996714678411,0.04646660781703805
4900.0,0.5036996714678411,-4,6.229121524773262e-05,4.025944091475097,0,0,not_needed,0,0,bragg,auto_sparse,500.0,14.183552179744003,0,0,0,voigt,voigt,0,0.5036996714678411,0.04646660781703805
4900.0,0.5036996714678411,-3,0.0012917444901830598,3.4954807623906277,0,0,not_needed,0,0,bragg,auto_sparse,500.0,14.183552179744003,0,0,0,voigt,voigt,0,0.5036996714678411,0.04646660781703805
4900.0,0.5036996714678411,-2,0.5541361661153655,2.8686850509417923,0,0,not_needed,0,0,bragg,auto_sparse,500.0,14.183552179744003,0,0,0,voigt,voigt,0,0.5036996714678411,0.04646660781703805
4900.0,0.5036996714678411,-1,0.005738979388341273,2.059400378412434,0,0,not_needed,0,0,bragg,auto_sparse,500.0,14.183552179744003,0,0,0,voigt,voigt,0,0.5036996714678411,0.04646660781703805
4900.0,0.5036996714678411,0,0.16465943428738689,0.5036996714681266,0,0,not_needed,0,0,bragg,auto_sparse,500.0,14.183552179744003,0,0,0,voigt,voigt,0,0.5036996714678411,0.04646660781703805
4900.0,0.5036996714678411,1,0.0,0.0,0,0,not_needed,0,0,bragg,auto_sparse,500.0,14.183552179744003,0,0,0,voigt,voigt,0,0.5036996714678411,0.04646660781703805
4900.0,0.5036996714678411,2,0.0,0.0,0,0,not_needed,0,0,bragg,auto_sparse,500.0,14.183552179744003,0,0,0,voigt,voigt,0,0.5036996714678411,0.04646660781703805
4900.0,0.5036996714678411,3,0.0,0.0,0,0,not_needed,0,0,bragg,auto_sparse,500.0,14.183552179744003,0,0,0,voigt,voigt,0,0.5036996714678411,0.04646660781703805
4900.0,0.5036996714678411,4,0.0,0.0,0,0,not_needed,0,0,bragg,auto_sparse,500.0,14.183552179744003,0,0,0,voigt,voigt,0,0.5036996714678411,0.04646660781703805
4900.0,0.5036996714678411,5,0.0,0.0,0,0,not_needed,0,0,bragg,auto_sparse,500.0,14.183552179744003,0,0,0,voigt,voigt,0,0.5036996714678411,0.04646660781703805
4900.0,0.5036996714678411,6,0.0,0.0,0,0,not_needed,0,0,bragg,auto_sparse,500.0,14.183552179744003,0,0,0,voigt,voigt,0,0.5036996714678411,0.04646660781703805
4900.0,0.5036996714678411,7,0.0,0.0,0,0,not_needed,0,0,bragg,auto_sparse,500.0,14.183552179744003,0,0,0,voigt,voigt,0,0.5036996714678411,0.04646660781703805
4900.0,0.5036996714678411,8,0.0,0.0,0,0,not_needed,0,0,bragg,auto_sparse,500.0,14.183552179744003,0,0,0,voigt,voigt,0,0.5036996714678411,0.04646660781703805
4900.0,0.5036996714678411,9,0.0,0.0,0,0,not_needed,0,0,bragg,auto_sparse,500.0,14.183552179744003,0,0,0,voigt,voigt,0,0.5036996714678411,0.04646660781703805
4900.0,0.5036996714678411,10,0.0,0.0,0,0,not_needed,0,0,bragg,auto_sparse,500.0,14.183552179744003,0,0,0,voigt,voigt,0,0.5036996714678411,0.04646660781703805
4900.0,0.5036996714678411,11,0.0,0.0,0,0,not_needed,0,0,bragg,auto_sparse,500.0,14.183552179744003,0,0,0,voigt,voigt,0,0.5036996714678411,0.04646660781703805
4900.0,0.5036996714678411,12,0.0,0.0,0,0,not_needed,0,0,bragg,auto_sparse,500.0,14.183552179744003,0,0,0,voigt,voigt,0,0.5036996714678411,0.04646660781703805
4900.0,0.5036996714678411,13,0.0,0.0,0,0,not_needed,0,0,bragg,auto_sparse,500.0,14.183552179744003,0,0,0,voigt,voigt,0,0.5036996714678411,0.04646660781703805
4900.0,0.5036996714678411,14,0.0,0.0,0,0,not_needed,0,0,bragg,auto_sparse,500.0,14.183552179744003,0,0,0,voigt,voigt,0,0.5036996714678411,0.04646660781703805
4900.0,0.5036996714678411,15,0.0,0.0,0,0,not_needed,0,0,bragg,auto_sparse,500.0,14.183552179744003,0,0,0,voigt,voigt,0,0.5036996714678411,0.04646660781703805
4900.0,0.5036996714678411,16,0.0,0.0,0,0,not_needed,0,0,bragg,auto_sparse,500.0,14.183552179744003,0,0,0,voigt,voigt,0,0.5036996714678411,0.04646660781703805
4900.0,0.5036996714678411,17,0.0,0.0,0,0,not_needed,0,0,bragg,auto_sparse,500.0,14.183552179744003,0,0,0,voigt,voigt,0,0.5036996714678411,0.04646660781703805
4900.0,0.5036996714678411,18,0.0,0.0,0,0,not_needed,0,0,bragg,auto_sparse,500.0,14.183552179744003,0,0,0,voigt,voigt,0,0.5036996714678411,0.04646660781703805
4900.0,0.5036996714678411,19,0.0,0.0,0,0,not_needed,0,0,bragg,auto_sparse,500.0,14.183552179744003,0,0,0,voigt,voigt,0,0.5036996714678411,0.04646660781703805
4900.0,0.5036996714678411,20,0.0,0.0,0,0,not_needed,0,0,bragg,auto_sparse,500.0,14.183552179744003,0,0,0,voigt,voigt,0,0.5036996714678411,0.04646660781703805
4900.0,0.5036996714678411,21,0.0,0.0,0,0,not_needed,0,0,bragg,auto_sparse,500.0,14.183552179744003,0,0,0,voigt,voigt,0,0.5036996714678411,0.04646660781703805
4900.0,0.5036996714678411,22,0.0,0.0,0,0,not_needed,0,0,bragg,auto_sparse,500.0,14.183552179744003,0,0,0,voigt,voigt,0,0.5036996714678411,0.04646660781703805
4900.0,0.5036996714678411,23,0.0,0.0,0,0,not_needed,0,0,bragg,auto_sparse,500.0,14.183552179744003,0,0,0,voigt,voigt,0,0.5036996714678411,0.04646660781703805
4900.0,0.5036996714678411,24,0.0,0.0,0,0,not_needed,0,0,bragg,auto_sparse,500.0,14.183552179744003,0,0,0,voigt,voigt,0,0.5036996714678411,0.04646660781703805
4900.0,0.5036996714678411,25,0.0,0.0,0,0,not_needed,0,0,bragg,auto_sparse,500.0,14.183552179744003,0,0,0,voigt,voigt,0,0.5036996714678411,0.04646660781703805
5100.0,0.4673110592544023,-25,5.4700854132002726e-09,9.809098596045871,0,0,not_needed,0,0,bragg,auto_sparse,500.0,14.183552179744003,0,0,0,voigt,voigt,0,0.4673110592544023,0.038084827710021064
5100.0,0.4673110592544023,-24,7.822359123474182e-10,9.61090033882897,0,0,not_needed,0,0,bragg,auto_sparse,500.0,14.183552179744003,0,0,0,voigt,voigt,0,0.4673110592544023,0.038084827710021064
5100.0,0.4673110592544023,-23,1.092653067215925e-08,9.408567839528033,0,0,not_needed,0,0,bragg,auto_sparse,500.0,14.183552179744003,0,0,0,voigt,voigt,0,0.4673110592544023,0.038084827710021064
5100.0,0.4673110592544023,-22,8.19566241247844e-09,9.201828368173054,0,0,not_needed,0,0,bragg,auto_sparse,500.0,14.183552179744003,0,0,0,voigt,voigt,0,0.4673110592544023,0.038084827710021064
5100.0,0.4673110592544023,-21,1.5205317091023128e-08,8.99037788683951,0,0,not_needed,0,0,bragg,auto_sparse,500.0,14.183552179744003,0,0,0,voigt,voigt,0,0.4673110592544023,0.038084827710021064
5100.0,0.4673110592544023,-20,2.0929797083356607e-07,8.773875775857405,0,0,not_needed,0,0,bragg,auto_sparse,500.0,14.183552179744003,0,0,0,voigt,voigt,0,0.4673110592544023,0.038084827710021064
5100.0,0.4673110592544023,-19,6.177070906428749e-09,8.551938359821932,0,0,not_needed,0,0,bragg,auto_sparse,500.0,14.183552179744003,0,0,0,voigt,voigt,0,0.4673110592544023,0.038084827710021064
5100.0,0.4673110592544023,-18,5.034359967492799e-08,8.324130881680986,0,0,not_needed,0,0,bragg,auto_sparse,500.0,14.183552179744003,0,0,0,voigt,voigt,0,0.4673110592544023,0.038084827710021064
5100.0,0.4673110592544023,-17,2.6245076335805126e-09,8.089957444452992,0,0,not_needed,0,0,bragg,auto_sparse,500.0,14.183552179744003,0,0,0,voigt,voigt,0,0.4673110592544023,0.038084827710021064
5100.0,0.4673110592544023,-16,4.13387489971516e-09,7.848848253786912,0,0,not_needed,0,0,bragg,auto_sparse,500.0,14.183552179744003,0,0,0,voigt,voigt,0,0.4673110592544023,0.038084827710021064
5100.0,0.4673110592544023,-15,1.6597527115212107e-10,7.600143219507487,0,0,not_needed,0,0,bragg,auto_sparse,500.0,14.183552179744003,0,0,0,voigt,voigt,0,0.4673110592544023,0.038084827710021064
5100.0,0.4673110592544023,-14,3.4758492166587305e-09,7.343070559337647,0,0,not_needed,0,0,bragg,auto_sparse,500.0,14.183552179744003,0,0,0,voigt,voigt,0,0.4673110592544023,0.038084827710021064
5100.0,0.4673110592544023,-13,3.68035049586296e-09,7.076718406619747,0,0,not_needed,0,0,bragg,auto_sparse,500.0,14.183552179744003,0,0,0,voigt,voigt,0,0.4673110592544023,0.038084827710021064
5100.0,0.4673110592544023,-12,1.073929749214421e-08,6.799996404946796,0,0,not_needed,0,0,bragg,auto_sparse,500.0,14.183552179744003,0,0,0,voigt,voigt,0,0.4673110592544023,0.038084827710021064
5100.0,0.4673110592544023,-11,3.1965588094071106e-08,6.511582602601024,0,0,not_needed,0,0,bragg,auto_sparse,500.0,14.183552179744003,0,0,0,voigt,voigt,0,0.4673110592544023,0.038084827710021064
5100.0,0.4673110592544023,-10,6.897911256535559e-08,6.209848122576375,0,0,not_needed,0,0,bragg,auto_sparse,500.0,14.183552179744003,0,0,0,voigt,voigt,0,0.4673110592544023,0.038084827710021064
5100.0,0.4673110592544023,-9,2.6728193723973576e-06,5.892747059030555,0,0,not_needed,0,0,bragg,auto_sparse,500.0,14.183552179744003,0,0,0,voigt,voigt,0,0.4673110592544023,0.038084827710021064
5100.0,0.4673110592544023,-8,1.575596677166385e-05,5.557649703698559,0,0,not_needed,0,0,bragg,auto_sparse,500.0,14.183552179744003,0,0,0,voigt,voigt,0,0.4673110592544023,0.038084827710021064
5100.0,0.4673110592544023,-7,4.20141634701218e-06,5.201078766701258,0,0,not_needed,0,0,bragg,auto_sparse,500.0,14.183552179744003,0,0,0,voigt,voigt,0,0.4673110592544023,0.038084827710021064
5100.0,0.4673110592544023,-6,7.805636493915673e-06,4.818269178579953,0,0,not_needed,0,0,bragg,auto_sparse,500.0,14.183552179744003,0,0,0,voigt,voigt,0,0.4673110592544023,0.038084827710021064
5100.0,0.4673110592544023,-5,1.0110471541808031e-05,4.4023814576951,0,0,not_needed,0,0,bragg,auto_sparse,500.0,14.183552179744003,0,0,0,voigt,voigt,0,0.4673110592544023,0.038084827710021064
5100.0,0.4673110592544023,-4,6.504042371441893e-05,3.9429625732024505,0,0,not_needed,0,0,bragg,auto_sparse,500.0,14.183552179744003,0,0,0,voigt,voigt,0,0.4673110592544023,0.038084827710021064
5100.0,0.4673110592544023,-3,0.0015358421902574454,3.422527076912772,0,0,not_needed,0,0,bragg,auto_sparse,500.0,14.183552179744003,0,0,0,voigt,voigt,0,0.4673110592544023,0.038084827710021064
5100.0,0.4673110592544023,-2,0.4675896524505949,2.8073431151164243,0,0,not_needed,0,0,bragg,auto_sparse,500.0,14.183552179744003,0,0,0,voigt,voigt,0,0.4673110592544023,0.038084827710021064
5100.0,0.4673110592544023,-1,0.006427937781091157,2.0123133023128332,0,0,not_needed,0,0,bragg,auto_sparse,500.0,14.183552179744003,0,0,0,voigt,voigt,0,0.4673110592544023,0.038084827710021064
5100.0,0.4673110592544023,0,0.2579848594196113,0.46731105925418603,0,0,not_needed,0,0,bragg,auto_sparse,500.0,14.183552179744003,0,0,0,voigt,voigt,0,0.4673110592544023,0.038084827710021064
5100.0,0.4673110592544023,1,0.0,0.0,0,0,not_needed,0,0,bragg,auto_sparse,500.0,14.183552179744003,0,0,0,voigt,voigt,0,0.4673110592544023,0.038084827710021064
5100.0,0.4673110592544023,2,0.0,0.0,0,0,not_needed,0,0,bragg,auto_sparse,500.0,14.183552179744003,0,0,0,voigt,voigt,0,0.4673110592544023,0.038084827710021064
5100.0,0.4673110592544023,3,0.0,0.0,0,0,not_needed,0,0,bragg,auto_sparse,500.0,14.183552179744003,0,0,0,voigt,voigt,0,0.4673110592544023,0.038084827710021064
5100.0,0.4673110592544023,4,0.0,0.0,0,0,not_needed,0,0,bragg,auto_sparse,500.0,14.183552179744003,0,0,0,voigt,voigt,0,0.4673110592544023,0.038084827710021064
5100.0,0.4673110592544023,5,0.0,0.0,0,0,not_needed,0,0,bragg,auto_sparse,500.0,14.183552179744003,0,0,0,voigt,voigt,0,0.4673110592544023,0.038084827710021064
5100.0,0.4673110592544023,6,0.0,0.0,0,0,not_needed,0,0,bragg,auto_sparse,500.0,14.183552179744003,0,0,0,voigt,voigt,0,0.4673110592544023,0.038084827710021064
5100.0,0.4673110592544023,7,0.0,0.0,0,0,not_needed,0,0,bragg,auto_sparse,500.0,14.183552179744003,0,0,0,voigt,voigt,0,0.4673110592544023,0.038084827710021064
5100.0,0.4673110592544023,8,0.0,0.0,0,0,not_needed,0,0,bragg,auto_sparse,500.0,14.183552179744003,0,0,0,voigt,voigt,0,0.4673110592544023,0.038084827710021064
5100.0,0.4673110592544023,9,0.0,0.0,0,0,not_needed,0,0,bragg,auto_sparse,500.0,14.183552179744003,0,0,0,voigt,voigt,0,0.4673110592544023,0.038084827710021064
5100.0,0.4673110592544023,10,0.0,0.0,0,0,not_needed,0,0,bragg,auto_sparse,500.0,14.183552179744003,0,0,0,voigt,voigt,0,0.4673110592544023,0.038084827710021064
5100.0,0.4673110592544023,11,0.0,0.0,0,0,not_needed,0,0,bragg,auto_sparse,500.0,14.183552179744003,0,0,0,voigt,voigt,0,0.4673110592544023,0.038084827710021064
5100.0,0.4673110592544023,12,0.0,0.0,0,0,not_needed,0,0,bragg,auto_sparse,500.0,14.183552179744003,0,0,0,voigt,voigt,0,0.4673110592544023,0.038084827710021064
5100.0,0.4673110592544023,13,0.0,0.0,0,0,not_needed,0,0,bragg,auto_sparse,500.0,14.183552179744003,0,0,0,voigt,voigt,0,0.4673110592544023,0.038084827710021064
5100.0,0.4673110592544023,14,0.0,0.0,0,0,not_needed,0,0,bragg,auto_sparse,500.0,14.183552179744003,0,0,0,voigt,voigt,0,0.4673110592544023,0.038084827710021064
5100.0,0.4673110592544023,15,0.0,0.0,0,0,not_needed,0,0,bragg,auto_sparse,500.0,14.183552179744003,0,0,0,voigt,voigt,0,0.4673110592544023,0.038084827710021064
5100.0,0.4673110592544023,16,0.0,0.0,0,0,not_needed,0,0,bragg,auto_sparse,500.0,14.183552179744003,0,0,0,voigt,voigt,0,0.4673110592544023,0.038084827710021064
5100.0,0.4673110592544023,17,0.0,0.0,0,0,not_needed,0,0,bragg,auto_sparse,500.0,14.183552179744003,0,0,0,voigt,voigt,0,0.4673110592544023,0.038084827710021064
5100.0,0.4673110592544023,18,0.0,0.0,0,0,not_needed,0,0,bragg,auto_sparse,500.0,14.183552179744003,0,0,0,voigt,voigt,0,0.4673110592544023,0.038084827710021064
5100.0,0.4673110592544023,19,0.0,0.0,0,0,not_needed,0,0,bragg,auto_sparse,500.0,14.183552179744003,0,0,0,voigt,voigt,0,0.4673110592544023,0.038084827710021064
5100.0,0.4673110592544023,20,0.0,0.0,0,0,not_needed,0,0,bragg,auto_sparse,500.0,14.183552179744003,0,0,0,voigt,voigt,0,0.4673110592544023,0.038084827710021064
5100.0,0.4673110592544023,21,0.0,0.0,0,0,not_needed,0,0,bragg,auto_sparse,500.0,14.183552179744003,0,0,0,voigt,voigt,0,0.4673110592544023,0.038084827710021064
5100.0,0.4673110592544023,22,0.0,0.0,0,0,not_needed,0,0,bragg,auto_sparse,500.0,14.183552179744003,0,0,0,voigt,voigt,0,0.4673110592544023,0.038084827710021064
5100.0,0.4673110592544023,23,0.0,0.0,0,0,not_needed,0,0,bragg,auto_sparse,500.0,14.183552179744003,0,0,0,voigt,voigt,0,0.4673110592544023,0.038084827710021064
5100.0,0.4673110592544023,24,0.0,0.0,0,0,not_needed,0,0,bragg,auto_sparse,500.0,14.183552179744003,0,0,0,voigt,voigt,0,0.4673110592544023,0.038084827710021064
5100.0,0.4673110592544023,25,0.0,0.0,0,0,not_needed,0,0,bragg,auto_sparse,500.0,14.183552179744003,0,0,0,voigt,voigt,0,0.4673110592544023,0.038084827710021064
5300.0,0.4380536975267577,-25,6.346875345086884e-09,9.620844062678984,0,0,not_needed,0,0,bragg,auto_sparse,500.0,14.183552179744003,0,0,0,voigt,voigt,0,0.4380536975267577,0.02674123268862632
5300.0,0.4380536975267577,-24,1.0934166341937755e-09,9.426428352436872,0,0,not_needed,0,0,bragg,auto_sparse,500.0,14.183552179744003,0,0,0,voigt,voigt,0,0.4380536975267577,0.02674123268862632
5300.0,0.4380536975267577,-23,1.1736454998369999e-08,9.227955343058781,0,0,not_needed,0,0,bragg,auto_sparse,500.0,14.183552179744003,0,0,0,voigt,voigt,0,0.4380536975267577,0.02674123268862632
5300.0,0.4380536975267577,-22,1.0920259217203488e-08,9.02515734781528,0,0,not_needed,0,0,bragg,auto_sparse,500.0,14.183552179744003,0,0,0,voigt,voigt,0,0.4380536975267577,0.02674123268862632
5300.0,0.4380536975267577,-21,5.586555058017735e-09,8.81773594448812,0,0,not_needed,0,0,bragg,auto_sparse,500.0,14.183552179744003,0,0,0,voigt,voigt,0,0.4380536975267577,0.02674123268862632
5300.0,0.4380536975267577,-20,8.902321817409686e-08,8.605356796814448,0,0,not_needed,0,0,bragg,auto_sparse,500.0,14.183552179744003,0,0,0,voigt,voigt,0,0.4380536975267577,0.02674123268862632
5300.0,0.4380536975267577,-19,3.574786735280363e-08,8.387643297115801,0,0,not_needed,0,0,bragg,auto_sparse,500.0,14.183552179744003,0,0,0,voigt,voigt,0,0.4380536975267577,0.02674123268862632
5300.0,0.4380536975267577,-18,1.8151525950517763e-07,8.164168684562924,0,0,not_needed,0,0,bragg,auto_sparse,500.0,14.183552179744003,0,0,0,voigt,voigt,0,0.4380536975267577,0.02674123268862632
5300.0,0.4380536975267577,-17,1.1620695542998546e-08,7.934446167031098,0,0,not_needed,0,0,bragg,auto_sparse,500.0,14.183552179744003,0,0,0,voigt,voigt,0,0.4380536975267577,0.02674123268862632
5300.0,0.4380536975267577,-16,6.5324194753567625e-09,7.697916391363734,0,0,not_needed,0,0,bragg,auto_sparse,500.0,14.183552179744003,0,0,0,voigt,voigt,0,0.4380536975267577,0.02674123268862632
5300.0,0.4380536975267577,-15,2.1358817784092808e-10,7.4539313364950885,0,0,not_needed,0,0,bragg,auto_sparse,500.0,14.183552179744003,0,0,0,voigt,voigt,0,0.4380536975267577,0.02674123268862632
5300.0,0.4380536975267577,-14,2.4342737524847067e-09,7.2017332959825495,0,0,not_needed,0,0,bragg,auto_sparse,500.0,14.183552179744003,0,0,0,voigt,voigt,0,0.4380536975267577,0.02674123268862632
5300.0,0.4380536975267577,-13,3.952236295937401e-08,6.940426985940505,0,0,not_needed,0,0,bragg,auto_sparse,500.0,14.183552179744003,0,0,0,voigt,voigt,0,0.4380536975267577,0.02674123268862632
5300.0,0.4380536975267577,-12,1.2408520433437587e-08,6.6689418124946656,0,0,not_needed,0,0,bragg,auto_sparse,500.0,14.183552179744003,0,0,0,voigt,voigt,0,0.4380536975267577,0.02674123268862632
5300.0,0.4380536975267577,-11,2.2396560836599947e-08,6.38597969051159,0,0,not_needed,0,0,bragg,auto_sparse,500.0,14.183552179744003,0,0,0,voigt,voigt,0,0.4380536975267577,0.02674123268862632
5300.0,0.4380536975267577,-10,8.658058157145328e-08,6.0899410146828075,0,0,not_needed,0,0,bragg,auto_sparse,500.0,14.183552179744003,0,0,0,voigt,voigt,0,0.4380536975267577,0.02674123268862632
5300.0,0.4380536975267577,-9,1.4019653266070176e-06,5.778816440268699,0,0,not_needed,0,0,bragg,auto_sparse,500.0,14.183552179744003,0,0,0,voigt,voigt,0,0.4380536975267577,0.02674123268862632
5300.0,0.4380536975267577,-8,5.9023267904702065e-05,5.450022932031985,0,0,not_needed,0,0,bragg,auto_sparse,500.0,14.183552179744003,0,0,0,voigt,voigt,0,0.4380536975267577,0.02674123268862632
5300.0,0.4380536975267577,-7,4.014977176194679e-06,5.100144388018961,0,0,not_needed,0,0,bragg,auto_sparse,500.0,14.183552179744003,0,0,0,voigt,voigt,0,0.4380536975267577,0.02674123268862632
5300.0,0.4380536975267577,-6,1.090076684448574e-05,4.72449866077983,0,0,not_needed,0,0,bragg,auto_sparse,500.0,14.183552179744003,0,0,0,voigt,voigt,0,0.4380536975267577,0.02674123268862632
5300.0,0.4380536975267577,-5,1.1238704873622533e-05,4.316363527275442,0,0,not_needed,0,0,bragg,auto_sparse,500.0,14.183552179744003,0,0,0,voigt,voigt,0,0.4380536975267577,0.02674123268862632
5300.0,0.4380536975267577,-4,9.406638082118393e-05,3.8654614186704066,0,0,not_needed,0,0,bragg,auto_sparse,500.0,14.183552179744003,0,0,0,voigt,voigt,0,0.4380536975267577,0.02674123268862632
5300.0,0.4380536975267577,-3,0.0018143341542118992,3.354591021835489,0,0,not_needed,0,0,bragg,auto_sparse,500.0,14.183552179744003,0,0,0,voigt,voigt,0,0.4380536975267577,0.02674123268862632
5300.0,0.4380536975267577,-2,0.35283804153373116,2.7505382423504727,0,0,not_needed,0,0,bragg,auto_sparse,500.0,14.183552179744003,0,0,0,voigt,voigt,0,0.4380536975267577,0.02674123268862632
5300.0,0.4380536975267577,-1,0.006917057153262299,1.9693478020399908,0,0,not_needed,0,0,bragg,auto_sparse,500.0,14.183552179744003,0,0,0,voigt,voigt,0,0.4380536975267577,0.02674123268862632
5300.0,0.4380536975267577,0,0.38317083215052566,0.4380536975268825,0,0,not_needed,0,0,bragg,auto_sparse,500.0,14.183552179744003,0,0,0,voigt,voigt,0,0.4380536975267577,0.02674123268862632
5300.0,0.4380536975267577,1,0.0,0.0,0,0,not_needed,0,0,bragg,auto_sparse,500.0,14.183552179744003,0,0,0,voigt,voigt,0,0.4380536975267577,0.02674123268862632
5300.0,0.4380536975267577,2,0.0,0.0,0,0,not_needed,0,0,bragg,auto_sparse,500.0,14.183552179744003,0,0,0,voigt,voigt,0,0.4380536975267577,0.02674123268862632
5300.0,0.4380536975267577,3,0.0,0.0,0,0,not_needed,0,0,bragg,auto_sparse,500.0,14.183552179744003,0,0,0,voigt,voigt,0,0.4380536975267577,0.02674123268862632
5300.0,0.4380536975267577,4,0.0,0.0,0,0,not_needed,0,0,bragg,auto_sparse,500.0,14.183552179744003,0,0,0,voigt,voigt,0,0.4380536975267577,0.02674123268862632
5300.0,0.4380536975267577,5,0.0,0.0,0,0,not_needed,0,0,bragg,auto_sparse,500.0,14.183552179744003,0,0,0,voigt,voigt,0,0.4380536975267577,0.02674123268862632
5300.0,0.4380536975267577,6,0.0,0.0,0,0,not_needed,0,0,bragg,auto_sparse,500.0,14.183552179744003,0,0,0,voigt,voigt,0,0.4380536975267577,0.02674123268862632
5300.0,0.4380536975267577,7,0.0,0.0,0,0,not_needed,0,0,bragg,auto_sparse,500.0,14.183552179744003,0,0,0,voigt,voigt,0,0.4380536975267577,0.02674123268862632
5300.0,0.4380536975267577,8,0.0,0.0,0,0,not_needed,0,0,bragg,auto_sparse,500.0,14.183552179744003,0,0,0,voigt,voigt,0,0.4380536975267577,0.02674123268862632
5300.0,0.4380536975267577,9,0.0,0.0,0,0,not_needed,0,0,bragg,auto_sparse,500.0,14.183552179744003,0,0,0,voigt,voigt,0,0.4380536975267577,0.02674123268862632
5300.0,0.4380536975267577,10,0.0,0.0,0,0,not_needed,0,0,bragg,auto_sparse,500.0,14.183552179744003,0,0,0,voigt,voigt,0,0.4380536975267577,0.02674123268862632
5300.0,0.4380536975267577,11,0.0,0.0,0,0,not_needed,0,0,bragg,auto_sparse,500.0,14.183552179744003,0,0,0,voigt,voigt,0,0.4380536975267577,0.02674123268862632
5300.0,0.4380536975267577,12,0.0,0.0,0,0,not_needed,0,0,bragg,auto_sparse,500.0,14.183552179744003,0,0,0,voigt,voigt,0,0.4380536975267577,0.02674123268862632
5300.0,0.4380536975267577,13,0.0,0.0,0,0,not_needed,0,0,bragg,auto_sparse,500.0,14.183552179744003,0,0,0,voigt,voigt,0,0.4380536975267577,0.02674123268862632
5300.0,0.4380536975267577,14,0.0,0.0,0,0,not_needed,0,0,bragg,auto_sparse,500.0,14.183552179744003,0,0,0,voigt,voigt,0,0.4380536975267577,0.02674123268862632
5300.0,0.4380536975267577,15,0.0,0.0,0,0,not_needed,0,0,bragg,auto_sparse,500.0,14.183552179744003,0,0,0,voigt,voigt,0,0.4380536975267577,0.02674123268862632
5300.0,0.4380536975267577,16,0.0,0.0,0,0,not_needed,0,0,bragg,auto_sparse,500.0,14.183552179744003,0,0,0,voigt,voigt,0,0.4380536975267577,0.02674123268862632
5300.0,0.4380536975267577,17,0.0,0.0,0,0,not_needed,0,0,bragg,auto_sparse,500.0,14.183552179744003,0,0,0,voigt,voigt,0,0.4380536975267577,0.02674123268862632
5300.0,0.4380536975267577,18,0.0,0.0,0,0,not_needed,0,0,bragg,auto_sparse,500.0,14.183552179744003,0,0,0,voigt,voigt,0,0.4380536975267577,0.02674123268862632
5300.0,0.4380536975267577,19,0.0,0.0,0,0,not_needed,0,0,bragg,auto_sparse,500.0,14.183552179744003,0,0,0,voigt,voigt,0,0.4380536975267577,0.02674123268862632
5300.0,0.4380536975267577,20,0.0,0.0,0,0,not_needed,0,0,bragg,auto_sparse,500.0,14.183552179744003,0,0,0,voigt,voigt,0,0.4380536975267577,0.02674123268862632
5300.0,0.4380536975267577,21,0.0,0.0,0,0,not_needed,0,0,bragg,auto_sparse,500.0,14.183552179744003,0,0,0,voigt,voigt,0,0.4380536975267577,0.02674123268862632
5300.0,0.4380536975267577,22,0.0,0.0,0,0,not_needed,0,0,bragg,auto_sparse,500.0,14.183552179744003,0,0,0,voigt,voigt,0,0.4380536975267577,0.02674123268862632
5300.0,0.4380536975267577,23,0.0,0.0,0,0,not_needed,0,0,bragg,auto_sparse,500.0,14.183552179744003,0,0,0,voigt,voigt,0,0.4380536975267577,0.02674123268862632
5300.0,0.4380536975267577,24,0.0,0.0,0,0,not_needed,0,0,bragg,auto_sparse,500.0,14.183552179744003,0,0,0,voigt,voigt,0,0.4380536975267577,0.02674123268862632
5300.0,0.4380536975267577,25,0.0,0.0,0,0,not_needed,0,0,bragg,auto_sparse,500.0,14.183552179744003,0,0,0,voigt,voigt,0,0.4380536975267577,0.02674123268862632
5500.0,0.41429307773302326,-25,1.2156075277541582e-08,9.443189240268296,0,0,not_needed,0,0,bragg,auto_sparse,500.0,14.183552179744003,0,0,0,voigt,voigt,0,0.41429307773302326,0.024465401588920695
5500.0,0.41429307773302326,-24,2.0802856384440994e-09,9.252350738227534,0,0,not_needed,0,0,bragg,auto_sparse,500.0,14.183552179744003,0,0,0,voigt,voigt,0,0.41429307773302326,0.024465401588920695
5500.0,0.41429307773302326,-23,6.846111849671533e-09,9.057527952703524,0,0,not_needed,0,0,bragg,auto_sparse,500.0,14.183552179744003,0,0,0,voigt,voigt,0,0.41429307773302326,0.024465401588920695
5500.0,0.41429307773302326,-22,1.3464930403864637e-08,8.858457994378824,0,0,not_needed,0,0,bragg,auto_sparse,500.0,14.183552179744003,0,0,0,voigt,voigt,0,0.41429307773302326,0.024465401588920695
5500.0,0.41429307773302326,-21,2.3511662499479103e-09,8.654847784568844,0,0,not_needed,0,0,bragg,auto_sparse,500.0,14.183552179744003,0,0,0,voigt,voigt,0,0.41429307773302326,0.024465401588920695
5500.0,0.41429307773302326,-20,5.870622283326809e-08,8.446368967800254,0,0,not_needed,0,0,bragg,auto_sparse,500.0,14.183552179744003,0,0,0,voigt,voigt,0,0.41429307773302326,0.024465401588920695
5500.0,0.41429307773302326,-19,3.765889418834335e-08,8.232651666105497,0,0,not_needed,0,0,bragg,auto_sparse,500.0,14.183552179744003,0,0,0,voigt,voigt,0,0.41429307773302326,0.024465401588920695
5500.0,0.41429307773302326,-18,1.2008719388687558e-06,8.013276735434019,0,0,not_needed,0,0,bragg,auto_sparse,500.0,14.183552179744003,0,0,0,voigt,voigt,0,0.41429307773302326,0.024465401588920695
5500.0,0.41429307773302326,-17,4.2701323037954944e-08,7.7877660602404575,0,0,not_needed,0,0,bragg,auto_sparse,500.0,14.183552179744003,0,0,0,voigt,voigt,0,0.41429307773302326,0.024465401588920695
5500.0,0.41429307773302326,-16,4.563182874140468e-09,7.555570242274285,0,0,not_needed,0,0,bragg,auto_sparse,500.0,14.183552179744003,0,0,0,voigt,voigt,0,0.41429307773302326,0.024465401588920695
5500.0,0.41429307773302326,-15,1.132363991502791e-09,7.316052773792677,0,0,not_needed,0,0,bragg,auto_sparse,500.0,14.183552179744003,0,0,0,voigt,voigt,0,0.41429307773302326,0.024465401588920695
5500.0,0.41429307773302326,-14,4.284467122684804e-09,7.068469384365784,0,0,not_needed,0,0,bragg,auto_sparse,500.0,14.183552179744003,0,0,0,voigt,voigt,0,0.41429307773302326,0.024465401588920695
5500.0,0.41429307773302326,-13,9.614149879035146e-09,6.811940630413204,0,0,not_needed,0,0,bragg,auto_sparse,500.0,14.183552179744003,0,0,0,voigt,voigt,0,0.41429307773302326,0.024465401588920695
5500.0,0.41429307773302326,-12,1.3655715531373659e-08,6.545414811356835,0,0,not_needed,0,0,bragg,auto_sparse,500.0,14.183552179744003,0,0,0,voigt,voigt,0,0.41429307773302326,0.024465401588920695
5500.0,0.41429307773302326,-11,2.9182649059922834e-08,6.267616680957374,0,0,not_needed,0,0,bragg,auto_sparse,500.0,14.183552179744003,0,0,0,voigt,voigt,0,0.41429307773302326,0.024465401588920695
5500.0,0.41429307773302326,-10,1.1385995475513341e-07,5.976974677281149,0,0,not_needed,0,0,bragg,auto_sparse,500.0,14.183552179744003,0,0,0,voigt,voigt,0,0.41429307773302326,0.024465401588920695
5500.0,0.41429307773302326,-9,7.499881938931977e-07,5.671514530862581,0,0,not_needed,0,0,bragg,auto_sparse,500.0,14.183552179744003,0,0,0,voigt,voigt,0,0.41429307773302326,0.024465401588920695
5500.0,0.41429307773302326,-8,0.00015379567665795593,5.348698058697025,0,0,not_needed,0,0,bragg,auto_sparse,500.0,14.183552179744003,0,0,0,voigt,voigt,0,0.41429307773302326,0.024465401588920695
5500.0,0.41429307773302326,-7,5.568919092573692e-06,5.005168085283856,0,0,not_needed,0,0,bragg,auto_sparse,500.0,14.183552179744003,0,0,0,voigt,voigt,0,0.41429307773302326,0.024465401588920695
5500.0,0.41429307773302326,-6,1.4693489562224167e-05,4.636322541799231,0,0,not_needed,0,0,bragg,auto_sparse,500.0,14.183552179744003,0,0,0,voigt,voigt,0,0.41429307773302326,0.024465401588920695
5500.0,0.41429307773302326,-5,1.0781292090169662e-05,4.235552867520937,0,0,not_needed,0,0,bragg,auto_sparse,500.0,14.183552179744003,0,0,0,voigt,voigt,0,0.41429307773302326,0.024465401588920695
5500.0,0.41429307773302326,-4,0.00012312925259080668,3.7927524872507377,0,0,not_needed,0,0,bragg,auto_sparse,500.0,14.183552179744003,0,0,0,voigt,voigt,0,0.41429307773302326,0.024465401588920695
5500.0,0.41429307773302326,-3,0.0020210139636350844,3.2909993074183177,0,0,not_needed,0,0,bragg,auto_sparse,500.0,14.183552179744003,0,0,0,voigt,voigt,0,0.41429307773302326,0.024465401588920695
5500.0,0.41429307773302326,-2,0.22475731227705795,2.6975957538687823,0,0,not_needed,0,0,bragg,auto_sparse,500.0,14.183552179744003,0,0,0,voigt,voigt,0,0.41429307773302326,0.024465401588920695
5500.0,0.41429307773302326,-1,0.0070331255816526465,1.9297695151006593,0,0,not_needed,0,0,bragg,auto_sparse,500.0,14.183552179744003,0,0,0,voigt,voigt,0,0.41429307773302326,0.024465401588920695
5500.0,0.41429307773302326,0,0.5262474516813977,0.4142930777331344,0,0,not_needed,0,0,bragg,auto_sparse,500.0,14.183552179744003,0,0,0,voigt,voigt,0,0.41429307773302326,0.024465401588920695
5500.0,0.41429307773302326,1,0.0,0.0,0,0,not_needed,0,0,bragg,auto_sparse,500.0,14.183552179744003,0,0,0,voigt,voigt,0,0.41429307773302326,0.024465401588920695
5500.0,0.41429307773302326,2,0.0,0.0,0,0,not_needed,0,0,bragg,auto_sparse,500.0,14.183552179744003,0,0,0,voigt,voigt,0,0.41429307773302326,0.024465401588920695
5500.0,0.41429307773302326,3,0.0,0.0,0,0,not_needed,0,0,bragg,auto_sparse,500.0,14.183552179744003,0,0,0,voigt,voigt,0,0.41429307773302326,0.024465401588920695
5500.0,0.41429307773302326,4,0.0,0.0,0,0,not_needed,0,0,bragg,auto_sparse,500.0,14.183552179744003,0,0,0,voigt,voigt,0,0.41429307773302326,0.024465401588920695
5500.0,0.41429307773302326,5,0.0,0.0,0,0,not_needed,0,0,bragg,auto_sparse,500.0,14.183552179744003,0,0,0,voigt,voigt,0,0.41429307773302326,0.024465401588920695
5500.0,0.41429307773302326,6,0.0,0.0,0,0,not_needed,0,0,bragg,auto_sparse,500.0,14.183552179744003,0,0,0,voigt,voigt,0,0.41429307773302326,0.024465401588920695
5500.0,0.41429307773302326,7,0.0,0.0,0,0,not_needed,0,0,bragg,auto_sparse,500.0,14.183552179744003,0,0,0,voigt,voigt,0,0.41429307773302326,0.024465401588920695
5500.0,0.41429307773302326,8,0.0,0.0,0,0,not_needed,0,0,bragg,auto_sparse,500.0,14.183552179744003,0,0,0,voigt,voigt,0,0.41429307773302326,0.024465401588920695
5500.0,0.41429307773302326,9,0.0,0.0,0,0,not_needed,0,0,bragg,auto_sparse,500.0,14.183552179744003,0,0,0,voigt,voigt,0,0.41429307773302326,0.024465401588920695
5500.0,0.41429307773302326,10,0.0,0.0,0,0,not_needed,0,0,bragg,auto_sparse,500.0,14.183552179744003,0,0,0,voigt,voigt,0,0.41429307773302326,0.024465401588920695
5500.0,0.41429307773302326,11,0.0,0.0,0,0,not_needed,0,0,bragg,auto_sparse,500.0,14.183552179744003,0,0,0,voigt,voigt,0,0.41429307773302326,0.024465401588920695
5500.0,0.41429307773302326,12,0.0,0.0,0,0,not_needed,0,0,bragg,auto_sparse,500.0,14.183552179744003,0,0,0,voigt,voigt,0,0.41429307773302326,0.024465401588920695
5500.0,0.41429307773302326,13,0.0,0.0,0,0,not_needed,0,0,bragg,auto_sparse,500.0,14.183552179744003,0,0,0,voigt,voigt,0,0.41429307773302326,0.024465401588920695
5500.0,0.41429307773302326,14,0.0,0.0,0,0,not_needed,0,0,bragg,auto_sparse,500.0,14.183552179744003,0,0,0,voigt,voigt,0,0.41429307773302326,0.024465401588920695
5500.0,0.41429307773302326,15,0.0,0.0,0,0,not_needed,0,0,bragg,auto_sparse,500.0,14.183552179744003,0,0,0,voigt,voigt,0,0.41429307773302326,0.024465401588920695
5500.0,0.41429307773302326,16,0.0,0.0,0,0,not_needed,0,0,bragg,auto_sparse,500.0,14.183552179744003,0,0,0,voigt,voigt,0,0.41429307773302326,0.024465401588920695
5500.0,0.41429307773302326,17,0.0,0.0,0,0,not_needed,0,0,bragg,auto_sparse,500.0,14.183552179744003,0,0,0,voigt,voigt,0,0.41429307773302326,0.024465401588920695
5500.0,0.41429307773302326,18,0.0,0.0,0,0,not_needed,0,0,bragg,auto_sparse,500.0,14.183552179744003,0,0,0,voigt,voigt,0,0.41429307773302326,0.024465401588920695
5500.0,0.41429307773302326,19,0.0,0.0,0,0,not_needed,0,0,bragg,auto_sparse,500.0,14.183552179744003,0,0,0,voigt,voigt,0,0.41429307773302326,0.024465401588920695
5500.0,0.41429307773302326,20,0.0,0.0,0,0,not_needed,0,0,bragg,auto_sparse,500.0,14.183552179744003,0,0,0,voigt,voigt,0,0.41429307773302326,0.024465401588920695
5500.0,0.41429307773302326,21,0.0,0.0,0,0,not_needed,0,0,bragg,auto_sparse,500.0,14.183552179744003,0,0,0,voigt,voigt,0,0.41429307773302326,0.024465401588920695
5500.0,0.41429307773302326,22,0.0,0.0,0,0,not_needed,0,0,bragg,auto_sparse,500.0,14.183552179744003,0,0,0,voigt,voigt,0,0.41429307773302326,0.024465401588920695
5500.0,0.41429307773302326,23,0.0,0.0,0,0,not_needed,0,0,bragg,auto_sparse,500.0,14.183552179744003,0,0,0,voigt,voigt,0,0.41429307773302326,0.024465401588920695
5500.0,0.41429307773302326,24,0.0,0.0,0,0,not_needed,0,0,bragg,auto_sparse,500.0,14.183552179744003,0,0,0,voigt,voigt,0,0.41429307773302326,0.024465401588920695
5500.0,0.41429307773302326,25,0.0,0.0,0,0,not_needed,0,0,bragg,auto_sparse,500.0,14.183552179744003,0,0,0,voigt,voigt,0,0.41429307773302326,0.024465401588920695
5700.0,0.39098872090965114,-25,9.466144700438338e-09,9.274980597887208,0,0,not_needed,0,0,bragg,auto_sparse,500.0,14.183552179744003,0,0,0,voigt,voigt,0,0.39098872090965114,0.02117936236990775
5700.0,0.39098872090965114,-24,3.2789189813790868e-09,9.087527906199696,0,0,not_needed,0,0,bragg,auto_sparse,500.0,14.183552179744003,0,0,0,voigt,voigt,0,0.39098872090965114,0.02117936236990775
5700.0,0.39098872090965114,-23,4.3673154517229105e-09,8.896160083294802,0,0,not_needed,0,0,bragg,auto_sparse,500.0,14.183552179744003,0,0,0,voigt,voigt,0,0.39098872090965114,0.02117936236990775
5700.0,0.39098872090965114,-22,1.2864411276604693e-08,8.700618781620804,0,0,not_needed,0,0,bragg,auto_sparse,500.0,14.183552179744003,0,0,0,voigt,voigt,0,0.39098872090965114,0.02117936236990775
5700.0,0.39098872090965114,-21,1.6461293649829048e-09,8.500615981182818,0,0,not_needed,0,0,bragg,auto_sparse,500.0,14.183552179744003,0,0,0,voigt,voigt,0,0.39098872090965114,0.02117936236990775
5700.0,0.39098872090965114,-20,3.705319127583522e-08,8.295828988368399,0,0,not_needed,0,0,bragg,auto_sparse,500.0,14.183552179744003,0,0,0,voigt,voigt,0,0.39098872090965114,0.02117936236990775
5700.0,0.39098872090965114,-19,4.147314437762482e-08,8.085894295914343,0,0,not_needed,0,0,bragg,auto_sparse,500.0,14.183552179744003,0,0,0,voigt,voigt,0,0.39098872090965114,0.02117936236990775
5700.0,0.39098872090965114,-18,2.6267647482370655e-07,7.870399970047373,0,0,not_needed,0,0,bragg,auto_sparse,500.0,14.183552179744003,0,0,0,voigt,voigt,0,0.39098872090965114,0.02117936236990775
5700.0,0.39098872090965114,-17,2.2421839330231974e-07,7.6488761085226855,0,0,not_needed,0,0,bragg,auto_sparse,500.0,14.183552179744003,0,0,0,voigt,voigt,0,0.39098872090965114,0.02117936236990775
5700.0,0.39098872090965114,-16,1.2541910378750951e-08,7.420782736187732,0,0,not_needed,0,0,bragg,auto_sparse,500.0,14.183552179744003,0,0,0,voigt,voigt,0,0.39098872090965114,0.02117936236990775
5700.0,0.39098872090965114,-15,1.091397543817217e-08,7.185494243209192,0,0,not_needed,0,0,bragg,auto_sparse,500.0,14.183552179744003,0,0,0,voigt,voigt,0,0.39098872090965114,0.02117936236990775
5700.0,0.39098872090965114,-14,3.818823530346829e-09,6.942279076522382,0,0,not_needed,0,0,bragg,auto_sparse,500.0,14.183552179744003,0,0,0,voigt,voigt,0,0.39098872090965114,0.02117936236990775
5700.0,0.39098872090965114,-13,3.777136168745647e-08,6.69027278498983,0,0,not_needed,0,0,bragg,auto_sparse,500.0,14.183552179744003,0,0,0,voigt,voigt,0,0.39098872090965114,0.02117936236990775
5700.0,0.39098872090965114,-12,2.1987369673395923e-08,6.428441549210575,0,0,not_needed,0,0,bragg,auto_sparse,500.0,14.183552179744003,0,0,0,voigt,voigt,0,0.39098872090965114,0.02117936236990775
5700.0,0.39098872090965114,-11,8.507129422250356e-09,6.155531737167166,0,0,not_needed,0,0,bragg,auto_sparse,500.0,14.183552179744003,0,0,0,voigt,voigt,0,0.39098872090965114,0.02117936236990775
5700.0,0.39098872090965114,-10,1.1183647775550199e-07,5.8699983248328635,0,0,not_needed,0,0,bragg,auto_sparse,500.0,14.183552179744003,0,0,0,voigt,voigt,0,0.39098872090965114,0.02117936236990775
5700.0,0.39098872090965114,-9,2.2817673987442766e-07,5.569900232462643,0,0,not_needed,0,0,bragg,auto_sparse,500.0,14.183552179744003,0,0,0,voigt,voigt,0,0.39098872090965114,0.02117936236990775
5700.0,0.39098872090965114,-8,2.266141838557649e-05,5.25274171407159,0,0,not_needed,0,0,bragg,auto_sparse,500.0,14.183552179744003,0,0,0,voigt,voigt,0,0.39098872090965114,0.02117936236990775
5700.0,0.39098872090965114,-7,4.973188316852079e-06,4.915221340745958,0,0,not_needed,0,0,bragg,auto_sparse,500.0,14.183552179744003,0,0,0,voigt,voigt,0,0.39098872090965114,0.02117936236990775
5700.0,0.39098872090965114,-6,1.795917202794233e-05,4.552812788880118,0,0,not_needed,0,0,bragg,auto_sparse,500.0,14.183552179744003,0,0,0,voigt,voigt,0,0.39098872090965114,0.02117936236990775
5700.0,0.39098872090965114,-5,8.823198863316117e-06,4.159014985641022,0,0,not_needed,0,0,bragg,auto_sparse,500.0,14.183552179744003,0,0,0,voigt,voigt,0,0.39098872090965114,0.02117936236990775
5700.0,0.39098872090965114,-4,0.0001457541452035404,3.7238830082483503,0,0,not_needed,0,0,bragg,auto_sparse,500.0,14.183552179744003,0,0,0,voigt,voigt,0,0.39098872090965114,0.02117936236990775
5700.0,0.39098872090965114,-3,0.0019575255044858636,3.230758589831339,0,0,not_needed,0,0,bragg,auto_sparse,500.0,14.183552179744003,0,0,0,voigt,voigt,0,0.39098872090965114,0.02117936236990775
5700.0,0.39098872090965114,-2,0.11655100258161856,2.6474317028161067,0,0,not_needed,0,0,bragg,auto_sparse,500.0,14.183552179744003,0,0,0,voigt,voigt,0,0.39098872090965114,0.02117936236990775
5700.0,0.39098872090965114,-1,0.006469335914669623,1.8922433975448314,0,0,not_needed,0,0,bragg,auto_sparse,500.0,14.183552179744003,0,0,0,voigt,voigt,0,0.39098872090965114,0.02117936236990775
5700.0,0.39098872090965114,0,0.6687111209304072,0.39098872090949044,0,0,not_needed,0,0,bragg,auto_sparse,500.0,14.183552179744003,0,0,0,voigt,voigt,0,0.39098872090965114,0.02117936236990775
5700.0,0.39098872090965114,1,0.0,0.0,0,0,not_needed,0,0,bragg,auto_sparse,500.0,14.183552179744003,0,0,0,voigt,voigt,0,0.39098872090965114,0.02117936236990775
5700.0,0.39098872090965114,2,0.0,0.0,0,0,not_needed,0,0,bragg,auto_sparse,500.0,14.183552179744003,0,0,0,voigt,voigt,0,0.39098872090965114,0.02117936236990775
5700.0,0.39098872090965114,3,0.0,0.0,0,0,not_needed,0,0,bragg,auto_sparse,500.0,14.183552179744003,0,0,0,voigt,voigt,0,0.39098872090965114,0.02117936236990775
5700.0,0.39098872090965114,4,0.0,0.0,0,0,not_needed,0,0,bragg,auto_sparse,500.0,14.183552179744003,0,0,0,voigt,voigt,0,0.39098872090965114,0.02117936236990775
5700.0,0.39098872090965114,5,0.0,0.0,0,0,not_needed,0,0,bragg,auto_sparse,500.0,14.183552179744003,0,0,0,voigt,voigt,0,0.39098872090965114,0.02117936236990775
5700.0,0.39098872090965114,6,0.0,0.0,0,0,not_needed,0,0,bragg,auto_sparse,500.0,14.183552179744003,0,0,0,voigt,voigt,0,0.39098872090965114,0.02117936236990775
5700.0,0.39098872090965114,7,0.0,0.0,0,0,not_needed,0,0,bragg,auto_sparse,500.0,14.183552179744003,0,0,0,voigt,voigt,0,0.39098872090965114,0.02117936236990775
5700.0,0.39098872090965114,8,0.0,0.0,0,0,not_needed,0,0,bragg,auto_sparse,500.0,14.183552179744003,0,0,0,voigt,voigt,0,0.39098872090965114,0.02117936236990775
5700.0,0.39098872090965114,9,0.0,0.0,0,0,not_needed,0,0,bragg,auto_sparse,500.0,14.183552179744003,0,0,0,voigt,voigt,0,0.39098872090965114,0.02117936236990775
5700.0,0.39098872090965114,10,0.0,0.0,0,0,not_needed,0,0,bragg,auto_sparse,500.0,14.183552179744003,0,0,0,voigt,voigt,0,0.39098872090965114,0.02117936236990775
5700.0,0.39098872090965114,11,0.0,0.0,0,0,not_needed,0,0,bragg,auto_sparse,500.0,14.183552179744003,0,0,0,voigt,voigt,0,0.39098872090965114,0.02117936236990775
5700.0,0.39098872090965114,12,0.0,0.0,0,0,not_needed,0,0,bragg,auto_sparse,500.0,14.183552179744003,0,0,0,voigt,voigt,0,0.39098872090965114,0.02117936236990775
5700.0,0.39098872090965114,13,0.0,0.0,0,0,not_needed,0,0,bragg,auto_sparse,500.0,14.183552179744003,0,0,0,voigt,voigt,0,0.39098872090965114,0.02117936236990775
5700.0,0.39098872090965114,14,0.0,0.0,0,0,not_needed,0,0,bragg,auto_sparse,500.0,14.183552179744003,0,0,0,voigt,voigt,0,0.39098872090965114,0.02117936236990775
5700.0,0.39098872090965114,15,0.0,0.0,0,0,not_needed,0,0,bragg,auto_sparse,500.0,14.183552179744003,0,0,0,voigt,voigt,0,0.39098872090965114,0.02117936236990775
5700.0,0.39098872090965114,16,0.0,0.0,0,0,not_needed,0,0,bragg,auto_sparse,500.0,14.183552179744003,0,0,0,voigt,voigt,0,0.39098872090965114,0.02117936236990775
5700.0,0.39098872090965114,17,0.0,0.0,0,0,not_needed,0,0,bragg,auto_sparse,500.0,14.183552179744003,0,0,0,voigt,voigt,0,0.39098872090965114,0.02117936236990775
5700.0,0.39098872090965114,18,0.0,0.0,0,0,not_needed,0,0,bragg,auto_sparse,500.0,14.183552179744003,0,0,0,voigt,voigt,0,0.39098872090965114,0.02117936236990775
5700.0,0.39098872090965114,19,0.0,0.0,0,0,not_needed,0,0,bragg,auto_sparse,500.0,14.183552179744003,0,0,0,voigt,voigt,0,0.39098872090965114,0.02117936236990775
5700.0,0.39098872090965114,20,0.0,0.0,0,0,not_needed,0,0,bragg,auto_sparse,500.0,14.183552179744003,0,0,0,voigt,voigt,0,0.39098872090965114,0.02117936236990775
5700.0,0.39098872090965114,21,0.0,0.0,0,0,not_needed,0,0,bragg,auto_sparse,500.0,14.183552179744003,0,0,0,voigt,voigt,0,0.39098872090965114,0.02117936236990775
5700.0,0.39098872090965114,22,0.0,0.0,0,0,not_needed,0,0,bragg,auto_sparse,500.0,14.183552179744003,0,0,0,voigt,voigt,0,0.39098872090965114,0.02117936236990775
5700.0,0.39098872090965114,23,0.0,0.0,0,0,not_needed,0,0,bragg,auto_sparse,500.0,14.183552179744003,0,0,0,voigt,voigt,0,0.39098872090965114,0.02117936236990775
5700.0,0.39098872090965114,24,0.0,0.0,0,0,not_needed,0,0,bragg,auto_sparse,500.0,14.183552179744003,0,0,0,voigt,voigt,0,0.39098872090965114,0.02117936236990775
5700.0,0.39098872090965114,25,0.0,0.0,0,0,not_needed,0,0,bragg,auto_sparse,500.0,14.183552179744003,0,0,0,voigt,voigt,0,0.39098872090965114,0.02117936236990775
5900.0,0.3693422127896284,-25,7.437361213909155e-09,9.115462841893873,0,0,not_needed,0,0,bragg,auto_sparse,500.0,14.183552179744003,0,0,0,voigt,voigt,0,0.3693422127896284,0.030587935933235912
5900.0,0.3693422127896284,-24,5.039940505194427e-09,8.931222131451591,0,0,not_needed,0,0,bragg,auto_sparse,500.0,14.183552179744003,0,0,0,voigt,voigt,0,0.3693422127896284,0.030587935933235912
5900.0,0.3693422127896284,-23,2.5256348249131783e-09,8.743131977960985,0,0,not_needed,0,0,bragg,auto_sparse,500.0,14.183552179744003,0,0,0,voigt,voigt,0,0.3693422127896284,0.030587935933235912
5900.0,0.3693422127896284,-22,1.090779151601508e-08,8.550938349797718,0,0,not_needed,0,0,bragg,auto_sparse,500.0,14.183552179744003,0,0,0,voigt,voigt,0,0.3693422127896284,0.030587935933235912
5900.0,0.3693422127896284,-21,3.970044469556006e-09,8.354358034428714,0,0,not_needed,0,0,bragg,auto_sparse,500.0,14.183552179744003,0,0,0,voigt,voigt,0,0.3693422127896284,0.030587935933235912
5900.0,0.3693422127896284,-20,2.0735274629651948e-08,8.153073719306121,0,0,not_needed,0,0,bragg,auto_sparse,500.0,14.183552179744003,0,0,0,voigt,voigt,0,0.3693422127896284,0.030587935933235912
5900.0,0.3693422127896284,-19,3.929272825010686e-08,7.946727952402128,0,0,not_needed,0,0,bragg,auto_sparse,500.0,14.183552179744003,0,0,0,voigt,voigt,0,0.3693422127896284,0.030587935933235912
5900.0,0.3693422127896284,-18,3.0980277224465375e-08,7.734915653781698,0,0,not_needed,0,0,bragg,auto_sparse,500.0,14.183552179744003,0,0,0,voigt,voigt,0,0.3693422127896284,0.030587935933235912
5900.0,0.3693422127896284,-17,1.1780985087222708e-06,7.51717472924625,0,0,not_needed,0,0,bragg,auto_sparse,500.0,14.183552179744003,0,0,0,voigt,voigt,0,0.3693422127896284,0.030587935933235912
5900.0,0.3693422127896284,-16,1.501093800085244e-08,7.292974162783992,0,0,not_needed,0,0,bragg,auto_sparse,500.0,14.183552179744003,0,0,0,voigt,voigt,0,0.3693422127896284,0.030587935933235912
5900.0,0.3693422127896284,-15,1.3824996171803638e-08,7.061698707192079,0,0,not_needed,0,0,bragg,auto_sparse,500.0,14.183552179744003,0,0,0,voigt,voigt,0,0.3693422127896284,0.030587935933235912
5900.0,0.3693422127896284,-14,2.8373543319724655e-09,6.822628903840936,0,0,not_needed,0,0,bragg,auto_sparse,500.0,14.183552179744003,0,0,0,voigt,voigt,0,0.3693422127896284,0.030587935933235912
5900.0,0.3693422127896284,-13,1.1910403569575953e-08,6.574914561986617,0,0,not_needed,0,0,bragg,auto_sparse,500.0,14.183552179744003,0,0,0,voigt,voigt,0,0.3693422127896284,0.030587935933235912
5900.0,0.3693422127896284,-12,2.752369319257007e-08,6.317538873507985,0,0,not_needed,0,0,bragg,auto_sparse,500.0,14.183552179744003,0,0,0,voigt,voigt,0,0.3693422127896284,0.030587935933235912
5900.0,0.3693422127896284,-11,8.838854232259657e-09,6.049268773636129,0,0,not_needed,0,0,bragg,auto_sparse,500.0,14.183552179744003,0,0,0,voigt,voigt,0,0.3693422127896284,0.030587935933235912
5900.0,0.3693422127896284,-10,1.0476868601222237e-07,5.768584497375883,0,0,not_needed,0,0,bragg,auto_sparse,500.0,14.183552179744003,0,0,0,voigt,voigt,0,0.3693422127896284,0.030587935933235912
5900.0,0.3693422127896284,-9,2.3820579635734563e-08,5.4735765652074235,0,0,not_needed,0,0,bragg,auto_sparse,500.0,14.183552179744003,0,0,0,voigt,voigt,0,0.3693422127896284,0.030587935933235912
5900.0,0.3693422127896284,-8,6.626835904333102e-06,5.161789651388219,0,0,not_needed,0,0,bragg,auto_sparse,500.0,14.183552179744003,0,0,0,voigt,voigt,0,0.3693422127896284,0.030587935933235912
5900.0,0.3693422127896284,-7,4.048309812697222e-06,4.829975449989874,0,0,not_needed,0,0,bragg,auto_sparse,500.0,14.183552179744003,0,0,0,voigt,voigt,0,0.3693422127896284,0.030587935933235912
5900.0,0.3693422127896284,-6,2.0547183395731976e-05,4.473679862985719,0,0,not_needed,0,0,bragg,auto_sparse,500.0,14.183552179744003,0,0,0,voigt,voigt,0,0.3693422127896284,0.030587935933235912
5900.0,0.3693422127896284,-5,5.4599821118334095e-06,4.086504396984864,0,0,not_needed,0,0,bragg,auto_sparse,500.0,14.183552179744003,0,0,0,voigt,voigt,0,0.3693422127896284,0.030587935933235912
5900.0,0.3693422127896284,-4,0.00016183525253389146,3.6586585837422945,0,0,not_needed,0,0,bragg,auto_sparse,500.0,14.183552179744003,0,0,0,voigt,voigt,0,0.3693422127896284,0.030587935933235912
5900.0,0.3693422127896284,-3,0.0017240845632021384,3.173736698070897,0,0,not_needed,0,0,bragg,auto_sparse,500.0,14.183552179744003,0,0,0,voigt,voigt,0,0.3693422127896284,0.030587935933235912
5900.0,0.3693422127896284,-2,0.052169810458654604,2.599996913526951,0,0,not_needed,0,0,bragg,auto_sparse,500.0,14.183552179744003,0,0,0,voigt,voigt,0,0.3693422127896284,0.030587935933235912
5900.0,0.3693422127896284,-1,0.005537429787519104,1.8568576607917748,0,0,not_needed,0,0,bragg,auto_sparse,500.0,14.183552179744003,0,0,0,voigt,voigt,0,0.3693422127896284,0.030587935933235912
5900.0,0.3693422127896284,0,0.7380970315621798,0.3693422127901016,0,0,not_needed,0,0,bragg,auto_sparse,500.0,14.183552179744003,0,0,0,voigt,voigt,0,0.3693422127896284,0.030587935933235912
5900.0,0.3693422127896284,1,0.0,0.0,0,0,not_needed,0,0,bragg,auto_sparse,500.0,14.183552179744003,0,0,0,voigt,voigt,0,0.3693422127896284,0.030587935933235912
5900.0,0.3693422127896284,2,0.0,0.0,0,0,not_needed,0,0,bragg,auto_sparse,500.0,14.183552179744003,0,0,0,voigt,voigt,0,0.3693422127896284,0.030587935933235912
5900.0,0.3693422127896284,3,0.0,0.0,0,0,not_needed,0,0,bragg,auto_sparse,500.0,14.183552179744003,0,0,0,voigt,voigt,0,0.3693422127896284,0.030587935933235912
5900.0,0.3693422127896284,4,0.0,0.0,0,0,not_needed,0,0,bragg,auto_sparse,500.0,14.183552179744003,0,0,0,voigt,voigt,0,0.3693422127896284,0.030587935933235912
5900.0,0.3693422127896284,5,0.0,0.0,0,0,not_needed,0,0,bragg,auto_sparse,500.0,14.183552179744003,0,0,0,voigt,voigt,0,0.3693422127896284,0.030587935933235912
5900.0,0.3693422127896284,6,0.0,0.0,0,0,not_needed,0,0,bragg,auto_sparse,500.0,14.183552179744003,0,0,0,voigt,voigt,0,0.3693422127896284,0.030587935933235912
5900.0,0.3693422127896284,7,0.0,0.0,0,0,not_needed,0,0,bragg,auto_sparse,500.0,14.183552179744003,0,0,0,voigt,voigt,0,0.3693422127896284,0.030587935933235912
5900.0,0.3693422127896284,8,0.0,0.0,0,0,not_needed,0,0,bragg,auto_sparse,500.0,14.183552179744003,0,0,0,voigt,voigt,0,0.3693422127896284,0.030587935933235912
5900.0,0.3693422127896284,9,0.0,0.0,0,0,not_needed,0,0,bragg,auto_sparse,500.0,14.183552179744003,0,0,0,voigt,voigt,0,0.3693422127896284,0.030587935933235912
5900.0,0.3693422127896284,10,0.0,0.0,0,0,not_needed,0,0,bragg,auto_sparse,500.0,14.183552179744003,0,0,0,voigt,voigt,0,0.3693422127896284,0.030587935933235912
5900.0,0.3693422127896284,11,0.0,0.0,0,0,not_needed,0,0,bragg,auto_sparse,500.0,14.183552179744003,0,0,0,voigt,voigt,0,0.3693422127896284,0.030587935933235912
5900.0,0.3693422127896284,12,0.0,0.0,0,0,not_needed,0,0,bragg,auto_sparse,500.0,14.183552179744003,0,0,0,voigt,voigt,0,0.3693422127896284,0.030587935933235912
5900.0,0.3693422127896284,13,0.0,0.0,0,0,not_needed,0,0,bragg,auto_sparse,500.0,14.183552179744003,0,0,0,voigt,voigt,0,0.3693422127896284,0.030587935933235912
5900.0,0.3693422127896284,14,0.0,0.0,0,0,not_needed,0,0,bragg,auto_sparse,500.0,14.183552179744003,0,0,0,voigt,voigt,0,0.3693422127896284,0.030587935933235912
5900.0,0.3693422127896284,15,0.0,0.0,0,0,not_needed,0,0,bragg,auto_sparse,500.0,14.183552179744003,0,0,0,voigt,voigt,0,0.3693422127896284,0.030587935933235912
5900.0,0.3693422127896284,16,0.0,0.0,0,0,not_needed,0,0,bragg,auto_sparse,500.0,14.183552179744003,0,0,0,voigt,voigt,0,0.3693422127896284,0.030587935933235912
5900.0,0.3693422127896284,17,0.0,0.0,0,0,not_needed,0,0,bragg,auto_sparse,500.0,14.183552179744003,0,0,0,voigt,voigt,0,0.3693422127896284,0.030587935933235912
5900.0,0.3693422127896284,18,0.0,0.0,0,0,not_needed,0,0,bragg,auto_sparse,500.0,14.183552179744003,0,0,0,voigt,voigt,0,0.3693422127896284,0.030587935933235912
5900.0,0.3693422127896284,19,0.0,0.0,0,0,not_needed,0,0,bragg,auto_sparse,500.0,14.183552179744003,0,0,0,voigt,voigt,0,0.3693422127896284,0.030587935933235912
5900.0,0.3693422127896284,20,0.0,0.0,0,0,not_needed,0,0,bragg,auto_sparse,500.0,14.183552179744003,0,0,0,voigt,voigt,0,0.3693422127896284,0.030587935933235912
5900.0,0.3693422127896284,21,0.0,0.0,0,0,not_needed,0,0,bragg,auto_sparse,500.0,14.183552179744003,0,0,0,voigt,voigt,0,0.3693422127896284,0.030587935933235912
5900.0,0.3693422127896284,22,0.0,0.0,0,0,not_needed,0,0,bragg,auto_sparse,500.0,14.183552179744003,0,0,0,voigt,voigt,0,0.3693422127896284,0.030587935933235912
5900.0,0.3693422127896284,23,0.0,0.0,0,0,not_needed,0,0,bragg,auto_sparse,500.0,14.183552179744003,0,0,0,voigt,voigt,0,0.3693422127896284,0.030587935933235912
5900.0,0.3693422127896284,24,0.0,0.0,0,0,not_needed,0,0,bragg,auto_sparse,500.0,14.183552179744003,0,0,0,voigt,voigt,0,0.3693422127896284,0.030587935933235912
5900.0,0.3693422127896284,25,0.0,0.0,0,0,not_needed,0,0,bragg,auto_sparse,500.0,14.183552179744003,0,0,0,voigt,voigt,0,0.3693422127896284,0.030587935933235912
